request_ordinal,model_key,purpose,in_core_2208,priority_configuration_36,identity_285_model,low_temperature_19_model,source_effective_record_id,source_file,source_sha256,source_public_date_upper
1,BAW6330CA41BEV,cycle_backlog_exact_model,1,0,0,0,old-33-Word97--0-8,原件/免征目录/mf_batch33.doc,ff98fbb1708c47cdcfc1e79e7a1647e72a7ae6d4255dce3b250d661001340c09,2020-07-21
2,BAW7000UB42BEV,cycle_backlog_exact_model,1,0,1,0,old-31-Word97--0-3,原件/免征目录/mf_batch31.doc,e1ccec4a87ab96ca346e5756d6b14369eb9727ec2c2cfd03c1182a592ddd3bee,2020-04-24
3,BAW7000UB43BEV,cycle_backlog_exact_model,1,0,0,0,old-60-Word97--0-34,原件/免征目录/mf_batch60.doc,aabd19e9a0955380873798454b18b3bb15c87937dffcbb0ccfab2eae3bf3551b,2022-11-09
4,BAW7000UB44BEV,cycle_backlog_exact_model,1,0,1,1,old-59-Word97--0-61,原件/免征目录/mf_batch59.doc,32738e2df847e0c74ff96d48b8a13e1dd9c31aee84b7c0a633e2d9c8a3e01f86,2022-10-10
5,BAW7000UL41BEV,cycle_backlog_exact_model,1,0,0,0,old-31-Word97--0-4,原件/免征目录/mf_batch31.doc,e1ccec4a87ab96ca346e5756d6b14369eb9727ec2c2cfd03c1182a592ddd3bee,2020-04-24
6,BAW7000UL42BEV,cycle_backlog_exact_model,1,0,0,0,old-43-Word97--0-2,原件/免征目录/mf_batch43.doc,5d5202dfe31364ec0884640d8bba22b0f640154d0bcc6154272890e604cfc01c,2021-06-11
7,BAW7000UL44BEV,cycle_backlog_exact_model,1,0,0,0,old-55-Word97--0-40,原件/免征目录/mf_batch55.doc,0457d0430e9e7f114c91341a715405c3933dd4783762cd74b9871e4918ba887f,2022-06-01
8,BAW7000UL46BEV,cycle_backlog_exact_model,1,0,0,0,old-55-Word97--0-39,原件/免征目录/mf_batch55.doc,0457d0430e9e7f114c91341a715405c3933dd4783762cd74b9871e4918ba887f,2022-06-01
9,BAW7000UL47BEV,cycle_backlog_exact_model,1,0,1,1,old-56-Word97--0-39,原件/免征目录/mf_batch56.doc,cbffdc0819640e8f18c11a2a277b26b2e043c81406533457ff225f4df1c6c068,2022-07-08
10,BAW7000UL48BEV,cycle_backlog_exact_model,1,0,0,0,old-63-Word97--0-6,原件/免征目录/mf_batch63.doc,1d0f4bf9c7c1f67712e9efa3a5e3222c30d4e438653b9335aaff9714e65f8c05,2023-03-10
11,BBA7000EV(ZINORO1E),cycle_backlog_exact_model,1,0,0,0,old-02-PDF-grid-2-0-2,原件/免征目录/mf_batch02.pdf,0b13b4fd2de6c4de3ab0f8add88bb8d24354d05ca6af46904fe1065c53c9c519,2014-10-29
12,BH7000BEVAA,cycle_backlog_exact_model,1,0,0,0,old-02-PDF-grid-1-0-9,原件/免征目录/mf_batch02.pdf,0b13b4fd2de6c4de3ab0f8add88bb8d24354d05ca6af46904fe1065c53c9c519,2014-10-29
13,BH7000BEVCAA,cycle_backlog_exact_model,1,0,0,0,old-26-DOCX--0-14,原件/免征目录/mf_batch26.docx,de0890335ef3a4f1302a8a0735ec8b6aed52e994e2635db481820060d62248b5,2019-08-30
14,BH7000BEVDBA,cycle_backlog_exact_model,1,0,0,0,old-36-Word97--0-2,原件/免征目录/mf_batch36.doc,05cfcfd9136685ad6d6e13b8228cd123cca109c26f43a4c71472016b5a610a9f,2020-10-30
15,BH7000BEVSCA,cycle_backlog_exact_model,1,0,0,0,old-25-Word97--0-16,原件/免征目录/mf_batch25.wps,9d2abe319463522513fe9c90f98bb8d0a825b599267d0b3cc403cec9624b3297,2019-06-12
16,BH7001BEVBA,cycle_backlog_exact_model,1,0,0,0,old-16-Word97--0-7,原件/免征目录/mf_batch16.docx,9db5ace6c1c59bd9636d48636f94fa77d2b6e0aa27b109421690ce6a8c4a3967,2018-02-13
17,BJ6330CA41BEV,cycle_backlog_exact_model,1,0,0,0,old-22-Word97--0-9,原件/免征目录/mf_batch22.doc,eaf3fc1e64742af85b3d4bc90388d0a93154a497fd6c1fb9bf73b857672e1212,2018-12-18
18,BJ6410U3DX-BEV,cycle_backlog_exact_model,1,0,0,0,old-13-PDF-grid-1-0-5,原件/免征目录/mf_batch13.pdf,e82c4f41c448edbb5269c95f2ff35d0c577f7ff0d12ff30b2d4c307a1aa31a6b,2017-10-30
19,BJ6410UC4EV,cycle_backlog_exact_model,1,0,0,0,old-09-PDF-grid-1-0-15,原件/免征目录/mf_batch09.pdf,7eea7200c04fefec34f6ae6db5a1bae77f82a534348f266e95575cae051c8c8c,2016-12-06
20,BJ6420MA41BEV,cycle_backlog_exact_model,1,0,0,0,old-11-PDF-grid-1-0-7,原件/免征目录/mf_batch11.pdf,ec4f33e5e872841e6d1fa5d435793c285a15614ef2e64f39b9013389b5e51724,2017-07-06
21,BJ6420MA42BEV,cycle_backlog_exact_model,1,0,0,0,old-11-PDF-grid-1-0-6,原件/免征目录/mf_batch11.pdf,ec4f33e5e872841e6d1fa5d435793c285a15614ef2e64f39b9013389b5e51724,2017-07-06
22,BJ6425EVAA2,cycle_backlog_exact_model,1,0,0,0,old-12-PDF-grid-1-0-5,原件/免征目录/mf_batch12.pdf,afbd7133ccf901dbdc065b2ff80768450dc901def8d216cf5bb87baa98f7a1e2,2017-09-05
23,BJ6438EV3-1,cycle_backlog_exact_model,1,0,0,0,old-02-PDF-grid-1-0-10,原件/免征目录/mf_batch02.pdf,0b13b4fd2de6c4de3ab0f8add88bb8d24354d05ca6af46904fe1065c53c9c519,2014-10-29
24,BJ6450JJN6XBEV,cycle_backlog_exact_model,1,0,0,0,old-13-PDF-grid-1-0-4,原件/免征目录/mf_batch13.pdf,e82c4f41c448edbb5269c95f2ff35d0c577f7ff0d12ff30b2d4c307a1aa31a6b,2017-10-30
25,BJ6450L3R-BEV,cycle_backlog_exact_model,1,0,0,0,old-02-PDF-grid-1-0-2,原件/免征目录/mf_batch02.pdf,0b13b4fd2de6c4de3ab0f8add88bb8d24354d05ca6af46904fe1065c53c9c519,2014-10-29
26,BJ6450UD4EV,cycle_backlog_exact_model,1,0,0,0,old-22-Word97--0-17,原件/免征目录/mf_batch22.doc,eaf3fc1e64742af85b3d4bc90388d0a93154a497fd6c1fb9bf73b857672e1212,2018-12-18
27,BJ6470A501BEV,cycle_backlog_exact_model,1,0,0,0,old-68-Word97--0-6,原件/免征目录/mf_batch68.doc,58113d08377020d08de0aeb0e08ff63c4a4411dbe35ad69cfdd6f82fdf0fcc77,2023-08-16
28,BJ6470A502BEV,cycle_backlog_exact_model,1,0,0,0,old-68-Word97--0-7,原件/免征目录/mf_batch68.doc,58113d08377020d08de0aeb0e08ff63c4a4411dbe35ad69cfdd6f82fdf0fcc77,2023-08-16
29,BJ6480BSA-BEV,cycle_backlog_exact_model,1,0,1,0,old-32-Word97--0-13,原件/免征目录/mf_batch32.doc,ad7c65b4831a05b7c70e1e73fe834aa9beed883c66f898e799fcbbeb43cc3d75,2020-06-02
30,BJ6480BSA1-BEV,cycle_backlog_exact_model,1,0,0,0,old-32-Word97--0-14,原件/免征目录/mf_batch32.doc,ad7c65b4831a05b7c70e1e73fe834aa9beed883c66f898e799fcbbeb43cc3d75,2020-06-02
31,BJ6480BSA2-BEV,cycle_backlog_exact_model,1,0,0,0,old-33-Word97--0-22,原件/免征目录/mf_batch33.doc,ff98fbb1708c47cdcfc1e79e7a1647e72a7ae6d4255dce3b250d661001340c09,2020-07-21
32,BJ6480BSA4-BEV,cycle_backlog_exact_model,1,0,0,0,old-36-Word97--0-5,原件/免征目录/mf_batch36.doc,05cfcfd9136685ad6d6e13b8228cd123cca109c26f43a4c71472016b5a610a9f,2020-10-30
33,BJ6480BSA5-BEV,cycle_backlog_exact_model,1,0,1,0,old-36-Word97--0-6,原件/免征目录/mf_batch36.doc,05cfcfd9136685ad6d6e13b8228cd123cca109c26f43a4c71472016b5a610a9f,2020-10-30
34,BJ6480BSA6-BEV,cycle_backlog_exact_model,1,0,1,0,old-34-Word97--0-24,原件/免征目录/mf_batch34.doc,d5c5bb03cc5fe0f16b284048e265ad35d62c12c0416f14aef0ce026a229aa831,2020-08-24
35,BJ6480BSA7-BEV,cycle_backlog_exact_model,1,0,0,0,old-38-Word97--0-10,原件/免征目录/mf_batch38.doc,7c9def45fe5c40e4c5ffb483a1d1efd383c12cb16a5c4ba021d4ce28384776de,2020-12-30
36,BJ6480LABEV,cycle_backlog_exact_model,1,0,0,0,old-26-DOCX--0-3,原件/免征目录/mf_batch26.docx,de0890335ef3a4f1302a8a0735ec8b6aed52e994e2635db481820060d62248b5,2019-08-30
37,BJ6480LABEV1,cycle_backlog_exact_model,1,0,0,0,old-25-Word97--0-3,原件/免征目录/mf_batch25.wps,9d2abe319463522513fe9c90f98bb8d0a825b599267d0b3cc403cec9624b3297,2019-06-12
38,BJ6480LABEV2,cycle_backlog_exact_model,1,0,0,0,old-25-Word97--0-4,原件/免征目录/mf_batch25.wps,9d2abe319463522513fe9c90f98bb8d0a825b599267d0b3cc403cec9624b3297,2019-06-12
39,BJ6480LABEV3,cycle_backlog_exact_model,1,0,0,0,old-26-DOCX--0-4,原件/免征目录/mf_batch26.docx,de0890335ef3a4f1302a8a0735ec8b6aed52e994e2635db481820060d62248b5,2019-08-30
40,BJ6608EVAA1,cycle_backlog_exact_model,1,0,0,0,old-42-Word97--0-2,原件/免征目录/mf_batch42.doc,fef4fd8ea19d773d368642e51a4bdb24c148530251a2240be4ff1358d5d41fab,2021-04-30
41,BJ7000B3D-BEV,cycle_backlog_exact_model,1,0,0,0,old-02-PDF-grid-1-0-4,原件/免征目录/mf_batch02.pdf,0b13b4fd2de6c4de3ab0f8add88bb8d24354d05ca6af46904fe1065c53c9c519,2014-10-29
42,BJ7000B3D1-BEV,cycle_backlog_exact_model,1,0,0,0,old-01-PDF-grid-1-0-3,原件/免征目录/mf_batch01.pdf,eac13628c37f01c4da157a2d1916d97acc81fdc295f18e1783549075ce7e5aa7,2014-08-27
43,BJ7000B3D2-BEV,cycle_backlog_exact_model,1,0,0,0,old-02-PDF-grid-1-0-3,原件/免征目录/mf_batch02.pdf,0b13b4fd2de6c4de3ab0f8add88bb8d24354d05ca6af46904fe1065c53c9c519,2014-10-29
44,BJ7000B3D5-BEV,cycle_backlog_exact_model,1,0,0,0,old-03-PDF-grid-1-0-7,原件/免征目录/mf_batch03.pdf,1367fdf126160143cbeecaedf4a66b528d105bbfa58a06b2118487a2e05000a5,2014-12-19
45,BJ7000B3D6-BEV,cycle_backlog_exact_model,1,0,0,0,old-03-PDF-grid-1-0-6,原件/免征目录/mf_batch03.pdf,1367fdf126160143cbeecaedf4a66b528d105bbfa58a06b2118487a2e05000a5,2014-12-19
46,BJ7000B3D7-BEV,cycle_backlog_exact_model,1,0,0,0,old-05-PDF-grid-1-0-2,原件/免征目录/mf_batch05.pdf,658aa5fbf13859a9bbe1db6235da2f7e79fc325cc34e4c0ec1ffab7f8cc2ebca,2015-09-11
47,BJ7000B3DA-BEV,cycle_backlog_exact_model,1,0,0,0,old-08-PDF-grid-1-0-5,原件/免征目录/mf_batch08.pdf,39b242717c026063c908426a890cd361f1165aa5729988d56303b2f8d5fb3b42,2016-06-16
48,BJ7000BRDA-BEV,cycle_backlog_exact_model,1,0,0,0,old-08-PDF-grid-1-0-8,原件/免征目录/mf_batch08.pdf,39b242717c026063c908426a890cd361f1165aa5729988d56303b2f8d5fb3b42,2016-06-16
49,BJ7000BRDB-BEV,cycle_backlog_exact_model,1,0,0,0,old-09-PDF-grid-1-0-11,原件/免征目录/mf_batch09.pdf,7eea7200c04fefec34f6ae6db5a1bae77f82a534348f266e95575cae051c8c8c,2016-12-06
50,BJ7000BRDFC-BEV,cycle_backlog_exact_model,1,0,0,0,old-16-Word97--0-11,原件/免征目录/mf_batch16.docx,9db5ace6c1c59bd9636d48636f94fa77d2b6e0aa27b109421690ce6a8c4a3967,2018-02-13
51,BJ7000C5D2-BEV,cycle_backlog_exact_model,1,0,0,0,old-18-Word97--0-9,原件/免征目录/mf_batch18.doc,43f5426f7f80996ee11a894710d7229c743abf7ad69ba239f61075e0a9ddd37a,2018-06-19
52,BJ7000C5D3-BEV,cycle_backlog_exact_model,1,0,0,0,old-17-PDF-grid-1-0-6,原件/免征目录/mf_batch17.pdf,577a4ba9c586fe08565f6a60e6de5474698031566d8dcef484cd44335879e334,2018-04-16
53,BJ7000C5D3K-BEV,cycle_backlog_exact_model,1,0,0,0,old-30-Word97--0-8,原件/免征目录/mf_batch30.doc,e7fa3b47858ec2035b8055bc15be00b2b26920a5e8d3cad481058a80b92ead24,2020-03-13
54,BJ7000C5D4-BEV,cycle_backlog_exact_model,1,0,0,0,old-24-Word97--0-15,原件/免征目录/mf_batch24.wps,07775a0cb063fe0fce5880b9378dd1eb2522b725d645cabdee314d604779939d,2019-04-30
55,BJ7000C5D5-BEV,cycle_backlog_exact_model,1,0,0,0,old-24-Word97--0-16,原件/免征目录/mf_batch24.wps,07775a0cb063fe0fce5880b9378dd1eb2522b725d645cabdee314d604779939d,2019-04-30
56,BJ7000C5D7-BEV,cycle_backlog_exact_model,1,0,0,0,old-25-Word97--0-15,原件/免征目录/mf_batch25.wps,9d2abe319463522513fe9c90f98bb8d0a825b599267d0b3cc403cec9624b3297,2019-06-12
57,BJ7000C5DA-BEV,cycle_backlog_exact_model,1,0,0,0,old-30-Word97--0-12,原件/免征目录/mf_batch30.doc,e7fa3b47858ec2035b8055bc15be00b2b26920a5e8d3cad481058a80b92ead24,2020-03-13
58,BJ7000C5DAK-BEV,cycle_backlog_exact_model,1,0,0,0,old-33-Word97--0-47,原件/免征目录/mf_batch33.doc,ff98fbb1708c47cdcfc1e79e7a1647e72a7ae6d4255dce3b250d661001340c09,2020-07-21
59,BJ7000C5DB-BEV,cycle_backlog_exact_model,1,0,1,0,old-32-Word97--0-9,原件/免征目录/mf_batch32.doc,ad7c65b4831a05b7c70e1e73fe834aa9beed883c66f898e799fcbbeb43cc3d75,2020-06-02
60,BJ7000C5DBK-BEV,cycle_backlog_exact_model,1,0,0,0,old-35-Word97--0-17,原件/免征目录/mf_batch35.wps,e4a6abd0e50daa81d029f8b37584511354700e855dc89de210fcba782b0643f0,2020-09-21
61,BJ7000C5DC-BEV,cycle_backlog_exact_model,1,0,0,0,old-32-Word97--0-10,原件/免征目录/mf_batch32.doc,ad7c65b4831a05b7c70e1e73fe834aa9beed883c66f898e799fcbbeb43cc3d75,2020-06-02
62,BJ7000C5DD-BEV,cycle_backlog_exact_model,1,0,0,0,old-35-Word97--0-16,原件/免征目录/mf_batch35.wps,e4a6abd0e50daa81d029f8b37584511354700e855dc89de210fcba782b0643f0,2020-09-21
63,BJ7000C5DE-BEV,cycle_backlog_exact_model,1,0,0,0,old-34-Word97--0-15,原件/免征目录/mf_batch34.doc,d5c5bb03cc5fe0f16b284048e265ad35d62c12c0416f14aef0ce026a229aa831,2020-08-24
64,BJ7000C5DEK-BEV,cycle_backlog_exact_model,1,0,0,0,old-37-Word97--0-13,原件/免征目录/mf_batch37.doc,136057faede292d8070763e326c8dbdcddf3790653cc6879a13758f91556881f,2020-11-30
65,BJ7000C5DF-BEV,cycle_backlog_exact_model,1,0,0,0,old-34-Word97--0-16,原件/免征目录/mf_batch34.doc,d5c5bb03cc5fe0f16b284048e265ad35d62c12c0416f14aef0ce026a229aa831,2020-08-24
66,BJ7000C5DH-BEV,cycle_backlog_exact_model,1,0,0,0,old-34-Word97--0-17,原件/免征目录/mf_batch34.doc,d5c5bb03cc5fe0f16b284048e265ad35d62c12c0416f14aef0ce026a229aa831,2020-08-24
67,BJ7000C5E1-BEV,cycle_backlog_exact_model,1,0,0,0,old-04-PDF-grid-1-0-2,原件/免征目录/mf_batch04.pdf,7539cd299efb49a366656a4da32393075bcb03a5e10ea54e975f82f6099d9c81,2015-05-08
68,BJ7000C5E2-BEV,cycle_backlog_exact_model,1,0,0,0,old-09-PDF-grid-1-0-3,原件/免征目录/mf_batch09.pdf,7eea7200c04fefec34f6ae6db5a1bae77f82a534348f266e95575cae051c8c8c,2016-12-06
69,BJ7000C5E2G-BEV,cycle_backlog_exact_model,1,0,0,0,old-09-PDF-grid-1-0-13,原件/免征目录/mf_batch09.pdf,7eea7200c04fefec34f6ae6db5a1bae77f82a534348f266e95575cae051c8c8c,2016-12-06
70,BJ7000C5E3-BEV,cycle_backlog_exact_model,1,0,0,0,old-09-PDF-grid-1-0-9,原件/免征目录/mf_batch09.pdf,7eea7200c04fefec34f6ae6db5a1bae77f82a534348f266e95575cae051c8c8c,2016-12-06
71,BJ7000C5E4-BEV,cycle_backlog_exact_model,1,0,0,0,old-09-PDF-grid-1-0-4,原件/免征目录/mf_batch09.pdf,7eea7200c04fefec34f6ae6db5a1bae77f82a534348f266e95575cae051c8c8c,2016-12-06
72,BJ7000C5E6-BEV,cycle_backlog_exact_model,1,0,0,0,old-14-Word97--0-4,原件/免征目录/mf_batch14.docx,6a48764b5ccb7c4ffa6f54daa44d3a42095b8a981fc982e774ddaaded41e9921,2017-12-05
73,BJ7000C5E7-BEV,cycle_backlog_exact_model,1,0,0,0,old-10-PDF-grid-1-0-5,原件/免征目录/mf_batch10.pdf,ac1b1ad2605b4f24762fb1f01cea64b685393577d01648618fa1882bb5700ac3,2017-04-27
74,BJ7000C5E7G-BEV,cycle_backlog_exact_model,1,0,0,0,old-20-DOCX--0-3,原件/免征目录/mf_batch20.docx,374d3f87551d75d1c163e76abb38f350ea93f8a2b8cad6174568c307d1cc0130,2018-09-19
75,BJ7000C5E8-BEV,cycle_backlog_exact_model,1,0,0,0,old-11-PDF-grid-1-0-5,原件/免征目录/mf_batch11.pdf,ec4f33e5e872841e6d1fa5d435793c285a15614ef2e64f39b9013389b5e51724,2017-07-06
76,BJ7000C5E9-BEV,cycle_backlog_exact_model,1,0,0,0,old-16-Word97--0-4,原件/免征目录/mf_batch16.docx,9db5ace6c1c59bd9636d48636f94fa77d2b6e0aa27b109421690ce6a8c4a3967,2018-02-13
77,BJ7000C5EB-BEV,cycle_backlog_exact_model,1,0,0,0,old-25-Word97--0-11,原件/免征目录/mf_batch25.wps,9d2abe319463522513fe9c90f98bb8d0a825b599267d0b3cc403cec9624b3297,2019-06-12
78,BJ7000C5EBK-BEV,cycle_backlog_exact_model,1,0,0,0,old-34-Word97--0-46,原件/免征目录/mf_batch34.doc,d5c5bb03cc5fe0f16b284048e265ad35d62c12c0416f14aef0ce026a229aa831,2020-08-24
79,BJ7000C5EC-BEV,cycle_backlog_exact_model,1,0,0,0,old-25-Word97--0-12,原件/免征目录/mf_batch25.wps,9d2abe319463522513fe9c90f98bb8d0a825b599267d0b3cc403cec9624b3297,2019-06-12
80,BJ7000C5ED-BEV,cycle_backlog_exact_model,1,0,0,0,old-25-Word97--0-13,原件/免征目录/mf_batch25.wps,9d2abe319463522513fe9c90f98bb8d0a825b599267d0b3cc403cec9624b3297,2019-06-12
81,BJ7000C5EDK-BEV,cycle_backlog_exact_model,1,0,0,0,old-30-Word97--0-9,原件/免征目录/mf_batch30.doc,e7fa3b47858ec2035b8055bc15be00b2b26920a5e8d3cad481058a80b92ead24,2020-03-13
82,BJ7000C5EE-BEV,cycle_backlog_exact_model,1,0,0,0,old-32-Word97--0-8,原件/免征目录/mf_batch32.doc,ad7c65b4831a05b7c70e1e73fe834aa9beed883c66f898e799fcbbeb43cc3d75,2020-06-02
83,BJ7000C5FBEV,cycle_backlog_exact_model,1,0,0,0,old-24-Word97--2-17,原件/免征目录/mf_batch24.wps,07775a0cb063fe0fce5880b9378dd1eb2522b725d645cabdee314d604779939d,2019-04-30
84,BJ7000C5FK-BEV,cycle_backlog_exact_model,1,0,0,0,old-33-Word97--0-48,原件/免征目录/mf_batch33.doc,ff98fbb1708c47cdcfc1e79e7a1647e72a7ae6d4255dce3b250d661001340c09,2020-07-21
85,BJ7000C7H1-BEV,cycle_backlog_exact_model,1,0,0,0,old-01-PDF-grid-1-0-4,原件/免征目录/mf_batch01.pdf,eac13628c37f01c4da157a2d1916d97acc81fdc295f18e1783549075ce7e5aa7,2014-08-27
86,BJ7000C7H3-BEV,cycle_backlog_exact_model,1,0,0,0,old-01-PDF-grid-1-0-5,原件/免征目录/mf_batch01.pdf,eac13628c37f01c4da157a2d1916d97acc81fdc295f18e1783549075ce7e5aa7,2014-08-27
87,BJ7000C8G-BEV,cycle_backlog_exact_model,1,0,0,0,old-08-PDF-grid-1-0-6,原件/免征目录/mf_batch08.pdf,39b242717c026063c908426a890cd361f1165aa5729988d56303b2f8d5fb3b42,2016-06-16
88,BJ7000CTD-BEV,cycle_backlog_exact_model,1,0,0,0,old-27-Word97--0-9,原件/免征目录/mf_batch27.doc,2bd67cf7e1efc03ae93942d0d340ffef87478709520383b6ee4d08baf843ead1,2019-10-25
89,BJ7000CTD1-BEV,cycle_backlog_exact_model,1,0,0,0,old-34-Word97--0-10,原件/免征目录/mf_batch34.doc,d5c5bb03cc5fe0f16b284048e265ad35d62c12c0416f14aef0ce026a229aa831,2020-08-24
90,BJ7000CTD2-BEV,cycle_backlog_exact_model,1,0,0,0,old-34-Word97--0-11,原件/免征目录/mf_batch34.doc,d5c5bb03cc5fe0f16b284048e265ad35d62c12c0416f14aef0ce026a229aa831,2020-08-24
91,BJ7000KPC4C-BEV,cycle_backlog_exact_model,1,0,0,0,old-21-DOCX--0-3,原件/免征目录/mf_batch21.docx,cd981cecffd781db646c194ab2c853b0466cc86eea0f616e95300b88932b8d9b,2018-11-06
92,BJ7000KPCC-BEV,cycle_backlog_exact_model,1,0,0,0,old-10-PDF-grid-1-0-9,原件/免征目录/mf_batch10.pdf,ac1b1ad2605b4f24762fb1f01cea64b685393577d01648618fa1882bb5700ac3,2017-04-27
93,BJ7000U3D-BEV,cycle_backlog_exact_model,1,0,0,0,old-08-PDF-grid-1-0-3,原件/免征目录/mf_batch08.pdf,39b242717c026063c908426a890cd361f1165aa5729988d56303b2f8d5fb3b42,2016-06-16
94,BJ7000U3D2-BEV,cycle_backlog_exact_model,1,0,0,0,old-09-PDF-grid-1-0-8,原件/免征目录/mf_batch09.pdf,7eea7200c04fefec34f6ae6db5a1bae77f82a534348f266e95575cae051c8c8c,2016-12-06
95,BJ7000U3D7-BEV,cycle_backlog_exact_model,1,0,0,0,old-13-PDF-grid-1-0-3,原件/免征目录/mf_batch13.pdf,e82c4f41c448edbb5269c95f2ff35d0c577f7ff0d12ff30b2d4c307a1aa31a6b,2017-10-30
96,BJ7000U3D7G-BEV,cycle_backlog_exact_model,1,0,0,0,old-21-DOCX--0-2,原件/免征目录/mf_batch21.docx,cd981cecffd781db646c194ab2c853b0466cc86eea0f616e95300b88932b8d9b,2018-11-06
97,BJ7000URD4C-BEV,cycle_backlog_exact_model,1,0,0,0,old-16-Word97--0-10,原件/免征目录/mf_batch16.docx,9db5ace6c1c59bd9636d48636f94fa77d2b6e0aa27b109421690ce6a8c4a3967,2018-02-13
98,BJ7000URDK-BEV,cycle_backlog_exact_model,1,0,0,0,old-30-Word97--0-10,原件/免征目录/mf_batch30.doc,e7fa3b47858ec2035b8055bc15be00b2b26920a5e8d3cad481058a80b92ead24,2020-03-13
99,BJ7000USD-BEV,cycle_backlog_exact_model,1,0,0,0,old-19-DOCX--0-8,原件/免征目录/mf_batch19.docx,fafd1558aa0f21067847c19bdd0a95c79b919737be7b07b87c4538107fb2b8e3,2018-07-31
100,BJ7000USD1-BEV,cycle_backlog_exact_model,1,0,0,0,old-23-Word97--0-2,原件/免征目录/mf_batch23.docx,87f838de0da3ba5887f77b2bf5c1dbf5b427e7cef896309a7084c11dd8f5efa0,2019-03-13
101,BJ7000USD2-BEV,cycle_backlog_exact_model,1,0,0,0,old-24-Word97--0-13,原件/免征目录/mf_batch24.wps,07775a0cb063fe0fce5880b9378dd1eb2522b725d645cabdee314d604779939d,2019-04-30
102,BJ7000USD3-BEV,cycle_backlog_exact_model,1,0,0,0,old-34-Word97--0-12,原件/免征目录/mf_batch34.doc,d5c5bb03cc5fe0f16b284048e265ad35d62c12c0416f14aef0ce026a229aa831,2020-08-24
103,BJ7000USD4-BEV,cycle_backlog_exact_model,1,0,0,0,old-34-Word97--0-13,原件/免征目录/mf_batch34.doc,d5c5bb03cc5fe0f16b284048e265ad35d62c12c0416f14aef0ce026a229aa831,2020-08-24
104,BJ7000USD5-BEV,cycle_backlog_exact_model,1,0,0,0,old-34-Word97--0-14,原件/免征目录/mf_batch34.doc,d5c5bb03cc5fe0f16b284048e265ad35d62c12c0416f14aef0ce026a229aa831,2020-08-24
105,BJ7000USD6-BEV,cycle_backlog_exact_model,1,0,0,0,old-31-Word97--0-5,原件/免征目录/mf_batch31.doc,e1ccec4a87ab96ca346e5756d6b14369eb9727ec2c2cfd03c1182a592ddd3bee,2020-04-24
106,BJ7000USD8-BEV,cycle_backlog_exact_model,1,0,0,0,old-40-Word97--0-10,原件/免征目录/mf_batch40.doc,93047c8e87a1f45948933ee36d00160788032370ecf11b551624e0ca45ecc1d1,2021-03-08
107,BJ7001AUA1-BEV,cycle_backlog_exact_model,1,0,1,0,old-34-Word97--0-25,原件/免征目录/mf_batch34.doc,d5c5bb03cc5fe0f16b284048e265ad35d62c12c0416f14aef0ce026a229aa831,2020-08-24
108,BJ7001AUA3-BEV,cycle_backlog_exact_model,1,0,0,0,old-34-Word97--0-26,原件/免征目录/mf_batch34.doc,d5c5bb03cc5fe0f16b284048e265ad35d62c12c0416f14aef0ce026a229aa831,2020-08-24
109,BJ7001AUA5-BEV,cycle_backlog_exact_model,1,0,0,0,old-34-Word97--0-27,原件/免征目录/mf_batch34.doc,d5c5bb03cc5fe0f16b284048e265ad35d62c12c0416f14aef0ce026a229aa831,2020-08-24
110,BJ7001AUA6-BEV,cycle_backlog_exact_model,1,0,0,0,old-44-Word97--0-21,原件/免征目录/mf_batch44.doc,aea30846204f4e55c0d969450f1619e1649eb27f471d5b0a2636d0da77eb0611,2021-07-12
111,BJ7001AUA7-BEV,cycle_backlog_exact_model,1,0,1,0,old-37-Word97--0-14,原件/免征目录/mf_batch37.doc,136057faede292d8070763e326c8dbdcddf3790653cc6879a13758f91556881f,2020-11-30
112,BJ7001AUA8-BEV,cycle_backlog_exact_model,1,0,0,0,old-37-Word97--0-15,原件/免征目录/mf_batch37.doc,136057faede292d8070763e326c8dbdcddf3790653cc6879a13758f91556881f,2020-11-30
113,BJ7001AUA9-BEV,cycle_backlog_exact_model,1,0,1,0,old-37-Word97--0-16,原件/免征目录/mf_batch37.doc,136057faede292d8070763e326c8dbdcddf3790653cc6879a13758f91556881f,2020-11-30
114,BJ7001AUAA-BEV,cycle_backlog_exact_model,1,0,0,0,old-37-Word97--0-17,原件/免征目录/mf_batch37.doc,136057faede292d8070763e326c8dbdcddf3790653cc6879a13758f91556881f,2020-11-30
115,BJ7001B3D2-BEV,cycle_backlog_exact_model,1,0,0,0,old-02-PDF-grid-1-0-7,原件/免征目录/mf_batch02.pdf,0b13b4fd2de6c4de3ab0f8add88bb8d24354d05ca6af46904fe1065c53c9c519,2014-10-29
116,BJ7001BPH1-BEV,cycle_backlog_exact_model,1,0,0,0,old-09-PDF-grid-1-0-12,原件/免征目录/mf_batch09.pdf,7eea7200c04fefec34f6ae6db5a1bae77f82a534348f266e95575cae051c8c8c,2016-12-06
117,BJ7001BPH1C-BEV,cycle_backlog_exact_model,1,0,0,0,old-11-PDF-grid-1-0-15,原件/免征目录/mf_batch11.pdf,ec4f33e5e872841e6d1fa5d435793c285a15614ef2e64f39b9013389b5e51724,2017-07-06
118,BJ7001BPH2-BEV,cycle_backlog_exact_model,1,0,0,0,old-09-PDF-grid-1-0-10,原件/免征目录/mf_batch09.pdf,7eea7200c04fefec34f6ae6db5a1bae77f82a534348f266e95575cae051c8c8c,2016-12-06
119,BJ7001BPH2C-BEV,cycle_backlog_exact_model,1,0,0,0,old-11-PDF-grid-1-0-12,原件/免征目录/mf_batch11.pdf,ec4f33e5e872841e6d1fa5d435793c285a15614ef2e64f39b9013389b5e51724,2017-07-06
120,BJ7001BPH5-BEV,cycle_backlog_exact_model,1,0,0,0,old-10-PDF-grid-1-0-8,原件/免征目录/mf_batch10.pdf,ac1b1ad2605b4f24762fb1f01cea64b685393577d01648618fa1882bb5700ac3,2017-04-27
121,BJ7001BPH6-BEV,cycle_backlog_exact_model,1,0,0,0,old-17-PDF-grid-1-0-8,原件/免征目录/mf_batch17.pdf,577a4ba9c586fe08565f6a60e6de5474698031566d8dcef484cd44335879e334,2018-04-16
122,BJ7001BPH7-BEV,cycle_backlog_exact_model,1,0,0,0,old-11-PDF-grid-1-0-8,原件/免征目录/mf_batch11.pdf,ec4f33e5e872841e6d1fa5d435793c285a15614ef2e64f39b9013389b5e51724,2017-07-06
123,BJ7001BPH8-BEV,cycle_backlog_exact_model,1,0,0,0,old-12-PDF-grid-1-0-4,原件/免征目录/mf_batch12.pdf,afbd7133ccf901dbdc065b2ff80768450dc901def8d216cf5bb87baa98f7a1e2,2017-09-05
124,BJ7001BPH9-BEV,cycle_backlog_exact_model,1,0,0,0,old-16-Word97--0-9,原件/免征目录/mf_batch16.docx,9db5ace6c1c59bd9636d48636f94fa77d2b6e0aa27b109421690ce6a8c4a3967,2018-02-13
125,BJ7001BPHA-BEV,cycle_backlog_exact_model,1,0,0,0,old-16-Word97--0-8,原件/免征目录/mf_batch16.docx,9db5ace6c1c59bd9636d48636f94fa77d2b6e0aa27b109421690ce6a8c4a3967,2018-02-13
126,BJ7001BPHB-BEV,cycle_backlog_exact_model,1,0,0,0,old-17-PDF-grid-1-0-9,原件/免征目录/mf_batch17.pdf,577a4ba9c586fe08565f6a60e6de5474698031566d8dcef484cd44335879e334,2018-04-16
127,BJ7001BPHD-BEV,cycle_backlog_exact_model,1,0,0,0,old-22-Word97--0-10,原件/免征目录/mf_batch22.doc,eaf3fc1e64742af85b3d4bc90388d0a93154a497fd6c1fb9bf73b857672e1212,2018-12-18
128,BJ7001BPHF-BEV,cycle_backlog_exact_model,1,0,0,0,old-25-Word97--0-14,原件/免征目录/mf_batch25.wps,9d2abe319463522513fe9c90f98bb8d0a825b599267d0b3cc403cec9624b3297,2019-06-12
129,BJ7001BPHG-BEV,cycle_backlog_exact_model,1,0,0,0,old-45-Word97--0-15,原件/免征目录/mf_batch45.doc,56f5e7c5fd36e990024f8121006a76da260361f4e4660846e78255d007126f7a,2021-08-10
130,BJ7001BPHH-BEV,cycle_backlog_exact_model,1,0,0,0,old-33-Word97--0-9,原件/免征目录/mf_batch33.doc,ff98fbb1708c47cdcfc1e79e7a1647e72a7ae6d4255dce3b250d661001340c09,2020-07-21
131,BJ7001C5FBEV,cycle_backlog_exact_model,1,0,0,0,old-39-Word97--0-13,原件/免征目录/mf_batch39.doc,48158862f567d71b07ac0a7a60c2c3bc6d2bb44dd5a86290b0b809d757a9eb07,2021-01-29
132,BJ7001C5FK-BEV,cycle_backlog_exact_model,1,0,0,0,old-45-Word97--0-16,原件/免征目录/mf_batch45.doc,56f5e7c5fd36e990024f8121006a76da260361f4e4660846e78255d007126f7a,2021-08-10
133,BJ7001U3D3K-BEV,cycle_backlog_exact_model,1,0,0,0,old-36-Word97--0-27,原件/免征目录/mf_batch36.doc,05cfcfd9136685ad6d6e13b8228cd123cca109c26f43a4c71472016b5a610a9f,2020-10-30
134,BJ7001U5E2-BEV,cycle_backlog_exact_model,1,0,0,0,old-17-PDF-grid-1-0-7,原件/免征目录/mf_batch17.pdf,577a4ba9c586fe08565f6a60e6de5474698031566d8dcef484cd44335879e334,2018-04-16
135,BJ7002B3D2-BEV,cycle_backlog_exact_model,1,0,0,0,old-03-PDF-grid-1-0-5,原件/免征目录/mf_batch03.pdf,1367fdf126160143cbeecaedf4a66b528d105bbfa58a06b2118487a2e05000a5,2014-12-19
136,BJ7002B3D4-BEV,cycle_backlog_exact_model,1,0,0,0,old-05-PDF-grid-1-0-4,原件/免征目录/mf_batch05.pdf,658aa5fbf13859a9bbe1db6235da2f7e79fc325cc34e4c0ec1ffab7f8cc2ebca,2015-09-11
137,BJ7003U3D2-BEV,cycle_backlog_exact_model,1,0,0,0,old-24-Word97--0-17,原件/免征目录/mf_batch24.wps,07775a0cb063fe0fce5880b9378dd1eb2522b725d645cabdee314d604779939d,2019-04-30
138,BJ7003U3D3-BEV,cycle_backlog_exact_model,1,0,0,0,old-24-Word97--0-18,原件/免征目录/mf_batch24.wps,07775a0cb063fe0fce5880b9378dd1eb2522b725d645cabdee314d604779939d,2019-04-30
139,BJ7003URD4C-BEV,cycle_backlog_exact_model,1,0,0,0,old-25-Word97--0-72,原件/免征目录/mf_batch25.wps,9d2abe319463522513fe9c90f98bb8d0a825b599267d0b3cc403cec9624b3297,2019-06-12
140,BMW6462AAEV,cycle_backlog_exact_model,1,0,0,0,old-67-Word97--0-7,原件/免征目录/mf_batch67.doc,963a02fcc1f361414f4f003c6d63e00b178d0b962134ed2206c38978f3118101,2023-07-17
141,BMW6462ABEV,cycle_backlog_exact_model,1,0,0,0,old-66-Word97--0-7,原件/免征目录/mf_batch66.doc,05a5fce42de1c5412803fe6a7bb46d04c4d61cb71dc5d88a9b59a3e884350544,2023-06-08
142,BMW6475AAEV,cycle_backlog_exact_model,1,0,0,0,old-33-Word97--0-18,原件/免征目录/mf_batch33.doc,ff98fbb1708c47cdcfc1e79e7a1647e72a7ae6d4255dce3b250d661001340c09,2020-07-21
143,BMW6475ABEV,cycle_backlog_exact_model,1,0,1,0,old-33-Word97--0-19,原件/免征目录/mf_batch33.doc,ff98fbb1708c47cdcfc1e79e7a1647e72a7ae6d4255dce3b250d661001340c09,2020-07-21
144,BMW6475ACEV,cycle_backlog_exact_model,1,0,1,0,old-43-Word97--0-7,原件/免征目录/mf_batch43.doc,5d5202dfe31364ec0884640d8bba22b0f640154d0bcc6154272890e604cfc01c,2021-06-11
145,BMW6475ADEV,cycle_backlog_exact_model,1,0,0,0,old-43-Word97--0-6,原件/免征目录/mf_batch43.doc,5d5202dfe31364ec0884640d8bba22b0f640154d0bcc6154272890e604cfc01c,2021-06-11
146,BMW6475AEEV,cycle_backlog_exact_model,1,0,0,0,old-69-Word97--0-15,原件/免征目录/mf_batch69.doc,357d61a16c94488c9fdd761f393edb7029b05394ab06117abaebcba1a1e45546,2023-09-14
147,BMW6475AFEV,cycle_backlog_exact_model,1,0,0,0,old-69-Word97--0-13,原件/免征目录/mf_batch69.doc,357d61a16c94488c9fdd761f393edb7029b05394ab06117abaebcba1a1e45546,2023-09-14
148,BMW7000AAEV,cycle_backlog_exact_model,1,0,0,0,old-50-Word97--0-32,原件/免征目录/mf_batch50.doc,3810672d92621612507384960254de602e629e75a308df22ee2291519445095e,2021-12-29
149,BMW7000ABEV,cycle_backlog_exact_model,1,0,0,0,old-59-Word97--0-43,原件/免征目录/mf_batch59.doc,32738e2df847e0c74ff96d48b8a13e1dd9c31aee84b7c0a633e2d9c8a3e01f86,2022-10-10
150,BMW7000ACEV,cycle_backlog_exact_model,1,0,0,0,old-71-Word97--0-33,原件/免征目录/mf_batch71.doc,b37b78b64b8ef7e12e6e95d6fd27a4a6e364c0c83ba403ffcf3bca82c60e3460,2023-11-20
151,BMW7000ADEV,cycle_backlog_exact_model,1,0,0,0,old-69-Word97--0-19,原件/免征目录/mf_batch69.doc,357d61a16c94488c9fdd761f393edb7029b05394ab06117abaebcba1a1e45546,2023-09-14
152,BMW7000AEEV,cycle_backlog_exact_model,1,0,0,0,old-69-Word97--0-18,原件/免征目录/mf_batch69.doc,357d61a16c94488c9fdd761f393edb7029b05394ab06117abaebcba1a1e45546,2023-09-14
153,BMW7000AFEV,cycle_backlog_exact_model,1,0,0,0,old-69-Word97--0-17,原件/免征目录/mf_batch69.doc,357d61a16c94488c9fdd761f393edb7029b05394ab06117abaebcba1a1e45546,2023-09-14
154,BMW7001AAEV,cycle_backlog_exact_model,1,0,0,0,old-69-Word97--0-14,原件/免征目录/mf_batch69.doc,357d61a16c94488c9fdd761f393edb7029b05394ab06117abaebcba1a1e45546,2023-09-14
155,BMW7001ABEV,cycle_backlog_exact_model,1,0,0,0,old-69-Word97--0-16,原件/免征目录/mf_batch69.doc,357d61a16c94488c9fdd761f393edb7029b05394ab06117abaebcba1a1e45546,2023-09-14
156,BMW7001ACEV,cycle_backlog_exact_model,1,0,0,0,old-70-Word97--0-14,原件/免征目录/mf_batch70.doc,29b9f5df62602e114f0ed01426c185fdb15a654022cdf16d4df624bb736ed813,2023-10-18
157,BQ6460NBEV,cycle_backlog_exact_model,1,0,0,0,old-33-Word97--0-13,原件/免征目录/mf_batch33.doc,ff98fbb1708c47cdcfc1e79e7a1647e72a7ae6d4255dce3b250d661001340c09,2020-07-21
158,BQ6460NYBEV,cycle_backlog_exact_model,1,0,0,0,old-34-Word97--0-20,原件/免征目录/mf_batch34.doc,d5c5bb03cc5fe0f16b284048e265ad35d62c12c0416f14aef0ce026a229aa831,2020-08-24
159,BYD6440SBEV,cycle_backlog_exact_model,1,0,0,0,old-08-PDF-grid-1-0-11,原件/免征目录/mf_batch08.pdf,39b242717c026063c908426a890cd361f1165aa5729988d56303b2f8d5fb3b42,2016-06-16
160,BYD6440SBEV2,cycle_backlog_exact_model,1,0,0,0,old-16-Word97--0-13,原件/免征目录/mf_batch16.docx,9db5ace6c1c59bd9636d48636f94fa77d2b6e0aa27b109421690ce6a8c4a3967,2018-02-13
161,BYD6450VBEV,cycle_backlog_exact_model,1,0,0,0,old-09-PDF-grid-1-0-16,原件/免征目录/mf_batch09.pdf,7eea7200c04fefec34f6ae6db5a1bae77f82a534348f266e95575cae051c8c8c,2016-12-06
162,BYD6450VBEV1,cycle_backlog_exact_model,1,0,0,0,old-20-DOCX--0-5,原件/免征目录/mf_batch20.docx,374d3f87551d75d1c163e76abb38f350ea93f8a2b8cad6174568c307d1cc0130,2018-09-19
163,BYD6450VBEV2,cycle_backlog_exact_model,1,0,0,0,old-28-Word97--0-8,原件/免征目录/mf_batch28.doc,dfe1b301a5e8373e94e0e4a2fccee3d258c56bb662e4928764a71274142acd72,2019-12-10
164,BYD6450VBEV3,cycle_backlog_exact_model,1,0,0,0,old-41-Word97--0-26,原件/免征目录/mf_batch41.doc,ba4634c0877ebf99f8e462013e4a07e40f57478a4aaf921801a6c85a49c42b7f,2021-03-31
165,BYD6460SBEV,cycle_backlog_exact_model,1,0,0,0,old-08-PDF-grid-1-0-12,原件/免征目录/mf_batch08.pdf,39b242717c026063c908426a890cd361f1165aa5729988d56303b2f8d5fb3b42,2016-06-16
166,BYD6460SBEV1,cycle_backlog_exact_model,1,0,0,0,old-09-PDF-grid-1-0-19,原件/免征目录/mf_batch09.pdf,7eea7200c04fefec34f6ae6db5a1bae77f82a534348f266e95575cae051c8c8c,2016-12-06
167,BYD6460SBEV4,cycle_backlog_exact_model,1,0,0,0,old-15-PDF-grid-1-0-9,原件/免征目录/mf_batch15.pdf,bbb3b1e38c535c13d6ef1bc1f4105509476c91a7e63723dc7a70e372904d90f4,2017-12-19
168,BYD6460SBEV7,cycle_backlog_exact_model,1,0,0,0,old-18-Word97--0-50,原件/免征目录/mf_batch18.doc,43f5426f7f80996ee11a894710d7229c743abf7ad69ba239f61075e0a9ddd37a,2018-06-19
169,BYD6461SBEV,cycle_backlog_exact_model,1,0,0,0,old-24-Word97--0-6,原件/免征目录/mf_batch24.wps,07775a0cb063fe0fce5880b9378dd1eb2522b725d645cabdee314d604779939d,2019-04-30
170,BYD6461SBEV1,cycle_backlog_exact_model,1,0,0,0,old-25-Word97--0-5,原件/免征目录/mf_batch25.wps,9d2abe319463522513fe9c90f98bb8d0a825b599267d0b3cc403cec9624b3297,2019-06-12
171,BYD6470MBEV1,cycle_backlog_exact_model,1,0,0,0,old-25-Word97--0-85,原件/免征目录/mf_batch25.wps,9d2abe319463522513fe9c90f98bb8d0a825b599267d0b3cc403cec9624b3297,2019-06-12
172,BYD6470MBEV2,cycle_backlog_exact_model,1,0,0,0,old-33-Word97--0-29,原件/免征目录/mf_batch33.doc,ff98fbb1708c47cdcfc1e79e7a1647e72a7ae6d4255dce3b250d661001340c09,2020-07-21
173,BYD6470SBEV,cycle_backlog_exact_model,1,0,0,0,old-33-Word97--0-49,原件/免征目录/mf_batch33.doc,ff98fbb1708c47cdcfc1e79e7a1647e72a7ae6d4255dce3b250d661001340c09,2020-07-21
174,BYD6470SBEV1,cycle_backlog_exact_model,1,0,0,0,old-33-Word97--0-50,原件/免征目录/mf_batch33.doc,ff98fbb1708c47cdcfc1e79e7a1647e72a7ae6d4255dce3b250d661001340c09,2020-07-21
175,BYD6490SBEV,cycle_backlog_exact_model,1,0,0,0,old-22-Word97--0-36,原件/免征目录/mf_batch22.doc,eaf3fc1e64742af85b3d4bc90388d0a93154a497fd6c1fb9bf73b857672e1212,2018-12-18
176,BYD6490SBEV1,cycle_backlog_exact_model,1,0,0,0,old-22-Word97--0-37,原件/免征目录/mf_batch22.doc,eaf3fc1e64742af85b3d4bc90388d0a93154a497fd6c1fb9bf73b857672e1212,2018-12-18
177,BYD6490SBEV10,cycle_backlog_exact_model,1,0,0,0,old-49-Word97--0-18,原件/免征目录/mf_batch49.doc,c7a56509a4d9272982da0abc9d1ea213ee1fbea3d0f1edad124630c9b5e3474e,2021-12-08
178,BYD6490SBEV11,cycle_backlog_exact_model,1,0,0,0,old-50-Word97--0-42,原件/免征目录/mf_batch50.doc,3810672d92621612507384960254de602e629e75a308df22ee2291519445095e,2021-12-29
179,BYD6490SBEV3,cycle_backlog_exact_model,1,0,0,0,old-33-Word97--0-30,原件/免征目录/mf_batch33.doc,ff98fbb1708c47cdcfc1e79e7a1647e72a7ae6d4255dce3b250d661001340c09,2020-07-21
180,BYD6490SBEV4,cycle_backlog_exact_model,1,0,0,0,old-35-Word97--0-27,原件/免征目录/mf_batch35.wps,e4a6abd0e50daa81d029f8b37584511354700e855dc89de210fcba782b0643f0,2020-09-21
181,BYD6490SBEV5,cycle_backlog_exact_model,1,0,0,0,old-35-Word97--0-28,原件/免征目录/mf_batch35.wps,e4a6abd0e50daa81d029f8b37584511354700e855dc89de210fcba782b0643f0,2020-09-21
182,BYD6490SBEV6,cycle_backlog_exact_model,1,0,0,0,old-38-Word97--0-27,原件/免征目录/mf_batch38.doc,7c9def45fe5c40e4c5ffb483a1d1efd383c12cb16a5c4ba021d4ce28384776de,2020-12-30
183,BYD6490SBEV7,cycle_backlog_exact_model,1,0,0,0,old-45-Word97--0-44,原件/免征目录/mf_batch45.doc,56f5e7c5fd36e990024f8121006a76da260361f4e4660846e78255d007126f7a,2021-08-10
184,BYD6490SBEV9,cycle_backlog_exact_model,1,0,0,0,old-45-Word97--0-41,原件/免征目录/mf_batch45.doc,56f5e7c5fd36e990024f8121006a76da260361f4e4660846e78255d007126f7a,2021-08-10
185,BYD7001BEV,cycle_backlog_exact_model,1,0,0,0,old-22-Word97--0-38,原件/免征目录/mf_batch22.doc,eaf3fc1e64742af85b3d4bc90388d0a93154a497fd6c1fb9bf73b857672e1212,2018-12-18
186,BYD7001BEV1,cycle_backlog_exact_model,1,0,0,0,old-23-Word97--0-4,原件/免征目录/mf_batch23.docx,87f838de0da3ba5887f77b2bf5c1dbf5b427e7cef896309a7084c11dd8f5efa0,2019-03-13
187,BYD7002BEV,cycle_backlog_exact_model,1,0,0,0,old-25-Word97--0-86,原件/免征目录/mf_batch25.wps,9d2abe319463522513fe9c90f98bb8d0a825b599267d0b3cc403cec9624b3297,2019-06-12
188,BYD7002BEV1,cycle_backlog_exact_model,1,0,0,0,old-25-Word97--0-87,原件/免征目录/mf_batch25.wps,9d2abe319463522513fe9c90f98bb8d0a825b599267d0b3cc403cec9624b3297,2019-06-12
189,BYD7002BEV10,cycle_backlog_exact_model,1,0,0,0,old-45-Word97--0-42,原件/免征目录/mf_batch45.doc,56f5e7c5fd36e990024f8121006a76da260361f4e4660846e78255d007126f7a,2021-08-10
190,BYD7002BEV2,cycle_backlog_exact_model,1,0,0,0,old-25-Word97--0-88,原件/免征目录/mf_batch25.wps,9d2abe319463522513fe9c90f98bb8d0a825b599267d0b3cc403cec9624b3297,2019-06-12
191,BYD7002BEV3,cycle_backlog_exact_model,1,0,0,0,old-25-Word97--0-89,原件/免征目录/mf_batch25.wps,9d2abe319463522513fe9c90f98bb8d0a825b599267d0b3cc403cec9624b3297,2019-06-12
192,BYD7002BEV5,cycle_backlog_exact_model,1,0,0,0,old-30-Word97--0-60,原件/免征目录/mf_batch30.doc,e7fa3b47858ec2035b8055bc15be00b2b26920a5e8d3cad481058a80b92ead24,2020-03-13
193,BYD7002BEV6,cycle_backlog_exact_model,1,0,0,0,old-30-Word97--0-61,原件/免征目录/mf_batch30.doc,e7fa3b47858ec2035b8055bc15be00b2b26920a5e8d3cad481058a80b92ead24,2020-03-13
194,BYD7002BEV7,cycle_backlog_exact_model,1,0,1,0,old-31-Word97--0-10,原件/免征目录/mf_batch31.doc,e1ccec4a87ab96ca346e5756d6b14369eb9727ec2c2cfd03c1182a592ddd3bee,2020-04-24
195,BYD7002BEV8,cycle_backlog_exact_model,1,0,0,0,old-36-Word97--0-10,原件/免征目录/mf_batch36.doc,05cfcfd9136685ad6d6e13b8228cd123cca109c26f43a4c71472016b5a610a9f,2020-10-30
196,BYD7002BEV9,cycle_backlog_exact_model,1,0,0,0,old-36-Word97--0-11,原件/免征目录/mf_batch36.doc,05cfcfd9136685ad6d6e13b8228cd123cca109c26f43a4c71472016b5a610a9f,2020-10-30
197,BYD7002BEVA,cycle_backlog_exact_model,1,0,0,0,old-26-DOCX--0-46,原件/免征目录/mf_batch26.docx,de0890335ef3a4f1302a8a0735ec8b6aed52e994e2635db481820060d62248b5,2019-08-30
198,BYD7002BEVA10,cycle_backlog_exact_model,1,0,0,0,old-39-Word97--0-29,原件/免征目录/mf_batch39.doc,48158862f567d71b07ac0a7a60c2c3bc6d2bb44dd5a86290b0b809d757a9eb07,2021-01-29
199,BYD7002BEVA11,cycle_backlog_exact_model,1,0,0,0,old-39-Word97--0-28,原件/免征目录/mf_batch39.doc,48158862f567d71b07ac0a7a60c2c3bc6d2bb44dd5a86290b0b809d757a9eb07,2021-01-29
200,BYD7002BEVA13,cycle_backlog_exact_model,1,0,0,0,old-46-Word97--0-41,原件/免征目录/mf_batch46.doc,a4b2048b3d5c29a8969f0348e9fd19a3293f0c23e6f37a48bf42a2ed70c7d37d,2021-09-10
201,BYD7002BEVA2,cycle_backlog_exact_model,1,0,0,0,old-26-DOCX--0-47,原件/免征目录/mf_batch26.docx,de0890335ef3a4f1302a8a0735ec8b6aed52e994e2635db481820060d62248b5,2019-08-30
202,BYD7002BEVA3,cycle_backlog_exact_model,1,0,0,0,old-26-DOCX--0-48,原件/免征目录/mf_batch26.docx,de0890335ef3a4f1302a8a0735ec8b6aed52e994e2635db481820060d62248b5,2019-08-30
203,BYD7002BEVA6,cycle_backlog_exact_model,1,0,0,0,old-30-Word97--0-63,原件/免征目录/mf_batch30.doc,e7fa3b47858ec2035b8055bc15be00b2b26920a5e8d3cad481058a80b92ead24,2020-03-13
204,BYD7002BEVA7,cycle_backlog_exact_model,1,0,0,0,old-30-Word97--0-64,原件/免征目录/mf_batch30.doc,e7fa3b47858ec2035b8055bc15be00b2b26920a5e8d3cad481058a80b92ead24,2020-03-13
205,BYD7002BEVA8,cycle_backlog_exact_model,1,0,0,0,old-36-Word97--0-12,原件/免征目录/mf_batch36.doc,05cfcfd9136685ad6d6e13b8228cd123cca109c26f43a4c71472016b5a610a9f,2020-10-30
206,BYD7002BEVA9,cycle_backlog_exact_model,1,0,0,0,old-36-Word97--0-13,原件/免征目录/mf_batch36.doc,05cfcfd9136685ad6d6e13b8228cd123cca109c26f43a4c71472016b5a610a9f,2020-10-30
207,BYD7003BEV,cycle_backlog_exact_model,1,0,0,0,old-16-Word97--0-12,原件/免征目录/mf_batch16.docx,9db5ace6c1c59bd9636d48636f94fa77d2b6e0aa27b109421690ce6a8c4a3967,2018-02-13
208,BYD7003BEV1,cycle_backlog_exact_model,1,0,0,0,old-23-Word97--0-5,原件/免征目录/mf_batch23.docx,87f838de0da3ba5887f77b2bf5c1dbf5b427e7cef896309a7084c11dd8f5efa0,2019-03-13
209,BYD7003BEV10,cycle_backlog_exact_model,1,0,0,0,old-47-Word97--0-32,原件/免征目录/mf_batch47.doc,fb4517fe8220b10bc435a77a5328df13c732c70b335942dfad0ae9394affe9b4,2021-09-30
210,BYD7003BEV3,cycle_backlog_exact_model,1,0,0,0,old-23-Word97--0-7,原件/免征目录/mf_batch23.docx,87f838de0da3ba5887f77b2bf5c1dbf5b427e7cef896309a7084c11dd8f5efa0,2019-03-13
211,BYD7003BEV4,cycle_backlog_exact_model,1,0,0,0,old-23-Word97--0-8,原件/免征目录/mf_batch23.docx,87f838de0da3ba5887f77b2bf5c1dbf5b427e7cef896309a7084c11dd8f5efa0,2019-03-13
212,BYD7003BEV5,cycle_backlog_exact_model,1,0,0,0,old-24-Word97--3-21,原件/免征目录/mf_batch24.wps,07775a0cb063fe0fce5880b9378dd1eb2522b725d645cabdee314d604779939d,2019-04-30
213,BYD7003BEV8,cycle_backlog_exact_model,1,0,0,0,old-34-Word97--0-32,原件/免征目录/mf_batch34.doc,d5c5bb03cc5fe0f16b284048e265ad35d62c12c0416f14aef0ce026a229aa831,2020-08-24
214,BYD7003BEV9,cycle_backlog_exact_model,1,0,0,0,old-45-Word97--0-45,原件/免征目录/mf_batch45.doc,56f5e7c5fd36e990024f8121006a76da260361f4e4660846e78255d007126f7a,2021-08-10
215,BYD7003BEVA,cycle_backlog_exact_model,1,0,0,0,old-45-Word97--0-43,原件/免征目录/mf_batch45.doc,56f5e7c5fd36e990024f8121006a76da260361f4e4660846e78255d007126f7a,2021-08-10
216,BYD7003BEVA1,cycle_backlog_exact_model,1,0,0,0,old-45-Word97--0-40,原件/免征目录/mf_batch45.doc,56f5e7c5fd36e990024f8121006a76da260361f4e4660846e78255d007126f7a,2021-08-10
217,BYD7003BEVA2,cycle_backlog_exact_model,1,0,0,0,old-48-Word97--0-38,原件/免征目录/mf_batch48.doc,ee5aa19736215cfcb3b76ffff90bcd0d9108c61758ccb756f7d4ad17e75a835c,2021-11-05
218,BYD7003BEVA3,cycle_backlog_exact_model,1,0,0,0,old-48-Word97--0-42,原件/免征目录/mf_batch48.doc,ee5aa19736215cfcb3b76ffff90bcd0d9108c61758ccb756f7d4ad17e75a835c,2021-11-05
219,BYD7004BEV,cycle_backlog_exact_model,1,0,0,0,old-44-Word97--0-40,原件/免征目录/mf_batch44.doc,aea30846204f4e55c0d969450f1619e1649eb27f471d5b0a2636d0da77eb0611,2021-07-12
220,BYD7004BEV1,cycle_backlog_exact_model,1,0,0,0,old-44-Word97--0-39,原件/免征目录/mf_batch44.doc,aea30846204f4e55c0d969450f1619e1649eb27f471d5b0a2636d0da77eb0611,2021-07-12
221,BYD7004BEV2,cycle_backlog_exact_model,1,0,0,0,old-46-Word97--0-40,原件/免征目录/mf_batch46.doc,a4b2048b3d5c29a8969f0348e9fd19a3293f0c23e6f37a48bf42a2ed70c7d37d,2021-09-10
222,BYD7004BEV3,cycle_backlog_exact_model,1,0,0,0,old-48-Word97--0-39,原件/免征目录/mf_batch48.doc,ee5aa19736215cfcb3b76ffff90bcd0d9108c61758ccb756f7d4ad17e75a835c,2021-11-05
223,BYD7004BEV4,cycle_backlog_exact_model,1,0,0,0,old-48-Word97--0-40,原件/免征目录/mf_batch48.doc,ee5aa19736215cfcb3b76ffff90bcd0d9108c61758ccb756f7d4ad17e75a835c,2021-11-05
224,BYD7004BEV5,cycle_backlog_exact_model,1,0,0,0,old-48-Word97--0-41,原件/免征目录/mf_batch48.doc,ee5aa19736215cfcb3b76ffff90bcd0d9108c61758ccb756f7d4ad17e75a835c,2021-11-05
225,BYD7005BEV,cycle_backlog_exact_model,1,0,0,0,old-04-PDF-grid-1-0-4,原件/免征目录/mf_batch04.pdf,7539cd299efb49a366656a4da32393075bcb03a5e10ea54e975f82f6099d9c81,2015-05-08
226,BYD7005BEV1,cycle_backlog_exact_model,1,0,0,0,old-14-Word97--0-6,原件/免征目录/mf_batch14.docx,6a48764b5ccb7c4ffa6f54daa44d3a42095b8a981fc982e774ddaaded41e9921,2017-12-05
227,BYD7005BEV8,cycle_backlog_exact_model,1,0,0,0,old-20-DOCX--0-7,原件/免征目录/mf_batch20.docx,374d3f87551d75d1c163e76abb38f350ea93f8a2b8cad6174568c307d1cc0130,2018-09-19
228,BYD7005BEVA4,cycle_backlog_exact_model,1,0,0,0,old-25-Word97--0-8,原件/免征目录/mf_batch25.wps,9d2abe319463522513fe9c90f98bb8d0a825b599267d0b3cc403cec9624b3297,2019-06-12
229,BYD7005BEVA7,cycle_backlog_exact_model,1,0,0,0,old-26-DOCX--0-13,原件/免征目录/mf_batch26.docx,de0890335ef3a4f1302a8a0735ec8b6aed52e994e2635db481820060d62248b5,2019-08-30
230,BYD7005BEVA8,cycle_backlog_exact_model,1,0,0,0,old-33-Word97--0-51,原件/免征目录/mf_batch33.doc,ff98fbb1708c47cdcfc1e79e7a1647e72a7ae6d4255dce3b250d661001340c09,2020-07-21
231,BYD7005BEVA9,cycle_backlog_exact_model,1,0,0,0,old-33-Word97--0-52,原件/免征目录/mf_batch33.doc,ff98fbb1708c47cdcfc1e79e7a1647e72a7ae6d4255dce3b250d661001340c09,2020-07-21
232,BYD7006BEVA,cycle_backlog_exact_model,1,0,0,0,old-53-Word97--0-3,原件/免征目录/mf_batch53.doc,a1f426ff77c80bce4d153fbfb6d01a7b6c6c87539f52ac4643edb7b060e21d2a,2022-04-08
233,BYD7006BEVA1,cycle_backlog_exact_model,1,0,0,0,old-53-Word97--0-4,原件/免征目录/mf_batch53.doc,a1f426ff77c80bce4d153fbfb6d01a7b6c6c87539f52ac4643edb7b060e21d2a,2022-04-08
234,BYD7006BEVA2,cycle_backlog_exact_model,1,0,0,0,old-53-Word97--0-5,原件/免征目录/mf_batch53.doc,a1f426ff77c80bce4d153fbfb6d01a7b6c6c87539f52ac4643edb7b060e21d2a,2022-04-08
235,BYD7006BEVA5,cycle_backlog_exact_model,1,0,0,0,old-64-Word97--0-31,原件/免征目录/mf_batch64.doc,c4e238989e7e40ec2c3a6a899ead170b4a745bc72546ba6fd4a5731d8890c6cb,2023-04-17
236,BYD7006BEVG,cycle_backlog_exact_model,1,0,0,0,old-10-PDF-grid-1-0-11,原件/免征目录/mf_batch10.pdf,ac1b1ad2605b4f24762fb1f01cea64b685393577d01648618fa1882bb5700ac3,2017-04-27
237,BYD7006BEVH,cycle_backlog_exact_model,1,0,0,0,old-04-PDF-grid-1-0-3,原件/免征目录/mf_batch04.pdf,7539cd299efb49a366656a4da32393075bcb03a5e10ea54e975f82f6099d9c81,2015-05-08
238,BYD7007BEV,cycle_backlog_exact_model,1,0,0,0,old-34-Word97--0-33,原件/免征目录/mf_batch34.doc,d5c5bb03cc5fe0f16b284048e265ad35d62c12c0416f14aef0ce026a229aa831,2020-08-24
239,BYD7008BEV,cycle_backlog_exact_model,1,0,0,0,old-06-PDF-grid-1-0-3,原件/免征目录/mf_batch06.pdf,df226dc3953484911afdd265072593abc08c9f66d52a1df7492e215ce15c9b54,2015-11-25
240,BYD7008BEV1,cycle_backlog_exact_model,1,0,0,0,old-06-PDF-grid-1-0-4,原件/免征目录/mf_batch06.pdf,df226dc3953484911afdd265072593abc08c9f66d52a1df7492e215ce15c9b54,2015-11-25
241,BYD7008BEV3,cycle_backlog_exact_model,1,0,0,0,old-14-Word97--0-7,原件/免征目录/mf_batch14.docx,6a48764b5ccb7c4ffa6f54daa44d3a42095b8a981fc982e774ddaaded41e9921,2017-12-05
242,BYD7008BEVA,cycle_backlog_exact_model,1,0,0,0,old-18-Word97--0-52,原件/免征目录/mf_batch18.doc,43f5426f7f80996ee11a894710d7229c743abf7ad69ba239f61075e0a9ddd37a,2018-06-19
243,BYD7008BEVA1,cycle_backlog_exact_model,1,0,0,0,old-23-Word97--0-9,原件/免征目录/mf_batch23.docx,87f838de0da3ba5887f77b2bf5c1dbf5b427e7cef896309a7084c11dd8f5efa0,2019-03-13
244,BYD7008BEVA10,cycle_backlog_exact_model,1,0,0,0,old-40-Word97--0-19,原件/免征目录/mf_batch40.doc,93047c8e87a1f45948933ee36d00160788032370ecf11b551624e0ca45ecc1d1,2021-03-08
245,BYD7008BEVA4,cycle_backlog_exact_model,1,0,0,0,old-25-Word97--0-10,原件/免征目录/mf_batch25.wps,9d2abe319463522513fe9c90f98bb8d0a825b599267d0b3cc403cec9624b3297,2019-06-12
246,BYD7008BEVA8,cycle_backlog_exact_model,1,0,0,0,old-33-Word97--0-53,原件/免征目录/mf_batch33.doc,ff98fbb1708c47cdcfc1e79e7a1647e72a7ae6d4255dce3b250d661001340c09,2020-07-21
247,BYD7008BEVA9,cycle_backlog_exact_model,1,0,0,0,old-33-Word97--0-54,原件/免征目录/mf_batch33.doc,ff98fbb1708c47cdcfc1e79e7a1647e72a7ae6d4255dce3b250d661001340c09,2020-07-21
248,BYD7009BEV,cycle_backlog_exact_model,1,0,0,0,old-30-Word97--0-65,原件/免征目录/mf_batch30.doc,e7fa3b47858ec2035b8055bc15be00b2b26920a5e8d3cad481058a80b92ead24,2020-03-13
249,BYD7009BEV1,cycle_backlog_exact_model,1,0,0,0,old-30-Word97--0-66,原件/免征目录/mf_batch30.doc,e7fa3b47858ec2035b8055bc15be00b2b26920a5e8d3cad481058a80b92ead24,2020-03-13
250,BYD7009BEV2,cycle_backlog_exact_model,1,0,1,0,old-31-Word97--0-11,原件/免征目录/mf_batch31.doc,e1ccec4a87ab96ca346e5756d6b14369eb9727ec2c2cfd03c1182a592ddd3bee,2020-04-24
251,BYD7009BEV3,cycle_backlog_exact_model,1,0,0,0,old-33-Word97--0-31,原件/免征目录/mf_batch33.doc,ff98fbb1708c47cdcfc1e79e7a1647e72a7ae6d4255dce3b250d661001340c09,2020-07-21
252,BYD7009BEV4,cycle_backlog_exact_model,1,0,0,0,old-36-Word97--0-14,原件/免征目录/mf_batch36.doc,05cfcfd9136685ad6d6e13b8228cd123cca109c26f43a4c71472016b5a610a9f,2020-10-30
253,BYD7009BEV5,cycle_backlog_exact_model,1,0,0,0,old-51-Word97--0-20,原件/免征目录/mf_batch51.doc,35411ca0ab3ef42915600b148fca6fe76bcb86f5dc3812f71d74f3ebda125ce6,2022-01-29
254,BYD7009BEV6,cycle_backlog_exact_model,1,0,0,0,old-51-Word97--0-19,原件/免征目录/mf_batch51.doc,35411ca0ab3ef42915600b148fca6fe76bcb86f5dc3812f71d74f3ebda125ce6,2022-01-29
255,BYD7009BEV7,cycle_backlog_exact_model,1,0,0,0,old-51-Word97--0-18,原件/免征目录/mf_batch51.doc,35411ca0ab3ef42915600b148fca6fe76bcb86f5dc3812f71d74f3ebda125ce6,2022-01-29
256,BYD7009BEV8,cycle_backlog_exact_model,1,0,1,0,old-54-Word97--0-37,原件/免征目录/mf_batch54.doc,e4ce106fc0fb21bc61cac40ff0de97e60dff2d18b5b7d24c494bb74873312fd7,2022-05-12
257,BYD7009BEV9,cycle_backlog_exact_model,1,0,0,0,old-61-Word97--0-39,原件/免征目录/mf_batch61.doc,d360a77695ccf20f3c17a354a1dd02fc846a7ae8bd18b41492515881a7240b72,2022-12-19
258,CA6462EV1,cycle_backlog_exact_model,1,0,0,0,old-07-PDF-grid-2-0-11,原件/免征目录/mf_batch07.pdf,ad8e7f0576c7261a718e5a561358462b598d617361c6f02d7a14fb2038b758b0,2016-04-15
259,CA6467BEVA,cycle_backlog_exact_model,1,0,0,0,old-59-Word97--0-9,原件/免征目录/mf_batch59.doc,32738e2df847e0c74ff96d48b8a13e1dd9c31aee84b7c0a633e2d9c8a3e01f86,2022-10-10
260,CA6520H0EVX,cycle_backlog_exact_model,1,0,0,0,old-34-Word97--0-2,原件/免征目录/mf_batch34.doc,d5c5bb03cc5fe0f16b284048e265ad35d62c12c0416f14aef0ce026a229aa831,2020-08-24
261,CA6520H0EVXA,cycle_backlog_exact_model,1,0,0,0,old-34-Word97--0-3,原件/免征目录/mf_batch34.doc,d5c5bb03cc5fe0f16b284048e265ad35d62c12c0416f14aef0ce026a229aa831,2020-08-24
262,CA6520H0EVXB,cycle_backlog_exact_model,1,0,0,0,old-34-Word97--0-4,原件/免征目录/mf_batch34.doc,d5c5bb03cc5fe0f16b284048e265ad35d62c12c0416f14aef0ce026a229aa831,2020-08-24
263,CA6520H0EVXC,cycle_backlog_exact_model,1,0,0,0,old-34-Word97--0-5,原件/免征目录/mf_batch34.doc,d5c5bb03cc5fe0f16b284048e265ad35d62c12c0416f14aef0ce026a229aa831,2020-08-24
264,CA6520H0EVXH,cycle_backlog_exact_model,1,0,0,0,old-46-Word97--0-14,原件/免征目录/mf_batch46.doc,a4b2048b3d5c29a8969f0348e9fd19a3293f0c23e6f37a48bf42a2ed70c7d37d,2021-09-10
265,CA6520H0EVXK,cycle_backlog_exact_model,1,0,0,0,old-44-Word97--0-10,原件/免征目录/mf_batch44.doc,aea30846204f4e55c0d969450f1619e1649eb27f471d5b0a2636d0da77eb0611,2021-07-12
266,CA6520H0EVXM,cycle_backlog_exact_model,1,0,0,0,old-44-Word97--0-12,原件/免征目录/mf_batch44.doc,aea30846204f4e55c0d969450f1619e1649eb27f471d5b0a2636d0da77eb0611,2021-07-12
267,CA6520H0EVXN,cycle_backlog_exact_model,1,0,0,0,old-44-Word97--0-9,原件/免征目录/mf_batch44.doc,aea30846204f4e55c0d969450f1619e1649eb27f471d5b0a2636d0da77eb0611,2021-07-12
268,CA7000H0EV,cycle_backlog_exact_model,1,0,0,0,old-39-Word97--0-9,原件/免征目录/mf_batch39.doc,48158862f567d71b07ac0a7a60c2c3bc6d2bb44dd5a86290b0b809d757a9eb07,2021-01-29
269,CA7000H0EVA,cycle_backlog_exact_model,1,0,0,0,old-39-Word97--0-7,原件/免征目录/mf_batch39.doc,48158862f567d71b07ac0a7a60c2c3bc6d2bb44dd5a86290b0b809d757a9eb07,2021-01-29
270,CA7000H0EVB,cycle_backlog_exact_model,1,0,0,0,old-42-Word97--0-15,原件/免征目录/mf_batch42.doc,fef4fd8ea19d773d368642e51a4bdb24c148530251a2240be4ff1358d5d41fab,2021-04-30
271,CA7000H0EVC,cycle_backlog_exact_model,1,0,0,0,old-42-Word97--0-16,原件/免征目录/mf_batch42.doc,fef4fd8ea19d773d368642e51a4bdb24c148530251a2240be4ff1358d5d41fab,2021-04-30
272,CA7000H0EVD,cycle_backlog_exact_model,1,0,0,0,old-46-Word97--0-13,原件/免征目录/mf_batch46.doc,a4b2048b3d5c29a8969f0348e9fd19a3293f0c23e6f37a48bf42a2ed70c7d37d,2021-09-10
273,CA7000H0SEV,cycle_backlog_exact_model,1,0,0,0,old-42-Word97--0-14,原件/免征目录/mf_batch42.doc,fef4fd8ea19d773d368642e51a4bdb24c148530251a2240be4ff1358d5d41fab,2021-04-30
274,CA7001BEV,cycle_backlog_exact_model,1,0,0,0,old-19-DOCX--0-54,原件/免征目录/mf_batch19.docx,fafd1558aa0f21067847c19bdd0a95c79b919737be7b07b87c4538107fb2b8e3,2018-07-31
275,CA7001BEVB,cycle_backlog_exact_model,1,0,0,0,old-24-Word97--0-2,原件/免征目录/mf_batch24.wps,07775a0cb063fe0fce5880b9378dd1eb2522b725d645cabdee314d604779939d,2019-04-30
276,CA7001EV,cycle_backlog_exact_model,1,0,0,0,old-07-PDF-grid-2-0-12,原件/免征目录/mf_batch07.pdf,ad8e7f0576c7261a718e5a561358462b598d617361c6f02d7a14fb2038b758b0,2016-04-15
277,CA7001EVA,cycle_backlog_exact_model,1,0,0,0,old-10-PDF-grid-3-0-5,原件/免征目录/mf_batch10.pdf,ac1b1ad2605b4f24762fb1f01cea64b685393577d01648618fa1882bb5700ac3,2017-04-27
278,CA7001EVB,cycle_backlog_exact_model,1,0,0,0,old-12-PDF-grid-2-0-26,原件/免征目录/mf_batch12.pdf,afbd7133ccf901dbdc065b2ff80768450dc901def8d216cf5bb87baa98f7a1e2,2017-09-05
279,CA7001H0EV,cycle_backlog_exact_model,1,0,0,0,old-71-Word97--0-6,原件/免征目录/mf_batch71.doc,b37b78b64b8ef7e12e6e95d6fd27a4a6e364c0c83ba403ffcf3bca82c60e3460,2023-11-20
280,CA7001H0EVX,cycle_backlog_exact_model,1,0,0,0,old-71-Word97--0-5,原件/免征目录/mf_batch71.doc,b37b78b64b8ef7e12e6e95d6fd27a4a6e364c0c83ba403ffcf3bca82c60e3460,2023-11-20
281,CA7002EV,cycle_backlog_exact_model,1,0,0,0,old-20-DOCX--0-80,原件/免征目录/mf_batch20.docx,374d3f87551d75d1c163e76abb38f350ea93f8a2b8cad6174568c307d1cc0130,2018-09-19
282,CA7002EVA,cycle_backlog_exact_model,1,0,0,0,old-20-DOCX--0-81,原件/免征目录/mf_batch20.docx,374d3f87551d75d1c163e76abb38f350ea93f8a2b8cad6174568c307d1cc0130,2018-09-19
283,CA7002H0EVS,cycle_backlog_exact_model,1,0,0,0,old-33-Word97--0-2,原件/免征目录/mf_batch33.doc,ff98fbb1708c47cdcfc1e79e7a1647e72a7ae6d4255dce3b250d661001340c09,2020-07-21
284,CA7003BEV,cycle_backlog_exact_model,1,0,0,0,old-25-Word97--0-2,原件/免征目录/mf_batch25.wps,9d2abe319463522513fe9c90f98bb8d0a825b599267d0b3cc403cec9624b3297,2019-06-12
285,CA7003BEVA,cycle_backlog_exact_model,1,0,0,0,old-26-DOCX--0-2,原件/免征目录/mf_batch26.docx,de0890335ef3a4f1302a8a0735ec8b6aed52e994e2635db481820060d62248b5,2019-08-30
286,CA7003BEVB,cycle_backlog_exact_model,1,0,0,0,old-27-Word97--0-2,原件/免征目录/mf_batch27.doc,2bd67cf7e1efc03ae93942d0d340ffef87478709520383b6ee4d08baf843ead1,2019-10-25
287,CA7003BEVC,cycle_backlog_exact_model,1,0,0,0,old-27-Word97--0-3,原件/免征目录/mf_batch27.doc,2bd67cf7e1efc03ae93942d0d340ffef87478709520383b6ee4d08baf843ead1,2019-10-25
288,CA7003EVA,cycle_backlog_exact_model,1,0,0,0,old-10-PDF-grid-2-0-21,原件/免征目录/mf_batch10.pdf,ac1b1ad2605b4f24762fb1f01cea64b685393577d01648618fa1882bb5700ac3,2017-04-27
289,CA7004EV,cycle_backlog_exact_model,1,0,0,0,old-22-Word97--0-14,原件/免征目录/mf_batch22.doc,eaf3fc1e64742af85b3d4bc90388d0a93154a497fd6c1fb9bf73b857672e1212,2018-12-18
290,CA7005EV1,cycle_backlog_exact_model,1,0,0,0,old-02-PDF-grid-2-0-12,原件/免征目录/mf_batch02.pdf,0b13b4fd2de6c4de3ab0f8add88bb8d24354d05ca6af46904fe1065c53c9c519,2014-10-29
291,CA7006BEV,cycle_backlog_exact_model,1,0,0,0,old-19-DOCX--0-55,原件/免征目录/mf_batch19.docx,fafd1558aa0f21067847c19bdd0a95c79b919737be7b07b87c4538107fb2b8e3,2018-07-31
292,CA7006BEVA,cycle_backlog_exact_model,1,0,0,0,old-22-Word97--0-2,原件/免征目录/mf_batch22.doc,eaf3fc1e64742af85b3d4bc90388d0a93154a497fd6c1fb9bf73b857672e1212,2018-12-18
293,CA7007BEVA,cycle_backlog_exact_model,1,0,0,0,old-44-Word97--0-11,原件/免征目录/mf_batch44.doc,aea30846204f4e55c0d969450f1619e1649eb27f471d5b0a2636d0da77eb0611,2021-07-12
294,CA7007BEVB,cycle_backlog_exact_model,1,0,0,0,old-39-Word97--0-8,原件/免征目录/mf_batch39.doc,48158862f567d71b07ac0a7a60c2c3bc6d2bb44dd5a86290b0b809d757a9eb07,2021-01-29
295,CA7007BEVC,cycle_backlog_exact_model,1,0,0,0,old-41-Word97--0-8,原件/免征目录/mf_batch41.doc,ba4634c0877ebf99f8e462013e4a07e40f57478a4aaf921801a6c85a49c42b7f,2021-03-31
296,CA7007BEVD,cycle_backlog_exact_model,1,0,0,0,old-50-Word97--0-16,原件/免征目录/mf_batch50.doc,3810672d92621612507384960254de602e629e75a308df22ee2291519445095e,2021-12-29
297,CA7007BEVE,cycle_backlog_exact_model,1,0,0,0,old-50-Word97--0-17,原件/免征目录/mf_batch50.doc,3810672d92621612507384960254de602e629e75a308df22ee2291519445095e,2021-12-29
298,CA7007BEVF,cycle_backlog_exact_model,1,0,0,0,old-48-Word97--0-13,原件/免征目录/mf_batch48.doc,ee5aa19736215cfcb3b76ffff90bcd0d9108c61758ccb756f7d4ad17e75a835c,2021-11-05
299,CA7007REV,cycle_backlog_exact_model,1,0,0,0,old-13-PDF-grid-2-0-17,原件/免征目录/mf_batch13.pdf,e82c4f41c448edbb5269c95f2ff35d0c577f7ff0d12ff30b2d4c307a1aa31a6b,2017-10-30
300,CA7007REVZX,cycle_backlog_exact_model,1,0,0,0,old-21-DOCX--0-26,原件/免征目录/mf_batch21.docx,cd981cecffd781db646c194ab2c853b0466cc86eea0f616e95300b88932b8d9b,2018-11-06
301,CA7008EV,cycle_backlog_exact_model,1,0,0,0,old-03-PDF-grid-1-0-13,原件/免征目录/mf_batch03.pdf,1367fdf126160143cbeecaedf4a66b528d105bbfa58a06b2118487a2e05000a5,2014-12-19
302,CAF6470A1BEV,cycle_backlog_exact_model,1,0,0,0,old-48-Word97--0-4,原件/免征目录/mf_batch48.doc,ee5aa19736215cfcb3b76ffff90bcd0d9108c61758ccb756f7d4ad17e75a835c,2021-11-05
303,CAF6470A2BEV,cycle_backlog_exact_model,1,0,0,0,old-48-Word97--0-3,原件/免征目录/mf_batch48.doc,ee5aa19736215cfcb3b76ffff90bcd0d9108c61758ccb756f7d4ad17e75a835c,2021-11-05
304,CAF6470A3BEV,cycle_backlog_exact_model,1,0,0,0,old-48-Word97--0-2,原件/免征目录/mf_batch48.doc,ee5aa19736215cfcb3b76ffff90bcd0d9108c61758ccb756f7d4ad17e75a835c,2021-11-05
305,CAF6470A4BEV,cycle_backlog_exact_model,1,0,0,0,old-49-Word97--0-2,原件/免征目录/mf_batch49.doc,c7a56509a4d9272982da0abc9d1ea213ee1fbea3d0f1edad124630c9b5e3474e,2021-12-08
306,CAF6470B1BEV,cycle_backlog_exact_model,1,0,0,0,old-61-Word97--0-58,原件/免征目录/mf_batch61.doc,d360a77695ccf20f3c17a354a1dd02fc846a7ae8bd18b41492515881a7240b72,2022-12-19
307,CAF6470B2BEV,cycle_backlog_exact_model,1,0,0,0,old-60-Word97--0-35,原件/免征目录/mf_batch60.doc,aabd19e9a0955380873798454b18b3bb15c87937dffcbb0ccfab2eae3bf3551b,2022-11-09
308,CAF6470B3BEV,cycle_backlog_exact_model,1,0,0,0,old-61-Word97--0-57,原件/免征目录/mf_batch61.doc,d360a77695ccf20f3c17a354a1dd02fc846a7ae8bd18b41492515881a7240b72,2022-12-19
309,CAF6470B4BEV,cycle_backlog_exact_model,1,0,0,0,old-61-Word97--0-56,原件/免征目录/mf_batch61.doc,d360a77695ccf20f3c17a354a1dd02fc846a7ae8bd18b41492515881a7240b72,2022-12-19
310,CAF6470B5BEV,cycle_backlog_exact_model,1,0,1,0,old-62-Word97--0-56,原件/免征目录/mf_batch62.doc,7694ac7207998b6af7c895cdd2c1d752421df436d4b28f83195261dd47f6509c,2023-02-20
311,CAM7000BABEV,cycle_backlog_exact_model,1,0,0,0,old-44-Word97--0-28,原件/免征目录/mf_batch44.doc,aea30846204f4e55c0d969450f1619e1649eb27f471d5b0a2636d0da77eb0611,2021-07-12
312,CAP7000BEV,cycle_backlog_exact_model,1,0,0,0,old-06-PDF-grid-2-0-10,原件/免征目录/mf_batch06.pdf,df226dc3953484911afdd265072593abc08c9f66d52a1df7492e215ce15c9b54,2015-11-25
313,CC6450AG00ABEV,cycle_backlog_exact_model,1,0,0,0,old-45-Word97--0-29,原件/免征目录/mf_batch45.doc,56f5e7c5fd36e990024f8121006a76da260361f4e4660846e78255d007126f7a,2021-08-10
314,CC6450AG01BBEV,cycle_backlog_exact_model,1,0,0,0,old-45-Word97--0-30,原件/免征目录/mf_batch45.doc,56f5e7c5fd36e990024f8121006a76da260361f4e4660846e78255d007126f7a,2021-08-10
315,CC7000BJ00HFBEV,cycle_backlog_exact_model,1,0,0,0,old-69-Word97--0-12,原件/免征目录/mf_batch69.doc,357d61a16c94488c9fdd761f393edb7029b05394ab06117abaebcba1a1e45546,2023-09-14
316,CC7000BJ01BBEV,cycle_backlog_exact_model,1,0,0,0,old-40-Word97--0-21,原件/免征目录/mf_batch40.doc,93047c8e87a1f45948933ee36d00160788032370ecf11b551624e0ca45ecc1d1,2021-03-08
317,CC7000BJ01EBEV,cycle_backlog_exact_model,1,0,0,0,old-44-Word97--0-46,原件/免征目录/mf_batch44.doc,aea30846204f4e55c0d969450f1619e1649eb27f471d5b0a2636d0da77eb0611,2021-07-12
318,CC7000BJ02ABEV,cycle_backlog_exact_model,1,0,0,0,old-34-Word97--0-18,原件/免征目录/mf_batch34.doc,d5c5bb03cc5fe0f16b284048e265ad35d62c12c0416f14aef0ce026a229aa831,2020-08-24
319,CC7000BJ02BBEV,cycle_backlog_exact_model,1,0,0,0,old-44-Word97--0-47,原件/免征目录/mf_batch44.doc,aea30846204f4e55c0d969450f1619e1649eb27f471d5b0a2636d0da77eb0611,2021-07-12
320,CC7000BJ02DBEV,cycle_backlog_exact_model,1,0,0,0,old-44-Word97--0-50,原件/免征目录/mf_batch44.doc,aea30846204f4e55c0d969450f1619e1649eb27f471d5b0a2636d0da77eb0611,2021-07-12
321,CC7000BJ02EBEV,cycle_backlog_exact_model,1,0,0,0,old-44-Word97--0-48,原件/免征目录/mf_batch44.doc,aea30846204f4e55c0d969450f1619e1649eb27f471d5b0a2636d0da77eb0611,2021-07-12
322,CC7000BJ02HBEV,cycle_backlog_exact_model,1,0,0,0,old-59-Word97--0-23,原件/免征目录/mf_batch59.doc,32738e2df847e0c74ff96d48b8a13e1dd9c31aee84b7c0a633e2d9c8a3e01f86,2022-10-10
323,CC7000BJ03HABEV,cycle_backlog_exact_model,1,0,0,0,old-60-Word97--0-11,原件/免征目录/mf_batch60.doc,aabd19e9a0955380873798454b18b3bb15c87937dffcbb0ccfab2eae3bf3551b,2022-11-09
324,CC7000CE00BEV,cycle_backlog_exact_model,1,0,0,0,old-08-PDF-grid-2-0-6,原件/免征目录/mf_batch08.pdf,39b242717c026063c908426a890cd361f1165aa5729988d56303b2f8d5fb3b42,2016-06-16
325,CC7000CE01BEV,cycle_backlog_exact_model,1,0,0,0,old-09-PDF-grid-3-0-9,原件/免征目录/mf_batch09.pdf,7eea7200c04fefec34f6ae6db5a1bae77f82a534348f266e95575cae051c8c8c,2016-12-06
326,CC7000CE02BEV,cycle_backlog_exact_model,1,0,0,0,old-09-PDF-grid-3-0-8,原件/免征目录/mf_batch09.pdf,7eea7200c04fefec34f6ae6db5a1bae77f82a534348f266e95575cae051c8c8c,2016-12-06
327,CC7000CE03BEV,cycle_backlog_exact_model,1,0,0,0,old-09-PDF-grid-3-0-7,原件/免征目录/mf_batch09.pdf,7eea7200c04fefec34f6ae6db5a1bae77f82a534348f266e95575cae051c8c8c,2016-12-06
328,CC7000ZM00ABEV,cycle_backlog_exact_model,1,0,0,0,old-20-DOCX--0-74,原件/免征目录/mf_batch20.docx,374d3f87551d75d1c163e76abb38f350ea93f8a2b8cad6174568c307d1cc0130,2018-09-19
329,CC7000ZM00CBEV,cycle_backlog_exact_model,1,0,1,0,old-24-Word97--1-10,原件/免征目录/mf_batch24.wps,07775a0cb063fe0fce5880b9378dd1eb2522b725d645cabdee314d604779939d,2019-04-30
330,CC7000ZM01BEV,cycle_backlog_exact_model,1,0,0,0,old-22-Word97--0-13,原件/免征目录/mf_batch22.doc,eaf3fc1e64742af85b3d4bc90388d0a93154a497fd6c1fb9bf73b857672e1212,2018-12-18
331,CGC6371BEV2S1,cycle_backlog_exact_model,1,0,0,0,old-24-Word97--0-4,原件/免征目录/mf_batch24.wps,07775a0cb063fe0fce5880b9378dd1eb2522b725d645cabdee314d604779939d,2019-04-30
332,CGC6481BEV2P1,cycle_backlog_exact_model,1,0,0,0,old-26-DOCX--0-9,原件/免征目录/mf_batch26.docx,de0890335ef3a4f1302a8a0735ec8b6aed52e994e2635db481820060d62248b5,2019-08-30
333,CGC7000BEV2J4,cycle_backlog_exact_model,1,0,0,0,old-40-Word97--0-3,原件/免征目录/mf_batch40.doc,93047c8e87a1f45948933ee36d00160788032370ecf11b551624e0ca45ecc1d1,2021-03-08
334,CH7000BEVFA2BA,cycle_backlog_exact_model,1,0,0,0,mf29-t0-r13,原件/mf_batch29.doc,8d24a01958cc6d44fa7826ecbb6a76869b9a0f2c98b97597d57af02932f2afaf,2019-12-27
335,CH7000BEVFA3B5,cycle_backlog_exact_model,1,0,0,0,old-27-Word97--0-24,原件/免征目录/mf_batch27.doc,2bd67cf7e1efc03ae93942d0d340ffef87478709520383b6ee4d08baf843ead1,2019-10-25
336,CH7000BEVH2CA,cycle_backlog_exact_model,1,0,0,0,old-12-PDF-grid-2-0-8,原件/免征目录/mf_batch12.pdf,afbd7133ccf901dbdc065b2ff80768450dc901def8d216cf5bb87baa98f7a1e2,2017-09-05
337,CH7002BEVH2CB,cycle_backlog_exact_model,1,0,0,0,old-20-DOCX--0-31,原件/免征目录/mf_batch20.docx,374d3f87551d75d1c163e76abb38f350ea93f8a2b8cad6174568c307d1cc0130,2018-09-19
338,CH7005BEVA2CB,cycle_backlog_exact_model,1,0,0,0,old-09-PDF-grid-2-0-21,原件/免征目录/mf_batch09.pdf,7eea7200c04fefec34f6ae6db5a1bae77f82a534348f266e95575cae051c8c8c,2016-12-06
339,CH7005BEVA2CC,cycle_backlog_exact_model,1,0,0,0,old-12-PDF-grid-2-0-9,原件/免征目录/mf_batch12.pdf,afbd7133ccf901dbdc065b2ff80768450dc901def8d216cf5bb87baa98f7a1e2,2017-09-05
340,CH7005BEVC3CA,cycle_backlog_exact_model,1,0,0,0,old-10-PDF-grid-2-0-11,原件/免征目录/mf_batch10.pdf,ac1b1ad2605b4f24762fb1f01cea64b685393577d01648618fa1882bb5700ac3,2017-04-27
341,CH7005BEVC3CB,cycle_backlog_exact_model,1,0,0,0,old-11-PDF-grid-1-0-23,原件/免征目录/mf_batch11.pdf,ec4f33e5e872841e6d1fa5d435793c285a15614ef2e64f39b9013389b5e51724,2017-07-06
342,CH7005BEVFC2B1,cycle_backlog_exact_model,1,0,0,0,old-69-Word97--0-40,原件/免征目录/mf_batch69.doc,357d61a16c94488c9fdd761f393edb7029b05394ab06117abaebcba1a1e45546,2023-09-14
343,CSA6456BEV1,cycle_backlog_exact_model,1,0,0,0,old-10-PDF-grid-2-0-16,原件/免征目录/mf_batch10.pdf,ac1b1ad2605b4f24762fb1f01cea64b685393577d01648618fa1882bb5700ac3,2017-04-27
344,CSA6456BEV2,cycle_backlog_exact_model,1,0,0,0,old-16-Word97--0-43,原件/免征目录/mf_batch16.docx,9db5ace6c1c59bd9636d48636f94fa77d2b6e0aa27b109421690ce6a8c4a3967,2018-02-13
345,CSA6461FBEV1,cycle_backlog_exact_model,1,0,0,0,old-16-Word97--0-42,原件/免征目录/mf_batch16.docx,9db5ace6c1c59bd9636d48636f94fa77d2b6e0aa27b109421690ce6a8c4a3967,2018-02-13
346,CSA6461FBEV2,cycle_backlog_exact_model,1,0,0,0,old-17-PDF-grid-2-0-16,原件/免征目录/mf_batch17.pdf,577a4ba9c586fe08565f6a60e6de5474698031566d8dcef484cd44335879e334,2018-04-16
347,CSA6461FBEV3,cycle_backlog_exact_model,1,0,0,0,old-28-Word97--0-18,原件/免征目录/mf_batch28.doc,dfe1b301a5e8373e94e0e4a2fccee3d258c56bb662e4928764a71274142acd72,2019-12-10
348,CSA6471FBEV2,cycle_backlog_exact_model,1,0,0,0,old-30-Word97--0-15,原件/免征目录/mf_batch30.doc,e7fa3b47858ec2035b8055bc15be00b2b26920a5e8d3cad481058a80b92ead24,2020-03-13
349,CSA6471FBEV3,cycle_backlog_exact_model,1,0,1,0,old-31-Word97--0-22,原件/免征目录/mf_batch31.doc,e1ccec4a87ab96ca346e5756d6b14369eb9727ec2c2cfd03c1182a592ddd3bee,2020-04-24
350,CSA6471FBEV4,cycle_backlog_exact_model,1,0,0,0,old-51-Word97--0-24,原件/免征目录/mf_batch51.doc,35411ca0ab3ef42915600b148fca6fe76bcb86f5dc3812f71d74f3ebda125ce6,2022-01-29
351,CSA6492LBEV1,cycle_backlog_exact_model,1,0,0,0,old-67-Word97--0-26,原件/免征目录/mf_batch67.doc,963a02fcc1f361414f4f003c6d63e00b178d0b962134ed2206c38978f3118101,2023-07-17
352,CSA6492LBEV2,cycle_backlog_exact_model,1,0,0,0,old-67-Word97--0-27,原件/免征目录/mf_batch67.doc,963a02fcc1f361414f4f003c6d63e00b178d0b962134ed2206c38978f3118101,2023-07-17
353,CSA6492LBEV3,cycle_backlog_exact_model,1,0,0,0,old-68-Word97--0-32,原件/免征目录/mf_batch68.doc,58113d08377020d08de0aeb0e08ff63c4a4411dbe35ad69cfdd6f82fdf0fcc77,2023-08-16
354,CSA6492LBEV4,cycle_backlog_exact_model,1,0,0,0,old-68-Word97--0-30,原件/免征目录/mf_batch68.doc,58113d08377020d08de0aeb0e08ff63c4a4411dbe35ad69cfdd6f82fdf0fcc77,2023-08-16
355,CSA6492LBEV5,cycle_backlog_exact_model,1,0,0,0,old-69-Word97--0-77,原件/免征目录/mf_batch69.doc,357d61a16c94488c9fdd761f393edb7029b05394ab06117abaebcba1a1e45546,2023-09-14
356,CSA6493YBEV1,cycle_backlog_exact_model,1,0,1,0,old-54-Word97--0-14,原件/免征目录/mf_batch54.doc,e4ce106fc0fb21bc61cac40ff0de97e60dff2d18b5b7d24c494bb74873312fd7,2022-05-12
357,CSA6493YBEV2,cycle_backlog_exact_model,1,0,1,0,old-54-Word97--0-13,原件/免征目录/mf_batch54.doc,e4ce106fc0fb21bc61cac40ff0de97e60dff2d18b5b7d24c494bb74873312fd7,2022-05-12
358,CSA6493YBEV3,cycle_backlog_exact_model,1,0,1,0,old-54-Word97--0-12,原件/免征目录/mf_batch54.doc,e4ce106fc0fb21bc61cac40ff0de97e60dff2d18b5b7d24c494bb74873312fd7,2022-05-12
359,CSA6493YSEV2,cycle_backlog_exact_model,1,0,1,0,old-54-Word97--0-11,原件/免征目录/mf_batch54.doc,e4ce106fc0fb21bc61cac40ff0de97e60dff2d18b5b7d24c494bb74873312fd7,2022-05-12
360,CSA6501LBEV1,cycle_backlog_exact_model,1,0,0,0,old-57-Word97--0-5,原件/免征目录/mf_batch57.doc,96d9708a19952b23d71fc40e9976a33ae30ca118226a032954a93ab36f355f21,2022-08-10
361,CSA6501LBEV2,cycle_backlog_exact_model,1,0,0,0,old-57-Word97--0-6,原件/免征目录/mf_batch57.doc,96d9708a19952b23d71fc40e9976a33ae30ca118226a032954a93ab36f355f21,2022-08-10
362,CSA6501LBEV3,cycle_backlog_exact_model,1,0,1,0,old-62-Word97--0-62,原件/免征目录/mf_batch62.doc,7694ac7207998b6af7c895cdd2c1d752421df436d4b28f83195261dd47f6509c,2023-02-20
363,CSA6501LBEV4,cycle_backlog_exact_model,1,0,0,0,old-64-Word97--0-30,原件/免征目录/mf_batch64.doc,c4e238989e7e40ec2c3a6a899ead170b4a745bc72546ba6fd4a5731d8890c6cb,2023-04-17
364,CSA6501LBEV5,cycle_backlog_exact_model,1,0,0,0,old-65-Word97--0-42,原件/免征目录/mf_batch65.doc,06a6a578a9a60516a845bc92deac49954438a789e9e4a7cf3cd140f256d9b13d,2023-05-09
365,CSA7000BEV,cycle_backlog_exact_model,1,0,0,0,old-01-PDF-grid-1-0-13,原件/免征目录/mf_batch01.pdf,eac13628c37f01c4da157a2d1916d97acc81fdc295f18e1783549075ce7e5aa7,2014-08-27
366,CSA7001BEV,cycle_backlog_exact_model,1,0,0,0,old-06-PDF-grid-2-0-7,原件/免征目录/mf_batch06.pdf,df226dc3953484911afdd265072593abc08c9f66d52a1df7492e215ce15c9b54,2015-11-25
367,CSA7001KBEV2,cycle_backlog_exact_model,1,0,1,0,old-25-Word97--0-20,原件/免征目录/mf_batch25.wps,9d2abe319463522513fe9c90f98bb8d0a825b599267d0b3cc403cec9624b3297,2019-06-12
368,CSA7001KBEV5,cycle_backlog_exact_model,1,0,0,0,old-33-Word97--0-57,原件/免征目录/mf_batch33.doc,ff98fbb1708c47cdcfc1e79e7a1647e72a7ae6d4255dce3b250d661001340c09,2020-07-21
369,CSA7001KBEV6,cycle_backlog_exact_model,1,0,1,0,old-46-Word97--0-62,原件/免征目录/mf_batch46.doc,a4b2048b3d5c29a8969f0348e9fd19a3293f0c23e6f37a48bf42a2ed70c7d37d,2021-09-10
370,CSA7001SBEV1,cycle_backlog_exact_model,1,0,0,0,old-30-Word97--0-16,原件/免征目录/mf_batch30.doc,e7fa3b47858ec2035b8055bc15be00b2b26920a5e8d3cad481058a80b92ead24,2020-03-13
371,CSA7001SBEV2,cycle_backlog_exact_model,1,0,0,0,old-33-Word97--0-58,原件/免征目录/mf_batch33.doc,ff98fbb1708c47cdcfc1e79e7a1647e72a7ae6d4255dce3b250d661001340c09,2020-07-21
372,CSA7001SBEV3,cycle_backlog_exact_model,1,0,0,0,old-33-Word97--0-59,原件/免征目录/mf_batch33.doc,ff98fbb1708c47cdcfc1e79e7a1647e72a7ae6d4255dce3b250d661001340c09,2020-07-21
373,CSA7001SBEV4,cycle_backlog_exact_model,1,0,0,0,old-41-Word97--0-36,原件/免征目录/mf_batch41.doc,ba4634c0877ebf99f8e462013e4a07e40f57478a4aaf921801a6c85a49c42b7f,2021-03-31
374,CSA7001SBEV5,cycle_backlog_exact_model,1,0,0,0,old-56-Word97--0-6,原件/免征目录/mf_batch56.doc,cbffdc0819640e8f18c11a2a277b26b2e043c81406533457ff225f4df1c6c068,2022-07-08
375,CSA7001UBEV1,cycle_backlog_exact_model,1,0,0,0,old-21-DOCX--0-19,原件/免征目录/mf_batch21.docx,cd981cecffd781db646c194ab2c853b0466cc86eea0f616e95300b88932b8d9b,2018-11-06
376,CSA7002CBEV1,cycle_backlog_exact_model,1,0,0,0,old-65-Word97--0-40,原件/免征目录/mf_batch65.doc,06a6a578a9a60516a845bc92deac49954438a789e9e4a7cf3cd140f256d9b13d,2023-05-09
377,CSA7002CBEV2,cycle_backlog_exact_model,1,0,0,0,old-65-Word97--0-39,原件/免征目录/mf_batch65.doc,06a6a578a9a60516a845bc92deac49954438a789e9e4a7cf3cd140f256d9b13d,2023-05-09
378,CSA7002CBEV3,cycle_backlog_exact_model,1,0,0,0,old-65-Word97--0-41,原件/免征目录/mf_batch65.doc,06a6a578a9a60516a845bc92deac49954438a789e9e4a7cf3cd140f256d9b13d,2023-05-09
379,CSA7002FBEV1,cycle_backlog_exact_model,1,0,0,0,old-13-PDF-grid-2-0-15,原件/免征目录/mf_batch13.pdf,e82c4f41c448edbb5269c95f2ff35d0c577f7ff0d12ff30b2d4c307a1aa31a6b,2017-10-30
380,CSA7002FBEV3,cycle_backlog_exact_model,1,0,0,0,old-20-DOCX--0-52,原件/免征目录/mf_batch20.docx,374d3f87551d75d1c163e76abb38f350ea93f8a2b8cad6174568c307d1cc0130,2018-09-19
381,CSA7002FBEV4,cycle_backlog_exact_model,1,0,0,0,old-20-DOCX--0-53,原件/免征目录/mf_batch20.docx,374d3f87551d75d1c163e76abb38f350ea93f8a2b8cad6174568c307d1cc0130,2018-09-19
382,CSA7002FBEV5,cycle_backlog_exact_model,1,0,0,0,old-23-Word97--0-60,原件/免征目录/mf_batch23.docx,87f838de0da3ba5887f77b2bf5c1dbf5b427e7cef896309a7084c11dd8f5efa0,2019-03-13
383,CSA7002FBEV6,cycle_backlog_exact_model,1,0,0,0,old-24-Word97--1-5,原件/免征目录/mf_batch24.wps,07775a0cb063fe0fce5880b9378dd1eb2522b725d645cabdee314d604779939d,2019-04-30
384,CSA7002FBEV7,cycle_backlog_exact_model,1,0,1,0,old-31-Word97--0-23,原件/免征目录/mf_batch31.doc,e1ccec4a87ab96ca346e5756d6b14369eb9727ec2c2cfd03c1182a592ddd3bee,2020-04-24
385,CSA7002FBEV8,cycle_backlog_exact_model,1,0,0,0,old-30-Word97--0-17,原件/免征目录/mf_batch30.doc,e7fa3b47858ec2035b8055bc15be00b2b26920a5e8d3cad481058a80b92ead24,2020-03-13
386,CSA7002FBEVA,cycle_backlog_exact_model,1,0,0,0,old-41-Word97--0-35,原件/免征目录/mf_batch41.doc,ba4634c0877ebf99f8e462013e4a07e40f57478a4aaf921801a6c85a49c42b7f,2021-03-31
387,CSA7002FSEV1,cycle_backlog_exact_model,1,0,0,0,old-35-Word97--0-8,原件/免征目录/mf_batch35.wps,e4a6abd0e50daa81d029f8b37584511354700e855dc89de210fcba782b0643f0,2020-09-21
388,CSA7002FSEV2,cycle_backlog_exact_model,1,0,0,0,old-35-Word97--0-9,原件/免征目录/mf_batch35.wps,e4a6abd0e50daa81d029f8b37584511354700e855dc89de210fcba782b0643f0,2020-09-21
389,CSA7002XBEV4,cycle_backlog_exact_model,1,0,0,0,old-59-Word97--0-16,原件/免征目录/mf_batch59.doc,32738e2df847e0c74ff96d48b8a13e1dd9c31aee84b7c0a633e2d9c8a3e01f86,2022-10-10
390,CSA7003DBEV1,cycle_backlog_exact_model,1,0,0,0,old-47-Word97--0-40,原件/免征目录/mf_batch47.doc,fb4517fe8220b10bc435a77a5328df13c732c70b335942dfad0ae9394affe9b4,2021-09-30
391,CSA7003DBEV2,cycle_backlog_exact_model,1,0,0,0,old-48-Word97--0-47,原件/免征目录/mf_batch48.doc,ee5aa19736215cfcb3b76ffff90bcd0d9108c61758ccb756f7d4ad17e75a835c,2021-11-05
392,CSA7003DBEV3,cycle_backlog_exact_model,1,0,0,0,old-68-Word97--0-31,原件/免征目录/mf_batch68.doc,58113d08377020d08de0aeb0e08ff63c4a4411dbe35ad69cfdd6f82fdf0fcc77,2023-08-16
393,CSA7003DBEV4,cycle_backlog_exact_model,1,0,0,0,old-68-Word97--0-29,原件/免征目录/mf_batch68.doc,58113d08377020d08de0aeb0e08ff63c4a4411dbe35ad69cfdd6f82fdf0fcc77,2023-08-16
394,CSA7005DBEV1,cycle_backlog_exact_model,1,0,0,0,old-59-Word97--0-15,原件/免征目录/mf_batch59.doc,32738e2df847e0c74ff96d48b8a13e1dd9c31aee84b7c0a633e2d9c8a3e01f86,2022-10-10
395,CSA7005DBEV2,cycle_backlog_exact_model,1,0,1,0,old-59-Word97--0-14,原件/免征目录/mf_batch59.doc,32738e2df847e0c74ff96d48b8a13e1dd9c31aee84b7c0a633e2d9c8a3e01f86,2022-10-10
396,CSA7005DBEV3,cycle_backlog_exact_model,1,0,1,0,old-59-Word97--0-12,原件/免征目录/mf_batch59.doc,32738e2df847e0c74ff96d48b8a13e1dd9c31aee84b7c0a633e2d9c8a3e01f86,2022-10-10
397,CSA7005DBEV4,cycle_backlog_exact_model,1,0,1,0,old-62-Word97--0-66,原件/免征目录/mf_batch62.doc,7694ac7207998b6af7c895cdd2c1d752421df436d4b28f83195261dd47f6509c,2023-02-20
398,CSA7005DBEV5,cycle_backlog_exact_model,1,0,1,0,old-62-Word97--0-65,原件/免征目录/mf_batch62.doc,7694ac7207998b6af7c895cdd2c1d752421df436d4b28f83195261dd47f6509c,2023-02-20
399,CSA7005DSEV2,cycle_backlog_exact_model,1,0,1,0,old-62-Word97--0-63,原件/免征目录/mf_batch62.doc,7694ac7207998b6af7c895cdd2c1d752421df436d4b28f83195261dd47f6509c,2023-02-20
400,CSA7005DSEV3,cycle_backlog_exact_model,1,0,1,0,old-62-Word97--0-64,原件/免征目录/mf_batch62.doc,7694ac7207998b6af7c895cdd2c1d752421df436d4b28f83195261dd47f6509c,2023-02-20
401,CSA7009DBEV2,cycle_backlog_exact_model,1,0,0,0,old-68-Word97--0-33,原件/免征目录/mf_batch68.doc,58113d08377020d08de0aeb0e08ff63c4a4411dbe35ad69cfdd6f82fdf0fcc77,2023-08-16
402,CSA7009DBEV4,cycle_backlog_exact_model,1,0,0,0,old-68-Word97--0-34,原件/免征目录/mf_batch68.doc,58113d08377020d08de0aeb0e08ff63c4a4411dbe35ad69cfdd6f82fdf0fcc77,2023-08-16
403,CVEV2WD,cycle_backlog_exact_model,1,0,0,0,old-68-Word97--0-10,原件/免征目录/mf_batch68.doc,58113d08377020d08de0aeb0e08ff63c4a4411dbe35ad69cfdd6f82fdf0fcc77,2023-08-16
404,CVEV4WD,cycle_backlog_exact_model,1,0,0,0,old-68-Word97--0-8,原件/免征目录/mf_batch68.doc,58113d08377020d08de0aeb0e08ff63c4a4411dbe35ad69cfdd6f82fdf0fcc77,2023-08-16
405,CVEVGT4WD,cycle_backlog_exact_model,1,0,0,0,old-68-Word97--0-9,原件/免征目录/mf_batch68.doc,58113d08377020d08de0aeb0e08ff63c4a4411dbe35ad69cfdd6f82fdf0fcc77,2023-08-16
406,DC7002XAAXBEVG,cycle_backlog_exact_model,1,0,0,0,old-37-Word97--0-34,原件/免征目录/mf_batch37.doc,136057faede292d8070763e326c8dbdcddf3790653cc6879a13758f91556881f,2020-11-30
407,DC7002XAAYBEVH,cycle_backlog_exact_model,1,0,0,0,old-37-Word97--0-35,原件/免征目录/mf_batch37.doc,136057faede292d8070763e326c8dbdcddf3790653cc6879a13758f91556881f,2020-11-30
408,DC7002XAAYBEVJ,cycle_backlog_exact_model,1,0,0,0,old-37-Word97--0-36,原件/免征目录/mf_batch37.doc,136057faede292d8070763e326c8dbdcddf3790653cc6879a13758f91556881f,2020-11-30
409,DD7000BEVWRA1,cycle_backlog_exact_model,1,0,0,0,old-61-Word97--0-19,原件/免征目录/mf_batch61.doc,d360a77695ccf20f3c17a354a1dd02fc846a7ae8bd18b41492515881a7240b72,2022-12-19
410,DFA7000A1F2BEV,cycle_backlog_exact_model,1,0,0,0,old-17-PDF-grid-1-0-12,原件/免征目录/mf_batch17.pdf,577a4ba9c586fe08565f6a60e6de5474698031566d8dcef484cd44335879e334,2018-04-16
411,DFA7000A1F4BEV,cycle_backlog_exact_model,1,0,0,0,old-20-DOCX--0-10,原件/免征目录/mf_batch20.docx,374d3f87551d75d1c163e76abb38f350ea93f8a2b8cad6174568c307d1cc0130,2018-09-19
412,DFA7000A1F5BEV,cycle_backlog_exact_model,1,0,0,0,old-19-DOCX--0-15,原件/免征目录/mf_batch19.docx,fafd1558aa0f21067847c19bdd0a95c79b919737be7b07b87c4538107fb2b8e3,2018-07-31
413,DFA7000A1F6BEV,cycle_backlog_exact_model,1,0,0,0,old-19-DOCX--0-16,原件/免征目录/mf_batch19.docx,fafd1558aa0f21067847c19bdd0a95c79b919737be7b07b87c4538107fb2b8e3,2018-07-31
414,DFA7000A1F7BEV,cycle_backlog_exact_model,1,0,0,0,old-20-DOCX--0-11,原件/免征目录/mf_batch20.docx,374d3f87551d75d1c163e76abb38f350ea93f8a2b8cad6174568c307d1cc0130,2018-09-19
415,DFA7000A1F8BEV,cycle_backlog_exact_model,1,0,0,0,old-23-Word97--0-11,原件/免征目录/mf_batch23.docx,87f838de0da3ba5887f77b2bf5c1dbf5b427e7cef896309a7084c11dd8f5efa0,2019-03-13
416,DFA7000A1FABEV,cycle_backlog_exact_model,1,0,0,0,old-24-Word97--2-15,原件/免征目录/mf_batch24.wps,07775a0cb063fe0fce5880b9378dd1eb2522b725d645cabdee314d604779939d,2019-04-30
417,DFA7000A1FDBEV,cycle_backlog_exact_model,1,0,0,0,old-25-Word97--0-60,原件/免征目录/mf_batch25.wps,9d2abe319463522513fe9c90f98bb8d0a825b599267d0b3cc403cec9624b3297,2019-06-12
418,DFA7000A1FESEV,cycle_backlog_exact_model,1,0,0,0,old-45-Word97--0-7,原件/免征目录/mf_batch45.doc,56f5e7c5fd36e990024f8121006a76da260361f4e4660846e78255d007126f7a,2021-08-10
419,DFA7000C1A1BEV,cycle_backlog_exact_model,1,0,0,0,old-20-DOCX--0-12,原件/免征目录/mf_batch20.docx,374d3f87551d75d1c163e76abb38f350ea93f8a2b8cad6174568c307d1cc0130,2018-09-19
420,DFA7000C1A2BEV,cycle_backlog_exact_model,1,0,0,0,old-26-DOCX--0-36,原件/免征目录/mf_batch26.docx,de0890335ef3a4f1302a8a0735ec8b6aed52e994e2635db481820060d62248b5,2019-08-30
421,DFA7000C1A3BEV,cycle_backlog_exact_model,1,0,0,0,old-26-DOCX--0-37,原件/免征目录/mf_batch26.docx,de0890335ef3a4f1302a8a0735ec8b6aed52e994e2635db481820060d62248b5,2019-08-30
422,DFA7000C1A4BEV,cycle_backlog_exact_model,1,0,0,0,old-27-Word97--0-6,原件/免征目录/mf_batch27.doc,2bd67cf7e1efc03ae93942d0d340ffef87478709520383b6ee4d08baf843ead1,2019-10-25
423,DFA7000C1A5BEV,cycle_backlog_exact_model,1,0,0,0,old-27-Word97--0-7,原件/免征目录/mf_batch27.doc,2bd67cf7e1efc03ae93942d0d340ffef87478709520383b6ee4d08baf843ead1,2019-10-25
424,DFA7000C1A6BEV,cycle_backlog_exact_model,1,0,0,0,old-32-Word97--0-4,原件/免征目录/mf_batch32.doc,ad7c65b4831a05b7c70e1e73fe834aa9beed883c66f898e799fcbbeb43cc3d75,2020-06-02
425,DFA7000C1A7BEV,cycle_backlog_exact_model,1,0,0,0,old-32-Word97--0-5,原件/免征目录/mf_batch32.doc,ad7c65b4831a05b7c70e1e73fe834aa9beed883c66f898e799fcbbeb43cc3d75,2020-06-02
426,DFA7000C1A8BEV,cycle_backlog_exact_model,1,0,0,0,old-32-Word97--0-6,原件/免征目录/mf_batch32.doc,ad7c65b4831a05b7c70e1e73fe834aa9beed883c66f898e799fcbbeb43cc3d75,2020-06-02
427,DFA7000F1A1BEV,cycle_backlog_exact_model,1,0,0,0,old-15-PDF-grid-1-0-10,原件/免征目录/mf_batch15.pdf,bbb3b1e38c535c13d6ef1bc1f4105509476c91a7e63723dc7a70e372904d90f4,2017-12-19
428,DFA7000G1F2BEV,cycle_backlog_exact_model,1,0,0,0,old-10-PDF-grid-1-0-19,原件/免征目录/mf_batch10.pdf,ac1b1ad2605b4f24762fb1f01cea64b685393577d01648618fa1882bb5700ac3,2017-04-27
429,DFA7000G1F3BEV,cycle_backlog_exact_model,1,0,0,0,old-10-PDF-grid-1-0-18,原件/免征目录/mf_batch10.pdf,ac1b1ad2605b4f24762fb1f01cea64b685393577d01648618fa1882bb5700ac3,2017-04-27
430,DFA7000G1F4BEV,cycle_backlog_exact_model,1,0,0,0,old-12-PDF-grid-1-0-10,原件/免征目录/mf_batch12.pdf,afbd7133ccf901dbdc065b2ff80768450dc901def8d216cf5bb87baa98f7a1e2,2017-09-05
431,DFA7000G1F5BEV,cycle_backlog_exact_model,1,0,0,0,old-17-PDF-grid-1-0-14,原件/免征目录/mf_batch17.pdf,577a4ba9c586fe08565f6a60e6de5474698031566d8dcef484cd44335879e334,2018-04-16
432,DFA7000G1F6BEV,cycle_backlog_exact_model,1,0,0,0,old-17-PDF-grid-1-0-15,原件/免征目录/mf_batch17.pdf,577a4ba9c586fe08565f6a60e6de5474698031566d8dcef484cd44335879e334,2018-04-16
433,DFA7000G1F7BEV,cycle_backlog_exact_model,1,0,0,0,old-18-Word97--0-5,原件/免征目录/mf_batch18.doc,43f5426f7f80996ee11a894710d7229c743abf7ad69ba239f61075e0a9ddd37a,2018-06-19
434,DFA7000L2ABEV,cycle_backlog_exact_model,1,0,0,0,old-07-PDF-grid-1-0-4,原件/免征目录/mf_batch07.pdf,ad8e7f0576c7261a718e5a561358462b598d617361c6f02d7a14fb2038b758b0,2016-04-15
435,DFA7000L2ABEV1,cycle_backlog_exact_model,1,0,0,0,old-07-PDF-grid-1-0-5,原件/免征目录/mf_batch07.pdf,ad8e7f0576c7261a718e5a561358462b598d617361c6f02d7a14fb2038b758b0,2016-04-15
436,DFA7000L2ABEV2,cycle_backlog_exact_model,1,0,0,0,old-07-PDF-grid-1-0-6,原件/免征目录/mf_batch07.pdf,ad8e7f0576c7261a718e5a561358462b598d617361c6f02d7a14fb2038b758b0,2016-04-15
437,DFA7000L2ABEV3,cycle_backlog_exact_model,1,0,0,0,old-10-PDF-grid-1-0-21,原件/免征目录/mf_batch10.pdf,ac1b1ad2605b4f24762fb1f01cea64b685393577d01648618fa1882bb5700ac3,2017-04-27
438,DFA7000L2ABEV4,cycle_backlog_exact_model,1,0,0,0,old-19-DOCX--0-17,原件/免征目录/mf_batch19.docx,fafd1558aa0f21067847c19bdd0a95c79b919737be7b07b87c4538107fb2b8e3,2018-07-31
439,DFL6460NAU1BEV,cycle_backlog_exact_model,1,0,1,0,old-54-Word97--0-36,原件/免征目录/mf_batch54.doc,e4ce106fc0fb21bc61cac40ff0de97e60dff2d18b5b7d24c494bb74873312fd7,2022-05-12
440,DFL6460NAU2BEV,cycle_backlog_exact_model,1,0,1,0,old-54-Word97--0-35,原件/免征目录/mf_batch54.doc,e4ce106fc0fb21bc61cac40ff0de97e60dff2d18b5b7d24c494bb74873312fd7,2022-05-12
441,DFL6460NAU3BEV,cycle_backlog_exact_model,1,0,0,0,old-58-Word97--0-9,原件/免征目录/mf_batch58.doc,b642358bb3078d2dde909a798935c0c1fc75d90f22b33f7c48aa87209acc100d,2022-09-16
442,DFL6460NAU4BEV,cycle_backlog_exact_model,1,0,0,0,old-60-Word97--0-20,原件/免征目录/mf_batch60.doc,aabd19e9a0955380873798454b18b3bb15c87937dffcbb0ccfab2eae3bf3551b,2022-11-09
443,DFL6460NEU1BEV,cycle_backlog_exact_model,1,0,1,0,old-54-Word97--0-34,原件/免征目录/mf_batch54.doc,e4ce106fc0fb21bc61cac40ff0de97e60dff2d18b5b7d24c494bb74873312fd7,2022-05-12
444,DFL6460NEU2BEV,cycle_backlog_exact_model,1,0,0,0,old-54-Word97--0-33,原件/免征目录/mf_batch54.doc,e4ce106fc0fb21bc61cac40ff0de97e60dff2d18b5b7d24c494bb74873312fd7,2022-05-12
445,DFL6470NA51BEV,cycle_backlog_exact_model,1,0,0,0,old-68-Word97--0-2,原件/免征目录/mf_batch68.doc,58113d08377020d08de0aeb0e08ff63c4a4411dbe35ad69cfdd6f82fdf0fcc77,2023-08-16
446,DFL6470NA52BEV,cycle_backlog_exact_model,1,0,0,0,old-71-Word97--0-14,原件/免征目录/mf_batch71.doc,b37b78b64b8ef7e12e6e95d6fd27a4a6e364c0c83ba403ffcf3bca82c60e3460,2023-11-20
447,DFL7000B2BEV,cycle_backlog_exact_model,1,0,0,0,old-01-PDF-grid-1-0-9,原件/免征目录/mf_batch01.pdf,eac13628c37f01c4da157a2d1916d97acc81fdc295f18e1783549075ce7e5aa7,2014-08-27
448,DFL7000NA62BEV,cycle_backlog_exact_model,1,0,0,0,old-24-Word97--2-14,原件/免征目录/mf_batch24.wps,07775a0cb063fe0fce5880b9378dd1eb2522b725d645cabdee314d604779939d,2019-04-30
449,DFL7000NA63BEV,cycle_backlog_exact_model,1,0,1,0,old-31-Word97--0-2,原件/免征目录/mf_batch31.doc,e1ccec4a87ab96ca346e5756d6b14369eb9727ec2c2cfd03c1182a592ddd3bee,2020-04-24
450,DFL7000NA64SEV,cycle_backlog_exact_model,1,0,0,0,old-46-Word97--0-17,原件/免征目录/mf_batch46.doc,a4b2048b3d5c29a8969f0348e9fd19a3293f0c23e6f37a48bf42a2ed70c7d37d,2021-09-10
451,DFL7000NA65BEV,cycle_backlog_exact_model,1,0,0,0,old-46-Word97--0-16,原件/免征目录/mf_batch46.doc,a4b2048b3d5c29a8969f0348e9fd19a3293f0c23e6f37a48bf42a2ed70c7d37d,2021-09-10
452,DFL7000NA67BEV,cycle_backlog_exact_model,1,0,0,0,old-56-Word97--0-24,原件/免征目录/mf_batch56.doc,cbffdc0819640e8f18c11a2a277b26b2e043c81406533457ff225f4df1c6c068,2022-07-08
453,DFL7000NA68BEV,cycle_backlog_exact_model,1,0,0,0,old-60-Word97--0-19,原件/免征目录/mf_batch60.doc,aabd19e9a0955380873798454b18b3bb15c87937dffcbb0ccfab2eae3bf3551b,2022-11-09
454,DFL7000NA69BEV,cycle_backlog_exact_model,1,0,1,0,old-58-Word97--0-8,原件/免征目录/mf_batch58.doc,b642358bb3078d2dde909a798935c0c1fc75d90f22b33f7c48aa87209acc100d,2022-09-16
455,DFL7000NA81BEV,cycle_backlog_exact_model,1,0,0,0,old-27-Word97--0-5,原件/免征目录/mf_batch27.doc,2bd67cf7e1efc03ae93942d0d340ffef87478709520383b6ee4d08baf843ead1,2019-10-25
456,DFL7000NAH1BEV,cycle_backlog_exact_model,1,0,0,0,old-18-Word97--0-6,原件/免征目录/mf_batch18.doc,43f5426f7f80996ee11a894710d7229c743abf7ad69ba239f61075e0a9ddd37a,2018-06-19
457,DFL7000NAH2BEV,cycle_backlog_exact_model,1,0,0,0,old-23-Word97--0-13,原件/免征目录/mf_batch23.docx,87f838de0da3ba5887f77b2bf5c1dbf5b427e7cef896309a7084c11dd8f5efa0,2019-03-13
458,DFL7001NA61BEV,cycle_backlog_exact_model,1,0,0,0,old-60-Word97--0-18,原件/免征目录/mf_batch60.doc,aabd19e9a0955380873798454b18b3bb15c87937dffcbb0ccfab2eae3bf3551b,2022-11-09
459,DFL7001NA62BEV,cycle_backlog_exact_model,1,0,0,0,old-60-Word97--0-17,原件/免征目录/mf_batch60.doc,aabd19e9a0955380873798454b18b3bb15c87937dffcbb0ccfab2eae3bf3551b,2022-11-09
460,DFL7001NAZ1SEV,cycle_backlog_exact_model,1,0,0,0,old-41-Word97--0-12,原件/免征目录/mf_batch41.doc,ba4634c0877ebf99f8e462013e4a07e40f57478a4aaf921801a6c85a49c42b7f,2021-03-31
461,DFL7001NNY1BEV,cycle_backlog_exact_model,1,0,0,0,old-46-Word97--0-18,原件/免征目录/mf_batch46.doc,a4b2048b3d5c29a8969f0348e9fd19a3293f0c23e6f37a48bf42a2ed70c7d37d,2021-09-10
462,DFL7001NNY2BEV,cycle_backlog_exact_model,1,0,0,0,old-46-Word97--0-21,原件/免征目录/mf_batch46.doc,a4b2048b3d5c29a8969f0348e9fd19a3293f0c23e6f37a48bf42a2ed70c7d37d,2021-09-10
463,DFL7001NNY3BEV,cycle_backlog_exact_model,1,0,0,0,old-46-Word97--0-20,原件/免征目录/mf_batch46.doc,a4b2048b3d5c29a8969f0348e9fd19a3293f0c23e6f37a48bf42a2ed70c7d37d,2021-09-10
464,DFL7001NNY4BEV,cycle_backlog_exact_model,1,0,0,0,old-46-Word97--0-19,原件/免征目录/mf_batch46.doc,a4b2048b3d5c29a8969f0348e9fd19a3293f0c23e6f37a48bf42a2ed70c7d37d,2021-09-10
465,DFM6473M5F1BEV,cycle_backlog_exact_model,1,0,0,0,old-68-Word97--0-3,原件/免征目录/mf_batch68.doc,58113d08377020d08de0aeb0e08ff63c4a4411dbe35ad69cfdd6f82fdf0fcc77,2023-08-16
466,DFM7000A2F1BEV,cycle_backlog_exact_model,1,0,0,0,old-70-Word97--0-7,原件/免征目录/mf_batch70.doc,29b9f5df62602e114f0ed01426c185fdb15a654022cdf16d4df624bb736ed813,2023-10-18
467,DFM7000A2FBEV,cycle_backlog_exact_model,1,0,0,0,old-70-Word97--0-6,原件/免征目录/mf_batch70.doc,29b9f5df62602e114f0ed01426c185fdb15a654022cdf16d4df624bb736ed813,2023-10-18
468,DFM7000G1A1BEV,cycle_backlog_exact_model,1,0,0,0,mf29-t0-r1,原件/mf_batch29.doc,8d24a01958cc6d44fa7826ecbb6a76869b9a0f2c98b97597d57af02932f2afaf,2019-12-27
469,DFM7000G1A2BEV,cycle_backlog_exact_model,1,0,0,0,old-47-Word97--0-5,原件/免征目录/mf_batch47.doc,fb4517fe8220b10bc435a77a5328df13c732c70b335942dfad0ae9394affe9b4,2021-09-30
470,DFM7000G1A3BEV,cycle_backlog_exact_model,1,0,0,0,old-38-Word97--0-7,原件/免征目录/mf_batch38.doc,7c9def45fe5c40e4c5ffb483a1d1efd383c12cb16a5c4ba021d4ce28384776de,2020-12-30
471,DFM7000G1ABEV,cycle_backlog_exact_model,1,0,0,0,old-05-PDF-grid-1-0-5,原件/免征目录/mf_batch05.pdf,658aa5fbf13859a9bbe1db6235da2f7e79fc325cc34e4c0ec1ffab7f8cc2ebca,2015-09-11
472,DFM7000G1ABEV1,cycle_backlog_exact_model,1,0,0,0,old-10-PDF-grid-1-0-20,原件/免征目录/mf_batch10.pdf,ac1b1ad2605b4f24762fb1f01cea64b685393577d01648618fa1882bb5700ac3,2017-04-27
473,DFM7000G1BBEV,cycle_backlog_exact_model,1,0,0,0,old-10-PDF-grid-1-0-17,原件/免征目录/mf_batch10.pdf,ac1b1ad2605b4f24762fb1f01cea64b685393577d01648618fa1882bb5700ac3,2017-04-27
474,DFM7000G1F2BEV,cycle_backlog_exact_model,1,0,0,0,old-12-PDF-grid-1-0-9,原件/免征目录/mf_batch12.pdf,afbd7133ccf901dbdc065b2ff80768450dc901def8d216cf5bb87baa98f7a1e2,2017-09-05
475,DFM7000G1F3BEV,cycle_backlog_exact_model,1,0,0,0,old-12-PDF-grid-1-0-8,原件/免征目录/mf_batch12.pdf,afbd7133ccf901dbdc065b2ff80768450dc901def8d216cf5bb87baa98f7a1e2,2017-09-05
476,DFM7000G1F3PBEV,cycle_backlog_exact_model,1,0,0,0,old-20-DOCX--0-14,原件/免征目录/mf_batch20.docx,374d3f87551d75d1c163e76abb38f350ea93f8a2b8cad6174568c307d1cc0130,2018-09-19
477,DFM7000G1F6BEV,cycle_backlog_exact_model,1,0,0,0,old-19-DOCX--0-18,原件/免征目录/mf_batch19.docx,fafd1558aa0f21067847c19bdd0a95c79b919737be7b07b87c4538107fb2b8e3,2018-07-31
478,DFM7000G1F6PBEV,cycle_backlog_exact_model,1,0,0,0,old-22-Word97--0-4,原件/免征目录/mf_batch22.doc,eaf3fc1e64742af85b3d4bc90388d0a93154a497fd6c1fb9bf73b857672e1212,2018-12-18
479,DFM7000G1F7BEV,cycle_backlog_exact_model,1,0,0,0,old-22-Word97--0-5,原件/免征目录/mf_batch22.doc,eaf3fc1e64742af85b3d4bc90388d0a93154a497fd6c1fb9bf73b857672e1212,2018-12-18
480,DFM7000G1F8BEV,cycle_backlog_exact_model,1,0,0,0,mf29-t0-r2,原件/mf_batch29.doc,8d24a01958cc6d44fa7826ecbb6a76869b9a0f2c98b97597d57af02932f2afaf,2019-12-27
481,DFM7000G1F8PBEV,cycle_backlog_exact_model,1,0,0,0,old-37-Word97--0-9,原件/免征目录/mf_batch37.doc,136057faede292d8070763e326c8dbdcddf3790653cc6879a13758f91556881f,2020-11-30
482,DFM7000G1F9BEV,cycle_backlog_exact_model,1,0,0,0,old-32-Word97--0-7,原件/免征目录/mf_batch32.doc,ad7c65b4831a05b7c70e1e73fe834aa9beed883c66f898e799fcbbeb43cc3d75,2020-06-02
483,DFM7000G1F9PBEV,cycle_backlog_exact_model,1,0,0,0,old-38-Word97--0-6,原件/免征目录/mf_batch38.doc,7c9def45fe5c40e4c5ffb483a1d1efd383c12cb16a5c4ba021d4ce28384776de,2020-12-30
484,DFM7000G1FABEV,cycle_backlog_exact_model,1,0,0,0,old-33-Word97--0-6,原件/免征目录/mf_batch33.doc,ff98fbb1708c47cdcfc1e79e7a1647e72a7ae6d4255dce3b250d661001340c09,2020-07-21
485,DFM7000H2ABEV,cycle_backlog_exact_model,1,0,0,0,old-02-PDF-grid-1-0-11,原件/免征目录/mf_batch02.pdf,0b13b4fd2de6c4de3ab0f8add88bb8d24354d05ca6af46904fe1065c53c9c519,2014-10-29
486,DFM7000H2ABEV1,cycle_backlog_exact_model,1,0,0,0,old-07-PDF-grid-1-0-7,原件/免征目录/mf_batch07.pdf,ad8e7f0576c7261a718e5a561358462b598d617361c6f02d7a14fb2038b758b0,2016-04-15
487,DFM7000H2DBEV,cycle_backlog_exact_model,1,0,0,0,old-02-PDF-grid-1-0-14,原件/免征目录/mf_batch02.pdf,0b13b4fd2de6c4de3ab0f8add88bb8d24354d05ca6af46904fe1065c53c9c519,2014-10-29
488,DFM7000H2DBEV1,cycle_backlog_exact_model,1,0,0,0,old-06-PDF-grid-1-0-5,原件/免征目录/mf_batch06.pdf,df226dc3953484911afdd265072593abc08c9f66d52a1df7492e215ce15c9b54,2015-11-25
489,DFM7000N1FBEV,cycle_backlog_exact_model,1,0,0,0,old-28-Word97--0-3,原件/免征目录/mf_batch28.doc,dfe1b301a5e8373e94e0e4a2fccee3d258c56bb662e4928764a71274142acd72,2019-12-10
490,DFM7000S1F4BEV,cycle_backlog_exact_model,1,0,0,0,old-71-Word97--0-16,原件/免征目录/mf_batch71.doc,b37b78b64b8ef7e12e6e95d6fd27a4a6e364c0c83ba403ffcf3bca82c60e3460,2023-11-20
491,DFM7000S1F5BEV,cycle_backlog_exact_model,1,0,0,0,old-71-Word97--0-17,原件/免征目录/mf_batch71.doc,b37b78b64b8ef7e12e6e95d6fd27a4a6e364c0c83ba403ffcf3bca82c60e3460,2023-11-20
492,DFM7000S1F6BEV,cycle_backlog_exact_model,1,0,0,0,old-71-Word97--0-15,原件/免征目录/mf_batch71.doc,b37b78b64b8ef7e12e6e95d6fd27a4a6e364c0c83ba403ffcf3bca82c60e3460,2023-11-20
493,DFM7001G1F1BEV,cycle_backlog_exact_model,1,0,0,0,old-37-Word97--0-10,原件/免征目录/mf_batch37.doc,136057faede292d8070763e326c8dbdcddf3790653cc6879a13758f91556881f,2020-11-30
494,DFM7001G1F2BEV,cycle_backlog_exact_model,1,0,0,0,old-37-Word97--0-11,原件/免征目录/mf_batch37.doc,136057faede292d8070763e326c8dbdcddf3790653cc6879a13758f91556881f,2020-11-30
495,DFM7001G1F2SBEV,cycle_backlog_exact_model,1,0,0,0,old-61-Word97--0-20,原件/免征目录/mf_batch61.doc,d360a77695ccf20f3c17a354a1dd02fc846a7ae8bd18b41492515881a7240b72,2022-12-19
496,DFM7001G1F3BEV,cycle_backlog_exact_model,1,0,0,0,old-37-Word97--0-12,原件/免征目录/mf_batch37.doc,136057faede292d8070763e326c8dbdcddf3790653cc6879a13758f91556881f,2020-11-30
497,DFM7001G1F6BEV,cycle_backlog_exact_model,1,0,0,0,old-47-Word97--0-7,原件/免征目录/mf_batch47.doc,fb4517fe8220b10bc435a77a5328df13c732c70b335942dfad0ae9394affe9b4,2021-09-30
498,DFM7001G1F7BEV,cycle_backlog_exact_model,1,0,0,0,old-47-Word97--0-9,原件/免征目录/mf_batch47.doc,fb4517fe8220b10bc435a77a5328df13c732c70b335942dfad0ae9394affe9b4,2021-09-30
499,DFM7002G1F1BEV,cycle_backlog_exact_model,1,0,0,0,old-47-Word97--0-8,原件/免征目录/mf_batch47.doc,fb4517fe8220b10bc435a77a5328df13c732c70b335942dfad0ae9394affe9b4,2021-09-30
500,DFM7002G1F2BEV,cycle_backlog_exact_model,1,0,0,0,old-41-Word97--0-13,原件/免征目录/mf_batch41.doc,ba4634c0877ebf99f8e462013e4a07e40f57478a4aaf921801a6c85a49c42b7f,2021-03-31
501,DFM7002G1F4BEV,cycle_backlog_exact_model,1,0,0,0,old-53-Word97--0-16,原件/免征目录/mf_batch53.doc,a1f426ff77c80bce4d153fbfb6d01a7b6c6c87539f52ac4643edb7b060e21d2a,2022-04-08
502,DFM7002G1F7BEV,cycle_backlog_exact_model,1,0,0,0,old-52-Word97--0-12,原件/免征目录/mf_batch52.doc,650a1430fd7c9a9139970f857a0382498bfd368fe64a95f24c17ca3f49dfa3cc,2022-03-08
503,DFM7002G1F8BEV,cycle_backlog_exact_model,1,0,1,0,old-55-Word97--0-24,原件/免征目录/mf_batch55.doc,0457d0430e9e7f114c91341a715405c3933dd4783762cd74b9871e4918ba887f,2022-06-01
504,DFM7002G1FABEV,cycle_backlog_exact_model,1,0,1,0,old-54-Word97--0-26,原件/免征目录/mf_batch54.doc,e4ce106fc0fb21bc61cac40ff0de97e60dff2d18b5b7d24c494bb74873312fd7,2022-05-12
505,DFM7002G1FBBEV,cycle_backlog_exact_model,1,0,0,0,old-63-Word97--0-5,原件/免征目录/mf_batch63.doc,1d0f4bf9c7c1f67712e9efa3a5e3222c30d4e438653b9335aaff9714e65f8c05,2023-03-10
506,DFM7002G1FCBEV,cycle_backlog_exact_model,1,0,0,0,old-64-Word97--0-7,原件/免征目录/mf_batch64.doc,c4e238989e7e40ec2c3a6a899ead170b4a745bc72546ba6fd4a5731d8890c6cb,2023-04-17
507,DFM7003G1F3BEV,cycle_backlog_exact_model,1,0,0,0,old-71-Word97--0-18,原件/免征目录/mf_batch71.doc,b37b78b64b8ef7e12e6e95d6fd27a4a6e364c0c83ba403ffcf3bca82c60e3460,2023-11-20
508,DHW7001DHBEV,cycle_backlog_exact_model,1,0,0,0,old-25-Word97--0-56,原件/免征目录/mf_batch25.wps,9d2abe319463522513fe9c90f98bb8d0a825b599267d0b3cc403cec9624b3297,2019-06-12
509,DHW7002DHBEV,cycle_backlog_exact_model,1,0,0,0,old-25-Word97--0-57,原件/免征目录/mf_batch25.wps,9d2abe319463522513fe9c90f98bb8d0a825b599267d0b3cc403cec9624b3297,2019-06-12
510,DHW7003DHBEV,cycle_backlog_exact_model,1,0,0,0,old-33-Word97--0-5,原件/免征目录/mf_batch33.doc,ff98fbb1708c47cdcfc1e79e7a1647e72a7ae6d4255dce3b250d661001340c09,2020-07-21
511,DHW7003RSBEV,cycle_backlog_exact_model,1,0,0,0,old-60-Word97--0-22,原件/免征目录/mf_batch60.doc,aabd19e9a0955380873798454b18b3bb15c87937dffcbb0ccfab2eae3bf3551b,2022-11-09
512,DHW7004DHBEV,cycle_backlog_exact_model,1,0,0,0,old-34-Word97--0-6,原件/免征目录/mf_batch34.doc,d5c5bb03cc5fe0f16b284048e265ad35d62c12c0416f14aef0ce026a229aa831,2020-08-24
513,DHW7005DHBEV,cycle_backlog_exact_model,1,0,0,0,old-59-Word97--0-42,原件/免征目录/mf_batch59.doc,32738e2df847e0c74ff96d48b8a13e1dd9c31aee84b7c0a633e2d9c8a3e01f86,2022-10-10
514,DHW7006DHBEV,cycle_backlog_exact_model,1,0,0,0,old-64-Word97--0-8,原件/免征目录/mf_batch64.doc,c4e238989e7e40ec2c3a6a899ead170b4a745bc72546ba6fd4a5731d8890c6cb,2023-04-17
515,DN7000LBEV,cycle_backlog_exact_model,1,0,0,0,old-05-PDF-grid-1-0-6,原件/免征目录/mf_batch05.pdf,658aa5fbf13859a9bbe1db6235da2f7e79fc325cc34e4c0ec1ffab7f8cc2ebca,2015-09-11
516,DN7000MBEV,cycle_backlog_exact_model,1,0,0,0,old-01-PDF-grid-1-0-10,原件/免征目录/mf_batch01.pdf,eac13628c37f01c4da157a2d1916d97acc81fdc295f18e1783549075ce7e5aa7,2014-08-27
517,DN7001MBEV,cycle_backlog_exact_model,1,0,0,0,old-04-PDF-grid-1-0-6,原件/免征目录/mf_batch04.pdf,7539cd299efb49a366656a4da32393075bcb03a5e10ea54e975f82f6099d9c81,2015-05-08
518,DN7003MBEV,cycle_backlog_exact_model,1,0,0,0,old-07-PDF-grid-1-0-8,原件/免征目录/mf_batch07.pdf,ad8e7f0576c7261a718e5a561358462b598d617361c6f02d7a14fb2038b758b0,2016-04-15
519,DN7004MBEV,cycle_backlog_exact_model,1,0,0,0,old-09-PDF-grid-2-0-2,原件/免征目录/mf_batch09.pdf,7eea7200c04fefec34f6ae6db5a1bae77f82a534348f266e95575cae051c8c8c,2016-12-06
520,DN7005MBEV,cycle_backlog_exact_model,1,0,0,0,old-09-PDF-grid-2-0-3,原件/免征目录/mf_batch09.pdf,7eea7200c04fefec34f6ae6db5a1bae77f82a534348f266e95575cae051c8c8c,2016-12-06
521,DN7006MBEV,cycle_backlog_exact_model,1,0,0,0,old-10-PDF-grid-1-0-23,原件/免征目录/mf_batch10.pdf,ac1b1ad2605b4f24762fb1f01cea64b685393577d01648618fa1882bb5700ac3,2017-04-27
522,DN7007GBEV4,cycle_backlog_exact_model,1,0,0,0,old-26-DOCX--0-41,原件/免征目录/mf_batch26.docx,de0890335ef3a4f1302a8a0735ec8b6aed52e994e2635db481820060d62248b5,2019-08-30
523,DN7007HBEVS3,cycle_backlog_exact_model,1,0,0,0,old-19-DOCX--0-19,原件/免征目录/mf_batch19.docx,fafd1558aa0f21067847c19bdd0a95c79b919737be7b07b87c4538107fb2b8e3,2018-07-31
524,DN7007MBEV,cycle_backlog_exact_model,1,0,0,0,old-14-Word97--0-12,原件/免征目录/mf_batch14.docx,6a48764b5ccb7c4ffa6f54daa44d3a42095b8a981fc982e774ddaaded41e9921,2017-12-05
525,DN7007MBEVS3,cycle_backlog_exact_model,1,0,0,0,old-19-DOCX--0-20,原件/免征目录/mf_batch19.docx,fafd1558aa0f21067847c19bdd0a95c79b919737be7b07b87c4538107fb2b8e3,2018-07-31
526,DN7008MBEVD,cycle_backlog_exact_model,1,0,0,0,old-21-DOCX--0-4,原件/免征目录/mf_batch21.docx,cd981cecffd781db646c194ab2c853b0466cc86eea0f616e95300b88932b8d9b,2018-11-06
527,DN7008MBEVS,cycle_backlog_exact_model,1,0,0,0,old-19-DOCX--0-21,原件/免征目录/mf_batch19.docx,fafd1558aa0f21067847c19bdd0a95c79b919737be7b07b87c4538107fb2b8e3,2018-07-31
528,DXK6450EC1BEV,cycle_backlog_exact_model,1,0,0,0,old-09-PDF-grid-1-0-21,原件/免征目录/mf_batch09.pdf,7eea7200c04fefec34f6ae6db5a1bae77f82a534348f266e95575cae051c8c8c,2016-12-06
529,DXK6450EC4BEV,cycle_backlog_exact_model,1,0,0,0,old-17-PDF-grid-1-0-16,原件/免征目录/mf_batch17.pdf,577a4ba9c586fe08565f6a60e6de5474698031566d8dcef484cd44335879e334,2018-04-16
530,DXK6450EC5BEV,cycle_backlog_exact_model,1,0,0,0,old-20-DOCX--0-15,原件/免征目录/mf_batch20.docx,374d3f87551d75d1c163e76abb38f350ea93f8a2b8cad6174568c307d1cc0130,2018-09-19
531,DXK6450EC6BEV,cycle_backlog_exact_model,1,0,0,0,old-22-Word97--0-3,原件/免征目录/mf_batch22.doc,eaf3fc1e64742af85b3d4bc90388d0a93154a497fd6c1fb9bf73b857672e1212,2018-12-18
532,DXK6450EC7BEV,cycle_backlog_exact_model,1,0,0,0,old-24-Word97--2-13,原件/免征目录/mf_batch24.wps,07775a0cb063fe0fce5880b9378dd1eb2522b725d645cabdee314d604779939d,2019-04-30
533,DXK6460HF2BEV,cycle_backlog_exact_model,1,0,0,0,old-47-Word97--0-10,原件/免征目录/mf_batch47.doc,fb4517fe8220b10bc435a77a5328df13c732c70b335942dfad0ae9394affe9b4,2021-09-30
534,DXK6460HF4BEV,cycle_backlog_exact_model,1,0,1,0,old-54-Word97--0-30,原件/免征目录/mf_batch54.doc,e4ce106fc0fb21bc61cac40ff0de97e60dff2d18b5b7d24c494bb74873312fd7,2022-05-12
535,DXK6600HTBEV,cycle_backlog_exact_model,1,0,0,0,old-62-Word97--0-5,原件/免征目录/mf_batch62.doc,7694ac7207998b6af7c895cdd2c1d752421df436d4b28f83195261dd47f6509c,2023-02-20
536,DXK7001RD10BEV,cycle_backlog_exact_model,1,0,0,0,old-48-Word97--0-17,原件/免征目录/mf_batch48.doc,ee5aa19736215cfcb3b76ffff90bcd0d9108c61758ccb756f7d4ad17e75a835c,2021-11-05
537,DXK7001RD11BEV,cycle_backlog_exact_model,1,0,0,0,old-52-Word97--0-11,原件/免征目录/mf_batch52.doc,650a1430fd7c9a9139970f857a0382498bfd368fe64a95f24c17ca3f49dfa3cc,2022-03-08
538,DXK7001RD15BEV,cycle_backlog_exact_model,1,0,0,0,old-55-Word97--0-21,原件/免征目录/mf_batch55.doc,0457d0430e9e7f114c91341a715405c3933dd4783762cd74b9871e4918ba887f,2022-06-01
539,DXK7001RD1BEV,cycle_backlog_exact_model,1,0,0,0,old-55-Word97--0-22,原件/免征目录/mf_batch55.doc,0457d0430e9e7f114c91341a715405c3933dd4783762cd74b9871e4918ba887f,2022-06-01
540,DXK7001RD2BEV,cycle_backlog_exact_model,1,0,1,1,old-54-Word97--0-31,原件/免征目录/mf_batch54.doc,e4ce106fc0fb21bc61cac40ff0de97e60dff2d18b5b7d24c494bb74873312fd7,2022-05-12
541,DXK7001RD4BEV,cycle_backlog_exact_model,1,0,0,0,old-50-Word97--0-23,原件/免征目录/mf_batch50.doc,3810672d92621612507384960254de602e629e75a308df22ee2291519445095e,2021-12-29
542,DXK7001RD5BEV,cycle_backlog_exact_model,1,0,1,1,old-54-Word97--0-32,原件/免征目录/mf_batch54.doc,e4ce106fc0fb21bc61cac40ff0de97e60dff2d18b5b7d24c494bb74873312fd7,2022-05-12
543,DXK7001RD7BEV,cycle_backlog_exact_model,1,0,0,0,old-48-Word97--0-16,原件/免征目录/mf_batch48.doc,ee5aa19736215cfcb3b76ffff90bcd0d9108c61758ccb756f7d4ad17e75a835c,2021-11-05
544,DXK7001RD9BEV,cycle_backlog_exact_model,1,0,0,0,old-48-Word97--0-15,原件/免征目录/mf_batch48.doc,ee5aa19736215cfcb3b76ffff90bcd0d9108c61758ccb756f7d4ad17e75a835c,2021-11-05
545,DXK7001RDBEV,cycle_backlog_exact_model,1,0,0,0,old-47-Word97--0-11,原件/免征目录/mf_batch47.doc,fb4517fe8220b10bc435a77a5328df13c732c70b335942dfad0ae9394affe9b4,2021-09-30
546,DYM7003BABEV,cycle_backlog_exact_model,1,0,0,0,old-20-DOCX--0-16,原件/免征目录/mf_batch20.docx,374d3f87551d75d1c163e76abb38f350ea93f8a2b8cad6174568c307d1cc0130,2018-09-19
547,DYM7003BBBEV,cycle_backlog_exact_model,1,0,0,0,old-24-Word97--2-16,原件/免征目录/mf_batch24.wps,07775a0cb063fe0fce5880b9378dd1eb2522b725d645cabdee314d604779939d,2019-04-30
548,DYM7009ABBEV,cycle_backlog_exact_model,1,0,0,0,old-12-PDF-grid-1-0-11,原件/免征目录/mf_batch12.pdf,afbd7133ccf901dbdc065b2ff80768450dc901def8d216cf5bb87baa98f7a1e2,2017-09-05
549,DYM7009ACBEV,cycle_backlog_exact_model,1,0,0,0,old-14-Word97--0-11,原件/免征目录/mf_batch14.docx,6a48764b5ccb7c4ffa6f54daa44d3a42095b8a981fc982e774ddaaded41e9921,2017-12-05
550,E1R5,cycle_backlog_exact_model,1,0,0,0,old-26-DOCX--0-84,原件/免征目录/mf_batch26.docx,de0890335ef3a4f1302a8a0735ec8b6aed52e994e2635db481820060d62248b5,2019-08-30
551,E3D5,cycle_backlog_exact_model,1,0,0,0,old-26-DOCX--0-69,原件/免征目录/mf_batch26.docx,de0890335ef3a4f1302a8a0735ec8b6aed52e994e2635db481820060d62248b5,2019-08-30
552,E3DP5,cycle_backlog_exact_model,1,0,0,0,old-26-DOCX--0-70,原件/免征目录/mf_batch26.docx,de0890335ef3a4f1302a8a0735ec8b6aed52e994e2635db481820060d62248b5,2019-08-30
553,E3R5,cycle_backlog_exact_model,1,0,0,0,old-26-DOCX--0-71,原件/免征目录/mf_batch26.docx,de0890335ef3a4f1302a8a0735ec8b6aed52e994e2635db481820060d62248b5,2019-08-30
554,ELECTRICUPEABAFA1001,cycle_backlog_exact_model,1,0,0,0,old-08-PDF-grid-2-0-11,原件/免征目录/mf_batch08.pdf,39b242717c026063c908426a890cd361f1165aa5729988d56303b2f8d5fb3b42,2016-06-16
555,EQ2040RMVBEV,cycle_backlog_exact_model,1,0,0,0,old-62-Word97--0-4,原件/免征目录/mf_batch62.doc,7694ac7207998b6af7c895cdd2c1d752421df436d4b28f83195261dd47f6509c,2023-02-20
556,EQ6490AL5F1BEV,cycle_backlog_exact_model,1,0,0,0,old-42-Word97--0-18,原件/免征目录/mf_batch42.doc,fef4fd8ea19d773d368642e51a4bdb24c148530251a2240be4ff1358d5d41fab,2021-04-30
557,EQ6490AL5F2BEV,cycle_backlog_exact_model,1,0,0,0,old-42-Word97--0-19,原件/免征目录/mf_batch42.doc,fef4fd8ea19d773d368642e51a4bdb24c148530251a2240be4ff1358d5d41fab,2021-04-30
558,EQ6491AL5F2BEV,cycle_backlog_exact_model,1,0,0,0,old-53-Word97--0-15,原件/免征目录/mf_batch53.doc,a1f426ff77c80bce4d153fbfb6d01a7b6c6c87539f52ac4643edb7b060e21d2a,2022-04-08
559,EQ6510LM5F1BEV,cycle_backlog_exact_model,1,0,0,0,old-13-PDF-grid-1-0-9,原件/免征目录/mf_batch13.pdf,e82c4f41c448edbb5269c95f2ff35d0c577f7ff0d12ff30b2d4c307a1aa31a6b,2017-10-30
560,EQ6530AL5F2BEV,cycle_backlog_exact_model,1,0,0,0,old-54-Word97--0-25,原件/免征目录/mf_batch54.doc,e4ce106fc0fb21bc61cac40ff0de97e60dff2d18b5b7d24c494bb74873312fd7,2022-05-12
561,EQ6531AL5F2BEV,cycle_backlog_exact_model,1,0,0,0,old-54-Word97--0-28,原件/免征目录/mf_batch54.doc,e4ce106fc0fb21bc61cac40ff0de97e60dff2d18b5b7d24c494bb74873312fd7,2022-05-12
562,EQ6532AL5F2BEV,cycle_backlog_exact_model,1,0,0,0,old-69-Word97--0-6,原件/免征目录/mf_batch69.doc,357d61a16c94488c9fdd761f393edb7029b05394ab06117abaebcba1a1e45546,2023-09-14
563,EQ6533AL5F2BEV,cycle_backlog_exact_model,1,0,0,0,old-69-Word97--0-7,原件/免征目录/mf_batch69.doc,357d61a16c94488c9fdd761f393edb7029b05394ab06117abaebcba1a1e45546,2023-09-14
564,EQ6534AL5F2BEV,cycle_backlog_exact_model,1,0,0,0,old-70-Word97--0-8,原件/免征目录/mf_batch70.doc,29b9f5df62602e114f0ed01426c185fdb15a654022cdf16d4df624bb736ed813,2023-10-18
565,EQ7000AL1F2BEV,cycle_backlog_exact_model,1,0,0,0,old-60-Word97--0-14,原件/免征目录/mf_batch60.doc,aabd19e9a0955380873798454b18b3bb15c87937dffcbb0ccfab2eae3bf3551b,2022-11-09
566,EQ7000FA2F1BEV,cycle_backlog_exact_model,1,0,0,0,old-25-Word97--0-62,原件/免征目录/mf_batch25.wps,9d2abe319463522513fe9c90f98bb8d0a825b599267d0b3cc403cec9624b3297,2019-06-12
567,EQ7000FD2F2BEV,cycle_backlog_exact_model,1,0,0,0,old-34-Word97--0-7,原件/免征目录/mf_batch34.doc,d5c5bb03cc5fe0f16b284048e265ad35d62c12c0416f14aef0ce026a229aa831,2020-08-24
568,EQ7000FD2F3BEV,cycle_backlog_exact_model,1,0,0,0,old-60-Word97--0-16,原件/免征目录/mf_batch60.doc,aabd19e9a0955380873798454b18b3bb15c87937dffcbb0ccfab2eae3bf3551b,2022-11-09
569,EQ7000FL2F1BEV,cycle_backlog_exact_model,1,0,0,0,old-25-Word97--0-63,原件/免征目录/mf_batch25.wps,9d2abe319463522513fe9c90f98bb8d0a825b599267d0b3cc403cec9624b3297,2019-06-12
570,EQ7000FR2F1BEV,cycle_backlog_exact_model,1,0,0,0,old-25-Word97--0-64,原件/免征目录/mf_batch25.wps,9d2abe319463522513fe9c90f98bb8d0a825b599267d0b3cc403cec9624b3297,2019-06-12
571,EQ7000FR2F2BEV,cycle_backlog_exact_model,1,0,0,0,old-34-Word97--0-8,原件/免征目录/mf_batch34.doc,d5c5bb03cc5fe0f16b284048e265ad35d62c12c0416f14aef0ce026a229aa831,2020-08-24
572,EQ7000FS2F1BEV,cycle_backlog_exact_model,1,0,0,0,old-25-Word97--0-65,原件/免征目录/mf_batch25.wps,9d2abe319463522513fe9c90f98bb8d0a825b599267d0b3cc403cec9624b3297,2019-06-12
573,EQ7000FV2F1BEV,cycle_backlog_exact_model,1,0,0,0,old-25-Word97--0-66,原件/免征目录/mf_batch25.wps,9d2abe319463522513fe9c90f98bb8d0a825b599267d0b3cc403cec9624b3297,2019-06-12
574,EQ7000LS1F1BEV,cycle_backlog_exact_model,1,0,0,0,old-13-PDF-grid-1-0-10,原件/免征目录/mf_batch13.pdf,e82c4f41c448edbb5269c95f2ff35d0c577f7ff0d12ff30b2d4c307a1aa31a6b,2017-10-30
575,EQ7001AL1F2BEV,cycle_backlog_exact_model,1,0,0,0,old-60-Word97--0-21,原件/免征目录/mf_batch60.doc,aabd19e9a0955380873798454b18b3bb15c87937dffcbb0ccfab2eae3bf3551b,2022-11-09
576,EQ7002AL1F2BEV,cycle_backlog_exact_model,1,0,0,0,old-70-Word97--0-9,原件/免征目录/mf_batch70.doc,29b9f5df62602e114f0ed01426c185fdb15a654022cdf16d4df624bb736ed813,2023-10-18
577,EQS450+A10(296623),cycle_backlog_exact_model,1,0,0,0,old-60-Word97--0-4,原件/免征目录/mf_batch60.doc,aabd19e9a0955380873798454b18b3bb15c87937dffcbb0ccfab2eae3bf3551b,2022-11-09
578,EQS450+A10(297123),cycle_backlog_exact_model,1,0,0,0,old-49-Word97--0-24,原件/免征目录/mf_batch49.doc,c7a56509a4d9272982da0abc9d1ea213ee1fbea3d0f1edad124630c9b5e3474e,2021-12-08
579,EQS450+B20(297123),cycle_backlog_exact_model,1,0,0,0,old-49-Word97--0-22,原件/免征目录/mf_batch49.doc,c7a56509a4d9272982da0abc9d1ea213ee1fbea3d0f1edad124630c9b5e3474e,2021-12-08
580,EQS4504MATICA10(296624),cycle_backlog_exact_model,1,0,0,0,old-60-Word97--0-3,原件/免征目录/mf_batch60.doc,aabd19e9a0955380873798454b18b3bb15c87937dffcbb0ccfab2eae3bf3551b,2022-11-09
581,EQS4504MATICB20(296624),cycle_backlog_exact_model,1,0,0,0,old-60-Word97--0-2,原件/免征目录/mf_batch60.doc,aabd19e9a0955380873798454b18b3bb15c87937dffcbb0ccfab2eae3bf3551b,2022-11-09
582,EQS5804MATICA10(297144),cycle_backlog_exact_model,1,0,0,0,old-49-Word97--0-23,原件/免征目录/mf_batch49.doc,c7a56509a4d9272982da0abc9d1ea213ee1fbea3d0f1edad124630c9b5e3474e,2021-12-08
583,ETRON55GESBM1JQ6A0,cycle_backlog_exact_model,1,0,0,0,old-46-Word97--0-11,原件/免征目录/mf_batch46.doc,a4b2048b3d5c29a8969f0348e9fd19a3293f0c23e6f37a48bf42a2ed70c7d37d,2021-09-10
584,ETRON55GEXBM1JQ6A0,cycle_backlog_exact_model,1,0,0,0,old-27-Word97--0-62,原件/免征目录/mf_batch27.doc,2bd67cf7e1efc03ae93942d0d340ffef87478709520383b6ee4d08baf843ead1,2019-10-25
585,ETRONGT60FWSBD2VQ6C1,cycle_backlog_exact_model,1,0,0,0,old-65-Word97--0-3,原件/免征目录/mf_batch65.doc,06a6a578a9a60516a845bc92deac49954438a789e9e4a7cf3cd140f256d9b13d,2023-05-09
586,ETRONGT60FWSBD2VQ6C2,cycle_backlog_exact_model,1,0,0,0,old-65-Word97--0-2,原件/免征目录/mf_batch65.doc,06a6a578a9a60516a845bc92deac49954438a789e9e4a7cf3cd140f256d9b13d,2023-05-09
587,EXH6460A00BEV,cycle_backlog_exact_model,1,0,0,0,old-35-Word97--0-32,原件/免征目录/mf_batch35.wps,e4a6abd0e50daa81d029f8b37584511354700e855dc89de210fcba782b0643f0,2020-09-21
588,EXH6460A01BEV,cycle_backlog_exact_model,1,0,0,0,old-37-Word97--0-31,原件/免征目录/mf_batch37.doc,136057faede292d8070763e326c8dbdcddf3790653cc6879a13758f91556881f,2020-11-30
589,EXH6460A02BEV,cycle_backlog_exact_model,1,0,0,0,old-37-Word97--0-32,原件/免征目录/mf_batch37.doc,136057faede292d8070763e326c8dbdcddf3790653cc6879a13758f91556881f,2020-11-30
590,EXH6460A03BEV,cycle_backlog_exact_model,1,0,0,0,old-38-Word97--0-12,原件/免征目录/mf_batch38.doc,7c9def45fe5c40e4c5ffb483a1d1efd383c12cb16a5c4ba021d4ce28384776de,2020-12-30
591,EXH6460A04BEV,cycle_backlog_exact_model,1,0,0,0,old-39-Word97--0-17,原件/免征目录/mf_batch39.doc,48158862f567d71b07ac0a7a60c2c3bc6d2bb44dd5a86290b0b809d757a9eb07,2021-01-29
592,EXH6460A05BEV,cycle_backlog_exact_model,1,0,0,0,old-41-Word97--0-20,原件/免征目录/mf_batch41.doc,ba4634c0877ebf99f8e462013e4a07e40f57478a4aaf921801a6c85a49c42b7f,2021-03-31
593,EXH6460A06BEV,cycle_backlog_exact_model,1,0,0,0,old-46-Word97--0-30,原件/免征目录/mf_batch46.doc,a4b2048b3d5c29a8969f0348e9fd19a3293f0c23e6f37a48bf42a2ed70c7d37d,2021-09-10
594,EXH6480A00BEV,cycle_backlog_exact_model,1,0,0,0,old-33-Word97--0-20,原件/免征目录/mf_batch33.doc,ff98fbb1708c47cdcfc1e79e7a1647e72a7ae6d4255dce3b250d661001340c09,2020-07-21
595,EXH6480A01BEV,cycle_backlog_exact_model,1,0,0,0,old-42-Word97--0-30,原件/免征目录/mf_batch42.doc,fef4fd8ea19d773d368642e51a4bdb24c148530251a2240be4ff1358d5d41fab,2021-04-30
596,FD6450BEV,cycle_backlog_exact_model,1,0,0,0,old-07-PDF-grid-1-0-20,原件/免征目录/mf_batch07.pdf,ad8e7f0576c7261a718e5a561358462b598d617361c6f02d7a14fb2038b758b0,2016-04-15
597,FDH7000BEV01,cycle_backlog_exact_model,1,0,0,0,old-22-Word97--0-58,原件/免征目录/mf_batch22.doc,eaf3fc1e64742af85b3d4bc90388d0a93154a497fd6c1fb9bf73b857672e1212,2018-12-18
598,FDH7000BEV03,cycle_backlog_exact_model,1,0,0,0,old-23-Word97--0-61,原件/免征目录/mf_batch23.docx,87f838de0da3ba5887f77b2bf5c1dbf5b427e7cef896309a7084c11dd8f5efa0,2019-03-13
599,FDH7000BEV04,cycle_backlog_exact_model,1,0,0,0,old-25-Word97--0-34,原件/免征目录/mf_batch25.wps,9d2abe319463522513fe9c90f98bb8d0a825b599267d0b3cc403cec9624b3297,2019-06-12
600,FDH7000BEV05,cycle_backlog_exact_model,1,0,0,0,mf29-t0-r23,原件/mf_batch29.doc,8d24a01958cc6d44fa7826ecbb6a76869b9a0f2c98b97597d57af02932f2afaf,2019-12-27
601,FDH7000BEV09,cycle_backlog_exact_model,1,0,0,0,old-40-Word97--0-15,原件/免征目录/mf_batch40.doc,93047c8e87a1f45948933ee36d00160788032370ecf11b551624e0ca45ecc1d1,2021-03-08
602,FJ6410BEVA1,cycle_backlog_exact_model,1,0,0,0,old-03-PDF-grid-1-0-8,原件/免征目录/mf_batch03.pdf,1367fdf126160143cbeecaedf4a66b528d105bbfa58a06b2118487a2e05000a5,2014-12-19
603,FJ6450BEVC1,cycle_backlog_exact_model,1,0,0,0,old-22-Word97--0-29,原件/免征目录/mf_batch22.doc,eaf3fc1e64742af85b3d4bc90388d0a93154a497fd6c1fb9bf73b857672e1212,2018-12-18
604,FJ6450BEVC3,cycle_backlog_exact_model,1,0,0,0,old-36-Word97--0-9,原件/免征目录/mf_batch36.doc,05cfcfd9136685ad6d6e13b8228cd123cca109c26f43a4c71472016b5a610a9f,2020-10-30
605,FV6465AABEV,cycle_backlog_exact_model,1,0,0,0,old-44-Word97--0-14,原件/免征目录/mf_batch44.doc,aea30846204f4e55c0d969450f1619e1649eb27f471d5b0a2636d0da77eb0611,2021-07-12
606,FV6465BBABEV,cycle_backlog_exact_model,1,0,0,0,old-46-Word97--0-15,原件/免征目录/mf_batch46.doc,a4b2048b3d5c29a8969f0348e9fd19a3293f0c23e6f37a48bf42a2ed70c7d37d,2021-09-10
607,FV6465BBBEV,cycle_backlog_exact_model,1,0,0,0,old-35-Word97--0-2,原件/免征目录/mf_batch35.wps,e4a6abd0e50daa81d029f8b37584511354700e855dc89de210fcba782b0643f0,2020-09-21
608,FV6465BCABEV,cycle_backlog_exact_model,1,0,0,0,old-47-Word97--0-4,原件/免征目录/mf_batch47.doc,fb4517fe8220b10bc435a77a5328df13c732c70b335942dfad0ae9394affe9b4,2021-09-30
609,FV6465BCBEV,cycle_backlog_exact_model,1,0,0,0,old-41-Word97--0-9,原件/免征目录/mf_batch41.doc,ba4634c0877ebf99f8e462013e4a07e40f57478a4aaf921801a6c85a49c42b7f,2021-03-31
610,FV6469AABEV,cycle_backlog_exact_model,1,0,0,0,old-53-Word97--0-13,原件/免征目录/mf_batch53.doc,a1f426ff77c80bce4d153fbfb6d01a7b6c6c87539f52ac4643edb7b060e21d2a,2022-04-08
611,FV6469ABBEV,cycle_backlog_exact_model,1,0,0,0,old-53-Word97--0-12,原件/免征目录/mf_batch53.doc,a1f426ff77c80bce4d153fbfb6d01a7b6c6c87539f52ac4643edb7b060e21d2a,2022-04-08
612,FV6494AA1BEV,cycle_backlog_exact_model,1,0,1,0,old-37-Word97--0-2,原件/免征目录/mf_batch37.doc,136057faede292d8070763e326c8dbdcddf3790653cc6879a13758f91556881f,2020-11-30
613,FV6494AABEV,cycle_backlog_exact_model,1,0,0,0,old-33-Word97--0-3,原件/免征目录/mf_batch33.doc,ff98fbb1708c47cdcfc1e79e7a1647e72a7ae6d4255dce3b250d661001340c09,2020-07-21
614,FV6498AABEV,cycle_backlog_exact_model,1,0,0,0,old-44-Word97--0-13,原件/免征目录/mf_batch44.doc,aea30846204f4e55c0d969450f1619e1649eb27f471d5b0a2636d0da77eb0611,2021-07-12
615,FV6498BBABEV,cycle_backlog_exact_model,1,0,0,0,old-49-Word97--0-8,原件/免征目录/mf_batch49.doc,c7a56509a4d9272982da0abc9d1ea213ee1fbea3d0f1edad124630c9b5e3474e,2021-12-08
616,FV6498BBBEV,cycle_backlog_exact_model,1,0,0,0,old-41-Word97--0-10,原件/免征目录/mf_batch41.doc,ba4634c0877ebf99f8e462013e4a07e40f57478a4aaf921801a6c85a49c42b7f,2021-03-31
617,FV6498BBDBEV,cycle_backlog_exact_model,1,0,0,0,old-49-Word97--0-9,原件/免征目录/mf_batch49.doc,c7a56509a4d9272982da0abc9d1ea213ee1fbea3d0f1edad124630c9b5e3474e,2021-12-08
618,FV6498BCABEV,cycle_backlog_exact_model,1,0,0,0,old-49-Word97--0-7,原件/免征目录/mf_batch49.doc,c7a56509a4d9272982da0abc9d1ea213ee1fbea3d0f1edad124630c9b5e3474e,2021-12-08
619,FV6498BCBEV,cycle_backlog_exact_model,1,0,0,0,old-42-Word97--0-17,原件/免征目录/mf_batch42.doc,fef4fd8ea19d773d368642e51a4bdb24c148530251a2240be4ff1358d5d41fab,2021-04-30
620,FV70010AABEV,cycle_backlog_exact_model,1,0,0,0,old-24-Word97--2-5,原件/免征目录/mf_batch24.wps,07775a0cb063fe0fce5880b9378dd1eb2522b725d645cabdee314d604779939d,2019-04-30
621,FV70010BABEV,cycle_backlog_exact_model,1,0,0,0,old-26-DOCX--0-31,原件/免征目录/mf_batch26.docx,de0890335ef3a4f1302a8a0735ec8b6aed52e994e2635db481820060d62248b5,2019-08-30
622,FV70010CAABEV,cycle_backlog_exact_model,1,0,0,0,old-41-Word97--0-11,原件/免征目录/mf_batch41.doc,ba4634c0877ebf99f8e462013e4a07e40f57478a4aaf921801a6c85a49c42b7f,2021-03-31
623,FV70010CABEV,cycle_backlog_exact_model,1,0,0,0,old-32-Word97--0-2,原件/免征目录/mf_batch32.doc,ad7c65b4831a05b7c70e1e73fe834aa9beed883c66f898e799fcbbeb43cc3d75,2020-06-02
624,FV7002AABEV,cycle_backlog_exact_model,1,0,0,0,old-23-Word97--0-62,原件/免征目录/mf_batch23.docx,87f838de0da3ba5887f77b2bf5c1dbf5b427e7cef896309a7084c11dd8f5efa0,2019-03-13
625,FV7002BABEV,cycle_backlog_exact_model,1,0,0,0,old-26-DOCX--0-32,原件/免征目录/mf_batch26.docx,de0890335ef3a4f1302a8a0735ec8b6aed52e994e2635db481820060d62248b5,2019-08-30
626,FV7002CABEV,cycle_backlog_exact_model,1,0,0,0,old-32-Word97--0-3,原件/免征目录/mf_batch32.doc,ad7c65b4831a05b7c70e1e73fe834aa9beed883c66f898e799fcbbeb43cc3d75,2020-06-02
627,FV7004AABEV,cycle_backlog_exact_model,1,0,0,0,old-23-Word97--0-63,原件/免征目录/mf_batch23.docx,87f838de0da3ba5887f77b2bf5c1dbf5b427e7cef896309a7084c11dd8f5efa0,2019-03-13
628,FV7004BABEV,cycle_backlog_exact_model,1,0,0,0,old-26-DOCX--0-33,原件/免征目录/mf_batch26.docx,de0890335ef3a4f1302a8a0735ec8b6aed52e994e2635db481820060d62248b5,2019-08-30
629,FZ7000BEV02,cycle_backlog_exact_model,1,0,0,0,old-45-Word97--0-36,原件/免征目录/mf_batch45.doc,56f5e7c5fd36e990024f8121006a76da260361f4e4660846e78255d007126f7a,2021-08-10
630,FZ7000BEV03,cycle_backlog_exact_model,1,0,0,0,old-45-Word97--0-39,原件/免征目录/mf_batch45.doc,56f5e7c5fd36e990024f8121006a76da260361f4e4660846e78255d007126f7a,2021-08-10
631,FZ7000BEV06,cycle_backlog_exact_model,1,0,0,0,old-48-Word97--0-36,原件/免征目录/mf_batch48.doc,ee5aa19736215cfcb3b76ffff90bcd0d9108c61758ccb756f7d4ad17e75a835c,2021-11-05
632,FZ7000BEV07,cycle_backlog_exact_model,1,0,0,0,old-48-Word97--0-34,原件/免征目录/mf_batch48.doc,ee5aa19736215cfcb3b76ffff90bcd0d9108c61758ccb756f7d4ad17e75a835c,2021-11-05
633,FZ7000BEV09,cycle_backlog_exact_model,1,0,0,0,old-48-Word97--0-32,原件/免征目录/mf_batch48.doc,ee5aa19736215cfcb3b76ffff90bcd0d9108c61758ccb756f7d4ad17e75a835c,2021-11-05
634,GA6420SBEV,cycle_backlog_exact_model,1,0,0,0,old-05-PDF-grid-1-0-7,原件/免征目录/mf_batch05.pdf,658aa5fbf13859a9bbe1db6235da2f7e79fc325cc34e4c0ec1ffab7f8cc2ebca,2015-09-11
635,GAC7000BEVH0A,cycle_backlog_exact_model,1,0,0,0,old-10-PDF-grid-2-0-2,原件/免征目录/mf_batch10.pdf,ac1b1ad2605b4f24762fb1f01cea64b685393577d01648618fa1882bb5700ac3,2017-04-27
636,GAH6460BEVS0A,cycle_backlog_exact_model,1,0,1,0,old-54-Word97--0-38,原件/免征目录/mf_batch54.doc,e4ce106fc0fb21bc61cac40ff0de97e60dff2d18b5b7d24c494bb74873312fd7,2022-05-12
637,GAH6460BEVS0B,cycle_backlog_exact_model,1,0,1,0,old-54-Word97--0-40,原件/免征目录/mf_batch54.doc,e4ce106fc0fb21bc61cac40ff0de97e60dff2d18b5b7d24c494bb74873312fd7,2022-05-12
638,GAH6460BEVS0C,cycle_backlog_exact_model,1,0,1,0,old-54-Word97--0-41,原件/免征目录/mf_batch54.doc,e4ce106fc0fb21bc61cac40ff0de97e60dff2d18b5b7d24c494bb74873312fd7,2022-05-12
639,GAH6460BEVS0D,cycle_backlog_exact_model,1,0,0,0,old-56-Word97--0-38,原件/免征目录/mf_batch56.doc,cbffdc0819640e8f18c11a2a277b26b2e043c81406533457ff225f4df1c6c068,2022-07-08
640,GAH6460BEVS0E,cycle_backlog_exact_model,1,0,1,0,old-54-Word97--0-39,原件/免征目录/mf_batch54.doc,e4ce106fc0fb21bc61cac40ff0de97e60dff2d18b5b7d24c494bb74873312fd7,2022-05-12
641,GAH6460BEVS0F,cycle_backlog_exact_model,1,0,0,0,old-59-Word97--0-57,原件/免征目录/mf_batch59.doc,32738e2df847e0c74ff96d48b8a13e1dd9c31aee84b7c0a633e2d9c8a3e01f86,2022-10-10
642,GAH6460BEVS0G,cycle_backlog_exact_model,1,0,0,0,old-67-Word97--0-21,原件/免征目录/mf_batch67.doc,963a02fcc1f361414f4f003c6d63e00b178d0b962134ed2206c38978f3118101,2023-07-17
643,GAH7000BEVH0A,cycle_backlog_exact_model,1,0,0,0,old-16-Word97--0-19,原件/免征目录/mf_batch16.docx,9db5ace6c1c59bd9636d48636f94fa77d2b6e0aa27b109421690ce6a8c4a3967,2018-02-13
644,GAH7000BEVH0B,cycle_backlog_exact_model,1,0,0,0,old-18-Word97--0-34,原件/免征目录/mf_batch18.doc,43f5426f7f80996ee11a894710d7229c743abf7ad69ba239f61075e0a9ddd37a,2018-06-19
645,GAH7000BEVH0C,cycle_backlog_exact_model,1,0,0,0,old-26-DOCX--0-51,原件/免征目录/mf_batch26.docx,de0890335ef3a4f1302a8a0735ec8b6aed52e994e2635db481820060d62248b5,2019-08-30
646,GAH7000BEVH0D,cycle_backlog_exact_model,1,0,0,0,old-26-DOCX--0-52,原件/免征目录/mf_batch26.docx,de0890335ef3a4f1302a8a0735ec8b6aed52e994e2635db481820060d62248b5,2019-08-30
647,GAH7000BEVN0A,cycle_backlog_exact_model,1,0,0,0,old-31-Word97--0-12,原件/免征目录/mf_batch31.doc,e1ccec4a87ab96ca346e5756d6b14369eb9727ec2c2cfd03c1182a592ddd3bee,2020-04-24
648,GAH7000BEVN0B,cycle_backlog_exact_model,1,0,0,0,old-36-Word97--0-15,原件/免征目录/mf_batch36.doc,05cfcfd9136685ad6d6e13b8228cd123cca109c26f43a4c71472016b5a610a9f,2020-10-30
649,GAH7000BEVN0C,cycle_backlog_exact_model,1,0,0,0,old-36-Word97--0-16,原件/免征目录/mf_batch36.doc,05cfcfd9136685ad6d6e13b8228cd123cca109c26f43a4c71472016b5a610a9f,2020-10-30
650,GAH7000BEVN0D,cycle_backlog_exact_model,1,0,0,0,old-38-Word97--0-26,原件/免征目录/mf_batch38.doc,7c9def45fe5c40e4c5ffb483a1d1efd383c12cb16a5c4ba021d4ce28384776de,2020-12-30
651,GAH7000BEVS0C,cycle_backlog_exact_model,1,0,0,0,old-55-Word97--0-30,原件/免征目录/mf_batch55.doc,0457d0430e9e7f114c91341a715405c3933dd4783762cd74b9871e4918ba887f,2022-06-01
652,GAH7000BEVT0A,cycle_backlog_exact_model,1,0,0,0,old-58-Word97--0-21,原件/免征目录/mf_batch58.doc,b642358bb3078d2dde909a798935c0c1fc75d90f22b33f7c48aa87209acc100d,2022-09-16
653,GAH7000BEVT0B,cycle_backlog_exact_model,1,0,0,0,old-58-Word97--0-20,原件/免征目录/mf_batch58.doc,b642358bb3078d2dde909a798935c0c1fc75d90f22b33f7c48aa87209acc100d,2022-09-16
654,GAH7000BEVT0C,cycle_backlog_exact_model,1,0,0,0,old-65-Word97--0-28,原件/免征目录/mf_batch65.doc,06a6a578a9a60516a845bc92deac49954438a789e9e4a7cf3cd140f256d9b13d,2023-05-09
655,GAH7000BEVT0E,cycle_backlog_exact_model,1,0,0,0,old-61-Word97--0-41,原件/免征目录/mf_batch61.doc,d360a77695ccf20f3c17a354a1dd02fc846a7ae8bd18b41492515881a7240b72,2022-12-19
656,GAH7000BEVT0F,cycle_backlog_exact_model,1,0,0,0,old-69-Word97--0-53,原件/免征目录/mf_batch69.doc,357d61a16c94488c9fdd761f393edb7029b05394ab06117abaebcba1a1e45546,2023-09-14
657,GAH7001BEVN0A,cycle_backlog_exact_model,1,0,1,0,old-54-Word97--0-42,原件/免征目录/mf_batch54.doc,e4ce106fc0fb21bc61cac40ff0de97e60dff2d18b5b7d24c494bb74873312fd7,2022-05-12
658,GAM6450BEVD0A,cycle_backlog_exact_model,1,0,0,0,old-58-Word97--0-19,原件/免征目录/mf_batch58.doc,b642358bb3078d2dde909a798935c0c1fc75d90f22b33f7c48aa87209acc100d,2022-09-16
659,GAM6450BEVD0D,cycle_backlog_exact_model,1,0,0,0,old-58-Word97--0-18,原件/免征目录/mf_batch58.doc,b642358bb3078d2dde909a798935c0c1fc75d90f22b33f7c48aa87209acc100d,2022-09-16
660,GAM6450BEVD0E,cycle_backlog_exact_model,1,0,0,0,old-58-Word97--0-16,原件/免征目录/mf_batch58.doc,b642358bb3078d2dde909a798935c0c1fc75d90f22b33f7c48aa87209acc100d,2022-09-16
661,GAM6450BEVD0G,cycle_backlog_exact_model,1,0,0,0,old-60-Word97--0-32,原件/免征目录/mf_batch60.doc,aabd19e9a0955380873798454b18b3bb15c87937dffcbb0ccfab2eae3bf3551b,2022-11-09
662,GAM6450BEVD0P,cycle_backlog_exact_model,1,0,0,0,old-62-Word97--0-49,原件/免征目录/mf_batch62.doc,7694ac7207998b6af7c895cdd2c1d752421df436d4b28f83195261dd47f6509c,2023-02-20
663,GAM6450BEVD0Q,cycle_backlog_exact_model,1,0,0,0,old-62-Word97--0-51,原件/免征目录/mf_batch62.doc,7694ac7207998b6af7c895cdd2c1d752421df436d4b28f83195261dd47f6509c,2023-02-20
664,GAM6450BEVD0R,cycle_backlog_exact_model,1,0,0,0,old-62-Word97--0-54,原件/免征目录/mf_batch62.doc,7694ac7207998b6af7c895cdd2c1d752421df436d4b28f83195261dd47f6509c,2023-02-20
665,GAM6450BEVD0S,cycle_backlog_exact_model,1,0,0,0,old-65-Word97--0-26,原件/免征目录/mf_batch65.doc,06a6a578a9a60516a845bc92deac49954438a789e9e4a7cf3cd140f256d9b13d,2023-05-09
666,GAM6450BEVD0T,cycle_backlog_exact_model,1,0,0,0,old-68-Word97--0-21,原件/免征目录/mf_batch68.doc,58113d08377020d08de0aeb0e08ff63c4a4411dbe35ad69cfdd6f82fdf0fcc77,2023-08-16
667,GAM6450BEVD0Y,cycle_backlog_exact_model,1,0,0,0,old-68-Word97--0-22,原件/免征目录/mf_batch68.doc,58113d08377020d08de0aeb0e08ff63c4a4411dbe35ad69cfdd6f82fdf0fcc77,2023-08-16
668,GAM6450BEVD0Z,cycle_backlog_exact_model,1,0,0,0,old-69-Word97--0-47,原件/免征目录/mf_batch69.doc,357d61a16c94488c9fdd761f393edb7029b05394ab06117abaebcba1a1e45546,2023-09-14
669,GAM6450BEVD1C,cycle_backlog_exact_model,1,0,0,0,old-71-Word97--0-40,原件/免征目录/mf_batch71.doc,b37b78b64b8ef7e12e6e95d6fd27a4a6e364c0c83ba403ffcf3bca82c60e3460,2023-11-20
670,GAM6460BEVC0A,cycle_backlog_exact_model,1,0,0,0,old-31-Word97--0-13,原件/免征目录/mf_batch31.doc,e1ccec4a87ab96ca346e5756d6b14369eb9727ec2c2cfd03c1182a592ddd3bee,2020-04-24
671,GAM6460BEVC0B,cycle_backlog_exact_model,1,0,0,0,old-31-Word97--0-14,原件/免征目录/mf_batch31.doc,e1ccec4a87ab96ca346e5756d6b14369eb9727ec2c2cfd03c1182a592ddd3bee,2020-04-24
672,GAM6460BEVC0C,cycle_backlog_exact_model,1,0,0,0,old-31-Word97--0-15,原件/免征目录/mf_batch31.doc,e1ccec4a87ab96ca346e5756d6b14369eb9727ec2c2cfd03c1182a592ddd3bee,2020-04-24
673,GAM6460BEVC0D,cycle_backlog_exact_model,1,0,0,0,old-33-Word97--0-33,原件/免征目录/mf_batch33.doc,ff98fbb1708c47cdcfc1e79e7a1647e72a7ae6d4255dce3b250d661001340c09,2020-07-21
674,GAM6460BEVC0E,cycle_backlog_exact_model,1,0,1,0,old-31-Word97--0-16,原件/免征目录/mf_batch31.doc,e1ccec4a87ab96ca346e5756d6b14369eb9727ec2c2cfd03c1182a592ddd3bee,2020-04-24
675,GAM6460BEVC0F,cycle_backlog_exact_model,1,0,1,0,old-31-Word97--0-17,原件/免征目录/mf_batch31.doc,e1ccec4a87ab96ca346e5756d6b14369eb9727ec2c2cfd03c1182a592ddd3bee,2020-04-24
676,GAM6460BEVC0G,cycle_backlog_exact_model,1,0,0,0,old-32-Word97--0-18,原件/免征目录/mf_batch32.doc,ad7c65b4831a05b7c70e1e73fe834aa9beed883c66f898e799fcbbeb43cc3d75,2020-06-02
677,GAM6460BEVC0H,cycle_backlog_exact_model,1,0,0,0,old-32-Word97--0-19,原件/免征目录/mf_batch32.doc,ad7c65b4831a05b7c70e1e73fe834aa9beed883c66f898e799fcbbeb43cc3d75,2020-06-02
678,GAM6460BEVC0J,cycle_backlog_exact_model,1,0,0,0,old-42-Word97--0-23,原件/免征目录/mf_batch42.doc,fef4fd8ea19d773d368642e51a4bdb24c148530251a2240be4ff1358d5d41fab,2021-04-30
679,GAM6460BEVC0K,cycle_backlog_exact_model,1,0,0,0,old-45-Word97--0-14,原件/免征目录/mf_batch45.doc,56f5e7c5fd36e990024f8121006a76da260361f4e4660846e78255d007126f7a,2021-08-10
680,GAM6460BEVC0L,cycle_backlog_exact_model,1,0,0,0,old-42-Word97--0-22,原件/免征目录/mf_batch42.doc,fef4fd8ea19d773d368642e51a4bdb24c148530251a2240be4ff1358d5d41fab,2021-04-30
681,GAM6460BEVC0M,cycle_backlog_exact_model,1,0,0,0,old-42-Word97--0-25,原件/免征目录/mf_batch42.doc,fef4fd8ea19d773d368642e51a4bdb24c148530251a2240be4ff1358d5d41fab,2021-04-30
682,GAM6460BEVC0N,cycle_backlog_exact_model,1,0,0,0,old-47-Word97--0-12,原件/免征目录/mf_batch47.doc,fb4517fe8220b10bc435a77a5328df13c732c70b335942dfad0ae9394affe9b4,2021-09-30
683,GAM6460BEVC0P,cycle_backlog_exact_model,1,0,0,0,old-46-Word97--0-27,原件/免征目录/mf_batch46.doc,a4b2048b3d5c29a8969f0348e9fd19a3293f0c23e6f37a48bf42a2ed70c7d37d,2021-09-10
684,GAM6460BEVC0R,cycle_backlog_exact_model,1,0,0,0,old-45-Word97--0-10,原件/免征目录/mf_batch45.doc,56f5e7c5fd36e990024f8121006a76da260361f4e4660846e78255d007126f7a,2021-08-10
685,GAM6460BEVC0S,cycle_backlog_exact_model,1,0,0,0,old-47-Word97--0-13,原件/免征目录/mf_batch47.doc,fb4517fe8220b10bc435a77a5328df13c732c70b335942dfad0ae9394affe9b4,2021-09-30
686,GAM6460BEVC0T,cycle_backlog_exact_model,1,0,0,0,old-45-Word97--0-13,原件/免征目录/mf_batch45.doc,56f5e7c5fd36e990024f8121006a76da260361f4e4660846e78255d007126f7a,2021-08-10
687,GAM6460BEVC0U,cycle_backlog_exact_model,1,0,0,0,old-50-Word97--0-25,原件/免征目录/mf_batch50.doc,3810672d92621612507384960254de602e629e75a308df22ee2291519445095e,2021-12-29
688,GAM6460BEVC0V,cycle_backlog_exact_model,1,0,0,0,old-61-Word97--0-42,原件/免征目录/mf_batch61.doc,d360a77695ccf20f3c17a354a1dd02fc846a7ae8bd18b41492515881a7240b72,2022-12-19
689,GAM6460BEVC1A,cycle_backlog_exact_model,1,0,0,0,old-67-Word97--0-20,原件/免征目录/mf_batch67.doc,963a02fcc1f361414f4f003c6d63e00b178d0b962134ed2206c38978f3118101,2023-07-17
690,GAM6460BEVC1B,cycle_backlog_exact_model,1,0,0,0,old-65-Word97--0-24,原件/免征目录/mf_batch65.doc,06a6a578a9a60516a845bc92deac49954438a789e9e4a7cf3cd140f256d9b13d,2023-05-09
691,GAM6460BEVC1C,cycle_backlog_exact_model,1,0,0,0,old-65-Word97--0-23,原件/免征目录/mf_batch65.doc,06a6a578a9a60516a845bc92deac49954438a789e9e4a7cf3cd140f256d9b13d,2023-05-09
692,GAM6460BEVC1D,cycle_backlog_exact_model,1,0,0,0,old-65-Word97--0-25,原件/免征目录/mf_batch65.doc,06a6a578a9a60516a845bc92deac49954438a789e9e4a7cf3cd140f256d9b13d,2023-05-09
693,GAM6460BEVC1E,cycle_backlog_exact_model,1,0,0,0,old-67-Word97--0-18,原件/免征目录/mf_batch67.doc,963a02fcc1f361414f4f003c6d63e00b178d0b962134ed2206c38978f3118101,2023-07-17
694,GAM6460BEVC1G,cycle_backlog_exact_model,1,0,0,0,old-69-Word97--0-45,原件/免征目录/mf_batch69.doc,357d61a16c94488c9fdd761f393edb7029b05394ab06117abaebcba1a1e45546,2023-09-14
695,GAM6460BEVM0A,cycle_backlog_exact_model,1,0,0,0,old-48-Word97--0-27,原件/免征目录/mf_batch48.doc,ee5aa19736215cfcb3b76ffff90bcd0d9108c61758ccb756f7d4ad17e75a835c,2021-11-05
696,GAM6460BEVM0B,cycle_backlog_exact_model,1,0,0,0,old-49-Word97--0-11,原件/免征目录/mf_batch49.doc,c7a56509a4d9272982da0abc9d1ea213ee1fbea3d0f1edad124630c9b5e3474e,2021-12-08
697,GAM6460BEVM0E,cycle_backlog_exact_model,1,0,0,0,old-48-Word97--0-25,原件/免征目录/mf_batch48.doc,ee5aa19736215cfcb3b76ffff90bcd0d9108c61758ccb756f7d4ad17e75a835c,2021-11-05
698,GAM6480BEVB0B,cycle_backlog_exact_model,1,0,0,0,old-26-DOCX--0-53,原件/免征目录/mf_batch26.docx,de0890335ef3a4f1302a8a0735ec8b6aed52e994e2635db481820060d62248b5,2019-08-30
699,GAM6480BEVB0C,cycle_backlog_exact_model,1,0,0,0,old-26-DOCX--0-54,原件/免征目录/mf_batch26.docx,de0890335ef3a4f1302a8a0735ec8b6aed52e994e2635db481820060d62248b5,2019-08-30
700,GAM6480BEVB0E,cycle_backlog_exact_model,1,0,0,0,old-27-Word97--0-31,原件/免征目录/mf_batch27.doc,2bd67cf7e1efc03ae93942d0d340ffef87478709520383b6ee4d08baf843ead1,2019-10-25
701,GAM6480BEVB0F,cycle_backlog_exact_model,1,0,0,0,old-32-Word97--0-20,原件/免征目录/mf_batch32.doc,ad7c65b4831a05b7c70e1e73fe834aa9beed883c66f898e799fcbbeb43cc3d75,2020-06-02
702,GAM6480BEVB0G,cycle_backlog_exact_model,1,0,0,0,old-32-Word97--0-21,原件/免征目录/mf_batch32.doc,ad7c65b4831a05b7c70e1e73fe834aa9beed883c66f898e799fcbbeb43cc3d75,2020-06-02
703,GAM6480BEVB0H,cycle_backlog_exact_model,1,0,0,0,old-32-Word97--0-22,原件/免征目录/mf_batch32.doc,ad7c65b4831a05b7c70e1e73fe834aa9beed883c66f898e799fcbbeb43cc3d75,2020-06-02
704,GAM6480BEVB0J,cycle_backlog_exact_model,1,0,0,0,old-36-Word97--0-17,原件/免征目录/mf_batch36.doc,05cfcfd9136685ad6d6e13b8228cd123cca109c26f43a4c71472016b5a610a9f,2020-10-30
705,GAM6480BEVB0K,cycle_backlog_exact_model,1,0,0,0,old-36-Word97--0-18,原件/免征目录/mf_batch36.doc,05cfcfd9136685ad6d6e13b8228cd123cca109c26f43a4c71472016b5a610a9f,2020-10-30
706,GAM6480BEVB0L,cycle_backlog_exact_model,1,0,0,0,old-36-Word97--0-19,原件/免征目录/mf_batch36.doc,05cfcfd9136685ad6d6e13b8228cd123cca109c26f43a4c71472016b5a610a9f,2020-10-30
707,GAM6480BEVB0M,cycle_backlog_exact_model,1,0,0,0,old-44-Word97--0-17,原件/免征目录/mf_batch44.doc,aea30846204f4e55c0d969450f1619e1649eb27f471d5b0a2636d0da77eb0611,2021-07-12
708,GAM6480BEVB0N,cycle_backlog_exact_model,1,0,0,0,old-44-Word97--0-16,原件/免征目录/mf_batch44.doc,aea30846204f4e55c0d969450f1619e1649eb27f471d5b0a2636d0da77eb0611,2021-07-12
709,GAM6480BEVB0P,cycle_backlog_exact_model,1,0,0,0,old-48-Word97--0-22,原件/免征目录/mf_batch48.doc,ee5aa19736215cfcb3b76ffff90bcd0d9108c61758ccb756f7d4ad17e75a835c,2021-11-05
710,GAM6480BEVB0Q,cycle_backlog_exact_model,1,0,0,0,old-48-Word97--0-23,原件/免征目录/mf_batch48.doc,ee5aa19736215cfcb3b76ffff90bcd0d9108c61758ccb756f7d4ad17e75a835c,2021-11-05
711,GAM6490BEVN0A,cycle_backlog_exact_model,1,0,0,0,old-30-Word97--0-67,原件/免征目录/mf_batch30.doc,e7fa3b47858ec2035b8055bc15be00b2b26920a5e8d3cad481058a80b92ead24,2020-03-13
712,GAM6490BEVN0B,cycle_backlog_exact_model,1,0,0,0,old-30-Word97--0-68,原件/免征目录/mf_batch30.doc,e7fa3b47858ec2035b8055bc15be00b2b26920a5e8d3cad481058a80b92ead24,2020-03-13
713,GAM6490BEVN0C,cycle_backlog_exact_model,1,0,0,0,old-38-Word97--0-8,原件/免征目录/mf_batch38.doc,7c9def45fe5c40e4c5ffb483a1d1efd383c12cb16a5c4ba021d4ce28384776de,2020-12-30
714,GAM6490BEVN0D,cycle_backlog_exact_model,1,0,0,0,old-38-Word97--0-9,原件/免征目录/mf_batch38.doc,7c9def45fe5c40e4c5ffb483a1d1efd383c12cb16a5c4ba021d4ce28384776de,2020-12-30
715,GAM7000BEVA0F,cycle_backlog_exact_model,1,0,0,0,old-26-DOCX--0-55,原件/免征目录/mf_batch26.docx,de0890335ef3a4f1302a8a0735ec8b6aed52e994e2635db481820060d62248b5,2019-08-30
716,GAM7000BEVA0G,cycle_backlog_exact_model,1,0,0,0,old-26-DOCX--0-56,原件/免征目录/mf_batch26.docx,de0890335ef3a4f1302a8a0735ec8b6aed52e994e2635db481820060d62248b5,2019-08-30
717,GAM7000BEVA0H,cycle_backlog_exact_model,1,0,0,0,old-31-Word97--0-18,原件/免征目录/mf_batch31.doc,e1ccec4a87ab96ca346e5756d6b14369eb9727ec2c2cfd03c1182a592ddd3bee,2020-04-24
718,GAM7000BEVA0J,cycle_backlog_exact_model,1,0,0,0,old-32-Word97--0-23,原件/免征目录/mf_batch32.doc,ad7c65b4831a05b7c70e1e73fe834aa9beed883c66f898e799fcbbeb43cc3d75,2020-06-02
719,GAM7000BEVA0K,cycle_backlog_exact_model,1,0,0,0,old-34-Word97--0-34,原件/免征目录/mf_batch34.doc,d5c5bb03cc5fe0f16b284048e265ad35d62c12c0416f14aef0ce026a229aa831,2020-08-24
720,GAM7000BEVA0L,cycle_backlog_exact_model,1,0,1,0,old-31-Word97--0-19,原件/免征目录/mf_batch31.doc,e1ccec4a87ab96ca346e5756d6b14369eb9727ec2c2cfd03c1182a592ddd3bee,2020-04-24
721,GAM7000BEVA0M,cycle_backlog_exact_model,1,0,0,0,old-32-Word97--0-24,原件/免征目录/mf_batch32.doc,ad7c65b4831a05b7c70e1e73fe834aa9beed883c66f898e799fcbbeb43cc3d75,2020-06-02
722,GAM7000BEVA0N,cycle_backlog_exact_model,1,0,0,0,old-32-Word97--0-25,原件/免征目录/mf_batch32.doc,ad7c65b4831a05b7c70e1e73fe834aa9beed883c66f898e799fcbbeb43cc3d75,2020-06-02
723,GAM7000BEVA0Q,cycle_backlog_exact_model,1,0,0,0,old-34-Word97--0-35,原件/免征目录/mf_batch34.doc,d5c5bb03cc5fe0f16b284048e265ad35d62c12c0416f14aef0ce026a229aa831,2020-08-24
724,GAM7000BEVA0R,cycle_backlog_exact_model,1,0,0,0,old-34-Word97--0-36,原件/免征目录/mf_batch34.doc,d5c5bb03cc5fe0f16b284048e265ad35d62c12c0416f14aef0ce026a229aa831,2020-08-24
725,GAM7000BEVA0S,cycle_backlog_exact_model,1,0,0,0,old-34-Word97--0-37,原件/免征目录/mf_batch34.doc,d5c5bb03cc5fe0f16b284048e265ad35d62c12c0416f14aef0ce026a229aa831,2020-08-24
726,GAM7000BEVD0E,cycle_backlog_exact_model,1,0,0,0,old-40-Word97--0-8,原件/免征目录/mf_batch40.doc,93047c8e87a1f45948933ee36d00160788032370ecf11b551624e0ca45ecc1d1,2021-03-08
727,GAM7000BEVD0H,cycle_backlog_exact_model,1,0,0,0,old-40-Word97--0-7,原件/免征目录/mf_batch40.doc,93047c8e87a1f45948933ee36d00160788032370ecf11b551624e0ca45ecc1d1,2021-03-08
728,GAM7000BEVD0J,cycle_backlog_exact_model,1,0,0,0,old-41-Word97--0-17,原件/免征目录/mf_batch41.doc,ba4634c0877ebf99f8e462013e4a07e40f57478a4aaf921801a6c85a49c42b7f,2021-03-31
729,GAM7000BEVD0L,cycle_backlog_exact_model,1,0,0,0,old-40-Word97--0-6,原件/免征目录/mf_batch40.doc,93047c8e87a1f45948933ee36d00160788032370ecf11b551624e0ca45ecc1d1,2021-03-08
730,GAM7000BEVD0N,cycle_backlog_exact_model,1,0,0,0,old-40-Word97--0-9,原件/免征目录/mf_batch40.doc,93047c8e87a1f45948933ee36d00160788032370ecf11b551624e0ca45ecc1d1,2021-03-08
731,GAM7000BEVD0P,cycle_backlog_exact_model,1,0,0,0,old-41-Word97--0-16,原件/免征目录/mf_batch41.doc,ba4634c0877ebf99f8e462013e4a07e40f57478a4aaf921801a6c85a49c42b7f,2021-03-31
732,GAM7000BEVD0Q,cycle_backlog_exact_model,1,0,0,0,old-45-Word97--0-11,原件/免征目录/mf_batch45.doc,56f5e7c5fd36e990024f8121006a76da260361f4e4660846e78255d007126f7a,2021-08-10
733,GAM7000BEVD0R,cycle_backlog_exact_model,1,0,0,0,old-42-Word97--0-21,原件/免征目录/mf_batch42.doc,fef4fd8ea19d773d368642e51a4bdb24c148530251a2240be4ff1358d5d41fab,2021-04-30
734,GAM7000BEVD0T,cycle_backlog_exact_model,1,0,0,0,old-52-Word97--0-21,原件/免征目录/mf_batch52.doc,650a1430fd7c9a9139970f857a0382498bfd368fe64a95f24c17ca3f49dfa3cc,2022-03-08
735,GAM7000BEVD0U,cycle_backlog_exact_model,1,0,0,0,old-53-Word97--0-26,原件/免征目录/mf_batch53.doc,a1f426ff77c80bce4d153fbfb6d01a7b6c6c87539f52ac4643edb7b060e21d2a,2022-04-08
736,GAM7000BEVE0A,cycle_backlog_exact_model,1,0,0,0,old-69-Word97--0-48,原件/免征目录/mf_batch69.doc,357d61a16c94488c9fdd761f393edb7029b05394ab06117abaebcba1a1e45546,2023-09-14
737,GAM7000BEVE0B,cycle_backlog_exact_model,1,0,0,0,old-66-Word97--0-18,原件/免征目录/mf_batch66.doc,05a5fce42de1c5412803fe6a7bb46d04c4d61cb71dc5d88a9b59a3e884350544,2023-06-08
738,GAM7000BEVE0D,cycle_backlog_exact_model,1,0,0,0,old-66-Word97--0-21,原件/免征目录/mf_batch66.doc,05a5fce42de1c5412803fe6a7bb46d04c4d61cb71dc5d88a9b59a3e884350544,2023-06-08
739,GAM7000BEVE0E,cycle_backlog_exact_model,1,0,0,0,old-66-Word97--0-22,原件/免征目录/mf_batch66.doc,05a5fce42de1c5412803fe6a7bb46d04c4d61cb71dc5d88a9b59a3e884350544,2023-06-08
740,GAM7000BEVE0G,cycle_backlog_exact_model,1,0,0,0,old-66-Word97--0-17,原件/免征目录/mf_batch66.doc,05a5fce42de1c5412803fe6a7bb46d04c4d61cb71dc5d88a9b59a3e884350544,2023-06-08
741,GAM7000BEVE0J,cycle_backlog_exact_model,1,0,0,0,old-67-Word97--0-19,原件/免征目录/mf_batch67.doc,963a02fcc1f361414f4f003c6d63e00b178d0b962134ed2206c38978f3118101,2023-07-17
742,GAM7000BEVE0K,cycle_backlog_exact_model,1,0,0,0,old-67-Word97--0-17,原件/免征目录/mf_batch67.doc,963a02fcc1f361414f4f003c6d63e00b178d0b962134ed2206c38978f3118101,2023-07-17
743,GAM7000BEVE0M,cycle_backlog_exact_model,1,0,0,0,old-70-Word97--0-33,原件/免征目录/mf_batch70.doc,29b9f5df62602e114f0ed01426c185fdb15a654022cdf16d4df624bb736ed813,2023-10-18
744,GAM7000BEVF0A,cycle_backlog_exact_model,1,0,0,0,old-69-Word97--0-46,原件/免征目录/mf_batch69.doc,357d61a16c94488c9fdd761f393edb7029b05394ab06117abaebcba1a1e45546,2023-09-14
745,GAM7000BEVM0B,cycle_backlog_exact_model,1,0,0,0,old-48-Word97--0-24,原件/免征目录/mf_batch48.doc,ee5aa19736215cfcb3b76ffff90bcd0d9108c61758ccb756f7d4ad17e75a835c,2021-11-05
746,GAM7001BEVA0A,cycle_backlog_exact_model,1,0,0,0,old-42-Word97--0-24,原件/免征目录/mf_batch42.doc,fef4fd8ea19d773d368642e51a4bdb24c148530251a2240be4ff1358d5d41fab,2021-04-30
747,GAM7001BEVA0D,cycle_backlog_exact_model,1,0,1,0,old-42-Word97--0-26,原件/免征目录/mf_batch42.doc,fef4fd8ea19d773d368642e51a4bdb24c148530251a2240be4ff1358d5d41fab,2021-04-30
748,GAM7001BEVA0E,cycle_backlog_exact_model,1,0,0,0,old-44-Word97--0-18,原件/免征目录/mf_batch44.doc,aea30846204f4e55c0d969450f1619e1649eb27f471d5b0a2636d0da77eb0611,2021-07-12
749,GAM7001BEVA0F,cycle_backlog_exact_model,1,0,0,0,old-43-Word97--0-5,原件/免征目录/mf_batch43.doc,5d5202dfe31364ec0884640d8bba22b0f640154d0bcc6154272890e604cfc01c,2021-06-11
750,GAM7001BEVA0J,cycle_backlog_exact_model,1,0,0,0,old-45-Word97--0-12,原件/免征目录/mf_batch45.doc,56f5e7c5fd36e990024f8121006a76da260361f4e4660846e78255d007126f7a,2021-08-10
751,GAM7001BEVA0K,cycle_backlog_exact_model,1,0,0,0,old-49-Word97--0-10,原件/免征目录/mf_batch49.doc,c7a56509a4d9272982da0abc9d1ea213ee1fbea3d0f1edad124630c9b5e3474e,2021-12-08
752,GAM7001BEVA0L,cycle_backlog_exact_model,1,0,0,0,old-50-Word97--0-26,原件/免征目录/mf_batch50.doc,3810672d92621612507384960254de602e629e75a308df22ee2291519445095e,2021-12-29
753,GAM7001BEVA0M,cycle_backlog_exact_model,1,0,0,0,old-53-Word97--0-27,原件/免征目录/mf_batch53.doc,a1f426ff77c80bce4d153fbfb6d01a7b6c6c87539f52ac4643edb7b060e21d2a,2022-04-08
754,GAM7001BEVA0N,cycle_backlog_exact_model,1,0,0,0,old-56-Word97--0-37,原件/免征目录/mf_batch56.doc,cbffdc0819640e8f18c11a2a277b26b2e043c81406533457ff225f4df1c6c068,2022-07-08
755,GAM7001BEVA0R,cycle_backlog_exact_model,1,0,0,0,old-59-Word97--0-59,原件/免征目录/mf_batch59.doc,32738e2df847e0c74ff96d48b8a13e1dd9c31aee84b7c0a633e2d9c8a3e01f86,2022-10-10
756,GAM7001BEVA0T,cycle_backlog_exact_model,1,0,0,0,old-59-Word97--0-60,原件/免征目录/mf_batch59.doc,32738e2df847e0c74ff96d48b8a13e1dd9c31aee84b7c0a633e2d9c8a3e01f86,2022-10-10
757,GAM7001BEVA0U,cycle_backlog_exact_model,1,0,0,0,old-58-Word97--0-17,原件/免征目录/mf_batch58.doc,b642358bb3078d2dde909a798935c0c1fc75d90f22b33f7c48aa87209acc100d,2022-09-16
758,GAM7001BEVA0W,cycle_backlog_exact_model,1,0,0,0,old-59-Word97--0-58,原件/免征目录/mf_batch59.doc,32738e2df847e0c74ff96d48b8a13e1dd9c31aee84b7c0a633e2d9c8a3e01f86,2022-10-10
759,GAM7001BEVA0X,cycle_backlog_exact_model,1,0,0,0,old-60-Word97--0-30,原件/免征目录/mf_batch60.doc,aabd19e9a0955380873798454b18b3bb15c87937dffcbb0ccfab2eae3bf3551b,2022-11-09
760,GAM7001BEVA0Y,cycle_backlog_exact_model,1,0,0,0,old-60-Word97--0-31,原件/免征目录/mf_batch60.doc,aabd19e9a0955380873798454b18b3bb15c87937dffcbb0ccfab2eae3bf3551b,2022-11-09
761,GAM7001BEVA0Z,cycle_backlog_exact_model,1,0,0,0,old-61-Word97--0-43,原件/免征目录/mf_batch61.doc,d360a77695ccf20f3c17a354a1dd02fc846a7ae8bd18b41492515881a7240b72,2022-12-19
762,GAM7001BEVA1A,cycle_backlog_exact_model,1,0,0,0,old-62-Word97--0-52,原件/免征目录/mf_batch62.doc,7694ac7207998b6af7c895cdd2c1d752421df436d4b28f83195261dd47f6509c,2023-02-20
763,GAM7001BEVA1C,cycle_backlog_exact_model,1,0,0,0,old-65-Word97--0-27,原件/免征目录/mf_batch65.doc,06a6a578a9a60516a845bc92deac49954438a789e9e4a7cf3cd140f256d9b13d,2023-05-09
764,GAM7001BEVA1D,cycle_backlog_exact_model,1,0,0,0,old-68-Word97--0-23,原件/免征目录/mf_batch68.doc,58113d08377020d08de0aeb0e08ff63c4a4411dbe35ad69cfdd6f82fdf0fcc77,2023-08-16
765,GAM7001BEVA1E,cycle_backlog_exact_model,1,0,0,0,old-64-Word97--0-28,原件/免征目录/mf_batch64.doc,c4e238989e7e40ec2c3a6a899ead170b4a745bc72546ba6fd4a5731d8890c6cb,2023-04-17
766,GAM7001BEVA1G,cycle_backlog_exact_model,1,0,0,0,old-66-Word97--0-19,原件/免征目录/mf_batch66.doc,05a5fce42de1c5412803fe6a7bb46d04c4d61cb71dc5d88a9b59a3e884350544,2023-06-08
767,GAM7001BEVA1H,cycle_backlog_exact_model,1,0,0,0,old-66-Word97--0-20,原件/免征目录/mf_batch66.doc,05a5fce42de1c5412803fe6a7bb46d04c4d61cb71dc5d88a9b59a3e884350544,2023-06-08
768,GAM7001BEVA1J,cycle_backlog_exact_model,1,0,0,0,old-70-Word97--0-31,原件/免征目录/mf_batch70.doc,29b9f5df62602e114f0ed01426c185fdb15a654022cdf16d4df624bb736ed813,2023-10-18
769,GAM7001BEVA1K,cycle_backlog_exact_model,1,0,0,0,old-70-Word97--0-32,原件/免征目录/mf_batch70.doc,29b9f5df62602e114f0ed01426c185fdb15a654022cdf16d4df624bb736ed813,2023-10-18
770,GHA7000HAN0ABEV,cycle_backlog_exact_model,1,0,0,0,old-51-Word97--0-7,原件/免征目录/mf_batch51.doc,35411ca0ab3ef42915600b148fca6fe76bcb86f5dc3812f71d74f3ebda125ce6,2022-01-29
771,GHA7000HAN0BBEV,cycle_backlog_exact_model,1,0,0,0,old-50-Word97--0-24,原件/免征目录/mf_batch50.doc,3810672d92621612507384960254de602e629e75a308df22ee2291519445095e,2021-12-29
772,GHA7000HAN0CBEV,cycle_backlog_exact_model,1,0,0,0,old-61-Word97--0-40,原件/免征目录/mf_batch61.doc,d360a77695ccf20f3c17a354a1dd02fc846a7ae8bd18b41492515881a7240b72,2022-12-19
773,GHA7000NAN0ABEV,cycle_backlog_exact_model,1,0,0,0,old-37-Word97--0-27,原件/免征目录/mf_batch37.doc,136057faede292d8070763e326c8dbdcddf3790653cc6879a13758f91556881f,2020-11-30
774,GHA7000PAN0ABEV,cycle_backlog_exact_model,1,0,0,0,old-21-DOCX--0-5,原件/免征目录/mf_batch21.docx,cd981cecffd781db646c194ab2c853b0466cc86eea0f616e95300b88932b8d9b,2018-11-06
775,GHA7000PAN0BBEV,cycle_backlog_exact_model,1,0,0,0,old-25-Word97--0-92,原件/免征目录/mf_batch25.wps,9d2abe319463522513fe9c90f98bb8d0a825b599267d0b3cc403cec9624b3297,2019-06-12
776,GHA7000PAN0CBEV,cycle_backlog_exact_model,1,0,0,0,old-33-Word97--0-34,原件/免征目录/mf_batch33.doc,ff98fbb1708c47cdcfc1e79e7a1647e72a7ae6d4255dce3b250d661001340c09,2020-07-21
777,GHA7000PAN0DBEV,cycle_backlog_exact_model,1,0,0,0,old-40-Word97--0-5,原件/免征目录/mf_batch40.doc,93047c8e87a1f45948933ee36d00160788032370ecf11b551624e0ca45ecc1d1,2021-03-08
778,GMC6460AEV,cycle_backlog_exact_model,1,0,0,0,old-46-Word97--0-9,原件/免征目录/mf_batch46.doc,a4b2048b3d5c29a8969f0348e9fd19a3293f0c23e6f37a48bf42a2ed70c7d37d,2021-09-10
779,GMC6461AEV,cycle_backlog_exact_model,1,0,0,0,old-49-Word97--0-4,原件/免征目录/mf_batch49.doc,c7a56509a4d9272982da0abc9d1ea213ee1fbea3d0f1edad124630c9b5e3474e,2021-12-08
780,GMC6461BEV,cycle_backlog_exact_model,1,0,0,0,old-50-Word97--0-10,原件/免征目录/mf_batch50.doc,3810672d92621612507384960254de602e629e75a308df22ee2291519445095e,2021-12-29
781,GMC7000BEV,cycle_backlog_exact_model,1,0,0,0,old-19-DOCX--0-24,原件/免征目录/mf_batch19.docx,fafd1558aa0f21067847c19bdd0a95c79b919737be7b07b87c4538107fb2b8e3,2018-07-31
782,GMC7000CEV,cycle_backlog_exact_model,1,0,0,0,old-24-Word97--4-9,原件/免征目录/mf_batch24.wps,07775a0cb063fe0fce5880b9378dd1eb2522b725d645cabdee314d604779939d,2019-04-30
783,GNE7001AFCAEV,cycle_backlog_exact_model,1,0,0,0,old-22-Word97--0-62,原件/免征目录/mf_batch22.doc,eaf3fc1e64742af85b3d4bc90388d0a93154a497fd6c1fb9bf73b857672e1212,2018-12-18
784,GNE7001AFCBEV,cycle_backlog_exact_model,1,0,0,0,old-22-Word97--0-63,原件/免征目录/mf_batch22.doc,eaf3fc1e64742af85b3d4bc90388d0a93154a497fd6c1fb9bf73b857672e1212,2018-12-18
785,GNE7001AFCDEV,cycle_backlog_exact_model,1,0,0,0,old-26-DOCX--0-28,原件/免征目录/mf_batch26.docx,de0890335ef3a4f1302a8a0735ec8b6aed52e994e2635db481820060d62248b5,2019-08-30
786,GOLFEEAZAFA1001,cycle_backlog_exact_model,1,0,0,0,old-20-DOCX--0-8,原件/免征目录/mf_batch20.docx,374d3f87551d75d1c163e76abb38f350ea93f8a2b8cad6174568c307d1cc0130,2018-09-19
787,GTM6450GBEV,cycle_backlog_exact_model,1,0,0,0,old-17-PDF-grid-1-0-18,原件/免征目录/mf_batch17.pdf,577a4ba9c586fe08565f6a60e6de5474698031566d8dcef484cd44335879e334,2018-04-16
788,GTM70002BEV,cycle_backlog_exact_model,1,0,0,0,old-26-DOCX--0-57,原件/免征目录/mf_batch26.docx,de0890335ef3a4f1302a8a0735ec8b6aed52e994e2635db481820060d62248b5,2019-08-30
789,GTM700030BEV,cycle_backlog_exact_model,1,0,0,0,old-46-Word97--0-25,原件/免征目录/mf_batch46.doc,a4b2048b3d5c29a8969f0348e9fd19a3293f0c23e6f37a48bf42a2ed70c7d37d,2021-09-10
790,GTM700033BEV,cycle_backlog_exact_model,1,0,0,0,old-46-Word97--0-24,原件/免征目录/mf_batch46.doc,a4b2048b3d5c29a8969f0348e9fd19a3293f0c23e6f37a48bf42a2ed70c7d37d,2021-09-10
791,GTM700035BEV,cycle_backlog_exact_model,1,0,1,0,old-46-Word97--0-23,原件/免征目录/mf_batch46.doc,a4b2048b3d5c29a8969f0348e9fd19a3293f0c23e6f37a48bf42a2ed70c7d37d,2021-09-10
792,GTM70003BEV,cycle_backlog_exact_model,1,0,0,0,old-08-PDF-grid-1-0-13,原件/免征目录/mf_batch08.pdf,39b242717c026063c908426a890cd361f1165aa5729988d56303b2f8d5fb3b42,2016-06-16
793,GTM7000XBEV,cycle_backlog_exact_model,1,0,1,0,mf29-t0-r14,原件/mf_batch29.doc,8d24a01958cc6d44fa7826ecbb6a76869b9a0f2c98b97597d57af02932f2afaf,2019-12-27
794,GTM70012BEV,cycle_backlog_exact_model,1,0,0,0,old-32-Word97--0-17,原件/免征目录/mf_batch32.doc,ad7c65b4831a05b7c70e1e73fe834aa9beed883c66f898e799fcbbeb43cc3d75,2020-06-02
795,GTM70022BEV,cycle_backlog_exact_model,1,0,0,0,old-33-Word97--0-32,原件/免征目录/mf_batch33.doc,ff98fbb1708c47cdcfc1e79e7a1647e72a7ae6d4255dce3b250d661001340c09,2020-07-21
796,GXE7001BEV1A,cycle_backlog_exact_model,1,0,0,0,old-47-Word97--0-3,原件/免征目录/mf_batch47.doc,fb4517fe8220b10bc435a77a5328df13c732c70b335942dfad0ae9394affe9b4,2021-09-30
797,GXE7002BEV1A,cycle_backlog_exact_model,1,0,0,0,old-49-Word97--0-5,原件/免征目录/mf_batch49.doc,c7a56509a4d9272982da0abc9d1ea213ee1fbea3d0f1edad124630c9b5e3474e,2021-12-08
798,GXE7002BEV2A,cycle_backlog_exact_model,1,0,0,0,old-49-Word97--0-6,原件/免征目录/mf_batch49.doc,c7a56509a4d9272982da0abc9d1ea213ee1fbea3d0f1edad124630c9b5e3474e,2021-12-08
799,GXQ6450BEVT,cycle_backlog_exact_model,1,0,0,0,old-14-Word97--0-15,原件/免征目录/mf_batch14.docx,6a48764b5ccb7c4ffa6f54daa44d3a42095b8a981fc982e774ddaaded41e9921,2017-12-05
800,GXQ6450BEVT1,cycle_backlog_exact_model,1,0,0,0,old-23-Word97--0-14,原件/免征目录/mf_batch23.docx,87f838de0da3ba5887f77b2bf5c1dbf5b427e7cef896309a7084c11dd8f5efa0,2019-03-13
801,HFC6463EEV2,cycle_backlog_exact_model,1,0,0,0,old-48-Word97--0-43,原件/免征目录/mf_batch48.doc,ee5aa19736215cfcb3b76ffff90bcd0d9108c61758ccb756f7d4ad17e75a835c,2021-11-05
802,HFC6483ECEV-W,cycle_backlog_exact_model,1,0,0,0,old-24-Word97--3-11,原件/免征目录/mf_batch24.wps,07775a0cb063fe0fce5880b9378dd1eb2522b725d645cabdee314d604779939d,2019-04-30
803,HFC6483ECEV1-W,cycle_backlog_exact_model,1,0,0,0,old-25-Word97--0-73,原件/免征目录/mf_batch25.wps,9d2abe319463522513fe9c90f98bb8d0a825b599267d0b3cc403cec9624b3297,2019-06-12
804,HFC6483ECEV2-W,cycle_backlog_exact_model,1,0,0,0,old-25-Word97--0-74,原件/免征目录/mf_batch25.wps,9d2abe319463522513fe9c90f98bb8d0a825b599267d0b3cc403cec9624b3297,2019-06-12
805,HFC6483ECEV3-W,cycle_backlog_exact_model,1,0,0,0,old-25-Word97--0-75,原件/免征目录/mf_batch25.wps,9d2abe319463522513fe9c90f98bb8d0a825b599267d0b3cc403cec9624b3297,2019-06-12
806,HFC6483ECEV4-W,cycle_backlog_exact_model,1,0,0,0,old-26-DOCX--0-40,原件/免征目录/mf_batch26.docx,de0890335ef3a4f1302a8a0735ec8b6aed52e994e2635db481820060d62248b5,2019-08-30
807,HFC6483ECSEV-W,cycle_backlog_exact_model,1,0,1,0,old-33-Word97--0-24,原件/免征目录/mf_batch33.doc,ff98fbb1708c47cdcfc1e79e7a1647e72a7ae6d4255dce3b250d661001340c09,2020-07-21
808,HFC6483ECSEV2-W,cycle_backlog_exact_model,1,0,1,0,old-33-Word97--0-25,原件/免征目录/mf_batch33.doc,ff98fbb1708c47cdcfc1e79e7a1647e72a7ae6d4255dce3b250d661001340c09,2020-07-21
809,HFC6483ECSEV5-W,cycle_backlog_exact_model,1,0,0,0,old-34-Word97--0-28,原件/免征目录/mf_batch34.doc,d5c5bb03cc5fe0f16b284048e265ad35d62c12c0416f14aef0ce026a229aa831,2020-08-24
810,HFC6483ECSEV6-W,cycle_backlog_exact_model,1,0,1,0,old-34-Word97--0-29,原件/免征目录/mf_batch34.doc,d5c5bb03cc5fe0f16b284048e265ad35d62c12c0416f14aef0ce026a229aa831,2020-08-24
811,HFC6502ECEV-W,cycle_backlog_exact_model,1,0,0,0,old-15-PDF-grid-1-0-6,原件/免征目录/mf_batch15.pdf,bbb3b1e38c535c13d6ef1bc1f4105509476c91a7e63723dc7a70e372904d90f4,2017-12-19
812,HFC6502ECEV1-W,cycle_backlog_exact_model,1,0,0,0,old-19-DOCX--0-2,原件/免征目录/mf_batch19.docx,fafd1558aa0f21067847c19bdd0a95c79b919737be7b07b87c4538107fb2b8e3,2018-07-31
813,HFC6502ECEV2-W,cycle_backlog_exact_model,1,0,0,0,old-20-DOCX--0-2,原件/免征目录/mf_batch20.docx,374d3f87551d75d1c163e76abb38f350ea93f8a2b8cad6174568c307d1cc0130,2018-09-19
814,HFC6502ECEV3-W,cycle_backlog_exact_model,1,0,0,0,old-25-Word97--0-76,原件/免征目录/mf_batch25.wps,9d2abe319463522513fe9c90f98bb8d0a825b599267d0b3cc403cec9624b3297,2019-06-12
815,HFC6502ECEV4-W,cycle_backlog_exact_model,1,0,0,0,old-27-Word97--0-21,原件/免征目录/mf_batch27.doc,2bd67cf7e1efc03ae93942d0d340ffef87478709520383b6ee4d08baf843ead1,2019-10-25
816,HFC6502ECEV5-W,cycle_backlog_exact_model,1,0,0,0,old-30-Word97--0-52,原件/免征目录/mf_batch30.doc,e7fa3b47858ec2035b8055bc15be00b2b26920a5e8d3cad481058a80b92ead24,2020-03-13
817,HFC6502ECEV6-W,cycle_backlog_exact_model,1,0,0,0,old-30-Word97--0-53,原件/免征目录/mf_batch30.doc,e7fa3b47858ec2035b8055bc15be00b2b26920a5e8d3cad481058a80b92ead24,2020-03-13
818,HFC6502ECSEV5-W,cycle_backlog_exact_model,1,0,1,0,old-33-Word97--0-26,原件/免征目录/mf_batch33.doc,ff98fbb1708c47cdcfc1e79e7a1647e72a7ae6d4255dce3b250d661001340c09,2020-07-21
819,HFC6502ECSEV9-W,cycle_backlog_exact_model,1,0,0,0,old-36-Word97--0-8,原件/免征目录/mf_batch36.doc,05cfcfd9136685ad6d6e13b8228cd123cca109c26f43a4c71472016b5a610a9f,2020-10-30
820,HFC6511REV1C7,cycle_backlog_exact_model,1,0,0,0,old-49-Word97--0-21,原件/免征目录/mf_batch49.doc,c7a56509a4d9272982da0abc9d1ea213ee1fbea3d0f1edad124630c9b5e3474e,2021-12-08
821,HFC6511REV2C7,cycle_backlog_exact_model,1,0,0,0,old-59-Word97--0-52,原件/免征目录/mf_batch59.doc,32738e2df847e0c74ff96d48b8a13e1dd9c31aee84b7c0a633e2d9c8a3e01f86,2022-10-10
822,HFC6521EV2C8,cycle_backlog_exact_model,1,0,0,0,old-69-Word97--0-39,原件/免征目录/mf_batch69.doc,357d61a16c94488c9fdd761f393edb7029b05394ab06117abaebcba1a1e45546,2023-09-14
823,HFC6521EV2C8G,cycle_backlog_exact_model,1,0,0,0,old-69-Word97--0-38,原件/免征目录/mf_batch69.doc,357d61a16c94488c9fdd761f393edb7029b05394ab06117abaebcba1a1e45546,2023-09-14
824,HFC7000A1EV,cycle_backlog_exact_model,1,0,0,0,old-03-PDF-grid-1-0-2,原件/免征目录/mf_batch03.pdf,1367fdf126160143cbeecaedf4a66b528d105bbfa58a06b2118487a2e05000a5,2014-12-19
825,HFC7000A2EV,cycle_backlog_exact_model,1,0,0,0,old-10-PDF-grid-1-0-2,原件/免征目录/mf_batch10.pdf,ac1b1ad2605b4f24762fb1f01cea64b685393577d01648618fa1882bb5700ac3,2017-04-27
826,HFC7000AEV,cycle_backlog_exact_model,1,0,0,0,old-01-PDF-grid-1-0-2,原件/免征目录/mf_batch01.pdf,eac13628c37f01c4da157a2d1916d97acc81fdc295f18e1783549075ce7e5aa7,2014-08-27
827,HFC7000BEV,cycle_backlog_exact_model,1,0,0,0,old-15-PDF-grid-1-0-3,原件/免征目录/mf_batch15.pdf,bbb3b1e38c535c13d6ef1bc1f4105509476c91a7e63723dc7a70e372904d90f4,2017-12-19
828,HFC7000BEV1,cycle_backlog_exact_model,1,0,0,0,old-15-PDF-grid-1-0-2,原件/免征目录/mf_batch15.pdf,bbb3b1e38c535c13d6ef1bc1f4105509476c91a7e63723dc7a70e372904d90f4,2017-12-19
829,HFC7000BEV10,cycle_backlog_exact_model,1,0,0,0,old-24-Word97--3-12,原件/免征目录/mf_batch24.wps,07775a0cb063fe0fce5880b9378dd1eb2522b725d645cabdee314d604779939d,2019-04-30
830,HFC7000BEV11,cycle_backlog_exact_model,1,0,0,0,old-41-Word97--0-32,原件/免征目录/mf_batch41.doc,ba4634c0877ebf99f8e462013e4a07e40f57478a4aaf921801a6c85a49c42b7f,2021-03-31
831,HFC7000BEV2,cycle_backlog_exact_model,1,0,0,0,old-15-PDF-grid-1-0-5,原件/免征目录/mf_batch15.pdf,bbb3b1e38c535c13d6ef1bc1f4105509476c91a7e63723dc7a70e372904d90f4,2017-12-19
832,HFC7000BEV5,cycle_backlog_exact_model,1,0,0,0,old-18-Word97--0-19,原件/免征目录/mf_batch18.doc,43f5426f7f80996ee11a894710d7229c743abf7ad69ba239f61075e0a9ddd37a,2018-06-19
833,HFC7000BEV6,cycle_backlog_exact_model,1,0,0,0,old-19-DOCX--0-3,原件/免征目录/mf_batch19.docx,fafd1558aa0f21067847c19bdd0a95c79b919737be7b07b87c4538107fb2b8e3,2018-07-31
834,HFC7000BEV7,cycle_backlog_exact_model,1,0,0,0,old-22-Word97--0-21,原件/免征目录/mf_batch22.doc,eaf3fc1e64742af85b3d4bc90388d0a93154a497fd6c1fb9bf73b857672e1212,2018-12-18
835,HFC7000BEV8,cycle_backlog_exact_model,1,0,0,0,old-22-Word97--0-22,原件/免征目录/mf_batch22.doc,eaf3fc1e64742af85b3d4bc90388d0a93154a497fd6c1fb9bf73b857672e1212,2018-12-18
836,HFC7000BEV9,cycle_backlog_exact_model,1,0,0,0,old-24-Word97--3-13,原件/免征目录/mf_batch24.wps,07775a0cb063fe0fce5880b9378dd1eb2522b725d645cabdee314d604779939d,2019-04-30
837,HFC7000EWEV3,cycle_backlog_exact_model,1,0,0,0,old-17-PDF-grid-1-0-4,原件/免征目录/mf_batch17.pdf,577a4ba9c586fe08565f6a60e6de5474698031566d8dcef484cd44335879e334,2018-04-16
838,HFC7000EWEV4,cycle_backlog_exact_model,1,0,0,0,old-22-Word97--0-23,原件/免征目录/mf_batch22.doc,eaf3fc1e64742af85b3d4bc90388d0a93154a497fd6c1fb9bf73b857672e1212,2018-12-18
839,HFC7000EWEV6,cycle_backlog_exact_model,1,0,0,0,old-24-Word97--3-14,原件/免征目录/mf_batch24.wps,07775a0cb063fe0fce5880b9378dd1eb2522b725d645cabdee314d604779939d,2019-04-30
840,HFC7000EWEV7,cycle_backlog_exact_model,1,0,0,0,old-27-Word97--0-22,原件/免征目录/mf_batch27.doc,2bd67cf7e1efc03ae93942d0d340ffef87478709520383b6ee4d08baf843ead1,2019-10-25
841,HFC7000EWEV8,cycle_backlog_exact_model,1,0,0,0,old-30-Word97--0-54,原件/免征目录/mf_batch30.doc,e7fa3b47858ec2035b8055bc15be00b2b26920a5e8d3cad481058a80b92ead24,2020-03-13
842,HFC7000W3EV,cycle_backlog_exact_model,1,0,0,0,old-10-PDF-grid-1-0-3,原件/免征目录/mf_batch10.pdf,ac1b1ad2605b4f24762fb1f01cea64b685393577d01648618fa1882bb5700ac3,2017-04-27
843,HFC7000WEV,cycle_backlog_exact_model,1,0,0,0,old-08-PDF-grid-1-0-2,原件/免征目录/mf_batch08.pdf,39b242717c026063c908426a890cd361f1165aa5729988d56303b2f8d5fb3b42,2016-06-16
844,HFC7000WEV1,cycle_backlog_exact_model,1,0,0,0,old-17-PDF-grid-1-0-2,原件/免征目录/mf_batch17.pdf,577a4ba9c586fe08565f6a60e6de5474698031566d8dcef484cd44335879e334,2018-04-16
845,HFC7000WEV10,cycle_backlog_exact_model,1,0,0,0,old-41-Word97--0-30,原件/免征目录/mf_batch41.doc,ba4634c0877ebf99f8e462013e4a07e40f57478a4aaf921801a6c85a49c42b7f,2021-03-31
846,HFC7000WEV11,cycle_backlog_exact_model,1,0,0,0,old-48-Word97--0-44,原件/免征目录/mf_batch48.doc,ee5aa19736215cfcb3b76ffff90bcd0d9108c61758ccb756f7d4ad17e75a835c,2021-11-05
847,HFC7000WEV12,cycle_backlog_exact_model,1,0,0,0,old-51-Word97--0-22,原件/免征目录/mf_batch51.doc,35411ca0ab3ef42915600b148fca6fe76bcb86f5dc3812f71d74f3ebda125ce6,2022-01-29
848,HFC7000WEV13,cycle_backlog_exact_model,1,0,0,0,old-53-Word97--0-24,原件/免征目录/mf_batch53.doc,a1f426ff77c80bce4d153fbfb6d01a7b6c6c87539f52ac4643edb7b060e21d2a,2022-04-08
849,HFC7000WEV14,cycle_backlog_exact_model,1,0,0,0,old-59-Word97--0-51,原件/免征目录/mf_batch59.doc,32738e2df847e0c74ff96d48b8a13e1dd9c31aee84b7c0a633e2d9c8a3e01f86,2022-10-10
850,HFC7000WEV15,cycle_backlog_exact_model,1,0,0,0,old-59-Word97--0-50,原件/免征目录/mf_batch59.doc,32738e2df847e0c74ff96d48b8a13e1dd9c31aee84b7c0a633e2d9c8a3e01f86,2022-10-10
851,HFC7000WEV16,cycle_backlog_exact_model,1,0,0,0,old-71-Word97--0-38,原件/免征目录/mf_batch71.doc,b37b78b64b8ef7e12e6e95d6fd27a4a6e364c0c83ba403ffcf3bca82c60e3460,2023-11-20
852,HFC7000WEV17,cycle_backlog_exact_model,1,0,0,0,old-68-Word97--0-14,原件/免征目录/mf_batch68.doc,58113d08377020d08de0aeb0e08ff63c4a4411dbe35ad69cfdd6f82fdf0fcc77,2023-08-16
853,HFC7000WEV18,cycle_backlog_exact_model,1,0,0,0,old-68-Word97--0-12,原件/免征目录/mf_batch68.doc,58113d08377020d08de0aeb0e08ff63c4a4411dbe35ad69cfdd6f82fdf0fcc77,2023-08-16
854,HFC7000WEV2,cycle_backlog_exact_model,1,0,0,0,old-23-Word97--0-15,原件/免征目录/mf_batch23.docx,87f838de0da3ba5887f77b2bf5c1dbf5b427e7cef896309a7084c11dd8f5efa0,2019-03-13
855,HFC7000WEV4,cycle_backlog_exact_model,1,0,0,0,old-24-Word97--3-15,原件/免征目录/mf_batch24.wps,07775a0cb063fe0fce5880b9378dd1eb2522b725d645cabdee314d604779939d,2019-04-30
856,HFC7000WEV6,cycle_backlog_exact_model,1,0,0,0,old-38-Word97--0-29,原件/免征目录/mf_batch38.doc,7c9def45fe5c40e4c5ffb483a1d1efd383c12cb16a5c4ba021d4ce28384776de,2020-12-30
857,HFC7000WEV7,cycle_backlog_exact_model,1,0,0,0,old-37-Word97--0-25,原件/免征目录/mf_batch37.doc,136057faede292d8070763e326c8dbdcddf3790653cc6879a13758f91556881f,2020-11-30
858,HFC7000WEV8,cycle_backlog_exact_model,1,0,0,0,old-32-Word97--0-16,原件/免征目录/mf_batch32.doc,ad7c65b4831a05b7c70e1e73fe834aa9beed883c66f898e799fcbbeb43cc3d75,2020-06-02
859,HFC7000WEV9,cycle_backlog_exact_model,1,0,0,0,old-40-Word97--0-25,原件/免征目录/mf_batch40.doc,93047c8e87a1f45948933ee36d00160788032370ecf11b551624e0ca45ecc1d1,2021-03-08
860,HFC7001A1EV,cycle_backlog_exact_model,1,0,0,0,old-03-PDF-grid-1-0-3,原件/免征目录/mf_batch03.pdf,1367fdf126160143cbeecaedf4a66b528d105bbfa58a06b2118487a2e05000a5,2014-12-19
861,HFC7001AEV,cycle_backlog_exact_model,1,0,0,0,old-03-PDF-grid-1-0-4,原件/免征目录/mf_batch03.pdf,1367fdf126160143cbeecaedf4a66b528d105bbfa58a06b2118487a2e05000a5,2014-12-19
862,HFC7001AEV2,cycle_backlog_exact_model,1,0,0,0,old-19-DOCX--0-4,原件/免征目录/mf_batch19.docx,fafd1558aa0f21067847c19bdd0a95c79b919737be7b07b87c4538107fb2b8e3,2018-07-31
863,HFC7001AEV3,cycle_backlog_exact_model,1,0,0,0,old-22-Word97--0-25,原件/免征目录/mf_batch22.doc,eaf3fc1e64742af85b3d4bc90388d0a93154a497fd6c1fb9bf73b857672e1212,2018-12-18
864,HFC7001AEV5,cycle_backlog_exact_model,1,0,0,0,old-24-Word97--3-16,原件/免征目录/mf_batch24.wps,07775a0cb063fe0fce5880b9378dd1eb2522b725d645cabdee314d604779939d,2019-04-30
865,HFC7001AEV6,cycle_backlog_exact_model,1,0,0,0,old-34-Word97--0-30,原件/免征目录/mf_batch34.doc,d5c5bb03cc5fe0f16b284048e265ad35d62c12c0416f14aef0ce026a229aa831,2020-08-24
866,HFC7001CEV,cycle_backlog_exact_model,1,0,0,0,old-23-Word97--0-16,原件/免征目录/mf_batch23.docx,87f838de0da3ba5887f77b2bf5c1dbf5b427e7cef896309a7084c11dd8f5efa0,2019-03-13
867,HFC7001E1AEV,cycle_backlog_exact_model,1,0,0,0,old-17-PDF-grid-1-0-5,原件/免征目录/mf_batch17.pdf,577a4ba9c586fe08565f6a60e6de5474698031566d8dcef484cd44335879e334,2018-04-16
868,HFC7001E1AEV5,cycle_backlog_exact_model,1,0,0,0,old-23-Word97--0-22,原件/免征目录/mf_batch23.docx,87f838de0da3ba5887f77b2bf5c1dbf5b427e7cef896309a7084c11dd8f5efa0,2019-03-13
869,HFC7001E1AEV7,cycle_backlog_exact_model,1,0,0,0,old-33-Word97--0-27,原件/免征目录/mf_batch33.doc,ff98fbb1708c47cdcfc1e79e7a1647e72a7ae6d4255dce3b250d661001340c09,2020-07-21
870,HFC7001EAEV,cycle_backlog_exact_model,1,0,0,0,old-07-PDF-grid-1-0-3,原件/免征目录/mf_batch07.pdf,ad8e7f0576c7261a718e5a561358462b598d617361c6f02d7a14fb2038b758b0,2016-04-15
871,HFC7001EAEV10,cycle_backlog_exact_model,1,0,0,0,old-23-Word97--0-23,原件/免征目录/mf_batch23.docx,87f838de0da3ba5887f77b2bf5c1dbf5b427e7cef896309a7084c11dd8f5efa0,2019-03-13
872,HFC7001EAEV11,cycle_backlog_exact_model,1,0,0,0,old-24-Word97--3-17,原件/免征目录/mf_batch24.wps,07775a0cb063fe0fce5880b9378dd1eb2522b725d645cabdee314d604779939d,2019-04-30
873,HFC7001EAEV2,cycle_backlog_exact_model,1,0,0,0,old-11-PDF-grid-1-0-2,原件/免征目录/mf_batch11.pdf,ec4f33e5e872841e6d1fa5d435793c285a15614ef2e64f39b9013389b5e51724,2017-07-06
874,HFC7001EAEV4,cycle_backlog_exact_model,1,0,0,0,old-16-Word97--0-2,原件/免征目录/mf_batch16.docx,9db5ace6c1c59bd9636d48636f94fa77d2b6e0aa27b109421690ce6a8c4a3967,2018-02-13
875,HFC7001EAEV5,cycle_backlog_exact_model,1,0,0,0,old-19-DOCX--0-6,原件/免征目录/mf_batch19.docx,fafd1558aa0f21067847c19bdd0a95c79b919737be7b07b87c4538107fb2b8e3,2018-07-31
876,HFC7001EAEV6,cycle_backlog_exact_model,1,0,0,0,old-18-Word97--0-20,原件/免征目录/mf_batch18.doc,43f5426f7f80996ee11a894710d7229c743abf7ad69ba239f61075e0a9ddd37a,2018-06-19
877,HFC7001EAEV7,cycle_backlog_exact_model,1,0,0,0,old-22-Word97--0-27,原件/免征目录/mf_batch22.doc,eaf3fc1e64742af85b3d4bc90388d0a93154a497fd6c1fb9bf73b857672e1212,2018-12-18
878,HFC7001EWEV,cycle_backlog_exact_model,1,0,0,0,old-11-PDF-grid-1-0-3,原件/免征目录/mf_batch11.pdf,ec4f33e5e872841e6d1fa5d435793c285a15614ef2e64f39b9013389b5e51724,2017-07-06
879,HFC7002BEV,cycle_backlog_exact_model,1,0,0,0,old-30-Word97--0-56,原件/免征目录/mf_batch30.doc,e7fa3b47858ec2035b8055bc15be00b2b26920a5e8d3cad481058a80b92ead24,2020-03-13
880,HFC7002BEV1,cycle_backlog_exact_model,1,0,0,0,old-30-Word97--0-57,原件/免征目录/mf_batch30.doc,e7fa3b47858ec2035b8055bc15be00b2b26920a5e8d3cad481058a80b92ead24,2020-03-13
881,HFC7002BEV2,cycle_backlog_exact_model,1,0,0,0,old-35-Word97--0-24,原件/免征目录/mf_batch35.wps,e4a6abd0e50daa81d029f8b37584511354700e855dc89de210fcba782b0643f0,2020-09-21
882,HFC7002BEV3,cycle_backlog_exact_model,1,0,0,0,old-35-Word97--0-25,原件/免征目录/mf_batch35.wps,e4a6abd0e50daa81d029f8b37584511354700e855dc89de210fcba782b0643f0,2020-09-21
883,HFC7002BEV4,cycle_backlog_exact_model,1,0,0,0,old-37-Word97--0-26,原件/免征目录/mf_batch37.doc,136057faede292d8070763e326c8dbdcddf3790653cc6879a13758f91556881f,2020-11-30
884,HFC7002BEV6,cycle_backlog_exact_model,1,0,0,0,old-41-Word97--0-31,原件/免征目录/mf_batch41.doc,ba4634c0877ebf99f8e462013e4a07e40f57478a4aaf921801a6c85a49c42b7f,2021-03-31
885,HFC7002BEV8,cycle_backlog_exact_model,1,0,0,0,old-68-Word97--0-15,原件/免征目录/mf_batch68.doc,58113d08377020d08de0aeb0e08ff63c4a4411dbe35ad69cfdd6f82fdf0fcc77,2023-08-16
886,HFC7002BEV9,cycle_backlog_exact_model,1,0,0,0,old-68-Word97--0-11,原件/免征目录/mf_batch68.doc,58113d08377020d08de0aeb0e08ff63c4a4411dbe35ad69cfdd6f82fdf0fcc77,2023-08-16
887,HFC7002BSEV1,cycle_backlog_exact_model,1,0,0,0,old-58-Word97--0-13,原件/免征目录/mf_batch58.doc,b642358bb3078d2dde909a798935c0c1fc75d90f22b33f7c48aa87209acc100d,2022-09-16
888,HFC7002BSEV2,cycle_backlog_exact_model,1,0,0,0,old-68-Word97--0-13,原件/免征目录/mf_batch68.doc,58113d08377020d08de0aeb0e08ff63c4a4411dbe35ad69cfdd6f82fdf0fcc77,2023-08-16
889,HFC7002EWEV1,cycle_backlog_exact_model,1,0,0,0,old-64-Word97--0-23,原件/免征目录/mf_batch64.doc,c4e238989e7e40ec2c3a6a899ead170b4a745bc72546ba6fd4a5731d8890c6cb,2023-04-17
890,HFC7002EWEV2,cycle_backlog_exact_model,1,0,0,0,old-64-Word97--0-24,原件/免征目录/mf_batch64.doc,c4e238989e7e40ec2c3a6a899ead170b4a745bc72546ba6fd4a5731d8890c6cb,2023-04-17
891,HFC7002MEV,cycle_backlog_exact_model,1,0,0,0,old-23-Word97--0-18,原件/免征目录/mf_batch23.docx,87f838de0da3ba5887f77b2bf5c1dbf5b427e7cef896309a7084c11dd8f5efa0,2019-03-13
892,HFC7002MEV1,cycle_backlog_exact_model,1,0,0,0,old-23-Word97--0-19,原件/免征目录/mf_batch23.docx,87f838de0da3ba5887f77b2bf5c1dbf5b427e7cef896309a7084c11dd8f5efa0,2019-03-13
893,HFC7002MEV2,cycle_backlog_exact_model,1,0,0,0,old-23-Word97--0-24,原件/免征目录/mf_batch23.docx,87f838de0da3ba5887f77b2bf5c1dbf5b427e7cef896309a7084c11dd8f5efa0,2019-03-13
894,HFC7002MEV3,cycle_backlog_exact_model,1,0,0,0,old-25-Word97--0-77,原件/免征目录/mf_batch25.wps,9d2abe319463522513fe9c90f98bb8d0a825b599267d0b3cc403cec9624b3297,2019-06-12
895,HFC7002MEV4,cycle_backlog_exact_model,1,0,0,0,old-25-Word97--0-78,原件/免征目录/mf_batch25.wps,9d2abe319463522513fe9c90f98bb8d0a825b599267d0b3cc403cec9624b3297,2019-06-12
896,HFC7002MEV7,cycle_backlog_exact_model,1,0,0,0,old-35-Word97--0-26,原件/免征目录/mf_batch35.wps,e4a6abd0e50daa81d029f8b37584511354700e855dc89de210fcba782b0643f0,2020-09-21
897,HKL6490BEV1,cycle_backlog_exact_model,1,0,0,0,old-10-PDF-grid-3-0-15,原件/免征目录/mf_batch10.pdf,ac1b1ad2605b4f24762fb1f01cea64b685393577d01648618fa1882bb5700ac3,2017-04-27
898,HKL6520MBEV,cycle_backlog_exact_model,1,0,0,0,old-41-Word97--0-21,原件/免征目录/mf_batch41.doc,ba4634c0877ebf99f8e462013e4a07e40f57478a4aaf921801a6c85a49c42b7f,2021-03-31
899,HKL6540MBEV,cycle_backlog_exact_model,1,0,0,0,old-45-Word97--0-20,原件/免征目录/mf_batch45.doc,56f5e7c5fd36e990024f8121006a76da260361f4e4660846e78255d007126f7a,2021-08-10
900,HMA7000ABBEV,cycle_backlog_exact_model,1,0,0,0,old-27-Word97--0-41,原件/免征目录/mf_batch27.doc,2bd67cf7e1efc03ae93942d0d340ffef87478709520383b6ee4d08baf843ead1,2019-10-25
901,HMA7000ACBEV,cycle_backlog_exact_model,1,0,0,0,old-24-Word97--1-6,原件/免征目录/mf_batch24.wps,07775a0cb063fe0fce5880b9378dd1eb2522b725d645cabdee314d604779939d,2019-04-30
902,HMA7000ADBEV,cycle_backlog_exact_model,1,0,0,0,old-27-Word97--0-42,原件/免征目录/mf_batch27.doc,2bd67cf7e1efc03ae93942d0d340ffef87478709520383b6ee4d08baf843ead1,2019-10-25
903,HMA7000AEBEV,cycle_backlog_exact_model,1,0,0,0,old-27-Word97--0-43,原件/免征目录/mf_batch27.doc,2bd67cf7e1efc03ae93942d0d340ffef87478709520383b6ee4d08baf843ead1,2019-10-25
904,HMA7000AFBEV,cycle_backlog_exact_model,1,0,0,0,old-27-Word97--0-44,原件/免征目录/mf_batch27.doc,2bd67cf7e1efc03ae93942d0d340ffef87478709520383b6ee4d08baf843ead1,2019-10-25
905,HMA7000S60BEV,cycle_backlog_exact_model,1,0,0,0,old-13-PDF-grid-1-0-15,原件/免征目录/mf_batch13.pdf,e82c4f41c448edbb5269c95f2ff35d0c577f7ff0d12ff30b2d4c307a1aa31a6b,2017-10-30
906,HMA7000S68BEV,cycle_backlog_exact_model,1,0,0,0,old-21-DOCX--0-6,原件/免征目录/mf_batch21.docx,cd981cecffd781db646c194ab2c853b0466cc86eea0f616e95300b88932b8d9b,2018-11-06
907,HMA7001DABEV,cycle_backlog_exact_model,1,0,0,0,old-25-Word97--0-21,原件/免征目录/mf_batch25.wps,9d2abe319463522513fe9c90f98bb8d0a825b599267d0b3cc403cec9624b3297,2019-06-12
908,HMA7001DCBEV,cycle_backlog_exact_model,1,0,0,0,old-26-DOCX--0-15,原件/免征目录/mf_batch26.docx,de0890335ef3a4f1302a8a0735ec8b6aed52e994e2635db481820060d62248b5,2019-08-30
909,HMA7001DDBEV,cycle_backlog_exact_model,1,0,0,0,old-25-Word97--0-22,原件/免征目录/mf_batch25.wps,9d2abe319463522513fe9c90f98bb8d0a825b599267d0b3cc403cec9624b3297,2019-06-12
910,HMA7001DEBEV,cycle_backlog_exact_model,1,0,0,0,old-25-Word97--0-23,原件/免征目录/mf_batch25.wps,9d2abe319463522513fe9c90f98bb8d0a825b599267d0b3cc403cec9624b3297,2019-06-12
911,HMA7001DGBEV,cycle_backlog_exact_model,1,0,0,0,old-30-Word97--0-22,原件/免征目录/mf_batch30.doc,e7fa3b47858ec2035b8055bc15be00b2b26920a5e8d3cad481058a80b92ead24,2020-03-13
912,HMA7001DHBEV,cycle_backlog_exact_model,1,0,0,0,old-38-Word97--0-25,原件/免征目录/mf_batch38.doc,7c9def45fe5c40e4c5ffb483a1d1efd383c12cb16a5c4ba021d4ce28384776de,2020-12-30
913,HMA7001S60BEV,cycle_backlog_exact_model,1,0,0,0,old-14-Word97--0-14,原件/免征目录/mf_batch14.docx,6a48764b5ccb7c4ffa6f54daa44d3a42095b8a981fc982e774ddaaded41e9921,2017-12-05
914,HMA7001S68BEV,cycle_backlog_exact_model,1,0,0,0,old-21-DOCX--0-7,原件/免征目录/mf_batch21.docx,cd981cecffd781db646c194ab2c853b0466cc86eea0f616e95300b88932b8d9b,2018-11-06
915,HMA7002S302BEV,cycle_backlog_exact_model,1,0,0,0,old-14-Word97--0-13,原件/免征目录/mf_batch14.docx,6a48764b5ccb7c4ffa6f54daa44d3a42095b8a981fc982e774ddaaded41e9921,2017-12-05
916,HMA7002S30BEV,cycle_backlog_exact_model,1,0,0,0,old-10-PDF-grid-2-0-3,原件/免征目录/mf_batch10.pdf,ac1b1ad2605b4f24762fb1f01cea64b685393577d01648618fa1882bb5700ac3,2017-04-27
917,HMA7002S60BEV,cycle_backlog_exact_model,1,0,0,0,old-15-PDF-grid-1-0-12,原件/免征目录/mf_batch15.pdf,bbb3b1e38c535c13d6ef1bc1f4105509476c91a7e63723dc7a70e372904d90f4,2017-12-19
918,HMA7002S68BEV,cycle_backlog_exact_model,1,0,0,0,old-21-DOCX--0-8,原件/免征目录/mf_batch21.docx,cd981cecffd781db646c194ab2c853b0466cc86eea0f616e95300b88932b8d9b,2018-11-06
919,HMA7003S10BEV,cycle_backlog_exact_model,1,0,0,0,old-05-PDF-grid-1-0-8,原件/免征目录/mf_batch05.pdf,658aa5fbf13859a9bbe1db6235da2f7e79fc325cc34e4c0ec1ffab7f8cc2ebca,2015-09-11
920,HMA7003S13BEV,cycle_backlog_exact_model,1,0,0,0,old-11-PDF-grid-1-0-17,原件/免征目录/mf_batch11.pdf,ec4f33e5e872841e6d1fa5d435793c285a15614ef2e64f39b9013389b5e51724,2017-07-06
921,HMA7003S201BEV,cycle_backlog_exact_model,1,0,0,0,old-16-Word97--0-21,原件/免征目录/mf_batch16.docx,9db5ace6c1c59bd9636d48636f94fa77d2b6e0aa27b109421690ce6a8c4a3967,2018-02-13
922,HMA7003S202BEV,cycle_backlog_exact_model,1,0,0,0,old-21-DOCX--0-9,原件/免征目录/mf_batch21.docx,cd981cecffd781db646c194ab2c853b0466cc86eea0f616e95300b88932b8d9b,2018-11-06
923,HMA7003S203BEV,cycle_backlog_exact_model,1,0,0,0,old-21-DOCX--0-10,原件/免征目录/mf_batch21.docx,cd981cecffd781db646c194ab2c853b0466cc86eea0f616e95300b88932b8d9b,2018-11-06
924,HMA7003S204BEV,cycle_backlog_exact_model,1,0,0,0,old-23-Word97--0-26,原件/免征目录/mf_batch23.docx,87f838de0da3ba5887f77b2bf5c1dbf5b427e7cef896309a7084c11dd8f5efa0,2019-03-13
925,HMA7003S68BEV,cycle_backlog_exact_model,1,0,0,0,old-21-DOCX--0-11,原件/免征目录/mf_batch21.docx,cd981cecffd781db646c194ab2c853b0466cc86eea0f616e95300b88932b8d9b,2018-11-06
926,HMA7004S30BEV,cycle_backlog_exact_model,1,0,0,0,old-05-PDF-grid-1-0-9,原件/免征目录/mf_batch05.pdf,658aa5fbf13859a9bbe1db6235da2f7e79fc325cc34e4c0ec1ffab7f8cc2ebca,2015-09-11
927,HMA7004S68BEV,cycle_backlog_exact_model,1,0,0,0,old-23-Word97--0-27,原件/免征目录/mf_batch23.docx,87f838de0da3ba5887f77b2bf5c1dbf5b427e7cef896309a7084c11dd8f5efa0,2019-03-13
928,HMC6440BM0BEV,cycle_backlog_exact_model,1,0,0,0,old-09-PDF-grid-3-0-6,原件/免征目录/mf_batch09.pdf,7eea7200c04fefec34f6ae6db5a1bae77f82a534348f266e95575cae051c8c8c,2016-12-06
929,HMC6482PM0BEV,cycle_backlog_exact_model,1,0,0,0,old-58-Word97--0-15,原件/免征目录/mf_batch58.doc,b642358bb3078d2dde909a798935c0c1fc75d90f22b33f7c48aa87209acc100d,2022-09-16
930,HMC7000LH0BEV,cycle_backlog_exact_model,1,0,0,0,old-12-PDF-grid-2-0-13,原件/免征目录/mf_batch12.pdf,afbd7133ccf901dbdc065b2ff80768450dc901def8d216cf5bb87baa98f7a1e2,2017-09-05
931,HMC7000NS0BEV,cycle_backlog_exact_model,1,0,0,0,old-18-Word97--0-32,原件/免征目录/mf_batch18.doc,43f5426f7f80996ee11a894710d7229c743abf7ad69ba239f61075e0a9ddd37a,2018-06-19
932,HMC7001BM0BEV,cycle_backlog_exact_model,1,0,0,0,old-03-PDF-grid-1-0-11,原件/免征目录/mf_batch03.pdf,1367fdf126160143cbeecaedf4a66b528d105bbfa58a06b2118487a2e05000a5,2014-12-19
933,HQ7002BEV04,cycle_backlog_exact_model,1,0,0,0,old-11-PDF-grid-2-0-5,原件/免征目录/mf_batch11.pdf,ec4f33e5e872841e6d1fa5d435793c285a15614ef2e64f39b9013389b5e51724,2017-07-06
934,HQ7002BEV05,cycle_backlog_exact_model,1,0,0,0,old-12-PDF-grid-2-0-17,原件/免征目录/mf_batch12.pdf,afbd7133ccf901dbdc065b2ff80768450dc901def8d216cf5bb87baa98f7a1e2,2017-09-05
935,HQ7002BEV08,cycle_backlog_exact_model,1,0,0,0,old-11-PDF-grid-2-0-6,原件/免征目录/mf_batch11.pdf,ec4f33e5e872841e6d1fa5d435793c285a15614ef2e64f39b9013389b5e51724,2017-07-06
936,HQ7002BEV11,cycle_backlog_exact_model,1,0,0,0,old-12-PDF-grid-2-0-21,原件/免征目录/mf_batch12.pdf,afbd7133ccf901dbdc065b2ff80768450dc901def8d216cf5bb87baa98f7a1e2,2017-09-05
937,HQ7002BEV12,cycle_backlog_exact_model,1,0,0,0,old-12-PDF-grid-2-0-15,原件/免征目录/mf_batch12.pdf,afbd7133ccf901dbdc065b2ff80768450dc901def8d216cf5bb87baa98f7a1e2,2017-09-05
938,HQ7002BEV15,cycle_backlog_exact_model,1,0,0,0,old-12-PDF-grid-2-0-18,原件/免征目录/mf_batch12.pdf,afbd7133ccf901dbdc065b2ff80768450dc901def8d216cf5bb87baa98f7a1e2,2017-09-05
939,HQ7002BEV35,cycle_backlog_exact_model,1,0,0,0,old-20-DOCX--0-75,原件/免征目录/mf_batch20.docx,374d3f87551d75d1c163e76abb38f350ea93f8a2b8cad6174568c307d1cc0130,2018-09-19
940,HQ7002BEV36,cycle_backlog_exact_model,1,0,0,0,old-20-DOCX--0-76,原件/免征目录/mf_batch20.docx,374d3f87551d75d1c163e76abb38f350ea93f8a2b8cad6174568c307d1cc0130,2018-09-19
941,HQ7002BEV37,cycle_backlog_exact_model,1,0,0,0,old-22-Word97--0-18,原件/免征目录/mf_batch22.doc,eaf3fc1e64742af85b3d4bc90388d0a93154a497fd6c1fb9bf73b857672e1212,2018-12-18
942,HQ7002BEV39,cycle_backlog_exact_model,1,0,0,0,old-22-Word97--0-19,原件/免征目录/mf_batch22.doc,eaf3fc1e64742af85b3d4bc90388d0a93154a497fd6c1fb9bf73b857672e1212,2018-12-18
943,HQ7002BEV45,cycle_backlog_exact_model,1,0,0,0,old-22-Word97--0-20,原件/免征目录/mf_batch22.doc,eaf3fc1e64742af85b3d4bc90388d0a93154a497fd6c1fb9bf73b857672e1212,2018-12-18
944,HQ7002BEV51,cycle_backlog_exact_model,1,0,0,0,old-23-Word97--0-29,原件/免征目录/mf_batch23.docx,87f838de0da3ba5887f77b2bf5c1dbf5b427e7cef896309a7084c11dd8f5efa0,2019-03-13
945,HQ7002BEV56,cycle_backlog_exact_model,1,0,0,0,old-23-Word97--0-31,原件/免征目录/mf_batch23.docx,87f838de0da3ba5887f77b2bf5c1dbf5b427e7cef896309a7084c11dd8f5efa0,2019-03-13
946,HQ7002BEV57,cycle_backlog_exact_model,1,0,0,0,old-23-Word97--0-32,原件/免征目录/mf_batch23.docx,87f838de0da3ba5887f77b2bf5c1dbf5b427e7cef896309a7084c11dd8f5efa0,2019-03-13
947,HQ7002BEV63,cycle_backlog_exact_model,1,0,0,0,old-24-Word97--3-8,原件/免征目录/mf_batch24.wps,07775a0cb063fe0fce5880b9378dd1eb2522b725d645cabdee314d604779939d,2019-04-30
948,HQ7002BEV66,cycle_backlog_exact_model,1,0,0,0,old-24-Word97--3-10,原件/免征目录/mf_batch24.wps,07775a0cb063fe0fce5880b9378dd1eb2522b725d645cabdee314d604779939d,2019-04-30
949,HQ7002BEV67,cycle_backlog_exact_model,1,0,1,0,old-40-Word97--0-14,原件/免征目录/mf_batch40.doc,93047c8e87a1f45948933ee36d00160788032370ecf11b551624e0ca45ecc1d1,2021-03-08
950,HQ7002BEV68,cycle_backlog_exact_model,1,0,0,0,old-40-Word97--0-13,原件/免征目录/mf_batch40.doc,93047c8e87a1f45948933ee36d00160788032370ecf11b551624e0ca45ecc1d1,2021-03-08
951,HQ7002BEV69,cycle_backlog_exact_model,1,0,0,0,old-39-Word97--0-25,原件/免征目录/mf_batch39.doc,48158862f567d71b07ac0a7a60c2c3bc6d2bb44dd5a86290b0b809d757a9eb07,2021-01-29
952,HQ7002BEV70,cycle_backlog_exact_model,1,0,0,0,old-39-Word97--0-18,原件/免征目录/mf_batch39.doc,48158862f567d71b07ac0a7a60c2c3bc6d2bb44dd5a86290b0b809d757a9eb07,2021-01-29
953,HQ7002BEV71,cycle_backlog_exact_model,1,0,0,0,old-39-Word97--0-27,原件/免征目录/mf_batch39.doc,48158862f567d71b07ac0a7a60c2c3bc6d2bb44dd5a86290b0b809d757a9eb07,2021-01-29
954,HQ7002BEV72,cycle_backlog_exact_model,1,0,0,0,old-39-Word97--0-19,原件/免征目录/mf_batch39.doc,48158862f567d71b07ac0a7a60c2c3bc6d2bb44dd5a86290b0b809d757a9eb07,2021-01-29
955,HQ7002BEV73,cycle_backlog_exact_model,1,0,0,0,old-39-Word97--0-26,原件/免征目录/mf_batch39.doc,48158862f567d71b07ac0a7a60c2c3bc6d2bb44dd5a86290b0b809d757a9eb07,2021-01-29
956,HQ7002BEV74,cycle_backlog_exact_model,1,0,0,0,old-39-Word97--0-20,原件/免征目录/mf_batch39.doc,48158862f567d71b07ac0a7a60c2c3bc6d2bb44dd5a86290b0b809d757a9eb07,2021-01-29
957,HQ7002BEV76,cycle_backlog_exact_model,1,0,0,0,old-45-Word97--0-22,原件/免征目录/mf_batch45.doc,56f5e7c5fd36e990024f8121006a76da260361f4e4660846e78255d007126f7a,2021-08-10
958,HQ7002BEV77,cycle_backlog_exact_model,1,0,0,0,old-40-Word97--0-12,原件/免征目录/mf_batch40.doc,93047c8e87a1f45948933ee36d00160788032370ecf11b551624e0ca45ecc1d1,2021-03-08
959,HQ7002BEV78,cycle_backlog_exact_model,1,0,0,0,old-41-Word97--0-24,原件/免征目录/mf_batch41.doc,ba4634c0877ebf99f8e462013e4a07e40f57478a4aaf921801a6c85a49c42b7f,2021-03-31
960,HQ7002BEV84,cycle_backlog_exact_model,1,0,0,0,old-45-Word97--0-21,原件/免征目录/mf_batch45.doc,56f5e7c5fd36e990024f8121006a76da260361f4e4660846e78255d007126f7a,2021-08-10
961,HQ7003BEV01,cycle_backlog_exact_model,1,0,1,0,old-39-Word97--0-21,原件/免征目录/mf_batch39.doc,48158862f567d71b07ac0a7a60c2c3bc6d2bb44dd5a86290b0b809d757a9eb07,2021-01-29
962,HQ7003BEV02,cycle_backlog_exact_model,1,0,0,0,old-39-Word97--0-22,原件/免征目录/mf_batch39.doc,48158862f567d71b07ac0a7a60c2c3bc6d2bb44dd5a86290b0b809d757a9eb07,2021-01-29
963,HQ7003BEV03,cycle_backlog_exact_model,1,0,0,0,old-39-Word97--0-24,原件/免征目录/mf_batch39.doc,48158862f567d71b07ac0a7a60c2c3bc6d2bb44dd5a86290b0b809d757a9eb07,2021-01-29
964,HQ7003BEV04,cycle_backlog_exact_model,1,0,0,0,old-39-Word97--0-23,原件/免征目录/mf_batch39.doc,48158862f567d71b07ac0a7a60c2c3bc6d2bb44dd5a86290b0b809d757a9eb07,2021-01-29
965,HQ7003BEV05,cycle_backlog_exact_model,1,0,0,0,old-44-Word97--0-29,原件/免征目录/mf_batch44.doc,aea30846204f4e55c0d969450f1619e1649eb27f471d5b0a2636d0da77eb0611,2021-07-12
966,HQ7004BEV01,cycle_backlog_exact_model,1,0,0,0,old-45-Word97--0-23,原件/免征目录/mf_batch45.doc,56f5e7c5fd36e990024f8121006a76da260361f4e4660846e78255d007126f7a,2021-08-10
967,HRQ6350BEV,cycle_backlog_exact_model,1,0,0,0,old-22-Word97--0-54,原件/免征目录/mf_batch22.doc,eaf3fc1e64742af85b3d4bc90388d0a93154a497fd6c1fb9bf73b857672e1212,2018-12-18
968,HRQ7000BEV01,cycle_backlog_exact_model,1,0,0,0,old-55-Word97--0-3,原件/免征目录/mf_batch55.doc,0457d0430e9e7f114c91341a715405c3933dd4783762cd74b9871e4918ba887f,2022-06-01
969,HX6306YBEV,cycle_backlog_exact_model,1,0,0,0,old-08-PDF-grid-1-0-15,原件/免征目录/mf_batch08.pdf,39b242717c026063c908426a890cd361f1165aa5729988d56303b2f8d5fb3b42,2016-06-16
970,HX6307YBEV,cycle_backlog_exact_model,1,0,0,0,old-12-PDF-grid-1-0-15,原件/免征目录/mf_batch12.pdf,afbd7133ccf901dbdc065b2ff80768450dc901def8d216cf5bb87baa98f7a1e2,2017-09-05
971,HX6340BBEV,cycle_backlog_exact_model,1,0,0,0,old-18-Word97--0-11,原件/免征目录/mf_batch18.doc,43f5426f7f80996ee11a894710d7229c743abf7ad69ba239f61075e0a9ddd37a,2018-06-19
972,HX6340DBEV,cycle_backlog_exact_model,1,0,0,0,old-20-DOCX--0-20,原件/免征目录/mf_batch20.docx,374d3f87551d75d1c163e76abb38f350ea93f8a2b8cad6174568c307d1cc0130,2018-09-19
973,HX6401BEV,cycle_backlog_exact_model,1,0,0,0,old-07-PDF-grid-1-0-11,原件/免征目录/mf_batch07.pdf,ad8e7f0576c7261a718e5a561358462b598d617361c6f02d7a14fb2038b758b0,2016-04-15
974,HXK7000BEVA0,cycle_backlog_exact_model,1,0,0,0,old-30-Word97--0-27,原件/免征目录/mf_batch30.doc,e7fa3b47858ec2035b8055bc15be00b2b26920a5e8d3cad481058a80b92ead24,2020-03-13
975,HXK7000BEVA10,cycle_backlog_exact_model,1,0,0,0,old-42-Word97--0-7,原件/免征目录/mf_batch42.doc,fef4fd8ea19d773d368642e51a4bdb24c148530251a2240be4ff1358d5d41fab,2021-04-30
976,HXK7000BEVA11,cycle_backlog_exact_model,1,0,0,0,old-42-Word97--0-4,原件/免征目录/mf_batch42.doc,fef4fd8ea19d773d368642e51a4bdb24c148530251a2240be4ff1358d5d41fab,2021-04-30
977,HXK7000BEVA13,cycle_backlog_exact_model,1,0,1,1,old-54-Word97--0-21,原件/免征目录/mf_batch54.doc,e4ce106fc0fb21bc61cac40ff0de97e60dff2d18b5b7d24c494bb74873312fd7,2022-05-12
978,HXK7000BEVA15,cycle_backlog_exact_model,1,0,0,0,old-57-Word97--0-13,原件/免征目录/mf_batch57.doc,96d9708a19952b23d71fc40e9976a33ae30ca118226a032954a93ab36f355f21,2022-08-10
979,HXK7000BEVA16,cycle_backlog_exact_model,1,0,0,0,old-59-Word97--0-28,原件/免征目录/mf_batch59.doc,32738e2df847e0c74ff96d48b8a13e1dd9c31aee84b7c0a633e2d9c8a3e01f86,2022-10-10
980,HXK7000BEVA2,cycle_backlog_exact_model,1,0,0,0,old-35-Word97--0-29,原件/免征目录/mf_batch35.wps,e4a6abd0e50daa81d029f8b37584511354700e855dc89de210fcba782b0643f0,2020-09-21
981,HXK7000BEVA5,cycle_backlog_exact_model,1,0,0,0,old-36-Word97--0-29,原件/免征目录/mf_batch36.doc,05cfcfd9136685ad6d6e13b8228cd123cca109c26f43a4c71472016b5a610a9f,2020-10-30
982,HXK7000BEVA6,cycle_backlog_exact_model,1,0,0,0,old-39-Word97--0-14,原件/免征目录/mf_batch39.doc,48158862f567d71b07ac0a7a60c2c3bc6d2bb44dd5a86290b0b809d757a9eb07,2021-01-29
983,HXK7000BEVA7,cycle_backlog_exact_model,1,0,0,0,old-42-Word97--0-5,原件/免征目录/mf_batch42.doc,fef4fd8ea19d773d368642e51a4bdb24c148530251a2240be4ff1358d5d41fab,2021-04-30
984,HXK7000BEVA8,cycle_backlog_exact_model,1,0,0,0,old-42-Word97--0-6,原件/免征目录/mf_batch42.doc,fef4fd8ea19d773d368642e51a4bdb24c148530251a2240be4ff1358d5d41fab,2021-04-30
985,HXK7000BEVA9,cycle_backlog_exact_model,1,0,0,0,old-42-Word97--0-8,原件/免征目录/mf_batch42.doc,fef4fd8ea19d773d368642e51a4bdb24c148530251a2240be4ff1358d5d41fab,2021-04-30
986,HXK7000BEVB00,cycle_backlog_exact_model,1,0,0,0,old-48-Word97--0-5,原件/免征目录/mf_batch48.doc,ee5aa19736215cfcb3b76ffff90bcd0d9108c61758ccb756f7d4ad17e75a835c,2021-11-05
987,HXK7000BEVB03,cycle_backlog_exact_model,1,0,0,0,old-59-Word97--0-30,原件/免征目录/mf_batch59.doc,32738e2df847e0c74ff96d48b8a13e1dd9c31aee84b7c0a633e2d9c8a3e01f86,2022-10-10
988,HXK7000BEVC00,cycle_backlog_exact_model,1,0,0,0,old-57-Word97--0-14,原件/免征目录/mf_batch57.doc,96d9708a19952b23d71fc40e9976a33ae30ca118226a032954a93ab36f355f21,2022-08-10
989,HXK7000BEVC01,cycle_backlog_exact_model,1,0,0,0,old-71-Word97--0-55,原件/免征目录/mf_batch71.doc,b37b78b64b8ef7e12e6e95d6fd27a4a6e364c0c83ba403ffcf3bca82c60e3460,2023-11-20
990,HXK7000BEVD00,cycle_backlog_exact_model,1,0,0,0,old-59-Word97--0-29,原件/免征目录/mf_batch59.doc,32738e2df847e0c74ff96d48b8a13e1dd9c31aee84b7c0a633e2d9c8a3e01f86,2022-10-10
991,HXK7000BEVK0,cycle_backlog_exact_model,1,0,0,0,old-33-Word97--0-68,原件/免征目录/mf_batch33.doc,ff98fbb1708c47cdcfc1e79e7a1647e72a7ae6d4255dce3b250d661001340c09,2020-07-21
992,HXK7000BEVX0,cycle_backlog_exact_model,1,0,0,0,old-35-Word97--0-31,原件/免征目录/mf_batch35.wps,e4a6abd0e50daa81d029f8b37584511354700e855dc89de210fcba782b0643f0,2020-09-21
993,I31Z21,cycle_backlog_exact_model,1,0,0,0,old-05-PDF-grid-2-0-4,原件/免征目录/mf_batch05.pdf,658aa5fbf13859a9bbe1db6235da2f7e79fc325cc34e4c0ec1ffab7f8cc2ebca,2015-09-11
994,I31Z61,cycle_backlog_exact_model,1,0,0,0,old-10-PDF-grid-3-0-16,原件/免征目录/mf_batch10.pdf,ac1b1ad2605b4f24762fb1f01cea64b685393577d01648618fa1882bb5700ac3,2017-04-27
995,I38P21,cycle_backlog_exact_model,1,0,0,0,old-23-Word97--0-59,原件/免征目录/mf_batch23.docx,87f838de0da3ba5887f77b2bf5c1dbf5b427e7cef896309a7084c11dd8f5efa0,2019-03-13
996,I4EDRIVE3541AW,cycle_backlog_exact_model,1,0,0,0,old-62-Word97--0-3,原件/免征目录/mf_batch62.doc,7694ac7207998b6af7c895cdd2c1d752421df436d4b28f83195261dd47f6509c,2023-02-20
997,I4EDRIVE4071AW,cycle_backlog_exact_model,1,0,0,0,old-50-Word97--0-50,原件/免征目录/mf_batch50.doc,3810672d92621612507384960254de602e629e75a308df22ee2291519445095e,2021-12-29
998,I4M5031AW,cycle_backlog_exact_model,1,0,0,0,old-50-Word97--0-49,原件/免征目录/mf_batch50.doc,3810672d92621612507384960254de602e629e75a308df22ee2291519445095e,2021-12-29
999,I7EDRIVE50L41EJ,cycle_backlog_exact_model,1,0,0,0,old-65-Word97--0-5,原件/免征目录/mf_batch65.doc,06a6a578a9a60516a845bc92deac49954438a789e9e4a7cf3cd140f256d9b13d,2023-05-09
1000,I7XDRIVE60L51EJ,cycle_backlog_exact_model,1,0,0,0,old-59-Word97--0-2,原件/免征目录/mf_batch59.doc,32738e2df847e0c74ff96d48b8a13e1dd9c31aee84b7c0a633e2d9c8a3e01f86,2022-10-10
1001,IXM6031CF,cycle_backlog_exact_model,1,0,0,0,old-54-Word97--0-2,原件/免征目录/mf_batch54.doc,e4ce106fc0fb21bc61cac40ff0de97e60dff2d18b5b7d24c494bb74873312fd7,2022-05-12
1002,IXM6031CF22,cycle_backlog_exact_model,1,0,0,0,old-65-Word97--0-4,原件/免征目录/mf_batch65.doc,06a6a578a9a60516a845bc92deac49954438a789e9e4a7cf3cd140f256d9b13d,2023-05-09
1003,IXXDRIVE4011CF,cycle_backlog_exact_model,1,0,0,0,old-49-Word97--0-25,原件/免征目录/mf_batch49.doc,c7a56509a4d9272982da0abc9d1ea213ee1fbea3d0f1edad124630c9b5e3474e,2021-12-08
1004,IXXDRIVE5021CF,cycle_backlog_exact_model,1,0,0,0,old-48-Word97--0-45,原件/免征目录/mf_batch48.doc,ee5aa19736215cfcb3b76ffff90bcd0d9108c61758ccb756f7d4ad17e75a835c,2021-11-05
1005,JGX7001BEV1A,cycle_backlog_exact_model,1,0,0,0,old-38-Word97--0-2,原件/免征目录/mf_batch38.doc,7c9def45fe5c40e4c5ffb483a1d1efd383c12cb16a5c4ba021d4ce28384776de,2020-12-30
1006,JHC7002BEV25,cycle_backlog_exact_model,1,0,0,0,old-24-Word97--2-7,原件/免征目录/mf_batch24.wps,07775a0cb063fe0fce5880b9378dd1eb2522b725d645cabdee314d604779939d,2019-04-30
1007,JHC7002BEV26,cycle_backlog_exact_model,1,0,0,0,old-24-Word97--2-8,原件/免征目录/mf_batch24.wps,07775a0cb063fe0fce5880b9378dd1eb2522b725d645cabdee314d604779939d,2019-04-30
1008,JHC7002BEV27,cycle_backlog_exact_model,1,0,0,0,old-25-Word97--0-44,原件/免征目录/mf_batch25.wps,9d2abe319463522513fe9c90f98bb8d0a825b599267d0b3cc403cec9624b3297,2019-06-12
1009,JHC7002BEV33,cycle_backlog_exact_model,1,0,0,0,old-25-Word97--0-45,原件/免征目录/mf_batch25.wps,9d2abe319463522513fe9c90f98bb8d0a825b599267d0b3cc403cec9624b3297,2019-06-12
1010,JHC7002BEV34,cycle_backlog_exact_model,1,0,0,0,old-25-Word97--0-46,原件/免征目录/mf_batch25.wps,9d2abe319463522513fe9c90f98bb8d0a825b599267d0b3cc403cec9624b3297,2019-06-12
1011,JHC7002BEV38,cycle_backlog_exact_model,1,0,0,0,old-25-Word97--0-47,原件/免征目录/mf_batch25.wps,9d2abe319463522513fe9c90f98bb8d0a825b599267d0b3cc403cec9624b3297,2019-06-12
1012,JHC7002BEV39,cycle_backlog_exact_model,1,0,0,0,old-25-Word97--0-48,原件/免征目录/mf_batch25.wps,9d2abe319463522513fe9c90f98bb8d0a825b599267d0b3cc403cec9624b3297,2019-06-12
1013,JHC7002BEV41,cycle_backlog_exact_model,1,0,0,0,old-25-Word97--0-50,原件/免征目录/mf_batch25.wps,9d2abe319463522513fe9c90f98bb8d0a825b599267d0b3cc403cec9624b3297,2019-06-12
1014,JHC7002BEV45,cycle_backlog_exact_model,1,0,0,0,old-27-Word97--0-13,原件/免征目录/mf_batch27.doc,2bd67cf7e1efc03ae93942d0d340ffef87478709520383b6ee4d08baf843ead1,2019-10-25
1015,JHC7002BEV46,cycle_backlog_exact_model,1,0,0,0,old-27-Word97--0-14,原件/免征目录/mf_batch27.doc,2bd67cf7e1efc03ae93942d0d340ffef87478709520383b6ee4d08baf843ead1,2019-10-25
1016,JHC7002BEV47,cycle_backlog_exact_model,1,0,0,0,old-33-Word97--0-14,原件/免征目录/mf_batch33.doc,ff98fbb1708c47cdcfc1e79e7a1647e72a7ae6d4255dce3b250d661001340c09,2020-07-21
1017,JHC7002BEV48,cycle_backlog_exact_model,1,0,0,0,old-33-Word97--0-15,原件/免征目录/mf_batch33.doc,ff98fbb1708c47cdcfc1e79e7a1647e72a7ae6d4255dce3b250d661001340c09,2020-07-21
1018,JHC7002BEV51,cycle_backlog_exact_model,1,0,0,0,old-24-Word97--2-10,原件/免征目录/mf_batch24.wps,07775a0cb063fe0fce5880b9378dd1eb2522b725d645cabdee314d604779939d,2019-04-30
1019,JHC7002BEV55,cycle_backlog_exact_model,1,0,0,0,old-25-Word97--0-54,原件/免征目录/mf_batch25.wps,9d2abe319463522513fe9c90f98bb8d0a825b599267d0b3cc403cec9624b3297,2019-06-12
1020,JHC7002BEV60,cycle_backlog_exact_model,1,0,0,0,old-25-Word97--0-55,原件/免征目录/mf_batch25.wps,9d2abe319463522513fe9c90f98bb8d0a825b599267d0b3cc403cec9624b3297,2019-06-12
1021,JHC7002BEV63,cycle_backlog_exact_model,1,0,0,0,old-27-Word97--0-15,原件/免征目录/mf_batch27.doc,2bd67cf7e1efc03ae93942d0d340ffef87478709520383b6ee4d08baf843ead1,2019-10-25
1022,JHC7002BEV64,cycle_backlog_exact_model,1,0,0,0,old-33-Word97--0-16,原件/免征目录/mf_batch33.doc,ff98fbb1708c47cdcfc1e79e7a1647e72a7ae6d4255dce3b250d661001340c09,2020-07-21
1023,JHC7002BEV67,cycle_backlog_exact_model,1,0,0,0,old-66-Word97--0-6,原件/免征目录/mf_batch66.doc,05a5fce42de1c5412803fe6a7bb46d04c4d61cb71dc5d88a9b59a3e884350544,2023-06-08
1024,JHC7002BEV68,cycle_backlog_exact_model,1,0,0,0,old-66-Word97--0-5,原件/免征目录/mf_batch66.doc,05a5fce42de1c5412803fe6a7bb46d04c4d61cb71dc5d88a9b59a3e884350544,2023-06-08
1025,JHC7002BEV69,cycle_backlog_exact_model,1,0,0,0,old-67-Word97--0-6,原件/免征目录/mf_batch67.doc,963a02fcc1f361414f4f003c6d63e00b178d0b962134ed2206c38978f3118101,2023-07-17
1026,JHC7003BEV01,cycle_backlog_exact_model,1,0,0,0,old-30-Word97--0-41,原件/免征目录/mf_batch30.doc,e7fa3b47858ec2035b8055bc15be00b2b26920a5e8d3cad481058a80b92ead24,2020-03-13
1027,JHC7003BEV03,cycle_backlog_exact_model,1,0,0,0,old-30-Word97--0-43,原件/免征目录/mf_batch30.doc,e7fa3b47858ec2035b8055bc15be00b2b26920a5e8d3cad481058a80b92ead24,2020-03-13
1028,JHC7003BEV04,cycle_backlog_exact_model,1,0,0,0,old-33-Word97--0-17,原件/免征目录/mf_batch33.doc,ff98fbb1708c47cdcfc1e79e7a1647e72a7ae6d4255dce3b250d661001340c09,2020-07-21
1029,JHC7003BEV06,cycle_backlog_exact_model,1,0,0,0,old-32-Word97--0-11,原件/免征目录/mf_batch32.doc,ad7c65b4831a05b7c70e1e73fe834aa9beed883c66f898e799fcbbeb43cc3d75,2020-06-02
1030,JKC6450A0L1BEV,cycle_backlog_exact_model,1,0,0,0,old-57-Word97--0-12,原件/免征目录/mf_batch57.doc,96d9708a19952b23d71fc40e9976a33ae30ca118226a032954a93ab36f355f21,2022-08-10
1031,JKC6450AXBEV,cycle_backlog_exact_model,1,0,0,0,old-13-PDF-grid-2-0-3,原件/免征目录/mf_batch13.pdf,e82c4f41c448edbb5269c95f2ff35d0c577f7ff0d12ff30b2d4c307a1aa31a6b,2017-10-30
1032,JKC6451AXBEV,cycle_backlog_exact_model,1,0,0,0,old-17-PDF-grid-2-0-9,原件/免征目录/mf_batch17.pdf,577a4ba9c586fe08565f6a60e6de5474698031566d8dcef484cd44335879e334,2018-04-16
1033,JKC6451FXBEV,cycle_backlog_exact_model,1,0,0,0,old-27-Word97--0-53,原件/免征目录/mf_batch27.doc,2bd67cf7e1efc03ae93942d0d340ffef87478709520383b6ee4d08baf843ead1,2019-10-25
1034,JKC6453AXBEV,cycle_backlog_exact_model,1,0,0,0,old-20-DOCX--0-24,原件/免征目录/mf_batch20.docx,374d3f87551d75d1c163e76abb38f350ea93f8a2b8cad6174568c307d1cc0130,2018-09-19
1035,JL6471SEV01,cycle_backlog_exact_model,1,0,0,0,old-38-Word97--0-15,原件/免征目录/mf_batch38.doc,7c9def45fe5c40e4c5ffb483a1d1efd383c12cb16a5c4ba021d4ce28384776de,2020-12-30
1036,JL6471SEV02,cycle_backlog_exact_model,1,0,0,0,old-43-Word97--0-9,原件/免征目录/mf_batch43.doc,5d5202dfe31364ec0884640d8bba22b0f640154d0bcc6154272890e604cfc01c,2021-06-11
1037,JL7000BEV01,cycle_backlog_exact_model,1,0,0,0,old-62-Word97--0-30,原件/免征目录/mf_batch62.doc,7694ac7207998b6af7c895cdd2c1d752421df436d4b28f83195261dd47f6509c,2023-02-20
1038,JL7000BEV02,cycle_backlog_exact_model,1,0,0,0,old-55-Word97--0-37,原件/免征目录/mf_batch55.doc,0457d0430e9e7f114c91341a715405c3933dd4783762cd74b9871e4918ba887f,2022-06-01
1039,JL7000BEV03,cycle_backlog_exact_model,1,0,0,0,old-55-Word97--0-32,原件/免征目录/mf_batch55.doc,0457d0430e9e7f114c91341a715405c3933dd4783762cd74b9871e4918ba887f,2022-06-01
1040,JL7000BEV04,cycle_backlog_exact_model,1,0,0,0,old-55-Word97--0-36,原件/免征目录/mf_batch55.doc,0457d0430e9e7f114c91341a715405c3933dd4783762cd74b9871e4918ba887f,2022-06-01
1041,JL7000BEV05,cycle_backlog_exact_model,1,0,0,0,old-55-Word97--0-33,原件/免征目录/mf_batch55.doc,0457d0430e9e7f114c91341a715405c3933dd4783762cd74b9871e4918ba887f,2022-06-01
1042,JL7000BEV06,cycle_backlog_exact_model,1,0,0,0,old-55-Word97--0-35,原件/免征目录/mf_batch55.doc,0457d0430e9e7f114c91341a715405c3933dd4783762cd74b9871e4918ba887f,2022-06-01
1043,JL7000BEV07,cycle_backlog_exact_model,1,0,0,0,old-55-Word97--0-34,原件/免征目录/mf_batch55.doc,0457d0430e9e7f114c91341a715405c3933dd4783762cd74b9871e4918ba887f,2022-06-01
1044,JL7000BEV08,cycle_backlog_exact_model,1,0,0,0,old-57-Word97--0-33,原件/免征目录/mf_batch57.doc,96d9708a19952b23d71fc40e9976a33ae30ca118226a032954a93ab36f355f21,2022-08-10
1045,JL7000BEV09,cycle_backlog_exact_model,1,0,0,0,old-57-Word97--0-32,原件/免征目录/mf_batch57.doc,96d9708a19952b23d71fc40e9976a33ae30ca118226a032954a93ab36f355f21,2022-08-10
1046,JL7000BEV52,cycle_backlog_exact_model,1,0,0,0,old-61-Word97--0-30,原件/免征目录/mf_batch61.doc,d360a77695ccf20f3c17a354a1dd02fc846a7ae8bd18b41492515881a7240b72,2022-12-19
1047,JL7000BEV53,cycle_backlog_exact_model,1,0,0,0,old-61-Word97--0-32,原件/免征目录/mf_batch61.doc,d360a77695ccf20f3c17a354a1dd02fc846a7ae8bd18b41492515881a7240b72,2022-12-19
1048,JL7000BEV54,cycle_backlog_exact_model,1,0,0,0,old-61-Word97--0-31,原件/免征目录/mf_batch61.doc,d360a77695ccf20f3c17a354a1dd02fc846a7ae8bd18b41492515881a7240b72,2022-12-19
1049,JL7000BEV55,cycle_backlog_exact_model,1,0,0,0,old-61-Word97--0-34,原件/免征目录/mf_batch61.doc,d360a77695ccf20f3c17a354a1dd02fc846a7ae8bd18b41492515881a7240b72,2022-12-19
1050,JL7000BEV57,cycle_backlog_exact_model,1,0,0,0,old-61-Word97--0-29,原件/免征目录/mf_batch61.doc,d360a77695ccf20f3c17a354a1dd02fc846a7ae8bd18b41492515881a7240b72,2022-12-19
1051,JL7000BEV58,cycle_backlog_exact_model,1,0,0,0,old-61-Word97--0-33,原件/免征目录/mf_batch61.doc,d360a77695ccf20f3c17a354a1dd02fc846a7ae8bd18b41492515881a7240b72,2022-12-19
1052,JL7001BEV18,cycle_backlog_exact_model,1,0,0,0,old-08-PDF-grid-2-0-10,原件/免征目录/mf_batch08.pdf,39b242717c026063c908426a890cd361f1165aa5729988d56303b2f8d5fb3b42,2016-06-16
1053,JL7001BEV33,cycle_backlog_exact_model,1,0,0,0,old-08-PDF-grid-2-0-7,原件/免征目录/mf_batch08.pdf,39b242717c026063c908426a890cd361f1165aa5729988d56303b2f8d5fb3b42,2016-06-16
1054,JL7001BEV34,cycle_backlog_exact_model,1,0,0,0,old-07-PDF-grid-1-0-22,原件/免征目录/mf_batch07.pdf,ad8e7f0576c7261a718e5a561358462b598d617361c6f02d7a14fb2038b758b0,2016-04-15
1055,JL7001BEV35,cycle_backlog_exact_model,1,0,0,0,old-08-PDF-grid-2-0-8,原件/免征目录/mf_batch08.pdf,39b242717c026063c908426a890cd361f1165aa5729988d56303b2f8d5fb3b42,2016-06-16
1056,JL7001BEV36,cycle_backlog_exact_model,1,0,0,0,old-09-PDF-grid-3-0-12,原件/免征目录/mf_batch09.pdf,7eea7200c04fefec34f6ae6db5a1bae77f82a534348f266e95575cae051c8c8c,2016-12-06
1057,JL7001BEV38,cycle_backlog_exact_model,1,0,0,0,old-09-PDF-grid-3-0-11,原件/免征目录/mf_batch09.pdf,7eea7200c04fefec34f6ae6db5a1bae77f82a534348f266e95575cae051c8c8c,2016-12-06
1058,JL7001BEV39,cycle_backlog_exact_model,1,0,0,0,old-09-PDF-grid-3-0-10,原件/免征目录/mf_batch09.pdf,7eea7200c04fefec34f6ae6db5a1bae77f82a534348f266e95575cae051c8c8c,2016-12-06
1059,JL7001BEV44,cycle_backlog_exact_model,1,0,0,0,old-09-PDF-grid-3-0-13,原件/免征目录/mf_batch09.pdf,7eea7200c04fefec34f6ae6db5a1bae77f82a534348f266e95575cae051c8c8c,2016-12-06
1060,JL7001BEV45,cycle_backlog_exact_model,1,0,0,0,old-10-PDF-grid-2-0-26,原件/免征目录/mf_batch10.pdf,ac1b1ad2605b4f24762fb1f01cea64b685393577d01648618fa1882bb5700ac3,2017-04-27
1061,JL7001BEV46,cycle_backlog_exact_model,1,0,0,0,old-10-PDF-grid-2-0-24,原件/免征目录/mf_batch10.pdf,ac1b1ad2605b4f24762fb1f01cea64b685393577d01648618fa1882bb5700ac3,2017-04-27
1062,JL7001BEV47,cycle_backlog_exact_model,1,0,0,0,old-11-PDF-grid-2-0-7,原件/免征目录/mf_batch11.pdf,ec4f33e5e872841e6d1fa5d435793c285a15614ef2e64f39b9013389b5e51724,2017-07-06
1063,JL7001BEV49,cycle_backlog_exact_model,1,0,0,0,old-11-PDF-grid-2-0-4,原件/免征目录/mf_batch11.pdf,ec4f33e5e872841e6d1fa5d435793c285a15614ef2e64f39b9013389b5e51724,2017-07-06
1064,JL7001BEV55,cycle_backlog_exact_model,1,0,0,0,old-13-PDF-grid-2-0-23,原件/免征目录/mf_batch13.pdf,e82c4f41c448edbb5269c95f2ff35d0c577f7ff0d12ff30b2d4c307a1aa31a6b,2017-10-30
1065,JL7001BEV57,cycle_backlog_exact_model,1,0,0,0,old-15-PDF-grid-1-0-21,原件/免征目录/mf_batch15.pdf,bbb3b1e38c535c13d6ef1bc1f4105509476c91a7e63723dc7a70e372904d90f4,2017-12-19
1066,JL7001BEV58,cycle_backlog_exact_model,1,0,0,0,old-13-PDF-grid-2-0-21,原件/免征目录/mf_batch13.pdf,e82c4f41c448edbb5269c95f2ff35d0c577f7ff0d12ff30b2d4c307a1aa31a6b,2017-10-30
1067,JL7001BEV60,cycle_backlog_exact_model,1,0,0,0,old-13-PDF-grid-2-0-20,原件/免征目录/mf_batch13.pdf,e82c4f41c448edbb5269c95f2ff35d0c577f7ff0d12ff30b2d4c307a1aa31a6b,2017-10-30
1068,JL7001SEV01,cycle_backlog_exact_model,1,0,0,0,old-50-Word97--0-29,原件/免征目录/mf_batch50.doc,3810672d92621612507384960254de602e629e75a308df22ee2291519445095e,2021-12-29
1069,JL7001SEV02,cycle_backlog_exact_model,1,0,1,0,old-50-Word97--0-30,原件/免征目录/mf_batch50.doc,3810672d92621612507384960254de602e629e75a308df22ee2291519445095e,2021-12-29
1070,JL7002BEV05,cycle_backlog_exact_model,1,0,0,0,old-46-Word97--0-31,原件/免征目录/mf_batch46.doc,a4b2048b3d5c29a8969f0348e9fd19a3293f0c23e6f37a48bf42a2ed70c7d37d,2021-09-10
1071,JL7007BEV01,cycle_backlog_exact_model,1,0,0,0,old-59-Word97--0-49,原件/免征目录/mf_batch59.doc,32738e2df847e0c74ff96d48b8a13e1dd9c31aee84b7c0a633e2d9c8a3e01f86,2022-10-10
1072,JL7007BEV02,cycle_backlog_exact_model,1,0,0,0,old-61-Word97--0-35,原件/免征目录/mf_batch61.doc,d360a77695ccf20f3c17a354a1dd02fc846a7ae8bd18b41492515881a7240b72,2022-12-19
1073,JL7007BEV03,cycle_backlog_exact_model,1,0,0,0,old-59-Word97--0-48,原件/免征目录/mf_batch59.doc,32738e2df847e0c74ff96d48b8a13e1dd9c31aee84b7c0a633e2d9c8a3e01f86,2022-10-10
1074,JL7007BEV04,cycle_backlog_exact_model,1,0,0,0,old-61-Word97--0-36,原件/免征目录/mf_batch61.doc,d360a77695ccf20f3c17a354a1dd02fc846a7ae8bd18b41492515881a7240b72,2022-12-19
1075,JL7007BEV05,cycle_backlog_exact_model,1,0,0,0,old-69-Word97--0-31,原件/免征目录/mf_batch69.doc,357d61a16c94488c9fdd761f393edb7029b05394ab06117abaebcba1a1e45546,2023-09-14
1076,JL7007BEV06,cycle_backlog_exact_model,1,0,0,0,old-69-Word97--0-32,原件/免征目录/mf_batch69.doc,357d61a16c94488c9fdd761f393edb7029b05394ab06117abaebcba1a1e45546,2023-09-14
1077,JL7007BEV07,cycle_backlog_exact_model,1,0,0,0,old-69-Word97--0-29,原件/免征目录/mf_batch69.doc,357d61a16c94488c9fdd761f393edb7029b05394ab06117abaebcba1a1e45546,2023-09-14
1078,JL7007BEV08,cycle_backlog_exact_model,1,0,0,0,old-69-Word97--0-30,原件/免征目录/mf_batch69.doc,357d61a16c94488c9fdd761f393edb7029b05394ab06117abaebcba1a1e45546,2023-09-14
1079,JML6451BEV01,cycle_backlog_exact_model,1,0,0,0,old-22-Word97--0-33,原件/免征目录/mf_batch22.doc,eaf3fc1e64742af85b3d4bc90388d0a93154a497fd6c1fb9bf73b857672e1212,2018-12-18
1080,JML7000BEV01,cycle_backlog_exact_model,1,0,0,0,old-22-Word97--0-34,原件/免征目录/mf_batch22.doc,eaf3fc1e64742af85b3d4bc90388d0a93154a497fd6c1fb9bf73b857672e1212,2018-12-18
1081,JML7000BEV02,cycle_backlog_exact_model,1,0,0,0,old-23-Word97--0-35,原件/免征目录/mf_batch23.docx,87f838de0da3ba5887f77b2bf5c1dbf5b427e7cef896309a7084c11dd8f5efa0,2019-03-13
1082,JML7000BEV05,cycle_backlog_exact_model,1,0,0,0,old-27-Word97--0-25,原件/免征目录/mf_batch27.doc,2bd67cf7e1efc03ae93942d0d340ffef87478709520383b6ee4d08baf843ead1,2019-10-25
1083,JMV6550QRBEV,cycle_backlog_exact_model,1,0,0,0,old-69-Word97--0-41,原件/免征目录/mf_batch69.doc,357d61a16c94488c9fdd761f393edb7029b05394ab06117abaebcba1a1e45546,2023-09-14
1084,JNJ6408EV,cycle_backlog_exact_model,1,0,0,0,old-03-PDF-grid-1-0-10,原件/免征目录/mf_batch03.pdf,1367fdf126160143cbeecaedf4a66b528d105bbfa58a06b2118487a2e05000a5,2014-12-19
1085,JNJ6408EV1,cycle_backlog_exact_model,1,0,0,0,old-06-PDF-grid-1-0-11,原件/免征目录/mf_batch06.pdf,df226dc3953484911afdd265072593abc08c9f66d52a1df7492e215ce15c9b54,2015-11-25
1086,JNJ6491EV,cycle_backlog_exact_model,1,0,0,0,old-25-Word97--0-90,原件/免征目录/mf_batch25.wps,9d2abe319463522513fe9c90f98bb8d0a825b599267d0b3cc403cec9624b3297,2019-06-12
1087,JNJ7000EVA11,cycle_backlog_exact_model,1,0,0,0,old-13-PDF-grid-1-0-20,原件/免征目录/mf_batch13.pdf,e82c4f41c448edbb5269c95f2ff35d0c577f7ff0d12ff30b2d4c307a1aa31a6b,2017-10-30
1088,JNJ7000EVA3,cycle_backlog_exact_model,1,0,0,0,old-04-PDF-grid-1-0-10,原件/免征目录/mf_batch04.pdf,7539cd299efb49a366656a4da32393075bcb03a5e10ea54e975f82f6099d9c81,2015-05-08
1089,JNJ7000EVA6,cycle_backlog_exact_model,1,0,0,0,old-06-PDF-grid-1-0-13,原件/免征目录/mf_batch06.pdf,df226dc3953484911afdd265072593abc08c9f66d52a1df7492e215ce15c9b54,2015-11-25
1090,JNJ7000EVA9,cycle_backlog_exact_model,1,0,0,0,old-12-PDF-grid-1-0-23,原件/免征目录/mf_batch12.pdf,afbd7133ccf901dbdc065b2ff80768450dc901def8d216cf5bb87baa98f7a1e2,2017-09-05
1091,JNJ7000EVB,cycle_backlog_exact_model,1,0,0,0,old-13-PDF-grid-1-0-18,原件/免征目录/mf_batch13.pdf,e82c4f41c448edbb5269c95f2ff35d0c577f7ff0d12ff30b2d4c307a1aa31a6b,2017-10-30
1092,JNJ7000EVB1,cycle_backlog_exact_model,1,0,0,0,old-20-DOCX--0-22,原件/免征目录/mf_batch20.docx,374d3f87551d75d1c163e76abb38f350ea93f8a2b8cad6174568c307d1cc0130,2018-09-19
1093,JNJ7000EVB2,cycle_backlog_exact_model,1,0,0,0,old-59-Word97--0-54,原件/免征目录/mf_batch59.doc,32738e2df847e0c74ff96d48b8a13e1dd9c31aee84b7c0a633e2d9c8a3e01f86,2022-10-10
1094,JNJ7000EVC1,cycle_backlog_exact_model,1,0,0,0,old-09-PDF-grid-2-0-6,原件/免征目录/mf_batch09.pdf,7eea7200c04fefec34f6ae6db5a1bae77f82a534348f266e95575cae051c8c8c,2016-12-06
1095,JNJ7000EVC4,cycle_backlog_exact_model,1,0,0,0,old-18-Word97--0-27,原件/免征目录/mf_batch18.doc,43f5426f7f80996ee11a894710d7229c743abf7ad69ba239f61075e0a9ddd37a,2018-06-19
1096,JNJ7000EVE3,cycle_backlog_exact_model,1,0,0,0,old-06-PDF-grid-1-0-8,原件/免征目录/mf_batch06.pdf,df226dc3953484911afdd265072593abc08c9f66d52a1df7492e215ce15c9b54,2015-11-25
1097,JNJ7000EVE4,cycle_backlog_exact_model,1,0,0,0,old-06-PDF-grid-1-0-9,原件/免征目录/mf_batch06.pdf,df226dc3953484911afdd265072593abc08c9f66d52a1df7492e215ce15c9b54,2015-11-25
1098,JNJ7000EVE6,cycle_backlog_exact_model,1,0,0,0,old-09-PDF-grid-2-0-7,原件/免征目录/mf_batch09.pdf,7eea7200c04fefec34f6ae6db5a1bae77f82a534348f266e95575cae051c8c8c,2016-12-06
1099,JNJ7000EVE7,cycle_backlog_exact_model,1,0,0,0,old-13-PDF-grid-2-0-2,原件/免征目录/mf_batch13.pdf,e82c4f41c448edbb5269c95f2ff35d0c577f7ff0d12ff30b2d4c307a1aa31a6b,2017-10-30
1100,JNJ7000EVEA,cycle_backlog_exact_model,1,0,0,0,old-16-Word97--0-24,原件/免征目录/mf_batch16.docx,9db5ace6c1c59bd9636d48636f94fa77d2b6e0aa27b109421690ce6a8c4a3967,2018-02-13
1101,JNJ7000EVEB,cycle_backlog_exact_model,1,0,0,0,old-18-Word97--0-28,原件/免征目录/mf_batch18.doc,43f5426f7f80996ee11a894710d7229c743abf7ad69ba239f61075e0a9ddd37a,2018-06-19
1102,JNJ7000EVF,cycle_backlog_exact_model,1,0,1,0,old-62-Word97--0-45,原件/免征目录/mf_batch62.doc,7694ac7207998b6af7c895cdd2c1d752421df436d4b28f83195261dd47f6509c,2023-02-20
1103,JNJ7000EVF1,cycle_backlog_exact_model,1,0,0,0,old-59-Word97--0-55,原件/免征目录/mf_batch59.doc,32738e2df847e0c74ff96d48b8a13e1dd9c31aee84b7c0a633e2d9c8a3e01f86,2022-10-10
1104,JNJ7000EVF2,cycle_backlog_exact_model,1,0,1,0,old-62-Word97--0-47,原件/免征目录/mf_batch62.doc,7694ac7207998b6af7c895cdd2c1d752421df436d4b28f83195261dd47f6509c,2023-02-20
1105,JNJ7000EVF3,cycle_backlog_exact_model,1,0,0,0,old-59-Word97--0-56,原件/免征目录/mf_batch59.doc,32738e2df847e0c74ff96d48b8a13e1dd9c31aee84b7c0a633e2d9c8a3e01f86,2022-10-10
1106,JNJ7000EVF4,cycle_backlog_exact_model,1,0,1,1,old-62-Word97--0-46,原件/免征目录/mf_batch62.doc,7694ac7207998b6af7c895cdd2c1d752421df436d4b28f83195261dd47f6509c,2023-02-20
1107,JNJ7000EVF6,cycle_backlog_exact_model,1,0,0,0,old-66-Word97--0-16,原件/免征目录/mf_batch66.doc,05a5fce42de1c5412803fe6a7bb46d04c4d61cb71dc5d88a9b59a3e884350544,2023-06-08
1108,JNJ7000EVF7,cycle_backlog_exact_model,1,0,0,0,old-63-Word97--0-29,原件/免征目录/mf_batch63.doc,1d0f4bf9c7c1f67712e9efa3a5e3222c30d4e438653b9335aaff9714e65f8c05,2023-03-10
1109,JNJ7000EVK,cycle_backlog_exact_model,1,0,0,0,old-06-PDF-grid-1-0-10,原件/免征目录/mf_batch06.pdf,df226dc3953484911afdd265072593abc08c9f66d52a1df7492e215ce15c9b54,2015-11-25
1110,JNJ7000EVK1,cycle_backlog_exact_model,1,0,0,0,old-08-PDF-grid-1-0-16,原件/免征目录/mf_batch08.pdf,39b242717c026063c908426a890cd361f1165aa5729988d56303b2f8d5fb3b42,2016-06-16
1111,JNJ7000EVK5,cycle_backlog_exact_model,1,0,0,0,old-12-PDF-grid-1-0-21,原件/免征目录/mf_batch12.pdf,afbd7133ccf901dbdc065b2ff80768450dc901def8d216cf5bb87baa98f7a1e2,2017-09-05
1112,JNJ7000EVK9,cycle_backlog_exact_model,1,0,0,0,old-18-Word97--0-30,原件/免征目录/mf_batch18.doc,43f5426f7f80996ee11a894710d7229c743abf7ad69ba239f61075e0a9ddd37a,2018-06-19
1113,JNJ7000EVKA,cycle_backlog_exact_model,1,0,0,0,old-20-DOCX--0-23,原件/免征目录/mf_batch20.docx,374d3f87551d75d1c163e76abb38f350ea93f8a2b8cad6174568c307d1cc0130,2018-09-19
1114,JNJ7000EVX,cycle_backlog_exact_model,1,0,0,0,old-03-PDF-grid-1-0-9,原件/免征目录/mf_batch03.pdf,1367fdf126160143cbeecaedf4a66b528d105bbfa58a06b2118487a2e05000a5,2014-12-19
1115,JNJ7000EVX14,cycle_backlog_exact_model,1,0,0,0,old-10-PDF-grid-2-0-7,原件/免征目录/mf_batch10.pdf,ac1b1ad2605b4f24762fb1f01cea64b685393577d01648618fa1882bb5700ac3,2017-04-27
1116,JNJ7000EVX17,cycle_backlog_exact_model,1,0,0,0,old-11-PDF-grid-1-0-19,原件/免征目录/mf_batch11.pdf,ec4f33e5e872841e6d1fa5d435793c285a15614ef2e64f39b9013389b5e51724,2017-07-06
1117,JNJ7000EVX18,cycle_backlog_exact_model,1,0,0,0,old-12-PDF-grid-1-0-20,原件/免征目录/mf_batch12.pdf,afbd7133ccf901dbdc065b2ff80768450dc901def8d216cf5bb87baa98f7a1e2,2017-09-05
1118,JNJ7000EVX19,cycle_backlog_exact_model,1,0,0,0,old-12-PDF-grid-1-0-22,原件/免征目录/mf_batch12.pdf,afbd7133ccf901dbdc065b2ff80768450dc901def8d216cf5bb87baa98f7a1e2,2017-09-05
1119,JNJ7000EVX20,cycle_backlog_exact_model,1,0,0,0,old-13-PDF-grid-1-0-21,原件/免征目录/mf_batch13.pdf,e82c4f41c448edbb5269c95f2ff35d0c577f7ff0d12ff30b2d4c307a1aa31a6b,2017-10-30
1120,JNJ7000EVX21,cycle_backlog_exact_model,1,0,0,0,old-14-Word97--0-18,原件/免征目录/mf_batch14.docx,6a48764b5ccb7c4ffa6f54daa44d3a42095b8a981fc982e774ddaaded41e9921,2017-12-05
1121,JNJ7000EVX22,cycle_backlog_exact_model,1,0,0,0,old-13-PDF-grid-1-0-19,原件/免征目录/mf_batch13.pdf,e82c4f41c448edbb5269c95f2ff35d0c577f7ff0d12ff30b2d4c307a1aa31a6b,2017-10-30
1122,JNJ7000EVX25,cycle_backlog_exact_model,1,0,0,0,old-18-Word97--0-31,原件/免征目录/mf_batch18.doc,43f5426f7f80996ee11a894710d7229c743abf7ad69ba239f61075e0a9ddd37a,2018-06-19
1123,JNJ7000EVX26,cycle_backlog_exact_model,1,0,0,0,old-21-DOCX--0-12,原件/免征目录/mf_batch21.docx,cd981cecffd781db646c194ab2c853b0466cc86eea0f616e95300b88932b8d9b,2018-11-06
1124,JNJ7000EVX9,cycle_backlog_exact_model,1,0,0,0,old-06-PDF-grid-1-0-19,原件/免征目录/mf_batch06.pdf,df226dc3953484911afdd265072593abc08c9f66d52a1df7492e215ce15c9b54,2015-11-25
1125,JNJ7000EVZ,cycle_backlog_exact_model,1,0,0,0,old-02-PDF-grid-2-0-8,原件/免征目录/mf_batch02.pdf,0b13b4fd2de6c4de3ab0f8add88bb8d24354d05ca6af46904fe1065c53c9c519,2014-10-29
1126,JNJ7000EVZ2,cycle_backlog_exact_model,1,0,0,0,old-02-PDF-grid-2-0-9,原件/免征目录/mf_batch02.pdf,0b13b4fd2de6c4de3ab0f8add88bb8d24354d05ca6af46904fe1065c53c9c519,2014-10-29
1127,JNJ7000EVZ4,cycle_backlog_exact_model,1,0,0,0,old-02-PDF-grid-2-0-10,原件/免征目录/mf_batch02.pdf,0b13b4fd2de6c4de3ab0f8add88bb8d24354d05ca6af46904fe1065c53c9c519,2014-10-29
1128,JNJ7000EVZ5,cycle_backlog_exact_model,1,0,0,0,old-02-PDF-grid-2-0-11,原件/免征目录/mf_batch02.pdf,0b13b4fd2de6c4de3ab0f8add88bb8d24354d05ca6af46904fe1065c53c9c519,2014-10-29
1129,JNJ7000EVZ6,cycle_backlog_exact_model,1,0,0,0,old-04-PDF-grid-1-0-8,原件/免征目录/mf_batch04.pdf,7539cd299efb49a366656a4da32393075bcb03a5e10ea54e975f82f6099d9c81,2015-05-08
1130,JNJ7000EVZ7,cycle_backlog_exact_model,1,0,0,0,old-04-PDF-grid-1-0-9,原件/免征目录/mf_batch04.pdf,7539cd299efb49a366656a4da32393075bcb03a5e10ea54e975f82f6099d9c81,2015-05-08
1131,JNP7001BEV3,cycle_backlog_exact_model,1,0,0,0,old-05-PDF-grid-1-0-12,原件/免征目录/mf_batch05.pdf,658aa5fbf13859a9bbe1db6235da2f7e79fc325cc34e4c0ec1ffab7f8cc2ebca,2015-09-11
1132,JNP7001BEV4,cycle_backlog_exact_model,1,0,0,0,old-07-PDF-grid-1-0-18,原件/免征目录/mf_batch07.pdf,ad8e7f0576c7261a718e5a561358462b598d617361c6f02d7a14fb2038b758b0,2016-04-15
1133,JNP7001BEV5,cycle_backlog_exact_model,1,0,0,0,old-08-PDF-grid-1-0-18,原件/免征目录/mf_batch08.pdf,39b242717c026063c908426a890cd361f1165aa5729988d56303b2f8d5fb3b42,2016-06-16
1134,JNP7001BEV6,cycle_backlog_exact_model,1,0,0,0,old-08-PDF-grid-1-0-17,原件/免征目录/mf_batch08.pdf,39b242717c026063c908426a890cd361f1165aa5729988d56303b2f8d5fb3b42,2016-06-16
1135,JNP7002BEV,cycle_backlog_exact_model,1,0,0,0,old-05-PDF-grid-1-0-13,原件/免征目录/mf_batch05.pdf,658aa5fbf13859a9bbe1db6235da2f7e79fc325cc34e4c0ec1ffab7f8cc2ebca,2015-09-11
1136,JNP7003BEV,cycle_backlog_exact_model,1,0,0,0,old-08-PDF-grid-1-0-20,原件/免征目录/mf_batch08.pdf,39b242717c026063c908426a890cd361f1165aa5729988d56303b2f8d5fb3b42,2016-06-16
1137,JNP7003BEV1,cycle_backlog_exact_model,1,0,0,0,old-19-DOCX--0-32,原件/免征目录/mf_batch19.docx,fafd1558aa0f21067847c19bdd0a95c79b919737be7b07b87c4538107fb2b8e3,2018-07-31
1138,JNP7006BEV1,cycle_backlog_exact_model,1,0,0,0,old-09-PDF-grid-2-0-22,原件/免征目录/mf_batch09.pdf,7eea7200c04fefec34f6ae6db5a1bae77f82a534348f266e95575cae051c8c8c,2016-12-06
1139,JNP7008BEV1,cycle_backlog_exact_model,1,0,0,0,old-25-Word97--0-83,原件/免征目录/mf_batch25.wps,9d2abe319463522513fe9c90f98bb8d0a825b599267d0b3cc403cec9624b3297,2019-06-12
1140,JNQ6270BEV,cycle_backlog_exact_model,1,0,0,0,old-44-Word97--0-27,原件/免征目录/mf_batch44.doc,aea30846204f4e55c0d969450f1619e1649eb27f471d5b0a2636d0da77eb0611,2021-07-12
1141,JNQ6320BEV,cycle_backlog_exact_model,1,0,0,0,old-09-PDF-grid-2-0-19,原件/免征目录/mf_batch09.pdf,7eea7200c04fefec34f6ae6db5a1bae77f82a534348f266e95575cae051c8c8c,2016-12-06
1142,JNQ6320BEV1,cycle_backlog_exact_model,1,0,0,0,old-09-PDF-grid-2-0-18,原件/免征目录/mf_batch09.pdf,7eea7200c04fefec34f6ae6db5a1bae77f82a534348f266e95575cae051c8c8c,2016-12-06
1143,JNQ6340BEV,cycle_backlog_exact_model,1,0,0,0,old-12-PDF-grid-2-0-5,原件/免征目录/mf_batch12.pdf,afbd7133ccf901dbdc065b2ff80768450dc901def8d216cf5bb87baa98f7a1e2,2017-09-05
1144,JNQ6450BEV,cycle_backlog_exact_model,1,0,0,0,old-12-PDF-grid-2-0-6,原件/免征目录/mf_batch12.pdf,afbd7133ccf901dbdc065b2ff80768450dc901def8d216cf5bb87baa98f7a1e2,2017-09-05
1145,JNQ6451BEV,cycle_backlog_exact_model,1,0,0,0,old-27-Word97--0-50,原件/免征目录/mf_batch27.doc,2bd67cf7e1efc03ae93942d0d340ffef87478709520383b6ee4d08baf843ead1,2019-10-25
1146,JNQ6460BEV2,cycle_backlog_exact_model,1,0,0,0,old-09-PDF-grid-2-0-20,原件/免征目录/mf_batch09.pdf,7eea7200c04fefec34f6ae6db5a1bae77f82a534348f266e95575cae051c8c8c,2016-12-06
1147,JNQ6460BEV3,cycle_backlog_exact_model,1,0,0,0,old-09-PDF-grid-2-0-17,原件/免征目录/mf_batch09.pdf,7eea7200c04fefec34f6ae6db5a1bae77f82a534348f266e95575cae051c8c8c,2016-12-06
1148,JWEV2WD,cycle_backlog_exact_model,1,0,0,0,old-64-Word97--0-2,原件/免征目录/mf_batch64.doc,c4e238989e7e40ec2c3a6a899ead170b4a745bc72546ba6fd4a5731d8890c6cb,2023-04-17
1149,JWEVP4WD,cycle_backlog_exact_model,1,0,0,0,old-64-Word97--0-3,原件/免征目录/mf_batch64.doc,c4e238989e7e40ec2c3a6a899ead170b4a745bc72546ba6fd4a5731d8890c6cb,2023-04-17
1150,JWT6470BEV02,cycle_backlog_exact_model,1,0,0,0,old-33-Word97--0-75,原件/免征目录/mf_batch33.doc,ff98fbb1708c47cdcfc1e79e7a1647e72a7ae6d4255dce3b250d661001340c09,2020-07-21
1151,JWT6470SEV01,cycle_backlog_exact_model,1,0,0,0,old-33-Word97--0-76,原件/免征目录/mf_batch33.doc,ff98fbb1708c47cdcfc1e79e7a1647e72a7ae6d4255dce3b250d661001340c09,2020-07-21
1152,JWT6470SEV02,cycle_backlog_exact_model,1,0,0,0,old-37-Word97--0-28,原件/免征目录/mf_batch37.doc,136057faede292d8070763e326c8dbdcddf3790653cc6879a13758f91556881f,2020-11-30
1153,JWT6470SEV03,cycle_backlog_exact_model,1,0,0,0,old-38-Word97--0-13,原件/免征目录/mf_batch38.doc,7c9def45fe5c40e4c5ffb483a1d1efd383c12cb16a5c4ba021d4ce28384776de,2020-12-30
1154,JWT7001BEV,cycle_backlog_exact_model,1,0,0,0,old-30-Word97--0-39,原件/免征目录/mf_batch30.doc,e7fa3b47858ec2035b8055bc15be00b2b26920a5e8d3cad481058a80b92ead24,2020-03-13
1155,JX6462P5BEV,cycle_backlog_exact_model,1,0,0,0,old-30-Word97--0-59,原件/免征目录/mf_batch30.doc,e7fa3b47858ec2035b8055bc15be00b2b26920a5e8d3cad481058a80b92ead24,2020-03-13
1156,JX6462PE5BEV,cycle_backlog_exact_model,1,0,0,0,old-25-Word97--0-82,原件/免征目录/mf_batch25.wps,9d2abe319463522513fe9c90f98bb8d0a825b599267d0b3cc403cec9624b3297,2019-06-12
1157,JX6470UBEV,cycle_backlog_exact_model,1,0,0,0,old-25-Word97--0-18,原件/免征目录/mf_batch25.wps,9d2abe319463522513fe9c90f98bb8d0a825b599267d0b3cc403cec9624b3297,2019-06-12
1158,JX6471UBEV,cycle_backlog_exact_model,1,0,0,0,old-32-Word97--0-32,原件/免征目录/mf_batch32.doc,ad7c65b4831a05b7c70e1e73fe834aa9beed883c66f898e799fcbbeb43cc3d75,2020-06-02
1159,JX6472UBEV,cycle_backlog_exact_model,1,0,0,0,old-41-Word97--0-15,原件/免征目录/mf_batch41.doc,ba4634c0877ebf99f8e462013e4a07e40f57478a4aaf921801a6c85a49c42b7f,2021-03-31
1160,JX6473UBEV,cycle_backlog_exact_model,1,0,0,0,old-32-Word97--0-33,原件/免征目录/mf_batch32.doc,ad7c65b4831a05b7c70e1e73fe834aa9beed883c66f898e799fcbbeb43cc3d75,2020-06-02
1161,JX6490T-M5BEV,cycle_backlog_exact_model,1,0,0,0,old-39-Word97--0-11,原件/免征目录/mf_batch39.doc,48158862f567d71b07ac0a7a60c2c3bc6d2bb44dd5a86290b0b809d757a9eb07,2021-01-29
1162,JX6510PA5BEV,cycle_backlog_exact_model,1,0,0,0,old-52-Word97--0-17,原件/免征目录/mf_batch52.doc,650a1430fd7c9a9139970f857a0382498bfd368fe64a95f24c17ca3f49dfa3cc,2022-03-08
1163,JX6540PD5BEV,cycle_backlog_exact_model,1,0,0,0,old-21-DOCX--0-14,原件/免征目录/mf_batch21.docx,cd981cecffd781db646c194ab2c853b0466cc86eea0f616e95300b88932b8d9b,2018-11-06
1164,JX6540PF5BEV,cycle_backlog_exact_model,1,0,0,0,old-42-Word97--0-20,原件/免征目录/mf_batch42.doc,fef4fd8ea19d773d368642e51a4bdb24c148530251a2240be4ff1358d5d41fab,2021-04-30
1165,JX6550TA-M5BEV,cycle_backlog_exact_model,1,0,0,0,old-59-Word97--0-53,原件/免征目录/mf_batch59.doc,32738e2df847e0c74ff96d48b8a13e1dd9c31aee84b7c0a633e2d9c8a3e01f86,2022-10-10
1166,JX6556T-M6BEV,cycle_backlog_exact_model,1,0,0,0,old-67-Word97--0-15,原件/免征目录/mf_batch67.doc,963a02fcc1f361414f4f003c6d63e00b178d0b962134ed2206c38978f3118101,2023-07-17
1167,JX6556TA-M6BEV,cycle_backlog_exact_model,1,0,0,0,old-68-Word97--0-19,原件/免征目录/mf_batch68.doc,58113d08377020d08de0aeb0e08ff63c4a4411dbe35ad69cfdd6f82fdf0fcc77,2023-08-16
1168,JX6556TB-M6BEV,cycle_backlog_exact_model,1,0,0,0,old-66-Word97--0-14,原件/免征目录/mf_batch66.doc,05a5fce42de1c5412803fe6a7bb46d04c4d61cb71dc5d88a9b59a3e884350544,2023-06-08
1169,JX6556TC-M6BEV,cycle_backlog_exact_model,1,0,0,0,old-68-Word97--0-20,原件/免征目录/mf_batch68.doc,58113d08377020d08de0aeb0e08ff63c4a4411dbe35ad69cfdd6f82fdf0fcc77,2023-08-16
1170,JX6570T-M5BEV,cycle_backlog_exact_model,1,0,0,0,old-40-Word97-correction--8-2,原件/免征目录/mf_batch40.doc,93047c8e87a1f45948933ee36d00160788032370ecf11b551624e0ca45ecc1d1,2021-03-08
1171,JX70010BEV,cycle_backlog_exact_model,1,0,0,0,old-07-PDF-grid-1-0-14,原件/免征目录/mf_batch07.pdf,ad8e7f0576c7261a718e5a561358462b598d617361c6f02d7a14fb2038b758b0,2016-04-15
1172,JX70011BEV,cycle_backlog_exact_model,1,0,0,0,old-10-PDF-grid-2-0-9,原件/免征目录/mf_batch10.pdf,ac1b1ad2605b4f24762fb1f01cea64b685393577d01648618fa1882bb5700ac3,2017-04-27
1173,JX70012BEV,cycle_backlog_exact_model,1,0,0,0,old-10-PDF-grid-2-0-10,原件/免征目录/mf_batch10.pdf,ac1b1ad2605b4f24762fb1f01cea64b685393577d01648618fa1882bb5700ac3,2017-04-27
1174,JX70013BEV,cycle_backlog_exact_model,1,0,0,0,old-10-PDF-grid-2-0-8,原件/免征目录/mf_batch10.pdf,ac1b1ad2605b4f24762fb1f01cea64b685393577d01648618fa1882bb5700ac3,2017-04-27
1175,JX70014BEV,cycle_backlog_exact_model,1,0,0,0,old-11-PDF-grid-1-0-21,原件/免征目录/mf_batch11.pdf,ec4f33e5e872841e6d1fa5d435793c285a15614ef2e64f39b9013389b5e51724,2017-07-06
1176,JX70015BEV,cycle_backlog_exact_model,1,0,0,0,old-12-PDF-grid-2-0-2,原件/免征目录/mf_batch12.pdf,afbd7133ccf901dbdc065b2ff80768450dc901def8d216cf5bb87baa98f7a1e2,2017-09-05
1177,JX70016BEV,cycle_backlog_exact_model,1,0,0,0,old-11-PDF-grid-1-0-20,原件/免征目录/mf_batch11.pdf,ec4f33e5e872841e6d1fa5d435793c285a15614ef2e64f39b9013389b5e51724,2017-07-06
1178,JX70019BEV,cycle_backlog_exact_model,1,0,0,0,old-13-PDF-grid-2-0-5,原件/免征目录/mf_batch13.pdf,e82c4f41c448edbb5269c95f2ff35d0c577f7ff0d12ff30b2d4c307a1aa31a6b,2017-10-30
1179,JX7001ERABEV,cycle_backlog_exact_model,1,0,1,0,old-40-Word97--0-17,原件/免征目录/mf_batch40.doc,93047c8e87a1f45948933ee36d00160788032370ecf11b551624e0ca45ecc1d1,2021-03-08
1180,JX7001ERBBEV,cycle_backlog_exact_model,1,0,0,0,old-40-Word97--0-18,原件/免征目录/mf_batch40.doc,93047c8e87a1f45948933ee36d00160788032370ecf11b551624e0ca45ecc1d1,2021-03-08
1181,JX7001ERCBEV,cycle_backlog_exact_model,1,0,0,0,old-39-Word97--0-33,原件/免征目录/mf_batch39.doc,48158862f567d71b07ac0a7a60c2c3bc6d2bb44dd5a86290b0b809d757a9eb07,2021-01-29
1182,JX7001ERDBEV,cycle_backlog_exact_model,1,0,0,0,old-44-Word97--0-32,原件/免征目录/mf_batch44.doc,aea30846204f4e55c0d969450f1619e1649eb27f471d5b0a2636d0da77eb0611,2021-07-12
1183,JX7001EREBEV,cycle_backlog_exact_model,1,0,0,0,old-60-Word97--0-12,原件/免征目录/mf_batch60.doc,aabd19e9a0955380873798454b18b3bb15c87937dffcbb0ccfab2eae3bf3551b,2022-11-09
1184,JX7001ERFBEV,cycle_backlog_exact_model,1,0,0,0,old-65-Word97--0-44,原件/免征目录/mf_batch65.doc,06a6a578a9a60516a845bc92deac49954438a789e9e4a7cf3cd140f256d9b13d,2023-05-09
1185,JX7001ESABEV,cycle_backlog_exact_model,1,0,0,0,old-19-DOCX--0-30,原件/免征目录/mf_batch19.docx,fafd1558aa0f21067847c19bdd0a95c79b919737be7b07b87c4538107fb2b8e3,2018-07-31
1186,JX7001ESBBEV,cycle_backlog_exact_model,1,0,0,0,old-19-DOCX--0-31,原件/免征目录/mf_batch19.docx,fafd1558aa0f21067847c19bdd0a95c79b919737be7b07b87c4538107fb2b8e3,2018-07-31
1187,JX7001ESDBEV,cycle_backlog_exact_model,1,0,0,0,old-20-DOCX--0-33,原件/免征目录/mf_batch20.docx,374d3f87551d75d1c163e76abb38f350ea93f8a2b8cad6174568c307d1cc0130,2018-09-19
1188,JX7001ESEBEV,cycle_backlog_exact_model,1,0,0,0,old-24-Word97--1-14,原件/免征目录/mf_batch24.wps,07775a0cb063fe0fce5880b9378dd1eb2522b725d645cabdee314d604779939d,2019-04-30
1189,JX7001ESFBEV,cycle_backlog_exact_model,1,0,0,0,old-24-Word97--1-15,原件/免征目录/mf_batch24.wps,07775a0cb063fe0fce5880b9378dd1eb2522b725d645cabdee314d604779939d,2019-04-30
1190,JX7001ESGBEV,cycle_backlog_exact_model,1,0,0,0,old-24-Word97--1-16,原件/免征目录/mf_batch24.wps,07775a0cb063fe0fce5880b9378dd1eb2522b725d645cabdee314d604779939d,2019-04-30
1191,JX7001ESHBEV,cycle_backlog_exact_model,1,0,0,0,old-26-DOCX--0-19,原件/免征目录/mf_batch26.docx,de0890335ef3a4f1302a8a0735ec8b6aed52e994e2635db481820060d62248b5,2019-08-30
1192,JX7001ESLBEV,cycle_backlog_exact_model,1,0,0,0,old-33-Word97--0-69,原件/免征目录/mf_batch33.doc,ff98fbb1708c47cdcfc1e79e7a1647e72a7ae6d4255dce3b250d661001340c09,2020-07-21
1193,JX7001ESMBEV,cycle_backlog_exact_model,1,0,0,0,old-67-Word97--0-28,原件/免征目录/mf_batch67.doc,963a02fcc1f361414f4f003c6d63e00b178d0b962134ed2206c38978f3118101,2023-07-17
1194,JX7001EUABEV,cycle_backlog_exact_model,1,0,0,0,old-22-Word97--0-57,原件/免征目录/mf_batch22.doc,eaf3fc1e64742af85b3d4bc90388d0a93154a497fd6c1fb9bf73b857672e1212,2018-12-18
1195,JX7001EUBBEV,cycle_backlog_exact_model,1,0,0,0,old-23-Word97--0-37,原件/免征目录/mf_batch23.docx,87f838de0da3ba5887f77b2bf5c1dbf5b427e7cef896309a7084c11dd8f5efa0,2019-03-13
1196,JX7001EUCBEV,cycle_backlog_exact_model,1,0,0,0,old-32-Word97--0-40,原件/免征目录/mf_batch32.doc,ad7c65b4831a05b7c70e1e73fe834aa9beed883c66f898e799fcbbeb43cc3d75,2020-06-02
1197,JX7001EUDBEV,cycle_backlog_exact_model,1,0,0,0,old-32-Word97--0-41,原件/免征目录/mf_batch32.doc,ad7c65b4831a05b7c70e1e73fe834aa9beed883c66f898e799fcbbeb43cc3d75,2020-06-02
1198,JX70020BEV,cycle_backlog_exact_model,1,0,0,0,old-12-PDF-grid-2-0-4,原件/免征目录/mf_batch12.pdf,afbd7133ccf901dbdc065b2ff80768450dc901def8d216cf5bb87baa98f7a1e2,2017-09-05
1199,JX70021BEV,cycle_backlog_exact_model,1,0,0,0,old-12-PDF-grid-2-0-3,原件/免征目录/mf_batch12.pdf,afbd7133ccf901dbdc065b2ff80768450dc901def8d216cf5bb87baa98f7a1e2,2017-09-05
1200,JX70022BEV,cycle_backlog_exact_model,1,0,0,0,old-13-PDF-grid-2-0-6,原件/免征目录/mf_batch13.pdf,e82c4f41c448edbb5269c95f2ff35d0c577f7ff0d12ff30b2d4c307a1aa31a6b,2017-10-30
1201,JX70023BEV,cycle_backlog_exact_model,1,0,0,0,old-13-PDF-grid-2-0-4,原件/免征目录/mf_batch13.pdf,e82c4f41c448edbb5269c95f2ff35d0c577f7ff0d12ff30b2d4c307a1aa31a6b,2017-10-30
1202,JX70025BEV,cycle_backlog_exact_model,1,0,0,0,old-16-Word97--0-28,原件/免征目录/mf_batch16.docx,9db5ace6c1c59bd9636d48636f94fa77d2b6e0aa27b109421690ce6a8c4a3967,2018-02-13
1203,JX70026BEV,cycle_backlog_exact_model,1,0,0,0,old-16-Word97--0-26,原件/免征目录/mf_batch16.docx,9db5ace6c1c59bd9636d48636f94fa77d2b6e0aa27b109421690ce6a8c4a3967,2018-02-13
1204,JX70027BEV,cycle_backlog_exact_model,1,0,0,0,old-16-Word97--0-27,原件/免征目录/mf_batch16.docx,9db5ace6c1c59bd9636d48636f94fa77d2b6e0aa27b109421690ce6a8c4a3967,2018-02-13
1205,JX70028BEV,cycle_backlog_exact_model,1,0,0,0,old-16-Word97--0-29,原件/免征目录/mf_batch16.docx,9db5ace6c1c59bd9636d48636f94fa77d2b6e0aa27b109421690ce6a8c4a3967,2018-02-13
1206,JX70029BEV,cycle_backlog_exact_model,1,0,0,0,old-16-Word97--0-25,原件/免征目录/mf_batch16.docx,9db5ace6c1c59bd9636d48636f94fa77d2b6e0aa27b109421690ce6a8c4a3967,2018-02-13
1207,JX7002ESCBEV,cycle_backlog_exact_model,1,0,0,0,old-21-DOCX--0-15,原件/免征目录/mf_batch21.docx,cd981cecffd781db646c194ab2c853b0466cc86eea0f616e95300b88932b8d9b,2018-11-06
1208,JX7002ESDBEV,cycle_backlog_exact_model,1,0,0,0,old-25-Word97--0-32,原件/免征目录/mf_batch25.wps,9d2abe319463522513fe9c90f98bb8d0a825b599267d0b3cc403cec9624b3297,2019-06-12
1209,JX7002ESFBEV,cycle_backlog_exact_model,1,0,0,0,old-26-DOCX--0-22,原件/免征目录/mf_batch26.docx,de0890335ef3a4f1302a8a0735ec8b6aed52e994e2635db481820060d62248b5,2019-08-30
1210,JX70031BEV,cycle_backlog_exact_model,1,0,0,0,old-17-PDF-grid-2-0-10,原件/免征目录/mf_batch17.pdf,577a4ba9c586fe08565f6a60e6de5474698031566d8dcef484cd44335879e334,2018-04-16
1211,JX70032BEV,cycle_backlog_exact_model,1,0,0,0,old-17-PDF-grid-2-0-11,原件/免征目录/mf_batch17.pdf,577a4ba9c586fe08565f6a60e6de5474698031566d8dcef484cd44335879e334,2018-04-16
1212,JX70033BEV,cycle_backlog_exact_model,1,0,0,0,old-18-Word97--0-59,原件/免征目录/mf_batch18.doc,43f5426f7f80996ee11a894710d7229c743abf7ad69ba239f61075e0a9ddd37a,2018-06-19
1213,JX70034BEV,cycle_backlog_exact_model,1,0,0,0,old-18-Word97--0-60,原件/免征目录/mf_batch18.doc,43f5426f7f80996ee11a894710d7229c743abf7ad69ba239f61075e0a9ddd37a,2018-06-19
1214,JX70035BEV,cycle_backlog_exact_model,1,0,0,0,old-18-Word97--0-61,原件/免征目录/mf_batch18.doc,43f5426f7f80996ee11a894710d7229c743abf7ad69ba239f61075e0a9ddd37a,2018-06-19
1215,JX70036BEV,cycle_backlog_exact_model,1,0,0,0,old-20-DOCX--0-25,原件/免征目录/mf_batch20.docx,374d3f87551d75d1c163e76abb38f350ea93f8a2b8cad6174568c307d1cc0130,2018-09-19
1216,JX70038BEV,cycle_backlog_exact_model,1,0,0,0,old-20-DOCX--0-26,原件/免征目录/mf_batch20.docx,374d3f87551d75d1c163e76abb38f350ea93f8a2b8cad6174568c307d1cc0130,2018-09-19
1217,JX7003ESABEV,cycle_backlog_exact_model,1,0,0,0,old-21-DOCX--0-16,原件/免征目录/mf_batch21.docx,cd981cecffd781db646c194ab2c853b0466cc86eea0f616e95300b88932b8d9b,2018-11-06
1218,JX7004BEV,cycle_backlog_exact_model,1,0,0,0,old-04-PDF-grid-1-0-13,原件/免征目录/mf_batch04.pdf,7539cd299efb49a366656a4da32393075bcb03a5e10ea54e975f82f6099d9c81,2015-05-08
1219,JX7004ESABEV,cycle_backlog_exact_model,1,0,1,1,old-54-Word97--0-22,原件/免征目录/mf_batch54.doc,e4ce106fc0fb21bc61cac40ff0de97e60dff2d18b5b7d24c494bb74873312fd7,2022-05-12
1220,JX7004ESBBEV,cycle_backlog_exact_model,1,0,0,0,old-65-Word97--0-45,原件/免征目录/mf_batch65.doc,06a6a578a9a60516a845bc92deac49954438a789e9e4a7cf3cd140f256d9b13d,2023-05-09
1221,JX7005BEV,cycle_backlog_exact_model,1,0,0,0,old-06-PDF-grid-1-0-21,原件/免征目录/mf_batch06.pdf,df226dc3953484911afdd265072593abc08c9f66d52a1df7492e215ce15c9b54,2015-11-25
1222,JX7006BEV,cycle_backlog_exact_model,1,0,0,0,old-06-PDF-grid-1-0-20,原件/免征目录/mf_batch06.pdf,df226dc3953484911afdd265072593abc08c9f66d52a1df7492e215ce15c9b54,2015-11-25
1223,JX7008BEV,cycle_backlog_exact_model,1,0,0,0,old-07-PDF-grid-1-0-16,原件/免征目录/mf_batch07.pdf,ad8e7f0576c7261a718e5a561358462b598d617361c6f02d7a14fb2038b758b0,2016-04-15
1224,KMA10L-AWDBSC2,cycle_backlog_exact_model,1,0,0,0,old-31-Word97--0-28,原件/免征目录/mf_batch31.doc,e1ccec4a87ab96ca346e5756d6b14369eb9727ec2c2cfd03c1182a592ddd3bee,2020-04-24
1225,LBA6431AABEV,cycle_backlog_exact_model,1,0,0,0,old-14-Word97--0-2,原件/免征目录/mf_batch14.docx,6a48764b5ccb7c4ffa6f54daa44d3a42095b8a981fc982e774ddaaded41e9921,2017-12-05
1226,LBA6431BABEV,cycle_backlog_exact_model,1,0,0,0,old-14-Word97--0-3,原件/免征目录/mf_batch14.docx,6a48764b5ccb7c4ffa6f54daa44d3a42095b8a981fc982e774ddaaded41e9921,2017-12-05
1227,LBA6450AABEV,cycle_backlog_exact_model,1,0,0,0,old-12-PDF-grid-1-0-2,原件/免征目录/mf_batch12.pdf,afbd7133ccf901dbdc065b2ff80768450dc901def8d216cf5bb87baa98f7a1e2,2017-09-05
1228,LBA7000BABEV,cycle_backlog_exact_model,1,0,0,0,old-19-DOCX--0-28,原件/免征目录/mf_batch19.docx,fafd1558aa0f21067847c19bdd0a95c79b919737be7b07b87c4538107fb2b8e3,2018-07-31
1229,LBA7000CABEV,cycle_backlog_exact_model,1,0,0,0,old-21-DOCX--0-13,原件/免征目录/mf_batch21.docx,cd981cecffd781db646c194ab2c853b0466cc86eea0f616e95300b88932b8d9b,2018-11-06
1230,LBA7001AABEV,cycle_backlog_exact_model,1,0,0,0,old-47-Word97--0-29,原件/免征目录/mf_batch47.doc,fb4517fe8220b10bc435a77a5328df13c732c70b335942dfad0ae9394affe9b4,2021-09-30
1231,LBA7001BABEV,cycle_backlog_exact_model,1,0,0,0,old-47-Word97--0-28,原件/免征目录/mf_batch47.doc,fb4517fe8220b10bc435a77a5328df13c732c70b335942dfad0ae9394affe9b4,2021-09-30
1232,LBA7002AABEV,cycle_backlog_exact_model,1,0,0,0,old-22-Word97--0-56,原件/免征目录/mf_batch22.doc,eaf3fc1e64742af85b3d4bc90388d0a93154a497fd6c1fb9bf73b857672e1212,2018-12-18
1233,LBA7004AABEV,cycle_backlog_exact_model,1,0,0,0,old-69-Word97--0-80,原件/免征目录/mf_batch69.doc,357d61a16c94488c9fdd761f393edb7029b05394ab06117abaebcba1a1e45546,2023-09-14
1234,LF6401BEV,cycle_backlog_exact_model,1,0,0,0,old-06-PDF-grid-2-0-17,原件/免征目录/mf_batch06.pdf,df226dc3953484911afdd265072593abc08c9f66d52a1df7492e215ce15c9b54,2015-11-25
1235,LF6401DEV,cycle_backlog_exact_model,1,0,0,0,old-09-PDF-grid-3-0-22,原件/免征目录/mf_batch09.pdf,7eea7200c04fefec34f6ae6db5a1bae77f82a534348f266e95575cae051c8c8c,2016-12-06
1236,LF6401EEV,cycle_backlog_exact_model,1,0,0,0,old-13-PDF-grid-2-0-26,原件/免征目录/mf_batch13.pdf,e82c4f41c448edbb5269c95f2ff35d0c577f7ff0d12ff30b2d4c307a1aa31a6b,2017-10-30
1237,LF6401EV,cycle_backlog_exact_model,1,0,0,0,old-05-PDF-grid-2-0-3,原件/免征目录/mf_batch05.pdf,658aa5fbf13859a9bbe1db6235da2f7e79fc325cc34e4c0ec1ffab7f8cc2ebca,2015-09-11
1238,LF6420EV,cycle_backlog_exact_model,1,0,0,0,old-18-Word97--0-38,原件/免征目录/mf_batch18.doc,43f5426f7f80996ee11a894710d7229c743abf7ad69ba239f61075e0a9ddd37a,2018-06-19
1239,LF6440EV,cycle_backlog_exact_model,1,0,0,0,old-19-DOCX--0-59,原件/免征目录/mf_batch19.docx,fafd1558aa0f21067847c19bdd0a95c79b919737be7b07b87c4538107fb2b8e3,2018-07-31
1240,LF6440EV2,cycle_backlog_exact_model,1,0,0,0,old-23-Word97--0-39,原件/免征目录/mf_batch23.docx,87f838de0da3ba5887f77b2bf5c1dbf5b427e7cef896309a7084c11dd8f5efa0,2019-03-13
1241,LF6470EV,cycle_backlog_exact_model,1,0,0,0,old-19-DOCX--0-60,原件/免征目录/mf_batch19.docx,fafd1558aa0f21067847c19bdd0a95c79b919737be7b07b87c4538107fb2b8e3,2018-07-31
1242,LF6473SEV,cycle_backlog_exact_model,1,0,0,0,old-41-Word97--0-7,原件/免征目录/mf_batch41.doc,ba4634c0877ebf99f8e462013e4a07e40f57478a4aaf921801a6c85a49c42b7f,2021-03-31
1243,LF6473SEV1,cycle_backlog_exact_model,1,0,0,0,old-48-Word97--0-11,原件/免征目录/mf_batch48.doc,ee5aa19736215cfcb3b76ffff90bcd0d9108c61758ccb756f7d4ad17e75a835c,2021-11-05
1244,LF7001SEV1,cycle_backlog_exact_model,1,0,0,0,old-48-Word97--0-12,原件/免征目录/mf_batch48.doc,ee5aa19736215cfcb3b76ffff90bcd0d9108c61758ccb756f7d4ad17e75a835c,2021-11-05
1245,LF7001SEV2,cycle_backlog_exact_model,1,0,0,0,old-48-Word97--0-10,原件/免征目录/mf_batch48.doc,ee5aa19736215cfcb3b76ffff90bcd0d9108c61758ccb756f7d4ad17e75a835c,2021-11-05
1246,LF7002CEV260,cycle_backlog_exact_model,1,0,0,0,old-05-PDF-grid-1-0-17,原件/免征目录/mf_batch05.pdf,658aa5fbf13859a9bbe1db6235da2f7e79fc325cc34e4c0ec1ffab7f8cc2ebca,2015-09-11
1247,LF7002EEV,cycle_backlog_exact_model,1,0,0,0,old-06-PDF-grid-2-0-15,原件/免征目录/mf_batch06.pdf,df226dc3953484911afdd265072593abc08c9f66d52a1df7492e215ce15c9b54,2015-11-25
1248,LF7002EEV400,cycle_backlog_exact_model,1,0,0,0,old-13-PDF-grid-2-0-25,原件/免征目录/mf_batch13.pdf,e82c4f41c448edbb5269c95f2ff35d0c577f7ff0d12ff30b2d4c307a1aa31a6b,2017-10-30
1249,LF7002FEV,cycle_backlog_exact_model,1,0,0,0,old-09-PDF-grid-3-0-20,原件/免征目录/mf_batch09.pdf,7eea7200c04fefec34f6ae6db5a1bae77f82a534348f266e95575cae051c8c8c,2016-12-06
1250,LF7002GEV,cycle_backlog_exact_model,1,0,0,0,old-11-PDF-grid-2-0-9,原件/免征目录/mf_batch11.pdf,ec4f33e5e872841e6d1fa5d435793c285a15614ef2e64f39b9013389b5e51724,2017-07-06
1251,LF7002KEV,cycle_backlog_exact_model,1,0,0,0,old-18-Word97--0-37,原件/免征目录/mf_batch18.doc,43f5426f7f80996ee11a894710d7229c743abf7ad69ba239f61075e0a9ddd37a,2018-06-19
1252,LF7002PEV,cycle_backlog_exact_model,1,0,0,0,old-17-PDF-grid-2-0-23,原件/免征目录/mf_batch17.pdf,577a4ba9c586fe08565f6a60e6de5474698031566d8dcef484cd44335879e334,2018-04-16
1253,LF7002PEV3,cycle_backlog_exact_model,1,0,0,0,old-20-DOCX--0-84,原件/免征目录/mf_batch20.docx,374d3f87551d75d1c163e76abb38f350ea93f8a2b8cad6174568c307d1cc0130,2018-09-19
1254,LF7002REV,cycle_backlog_exact_model,1,0,0,0,old-19-DOCX--0-56,原件/免征目录/mf_batch19.docx,fafd1558aa0f21067847c19bdd0a95c79b919737be7b07b87c4538107fb2b8e3,2018-07-31
1255,LF7002SEV,cycle_backlog_exact_model,1,0,0,0,old-24-Word97--4-16,原件/免征目录/mf_batch24.wps,07775a0cb063fe0fce5880b9378dd1eb2522b725d645cabdee314d604779939d,2019-04-30
1256,LF7004DEV,cycle_backlog_exact_model,1,0,0,0,old-06-PDF-grid-2-0-14,原件/免征目录/mf_batch06.pdf,df226dc3953484911afdd265072593abc08c9f66d52a1df7492e215ce15c9b54,2015-11-25
1257,LF7004EV,cycle_backlog_exact_model,1,0,0,0,old-05-PDF-grid-1-0-18,原件/免征目录/mf_batch05.pdf,658aa5fbf13859a9bbe1db6235da2f7e79fc325cc34e4c0ec1ffab7f8cc2ebca,2015-09-11
1258,LF7004FEV,cycle_backlog_exact_model,1,0,0,0,old-09-PDF-grid-3-0-21,原件/免征目录/mf_batch09.pdf,7eea7200c04fefec34f6ae6db5a1bae77f82a534348f266e95575cae051c8c8c,2016-12-06
1259,LF7004GEV,cycle_backlog_exact_model,1,0,0,0,old-11-PDF-grid-2-0-10,原件/免征目录/mf_batch11.pdf,ec4f33e5e872841e6d1fa5d435793c285a15614ef2e64f39b9013389b5e51724,2017-07-06
1260,LF7007EV,cycle_backlog_exact_model,1,0,0,0,old-06-PDF-grid-2-0-16,原件/免征目录/mf_batch06.pdf,df226dc3953484911afdd265072593abc08c9f66d52a1df7492e215ce15c9b54,2015-11-25
1261,LF7007FEV,cycle_backlog_exact_model,1,0,0,0,old-19-DOCX--0-57,原件/免征目录/mf_batch19.docx,fafd1558aa0f21067847c19bdd0a95c79b919737be7b07b87c4538107fb2b8e3,2018-07-31
1262,LF7007FEV1,cycle_backlog_exact_model,1,0,0,0,old-19-DOCX--0-58,原件/免征目录/mf_batch19.docx,fafd1558aa0f21067847c19bdd0a95c79b919737be7b07b87c4538107fb2b8e3,2018-07-31
1263,LTS6510H1BEV,cycle_backlog_exact_model,1,0,1,0,old-62-Word97--0-24,原件/免征目录/mf_batch62.doc,7694ac7207998b6af7c895cdd2c1d752421df436d4b28f83195261dd47f6509c,2023-02-20
1264,LTS6510H2BEV,cycle_backlog_exact_model,1,0,1,0,old-62-Word97--0-27,原件/免征目录/mf_batch62.doc,7694ac7207998b6af7c895cdd2c1d752421df436d4b28f83195261dd47f6509c,2023-02-20
1265,LTS6510H3BEV,cycle_backlog_exact_model,1,0,1,0,old-62-Word97--0-25,原件/免征目录/mf_batch62.doc,7694ac7207998b6af7c895cdd2c1d752421df436d4b28f83195261dd47f6509c,2023-02-20
1266,LTS6510H4BEV,cycle_backlog_exact_model,1,0,1,0,old-62-Word97--0-28,原件/免征目录/mf_batch62.doc,7694ac7207998b6af7c895cdd2c1d752421df436d4b28f83195261dd47f6509c,2023-02-20
1267,LTS6510H5BEV,cycle_backlog_exact_model,1,0,1,0,old-62-Word97--0-29,原件/免征目录/mf_batch62.doc,7694ac7207998b6af7c895cdd2c1d752421df436d4b28f83195261dd47f6509c,2023-02-20
1268,LTS6510H6BEV,cycle_backlog_exact_model,1,0,1,0,old-62-Word97--0-26,原件/免征目录/mf_batch62.doc,7694ac7207998b6af7c895cdd2c1d752421df436d4b28f83195261dd47f6509c,2023-02-20
1269,LZ6460XLD0EV,cycle_backlog_exact_model,1,0,0,0,old-70-Word97--0-34,原件/免征目录/mf_batch70.doc,29b9f5df62602e114f0ed01426c185fdb15a654022cdf16d4df624bb736ed813,2023-10-18
1270,LZ6462MLAEV,cycle_backlog_exact_model,1,0,0,0,old-14-Word97--0-9,原件/免征目录/mf_batch14.docx,6a48764b5ccb7c4ffa6f54daa44d3a42095b8a981fc982e774ddaaded41e9921,2017-12-05
1271,LZ6463MLAEV,cycle_backlog_exact_model,1,0,0,0,old-14-Word97--0-10,原件/免征目录/mf_batch14.docx,6a48764b5ccb7c4ffa6f54daa44d3a42095b8a981fc982e774ddaaded41e9921,2017-12-05
1272,LZ6510MLAEV,cycle_backlog_exact_model,1,0,0,0,old-14-Word97--0-8,原件/免征目录/mf_batch14.docx,6a48764b5ccb7c4ffa6f54daa44d3a42095b8a981fc982e774ddaaded41e9921,2017-12-05
1273,LZ6510MLANEV,cycle_backlog_exact_model,1,0,0,0,old-19-DOCX--0-12,原件/免征目录/mf_batch19.docx,fafd1558aa0f21067847c19bdd0a95c79b919737be7b07b87c4538107fb2b8e3,2018-07-31
1274,LZ6511MLAEV,cycle_backlog_exact_model,1,0,0,0,old-20-DOCX--0-9,原件/免征目录/mf_batch20.docx,374d3f87551d75d1c163e76abb38f350ea93f8a2b8cad6174568c307d1cc0130,2018-09-19
1275,LZ6511MLANEV,cycle_backlog_exact_model,1,0,0,0,old-27-Word97--0-32,原件/免征目录/mf_batch27.doc,2bd67cf7e1efc03ae93942d0d340ffef87478709520383b6ee4d08baf843ead1,2019-10-25
1276,LZ6512MLAEV,cycle_backlog_exact_model,1,0,0,0,old-19-DOCX--0-13,原件/免征目录/mf_batch19.docx,fafd1558aa0f21067847c19bdd0a95c79b919737be7b07b87c4538107fb2b8e3,2018-07-31
1277,LZ6512MLANEV,cycle_backlog_exact_model,1,0,0,0,old-28-Word97--0-10,原件/免征目录/mf_batch28.doc,dfe1b301a5e8373e94e0e4a2fccee3d258c56bb662e4928764a71274142acd72,2019-12-10
1278,LZ6513MLAEV,cycle_backlog_exact_model,1,0,0,0,old-27-Word97--0-33,原件/免征目录/mf_batch27.doc,2bd67cf7e1efc03ae93942d0d340ffef87478709520383b6ee4d08baf843ead1,2019-10-25
1279,LZ6513MLANEV,cycle_backlog_exact_model,1,0,0,0,old-33-Word97--0-35,原件/免征目录/mf_batch33.doc,ff98fbb1708c47cdcfc1e79e7a1647e72a7ae6d4255dce3b250d661001340c09,2020-07-21
1280,LZ6514MLAEV,cycle_backlog_exact_model,1,0,0,0,old-27-Word97--0-34,原件/免征目录/mf_batch27.doc,2bd67cf7e1efc03ae93942d0d340ffef87478709520383b6ee4d08baf843ead1,2019-10-25
1281,LZ6514MLANEV,cycle_backlog_exact_model,1,0,0,0,old-45-Word97--0-8,原件/免征目录/mf_batch45.doc,56f5e7c5fd36e990024f8121006a76da260361f4e4660846e78255d007126f7a,2021-08-10
1282,LZ6515MLAEV,cycle_backlog_exact_model,1,0,0,0,old-28-Word97--0-11,原件/免征目录/mf_batch28.doc,dfe1b301a5e8373e94e0e4a2fccee3d258c56bb662e4928764a71274142acd72,2019-12-10
1283,LZ6516MLAEV,cycle_backlog_exact_model,1,0,0,0,old-28-Word97--0-12,原件/免征目录/mf_batch28.doc,dfe1b301a5e8373e94e0e4a2fccee3d258c56bb662e4928764a71274142acd72,2019-12-10
1284,LZ6517MLAEV,cycle_backlog_exact_model,1,0,0,0,old-33-Word97--0-36,原件/免征目录/mf_batch33.doc,ff98fbb1708c47cdcfc1e79e7a1647e72a7ae6d4255dce3b250d661001340c09,2020-07-21
1285,LZ6518MLAEV,cycle_backlog_exact_model,1,0,0,0,old-45-Word97--0-9,原件/免征目录/mf_batch45.doc,56f5e7c5fd36e990024f8121006a76da260361f4e4660846e78255d007126f7a,2021-08-10
1286,LZ7000SJD0EV,cycle_backlog_exact_model,1,0,0,0,old-69-Word97--0-54,原件/免征目录/mf_batch69.doc,357d61a16c94488c9fdd761f393edb7029b05394ab06117abaebcba1a1e45546,2023-09-14
1287,LZ7000SKD4EV,cycle_backlog_exact_model,1,0,0,0,old-65-Word97--0-29,原件/免征目录/mf_batch65.doc,06a6a578a9a60516a845bc92deac49954438a789e9e4a7cf3cd140f256d9b13d,2023-05-09
1288,LZ7000SLAEV,cycle_backlog_exact_model,1,0,0,0,old-18-Word97--0-35,原件/免征目录/mf_batch18.doc,43f5426f7f80996ee11a894710d7229c743abf7ad69ba239f61075e0a9ddd37a,2018-06-19
1289,LZ7001SLAEV,cycle_backlog_exact_model,1,0,0,0,old-18-Word97--0-36,原件/免征目录/mf_batch18.doc,43f5426f7f80996ee11a894710d7229c743abf7ad69ba239f61075e0a9ddd37a,2018-06-19
1290,LZ7003SLAEV,cycle_backlog_exact_model,1,0,0,0,old-25-Word97--0-93,原件/免征目录/mf_batch25.wps,9d2abe319463522513fe9c90f98bb8d0a825b599267d0b3cc403cec9624b3297,2019-06-12
1291,LZ7004SLAEV,cycle_backlog_exact_model,1,0,1,0,old-26-DOCX--0-58,原件/免征目录/mf_batch26.docx,de0890335ef3a4f1302a8a0735ec8b6aed52e994e2635db481820060d62248b5,2019-08-30
1292,LZ7005SLAEV,cycle_backlog_exact_model,1,0,0,0,old-33-Word97--0-37,原件/免征目录/mf_batch33.doc,ff98fbb1708c47cdcfc1e79e7a1647e72a7ae6d4255dce3b250d661001340c09,2020-07-21
1293,LZ7006SLAEV,cycle_backlog_exact_model,1,0,0,0,old-34-Word97--0-38,原件/免征目录/mf_batch34.doc,d5c5bb03cc5fe0f16b284048e265ad35d62c12c0416f14aef0ce026a229aa831,2020-08-24
1294,LZ7007SLAEV,cycle_backlog_exact_model,1,0,0,0,old-35-Word97--0-13,原件/免征目录/mf_batch35.wps,e4a6abd0e50daa81d029f8b37584511354700e855dc89de210fcba782b0643f0,2020-09-21
1295,LZ7008SLAEV,cycle_backlog_exact_model,1,0,0,0,old-39-Word97--0-10,原件/免征目录/mf_batch39.doc,48158862f567d71b07ac0a7a60c2c3bc6d2bb44dd5a86290b0b809d757a9eb07,2021-01-29
1296,LZ7009SLAEV,cycle_backlog_exact_model,1,0,0,0,old-44-Word97--0-15,原件/免征目录/mf_batch44.doc,aea30846204f4e55c0d969450f1619e1649eb27f471d5b0a2636d0da77eb0611,2021-07-12
1297,LZD7001BEV01,cycle_backlog_exact_model,1,0,0,0,old-16-Word97--0-37,原件/免征目录/mf_batch16.docx,9db5ace6c1c59bd9636d48636f94fa77d2b6e0aa27b109421690ce6a8c4a3967,2018-02-13
1298,LZD7001BEV02,cycle_backlog_exact_model,1,0,0,0,old-16-Word97--0-31,原件/免征目录/mf_batch16.docx,9db5ace6c1c59bd9636d48636f94fa77d2b6e0aa27b109421690ce6a8c4a3967,2018-02-13
1299,LZD7001BEV05,cycle_backlog_exact_model,1,0,0,0,old-16-Word97--0-34,原件/免征目录/mf_batch16.docx,9db5ace6c1c59bd9636d48636f94fa77d2b6e0aa27b109421690ce6a8c4a3967,2018-02-13
1300,LZD7001BEV07,cycle_backlog_exact_model,1,0,0,0,old-16-Word97--0-30,原件/免征目录/mf_batch16.docx,9db5ace6c1c59bd9636d48636f94fa77d2b6e0aa27b109421690ce6a8c4a3967,2018-02-13
1301,LZD7001BEV08,cycle_backlog_exact_model,1,0,0,0,old-16-Word97--0-32,原件/免征目录/mf_batch16.docx,9db5ace6c1c59bd9636d48636f94fa77d2b6e0aa27b109421690ce6a8c4a3967,2018-02-13
1302,LZD7001BEV15,cycle_backlog_exact_model,1,0,0,0,old-19-DOCX--0-33,原件/免征目录/mf_batch19.docx,fafd1558aa0f21067847c19bdd0a95c79b919737be7b07b87c4538107fb2b8e3,2018-07-31
1303,LZD7001BEV18,cycle_backlog_exact_model,1,0,0,0,old-25-Word97--0-33,原件/免征目录/mf_batch25.wps,9d2abe319463522513fe9c90f98bb8d0a825b599267d0b3cc403cec9624b3297,2019-06-12
1304,LZD7001BEV19,cycle_backlog_exact_model,1,0,0,0,old-46-Word97--0-49,原件/免征目录/mf_batch46.doc,a4b2048b3d5c29a8969f0348e9fd19a3293f0c23e6f37a48bf42a2ed70c7d37d,2021-09-10
1305,LZD7002BEV03,cycle_backlog_exact_model,1,0,0,0,old-16-Word97--0-36,原件/免征目录/mf_batch16.docx,9db5ace6c1c59bd9636d48636f94fa77d2b6e0aa27b109421690ce6a8c4a3967,2018-02-13
1306,LZW6450EVHCAC,cycle_backlog_exact_model,1,0,0,0,old-32-Word97--0-26,原件/免征目录/mf_batch32.doc,ad7c65b4831a05b7c70e1e73fe834aa9beed883c66f898e799fcbbeb43cc3d75,2020-06-02
1307,LZW6450EVHEAB,cycle_backlog_exact_model,1,0,0,0,mf29-t0-r17,原件/mf_batch29.doc,8d24a01958cc6d44fa7826ecbb6a76869b9a0f2c98b97597d57af02932f2afaf,2019-12-27
1308,LZW6450EVHEAC,cycle_backlog_exact_model,1,0,0,0,mf29-t0-r18,原件/mf_batch29.doc,8d24a01958cc6d44fa7826ecbb6a76869b9a0f2c98b97597d57af02932f2afaf,2019-12-27
1309,LZW6450EVHEAT,cycle_backlog_exact_model,1,0,0,0,old-33-Word97--0-38,原件/免征目录/mf_batch33.doc,ff98fbb1708c47cdcfc1e79e7a1647e72a7ae6d4255dce3b250d661001340c09,2020-07-21
1310,LZW6450EVHEAU,cycle_backlog_exact_model,1,0,0,0,old-33-Word97--0-39,原件/免征目录/mf_batch33.doc,ff98fbb1708c47cdcfc1e79e7a1647e72a7ae6d4255dce3b250d661001340c09,2020-07-21
1311,LZW7000EVA,cycle_backlog_exact_model,1,0,0,0,old-10-PDF-grid-2-0-17,原件/免征目录/mf_batch10.pdf,ac1b1ad2605b4f24762fb1f01cea64b685393577d01648618fa1882bb5700ac3,2017-04-27
1312,LZW7001EVA,cycle_backlog_exact_model,1,0,0,0,old-10-PDF-grid-2-0-18,原件/免征目录/mf_batch10.pdf,ac1b1ad2605b4f24762fb1f01cea64b685393577d01648618fa1882bb5700ac3,2017-04-27
1313,LZW7001EVA1HAN,cycle_backlog_exact_model,1,0,0,0,old-36-Word97--0-20,原件/免征目录/mf_batch36.doc,05cfcfd9136685ad6d6e13b8228cd123cca109c26f43a4c71472016b5a610a9f,2020-10-30
1314,LZW7001EVA2HAN,cycle_backlog_exact_model,1,0,0,0,old-36-Word97--0-21,原件/免征目录/mf_batch36.doc,05cfcfd9136685ad6d6e13b8228cd123cca109c26f43a4c71472016b5a610a9f,2020-10-30
1315,LZW7001EVAA,cycle_backlog_exact_model,1,0,0,0,old-15-PDF-grid-1-0-19,原件/免征目录/mf_batch15.pdf,bbb3b1e38c535c13d6ef1bc1f4105509476c91a7e63723dc7a70e372904d90f4,2017-12-19
1316,LZW7001EVABA,cycle_backlog_exact_model,1,0,0,0,old-16-Word97--0-44,原件/免征目录/mf_batch16.docx,9db5ace6c1c59bd9636d48636f94fa77d2b6e0aa27b109421690ce6a8c4a3967,2018-02-13
1317,LZW7001EVABD,cycle_backlog_exact_model,1,0,0,0,old-17-PDF-grid-2-0-17,原件/免征目录/mf_batch17.pdf,577a4ba9c586fe08565f6a60e6de5474698031566d8dcef484cd44335879e334,2018-04-16
1318,LZW7001EVABE,cycle_backlog_exact_model,1,0,0,0,old-16-Word97--0-46,原件/免征目录/mf_batch16.docx,9db5ace6c1c59bd9636d48636f94fa77d2b6e0aa27b109421690ce6a8c4a3967,2018-02-13
1319,LZW7001EVABP,cycle_backlog_exact_model,1,0,0,0,old-24-Word97--4-11,原件/免征目录/mf_batch24.wps,07775a0cb063fe0fce5880b9378dd1eb2522b725d645cabdee314d604779939d,2019-04-30
1320,LZW7001EVACP,cycle_backlog_exact_model,1,0,0,0,old-26-DOCX--0-59,原件/免征目录/mf_batch26.docx,de0890335ef3a4f1302a8a0735ec8b6aed52e994e2635db481820060d62248b5,2019-08-30
1321,LZW7001EVADH,cycle_backlog_exact_model,1,0,0,0,old-17-PDF-grid-2-0-18,原件/免征目录/mf_batch17.pdf,577a4ba9c586fe08565f6a60e6de5474698031566d8dcef484cd44335879e334,2018-04-16
1322,LZW7001EVAEP,cycle_backlog_exact_model,1,0,0,0,old-23-Word97--0-40,原件/免征目录/mf_batch23.docx,87f838de0da3ba5887f77b2bf5c1dbf5b427e7cef896309a7084c11dd8f5efa0,2019-03-13
1323,LZW7001EVAHAN,cycle_backlog_exact_model,1,0,0,0,old-34-Word97--0-39,原件/免征目录/mf_batch34.doc,d5c5bb03cc5fe0f16b284048e265ad35d62c12c0416f14aef0ce026a229aa831,2020-08-24
1324,LZW7001EVAHW,cycle_backlog_exact_model,1,0,0,0,old-26-DOCX--0-60,原件/免征目录/mf_batch26.docx,de0890335ef3a4f1302a8a0735ec8b6aed52e994e2635db481820060d62248b5,2019-08-30
1325,LZW7001EVCHAN,cycle_backlog_exact_model,1,0,0,0,old-36-Word97--0-22,原件/免征目录/mf_batch36.doc,05cfcfd9136685ad6d6e13b8228cd123cca109c26f43a4c71472016b5a610a9f,2020-10-30
1326,LZW7001EVDEP,cycle_backlog_exact_model,1,0,0,0,old-28-Word97--0-13,原件/免征目录/mf_batch28.doc,dfe1b301a5e8373e94e0e4a2fccee3d258c56bb662e4928764a71274142acd72,2019-12-10
1327,LZW7001EVPCAN,cycle_backlog_exact_model,1,0,0,0,old-33-Word97--0-40,原件/免征目录/mf_batch33.doc,ff98fbb1708c47cdcfc1e79e7a1647e72a7ae6d4255dce3b250d661001340c09,2020-07-21
1328,LZW7001EVPEAD,cycle_backlog_exact_model,1,0,0,0,old-32-Word97--0-27,原件/免征目录/mf_batch32.doc,ad7c65b4831a05b7c70e1e73fe834aa9beed883c66f898e799fcbbeb43cc3d75,2020-06-02
1329,LZW7001EVPHAN,cycle_backlog_exact_model,1,0,0,0,old-32-Word97--0-28,原件/免征目录/mf_batch32.doc,ad7c65b4831a05b7c70e1e73fe834aa9beed883c66f898e799fcbbeb43cc3d75,2020-06-02
1330,LZW7001EVUCAN,cycle_backlog_exact_model,1,0,0,0,old-35-Word97--0-3,原件/免征目录/mf_batch35.wps,e4a6abd0e50daa81d029f8b37584511354700e855dc89de210fcba782b0643f0,2020-09-21
1331,LZW7001EVUHAN,cycle_backlog_exact_model,1,0,0,0,old-36-Word97--0-23,原件/免征目录/mf_batch36.doc,05cfcfd9136685ad6d6e13b8228cd123cca109c26f43a4c71472016b5a610a9f,2020-10-30
1332,LZW7002EVA1EAN,cycle_backlog_exact_model,1,0,0,0,old-43-Word97--0-17,原件/免征目录/mf_batch43.doc,5d5202dfe31364ec0884640d8bba22b0f640154d0bcc6154272890e604cfc01c,2021-06-11
1333,LZW7002EVB1EAN,cycle_backlog_exact_model,1,0,0,0,old-43-Word97--0-16,原件/免征目录/mf_batch43.doc,5d5202dfe31364ec0884640d8bba22b0f640154d0bcc6154272890e604cfc01c,2021-06-11
1334,LZW7002EVB1PAN,cycle_backlog_exact_model,1,0,0,0,old-46-Word97--0-64,原件/免征目录/mf_batch46.doc,a4b2048b3d5c29a8969f0348e9fd19a3293f0c23e6f37a48bf42a2ed70c7d37d,2021-09-10
1335,LZW7002EVBBG,cycle_backlog_exact_model,1,0,0,0,old-20-DOCX--0-59,原件/免征目录/mf_batch20.docx,374d3f87551d75d1c163e76abb38f350ea93f8a2b8cad6174568c307d1cc0130,2018-09-19
1336,LZW7002EVBBP,cycle_backlog_exact_model,1,0,0,0,old-24-Word97--4-12,原件/免征目录/mf_batch24.wps,07775a0cb063fe0fce5880b9378dd1eb2522b725d645cabdee314d604779939d,2019-04-30
1337,LZW7002EVBCP,cycle_backlog_exact_model,1,0,0,0,old-23-Word97--0-41,原件/免征目录/mf_batch23.docx,87f838de0da3ba5887f77b2bf5c1dbf5b427e7cef896309a7084c11dd8f5efa0,2019-03-13
1338,LZW7002EVBDH,cycle_backlog_exact_model,1,0,0,0,old-20-DOCX--0-63,原件/免征目录/mf_batch20.docx,374d3f87551d75d1c163e76abb38f350ea93f8a2b8cad6174568c307d1cc0130,2018-09-19
1339,LZW7002EVBEP,cycle_backlog_exact_model,1,0,0,0,old-23-Word97--0-42,原件/免征目录/mf_batch23.docx,87f838de0da3ba5887f77b2bf5c1dbf5b427e7cef896309a7084c11dd8f5efa0,2019-03-13
1340,LZW7002EVBHAN,cycle_backlog_exact_model,1,0,0,0,old-33-Word97--0-41,原件/免征目录/mf_batch33.doc,ff98fbb1708c47cdcfc1e79e7a1647e72a7ae6d4255dce3b250d661001340c09,2020-07-21
1341,LZW7002EVBHANA,cycle_backlog_exact_model,1,0,0,0,old-44-Word97--0-53,原件/免征目录/mf_batch44.doc,aea30846204f4e55c0d969450f1619e1649eb27f471d5b0a2636d0da77eb0611,2021-07-12
1342,LZW7002EVBHH,cycle_backlog_exact_model,1,0,0,0,old-22-Word97--0-42,原件/免征目录/mf_batch22.doc,eaf3fc1e64742af85b3d4bc90388d0a93154a497fd6c1fb9bf73b857672e1212,2018-12-18
1343,LZW7002EVBHW,cycle_backlog_exact_model,1,0,0,0,old-24-Word97--4-15,原件/免征目录/mf_batch24.wps,07775a0cb063fe0fce5880b9378dd1eb2522b725d645cabdee314d604779939d,2019-04-30
1344,LZW7002EVCCAN,cycle_backlog_exact_model,1,0,0,0,old-33-Word97--0-42,原件/免征目录/mf_batch33.doc,ff98fbb1708c47cdcfc1e79e7a1647e72a7ae6d4255dce3b250d661001340c09,2020-07-21
1345,LZW7002EVCEP,cycle_backlog_exact_model,1,0,0,0,old-26-DOCX--0-62,原件/免征目录/mf_batch26.docx,de0890335ef3a4f1302a8a0735ec8b6aed52e994e2635db481820060d62248b5,2019-08-30
1346,LZW7002EVCHAN,cycle_backlog_exact_model,1,0,0,0,old-38-Word97--0-33,原件/免征目录/mf_batch38.doc,7c9def45fe5c40e4c5ffb483a1d1efd383c12cb16a5c4ba021d4ce28384776de,2020-12-30
1347,LZW7002EVCHANA,cycle_backlog_exact_model,1,0,0,0,old-43-Word97--0-15,原件/免征目录/mf_batch43.doc,5d5202dfe31364ec0884640d8bba22b0f640154d0bcc6154272890e604cfc01c,2021-06-11
1348,LZW7002EVUHAN,cycle_backlog_exact_model,1,0,0,0,old-42-Word97--0-49,原件/免征目录/mf_batch42.doc,fef4fd8ea19d773d368642e51a4bdb24c148530251a2240be4ff1358d5d41fab,2021-04-30
1349,LZW7003EVA3EAB,cycle_backlog_exact_model,1,0,0,0,old-37-Word97--0-4,原件/免征目录/mf_batch37.doc,136057faede292d8070763e326c8dbdcddf3790653cc6879a13758f91556881f,2020-11-30
1350,LZW7003EVB3EAB,cycle_backlog_exact_model,1,0,0,0,old-47-Word97--0-43,原件/免征目录/mf_batch47.doc,fb4517fe8220b10bc435a77a5328df13c732c70b335942dfad0ae9394affe9b4,2021-09-30
1351,LZW7003EVB3KAB,cycle_backlog_exact_model,1,0,0,0,old-47-Word97--0-44,原件/免征目录/mf_batch47.doc,fb4517fe8220b10bc435a77a5328df13c732c70b335942dfad0ae9394affe9b4,2021-09-30
1352,LZW7003EVB3KBE,cycle_backlog_exact_model,1,0,0,0,old-47-Word97--0-42,原件/免征目录/mf_batch47.doc,fb4517fe8220b10bc435a77a5328df13c732c70b335942dfad0ae9394affe9b4,2021-09-30
1353,LZW7003EVGEAB,cycle_backlog_exact_model,1,0,0,0,old-33-Word97--0-43,原件/免征目录/mf_batch33.doc,ff98fbb1708c47cdcfc1e79e7a1647e72a7ae6d4255dce3b250d661001340c09,2020-07-21
1354,LZW7003EVGKAB,cycle_backlog_exact_model,1,0,0,0,old-30-Word97--0-74,原件/免征目录/mf_batch30.doc,e7fa3b47858ec2035b8055bc15be00b2b26920a5e8d3cad481058a80b92ead24,2020-03-13
1355,LZW7003EVGMAB,cycle_backlog_exact_model,1,0,0,0,old-47-Word97--0-45,原件/免征目录/mf_batch47.doc,fb4517fe8220b10bc435a77a5328df13c732c70b335942dfad0ae9394affe9b4,2021-09-30
1356,LZW7003EVGMAJ,cycle_backlog_exact_model,1,0,0,0,old-33-Word97--0-44,原件/免征目录/mf_batch33.doc,ff98fbb1708c47cdcfc1e79e7a1647e72a7ae6d4255dce3b250d661001340c09,2020-07-21
1357,LZW7003EVGNAJ,cycle_backlog_exact_model,1,0,0,0,old-33-Word97--0-45,原件/免征目录/mf_batch33.doc,ff98fbb1708c47cdcfc1e79e7a1647e72a7ae6d4255dce3b250d661001340c09,2020-07-21
1358,LZW7003EVMET,cycle_backlog_exact_model,1,0,0,0,old-30-Word97--0-75,原件/免征目录/mf_batch30.doc,e7fa3b47858ec2035b8055bc15be00b2b26920a5e8d3cad481058a80b92ead24,2020-03-13
1359,LZW7004EVA1,cycle_backlog_exact_model,1,0,0,0,old-69-Word97--0-59,原件/免征目录/mf_batch69.doc,357d61a16c94488c9fdd761f393edb7029b05394ab06117abaebcba1a1e45546,2023-09-14
1360,LZW7004EVA3,cycle_backlog_exact_model,1,0,0,0,old-70-Word97--0-35,原件/免征目录/mf_batch70.doc,29b9f5df62602e114f0ed01426c185fdb15a654022cdf16d4df624bb736ed813,2023-10-18
1361,LZW7004EVA4,cycle_backlog_exact_model,1,0,0,0,old-68-Word97--0-26,原件/免征目录/mf_batch68.doc,58113d08377020d08de0aeb0e08ff63c4a4411dbe35ad69cfdd6f82fdf0fcc77,2023-08-16
1362,LZW7004EVA4CAM,cycle_backlog_exact_model,1,0,0,0,old-37-Word97--0-5,原件/免征目录/mf_batch37.doc,136057faede292d8070763e326c8dbdcddf3790653cc6879a13758f91556881f,2020-11-30
1363,LZW7004EVA4KAK,cycle_backlog_exact_model,1,0,0,0,old-38-Word97--0-32,原件/免征目录/mf_batch38.doc,7c9def45fe5c40e4c5ffb483a1d1efd383c12cb16a5c4ba021d4ce28384776de,2020-12-30
1364,LZW7004EVA5,cycle_backlog_exact_model,1,0,0,0,old-71-Word97--0-42,原件/免征目录/mf_batch71.doc,b37b78b64b8ef7e12e6e95d6fd27a4a6e364c0c83ba403ffcf3bca82c60e3460,2023-11-20
1365,LZW7004EVB2DBD,cycle_backlog_exact_model,1,0,0,0,old-44-Word97--0-52,原件/免征目录/mf_batch44.doc,aea30846204f4e55c0d969450f1619e1649eb27f471d5b0a2636d0da77eb0611,2021-07-12
1366,LZW7004EVJCAM,cycle_backlog_exact_model,1,0,0,0,old-37-Word97--0-6,原件/免征目录/mf_batch37.doc,136057faede292d8070763e326c8dbdcddf3790653cc6879a13758f91556881f,2020-11-30
1367,LZW7004EVJCBC,cycle_backlog_exact_model,1,0,0,0,old-44-Word97--0-54,原件/免征目录/mf_batch44.doc,aea30846204f4e55c0d969450f1619e1649eb27f471d5b0a2636d0da77eb0611,2021-07-12
1368,LZW7004EVJDAG,cycle_backlog_exact_model,1,0,1,0,old-31-Word97--0-20,原件/免征目录/mf_batch31.doc,e1ccec4a87ab96ca346e5756d6b14369eb9727ec2c2cfd03c1182a592ddd3bee,2020-04-24
1369,LZW7004EVJDAK,cycle_backlog_exact_model,1,0,0,0,old-32-Word97--0-29,原件/免征目录/mf_batch32.doc,ad7c65b4831a05b7c70e1e73fe834aa9beed883c66f898e799fcbbeb43cc3d75,2020-06-02
1370,LZW7004EVJDAM,cycle_backlog_exact_model,1,0,0,0,old-32-Word97--0-30,原件/免征目录/mf_batch32.doc,ad7c65b4831a05b7c70e1e73fe834aa9beed883c66f898e799fcbbeb43cc3d75,2020-06-02
1371,LZW7004EVJDBB,cycle_backlog_exact_model,1,0,0,0,old-40-Word97--0-26,原件/免征目录/mf_batch40.doc,93047c8e87a1f45948933ee36d00160788032370ecf11b551624e0ca45ecc1d1,2021-03-08
1372,LZW7004EVJDBD,cycle_backlog_exact_model,1,0,0,0,old-46-Word97--0-63,原件/免征目录/mf_batch46.doc,a4b2048b3d5c29a8969f0348e9fd19a3293f0c23e6f37a48bf42a2ed70c7d37d,2021-09-10
1373,LZW7004EVJDJ,cycle_backlog_exact_model,1,0,1,0,old-31-Word97--0-21,原件/免征目录/mf_batch31.doc,e1ccec4a87ab96ca346e5756d6b14369eb9727ec2c2cfd03c1182a592ddd3bee,2020-04-24
1374,LZW7004EVJEAM,cycle_backlog_exact_model,1,0,0,0,old-39-Word97--0-34,原件/免征目录/mf_batch39.doc,48158862f567d71b07ac0a7a60c2c3bc6d2bb44dd5a86290b0b809d757a9eb07,2021-01-29
1375,LZW7004EVJEAMA,cycle_backlog_exact_model,1,0,0,0,old-42-Word97--0-51,原件/免征目录/mf_batch42.doc,fef4fd8ea19d773d368642e51a4bdb24c148530251a2240be4ff1358d5d41fab,2021-04-30
1376,LZW7004EVJKAM,cycle_backlog_exact_model,1,0,0,0,old-42-Word97--0-50,原件/免征目录/mf_batch42.doc,fef4fd8ea19d773d368642e51a4bdb24c148530251a2240be4ff1358d5d41fab,2021-04-30
1377,LZW7004EVPCAK,cycle_backlog_exact_model,1,0,0,0,old-36-Word97--0-24,原件/免征目录/mf_batch36.doc,05cfcfd9136685ad6d6e13b8228cd123cca109c26f43a4c71472016b5a610a9f,2020-10-30
1378,LZW7004EVPCAM,cycle_backlog_exact_model,1,0,0,0,old-34-Word97--0-40,原件/免征目录/mf_batch34.doc,d5c5bb03cc5fe0f16b284048e265ad35d62c12c0416f14aef0ce026a229aa831,2020-08-24
1379,LZW7004EVPCBC,cycle_backlog_exact_model,1,0,0,0,old-47-Word97--0-49,原件/免征目录/mf_batch47.doc,fb4517fe8220b10bc435a77a5328df13c732c70b335942dfad0ae9394affe9b4,2021-09-30
1380,LZW7004EVPCBH,cycle_backlog_exact_model,1,0,0,0,old-47-Word97--0-41,原件/免征目录/mf_batch47.doc,fb4517fe8220b10bc435a77a5328df13c732c70b335942dfad0ae9394affe9b4,2021-09-30
1381,LZW7004EVPDAG,cycle_backlog_exact_model,1,0,0,0,old-34-Word97--0-41,原件/免征目录/mf_batch34.doc,d5c5bb03cc5fe0f16b284048e265ad35d62c12c0416f14aef0ce026a229aa831,2020-08-24
1382,LZW7004EVPDAK,cycle_backlog_exact_model,1,0,0,0,old-34-Word97--0-42,原件/免征目录/mf_batch34.doc,d5c5bb03cc5fe0f16b284048e265ad35d62c12c0416f14aef0ce026a229aa831,2020-08-24
1383,LZW7004EVPDBA,cycle_backlog_exact_model,1,0,0,0,old-35-Word97--0-4,原件/免征目录/mf_batch35.wps,e4a6abd0e50daa81d029f8b37584511354700e855dc89de210fcba782b0643f0,2020-09-21
1384,LZW7004EVPDBB,cycle_backlog_exact_model,1,0,0,0,old-35-Word97--0-5,原件/免征目录/mf_batch35.wps,e4a6abd0e50daa81d029f8b37584511354700e855dc89de210fcba782b0643f0,2020-09-21
1385,LZW7004EVPDJ,cycle_backlog_exact_model,1,0,0,0,old-34-Word97--0-43,原件/免征目录/mf_batch34.doc,d5c5bb03cc5fe0f16b284048e265ad35d62c12c0416f14aef0ce026a229aa831,2020-08-24
1386,LZW7004EVPEAK,cycle_backlog_exact_model,1,0,0,0,old-36-Word97--0-25,原件/免征目录/mf_batch36.doc,05cfcfd9136685ad6d6e13b8228cd123cca109c26f43a4c71472016b5a610a9f,2020-10-30
1387,LZW7004EVPHAK,cycle_backlog_exact_model,1,0,0,0,old-39-Word97--0-35,原件/免征目录/mf_batch39.doc,48158862f567d71b07ac0a7a60c2c3bc6d2bb44dd5a86290b0b809d757a9eb07,2021-01-29
1388,LZW7004EVPHAM,cycle_backlog_exact_model,1,0,0,0,old-35-Word97--0-6,原件/免征目录/mf_batch35.wps,e4a6abd0e50daa81d029f8b37584511354700e855dc89de210fcba782b0643f0,2020-09-21
1389,LZW7004EVPHBG,cycle_backlog_exact_model,1,0,0,0,old-45-Word97--0-32,原件/免征目录/mf_batch45.doc,56f5e7c5fd36e990024f8121006a76da260361f4e4660846e78255d007126f7a,2021-08-10
1390,LZW7004EVPKAK,cycle_backlog_exact_model,1,0,0,0,old-35-Word97--0-7,原件/免征目录/mf_batch35.wps,e4a6abd0e50daa81d029f8b37584511354700e855dc89de210fcba782b0643f0,2020-09-21
1391,LZW7004EVPKAM,cycle_backlog_exact_model,1,0,0,0,old-34-Word97--0-44,原件/免征目录/mf_batch34.doc,d5c5bb03cc5fe0f16b284048e265ad35d62c12c0416f14aef0ce026a229aa831,2020-08-24
1392,LZW7004EVQEAW,cycle_backlog_exact_model,1,0,0,0,old-34-Word97--0-45,原件/免征目录/mf_batch34.doc,d5c5bb03cc5fe0f16b284048e265ad35d62c12c0416f14aef0ce026a229aa831,2020-08-24
1393,LZW7004EVWEAW,cycle_backlog_exact_model,1,0,0,0,old-36-Word97--0-26,原件/免征目录/mf_batch36.doc,05cfcfd9136685ad6d6e13b8228cd123cca109c26f43a4c71472016b5a610a9f,2020-10-30
1394,LZW7005EVA1,cycle_backlog_exact_model,1,0,0,0,old-66-Word97--0-24,原件/免征目录/mf_batch66.doc,05a5fce42de1c5412803fe6a7bb46d04c4d61cb71dc5d88a9b59a3e884350544,2023-06-08
1395,LZW7006EVA1,cycle_backlog_exact_model,1,0,0,0,old-66-Word97--0-25,原件/免征目录/mf_batch66.doc,05a5fce42de1c5412803fe6a7bb46d04c4d61cb71dc5d88a9b59a3e884350544,2023-06-08
1396,LZW7006EVA2,cycle_backlog_exact_model,1,0,0,0,old-66-Word97--0-26,原件/免征目录/mf_batch66.doc,05a5fce42de1c5412803fe6a7bb46d04c4d61cb71dc5d88a9b59a3e884350544,2023-06-08
1397,LZW7009EVA1,cycle_backlog_exact_model,1,0,0,0,old-69-Word97--0-56,原件/免征目录/mf_batch69.doc,357d61a16c94488c9fdd761f393edb7029b05394ab06117abaebcba1a1e45546,2023-09-14
1398,LZW7009EVA2,cycle_backlog_exact_model,1,0,0,0,old-69-Word97--0-55,原件/免征目录/mf_batch69.doc,357d61a16c94488c9fdd761f393edb7029b05394ab06117abaebcba1a1e45546,2023-09-14
1399,MA6470BEVA,cycle_backlog_exact_model,1,0,0,0,old-28-Word97--0-22,原件/免征目录/mf_batch28.doc,dfe1b301a5e8373e94e0e4a2fccee3d258c56bb662e4928764a71274142acd72,2019-12-10
1400,MA7001BEVA,cycle_backlog_exact_model,1,0,0,0,mf29-t0-r25,原件/mf_batch29.doc,8d24a01958cc6d44fa7826ecbb6a76869b9a0f2c98b97597d57af02932f2afaf,2019-12-27
1401,MA7002BEVA,cycle_backlog_exact_model,1,0,0,0,old-55-Word97--0-16,原件/免征目录/mf_batch55.doc,0457d0430e9e7f114c91341a715405c3933dd4783762cd74b9871e4918ba887f,2022-06-01
1402,MERCEDES-AMGEQE534MATIC+A10(294653),cycle_backlog_exact_model,1,0,0,0,old-70-Word97--0-4,原件/免征目录/mf_batch70.doc,29b9f5df62602e114f0ed01426c185fdb15a654022cdf16d4df624bb736ed813,2023-10-18
1403,MERCEDES-AMGEQE534MATIC+A10(295153),cycle_backlog_exact_model,1,0,0,0,old-62-Word97--0-2,原件/免征目录/mf_batch62.doc,7694ac7207998b6af7c895cdd2c1d752421df436d4b28f83195261dd47f6509c,2023-02-20
1404,MERCEDES-AMGEQE534MATIC+A20(295153),cycle_backlog_exact_model,1,0,0,0,old-70-Word97--0-5,原件/免征目录/mf_batch70.doc,29b9f5df62602e114f0ed01426c185fdb15a654022cdf16d4df624bb736ed813,2023-10-18
1405,MERCEDES-AMGEQS534MATIC+A10(297155),cycle_backlog_exact_model,1,0,0,0,old-54-Word97--0-3,原件/免征目录/mf_batch54.doc,e4ce106fc0fb21bc61cac40ff0de97e60dff2d18b5b7d24c494bb74873312fd7,2022-05-12
1406,MERCEDES-MAYBACHEQS480A10(296934),cycle_backlog_exact_model,1,0,0,0,old-71-Word97--0-4,原件/免征目录/mf_batch71.doc,b37b78b64b8ef7e12e6e95d6fd27a4a6e364c0c83ba403ffcf3bca82c60e3460,2023-11-20
1407,MERCEDES-MAYBACHEQS680A10(296955),cycle_backlog_exact_model,1,0,0,0,old-71-Word97--0-3,原件/免征目录/mf_batch71.doc,b37b78b64b8ef7e12e6e95d6fd27a4a6e364c0c83ba403ffcf3bca82c60e3460,2023-11-20
1408,MJC6450BEV1,cycle_backlog_exact_model,1,0,0,0,old-25-Word97--0-25,原件/免征目录/mf_batch25.wps,9d2abe319463522513fe9c90f98bb8d0a825b599267d0b3cc403cec9624b3297,2019-06-12
1409,MJC7000BEV1,cycle_backlog_exact_model,1,0,0,0,old-34-Word97--0-49,原件/免征目录/mf_batch34.doc,d5c5bb03cc5fe0f16b284048e265ad35d62c12c0416f14aef0ce026a229aa831,2020-08-24
1410,MR6490SEV01,cycle_backlog_exact_model,1,0,0,0,old-47-Word97--0-26,原件/免征目录/mf_batch47.doc,fb4517fe8220b10bc435a77a5328df13c732c70b335942dfad0ae9394affe9b4,2021-09-30
1411,MR6490SEV02,cycle_backlog_exact_model,1,0,0,0,old-48-Word97--0-30,原件/免征目录/mf_batch48.doc,ee5aa19736215cfcb3b76ffff90bcd0d9108c61758ccb756f7d4ad17e75a835c,2021-11-05
1412,MR6490SEV04,cycle_backlog_exact_model,1,0,0,0,old-61-Word97--0-27,原件/免征目录/mf_batch61.doc,d360a77695ccf20f3c17a354a1dd02fc846a7ae8bd18b41492515881a7240b72,2022-12-19
1413,MR6491BEV01,cycle_backlog_exact_model,1,0,0,0,old-69-Word97--0-36,原件/免征目录/mf_batch69.doc,357d61a16c94488c9fdd761f393edb7029b05394ab06117abaebcba1a1e45546,2023-09-14
1414,MR6491BEV02,cycle_backlog_exact_model,1,0,0,0,old-70-Word97--0-24,原件/免征目录/mf_batch70.doc,29b9f5df62602e114f0ed01426c185fdb15a654022cdf16d4df624bb736ed813,2023-10-18
1415,MR6491BEV03,cycle_backlog_exact_model,1,0,0,0,old-69-Word97--0-37,原件/免征目录/mf_batch69.doc,357d61a16c94488c9fdd761f393edb7029b05394ab06117abaebcba1a1e45546,2023-09-14
1416,MR7001BEV03,cycle_backlog_exact_model,1,0,0,0,old-45-Word97--0-28,原件/免征目录/mf_batch45.doc,56f5e7c5fd36e990024f8121006a76da260361f4e4660846e78255d007126f7a,2021-08-10
1417,MR7001BEV04,cycle_backlog_exact_model,1,0,0,0,old-45-Word97--0-27,原件/免征目录/mf_batch45.doc,56f5e7c5fd36e990024f8121006a76da260361f4e4660846e78255d007126f7a,2021-08-10
1418,MR7001BEV05,cycle_backlog_exact_model,1,0,0,0,old-44-Word97--0-31,原件/免征目录/mf_batch44.doc,aea30846204f4e55c0d969450f1619e1649eb27f471d5b0a2636d0da77eb0611,2021-07-12
1419,MR7001BEV06,cycle_backlog_exact_model,1,0,0,0,old-45-Word97--0-25,原件/免征目录/mf_batch45.doc,56f5e7c5fd36e990024f8121006a76da260361f4e4660846e78255d007126f7a,2021-08-10
1420,MR7001BEV08,cycle_backlog_exact_model,1,0,0,0,old-45-Word97--0-24,原件/免征目录/mf_batch45.doc,56f5e7c5fd36e990024f8121006a76da260361f4e4660846e78255d007126f7a,2021-08-10
1421,MR7001BEV09,cycle_backlog_exact_model,1,0,0,0,old-67-Word97--0-14,原件/免征目录/mf_batch67.doc,963a02fcc1f361414f4f003c6d63e00b178d0b962134ed2206c38978f3118101,2023-07-17
1422,MR7001BEV11,cycle_backlog_exact_model,1,0,0,0,old-45-Word97--0-26,原件/免征目录/mf_batch45.doc,56f5e7c5fd36e990024f8121006a76da260361f4e4660846e78255d007126f7a,2021-08-10
1423,MR7001BEV35,cycle_backlog_exact_model,1,0,0,0,old-70-Word97--0-25,原件/免征目录/mf_batch70.doc,29b9f5df62602e114f0ed01426c185fdb15a654022cdf16d4df624bb736ed813,2023-10-18
1424,MR7001SEV01,cycle_backlog_exact_model,1,0,0,0,old-42-Word97--0-33,原件/免征目录/mf_batch42.doc,fef4fd8ea19d773d368642e51a4bdb24c148530251a2240be4ff1358d5d41fab,2021-04-30
1425,MR7001SEV02,cycle_backlog_exact_model,1,0,0,0,old-47-Word97--0-25,原件/免征目录/mf_batch47.doc,fb4517fe8220b10bc435a77a5328df13c732c70b335942dfad0ae9394affe9b4,2021-09-30
1426,MR7001SEV03,cycle_backlog_exact_model,1,0,0,0,old-47-Word97--0-27,原件/免征目录/mf_batch47.doc,fb4517fe8220b10bc435a77a5328df13c732c70b335942dfad0ae9394affe9b4,2021-09-30
1427,MR7001SEV04,cycle_backlog_exact_model,1,0,0,0,old-63-Word97--0-24,原件/免征目录/mf_batch63.doc,1d0f4bf9c7c1f67712e9efa3a5e3222c30d4e438653b9335aaff9714e65f8c05,2023-03-10
1428,MR7002BEV03,cycle_backlog_exact_model,1,0,0,0,old-05-PDF-grid-1-0-14,原件/免征目录/mf_batch05.pdf,658aa5fbf13859a9bbe1db6235da2f7e79fc325cc34e4c0ec1ffab7f8cc2ebca,2015-09-11
1429,MR7002BEV11,cycle_backlog_exact_model,1,0,0,0,old-11-PDF-grid-2-0-8,原件/免征目录/mf_batch11.pdf,ec4f33e5e872841e6d1fa5d435793c285a15614ef2e64f39b9013389b5e51724,2017-07-06
1430,MR7002BEV22,cycle_backlog_exact_model,1,0,0,0,old-24-Word97--3-4,原件/免征目录/mf_batch24.wps,07775a0cb063fe0fce5880b9378dd1eb2522b725d645cabdee314d604779939d,2019-04-30
1431,MR7002BEV23,cycle_backlog_exact_model,1,0,0,0,old-24-Word97--3-5,原件/免征目录/mf_batch24.wps,07775a0cb063fe0fce5880b9378dd1eb2522b725d645cabdee314d604779939d,2019-04-30
1432,MR7002BEV27,cycle_backlog_exact_model,1,0,0,0,old-33-Word97--0-23,原件/免征目录/mf_batch33.doc,ff98fbb1708c47cdcfc1e79e7a1647e72a7ae6d4255dce3b250d661001340c09,2020-07-21
1433,MR7002BEV28,cycle_backlog_exact_model,1,0,0,0,old-44-Word97--0-30,原件/免征目录/mf_batch44.doc,aea30846204f4e55c0d969450f1619e1649eb27f471d5b0a2636d0da77eb0611,2021-07-12
1434,MR7003BEV01,cycle_backlog_exact_model,1,0,0,0,old-52-Word97--0-14,原件/免征目录/mf_batch52.doc,650a1430fd7c9a9139970f857a0382498bfd368fe64a95f24c17ca3f49dfa3cc,2022-03-08
1435,MR7003BEV02,cycle_backlog_exact_model,1,0,0,0,old-52-Word97--0-13,原件/免征目录/mf_batch52.doc,650a1430fd7c9a9139970f857a0382498bfd368fe64a95f24c17ca3f49dfa3cc,2022-03-08
1436,MR7003BEV03,cycle_backlog_exact_model,1,0,0,0,old-53-Word97--0-18,原件/免征目录/mf_batch53.doc,a1f426ff77c80bce4d153fbfb6d01a7b6c6c87539f52ac4643edb7b060e21d2a,2022-04-08
1437,MR7003BEV05,cycle_backlog_exact_model,1,0,0,0,old-56-Word97--0-32,原件/免征目录/mf_batch56.doc,cbffdc0819640e8f18c11a2a277b26b2e043c81406533457ff225f4df1c6c068,2022-07-08
1438,MR7003BEV06,cycle_backlog_exact_model,1,0,0,0,old-57-Word97--0-31,原件/免征目录/mf_batch57.doc,96d9708a19952b23d71fc40e9976a33ae30ca118226a032954a93ab36f355f21,2022-08-10
1439,MR7003BEV07,cycle_backlog_exact_model,1,0,0,0,old-57-Word97--0-26,原件/免征目录/mf_batch57.doc,96d9708a19952b23d71fc40e9976a33ae30ca118226a032954a93ab36f355f21,2022-08-10
1440,MR7003BEV08,cycle_backlog_exact_model,1,0,0,0,old-66-Word97--0-9,原件/免征目录/mf_batch66.doc,05a5fce42de1c5412803fe6a7bb46d04c4d61cb71dc5d88a9b59a3e884350544,2023-06-08
1441,MR7003BEV09,cycle_backlog_exact_model,1,0,0,0,old-66-Word97--0-8,原件/免征目录/mf_batch66.doc,05a5fce42de1c5412803fe6a7bb46d04c4d61cb71dc5d88a9b59a3e884350544,2023-06-08
1442,MR7003SEV01,cycle_backlog_exact_model,1,0,0,0,old-55-Word97--0-31,原件/免征目录/mf_batch55.doc,0457d0430e9e7f114c91341a715405c3933dd4783762cd74b9871e4918ba887f,2022-06-01
1443,MR7005BEV05,cycle_backlog_exact_model,1,0,0,0,old-63-Word97--0-21,原件/免征目录/mf_batch63.doc,1d0f4bf9c7c1f67712e9efa3a5e3222c30d4e438653b9335aaff9714e65f8c05,2023-03-10
1444,MR7005BEV06,cycle_backlog_exact_model,1,0,0,0,old-66-Word97--0-10,原件/免征目录/mf_batch66.doc,05a5fce42de1c5412803fe6a7bb46d04c4d61cb71dc5d88a9b59a3e884350544,2023-06-08
1445,MR7005BEV09,cycle_backlog_exact_model,1,0,0,0,old-63-Word97--0-22,原件/免征目录/mf_batch63.doc,1d0f4bf9c7c1f67712e9efa3a5e3222c30d4e438653b9335aaff9714e65f8c05,2023-03-10
1446,MR7005BEV10,cycle_backlog_exact_model,1,0,0,0,old-66-Word97--0-12,原件/免征目录/mf_batch66.doc,05a5fce42de1c5412803fe6a7bb46d04c4d61cb71dc5d88a9b59a3e884350544,2023-06-08
1447,MR7005BEV17,cycle_backlog_exact_model,1,0,0,0,old-70-Word97--0-19,原件/免征目录/mf_batch70.doc,29b9f5df62602e114f0ed01426c185fdb15a654022cdf16d4df624bb736ed813,2023-10-18
1448,MR7008BEV01,cycle_backlog_exact_model,1,0,0,0,old-70-Word97--0-22,原件/免征目录/mf_batch70.doc,29b9f5df62602e114f0ed01426c185fdb15a654022cdf16d4df624bb736ed813,2023-10-18
1449,MR7008BEV02,cycle_backlog_exact_model,1,0,0,0,old-70-Word97--0-20,原件/免征目录/mf_batch70.doc,29b9f5df62602e114f0ed01426c185fdb15a654022cdf16d4df624bb736ed813,2023-10-18
1450,MSP2LR,cycle_backlog_exact_model,1,0,0,0,old-59-Word97--0-6,原件/免征目录/mf_batch59.doc,32738e2df847e0c74ff96d48b8a13e1dd9c31aee84b7c0a633e2d9c8a3e01f86,2022-10-10
1451,MSP2P,cycle_backlog_exact_model,1,0,0,0,old-59-Word97--0-5,原件/免征目录/mf_batch59.doc,32738e2df847e0c74ff96d48b8a13e1dd9c31aee84b7c0a633e2d9c8a3e01f86,2022-10-10
1452,MXP2LR,cycle_backlog_exact_model,1,0,0,0,old-59-Word97--0-4,原件/免征目录/mf_batch59.doc,32738e2df847e0c74ff96d48b8a13e1dd9c31aee84b7c0a633e2d9c8a3e01f86,2022-10-10
1453,MXP2P,cycle_backlog_exact_model,1,0,0,0,old-59-Word97--0-3,原件/免征目录/mf_batch59.doc,32738e2df847e0c74ff96d48b8a13e1dd9c31aee84b7c0a633e2d9c8a3e01f86,2022-10-10
1454,NEQ6440BEVS56A,cycle_backlog_exact_model,1,0,0,0,old-68-Word97--0-43,原件/免征目录/mf_batch68.doc,58113d08377020d08de0aeb0e08ff63c4a4411dbe35ad69cfdd6f82fdf0fcc77,2023-08-16
1455,NEQ6440BEVS56B,cycle_backlog_exact_model,1,0,0,0,old-70-Word97--0-44,原件/免征目录/mf_batch70.doc,29b9f5df62602e114f0ed01426c185fdb15a654022cdf16d4df624bb736ed813,2023-10-18
1456,NEQ6440BEVS56C,cycle_backlog_exact_model,1,0,0,0,old-68-Word97--0-42,原件/免征目录/mf_batch68.doc,58113d08377020d08de0aeb0e08ff63c4a4411dbe35ad69cfdd6f82fdf0fcc77,2023-08-16
1457,NEQ6440BEVS56D,cycle_backlog_exact_model,1,0,0,0,old-70-Word97--0-43,原件/免征目录/mf_batch70.doc,29b9f5df62602e114f0ed01426c185fdb15a654022cdf16d4df624bb736ed813,2023-10-18
1458,NEQ6460BEVS61A,cycle_backlog_exact_model,1,0,0,0,old-32-Word97--0-50,原件/免征目录/mf_batch32.doc,ad7c65b4831a05b7c70e1e73fe834aa9beed883c66f898e799fcbbeb43cc3d75,2020-06-02
1459,NEQ6460BEVS61B,cycle_backlog_exact_model,1,0,0,0,old-33-Word97--0-73,原件/免征目录/mf_batch33.doc,ff98fbb1708c47cdcfc1e79e7a1647e72a7ae6d4255dce3b250d661001340c09,2020-07-21
1460,NEQ6460BEVS61C,cycle_backlog_exact_model,1,0,0,0,old-35-Word97--0-18,原件/免征目录/mf_batch35.wps,e4a6abd0e50daa81d029f8b37584511354700e855dc89de210fcba782b0643f0,2020-09-21
1461,NEQ6460BEVS61D,cycle_backlog_exact_model,1,0,1,0,old-36-Word97--0-30,原件/免征目录/mf_batch36.doc,05cfcfd9136685ad6d6e13b8228cd123cca109c26f43a4c71472016b5a610a9f,2020-10-30
1462,NEQ6460BEVS61E,cycle_backlog_exact_model,1,0,1,0,old-42-Word97--0-35,原件/免征目录/mf_batch42.doc,fef4fd8ea19d773d368642e51a4bdb24c148530251a2240be4ff1358d5d41fab,2021-04-30
1463,NEQ6460BEVS61F,cycle_backlog_exact_model,1,0,0,0,old-46-Word97--0-37,原件/免征目录/mf_batch46.doc,a4b2048b3d5c29a8969f0348e9fd19a3293f0c23e6f37a48bf42a2ed70c7d37d,2021-09-10
1464,NEQ6470BEVS61,cycle_backlog_exact_model,1,0,0,0,old-64-Word97--0-41,原件/免征目录/mf_batch64.doc,c4e238989e7e40ec2c3a6a899ead170b4a745bc72546ba6fd4a5731d8890c6cb,2023-04-17
1465,NEQ6470BEVS61A,cycle_backlog_exact_model,1,0,0,0,old-71-Word97--0-57,原件/免征目录/mf_batch71.doc,b37b78b64b8ef7e12e6e95d6fd27a4a6e364c0c83ba403ffcf3bca82c60e3460,2023-11-20
1466,NEQ6470BEVS61B,cycle_backlog_exact_model,1,0,0,0,old-70-Word97--0-42,原件/免征目录/mf_batch70.doc,29b9f5df62602e114f0ed01426c185fdb15a654022cdf16d4df624bb736ed813,2023-10-18
1467,NEQ7000BEVJ60,cycle_backlog_exact_model,1,0,0,0,old-23-Word97--0-43,原件/免征目录/mf_batch23.docx,87f838de0da3ba5887f77b2bf5c1dbf5b427e7cef896309a7084c11dd8f5efa0,2019-03-13
1468,NEQ7000BEVJ60A,cycle_backlog_exact_model,1,0,0,0,old-25-Word97--0-39,原件/免征目录/mf_batch25.wps,9d2abe319463522513fe9c90f98bb8d0a825b599267d0b3cc403cec9624b3297,2019-06-12
1469,NEQ7000BEVJ60C,cycle_backlog_exact_model,1,0,0,0,old-33-Word97--0-74,原件/免征目录/mf_batch33.doc,ff98fbb1708c47cdcfc1e79e7a1647e72a7ae6d4255dce3b250d661001340c09,2020-07-21
1470,NEQ7000BEVJ60D,cycle_backlog_exact_model,1,0,0,0,old-35-Word97--0-19,原件/免征目录/mf_batch35.wps,e4a6abd0e50daa81d029f8b37584511354700e855dc89de210fcba782b0643f0,2020-09-21
1471,NEQ7000BEVJ60E,cycle_backlog_exact_model,1,0,1,0,old-50-Word97--0-33,原件/免征目录/mf_batch50.doc,3810672d92621612507384960254de602e629e75a308df22ee2291519445095e,2021-12-29
1472,NEQ7000BEVJ60F,cycle_backlog_exact_model,1,0,0,0,old-55-Word97--0-13,原件/免征目录/mf_batch55.doc,0457d0430e9e7f114c91341a715405c3933dd4783762cd74b9871e4918ba887f,2022-06-01
1473,NEQ7000BEVJ60H,cycle_backlog_exact_model,1,0,0,0,old-67-Word97--0-32,原件/免征目录/mf_batch67.doc,963a02fcc1f361414f4f003c6d63e00b178d0b962134ed2206c38978f3118101,2023-07-17
1474,NEQ7000BEVJ60J,cycle_backlog_exact_model,1,0,0,0,old-69-Word97--0-83,原件/免征目录/mf_batch69.doc,357d61a16c94488c9fdd761f393edb7029b05394ab06117abaebcba1a1e45546,2023-09-14
1475,NEQ7000BEVJ72,cycle_backlog_exact_model,1,0,0,0,old-23-Word97--0-44,原件/免征目录/mf_batch23.docx,87f838de0da3ba5887f77b2bf5c1dbf5b427e7cef896309a7084c11dd8f5efa0,2019-03-13
1476,NEQ7000BEVJ721,cycle_backlog_exact_model,1,0,1,0,old-55-Word97--0-14,原件/免征目录/mf_batch55.doc,0457d0430e9e7f114c91341a715405c3933dd4783762cd74b9871e4918ba887f,2022-06-01
1477,NEQ7000BEVJ722,cycle_backlog_exact_model,1,0,0,0,old-59-Word97--0-33,原件/免征目录/mf_batch59.doc,32738e2df847e0c74ff96d48b8a13e1dd9c31aee84b7c0a633e2d9c8a3e01f86,2022-10-10
1478,NEQ7000BEVJ723,cycle_backlog_exact_model,1,0,0,0,old-55-Word97--0-11,原件/免征目录/mf_batch55.doc,0457d0430e9e7f114c91341a715405c3933dd4783762cd74b9871e4918ba887f,2022-06-01
1479,NEQ7000BEVJ724,cycle_backlog_exact_model,1,0,0,0,old-55-Word97--0-7,原件/免征目录/mf_batch55.doc,0457d0430e9e7f114c91341a715405c3933dd4783762cd74b9871e4918ba887f,2022-06-01
1480,NEQ7000BEVJ725,cycle_backlog_exact_model,1,0,0,0,old-55-Word97--0-9,原件/免征目录/mf_batch55.doc,0457d0430e9e7f114c91341a715405c3933dd4783762cd74b9871e4918ba887f,2022-06-01
1481,NEQ7000BEVJ726,cycle_backlog_exact_model,1,0,0,0,old-58-Word97--0-7,原件/免征目录/mf_batch58.doc,b642358bb3078d2dde909a798935c0c1fc75d90f22b33f7c48aa87209acc100d,2022-09-16
1482,NEQ7000BEVJ727,cycle_backlog_exact_model,1,0,0,0,old-59-Word97--0-32,原件/免征目录/mf_batch59.doc,32738e2df847e0c74ff96d48b8a13e1dd9c31aee84b7c0a633e2d9c8a3e01f86,2022-10-10
1483,NEQ7000BEVJ728,cycle_backlog_exact_model,1,0,0,0,old-61-Word97--0-13,原件/免征目录/mf_batch61.doc,d360a77695ccf20f3c17a354a1dd02fc846a7ae8bd18b41492515881a7240b72,2022-12-19
1484,NEQ7000BEVJ72A,cycle_backlog_exact_model,1,0,0,0,old-22-Word97--0-59,原件/免征目录/mf_batch22.doc,eaf3fc1e64742af85b3d4bc90388d0a93154a497fd6c1fb9bf73b857672e1212,2018-12-18
1485,NEQ7000BEVJ72B,cycle_backlog_exact_model,1,0,0,0,old-23-Word97--0-45,原件/免征目录/mf_batch23.docx,87f838de0da3ba5887f77b2bf5c1dbf5b427e7cef896309a7084c11dd8f5efa0,2019-03-13
1486,NEQ7000BEVJ72D,cycle_backlog_exact_model,1,0,0,0,old-26-DOCX--0-24,原件/免征目录/mf_batch26.docx,de0890335ef3a4f1302a8a0735ec8b6aed52e994e2635db481820060d62248b5,2019-08-30
1487,NEQ7000BEVJ72E,cycle_backlog_exact_model,1,0,0,0,old-26-DOCX--0-25,原件/免征目录/mf_batch26.docx,de0890335ef3a4f1302a8a0735ec8b6aed52e994e2635db481820060d62248b5,2019-08-30
1488,NEQ7000BEVJ72F,cycle_backlog_exact_model,1,0,0,0,old-27-Word97--0-59,原件/免征目录/mf_batch27.doc,2bd67cf7e1efc03ae93942d0d340ffef87478709520383b6ee4d08baf843ead1,2019-10-25
1489,NEQ7000BEVJ72G,cycle_backlog_exact_model,1,0,0,0,old-27-Word97--0-60,原件/免征目录/mf_batch27.doc,2bd67cf7e1efc03ae93942d0d340ffef87478709520383b6ee4d08baf843ead1,2019-10-25
1490,NEQ7000BEVJ72H,cycle_backlog_exact_model,1,0,0,0,old-31-Word97--0-25,原件/免征目录/mf_batch31.doc,e1ccec4a87ab96ca346e5756d6b14369eb9727ec2c2cfd03c1182a592ddd3bee,2020-04-24
1491,NEQ7000BEVJ72J,cycle_backlog_exact_model,1,0,0,0,old-30-Word97--0-35,原件/免征目录/mf_batch30.doc,e7fa3b47858ec2035b8055bc15be00b2b26920a5e8d3cad481058a80b92ead24,2020-03-13
1492,NEQ7000BEVJ72L,cycle_backlog_exact_model,1,0,0,0,old-31-Word97--0-26,原件/免征目录/mf_batch31.doc,e1ccec4a87ab96ca346e5756d6b14369eb9727ec2c2cfd03c1182a592ddd3bee,2020-04-24
1493,NEQ7000BEVJ72M,cycle_backlog_exact_model,1,0,0,0,old-31-Word97--0-27,原件/免征目录/mf_batch31.doc,e1ccec4a87ab96ca346e5756d6b14369eb9727ec2c2cfd03c1182a592ddd3bee,2020-04-24
1494,NEQ7000BEVJ72N,cycle_backlog_exact_model,1,0,0,0,old-35-Word97--0-20,原件/免征目录/mf_batch35.wps,e4a6abd0e50daa81d029f8b37584511354700e855dc89de210fcba782b0643f0,2020-09-21
1495,NEQ7000BEVJ72P,cycle_backlog_exact_model,1,0,1,0,old-35-Word97--0-21,原件/免征目录/mf_batch35.wps,e4a6abd0e50daa81d029f8b37584511354700e855dc89de210fcba782b0643f0,2020-09-21
1496,NEQ7000BEVJ72Q,cycle_backlog_exact_model,1,0,1,0,old-37-Word97--0-19,原件/免征目录/mf_batch37.doc,136057faede292d8070763e326c8dbdcddf3790653cc6879a13758f91556881f,2020-11-30
1497,NEQ7000BEVJ72R,cycle_backlog_exact_model,1,0,0,0,old-37-Word97--0-20,原件/免征目录/mf_batch37.doc,136057faede292d8070763e326c8dbdcddf3790653cc6879a13758f91556881f,2020-11-30
1498,NEQ7000BEVJ72S,cycle_backlog_exact_model,1,0,0,0,old-42-Word97--0-34,原件/免征目录/mf_batch42.doc,fef4fd8ea19d773d368642e51a4bdb24c148530251a2240be4ff1358d5d41fab,2021-04-30
1499,NEQ7000BEVJ72T,cycle_backlog_exact_model,1,0,1,0,old-44-Word97--0-38,原件/免征目录/mf_batch44.doc,aea30846204f4e55c0d969450f1619e1649eb27f471d5b0a2636d0da77eb0611,2021-07-12
1500,NEQ7000BEVJ72U,cycle_backlog_exact_model,1,0,1,0,old-49-Word97--0-17,原件/免征目录/mf_batch49.doc,c7a56509a4d9272982da0abc9d1ea213ee1fbea3d0f1edad124630c9b5e3474e,2021-12-08
1501,NEQ7000BEVJ72V,cycle_backlog_exact_model,1,0,0,0,old-51-Word97--0-16,原件/免征目录/mf_batch51.doc,35411ca0ab3ef42915600b148fca6fe76bcb86f5dc3812f71d74f3ebda125ce6,2022-01-29
1502,NEQ7000BEVJ72W,cycle_backlog_exact_model,1,0,1,0,old-55-Word97--0-12,原件/免征目录/mf_batch55.doc,0457d0430e9e7f114c91341a715405c3933dd4783762cd74b9871e4918ba887f,2022-06-01
1503,NEQ7000BEVJ72X,cycle_backlog_exact_model,1,0,1,0,old-55-Word97--0-15,原件/免征目录/mf_batch55.doc,0457d0430e9e7f114c91341a715405c3933dd4783762cd74b9871e4918ba887f,2022-06-01
1504,NEQ7000BEVJ72Y,cycle_backlog_exact_model,1,0,1,0,old-55-Word97--0-10,原件/免征目录/mf_batch55.doc,0457d0430e9e7f114c91341a715405c3933dd4783762cd74b9871e4918ba887f,2022-06-01
1505,NEQ7000BEVJ72Z,cycle_backlog_exact_model,1,0,0,0,old-55-Word97--0-8,原件/免征目录/mf_batch55.doc,0457d0430e9e7f114c91341a715405c3933dd4783762cd74b9871e4918ba887f,2022-06-01
1506,NEQ7000BEVJH11A,cycle_backlog_exact_model,1,0,1,0,old-46-Word97--0-34,原件/免征目录/mf_batch46.doc,a4b2048b3d5c29a8969f0348e9fd19a3293f0c23e6f37a48bf42a2ed70c7d37d,2021-09-10
1507,NEQ7000BEVJH11B,cycle_backlog_exact_model,1,0,0,0,old-46-Word97--0-33,原件/免征目录/mf_batch46.doc,a4b2048b3d5c29a8969f0348e9fd19a3293f0c23e6f37a48bf42a2ed70c7d37d,2021-09-10
1508,NEQ7000BEVJH11C,cycle_backlog_exact_model,1,0,0,0,old-46-Word97--0-36,原件/免征目录/mf_batch46.doc,a4b2048b3d5c29a8969f0348e9fd19a3293f0c23e6f37a48bf42a2ed70c7d37d,2021-09-10
1509,NEQ7000BEVJH11D,cycle_backlog_exact_model,1,0,1,0,old-46-Word97--0-35,原件/免征目录/mf_batch46.doc,a4b2048b3d5c29a8969f0348e9fd19a3293f0c23e6f37a48bf42a2ed70c7d37d,2021-09-10
1510,NEQ7000BEVJH11E,cycle_backlog_exact_model,1,0,0,0,old-47-Word97--0-31,原件/免征目录/mf_batch47.doc,fb4517fe8220b10bc435a77a5328df13c732c70b335942dfad0ae9394affe9b4,2021-09-30
1511,NEQ7000BEVJH11F,cycle_backlog_exact_model,1,0,0,0,old-47-Word97--0-30,原件/免征目录/mf_batch47.doc,fb4517fe8220b10bc435a77a5328df13c732c70b335942dfad0ae9394affe9b4,2021-09-30
1512,NEQ7000BEVJH11G,cycle_backlog_exact_model,1,0,1,0,old-56-Word97--0-18,原件/免征目录/mf_batch56.doc,cbffdc0819640e8f18c11a2a277b26b2e043c81406533457ff225f4df1c6c068,2022-07-08
1513,NEQ7000BEVJH11H,cycle_backlog_exact_model,1,0,0,0,old-61-Word97--0-15,原件/免征目录/mf_batch61.doc,d360a77695ccf20f3c17a354a1dd02fc846a7ae8bd18b41492515881a7240b72,2022-12-19
1514,NEQ7000BEVJH11J,cycle_backlog_exact_model,1,0,0,0,old-61-Word97--0-14,原件/免征目录/mf_batch61.doc,d360a77695ccf20f3c17a354a1dd02fc846a7ae8bd18b41492515881a7240b72,2022-12-19
1515,NEQ7000BEVJH11K,cycle_backlog_exact_model,1,0,0,0,old-67-Word97--0-33,原件/免征目录/mf_batch67.doc,963a02fcc1f361414f4f003c6d63e00b178d0b962134ed2206c38978f3118101,2023-07-17
1516,NEQ7000BEVJH11L,cycle_backlog_exact_model,1,0,0,0,old-67-Word97--0-31,原件/免征目录/mf_batch67.doc,963a02fcc1f361414f4f003c6d63e00b178d0b962134ed2206c38978f3118101,2023-07-17
1517,NEQ7000BEVJH11M,cycle_backlog_exact_model,1,0,0,0,old-68-Word97--0-41,原件/免征目录/mf_batch68.doc,58113d08377020d08de0aeb0e08ff63c4a4411dbe35ad69cfdd6f82fdf0fcc77,2023-08-16
1518,NEQ7000BEVJH11N,cycle_backlog_exact_model,1,0,0,0,old-68-Word97--0-40,原件/免征目录/mf_batch68.doc,58113d08377020d08de0aeb0e08ff63c4a4411dbe35ad69cfdd6f82fdf0fcc77,2023-08-16
1519,NEQ7000BEVJH11P,cycle_backlog_exact_model,1,0,0,0,old-69-Word97--0-84,原件/免征目录/mf_batch69.doc,357d61a16c94488c9fdd761f393edb7029b05394ab06117abaebcba1a1e45546,2023-09-14
1520,NEQ7000BEVQL01,cycle_backlog_exact_model,1,0,0,0,old-46-Word97--0-38,原件/免征目录/mf_batch46.doc,a4b2048b3d5c29a8969f0348e9fd19a3293f0c23e6f37a48bf42a2ed70c7d37d,2021-09-10
1521,NEQ7000BEVQL01A,cycle_backlog_exact_model,1,0,0,0,old-44-Word97--0-33,原件/免征目录/mf_batch44.doc,aea30846204f4e55c0d969450f1619e1649eb27f471d5b0a2636d0da77eb0611,2021-07-12
1522,NEQ7000BEVQL01B,cycle_backlog_exact_model,1,0,0,0,old-44-Word97--0-34,原件/免征目录/mf_batch44.doc,aea30846204f4e55c0d969450f1619e1649eb27f471d5b0a2636d0da77eb0611,2021-07-12
1523,NEQ7000BEVQL01C,cycle_backlog_exact_model,1,0,0,0,old-44-Word97--0-37,原件/免征目录/mf_batch44.doc,aea30846204f4e55c0d969450f1619e1649eb27f471d5b0a2636d0da77eb0611,2021-07-12
1524,NEQ7000BEVRT01,cycle_backlog_exact_model,1,0,0,0,old-44-Word97--0-35,原件/免征目录/mf_batch44.doc,aea30846204f4e55c0d969450f1619e1649eb27f471d5b0a2636d0da77eb0611,2021-07-12
1525,NEQ7000BEVSH61,cycle_backlog_exact_model,1,0,0,0,old-65-Word97--0-48,原件/免征目录/mf_batch65.doc,06a6a578a9a60516a845bc92deac49954438a789e9e4a7cf3cd140f256d9b13d,2023-05-09
1526,NEQ7000SEVJ60,cycle_backlog_exact_model,1,0,0,0,old-44-Word97--0-36,原件/免征目录/mf_batch44.doc,aea30846204f4e55c0d969450f1619e1649eb27f471d5b0a2636d0da77eb0611,2021-07-12
1527,NEQ7001BEVJ72,cycle_backlog_exact_model,1,0,0,0,old-67-Word97--0-30,原件/免征目录/mf_batch67.doc,963a02fcc1f361414f4f003c6d63e00b178d0b962134ed2206c38978f3118101,2023-07-17
1528,NEQ7001BEVJ72A,cycle_backlog_exact_model,1,0,0,0,old-67-Word97--0-35,原件/免征目录/mf_batch67.doc,963a02fcc1f361414f4f003c6d63e00b178d0b962134ed2206c38978f3118101,2023-07-17
1529,NEQ7001BEVJ72B,cycle_backlog_exact_model,1,0,0,0,old-67-Word97--0-34,原件/免征目录/mf_batch67.doc,963a02fcc1f361414f4f003c6d63e00b178d0b962134ed2206c38978f3118101,2023-07-17
1530,NEQ7001BEVJ72C,cycle_backlog_exact_model,1,0,0,0,old-71-Word97--0-59,原件/免征目录/mf_batch71.doc,b37b78b64b8ef7e12e6e95d6fd27a4a6e364c0c83ba403ffcf3bca82c60e3460,2023-11-20
1531,NEQ7001BEVJ72D,cycle_backlog_exact_model,1,0,0,0,old-71-Word97--0-58,原件/免征目录/mf_batch71.doc,b37b78b64b8ef7e12e6e95d6fd27a4a6e364c0c83ba403ffcf3bca82c60e3460,2023-11-20
1532,NHQ6490BEVGH,cycle_backlog_exact_model,1,0,0,0,old-56-Word97--0-8,原件/免征目录/mf_batch56.doc,cbffdc0819640e8f18c11a2a277b26b2e043c81406533457ff225f4df1c6c068,2022-07-08
1533,NHQ6490BEVGK,cycle_backlog_exact_model,1,0,0,0,old-56-Word97--0-9,原件/免征目录/mf_batch56.doc,cbffdc0819640e8f18c11a2a277b26b2e043c81406533457ff225f4df1c6c068,2022-07-08
1534,NHQ7000BEVDA,cycle_backlog_exact_model,1,0,0,0,old-44-Word97--0-43,原件/免征目录/mf_batch44.doc,aea30846204f4e55c0d969450f1619e1649eb27f471d5b0a2636d0da77eb0611,2021-07-12
1535,NHQ7000BEVDC,cycle_backlog_exact_model,1,0,0,0,old-47-Word97--0-34,原件/免征目录/mf_batch47.doc,fb4517fe8220b10bc435a77a5328df13c732c70b335942dfad0ae9394affe9b4,2021-09-30
1536,NHQ7000BEVDF,cycle_backlog_exact_model,1,0,0,0,old-46-Word97--0-42,原件/免征目录/mf_batch46.doc,a4b2048b3d5c29a8969f0348e9fd19a3293f0c23e6f37a48bf42a2ed70c7d37d,2021-09-10
1537,NHQ7000BEVDK,cycle_backlog_exact_model,1,0,0,0,old-46-Word97--0-43,原件/免征目录/mf_batch46.doc,a4b2048b3d5c29a8969f0348e9fd19a3293f0c23e6f37a48bf42a2ed70c7d37d,2021-09-10
1538,NHQ7000BEVDL,cycle_backlog_exact_model,1,0,0,0,old-46-Word97--0-44,原件/免征目录/mf_batch46.doc,a4b2048b3d5c29a8969f0348e9fd19a3293f0c23e6f37a48bf42a2ed70c7d37d,2021-09-10
1539,NHQ7000BEVDP,cycle_backlog_exact_model,1,0,0,0,old-45-Word97--0-46,原件/免征目录/mf_batch45.doc,56f5e7c5fd36e990024f8121006a76da260361f4e4660846e78255d007126f7a,2021-08-10
1540,NHQ7000BEVDQ,cycle_backlog_exact_model,1,0,0,0,old-45-Word97--0-51,原件/免征目录/mf_batch45.doc,56f5e7c5fd36e990024f8121006a76da260361f4e4660846e78255d007126f7a,2021-08-10
1541,NHQ7000BEVDR,cycle_backlog_exact_model,1,0,0,0,old-45-Word97--0-50,原件/免征目录/mf_batch45.doc,56f5e7c5fd36e990024f8121006a76da260361f4e4660846e78255d007126f7a,2021-08-10
1542,NHQ7000BEVDS,cycle_backlog_exact_model,1,0,0,0,old-46-Word97--0-46,原件/免征目录/mf_batch46.doc,a4b2048b3d5c29a8969f0348e9fd19a3293f0c23e6f37a48bf42a2ed70c7d37d,2021-09-10
1543,NHQ7000BEVDT,cycle_backlog_exact_model,1,0,0,0,old-45-Word97--0-47,原件/免征目录/mf_batch45.doc,56f5e7c5fd36e990024f8121006a76da260361f4e4660846e78255d007126f7a,2021-08-10
1544,NHQ7000BEVDU,cycle_backlog_exact_model,1,0,0,0,old-45-Word97--0-49,原件/免征目录/mf_batch45.doc,56f5e7c5fd36e990024f8121006a76da260361f4e4660846e78255d007126f7a,2021-08-10
1545,NHQ7000BEVDV,cycle_backlog_exact_model,1,0,0,0,old-45-Word97--0-48,原件/免征目录/mf_batch45.doc,56f5e7c5fd36e990024f8121006a76da260361f4e4660846e78255d007126f7a,2021-08-10
1546,NHQ7000BEVEA,cycle_backlog_exact_model,1,0,0,0,old-33-Word97--0-62,原件/免征目录/mf_batch33.doc,ff98fbb1708c47cdcfc1e79e7a1647e72a7ae6d4255dce3b250d661001340c09,2020-07-21
1547,NHQ7000BEVEB,cycle_backlog_exact_model,1,0,0,0,old-33-Word97--0-63,原件/免征目录/mf_batch33.doc,ff98fbb1708c47cdcfc1e79e7a1647e72a7ae6d4255dce3b250d661001340c09,2020-07-21
1548,NHQ7000BEVEC,cycle_backlog_exact_model,1,0,0,0,old-33-Word97--0-64,原件/免征目录/mf_batch33.doc,ff98fbb1708c47cdcfc1e79e7a1647e72a7ae6d4255dce3b250d661001340c09,2020-07-21
1549,NHQ7000BEVED,cycle_backlog_exact_model,1,0,0,0,old-33-Word97--0-65,原件/免征目录/mf_batch33.doc,ff98fbb1708c47cdcfc1e79e7a1647e72a7ae6d4255dce3b250d661001340c09,2020-07-21
1550,NHQ7000BEVEE,cycle_backlog_exact_model,1,0,0,0,old-41-Word97--0-27,原件/免征目录/mf_batch41.doc,ba4634c0877ebf99f8e462013e4a07e40f57478a4aaf921801a6c85a49c42b7f,2021-03-31
1551,NHQ7000BEVEF,cycle_backlog_exact_model,1,0,0,0,old-47-Word97--0-33,原件/免征目录/mf_batch47.doc,fb4517fe8220b10bc435a77a5328df13c732c70b335942dfad0ae9394affe9b4,2021-09-30
1552,NHQ7000BEVEG,cycle_backlog_exact_model,1,0,0,0,old-46-Word97--0-45,原件/免征目录/mf_batch46.doc,a4b2048b3d5c29a8969f0348e9fd19a3293f0c23e6f37a48bf42a2ed70c7d37d,2021-09-10
1553,NHQ7000BEVEH,cycle_backlog_exact_model,1,0,0,0,old-53-Word97--0-6,原件/免征目录/mf_batch53.doc,a1f426ff77c80bce4d153fbfb6d01a7b6c6c87539f52ac4643edb7b060e21d2a,2022-04-08
1554,NJL6420BEV4,cycle_backlog_exact_model,1,0,0,0,old-20-DOCX--0-37,原件/免征目录/mf_batch20.docx,374d3f87551d75d1c163e76abb38f350ea93f8a2b8cad6174568c307d1cc0130,2018-09-19
1555,NJL6420BEV5,cycle_backlog_exact_model,1,0,0,0,old-20-DOCX--0-38,原件/免征目录/mf_batch20.docx,374d3f87551d75d1c163e76abb38f350ea93f8a2b8cad6174568c307d1cc0130,2018-09-19
1556,NJL6420BEV8,cycle_backlog_exact_model,1,0,0,0,old-20-DOCX--0-40,原件/免征目录/mf_batch20.docx,374d3f87551d75d1c163e76abb38f350ea93f8a2b8cad6174568c307d1cc0130,2018-09-19
1557,NJL6420EV,cycle_backlog_exact_model,1,0,0,0,old-25-Word97--0-26,原件/免征目录/mf_batch25.wps,9d2abe319463522513fe9c90f98bb8d0a825b599267d0b3cc403cec9624b3297,2019-06-12
1558,NJL6420EV1,cycle_backlog_exact_model,1,0,0,0,old-25-Word97--0-27,原件/免征目录/mf_batch25.wps,9d2abe319463522513fe9c90f98bb8d0a825b599267d0b3cc403cec9624b3297,2019-06-12
1559,NJL6420EV9,cycle_backlog_exact_model,1,0,0,0,old-25-Word97--0-28,原件/免征目录/mf_batch25.wps,9d2abe319463522513fe9c90f98bb8d0a825b599267d0b3cc403cec9624b3297,2019-06-12
1560,NJL6450EV,cycle_backlog_exact_model,1,0,0,0,old-30-Word97--0-24,原件/免征目录/mf_batch30.doc,e7fa3b47858ec2035b8055bc15be00b2b26920a5e8d3cad481058a80b92ead24,2020-03-13
1561,NJL6470BEV400,cycle_backlog_exact_model,1,0,0,0,old-32-Word97--0-36,原件/免征目录/mf_batch32.doc,ad7c65b4831a05b7c70e1e73fe834aa9beed883c66f898e799fcbbeb43cc3d75,2020-06-02
1562,NJL6470BEV500,cycle_backlog_exact_model,1,0,0,0,old-32-Word97--0-37,原件/免征目录/mf_batch32.doc,ad7c65b4831a05b7c70e1e73fe834aa9beed883c66f898e799fcbbeb43cc3d75,2020-06-02
1563,NJL6470BEV600,cycle_backlog_exact_model,1,0,0,0,old-51-Word97--0-14,原件/免征目录/mf_batch51.doc,35411ca0ab3ef42915600b148fca6fe76bcb86f5dc3812f71d74f3ebda125ce6,2022-01-29
1564,NJL6471BEV400,cycle_backlog_exact_model,1,0,0,0,old-32-Word97--0-38,原件/免征目录/mf_batch32.doc,ad7c65b4831a05b7c70e1e73fe834aa9beed883c66f898e799fcbbeb43cc3d75,2020-06-02
1565,NJL6471BEV500,cycle_backlog_exact_model,1,0,0,0,old-57-Word97--0-10,原件/免征目录/mf_batch57.doc,96d9708a19952b23d71fc40e9976a33ae30ca118226a032954a93ab36f355f21,2022-08-10
1566,NJL6472BEV400,cycle_backlog_exact_model,1,0,0,0,old-58-Word97--0-5,原件/免征目录/mf_batch58.doc,b642358bb3078d2dde909a798935c0c1fc75d90f22b33f7c48aa87209acc100d,2022-09-16
1567,NJL6473BEV400,cycle_backlog_exact_model,1,0,0,0,old-69-Word97--0-79,原件/免征目录/mf_batch69.doc,357d61a16c94488c9fdd761f393edb7029b05394ab06117abaebcba1a1e45546,2023-09-14
1568,QAC6461BEVAA,cycle_backlog_exact_model,1,0,0,0,mf29-t0-r21,原件/mf_batch29.doc,8d24a01958cc6d44fa7826ecbb6a76869b9a0f2c98b97597d57af02932f2afaf,2019-12-27
1569,QAC6461BEVAB,cycle_backlog_exact_model,1,0,0,0,old-33-Word97--0-55,原件/免征目录/mf_batch33.doc,ff98fbb1708c47cdcfc1e79e7a1647e72a7ae6d4255dce3b250d661001340c09,2020-07-21
1570,QAC6461BEVAC,cycle_backlog_exact_model,1,0,0,0,old-37-Word97--0-37,原件/免征目录/mf_batch37.doc,136057faede292d8070763e326c8dbdcddf3790653cc6879a13758f91556881f,2020-11-30
1571,QAL7000EAABEV,cycle_backlog_exact_model,1,0,0,0,old-22-Word97--0-51,原件/免征目录/mf_batch22.doc,eaf3fc1e64742af85b3d4bc90388d0a93154a497fd6c1fb9bf73b857672e1212,2018-12-18
1572,QAL70015A3BEV,cycle_backlog_exact_model,1,0,0,0,old-61-Word97--0-7,原件/免征目录/mf_batch61.doc,d360a77695ccf20f3c17a354a1dd02fc846a7ae8bd18b41492515881a7240b72,2022-12-19
1573,QCJ6490SBEV,cycle_backlog_exact_model,1,0,0,0,old-27-Word97--0-28,原件/免征目录/mf_batch27.doc,2bd67cf7e1efc03ae93942d0d340ffef87478709520383b6ee4d08baf843ead1,2019-10-25
1574,QCJ6490SBEV1,cycle_backlog_exact_model,1,0,0,0,old-28-Word97--0-9,原件/免征目录/mf_batch28.doc,dfe1b301a5e8373e94e0e4a2fccee3d258c56bb662e4928764a71274142acd72,2019-12-10
1575,QCJ7006BEVF,cycle_backlog_exact_model,1,0,0,0,old-01-PDF-grid-1-0-7,原件/免征目录/mf_batch01.pdf,eac13628c37f01c4da157a2d1916d97acc81fdc295f18e1783549075ce7e5aa7,2014-08-27
1576,QCJ7007BEV,cycle_backlog_exact_model,1,0,0,0,old-01-PDF-grid-1-0-8,原件/免征目录/mf_batch01.pdf,eac13628c37f01c4da157a2d1916d97acc81fdc295f18e1783549075ce7e5aa7,2014-08-27
1577,QCJ7007BEV1,cycle_backlog_exact_model,1,0,0,0,old-09-PDF-grid-1-0-18,原件/免征目录/mf_batch09.pdf,7eea7200c04fefec34f6ae6db5a1bae77f82a534348f266e95575cae051c8c8c,2016-12-06
1578,QCJ7007BEV2,cycle_backlog_exact_model,1,0,0,0,old-09-PDF-grid-1-0-17,原件/免征目录/mf_batch09.pdf,7eea7200c04fefec34f6ae6db5a1bae77f82a534348f266e95575cae051c8c8c,2016-12-06
1579,QCJ7007BEV3,cycle_backlog_exact_model,1,0,0,0,old-17-PDF-grid-1-0-10,原件/免征目录/mf_batch17.pdf,577a4ba9c586fe08565f6a60e6de5474698031566d8dcef484cd44335879e334,2018-04-16
1580,QCJ7007BEV4,cycle_backlog_exact_model,1,0,0,0,old-18-Word97--0-26,原件/免征目录/mf_batch18.doc,43f5426f7f80996ee11a894710d7229c743abf7ad69ba239f61075e0a9ddd37a,2018-06-19
1581,QTE7000BEV02,cycle_backlog_exact_model,1,0,1,0,old-19-DOCX--0-41,原件/免征目录/mf_batch19.docx,fafd1558aa0f21067847c19bdd0a95c79b919737be7b07b87c4538107fb2b8e3,2018-07-31
1582,RG3EV4WD,cycle_backlog_exact_model,1,0,0,0,old-53-Word97--0-2,原件/免征目录/mf_batch53.doc,a1f426ff77c80bce4d153fbfb6d01a7b6c6c87539f52ac4643edb7b060e21d2a,2022-04-08
1583,RSETRONGTFWSBL1WQ6C0,cycle_backlog_exact_model,1,0,0,0,old-59-Word97--0-7,原件/免征目录/mf_batch59.doc,32738e2df847e0c74ff96d48b8a13e1dd9c31aee84b7c0a633e2d9c8a3e01f86,2022-10-10
1584,RX6490SEV01,cycle_backlog_exact_model,1,0,0,0,old-46-Word97--0-47,原件/免征目录/mf_batch46.doc,a4b2048b3d5c29a8969f0348e9fd19a3293f0c23e6f37a48bf42a2ed70c7d37d,2021-09-10
1585,RX6490SEV02,cycle_backlog_exact_model,1,0,0,0,old-48-Word97--0-37,原件/免征目录/mf_batch48.doc,ee5aa19736215cfcb3b76ffff90bcd0d9108c61758ccb756f7d4ad17e75a835c,2021-11-05
1586,S100D5,cycle_backlog_exact_model,1,0,0,0,old-26-DOCX--0-72,原件/免征目录/mf_batch26.docx,de0890335ef3a4f1302a8a0735ec8b6aed52e994e2635db481820060d62248b5,2019-08-30
1587,S75D5,cycle_backlog_exact_model,1,0,0,0,old-26-DOCX--0-73,原件/免征目录/mf_batch26.docx,de0890335ef3a4f1302a8a0735ec8b6aed52e994e2635db481820060d62248b5,2019-08-30
1588,SC6388AVBEV,cycle_backlog_exact_model,1,0,0,0,old-10-PDF-grid-3-0-10,原件/免征目录/mf_batch10.pdf,ac1b1ad2605b4f24762fb1f01cea64b685393577d01648618fa1882bb5700ac3,2017-04-27
1589,SC6388BVBEV,cycle_backlog_exact_model,1,0,0,0,old-10-PDF-grid-3-0-12,原件/免征目录/mf_batch10.pdf,ac1b1ad2605b4f24762fb1f01cea64b685393577d01648618fa1882bb5700ac3,2017-04-27
1590,SC6388CVBEV,cycle_backlog_exact_model,1,0,0,0,old-14-Word97--0-27,原件/免征目录/mf_batch14.docx,6a48764b5ccb7c4ffa6f54daa44d3a42095b8a981fc982e774ddaaded41e9921,2017-12-05
1591,SC6443NBEV,cycle_backlog_exact_model,1,0,0,0,old-17-PDF-grid-2-0-6,原件/免征目录/mf_batch17.pdf,577a4ba9c586fe08565f6a60e6de5474698031566d8dcef484cd44335879e334,2018-04-16
1592,SC6443PAABEV,cycle_backlog_exact_model,1,0,0,0,old-37-Word97--0-29,原件/免征目录/mf_batch37.doc,136057faede292d8070763e326c8dbdcddf3790653cc6879a13758f91556881f,2020-11-30
1593,SC6453BAABEV,cycle_backlog_exact_model,1,0,0,0,old-28-Word97--0-6,原件/免征目录/mf_batch28.doc,dfe1b301a5e8373e94e0e4a2fccee3d258c56bb662e4928764a71274142acd72,2019-12-10
1594,SC6453BABBEV,cycle_backlog_exact_model,1,0,0,0,old-50-Word97--0-27,原件/免征目录/mf_batch50.doc,3810672d92621612507384960254de602e629e75a308df22ee2291519445095e,2021-12-29
1595,SC6453BBABEV,cycle_backlog_exact_model,1,0,1,0,old-55-Word97--0-19,原件/免征目录/mf_batch55.doc,0457d0430e9e7f114c91341a715405c3933dd4783762cd74b9871e4918ba887f,2022-06-01
1596,SC6453BBBBEV,cycle_backlog_exact_model,1,0,1,0,old-55-Word97--0-20,原件/免征目录/mf_batch55.doc,0457d0430e9e7f114c91341a715405c3933dd4783762cd74b9871e4918ba887f,2022-06-01
1597,SC6458ACBEV,cycle_backlog_exact_model,1,0,0,0,old-15-PDF-grid-2-0-3,原件/免征目录/mf_batch15.pdf,bbb3b1e38c535c13d6ef1bc1f4105509476c91a7e63723dc7a70e372904d90f4,2017-12-19
1598,SC6458AGBEV,cycle_backlog_exact_model,1,0,0,0,old-20-DOCX--0-85,原件/免征目录/mf_batch20.docx,374d3f87551d75d1c163e76abb38f350ea93f8a2b8cad6174568c307d1cc0130,2018-09-19
1599,SC6458AHBEV,cycle_backlog_exact_model,1,0,0,0,old-22-Word97--0-43,原件/免征目录/mf_batch22.doc,eaf3fc1e64742af85b3d4bc90388d0a93154a497fd6c1fb9bf73b857672e1212,2018-12-18
1600,SC6458AJBEV,cycle_backlog_exact_model,1,0,0,0,old-23-Word97--0-67,原件/免征目录/mf_batch23.docx,87f838de0da3ba5887f77b2bf5c1dbf5b427e7cef896309a7084c11dd8f5efa0,2019-03-13
1601,SC6458FAABEV,cycle_backlog_exact_model,1,0,0,0,old-24-Word97--4-18,原件/免征目录/mf_batch24.wps,07775a0cb063fe0fce5880b9378dd1eb2522b725d645cabdee314d604779939d,2019-04-30
1602,SC6458FAEBEV,cycle_backlog_exact_model,1,0,0,0,old-46-Word97--0-10,原件/免征目录/mf_batch46.doc,a4b2048b3d5c29a8969f0348e9fd19a3293f0c23e6f37a48bf42a2ed70c7d37d,2021-09-10
1603,SC6459ABEV,cycle_backlog_exact_model,1,0,0,0,old-17-PDF-grid-2-0-7,原件/免征目录/mf_batch17.pdf,577a4ba9c586fe08565f6a60e6de5474698031566d8dcef484cd44335879e334,2018-04-16
1604,SC6471EAEBEV,cycle_backlog_exact_model,1,0,1,0,old-62-Word97--0-57,原件/免征目录/mf_batch62.doc,7694ac7207998b6af7c895cdd2c1d752421df436d4b28f83195261dd47f6509c,2023-02-20
1605,SC6478AABBEV,cycle_backlog_exact_model,1,0,0,0,old-27-Word97--0-36,原件/免征目录/mf_batch27.doc,2bd67cf7e1efc03ae93942d0d340ffef87478709520383b6ee4d08baf843ead1,2019-10-25
1606,SC6483AAABEV,cycle_backlog_exact_model,1,0,0,0,old-45-Word97--0-17,原件/免征目录/mf_batch45.doc,56f5e7c5fd36e990024f8121006a76da260361f4e4660846e78255d007126f7a,2021-08-10
1607,SC6483ABABEV,cycle_backlog_exact_model,1,0,1,0,old-55-Word97--0-18,原件/免征目录/mf_batch55.doc,0457d0430e9e7f114c91341a715405c3933dd4783762cd74b9871e4918ba887f,2022-06-01
1608,SC6483ABBBEV,cycle_backlog_exact_model,1,0,1,0,old-55-Word97--0-17,原件/免征目录/mf_batch55.doc,0457d0430e9e7f114c91341a715405c3933dd4783762cd74b9871e4918ba887f,2022-06-01
1609,SC6484AAABEV,cycle_backlog_exact_model,1,0,0,0,old-30-Word97--0-78,原件/免征目录/mf_batch30.doc,e7fa3b47858ec2035b8055bc15be00b2b26920a5e8d3cad481058a80b92ead24,2020-03-13
1610,SC6491EBABEV,cycle_backlog_exact_model,1,0,0,0,old-53-Word97--0-33,原件/免征目录/mf_batch53.doc,a1f426ff77c80bce4d153fbfb6d01a7b6c6c87539f52ac4643edb7b060e21d2a,2022-04-08
1611,SC6491EBBBEV,cycle_backlog_exact_model,1,0,0,0,old-56-Word97--0-44,原件/免征目录/mf_batch56.doc,cbffdc0819640e8f18c11a2a277b26b2e043c81406533457ff225f4df1c6c068,2022-07-08
1612,SC6491EBCBEV,cycle_backlog_exact_model,1,0,0,0,old-56-Word97--0-43,原件/免征目录/mf_batch56.doc,cbffdc0819640e8f18c11a2a277b26b2e043c81406533457ff225f4df1c6c068,2022-07-08
1613,SC6491EBEBEV,cycle_backlog_exact_model,1,0,0,0,old-57-Word97--0-43,原件/免征目录/mf_batch57.doc,96d9708a19952b23d71fc40e9976a33ae30ca118226a032954a93ab36f355f21,2022-08-10
1614,SC6491ECABEV,cycle_backlog_exact_model,1,0,0,0,old-59-Word97--0-65,原件/免征目录/mf_batch59.doc,32738e2df847e0c74ff96d48b8a13e1dd9c31aee84b7c0a633e2d9c8a3e01f86,2022-10-10
1615,SC6491ECBBEV,cycle_backlog_exact_model,1,0,0,0,old-61-Word97--0-55,原件/免征目录/mf_batch61.doc,d360a77695ccf20f3c17a354a1dd02fc846a7ae8bd18b41492515881a7240b72,2022-12-19
1616,SC6491ECFBEV,cycle_backlog_exact_model,1,0,0,0,old-69-Word97--0-64,原件/免征目录/mf_batch69.doc,357d61a16c94488c9fdd761f393edb7029b05394ab06117abaebcba1a1e45546,2023-09-14
1617,SC6491ECGBEV,cycle_backlog_exact_model,1,0,0,0,old-69-Word97--0-67,原件/免征目录/mf_batch69.doc,357d61a16c94488c9fdd761f393edb7029b05394ab06117abaebcba1a1e45546,2023-09-14
1618,SC6491ECHBEV,cycle_backlog_exact_model,1,0,0,0,old-69-Word97--0-66,原件/免征目录/mf_batch69.doc,357d61a16c94488c9fdd761f393edb7029b05394ab06117abaebcba1a1e45546,2023-09-14
1619,SC6491ECJBEV,cycle_backlog_exact_model,1,0,0,0,old-69-Word97--0-65,原件/免征目录/mf_batch69.doc,357d61a16c94488c9fdd761f393edb7029b05394ab06117abaebcba1a1e45546,2023-09-14
1620,SC7001AAABEV,cycle_backlog_exact_model,1,0,0,0,old-27-Word97--0-37,原件/免征目录/mf_batch27.doc,2bd67cf7e1efc03ae93942d0d340ffef87478709520383b6ee4d08baf843ead1,2019-10-25
1621,SC7001ABABEV,cycle_backlog_exact_model,1,0,0,0,old-37-Word97--0-38,原件/免征目录/mf_batch37.doc,136057faede292d8070763e326c8dbdcddf3790653cc6879a13758f91556881f,2020-11-30
1622,SC7001ABBBEV,cycle_backlog_exact_model,1,0,0,0,old-38-Word97--0-21,原件/免征目录/mf_batch38.doc,7c9def45fe5c40e4c5ffb483a1d1efd383c12cb16a5c4ba021d4ce28384776de,2020-12-30
1623,SC7001ABCBEV,cycle_backlog_exact_model,1,0,0,0,old-38-Word97--0-3,原件/免征目录/mf_batch38.doc,7c9def45fe5c40e4c5ffb483a1d1efd383c12cb16a5c4ba021d4ce28384776de,2020-12-30
1624,SC7001ABDBEV,cycle_backlog_exact_model,1,0,0,0,old-38-Word97--0-5,原件/免征目录/mf_batch38.doc,7c9def45fe5c40e4c5ffb483a1d1efd383c12cb16a5c4ba021d4ce28384776de,2020-12-30
1625,SC7001ABEBEV,cycle_backlog_exact_model,1,0,0,0,old-41-Word97--0-5,原件/免征目录/mf_batch41.doc,ba4634c0877ebf99f8e462013e4a07e40f57478a4aaf921801a6c85a49c42b7f,2021-03-31
1626,SC7001ABFBEV,cycle_backlog_exact_model,1,0,0,0,old-42-Word97--0-9,原件/免征目录/mf_batch42.doc,fef4fd8ea19d773d368642e51a4bdb24c148530251a2240be4ff1358d5d41fab,2021-04-30
1627,SC7001ABGBEV,cycle_backlog_exact_model,1,0,0,0,old-41-Word97--0-6,原件/免征目录/mf_batch41.doc,ba4634c0877ebf99f8e462013e4a07e40f57478a4aaf921801a6c85a49c42b7f,2021-03-31
1628,SC7001ABHBEV,cycle_backlog_exact_model,1,0,0,0,old-42-Word97--0-12,原件/免征目录/mf_batch42.doc,fef4fd8ea19d773d368642e51a4bdb24c148530251a2240be4ff1358d5d41fab,2021-04-30
1629,SC7001ADBEV,cycle_backlog_exact_model,1,0,0,0,old-09-PDF-grid-3-0-23,原件/免征目录/mf_batch09.pdf,7eea7200c04fefec34f6ae6db5a1bae77f82a534348f266e95575cae051c8c8c,2016-12-06
1630,SC7001AEBEV,cycle_backlog_exact_model,1,0,0,0,old-09-PDF-grid-3-0-24,原件/免征目录/mf_batch09.pdf,7eea7200c04fefec34f6ae6db5a1bae77f82a534348f266e95575cae051c8c8c,2016-12-06
1631,SC7001AGBEV,cycle_backlog_exact_model,1,0,0,0,old-12-PDF-grid-2-0-27,原件/免征目录/mf_batch12.pdf,afbd7133ccf901dbdc065b2ff80768450dc901def8d216cf5bb87baa98f7a1e2,2017-09-05
1632,SC7001AKBEV,cycle_backlog_exact_model,1,0,0,0,old-12-PDF-grid-2-0-28,原件/免征目录/mf_batch12.pdf,afbd7133ccf901dbdc065b2ff80768450dc901def8d216cf5bb87baa98f7a1e2,2017-09-05
1633,SC7001ATBEV,cycle_backlog_exact_model,1,0,0,0,old-19-DOCX--0-61,原件/免征目录/mf_batch19.docx,fafd1558aa0f21067847c19bdd0a95c79b919737be7b07b87c4538107fb2b8e3,2018-07-31
1634,SC7001BABEV,cycle_backlog_exact_model,1,0,0,0,old-19-DOCX--0-62,原件/免征目录/mf_batch19.docx,fafd1558aa0f21067847c19bdd0a95c79b919737be7b07b87c4538107fb2b8e3,2018-07-31
1635,SC7001CAABEV,cycle_backlog_exact_model,1,0,0,0,old-10-PDF-grid-3-0-11,原件/免征目录/mf_batch10.pdf,ac1b1ad2605b4f24762fb1f01cea64b685393577d01648618fa1882bb5700ac3,2017-04-27
1636,SC7001CABBEV,cycle_backlog_exact_model,1,0,0,0,old-10-PDF-grid-3-0-9,原件/免征目录/mf_batch10.pdf,ac1b1ad2605b4f24762fb1f01cea64b685393577d01648618fa1882bb5700ac3,2017-04-27
1637,SC7001FAABEV,cycle_backlog_exact_model,1,0,0,0,old-53-Word97--0-35,原件/免征目录/mf_batch53.doc,a1f426ff77c80bce4d153fbfb6d01a7b6c6c87539f52ac4643edb7b060e21d2a,2022-04-08
1638,SC7001FACBEV,cycle_backlog_exact_model,1,0,0,0,old-53-Word97--0-34,原件/免征目录/mf_batch53.doc,a1f426ff77c80bce4d153fbfb6d01a7b6c6c87539f52ac4643edb7b060e21d2a,2022-04-08
1639,SC7001FADBEV,cycle_backlog_exact_model,1,0,0,0,old-53-Word97--0-36,原件/免征目录/mf_batch53.doc,a1f426ff77c80bce4d153fbfb6d01a7b6c6c87539f52ac4643edb7b060e21d2a,2022-04-08
1640,SC7001FAEBEV,cycle_backlog_exact_model,1,0,1,0,old-54-Word97--0-54,原件/免征目录/mf_batch54.doc,e4ce106fc0fb21bc61cac40ff0de97e60dff2d18b5b7d24c494bb74873312fd7,2022-05-12
1641,SC7001FAKBEV,cycle_backlog_exact_model,1,0,1,0,old-54-Word97--0-55,原件/免征目录/mf_batch54.doc,e4ce106fc0fb21bc61cac40ff0de97e60dff2d18b5b7d24c494bb74873312fd7,2022-05-12
1642,SC7001FALBEV,cycle_backlog_exact_model,1,0,0,0,old-61-Word97--0-53,原件/免征目录/mf_batch61.doc,d360a77695ccf20f3c17a354a1dd02fc846a7ae8bd18b41492515881a7240b72,2022-12-19
1643,SC7001FAQBEV,cycle_backlog_exact_model,1,0,0,0,old-61-Word97--0-54,原件/免征目录/mf_batch61.doc,d360a77695ccf20f3c17a354a1dd02fc846a7ae8bd18b41492515881a7240b72,2022-12-19
1644,SC7001FARBEV,cycle_backlog_exact_model,1,0,0,0,old-67-Word97--0-24,原件/免征目录/mf_batch67.doc,963a02fcc1f361414f4f003c6d63e00b178d0b962134ed2206c38978f3118101,2023-07-17
1645,SC7001FASBEV,cycle_backlog_exact_model,1,0,0,0,old-67-Word97--0-23,原件/免征目录/mf_batch67.doc,963a02fcc1f361414f4f003c6d63e00b178d0b962134ed2206c38978f3118101,2023-07-17
1646,SC7001FATBEV,cycle_backlog_exact_model,1,0,0,0,old-69-Word97--0-60,原件/免征目录/mf_batch69.doc,357d61a16c94488c9fdd761f393edb7029b05394ab06117abaebcba1a1e45546,2023-09-14
1647,SC7001FAUBEV,cycle_backlog_exact_model,1,0,0,0,old-69-Word97--0-61,原件/免征目录/mf_batch69.doc,357d61a16c94488c9fdd761f393edb7029b05394ab06117abaebcba1a1e45546,2023-09-14
1648,SC7001GAABEV,cycle_backlog_exact_model,1,0,0,0,old-68-Word97--0-28,原件/免征目录/mf_batch68.doc,58113d08377020d08de0aeb0e08ff63c4a4411dbe35ad69cfdd6f82fdf0fcc77,2023-08-16
1649,SC7001GBABEV,cycle_backlog_exact_model,1,0,0,0,old-68-Word97--0-27,原件/免征目录/mf_batch68.doc,58113d08377020d08de0aeb0e08ff63c4a4411dbe35ad69cfdd6f82fdf0fcc77,2023-08-16
1650,SC7002AACBEV,cycle_backlog_exact_model,1,0,0,0,old-24-Word97--2-6,原件/免征目录/mf_batch24.wps,07775a0cb063fe0fce5880b9378dd1eb2522b725d645cabdee314d604779939d,2019-04-30
1651,SC7002BAABEV,cycle_backlog_exact_model,1,0,0,0,old-25-Word97--0-95,原件/免征目录/mf_batch25.wps,9d2abe319463522513fe9c90f98bb8d0a825b599267d0b3cc403cec9624b3297,2019-06-12
1652,SC7003AAABEV,cycle_backlog_exact_model,1,0,0,0,old-26-DOCX--0-65,原件/免征目录/mf_batch26.docx,de0890335ef3a4f1302a8a0735ec8b6aed52e994e2635db481820060d62248b5,2019-08-30
1653,SC7003AABBEV,cycle_backlog_exact_model,1,0,0,0,old-26-DOCX--0-66,原件/免征目录/mf_batch26.docx,de0890335ef3a4f1302a8a0735ec8b6aed52e994e2635db481820060d62248b5,2019-08-30
1654,SC7003AABEV,cycle_backlog_exact_model,1,0,0,0,old-06-PDF-grid-2-0-18,原件/免征目录/mf_batch06.pdf,df226dc3953484911afdd265072593abc08c9f66d52a1df7492e215ce15c9b54,2015-11-25
1655,SC7003AACBEV,cycle_backlog_exact_model,1,0,0,0,old-33-Word97--0-46,原件/免征目录/mf_batch33.doc,ff98fbb1708c47cdcfc1e79e7a1647e72a7ae6d4255dce3b250d661001340c09,2020-07-21
1656,SC7003AAEBEV,cycle_backlog_exact_model,1,0,0,0,old-26-DOCX--0-67,原件/免征目录/mf_batch26.docx,de0890335ef3a4f1302a8a0735ec8b6aed52e994e2635db481820060d62248b5,2019-08-30
1657,SC7003AAFBEV,cycle_backlog_exact_model,1,0,0,0,old-38-Word97--0-19,原件/免征目录/mf_batch38.doc,7c9def45fe5c40e4c5ffb483a1d1efd383c12cb16a5c4ba021d4ce28384776de,2020-12-30
1658,SC7003ABBEV,cycle_backlog_exact_model,1,0,0,0,old-09-PDF-grid-2-0-4,原件/免征目录/mf_batch09.pdf,7eea7200c04fefec34f6ae6db5a1bae77f82a534348f266e95575cae051c8c8c,2016-12-06
1659,SC7003ACBEV,cycle_backlog_exact_model,1,0,0,0,old-11-PDF-grid-2-0-11,原件/免征目录/mf_batch11.pdf,ec4f33e5e872841e6d1fa5d435793c285a15614ef2e64f39b9013389b5e51724,2017-07-06
1660,SC7003ADABEV,cycle_backlog_exact_model,1,0,0,0,old-28-Word97--0-14,原件/免征目录/mf_batch28.doc,dfe1b301a5e8373e94e0e4a2fccee3d258c56bb662e4928764a71274142acd72,2019-12-10
1661,SC7003AEBEV,cycle_backlog_exact_model,1,0,0,0,old-17-PDF-grid-3-0-4,原件/免征目录/mf_batch17.pdf,577a4ba9c586fe08565f6a60e6de5474698031566d8dcef484cd44335879e334,2018-04-16
1662,SC7003AEV,cycle_backlog_exact_model,1,0,0,0,old-03-PDF-grid-1-0-12,原件/免征目录/mf_batch03.pdf,1367fdf126160143cbeecaedf4a66b528d105bbfa58a06b2118487a2e05000a5,2014-12-19
1663,SC7003AGABEV,cycle_backlog_exact_model,1,0,0,0,old-37-Word97--0-39,原件/免征目录/mf_batch37.doc,136057faede292d8070763e326c8dbdcddf3790653cc6879a13758f91556881f,2020-11-30
1664,SC7003AGBBEV,cycle_backlog_exact_model,1,0,0,0,old-38-Word97--0-4,原件/免征目录/mf_batch38.doc,7c9def45fe5c40e4c5ffb483a1d1efd383c12cb16a5c4ba021d4ce28384776de,2020-12-30
1665,SC7003AGCBEV,cycle_backlog_exact_model,1,0,1,0,old-38-Word97--0-20,原件/免征目录/mf_batch38.doc,7c9def45fe5c40e4c5ffb483a1d1efd383c12cb16a5c4ba021d4ce28384776de,2020-12-30
1666,SC7003AGDBEV,cycle_backlog_exact_model,1,0,0,0,old-39-Word97--0-30,原件/免征目录/mf_batch39.doc,48158862f567d71b07ac0a7a60c2c3bc6d2bb44dd5a86290b0b809d757a9eb07,2021-01-29
1667,SC7003AGEBEV,cycle_backlog_exact_model,1,0,0,0,old-41-Word97--0-4,原件/免征目录/mf_batch41.doc,ba4634c0877ebf99f8e462013e4a07e40f57478a4aaf921801a6c85a49c42b7f,2021-03-31
1668,SC7003AGFBEV,cycle_backlog_exact_model,1,0,0,0,old-41-Word97--0-25,原件/免征目录/mf_batch41.doc,ba4634c0877ebf99f8e462013e4a07e40f57478a4aaf921801a6c85a49c42b7f,2021-03-31
1669,SC7003AHBEV,cycle_backlog_exact_model,1,0,0,0,old-20-DOCX--0-86,原件/免征目录/mf_batch20.docx,374d3f87551d75d1c163e76abb38f350ea93f8a2b8cad6174568c307d1cc0130,2018-09-19
1670,SC7003ALBEV,cycle_backlog_exact_model,1,0,0,0,old-22-Word97--0-44,原件/免征目录/mf_batch22.doc,eaf3fc1e64742af85b3d4bc90388d0a93154a497fd6c1fb9bf73b857672e1212,2018-12-18
1671,SC7004CABEV,cycle_backlog_exact_model,1,0,0,0,old-12-PDF-grid-1-0-14,原件/免征目录/mf_batch12.pdf,afbd7133ccf901dbdc065b2ff80768450dc901def8d216cf5bb87baa98f7a1e2,2017-09-05
1672,SC7004CBBEV,cycle_backlog_exact_model,1,0,0,0,old-12-PDF-grid-2-0-29,原件/免征目录/mf_batch12.pdf,afbd7133ccf901dbdc065b2ff80768450dc901def8d216cf5bb87baa98f7a1e2,2017-09-05
1673,SC7004CCBEV,cycle_backlog_exact_model,1,0,0,0,old-24-Word97--4-17,原件/免征目录/mf_batch24.wps,07775a0cb063fe0fce5880b9378dd1eb2522b725d645cabdee314d604779939d,2019-04-30
1674,SC7004DBBEV,cycle_backlog_exact_model,1,0,0,0,old-18-Word97--0-39,原件/免征目录/mf_batch18.doc,43f5426f7f80996ee11a894710d7229c743abf7ad69ba239f61075e0a9ddd37a,2018-06-19
1675,SC7005AABBEV,cycle_backlog_exact_model,1,0,0,0,old-27-Word97--0-38,原件/免征目录/mf_batch27.doc,2bd67cf7e1efc03ae93942d0d340ffef87478709520383b6ee4d08baf843ead1,2019-10-25
1676,SC7005AACBEV,cycle_backlog_exact_model,1,0,0,0,mf29-t0-r19,原件/mf_batch29.doc,8d24a01958cc6d44fa7826ecbb6a76869b9a0f2c98b97597d57af02932f2afaf,2019-12-27
1677,SC7005AADBEV,cycle_backlog_exact_model,1,0,0,0,old-39-Word97--0-32,原件/免征目录/mf_batch39.doc,48158862f567d71b07ac0a7a60c2c3bc6d2bb44dd5a86290b0b809d757a9eb07,2021-01-29
1678,SC7005AAEBEV,cycle_backlog_exact_model,1,0,0,0,old-39-Word97--0-31,原件/免征目录/mf_batch39.doc,48158862f567d71b07ac0a7a60c2c3bc6d2bb44dd5a86290b0b809d757a9eb07,2021-01-29
1679,SC7006AABBEV,cycle_backlog_exact_model,1,0,0,0,old-56-Word97--0-47,原件/免征目录/mf_batch56.doc,cbffdc0819640e8f18c11a2a277b26b2e043c81406533457ff225f4df1c6c068,2022-07-08
1680,SC7006AACBEV,cycle_backlog_exact_model,1,0,0,0,old-56-Word97--0-45,原件/免征目录/mf_batch56.doc,cbffdc0819640e8f18c11a2a277b26b2e043c81406533457ff225f4df1c6c068,2022-07-08
1681,SC7006AAEBEV,cycle_backlog_exact_model,1,0,0,0,old-57-Word97--0-42,原件/免征目录/mf_batch57.doc,96d9708a19952b23d71fc40e9976a33ae30ca118226a032954a93ab36f355f21,2022-08-10
1682,SC7006AAFBEV,cycle_backlog_exact_model,1,0,0,0,old-56-Word97--0-46,原件/免征目录/mf_batch56.doc,cbffdc0819640e8f18c11a2a277b26b2e043c81406533457ff225f4df1c6c068,2022-07-08
1683,SC7006AAQBEV,cycle_backlog_exact_model,1,0,0,0,old-65-Word97--0-35,原件/免征目录/mf_batch65.doc,06a6a578a9a60516a845bc92deac49954438a789e9e4a7cf3cd140f256d9b13d,2023-05-09
1684,SC7007AAABEV,cycle_backlog_exact_model,1,0,0,0,old-65-Word97--0-32,原件/免征目录/mf_batch65.doc,06a6a578a9a60516a845bc92deac49954438a789e9e4a7cf3cd140f256d9b13d,2023-05-09
1685,SC7007AABBEV,cycle_backlog_exact_model,1,0,0,0,old-65-Word97--0-33,原件/免征目录/mf_batch65.doc,06a6a578a9a60516a845bc92deac49954438a789e9e4a7cf3cd140f256d9b13d,2023-05-09
1686,SCH6431BEV,cycle_backlog_exact_model,1,0,0,0,old-12-PDF-grid-2-0-12,原件/免征目录/mf_batch12.pdf,afbd7133ccf901dbdc065b2ff80768450dc901def8d216cf5bb87baa98f7a1e2,2017-09-05
1687,SCH6431BEV1,cycle_backlog_exact_model,1,0,0,0,old-19-DOCX--0-42,原件/免征目录/mf_batch19.docx,fafd1558aa0f21067847c19bdd0a95c79b919737be7b07b87c4538107fb2b8e3,2018-07-31
1688,SCH6450BEV,cycle_backlog_exact_model,1,0,0,0,old-32-Word97--0-34,原件/免征目录/mf_batch32.doc,ad7c65b4831a05b7c70e1e73fe834aa9beed883c66f898e799fcbbeb43cc3d75,2020-06-02
1689,SCH6450BEVC,cycle_backlog_exact_model,1,0,0,0,old-33-Word97--0-60,原件/免征目录/mf_batch33.doc,ff98fbb1708c47cdcfc1e79e7a1647e72a7ae6d4255dce3b250d661001340c09,2020-07-21
1690,SDE7001BCGBEV,cycle_backlog_exact_model,1,0,0,0,old-27-Word97--0-61,原件/免征目录/mf_batch27.doc,2bd67cf7e1efc03ae93942d0d340ffef87478709520383b6ee4d08baf843ead1,2019-10-25
1691,SDE7001DBCBEV,cycle_backlog_exact_model,1,0,0,0,old-34-Word97--0-53,原件/免征目录/mf_batch34.doc,d5c5bb03cc5fe0f16b284048e265ad35d62c12c0416f14aef0ce026a229aa831,2020-08-24
1692,SDE7001DCFBEV,cycle_backlog_exact_model,1,0,0,0,old-24-Word97--2-4,原件/免征目录/mf_batch24.wps,07775a0cb063fe0fce5880b9378dd1eb2522b725d645cabdee314d604779939d,2019-04-30
1693,SDE7001DCGBEV,cycle_backlog_exact_model,1,0,0,0,old-28-Word97--0-21,原件/免征目录/mf_batch28.doc,dfe1b301a5e8373e94e0e4a2fccee3d258c56bb662e4928764a71274142acd72,2019-12-10
1694,SDH6440BEVGL,cycle_backlog_exact_model,1,0,0,0,old-06-PDF-grid-2-0-4,原件/免征目录/mf_batch06.pdf,df226dc3953484911afdd265072593abc08c9f66d52a1df7492e215ce15c9b54,2015-11-25
1695,SDH6450BEVSL,cycle_backlog_exact_model,1,0,0,0,old-09-PDF-grid-2-0-28,原件/免征目录/mf_batch09.pdf,7eea7200c04fefec34f6ae6db5a1bae77f82a534348f266e95575cae051c8c8c,2016-12-06
1696,SDH6460BEVDL,cycle_backlog_exact_model,1,0,0,0,old-09-PDF-grid-2-0-29,原件/免征目录/mf_batch09.pdf,7eea7200c04fefec34f6ae6db5a1bae77f82a534348f266e95575cae051c8c8c,2016-12-06
1697,SDH7000BEVBL,cycle_backlog_exact_model,1,0,0,0,old-06-PDF-grid-2-0-3,原件/免征目录/mf_batch06.pdf,df226dc3953484911afdd265072593abc08c9f66d52a1df7492e215ce15c9b54,2015-11-25
1698,SDH7000BEVYL,cycle_backlog_exact_model,1,0,0,0,old-09-PDF-grid-3-0-2,原件/免征目录/mf_batch09.pdf,7eea7200c04fefec34f6ae6db5a1bae77f82a534348f266e95575cae051c8c8c,2016-12-06
1699,SDH7000BEVZL,cycle_backlog_exact_model,1,0,0,0,old-09-PDF-grid-3-0-3,原件/免征目录/mf_batch09.pdf,7eea7200c04fefec34f6ae6db5a1bae77f82a534348f266e95575cae051c8c8c,2016-12-06
1700,SGA6460BEV,cycle_backlog_exact_model,1,0,0,0,old-26-DOCX--0-29,原件/免征目录/mf_batch26.docx,de0890335ef3a4f1302a8a0735ec8b6aed52e994e2635db481820060d62248b5,2019-08-30
1701,SGA6470BEV,cycle_backlog_exact_model,1,0,0,0,old-50-Word97--0-14,原件/免征目录/mf_batch50.doc,3810672d92621612507384960254de602e629e75a308df22ee2291519445095e,2021-12-29
1702,SGA7000BEV,cycle_backlog_exact_model,1,0,0,0,old-50-Word97--0-12,原件/免征目录/mf_batch50.doc,3810672d92621612507384960254de602e629e75a308df22ee2291519445095e,2021-12-29
1703,SGA7000BEV1,cycle_backlog_exact_model,1,0,0,0,old-50-Word97--0-13,原件/免征目录/mf_batch50.doc,3810672d92621612507384960254de602e629e75a308df22ee2291519445095e,2021-12-29
1704,SGA7000BEV2,cycle_backlog_exact_model,1,0,0,0,old-50-Word97--0-15,原件/免征目录/mf_batch50.doc,3810672d92621612507384960254de602e629e75a308df22ee2291519445095e,2021-12-29
1705,SGA7000BEV3,cycle_backlog_exact_model,1,0,0,0,old-50-Word97--0-11,原件/免征目录/mf_batch50.doc,3810672d92621612507384960254de602e629e75a308df22ee2291519445095e,2021-12-29
1706,SGM6483BABEV,cycle_backlog_exact_model,1,0,0,0,old-69-Word97--0-8,原件/免征目录/mf_batch69.doc,357d61a16c94488c9fdd761f393edb7029b05394ab06117abaebcba1a1e45546,2023-09-14
1707,SGM6483BBBEV,cycle_backlog_exact_model,1,0,0,0,old-69-Word97--0-9,原件/免征目录/mf_batch69.doc,357d61a16c94488c9fdd761f393edb7029b05394ab06117abaebcba1a1e45546,2023-09-14
1708,SGM6483BCBEV,cycle_backlog_exact_model,1,0,0,0,old-69-Word97--0-10,原件/免征目录/mf_batch69.doc,357d61a16c94488c9fdd761f393edb7029b05394ab06117abaebcba1a1e45546,2023-09-14
1709,SGM6484BABEV,cycle_backlog_exact_model,1,0,0,0,old-70-Word97--0-11,原件/免征目录/mf_batch70.doc,29b9f5df62602e114f0ed01426c185fdb15a654022cdf16d4df624bb736ed813,2023-10-18
1710,SGM6491BABEV,cycle_backlog_exact_model,1,0,0,0,old-61-Word97--0-38,原件/免征目录/mf_batch61.doc,d360a77695ccf20f3c17a354a1dd02fc846a7ae8bd18b41492515881a7240b72,2022-12-19
1711,SGM6491BBBEV,cycle_backlog_exact_model,1,0,0,0,old-64-Word97--0-9,原件/免征目录/mf_batch64.doc,c4e238989e7e40ec2c3a6a899ead170b4a745bc72546ba6fd4a5731d8890c6cb,2023-04-17
1712,SGM6500BABEV,cycle_backlog_exact_model,1,0,0,0,old-51-Word97--0-23,原件/免征目录/mf_batch51.doc,35411ca0ab3ef42915600b148fca6fe76bcb86f5dc3812f71d74f3ebda125ce6,2022-01-29
1713,SGM6500BBBEV,cycle_backlog_exact_model,1,0,0,0,old-57-Word97--0-37,原件/免征目录/mf_batch57.doc,96d9708a19952b23d71fc40e9976a33ae30ca118226a032954a93ab36f355f21,2022-08-10
1714,SGM6500BCBEV,cycle_backlog_exact_model,1,0,0,0,old-62-Word97--0-8,原件/免征目录/mf_batch62.doc,7694ac7207998b6af7c895cdd2c1d752421df436d4b28f83195261dd47f6509c,2023-02-20
1715,SGM6500BDBEV,cycle_backlog_exact_model,1,0,0,0,old-62-Word97--0-6,原件/免征目录/mf_batch62.doc,7694ac7207998b6af7c895cdd2c1d752421df436d4b28f83195261dd47f6509c,2023-02-20
1716,SGM6500BEBEV,cycle_backlog_exact_model,1,0,0,0,old-text-correction-64-SGM6500BEBEV,原件/免征目录/mf_batch64.doc,c4e238989e7e40ec2c3a6a899ead170b4a745bc72546ba6fd4a5731d8890c6cb,2023-04-17
1717,SGM7001EV,cycle_backlog_exact_model,1,0,0,0,old-01-PDF-grid-1-0-14,原件/免征目录/mf_batch01.pdf,eac13628c37f01c4da157a2d1916d97acc81fdc295f18e1783549075ce7e5aa7,2014-08-27
1718,SGM7002BABEV,cycle_backlog_exact_model,1,0,0,0,old-62-Word97--0-9,原件/免征目录/mf_batch62.doc,7694ac7207998b6af7c895cdd2c1d752421df436d4b28f83195261dd47f6509c,2023-02-20
1719,SGM7002BBBEV,cycle_backlog_exact_model,1,0,0,0,old-65-Word97--0-9,原件/免征目录/mf_batch65.doc,06a6a578a9a60516a845bc92deac49954438a789e9e4a7cf3cd140f256d9b13d,2023-05-09
1720,SGM7002BCBEV,cycle_backlog_exact_model,1,0,0,0,old-65-Word97--0-10,原件/免征目录/mf_batch65.doc,06a6a578a9a60516a845bc92deac49954438a789e9e4a7cf3cd140f256d9b13d,2023-05-09
1721,SGM7007LABEV,cycle_backlog_exact_model,1,0,0,0,old-27-Word97--0-8,原件/免征目录/mf_batch27.doc,2bd67cf7e1efc03ae93942d0d340ffef87478709520383b6ee4d08baf843ead1,2019-10-25
1722,SGM7007LBBEV,cycle_backlog_exact_model,1,0,0,0,old-45-Word97--0-31,原件/免征目录/mf_batch45.doc,56f5e7c5fd36e990024f8121006a76da260361f4e4660846e78255d007126f7a,2021-08-10
1723,SGM7008GBBEV,cycle_backlog_exact_model,1,0,0,0,old-30-Word97--0-58,原件/免征目录/mf_batch30.doc,e7fa3b47858ec2035b8055bc15be00b2b26920a5e8d3cad481058a80b92ead24,2020-03-13
1724,SGM7008GCBEV,cycle_backlog_exact_model,1,0,0,0,old-38-Word97--0-30,原件/免征目录/mf_batch38.doc,7c9def45fe5c40e4c5ffb483a1d1efd383c12cb16a5c4ba021d4ce28384776de,2020-12-30
1725,SGM7008LEBEV,cycle_backlog_exact_model,1,0,0,0,old-22-Word97--0-7,原件/免征目录/mf_batch22.doc,eaf3fc1e64742af85b3d4bc90388d0a93154a497fd6c1fb9bf73b857672e1212,2018-12-18
1726,SGM7008LFBEV,cycle_backlog_exact_model,1,0,0,0,old-23-Word97--0-47,原件/免征目录/mf_batch23.docx,87f838de0da3ba5887f77b2bf5c1dbf5b427e7cef896309a7084c11dd8f5efa0,2019-03-13
1727,SGM7008LHBEV,cycle_backlog_exact_model,1,0,0,0,old-26-DOCX--0-43,原件/免征目录/mf_batch26.docx,de0890335ef3a4f1302a8a0735ec8b6aed52e994e2635db481820060d62248b5,2019-08-30
1728,SGM7008LKBEV,cycle_backlog_exact_model,1,0,0,0,old-46-Word97--0-53,原件/免征目录/mf_batch46.doc,a4b2048b3d5c29a8969f0348e9fd19a3293f0c23e6f37a48bf42a2ed70c7d37d,2021-09-10
1729,SGM7008LLBEV,cycle_backlog_exact_model,1,0,0,0,old-67-Word97--0-4,原件/免征目录/mf_batch67.doc,963a02fcc1f361414f4f003c6d63e00b178d0b962134ed2206c38978f3118101,2023-07-17
1730,SH6471P1BEV,cycle_backlog_exact_model,1,0,0,0,old-30-Word97--0-48,原件/免征目录/mf_batch30.doc,e7fa3b47858ec2035b8055bc15be00b2b26920a5e8d3cad481058a80b92ead24,2020-03-13
1731,SH6472P1BEV,cycle_backlog_exact_model,1,0,0,0,old-32-Word97--0-12,原件/免征目录/mf_batch32.doc,ad7c65b4831a05b7c70e1e73fe834aa9beed883c66f898e799fcbbeb43cc3d75,2020-06-02
1732,SH6473P1BEV-6,cycle_backlog_exact_model,1,0,0,0,old-63-Word97--0-14,原件/免征目录/mf_batch63.doc,1d0f4bf9c7c1f67712e9efa3a5e3222c30d4e438653b9335aaff9714e65f8c05,2023-03-10
1733,SH6473P1BEV-7,cycle_backlog_exact_model,1,0,0,0,old-63-Word97--0-12,原件/免征目录/mf_batch63.doc,1d0f4bf9c7c1f67712e9efa3a5e3222c30d4e438653b9335aaff9714e65f8c05,2023-03-10
1734,SH6480U1BEV-J51,cycle_backlog_exact_model,1,0,0,0,old-69-Word97--0-20,原件/免征目录/mf_batch69.doc,357d61a16c94488c9fdd761f393edb7029b05394ab06117abaebcba1a1e45546,2023-09-14
1735,SH6481N1BEV,cycle_backlog_exact_model,1,0,0,0,old-25-Word97--0-71,原件/免征目录/mf_batch25.wps,9d2abe319463522513fe9c90f98bb8d0a825b599267d0b3cc403cec9624b3297,2019-06-12
1736,SH6485N1BEV,cycle_backlog_exact_model,1,0,0,0,old-33-Word97--0-21,原件/免征目录/mf_batch33.doc,ff98fbb1708c47cdcfc1e79e7a1647e72a7ae6d4255dce3b250d661001340c09,2020-07-21
1737,SH6485N1BEV-7,cycle_backlog_exact_model,1,0,0,0,old-42-Word97--0-46,原件/免征目录/mf_batch42.doc,fef4fd8ea19d773d368642e51a4bdb24c148530251a2240be4ff1358d5d41fab,2021-04-30
1738,SH6486N1BEV-6,cycle_backlog_exact_model,1,0,0,0,old-63-Word97--0-11,原件/免征目录/mf_batch63.doc,1d0f4bf9c7c1f67712e9efa3a5e3222c30d4e438653b9335aaff9714e65f8c05,2023-03-10
1739,SH6486N1BEV-7,cycle_backlog_exact_model,1,0,0,0,old-63-Word97--0-13,原件/免征目录/mf_batch63.doc,1d0f4bf9c7c1f67712e9efa3a5e3222c30d4e438653b9335aaff9714e65f8c05,2023-03-10
1740,SH6491N1BEV-6,cycle_backlog_exact_model,1,0,0,0,old-65-Word97--0-17,原件/免征目录/mf_batch65.doc,06a6a578a9a60516a845bc92deac49954438a789e9e4a7cf3cd140f256d9b13d,2023-05-09
1741,SH6491N1BEV-8,cycle_backlog_exact_model,1,0,0,0,old-65-Word97--0-18,原件/免征目录/mf_batch65.doc,06a6a578a9a60516a845bc92deac49954438a789e9e4a7cf3cd140f256d9b13d,2023-05-09
1742,SH6491N1BEV-9,cycle_backlog_exact_model,1,0,0,0,old-65-Word97--0-16,原件/免征目录/mf_batch65.doc,06a6a578a9a60516a845bc92deac49954438a789e9e4a7cf3cd140f256d9b13d,2023-05-09
1743,SH6521C1BEV,cycle_backlog_exact_model,1,0,0,0,old-06-PDF-grid-2-0-8,原件/免征目录/mf_batch06.pdf,df226dc3953484911afdd265072593abc08c9f66d52a1df7492e215ce15c9b54,2015-11-25
1744,SH6522C1BEV,cycle_backlog_exact_model,1,0,0,0,old-10-PDF-grid-3-0-8,原件/免征目录/mf_batch10.pdf,ac1b1ad2605b4f24762fb1f01cea64b685393577d01648618fa1882bb5700ac3,2017-04-27
1745,SH6523C1BEV,cycle_backlog_exact_model,1,0,0,0,old-19-DOCX--0-43,原件/免征目录/mf_batch19.docx,fafd1558aa0f21067847c19bdd0a95c79b919737be7b07b87c4538107fb2b8e3,2018-07-31
1746,SH6531T1BEV-8,cycle_backlog_exact_model,1,0,0,0,old-60-Word97--0-23,原件/免征目录/mf_batch60.doc,aabd19e9a0955380873798454b18b3bb15c87937dffcbb0ccfab2eae3bf3551b,2022-11-09
1747,SH6531T1BEV-9,cycle_backlog_exact_model,1,0,0,0,old-50-Word97--0-51,原件/免征目录/mf_batch50.doc,3810672d92621612507384960254de602e629e75a308df22ee2291519445095e,2021-12-29
1748,SH6532T1BEV-9,cycle_backlog_exact_model,1,0,0,0,old-50-Word97--0-52,原件/免征目录/mf_batch50.doc,3810672d92621612507384960254de602e629e75a308df22ee2291519445095e,2021-12-29
1749,SH6551J1BEV-1,cycle_backlog_exact_model,1,0,0,0,old-38-Word97--0-31,原件/免征目录/mf_batch38.doc,7c9def45fe5c40e4c5ffb483a1d1efd383c12cb16a5c4ba021d4ce28384776de,2020-12-30
1750,SH6551J1BEV-3,cycle_backlog_exact_model,1,0,0,0,old-42-Word97--0-45,原件/免征目录/mf_batch42.doc,fef4fd8ea19d773d368642e51a4bdb24c148530251a2240be4ff1358d5d41fab,2021-04-30
1751,SH6591J1BEV-1,cycle_backlog_exact_model,1,0,0,0,old-46-Word97--0-55,原件/免征目录/mf_batch46.doc,a4b2048b3d5c29a8969f0348e9fd19a3293f0c23e6f37a48bf42a2ed70c7d37d,2021-09-10
1752,SKE6470SBEVA1S,cycle_backlog_exact_model,1,0,0,0,old-38-Word97--0-28,原件/免征目录/mf_batch38.doc,7c9def45fe5c40e4c5ffb483a1d1efd383c12cb16a5c4ba021d4ce28384776de,2020-12-30
1753,SKE6470SBEVA3S,cycle_backlog_exact_model,1,0,0,0,old-41-Word97--0-28,原件/免征目录/mf_batch41.doc,ba4634c0877ebf99f8e462013e4a07e40f57478a4aaf921801a6c85a49c42b7f,2021-03-31
1754,SKE6470SBEVA4S,cycle_backlog_exact_model,1,0,0,0,old-41-Word97--0-29,原件/免征目录/mf_batch41.doc,ba4634c0877ebf99f8e462013e4a07e40f57478a4aaf921801a6c85a49c42b7f,2021-03-31
1755,SKE6470SBEVA5S,cycle_backlog_exact_model,1,0,0,0,old-61-Word97--0-17,原件/免征目录/mf_batch61.doc,d360a77695ccf20f3c17a354a1dd02fc846a7ae8bd18b41492515881a7240b72,2022-12-19
1756,SKE6470SBEVA7S,cycle_backlog_exact_model,1,0,0,0,old-65-Word97--0-49,原件/免征目录/mf_batch65.doc,06a6a578a9a60516a845bc92deac49954438a789e9e4a7cf3cd140f256d9b13d,2023-05-09
1757,SKE6470SBEVR1,cycle_backlog_exact_model,1,0,0,0,old-30-Word97--0-37,原件/免征目录/mf_batch30.doc,e7fa3b47858ec2035b8055bc15be00b2b26920a5e8d3cad481058a80b92ead24,2020-03-13
1758,SKE6470SBEVR2,cycle_backlog_exact_model,1,0,0,0,old-61-Word97--0-16,原件/免征目录/mf_batch61.doc,d360a77695ccf20f3c17a354a1dd02fc846a7ae8bd18b41492515881a7240b72,2022-12-19
1759,SKE6470SBEVR3,cycle_backlog_exact_model,1,0,0,0,old-65-Word97--0-50,原件/免征目录/mf_batch65.doc,06a6a578a9a60516a845bc92deac49954438a789e9e4a7cf3cd140f256d9b13d,2023-05-09
1760,SKE6480SBEVA1S,cycle_backlog_exact_model,1,0,0,0,old-66-Word97--0-35,原件/免征目录/mf_batch66.doc,05a5fce42de1c5412803fe6a7bb46d04c4d61cb71dc5d88a9b59a3e884350544,2023-06-08
1761,SKE6480SBEVAS,cycle_backlog_exact_model,1,0,0,0,old-56-Word97--0-19,原件/免征目录/mf_batch56.doc,cbffdc0819640e8f18c11a2a277b26b2e043c81406533457ff225f4df1c6c068,2022-07-08
1762,SKE6480SBEVR,cycle_backlog_exact_model,1,0,0,0,old-56-Word97--0-20,原件/免征目录/mf_batch56.doc,cbffdc0819640e8f18c11a2a277b26b2e043c81406533457ff225f4df1c6c068,2022-07-08
1763,SKE6480SBEVR1,cycle_backlog_exact_model,1,0,0,0,old-66-Word97--0-36,原件/免征目录/mf_batch66.doc,05a5fce42de1c5412803fe6a7bb46d04c4d61cb71dc5d88a9b59a3e884350544,2023-06-08
1764,SKE6520SBEVA2S,cycle_backlog_exact_model,1,0,0,0,old-71-Word97--0-60,原件/免征目录/mf_batch71.doc,b37b78b64b8ef7e12e6e95d6fd27a4a6e364c0c83ba403ffcf3bca82c60e3460,2023-11-20
1765,SKE6520SBEVAS,cycle_backlog_exact_model,1,0,0,0,old-70-Word97--0-45,原件/免征目录/mf_batch70.doc,29b9f5df62602e114f0ed01426c185fdb15a654022cdf16d4df624bb736ed813,2023-10-18
1766,SKE7000BEVF8,cycle_backlog_exact_model,1,0,0,0,old-45-Word97--0-54,原件/免征目录/mf_batch45.doc,56f5e7c5fd36e990024f8121006a76da260361f4e4660846e78255d007126f7a,2021-08-10
1767,SMA7000BEV01,cycle_backlog_exact_model,1,0,0,0,old-04-PDF-grid-2-0-7,原件/免征目录/mf_batch04.pdf,7539cd299efb49a366656a4da32393075bcb03a5e10ea54e975f82f6099d9c81,2015-05-08
1768,SMA7000BEV02,cycle_backlog_exact_model,1,0,0,0,old-04-PDF-grid-2-0-2,原件/免征目录/mf_batch04.pdf,7539cd299efb49a366656a4da32393075bcb03a5e10ea54e975f82f6099d9c81,2015-05-08
1769,SMA7000BEV03,cycle_backlog_exact_model,1,0,0,0,old-04-PDF-grid-2-0-3,原件/免征目录/mf_batch04.pdf,7539cd299efb49a366656a4da32393075bcb03a5e10ea54e975f82f6099d9c81,2015-05-08
1770,SMA7000BEV05,cycle_backlog_exact_model,1,0,0,0,old-07-PDF-grid-2-0-2,原件/免征目录/mf_batch07.pdf,ad8e7f0576c7261a718e5a561358462b598d617361c6f02d7a14fb2038b758b0,2016-04-15
1771,SMA7000BEV06,cycle_backlog_exact_model,1,0,0,0,old-06-PDF-grid-2-0-13,原件/免征目录/mf_batch06.pdf,df226dc3953484911afdd265072593abc08c9f66d52a1df7492e215ce15c9b54,2015-11-25
1772,SMA7000BEV20,cycle_backlog_exact_model,1,0,0,0,old-14-Word97--0-22,原件/免征目录/mf_batch14.docx,6a48764b5ccb7c4ffa6f54daa44d3a42095b8a981fc982e774ddaaded41e9921,2017-12-05
1773,SMA7001BEV02,cycle_backlog_exact_model,1,0,0,0,old-04-PDF-grid-2-0-4,原件/免征目录/mf_batch04.pdf,7539cd299efb49a366656a4da32393075bcb03a5e10ea54e975f82f6099d9c81,2015-05-08
1774,SMA7001BEV03,cycle_backlog_exact_model,1,0,0,0,old-04-PDF-grid-2-0-5,原件/免征目录/mf_batch04.pdf,7539cd299efb49a366656a4da32393075bcb03a5e10ea54e975f82f6099d9c81,2015-05-08
1775,SMA7001BEV04,cycle_backlog_exact_model,1,0,0,0,old-05-PDF-grid-1-0-15,原件/免征目录/mf_batch05.pdf,658aa5fbf13859a9bbe1db6235da2f7e79fc325cc34e4c0ec1ffab7f8cc2ebca,2015-09-11
1776,SMA7001BEV05,cycle_backlog_exact_model,1,0,0,0,old-06-PDF-grid-2-0-12,原件/免征目录/mf_batch06.pdf,df226dc3953484911afdd265072593abc08c9f66d52a1df7492e215ce15c9b54,2015-11-25
1777,SMA7001BEV13,cycle_backlog_exact_model,1,0,0,0,old-04-PDF-grid-2-0-9,原件/免征目录/mf_batch04.pdf,7539cd299efb49a366656a4da32393075bcb03a5e10ea54e975f82f6099d9c81,2015-05-08
1778,SMA7001BEV18,cycle_backlog_exact_model,1,0,0,0,old-07-PDF-grid-2-0-4,原件/免征目录/mf_batch07.pdf,ad8e7f0576c7261a718e5a561358462b598d617361c6f02d7a14fb2038b758b0,2016-04-15
1779,SMA7001BEV19,cycle_backlog_exact_model,1,0,0,0,old-07-PDF-grid-2-0-5,原件/免征目录/mf_batch07.pdf,ad8e7f0576c7261a718e5a561358462b598d617361c6f02d7a14fb2038b758b0,2016-04-15
1780,SMA7001BEV22,cycle_backlog_exact_model,1,0,0,0,old-07-PDF-grid-2-0-6,原件/免征目录/mf_batch07.pdf,ad8e7f0576c7261a718e5a561358462b598d617361c6f02d7a14fb2038b758b0,2016-04-15
1781,SMA7001BEV23,cycle_backlog_exact_model,1,0,0,0,old-07-PDF-grid-2-0-7,原件/免征目录/mf_batch07.pdf,ad8e7f0576c7261a718e5a561358462b598d617361c6f02d7a14fb2038b758b0,2016-04-15
1782,SMA7001BEV25,cycle_backlog_exact_model,1,0,0,0,old-07-PDF-grid-2-0-8,原件/免征目录/mf_batch07.pdf,ad8e7f0576c7261a718e5a561358462b598d617361c6f02d7a14fb2038b758b0,2016-04-15
1783,SMA7001BEV40,cycle_backlog_exact_model,1,0,0,0,old-13-PDF-grid-2-0-24,原件/免征目录/mf_batch13.pdf,e82c4f41c448edbb5269c95f2ff35d0c577f7ff0d12ff30b2d4c307a1aa31a6b,2017-10-30
1784,SMA7001BEV41,cycle_backlog_exact_model,1,0,0,0,old-18-Word97--0-17,原件/免征目录/mf_batch18.doc,43f5426f7f80996ee11a894710d7229c743abf7ad69ba239f61075e0a9ddd37a,2018-06-19
1785,SMA7001BEV47,cycle_backlog_exact_model,1,0,0,0,old-20-DOCX--0-78,原件/免征目录/mf_batch20.docx,374d3f87551d75d1c163e76abb38f350ea93f8a2b8cad6174568c307d1cc0130,2018-09-19
1786,SMA7001BEV48,cycle_backlog_exact_model,1,0,0,0,old-19-DOCX--0-53,原件/免征目录/mf_batch19.docx,fafd1558aa0f21067847c19bdd0a95c79b919737be7b07b87c4538107fb2b8e3,2018-07-31
1787,SMA7001BEV49,cycle_backlog_exact_model,1,0,0,0,old-20-DOCX--0-79,原件/免征目录/mf_batch20.docx,374d3f87551d75d1c163e76abb38f350ea93f8a2b8cad6174568c307d1cc0130,2018-09-19
1788,SMA7001BEV60,cycle_backlog_exact_model,1,0,0,0,old-07-PDF-grid-2-0-9,原件/免征目录/mf_batch07.pdf,ad8e7f0576c7261a718e5a561358462b598d617361c6f02d7a14fb2038b758b0,2016-04-15
1789,SMA7001BEV61,cycle_backlog_exact_model,1,0,0,0,old-07-PDF-grid-2-0-10,原件/免征目录/mf_batch07.pdf,ad8e7f0576c7261a718e5a561358462b598d617361c6f02d7a14fb2038b758b0,2016-04-15
1790,SMA7001BEV63,cycle_backlog_exact_model,1,0,0,0,old-09-PDF-grid-3-0-15,原件/免征目录/mf_batch09.pdf,7eea7200c04fefec34f6ae6db5a1bae77f82a534348f266e95575cae051c8c8c,2016-12-06
1791,SMA7001BEV66,cycle_backlog_exact_model,1,0,0,0,old-09-PDF-grid-3-0-16,原件/免征目录/mf_batch09.pdf,7eea7200c04fefec34f6ae6db5a1bae77f82a534348f266e95575cae051c8c8c,2016-12-06
1792,SMA7001BEV69,cycle_backlog_exact_model,1,0,0,0,old-09-PDF-grid-3-0-14,原件/免征目录/mf_batch09.pdf,7eea7200c04fefec34f6ae6db5a1bae77f82a534348f266e95575cae051c8c8c,2016-12-06
1793,SMA7001BEV70,cycle_backlog_exact_model,1,0,0,0,old-09-PDF-grid-3-0-17,原件/免征目录/mf_batch09.pdf,7eea7200c04fefec34f6ae6db5a1bae77f82a534348f266e95575cae051c8c8c,2016-12-06
1794,SMA7001BEV72,cycle_backlog_exact_model,1,0,0,0,old-10-PDF-grid-3-0-2,原件/免征目录/mf_batch10.pdf,ac1b1ad2605b4f24762fb1f01cea64b685393577d01648618fa1882bb5700ac3,2017-04-27
1795,SMA7001BEV73,cycle_backlog_exact_model,1,0,0,0,old-09-PDF-grid-3-0-18,原件/免征目录/mf_batch09.pdf,7eea7200c04fefec34f6ae6db5a1bae77f82a534348f266e95575cae051c8c8c,2016-12-06
1796,SMA7001BEV75,cycle_backlog_exact_model,1,0,0,0,old-14-Word97--0-23,原件/免征目录/mf_batch14.docx,6a48764b5ccb7c4ffa6f54daa44d3a42095b8a981fc982e774ddaaded41e9921,2017-12-05
1797,SMA7001BEV76,cycle_backlog_exact_model,1,0,0,0,old-14-Word97--0-24,原件/免征目录/mf_batch14.docx,6a48764b5ccb7c4ffa6f54daa44d3a42095b8a981fc982e774ddaaded41e9921,2017-12-05
1798,SMA7002BEV05,cycle_backlog_exact_model,1,0,0,0,old-04-PDF-grid-2-0-6,原件/免征目录/mf_batch04.pdf,7539cd299efb49a366656a4da32393075bcb03a5e10ea54e975f82f6099d9c81,2015-05-08
1799,SP100D5,cycle_backlog_exact_model,1,0,0,0,old-26-DOCX--0-74,原件/免征目录/mf_batch26.docx,de0890335ef3a4f1302a8a0735ec8b6aed52e994e2635db481820060d62248b5,2019-08-30
1800,SQJ6420BEV,cycle_backlog_exact_model,1,0,0,0,old-06-PDF-grid-2-0-9,原件/免征目录/mf_batch06.pdf,df226dc3953484911afdd265072593abc08c9f66d52a1df7492e215ce15c9b54,2015-11-25
1801,SQJ6440C1BEV,cycle_backlog_exact_model,1,0,0,0,old-30-Word97--0-4,原件/免征目录/mf_batch30.doc,e7fa3b47858ec2035b8055bc15be00b2b26920a5e8d3cad481058a80b92ead24,2020-03-13
1802,SQJ6450C3BEV,cycle_backlog_exact_model,1,0,0,0,old-20-DOCX--0-65,原件/免征目录/mf_batch20.docx,374d3f87551d75d1c163e76abb38f350ea93f8a2b8cad6174568c307d1cc0130,2018-09-19
1803,SQJ6450C4BEV,cycle_backlog_exact_model,1,0,0,0,old-22-Word97--0-45,原件/免征目录/mf_batch22.doc,eaf3fc1e64742af85b3d4bc90388d0a93154a497fd6c1fb9bf73b857672e1212,2018-12-18
1804,SQJ6450C5BEV,cycle_backlog_exact_model,1,0,0,0,old-26-DOCX--0-5,原件/免征目录/mf_batch26.docx,de0890335ef3a4f1302a8a0735ec8b6aed52e994e2635db481820060d62248b5,2019-08-30
1805,SQJ6450C6BEV,cycle_backlog_exact_model,1,0,0,0,mf29-t0-r20,原件/mf_batch29.doc,8d24a01958cc6d44fa7826ecbb6a76869b9a0f2c98b97597d57af02932f2afaf,2019-12-27
1806,SQJ6460B1BEV,cycle_backlog_exact_model,1,0,0,0,old-09-PDF-grid-3-0-5,原件/免征目录/mf_batch09.pdf,7eea7200c04fefec34f6ae6db5a1bae77f82a534348f266e95575cae051c8c8c,2016-12-06
1807,SQJ6460B2BEV,cycle_backlog_exact_model,1,0,0,0,old-10-PDF-grid-2-0-19,原件/免征目录/mf_batch10.pdf,ac1b1ad2605b4f24762fb1f01cea64b685393577d01648618fa1882bb5700ac3,2017-04-27
1808,SQJ6460B3BEV,cycle_backlog_exact_model,1,0,0,0,old-11-PDF-grid-2-0-13,原件/免征目录/mf_batch11.pdf,ec4f33e5e872841e6d1fa5d435793c285a15614ef2e64f39b9013389b5e51724,2017-07-06
1809,SQJ6460B4BEV,cycle_backlog_exact_model,1,0,0,0,old-13-PDF-grid-2-0-16,原件/免征目录/mf_batch13.pdf,e82c4f41c448edbb5269c95f2ff35d0c577f7ff0d12ff30b2d4c307a1aa31a6b,2017-10-30
1810,SQJ6460B5BEV,cycle_backlog_exact_model,1,0,0,0,old-18-Word97--0-47,原件/免征目录/mf_batch18.doc,43f5426f7f80996ee11a894710d7229c743abf7ad69ba239f61075e0a9ddd37a,2018-06-19
1811,SQJ6460B7BEV,cycle_backlog_exact_model,1,0,0,0,old-18-Word97--0-48,原件/免征目录/mf_batch18.doc,43f5426f7f80996ee11a894710d7229c743abf7ad69ba239f61075e0a9ddd37a,2018-06-19
1812,SQJ6460B9BEV,cycle_backlog_exact_model,1,0,0,0,old-22-Word97--0-46,原件/免征目录/mf_batch22.doc,eaf3fc1e64742af85b3d4bc90388d0a93154a497fd6c1fb9bf73b857672e1212,2018-12-18
1813,SQJ6460BEV,cycle_backlog_exact_model,1,0,0,0,old-04-PDF-grid-1-0-16,原件/免征目录/mf_batch04.pdf,7539cd299efb49a366656a4da32393075bcb03a5e10ea54e975f82f6099d9c81,2015-05-08
1814,SQJ6460M1BEV,cycle_backlog_exact_model,1,0,0,0,old-10-PDF-grid-2-0-20,原件/免征目录/mf_batch10.pdf,ac1b1ad2605b4f24762fb1f01cea64b685393577d01648618fa1882bb5700ac3,2017-04-27
1815,SQJ6460M3BEV,cycle_backlog_exact_model,1,0,0,0,old-18-Word97--0-49,原件/免征目录/mf_batch18.doc,43f5426f7f80996ee11a894710d7229c743abf7ad69ba239f61075e0a9ddd37a,2018-06-19
1816,SQJ6460M5BEV,cycle_backlog_exact_model,1,0,0,0,old-20-DOCX--0-67,原件/免征目录/mf_batch20.docx,374d3f87551d75d1c163e76abb38f350ea93f8a2b8cad6174568c307d1cc0130,2018-09-19
1817,SQJ6460M7BEV,cycle_backlog_exact_model,1,0,0,0,old-30-Word97--0-5,原件/免征目录/mf_batch30.doc,e7fa3b47858ec2035b8055bc15be00b2b26920a5e8d3cad481058a80b92ead24,2020-03-13
1818,SQJ7001A1BEV,cycle_backlog_exact_model,1,0,0,0,old-41-Word97--0-33,原件/免征目录/mf_batch41.doc,ba4634c0877ebf99f8e462013e4a07e40f57478a4aaf921801a6c85a49c42b7f,2021-03-31
1819,SQJ7001A2BEV,cycle_backlog_exact_model,1,0,0,0,old-42-Word97--0-44,原件/免征目录/mf_batch42.doc,fef4fd8ea19d773d368642e51a4bdb24c148530251a2240be4ff1358d5d41fab,2021-04-30
1820,SQJ7001A3BEV,cycle_backlog_exact_model,1,0,0,0,old-42-Word97--0-43,原件/免征目录/mf_batch42.doc,fef4fd8ea19d773d368642e51a4bdb24c148530251a2240be4ff1358d5d41fab,2021-04-30
1821,SQJ7001A4BEV,cycle_backlog_exact_model,1,0,0,0,old-42-Word97--0-41,原件/免征目录/mf_batch42.doc,fef4fd8ea19d773d368642e51a4bdb24c148530251a2240be4ff1358d5d41fab,2021-04-30
1822,SQJ7001A5BEV,cycle_backlog_exact_model,1,0,0,0,old-42-Word97--0-39,原件/免征目录/mf_batch42.doc,fef4fd8ea19d773d368642e51a4bdb24c148530251a2240be4ff1358d5d41fab,2021-04-30
1823,SQJ7001A6BEV,cycle_backlog_exact_model,1,0,0,0,old-42-Word97--0-37,原件/免征目录/mf_batch42.doc,fef4fd8ea19d773d368642e51a4bdb24c148530251a2240be4ff1358d5d41fab,2021-04-30
1824,SQJ7001A7BEV,cycle_backlog_exact_model,1,0,0,0,old-42-Word97--0-38,原件/免征目录/mf_batch42.doc,fef4fd8ea19d773d368642e51a4bdb24c148530251a2240be4ff1358d5d41fab,2021-04-30
1825,SQJ7001A8BEV,cycle_backlog_exact_model,1,0,0,0,old-42-Word97--0-40,原件/免征目录/mf_batch42.doc,fef4fd8ea19d773d368642e51a4bdb24c148530251a2240be4ff1358d5d41fab,2021-04-30
1826,SQJ7001A9BEV,cycle_backlog_exact_model,1,0,0,0,old-42-Word97--0-42,原件/免征目录/mf_batch42.doc,fef4fd8ea19d773d368642e51a4bdb24c148530251a2240be4ff1358d5d41fab,2021-04-30
1827,SQJ7001EK1BEV,cycle_backlog_exact_model,1,0,0,0,old-26-DOCX--0-6,原件/免征目录/mf_batch26.docx,de0890335ef3a4f1302a8a0735ec8b6aed52e994e2635db481820060d62248b5,2019-08-30
1828,SQJ7001SC1BEV,cycle_backlog_exact_model,1,0,0,0,old-26-DOCX--0-7,原件/免征目录/mf_batch26.docx,de0890335ef3a4f1302a8a0735ec8b6aed52e994e2635db481820060d62248b5,2019-08-30
1829,SQJ7001SC3BEV,cycle_backlog_exact_model,1,0,0,0,old-26-DOCX--0-8,原件/免征目录/mf_batch26.docx,de0890335ef3a4f1302a8a0735ec8b6aed52e994e2635db481820060d62248b5,2019-08-30
1830,SQJ7001SC5BEV,cycle_backlog_exact_model,1,0,0,0,old-30-Word97--0-6,原件/免征目录/mf_batch30.doc,e7fa3b47858ec2035b8055bc15be00b2b26920a5e8d3cad481058a80b92ead24,2020-03-13
1831,SQJ7001YAC1BEV,cycle_backlog_exact_model,1,0,1,0,old-54-Word97--0-8,原件/免征目录/mf_batch54.doc,e4ce106fc0fb21bc61cac40ff0de97e60dff2d18b5b7d24c494bb74873312fd7,2022-05-12
1832,SQJ7001YAC2BEV,cycle_backlog_exact_model,1,0,0,0,old-55-Word97--0-2,原件/免征目录/mf_batch55.doc,0457d0430e9e7f114c91341a715405c3933dd4783762cd74b9871e4918ba887f,2022-06-01
1833,SQJ7002YAC1BEV,cycle_backlog_exact_model,1,0,1,1,old-54-Word97--0-9,原件/免征目录/mf_batch54.doc,e4ce106fc0fb21bc61cac40ff0de97e60dff2d18b5b7d24c494bb74873312fd7,2022-05-12
1834,SQJ7002YAC2BEV,cycle_backlog_exact_model,1,0,0,0,old-57-Word97--0-4,原件/免征目录/mf_batch57.doc,96d9708a19952b23d71fc40e9976a33ae30ca118226a032954a93ab36f355f21,2022-08-10
1835,SQJ7002YAC3BEV,cycle_backlog_exact_model,1,0,0,0,old-57-Word97--0-3,原件/免征目录/mf_batch57.doc,96d9708a19952b23d71fc40e9976a33ae30ca118226a032954a93ab36f355f21,2022-08-10
1836,SQJ7002YAC4BEV,cycle_backlog_exact_model,1,0,0,0,old-57-Word97--0-2,原件/免征目录/mf_batch57.doc,96d9708a19952b23d71fc40e9976a33ae30ca118226a032954a93ab36f355f21,2022-08-10
1837,SQJ7002YACBEV,cycle_backlog_exact_model,1,0,1,1,old-54-Word97--0-7,原件/免征目录/mf_batch54.doc,e4ce106fc0fb21bc61cac40ff0de97e60dff2d18b5b7d24c494bb74873312fd7,2022-05-12
1838,SQR6440BEVK06,cycle_backlog_exact_model,1,0,0,0,old-07-PDF-grid-1-0-19,原件/免征目录/mf_batch07.pdf,ad8e7f0576c7261a718e5a561358462b598d617361c6f02d7a14fb2038b758b0,2016-04-15
1839,SQR6440BEVK08,cycle_backlog_exact_model,1,0,0,0,old-08-PDF-grid-2-0-5,原件/免征目录/mf_batch08.pdf,39b242717c026063c908426a890cd361f1165aa5729988d56303b2f8d5fb3b42,2016-06-16
1840,SQR6440BEVK081,cycle_backlog_exact_model,1,0,0,0,old-16-Word97--0-41,原件/免征目录/mf_batch16.docx,9db5ace6c1c59bd9636d48636f94fa77d2b6e0aa27b109421690ce6a8c4a3967,2018-02-13
1841,SQR6460BEVK09,cycle_backlog_exact_model,1,0,0,0,old-16-Word97--0-40,原件/免征目录/mf_batch16.docx,9db5ace6c1c59bd9636d48636f94fa77d2b6e0aa27b109421690ce6a8c4a3967,2018-02-13
1842,SQR6461BEVK09,cycle_backlog_exact_model,1,0,0,0,old-20-DOCX--0-43,原件/免征目录/mf_batch20.docx,374d3f87551d75d1c163e76abb38f350ea93f8a2b8cad6174568c307d1cc0130,2018-09-19
1843,SQR6461BEVK091,cycle_backlog_exact_model,1,0,0,0,old-20-DOCX--0-44,原件/免征目录/mf_batch20.docx,374d3f87551d75d1c163e76abb38f350ea93f8a2b8cad6174568c307d1cc0130,2018-09-19
1844,SQR6480BEVF11,cycle_backlog_exact_model,1,0,0,0,old-24-Word97--1-3,原件/免征目录/mf_batch24.wps,07775a0cb063fe0fce5880b9378dd1eb2522b725d645cabdee314d604779939d,2019-04-30
1845,SQR6481BEVF11,cycle_backlog_exact_model,1,0,0,0,old-48-Word97--0-31,原件/免征目录/mf_batch48.doc,ee5aa19736215cfcb3b76ffff90bcd0d9108c61758ccb756f7d4ad17e75a835c,2021-11-05
1846,SQR6500BEVE0Y,cycle_backlog_exact_model,1,0,0,0,old-71-Word97--0-46,原件/免征目录/mf_batch71.doc,b37b78b64b8ef7e12e6e95d6fd27a4a6e364c0c83ba403ffcf3bca82c60e3460,2023-11-20
1847,SQR6500BEVE0Y1,cycle_backlog_exact_model,1,0,0,0,old-71-Word97--0-47,原件/免征目录/mf_batch71.doc,b37b78b64b8ef7e12e6e95d6fd27a4a6e364c0c83ba403ffcf3bca82c60e3460,2023-11-20
1848,SQR6500BEVE0Y2,cycle_backlog_exact_model,1,0,0,0,old-71-Word97--0-50,原件/免征目录/mf_batch71.doc,b37b78b64b8ef7e12e6e95d6fd27a4a6e364c0c83ba403ffcf3bca82c60e3460,2023-11-20
1849,SQR6500BEVE0Y3,cycle_backlog_exact_model,1,0,0,0,old-71-Word97--0-45,原件/免征目录/mf_batch71.doc,b37b78b64b8ef7e12e6e95d6fd27a4a6e364c0c83ba403ffcf3bca82c60e3460,2023-11-20
1850,SQR6500BEVE0Y4,cycle_backlog_exact_model,1,0,0,0,old-71-Word97--0-49,原件/免征目录/mf_batch71.doc,b37b78b64b8ef7e12e6e95d6fd27a4a6e364c0c83ba403ffcf3bca82c60e3460,2023-11-20
1851,SQR7000BEVE03,cycle_backlog_exact_model,1,0,0,0,old-69-Word97--0-73,原件/免征目录/mf_batch69.doc,357d61a16c94488c9fdd761f393edb7029b05394ab06117abaebcba1a1e45546,2023-09-14
1852,SQR7000BEVE031,cycle_backlog_exact_model,1,0,0,0,old-69-Word97--0-75,原件/免征目录/mf_batch69.doc,357d61a16c94488c9fdd761f393edb7029b05394ab06117abaebcba1a1e45546,2023-09-14
1853,SQR7000BEVE032,cycle_backlog_exact_model,1,0,0,0,old-69-Word97--0-76,原件/免征目录/mf_batch69.doc,357d61a16c94488c9fdd761f393edb7029b05394ab06117abaebcba1a1e45546,2023-09-14
1854,SQR7000BEVE033,cycle_backlog_exact_model,1,0,0,0,old-69-Word97--0-74,原件/免征目录/mf_batch69.doc,357d61a16c94488c9fdd761f393edb7029b05394ab06117abaebcba1a1e45546,2023-09-14
1855,SQR7000BEVE035,cycle_backlog_exact_model,1,0,0,0,old-71-Word97--0-48,原件/免征目录/mf_batch71.doc,b37b78b64b8ef7e12e6e95d6fd27a4a6e364c0c83ba403ffcf3bca82c60e3460,2023-11-20
1856,SQR7000BEVEH3,cycle_backlog_exact_model,1,0,0,0,old-69-Word97--0-71,原件/免征目录/mf_batch69.doc,357d61a16c94488c9fdd761f393edb7029b05394ab06117abaebcba1a1e45546,2023-09-14
1857,SQR7000BEVEH31,cycle_backlog_exact_model,1,0,0,0,old-69-Word97--0-70,原件/免征目录/mf_batch69.doc,357d61a16c94488c9fdd761f393edb7029b05394ab06117abaebcba1a1e45546,2023-09-14
1858,SQR7000BEVEH32,cycle_backlog_exact_model,1,0,0,0,old-69-Word97--0-72,原件/免征目录/mf_batch69.doc,357d61a16c94488c9fdd761f393edb7029b05394ab06117abaebcba1a1e45546,2023-09-14
1859,SQR7000BEVJ00,cycle_backlog_exact_model,1,0,0,0,old-01-PDF-grid-1-0-12,原件/免征目录/mf_batch01.pdf,eac13628c37f01c4da157a2d1916d97acc81fdc295f18e1783549075ce7e5aa7,2014-08-27
1860,SQR7000BEVJ001,cycle_backlog_exact_model,1,0,0,0,old-08-PDF-grid-2-0-2,原件/免征目录/mf_batch08.pdf,39b242717c026063c908426a890cd361f1165aa5729988d56303b2f8d5fb3b42,2016-06-16
1861,SQR7000BEVJ002,cycle_backlog_exact_model,1,0,0,0,old-16-Word97--0-38,原件/免征目录/mf_batch16.docx,9db5ace6c1c59bd9636d48636f94fa77d2b6e0aa27b109421690ce6a8c4a3967,2018-02-13
1862,SQR7000BEVJ50,cycle_backlog_exact_model,1,0,0,0,old-09-PDF-grid-2-0-26,原件/免征目录/mf_batch09.pdf,7eea7200c04fefec34f6ae6db5a1bae77f82a534348f266e95575cae051c8c8c,2016-12-06
1863,SQR7000BEVJ60,cycle_backlog_exact_model,1,0,0,0,old-09-PDF-grid-2-0-25,原件/免征目录/mf_batch09.pdf,7eea7200c04fefec34f6ae6db5a1bae77f82a534348f266e95575cae051c8c8c,2016-12-06
1864,SQR7000BEVJ601,cycle_backlog_exact_model,1,0,0,0,old-10-PDF-grid-2-0-12,原件/免征目录/mf_batch10.pdf,ac1b1ad2605b4f24762fb1f01cea64b685393577d01648618fa1882bb5700ac3,2017-04-27
1865,SQR7000BEVJ602,cycle_backlog_exact_model,1,0,0,0,old-17-PDF-grid-2-0-12,原件/免征目录/mf_batch17.pdf,577a4ba9c586fe08565f6a60e6de5474698031566d8dcef484cd44335879e334,2018-04-16
1866,SQR7000BEVJ604,cycle_backlog_exact_model,1,0,0,0,old-19-DOCX--0-37,原件/免征目录/mf_batch19.docx,fafd1558aa0f21067847c19bdd0a95c79b919737be7b07b87c4538107fb2b8e3,2018-07-31
1867,SQR7000BEVJ605,cycle_backlog_exact_model,1,0,0,0,old-20-DOCX--0-41,原件/免征目录/mf_batch20.docx,374d3f87551d75d1c163e76abb38f350ea93f8a2b8cad6174568c307d1cc0130,2018-09-19
1868,SQR7000BEVJ606,cycle_backlog_exact_model,1,0,0,0,old-32-Word97--0-31,原件/免征目录/mf_batch32.doc,ad7c65b4831a05b7c70e1e73fe834aa9beed883c66f898e799fcbbeb43cc3d75,2020-06-02
1869,SQR7000BEVJ607,cycle_backlog_exact_model,1,0,0,0,old-36-Word97--0-28,原件/免征目录/mf_batch36.doc,05cfcfd9136685ad6d6e13b8228cd123cca109c26f43a4c71472016b5a610a9f,2020-10-30
1870,SQR7000BEVJ69,cycle_backlog_exact_model,1,0,0,0,old-10-PDF-grid-2-0-14,原件/免征目录/mf_batch10.pdf,ac1b1ad2605b4f24762fb1f01cea64b685393577d01648618fa1882bb5700ac3,2017-04-27
1871,SQR7000BEVJ691,cycle_backlog_exact_model,1,0,0,0,old-10-PDF-grid-2-0-13,原件/免征目录/mf_batch10.pdf,ac1b1ad2605b4f24762fb1f01cea64b685393577d01648618fa1882bb5700ac3,2017-04-27
1872,SQR7000BEVJ692,cycle_backlog_exact_model,1,0,0,0,old-18-Word97--0-55,原件/免征目录/mf_batch18.doc,43f5426f7f80996ee11a894710d7229c743abf7ad69ba239f61075e0a9ddd37a,2018-06-19
1873,SQR7000BEVJ694,cycle_backlog_exact_model,1,0,0,0,old-18-Word97--0-56,原件/免征目录/mf_batch18.doc,43f5426f7f80996ee11a894710d7229c743abf7ad69ba239f61075e0a9ddd37a,2018-06-19
1874,SQR7000BEVJ696,cycle_backlog_exact_model,1,0,0,0,old-23-Word97--0-50,原件/免征目录/mf_batch23.docx,87f838de0da3ba5887f77b2bf5c1dbf5b427e7cef896309a7084c11dd8f5efa0,2019-03-13
1875,SQR7000BEVJ721,cycle_backlog_exact_model,1,0,0,0,old-12-PDF-grid-2-0-10,原件/免征目录/mf_batch12.pdf,afbd7133ccf901dbdc065b2ff80768450dc901def8d216cf5bb87baa98f7a1e2,2017-09-05
1876,SQR7000BEVJ725,cycle_backlog_exact_model,1,0,0,0,old-16-Word97--0-39,原件/免征目录/mf_batch16.docx,9db5ace6c1c59bd9636d48636f94fa77d2b6e0aa27b109421690ce6a8c4a3967,2018-02-13
1877,SQR7000BEVJ726,cycle_backlog_exact_model,1,0,0,0,old-17-PDF-grid-2-0-13,原件/免征目录/mf_batch17.pdf,577a4ba9c586fe08565f6a60e6de5474698031566d8dcef484cd44335879e334,2018-04-16
1878,SQR7000BEVJ727,cycle_backlog_exact_model,1,0,0,0,old-19-DOCX--0-38,原件/免征目录/mf_batch19.docx,fafd1558aa0f21067847c19bdd0a95c79b919737be7b07b87c4538107fb2b8e3,2018-07-31
1879,SQR7000BEVJ728,cycle_backlog_exact_model,1,0,0,0,old-19-DOCX--0-39,原件/免征目录/mf_batch19.docx,fafd1558aa0f21067847c19bdd0a95c79b919737be7b07b87c4538107fb2b8e3,2018-07-31
1880,SQR7000BEVJ729,cycle_backlog_exact_model,1,0,0,0,old-19-DOCX--0-40,原件/免征目录/mf_batch19.docx,fafd1558aa0f21067847c19bdd0a95c79b919737be7b07b87c4538107fb2b8e3,2018-07-31
1881,SQR7000BEVS184,cycle_backlog_exact_model,1,0,0,0,old-01-PDF-grid-1-0-11,原件/免征目录/mf_batch01.pdf,eac13628c37f01c4da157a2d1916d97acc81fdc295f18e1783549075ce7e5aa7,2014-08-27
1882,SQR7000BEVT19,cycle_backlog_exact_model,1,0,0,0,old-23-Word97--0-51,原件/免征目录/mf_batch23.docx,87f838de0da3ba5887f77b2bf5c1dbf5b427e7cef896309a7084c11dd8f5efa0,2019-03-13
1883,SQR7000BEVT191,cycle_backlog_exact_model,1,0,0,0,old-23-Word97--0-52,原件/免征目录/mf_batch23.docx,87f838de0da3ba5887f77b2bf5c1dbf5b427e7cef896309a7084c11dd8f5efa0,2019-03-13
1884,SQR7000BEVT192,cycle_backlog_exact_model,1,0,0,0,old-33-Word97--0-56,原件/免征目录/mf_batch33.doc,ff98fbb1708c47cdcfc1e79e7a1647e72a7ae6d4255dce3b250d661001340c09,2020-07-21
1885,SQR7000BEVT193,cycle_backlog_exact_model,1,0,0,0,old-38-Word97--0-18,原件/免征目录/mf_batch38.doc,7c9def45fe5c40e4c5ffb483a1d1efd383c12cb16a5c4ba021d4ce28384776de,2020-12-30
1886,SQR7000BEVT194,cycle_backlog_exact_model,1,0,0,0,old-37-Word97--0-21,原件/免征目录/mf_batch37.doc,136057faede292d8070763e326c8dbdcddf3790653cc6879a13758f91556881f,2020-11-30
1887,SQR7000BEVT195,cycle_backlog_exact_model,1,0,0,0,old-37-Word97--0-22,原件/免征目录/mf_batch37.doc,136057faede292d8070763e326c8dbdcddf3790653cc6879a13758f91556881f,2020-11-30
1888,SQR7001BEVJ51,cycle_backlog_exact_model,1,0,0,0,old-09-PDF-grid-2-0-27,原件/免征目录/mf_batch09.pdf,7eea7200c04fefec34f6ae6db5a1bae77f82a534348f266e95575cae051c8c8c,2016-12-06
1889,SQR7001BEVJ693,cycle_backlog_exact_model,1,0,0,0,old-25-Word97--0-17,原件/免征目录/mf_batch25.wps,9d2abe319463522513fe9c90f98bb8d0a825b599267d0b3cc403cec9624b3297,2019-06-12
1890,SQR7001BEVJ72,cycle_backlog_exact_model,1,0,0,0,old-24-Word97--1-4,原件/免征目录/mf_batch24.wps,07775a0cb063fe0fce5880b9378dd1eb2522b725d645cabdee314d604779939d,2019-04-30
1891,SQR7003BEVJ51,cycle_backlog_exact_model,1,0,0,0,old-18-Word97--0-57,原件/免征目录/mf_batch18.doc,43f5426f7f80996ee11a894710d7229c743abf7ad69ba239f61075e0a9ddd37a,2018-06-19
1892,STJ6402EV,cycle_backlog_exact_model,1,0,0,0,old-04-PDF-grid-1-0-14,原件/免征目录/mf_batch04.pdf,7539cd299efb49a366656a4da32393075bcb03a5e10ea54e975f82f6099d9c81,2015-05-08
1893,STJ6407EV,cycle_backlog_exact_model,1,0,0,0,old-09-PDF-grid-3-0-4,原件/免征目录/mf_batch09.pdf,7eea7200c04fefec34f6ae6db5a1bae77f82a534348f266e95575cae051c8c8c,2016-12-06
1894,STJ6408EV,cycle_backlog_exact_model,1,0,0,0,old-20-DOCX--0-50,原件/免征目录/mf_batch20.docx,374d3f87551d75d1c163e76abb38f350ea93f8a2b8cad6174568c307d1cc0130,2018-09-19
1895,STJ6460EV1,cycle_backlog_exact_model,1,0,0,0,old-11-PDF-grid-2-0-3,原件/免征目录/mf_batch11.pdf,ec4f33e5e872841e6d1fa5d435793c285a15614ef2e64f39b9013389b5e51724,2017-07-06
1896,STJ6460EV5,cycle_backlog_exact_model,1,0,0,0,old-17-PDF-grid-2-0-14,原件/免征目录/mf_batch17.pdf,577a4ba9c586fe08565f6a60e6de5474698031566d8dcef484cd44335879e334,2018-04-16
1897,SVW6451AEV,cycle_backlog_exact_model,1,0,1,0,old-30-Word97--0-50,原件/免征目录/mf_batch30.doc,e7fa3b47858ec2035b8055bc15be00b2b26920a5e8d3cad481058a80b92ead24,2020-03-13
1898,SVW6461AEV,cycle_backlog_exact_model,1,0,0,0,old-40-Word97--0-24,原件/免征目录/mf_batch40.doc,93047c8e87a1f45948933ee36d00160788032370ecf11b551624e0ca45ecc1d1,2021-03-08
1899,SVW6461BEV,cycle_backlog_exact_model,1,0,0,0,old-33-Word97--0-7,原件/免征目录/mf_batch33.doc,ff98fbb1708c47cdcfc1e79e7a1647e72a7ae6d4255dce3b250d661001340c09,2020-07-21
1900,SVW6461CEV,cycle_backlog_exact_model,1,0,0,0,old-40-Word97--0-23,原件/免征目录/mf_batch40.doc,93047c8e87a1f45948933ee36d00160788032370ecf11b551624e0ca45ecc1d1,2021-03-08
1901,SVW6461DEV,cycle_backlog_exact_model,1,0,0,0,old-56-Word97--0-29,原件/免征目录/mf_batch56.doc,cbffdc0819640e8f18c11a2a277b26b2e043c81406533457ff225f4df1c6c068,2022-07-08
1902,SVW6461EEV,cycle_backlog_exact_model,1,0,0,0,old-56-Word97--0-28,原件/免征目录/mf_batch56.doc,cbffdc0819640e8f18c11a2a277b26b2e043c81406533457ff225f4df1c6c068,2022-07-08
1903,SVW6461FEV,cycle_backlog_exact_model,1,0,0,0,old-71-Word97--0-23,原件/免征目录/mf_batch71.doc,b37b78b64b8ef7e12e6e95d6fd27a4a6e364c0c83ba403ffcf3bca82c60e3460,2023-11-20
1904,SVW6461GEV,cycle_backlog_exact_model,1,0,0,0,old-71-Word97--0-24,原件/免征目录/mf_batch71.doc,b37b78b64b8ef7e12e6e95d6fd27a4a6e364c0c83ba403ffcf3bca82c60e3460,2023-11-20
1905,SVW6492AEV,cycle_backlog_exact_model,1,0,0,0,old-42-Word97--0-48,原件/免征目录/mf_batch42.doc,fef4fd8ea19d773d368642e51a4bdb24c148530251a2240be4ff1358d5d41fab,2021-04-30
1906,SVW6492BEV,cycle_backlog_exact_model,1,0,0,0,old-40-Word97--0-22,原件/免征目录/mf_batch40.doc,93047c8e87a1f45948933ee36d00160788032370ecf11b551624e0ca45ecc1d1,2021-03-08
1907,SVW6492CEV,cycle_backlog_exact_model,1,0,0,0,old-42-Word97--0-47,原件/免征目录/mf_batch42.doc,fef4fd8ea19d773d368642e51a4bdb24c148530251a2240be4ff1358d5d41fab,2021-04-30
1908,SVW6492DEV,cycle_backlog_exact_model,1,0,0,0,old-56-Word97--0-26,原件/免征目录/mf_batch56.doc,cbffdc0819640e8f18c11a2a277b26b2e043c81406533457ff225f4df1c6c068,2022-07-08
1909,SVW6492EEV,cycle_backlog_exact_model,1,0,0,0,old-56-Word97--0-30,原件/免征目录/mf_batch56.doc,cbffdc0819640e8f18c11a2a277b26b2e043c81406533457ff225f4df1c6c068,2022-07-08
1910,SVW6492FEV,cycle_backlog_exact_model,1,0,0,0,old-71-Word97--0-22,原件/免征目录/mf_batch71.doc,b37b78b64b8ef7e12e6e95d6fd27a4a6e364c0c83ba403ffcf3bca82c60e3460,2023-11-20
1911,SVW6492GEV,cycle_backlog_exact_model,1,0,0,0,old-71-Word97--0-20,原件/免征目录/mf_batch71.doc,b37b78b64b8ef7e12e6e95d6fd27a4a6e364c0c83ba403ffcf3bca82c60e3460,2023-11-20
1912,SVW6492HEV,cycle_backlog_exact_model,1,0,0,0,old-71-Word97--0-21,原件/免征目录/mf_batch71.doc,b37b78b64b8ef7e12e6e95d6fd27a4a6e364c0c83ba403ffcf3bca82c60e3460,2023-11-20
1913,SVW6493AEV,cycle_backlog_exact_model,1,0,0,0,old-46-Word97--0-61,原件/免征目录/mf_batch46.doc,a4b2048b3d5c29a8969f0348e9fd19a3293f0c23e6f37a48bf42a2ed70c7d37d,2021-09-10
1914,SVW6493BEV,cycle_backlog_exact_model,1,0,0,0,old-46-Word97--0-57,原件/免征目录/mf_batch46.doc,a4b2048b3d5c29a8969f0348e9fd19a3293f0c23e6f37a48bf42a2ed70c7d37d,2021-09-10
1915,SVW6493CEV,cycle_backlog_exact_model,1,0,0,0,old-46-Word97--0-59,原件/免征目录/mf_batch46.doc,a4b2048b3d5c29a8969f0348e9fd19a3293f0c23e6f37a48bf42a2ed70c7d37d,2021-09-10
1916,SVW6493DEV,cycle_backlog_exact_model,1,0,0,0,old-46-Word97--0-60,原件/免征目录/mf_batch46.doc,a4b2048b3d5c29a8969f0348e9fd19a3293f0c23e6f37a48bf42a2ed70c7d37d,2021-09-10
1917,SVW6493EEV,cycle_backlog_exact_model,1,0,0,0,old-46-Word97--0-58,原件/免征目录/mf_batch46.doc,a4b2048b3d5c29a8969f0348e9fd19a3293f0c23e6f37a48bf42a2ed70c7d37d,2021-09-10
1918,SVW6493FEV,cycle_backlog_exact_model,1,0,0,0,old-57-Word97--0-23,原件/免征目录/mf_batch57.doc,96d9708a19952b23d71fc40e9976a33ae30ca118226a032954a93ab36f355f21,2022-08-10
1919,SVW6493GEV,cycle_backlog_exact_model,1,0,0,0,old-71-Word97--0-25,原件/免征目录/mf_batch71.doc,b37b78b64b8ef7e12e6e95d6fd27a4a6e364c0c83ba403ffcf3bca82c60e3460,2023-11-20
1920,SVW6493HEV,cycle_backlog_exact_model,1,0,0,0,old-71-Word97--0-26,原件/免征目录/mf_batch71.doc,b37b78b64b8ef7e12e6e95d6fd27a4a6e364c0c83ba403ffcf3bca82c60e3460,2023-11-20
1921,SVW6493JEV,cycle_backlog_exact_model,1,0,0,0,old-71-Word97--0-27,原件/免征目录/mf_batch71.doc,b37b78b64b8ef7e12e6e95d6fd27a4a6e364c0c83ba403ffcf3bca82c60e3460,2023-11-20
1922,SVW7000AEV,cycle_backlog_exact_model,1,0,0,0,old-44-Word97--0-51,原件/免征目录/mf_batch44.doc,aea30846204f4e55c0d969450f1619e1649eb27f471d5b0a2636d0da77eb0611,2021-07-12
1923,SVW7000BEV,cycle_backlog_exact_model,1,0,0,0,old-56-Word97--0-27,原件/免征目录/mf_batch56.doc,cbffdc0819640e8f18c11a2a277b26b2e043c81406533457ff225f4df1c6c068,2022-07-08
1924,SVW7001AEV,cycle_backlog_exact_model,1,0,0,0,old-22-Word97--0-6,原件/免征目录/mf_batch22.doc,eaf3fc1e64742af85b3d4bc90388d0a93154a497fd6c1fb9bf73b857672e1212,2018-12-18
1925,SVW7002AEV,cycle_backlog_exact_model,1,0,0,0,old-23-Word97--0-54,原件/免征目录/mf_batch23.docx,87f838de0da3ba5887f77b2bf5c1dbf5b427e7cef896309a7084c11dd8f5efa0,2019-03-13
1926,SVW7003AEV,cycle_backlog_exact_model,1,0,0,0,old-26-DOCX--0-39,原件/免征目录/mf_batch26.docx,de0890335ef3a4f1302a8a0735ec8b6aed52e994e2635db481820060d62248b5,2019-08-30
1927,SVW7005AEV,cycle_backlog_exact_model,1,0,1,0,old-30-Word97--0-51,原件/免征目录/mf_batch30.doc,e7fa3b47858ec2035b8055bc15be00b2b26920a5e8d3cad481058a80b92ead24,2020-03-13
1928,SY6470BEVD1AL,cycle_backlog_exact_model,1,0,0,0,old-24-Word97--0-3,原件/免征目录/mf_batch24.wps,07775a0cb063fe0fce5880b9378dd1eb2522b725d645cabdee314d604779939d,2019-04-30
1929,SY7000BEVDAC,cycle_backlog_exact_model,1,0,0,0,old-27-Word97--0-16,原件/免征目录/mf_batch27.doc,2bd67cf7e1efc03ae93942d0d340ffef87478709520383b6ee4d08baf843ead1,2019-10-25
1930,SY7000BEVDAE1,cycle_backlog_exact_model,1,0,0,0,old-04-PDF-grid-1-0-11,原件/免征目录/mf_batch04.pdf,7539cd299efb49a366656a4da32393075bcb03a5e10ea54e975f82f6099d9c81,2015-05-08
1931,SY7001BEVDXAA,cycle_backlog_exact_model,1,0,0,0,old-37-Word97--0-18,原件/免征目录/mf_batch37.doc,136057faede292d8070763e326c8dbdcddf3790653cc6879a13758f91556881f,2020-11-30
1932,SY7001BEVDXAA1,cycle_backlog_exact_model,1,0,0,0,old-42-Word97--0-31,原件/免征目录/mf_batch42.doc,fef4fd8ea19d773d368642e51a4bdb24c148530251a2240be4ff1358d5d41fab,2021-04-30
1933,SZS6460A05BEV,cycle_backlog_exact_model,1,0,0,0,old-19-DOCX--0-46,原件/免征目录/mf_batch19.docx,fafd1558aa0f21067847c19bdd0a95c79b919737be7b07b87c4538107fb2b8e3,2018-07-31
1934,SZS6460A06BEV,cycle_backlog_exact_model,1,0,0,0,old-19-DOCX--0-47,原件/免征目录/mf_batch19.docx,fafd1558aa0f21067847c19bdd0a95c79b919737be7b07b87c4538107fb2b8e3,2018-07-31
1935,SZS6460A07BEV,cycle_backlog_exact_model,1,0,0,0,old-20-DOCX--0-68,原件/免征目录/mf_batch20.docx,374d3f87551d75d1c163e76abb38f350ea93f8a2b8cad6174568c307d1cc0130,2018-09-19
1936,SZS6460A11BEV,cycle_backlog_exact_model,1,0,0,0,old-21-DOCX--0-21,原件/免征目录/mf_batch21.docx,cd981cecffd781db646c194ab2c853b0466cc86eea0f616e95300b88932b8d9b,2018-11-06
1937,SZS6460A12BEV,cycle_backlog_exact_model,1,0,0,0,old-20-DOCX--0-70,原件/免征目录/mf_batch20.docx,374d3f87551d75d1c163e76abb38f350ea93f8a2b8cad6174568c307d1cc0130,2018-09-19
1938,SZS6460A13BEV,cycle_backlog_exact_model,1,0,0,0,old-20-DOCX--0-71,原件/免征目录/mf_batch20.docx,374d3f87551d75d1c163e76abb38f350ea93f8a2b8cad6174568c307d1cc0130,2018-09-19
1939,SZS6460A14BEV,cycle_backlog_exact_model,1,0,0,0,old-21-DOCX--0-22,原件/免征目录/mf_batch21.docx,cd981cecffd781db646c194ab2c853b0466cc86eea0f616e95300b88932b8d9b,2018-11-06
1940,SZS6460A20BEV,cycle_backlog_exact_model,1,0,0,0,old-24-Word97--2-19,原件/免征目录/mf_batch24.wps,07775a0cb063fe0fce5880b9378dd1eb2522b725d645cabdee314d604779939d,2019-04-30
1941,SZS6460A21BEV,cycle_backlog_exact_model,1,0,0,0,old-24-Word97--2-20,原件/免征目录/mf_batch24.wps,07775a0cb063fe0fce5880b9378dd1eb2522b725d645cabdee314d604779939d,2019-04-30
1942,SZS6460A25BEV,cycle_backlog_exact_model,1,0,0,0,old-24-Word97--3-3,原件/免征目录/mf_batch24.wps,07775a0cb063fe0fce5880b9378dd1eb2522b725d645cabdee314d604779939d,2019-04-30
1943,SZS6460A27BEV,cycle_backlog_exact_model,1,0,0,0,old-31-Word97--0-6,原件/免征目录/mf_batch31.doc,e1ccec4a87ab96ca346e5756d6b14369eb9727ec2c2cfd03c1182a592ddd3bee,2020-04-24
1944,SZS6460A28BEV,cycle_backlog_exact_model,1,0,0,0,old-28-Word97--0-7,原件/免征目录/mf_batch28.doc,dfe1b301a5e8373e94e0e4a2fccee3d258c56bb662e4928764a71274142acd72,2019-12-10
1945,SZS6460A29BEV,cycle_backlog_exact_model,1,0,0,0,old-37-Word97--0-23,原件/免征目录/mf_batch37.doc,136057faede292d8070763e326c8dbdcddf3790653cc6879a13758f91556881f,2020-11-30
1946,SZS6460A30BEV,cycle_backlog_exact_model,1,0,0,0,old-25-Word97--0-68,原件/免征目录/mf_batch25.wps,9d2abe319463522513fe9c90f98bb8d0a825b599267d0b3cc403cec9624b3297,2019-06-12
1947,SZS6460A33BEV,cycle_backlog_exact_model,1,0,1,0,old-31-Word97--0-7,原件/免征目录/mf_batch31.doc,e1ccec4a87ab96ca346e5756d6b14369eb9727ec2c2cfd03c1182a592ddd3bee,2020-04-24
1948,SZS6460A35BEV,cycle_backlog_exact_model,1,0,0,0,old-30-Word97--0-45,原件/免征目录/mf_batch30.doc,e7fa3b47858ec2035b8055bc15be00b2b26920a5e8d3cad481058a80b92ead24,2020-03-13
1949,SZS6460A36BEV,cycle_backlog_exact_model,1,0,0,0,mf29-t0-r7,原件/mf_batch29.doc,8d24a01958cc6d44fa7826ecbb6a76869b9a0f2c98b97597d57af02932f2afaf,2019-12-27
1950,SZS6460A37BEV,cycle_backlog_exact_model,1,0,0,0,old-34-Word97--0-21,原件/免征目录/mf_batch34.doc,d5c5bb03cc5fe0f16b284048e265ad35d62c12c0416f14aef0ce026a229aa831,2020-08-24
1951,SZS6460A38BEV,cycle_backlog_exact_model,1,0,0,0,mf29-t0-r8,原件/mf_batch29.doc,8d24a01958cc6d44fa7826ecbb6a76869b9a0f2c98b97597d57af02932f2afaf,2019-12-27
1952,SZS6460A39BEV,cycle_backlog_exact_model,1,0,0,0,mf29-t0-r9,原件/mf_batch29.doc,8d24a01958cc6d44fa7826ecbb6a76869b9a0f2c98b97597d57af02932f2afaf,2019-12-27
1953,SZS6460A50BEV,cycle_backlog_exact_model,1,0,0,0,old-34-Word97--0-22,原件/免征目录/mf_batch34.doc,d5c5bb03cc5fe0f16b284048e265ad35d62c12c0416f14aef0ce026a229aa831,2020-08-24
1954,SZS6460A51BEV,cycle_backlog_exact_model,1,0,0,0,old-34-Word97--0-23,原件/免征目录/mf_batch34.doc,d5c5bb03cc5fe0f16b284048e265ad35d62c12c0416f14aef0ce026a229aa831,2020-08-24
1955,SZS6460A52BEV,cycle_backlog_exact_model,1,0,0,0,old-35-Word97--0-22,原件/免征目录/mf_batch35.wps,e4a6abd0e50daa81d029f8b37584511354700e855dc89de210fcba782b0643f0,2020-09-21
1956,SZS6460A53BEV,cycle_backlog_exact_model,1,0,0,0,old-35-Word97--0-23,原件/免征目录/mf_batch35.wps,e4a6abd0e50daa81d029f8b37584511354700e855dc89de210fcba782b0643f0,2020-09-21
1957,SZS6460A54BEV,cycle_backlog_exact_model,1,0,0,0,old-37-Word97--0-24,原件/免征目录/mf_batch37.doc,136057faede292d8070763e326c8dbdcddf3790653cc6879a13758f91556881f,2020-11-30
1958,SZS6460A55BEV,cycle_backlog_exact_model,1,0,0,0,old-38-Word97--0-11,原件/免征目录/mf_batch38.doc,7c9def45fe5c40e4c5ffb483a1d1efd383c12cb16a5c4ba021d4ce28384776de,2020-12-30
1959,SZS6460A56BEV,cycle_backlog_exact_model,1,0,0,0,old-39-Word97--0-16,原件/免征目录/mf_batch39.doc,48158862f567d71b07ac0a7a60c2c3bc6d2bb44dd5a86290b0b809d757a9eb07,2021-01-29
1960,SZS6460A57BEV,cycle_backlog_exact_model,1,0,0,0,old-39-Word97--0-15,原件/免征目录/mf_batch39.doc,48158862f567d71b07ac0a7a60c2c3bc6d2bb44dd5a86290b0b809d757a9eb07,2021-01-29
1961,SZS6460A58BEV,cycle_backlog_exact_model,1,0,0,0,old-42-Word97--0-28,原件/免征目录/mf_batch42.doc,fef4fd8ea19d773d368642e51a4bdb24c148530251a2240be4ff1358d5d41fab,2021-04-30
1962,SZS6460A59BEV,cycle_backlog_exact_model,1,0,0,0,old-42-Word97--0-29,原件/免征目录/mf_batch42.doc,fef4fd8ea19d773d368642e51a4bdb24c148530251a2240be4ff1358d5d41fab,2021-04-30
1963,SZS6480A01BEV,cycle_backlog_exact_model,1,0,0,0,old-25-Word97--0-69,原件/免征目录/mf_batch25.wps,9d2abe319463522513fe9c90f98bb8d0a825b599267d0b3cc403cec9624b3297,2019-06-12
1964,SZS6480A03BEV,cycle_backlog_exact_model,1,0,0,0,old-26-DOCX--0-38,原件/免征目录/mf_batch26.docx,de0890335ef3a4f1302a8a0735ec8b6aed52e994e2635db481820060d62248b5,2019-08-30
1965,SZS6480A04BEV,cycle_backlog_exact_model,1,0,0,0,mf29-t0-r10,原件/mf_batch29.doc,8d24a01958cc6d44fa7826ecbb6a76869b9a0f2c98b97597d57af02932f2afaf,2019-12-27
1966,SZS6480A07BEV,cycle_backlog_exact_model,1,0,0,0,old-31-Word97--0-8,原件/免征目录/mf_batch31.doc,e1ccec4a87ab96ca346e5756d6b14369eb9727ec2c2cfd03c1182a592ddd3bee,2020-04-24
1967,SZS6480A08BEV,cycle_backlog_exact_model,1,0,1,0,old-31-Word97--0-9,原件/免征目录/mf_batch31.doc,e1ccec4a87ab96ca346e5756d6b14369eb9727ec2c2cfd03c1182a592ddd3bee,2020-04-24
1968,SZS7000A01BEV,cycle_backlog_exact_model,1,0,0,0,old-44-Word97--0-24,原件/免征目录/mf_batch44.doc,aea30846204f4e55c0d969450f1619e1649eb27f471d5b0a2636d0da77eb0611,2021-07-12
1969,SZS7000A02BEV,cycle_backlog_exact_model,1,0,0,0,old-44-Word97--0-26,原件/免征目录/mf_batch44.doc,aea30846204f4e55c0d969450f1619e1649eb27f471d5b0a2636d0da77eb0611,2021-07-12
1970,SZS7000A03BEV,cycle_backlog_exact_model,1,0,0,0,old-44-Word97--0-25,原件/免征目录/mf_batch44.doc,aea30846204f4e55c0d969450f1619e1649eb27f471d5b0a2636d0da77eb0611,2021-07-12
1971,SZS7000A04BEV,cycle_backlog_exact_model,1,0,0,0,old-45-Word97--0-19,原件/免征目录/mf_batch45.doc,56f5e7c5fd36e990024f8121006a76da260361f4e4660846e78255d007126f7a,2021-08-10
1972,SZS7000A05BEV,cycle_backlog_exact_model,1,0,0,0,old-47-Word97--0-21,原件/免征目录/mf_batch47.doc,fb4517fe8220b10bc435a77a5328df13c732c70b335942dfad0ae9394affe9b4,2021-09-30
1973,SZS7000A20BEV,cycle_backlog_exact_model,1,0,0,0,old-49-Word97--0-16,原件/免征目录/mf_batch49.doc,c7a56509a4d9272982da0abc9d1ea213ee1fbea3d0f1edad124630c9b5e3474e,2021-12-08
1974,TAYCAN4D112,cycle_backlog_exact_model,1,0,0,0,old-60-Word97--0-7,原件/免征目录/mf_batch60.doc,aabd19e9a0955380873798454b18b3bb15c87937dffcbb0ccfab2eae3bf3551b,2022-11-09
1975,TAYCAN4SC111,cycle_backlog_exact_model,1,0,0,0,old-39-Word97--0-36,原件/免征目录/mf_batch39.doc,48158862f567d71b07ac0a7a60c2c3bc6d2bb44dd5a86290b0b809d757a9eb07,2021-01-29
1976,TAYCAN4SD111,cycle_backlog_exact_model,1,0,0,0,old-60-Word97--0-6,原件/免征目录/mf_batch60.doc,aabd19e9a0955380873798454b18b3bb15c87937dffcbb0ccfab2eae3bf3551b,2022-11-09
1977,TAYCAN4SD112,cycle_backlog_exact_model,1,0,0,0,old-60-Word97--0-5,原件/免征目录/mf_batch60.doc,aabd19e9a0955380873798454b18b3bb15c87937dffcbb0ccfab2eae3bf3551b,2022-11-09
1978,TAYCANC111,cycle_backlog_exact_model,1,0,0,0,old-46-Word97--0-8,原件/免征目录/mf_batch46.doc,a4b2048b3d5c29a8969f0348e9fd19a3293f0c23e6f37a48bf42a2ed70c7d37d,2021-09-10
1979,TAYCAND111,cycle_backlog_exact_model,1,0,0,0,old-46-Word97--0-7,原件/免征目录/mf_batch46.doc,a4b2048b3d5c29a8969f0348e9fd19a3293f0c23e6f37a48bf42a2ed70c7d37d,2021-09-10
1980,TAYCANGTSD111,cycle_backlog_exact_model,1,0,0,0,old-58-Word97--0-2,原件/免征目录/mf_batch58.doc,b642358bb3078d2dde909a798935c0c1fc75d90f22b33f7c48aa87209acc100d,2022-09-16
1981,THZ6450BEVS303,cycle_backlog_exact_model,1,0,0,0,old-32-Word97--0-42,原件/免征目录/mf_batch32.doc,ad7c65b4831a05b7c70e1e73fe834aa9beed883c66f898e799fcbbeb43cc3d75,2020-06-02
1982,THZ6450BEVS304,cycle_backlog_exact_model,1,0,0,0,old-28-Word97--0-20,原件/免征目录/mf_batch28.doc,dfe1b301a5e8373e94e0e4a2fccee3d258c56bb662e4928764a71274142acd72,2019-12-10
1983,THZ6450BEVS305,cycle_backlog_exact_model,1,0,0,0,mf29-t0-r24,原件/mf_batch29.doc,8d24a01958cc6d44fa7826ecbb6a76869b9a0f2c98b97597d57af02932f2afaf,2019-12-27
1984,THZ6450BEVS307,cycle_backlog_exact_model,1,0,0,0,old-32-Word97--0-43,原件/免征目录/mf_batch32.doc,ad7c65b4831a05b7c70e1e73fe834aa9beed883c66f898e799fcbbeb43cc3d75,2020-06-02
1985,THZ6450BEVS308,cycle_backlog_exact_model,1,0,0,0,old-32-Word97--0-44,原件/免征目录/mf_batch32.doc,ad7c65b4831a05b7c70e1e73fe834aa9beed883c66f898e799fcbbeb43cc3d75,2020-06-02
1986,THZ6450BEVS309,cycle_backlog_exact_model,1,0,0,0,old-32-Word97--0-45,原件/免征目录/mf_batch32.doc,ad7c65b4831a05b7c70e1e73fe834aa9beed883c66f898e799fcbbeb43cc3d75,2020-06-02
1987,THZ6450BEVS30A,cycle_backlog_exact_model,1,0,0,0,old-39-Word97--0-5,原件/免征目录/mf_batch39.doc,48158862f567d71b07ac0a7a60c2c3bc6d2bb44dd5a86290b0b809d757a9eb07,2021-01-29
1988,THZ6450BEVS30B,cycle_backlog_exact_model,1,0,0,0,old-38-Word97--0-16,原件/免征目录/mf_batch38.doc,7c9def45fe5c40e4c5ffb483a1d1efd383c12cb16a5c4ba021d4ce28384776de,2020-12-30
1989,THZ6450BEVS30C,cycle_backlog_exact_model,1,0,0,0,old-39-Word97--0-6,原件/免征目录/mf_batch39.doc,48158862f567d71b07ac0a7a60c2c3bc6d2bb44dd5a86290b0b809d757a9eb07,2021-01-29
1990,THZ6450BEVS30D,cycle_backlog_exact_model,1,0,0,0,old-46-Word97--0-5,原件/免征目录/mf_batch46.doc,a4b2048b3d5c29a8969f0348e9fd19a3293f0c23e6f37a48bf42a2ed70c7d37d,2021-09-10
1991,THZ6450BEVS30E,cycle_backlog_exact_model,1,0,0,0,old-46-Word97--0-2,原件/免征目录/mf_batch46.doc,a4b2048b3d5c29a8969f0348e9fd19a3293f0c23e6f37a48bf42a2ed70c7d37d,2021-09-10
1992,THZ6450BEVS30F,cycle_backlog_exact_model,1,0,0,0,old-48-Word97--0-6,原件/免征目录/mf_batch48.doc,ee5aa19736215cfcb3b76ffff90bcd0d9108c61758ccb756f7d4ad17e75a835c,2021-11-05
1993,THZ6450BEVS30G,cycle_backlog_exact_model,1,0,0,0,old-48-Word97--0-9,原件/免征目录/mf_batch48.doc,ee5aa19736215cfcb3b76ffff90bcd0d9108c61758ccb756f7d4ad17e75a835c,2021-11-05
1994,THZ6450BEVS30H,cycle_backlog_exact_model,1,0,0,0,old-50-Word97--0-8,原件/免征目录/mf_batch50.doc,3810672d92621612507384960254de602e629e75a308df22ee2291519445095e,2021-12-29
1995,THZ6450BEVS30J,cycle_backlog_exact_model,1,0,0,0,old-50-Word97--0-5,原件/免征目录/mf_batch50.doc,3810672d92621612507384960254de602e629e75a308df22ee2291519445095e,2021-12-29
1996,THZ6450SEVS301,cycle_backlog_exact_model,1,0,0,0,old-44-Word97--0-5,原件/免征目录/mf_batch44.doc,aea30846204f4e55c0d969450f1619e1649eb27f471d5b0a2636d0da77eb0611,2021-07-12
1997,THZ6450SEVS302,cycle_backlog_exact_model,1,0,0,0,old-46-Word97--0-6,原件/免征目录/mf_batch46.doc,a4b2048b3d5c29a8969f0348e9fd19a3293f0c23e6f37a48bf42a2ed70c7d37d,2021-09-10
1998,THZ6450SEVS30M,cycle_backlog_exact_model,1,0,0,0,old-65-Word97--0-46,原件/免征目录/mf_batch65.doc,06a6a578a9a60516a845bc92deac49954438a789e9e4a7cf3cd140f256d9b13d,2023-05-09
1999,THZ6451BEVS307,cycle_backlog_exact_model,1,0,0,0,old-44-Word97--0-8,原件/免征目录/mf_batch44.doc,aea30846204f4e55c0d969450f1619e1649eb27f471d5b0a2636d0da77eb0611,2021-07-12
2000,THZ6451BEVS30A,cycle_backlog_exact_model,1,0,0,0,old-56-Word97--0-16,原件/免征目录/mf_batch56.doc,cbffdc0819640e8f18c11a2a277b26b2e043c81406533457ff225f4df1c6c068,2022-07-08
2001,THZ6451BEVS30J,cycle_backlog_exact_model,1,0,0,0,old-50-Word97--0-7,原件/免征目录/mf_batch50.doc,3810672d92621612507384960254de602e629e75a308df22ee2291519445095e,2021-12-29
2002,THZ6452BEVS307,cycle_backlog_exact_model,1,0,0,0,old-46-Word97--0-3,原件/免征目录/mf_batch46.doc,a4b2048b3d5c29a8969f0348e9fd19a3293f0c23e6f37a48bf42a2ed70c7d37d,2021-09-10
2003,THZ6460BEVS301,cycle_backlog_exact_model,1,0,0,0,old-48-Word97--0-7,原件/免征目录/mf_batch48.doc,ee5aa19736215cfcb3b76ffff90bcd0d9108c61758ccb756f7d4ad17e75a835c,2021-11-05
2004,THZ6460BEVS302,cycle_backlog_exact_model,1,0,0,0,old-48-Word97--0-8,原件/免征目录/mf_batch48.doc,ee5aa19736215cfcb3b76ffff90bcd0d9108c61758ccb756f7d4ad17e75a835c,2021-11-05
2005,THZ6460BEVS30K,cycle_backlog_exact_model,1,0,0,0,old-64-Word97--0-40,原件/免征目录/mf_batch64.doc,c4e238989e7e40ec2c3a6a899ead170b4a745bc72546ba6fd4a5731d8890c6cb,2023-04-17
2006,THZ6460BEVS37A,cycle_backlog_exact_model,1,0,0,0,old-69-Word97--0-81,原件/免征目录/mf_batch69.doc,357d61a16c94488c9fdd761f393edb7029b05394ab06117abaebcba1a1e45546,2023-09-14
2007,THZ6460BEVS37C,cycle_backlog_exact_model,1,0,0,0,old-69-Word97--0-82,原件/免征目录/mf_batch69.doc,357d61a16c94488c9fdd761f393edb7029b05394ab06117abaebcba1a1e45546,2023-09-14
2008,THZ6460BEVS37P,cycle_backlog_exact_model,1,0,0,0,old-71-Word97--0-56,原件/免征目录/mf_batch71.doc,b37b78b64b8ef7e12e6e95d6fd27a4a6e364c0c83ba403ffcf3bca82c60e3460,2023-11-20
2009,THZ7000BEVS003,cycle_backlog_exact_model,1,0,0,0,old-19-DOCX--0-50,原件/免征目录/mf_batch19.docx,fafd1558aa0f21067847c19bdd0a95c79b919737be7b07b87c4538107fb2b8e3,2018-07-31
2010,THZ7000BEVS004,cycle_backlog_exact_model,1,0,0,0,old-19-DOCX--0-51,原件/免征目录/mf_batch19.docx,fafd1558aa0f21067847c19bdd0a95c79b919737be7b07b87c4538107fb2b8e3,2018-07-31
2011,THZ7000BEVS005,cycle_backlog_exact_model,1,0,0,0,old-19-DOCX--0-52,原件/免征目录/mf_batch19.docx,fafd1558aa0f21067847c19bdd0a95c79b919737be7b07b87c4538107fb2b8e3,2018-07-31
2012,THZ7000BEVS008,cycle_backlog_exact_model,1,0,0,0,old-25-Word97--0-36,原件/免征目录/mf_batch25.wps,9d2abe319463522513fe9c90f98bb8d0a825b599267d0b3cc403cec9624b3297,2019-06-12
2013,THZ7000BEVS009,cycle_backlog_exact_model,1,0,0,0,old-24-Word97--1-18,原件/免征目录/mf_batch24.wps,07775a0cb063fe0fce5880b9378dd1eb2522b725d645cabdee314d604779939d,2019-04-30
2014,THZ7000BEVS00A,cycle_backlog_exact_model,1,0,0,0,old-24-Word97--1-19,原件/免征目录/mf_batch24.wps,07775a0cb063fe0fce5880b9378dd1eb2522b725d645cabdee314d604779939d,2019-04-30
2015,THZ7000BEVS00B,cycle_backlog_exact_model,1,0,0,0,old-25-Word97--0-37,原件/免征目录/mf_batch25.wps,9d2abe319463522513fe9c90f98bb8d0a825b599267d0b3cc403cec9624b3297,2019-06-12
2016,THZ7000BEVS00D,cycle_backlog_exact_model,1,0,0,0,old-27-Word97--0-55,原件/免征目录/mf_batch27.doc,2bd67cf7e1efc03ae93942d0d340ffef87478709520383b6ee4d08baf843ead1,2019-10-25
2017,THZ7000BEVS11E,cycle_backlog_exact_model,1,0,0,0,old-55-Word97--0-6,原件/免征目录/mf_batch55.doc,0457d0430e9e7f114c91341a715405c3933dd4783762cd74b9871e4918ba887f,2022-06-01
2018,THZ7000BEVS11Q,cycle_backlog_exact_model,1,0,0,0,old-68-Word97--0-36,原件/免征目录/mf_batch68.doc,58113d08377020d08de0aeb0e08ff63c4a4411dbe35ad69cfdd6f82fdf0fcc77,2023-08-16
2019,THZ7000BEVS11R,cycle_backlog_exact_model,1,0,0,0,old-68-Word97--0-39,原件/免征目录/mf_batch68.doc,58113d08377020d08de0aeb0e08ff63c4a4411dbe35ad69cfdd6f82fdf0fcc77,2023-08-16
2020,THZ7000BEVS361,cycle_backlog_exact_model,1,0,1,0,old-62-Word97--0-74,原件/免征目录/mf_batch62.doc,7694ac7207998b6af7c895cdd2c1d752421df436d4b28f83195261dd47f6509c,2023-02-20
2021,THZ7000BEVS365,cycle_backlog_exact_model,1,0,0,0,old-65-Word97--0-47,原件/免征目录/mf_batch65.doc,06a6a578a9a60516a845bc92deac49954438a789e9e4a7cf3cd140f256d9b13d,2023-05-09
2022,THZ7000BEVS366,cycle_backlog_exact_model,1,0,0,0,old-66-Word97--0-31,原件/免征目录/mf_batch66.doc,05a5fce42de1c5412803fe6a7bb46d04c4d61cb71dc5d88a9b59a3e884350544,2023-06-08
2023,THZ7000BEVS404,cycle_backlog_exact_model,1,0,0,0,old-64-Word97--0-38,原件/免征目录/mf_batch64.doc,c4e238989e7e40ec2c3a6a899ead170b4a745bc72546ba6fd4a5731d8890c6cb,2023-04-17
2024,THZ7000BEVS405,cycle_backlog_exact_model,1,0,0,0,old-64-Word97--0-37,原件/免征目录/mf_batch64.doc,c4e238989e7e40ec2c3a6a899ead170b4a745bc72546ba6fd4a5731d8890c6cb,2023-04-17
2025,THZ7000BEVS406,cycle_backlog_exact_model,1,0,0,0,old-66-Word97--0-32,原件/免征目录/mf_batch66.doc,05a5fce42de1c5412803fe6a7bb46d04c4d61cb71dc5d88a9b59a3e884350544,2023-06-08
2026,THZ7001BEVS001,cycle_backlog_exact_model,1,0,0,0,old-23-Word97--0-55,原件/免征目录/mf_batch23.docx,87f838de0da3ba5887f77b2bf5c1dbf5b427e7cef896309a7084c11dd8f5efa0,2019-03-13
2027,THZ7001BEVS004,cycle_backlog_exact_model,1,0,0,0,old-23-Word97--0-56,原件/免征目录/mf_batch23.docx,87f838de0da3ba5887f77b2bf5c1dbf5b427e7cef896309a7084c11dd8f5efa0,2019-03-13
2028,THZ7001BEVS005,cycle_backlog_exact_model,1,0,0,0,old-23-Word97--0-57,原件/免征目录/mf_batch23.docx,87f838de0da3ba5887f77b2bf5c1dbf5b427e7cef896309a7084c11dd8f5efa0,2019-03-13
2029,THZ7001BEVS008,cycle_backlog_exact_model,1,0,0,0,old-27-Word97--0-56,原件/免征目录/mf_batch27.doc,2bd67cf7e1efc03ae93942d0d340ffef87478709520383b6ee4d08baf843ead1,2019-10-25
2030,THZ7001BEVS009,cycle_backlog_exact_model,1,0,0,0,old-31-Word97--0-24,原件/免征目录/mf_batch31.doc,e1ccec4a87ab96ca346e5756d6b14369eb9727ec2c2cfd03c1182a592ddd3bee,2020-04-24
2031,THZ7001BEVS00B,cycle_backlog_exact_model,1,0,0,0,old-27-Word97--0-57,原件/免征目录/mf_batch27.doc,2bd67cf7e1efc03ae93942d0d340ffef87478709520383b6ee4d08baf843ead1,2019-10-25
2032,THZ7001BEVS00F,cycle_backlog_exact_model,1,0,0,0,old-32-Word97--0-46,原件/免征目录/mf_batch32.doc,ad7c65b4831a05b7c70e1e73fe834aa9beed883c66f898e799fcbbeb43cc3d75,2020-06-02
2033,THZ7001BEVS00H,cycle_backlog_exact_model,1,0,0,0,old-32-Word97--0-47,原件/免征目录/mf_batch32.doc,ad7c65b4831a05b7c70e1e73fe834aa9beed883c66f898e799fcbbeb43cc3d75,2020-06-02
2034,THZ7001BEVS00J,cycle_backlog_exact_model,1,0,0,0,old-32-Word97--0-48,原件/免征目录/mf_batch32.doc,ad7c65b4831a05b7c70e1e73fe834aa9beed883c66f898e799fcbbeb43cc3d75,2020-06-02
2035,THZ7002BEVS008,cycle_backlog_exact_model,1,0,0,0,old-33-Word97--0-71,原件/免征目录/mf_batch33.doc,ff98fbb1708c47cdcfc1e79e7a1647e72a7ae6d4255dce3b250d661001340c09,2020-07-21
2036,THZ7003BEVS008,cycle_backlog_exact_model,1,0,0,0,old-33-Word97--0-72,原件/免征目录/mf_batch33.doc,ff98fbb1708c47cdcfc1e79e7a1647e72a7ae6d4255dce3b250d661001340c09,2020-07-21
2037,THZ7003BEVS009,cycle_backlog_exact_model,1,0,0,0,old-32-Word97--0-49,原件/免征目录/mf_batch32.doc,ad7c65b4831a05b7c70e1e73fe834aa9beed883c66f898e799fcbbeb43cc3d75,2020-06-02
2038,TSL6480BEVAR0,cycle_backlog_exact_model,1,0,0,0,old-45-Word97--0-6,原件/免征目录/mf_batch45.doc,56f5e7c5fd36e990024f8121006a76da260361f4e4660846e78255d007126f7a,2021-08-10
2039,TSL6480BEVAR1,cycle_backlog_exact_model,1,0,0,0,old-45-Word97--0-4,原件/免征目录/mf_batch45.doc,56f5e7c5fd36e990024f8121006a76da260361f4e4660846e78255d007126f7a,2021-08-10
2040,TSL6480BEVAR2,cycle_backlog_exact_model,1,0,1,0,old-50-Word97--0-2,原件/免征目录/mf_batch50.doc,3810672d92621612507384960254de602e629e75a308df22ee2291519445095e,2021-12-29
2041,TSL6480BEVBA0,cycle_backlog_exact_model,1,0,0,0,old-37-Word97--0-33,原件/免征目录/mf_batch37.doc,136057faede292d8070763e326c8dbdcddf3790653cc6879a13758f91556881f,2020-11-30
2042,TSL6480BEVBA1,cycle_backlog_exact_model,1,0,0,0,old-39-Word97--0-2,原件/免征目录/mf_batch39.doc,48158862f567d71b07ac0a7a60c2c3bc6d2bb44dd5a86290b0b809d757a9eb07,2021-01-29
2043,TSL6480BEVBA2,cycle_backlog_exact_model,1,0,0,0,old-41-Word97--0-3,原件/免征目录/mf_batch41.doc,ba4634c0877ebf99f8e462013e4a07e40f57478a4aaf921801a6c85a49c42b7f,2021-03-31
2044,TSL6480BEVBA3,cycle_backlog_exact_model,1,0,0,0,old-45-Word97--0-5,原件/免征目录/mf_batch45.doc,56f5e7c5fd36e990024f8121006a76da260361f4e4660846e78255d007126f7a,2021-08-10
2045,TSL6480BEVBA4,cycle_backlog_exact_model,1,0,0,0,old-45-Word97--0-3,原件/免征目录/mf_batch45.doc,56f5e7c5fd36e990024f8121006a76da260361f4e4660846e78255d007126f7a,2021-08-10
2046,TSL6480BEVBA5,cycle_backlog_exact_model,1,0,0,0,old-45-Word97--0-2,原件/免征目录/mf_batch45.doc,56f5e7c5fd36e990024f8121006a76da260361f4e4660846e78255d007126f7a,2021-08-10
2047,TSL7000BEVAR1,cycle_backlog_exact_model,1,0,0,0,old-33-Word97--0-77,原件/免征目录/mf_batch33.doc,ff98fbb1708c47cdcfc1e79e7a1647e72a7ae6d4255dce3b250d661001340c09,2020-07-21
2048,TSL7000BEVAR2,cycle_backlog_exact_model,1,0,0,0,old-40-Word97--0-2,原件/免征目录/mf_batch40.doc,93047c8e87a1f45948933ee36d00160788032370ecf11b551624e0ca45ecc1d1,2021-03-08
2049,TSL7000BEVAR5,cycle_backlog_exact_model,1,0,1,0,old-50-Word97--0-3,原件/免征目录/mf_batch50.doc,3810672d92621612507384960254de602e629e75a308df22ee2291519445095e,2021-12-29
2050,TSL7000BEVAR6,cycle_backlog_exact_model,1,0,1,0,old-50-Word97--0-4,原件/免征目录/mf_batch50.doc,3810672d92621612507384960254de602e629e75a308df22ee2291519445095e,2021-12-29
2051,TSL7000BEVBA0,cycle_backlog_exact_model,1,0,0,0,old-33-Word97--0-78,原件/免征目录/mf_batch33.doc,ff98fbb1708c47cdcfc1e79e7a1647e72a7ae6d4255dce3b250d661001340c09,2020-07-21
2052,TSL7000BEVBA1,cycle_backlog_exact_model,1,0,0,0,old-33-Word97--0-79,原件/免征目录/mf_batch33.doc,ff98fbb1708c47cdcfc1e79e7a1647e72a7ae6d4255dce3b250d661001340c09,2020-07-21
2053,TSL7000BEVBA2,cycle_backlog_exact_model,1,0,0,0,old-41-Word97--0-2,原件/免征目录/mf_batch41.doc,ba4634c0877ebf99f8e462013e4a07e40f57478a4aaf921801a6c85a49c42b7f,2021-03-31
2054,TSL7000BEVBA3,cycle_backlog_exact_model,1,0,0,0,old-47-Word97--0-2,原件/免征目录/mf_batch47.doc,fb4517fe8220b10bc435a77a5328df13c732c70b335942dfad0ae9394affe9b4,2021-09-30
2055,TSL7000BEVBR0,cycle_backlog_exact_model,1,0,0,0,old-30-Word97--0-40,原件/免征目录/mf_batch30.doc,e7fa3b47858ec2035b8055bc15be00b2b26920a5e8d3cad481058a80b92ead24,2020-03-13
2056,TV7001BEV,cycle_backlog_exact_model,1,0,1,0,old-30-Word97--0-38,原件/免征目录/mf_batch30.doc,e7fa3b47858ec2035b8055bc15be00b2b26920a5e8d3cad481058a80b92ead24,2020-03-13
2057,UJZKX,cycle_backlog_exact_model,1,0,0,0,old-46-Word97--0-12,原件/免征目录/mf_batch46.doc,a4b2048b3d5c29a8969f0348e9fd19a3293f0c23e6f37a48bf42a2ed70c7d37d,2021-09-10
2058,VCC7002F01VBEV,cycle_backlog_exact_model,1,0,0,0,old-32-Word97--0-15,原件/免征目录/mf_batch32.doc,ad7c65b4831a05b7c70e1e73fe834aa9beed883c66f898e799fcbbeb43cc3d75,2020-06-02
2059,VCC7002F02VBEV,cycle_backlog_exact_model,1,0,0,0,old-43-Word97--0-10,原件/免征目录/mf_batch43.doc,5d5202dfe31364ec0884640d8bba22b0f640154d0bcc6154272890e604cfc01c,2021-06-11
2060,VCC7002F03VBEV,cycle_backlog_exact_model,1,0,0,0,old-43-Word97--0-13,原件/免征目录/mf_batch43.doc,5d5202dfe31364ec0884640d8bba22b0f640154d0bcc6154272890e604cfc01c,2021-06-11
2061,VCC7002F04VBEV,cycle_backlog_exact_model,1,0,0,0,old-43-Word97--0-14,原件/免征目录/mf_batch43.doc,5d5202dfe31364ec0884640d8bba22b0f640154d0bcc6154272890e604cfc01c,2021-06-11
2062,VCC7002F05VBEV,cycle_backlog_exact_model,1,0,0,0,old-43-Word97--0-11,原件/免征目录/mf_batch43.doc,5d5202dfe31364ec0884640d8bba22b0f640154d0bcc6154272890e604cfc01c,2021-06-11
2063,VCC7002F07VBEV,cycle_backlog_exact_model,1,0,0,0,old-43-Word97--0-8,原件/免征目录/mf_batch43.doc,5d5202dfe31364ec0884640d8bba22b0f640154d0bcc6154272890e604cfc01c,2021-06-11
2064,VCC7002F08VBEV,cycle_backlog_exact_model,1,0,0,0,old-43-Word97--0-12,原件/免征目录/mf_batch43.doc,5d5202dfe31364ec0884640d8bba22b0f640154d0bcc6154272890e604cfc01c,2021-06-11
2065,VCC7002F09VBEV,cycle_backlog_exact_model,1,0,0,0,old-47-Word97--0-23,原件/免征目录/mf_batch47.doc,fb4517fe8220b10bc435a77a5328df13c732c70b335942dfad0ae9394affe9b4,2021-09-30
2066,VCC7002F10VBEV,cycle_backlog_exact_model,1,0,0,0,old-47-Word97--0-24,原件/免征目录/mf_batch47.doc,fb4517fe8220b10bc435a77a5328df13c732c70b335942dfad0ae9394affe9b4,2021-09-30
2067,VCC7002F11VBEV,cycle_backlog_exact_model,1,0,0,0,old-53-Word97--0-22,原件/免征目录/mf_batch53.doc,a1f426ff77c80bce4d153fbfb6d01a7b6c6c87539f52ac4643edb7b060e21d2a,2022-04-08
2068,VCC7002F12VBEV,cycle_backlog_exact_model,1,0,0,0,old-53-Word97--0-21,原件/免征目录/mf_batch53.doc,a1f426ff77c80bce4d153fbfb6d01a7b6c6c87539f52ac4643edb7b060e21d2a,2022-04-08
2069,VCC7002F21VBEV,cycle_backlog_exact_model,1,0,0,0,old-64-Word97--0-17,原件/免征目录/mf_batch64.doc,c4e238989e7e40ec2c3a6a899ead170b4a745bc72546ba6fd4a5731d8890c6cb,2023-04-17
2070,VCC7002F22VBEV,cycle_backlog_exact_model,1,0,0,0,old-64-Word97--0-16,原件/免征目录/mf_batch64.doc,c4e238989e7e40ec2c3a6a899ead170b4a745bc72546ba6fd4a5731d8890c6cb,2023-04-17
2071,VCC7002F23VBEV,cycle_backlog_exact_model,1,0,0,0,old-64-Word97--0-15,原件/免征目录/mf_batch64.doc,c4e238989e7e40ec2c3a6a899ead170b4a745bc72546ba6fd4a5731d8890c6cb,2023-04-17
2072,VCC7002F24VBEV,cycle_backlog_exact_model,1,0,0,0,old-64-Word97--0-18,原件/免征目录/mf_batch64.doc,c4e238989e7e40ec2c3a6a899ead170b4a745bc72546ba6fd4a5731d8890c6cb,2023-04-17
2073,VCC7002F25VBEV,cycle_backlog_exact_model,1,0,0,0,old-67-Word97--0-13,原件/免征目录/mf_batch67.doc,963a02fcc1f361414f4f003c6d63e00b178d0b962134ed2206c38978f3118101,2023-07-17
2074,VCC7002F26VBEV,cycle_backlog_exact_model,1,0,0,0,old-67-Word97--0-12,原件/免征目录/mf_batch67.doc,963a02fcc1f361414f4f003c6d63e00b178d0b962134ed2206c38978f3118101,2023-07-17
2075,VCC7003F01XBEV,cycle_backlog_exact_model,1,0,0,0,old-36-Word97--0-7,原件/免征目录/mf_batch36.doc,05cfcfd9136685ad6d6e13b8228cd123cca109c26f43a4c71472016b5a610a9f,2020-10-30
2076,VCC7003F02XBEV,cycle_backlog_exact_model,1,0,0,0,old-53-Word97--0-23,原件/免征目录/mf_batch53.doc,a1f426ff77c80bce4d153fbfb6d01a7b6c6c87539f52ac4643edb7b060e21d2a,2022-04-08
2077,VCC7003F03XBEV,cycle_backlog_exact_model,1,0,0,0,old-47-Word97--0-22,原件/免征目录/mf_batch47.doc,fb4517fe8220b10bc435a77a5328df13c732c70b335942dfad0ae9394affe9b4,2021-09-30
2078,VCC7003F04XBEV,cycle_backlog_exact_model,1,0,0,0,old-42-Word97--0-32,原件/免征目录/mf_batch42.doc,fef4fd8ea19d773d368642e51a4bdb24c148530251a2240be4ff1358d5d41fab,2021-04-30
2079,VCC7003F05XBEV,cycle_backlog_exact_model,1,0,0,0,old-63-Word97--0-19,原件/免征目录/mf_batch63.doc,1d0f4bf9c7c1f67712e9efa3a5e3222c30d4e438653b9335aaff9714e65f8c05,2023-03-10
2080,VCC7003F06XBEV,cycle_backlog_exact_model,1,0,0,0,old-64-Word97--0-22,原件/免征目录/mf_batch64.doc,c4e238989e7e40ec2c3a6a899ead170b4a745bc72546ba6fd4a5731d8890c6cb,2023-04-17
2081,VCC7003F07XBEV,cycle_backlog_exact_model,1,0,0,0,old-64-Word97--0-19,原件/免征目录/mf_batch64.doc,c4e238989e7e40ec2c3a6a899ead170b4a745bc72546ba6fd4a5731d8890c6cb,2023-04-17
2082,VCC7003F41XBEV,cycle_backlog_exact_model,1,0,0,0,old-53-Word97--0-20,原件/免征目录/mf_batch53.doc,a1f426ff77c80bce4d153fbfb6d01a7b6c6c87539f52ac4643edb7b060e21d2a,2022-04-08
2083,VCC7003F42XBEV,cycle_backlog_exact_model,1,0,0,0,old-53-Word97--0-19,原件/免征目录/mf_batch53.doc,a1f426ff77c80bce4d153fbfb6d01a7b6c6c87539f52ac4643edb7b060e21d2a,2022-04-08
2084,VCC7003F43XBEV,cycle_backlog_exact_model,1,0,0,0,old-63-Word97--0-20,原件/免征目录/mf_batch63.doc,1d0f4bf9c7c1f67712e9efa3a5e3222c30d4e438653b9335aaff9714e65f8c05,2023-03-10
2085,VCC7003F44XBEV,cycle_backlog_exact_model,1,0,0,0,old-64-Word97--0-20,原件/免征目录/mf_batch64.doc,c4e238989e7e40ec2c3a6a899ead170b4a745bc72546ba6fd4a5731d8890c6cb,2023-04-17
2086,VCC7003F45XBEV,cycle_backlog_exact_model,1,0,0,0,old-64-Word97--0-21,原件/免征目录/mf_batch64.doc,c4e238989e7e40ec2c3a6a899ead170b4a745bc72546ba6fd4a5731d8890c6cb,2023-04-17
2087,VCC7006F012BEV,cycle_backlog_exact_model,1,0,0,0,old-70-Word97--0-18,原件/免征目录/mf_batch70.doc,29b9f5df62602e114f0ed01426c185fdb15a654022cdf16d4df624bb736ed813,2023-10-18
2088,VCC7006F022BEV,cycle_backlog_exact_model,1,0,0,0,old-70-Word97--0-16,原件/免征目录/mf_batch70.doc,29b9f5df62602e114f0ed01426c185fdb15a654022cdf16d4df624bb736ed813,2023-10-18
2089,VCC7006F032BEV,cycle_backlog_exact_model,1,0,0,0,old-70-Word97--0-17,原件/免征目录/mf_batch70.doc,29b9f5df62602e114f0ed01426c185fdb15a654022cdf16d4df624bb736ed813,2023-10-18
2090,WHJ7000BEVHH112,cycle_backlog_exact_model,1,0,0,0,old-70-Word97--0-38,原件/免征目录/mf_batch70.doc,29b9f5df62602e114f0ed01426c185fdb15a654022cdf16d4df624bb736ed813,2023-10-18
2091,WHJ7001BEVFX11,cycle_backlog_exact_model,1,0,0,0,old-46-Word97--0-32,原件/免征目录/mf_batch46.doc,a4b2048b3d5c29a8969f0348e9fd19a3293f0c23e6f37a48bf42a2ed70c7d37d,2021-09-10
2092,X100D5,cycle_backlog_exact_model,1,0,0,0,old-26-DOCX--0-75,原件/免征目录/mf_batch26.docx,de0890335ef3a4f1302a8a0735ec8b6aed52e994e2635db481820060d62248b5,2019-08-30
2093,X100D6,cycle_backlog_exact_model,1,0,0,0,old-26-DOCX--0-76,原件/免征目录/mf_batch26.docx,de0890335ef3a4f1302a8a0735ec8b6aed52e994e2635db481820060d62248b5,2019-08-30
2094,X100D7,cycle_backlog_exact_model,1,0,0,0,old-26-DOCX--0-77,原件/免征目录/mf_batch26.docx,de0890335ef3a4f1302a8a0735ec8b6aed52e994e2635db481820060d62248b5,2019-08-30
2095,X75D5,cycle_backlog_exact_model,1,0,0,0,old-26-DOCX--0-78,原件/免征目录/mf_batch26.docx,de0890335ef3a4f1302a8a0735ec8b6aed52e994e2635db481820060d62248b5,2019-08-30
2096,X75D6,cycle_backlog_exact_model,1,0,0,0,old-26-DOCX--0-79,原件/免征目录/mf_batch26.docx,de0890335ef3a4f1302a8a0735ec8b6aed52e994e2635db481820060d62248b5,2019-08-30
2097,X75D7,cycle_backlog_exact_model,1,0,0,0,old-26-DOCX--0-80,原件/免征目录/mf_batch26.docx,de0890335ef3a4f1302a8a0735ec8b6aed52e994e2635db481820060d62248b5,2019-08-30
2098,XEBM10L-AWDBSC2,cycle_backlog_exact_model,1,0,0,0,old-70-Word97--0-3,原件/免征目录/mf_batch70.doc,29b9f5df62602e114f0ed01426c185fdb15a654022cdf16d4df624bb736ed813,2023-10-18
2099,XEBM15L-AWDBSC2,cycle_backlog_exact_model,1,0,0,0,old-63-Word97--0-2,原件/免征目录/mf_batch63.doc,1d0f4bf9c7c1f67712e9efa3a5e3222c30d4e438653b9335aaff9714e65f8c05,2023-03-10
2100,XEBM15L-AWDLSC2,cycle_backlog_exact_model,1,0,0,0,old-63-Word97--0-4,原件/免征目录/mf_batch63.doc,1d0f4bf9c7c1f67712e9efa3a5e3222c30d4e438653b9335aaff9714e65f8c05,2023-03-10
2101,XP100D5,cycle_backlog_exact_model,1,0,0,0,old-26-DOCX--0-81,原件/免征目录/mf_batch26.docx,de0890335ef3a4f1302a8a0735ec8b6aed52e994e2635db481820060d62248b5,2019-08-30
2102,XP100D6,cycle_backlog_exact_model,1,0,0,0,old-26-DOCX--0-82,原件/免征目录/mf_batch26.docx,de0890335ef3a4f1302a8a0735ec8b6aed52e994e2635db481820060d62248b5,2019-08-30
2103,XP100D7,cycle_backlog_exact_model,1,0,0,0,old-26-DOCX--0-83,原件/免征目录/mf_batch26.docx,de0890335ef3a4f1302a8a0735ec8b6aed52e994e2635db481820060d62248b5,2019-08-30
2104,YDE7000BEV1B,cycle_backlog_exact_model,1,0,0,0,old-12-PDF-grid-1-0-12,原件/免征目录/mf_batch12.pdf,afbd7133ccf901dbdc065b2ff80768450dc901def8d216cf5bb87baa98f7a1e2,2017-09-05
2105,YDE7000BEV1C,cycle_backlog_exact_model,1,0,0,0,old-12-PDF-grid-1-0-13,原件/免征目录/mf_batch12.pdf,afbd7133ccf901dbdc065b2ff80768450dc901def8d216cf5bb87baa98f7a1e2,2017-09-05
2106,YDE7000BEV1D,cycle_backlog_exact_model,1,0,0,0,old-13-PDF-grid-1-0-13,原件/免征目录/mf_batch13.pdf,e82c4f41c448edbb5269c95f2ff35d0c577f7ff0d12ff30b2d4c307a1aa31a6b,2017-10-30
2107,YDE7000BEV1F1,cycle_backlog_exact_model,1,0,0,0,old-19-DOCX--0-22,原件/免征目录/mf_batch19.docx,fafd1558aa0f21067847c19bdd0a95c79b919737be7b07b87c4538107fb2b8e3,2018-07-31
2108,YDE7000BEV1H,cycle_backlog_exact_model,1,0,0,0,old-18-Word97--0-21,原件/免征目录/mf_batch18.doc,43f5426f7f80996ee11a894710d7229c743abf7ad69ba239f61075e0a9ddd37a,2018-06-19
2109,YDE7000BEV1L,cycle_backlog_exact_model,1,0,0,0,old-22-Word97--0-30,原件/免征目录/mf_batch22.doc,eaf3fc1e64742af85b3d4bc90388d0a93154a497fd6c1fb9bf73b857672e1212,2018-12-18
2110,YDE7000BEV1M,cycle_backlog_exact_model,1,0,0,0,old-23-Word97--0-58,原件/免征目录/mf_batch23.docx,87f838de0da3ba5887f77b2bf5c1dbf5b427e7cef896309a7084c11dd8f5efa0,2019-03-13
2111,YDE7000BEV1N,cycle_backlog_exact_model,1,0,0,0,old-25-Word97--0-80,原件/免征目录/mf_batch25.wps,9d2abe319463522513fe9c90f98bb8d0a825b599267d0b3cc403cec9624b3297,2019-06-12
2112,YDE7000BEV1P,cycle_backlog_exact_model,1,0,0,0,old-38-Word97--0-23,原件/免征目录/mf_batch38.doc,7c9def45fe5c40e4c5ffb483a1d1efd383c12cb16a5c4ba021d4ce28384776de,2020-12-30
2113,YDE7000BEV1Q,cycle_backlog_exact_model,1,0,0,0,old-40-Word97--0-16,原件/免征目录/mf_batch40.doc,93047c8e87a1f45948933ee36d00160788032370ecf11b551624e0ca45ecc1d1,2021-03-08
2114,YDE7000BEV1R,cycle_backlog_exact_model,1,0,0,0,old-46-Word97--0-39,原件/免征目录/mf_batch46.doc,a4b2048b3d5c29a8969f0348e9fd19a3293f0c23e6f37a48bf42a2ed70c7d37d,2021-09-10
2115,YDE7000BEV1S,cycle_backlog_exact_model,1,0,0,0,old-62-Word97--0-41,原件/免征目录/mf_batch62.doc,7694ac7207998b6af7c895cdd2c1d752421df436d4b28f83195261dd47f6509c,2023-02-20
2116,YDE7000BEV1T,cycle_backlog_exact_model,1,0,0,0,old-62-Word97--0-40,原件/免征目录/mf_batch62.doc,7694ac7207998b6af7c895cdd2c1d752421df436d4b28f83195261dd47f6509c,2023-02-20
2117,YDE7000BEV1U,cycle_backlog_exact_model,1,0,0,0,old-68-Word97--0-17,原件/免征目录/mf_batch68.doc,58113d08377020d08de0aeb0e08ff63c4a4411dbe35ad69cfdd6f82fdf0fcc77,2023-08-16
2118,YDE7000BEV1V,cycle_backlog_exact_model,1,0,0,0,old-70-Word97--0-28,原件/免征目录/mf_batch70.doc,29b9f5df62602e114f0ed01426c185fdb15a654022cdf16d4df624bb736ed813,2023-10-18
2119,YDE7000BEV2A,cycle_backlog_exact_model,1,0,0,0,old-13-PDF-grid-1-0-14,原件/免征目录/mf_batch13.pdf,e82c4f41c448edbb5269c95f2ff35d0c577f7ff0d12ff30b2d4c307a1aa31a6b,2017-10-30
2120,YDE7000BEV2B,cycle_backlog_exact_model,1,0,0,0,old-13-PDF-grid-1-0-12,原件/免征目录/mf_batch13.pdf,e82c4f41c448edbb5269c95f2ff35d0c577f7ff0d12ff30b2d4c307a1aa31a6b,2017-10-30
2121,YDE7000BEV2C,cycle_backlog_exact_model,1,0,0,0,old-16-Word97--0-18,原件/免征目录/mf_batch16.docx,9db5ace6c1c59bd9636d48636f94fa77d2b6e0aa27b109421690ce6a8c4a3967,2018-02-13
2122,YDE7000BEV2D,cycle_backlog_exact_model,1,0,0,0,old-16-Word97--0-17,原件/免征目录/mf_batch16.docx,9db5ace6c1c59bd9636d48636f94fa77d2b6e0aa27b109421690ce6a8c4a3967,2018-02-13
2123,YDE7000BEV2H,cycle_backlog_exact_model,1,0,0,0,old-18-Word97--0-22,原件/免征目录/mf_batch18.doc,43f5426f7f80996ee11a894710d7229c743abf7ad69ba239f61075e0a9ddd37a,2018-06-19
2124,YDE7000BEV2L,cycle_backlog_exact_model,1,0,0,0,old-22-Word97--0-31,原件/免征目录/mf_batch22.doc,eaf3fc1e64742af85b3d4bc90388d0a93154a497fd6c1fb9bf73b857672e1212,2018-12-18
2125,YDE7000BEV2N,cycle_backlog_exact_model,1,0,0,0,old-26-DOCX--0-42,原件/免征目录/mf_batch26.docx,de0890335ef3a4f1302a8a0735ec8b6aed52e994e2635db481820060d62248b5,2019-08-30
2126,YDE7000BEV2P,cycle_backlog_exact_model,1,0,0,0,old-34-Word97--0-31,原件/免征目录/mf_batch34.doc,d5c5bb03cc5fe0f16b284048e265ad35d62c12c0416f14aef0ce026a229aa831,2020-08-24
2127,YDE7000BEV2Q,cycle_backlog_exact_model,1,0,0,0,old-38-Word97--0-24,原件/免征目录/mf_batch38.doc,7c9def45fe5c40e4c5ffb483a1d1efd383c12cb16a5c4ba021d4ce28384776de,2020-12-30
2128,YDE7000BEV3A,cycle_backlog_exact_model,1,0,0,0,old-18-Word97--0-23,原件/免征目录/mf_batch18.doc,43f5426f7f80996ee11a894710d7229c743abf7ad69ba239f61075e0a9ddd37a,2018-06-19
2129,YEAM15L-SWDHSC2,cycle_backlog_exact_model,1,0,0,0,old-71-Word97--0-2,原件/免征目录/mf_batch71.doc,b37b78b64b8ef7e12e6e95d6fd27a4a6e364c0c83ba403ffcf3bca82c60e3460,2023-11-20
2130,YGM6351BEV,cycle_backlog_exact_model,1,0,0,0,old-12-PDF-grid-1-0-17,原件/免征目录/mf_batch12.pdf,afbd7133ccf901dbdc065b2ff80768450dc901def8d216cf5bb87baa98f7a1e2,2017-09-05
2131,YGM6352BEV,cycle_backlog_exact_model,1,0,0,0,old-12-PDF-grid-1-0-19,原件/免征目录/mf_batch12.pdf,afbd7133ccf901dbdc065b2ff80768450dc901def8d216cf5bb87baa98f7a1e2,2017-09-05
2132,YGM6371BEV,cycle_backlog_exact_model,1,0,0,0,old-12-PDF-grid-1-0-16,原件/免征目录/mf_batch12.pdf,afbd7133ccf901dbdc065b2ff80768450dc901def8d216cf5bb87baa98f7a1e2,2017-09-05
2133,YGM6372BEV,cycle_backlog_exact_model,1,0,0,0,old-12-PDF-grid-1-0-18,原件/免征目录/mf_batch12.pdf,afbd7133ccf901dbdc065b2ff80768450dc901def8d216cf5bb87baa98f7a1e2,2017-09-05
2134,YGM7000BEV,cycle_backlog_exact_model,1,0,0,0,old-13-PDF-grid-1-0-16,原件/免征目录/mf_batch13.pdf,e82c4f41c448edbb5269c95f2ff35d0c577f7ff0d12ff30b2d4c307a1aa31a6b,2017-10-30
2135,YGM7000BEVA0,cycle_backlog_exact_model,1,0,0,0,old-14-Word97--0-16,原件/免征目录/mf_batch14.docx,6a48764b5ccb7c4ffa6f54daa44d3a42095b8a981fc982e774ddaaded41e9921,2017-12-05
2136,YGM7000BEVA4,cycle_backlog_exact_model,1,0,0,0,old-18-Word97--0-63,原件/免征目录/mf_batch18.doc,43f5426f7f80996ee11a894710d7229c743abf7ad69ba239f61075e0a9ddd37a,2018-06-19
2137,YGM7001BEVB,cycle_backlog_exact_model,1,0,0,0,old-20-DOCX--0-35,原件/免征目录/mf_batch20.docx,374d3f87551d75d1c163e76abb38f350ea93f8a2b8cad6174568c307d1cc0130,2018-09-19
2138,YGM7001BEVB1,cycle_backlog_exact_model,1,0,0,0,old-20-DOCX--0-36,原件/免征目录/mf_batch20.docx,374d3f87551d75d1c163e76abb38f350ea93f8a2b8cad6174568c307d1cc0130,2018-09-19
2139,YGM7002BEVB,cycle_backlog_exact_model,1,0,0,0,old-47-Word97--0-20,原件/免征目录/mf_batch47.doc,fb4517fe8220b10bc435a77a5328df13c732c70b335942dfad0ae9394affe9b4,2021-09-30
2140,YGM7002BEVB1,cycle_backlog_exact_model,1,0,0,0,old-47-Word97--0-19,原件/免征目录/mf_batch47.doc,fb4517fe8220b10bc435a77a5328df13c732c70b335942dfad0ae9394affe9b4,2021-09-30
2141,YGM7002BEVB2,cycle_backlog_exact_model,1,0,0,0,old-54-Word97--0-16,原件/免征目录/mf_batch54.doc,e4ce106fc0fb21bc61cac40ff0de97e60dff2d18b5b7d24c494bb74873312fd7,2022-05-12
2142,YGM7002BEVB3,cycle_backlog_exact_model,1,0,0,0,old-51-Word97--0-8,原件/免征目录/mf_batch51.doc,35411ca0ab3ef42915600b148fca6fe76bcb86f5dc3812f71d74f3ebda125ce6,2022-01-29
2143,YGM7002BEVB5,cycle_backlog_exact_model,1,0,0,0,old-52-Word97--0-6,原件/免征目录/mf_batch52.doc,650a1430fd7c9a9139970f857a0382498bfd368fe64a95f24c17ca3f49dfa3cc,2022-03-08
2144,YGM7002BEVB6,cycle_backlog_exact_model,1,0,0,0,old-51-Word97--0-13,原件/免征目录/mf_batch51.doc,35411ca0ab3ef42915600b148fca6fe76bcb86f5dc3812f71d74f3ebda125ce6,2022-01-29
2145,YGM7002BEVB7,cycle_backlog_exact_model,1,0,0,0,old-51-Word97--0-12,原件/免征目录/mf_batch51.doc,35411ca0ab3ef42915600b148fca6fe76bcb86f5dc3812f71d74f3ebda125ce6,2022-01-29
2146,YGM7003BEV,cycle_backlog_exact_model,1,0,0,0,old-13-PDF-grid-1-0-17,原件/免征目录/mf_batch13.pdf,e82c4f41c448edbb5269c95f2ff35d0c577f7ff0d12ff30b2d4c307a1aa31a6b,2017-10-30
2147,YGM7003BEVA1,cycle_backlog_exact_model,1,0,0,0,old-17-PDF-grid-2-0-4,原件/免征目录/mf_batch17.pdf,577a4ba9c586fe08565f6a60e6de5474698031566d8dcef484cd44335879e334,2018-04-16
2148,YGM7003BEVA2,cycle_backlog_exact_model,1,0,0,0,old-17-PDF-grid-2-0-5,原件/免征目录/mf_batch17.pdf,577a4ba9c586fe08565f6a60e6de5474698031566d8dcef484cd44335879e334,2018-04-16
2149,YGM7007BEVA1,cycle_backlog_exact_model,1,0,0,0,old-40-Word97--0-11,原件/免征目录/mf_batch40.doc,93047c8e87a1f45948933ee36d00160788032370ecf11b551624e0ca45ecc1d1,2021-03-08
2150,YGM7007BEVA2,cycle_backlog_exact_model,1,0,0,0,old-44-Word97--0-23,原件/免征目录/mf_batch44.doc,aea30846204f4e55c0d969450f1619e1649eb27f471d5b0a2636d0da77eb0611,2021-07-12
2151,YGM7007BEVA3,cycle_backlog_exact_model,1,0,0,0,old-47-Word97--0-18,原件/免征目录/mf_batch47.doc,fb4517fe8220b10bc435a77a5328df13c732c70b335942dfad0ae9394affe9b4,2021-09-30
2152,YGM7007BEVA4,cycle_backlog_exact_model,1,0,0,0,old-52-Word97--0-5,原件/免征目录/mf_batch52.doc,650a1430fd7c9a9139970f857a0382498bfd368fe64a95f24c17ca3f49dfa3cc,2022-03-08
2153,YGM7008BEVA,cycle_backlog_exact_model,1,0,0,0,old-44-Word97--0-22,原件/免征目录/mf_batch44.doc,aea30846204f4e55c0d969450f1619e1649eb27f471d5b0a2636d0da77eb0611,2021-07-12
2154,YGM7008BEVA1,cycle_backlog_exact_model,1,0,0,0,old-46-Word97--0-29,原件/免征目录/mf_batch46.doc,a4b2048b3d5c29a8969f0348e9fd19a3293f0c23e6f37a48bf42a2ed70c7d37d,2021-09-10
2155,YGM7008BEVA2,cycle_backlog_exact_model,1,0,0,0,old-51-Word97--0-9,原件/免征目录/mf_batch51.doc,35411ca0ab3ef42915600b148fca6fe76bcb86f5dc3812f71d74f3ebda125ce6,2022-01-29
2156,YGM7008BEVA3,cycle_backlog_exact_model,1,0,0,0,old-51-Word97--0-10,原件/免征目录/mf_batch51.doc,35411ca0ab3ef42915600b148fca6fe76bcb86f5dc3812f71d74f3ebda125ce6,2022-01-29
2157,YGM7009BEVBA2,cycle_backlog_exact_model,1,0,0,0,old-71-Word97--0-52,原件/免征目录/mf_batch71.doc,b37b78b64b8ef7e12e6e95d6fd27a4a6e364c0c83ba403ffcf3bca82c60e3460,2023-11-20
2158,YQZ6420BEV,cycle_backlog_exact_model,1,0,0,0,old-20-DOCX--0-17,原件/免征目录/mf_batch20.docx,374d3f87551d75d1c163e76abb38f350ea93f8a2b8cad6174568c307d1cc0130,2018-09-19
2159,YQZ6490BEVY,cycle_backlog_exact_model,1,0,0,0,old-63-Word97--0-17,原件/免征目录/mf_batch63.doc,1d0f4bf9c7c1f67712e9efa3a5e3222c30d4e438653b9335aaff9714e65f8c05,2023-03-10
2160,YQZ6491BEVY,cycle_backlog_exact_model,1,0,0,0,old-63-Word97--0-16,原件/免征目录/mf_batch63.doc,1d0f4bf9c7c1f67712e9efa3a5e3222c30d4e438653b9335aaff9714e65f8c05,2023-03-10
2161,YQZ6492BEVY,cycle_backlog_exact_model,1,0,0,0,old-63-Word97--0-15,原件/免征目录/mf_batch63.doc,1d0f4bf9c7c1f67712e9efa3a5e3222c30d4e438653b9335aaff9714e65f8c05,2023-03-10
2162,YQZ6520BEVHIPHI1A,cycle_backlog_exact_model,1,0,1,0,old-35-Word97--0-10,原件/免征目录/mf_batch35.wps,e4a6abd0e50daa81d029f8b37584511354700e855dc89de210fcba782b0643f0,2020-09-21
2163,YQZ6520BEVHIPHI1B,cycle_backlog_exact_model,1,0,0,0,old-35-Word97--0-11,原件/免征目录/mf_batch35.wps,e4a6abd0e50daa81d029f8b37584511354700e855dc89de210fcba782b0643f0,2020-09-21
2164,YQZ6520BEVHIPHI1C,cycle_backlog_exact_model,1,0,0,0,old-35-Word97--0-12,原件/免征目录/mf_batch35.wps,e4a6abd0e50daa81d029f8b37584511354700e855dc89de210fcba782b0643f0,2020-09-21
2165,YQZ6520BEVHIPHI1D,cycle_backlog_exact_model,1,0,0,0,old-37-Word97--0-7,原件/免征目录/mf_batch37.doc,136057faede292d8070763e326c8dbdcddf3790653cc6879a13758f91556881f,2020-11-30
2166,YQZ6520BEVX,cycle_backlog_exact_model,1,0,0,0,old-67-Word97--0-9,原件/免征目录/mf_batch67.doc,963a02fcc1f361414f4f003c6d63e00b178d0b962134ed2206c38978f3118101,2023-07-17
2167,YQZ6521BEVX,cycle_backlog_exact_model,1,0,0,0,old-67-Word97--0-8,原件/免征目录/mf_batch67.doc,963a02fcc1f361414f4f003c6d63e00b178d0b962134ed2206c38978f3118101,2023-07-17
2168,YQZ6522BEVX,cycle_backlog_exact_model,1,0,0,0,old-67-Word97--0-10,原件/免征目录/mf_batch67.doc,963a02fcc1f361414f4f003c6d63e00b178d0b962134ed2206c38978f3118101,2023-07-17
2169,YQZ7000BEVHIPHIZ,cycle_backlog_exact_model,1,0,0,0,old-57-Word97--0-20,原件/免征目录/mf_batch57.doc,96d9708a19952b23d71fc40e9976a33ae30ca118226a032954a93ab36f355f21,2022-08-10
2170,YQZ7000BEVZ,cycle_backlog_exact_model,1,0,0,0,old-59-Word97--0-44,原件/免征目录/mf_batch59.doc,32738e2df847e0c74ff96d48b8a13e1dd9c31aee84b7c0a633e2d9c8a3e01f86,2022-10-10
2171,YQZ7001BEV,cycle_backlog_exact_model,1,0,0,0,old-02-PDF-grid-1-0-15,原件/免征目录/mf_batch02.pdf,0b13b4fd2de6c4de3ab0f8add88bb8d24354d05ca6af46904fe1065c53c9c519,2014-10-29
2172,YQZ7001BEVHIPHIZ,cycle_backlog_exact_model,1,0,0,0,old-57-Word97--0-21,原件/免征目录/mf_batch57.doc,96d9708a19952b23d71fc40e9976a33ae30ca118226a032954a93ab36f355f21,2022-08-10
2173,YQZ7001BEVZ,cycle_backlog_exact_model,1,0,0,0,old-59-Word97--0-45,原件/免征目录/mf_batch59.doc,32738e2df847e0c74ff96d48b8a13e1dd9c31aee84b7c0a633e2d9c8a3e01f86,2022-10-10
2174,YQZ7002BEV,cycle_backlog_exact_model,1,0,0,0,old-10-PDF-grid-1-0-22,原件/免征目录/mf_batch10.pdf,ac1b1ad2605b4f24762fb1f01cea64b685393577d01648618fa1882bb5700ac3,2017-04-27
2175,YQZ7002BEVHIPHIZ,cycle_backlog_exact_model,1,0,0,0,old-57-Word97--0-22,原件/免征目录/mf_batch57.doc,96d9708a19952b23d71fc40e9976a33ae30ca118226a032954a93ab36f355f21,2022-08-10
2176,YQZ7002BEVZ,cycle_backlog_exact_model,1,0,0,0,old-59-Word97--0-46,原件/免征目录/mf_batch59.doc,32738e2df847e0c74ff96d48b8a13e1dd9c31aee84b7c0a633e2d9c8a3e01f86,2022-10-10
2177,YQZ7003BEV,cycle_backlog_exact_model,1,0,0,0,old-18-Word97--0-13,原件/免征目录/mf_batch18.doc,43f5426f7f80996ee11a894710d7229c743abf7ad69ba239f61075e0a9ddd37a,2018-06-19
2178,YQZ7004BEV,cycle_backlog_exact_model,1,0,0,0,old-30-Word97--0-49,原件/免征目录/mf_batch30.doc,e7fa3b47858ec2035b8055bc15be00b2b26920a5e8d3cad481058a80b92ead24,2020-03-13
2179,YQZ7005BEVZ,cycle_backlog_exact_model,1,0,0,0,old-67-Word97--0-11,原件/免征目录/mf_batch67.doc,963a02fcc1f361414f4f003c6d63e00b178d0b962134ed2206c38978f3118101,2023-07-17
2180,YZ6320BEV,cycle_backlog_exact_model,1,0,0,0,old-16-Word97--0-48,原件/免征目录/mf_batch16.docx,9db5ace6c1c59bd9636d48636f94fa77d2b6e0aa27b109421690ce6a8c4a3967,2018-02-13
2181,YZ6450BEV,cycle_backlog_exact_model,1,0,0,0,old-16-Word97--0-47,原件/免征目录/mf_batch16.docx,9db5ace6c1c59bd9636d48636f94fa77d2b6e0aa27b109421690ce6a8c4a3967,2018-02-13
2182,YZ6451BEV,cycle_backlog_exact_model,1,0,0,0,old-24-Word97--0-5,原件/免征目录/mf_batch24.wps,07775a0cb063fe0fce5880b9378dd1eb2522b725d645cabdee314d604779939d,2019-04-30
2183,YZ6460BEV,cycle_backlog_exact_model,1,0,0,0,old-45-Word97--0-53,原件/免征目录/mf_batch45.doc,56f5e7c5fd36e990024f8121006a76da260361f4e4660846e78255d007126f7a,2021-08-10
2184,YZ7001BEV,cycle_backlog_exact_model,1,0,0,0,old-45-Word97--0-52,原件/免征目录/mf_batch45.doc,56f5e7c5fd36e990024f8121006a76da260361f4e4660846e78255d007126f7a,2021-08-10
2185,YZ7001BEV1,cycle_backlog_exact_model,1,0,0,0,old-47-Word97--0-37,原件/免征目录/mf_batch47.doc,fb4517fe8220b10bc435a77a5328df13c732c70b335942dfad0ae9394affe9b4,2021-09-30
2186,YZ7001BEV2,cycle_backlog_exact_model,1,0,1,0,old-54-Word97--0-10,原件/免征目录/mf_batch54.doc,e4ce106fc0fb21bc61cac40ff0de97e60dff2d18b5b7d24c494bb74873312fd7,2022-05-12
2187,YZ7001BEV4,cycle_backlog_exact_model,1,0,0,0,old-56-Word97--0-4,原件/免征目录/mf_batch56.doc,cbffdc0819640e8f18c11a2a277b26b2e043c81406533457ff225f4df1c6c068,2022-07-08
2188,ZHT7000KB00EV,cycle_backlog_exact_model,1,0,0,0,old-27-Word97--0-45,原件/免征目录/mf_batch27.doc,2bd67cf7e1efc03ae93942d0d340ffef87478709520383b6ee4d08baf843ead1,2019-10-25
2189,ZHT7000KD00EV,cycle_backlog_exact_model,1,0,0,0,old-27-Word97--0-46,原件/免征目录/mf_batch27.doc,2bd67cf7e1efc03ae93942d0d340ffef87478709520383b6ee4d08baf843ead1,2019-10-25
2190,ZHT7000KD01EV,cycle_backlog_exact_model,1,0,0,0,old-27-Word97--0-47,原件/免征目录/mf_batch27.doc,2bd67cf7e1efc03ae93942d0d340ffef87478709520383b6ee4d08baf843ead1,2019-10-25
2191,ZHT7000KD02EV,cycle_backlog_exact_model,1,0,0,0,old-28-Word97--0-19,原件/免征目录/mf_batch28.doc,dfe1b301a5e8373e94e0e4a2fccee3d258c56bb662e4928764a71274142acd72,2019-12-10
2192,ZHT7000KD06EV,cycle_backlog_exact_model,1,0,0,0,old-34-Word97--0-50,原件/免征目录/mf_batch34.doc,d5c5bb03cc5fe0f16b284048e265ad35d62c12c0416f14aef0ce026a229aa831,2020-08-24
2193,ZHT7000SU00EV,cycle_backlog_exact_model,1,0,0,0,old-27-Word97--0-48,原件/免征目录/mf_batch27.doc,2bd67cf7e1efc03ae93942d0d340ffef87478709520383b6ee4d08baf843ead1,2019-10-25
2194,ZHT7000SU02EV,cycle_backlog_exact_model,1,0,0,0,mf29-t0-r22,原件/mf_batch29.doc,8d24a01958cc6d44fa7826ecbb6a76869b9a0f2c98b97597d57af02932f2afaf,2019-12-27
2195,ZHT7000SU03EV,cycle_backlog_exact_model,1,0,0,0,old-35-Word97--0-14,原件/免征目录/mf_batch35.wps,e4a6abd0e50daa81d029f8b37584511354700e855dc89de210fcba782b0643f0,2020-09-21
2196,ZN6441V1YBEV,cycle_backlog_exact_model,1,0,0,0,old-04-PDF-grid-2-0-10,原件/免征目录/mf_batch04.pdf,7539cd299efb49a366656a4da32393075bcb03a5e10ea54e975f82f6099d9c81,2015-05-08
2197,ZN6450V1YBEV,cycle_backlog_exact_model,1,0,0,0,old-09-PDF-grid-3-0-19,原件/免征目录/mf_batch09.pdf,7eea7200c04fefec34f6ae6db5a1bae77f82a534348f266e95575cae051c8c8c,2016-12-06
2198,ZN6451V1YBEV,cycle_backlog_exact_model,1,0,0,0,old-12-PDF-grid-2-0-25,原件/免征目录/mf_batch12.pdf,afbd7133ccf901dbdc065b2ff80768450dc901def8d216cf5bb87baa98f7a1e2,2017-09-05
2199,ZN6452V1YBEV,cycle_backlog_exact_model,1,0,0,0,old-17-PDF-grid-2-0-22,原件/免征目录/mf_batch17.pdf,577a4ba9c586fe08565f6a60e6de5474698031566d8dcef484cd44335879e334,2018-04-16
2200,ZN6453V1YBEV,cycle_backlog_exact_model,1,0,0,0,old-21-DOCX--0-28,原件/免征目录/mf_batch21.docx,cd981cecffd781db646c194ab2c853b0466cc86eea0f616e95300b88932b8d9b,2018-11-06
2201,ZN6454V1YBEV,cycle_backlog_exact_model,1,0,0,0,old-25-Word97--0-84,原件/免征目录/mf_batch25.wps,9d2abe319463522513fe9c90f98bb8d0a825b599267d0b3cc403cec9624b3297,2019-06-12
2202,ZN6456V1YBEV,cycle_backlog_exact_model,1,0,0,0,old-27-Word97--0-26,原件/免征目录/mf_batch27.doc,2bd67cf7e1efc03ae93942d0d340ffef87478709520383b6ee4d08baf843ead1,2019-10-25
2203,ZN6493H2YBEV,cycle_backlog_exact_model,1,0,0,0,old-02-PDF-grid-2-0-4,原件/免征目录/mf_batch02.pdf,0b13b4fd2de6c4de3ab0f8add88bb8d24354d05ca6af46904fe1065c53c9c519,2014-10-29
2204,ZN6494H2YBEV,cycle_backlog_exact_model,1,0,0,0,old-02-PDF-grid-2-0-5,原件/免征目录/mf_batch02.pdf,0b13b4fd2de6c4de3ab0f8add88bb8d24354d05ca6af46904fe1065c53c9c519,2014-10-29
2205,ZN6495H2YBEV,cycle_backlog_exact_model,1,0,0,0,old-14-Word97--0-26,原件/免征目录/mf_batch14.docx,6a48764b5ccb7c4ffa6f54daa44d3a42095b8a981fc982e774ddaaded41e9921,2017-12-05
2206,ZN6496H2YBEV,cycle_backlog_exact_model,1,0,0,0,old-21-DOCX--0-29,原件/免征目录/mf_batch21.docx,cd981cecffd781db646c194ab2c853b0466cc86eea0f616e95300b88932b8d9b,2018-11-06
2207,ZN6532H5PBEV,cycle_backlog_exact_model,1,0,0,0,old-63-Word97--0-27,原件/免征目录/mf_batch63.doc,1d0f4bf9c7c1f67712e9efa3a5e3222c30d4e438653b9335aaff9714e65f8c05,2023-03-10
2208,ZQ6420DP1BEV,cycle_backlog_exact_model,1,0,0,0,old-22-Word97--0-35,原件/免征目录/mf_batch22.doc,eaf3fc1e64742af85b3d4bc90388d0a93154a497fd6c1fb9bf73b857672e1212,2018-12-18
