firm_routing_name,model_key,JX原空能量,32联合跨界,4单项细分,92逐车资格,2208试验口径,purpose_scopes,source_versions_json,same_model_is_same_configuration,reply_rule
一汽-大众汽车有限公司,FV6465AABEV,0,0,0,0,1,2208试验口径,"[{""purpose_scope"":""2208试验口径"",""source_record_ids"":""old-44-Word97--0-14"",""source_observation_date_upper"":""2021-07-12"",""source_file"":""原件/免征目录/mf_batch44.doc"",""source_sha256"":""aea30846204f4e55c0d969450f1619e1649eb27f471d5b0a2636d0da77eb0611"",""firm_route_basis"":""原件企业合并格/上下文候选；非登记实体认证""}]",0,按来源/日期/配置版本分别答复；同型号合并附件不等于同配置或逐车资格认证
一汽-大众汽车有限公司,FV6465BBABEV,0,0,0,0,1,2208试验口径,"[{""purpose_scope"":""2208试验口径"",""source_record_ids"":""old-46-Word97--0-15"",""source_observation_date_upper"":""2021-09-10"",""source_file"":""原件/免征目录/mf_batch46.doc"",""source_sha256"":""a4b2048b3d5c29a8969f0348e9fd19a3293f0c23e6f37a48bf42a2ed70c7d37d"",""firm_route_basis"":""原记录firm_raw""}]",0,按来源/日期/配置版本分别答复；同型号合并附件不等于同配置或逐车资格认证
一汽-大众汽车有限公司,FV6465BBBEV,0,0,0,0,1,2208试验口径,"[{""purpose_scope"":""2208试验口径"",""source_record_ids"":""old-35-Word97--0-2"",""source_observation_date_upper"":""2020-09-21"",""source_file"":""原件/免征目录/mf_batch35.wps"",""source_sha256"":""e4a6abd0e50daa81d029f8b37584511354700e855dc89de210fcba782b0643f0"",""firm_route_basis"":""原记录firm_raw""}]",0,按来源/日期/配置版本分别答复；同型号合并附件不等于同配置或逐车资格认证
一汽-大众汽车有限公司,FV6465BCABEV,0,0,0,0,1,2208试验口径,"[{""purpose_scope"":""2208试验口径"",""source_record_ids"":""old-47-Word97--0-4"",""source_observation_date_upper"":""2021-09-30"",""source_file"":""原件/免征目录/mf_batch47.doc"",""source_sha256"":""fb4517fe8220b10bc435a77a5328df13c732c70b335942dfad0ae9394affe9b4"",""firm_route_basis"":""原记录firm_raw""}]",0,按来源/日期/配置版本分别答复；同型号合并附件不等于同配置或逐车资格认证
一汽-大众汽车有限公司,FV6465BCBEV,0,0,0,0,1,2208试验口径,"[{""purpose_scope"":""2208试验口径"",""source_record_ids"":""old-41-Word97--0-9"",""source_observation_date_upper"":""2021-03-31"",""source_file"":""原件/免征目录/mf_batch41.doc"",""source_sha256"":""ba4634c0877ebf99f8e462013e4a07e40f57478a4aaf921801a6c85a49c42b7f"",""firm_route_basis"":""原记录firm_raw""}]",0,按来源/日期/配置版本分别答复；同型号合并附件不等于同配置或逐车资格认证
一汽-大众汽车有限公司,FV6469AABEV,0,0,0,0,1,2208试验口径,"[{""purpose_scope"":""2208试验口径"",""source_record_ids"":""old-53-Word97--0-13"",""source_observation_date_upper"":""2022-04-08"",""source_file"":""原件/免征目录/mf_batch53.doc"",""source_sha256"":""a1f426ff77c80bce4d153fbfb6d01a7b6c6c87539f52ac4643edb7b060e21d2a"",""firm_route_basis"":""原件企业合并格/上下文候选；非登记实体认证""}]",0,按来源/日期/配置版本分别答复；同型号合并附件不等于同配置或逐车资格认证
一汽-大众汽车有限公司,FV6469ABBEV,0,0,0,0,1,2208试验口径,"[{""purpose_scope"":""2208试验口径"",""source_record_ids"":""old-53-Word97--0-12"",""source_observation_date_upper"":""2022-04-08"",""source_file"":""原件/免征目录/mf_batch53.doc"",""source_sha256"":""a1f426ff77c80bce4d153fbfb6d01a7b6c6c87539f52ac4643edb7b060e21d2a"",""firm_route_basis"":""原记录firm_raw""}]",0,按来源/日期/配置版本分别答复；同型号合并附件不等于同配置或逐车资格认证
一汽-大众汽车有限公司,FV6494AA1BEV,0,0,0,0,1,2208试验口径,"[{""purpose_scope"":""2208试验口径"",""source_record_ids"":""old-37-Word97--0-2"",""source_observation_date_upper"":""2020-11-30"",""source_file"":""原件/免征目录/mf_batch37.doc"",""source_sha256"":""136057faede292d8070763e326c8dbdcddf3790653cc6879a13758f91556881f"",""firm_route_basis"":""原记录firm_raw""}]",0,按来源/日期/配置版本分别答复；同型号合并附件不等于同配置或逐车资格认证
一汽-大众汽车有限公司,FV6494AABEV,0,0,0,0,1,2208试验口径,"[{""purpose_scope"":""2208试验口径"",""source_record_ids"":""old-33-Word97--0-3"",""source_observation_date_upper"":""2020-07-21"",""source_file"":""原件/免征目录/mf_batch33.doc"",""source_sha256"":""ff98fbb1708c47cdcfc1e79e7a1647e72a7ae6d4255dce3b250d661001340c09"",""firm_route_basis"":""原记录firm_raw""}]",0,按来源/日期/配置版本分别答复；同型号合并附件不等于同配置或逐车资格认证
一汽-大众汽车有限公司,FV6498AABEV,0,0,0,0,1,2208试验口径,"[{""purpose_scope"":""2208试验口径"",""source_record_ids"":""old-44-Word97--0-13"",""source_observation_date_upper"":""2021-07-12"",""source_file"":""原件/免征目录/mf_batch44.doc"",""source_sha256"":""aea30846204f4e55c0d969450f1619e1649eb27f471d5b0a2636d0da77eb0611"",""firm_route_basis"":""原记录firm_raw""}]",0,按来源/日期/配置版本分别答复；同型号合并附件不等于同配置或逐车资格认证
一汽-大众汽车有限公司,FV6498BBABEV,0,0,0,0,1,2208试验口径,"[{""purpose_scope"":""2208试验口径"",""source_record_ids"":""old-49-Word97--0-8"",""source_observation_date_upper"":""2021-12-08"",""source_file"":""原件/免征目录/mf_batch49.doc"",""source_sha256"":""c7a56509a4d9272982da0abc9d1ea213ee1fbea3d0f1edad124630c9b5e3474e"",""firm_route_basis"":""原件企业合并格/上下文候选；非登记实体认证""}]",0,按来源/日期/配置版本分别答复；同型号合并附件不等于同配置或逐车资格认证
一汽-大众汽车有限公司,FV6498BBBEV,0,0,0,0,1,2208试验口径,"[{""purpose_scope"":""2208试验口径"",""source_record_ids"":""old-41-Word97--0-10"",""source_observation_date_upper"":""2021-03-31"",""source_file"":""原件/免征目录/mf_batch41.doc"",""source_sha256"":""ba4634c0877ebf99f8e462013e4a07e40f57478a4aaf921801a6c85a49c42b7f"",""firm_route_basis"":""原件企业合并格/上下文候选；非登记实体认证""}]",0,按来源/日期/配置版本分别答复；同型号合并附件不等于同配置或逐车资格认证
一汽-大众汽车有限公司,FV6498BBDBEV,0,0,0,0,1,2208试验口径,"[{""purpose_scope"":""2208试验口径"",""source_record_ids"":""old-49-Word97--0-9"",""source_observation_date_upper"":""2021-12-08"",""source_file"":""原件/免征目录/mf_batch49.doc"",""source_sha256"":""c7a56509a4d9272982da0abc9d1ea213ee1fbea3d0f1edad124630c9b5e3474e"",""firm_route_basis"":""原件企业合并格/上下文候选；非登记实体认证""}]",0,按来源/日期/配置版本分别答复；同型号合并附件不等于同配置或逐车资格认证
一汽-大众汽车有限公司,FV6498BCABEV,0,0,0,0,1,2208试验口径,"[{""purpose_scope"":""2208试验口径"",""source_record_ids"":""old-49-Word97--0-7"",""source_observation_date_upper"":""2021-12-08"",""source_file"":""原件/免征目录/mf_batch49.doc"",""source_sha256"":""c7a56509a4d9272982da0abc9d1ea213ee1fbea3d0f1edad124630c9b5e3474e"",""firm_route_basis"":""原记录firm_raw""}]",0,按来源/日期/配置版本分别答复；同型号合并附件不等于同配置或逐车资格认证
一汽-大众汽车有限公司,FV6498BCBEV,0,0,0,0,1,2208试验口径,"[{""purpose_scope"":""2208试验口径"",""source_record_ids"":""old-42-Word97--0-17"",""source_observation_date_upper"":""2021-04-30"",""source_file"":""原件/免征目录/mf_batch42.doc"",""source_sha256"":""fef4fd8ea19d773d368642e51a4bdb24c148530251a2240be4ff1358d5d41fab"",""firm_route_basis"":""原记录firm_raw""}]",0,按来源/日期/配置版本分别答复；同型号合并附件不等于同配置或逐车资格认证
一汽-大众汽车有限公司,FV70010AABEV,0,0,0,0,1,2208试验口径,"[{""purpose_scope"":""2208试验口径"",""source_record_ids"":""old-24-Word97--2-5"",""source_observation_date_upper"":""2019-04-30"",""source_file"":""原件/免征目录/mf_batch24.wps"",""source_sha256"":""07775a0cb063fe0fce5880b9378dd1eb2522b725d645cabdee314d604779939d"",""firm_route_basis"":""原记录firm_raw""}]",0,按来源/日期/配置版本分别答复；同型号合并附件不等于同配置或逐车资格认证
一汽-大众汽车有限公司,FV70010BABEV,0,0,0,0,1,2208试验口径,"[{""purpose_scope"":""2208试验口径"",""source_record_ids"":""old-26-DOCX--0-31"",""source_observation_date_upper"":""2019-08-30"",""source_file"":""原件/免征目录/mf_batch26.docx"",""source_sha256"":""de0890335ef3a4f1302a8a0735ec8b6aed52e994e2635db481820060d62248b5"",""firm_route_basis"":""原记录firm_raw""}]",0,按来源/日期/配置版本分别答复；同型号合并附件不等于同配置或逐车资格认证
一汽-大众汽车有限公司,FV70010CAABEV,0,0,0,0,1,2208试验口径,"[{""purpose_scope"":""2208试验口径"",""source_record_ids"":""old-41-Word97--0-11"",""source_observation_date_upper"":""2021-03-31"",""source_file"":""原件/免征目录/mf_batch41.doc"",""source_sha256"":""ba4634c0877ebf99f8e462013e4a07e40f57478a4aaf921801a6c85a49c42b7f"",""firm_route_basis"":""原件企业合并格/上下文候选；非登记实体认证""}]",0,按来源/日期/配置版本分别答复；同型号合并附件不等于同配置或逐车资格认证
一汽-大众汽车有限公司,FV70010CABEV,0,0,0,0,1,2208试验口径,"[{""purpose_scope"":""2208试验口径"",""source_record_ids"":""old-32-Word97--0-2"",""source_observation_date_upper"":""2020-06-02"",""source_file"":""原件/免征目录/mf_batch32.doc"",""source_sha256"":""ad7c65b4831a05b7c70e1e73fe834aa9beed883c66f898e799fcbbeb43cc3d75"",""firm_route_basis"":""原记录firm_raw""}]",0,按来源/日期/配置版本分别答复；同型号合并附件不等于同配置或逐车资格认证
一汽-大众汽车有限公司,FV7002AABEV,0,0,0,0,1,2208试验口径,"[{""purpose_scope"":""2208试验口径"",""source_record_ids"":""old-23-Word97--0-62"",""source_observation_date_upper"":""2019-03-13"",""source_file"":""原件/免征目录/mf_batch23.docx"",""source_sha256"":""87f838de0da3ba5887f77b2bf5c1dbf5b427e7cef896309a7084c11dd8f5efa0"",""firm_route_basis"":""原记录firm_raw""}]",0,按来源/日期/配置版本分别答复；同型号合并附件不等于同配置或逐车资格认证
一汽-大众汽车有限公司,FV7002BABEV,0,0,0,0,1,2208试验口径,"[{""purpose_scope"":""2208试验口径"",""source_record_ids"":""old-26-DOCX--0-32"",""source_observation_date_upper"":""2019-08-30"",""source_file"":""原件/免征目录/mf_batch26.docx"",""source_sha256"":""de0890335ef3a4f1302a8a0735ec8b6aed52e994e2635db481820060d62248b5"",""firm_route_basis"":""原件企业合并格/上下文候选；非登记实体认证""}]",0,按来源/日期/配置版本分别答复；同型号合并附件不等于同配置或逐车资格认证
一汽-大众汽车有限公司,FV7002CABEV,0,0,0,0,1,2208试验口径,"[{""purpose_scope"":""2208试验口径"",""source_record_ids"":""old-32-Word97--0-3"",""source_observation_date_upper"":""2020-06-02"",""source_file"":""原件/免征目录/mf_batch32.doc"",""source_sha256"":""ad7c65b4831a05b7c70e1e73fe834aa9beed883c66f898e799fcbbeb43cc3d75"",""firm_route_basis"":""原件企业合并格/上下文候选；非登记实体认证""}]",0,按来源/日期/配置版本分别答复；同型号合并附件不等于同配置或逐车资格认证
一汽-大众汽车有限公司,FV7004AABEV,0,0,0,0,1,2208试验口径,"[{""purpose_scope"":""2208试验口径"",""source_record_ids"":""old-23-Word97--0-63"",""source_observation_date_upper"":""2019-03-13"",""source_file"":""原件/免征目录/mf_batch23.docx"",""source_sha256"":""87f838de0da3ba5887f77b2bf5c1dbf5b427e7cef896309a7084c11dd8f5efa0"",""firm_route_basis"":""原件企业合并格/上下文候选；非登记实体认证""}]",0,按来源/日期/配置版本分别答复；同型号合并附件不等于同配置或逐车资格认证
一汽-大众汽车有限公司,FV7004BABEV,0,0,0,0,1,2208试验口径,"[{""purpose_scope"":""2208试验口径"",""source_record_ids"":""old-26-DOCX--0-33"",""source_observation_date_upper"":""2019-08-30"",""source_file"":""原件/免征目录/mf_batch26.docx"",""source_sha256"":""de0890335ef3a4f1302a8a0735ec8b6aed52e994e2635db481820060d62248b5"",""firm_route_basis"":""原件企业合并格/上下文候选；非登记实体认证""}]",0,按来源/日期/配置版本分别答复；同型号合并附件不等于同配置或逐车资格认证
一汽吉林汽车有限公司,CA7007REV,0,0,0,0,1,2208试验口径,"[{""purpose_scope"":""2208试验口径"",""source_record_ids"":""old-13-PDF-grid-2-0-17"",""source_observation_date_upper"":""2017-10-30"",""source_file"":""原件/免征目录/mf_batch13.pdf"",""source_sha256"":""e82c4f41c448edbb5269c95f2ff35d0c577f7ff0d12ff30b2d4c307a1aa31a6b"",""firm_route_basis"":""原记录firm_raw""}]",0,按来源/日期/配置版本分别答复；同型号合并附件不等于同配置或逐车资格认证
一汽吉林汽车有限公司,CA7007REVZX,0,0,0,0,1,2208试验口径,"[{""purpose_scope"":""2208试验口径"",""source_record_ids"":""old-21-DOCX--0-26"",""source_observation_date_upper"":""2018-11-06"",""source_file"":""原件/免征目录/mf_batch21.docx"",""source_sha256"":""cd981cecffd781db646c194ab2c853b0466cc86eea0f616e95300b88932b8d9b"",""firm_route_basis"":""原记录firm_raw""}]",0,按来源/日期/配置版本分别答复；同型号合并附件不等于同配置或逐车资格认证
一汽海马汽车有限公司,HMC6440BM0BEV,0,0,0,0,1,2208试验口径,"[{""purpose_scope"":""2208试验口径"",""source_record_ids"":""old-09-PDF-grid-3-0-6"",""source_observation_date_upper"":""2016-12-06"",""source_file"":""原件/免征目录/mf_batch09.pdf"",""source_sha256"":""7eea7200c04fefec34f6ae6db5a1bae77f82a534348f266e95575cae051c8c8c"",""firm_route_basis"":""原记录firm_raw""}]",0,按来源/日期/配置版本分别答复；同型号合并附件不等于同配置或逐车资格认证
一汽海马汽车有限公司,HMC7000LH0BEV,0,0,0,0,1,2208试验口径,"[{""purpose_scope"":""2208试验口径"",""source_record_ids"":""old-12-PDF-grid-2-0-13"",""source_observation_date_upper"":""2017-09-05"",""source_file"":""原件/免征目录/mf_batch12.pdf"",""source_sha256"":""afbd7133ccf901dbdc065b2ff80768450dc901def8d216cf5bb87baa98f7a1e2"",""firm_route_basis"":""原记录firm_raw""}]",0,按来源/日期/配置版本分别答复；同型号合并附件不等于同配置或逐车资格认证
一汽海马汽车有限公司,HMC7000NS0BEV,0,0,0,0,1,2208试验口径,"[{""purpose_scope"":""2208试验口径"",""source_record_ids"":""old-18-Word97--0-32"",""source_observation_date_upper"":""2018-06-19"",""source_file"":""原件/免征目录/mf_batch18.doc"",""source_sha256"":""43f5426f7f80996ee11a894710d7229c743abf7ad69ba239f61075e0a9ddd37a"",""firm_route_basis"":""原记录firm_raw""}]",0,按来源/日期/配置版本分别答复；同型号合并附件不等于同配置或逐车资格认证
一汽海马汽车有限公司,HMC7001BM0BEV,0,0,0,0,1,2208试验口径,"[{""purpose_scope"":""2208试验口径"",""source_record_ids"":""old-03-PDF-grid-1-0-11"",""source_observation_date_upper"":""2014-12-19"",""source_file"":""原件/免征目录/mf_batch03.pdf"",""source_sha256"":""1367fdf126160143cbeecaedf4a66b528d105bbfa58a06b2118487a2e05000a5"",""firm_route_basis"":""原记录firm_raw""}]",0,按来源/日期/配置版本分别答复；同型号合并附件不等于同配置或逐车资格认证
上汽大众汽车有限公司,SVW6451AEV,0,0,0,0,1,2208试验口径,"[{""purpose_scope"":""2208试验口径"",""source_record_ids"":""old-30-Word97--0-50"",""source_observation_date_upper"":""2020-03-13"",""source_file"":""原件/免征目录/mf_batch30.doc"",""source_sha256"":""e7fa3b47858ec2035b8055bc15be00b2b26920a5e8d3cad481058a80b92ead24"",""firm_route_basis"":""原记录firm_raw""}]",0,按来源/日期/配置版本分别答复；同型号合并附件不等于同配置或逐车资格认证
上汽大众汽车有限公司,SVW6461AEV,0,0,0,0,1,2208试验口径,"[{""purpose_scope"":""2208试验口径"",""source_record_ids"":""old-40-Word97--0-24"",""source_observation_date_upper"":""2021-03-08"",""source_file"":""原件/免征目录/mf_batch40.doc"",""source_sha256"":""93047c8e87a1f45948933ee36d00160788032370ecf11b551624e0ca45ecc1d1"",""firm_route_basis"":""原件企业合并格/上下文候选；非登记实体认证""}]",0,按来源/日期/配置版本分别答复；同型号合并附件不等于同配置或逐车资格认证
上汽大众汽车有限公司,SVW6461BEV,0,0,0,0,1,2208试验口径,"[{""purpose_scope"":""2208试验口径"",""source_record_ids"":""old-33-Word97--0-7"",""source_observation_date_upper"":""2020-07-21"",""source_file"":""原件/免征目录/mf_batch33.doc"",""source_sha256"":""ff98fbb1708c47cdcfc1e79e7a1647e72a7ae6d4255dce3b250d661001340c09"",""firm_route_basis"":""原记录firm_raw""}]",0,按来源/日期/配置版本分别答复；同型号合并附件不等于同配置或逐车资格认证
上汽大众汽车有限公司,SVW6461CEV,0,0,0,0,1,2208试验口径,"[{""purpose_scope"":""2208试验口径"",""source_record_ids"":""old-40-Word97--0-23"",""source_observation_date_upper"":""2021-03-08"",""source_file"":""原件/免征目录/mf_batch40.doc"",""source_sha256"":""93047c8e87a1f45948933ee36d00160788032370ecf11b551624e0ca45ecc1d1"",""firm_route_basis"":""原件企业合并格/上下文候选；非登记实体认证""}]",0,按来源/日期/配置版本分别答复；同型号合并附件不等于同配置或逐车资格认证
上汽大众汽车有限公司,SVW6461DEV,0,0,0,0,1,2208试验口径,"[{""purpose_scope"":""2208试验口径"",""source_record_ids"":""old-56-Word97--0-29"",""source_observation_date_upper"":""2022-07-08"",""source_file"":""原件/免征目录/mf_batch56.doc"",""source_sha256"":""cbffdc0819640e8f18c11a2a277b26b2e043c81406533457ff225f4df1c6c068"",""firm_route_basis"":""原件企业合并格/上下文候选；非登记实体认证""}]",0,按来源/日期/配置版本分别答复；同型号合并附件不等于同配置或逐车资格认证
上汽大众汽车有限公司,SVW6461EEV,0,0,0,0,1,2208试验口径,"[{""purpose_scope"":""2208试验口径"",""source_record_ids"":""old-56-Word97--0-28"",""source_observation_date_upper"":""2022-07-08"",""source_file"":""原件/免征目录/mf_batch56.doc"",""source_sha256"":""cbffdc0819640e8f18c11a2a277b26b2e043c81406533457ff225f4df1c6c068"",""firm_route_basis"":""原件企业合并格/上下文候选；非登记实体认证""}]",0,按来源/日期/配置版本分别答复；同型号合并附件不等于同配置或逐车资格认证
上汽大众汽车有限公司,SVW6461FEV,0,0,0,0,1,2208试验口径,"[{""purpose_scope"":""2208试验口径"",""source_record_ids"":""old-71-Word97--0-23"",""source_observation_date_upper"":""2023-11-20"",""source_file"":""原件/免征目录/mf_batch71.doc"",""source_sha256"":""b37b78b64b8ef7e12e6e95d6fd27a4a6e364c0c83ba403ffcf3bca82c60e3460"",""firm_route_basis"":""原件企业合并格/上下文候选；非登记实体认证""}]",0,按来源/日期/配置版本分别答复；同型号合并附件不等于同配置或逐车资格认证
上汽大众汽车有限公司,SVW6461GEV,0,0,0,0,1,2208试验口径,"[{""purpose_scope"":""2208试验口径"",""source_record_ids"":""old-71-Word97--0-24"",""source_observation_date_upper"":""2023-11-20"",""source_file"":""原件/免征目录/mf_batch71.doc"",""source_sha256"":""b37b78b64b8ef7e12e6e95d6fd27a4a6e364c0c83ba403ffcf3bca82c60e3460"",""firm_route_basis"":""原件企业合并格/上下文候选；非登记实体认证""}]",0,按来源/日期/配置版本分别答复；同型号合并附件不等于同配置或逐车资格认证
上汽大众汽车有限公司,SVW6492AEV,0,0,0,0,1,2208试验口径,"[{""purpose_scope"":""2208试验口径"",""source_record_ids"":""old-42-Word97--0-48"",""source_observation_date_upper"":""2021-04-30"",""source_file"":""原件/免征目录/mf_batch42.doc"",""source_sha256"":""fef4fd8ea19d773d368642e51a4bdb24c148530251a2240be4ff1358d5d41fab"",""firm_route_basis"":""原件企业合并格/上下文候选；非登记实体认证""}]",0,按来源/日期/配置版本分别答复；同型号合并附件不等于同配置或逐车资格认证
上汽大众汽车有限公司,SVW6492BEV,0,0,0,0,1,2208试验口径,"[{""purpose_scope"":""2208试验口径"",""source_record_ids"":""old-40-Word97--0-22"",""source_observation_date_upper"":""2021-03-08"",""source_file"":""原件/免征目录/mf_batch40.doc"",""source_sha256"":""93047c8e87a1f45948933ee36d00160788032370ecf11b551624e0ca45ecc1d1"",""firm_route_basis"":""原记录firm_raw""}]",0,按来源/日期/配置版本分别答复；同型号合并附件不等于同配置或逐车资格认证
上汽大众汽车有限公司,SVW6492CEV,0,0,0,0,1,2208试验口径,"[{""purpose_scope"":""2208试验口径"",""source_record_ids"":""old-42-Word97--0-47"",""source_observation_date_upper"":""2021-04-30"",""source_file"":""原件/免征目录/mf_batch42.doc"",""source_sha256"":""fef4fd8ea19d773d368642e51a4bdb24c148530251a2240be4ff1358d5d41fab"",""firm_route_basis"":""原记录firm_raw""}]",0,按来源/日期/配置版本分别答复；同型号合并附件不等于同配置或逐车资格认证
上汽大众汽车有限公司,SVW6492DEV,0,0,0,0,1,2208试验口径,"[{""purpose_scope"":""2208试验口径"",""source_record_ids"":""old-56-Word97--0-26"",""source_observation_date_upper"":""2022-07-08"",""source_file"":""原件/免征目录/mf_batch56.doc"",""source_sha256"":""cbffdc0819640e8f18c11a2a277b26b2e043c81406533457ff225f4df1c6c068"",""firm_route_basis"":""原记录firm_raw""}]",0,按来源/日期/配置版本分别答复；同型号合并附件不等于同配置或逐车资格认证
上汽大众汽车有限公司,SVW6492EEV,0,0,0,0,1,2208试验口径,"[{""purpose_scope"":""2208试验口径"",""source_record_ids"":""old-56-Word97--0-30"",""source_observation_date_upper"":""2022-07-08"",""source_file"":""原件/免征目录/mf_batch56.doc"",""source_sha256"":""cbffdc0819640e8f18c11a2a277b26b2e043c81406533457ff225f4df1c6c068"",""firm_route_basis"":""原件企业合并格/上下文候选；非登记实体认证""}]",0,按来源/日期/配置版本分别答复；同型号合并附件不等于同配置或逐车资格认证
上汽大众汽车有限公司,SVW6492FEV,0,0,0,0,1,2208试验口径,"[{""purpose_scope"":""2208试验口径"",""source_record_ids"":""old-71-Word97--0-22"",""source_observation_date_upper"":""2023-11-20"",""source_file"":""原件/免征目录/mf_batch71.doc"",""source_sha256"":""b37b78b64b8ef7e12e6e95d6fd27a4a6e364c0c83ba403ffcf3bca82c60e3460"",""firm_route_basis"":""原件企业合并格/上下文候选；非登记实体认证""}]",0,按来源/日期/配置版本分别答复；同型号合并附件不等于同配置或逐车资格认证
上汽大众汽车有限公司,SVW6492GEV,0,0,0,0,1,2208试验口径,"[{""purpose_scope"":""2208试验口径"",""source_record_ids"":""old-71-Word97--0-20"",""source_observation_date_upper"":""2023-11-20"",""source_file"":""原件/免征目录/mf_batch71.doc"",""source_sha256"":""b37b78b64b8ef7e12e6e95d6fd27a4a6e364c0c83ba403ffcf3bca82c60e3460"",""firm_route_basis"":""原记录firm_raw""}]",0,按来源/日期/配置版本分别答复；同型号合并附件不等于同配置或逐车资格认证
上汽大众汽车有限公司,SVW6492HEV,0,0,0,0,1,2208试验口径,"[{""purpose_scope"":""2208试验口径"",""source_record_ids"":""old-71-Word97--0-21"",""source_observation_date_upper"":""2023-11-20"",""source_file"":""原件/免征目录/mf_batch71.doc"",""source_sha256"":""b37b78b64b8ef7e12e6e95d6fd27a4a6e364c0c83ba403ffcf3bca82c60e3460"",""firm_route_basis"":""原件企业合并格/上下文候选；非登记实体认证""}]",0,按来源/日期/配置版本分别答复；同型号合并附件不等于同配置或逐车资格认证
上汽大众汽车有限公司,SVW6493AEV,0,0,0,0,1,2208试验口径,"[{""purpose_scope"":""2208试验口径"",""source_record_ids"":""old-46-Word97--0-61"",""source_observation_date_upper"":""2021-09-10"",""source_file"":""原件/免征目录/mf_batch46.doc"",""source_sha256"":""a4b2048b3d5c29a8969f0348e9fd19a3293f0c23e6f37a48bf42a2ed70c7d37d"",""firm_route_basis"":""原件企业合并格/上下文候选；非登记实体认证""}]",0,按来源/日期/配置版本分别答复；同型号合并附件不等于同配置或逐车资格认证
上汽大众汽车有限公司,SVW6493BEV,0,0,0,0,1,2208试验口径,"[{""purpose_scope"":""2208试验口径"",""source_record_ids"":""old-46-Word97--0-57"",""source_observation_date_upper"":""2021-09-10"",""source_file"":""原件/免征目录/mf_batch46.doc"",""source_sha256"":""a4b2048b3d5c29a8969f0348e9fd19a3293f0c23e6f37a48bf42a2ed70c7d37d"",""firm_route_basis"":""原记录firm_raw""}]",0,按来源/日期/配置版本分别答复；同型号合并附件不等于同配置或逐车资格认证
上汽大众汽车有限公司,SVW6493CEV,0,0,0,0,1,2208试验口径,"[{""purpose_scope"":""2208试验口径"",""source_record_ids"":""old-46-Word97--0-59"",""source_observation_date_upper"":""2021-09-10"",""source_file"":""原件/免征目录/mf_batch46.doc"",""source_sha256"":""a4b2048b3d5c29a8969f0348e9fd19a3293f0c23e6f37a48bf42a2ed70c7d37d"",""firm_route_basis"":""原件企业合并格/上下文候选；非登记实体认证""}]",0,按来源/日期/配置版本分别答复；同型号合并附件不等于同配置或逐车资格认证
上汽大众汽车有限公司,SVW6493DEV,0,0,0,0,1,2208试验口径,"[{""purpose_scope"":""2208试验口径"",""source_record_ids"":""old-46-Word97--0-60"",""source_observation_date_upper"":""2021-09-10"",""source_file"":""原件/免征目录/mf_batch46.doc"",""source_sha256"":""a4b2048b3d5c29a8969f0348e9fd19a3293f0c23e6f37a48bf42a2ed70c7d37d"",""firm_route_basis"":""原件企业合并格/上下文候选；非登记实体认证""}]",0,按来源/日期/配置版本分别答复；同型号合并附件不等于同配置或逐车资格认证
上汽大众汽车有限公司,SVW6493EEV,0,0,0,0,1,2208试验口径,"[{""purpose_scope"":""2208试验口径"",""source_record_ids"":""old-46-Word97--0-58"",""source_observation_date_upper"":""2021-09-10"",""source_file"":""原件/免征目录/mf_batch46.doc"",""source_sha256"":""a4b2048b3d5c29a8969f0348e9fd19a3293f0c23e6f37a48bf42a2ed70c7d37d"",""firm_route_basis"":""原件企业合并格/上下文候选；非登记实体认证""}]",0,按来源/日期/配置版本分别答复；同型号合并附件不等于同配置或逐车资格认证
上汽大众汽车有限公司,SVW6493FEV,0,0,0,0,1,2208试验口径,"[{""purpose_scope"":""2208试验口径"",""source_record_ids"":""old-57-Word97--0-23"",""source_observation_date_upper"":""2022-08-10"",""source_file"":""原件/免征目录/mf_batch57.doc"",""source_sha256"":""96d9708a19952b23d71fc40e9976a33ae30ca118226a032954a93ab36f355f21"",""firm_route_basis"":""原记录firm_raw""}]",0,按来源/日期/配置版本分别答复；同型号合并附件不等于同配置或逐车资格认证
上汽大众汽车有限公司,SVW6493GEV,0,0,0,0,1,2208试验口径,"[{""purpose_scope"":""2208试验口径"",""source_record_ids"":""old-71-Word97--0-25"",""source_observation_date_upper"":""2023-11-20"",""source_file"":""原件/免征目录/mf_batch71.doc"",""source_sha256"":""b37b78b64b8ef7e12e6e95d6fd27a4a6e364c0c83ba403ffcf3bca82c60e3460"",""firm_route_basis"":""原件企业合并格/上下文候选；非登记实体认证""}]",0,按来源/日期/配置版本分别答复；同型号合并附件不等于同配置或逐车资格认证
上汽大众汽车有限公司,SVW6493HEV,0,0,0,0,1,2208试验口径,"[{""purpose_scope"":""2208试验口径"",""source_record_ids"":""old-71-Word97--0-26"",""source_observation_date_upper"":""2023-11-20"",""source_file"":""原件/免征目录/mf_batch71.doc"",""source_sha256"":""b37b78b64b8ef7e12e6e95d6fd27a4a6e364c0c83ba403ffcf3bca82c60e3460"",""firm_route_basis"":""原件企业合并格/上下文候选；非登记实体认证""}]",0,按来源/日期/配置版本分别答复；同型号合并附件不等于同配置或逐车资格认证
上汽大众汽车有限公司,SVW6493JEV,0,0,0,0,1,2208试验口径,"[{""purpose_scope"":""2208试验口径"",""source_record_ids"":""old-71-Word97--0-27"",""source_observation_date_upper"":""2023-11-20"",""source_file"":""原件/免征目录/mf_batch71.doc"",""source_sha256"":""b37b78b64b8ef7e12e6e95d6fd27a4a6e364c0c83ba403ffcf3bca82c60e3460"",""firm_route_basis"":""原件企业合并格/上下文候选；非登记实体认证""}]",0,按来源/日期/配置版本分别答复；同型号合并附件不等于同配置或逐车资格认证
上汽大众汽车有限公司,SVW7000AEV,0,0,0,0,1,2208试验口径,"[{""purpose_scope"":""2208试验口径"",""source_record_ids"":""old-44-Word97--0-51"",""source_observation_date_upper"":""2021-07-12"",""source_file"":""原件/免征目录/mf_batch44.doc"",""source_sha256"":""aea30846204f4e55c0d969450f1619e1649eb27f471d5b0a2636d0da77eb0611"",""firm_route_basis"":""原记录firm_raw""}]",0,按来源/日期/配置版本分别答复；同型号合并附件不等于同配置或逐车资格认证
上汽大众汽车有限公司,SVW7000BEV,0,0,0,0,1,2208试验口径,"[{""purpose_scope"":""2208试验口径"",""source_record_ids"":""old-56-Word97--0-27"",""source_observation_date_upper"":""2022-07-08"",""source_file"":""原件/免征目录/mf_batch56.doc"",""source_sha256"":""cbffdc0819640e8f18c11a2a277b26b2e043c81406533457ff225f4df1c6c068"",""firm_route_basis"":""原件企业合并格/上下文候选；非登记实体认证""}]",0,按来源/日期/配置版本分别答复；同型号合并附件不等于同配置或逐车资格认证
上汽大众汽车有限公司,SVW7001AEV,0,0,0,0,1,2208试验口径,"[{""purpose_scope"":""2208试验口径"",""source_record_ids"":""old-22-Word97--0-6"",""source_observation_date_upper"":""2018-12-18"",""source_file"":""原件/免征目录/mf_batch22.doc"",""source_sha256"":""eaf3fc1e64742af85b3d4bc90388d0a93154a497fd6c1fb9bf73b857672e1212"",""firm_route_basis"":""原记录firm_raw""}]",0,按来源/日期/配置版本分别答复；同型号合并附件不等于同配置或逐车资格认证
上汽大众汽车有限公司,SVW7002AEV,0,0,0,0,1,2208试验口径,"[{""purpose_scope"":""2208试验口径"",""source_record_ids"":""old-23-Word97--0-54"",""source_observation_date_upper"":""2019-03-13"",""source_file"":""原件/免征目录/mf_batch23.docx"",""source_sha256"":""87f838de0da3ba5887f77b2bf5c1dbf5b427e7cef896309a7084c11dd8f5efa0"",""firm_route_basis"":""原记录firm_raw""}]",0,按来源/日期/配置版本分别答复；同型号合并附件不等于同配置或逐车资格认证
上汽大众汽车有限公司,SVW7003AEV,0,0,0,0,1,2208试验口径,"[{""purpose_scope"":""2208试验口径"",""source_record_ids"":""old-26-DOCX--0-39"",""source_observation_date_upper"":""2019-08-30"",""source_file"":""原件/免征目录/mf_batch26.docx"",""source_sha256"":""de0890335ef3a4f1302a8a0735ec8b6aed52e994e2635db481820060d62248b5"",""firm_route_basis"":""原记录firm_raw""}]",0,按来源/日期/配置版本分别答复；同型号合并附件不等于同配置或逐车资格认证
上汽大众汽车有限公司,SVW7005AEV,0,0,0,0,1,2208试验口径,"[{""purpose_scope"":""2208试验口径"",""source_record_ids"":""old-30-Word97--0-51"",""source_observation_date_upper"":""2020-03-13"",""source_file"":""原件/免征目录/mf_batch30.doc"",""source_sha256"":""e7fa3b47858ec2035b8055bc15be00b2b26920a5e8d3cad481058a80b92ead24"",""firm_route_basis"":""原件企业合并格/上下文候选；非登记实体认证""}]",0,按来源/日期/配置版本分别答复；同型号合并附件不等于同配置或逐车资格认证
上汽大通汽车有限公司,SH6471P1BEV,0,0,0,0,1,2208试验口径,"[{""purpose_scope"":""2208试验口径"",""source_record_ids"":""old-30-Word97--0-48"",""source_observation_date_upper"":""2020-03-13"",""source_file"":""原件/免征目录/mf_batch30.doc"",""source_sha256"":""e7fa3b47858ec2035b8055bc15be00b2b26920a5e8d3cad481058a80b92ead24"",""firm_route_basis"":""原记录firm_raw""}]",0,按来源/日期/配置版本分别答复；同型号合并附件不等于同配置或逐车资格认证
上汽大通汽车有限公司,SH6472P1BEV,0,0,0,0,1,2208试验口径,"[{""purpose_scope"":""2208试验口径"",""source_record_ids"":""old-32-Word97--0-12"",""source_observation_date_upper"":""2020-06-02"",""source_file"":""原件/免征目录/mf_batch32.doc"",""source_sha256"":""ad7c65b4831a05b7c70e1e73fe834aa9beed883c66f898e799fcbbeb43cc3d75"",""firm_route_basis"":""原记录firm_raw""}]",0,按来源/日期/配置版本分别答复；同型号合并附件不等于同配置或逐车资格认证
上汽大通汽车有限公司,SH6473P1BEV-6,0,0,0,0,1,2208试验口径,"[{""purpose_scope"":""2208试验口径"",""source_record_ids"":""old-63-Word97--0-14"",""source_observation_date_upper"":""2023-03-10"",""source_file"":""原件/免征目录/mf_batch63.doc"",""source_sha256"":""1d0f4bf9c7c1f67712e9efa3a5e3222c30d4e438653b9335aaff9714e65f8c05"",""firm_route_basis"":""原件企业合并格/上下文候选；非登记实体认证""}]",0,按来源/日期/配置版本分别答复；同型号合并附件不等于同配置或逐车资格认证
上汽大通汽车有限公司,SH6473P1BEV-7,0,0,0,0,1,2208试验口径,"[{""purpose_scope"":""2208试验口径"",""source_record_ids"":""old-63-Word97--0-12"",""source_observation_date_upper"":""2023-03-10"",""source_file"":""原件/免征目录/mf_batch63.doc"",""source_sha256"":""1d0f4bf9c7c1f67712e9efa3a5e3222c30d4e438653b9335aaff9714e65f8c05"",""firm_route_basis"":""原件企业合并格/上下文候选；非登记实体认证""}]",0,按来源/日期/配置版本分别答复；同型号合并附件不等于同配置或逐车资格认证
上汽大通汽车有限公司,SH6480U1BEV-J51,0,0,0,0,1,2208试验口径,"[{""purpose_scope"":""2208试验口径"",""source_record_ids"":""old-69-Word97--0-20"",""source_observation_date_upper"":""2023-09-14"",""source_file"":""原件/免征目录/mf_batch69.doc"",""source_sha256"":""357d61a16c94488c9fdd761f393edb7029b05394ab06117abaebcba1a1e45546"",""firm_route_basis"":""原记录firm_raw""}]",0,按来源/日期/配置版本分别答复；同型号合并附件不等于同配置或逐车资格认证
上汽大通汽车有限公司,SH6481N1BEV,0,0,0,0,1,2208试验口径,"[{""purpose_scope"":""2208试验口径"",""source_record_ids"":""old-25-Word97--0-71"",""source_observation_date_upper"":""2019-06-12"",""source_file"":""原件/免征目录/mf_batch25.wps"",""source_sha256"":""9d2abe319463522513fe9c90f98bb8d0a825b599267d0b3cc403cec9624b3297"",""firm_route_basis"":""原记录firm_raw""}]",0,按来源/日期/配置版本分别答复；同型号合并附件不等于同配置或逐车资格认证
上汽大通汽车有限公司,SH6485N1BEV,0,0,0,0,1,2208试验口径,"[{""purpose_scope"":""2208试验口径"",""source_record_ids"":""old-33-Word97--0-21"",""source_observation_date_upper"":""2020-07-21"",""source_file"":""原件/免征目录/mf_batch33.doc"",""source_sha256"":""ff98fbb1708c47cdcfc1e79e7a1647e72a7ae6d4255dce3b250d661001340c09"",""firm_route_basis"":""原记录firm_raw""}]",0,按来源/日期/配置版本分别答复；同型号合并附件不等于同配置或逐车资格认证
上汽大通汽车有限公司,SH6485N1BEV-7,0,0,0,0,1,2208试验口径,"[{""purpose_scope"":""2208试验口径"",""source_record_ids"":""old-42-Word97--0-46"",""source_observation_date_upper"":""2021-04-30"",""source_file"":""原件/免征目录/mf_batch42.doc"",""source_sha256"":""fef4fd8ea19d773d368642e51a4bdb24c148530251a2240be4ff1358d5d41fab"",""firm_route_basis"":""原件企业合并格/上下文候选；非登记实体认证""}]",0,按来源/日期/配置版本分别答复；同型号合并附件不等于同配置或逐车资格认证
上汽大通汽车有限公司,SH6486N1BEV-6,0,0,0,0,1,2208试验口径,"[{""purpose_scope"":""2208试验口径"",""source_record_ids"":""old-63-Word97--0-11"",""source_observation_date_upper"":""2023-03-10"",""source_file"":""原件/免征目录/mf_batch63.doc"",""source_sha256"":""1d0f4bf9c7c1f67712e9efa3a5e3222c30d4e438653b9335aaff9714e65f8c05"",""firm_route_basis"":""原记录firm_raw""}]",0,按来源/日期/配置版本分别答复；同型号合并附件不等于同配置或逐车资格认证
上汽大通汽车有限公司,SH6486N1BEV-7,0,0,0,0,1,2208试验口径,"[{""purpose_scope"":""2208试验口径"",""source_record_ids"":""old-63-Word97--0-13"",""source_observation_date_upper"":""2023-03-10"",""source_file"":""原件/免征目录/mf_batch63.doc"",""source_sha256"":""1d0f4bf9c7c1f67712e9efa3a5e3222c30d4e438653b9335aaff9714e65f8c05"",""firm_route_basis"":""原件企业合并格/上下文候选；非登记实体认证""}]",0,按来源/日期/配置版本分别答复；同型号合并附件不等于同配置或逐车资格认证
上汽大通汽车有限公司,SH6491N1BEV-6,0,0,0,0,1,2208试验口径,"[{""purpose_scope"":""2208试验口径"",""source_record_ids"":""old-65-Word97--0-17"",""source_observation_date_upper"":""2023-05-09"",""source_file"":""原件/免征目录/mf_batch65.doc"",""source_sha256"":""06a6a578a9a60516a845bc92deac49954438a789e9e4a7cf3cd140f256d9b13d"",""firm_route_basis"":""原件企业合并格/上下文候选；非登记实体认证""}]",0,按来源/日期/配置版本分别答复；同型号合并附件不等于同配置或逐车资格认证
上汽大通汽车有限公司,SH6491N1BEV-8,0,0,0,0,1,2208试验口径,"[{""purpose_scope"":""2208试验口径"",""source_record_ids"":""old-65-Word97--0-18"",""source_observation_date_upper"":""2023-05-09"",""source_file"":""原件/免征目录/mf_batch65.doc"",""source_sha256"":""06a6a578a9a60516a845bc92deac49954438a789e9e4a7cf3cd140f256d9b13d"",""firm_route_basis"":""原件企业合并格/上下文候选；非登记实体认证""}]",0,按来源/日期/配置版本分别答复；同型号合并附件不等于同配置或逐车资格认证
上汽大通汽车有限公司,SH6491N1BEV-9,0,0,0,0,1,2208试验口径,"[{""purpose_scope"":""2208试验口径"",""source_record_ids"":""old-65-Word97--0-16"",""source_observation_date_upper"":""2023-05-09"",""source_file"":""原件/免征目录/mf_batch65.doc"",""source_sha256"":""06a6a578a9a60516a845bc92deac49954438a789e9e4a7cf3cd140f256d9b13d"",""firm_route_basis"":""原件企业合并格/上下文候选；非登记实体认证""}]",0,按来源/日期/配置版本分别答复；同型号合并附件不等于同配置或逐车资格认证
上汽大通汽车有限公司,SH6491N1SEV-9,0,0,0,1,0,92逐车资格,"[{""purpose_scope"":""92逐车资格"",""source_record_ids"":""new-05-cell-4525;new-06-cell-5101"",""source_observation_date_upper"":""2024-05-20"",""source_file"":""原件/减免目录/cat_batch5.doc"",""source_sha256"":""be8c8373f926e8b033304f06a62d92b0f0fc066accc6841864c3fd414bc506ab"",""firm_route_basis"":""原件企业合并格/上下文候选；非登记实体认证""}]",0,按来源/日期/配置版本分别答复；同型号合并附件不等于同配置或逐车资格认证
上汽大通汽车有限公司,SH6523C1BEV,0,0,0,0,1,2208试验口径,"[{""purpose_scope"":""2208试验口径"",""source_record_ids"":""old-19-DOCX--0-43"",""source_observation_date_upper"":""2018-07-31"",""source_file"":""原件/免征目录/mf_batch19.docx"",""source_sha256"":""fafd1558aa0f21067847c19bdd0a95c79b919737be7b07b87c4538107fb2b8e3"",""firm_route_basis"":""原记录firm_raw""}]",0,按来源/日期/配置版本分别答复；同型号合并附件不等于同配置或逐车资格认证
上汽大通汽车有限公司,SH6531T1BEV-8,0,0,0,0,1,2208试验口径,"[{""purpose_scope"":""2208试验口径"",""source_record_ids"":""old-60-Word97--0-23"",""source_observation_date_upper"":""2022-11-09"",""source_file"":""原件/免征目录/mf_batch60.doc"",""source_sha256"":""aabd19e9a0955380873798454b18b3bb15c87937dffcbb0ccfab2eae3bf3551b"",""firm_route_basis"":""原记录firm_raw""}]",0,按来源/日期/配置版本分别答复；同型号合并附件不等于同配置或逐车资格认证
上汽大通汽车有限公司,SH6531T1BEV-9,0,0,0,0,1,2208试验口径,"[{""purpose_scope"":""2208试验口径"",""source_record_ids"":""old-50-Word97--0-51"",""source_observation_date_upper"":""2021-12-29"",""source_file"":""原件/免征目录/mf_batch50.doc"",""source_sha256"":""3810672d92621612507384960254de602e629e75a308df22ee2291519445095e"",""firm_route_basis"":""原记录firm_raw""}]",0,按来源/日期/配置版本分别答复；同型号合并附件不等于同配置或逐车资格认证
上汽大通汽车有限公司,SH6531T1SEV-9,0,0,0,1,0,92逐车资格,"[{""purpose_scope"":""92逐车资格"",""source_record_ids"":""new-05-cell-4514;new-06-cell-5089"",""source_observation_date_upper"":""2024-05-20"",""source_file"":""原件/减免目录/cat_batch5.doc"",""source_sha256"":""be8c8373f926e8b033304f06a62d92b0f0fc066accc6841864c3fd414bc506ab"",""firm_route_basis"":""原记录firm_raw""}]",0,按来源/日期/配置版本分别答复；同型号合并附件不等于同配置或逐车资格认证
上汽大通汽车有限公司,SH6532T1BEV-9,0,0,0,0,1,2208试验口径,"[{""purpose_scope"":""2208试验口径"",""source_record_ids"":""old-50-Word97--0-52"",""source_observation_date_upper"":""2021-12-29"",""source_file"":""原件/免征目录/mf_batch50.doc"",""source_sha256"":""3810672d92621612507384960254de602e629e75a308df22ee2291519445095e"",""firm_route_basis"":""原件企业合并格/上下文候选；非登记实体认证""}]",0,按来源/日期/配置版本分别答复；同型号合并附件不等于同配置或逐车资格认证
上汽大通汽车有限公司,SH6551J1BEV-1,0,0,0,0,1,2208试验口径,"[{""purpose_scope"":""2208试验口径"",""source_record_ids"":""old-38-Word97--0-31"",""source_observation_date_upper"":""2020-12-30"",""source_file"":""原件/免征目录/mf_batch38.doc"",""source_sha256"":""7c9def45fe5c40e4c5ffb483a1d1efd383c12cb16a5c4ba021d4ce28384776de"",""firm_route_basis"":""原记录firm_raw""}]",0,按来源/日期/配置版本分别答复；同型号合并附件不等于同配置或逐车资格认证
上汽大通汽车有限公司,SH6551J1BEV-3,0,0,0,0,1,2208试验口径,"[{""purpose_scope"":""2208试验口径"",""source_record_ids"":""old-42-Word97--0-45"",""source_observation_date_upper"":""2021-04-30"",""source_file"":""原件/免征目录/mf_batch42.doc"",""source_sha256"":""fef4fd8ea19d773d368642e51a4bdb24c148530251a2240be4ff1358d5d41fab"",""firm_route_basis"":""原记录firm_raw""}]",0,按来源/日期/配置版本分别答复；同型号合并附件不等于同配置或逐车资格认证
上汽大通汽车有限公司,SH6591J1BEV-1,0,0,0,0,1,2208试验口径,"[{""purpose_scope"":""2208试验口径"",""source_record_ids"":""old-46-Word97--0-55"",""source_observation_date_upper"":""2021-09-10"",""source_file"":""原件/免征目录/mf_batch46.doc"",""source_sha256"":""a4b2048b3d5c29a8969f0348e9fd19a3293f0c23e6f37a48bf42a2ed70c7d37d"",""firm_route_basis"":""原件企业合并格/上下文候选；非登记实体认证""}]",0,按来源/日期/配置版本分别答复；同型号合并附件不等于同配置或逐车资格认证
上汽通用五菱汽车股份有限公司,LZW6450EVHCAC,0,0,0,0,1,2208试验口径,"[{""purpose_scope"":""2208试验口径"",""source_record_ids"":""old-32-Word97--0-26"",""source_observation_date_upper"":""2020-06-02"",""source_file"":""原件/免征目录/mf_batch32.doc"",""source_sha256"":""ad7c65b4831a05b7c70e1e73fe834aa9beed883c66f898e799fcbbeb43cc3d75"",""firm_route_basis"":""原记录firm_raw""}]",0,按来源/日期/配置版本分别答复；同型号合并附件不等于同配置或逐车资格认证
上汽通用五菱汽车股份有限公司,LZW6450EVHEAB,0,0,0,0,1,2208试验口径,"[{""purpose_scope"":""2208试验口径"",""source_record_ids"":""mf29-t0-r17"",""source_observation_date_upper"":""2019-12-27"",""source_file"":""原件/mf_batch29.doc"",""source_sha256"":""8d24a01958cc6d44fa7826ecbb6a76869b9a0f2c98b97597d57af02932f2afaf"",""firm_route_basis"":""原件企业合并格/上下文候选；非登记实体认证""}]",0,按来源/日期/配置版本分别答复；同型号合并附件不等于同配置或逐车资格认证
上汽通用五菱汽车股份有限公司,LZW6450EVHEAC,0,0,0,0,1,2208试验口径,"[{""purpose_scope"":""2208试验口径"",""source_record_ids"":""mf29-t0-r18"",""source_observation_date_upper"":""2019-12-27"",""source_file"":""原件/mf_batch29.doc"",""source_sha256"":""8d24a01958cc6d44fa7826ecbb6a76869b9a0f2c98b97597d57af02932f2afaf"",""firm_route_basis"":""原件企业合并格/上下文候选；非登记实体认证""}]",0,按来源/日期/配置版本分别答复；同型号合并附件不等于同配置或逐车资格认证
上汽通用五菱汽车股份有限公司,LZW6450EVHEAT,0,0,0,0,1,2208试验口径,"[{""purpose_scope"":""2208试验口径"",""source_record_ids"":""old-33-Word97--0-38"",""source_observation_date_upper"":""2020-07-21"",""source_file"":""原件/免征目录/mf_batch33.doc"",""source_sha256"":""ff98fbb1708c47cdcfc1e79e7a1647e72a7ae6d4255dce3b250d661001340c09"",""firm_route_basis"":""原记录firm_raw""}]",0,按来源/日期/配置版本分别答复；同型号合并附件不等于同配置或逐车资格认证
上汽通用五菱汽车股份有限公司,LZW6450EVHEAU,0,0,0,0,1,2208试验口径,"[{""purpose_scope"":""2208试验口径"",""source_record_ids"":""old-33-Word97--0-39"",""source_observation_date_upper"":""2020-07-21"",""source_file"":""原件/免征目录/mf_batch33.doc"",""source_sha256"":""ff98fbb1708c47cdcfc1e79e7a1647e72a7ae6d4255dce3b250d661001340c09"",""firm_route_basis"":""原件企业合并格/上下文候选；非登记实体认证""}]",0,按来源/日期/配置版本分别答复；同型号合并附件不等于同配置或逐车资格认证
上汽通用五菱汽车股份有限公司,LZW7000EVA,0,0,0,0,1,2208试验口径,"[{""purpose_scope"":""2208试验口径"",""source_record_ids"":""old-10-PDF-grid-2-0-17"",""source_observation_date_upper"":""2017-04-27"",""source_file"":""原件/免征目录/mf_batch10.pdf"",""source_sha256"":""ac1b1ad2605b4f24762fb1f01cea64b685393577d01648618fa1882bb5700ac3"",""firm_route_basis"":""原记录firm_raw""}]",0,按来源/日期/配置版本分别答复；同型号合并附件不等于同配置或逐车资格认证
上汽通用五菱汽车股份有限公司,LZW7001EVA,0,0,0,0,1,2208试验口径,"[{""purpose_scope"":""2208试验口径"",""source_record_ids"":""old-10-PDF-grid-2-0-18"",""source_observation_date_upper"":""2017-04-27"",""source_file"":""原件/免征目录/mf_batch10.pdf"",""source_sha256"":""ac1b1ad2605b4f24762fb1f01cea64b685393577d01648618fa1882bb5700ac3"",""firm_route_basis"":""原件企业合并格/上下文候选；非登记实体认证""}]",0,按来源/日期/配置版本分别答复；同型号合并附件不等于同配置或逐车资格认证
上汽通用五菱汽车股份有限公司,LZW7001EVA1HAN,0,0,0,0,1,2208试验口径,"[{""purpose_scope"":""2208试验口径"",""source_record_ids"":""old-36-Word97--0-20"",""source_observation_date_upper"":""2020-10-30"",""source_file"":""原件/免征目录/mf_batch36.doc"",""source_sha256"":""05cfcfd9136685ad6d6e13b8228cd123cca109c26f43a4c71472016b5a610a9f"",""firm_route_basis"":""原记录firm_raw""}]",0,按来源/日期/配置版本分别答复；同型号合并附件不等于同配置或逐车资格认证
上汽通用五菱汽车股份有限公司,LZW7001EVA2HAN,0,0,0,0,1,2208试验口径,"[{""purpose_scope"":""2208试验口径"",""source_record_ids"":""old-36-Word97--0-21"",""source_observation_date_upper"":""2020-10-30"",""source_file"":""原件/免征目录/mf_batch36.doc"",""source_sha256"":""05cfcfd9136685ad6d6e13b8228cd123cca109c26f43a4c71472016b5a610a9f"",""firm_route_basis"":""原件企业合并格/上下文候选；非登记实体认证""}]",0,按来源/日期/配置版本分别答复；同型号合并附件不等于同配置或逐车资格认证
上汽通用五菱汽车股份有限公司,LZW7001EVAA,0,0,0,0,1,2208试验口径,"[{""purpose_scope"":""2208试验口径"",""source_record_ids"":""old-15-PDF-grid-1-0-19"",""source_observation_date_upper"":""2017-12-19"",""source_file"":""原件/免征目录/mf_batch15.pdf"",""source_sha256"":""bbb3b1e38c535c13d6ef1bc1f4105509476c91a7e63723dc7a70e372904d90f4"",""firm_route_basis"":""原记录firm_raw""}]",0,按来源/日期/配置版本分别答复；同型号合并附件不等于同配置或逐车资格认证
上汽通用五菱汽车股份有限公司,LZW7001EVABA,0,0,0,0,1,2208试验口径,"[{""purpose_scope"":""2208试验口径"",""source_record_ids"":""old-16-Word97--0-44"",""source_observation_date_upper"":""2018-02-13"",""source_file"":""原件/免征目录/mf_batch16.docx"",""source_sha256"":""9db5ace6c1c59bd9636d48636f94fa77d2b6e0aa27b109421690ce6a8c4a3967"",""firm_route_basis"":""原记录firm_raw""}]",0,按来源/日期/配置版本分别答复；同型号合并附件不等于同配置或逐车资格认证
上汽通用五菱汽车股份有限公司,LZW7001EVABD,0,0,0,0,1,2208试验口径,"[{""purpose_scope"":""2208试验口径"",""source_record_ids"":""old-17-PDF-grid-2-0-17"",""source_observation_date_upper"":""2018-04-16"",""source_file"":""原件/免征目录/mf_batch17.pdf"",""source_sha256"":""577a4ba9c586fe08565f6a60e6de5474698031566d8dcef484cd44335879e334"",""firm_route_basis"":""原记录firm_raw""}]",0,按来源/日期/配置版本分别答复；同型号合并附件不等于同配置或逐车资格认证
上汽通用五菱汽车股份有限公司,LZW7001EVABE,0,0,0,0,1,2208试验口径,"[{""purpose_scope"":""2208试验口径"",""source_record_ids"":""old-16-Word97--0-46"",""source_observation_date_upper"":""2018-02-13"",""source_file"":""原件/免征目录/mf_batch16.docx"",""source_sha256"":""9db5ace6c1c59bd9636d48636f94fa77d2b6e0aa27b109421690ce6a8c4a3967"",""firm_route_basis"":""原件企业合并格/上下文候选；非登记实体认证""}]",0,按来源/日期/配置版本分别答复；同型号合并附件不等于同配置或逐车资格认证
上汽通用五菱汽车股份有限公司,LZW7001EVABP,0,0,0,0,1,2208试验口径,"[{""purpose_scope"":""2208试验口径"",""source_record_ids"":""old-24-Word97--4-11"",""source_observation_date_upper"":""2019-04-30"",""source_file"":""原件/免征目录/mf_batch24.wps"",""source_sha256"":""07775a0cb063fe0fce5880b9378dd1eb2522b725d645cabdee314d604779939d"",""firm_route_basis"":""原记录firm_raw""}]",0,按来源/日期/配置版本分别答复；同型号合并附件不等于同配置或逐车资格认证
上汽通用五菱汽车股份有限公司,LZW7001EVACP,0,0,0,0,1,2208试验口径,"[{""purpose_scope"":""2208试验口径"",""source_record_ids"":""old-26-DOCX--0-59"",""source_observation_date_upper"":""2019-08-30"",""source_file"":""原件/免征目录/mf_batch26.docx"",""source_sha256"":""de0890335ef3a4f1302a8a0735ec8b6aed52e994e2635db481820060d62248b5"",""firm_route_basis"":""原记录firm_raw""}]",0,按来源/日期/配置版本分别答复；同型号合并附件不等于同配置或逐车资格认证
上汽通用五菱汽车股份有限公司,LZW7001EVADH,0,0,0,0,1,2208试验口径,"[{""purpose_scope"":""2208试验口径"",""source_record_ids"":""old-17-PDF-grid-2-0-18"",""source_observation_date_upper"":""2018-04-16"",""source_file"":""原件/免征目录/mf_batch17.pdf"",""source_sha256"":""577a4ba9c586fe08565f6a60e6de5474698031566d8dcef484cd44335879e334"",""firm_route_basis"":""原件企业合并格/上下文候选；非登记实体认证""}]",0,按来源/日期/配置版本分别答复；同型号合并附件不等于同配置或逐车资格认证
上汽通用五菱汽车股份有限公司,LZW7001EVAEP,0,0,0,0,1,2208试验口径,"[{""purpose_scope"":""2208试验口径"",""source_record_ids"":""old-23-Word97--0-40"",""source_observation_date_upper"":""2019-03-13"",""source_file"":""原件/免征目录/mf_batch23.docx"",""source_sha256"":""87f838de0da3ba5887f77b2bf5c1dbf5b427e7cef896309a7084c11dd8f5efa0"",""firm_route_basis"":""原记录firm_raw""}]",0,按来源/日期/配置版本分别答复；同型号合并附件不等于同配置或逐车资格认证
上汽通用五菱汽车股份有限公司,LZW7001EVAHAN,0,0,0,0,1,2208试验口径,"[{""purpose_scope"":""2208试验口径"",""source_record_ids"":""old-34-Word97--0-39"",""source_observation_date_upper"":""2020-08-24"",""source_file"":""原件/免征目录/mf_batch34.doc"",""source_sha256"":""d5c5bb03cc5fe0f16b284048e265ad35d62c12c0416f14aef0ce026a229aa831"",""firm_route_basis"":""原记录firm_raw""}]",0,按来源/日期/配置版本分别答复；同型号合并附件不等于同配置或逐车资格认证
上汽通用五菱汽车股份有限公司,LZW7001EVAHW,0,0,0,0,1,2208试验口径,"[{""purpose_scope"":""2208试验口径"",""source_record_ids"":""old-26-DOCX--0-60"",""source_observation_date_upper"":""2019-08-30"",""source_file"":""原件/免征目录/mf_batch26.docx"",""source_sha256"":""de0890335ef3a4f1302a8a0735ec8b6aed52e994e2635db481820060d62248b5"",""firm_route_basis"":""原件企业合并格/上下文候选；非登记实体认证""}]",0,按来源/日期/配置版本分别答复；同型号合并附件不等于同配置或逐车资格认证
上汽通用五菱汽车股份有限公司,LZW7001EVCHAN,0,0,0,0,1,2208试验口径,"[{""purpose_scope"":""2208试验口径"",""source_record_ids"":""old-36-Word97--0-22"",""source_observation_date_upper"":""2020-10-30"",""source_file"":""原件/免征目录/mf_batch36.doc"",""source_sha256"":""05cfcfd9136685ad6d6e13b8228cd123cca109c26f43a4c71472016b5a610a9f"",""firm_route_basis"":""原件企业合并格/上下文候选；非登记实体认证""}]",0,按来源/日期/配置版本分别答复；同型号合并附件不等于同配置或逐车资格认证
上汽通用五菱汽车股份有限公司,LZW7001EVDEP,0,0,0,0,1,2208试验口径,"[{""purpose_scope"":""2208试验口径"",""source_record_ids"":""old-28-Word97--0-13"",""source_observation_date_upper"":""2019-12-10"",""source_file"":""原件/免征目录/mf_batch28.doc"",""source_sha256"":""dfe1b301a5e8373e94e0e4a2fccee3d258c56bb662e4928764a71274142acd72"",""firm_route_basis"":""原记录firm_raw""}]",0,按来源/日期/配置版本分别答复；同型号合并附件不等于同配置或逐车资格认证
上汽通用五菱汽车股份有限公司,LZW7001EVPCAN,0,0,0,0,1,2208试验口径,"[{""purpose_scope"":""2208试验口径"",""source_record_ids"":""old-33-Word97--0-40"",""source_observation_date_upper"":""2020-07-21"",""source_file"":""原件/免征目录/mf_batch33.doc"",""source_sha256"":""ff98fbb1708c47cdcfc1e79e7a1647e72a7ae6d4255dce3b250d661001340c09"",""firm_route_basis"":""原件企业合并格/上下文候选；非登记实体认证""}]",0,按来源/日期/配置版本分别答复；同型号合并附件不等于同配置或逐车资格认证
上汽通用五菱汽车股份有限公司,LZW7001EVPEAD,0,0,0,0,1,2208试验口径,"[{""purpose_scope"":""2208试验口径"",""source_record_ids"":""old-32-Word97--0-27"",""source_observation_date_upper"":""2020-06-02"",""source_file"":""原件/免征目录/mf_batch32.doc"",""source_sha256"":""ad7c65b4831a05b7c70e1e73fe834aa9beed883c66f898e799fcbbeb43cc3d75"",""firm_route_basis"":""原件企业合并格/上下文候选；非登记实体认证""}]",0,按来源/日期/配置版本分别答复；同型号合并附件不等于同配置或逐车资格认证
上汽通用五菱汽车股份有限公司,LZW7001EVPHAN,0,0,0,0,1,2208试验口径,"[{""purpose_scope"":""2208试验口径"",""source_record_ids"":""old-32-Word97--0-28"",""source_observation_date_upper"":""2020-06-02"",""source_file"":""原件/免征目录/mf_batch32.doc"",""source_sha256"":""ad7c65b4831a05b7c70e1e73fe834aa9beed883c66f898e799fcbbeb43cc3d75"",""firm_route_basis"":""原件企业合并格/上下文候选；非登记实体认证""}]",0,按来源/日期/配置版本分别答复；同型号合并附件不等于同配置或逐车资格认证
上汽通用五菱汽车股份有限公司,LZW7001EVUCAN,0,0,0,0,1,2208试验口径,"[{""purpose_scope"":""2208试验口径"",""source_record_ids"":""old-35-Word97--0-3"",""source_observation_date_upper"":""2020-09-21"",""source_file"":""原件/免征目录/mf_batch35.wps"",""source_sha256"":""e4a6abd0e50daa81d029f8b37584511354700e855dc89de210fcba782b0643f0"",""firm_route_basis"":""原记录firm_raw""}]",0,按来源/日期/配置版本分别答复；同型号合并附件不等于同配置或逐车资格认证
上汽通用五菱汽车股份有限公司,LZW7001EVUHAN,0,0,0,0,1,2208试验口径,"[{""purpose_scope"":""2208试验口径"",""source_record_ids"":""old-36-Word97--0-23"",""source_observation_date_upper"":""2020-10-30"",""source_file"":""原件/免征目录/mf_batch36.doc"",""source_sha256"":""05cfcfd9136685ad6d6e13b8228cd123cca109c26f43a4c71472016b5a610a9f"",""firm_route_basis"":""原件企业合并格/上下文候选；非登记实体认证""}]",0,按来源/日期/配置版本分别答复；同型号合并附件不等于同配置或逐车资格认证
上汽通用五菱汽车股份有限公司,LZW7002EVA1EAN,0,0,0,0,1,2208试验口径,"[{""purpose_scope"":""2208试验口径"",""source_record_ids"":""old-43-Word97--0-17"",""source_observation_date_upper"":""2021-06-11"",""source_file"":""原件/免征目录/mf_batch43.doc"",""source_sha256"":""5d5202dfe31364ec0884640d8bba22b0f640154d0bcc6154272890e604cfc01c"",""firm_route_basis"":""原件企业合并格/上下文候选；非登记实体认证""}]",0,按来源/日期/配置版本分别答复；同型号合并附件不等于同配置或逐车资格认证
上汽通用五菱汽车股份有限公司,LZW7002EVB1EAN,0,0,0,0,1,2208试验口径,"[{""purpose_scope"":""2208试验口径"",""source_record_ids"":""old-43-Word97--0-16"",""source_observation_date_upper"":""2021-06-11"",""source_file"":""原件/免征目录/mf_batch43.doc"",""source_sha256"":""5d5202dfe31364ec0884640d8bba22b0f640154d0bcc6154272890e604cfc01c"",""firm_route_basis"":""原件企业合并格/上下文候选；非登记实体认证""}]",0,按来源/日期/配置版本分别答复；同型号合并附件不等于同配置或逐车资格认证
上汽通用五菱汽车股份有限公司,LZW7002EVB1PAN,0,0,0,0,1,2208试验口径,"[{""purpose_scope"":""2208试验口径"",""source_record_ids"":""old-46-Word97--0-64"",""source_observation_date_upper"":""2021-09-10"",""source_file"":""原件/免征目录/mf_batch46.doc"",""source_sha256"":""a4b2048b3d5c29a8969f0348e9fd19a3293f0c23e6f37a48bf42a2ed70c7d37d"",""firm_route_basis"":""原件企业合并格/上下文候选；非登记实体认证""}]",0,按来源/日期/配置版本分别答复；同型号合并附件不等于同配置或逐车资格认证
上汽通用五菱汽车股份有限公司,LZW7002EVBBG,0,0,0,0,1,2208试验口径,"[{""purpose_scope"":""2208试验口径"",""source_record_ids"":""old-20-DOCX--0-59"",""source_observation_date_upper"":""2018-09-19"",""source_file"":""原件/免征目录/mf_batch20.docx"",""source_sha256"":""374d3f87551d75d1c163e76abb38f350ea93f8a2b8cad6174568c307d1cc0130"",""firm_route_basis"":""原件企业合并格/上下文候选；非登记实体认证""}]",0,按来源/日期/配置版本分别答复；同型号合并附件不等于同配置或逐车资格认证
上汽通用五菱汽车股份有限公司,LZW7002EVBBP,0,0,0,0,1,2208试验口径,"[{""purpose_scope"":""2208试验口径"",""source_record_ids"":""old-24-Word97--4-12"",""source_observation_date_upper"":""2019-04-30"",""source_file"":""原件/免征目录/mf_batch24.wps"",""source_sha256"":""07775a0cb063fe0fce5880b9378dd1eb2522b725d645cabdee314d604779939d"",""firm_route_basis"":""原件企业合并格/上下文候选；非登记实体认证""}]",0,按来源/日期/配置版本分别答复；同型号合并附件不等于同配置或逐车资格认证
上汽通用五菱汽车股份有限公司,LZW7002EVBCP,0,0,0,0,1,2208试验口径,"[{""purpose_scope"":""2208试验口径"",""source_record_ids"":""old-23-Word97--0-41"",""source_observation_date_upper"":""2019-03-13"",""source_file"":""原件/免征目录/mf_batch23.docx"",""source_sha256"":""87f838de0da3ba5887f77b2bf5c1dbf5b427e7cef896309a7084c11dd8f5efa0"",""firm_route_basis"":""原件企业合并格/上下文候选；非登记实体认证""}]",0,按来源/日期/配置版本分别答复；同型号合并附件不等于同配置或逐车资格认证
上汽通用五菱汽车股份有限公司,LZW7002EVBDH,0,0,0,0,1,2208试验口径,"[{""purpose_scope"":""2208试验口径"",""source_record_ids"":""old-20-DOCX--0-63"",""source_observation_date_upper"":""2018-09-19"",""source_file"":""原件/免征目录/mf_batch20.docx"",""source_sha256"":""374d3f87551d75d1c163e76abb38f350ea93f8a2b8cad6174568c307d1cc0130"",""firm_route_basis"":""原件企业合并格/上下文候选；非登记实体认证""}]",0,按来源/日期/配置版本分别答复；同型号合并附件不等于同配置或逐车资格认证
上汽通用五菱汽车股份有限公司,LZW7002EVBEP,0,0,0,0,1,2208试验口径,"[{""purpose_scope"":""2208试验口径"",""source_record_ids"":""old-23-Word97--0-42"",""source_observation_date_upper"":""2019-03-13"",""source_file"":""原件/免征目录/mf_batch23.docx"",""source_sha256"":""87f838de0da3ba5887f77b2bf5c1dbf5b427e7cef896309a7084c11dd8f5efa0"",""firm_route_basis"":""原件企业合并格/上下文候选；非登记实体认证""}]",0,按来源/日期/配置版本分别答复；同型号合并附件不等于同配置或逐车资格认证
上汽通用五菱汽车股份有限公司,LZW7002EVBHAN,0,0,0,0,1,2208试验口径,"[{""purpose_scope"":""2208试验口径"",""source_record_ids"":""old-33-Word97--0-41"",""source_observation_date_upper"":""2020-07-21"",""source_file"":""原件/免征目录/mf_batch33.doc"",""source_sha256"":""ff98fbb1708c47cdcfc1e79e7a1647e72a7ae6d4255dce3b250d661001340c09"",""firm_route_basis"":""原件企业合并格/上下文候选；非登记实体认证""}]",0,按来源/日期/配置版本分别答复；同型号合并附件不等于同配置或逐车资格认证
上汽通用五菱汽车股份有限公司,LZW7002EVBHANA,0,0,0,0,1,2208试验口径,"[{""purpose_scope"":""2208试验口径"",""source_record_ids"":""old-44-Word97--0-53"",""source_observation_date_upper"":""2021-07-12"",""source_file"":""原件/免征目录/mf_batch44.doc"",""source_sha256"":""aea30846204f4e55c0d969450f1619e1649eb27f471d5b0a2636d0da77eb0611"",""firm_route_basis"":""原件企业合并格/上下文候选；非登记实体认证""}]",0,按来源/日期/配置版本分别答复；同型号合并附件不等于同配置或逐车资格认证
上汽通用五菱汽车股份有限公司,LZW7002EVBHH,0,0,0,0,1,2208试验口径,"[{""purpose_scope"":""2208试验口径"",""source_record_ids"":""old-22-Word97--0-42"",""source_observation_date_upper"":""2018-12-18"",""source_file"":""原件/免征目录/mf_batch22.doc"",""source_sha256"":""eaf3fc1e64742af85b3d4bc90388d0a93154a497fd6c1fb9bf73b857672e1212"",""firm_route_basis"":""原件企业合并格/上下文候选；非登记实体认证""}]",0,按来源/日期/配置版本分别答复；同型号合并附件不等于同配置或逐车资格认证
上汽通用五菱汽车股份有限公司,LZW7002EVBHW,0,0,0,0,1,2208试验口径,"[{""purpose_scope"":""2208试验口径"",""source_record_ids"":""old-24-Word97--4-15"",""source_observation_date_upper"":""2019-04-30"",""source_file"":""原件/免征目录/mf_batch24.wps"",""source_sha256"":""07775a0cb063fe0fce5880b9378dd1eb2522b725d645cabdee314d604779939d"",""firm_route_basis"":""原件企业合并格/上下文候选；非登记实体认证""}]",0,按来源/日期/配置版本分别答复；同型号合并附件不等于同配置或逐车资格认证
上汽通用五菱汽车股份有限公司,LZW7002EVCCAN,0,0,0,0,1,2208试验口径,"[{""purpose_scope"":""2208试验口径"",""source_record_ids"":""old-33-Word97--0-42"",""source_observation_date_upper"":""2020-07-21"",""source_file"":""原件/免征目录/mf_batch33.doc"",""source_sha256"":""ff98fbb1708c47cdcfc1e79e7a1647e72a7ae6d4255dce3b250d661001340c09"",""firm_route_basis"":""原件企业合并格/上下文候选；非登记实体认证""}]",0,按来源/日期/配置版本分别答复；同型号合并附件不等于同配置或逐车资格认证
上汽通用五菱汽车股份有限公司,LZW7002EVCEP,0,0,0,0,1,2208试验口径,"[{""purpose_scope"":""2208试验口径"",""source_record_ids"":""old-26-DOCX--0-62"",""source_observation_date_upper"":""2019-08-30"",""source_file"":""原件/免征目录/mf_batch26.docx"",""source_sha256"":""de0890335ef3a4f1302a8a0735ec8b6aed52e994e2635db481820060d62248b5"",""firm_route_basis"":""原件企业合并格/上下文候选；非登记实体认证""}]",0,按来源/日期/配置版本分别答复；同型号合并附件不等于同配置或逐车资格认证
上汽通用五菱汽车股份有限公司,LZW7002EVCHAN,0,0,0,0,1,2208试验口径,"[{""purpose_scope"":""2208试验口径"",""source_record_ids"":""old-38-Word97--0-33"",""source_observation_date_upper"":""2020-12-30"",""source_file"":""原件/免征目录/mf_batch38.doc"",""source_sha256"":""7c9def45fe5c40e4c5ffb483a1d1efd383c12cb16a5c4ba021d4ce28384776de"",""firm_route_basis"":""原件企业合并格/上下文候选；非登记实体认证""}]",0,按来源/日期/配置版本分别答复；同型号合并附件不等于同配置或逐车资格认证
上汽通用五菱汽车股份有限公司,LZW7002EVCHANA,0,0,0,0,1,2208试验口径,"[{""purpose_scope"":""2208试验口径"",""source_record_ids"":""old-43-Word97--0-15"",""source_observation_date_upper"":""2021-06-11"",""source_file"":""原件/免征目录/mf_batch43.doc"",""source_sha256"":""5d5202dfe31364ec0884640d8bba22b0f640154d0bcc6154272890e604cfc01c"",""firm_route_basis"":""原记录firm_raw""}]",0,按来源/日期/配置版本分别答复；同型号合并附件不等于同配置或逐车资格认证
上汽通用五菱汽车股份有限公司,LZW7002EVUHAN,0,0,0,0,1,2208试验口径,"[{""purpose_scope"":""2208试验口径"",""source_record_ids"":""old-42-Word97--0-49"",""source_observation_date_upper"":""2021-04-30"",""source_file"":""原件/免征目录/mf_batch42.doc"",""source_sha256"":""fef4fd8ea19d773d368642e51a4bdb24c148530251a2240be4ff1358d5d41fab"",""firm_route_basis"":""原记录firm_raw""}]",0,按来源/日期/配置版本分别答复；同型号合并附件不等于同配置或逐车资格认证
上汽通用五菱汽车股份有限公司,LZW7003EVA3EAB,0,0,0,0,1,2208试验口径,"[{""purpose_scope"":""2208试验口径"",""source_record_ids"":""old-37-Word97--0-4"",""source_observation_date_upper"":""2020-11-30"",""source_file"":""原件/免征目录/mf_batch37.doc"",""source_sha256"":""136057faede292d8070763e326c8dbdcddf3790653cc6879a13758f91556881f"",""firm_route_basis"":""原记录firm_raw""}]",0,按来源/日期/配置版本分别答复；同型号合并附件不等于同配置或逐车资格认证
上汽通用五菱汽车股份有限公司,LZW7003EVB3EAB,0,0,0,0,1,2208试验口径,"[{""purpose_scope"":""2208试验口径"",""source_record_ids"":""old-47-Word97--0-43"",""source_observation_date_upper"":""2021-09-30"",""source_file"":""原件/免征目录/mf_batch47.doc"",""source_sha256"":""fb4517fe8220b10bc435a77a5328df13c732c70b335942dfad0ae9394affe9b4"",""firm_route_basis"":""原件企业合并格/上下文候选；非登记实体认证""}]",0,按来源/日期/配置版本分别答复；同型号合并附件不等于同配置或逐车资格认证
上汽通用五菱汽车股份有限公司,LZW7003EVB3KAB,0,0,0,0,1,2208试验口径,"[{""purpose_scope"":""2208试验口径"",""source_record_ids"":""old-47-Word97--0-44"",""source_observation_date_upper"":""2021-09-30"",""source_file"":""原件/免征目录/mf_batch47.doc"",""source_sha256"":""fb4517fe8220b10bc435a77a5328df13c732c70b335942dfad0ae9394affe9b4"",""firm_route_basis"":""原件企业合并格/上下文候选；非登记实体认证""}]",0,按来源/日期/配置版本分别答复；同型号合并附件不等于同配置或逐车资格认证
上汽通用五菱汽车股份有限公司,LZW7003EVB3KBE,0,0,0,0,1,2208试验口径,"[{""purpose_scope"":""2208试验口径"",""source_record_ids"":""old-47-Word97--0-42"",""source_observation_date_upper"":""2021-09-30"",""source_file"":""原件/免征目录/mf_batch47.doc"",""source_sha256"":""fb4517fe8220b10bc435a77a5328df13c732c70b335942dfad0ae9394affe9b4"",""firm_route_basis"":""原件企业合并格/上下文候选；非登记实体认证""}]",0,按来源/日期/配置版本分别答复；同型号合并附件不等于同配置或逐车资格认证
上汽通用五菱汽车股份有限公司,LZW7003EVGEAB,0,0,0,0,1,2208试验口径,"[{""purpose_scope"":""2208试验口径"",""source_record_ids"":""old-33-Word97--0-43"",""source_observation_date_upper"":""2020-07-21"",""source_file"":""原件/免征目录/mf_batch33.doc"",""source_sha256"":""ff98fbb1708c47cdcfc1e79e7a1647e72a7ae6d4255dce3b250d661001340c09"",""firm_route_basis"":""原件企业合并格/上下文候选；非登记实体认证""}]",0,按来源/日期/配置版本分别答复；同型号合并附件不等于同配置或逐车资格认证
上汽通用五菱汽车股份有限公司,LZW7003EVGKAB,0,0,0,0,1,2208试验口径,"[{""purpose_scope"":""2208试验口径"",""source_record_ids"":""old-30-Word97--0-74"",""source_observation_date_upper"":""2020-03-13"",""source_file"":""原件/免征目录/mf_batch30.doc"",""source_sha256"":""e7fa3b47858ec2035b8055bc15be00b2b26920a5e8d3cad481058a80b92ead24"",""firm_route_basis"":""原件企业合并格/上下文候选；非登记实体认证""}]",0,按来源/日期/配置版本分别答复；同型号合并附件不等于同配置或逐车资格认证
上汽通用五菱汽车股份有限公司,LZW7003EVGMAB,0,0,0,0,1,2208试验口径,"[{""purpose_scope"":""2208试验口径"",""source_record_ids"":""old-47-Word97--0-45"",""source_observation_date_upper"":""2021-09-30"",""source_file"":""原件/免征目录/mf_batch47.doc"",""source_sha256"":""fb4517fe8220b10bc435a77a5328df13c732c70b335942dfad0ae9394affe9b4"",""firm_route_basis"":""原件企业合并格/上下文候选；非登记实体认证""}]",0,按来源/日期/配置版本分别答复；同型号合并附件不等于同配置或逐车资格认证
上汽通用五菱汽车股份有限公司,LZW7003EVGMAJ,0,0,0,0,1,2208试验口径,"[{""purpose_scope"":""2208试验口径"",""source_record_ids"":""old-33-Word97--0-44"",""source_observation_date_upper"":""2020-07-21"",""source_file"":""原件/免征目录/mf_batch33.doc"",""source_sha256"":""ff98fbb1708c47cdcfc1e79e7a1647e72a7ae6d4255dce3b250d661001340c09"",""firm_route_basis"":""原件企业合并格/上下文候选；非登记实体认证""}]",0,按来源/日期/配置版本分别答复；同型号合并附件不等于同配置或逐车资格认证
上汽通用五菱汽车股份有限公司,LZW7003EVGNAJ,0,0,0,0,1,2208试验口径,"[{""purpose_scope"":""2208试验口径"",""source_record_ids"":""old-33-Word97--0-45"",""source_observation_date_upper"":""2020-07-21"",""source_file"":""原件/免征目录/mf_batch33.doc"",""source_sha256"":""ff98fbb1708c47cdcfc1e79e7a1647e72a7ae6d4255dce3b250d661001340c09"",""firm_route_basis"":""原件企业合并格/上下文候选；非登记实体认证""}]",0,按来源/日期/配置版本分别答复；同型号合并附件不等于同配置或逐车资格认证
上汽通用五菱汽车股份有限公司,LZW7003EVMET,0,0,0,0,1,2208试验口径,"[{""purpose_scope"":""2208试验口径"",""source_record_ids"":""old-30-Word97--0-75"",""source_observation_date_upper"":""2020-03-13"",""source_file"":""原件/免征目录/mf_batch30.doc"",""source_sha256"":""e7fa3b47858ec2035b8055bc15be00b2b26920a5e8d3cad481058a80b92ead24"",""firm_route_basis"":""原件企业合并格/上下文候选；非登记实体认证""}]",0,按来源/日期/配置版本分别答复；同型号合并附件不等于同配置或逐车资格认证
上汽通用五菱汽车股份有限公司,LZW7004EVA1,0,0,0,0,1,2208试验口径,"[{""purpose_scope"":""2208试验口径"",""source_record_ids"":""old-69-Word97--0-59"",""source_observation_date_upper"":""2023-09-14"",""source_file"":""原件/免征目录/mf_batch69.doc"",""source_sha256"":""357d61a16c94488c9fdd761f393edb7029b05394ab06117abaebcba1a1e45546"",""firm_route_basis"":""原件企业合并格/上下文候选；非登记实体认证""}]",0,按来源/日期/配置版本分别答复；同型号合并附件不等于同配置或逐车资格认证
上汽通用五菱汽车股份有限公司,LZW7004EVA3,0,0,0,0,1,2208试验口径,"[{""purpose_scope"":""2208试验口径"",""source_record_ids"":""old-70-Word97--0-35"",""source_observation_date_upper"":""2023-10-18"",""source_file"":""原件/免征目录/mf_batch70.doc"",""source_sha256"":""29b9f5df62602e114f0ed01426c185fdb15a654022cdf16d4df624bb736ed813"",""firm_route_basis"":""原记录firm_raw""}]",0,按来源/日期/配置版本分别答复；同型号合并附件不等于同配置或逐车资格认证
上汽通用五菱汽车股份有限公司,LZW7004EVA4,0,0,0,1,1,92逐车资格;2208试验口径,"[{""purpose_scope"":""92逐车资格"",""source_record_ids"":""new-03-cell-354;new-06-cell-4645"",""source_observation_date_upper"":""2024-03-11"",""source_file"":""原件/减免目录/cat_batch3.doc"",""source_sha256"":""338c1551d098659125f729d8b63eb48134ce5dfcfd36362a2aacb04a112e87b8"",""firm_route_basis"":""原记录firm_raw""},{""purpose_scope"":""2208试验口径"",""source_record_ids"":""old-68-Word97--0-26"",""source_observation_date_upper"":""2023-08-16"",""source_file"":""原件/免征目录/mf_batch68.doc"",""source_sha256"":""58113d08377020d08de0aeb0e08ff63c4a4411dbe35ad69cfdd6f82fdf0fcc77"",""firm_route_basis"":""原记录firm_raw""}]",0,按来源/日期/配置版本分别答复；同型号合并附件不等于同配置或逐车资格认证
上汽通用五菱汽车股份有限公司,LZW7004EVA4CAM,0,0,0,0,1,2208试验口径,"[{""purpose_scope"":""2208试验口径"",""source_record_ids"":""old-37-Word97--0-5"",""source_observation_date_upper"":""2020-11-30"",""source_file"":""原件/免征目录/mf_batch37.doc"",""source_sha256"":""136057faede292d8070763e326c8dbdcddf3790653cc6879a13758f91556881f"",""firm_route_basis"":""原件企业合并格/上下文候选；非登记实体认证""}]",0,按来源/日期/配置版本分别答复；同型号合并附件不等于同配置或逐车资格认证
上汽通用五菱汽车股份有限公司,LZW7004EVA4KAK,0,0,0,0,1,2208试验口径,"[{""purpose_scope"":""2208试验口径"",""source_record_ids"":""old-38-Word97--0-32"",""source_observation_date_upper"":""2020-12-30"",""source_file"":""原件/免征目录/mf_batch38.doc"",""source_sha256"":""7c9def45fe5c40e4c5ffb483a1d1efd383c12cb16a5c4ba021d4ce28384776de"",""firm_route_basis"":""原记录firm_raw""}]",0,按来源/日期/配置版本分别答复；同型号合并附件不等于同配置或逐车资格认证
上汽通用五菱汽车股份有限公司,LZW7004EVA5,0,0,0,0,1,2208试验口径,"[{""purpose_scope"":""2208试验口径"",""source_record_ids"":""old-71-Word97--0-42"",""source_observation_date_upper"":""2023-11-20"",""source_file"":""原件/免征目录/mf_batch71.doc"",""source_sha256"":""b37b78b64b8ef7e12e6e95d6fd27a4a6e364c0c83ba403ffcf3bca82c60e3460"",""firm_route_basis"":""原记录firm_raw""}]",0,按来源/日期/配置版本分别答复；同型号合并附件不等于同配置或逐车资格认证
上汽通用五菱汽车股份有限公司,LZW7004EVB2DBD,0,0,0,0,1,2208试验口径,"[{""purpose_scope"":""2208试验口径"",""source_record_ids"":""old-44-Word97--0-52"",""source_observation_date_upper"":""2021-07-12"",""source_file"":""原件/免征目录/mf_batch44.doc"",""source_sha256"":""aea30846204f4e55c0d969450f1619e1649eb27f471d5b0a2636d0da77eb0611"",""firm_route_basis"":""原记录firm_raw""}]",0,按来源/日期/配置版本分别答复；同型号合并附件不等于同配置或逐车资格认证
上汽通用五菱汽车股份有限公司,LZW7004EVJCAM,0,0,0,0,1,2208试验口径,"[{""purpose_scope"":""2208试验口径"",""source_record_ids"":""old-37-Word97--0-6"",""source_observation_date_upper"":""2020-11-30"",""source_file"":""原件/免征目录/mf_batch37.doc"",""source_sha256"":""136057faede292d8070763e326c8dbdcddf3790653cc6879a13758f91556881f"",""firm_route_basis"":""原件企业合并格/上下文候选；非登记实体认证""}]",0,按来源/日期/配置版本分别答复；同型号合并附件不等于同配置或逐车资格认证
上汽通用五菱汽车股份有限公司,LZW7004EVJCBC,0,0,0,0,1,2208试验口径,"[{""purpose_scope"":""2208试验口径"",""source_record_ids"":""old-44-Word97--0-54"",""source_observation_date_upper"":""2021-07-12"",""source_file"":""原件/免征目录/mf_batch44.doc"",""source_sha256"":""aea30846204f4e55c0d969450f1619e1649eb27f471d5b0a2636d0da77eb0611"",""firm_route_basis"":""原件企业合并格/上下文候选；非登记实体认证""}]",0,按来源/日期/配置版本分别答复；同型号合并附件不等于同配置或逐车资格认证
上汽通用五菱汽车股份有限公司,LZW7004EVJDAG,0,0,0,0,1,2208试验口径,"[{""purpose_scope"":""2208试验口径"",""source_record_ids"":""old-31-Word97--0-20"",""source_observation_date_upper"":""2020-04-24"",""source_file"":""原件/免征目录/mf_batch31.doc"",""source_sha256"":""e1ccec4a87ab96ca346e5756d6b14369eb9727ec2c2cfd03c1182a592ddd3bee"",""firm_route_basis"":""原记录firm_raw""}]",0,按来源/日期/配置版本分别答复；同型号合并附件不等于同配置或逐车资格认证
上汽通用五菱汽车股份有限公司,LZW7004EVJDAK,0,0,0,0,1,2208试验口径,"[{""purpose_scope"":""2208试验口径"",""source_record_ids"":""old-32-Word97--0-29"",""source_observation_date_upper"":""2020-06-02"",""source_file"":""原件/免征目录/mf_batch32.doc"",""source_sha256"":""ad7c65b4831a05b7c70e1e73fe834aa9beed883c66f898e799fcbbeb43cc3d75"",""firm_route_basis"":""原件企业合并格/上下文候选；非登记实体认证""}]",0,按来源/日期/配置版本分别答复；同型号合并附件不等于同配置或逐车资格认证
上汽通用五菱汽车股份有限公司,LZW7004EVJDAM,0,0,0,0,1,2208试验口径,"[{""purpose_scope"":""2208试验口径"",""source_record_ids"":""old-32-Word97--0-30"",""source_observation_date_upper"":""2020-06-02"",""source_file"":""原件/免征目录/mf_batch32.doc"",""source_sha256"":""ad7c65b4831a05b7c70e1e73fe834aa9beed883c66f898e799fcbbeb43cc3d75"",""firm_route_basis"":""原件企业合并格/上下文候选；非登记实体认证""}]",0,按来源/日期/配置版本分别答复；同型号合并附件不等于同配置或逐车资格认证
上汽通用五菱汽车股份有限公司,LZW7004EVJDBB,0,0,0,0,1,2208试验口径,"[{""purpose_scope"":""2208试验口径"",""source_record_ids"":""old-40-Word97--0-26"",""source_observation_date_upper"":""2021-03-08"",""source_file"":""原件/免征目录/mf_batch40.doc"",""source_sha256"":""93047c8e87a1f45948933ee36d00160788032370ecf11b551624e0ca45ecc1d1"",""firm_route_basis"":""原记录firm_raw""}]",0,按来源/日期/配置版本分别答复；同型号合并附件不等于同配置或逐车资格认证
上汽通用五菱汽车股份有限公司,LZW7004EVJDBD,0,0,0,0,1,2208试验口径,"[{""purpose_scope"":""2208试验口径"",""source_record_ids"":""old-46-Word97--0-63"",""source_observation_date_upper"":""2021-09-10"",""source_file"":""原件/免征目录/mf_batch46.doc"",""source_sha256"":""a4b2048b3d5c29a8969f0348e9fd19a3293f0c23e6f37a48bf42a2ed70c7d37d"",""firm_route_basis"":""原记录firm_raw""}]",0,按来源/日期/配置版本分别答复；同型号合并附件不等于同配置或逐车资格认证
上汽通用五菱汽车股份有限公司,LZW7004EVJDJ,0,0,0,0,1,2208试验口径,"[{""purpose_scope"":""2208试验口径"",""source_record_ids"":""old-31-Word97--0-21"",""source_observation_date_upper"":""2020-04-24"",""source_file"":""原件/免征目录/mf_batch31.doc"",""source_sha256"":""e1ccec4a87ab96ca346e5756d6b14369eb9727ec2c2cfd03c1182a592ddd3bee"",""firm_route_basis"":""原件企业合并格/上下文候选；非登记实体认证""}]",0,按来源/日期/配置版本分别答复；同型号合并附件不等于同配置或逐车资格认证
上汽通用五菱汽车股份有限公司,LZW7004EVJEAM,0,0,0,0,1,2208试验口径,"[{""purpose_scope"":""2208试验口径"",""source_record_ids"":""old-39-Word97--0-34"",""source_observation_date_upper"":""2021-01-29"",""source_file"":""原件/免征目录/mf_batch39.doc"",""source_sha256"":""48158862f567d71b07ac0a7a60c2c3bc6d2bb44dd5a86290b0b809d757a9eb07"",""firm_route_basis"":""原记录firm_raw""}]",0,按来源/日期/配置版本分别答复；同型号合并附件不等于同配置或逐车资格认证
上汽通用五菱汽车股份有限公司,LZW7004EVJEAMA,0,0,0,0,1,2208试验口径,"[{""purpose_scope"":""2208试验口径"",""source_record_ids"":""old-42-Word97--0-51"",""source_observation_date_upper"":""2021-04-30"",""source_file"":""原件/免征目录/mf_batch42.doc"",""source_sha256"":""fef4fd8ea19d773d368642e51a4bdb24c148530251a2240be4ff1358d5d41fab"",""firm_route_basis"":""原件企业合并格/上下文候选；非登记实体认证""}]",0,按来源/日期/配置版本分别答复；同型号合并附件不等于同配置或逐车资格认证
上汽通用五菱汽车股份有限公司,LZW7004EVJKAM,0,0,0,0,1,2208试验口径,"[{""purpose_scope"":""2208试验口径"",""source_record_ids"":""old-42-Word97--0-50"",""source_observation_date_upper"":""2021-04-30"",""source_file"":""原件/免征目录/mf_batch42.doc"",""source_sha256"":""fef4fd8ea19d773d368642e51a4bdb24c148530251a2240be4ff1358d5d41fab"",""firm_route_basis"":""原件企业合并格/上下文候选；非登记实体认证""}]",0,按来源/日期/配置版本分别答复；同型号合并附件不等于同配置或逐车资格认证
上汽通用五菱汽车股份有限公司,LZW7004EVPCAK,0,0,0,0,1,2208试验口径,"[{""purpose_scope"":""2208试验口径"",""source_record_ids"":""old-36-Word97--0-24"",""source_observation_date_upper"":""2020-10-30"",""source_file"":""原件/免征目录/mf_batch36.doc"",""source_sha256"":""05cfcfd9136685ad6d6e13b8228cd123cca109c26f43a4c71472016b5a610a9f"",""firm_route_basis"":""原件企业合并格/上下文候选；非登记实体认证""}]",0,按来源/日期/配置版本分别答复；同型号合并附件不等于同配置或逐车资格认证
上汽通用五菱汽车股份有限公司,LZW7004EVPCAM,0,0,0,0,1,2208试验口径,"[{""purpose_scope"":""2208试验口径"",""source_record_ids"":""old-34-Word97--0-40"",""source_observation_date_upper"":""2020-08-24"",""source_file"":""原件/免征目录/mf_batch34.doc"",""source_sha256"":""d5c5bb03cc5fe0f16b284048e265ad35d62c12c0416f14aef0ce026a229aa831"",""firm_route_basis"":""原件企业合并格/上下文候选；非登记实体认证""}]",0,按来源/日期/配置版本分别答复；同型号合并附件不等于同配置或逐车资格认证
上汽通用五菱汽车股份有限公司,LZW7004EVPCBC,0,0,0,0,1,2208试验口径,"[{""purpose_scope"":""2208试验口径"",""source_record_ids"":""old-47-Word97--0-49"",""source_observation_date_upper"":""2021-09-30"",""source_file"":""原件/免征目录/mf_batch47.doc"",""source_sha256"":""fb4517fe8220b10bc435a77a5328df13c732c70b335942dfad0ae9394affe9b4"",""firm_route_basis"":""原件企业合并格/上下文候选；非登记实体认证""}]",0,按来源/日期/配置版本分别答复；同型号合并附件不等于同配置或逐车资格认证
上汽通用五菱汽车股份有限公司,LZW7004EVPCBH,0,0,0,0,1,2208试验口径,"[{""purpose_scope"":""2208试验口径"",""source_record_ids"":""old-47-Word97--0-41"",""source_observation_date_upper"":""2021-09-30"",""source_file"":""原件/免征目录/mf_batch47.doc"",""source_sha256"":""fb4517fe8220b10bc435a77a5328df13c732c70b335942dfad0ae9394affe9b4"",""firm_route_basis"":""原记录firm_raw""}]",0,按来源/日期/配置版本分别答复；同型号合并附件不等于同配置或逐车资格认证
上汽通用五菱汽车股份有限公司,LZW7004EVPDAG,0,0,0,0,1,2208试验口径,"[{""purpose_scope"":""2208试验口径"",""source_record_ids"":""old-34-Word97--0-41"",""source_observation_date_upper"":""2020-08-24"",""source_file"":""原件/免征目录/mf_batch34.doc"",""source_sha256"":""d5c5bb03cc5fe0f16b284048e265ad35d62c12c0416f14aef0ce026a229aa831"",""firm_route_basis"":""原件企业合并格/上下文候选；非登记实体认证""}]",0,按来源/日期/配置版本分别答复；同型号合并附件不等于同配置或逐车资格认证
上汽通用五菱汽车股份有限公司,LZW7004EVPDAK,0,0,0,0,1,2208试验口径,"[{""purpose_scope"":""2208试验口径"",""source_record_ids"":""old-34-Word97--0-42"",""source_observation_date_upper"":""2020-08-24"",""source_file"":""原件/免征目录/mf_batch34.doc"",""source_sha256"":""d5c5bb03cc5fe0f16b284048e265ad35d62c12c0416f14aef0ce026a229aa831"",""firm_route_basis"":""原件企业合并格/上下文候选；非登记实体认证""}]",0,按来源/日期/配置版本分别答复；同型号合并附件不等于同配置或逐车资格认证
上汽通用五菱汽车股份有限公司,LZW7004EVPDBA,0,0,0,0,1,2208试验口径,"[{""purpose_scope"":""2208试验口径"",""source_record_ids"":""old-35-Word97--0-4"",""source_observation_date_upper"":""2020-09-21"",""source_file"":""原件/免征目录/mf_batch35.wps"",""source_sha256"":""e4a6abd0e50daa81d029f8b37584511354700e855dc89de210fcba782b0643f0"",""firm_route_basis"":""原件企业合并格/上下文候选；非登记实体认证""}]",0,按来源/日期/配置版本分别答复；同型号合并附件不等于同配置或逐车资格认证
上汽通用五菱汽车股份有限公司,LZW7004EVPDBB,0,0,0,0,1,2208试验口径,"[{""purpose_scope"":""2208试验口径"",""source_record_ids"":""old-35-Word97--0-5"",""source_observation_date_upper"":""2020-09-21"",""source_file"":""原件/免征目录/mf_batch35.wps"",""source_sha256"":""e4a6abd0e50daa81d029f8b37584511354700e855dc89de210fcba782b0643f0"",""firm_route_basis"":""原件企业合并格/上下文候选；非登记实体认证""}]",0,按来源/日期/配置版本分别答复；同型号合并附件不等于同配置或逐车资格认证
上汽通用五菱汽车股份有限公司,LZW7004EVPDJ,0,0,0,0,1,2208试验口径,"[{""purpose_scope"":""2208试验口径"",""source_record_ids"":""old-34-Word97--0-43"",""source_observation_date_upper"":""2020-08-24"",""source_file"":""原件/免征目录/mf_batch34.doc"",""source_sha256"":""d5c5bb03cc5fe0f16b284048e265ad35d62c12c0416f14aef0ce026a229aa831"",""firm_route_basis"":""原件企业合并格/上下文候选；非登记实体认证""}]",0,按来源/日期/配置版本分别答复；同型号合并附件不等于同配置或逐车资格认证
上汽通用五菱汽车股份有限公司,LZW7004EVPEAK,0,0,0,0,1,2208试验口径,"[{""purpose_scope"":""2208试验口径"",""source_record_ids"":""old-36-Word97--0-25"",""source_observation_date_upper"":""2020-10-30"",""source_file"":""原件/免征目录/mf_batch36.doc"",""source_sha256"":""05cfcfd9136685ad6d6e13b8228cd123cca109c26f43a4c71472016b5a610a9f"",""firm_route_basis"":""原件企业合并格/上下文候选；非登记实体认证""}]",0,按来源/日期/配置版本分别答复；同型号合并附件不等于同配置或逐车资格认证
上汽通用五菱汽车股份有限公司,LZW7004EVPHAK,0,0,0,0,1,2208试验口径,"[{""purpose_scope"":""2208试验口径"",""source_record_ids"":""old-39-Word97--0-35"",""source_observation_date_upper"":""2021-01-29"",""source_file"":""原件/免征目录/mf_batch39.doc"",""source_sha256"":""48158862f567d71b07ac0a7a60c2c3bc6d2bb44dd5a86290b0b809d757a9eb07"",""firm_route_basis"":""原件企业合并格/上下文候选；非登记实体认证""}]",0,按来源/日期/配置版本分别答复；同型号合并附件不等于同配置或逐车资格认证
上汽通用五菱汽车股份有限公司,LZW7004EVPHAM,0,0,0,0,1,2208试验口径,"[{""purpose_scope"":""2208试验口径"",""source_record_ids"":""old-35-Word97--0-6"",""source_observation_date_upper"":""2020-09-21"",""source_file"":""原件/免征目录/mf_batch35.wps"",""source_sha256"":""e4a6abd0e50daa81d029f8b37584511354700e855dc89de210fcba782b0643f0"",""firm_route_basis"":""原件企业合并格/上下文候选；非登记实体认证""}]",0,按来源/日期/配置版本分别答复；同型号合并附件不等于同配置或逐车资格认证
上汽通用五菱汽车股份有限公司,LZW7004EVPHBG,0,0,0,0,1,2208试验口径,"[{""purpose_scope"":""2208试验口径"",""source_record_ids"":""old-45-Word97--0-32"",""source_observation_date_upper"":""2021-08-10"",""source_file"":""原件/免征目录/mf_batch45.doc"",""source_sha256"":""56f5e7c5fd36e990024f8121006a76da260361f4e4660846e78255d007126f7a"",""firm_route_basis"":""原记录firm_raw""}]",0,按来源/日期/配置版本分别答复；同型号合并附件不等于同配置或逐车资格认证
上汽通用五菱汽车股份有限公司,LZW7004EVPKAK,0,0,0,0,1,2208试验口径,"[{""purpose_scope"":""2208试验口径"",""source_record_ids"":""old-35-Word97--0-7"",""source_observation_date_upper"":""2020-09-21"",""source_file"":""原件/免征目录/mf_batch35.wps"",""source_sha256"":""e4a6abd0e50daa81d029f8b37584511354700e855dc89de210fcba782b0643f0"",""firm_route_basis"":""原件企业合并格/上下文候选；非登记实体认证""}]",0,按来源/日期/配置版本分别答复；同型号合并附件不等于同配置或逐车资格认证
上汽通用五菱汽车股份有限公司,LZW7004EVPKAM,0,0,0,0,1,2208试验口径,"[{""purpose_scope"":""2208试验口径"",""source_record_ids"":""old-34-Word97--0-44"",""source_observation_date_upper"":""2020-08-24"",""source_file"":""原件/免征目录/mf_batch34.doc"",""source_sha256"":""d5c5bb03cc5fe0f16b284048e265ad35d62c12c0416f14aef0ce026a229aa831"",""firm_route_basis"":""原件企业合并格/上下文候选；非登记实体认证""}]",0,按来源/日期/配置版本分别答复；同型号合并附件不等于同配置或逐车资格认证
上汽通用五菱汽车股份有限公司,LZW7004EVQEAW,0,0,0,0,1,2208试验口径,"[{""purpose_scope"":""2208试验口径"",""source_record_ids"":""old-34-Word97--0-45"",""source_observation_date_upper"":""2020-08-24"",""source_file"":""原件/免征目录/mf_batch34.doc"",""source_sha256"":""d5c5bb03cc5fe0f16b284048e265ad35d62c12c0416f14aef0ce026a229aa831"",""firm_route_basis"":""原件企业合并格/上下文候选；非登记实体认证""}]",0,按来源/日期/配置版本分别答复；同型号合并附件不等于同配置或逐车资格认证
上汽通用五菱汽车股份有限公司,LZW7004EVWEAW,0,0,0,0,1,2208试验口径,"[{""purpose_scope"":""2208试验口径"",""source_record_ids"":""old-36-Word97--0-26"",""source_observation_date_upper"":""2020-10-30"",""source_file"":""原件/免征目录/mf_batch36.doc"",""source_sha256"":""05cfcfd9136685ad6d6e13b8228cd123cca109c26f43a4c71472016b5a610a9f"",""firm_route_basis"":""原记录firm_raw""}]",0,按来源/日期/配置版本分别答复；同型号合并附件不等于同配置或逐车资格认证
上汽通用五菱汽车股份有限公司,LZW7005EVA1,0,0,0,0,1,2208试验口径,"[{""purpose_scope"":""2208试验口径"",""source_record_ids"":""old-66-Word97--0-24"",""source_observation_date_upper"":""2023-06-08"",""source_file"":""原件/免征目录/mf_batch66.doc"",""source_sha256"":""05a5fce42de1c5412803fe6a7bb46d04c4d61cb71dc5d88a9b59a3e884350544"",""firm_route_basis"":""原记录firm_raw""}]",0,按来源/日期/配置版本分别答复；同型号合并附件不等于同配置或逐车资格认证
上汽通用五菱汽车股份有限公司,LZW7006EVA1,0,0,0,0,1,2208试验口径,"[{""purpose_scope"":""2208试验口径"",""source_record_ids"":""old-66-Word97--0-25"",""source_observation_date_upper"":""2023-06-08"",""source_file"":""原件/免征目录/mf_batch66.doc"",""source_sha256"":""05a5fce42de1c5412803fe6a7bb46d04c4d61cb71dc5d88a9b59a3e884350544"",""firm_route_basis"":""原件企业合并格/上下文候选；非登记实体认证""}]",0,按来源/日期/配置版本分别答复；同型号合并附件不等于同配置或逐车资格认证
上汽通用五菱汽车股份有限公司,LZW7006EVA2,0,0,0,0,1,2208试验口径,"[{""purpose_scope"":""2208试验口径"",""source_record_ids"":""old-66-Word97--0-26"",""source_observation_date_upper"":""2023-06-08"",""source_file"":""原件/免征目录/mf_batch66.doc"",""source_sha256"":""05a5fce42de1c5412803fe6a7bb46d04c4d61cb71dc5d88a9b59a3e884350544"",""firm_route_basis"":""原件企业合并格/上下文候选；非登记实体认证""}]",0,按来源/日期/配置版本分别答复；同型号合并附件不等于同配置或逐车资格认证
上汽通用五菱汽车股份有限公司,LZW7009EVA1,0,0,0,0,1,2208试验口径,"[{""purpose_scope"":""2208试验口径"",""source_record_ids"":""old-69-Word97--0-56"",""source_observation_date_upper"":""2023-09-14"",""source_file"":""原件/免征目录/mf_batch69.doc"",""source_sha256"":""357d61a16c94488c9fdd761f393edb7029b05394ab06117abaebcba1a1e45546"",""firm_route_basis"":""原件企业合并格/上下文候选；非登记实体认证""}]",0,按来源/日期/配置版本分别答复；同型号合并附件不等于同配置或逐车资格认证
上汽通用五菱汽车股份有限公司,LZW7009EVA2,0,0,0,0,1,2208试验口径,"[{""purpose_scope"":""2208试验口径"",""source_record_ids"":""old-69-Word97--0-55"",""source_observation_date_upper"":""2023-09-14"",""source_file"":""原件/免征目录/mf_batch69.doc"",""source_sha256"":""357d61a16c94488c9fdd761f393edb7029b05394ab06117abaebcba1a1e45546"",""firm_route_basis"":""原记录firm_raw""}]",0,按来源/日期/配置版本分别答复；同型号合并附件不等于同配置或逐车资格认证
上汽通用汽车有限公司,SGM6483BABEV,0,0,0,0,1,2208试验口径,"[{""purpose_scope"":""2208试验口径"",""source_record_ids"":""old-69-Word97--0-8"",""source_observation_date_upper"":""2023-09-14"",""source_file"":""原件/免征目录/mf_batch69.doc"",""source_sha256"":""357d61a16c94488c9fdd761f393edb7029b05394ab06117abaebcba1a1e45546"",""firm_route_basis"":""原记录firm_raw""}]",0,按来源/日期/配置版本分别答复；同型号合并附件不等于同配置或逐车资格认证
上汽通用汽车有限公司,SGM6483BBBEV,0,0,0,0,1,2208试验口径,"[{""purpose_scope"":""2208试验口径"",""source_record_ids"":""old-69-Word97--0-9"",""source_observation_date_upper"":""2023-09-14"",""source_file"":""原件/免征目录/mf_batch69.doc"",""source_sha256"":""357d61a16c94488c9fdd761f393edb7029b05394ab06117abaebcba1a1e45546"",""firm_route_basis"":""原件企业合并格/上下文候选；非登记实体认证""}]",0,按来源/日期/配置版本分别答复；同型号合并附件不等于同配置或逐车资格认证
上汽通用汽车有限公司,SGM6483BCBEV,0,0,0,0,1,2208试验口径,"[{""purpose_scope"":""2208试验口径"",""source_record_ids"":""old-69-Word97--0-10"",""source_observation_date_upper"":""2023-09-14"",""source_file"":""原件/免征目录/mf_batch69.doc"",""source_sha256"":""357d61a16c94488c9fdd761f393edb7029b05394ab06117abaebcba1a1e45546"",""firm_route_basis"":""原件企业合并格/上下文候选；非登记实体认证""}]",0,按来源/日期/配置版本分别答复；同型号合并附件不等于同配置或逐车资格认证
上汽通用汽车有限公司,SGM6484BABEV,0,0,0,0,1,2208试验口径,"[{""purpose_scope"":""2208试验口径"",""source_record_ids"":""old-70-Word97--0-11"",""source_observation_date_upper"":""2023-10-18"",""source_file"":""原件/免征目录/mf_batch70.doc"",""source_sha256"":""29b9f5df62602e114f0ed01426c185fdb15a654022cdf16d4df624bb736ed813"",""firm_route_basis"":""原记录firm_raw""}]",0,按来源/日期/配置版本分别答复；同型号合并附件不等于同配置或逐车资格认证
上汽通用汽车有限公司,SGM6491BABEV,0,0,0,0,1,2208试验口径,"[{""purpose_scope"":""2208试验口径"",""source_record_ids"":""old-61-Word97--0-38"",""source_observation_date_upper"":""2022-12-19"",""source_file"":""原件/免征目录/mf_batch61.doc"",""source_sha256"":""d360a77695ccf20f3c17a354a1dd02fc846a7ae8bd18b41492515881a7240b72"",""firm_route_basis"":""原记录firm_raw""}]",0,按来源/日期/配置版本分别答复；同型号合并附件不等于同配置或逐车资格认证
上汽通用汽车有限公司,SGM6491BBBEV,0,0,0,0,1,2208试验口径,"[{""purpose_scope"":""2208试验口径"",""source_record_ids"":""old-64-Word97--0-9"",""source_observation_date_upper"":""2023-04-17"",""source_file"":""原件/免征目录/mf_batch64.doc"",""source_sha256"":""c4e238989e7e40ec2c3a6a899ead170b4a745bc72546ba6fd4a5731d8890c6cb"",""firm_route_basis"":""原记录firm_raw""}]",0,按来源/日期/配置版本分别答复；同型号合并附件不等于同配置或逐车资格认证
上汽通用汽车有限公司,SGM6500BABEV,0,0,0,0,1,2208试验口径,"[{""purpose_scope"":""2208试验口径"",""source_record_ids"":""old-51-Word97--0-23"",""source_observation_date_upper"":""2022-01-29"",""source_file"":""原件/免征目录/mf_batch51.doc"",""source_sha256"":""35411ca0ab3ef42915600b148fca6fe76bcb86f5dc3812f71d74f3ebda125ce6"",""firm_route_basis"":""原记录firm_raw""}]",0,按来源/日期/配置版本分别答复；同型号合并附件不等于同配置或逐车资格认证
上汽通用汽车有限公司,SGM6500BBBEV,0,0,0,0,1,2208试验口径,"[{""purpose_scope"":""2208试验口径"",""source_record_ids"":""old-57-Word97--0-37"",""source_observation_date_upper"":""2022-08-10"",""source_file"":""原件/免征目录/mf_batch57.doc"",""source_sha256"":""96d9708a19952b23d71fc40e9976a33ae30ca118226a032954a93ab36f355f21"",""firm_route_basis"":""原记录firm_raw""}]",0,按来源/日期/配置版本分别答复；同型号合并附件不等于同配置或逐车资格认证
上汽通用汽车有限公司,SGM6500BCBEV,0,0,0,0,1,2208试验口径,"[{""purpose_scope"":""2208试验口径"",""source_record_ids"":""old-62-Word97--0-8"",""source_observation_date_upper"":""2023-02-20"",""source_file"":""原件/免征目录/mf_batch62.doc"",""source_sha256"":""7694ac7207998b6af7c895cdd2c1d752421df436d4b28f83195261dd47f6509c"",""firm_route_basis"":""原件企业合并格/上下文候选；非登记实体认证""}]",0,按来源/日期/配置版本分别答复；同型号合并附件不等于同配置或逐车资格认证
上汽通用汽车有限公司,SGM6500BDBEV,0,0,0,0,1,2208试验口径,"[{""purpose_scope"":""2208试验口径"",""source_record_ids"":""old-62-Word97--0-6"",""source_observation_date_upper"":""2023-02-20"",""source_file"":""原件/免征目录/mf_batch62.doc"",""source_sha256"":""7694ac7207998b6af7c895cdd2c1d752421df436d4b28f83195261dd47f6509c"",""firm_route_basis"":""原记录firm_raw""}]",0,按来源/日期/配置版本分别答复；同型号合并附件不等于同配置或逐车资格认证
上汽通用汽车有限公司,SGM6500BEBEV,0,0,0,0,1,2208试验口径,"[{""purpose_scope"":""2208试验口径"",""source_record_ids"":""old-text-correction-64-SGM6500BEBEV"",""source_observation_date_upper"":""2023-04-17"",""source_file"":""原件/免征目录/mf_batch64.doc"",""source_sha256"":""c4e238989e7e40ec2c3a6a899ead170b4a745bc72546ba6fd4a5731d8890c6cb"",""firm_route_basis"":""原件企业合并格/上下文候选；非登记实体认证""}]",0,按来源/日期/配置版本分别答复；同型号合并附件不等于同配置或逐车资格认证
上汽通用汽车有限公司,SGM7002BABEV,0,0,0,0,1,2208试验口径,"[{""purpose_scope"":""2208试验口径"",""source_record_ids"":""old-62-Word97--0-9"",""source_observation_date_upper"":""2023-02-20"",""source_file"":""原件/免征目录/mf_batch62.doc"",""source_sha256"":""7694ac7207998b6af7c895cdd2c1d752421df436d4b28f83195261dd47f6509c"",""firm_route_basis"":""原件企业合并格/上下文候选；非登记实体认证""}]",0,按来源/日期/配置版本分别答复；同型号合并附件不等于同配置或逐车资格认证
上汽通用汽车有限公司,SGM7002BBBEV,0,0,0,0,1,2208试验口径,"[{""purpose_scope"":""2208试验口径"",""source_record_ids"":""old-65-Word97--0-9"",""source_observation_date_upper"":""2023-05-09"",""source_file"":""原件/免征目录/mf_batch65.doc"",""source_sha256"":""06a6a578a9a60516a845bc92deac49954438a789e9e4a7cf3cd140f256d9b13d"",""firm_route_basis"":""原记录firm_raw""}]",0,按来源/日期/配置版本分别答复；同型号合并附件不等于同配置或逐车资格认证
上汽通用汽车有限公司,SGM7002BCBEV,0,0,0,0,1,2208试验口径,"[{""purpose_scope"":""2208试验口径"",""source_record_ids"":""old-65-Word97--0-10"",""source_observation_date_upper"":""2023-05-09"",""source_file"":""原件/免征目录/mf_batch65.doc"",""source_sha256"":""06a6a578a9a60516a845bc92deac49954438a789e9e4a7cf3cd140f256d9b13d"",""firm_route_basis"":""原件企业合并格/上下文候选；非登记实体认证""}]",0,按来源/日期/配置版本分别答复；同型号合并附件不等于同配置或逐车资格认证
上汽通用汽车有限公司,SGM7007LABEV,0,0,0,0,1,2208试验口径,"[{""purpose_scope"":""2208试验口径"",""source_record_ids"":""old-27-Word97--0-8"",""source_observation_date_upper"":""2019-10-25"",""source_file"":""原件/免征目录/mf_batch27.doc"",""source_sha256"":""2bd67cf7e1efc03ae93942d0d340ffef87478709520383b6ee4d08baf843ead1"",""firm_route_basis"":""原记录firm_raw""}]",0,按来源/日期/配置版本分别答复；同型号合并附件不等于同配置或逐车资格认证
上汽通用汽车有限公司,SGM7007LBBEV,0,0,0,0,1,2208试验口径,"[{""purpose_scope"":""2208试验口径"",""source_record_ids"":""old-45-Word97--0-31"",""source_observation_date_upper"":""2021-08-10"",""source_file"":""原件/免征目录/mf_batch45.doc"",""source_sha256"":""56f5e7c5fd36e990024f8121006a76da260361f4e4660846e78255d007126f7a"",""firm_route_basis"":""原记录firm_raw""}]",0,按来源/日期/配置版本分别答复；同型号合并附件不等于同配置或逐车资格认证
上汽通用汽车有限公司,SGM7008GBBEV,0,0,0,0,1,2208试验口径,"[{""purpose_scope"":""2208试验口径"",""source_record_ids"":""old-30-Word97--0-58"",""source_observation_date_upper"":""2020-03-13"",""source_file"":""原件/免征目录/mf_batch30.doc"",""source_sha256"":""e7fa3b47858ec2035b8055bc15be00b2b26920a5e8d3cad481058a80b92ead24"",""firm_route_basis"":""原记录firm_raw""}]",0,按来源/日期/配置版本分别答复；同型号合并附件不等于同配置或逐车资格认证
上汽通用汽车有限公司,SGM7008GCBEV,0,0,0,0,1,2208试验口径,"[{""purpose_scope"":""2208试验口径"",""source_record_ids"":""old-38-Word97--0-30"",""source_observation_date_upper"":""2020-12-30"",""source_file"":""原件/免征目录/mf_batch38.doc"",""source_sha256"":""7c9def45fe5c40e4c5ffb483a1d1efd383c12cb16a5c4ba021d4ce28384776de"",""firm_route_basis"":""原记录firm_raw""}]",0,按来源/日期/配置版本分别答复；同型号合并附件不等于同配置或逐车资格认证
上汽通用汽车有限公司,SGM7008LEBEV,0,0,0,0,1,2208试验口径,"[{""purpose_scope"":""2208试验口径"",""source_record_ids"":""old-22-Word97--0-7"",""source_observation_date_upper"":""2018-12-18"",""source_file"":""原件/免征目录/mf_batch22.doc"",""source_sha256"":""eaf3fc1e64742af85b3d4bc90388d0a93154a497fd6c1fb9bf73b857672e1212"",""firm_route_basis"":""原记录firm_raw""}]",0,按来源/日期/配置版本分别答复；同型号合并附件不等于同配置或逐车资格认证
上汽通用汽车有限公司,SGM7008LFBEV,0,0,0,0,1,2208试验口径,"[{""purpose_scope"":""2208试验口径"",""source_record_ids"":""old-23-Word97--0-47"",""source_observation_date_upper"":""2019-03-13"",""source_file"":""原件/免征目录/mf_batch23.docx"",""source_sha256"":""87f838de0da3ba5887f77b2bf5c1dbf5b427e7cef896309a7084c11dd8f5efa0"",""firm_route_basis"":""原件企业合并格/上下文候选；非登记实体认证""}]",0,按来源/日期/配置版本分别答复；同型号合并附件不等于同配置或逐车资格认证
上汽通用汽车有限公司,SGM7008LHBEV,0,0,0,0,1,2208试验口径,"[{""purpose_scope"":""2208试验口径"",""source_record_ids"":""old-26-DOCX--0-43"",""source_observation_date_upper"":""2019-08-30"",""source_file"":""原件/免征目录/mf_batch26.docx"",""source_sha256"":""de0890335ef3a4f1302a8a0735ec8b6aed52e994e2635db481820060d62248b5"",""firm_route_basis"":""原记录firm_raw""}]",0,按来源/日期/配置版本分别答复；同型号合并附件不等于同配置或逐车资格认证
上汽通用汽车有限公司,SGM7008LKBEV,0,0,0,0,1,2208试验口径,"[{""purpose_scope"":""2208试验口径"",""source_record_ids"":""old-46-Word97--0-53"",""source_observation_date_upper"":""2021-09-10"",""source_file"":""原件/免征目录/mf_batch46.doc"",""source_sha256"":""a4b2048b3d5c29a8969f0348e9fd19a3293f0c23e6f37a48bf42a2ed70c7d37d"",""firm_route_basis"":""原记录firm_raw""}]",0,按来源/日期/配置版本分别答复；同型号合并附件不等于同配置或逐车资格认证
上汽通用汽车有限公司,SGM7008LLBEV,0,0,0,0,1,2208试验口径,"[{""purpose_scope"":""2208试验口径"",""source_record_ids"":""old-67-Word97--0-4"",""source_observation_date_upper"":""2023-07-17"",""source_file"":""原件/免征目录/mf_batch67.doc"",""source_sha256"":""963a02fcc1f361414f4f003c6d63e00b178d0b962134ed2206c38978f3118101"",""firm_route_basis"":""原记录firm_raw""}]",0,按来源/日期/配置版本分别答复；同型号合并附件不等于同配置或逐车资格认证
上海汽车商用车有限公司,SH6521C1BEV,0,0,0,0,1,2208试验口径,"[{""purpose_scope"":""2208试验口径"",""source_record_ids"":""old-06-PDF-grid-2-0-8"",""source_observation_date_upper"":""2015-11-25"",""source_file"":""原件/免征目录/mf_batch06.pdf"",""source_sha256"":""df226dc3953484911afdd265072593abc08c9f66d52a1df7492e215ce15c9b54"",""firm_route_basis"":""原记录firm_raw""}]",0,按来源/日期/配置版本分别答复；同型号合并附件不等于同配置或逐车资格认证
上海汽车商用车有限公司,SH6522C1BEV,0,0,0,0,1,2208试验口径,"[{""purpose_scope"":""2208试验口径"",""source_record_ids"":""old-10-PDF-grid-3-0-8"",""source_observation_date_upper"":""2017-04-27"",""source_file"":""原件/免征目录/mf_batch10.pdf"",""source_sha256"":""ac1b1ad2605b4f24762fb1f01cea64b685393577d01648618fa1882bb5700ac3"",""firm_route_basis"":""原记录firm_raw""}]",0,按来源/日期/配置版本分别答复；同型号合并附件不等于同配置或逐车资格认证
上海汽车集团股份有限公司,CSA6456BEV1,0,0,0,0,1,2208试验口径,"[{""purpose_scope"":""2208试验口径"",""source_record_ids"":""old-10-PDF-grid-2-0-16"",""source_observation_date_upper"":""2017-04-27"",""source_file"":""原件/免征目录/mf_batch10.pdf"",""source_sha256"":""ac1b1ad2605b4f24762fb1f01cea64b685393577d01648618fa1882bb5700ac3"",""firm_route_basis"":""原记录firm_raw""}]",0,按来源/日期/配置版本分别答复；同型号合并附件不等于同配置或逐车资格认证
上海汽车集团股份有限公司,CSA6456BEV2,0,0,0,0,1,2208试验口径,"[{""purpose_scope"":""2208试验口径"",""source_record_ids"":""old-16-Word97--0-43"",""source_observation_date_upper"":""2018-02-13"",""source_file"":""原件/免征目录/mf_batch16.docx"",""source_sha256"":""9db5ace6c1c59bd9636d48636f94fa77d2b6e0aa27b109421690ce6a8c4a3967"",""firm_route_basis"":""原件企业合并格/上下文候选；非登记实体认证""}]",0,按来源/日期/配置版本分别答复；同型号合并附件不等于同配置或逐车资格认证
上海汽车集团股份有限公司,CSA6461FBEV1,0,0,0,0,1,2208试验口径,"[{""purpose_scope"":""2208试验口径"",""source_record_ids"":""old-16-Word97--0-42"",""source_observation_date_upper"":""2018-02-13"",""source_file"":""原件/免征目录/mf_batch16.docx"",""source_sha256"":""9db5ace6c1c59bd9636d48636f94fa77d2b6e0aa27b109421690ce6a8c4a3967"",""firm_route_basis"":""原记录firm_raw""}]",0,按来源/日期/配置版本分别答复；同型号合并附件不等于同配置或逐车资格认证
上海汽车集团股份有限公司,CSA6461FBEV2,0,0,0,0,1,2208试验口径,"[{""purpose_scope"":""2208试验口径"",""source_record_ids"":""old-17-PDF-grid-2-0-16"",""source_observation_date_upper"":""2018-04-16"",""source_file"":""原件/免征目录/mf_batch17.pdf"",""source_sha256"":""577a4ba9c586fe08565f6a60e6de5474698031566d8dcef484cd44335879e334"",""firm_route_basis"":""原记录firm_raw""}]",0,按来源/日期/配置版本分别答复；同型号合并附件不等于同配置或逐车资格认证
上海汽车集团股份有限公司,CSA6461FBEV3,0,0,0,0,1,2208试验口径,"[{""purpose_scope"":""2208试验口径"",""source_record_ids"":""old-28-Word97--0-18"",""source_observation_date_upper"":""2019-12-10"",""source_file"":""原件/免征目录/mf_batch28.doc"",""source_sha256"":""dfe1b301a5e8373e94e0e4a2fccee3d258c56bb662e4928764a71274142acd72"",""firm_route_basis"":""原记录firm_raw""}]",0,按来源/日期/配置版本分别答复；同型号合并附件不等于同配置或逐车资格认证
上海汽车集团股份有限公司,CSA6471FBEV2,0,0,0,0,1,2208试验口径,"[{""purpose_scope"":""2208试验口径"",""source_record_ids"":""old-30-Word97--0-15"",""source_observation_date_upper"":""2020-03-13"",""source_file"":""原件/免征目录/mf_batch30.doc"",""source_sha256"":""e7fa3b47858ec2035b8055bc15be00b2b26920a5e8d3cad481058a80b92ead24"",""firm_route_basis"":""原件企业合并格/上下文候选；非登记实体认证""}]",0,按来源/日期/配置版本分别答复；同型号合并附件不等于同配置或逐车资格认证
上海汽车集团股份有限公司,CSA6471FBEV3,0,0,0,0,1,2208试验口径,"[{""purpose_scope"":""2208试验口径"",""source_record_ids"":""old-31-Word97--0-22"",""source_observation_date_upper"":""2020-04-24"",""source_file"":""原件/免征目录/mf_batch31.doc"",""source_sha256"":""e1ccec4a87ab96ca346e5756d6b14369eb9727ec2c2cfd03c1182a592ddd3bee"",""firm_route_basis"":""原记录firm_raw""}]",0,按来源/日期/配置版本分别答复；同型号合并附件不等于同配置或逐车资格认证
上海汽车集团股份有限公司,CSA6471FBEV4,0,0,0,0,1,2208试验口径,"[{""purpose_scope"":""2208试验口径"",""source_record_ids"":""old-51-Word97--0-24"",""source_observation_date_upper"":""2022-01-29"",""source_file"":""原件/免征目录/mf_batch51.doc"",""source_sha256"":""35411ca0ab3ef42915600b148fca6fe76bcb86f5dc3812f71d74f3ebda125ce6"",""firm_route_basis"":""原记录firm_raw""}]",0,按来源/日期/配置版本分别答复；同型号合并附件不等于同配置或逐车资格认证
上海汽车集团股份有限公司,CSA6492LBEV1,0,0,0,0,1,2208试验口径,"[{""purpose_scope"":""2208试验口径"",""source_record_ids"":""old-67-Word97--0-26"",""source_observation_date_upper"":""2023-07-17"",""source_file"":""原件/免征目录/mf_batch67.doc"",""source_sha256"":""963a02fcc1f361414f4f003c6d63e00b178d0b962134ed2206c38978f3118101"",""firm_route_basis"":""原记录firm_raw""}]",0,按来源/日期/配置版本分别答复；同型号合并附件不等于同配置或逐车资格认证
上海汽车集团股份有限公司,CSA6492LBEV2,0,0,0,0,1,2208试验口径,"[{""purpose_scope"":""2208试验口径"",""source_record_ids"":""old-67-Word97--0-27"",""source_observation_date_upper"":""2023-07-17"",""source_file"":""原件/免征目录/mf_batch67.doc"",""source_sha256"":""963a02fcc1f361414f4f003c6d63e00b178d0b962134ed2206c38978f3118101"",""firm_route_basis"":""原件企业合并格/上下文候选；非登记实体认证""}]",0,按来源/日期/配置版本分别答复；同型号合并附件不等于同配置或逐车资格认证
上海汽车集团股份有限公司,CSA6492LBEV3,0,0,0,0,1,2208试验口径,"[{""purpose_scope"":""2208试验口径"",""source_record_ids"":""old-68-Word97--0-32"",""source_observation_date_upper"":""2023-08-16"",""source_file"":""原件/免征目录/mf_batch68.doc"",""source_sha256"":""58113d08377020d08de0aeb0e08ff63c4a4411dbe35ad69cfdd6f82fdf0fcc77"",""firm_route_basis"":""原件企业合并格/上下文候选；非登记实体认证""}]",0,按来源/日期/配置版本分别答复；同型号合并附件不等于同配置或逐车资格认证
上海汽车集团股份有限公司,CSA6492LBEV4,0,0,0,0,1,2208试验口径,"[{""purpose_scope"":""2208试验口径"",""source_record_ids"":""old-68-Word97--0-30"",""source_observation_date_upper"":""2023-08-16"",""source_file"":""原件/免征目录/mf_batch68.doc"",""source_sha256"":""58113d08377020d08de0aeb0e08ff63c4a4411dbe35ad69cfdd6f82fdf0fcc77"",""firm_route_basis"":""原件企业合并格/上下文候选；非登记实体认证""}]",0,按来源/日期/配置版本分别答复；同型号合并附件不等于同配置或逐车资格认证
上海汽车集团股份有限公司,CSA6492LBEV5,0,0,0,0,1,2208试验口径,"[{""purpose_scope"":""2208试验口径"",""source_record_ids"":""old-69-Word97--0-77"",""source_observation_date_upper"":""2023-09-14"",""source_file"":""原件/免征目录/mf_batch69.doc"",""source_sha256"":""357d61a16c94488c9fdd761f393edb7029b05394ab06117abaebcba1a1e45546"",""firm_route_basis"":""原记录firm_raw""}]",0,按来源/日期/配置版本分别答复；同型号合并附件不等于同配置或逐车资格认证
上海汽车集团股份有限公司,CSA6493YBEV1,0,0,0,0,1,2208试验口径,"[{""purpose_scope"":""2208试验口径"",""source_record_ids"":""old-54-Word97--0-14"",""source_observation_date_upper"":""2022-05-12"",""source_file"":""原件/免征目录/mf_batch54.doc"",""source_sha256"":""e4ce106fc0fb21bc61cac40ff0de97e60dff2d18b5b7d24c494bb74873312fd7"",""firm_route_basis"":""原件企业合并格/上下文候选；非登记实体认证""}]",0,按来源/日期/配置版本分别答复；同型号合并附件不等于同配置或逐车资格认证
上海汽车集团股份有限公司,CSA6493YBEV2,0,0,0,0,1,2208试验口径,"[{""purpose_scope"":""2208试验口径"",""source_record_ids"":""old-54-Word97--0-13"",""source_observation_date_upper"":""2022-05-12"",""source_file"":""原件/免征目录/mf_batch54.doc"",""source_sha256"":""e4ce106fc0fb21bc61cac40ff0de97e60dff2d18b5b7d24c494bb74873312fd7"",""firm_route_basis"":""原件企业合并格/上下文候选；非登记实体认证""}]",0,按来源/日期/配置版本分别答复；同型号合并附件不等于同配置或逐车资格认证
上海汽车集团股份有限公司,CSA6493YBEV3,0,0,0,0,1,2208试验口径,"[{""purpose_scope"":""2208试验口径"",""source_record_ids"":""old-54-Word97--0-12"",""source_observation_date_upper"":""2022-05-12"",""source_file"":""原件/免征目录/mf_batch54.doc"",""source_sha256"":""e4ce106fc0fb21bc61cac40ff0de97e60dff2d18b5b7d24c494bb74873312fd7"",""firm_route_basis"":""原件企业合并格/上下文候选；非登记实体认证""}]",0,按来源/日期/配置版本分别答复；同型号合并附件不等于同配置或逐车资格认证
上海汽车集团股份有限公司,CSA6493YSEV1,0,0,0,1,0,92逐车资格,"[{""purpose_scope"":""92逐车资格"",""source_record_ids"":""new-04-cell-3302;new-06-cell-4801"",""source_observation_date_upper"":""2024-04-15"",""source_file"":""原件/减免目录/cat_batch4.doc"",""source_sha256"":""e6d4f6d7e11833351bf9e247aa8032273ad029b83385189b0ffebd81d10b8ce6"",""firm_route_basis"":""原记录firm_raw""}]",0,按来源/日期/配置版本分别答复；同型号合并附件不等于同配置或逐车资格认证
上海汽车集团股份有限公司,CSA6493YSEV2,0,0,0,1,1,92逐车资格;2208试验口径,"[{""purpose_scope"":""92逐车资格"",""source_record_ids"":""new-04-cell-3313;new-06-cell-4813"",""source_observation_date_upper"":""2024-04-15"",""source_file"":""原件/减免目录/cat_batch4.doc"",""source_sha256"":""e6d4f6d7e11833351bf9e247aa8032273ad029b83385189b0ffebd81d10b8ce6"",""firm_route_basis"":""原件企业合并格/上下文候选；非登记实体认证""},{""purpose_scope"":""2208试验口径"",""source_record_ids"":""old-54-Word97--0-11"",""source_observation_date_upper"":""2022-05-12"",""source_file"":""原件/免征目录/mf_batch54.doc"",""source_sha256"":""e4ce106fc0fb21bc61cac40ff0de97e60dff2d18b5b7d24c494bb74873312fd7"",""firm_route_basis"":""原记录firm_raw""}]",0,按来源/日期/配置版本分别答复；同型号合并附件不等于同配置或逐车资格认证
上海汽车集团股份有限公司,CSA6501LBEV1,0,0,0,0,1,2208试验口径,"[{""purpose_scope"":""2208试验口径"",""source_record_ids"":""old-57-Word97--0-5"",""source_observation_date_upper"":""2022-08-10"",""source_file"":""原件/免征目录/mf_batch57.doc"",""source_sha256"":""96d9708a19952b23d71fc40e9976a33ae30ca118226a032954a93ab36f355f21"",""firm_route_basis"":""原记录firm_raw""}]",0,按来源/日期/配置版本分别答复；同型号合并附件不等于同配置或逐车资格认证
上海汽车集团股份有限公司,CSA6501LBEV2,0,0,0,0,1,2208试验口径,"[{""purpose_scope"":""2208试验口径"",""source_record_ids"":""old-57-Word97--0-6"",""source_observation_date_upper"":""2022-08-10"",""source_file"":""原件/免征目录/mf_batch57.doc"",""source_sha256"":""96d9708a19952b23d71fc40e9976a33ae30ca118226a032954a93ab36f355f21"",""firm_route_basis"":""原件企业合并格/上下文候选；非登记实体认证""}]",0,按来源/日期/配置版本分别答复；同型号合并附件不等于同配置或逐车资格认证
上海汽车集团股份有限公司,CSA6501LBEV3,0,0,0,0,1,2208试验口径,"[{""purpose_scope"":""2208试验口径"",""source_record_ids"":""old-62-Word97--0-62"",""source_observation_date_upper"":""2023-02-20"",""source_file"":""原件/免征目录/mf_batch62.doc"",""source_sha256"":""7694ac7207998b6af7c895cdd2c1d752421df436d4b28f83195261dd47f6509c"",""firm_route_basis"":""原记录firm_raw""}]",0,按来源/日期/配置版本分别答复；同型号合并附件不等于同配置或逐车资格认证
上海汽车集团股份有限公司,CSA6501LBEV4,0,0,0,0,1,2208试验口径,"[{""purpose_scope"":""2208试验口径"",""source_record_ids"":""old-64-Word97--0-30"",""source_observation_date_upper"":""2023-04-17"",""source_file"":""原件/免征目录/mf_batch64.doc"",""source_sha256"":""c4e238989e7e40ec2c3a6a899ead170b4a745bc72546ba6fd4a5731d8890c6cb"",""firm_route_basis"":""原记录firm_raw""}]",0,按来源/日期/配置版本分别答复；同型号合并附件不等于同配置或逐车资格认证
上海汽车集团股份有限公司,CSA6501LBEV5,0,0,0,0,1,2208试验口径,"[{""purpose_scope"":""2208试验口径"",""source_record_ids"":""old-65-Word97--0-42"",""source_observation_date_upper"":""2023-05-09"",""source_file"":""原件/免征目录/mf_batch65.doc"",""source_sha256"":""06a6a578a9a60516a845bc92deac49954438a789e9e4a7cf3cd140f256d9b13d"",""firm_route_basis"":""原件企业合并格/上下文候选；非登记实体认证""}]",0,按来源/日期/配置版本分别答复；同型号合并附件不等于同配置或逐车资格认证
上海汽车集团股份有限公司,CSA7000BEV,0,0,0,0,1,2208试验口径,"[{""purpose_scope"":""2208试验口径"",""source_record_ids"":""old-01-PDF-grid-1-0-13"",""source_observation_date_upper"":""2014-08-27"",""source_file"":""原件/免征目录/mf_batch01.pdf"",""source_sha256"":""eac13628c37f01c4da157a2d1916d97acc81fdc295f18e1783549075ce7e5aa7"",""firm_route_basis"":""原记录firm_raw""}]",0,按来源/日期/配置版本分别答复；同型号合并附件不等于同配置或逐车资格认证
上海汽车集团股份有限公司,CSA7001BEV,0,0,0,0,1,2208试验口径,"[{""purpose_scope"":""2208试验口径"",""source_record_ids"":""old-06-PDF-grid-2-0-7"",""source_observation_date_upper"":""2015-11-25"",""source_file"":""原件/免征目录/mf_batch06.pdf"",""source_sha256"":""df226dc3953484911afdd265072593abc08c9f66d52a1df7492e215ce15c9b54"",""firm_route_basis"":""原记录firm_raw""}]",0,按来源/日期/配置版本分别答复；同型号合并附件不等于同配置或逐车资格认证
上海汽车集团股份有限公司,CSA7001KBEV2,0,0,0,0,1,2208试验口径,"[{""purpose_scope"":""2208试验口径"",""source_record_ids"":""old-25-Word97--0-20"",""source_observation_date_upper"":""2019-06-12"",""source_file"":""原件/免征目录/mf_batch25.wps"",""source_sha256"":""9d2abe319463522513fe9c90f98bb8d0a825b599267d0b3cc403cec9624b3297"",""firm_route_basis"":""原件企业合并格/上下文候选；非登记实体认证""}]",0,按来源/日期/配置版本分别答复；同型号合并附件不等于同配置或逐车资格认证
上海汽车集团股份有限公司,CSA7001KBEV5,0,0,0,0,1,2208试验口径,"[{""purpose_scope"":""2208试验口径"",""source_record_ids"":""old-33-Word97--0-57"",""source_observation_date_upper"":""2020-07-21"",""source_file"":""原件/免征目录/mf_batch33.doc"",""source_sha256"":""ff98fbb1708c47cdcfc1e79e7a1647e72a7ae6d4255dce3b250d661001340c09"",""firm_route_basis"":""原记录firm_raw""}]",0,按来源/日期/配置版本分别答复；同型号合并附件不等于同配置或逐车资格认证
上海汽车集团股份有限公司,CSA7001KBEV6,0,0,0,0,1,2208试验口径,"[{""purpose_scope"":""2208试验口径"",""source_record_ids"":""old-46-Word97--0-62"",""source_observation_date_upper"":""2021-09-10"",""source_file"":""原件/免征目录/mf_batch46.doc"",""source_sha256"":""a4b2048b3d5c29a8969f0348e9fd19a3293f0c23e6f37a48bf42a2ed70c7d37d"",""firm_route_basis"":""原记录firm_raw""}]",0,按来源/日期/配置版本分别答复；同型号合并附件不等于同配置或逐车资格认证
上海汽车集团股份有限公司,CSA7001SBEV1,0,0,0,0,1,2208试验口径,"[{""purpose_scope"":""2208试验口径"",""source_record_ids"":""old-30-Word97--0-16"",""source_observation_date_upper"":""2020-03-13"",""source_file"":""原件/免征目录/mf_batch30.doc"",""source_sha256"":""e7fa3b47858ec2035b8055bc15be00b2b26920a5e8d3cad481058a80b92ead24"",""firm_route_basis"":""原件企业合并格/上下文候选；非登记实体认证""}]",0,按来源/日期/配置版本分别答复；同型号合并附件不等于同配置或逐车资格认证
上海汽车集团股份有限公司,CSA7001SBEV2,0,0,0,0,1,2208试验口径,"[{""purpose_scope"":""2208试验口径"",""source_record_ids"":""old-33-Word97--0-58"",""source_observation_date_upper"":""2020-07-21"",""source_file"":""原件/免征目录/mf_batch33.doc"",""source_sha256"":""ff98fbb1708c47cdcfc1e79e7a1647e72a7ae6d4255dce3b250d661001340c09"",""firm_route_basis"":""原件企业合并格/上下文候选；非登记实体认证""}]",0,按来源/日期/配置版本分别答复；同型号合并附件不等于同配置或逐车资格认证
上海汽车集团股份有限公司,CSA7001SBEV3,0,0,0,0,1,2208试验口径,"[{""purpose_scope"":""2208试验口径"",""source_record_ids"":""old-33-Word97--0-59"",""source_observation_date_upper"":""2020-07-21"",""source_file"":""原件/免征目录/mf_batch33.doc"",""source_sha256"":""ff98fbb1708c47cdcfc1e79e7a1647e72a7ae6d4255dce3b250d661001340c09"",""firm_route_basis"":""原件企业合并格/上下文候选；非登记实体认证""}]",0,按来源/日期/配置版本分别答复；同型号合并附件不等于同配置或逐车资格认证
上海汽车集团股份有限公司,CSA7001SBEV4,0,0,0,0,1,2208试验口径,"[{""purpose_scope"":""2208试验口径"",""source_record_ids"":""old-41-Word97--0-36"",""source_observation_date_upper"":""2021-03-31"",""source_file"":""原件/免征目录/mf_batch41.doc"",""source_sha256"":""ba4634c0877ebf99f8e462013e4a07e40f57478a4aaf921801a6c85a49c42b7f"",""firm_route_basis"":""原件企业合并格/上下文候选；非登记实体认证""}]",0,按来源/日期/配置版本分别答复；同型号合并附件不等于同配置或逐车资格认证
上海汽车集团股份有限公司,CSA7001SBEV5,0,0,0,0,1,2208试验口径,"[{""purpose_scope"":""2208试验口径"",""source_record_ids"":""old-56-Word97--0-6"",""source_observation_date_upper"":""2022-07-08"",""source_file"":""原件/免征目录/mf_batch56.doc"",""source_sha256"":""cbffdc0819640e8f18c11a2a277b26b2e043c81406533457ff225f4df1c6c068"",""firm_route_basis"":""原件企业合并格/上下文候选；非登记实体认证""}]",0,按来源/日期/配置版本分别答复；同型号合并附件不等于同配置或逐车资格认证
上海汽车集团股份有限公司,CSA7001UBEV1,0,0,0,0,1,2208试验口径,"[{""purpose_scope"":""2208试验口径"",""source_record_ids"":""old-21-DOCX--0-19"",""source_observation_date_upper"":""2018-11-06"",""source_file"":""原件/免征目录/mf_batch21.docx"",""source_sha256"":""cd981cecffd781db646c194ab2c853b0466cc86eea0f616e95300b88932b8d9b"",""firm_route_basis"":""原记录firm_raw""}]",0,按来源/日期/配置版本分别答复；同型号合并附件不等于同配置或逐车资格认证
上海汽车集团股份有限公司,CSA7002CBEV1,0,0,0,0,1,2208试验口径,"[{""purpose_scope"":""2208试验口径"",""source_record_ids"":""old-65-Word97--0-40"",""source_observation_date_upper"":""2023-05-09"",""source_file"":""原件/免征目录/mf_batch65.doc"",""source_sha256"":""06a6a578a9a60516a845bc92deac49954438a789e9e4a7cf3cd140f256d9b13d"",""firm_route_basis"":""原件企业合并格/上下文候选；非登记实体认证""}]",0,按来源/日期/配置版本分别答复；同型号合并附件不等于同配置或逐车资格认证
上海汽车集团股份有限公司,CSA7002CBEV2,0,0,0,0,1,2208试验口径,"[{""purpose_scope"":""2208试验口径"",""source_record_ids"":""old-65-Word97--0-39"",""source_observation_date_upper"":""2023-05-09"",""source_file"":""原件/免征目录/mf_batch65.doc"",""source_sha256"":""06a6a578a9a60516a845bc92deac49954438a789e9e4a7cf3cd140f256d9b13d"",""firm_route_basis"":""原记录firm_raw""}]",0,按来源/日期/配置版本分别答复；同型号合并附件不等于同配置或逐车资格认证
上海汽车集团股份有限公司,CSA7002CBEV3,0,0,0,0,1,2208试验口径,"[{""purpose_scope"":""2208试验口径"",""source_record_ids"":""old-65-Word97--0-41"",""source_observation_date_upper"":""2023-05-09"",""source_file"":""原件/免征目录/mf_batch65.doc"",""source_sha256"":""06a6a578a9a60516a845bc92deac49954438a789e9e4a7cf3cd140f256d9b13d"",""firm_route_basis"":""原件企业合并格/上下文候选；非登记实体认证""}]",0,按来源/日期/配置版本分别答复；同型号合并附件不等于同配置或逐车资格认证
上海汽车集团股份有限公司,CSA7002FBEV1,0,0,0,0,1,2208试验口径,"[{""purpose_scope"":""2208试验口径"",""source_record_ids"":""old-13-PDF-grid-2-0-15"",""source_observation_date_upper"":""2017-10-30"",""source_file"":""原件/免征目录/mf_batch13.pdf"",""source_sha256"":""e82c4f41c448edbb5269c95f2ff35d0c577f7ff0d12ff30b2d4c307a1aa31a6b"",""firm_route_basis"":""原记录firm_raw""}]",0,按来源/日期/配置版本分别答复；同型号合并附件不等于同配置或逐车资格认证
上海汽车集团股份有限公司,CSA7002FBEV3,0,0,0,0,1,2208试验口径,"[{""purpose_scope"":""2208试验口径"",""source_record_ids"":""old-20-DOCX--0-52"",""source_observation_date_upper"":""2018-09-19"",""source_file"":""原件/免征目录/mf_batch20.docx"",""source_sha256"":""374d3f87551d75d1c163e76abb38f350ea93f8a2b8cad6174568c307d1cc0130"",""firm_route_basis"":""原件企业合并格/上下文候选；非登记实体认证""}]",0,按来源/日期/配置版本分别答复；同型号合并附件不等于同配置或逐车资格认证
上海汽车集团股份有限公司,CSA7002FBEV4,0,0,0,0,1,2208试验口径,"[{""purpose_scope"":""2208试验口径"",""source_record_ids"":""old-20-DOCX--0-53"",""source_observation_date_upper"":""2018-09-19"",""source_file"":""原件/免征目录/mf_batch20.docx"",""source_sha256"":""374d3f87551d75d1c163e76abb38f350ea93f8a2b8cad6174568c307d1cc0130"",""firm_route_basis"":""原件企业合并格/上下文候选；非登记实体认证""}]",0,按来源/日期/配置版本分别答复；同型号合并附件不等于同配置或逐车资格认证
上海汽车集团股份有限公司,CSA7002FBEV5,0,0,0,0,1,2208试验口径,"[{""purpose_scope"":""2208试验口径"",""source_record_ids"":""old-23-Word97--0-60"",""source_observation_date_upper"":""2019-03-13"",""source_file"":""原件/免征目录/mf_batch23.docx"",""source_sha256"":""87f838de0da3ba5887f77b2bf5c1dbf5b427e7cef896309a7084c11dd8f5efa0"",""firm_route_basis"":""原记录firm_raw""}]",0,按来源/日期/配置版本分别答复；同型号合并附件不等于同配置或逐车资格认证
上海汽车集团股份有限公司,CSA7002FBEV6,0,0,0,0,1,2208试验口径,"[{""purpose_scope"":""2208试验口径"",""source_record_ids"":""old-24-Word97--1-5"",""source_observation_date_upper"":""2019-04-30"",""source_file"":""原件/免征目录/mf_batch24.wps"",""source_sha256"":""07775a0cb063fe0fce5880b9378dd1eb2522b725d645cabdee314d604779939d"",""firm_route_basis"":""原记录firm_raw""}]",0,按来源/日期/配置版本分别答复；同型号合并附件不等于同配置或逐车资格认证
上海汽车集团股份有限公司,CSA7002FBEV7,0,0,0,0,1,2208试验口径,"[{""purpose_scope"":""2208试验口径"",""source_record_ids"":""old-31-Word97--0-23"",""source_observation_date_upper"":""2020-04-24"",""source_file"":""原件/免征目录/mf_batch31.doc"",""source_sha256"":""e1ccec4a87ab96ca346e5756d6b14369eb9727ec2c2cfd03c1182a592ddd3bee"",""firm_route_basis"":""原件企业合并格/上下文候选；非登记实体认证""}]",0,按来源/日期/配置版本分别答复；同型号合并附件不等于同配置或逐车资格认证
上海汽车集团股份有限公司,CSA7002FBEV8,0,0,0,0,1,2208试验口径,"[{""purpose_scope"":""2208试验口径"",""source_record_ids"":""old-30-Word97--0-17"",""source_observation_date_upper"":""2020-03-13"",""source_file"":""原件/免征目录/mf_batch30.doc"",""source_sha256"":""e7fa3b47858ec2035b8055bc15be00b2b26920a5e8d3cad481058a80b92ead24"",""firm_route_basis"":""原件企业合并格/上下文候选；非登记实体认证""}]",0,按来源/日期/配置版本分别答复；同型号合并附件不等于同配置或逐车资格认证
上海汽车集团股份有限公司,CSA7002FBEVA,0,0,0,0,1,2208试验口径,"[{""purpose_scope"":""2208试验口径"",""source_record_ids"":""old-41-Word97--0-35"",""source_observation_date_upper"":""2021-03-31"",""source_file"":""原件/免征目录/mf_batch41.doc"",""source_sha256"":""ba4634c0877ebf99f8e462013e4a07e40f57478a4aaf921801a6c85a49c42b7f"",""firm_route_basis"":""原记录firm_raw""}]",0,按来源/日期/配置版本分别答复；同型号合并附件不等于同配置或逐车资格认证
上海汽车集团股份有限公司,CSA7002FSEV1,0,0,0,1,1,92逐车资格;2208试验口径,"[{""purpose_scope"":""92逐车资格"",""source_record_ids"":""new-04-cell-3324;new-06-cell-4825"",""source_observation_date_upper"":""2024-04-15"",""source_file"":""原件/减免目录/cat_batch4.doc"",""source_sha256"":""e6d4f6d7e11833351bf9e247aa8032273ad029b83385189b0ffebd81d10b8ce6"",""firm_route_basis"":""原件企业合并格/上下文候选；非登记实体认证""},{""purpose_scope"":""2208试验口径"",""source_record_ids"":""old-35-Word97--0-8"",""source_observation_date_upper"":""2020-09-21"",""source_file"":""原件/免征目录/mf_batch35.wps"",""source_sha256"":""e4a6abd0e50daa81d029f8b37584511354700e855dc89de210fcba782b0643f0"",""firm_route_basis"":""原记录firm_raw""}]",0,按来源/日期/配置版本分别答复；同型号合并附件不等于同配置或逐车资格认证
上海汽车集团股份有限公司,CSA7002FSEV2,0,0,0,0,1,2208试验口径,"[{""purpose_scope"":""2208试验口径"",""source_record_ids"":""old-35-Word97--0-9"",""source_observation_date_upper"":""2020-09-21"",""source_file"":""原件/免征目录/mf_batch35.wps"",""source_sha256"":""e4a6abd0e50daa81d029f8b37584511354700e855dc89de210fcba782b0643f0"",""firm_route_basis"":""原件企业合并格/上下文候选；非登记实体认证""}]",0,按来源/日期/配置版本分别答复；同型号合并附件不等于同配置或逐车资格认证
上海汽车集团股份有限公司,CSA7002XBEV4,0,0,0,0,1,2208试验口径,"[{""purpose_scope"":""2208试验口径"",""source_record_ids"":""old-59-Word97--0-16"",""source_observation_date_upper"":""2022-10-10"",""source_file"":""原件/免征目录/mf_batch59.doc"",""source_sha256"":""32738e2df847e0c74ff96d48b8a13e1dd9c31aee84b7c0a633e2d9c8a3e01f86"",""firm_route_basis"":""原件企业合并格/上下文候选；非登记实体认证""}]",0,按来源/日期/配置版本分别答复；同型号合并附件不等于同配置或逐车资格认证
上海汽车集团股份有限公司,CSA7003DBEV1,0,0,0,0,1,2208试验口径,"[{""purpose_scope"":""2208试验口径"",""source_record_ids"":""old-47-Word97--0-40"",""source_observation_date_upper"":""2021-09-30"",""source_file"":""原件/免征目录/mf_batch47.doc"",""source_sha256"":""fb4517fe8220b10bc435a77a5328df13c732c70b335942dfad0ae9394affe9b4"",""firm_route_basis"":""原记录firm_raw""}]",0,按来源/日期/配置版本分别答复；同型号合并附件不等于同配置或逐车资格认证
上海汽车集团股份有限公司,CSA7003DBEV2,0,0,0,0,1,2208试验口径,"[{""purpose_scope"":""2208试验口径"",""source_record_ids"":""old-48-Word97--0-47"",""source_observation_date_upper"":""2021-11-05"",""source_file"":""原件/免征目录/mf_batch48.doc"",""source_sha256"":""ee5aa19736215cfcb3b76ffff90bcd0d9108c61758ccb756f7d4ad17e75a835c"",""firm_route_basis"":""原记录firm_raw""}]",0,按来源/日期/配置版本分别答复；同型号合并附件不等于同配置或逐车资格认证
上海汽车集团股份有限公司,CSA7003DBEV3,0,0,0,0,1,2208试验口径,"[{""purpose_scope"":""2208试验口径"",""source_record_ids"":""old-68-Word97--0-31"",""source_observation_date_upper"":""2023-08-16"",""source_file"":""原件/免征目录/mf_batch68.doc"",""source_sha256"":""58113d08377020d08de0aeb0e08ff63c4a4411dbe35ad69cfdd6f82fdf0fcc77"",""firm_route_basis"":""原件企业合并格/上下文候选；非登记实体认证""}]",0,按来源/日期/配置版本分别答复；同型号合并附件不等于同配置或逐车资格认证
上海汽车集团股份有限公司,CSA7003DBEV4,0,0,0,0,1,2208试验口径,"[{""purpose_scope"":""2208试验口径"",""source_record_ids"":""old-68-Word97--0-29"",""source_observation_date_upper"":""2023-08-16"",""source_file"":""原件/免征目录/mf_batch68.doc"",""source_sha256"":""58113d08377020d08de0aeb0e08ff63c4a4411dbe35ad69cfdd6f82fdf0fcc77"",""firm_route_basis"":""原记录firm_raw""}]",0,按来源/日期/配置版本分别答复；同型号合并附件不等于同配置或逐车资格认证
上海汽车集团股份有限公司,CSA7005DBEV1,0,0,0,0,1,2208试验口径,"[{""purpose_scope"":""2208试验口径"",""source_record_ids"":""old-59-Word97--0-15"",""source_observation_date_upper"":""2022-10-10"",""source_file"":""原件/免征目录/mf_batch59.doc"",""source_sha256"":""32738e2df847e0c74ff96d48b8a13e1dd9c31aee84b7c0a633e2d9c8a3e01f86"",""firm_route_basis"":""原件企业合并格/上下文候选；非登记实体认证""}]",0,按来源/日期/配置版本分别答复；同型号合并附件不等于同配置或逐车资格认证
上海汽车集团股份有限公司,CSA7005DBEV2,0,0,0,0,1,2208试验口径,"[{""purpose_scope"":""2208试验口径"",""source_record_ids"":""old-59-Word97--0-14"",""source_observation_date_upper"":""2022-10-10"",""source_file"":""原件/免征目录/mf_batch59.doc"",""source_sha256"":""32738e2df847e0c74ff96d48b8a13e1dd9c31aee84b7c0a633e2d9c8a3e01f86"",""firm_route_basis"":""原件企业合并格/上下文候选；非登记实体认证""}]",0,按来源/日期/配置版本分别答复；同型号合并附件不等于同配置或逐车资格认证
上海汽车集团股份有限公司,CSA7005DBEV3,0,0,0,0,1,2208试验口径,"[{""purpose_scope"":""2208试验口径"",""source_record_ids"":""old-59-Word97--0-12"",""source_observation_date_upper"":""2022-10-10"",""source_file"":""原件/免征目录/mf_batch59.doc"",""source_sha256"":""32738e2df847e0c74ff96d48b8a13e1dd9c31aee84b7c0a633e2d9c8a3e01f86"",""firm_route_basis"":""原记录firm_raw""}]",0,按来源/日期/配置版本分别答复；同型号合并附件不等于同配置或逐车资格认证
上海汽车集团股份有限公司,CSA7005DBEV4,0,0,0,0,1,2208试验口径,"[{""purpose_scope"":""2208试验口径"",""source_record_ids"":""old-62-Word97--0-66"",""source_observation_date_upper"":""2023-02-20"",""source_file"":""原件/免征目录/mf_batch62.doc"",""source_sha256"":""7694ac7207998b6af7c895cdd2c1d752421df436d4b28f83195261dd47f6509c"",""firm_route_basis"":""原件企业合并格/上下文候选；非登记实体认证""}]",0,按来源/日期/配置版本分别答复；同型号合并附件不等于同配置或逐车资格认证
上海汽车集团股份有限公司,CSA7005DBEV5,0,0,0,0,1,2208试验口径,"[{""purpose_scope"":""2208试验口径"",""source_record_ids"":""old-62-Word97--0-65"",""source_observation_date_upper"":""2023-02-20"",""source_file"":""原件/免征目录/mf_batch62.doc"",""source_sha256"":""7694ac7207998b6af7c895cdd2c1d752421df436d4b28f83195261dd47f6509c"",""firm_route_basis"":""原件企业合并格/上下文候选；非登记实体认证""}]",0,按来源/日期/配置版本分别答复；同型号合并附件不等于同配置或逐车资格认证
上海汽车集团股份有限公司,CSA7005DSEV1,0,0,0,1,0,92逐车资格,"[{""purpose_scope"":""92逐车资格"",""source_record_ids"":""new-04-cell-3335;new-06-cell-4837"",""source_observation_date_upper"":""2024-04-15"",""source_file"":""原件/减免目录/cat_batch4.doc"",""source_sha256"":""e6d4f6d7e11833351bf9e247aa8032273ad029b83385189b0ffebd81d10b8ce6"",""firm_route_basis"":""原件企业合并格/上下文候选；非登记实体认证""}]",0,按来源/日期/配置版本分别答复；同型号合并附件不等于同配置或逐车资格认证
上海汽车集团股份有限公司,CSA7005DSEV2,0,0,0,1,1,92逐车资格;2208试验口径,"[{""purpose_scope"":""92逐车资格"",""source_record_ids"":""new-04-cell-3346;new-06-cell-4849"",""source_observation_date_upper"":""2024-04-15"",""source_file"":""原件/减免目录/cat_batch4.doc"",""source_sha256"":""e6d4f6d7e11833351bf9e247aa8032273ad029b83385189b0ffebd81d10b8ce6"",""firm_route_basis"":""原件企业合并格/上下文候选；非登记实体认证""},{""purpose_scope"":""2208试验口径"",""source_record_ids"":""old-62-Word97--0-63"",""source_observation_date_upper"":""2023-02-20"",""source_file"":""原件/免征目录/mf_batch62.doc"",""source_sha256"":""7694ac7207998b6af7c895cdd2c1d752421df436d4b28f83195261dd47f6509c"",""firm_route_basis"":""原件企业合并格/上下文候选；非登记实体认证""}]",0,按来源/日期/配置版本分别答复；同型号合并附件不等于同配置或逐车资格认证
上海汽车集团股份有限公司,CSA7005DSEV3,0,0,0,1,1,92逐车资格;2208试验口径,"[{""purpose_scope"":""92逐车资格"",""source_record_ids"":""new-04-cell-3357;new-06-cell-4861"",""source_observation_date_upper"":""2024-04-15"",""source_file"":""原件/减免目录/cat_batch4.doc"",""source_sha256"":""e6d4f6d7e11833351bf9e247aa8032273ad029b83385189b0ffebd81d10b8ce6"",""firm_route_basis"":""原件企业合并格/上下文候选；非登记实体认证""},{""purpose_scope"":""2208试验口径"",""source_record_ids"":""old-62-Word97--0-64"",""source_observation_date_upper"":""2023-02-20"",""source_file"":""原件/免征目录/mf_batch62.doc"",""source_sha256"":""7694ac7207998b6af7c895cdd2c1d752421df436d4b28f83195261dd47f6509c"",""firm_route_basis"":""原件企业合并格/上下文候选；非登记实体认证""}]",0,按来源/日期/配置版本分别答复；同型号合并附件不等于同配置或逐车资格认证
上海汽车集团股份有限公司,CSA7005DSEV4,0,0,0,1,0,92逐车资格,"[{""purpose_scope"":""92逐车资格"",""source_record_ids"":""new-04-cell-3368;new-06-cell-4873"",""source_observation_date_upper"":""2024-04-15"",""source_file"":""原件/减免目录/cat_batch4.doc"",""source_sha256"":""e6d4f6d7e11833351bf9e247aa8032273ad029b83385189b0ffebd81d10b8ce6"",""firm_route_basis"":""原件企业合并格/上下文候选；非登记实体认证""}]",0,按来源/日期/配置版本分别答复；同型号合并附件不等于同配置或逐车资格认证
上海汽车集团股份有限公司,CSA7005DSEV5,0,0,0,1,0,92逐车资格,"[{""purpose_scope"":""92逐车资格"",""source_record_ids"":""new-04-cell-3379;new-06-cell-4885"",""source_observation_date_upper"":""2024-04-15"",""source_file"":""原件/减免目录/cat_batch4.doc"",""source_sha256"":""e6d4f6d7e11833351bf9e247aa8032273ad029b83385189b0ffebd81d10b8ce6"",""firm_route_basis"":""原件企业合并格/上下文候选；非登记实体认证""}]",0,按来源/日期/配置版本分别答复；同型号合并附件不等于同配置或逐车资格认证
上海汽车集团股份有限公司,CSA7009DBEV2,0,0,0,0,1,2208试验口径,"[{""purpose_scope"":""2208试验口径"",""source_record_ids"":""old-68-Word97--0-33"",""source_observation_date_upper"":""2023-08-16"",""source_file"":""原件/免征目录/mf_batch68.doc"",""source_sha256"":""58113d08377020d08de0aeb0e08ff63c4a4411dbe35ad69cfdd6f82fdf0fcc77"",""firm_route_basis"":""原件企业合并格/上下文候选；非登记实体认证""}]",0,按来源/日期/配置版本分别答复；同型号合并附件不等于同配置或逐车资格认证
上海汽车集团股份有限公司,CSA7009DBEV4,0,0,0,0,1,2208试验口径,"[{""purpose_scope"":""2208试验口径"",""source_record_ids"":""old-68-Word97--0-34"",""source_observation_date_upper"":""2023-08-16"",""source_file"":""原件/免征目录/mf_batch68.doc"",""source_sha256"":""58113d08377020d08de0aeb0e08ff63c4a4411dbe35ad69cfdd6f82fdf0fcc77"",""firm_route_basis"":""原件企业合并格/上下文候选；非登记实体认证""}]",0,按来源/日期/配置版本分别答复；同型号合并附件不等于同配置或逐车资格认证
上海通用汽车有限公司,SGM7001EV,0,0,0,0,1,2208试验口径,"[{""purpose_scope"":""2208试验口径"",""source_record_ids"":""old-01-PDF-grid-1-0-14"",""source_observation_date_upper"":""2014-08-27"",""source_file"":""原件/免征目录/mf_batch01.pdf"",""source_sha256"":""eac13628c37f01c4da157a2d1916d97acc81fdc295f18e1783549075ce7e5aa7"",""firm_route_basis"":""原记录firm_raw""}]",0,按来源/日期/配置版本分别答复；同型号合并附件不等于同配置或逐车资格认证
东南(福建)汽车工业有限公司,DN7000LBEV,0,0,0,0,1,2208试验口径,"[{""purpose_scope"":""2208试验口径"",""source_record_ids"":""old-05-PDF-grid-1-0-6"",""source_observation_date_upper"":""2015-09-11"",""source_file"":""原件/免征目录/mf_batch05.pdf"",""source_sha256"":""658aa5fbf13859a9bbe1db6235da2f7e79fc325cc34e4c0ec1ffab7f8cc2ebca"",""firm_route_basis"":""原记录firm_raw""}]",0,按来源/日期/配置版本分别答复；同型号合并附件不等于同配置或逐车资格认证
东南(福建)汽车工业有限公司,DN7000MBEV,0,0,0,0,1,2208试验口径,"[{""purpose_scope"":""2208试验口径"",""source_record_ids"":""old-01-PDF-grid-1-0-10"",""source_observation_date_upper"":""2014-08-27"",""source_file"":""原件/免征目录/mf_batch01.pdf"",""source_sha256"":""eac13628c37f01c4da157a2d1916d97acc81fdc295f18e1783549075ce7e5aa7"",""firm_route_basis"":""原记录firm_raw""}]",0,按来源/日期/配置版本分别答复；同型号合并附件不等于同配置或逐车资格认证
东南(福建)汽车工业有限公司,DN7001MBEV,0,0,0,0,1,2208试验口径,"[{""purpose_scope"":""2208试验口径"",""source_record_ids"":""old-04-PDF-grid-1-0-6"",""source_observation_date_upper"":""2015-05-08"",""source_file"":""原件/免征目录/mf_batch04.pdf"",""source_sha256"":""7539cd299efb49a366656a4da32393075bcb03a5e10ea54e975f82f6099d9c81"",""firm_route_basis"":""原件企业合并格/上下文候选；非登记实体认证""}]",0,按来源/日期/配置版本分别答复；同型号合并附件不等于同配置或逐车资格认证
东南(福建)汽车工业有限公司,DN7003MBEV,0,0,0,0,1,2208试验口径,"[{""purpose_scope"":""2208试验口径"",""source_record_ids"":""old-07-PDF-grid-1-0-8"",""source_observation_date_upper"":""2016-04-15"",""source_file"":""原件/免征目录/mf_batch07.pdf"",""source_sha256"":""ad8e7f0576c7261a718e5a561358462b598d617361c6f02d7a14fb2038b758b0"",""firm_route_basis"":""原记录firm_raw""}]",0,按来源/日期/配置版本分别答复；同型号合并附件不等于同配置或逐车资格认证
东南(福建)汽车工业有限公司,DN7004MBEV,0,0,0,0,1,2208试验口径,"[{""purpose_scope"":""2208试验口径"",""source_record_ids"":""old-09-PDF-grid-2-0-2"",""source_observation_date_upper"":""2016-12-06"",""source_file"":""原件/免征目录/mf_batch09.pdf"",""source_sha256"":""7eea7200c04fefec34f6ae6db5a1bae77f82a534348f266e95575cae051c8c8c"",""firm_route_basis"":""原记录firm_raw""}]",0,按来源/日期/配置版本分别答复；同型号合并附件不等于同配置或逐车资格认证
东南(福建)汽车工业有限公司,DN7005MBEV,0,0,0,0,1,2208试验口径,"[{""purpose_scope"":""2208试验口径"",""source_record_ids"":""old-09-PDF-grid-2-0-3"",""source_observation_date_upper"":""2016-12-06"",""source_file"":""原件/免征目录/mf_batch09.pdf"",""source_sha256"":""7eea7200c04fefec34f6ae6db5a1bae77f82a534348f266e95575cae051c8c8c"",""firm_route_basis"":""原件企业合并格/上下文候选；非登记实体认证""}]",0,按来源/日期/配置版本分别答复；同型号合并附件不等于同配置或逐车资格认证
东南(福建)汽车工业有限公司,DN7006MBEV,0,0,0,0,1,2208试验口径,"[{""purpose_scope"":""2208试验口径"",""source_record_ids"":""old-10-PDF-grid-1-0-23"",""source_observation_date_upper"":""2017-04-27"",""source_file"":""原件/免征目录/mf_batch10.pdf"",""source_sha256"":""ac1b1ad2605b4f24762fb1f01cea64b685393577d01648618fa1882bb5700ac3"",""firm_route_basis"":""原记录firm_raw""}]",0,按来源/日期/配置版本分别答复；同型号合并附件不等于同配置或逐车资格认证
东南(福建)汽车工业有限公司,DN7007GBEV4,0,0,0,0,1,2208试验口径,"[{""purpose_scope"":""2208试验口径"",""source_record_ids"":""old-26-DOCX--0-41"",""source_observation_date_upper"":""2019-08-30"",""source_file"":""原件/免征目录/mf_batch26.docx"",""source_sha256"":""de0890335ef3a4f1302a8a0735ec8b6aed52e994e2635db481820060d62248b5"",""firm_route_basis"":""原记录firm_raw""}]",0,按来源/日期/配置版本分别答复；同型号合并附件不等于同配置或逐车资格认证
东南(福建)汽车工业有限公司,DN7007HBEVS3,0,0,0,0,1,2208试验口径,"[{""purpose_scope"":""2208试验口径"",""source_record_ids"":""old-19-DOCX--0-19"",""source_observation_date_upper"":""2018-07-31"",""source_file"":""原件/免征目录/mf_batch19.docx"",""source_sha256"":""fafd1558aa0f21067847c19bdd0a95c79b919737be7b07b87c4538107fb2b8e3"",""firm_route_basis"":""原记录firm_raw""}]",0,按来源/日期/配置版本分别答复；同型号合并附件不等于同配置或逐车资格认证
东南(福建)汽车工业有限公司,DN7007MBEV,0,0,0,0,1,2208试验口径,"[{""purpose_scope"":""2208试验口径"",""source_record_ids"":""old-14-Word97--0-12"",""source_observation_date_upper"":""2017-12-05"",""source_file"":""原件/免征目录/mf_batch14.docx"",""source_sha256"":""6a48764b5ccb7c4ffa6f54daa44d3a42095b8a981fc982e774ddaaded41e9921"",""firm_route_basis"":""原记录firm_raw""}]",0,按来源/日期/配置版本分别答复；同型号合并附件不等于同配置或逐车资格认证
东南(福建)汽车工业有限公司,DN7007MBEVS3,0,0,0,0,1,2208试验口径,"[{""purpose_scope"":""2208试验口径"",""source_record_ids"":""old-19-DOCX--0-20"",""source_observation_date_upper"":""2018-07-31"",""source_file"":""原件/免征目录/mf_batch19.docx"",""source_sha256"":""fafd1558aa0f21067847c19bdd0a95c79b919737be7b07b87c4538107fb2b8e3"",""firm_route_basis"":""原件企业合并格/上下文候选；非登记实体认证""}]",0,按来源/日期/配置版本分别答复；同型号合并附件不等于同配置或逐车资格认证
东南(福建)汽车工业有限公司,DN7008MBEVD,0,0,0,0,1,2208试验口径,"[{""purpose_scope"":""2208试验口径"",""source_record_ids"":""old-21-DOCX--0-4"",""source_observation_date_upper"":""2018-11-06"",""source_file"":""原件/免征目录/mf_batch21.docx"",""source_sha256"":""cd981cecffd781db646c194ab2c853b0466cc86eea0f616e95300b88932b8d9b"",""firm_route_basis"":""原记录firm_raw""}]",0,按来源/日期/配置版本分别答复；同型号合并附件不等于同配置或逐车资格认证
东南(福建)汽车工业有限公司,DN7008MBEVS,0,0,0,0,1,2208试验口径,"[{""purpose_scope"":""2208试验口径"",""source_record_ids"":""old-19-DOCX--0-21"",""source_observation_date_upper"":""2018-07-31"",""source_file"":""原件/免征目录/mf_batch19.docx"",""source_sha256"":""fafd1558aa0f21067847c19bdd0a95c79b919737be7b07b87c4538107fb2b8e3"",""firm_route_basis"":""原件企业合并格/上下文候选；非登记实体认证""}]",0,按来源/日期/配置版本分别答复；同型号合并附件不等于同配置或逐车资格认证
东风小康汽车有限公司,DXK6450EC1BEV,0,0,0,0,1,2208试验口径,"[{""purpose_scope"":""2208试验口径"",""source_record_ids"":""old-09-PDF-grid-1-0-21"",""source_observation_date_upper"":""2016-12-06"",""source_file"":""原件/免征目录/mf_batch09.pdf"",""source_sha256"":""7eea7200c04fefec34f6ae6db5a1bae77f82a534348f266e95575cae051c8c8c"",""firm_route_basis"":""原件企业合并格/上下文候选；非登记实体认证""}]",0,按来源/日期/配置版本分别答复；同型号合并附件不等于同配置或逐车资格认证
东风小康汽车有限公司,DXK6450EC4BEV,0,0,0,0,1,2208试验口径,"[{""purpose_scope"":""2208试验口径"",""source_record_ids"":""old-17-PDF-grid-1-0-16"",""source_observation_date_upper"":""2018-04-16"",""source_file"":""原件/免征目录/mf_batch17.pdf"",""source_sha256"":""577a4ba9c586fe08565f6a60e6de5474698031566d8dcef484cd44335879e334"",""firm_route_basis"":""原记录firm_raw""}]",0,按来源/日期/配置版本分别答复；同型号合并附件不等于同配置或逐车资格认证
东风小康汽车有限公司,DXK6450EC5BEV,0,0,0,0,1,2208试验口径,"[{""purpose_scope"":""2208试验口径"",""source_record_ids"":""old-20-DOCX--0-15"",""source_observation_date_upper"":""2018-09-19"",""source_file"":""原件/免征目录/mf_batch20.docx"",""source_sha256"":""374d3f87551d75d1c163e76abb38f350ea93f8a2b8cad6174568c307d1cc0130"",""firm_route_basis"":""原记录firm_raw""}]",0,按来源/日期/配置版本分别答复；同型号合并附件不等于同配置或逐车资格认证
东风小康汽车有限公司,DXK6450EC6BEV,0,0,0,0,1,2208试验口径,"[{""purpose_scope"":""2208试验口径"",""source_record_ids"":""old-22-Word97--0-3"",""source_observation_date_upper"":""2018-12-18"",""source_file"":""原件/免征目录/mf_batch22.doc"",""source_sha256"":""eaf3fc1e64742af85b3d4bc90388d0a93154a497fd6c1fb9bf73b857672e1212"",""firm_route_basis"":""原记录firm_raw""}]",0,按来源/日期/配置版本分别答复；同型号合并附件不等于同配置或逐车资格认证
东风小康汽车有限公司,DXK6450EC7BEV,0,0,0,0,1,2208试验口径,"[{""purpose_scope"":""2208试验口径"",""source_record_ids"":""old-24-Word97--2-13"",""source_observation_date_upper"":""2019-04-30"",""source_file"":""原件/免征目录/mf_batch24.wps"",""source_sha256"":""07775a0cb063fe0fce5880b9378dd1eb2522b725d645cabdee314d604779939d"",""firm_route_basis"":""原记录firm_raw""}]",0,按来源/日期/配置版本分别答复；同型号合并附件不等于同配置或逐车资格认证
东风小康汽车有限公司,DXK6460HF2BEV,0,0,0,0,1,2208试验口径,"[{""purpose_scope"":""2208试验口径"",""source_record_ids"":""old-47-Word97--0-10"",""source_observation_date_upper"":""2021-09-30"",""source_file"":""原件/免征目录/mf_batch47.doc"",""source_sha256"":""fb4517fe8220b10bc435a77a5328df13c732c70b335942dfad0ae9394affe9b4"",""firm_route_basis"":""原记录firm_raw""}]",0,按来源/日期/配置版本分别答复；同型号合并附件不等于同配置或逐车资格认证
东风小康汽车有限公司,DXK6460HF4BEV,0,0,0,0,1,2208试验口径,"[{""purpose_scope"":""2208试验口径"",""source_record_ids"":""old-54-Word97--0-30"",""source_observation_date_upper"":""2022-05-12"",""source_file"":""原件/免征目录/mf_batch54.doc"",""source_sha256"":""e4ce106fc0fb21bc61cac40ff0de97e60dff2d18b5b7d24c494bb74873312fd7"",""firm_route_basis"":""原记录firm_raw""}]",0,按来源/日期/配置版本分别答复；同型号合并附件不等于同配置或逐车资格认证
东风小康汽车有限公司,DXK6600HTBEV,0,0,0,0,1,2208试验口径,"[{""purpose_scope"":""2208试验口径"",""source_record_ids"":""old-62-Word97--0-5"",""source_observation_date_upper"":""2023-02-20"",""source_file"":""原件/免征目录/mf_batch62.doc"",""source_sha256"":""7694ac7207998b6af7c895cdd2c1d752421df436d4b28f83195261dd47f6509c"",""firm_route_basis"":""原记录firm_raw""}]",0,按来源/日期/配置版本分别答复；同型号合并附件不等于同配置或逐车资格认证
东风小康汽车有限公司,DXK7001RD10BEV,0,0,0,0,1,2208试验口径,"[{""purpose_scope"":""2208试验口径"",""source_record_ids"":""old-48-Word97--0-17"",""source_observation_date_upper"":""2021-11-05"",""source_file"":""原件/免征目录/mf_batch48.doc"",""source_sha256"":""ee5aa19736215cfcb3b76ffff90bcd0d9108c61758ccb756f7d4ad17e75a835c"",""firm_route_basis"":""原件企业合并格/上下文候选；非登记实体认证""}]",0,按来源/日期/配置版本分别答复；同型号合并附件不等于同配置或逐车资格认证
东风小康汽车有限公司,DXK7001RD11BEV,0,0,0,0,1,2208试验口径,"[{""purpose_scope"":""2208试验口径"",""source_record_ids"":""old-52-Word97--0-11"",""source_observation_date_upper"":""2022-03-08"",""source_file"":""原件/免征目录/mf_batch52.doc"",""source_sha256"":""650a1430fd7c9a9139970f857a0382498bfd368fe64a95f24c17ca3f49dfa3cc"",""firm_route_basis"":""原记录firm_raw""}]",0,按来源/日期/配置版本分别答复；同型号合并附件不等于同配置或逐车资格认证
东风小康汽车有限公司,DXK7001RD15BEV,0,0,0,0,1,2208试验口径,"[{""purpose_scope"":""2208试验口径"",""source_record_ids"":""old-55-Word97--0-21"",""source_observation_date_upper"":""2022-06-01"",""source_file"":""原件/免征目录/mf_batch55.doc"",""source_sha256"":""0457d0430e9e7f114c91341a715405c3933dd4783762cd74b9871e4918ba887f"",""firm_route_basis"":""原记录firm_raw""}]",0,按来源/日期/配置版本分别答复；同型号合并附件不等于同配置或逐车资格认证
东风小康汽车有限公司,DXK7001RD18BEV,0,0,1,0,0,4单项细分,"[{""purpose_scope"":""4单项细分"",""source_record_ids"":""old-61-Word97--0-21"",""source_observation_date_upper"":""2022-12-19"",""source_file"":""原件/免征目录/mf_batch61.doc"",""source_sha256"":""d360a77695ccf20f3c17a354a1dd02fc846a7ae8bd18b41492515881a7240b72"",""firm_route_basis"":""原记录firm_raw""}]",0,按来源/日期/配置版本分别答复；同型号合并附件不等于同配置或逐车资格认证
东风小康汽车有限公司,DXK7001RD1BEV,0,0,0,0,1,2208试验口径,"[{""purpose_scope"":""2208试验口径"",""source_record_ids"":""old-55-Word97--0-22"",""source_observation_date_upper"":""2022-06-01"",""source_file"":""原件/免征目录/mf_batch55.doc"",""source_sha256"":""0457d0430e9e7f114c91341a715405c3933dd4783762cd74b9871e4918ba887f"",""firm_route_basis"":""原件企业合并格/上下文候选；非登记实体认证""}]",0,按来源/日期/配置版本分别答复；同型号合并附件不等于同配置或逐车资格认证
东风小康汽车有限公司,DXK7001RD2BEV,0,0,0,0,1,2208试验口径,"[{""purpose_scope"":""2208试验口径"",""source_record_ids"":""old-54-Word97--0-31"",""source_observation_date_upper"":""2022-05-12"",""source_file"":""原件/免征目录/mf_batch54.doc"",""source_sha256"":""e4ce106fc0fb21bc61cac40ff0de97e60dff2d18b5b7d24c494bb74873312fd7"",""firm_route_basis"":""原件企业合并格/上下文候选；非登记实体认证""}]",0,按来源/日期/配置版本分别答复；同型号合并附件不等于同配置或逐车资格认证
东风小康汽车有限公司,DXK7001RD4BEV,0,0,0,0,1,2208试验口径,"[{""purpose_scope"":""2208试验口径"",""source_record_ids"":""old-50-Word97--0-23"",""source_observation_date_upper"":""2021-12-29"",""source_file"":""原件/免征目录/mf_batch50.doc"",""source_sha256"":""3810672d92621612507384960254de602e629e75a308df22ee2291519445095e"",""firm_route_basis"":""原记录firm_raw""}]",0,按来源/日期/配置版本分别答复；同型号合并附件不等于同配置或逐车资格认证
东风小康汽车有限公司,DXK7001RD5BEV,0,0,0,0,1,2208试验口径,"[{""purpose_scope"":""2208试验口径"",""source_record_ids"":""old-54-Word97--0-32"",""source_observation_date_upper"":""2022-05-12"",""source_file"":""原件/免征目录/mf_batch54.doc"",""source_sha256"":""e4ce106fc0fb21bc61cac40ff0de97e60dff2d18b5b7d24c494bb74873312fd7"",""firm_route_basis"":""原件企业合并格/上下文候选；非登记实体认证""}]",0,按来源/日期/配置版本分别答复；同型号合并附件不等于同配置或逐车资格认证
东风小康汽车有限公司,DXK7001RD7BEV,0,0,0,0,1,2208试验口径,"[{""purpose_scope"":""2208试验口径"",""source_record_ids"":""old-48-Word97--0-16"",""source_observation_date_upper"":""2021-11-05"",""source_file"":""原件/免征目录/mf_batch48.doc"",""source_sha256"":""ee5aa19736215cfcb3b76ffff90bcd0d9108c61758ccb756f7d4ad17e75a835c"",""firm_route_basis"":""原件企业合并格/上下文候选；非登记实体认证""}]",0,按来源/日期/配置版本分别答复；同型号合并附件不等于同配置或逐车资格认证
东风小康汽车有限公司,DXK7001RD9BEV,0,0,0,0,1,2208试验口径,"[{""purpose_scope"":""2208试验口径"",""source_record_ids"":""old-48-Word97--0-15"",""source_observation_date_upper"":""2021-11-05"",""source_file"":""原件/免征目录/mf_batch48.doc"",""source_sha256"":""ee5aa19736215cfcb3b76ffff90bcd0d9108c61758ccb756f7d4ad17e75a835c"",""firm_route_basis"":""原记录firm_raw""}]",0,按来源/日期/配置版本分别答复；同型号合并附件不等于同配置或逐车资格认证
东风小康汽车有限公司,DXK7001RDBEV,0,0,0,0,1,2208试验口径,"[{""purpose_scope"":""2208试验口径"",""source_record_ids"":""old-47-Word97--0-11"",""source_observation_date_upper"":""2021-09-30"",""source_file"":""原件/免征目录/mf_batch47.doc"",""source_sha256"":""fb4517fe8220b10bc435a77a5328df13c732c70b335942dfad0ae9394affe9b4"",""firm_route_basis"":""原件企业合并格/上下文候选；非登记实体认证""}]",0,按来源/日期/配置版本分别答复；同型号合并附件不等于同配置或逐车资格认证
东风悦达起亚汽车有限公司,YQZ6420BEV,0,0,0,0,1,2208试验口径,"[{""purpose_scope"":""2208试验口径"",""source_record_ids"":""old-20-DOCX--0-17"",""source_observation_date_upper"":""2018-09-19"",""source_file"":""原件/免征目录/mf_batch20.docx"",""source_sha256"":""374d3f87551d75d1c163e76abb38f350ea93f8a2b8cad6174568c307d1cc0130"",""firm_route_basis"":""原记录firm_raw""}]",0,按来源/日期/配置版本分别答复；同型号合并附件不等于同配置或逐车资格认证
东风悦达起亚汽车有限公司,YQZ6520BEVHIPHI1A,0,0,0,0,1,2208试验口径,"[{""purpose_scope"":""2208试验口径"",""source_record_ids"":""old-35-Word97--0-10"",""source_observation_date_upper"":""2020-09-21"",""source_file"":""原件/免征目录/mf_batch35.wps"",""source_sha256"":""e4a6abd0e50daa81d029f8b37584511354700e855dc89de210fcba782b0643f0"",""firm_route_basis"":""原记录firm_raw""}]",0,按来源/日期/配置版本分别答复；同型号合并附件不等于同配置或逐车资格认证
东风悦达起亚汽车有限公司,YQZ6520BEVHIPHI1B,0,0,0,0,1,2208试验口径,"[{""purpose_scope"":""2208试验口径"",""source_record_ids"":""old-35-Word97--0-11"",""source_observation_date_upper"":""2020-09-21"",""source_file"":""原件/免征目录/mf_batch35.wps"",""source_sha256"":""e4a6abd0e50daa81d029f8b37584511354700e855dc89de210fcba782b0643f0"",""firm_route_basis"":""原件企业合并格/上下文候选；非登记实体认证""}]",0,按来源/日期/配置版本分别答复；同型号合并附件不等于同配置或逐车资格认证
东风悦达起亚汽车有限公司,YQZ6520BEVHIPHI1C,0,0,0,0,1,2208试验口径,"[{""purpose_scope"":""2208试验口径"",""source_record_ids"":""old-35-Word97--0-12"",""source_observation_date_upper"":""2020-09-21"",""source_file"":""原件/免征目录/mf_batch35.wps"",""source_sha256"":""e4a6abd0e50daa81d029f8b37584511354700e855dc89de210fcba782b0643f0"",""firm_route_basis"":""原件企业合并格/上下文候选；非登记实体认证""}]",0,按来源/日期/配置版本分别答复；同型号合并附件不等于同配置或逐车资格认证
东风悦达起亚汽车有限公司,YQZ6520BEVHIPHI1D,0,0,0,0,1,2208试验口径,"[{""purpose_scope"":""2208试验口径"",""source_record_ids"":""old-37-Word97--0-7"",""source_observation_date_upper"":""2020-11-30"",""source_file"":""原件/免征目录/mf_batch37.doc"",""source_sha256"":""136057faede292d8070763e326c8dbdcddf3790653cc6879a13758f91556881f"",""firm_route_basis"":""原记录firm_raw""}]",0,按来源/日期/配置版本分别答复；同型号合并附件不等于同配置或逐车资格认证
东风悦达起亚汽车有限公司,YQZ7001BEV,0,0,0,0,1,2208试验口径,"[{""purpose_scope"":""2208试验口径"",""source_record_ids"":""old-02-PDF-grid-1-0-15"",""source_observation_date_upper"":""2014-10-29"",""source_file"":""原件/免征目录/mf_batch02.pdf"",""source_sha256"":""0b13b4fd2de6c4de3ab0f8add88bb8d24354d05ca6af46904fe1065c53c9c519"",""firm_route_basis"":""原记录firm_raw""}]",0,按来源/日期/配置版本分别答复；同型号合并附件不等于同配置或逐车资格认证
东风悦达起亚汽车有限公司,YQZ7002BEV,0,0,0,0,1,2208试验口径,"[{""purpose_scope"":""2208试验口径"",""source_record_ids"":""old-10-PDF-grid-1-0-22"",""source_observation_date_upper"":""2017-04-27"",""source_file"":""原件/免征目录/mf_batch10.pdf"",""source_sha256"":""ac1b1ad2605b4f24762fb1f01cea64b685393577d01648618fa1882bb5700ac3"",""firm_route_basis"":""原记录firm_raw""}]",0,按来源/日期/配置版本分别答复；同型号合并附件不等于同配置或逐车资格认证
东风悦达起亚汽车有限公司,YQZ7003BEV,0,0,0,0,1,2208试验口径,"[{""purpose_scope"":""2208试验口径"",""source_record_ids"":""old-18-Word97--0-13"",""source_observation_date_upper"":""2018-06-19"",""source_file"":""原件/免征目录/mf_batch18.doc"",""source_sha256"":""43f5426f7f80996ee11a894710d7229c743abf7ad69ba239f61075e0a9ddd37a"",""firm_route_basis"":""原记录firm_raw""}]",0,按来源/日期/配置版本分别答复；同型号合并附件不等于同配置或逐车资格认证
东风悦达起亚汽车有限公司,YQZ7004BEV,0,0,0,0,1,2208试验口径,"[{""purpose_scope"":""2208试验口径"",""source_record_ids"":""old-30-Word97--0-49"",""source_observation_date_upper"":""2020-03-13"",""source_file"":""原件/免征目录/mf_batch30.doc"",""source_sha256"":""e7fa3b47858ec2035b8055bc15be00b2b26920a5e8d3cad481058a80b92ead24"",""firm_route_basis"":""原记录firm_raw""}]",0,按来源/日期/配置版本分别答复；同型号合并附件不等于同配置或逐车资格认证
东风悦达起亚汽车有限公司,YQZ7005BEV,0,1,0,0,0,32联合跨界,"[{""purpose_scope"":""32联合跨界"",""source_record_ids"":""old-37-Word97--0-8"",""source_observation_date_upper"":""2020-11-30"",""source_file"":""原件/免征目录/mf_batch37.doc"",""source_sha256"":""136057faede292d8070763e326c8dbdcddf3790653cc6879a13758f91556881f"",""firm_route_basis"":""原件企业合并格/上下文候选；非登记实体认证""}]",0,按来源/日期/配置版本分别答复；同型号合并附件不等于同配置或逐车资格认证
东风本田汽车有限公司,DHW7001DHBEV,0,0,0,0,1,2208试验口径,"[{""purpose_scope"":""2208试验口径"",""source_record_ids"":""old-25-Word97--0-56"",""source_observation_date_upper"":""2019-06-12"",""source_file"":""原件/免征目录/mf_batch25.wps"",""source_sha256"":""9d2abe319463522513fe9c90f98bb8d0a825b599267d0b3cc403cec9624b3297"",""firm_route_basis"":""原记录firm_raw""}]",0,按来源/日期/配置版本分别答复；同型号合并附件不等于同配置或逐车资格认证
东风本田汽车有限公司,DHW7002DHBEV,0,0,0,0,1,2208试验口径,"[{""purpose_scope"":""2208试验口径"",""source_record_ids"":""old-25-Word97--0-57"",""source_observation_date_upper"":""2019-06-12"",""source_file"":""原件/免征目录/mf_batch25.wps"",""source_sha256"":""9d2abe319463522513fe9c90f98bb8d0a825b599267d0b3cc403cec9624b3297"",""firm_route_basis"":""原件企业合并格/上下文候选；非登记实体认证""}]",0,按来源/日期/配置版本分别答复；同型号合并附件不等于同配置或逐车资格认证
东风本田汽车有限公司,DHW7003DHBEV,0,0,0,0,1,2208试验口径,"[{""purpose_scope"":""2208试验口径"",""source_record_ids"":""old-33-Word97--0-5"",""source_observation_date_upper"":""2020-07-21"",""source_file"":""原件/免征目录/mf_batch33.doc"",""source_sha256"":""ff98fbb1708c47cdcfc1e79e7a1647e72a7ae6d4255dce3b250d661001340c09"",""firm_route_basis"":""原记录firm_raw""}]",0,按来源/日期/配置版本分别答复；同型号合并附件不等于同配置或逐车资格认证
东风本田汽车有限公司,DHW7003RSBEV,0,0,0,0,1,2208试验口径,"[{""purpose_scope"":""2208试验口径"",""source_record_ids"":""old-60-Word97--0-22"",""source_observation_date_upper"":""2022-11-09"",""source_file"":""原件/免征目录/mf_batch60.doc"",""source_sha256"":""aabd19e9a0955380873798454b18b3bb15c87937dffcbb0ccfab2eae3bf3551b"",""firm_route_basis"":""原记录firm_raw""}]",0,按来源/日期/配置版本分别答复；同型号合并附件不等于同配置或逐车资格认证
东风本田汽车有限公司,DHW7004DHBEV,0,0,0,0,1,2208试验口径,"[{""purpose_scope"":""2208试验口径"",""source_record_ids"":""old-34-Word97--0-6"",""source_observation_date_upper"":""2020-08-24"",""source_file"":""原件/免征目录/mf_batch34.doc"",""source_sha256"":""d5c5bb03cc5fe0f16b284048e265ad35d62c12c0416f14aef0ce026a229aa831"",""firm_route_basis"":""原记录firm_raw""}]",0,按来源/日期/配置版本分别答复；同型号合并附件不等于同配置或逐车资格认证
东风本田汽车有限公司,DHW7005DHBEV,0,0,0,0,1,2208试验口径,"[{""purpose_scope"":""2208试验口径"",""source_record_ids"":""old-59-Word97--0-42"",""source_observation_date_upper"":""2022-10-10"",""source_file"":""原件/免征目录/mf_batch59.doc"",""source_sha256"":""32738e2df847e0c74ff96d48b8a13e1dd9c31aee84b7c0a633e2d9c8a3e01f86"",""firm_route_basis"":""原记录firm_raw""}]",0,按来源/日期/配置版本分别答复；同型号合并附件不等于同配置或逐车资格认证
东风本田汽车有限公司,DHW7006DHBEV,0,0,0,0,1,2208试验口径,"[{""purpose_scope"":""2208试验口径"",""source_record_ids"":""old-64-Word97--0-8"",""source_observation_date_upper"":""2023-04-17"",""source_file"":""原件/免征目录/mf_batch64.doc"",""source_sha256"":""c4e238989e7e40ec2c3a6a899ead170b4a745bc72546ba6fd4a5731d8890c6cb"",""firm_route_basis"":""原记录firm_raw""}]",0,按来源/日期/配置版本分别答复；同型号合并附件不等于同配置或逐车资格认证
东风柳州汽车有限公司,LZ6460XLD0EV,0,0,0,0,1,2208试验口径,"[{""purpose_scope"":""2208试验口径"",""source_record_ids"":""old-70-Word97--0-34"",""source_observation_date_upper"":""2023-10-18"",""source_file"":""原件/免征目录/mf_batch70.doc"",""source_sha256"":""29b9f5df62602e114f0ed01426c185fdb15a654022cdf16d4df624bb736ed813"",""firm_route_basis"":""原记录firm_raw""}]",0,按来源/日期/配置版本分别答复；同型号合并附件不等于同配置或逐车资格认证
东风柳州汽车有限公司,LZ6462MLAEV,0,0,0,0,1,2208试验口径,"[{""purpose_scope"":""2208试验口径"",""source_record_ids"":""old-14-Word97--0-9"",""source_observation_date_upper"":""2017-12-05"",""source_file"":""原件/免征目录/mf_batch14.docx"",""source_sha256"":""6a48764b5ccb7c4ffa6f54daa44d3a42095b8a981fc982e774ddaaded41e9921"",""firm_route_basis"":""原件企业合并格/上下文候选；非登记实体认证""}]",0,按来源/日期/配置版本分别答复；同型号合并附件不等于同配置或逐车资格认证
东风柳州汽车有限公司,LZ6463MLAEV,0,0,0,0,1,2208试验口径,"[{""purpose_scope"":""2208试验口径"",""source_record_ids"":""old-14-Word97--0-10"",""source_observation_date_upper"":""2017-12-05"",""source_file"":""原件/免征目录/mf_batch14.docx"",""source_sha256"":""6a48764b5ccb7c4ffa6f54daa44d3a42095b8a981fc982e774ddaaded41e9921"",""firm_route_basis"":""原件企业合并格/上下文候选；非登记实体认证""}]",0,按来源/日期/配置版本分别答复；同型号合并附件不等于同配置或逐车资格认证
东风柳州汽车有限公司,LZ6510MLAEV,0,0,0,0,1,2208试验口径,"[{""purpose_scope"":""2208试验口径"",""source_record_ids"":""old-14-Word97--0-8"",""source_observation_date_upper"":""2017-12-05"",""source_file"":""原件/免征目录/mf_batch14.docx"",""source_sha256"":""6a48764b5ccb7c4ffa6f54daa44d3a42095b8a981fc982e774ddaaded41e9921"",""firm_route_basis"":""原记录firm_raw""}]",0,按来源/日期/配置版本分别答复；同型号合并附件不等于同配置或逐车资格认证
东风柳州汽车有限公司,LZ6510MLANEV,0,0,0,0,1,2208试验口径,"[{""purpose_scope"":""2208试验口径"",""source_record_ids"":""old-19-DOCX--0-12"",""source_observation_date_upper"":""2018-07-31"",""source_file"":""原件/免征目录/mf_batch19.docx"",""source_sha256"":""fafd1558aa0f21067847c19bdd0a95c79b919737be7b07b87c4538107fb2b8e3"",""firm_route_basis"":""原记录firm_raw""}]",0,按来源/日期/配置版本分别答复；同型号合并附件不等于同配置或逐车资格认证
东风柳州汽车有限公司,LZ6510NEB0EV,0,0,0,1,0,92逐车资格,"[{""purpose_scope"":""92逐车资格"",""source_record_ids"":""new-13-cell-4902"",""source_observation_date_upper"":""2024-12-31"",""source_file"":""原件/减免目录/cat_batch13.doc"",""source_sha256"":""e31d5b07465ce75f0652cf4e57bd6e333a602fc71620618fd9a2f5eaad89e52b"",""firm_route_basis"":""原记录firm_raw""}]",0,按来源/日期/配置版本分别答复；同型号合并附件不等于同配置或逐车资格认证
东风柳州汽车有限公司,LZ6510NPD0EV,0,1,0,0,0,32联合跨界,"[{""purpose_scope"":""32联合跨界"",""source_record_ids"":""old-66-Word97--0-23"",""source_observation_date_upper"":""2023-06-08"",""source_file"":""原件/免征目录/mf_batch66.doc"",""source_sha256"":""05a5fce42de1c5412803fe6a7bb46d04c4d61cb71dc5d88a9b59a3e884350544"",""firm_route_basis"":""原记录firm_raw""}]",0,按来源/日期/配置版本分别答复；同型号合并附件不等于同配置或逐车资格认证
东风柳州汽车有限公司,LZ6511MLAEV,0,0,0,0,1,2208试验口径,"[{""purpose_scope"":""2208试验口径"",""source_record_ids"":""old-20-DOCX--0-9"",""source_observation_date_upper"":""2018-09-19"",""source_file"":""原件/免征目录/mf_batch20.docx"",""source_sha256"":""374d3f87551d75d1c163e76abb38f350ea93f8a2b8cad6174568c307d1cc0130"",""firm_route_basis"":""原记录firm_raw""}]",0,按来源/日期/配置版本分别答复；同型号合并附件不等于同配置或逐车资格认证
东风柳州汽车有限公司,LZ6511MLANEV,0,0,0,0,1,2208试验口径,"[{""purpose_scope"":""2208试验口径"",""source_record_ids"":""old-27-Word97--0-32"",""source_observation_date_upper"":""2019-10-25"",""source_file"":""原件/免征目录/mf_batch27.doc"",""source_sha256"":""2bd67cf7e1efc03ae93942d0d340ffef87478709520383b6ee4d08baf843ead1"",""firm_route_basis"":""原记录firm_raw""}]",0,按来源/日期/配置版本分别答复；同型号合并附件不等于同配置或逐车资格认证
东风柳州汽车有限公司,LZ6512MLAEV,0,0,0,0,1,2208试验口径,"[{""purpose_scope"":""2208试验口径"",""source_record_ids"":""old-19-DOCX--0-13"",""source_observation_date_upper"":""2018-07-31"",""source_file"":""原件/免征目录/mf_batch19.docx"",""source_sha256"":""fafd1558aa0f21067847c19bdd0a95c79b919737be7b07b87c4538107fb2b8e3"",""firm_route_basis"":""原件企业合并格/上下文候选；非登记实体认证""}]",0,按来源/日期/配置版本分别答复；同型号合并附件不等于同配置或逐车资格认证
东风柳州汽车有限公司,LZ6512MLANEV,0,0,0,0,1,2208试验口径,"[{""purpose_scope"":""2208试验口径"",""source_record_ids"":""old-28-Word97--0-10"",""source_observation_date_upper"":""2019-12-10"",""source_file"":""原件/免征目录/mf_batch28.doc"",""source_sha256"":""dfe1b301a5e8373e94e0e4a2fccee3d258c56bb662e4928764a71274142acd72"",""firm_route_basis"":""原记录firm_raw""}]",0,按来源/日期/配置版本分别答复；同型号合并附件不等于同配置或逐车资格认证
东风柳州汽车有限公司,LZ6513MLAEV,0,0,0,0,1,2208试验口径,"[{""purpose_scope"":""2208试验口径"",""source_record_ids"":""old-27-Word97--0-33"",""source_observation_date_upper"":""2019-10-25"",""source_file"":""原件/免征目录/mf_batch27.doc"",""source_sha256"":""2bd67cf7e1efc03ae93942d0d340ffef87478709520383b6ee4d08baf843ead1"",""firm_route_basis"":""原件企业合并格/上下文候选；非登记实体认证""}]",0,按来源/日期/配置版本分别答复；同型号合并附件不等于同配置或逐车资格认证
东风柳州汽车有限公司,LZ6513MLANEV,0,0,0,0,1,2208试验口径,"[{""purpose_scope"":""2208试验口径"",""source_record_ids"":""old-33-Word97--0-35"",""source_observation_date_upper"":""2020-07-21"",""source_file"":""原件/免征目录/mf_batch33.doc"",""source_sha256"":""ff98fbb1708c47cdcfc1e79e7a1647e72a7ae6d4255dce3b250d661001340c09"",""firm_route_basis"":""原记录firm_raw""}]",0,按来源/日期/配置版本分别答复；同型号合并附件不等于同配置或逐车资格认证
东风柳州汽车有限公司,LZ6514MLAEV,0,0,0,0,1,2208试验口径,"[{""purpose_scope"":""2208试验口径"",""source_record_ids"":""old-27-Word97--0-34"",""source_observation_date_upper"":""2019-10-25"",""source_file"":""原件/免征目录/mf_batch27.doc"",""source_sha256"":""2bd67cf7e1efc03ae93942d0d340ffef87478709520383b6ee4d08baf843ead1"",""firm_route_basis"":""原件企业合并格/上下文候选；非登记实体认证""}]",0,按来源/日期/配置版本分别答复；同型号合并附件不等于同配置或逐车资格认证
东风柳州汽车有限公司,LZ6514MLANEV,0,0,0,0,1,2208试验口径,"[{""purpose_scope"":""2208试验口径"",""source_record_ids"":""old-45-Word97--0-8"",""source_observation_date_upper"":""2021-08-10"",""source_file"":""原件/免征目录/mf_batch45.doc"",""source_sha256"":""56f5e7c5fd36e990024f8121006a76da260361f4e4660846e78255d007126f7a"",""firm_route_basis"":""原记录firm_raw""}]",0,按来源/日期/配置版本分别答复；同型号合并附件不等于同配置或逐车资格认证
东风柳州汽车有限公司,LZ6515MLAEV,0,0,0,0,1,2208试验口径,"[{""purpose_scope"":""2208试验口径"",""source_record_ids"":""old-28-Word97--0-11"",""source_observation_date_upper"":""2019-12-10"",""source_file"":""原件/免征目录/mf_batch28.doc"",""source_sha256"":""dfe1b301a5e8373e94e0e4a2fccee3d258c56bb662e4928764a71274142acd72"",""firm_route_basis"":""原件企业合并格/上下文候选；非登记实体认证""}]",0,按来源/日期/配置版本分别答复；同型号合并附件不等于同配置或逐车资格认证
东风柳州汽车有限公司,LZ6516MLAEV,0,0,0,0,1,2208试验口径,"[{""purpose_scope"":""2208试验口径"",""source_record_ids"":""old-28-Word97--0-12"",""source_observation_date_upper"":""2019-12-10"",""source_file"":""原件/免征目录/mf_batch28.doc"",""source_sha256"":""dfe1b301a5e8373e94e0e4a2fccee3d258c56bb662e4928764a71274142acd72"",""firm_route_basis"":""原件企业合并格/上下文候选；非登记实体认证""}]",0,按来源/日期/配置版本分别答复；同型号合并附件不等于同配置或逐车资格认证
东风柳州汽车有限公司,LZ6517MLAEV,0,0,0,0,1,2208试验口径,"[{""purpose_scope"":""2208试验口径"",""source_record_ids"":""old-33-Word97--0-36"",""source_observation_date_upper"":""2020-07-21"",""source_file"":""原件/免征目录/mf_batch33.doc"",""source_sha256"":""ff98fbb1708c47cdcfc1e79e7a1647e72a7ae6d4255dce3b250d661001340c09"",""firm_route_basis"":""原件企业合并格/上下文候选；非登记实体认证""}]",0,按来源/日期/配置版本分别答复；同型号合并附件不等于同配置或逐车资格认证
东风柳州汽车有限公司,LZ6518MLAEV,0,0,0,0,1,2208试验口径,"[{""purpose_scope"":""2208试验口径"",""source_record_ids"":""old-45-Word97--0-9"",""source_observation_date_upper"":""2021-08-10"",""source_file"":""原件/免征目录/mf_batch45.doc"",""source_sha256"":""56f5e7c5fd36e990024f8121006a76da260361f4e4660846e78255d007126f7a"",""firm_route_basis"":""原件企业合并格/上下文候选；非登记实体认证""}]",0,按来源/日期/配置版本分别答复；同型号合并附件不等于同配置或逐车资格认证
东风柳州汽车有限公司,LZ7000SJD0EV,0,0,0,0,1,2208试验口径,"[{""purpose_scope"":""2208试验口径"",""source_record_ids"":""old-69-Word97--0-54"",""source_observation_date_upper"":""2023-09-14"",""source_file"":""原件/免征目录/mf_batch69.doc"",""source_sha256"":""357d61a16c94488c9fdd761f393edb7029b05394ab06117abaebcba1a1e45546"",""firm_route_basis"":""原记录firm_raw""}]",0,按来源/日期/配置版本分别答复；同型号合并附件不等于同配置或逐车资格认证
东风柳州汽车有限公司,LZ7000SKD4EV,0,0,0,0,1,2208试验口径,"[{""purpose_scope"":""2208试验口径"",""source_record_ids"":""old-65-Word97--0-29"",""source_observation_date_upper"":""2023-05-09"",""source_file"":""原件/免征目录/mf_batch65.doc"",""source_sha256"":""06a6a578a9a60516a845bc92deac49954438a789e9e4a7cf3cd140f256d9b13d"",""firm_route_basis"":""原记录firm_raw""}]",0,按来源/日期/配置版本分别答复；同型号合并附件不等于同配置或逐车资格认证
东风柳州汽车有限公司,LZ7000SLAEV,0,0,0,0,1,2208试验口径,"[{""purpose_scope"":""2208试验口径"",""source_record_ids"":""old-18-Word97--0-35"",""source_observation_date_upper"":""2018-06-19"",""source_file"":""原件/免征目录/mf_batch18.doc"",""source_sha256"":""43f5426f7f80996ee11a894710d7229c743abf7ad69ba239f61075e0a9ddd37a"",""firm_route_basis"":""原记录firm_raw""}]",0,按来源/日期/配置版本分别答复；同型号合并附件不等于同配置或逐车资格认证
东风柳州汽车有限公司,LZ7001SLAEV,0,0,0,0,1,2208试验口径,"[{""purpose_scope"":""2208试验口径"",""source_record_ids"":""old-18-Word97--0-36"",""source_observation_date_upper"":""2018-06-19"",""source_file"":""原件/免征目录/mf_batch18.doc"",""source_sha256"":""43f5426f7f80996ee11a894710d7229c743abf7ad69ba239f61075e0a9ddd37a"",""firm_route_basis"":""原件企业合并格/上下文候选；非登记实体认证""}]",0,按来源/日期/配置版本分别答复；同型号合并附件不等于同配置或逐车资格认证
东风柳州汽车有限公司,LZ7003SLAEV,0,0,0,0,1,2208试验口径,"[{""purpose_scope"":""2208试验口径"",""source_record_ids"":""old-25-Word97--0-93"",""source_observation_date_upper"":""2019-06-12"",""source_file"":""原件/免征目录/mf_batch25.wps"",""source_sha256"":""9d2abe319463522513fe9c90f98bb8d0a825b599267d0b3cc403cec9624b3297"",""firm_route_basis"":""原记录firm_raw""}]",0,按来源/日期/配置版本分别答复；同型号合并附件不等于同配置或逐车资格认证
东风柳州汽车有限公司,LZ7004SLAEV,0,0,0,0,1,2208试验口径,"[{""purpose_scope"":""2208试验口径"",""source_record_ids"":""old-26-DOCX--0-58"",""source_observation_date_upper"":""2019-08-30"",""source_file"":""原件/免征目录/mf_batch26.docx"",""source_sha256"":""de0890335ef3a4f1302a8a0735ec8b6aed52e994e2635db481820060d62248b5"",""firm_route_basis"":""原记录firm_raw""}]",0,按来源/日期/配置版本分别答复；同型号合并附件不等于同配置或逐车资格认证
东风柳州汽车有限公司,LZ7005SLAEV,0,0,0,0,1,2208试验口径,"[{""purpose_scope"":""2208试验口径"",""source_record_ids"":""old-33-Word97--0-37"",""source_observation_date_upper"":""2020-07-21"",""source_file"":""原件/免征目录/mf_batch33.doc"",""source_sha256"":""ff98fbb1708c47cdcfc1e79e7a1647e72a7ae6d4255dce3b250d661001340c09"",""firm_route_basis"":""原记录firm_raw""}]",0,按来源/日期/配置版本分别答复；同型号合并附件不等于同配置或逐车资格认证
东风柳州汽车有限公司,LZ7006SLAEV,0,0,0,0,1,2208试验口径,"[{""purpose_scope"":""2208试验口径"",""source_record_ids"":""old-34-Word97--0-38"",""source_observation_date_upper"":""2020-08-24"",""source_file"":""原件/免征目录/mf_batch34.doc"",""source_sha256"":""d5c5bb03cc5fe0f16b284048e265ad35d62c12c0416f14aef0ce026a229aa831"",""firm_route_basis"":""原记录firm_raw""}]",0,按来源/日期/配置版本分别答复；同型号合并附件不等于同配置或逐车资格认证
东风柳州汽车有限公司,LZ7007SLAEV,0,0,0,0,1,2208试验口径,"[{""purpose_scope"":""2208试验口径"",""source_record_ids"":""old-35-Word97--0-13"",""source_observation_date_upper"":""2020-09-21"",""source_file"":""原件/免征目录/mf_batch35.wps"",""source_sha256"":""e4a6abd0e50daa81d029f8b37584511354700e855dc89de210fcba782b0643f0"",""firm_route_basis"":""原记录firm_raw""}]",0,按来源/日期/配置版本分别答复；同型号合并附件不等于同配置或逐车资格认证
东风柳州汽车有限公司,LZ7008SLAEV,0,0,0,1,1,92逐车资格;2208试验口径,"[{""purpose_scope"":""92逐车资格"",""source_record_ids"":""new-05-cell-4580;new-06-cell-5161"",""source_observation_date_upper"":""2024-05-20"",""source_file"":""原件/减免目录/cat_batch5.doc"",""source_sha256"":""be8c8373f926e8b033304f06a62d92b0f0fc066accc6841864c3fd414bc506ab"",""firm_route_basis"":""原记录firm_raw""},{""purpose_scope"":""2208试验口径"",""source_record_ids"":""old-39-Word97--0-10"",""source_observation_date_upper"":""2021-01-29"",""source_file"":""原件/免征目录/mf_batch39.doc"",""source_sha256"":""48158862f567d71b07ac0a7a60c2c3bc6d2bb44dd5a86290b0b809d757a9eb07"",""firm_route_basis"":""原记录firm_raw""}]",0,按来源/日期/配置版本分别答复；同型号合并附件不等于同配置或逐车资格认证
东风柳州汽车有限公司,LZ7009SLAEV,0,0,0,0,1,2208试验口径,"[{""purpose_scope"":""2208试验口径"",""source_record_ids"":""old-44-Word97--0-15"",""source_observation_date_upper"":""2021-07-12"",""source_file"":""原件/免征目录/mf_batch44.doc"",""source_sha256"":""aea30846204f4e55c0d969450f1619e1649eb27f471d5b0a2636d0da77eb0611"",""firm_route_basis"":""原记录firm_raw""}]",0,按来源/日期/配置版本分别答复；同型号合并附件不等于同配置或逐车资格认证
东风汽车公司,DFA7000F1A1BEV,0,0,0,0,1,2208试验口径,"[{""purpose_scope"":""2208试验口径"",""source_record_ids"":""old-15-PDF-grid-1-0-10"",""source_observation_date_upper"":""2017-12-19"",""source_file"":""原件/免征目录/mf_batch15.pdf"",""source_sha256"":""bbb3b1e38c535c13d6ef1bc1f4105509476c91a7e63723dc7a70e372904d90f4"",""firm_route_basis"":""原记录firm_raw""}]",0,按来源/日期/配置版本分别答复；同型号合并附件不等于同配置或逐车资格认证
东风汽车公司,DFA7000G1F2BEV,0,0,0,0,1,2208试验口径,"[{""purpose_scope"":""2208试验口径"",""source_record_ids"":""old-10-PDF-grid-1-0-19"",""source_observation_date_upper"":""2017-04-27"",""source_file"":""原件/免征目录/mf_batch10.pdf"",""source_sha256"":""ac1b1ad2605b4f24762fb1f01cea64b685393577d01648618fa1882bb5700ac3"",""firm_route_basis"":""原件企业合并格/上下文候选；非登记实体认证""}]",0,按来源/日期/配置版本分别答复；同型号合并附件不等于同配置或逐车资格认证
东风汽车公司,DFA7000G1F3BEV,0,0,0,0,1,2208试验口径,"[{""purpose_scope"":""2208试验口径"",""source_record_ids"":""old-10-PDF-grid-1-0-18"",""source_observation_date_upper"":""2017-04-27"",""source_file"":""原件/免征目录/mf_batch10.pdf"",""source_sha256"":""ac1b1ad2605b4f24762fb1f01cea64b685393577d01648618fa1882bb5700ac3"",""firm_route_basis"":""原件企业合并格/上下文候选；非登记实体认证""}]",0,按来源/日期/配置版本分别答复；同型号合并附件不等于同配置或逐车资格认证
东风汽车公司,DFA7000G1F4BEV,0,0,0,0,1,2208试验口径,"[{""purpose_scope"":""2208试验口径"",""source_record_ids"":""old-12-PDF-grid-1-0-10"",""source_observation_date_upper"":""2017-09-05"",""source_file"":""原件/免征目录/mf_batch12.pdf"",""source_sha256"":""afbd7133ccf901dbdc065b2ff80768450dc901def8d216cf5bb87baa98f7a1e2"",""firm_route_basis"":""原件企业合并格/上下文候选；非登记实体认证""}]",0,按来源/日期/配置版本分别答复；同型号合并附件不等于同配置或逐车资格认证
东风汽车公司,DFA7000L2ABEV,0,0,0,0,1,2208试验口径,"[{""purpose_scope"":""2208试验口径"",""source_record_ids"":""old-07-PDF-grid-1-0-4"",""source_observation_date_upper"":""2016-04-15"",""source_file"":""原件/免征目录/mf_batch07.pdf"",""source_sha256"":""ad8e7f0576c7261a718e5a561358462b598d617361c6f02d7a14fb2038b758b0"",""firm_route_basis"":""原记录firm_raw""}]",0,按来源/日期/配置版本分别答复；同型号合并附件不等于同配置或逐车资格认证
东风汽车公司,DFA7000L2ABEV1,0,0,0,0,1,2208试验口径,"[{""purpose_scope"":""2208试验口径"",""source_record_ids"":""old-07-PDF-grid-1-0-5"",""source_observation_date_upper"":""2016-04-15"",""source_file"":""原件/免征目录/mf_batch07.pdf"",""source_sha256"":""ad8e7f0576c7261a718e5a561358462b598d617361c6f02d7a14fb2038b758b0"",""firm_route_basis"":""原件企业合并格/上下文候选；非登记实体认证""}]",0,按来源/日期/配置版本分别答复；同型号合并附件不等于同配置或逐车资格认证
东风汽车公司,DFA7000L2ABEV2,0,0,0,0,1,2208试验口径,"[{""purpose_scope"":""2208试验口径"",""source_record_ids"":""old-07-PDF-grid-1-0-6"",""source_observation_date_upper"":""2016-04-15"",""source_file"":""原件/免征目录/mf_batch07.pdf"",""source_sha256"":""ad8e7f0576c7261a718e5a561358462b598d617361c6f02d7a14fb2038b758b0"",""firm_route_basis"":""原件企业合并格/上下文候选；非登记实体认证""}]",0,按来源/日期/配置版本分别答复；同型号合并附件不等于同配置或逐车资格认证
东风汽车公司,DFA7000L2ABEV3,0,0,0,0,1,2208试验口径,"[{""purpose_scope"":""2208试验口径"",""source_record_ids"":""old-10-PDF-grid-1-0-21"",""source_observation_date_upper"":""2017-04-27"",""source_file"":""原件/免征目录/mf_batch10.pdf"",""source_sha256"":""ac1b1ad2605b4f24762fb1f01cea64b685393577d01648618fa1882bb5700ac3"",""firm_route_basis"":""原件企业合并格/上下文候选；非登记实体认证""}]",0,按来源/日期/配置版本分别答复；同型号合并附件不等于同配置或逐车资格认证
东风汽车公司,DFM7000G1ABEV,0,0,0,0,1,2208试验口径,"[{""purpose_scope"":""2208试验口径"",""source_record_ids"":""old-05-PDF-grid-1-0-5"",""source_observation_date_upper"":""2015-09-11"",""source_file"":""原件/免征目录/mf_batch05.pdf"",""source_sha256"":""658aa5fbf13859a9bbe1db6235da2f7e79fc325cc34e4c0ec1ffab7f8cc2ebca"",""firm_route_basis"":""原记录firm_raw""}]",0,按来源/日期/配置版本分别答复；同型号合并附件不等于同配置或逐车资格认证
东风汽车公司,DFM7000G1ABEV1,0,0,0,0,1,2208试验口径,"[{""purpose_scope"":""2208试验口径"",""source_record_ids"":""old-10-PDF-grid-1-0-20"",""source_observation_date_upper"":""2017-04-27"",""source_file"":""原件/免征目录/mf_batch10.pdf"",""source_sha256"":""ac1b1ad2605b4f24762fb1f01cea64b685393577d01648618fa1882bb5700ac3"",""firm_route_basis"":""原件企业合并格/上下文候选；非登记实体认证""}]",0,按来源/日期/配置版本分别答复；同型号合并附件不等于同配置或逐车资格认证
东风汽车公司,DFM7000G1BBEV,0,0,0,0,1,2208试验口径,"[{""purpose_scope"":""2208试验口径"",""source_record_ids"":""old-10-PDF-grid-1-0-17"",""source_observation_date_upper"":""2017-04-27"",""source_file"":""原件/免征目录/mf_batch10.pdf"",""source_sha256"":""ac1b1ad2605b4f24762fb1f01cea64b685393577d01648618fa1882bb5700ac3"",""firm_route_basis"":""原件企业合并格/上下文候选；非登记实体认证""}]",0,按来源/日期/配置版本分别答复；同型号合并附件不等于同配置或逐车资格认证
东风汽车公司,DFM7000G1F2BEV,0,0,0,0,1,2208试验口径,"[{""purpose_scope"":""2208试验口径"",""source_record_ids"":""old-12-PDF-grid-1-0-9"",""source_observation_date_upper"":""2017-09-05"",""source_file"":""原件/免征目录/mf_batch12.pdf"",""source_sha256"":""afbd7133ccf901dbdc065b2ff80768450dc901def8d216cf5bb87baa98f7a1e2"",""firm_route_basis"":""原件企业合并格/上下文候选；非登记实体认证""}]",0,按来源/日期/配置版本分别答复；同型号合并附件不等于同配置或逐车资格认证
东风汽车公司,DFM7000G1F3BEV,0,0,0,0,1,2208试验口径,"[{""purpose_scope"":""2208试验口径"",""source_record_ids"":""old-12-PDF-grid-1-0-8"",""source_observation_date_upper"":""2017-09-05"",""source_file"":""原件/免征目录/mf_batch12.pdf"",""source_sha256"":""afbd7133ccf901dbdc065b2ff80768450dc901def8d216cf5bb87baa98f7a1e2"",""firm_route_basis"":""原件企业合并格/上下文候选；非登记实体认证""}]",0,按来源/日期/配置版本分别答复；同型号合并附件不等于同配置或逐车资格认证
东风汽车公司,DFM7000H2ABEV,0,0,0,0,1,2208试验口径,"[{""purpose_scope"":""2208试验口径"",""source_record_ids"":""old-02-PDF-grid-1-0-11"",""source_observation_date_upper"":""2014-10-29"",""source_file"":""原件/免征目录/mf_batch02.pdf"",""source_sha256"":""0b13b4fd2de6c4de3ab0f8add88bb8d24354d05ca6af46904fe1065c53c9c519"",""firm_route_basis"":""原记录firm_raw""}]",0,按来源/日期/配置版本分别答复；同型号合并附件不等于同配置或逐车资格认证
东风汽车公司,DFM7000H2ABEV1,0,0,0,0,1,2208试验口径,"[{""purpose_scope"":""2208试验口径"",""source_record_ids"":""old-07-PDF-grid-1-0-7"",""source_observation_date_upper"":""2016-04-15"",""source_file"":""原件/免征目录/mf_batch07.pdf"",""source_sha256"":""ad8e7f0576c7261a718e5a561358462b598d617361c6f02d7a14fb2038b758b0"",""firm_route_basis"":""原件企业合并格/上下文候选；非登记实体认证""}]",0,按来源/日期/配置版本分别答复；同型号合并附件不等于同配置或逐车资格认证
东风汽车公司,DFM7000H2DBEV,0,0,0,0,1,2208试验口径,"[{""purpose_scope"":""2208试验口径"",""source_record_ids"":""old-02-PDF-grid-1-0-14"",""source_observation_date_upper"":""2014-10-29"",""source_file"":""原件/免征目录/mf_batch02.pdf"",""source_sha256"":""0b13b4fd2de6c4de3ab0f8add88bb8d24354d05ca6af46904fe1065c53c9c519"",""firm_route_basis"":""原件企业合并格/上下文候选；非登记实体认证""}]",0,按来源/日期/配置版本分别答复；同型号合并附件不等于同配置或逐车资格认证
东风汽车公司,DFM7000H2DBEV1,0,0,0,0,1,2208试验口径,"[{""purpose_scope"":""2208试验口径"",""source_record_ids"":""old-06-PDF-grid-1-0-5"",""source_observation_date_upper"":""2015-11-25"",""source_file"":""原件/免征目录/mf_batch06.pdf"",""source_sha256"":""df226dc3953484911afdd265072593abc08c9f66d52a1df7492e215ce15c9b54"",""firm_route_basis"":""原记录firm_raw""}]",0,按来源/日期/配置版本分别答复；同型号合并附件不等于同配置或逐车资格认证
东风汽车公司,EQ6510LM5F1BEV,0,0,0,0,1,2208试验口径,"[{""purpose_scope"":""2208试验口径"",""source_record_ids"":""old-13-PDF-grid-1-0-9"",""source_observation_date_upper"":""2017-10-30"",""source_file"":""原件/免征目录/mf_batch13.pdf"",""source_sha256"":""e82c4f41c448edbb5269c95f2ff35d0c577f7ff0d12ff30b2d4c307a1aa31a6b"",""firm_route_basis"":""原记录firm_raw""}]",0,按来源/日期/配置版本分别答复；同型号合并附件不等于同配置或逐车资格认证
东风汽车公司,EQ7000LS1F1BEV,0,0,0,0,1,2208试验口径,"[{""purpose_scope"":""2208试验口径"",""source_record_ids"":""old-13-PDF-grid-1-0-10"",""source_observation_date_upper"":""2017-10-30"",""source_file"":""原件/免征目录/mf_batch13.pdf"",""source_sha256"":""e82c4f41c448edbb5269c95f2ff35d0c577f7ff0d12ff30b2d4c307a1aa31a6b"",""firm_route_basis"":""原件企业合并格/上下文候选；非登记实体认证""}]",0,按来源/日期/配置版本分别答复；同型号合并附件不等于同配置或逐车资格认证
东风汽车有限公司,DFL6460NAU1BEV,0,0,0,0,1,2208试验口径,"[{""purpose_scope"":""2208试验口径"",""source_record_ids"":""old-54-Word97--0-36"",""source_observation_date_upper"":""2022-05-12"",""source_file"":""原件/免征目录/mf_batch54.doc"",""source_sha256"":""e4ce106fc0fb21bc61cac40ff0de97e60dff2d18b5b7d24c494bb74873312fd7"",""firm_route_basis"":""原件企业合并格/上下文候选；非登记实体认证""}]",0,按来源/日期/配置版本分别答复；同型号合并附件不等于同配置或逐车资格认证
东风汽车有限公司,DFL6460NAU2BEV,0,0,0,0,1,2208试验口径,"[{""purpose_scope"":""2208试验口径"",""source_record_ids"":""old-54-Word97--0-35"",""source_observation_date_upper"":""2022-05-12"",""source_file"":""原件/免征目录/mf_batch54.doc"",""source_sha256"":""e4ce106fc0fb21bc61cac40ff0de97e60dff2d18b5b7d24c494bb74873312fd7"",""firm_route_basis"":""原件企业合并格/上下文候选；非登记实体认证""}]",0,按来源/日期/配置版本分别答复；同型号合并附件不等于同配置或逐车资格认证
东风汽车有限公司,DFL6460NAU3BEV,0,0,0,0,1,2208试验口径,"[{""purpose_scope"":""2208试验口径"",""source_record_ids"":""old-58-Word97--0-9"",""source_observation_date_upper"":""2022-09-16"",""source_file"":""原件/免征目录/mf_batch58.doc"",""source_sha256"":""b642358bb3078d2dde909a798935c0c1fc75d90f22b33f7c48aa87209acc100d"",""firm_route_basis"":""原件企业合并格/上下文候选；非登记实体认证""}]",0,按来源/日期/配置版本分别答复；同型号合并附件不等于同配置或逐车资格认证
东风汽车有限公司,DFL6460NAU4BEV,0,0,0,0,1,2208试验口径,"[{""purpose_scope"":""2208试验口径"",""source_record_ids"":""old-60-Word97--0-20"",""source_observation_date_upper"":""2022-11-09"",""source_file"":""原件/免征目录/mf_batch60.doc"",""source_sha256"":""aabd19e9a0955380873798454b18b3bb15c87937dffcbb0ccfab2eae3bf3551b"",""firm_route_basis"":""原件企业合并格/上下文候选；非登记实体认证""}]",0,按来源/日期/配置版本分别答复；同型号合并附件不等于同配置或逐车资格认证
东风汽车有限公司,DFL6460NEU1BEV,0,0,0,0,1,2208试验口径,"[{""purpose_scope"":""2208试验口径"",""source_record_ids"":""old-54-Word97--0-34"",""source_observation_date_upper"":""2022-05-12"",""source_file"":""原件/免征目录/mf_batch54.doc"",""source_sha256"":""e4ce106fc0fb21bc61cac40ff0de97e60dff2d18b5b7d24c494bb74873312fd7"",""firm_route_basis"":""原件企业合并格/上下文候选；非登记实体认证""}]",0,按来源/日期/配置版本分别答复；同型号合并附件不等于同配置或逐车资格认证
东风汽车有限公司,DFL6460NEU2BEV,0,0,0,0,1,2208试验口径,"[{""purpose_scope"":""2208试验口径"",""source_record_ids"":""old-54-Word97--0-33"",""source_observation_date_upper"":""2022-05-12"",""source_file"":""原件/免征目录/mf_batch54.doc"",""source_sha256"":""e4ce106fc0fb21bc61cac40ff0de97e60dff2d18b5b7d24c494bb74873312fd7"",""firm_route_basis"":""原记录firm_raw""}]",0,按来源/日期/配置版本分别答复；同型号合并附件不等于同配置或逐车资格认证
东风汽车有限公司,DFL6470NA51BEV,0,0,0,0,1,2208试验口径,"[{""purpose_scope"":""2208试验口径"",""source_record_ids"":""old-68-Word97--0-2"",""source_observation_date_upper"":""2023-08-16"",""source_file"":""原件/免征目录/mf_batch68.doc"",""source_sha256"":""58113d08377020d08de0aeb0e08ff63c4a4411dbe35ad69cfdd6f82fdf0fcc77"",""firm_route_basis"":""原记录firm_raw""}]",0,按来源/日期/配置版本分别答复；同型号合并附件不等于同配置或逐车资格认证
东风汽车有限公司,DFL6470NA52BEV,0,0,0,0,1,2208试验口径,"[{""purpose_scope"":""2208试验口径"",""source_record_ids"":""old-71-Word97--0-14"",""source_observation_date_upper"":""2023-11-20"",""source_file"":""原件/免征目录/mf_batch71.doc"",""source_sha256"":""b37b78b64b8ef7e12e6e95d6fd27a4a6e364c0c83ba403ffcf3bca82c60e3460"",""firm_route_basis"":""原记录firm_raw""}]",0,按来源/日期/配置版本分别答复；同型号合并附件不等于同配置或逐车资格认证
东风汽车有限公司,DFL7000B2BEV,0,0,0,0,1,2208试验口径,"[{""purpose_scope"":""2208试验口径"",""source_record_ids"":""old-01-PDF-grid-1-0-9"",""source_observation_date_upper"":""2014-08-27"",""source_file"":""原件/免征目录/mf_batch01.pdf"",""source_sha256"":""eac13628c37f01c4da157a2d1916d97acc81fdc295f18e1783549075ce7e5aa7"",""firm_route_basis"":""原记录firm_raw""}]",0,按来源/日期/配置版本分别答复；同型号合并附件不等于同配置或逐车资格认证
东风汽车有限公司,DFL7000NA62BEV,0,0,0,0,1,2208试验口径,"[{""purpose_scope"":""2208试验口径"",""source_record_ids"":""old-24-Word97--2-14"",""source_observation_date_upper"":""2019-04-30"",""source_file"":""原件/免征目录/mf_batch24.wps"",""source_sha256"":""07775a0cb063fe0fce5880b9378dd1eb2522b725d645cabdee314d604779939d"",""firm_route_basis"":""原记录firm_raw""}]",0,按来源/日期/配置版本分别答复；同型号合并附件不等于同配置或逐车资格认证
东风汽车有限公司,DFL7000NA63BEV,0,0,0,0,1,2208试验口径,"[{""purpose_scope"":""2208试验口径"",""source_record_ids"":""old-31-Word97--0-2"",""source_observation_date_upper"":""2020-04-24"",""source_file"":""原件/免征目录/mf_batch31.doc"",""source_sha256"":""e1ccec4a87ab96ca346e5756d6b14369eb9727ec2c2cfd03c1182a592ddd3bee"",""firm_route_basis"":""原记录firm_raw""}]",0,按来源/日期/配置版本分别答复；同型号合并附件不等于同配置或逐车资格认证
东风汽车有限公司,DFL7000NA64SEV,0,0,0,1,1,92逐车资格;2208试验口径,"[{""purpose_scope"":""92逐车资格"",""source_record_ids"":""new-05-cell-4481;new-06-cell-5053"",""source_observation_date_upper"":""2024-05-20"",""source_file"":""原件/减免目录/cat_batch5.doc"",""source_sha256"":""be8c8373f926e8b033304f06a62d92b0f0fc066accc6841864c3fd414bc506ab"",""firm_route_basis"":""原记录firm_raw""},{""purpose_scope"":""2208试验口径"",""source_record_ids"":""old-46-Word97--0-17"",""source_observation_date_upper"":""2021-09-10"",""source_file"":""原件/免征目录/mf_batch46.doc"",""source_sha256"":""a4b2048b3d5c29a8969f0348e9fd19a3293f0c23e6f37a48bf42a2ed70c7d37d"",""firm_route_basis"":""原件企业合并格/上下文候选；非登记实体认证""}]",0,按来源/日期/配置版本分别答复；同型号合并附件不等于同配置或逐车资格认证
东风汽车有限公司,DFL7000NA65BEV,0,0,0,0,1,2208试验口径,"[{""purpose_scope"":""2208试验口径"",""source_record_ids"":""old-46-Word97--0-16"",""source_observation_date_upper"":""2021-09-10"",""source_file"":""原件/免征目录/mf_batch46.doc"",""source_sha256"":""a4b2048b3d5c29a8969f0348e9fd19a3293f0c23e6f37a48bf42a2ed70c7d37d"",""firm_route_basis"":""原记录firm_raw""}]",0,按来源/日期/配置版本分别答复；同型号合并附件不等于同配置或逐车资格认证
东风汽车有限公司,DFL7000NA67BEV,0,0,0,0,1,2208试验口径,"[{""purpose_scope"":""2208试验口径"",""source_record_ids"":""old-56-Word97--0-24"",""source_observation_date_upper"":""2022-07-08"",""source_file"":""原件/免征目录/mf_batch56.doc"",""source_sha256"":""cbffdc0819640e8f18c11a2a277b26b2e043c81406533457ff225f4df1c6c068"",""firm_route_basis"":""原记录firm_raw""}]",0,按来源/日期/配置版本分别答复；同型号合并附件不等于同配置或逐车资格认证
东风汽车有限公司,DFL7000NA68BEV,0,0,0,0,1,2208试验口径,"[{""purpose_scope"":""2208试验口径"",""source_record_ids"":""old-60-Word97--0-19"",""source_observation_date_upper"":""2022-11-09"",""source_file"":""原件/免征目录/mf_batch60.doc"",""source_sha256"":""aabd19e9a0955380873798454b18b3bb15c87937dffcbb0ccfab2eae3bf3551b"",""firm_route_basis"":""原件企业合并格/上下文候选；非登记实体认证""}]",0,按来源/日期/配置版本分别答复；同型号合并附件不等于同配置或逐车资格认证
东风汽车有限公司,DFL7000NA69BEV,0,0,0,0,1,2208试验口径,"[{""purpose_scope"":""2208试验口径"",""source_record_ids"":""old-58-Word97--0-8"",""source_observation_date_upper"":""2022-09-16"",""source_file"":""原件/免征目录/mf_batch58.doc"",""source_sha256"":""b642358bb3078d2dde909a798935c0c1fc75d90f22b33f7c48aa87209acc100d"",""firm_route_basis"":""原记录firm_raw""}]",0,按来源/日期/配置版本分别答复；同型号合并附件不等于同配置或逐车资格认证
东风汽车有限公司,DFL7000NA81BEV,0,0,0,0,1,2208试验口径,"[{""purpose_scope"":""2208试验口径"",""source_record_ids"":""old-27-Word97--0-5"",""source_observation_date_upper"":""2019-10-25"",""source_file"":""原件/免征目录/mf_batch27.doc"",""source_sha256"":""2bd67cf7e1efc03ae93942d0d340ffef87478709520383b6ee4d08baf843ead1"",""firm_route_basis"":""原记录firm_raw""}]",0,按来源/日期/配置版本分别答复；同型号合并附件不等于同配置或逐车资格认证
东风汽车有限公司,DFL7000NAH1BEV,0,0,0,0,1,2208试验口径,"[{""purpose_scope"":""2208试验口径"",""source_record_ids"":""old-18-Word97--0-6"",""source_observation_date_upper"":""2018-06-19"",""source_file"":""原件/免征目录/mf_batch18.doc"",""source_sha256"":""43f5426f7f80996ee11a894710d7229c743abf7ad69ba239f61075e0a9ddd37a"",""firm_route_basis"":""原记录firm_raw""}]",0,按来源/日期/配置版本分别答复；同型号合并附件不等于同配置或逐车资格认证
东风汽车有限公司,DFL7000NAH2BEV,0,0,0,0,1,2208试验口径,"[{""purpose_scope"":""2208试验口径"",""source_record_ids"":""old-23-Word97--0-13"",""source_observation_date_upper"":""2019-03-13"",""source_file"":""原件/免征目录/mf_batch23.docx"",""source_sha256"":""87f838de0da3ba5887f77b2bf5c1dbf5b427e7cef896309a7084c11dd8f5efa0"",""firm_route_basis"":""原记录firm_raw""}]",0,按来源/日期/配置版本分别答复；同型号合并附件不等于同配置或逐车资格认证
东风汽车有限公司,DFL7001NA61BEV,0,0,0,0,1,2208试验口径,"[{""purpose_scope"":""2208试验口径"",""source_record_ids"":""old-60-Word97--0-18"",""source_observation_date_upper"":""2022-11-09"",""source_file"":""原件/免征目录/mf_batch60.doc"",""source_sha256"":""aabd19e9a0955380873798454b18b3bb15c87937dffcbb0ccfab2eae3bf3551b"",""firm_route_basis"":""原件企业合并格/上下文候选；非登记实体认证""}]",0,按来源/日期/配置版本分别答复；同型号合并附件不等于同配置或逐车资格认证
东风汽车有限公司,DFL7001NA62BEV,0,0,0,0,1,2208试验口径,"[{""purpose_scope"":""2208试验口径"",""source_record_ids"":""old-60-Word97--0-17"",""source_observation_date_upper"":""2022-11-09"",""source_file"":""原件/免征目录/mf_batch60.doc"",""source_sha256"":""aabd19e9a0955380873798454b18b3bb15c87937dffcbb0ccfab2eae3bf3551b"",""firm_route_basis"":""原记录firm_raw""}]",0,按来源/日期/配置版本分别答复；同型号合并附件不等于同配置或逐车资格认证
东风汽车有限公司,DFL7001NAZ1SEV,0,0,0,0,1,2208试验口径,"[{""purpose_scope"":""2208试验口径"",""source_record_ids"":""old-41-Word97--0-12"",""source_observation_date_upper"":""2021-03-31"",""source_file"":""原件/免征目录/mf_batch41.doc"",""source_sha256"":""ba4634c0877ebf99f8e462013e4a07e40f57478a4aaf921801a6c85a49c42b7f"",""firm_route_basis"":""原记录firm_raw""}]",0,按来源/日期/配置版本分别答复；同型号合并附件不等于同配置或逐车资格认证
东风汽车有限公司,DFL7001NNY1BEV,0,0,0,0,1,2208试验口径,"[{""purpose_scope"":""2208试验口径"",""source_record_ids"":""old-46-Word97--0-18"",""source_observation_date_upper"":""2021-09-10"",""source_file"":""原件/免征目录/mf_batch46.doc"",""source_sha256"":""a4b2048b3d5c29a8969f0348e9fd19a3293f0c23e6f37a48bf42a2ed70c7d37d"",""firm_route_basis"":""原件企业合并格/上下文候选；非登记实体认证""}]",0,按来源/日期/配置版本分别答复；同型号合并附件不等于同配置或逐车资格认证
东风汽车有限公司,DFL7001NNY2BEV,0,0,0,0,1,2208试验口径,"[{""purpose_scope"":""2208试验口径"",""source_record_ids"":""old-46-Word97--0-21"",""source_observation_date_upper"":""2021-09-10"",""source_file"":""原件/免征目录/mf_batch46.doc"",""source_sha256"":""a4b2048b3d5c29a8969f0348e9fd19a3293f0c23e6f37a48bf42a2ed70c7d37d"",""firm_route_basis"":""原件企业合并格/上下文候选；非登记实体认证""}]",0,按来源/日期/配置版本分别答复；同型号合并附件不等于同配置或逐车资格认证
东风汽车有限公司,DFL7001NNY3BEV,0,0,0,0,1,2208试验口径,"[{""purpose_scope"":""2208试验口径"",""source_record_ids"":""old-46-Word97--0-20"",""source_observation_date_upper"":""2021-09-10"",""source_file"":""原件/免征目录/mf_batch46.doc"",""source_sha256"":""a4b2048b3d5c29a8969f0348e9fd19a3293f0c23e6f37a48bf42a2ed70c7d37d"",""firm_route_basis"":""原件企业合并格/上下文候选；非登记实体认证""}]",0,按来源/日期/配置版本分别答复；同型号合并附件不等于同配置或逐车资格认证
东风汽车有限公司,DFL7001NNY4BEV,0,0,0,0,1,2208试验口径,"[{""purpose_scope"":""2208试验口径"",""source_record_ids"":""old-46-Word97--0-19"",""source_observation_date_upper"":""2021-09-10"",""source_file"":""原件/免征目录/mf_batch46.doc"",""source_sha256"":""a4b2048b3d5c29a8969f0348e9fd19a3293f0c23e6f37a48bf42a2ed70c7d37d"",""firm_route_basis"":""原件企业合并格/上下文候选；非登记实体认证""}]",0,按来源/日期/配置版本分别答复；同型号合并附件不等于同配置或逐车资格认证
东风汽车集团有限公司,DFA7000A1F2BEV,0,0,0,0,1,2208试验口径,"[{""purpose_scope"":""2208试验口径"",""source_record_ids"":""old-17-PDF-grid-1-0-12"",""source_observation_date_upper"":""2018-04-16"",""source_file"":""原件/免征目录/mf_batch17.pdf"",""source_sha256"":""577a4ba9c586fe08565f6a60e6de5474698031566d8dcef484cd44335879e334"",""firm_route_basis"":""原件企业合并格/上下文候选；非登记实体认证""}]",0,按来源/日期/配置版本分别答复；同型号合并附件不等于同配置或逐车资格认证
东风汽车集团有限公司,DFA7000A1F4BEV,0,0,0,0,1,2208试验口径,"[{""purpose_scope"":""2208试验口径"",""source_record_ids"":""old-20-DOCX--0-10"",""source_observation_date_upper"":""2018-09-19"",""source_file"":""原件/免征目录/mf_batch20.docx"",""source_sha256"":""374d3f87551d75d1c163e76abb38f350ea93f8a2b8cad6174568c307d1cc0130"",""firm_route_basis"":""原记录firm_raw""}]",0,按来源/日期/配置版本分别答复；同型号合并附件不等于同配置或逐车资格认证
东风汽车集团有限公司,DFA7000A1F5BEV,0,0,0,0,1,2208试验口径,"[{""purpose_scope"":""2208试验口径"",""source_record_ids"":""old-19-DOCX--0-15"",""source_observation_date_upper"":""2018-07-31"",""source_file"":""原件/免征目录/mf_batch19.docx"",""source_sha256"":""fafd1558aa0f21067847c19bdd0a95c79b919737be7b07b87c4538107fb2b8e3"",""firm_route_basis"":""原记录firm_raw""}]",0,按来源/日期/配置版本分别答复；同型号合并附件不等于同配置或逐车资格认证
东风汽车集团有限公司,DFA7000A1F6BEV,0,0,0,0,1,2208试验口径,"[{""purpose_scope"":""2208试验口径"",""source_record_ids"":""old-19-DOCX--0-16"",""source_observation_date_upper"":""2018-07-31"",""source_file"":""原件/免征目录/mf_batch19.docx"",""source_sha256"":""fafd1558aa0f21067847c19bdd0a95c79b919737be7b07b87c4538107fb2b8e3"",""firm_route_basis"":""原件企业合并格/上下文候选；非登记实体认证""}]",0,按来源/日期/配置版本分别答复；同型号合并附件不等于同配置或逐车资格认证
东风汽车集团有限公司,DFA7000A1F7BEV,0,0,0,0,1,2208试验口径,"[{""purpose_scope"":""2208试验口径"",""source_record_ids"":""old-20-DOCX--0-11"",""source_observation_date_upper"":""2018-09-19"",""source_file"":""原件/免征目录/mf_batch20.docx"",""source_sha256"":""374d3f87551d75d1c163e76abb38f350ea93f8a2b8cad6174568c307d1cc0130"",""firm_route_basis"":""原件企业合并格/上下文候选；非登记实体认证""}]",0,按来源/日期/配置版本分别答复；同型号合并附件不等于同配置或逐车资格认证
东风汽车集团有限公司,DFA7000A1F8BEV,0,0,0,0,1,2208试验口径,"[{""purpose_scope"":""2208试验口径"",""source_record_ids"":""old-23-Word97--0-11"",""source_observation_date_upper"":""2019-03-13"",""source_file"":""原件/免征目录/mf_batch23.docx"",""source_sha256"":""87f838de0da3ba5887f77b2bf5c1dbf5b427e7cef896309a7084c11dd8f5efa0"",""firm_route_basis"":""原记录firm_raw""}]",0,按来源/日期/配置版本分别答复；同型号合并附件不等于同配置或逐车资格认证
东风汽车集团有限公司,DFA7000A1FABEV,0,0,0,0,1,2208试验口径,"[{""purpose_scope"":""2208试验口径"",""source_record_ids"":""old-24-Word97--2-15"",""source_observation_date_upper"":""2019-04-30"",""source_file"":""原件/免征目录/mf_batch24.wps"",""source_sha256"":""07775a0cb063fe0fce5880b9378dd1eb2522b725d645cabdee314d604779939d"",""firm_route_basis"":""原记录firm_raw""}]",0,按来源/日期/配置版本分别答复；同型号合并附件不等于同配置或逐车资格认证
东风汽车集团有限公司,DFA7000A1FDBEV,0,0,0,0,1,2208试验口径,"[{""purpose_scope"":""2208试验口径"",""source_record_ids"":""old-25-Word97--0-60"",""source_observation_date_upper"":""2019-06-12"",""source_file"":""原件/免征目录/mf_batch25.wps"",""source_sha256"":""9d2abe319463522513fe9c90f98bb8d0a825b599267d0b3cc403cec9624b3297"",""firm_route_basis"":""原件企业合并格/上下文候选；非登记实体认证""}]",0,按来源/日期/配置版本分别答复；同型号合并附件不等于同配置或逐车资格认证
东风汽车集团有限公司,DFA7000A1FESEV,0,0,0,0,1,2208试验口径,"[{""purpose_scope"":""2208试验口径"",""source_record_ids"":""old-45-Word97--0-7"",""source_observation_date_upper"":""2021-08-10"",""source_file"":""原件/免征目录/mf_batch45.doc"",""source_sha256"":""56f5e7c5fd36e990024f8121006a76da260361f4e4660846e78255d007126f7a"",""firm_route_basis"":""原记录firm_raw""}]",0,按来源/日期/配置版本分别答复；同型号合并附件不等于同配置或逐车资格认证
东风汽车集团有限公司,DFA7000C1A1BEV,0,0,0,0,1,2208试验口径,"[{""purpose_scope"":""2208试验口径"",""source_record_ids"":""old-20-DOCX--0-12"",""source_observation_date_upper"":""2018-09-19"",""source_file"":""原件/免征目录/mf_batch20.docx"",""source_sha256"":""374d3f87551d75d1c163e76abb38f350ea93f8a2b8cad6174568c307d1cc0130"",""firm_route_basis"":""原件企业合并格/上下文候选；非登记实体认证""}]",0,按来源/日期/配置版本分别答复；同型号合并附件不等于同配置或逐车资格认证
东风汽车集团有限公司,DFA7000C1A2BEV,0,0,0,0,1,2208试验口径,"[{""purpose_scope"":""2208试验口径"",""source_record_ids"":""old-26-DOCX--0-36"",""source_observation_date_upper"":""2019-08-30"",""source_file"":""原件/免征目录/mf_batch26.docx"",""source_sha256"":""de0890335ef3a4f1302a8a0735ec8b6aed52e994e2635db481820060d62248b5"",""firm_route_basis"":""原记录firm_raw""}]",0,按来源/日期/配置版本分别答复；同型号合并附件不等于同配置或逐车资格认证
东风汽车集团有限公司,DFA7000C1A3BEV,0,0,0,0,1,2208试验口径,"[{""purpose_scope"":""2208试验口径"",""source_record_ids"":""old-26-DOCX--0-37"",""source_observation_date_upper"":""2019-08-30"",""source_file"":""原件/免征目录/mf_batch26.docx"",""source_sha256"":""de0890335ef3a4f1302a8a0735ec8b6aed52e994e2635db481820060d62248b5"",""firm_route_basis"":""原件企业合并格/上下文候选；非登记实体认证""}]",0,按来源/日期/配置版本分别答复；同型号合并附件不等于同配置或逐车资格认证
东风汽车集团有限公司,DFA7000C1A4BEV,0,0,0,0,1,2208试验口径,"[{""purpose_scope"":""2208试验口径"",""source_record_ids"":""old-27-Word97--0-6"",""source_observation_date_upper"":""2019-10-25"",""source_file"":""原件/免征目录/mf_batch27.doc"",""source_sha256"":""2bd67cf7e1efc03ae93942d0d340ffef87478709520383b6ee4d08baf843ead1"",""firm_route_basis"":""原记录firm_raw""}]",0,按来源/日期/配置版本分别答复；同型号合并附件不等于同配置或逐车资格认证
东风汽车集团有限公司,DFA7000C1A5BEV,0,0,0,0,1,2208试验口径,"[{""purpose_scope"":""2208试验口径"",""source_record_ids"":""old-27-Word97--0-7"",""source_observation_date_upper"":""2019-10-25"",""source_file"":""原件/免征目录/mf_batch27.doc"",""source_sha256"":""2bd67cf7e1efc03ae93942d0d340ffef87478709520383b6ee4d08baf843ead1"",""firm_route_basis"":""原件企业合并格/上下文候选；非登记实体认证""}]",0,按来源/日期/配置版本分别答复；同型号合并附件不等于同配置或逐车资格认证
东风汽车集团有限公司,DFA7000C1A6BEV,0,0,0,0,1,2208试验口径,"[{""purpose_scope"":""2208试验口径"",""source_record_ids"":""old-32-Word97--0-4"",""source_observation_date_upper"":""2020-06-02"",""source_file"":""原件/免征目录/mf_batch32.doc"",""source_sha256"":""ad7c65b4831a05b7c70e1e73fe834aa9beed883c66f898e799fcbbeb43cc3d75"",""firm_route_basis"":""原记录firm_raw""}]",0,按来源/日期/配置版本分别答复；同型号合并附件不等于同配置或逐车资格认证
东风汽车集团有限公司,DFA7000C1A7BEV,0,0,0,0,1,2208试验口径,"[{""purpose_scope"":""2208试验口径"",""source_record_ids"":""old-32-Word97--0-5"",""source_observation_date_upper"":""2020-06-02"",""source_file"":""原件/免征目录/mf_batch32.doc"",""source_sha256"":""ad7c65b4831a05b7c70e1e73fe834aa9beed883c66f898e799fcbbeb43cc3d75"",""firm_route_basis"":""原件企业合并格/上下文候选；非登记实体认证""}]",0,按来源/日期/配置版本分别答复；同型号合并附件不等于同配置或逐车资格认证
东风汽车集团有限公司,DFA7000C1A8BEV,0,0,0,0,1,2208试验口径,"[{""purpose_scope"":""2208试验口径"",""source_record_ids"":""old-32-Word97--0-6"",""source_observation_date_upper"":""2020-06-02"",""source_file"":""原件/免征目录/mf_batch32.doc"",""source_sha256"":""ad7c65b4831a05b7c70e1e73fe834aa9beed883c66f898e799fcbbeb43cc3d75"",""firm_route_basis"":""原件企业合并格/上下文候选；非登记实体认证""}]",0,按来源/日期/配置版本分别答复；同型号合并附件不等于同配置或逐车资格认证
东风汽车集团有限公司,DFA7000G1F5BEV,0,0,0,0,1,2208试验口径,"[{""purpose_scope"":""2208试验口径"",""source_record_ids"":""old-17-PDF-grid-1-0-14"",""source_observation_date_upper"":""2018-04-16"",""source_file"":""原件/免征目录/mf_batch17.pdf"",""source_sha256"":""577a4ba9c586fe08565f6a60e6de5474698031566d8dcef484cd44335879e334"",""firm_route_basis"":""原件企业合并格/上下文候选；非登记实体认证""}]",0,按来源/日期/配置版本分别答复；同型号合并附件不等于同配置或逐车资格认证
东风汽车集团有限公司,DFA7000G1F6BEV,0,0,0,0,1,2208试验口径,"[{""purpose_scope"":""2208试验口径"",""source_record_ids"":""old-17-PDF-grid-1-0-15"",""source_observation_date_upper"":""2018-04-16"",""source_file"":""原件/免征目录/mf_batch17.pdf"",""source_sha256"":""577a4ba9c586fe08565f6a60e6de5474698031566d8dcef484cd44335879e334"",""firm_route_basis"":""原件企业合并格/上下文候选；非登记实体认证""}]",0,按来源/日期/配置版本分别答复；同型号合并附件不等于同配置或逐车资格认证
东风汽车集团有限公司,DFA7000G1F7BEV,0,0,0,0,1,2208试验口径,"[{""purpose_scope"":""2208试验口径"",""source_record_ids"":""old-18-Word97--0-5"",""source_observation_date_upper"":""2018-06-19"",""source_file"":""原件/免征目录/mf_batch18.doc"",""source_sha256"":""43f5426f7f80996ee11a894710d7229c743abf7ad69ba239f61075e0a9ddd37a"",""firm_route_basis"":""原件企业合并格/上下文候选；非登记实体认证""}]",0,按来源/日期/配置版本分别答复；同型号合并附件不等于同配置或逐车资格认证
东风汽车集团有限公司,DFA7000L2ABEV4,0,0,0,0,1,2208试验口径,"[{""purpose_scope"":""2208试验口径"",""source_record_ids"":""old-19-DOCX--0-17"",""source_observation_date_upper"":""2018-07-31"",""source_file"":""原件/免征目录/mf_batch19.docx"",""source_sha256"":""fafd1558aa0f21067847c19bdd0a95c79b919737be7b07b87c4538107fb2b8e3"",""firm_route_basis"":""原件企业合并格/上下文候选；非登记实体认证""}]",0,按来源/日期/配置版本分别答复；同型号合并附件不等于同配置或逐车资格认证
东风汽车集团有限公司,DFM6473M5F1BEV,0,0,0,0,1,2208试验口径,"[{""purpose_scope"":""2208试验口径"",""source_record_ids"":""old-68-Word97--0-3"",""source_observation_date_upper"":""2023-08-16"",""source_file"":""原件/免征目录/mf_batch68.doc"",""source_sha256"":""58113d08377020d08de0aeb0e08ff63c4a4411dbe35ad69cfdd6f82fdf0fcc77"",""firm_route_basis"":""原记录firm_raw""}]",0,按来源/日期/配置版本分别答复；同型号合并附件不等于同配置或逐车资格认证
东风汽车集团有限公司,DFM7000A2F1BEV,0,0,0,0,1,2208试验口径,"[{""purpose_scope"":""2208试验口径"",""source_record_ids"":""old-70-Word97--0-7"",""source_observation_date_upper"":""2023-10-18"",""source_file"":""原件/免征目录/mf_batch70.doc"",""source_sha256"":""29b9f5df62602e114f0ed01426c185fdb15a654022cdf16d4df624bb736ed813"",""firm_route_basis"":""原件企业合并格/上下文候选；非登记实体认证""}]",0,按来源/日期/配置版本分别答复；同型号合并附件不等于同配置或逐车资格认证
东风汽车集团有限公司,DFM7000A2FBEV,0,0,0,0,1,2208试验口径,"[{""purpose_scope"":""2208试验口径"",""source_record_ids"":""old-70-Word97--0-6"",""source_observation_date_upper"":""2023-10-18"",""source_file"":""原件/免征目录/mf_batch70.doc"",""source_sha256"":""29b9f5df62602e114f0ed01426c185fdb15a654022cdf16d4df624bb736ed813"",""firm_route_basis"":""原记录firm_raw""}]",0,按来源/日期/配置版本分别答复；同型号合并附件不等于同配置或逐车资格认证
东风汽车集团有限公司,DFM7000G1A1BEV,0,0,0,0,1,2208试验口径,"[{""purpose_scope"":""2208试验口径"",""source_record_ids"":""mf29-t0-r1"",""source_observation_date_upper"":""2019-12-27"",""source_file"":""原件/mf_batch29.doc"",""source_sha256"":""8d24a01958cc6d44fa7826ecbb6a76869b9a0f2c98b97597d57af02932f2afaf"",""firm_route_basis"":""原记录firm_raw""}]",0,按来源/日期/配置版本分别答复；同型号合并附件不等于同配置或逐车资格认证
东风汽车集团有限公司,DFM7000G1A2BEV,0,0,0,0,1,2208试验口径,"[{""purpose_scope"":""2208试验口径"",""source_record_ids"":""old-47-Word97--0-5"",""source_observation_date_upper"":""2021-09-30"",""source_file"":""原件/免征目录/mf_batch47.doc"",""source_sha256"":""fb4517fe8220b10bc435a77a5328df13c732c70b335942dfad0ae9394affe9b4"",""firm_route_basis"":""原记录firm_raw""}]",0,按来源/日期/配置版本分别答复；同型号合并附件不等于同配置或逐车资格认证
东风汽车集团有限公司,DFM7000G1A3BEV,0,0,0,0,1,2208试验口径,"[{""purpose_scope"":""2208试验口径"",""source_record_ids"":""old-38-Word97--0-7"",""source_observation_date_upper"":""2020-12-30"",""source_file"":""原件/免征目录/mf_batch38.doc"",""source_sha256"":""7c9def45fe5c40e4c5ffb483a1d1efd383c12cb16a5c4ba021d4ce28384776de"",""firm_route_basis"":""原件企业合并格/上下文候选；非登记实体认证""}]",0,按来源/日期/配置版本分别答复；同型号合并附件不等于同配置或逐车资格认证
东风汽车集团有限公司,DFM7000G1F3PBEV,0,0,0,0,1,2208试验口径,"[{""purpose_scope"":""2208试验口径"",""source_record_ids"":""old-20-DOCX--0-14"",""source_observation_date_upper"":""2018-09-19"",""source_file"":""原件/免征目录/mf_batch20.docx"",""source_sha256"":""374d3f87551d75d1c163e76abb38f350ea93f8a2b8cad6174568c307d1cc0130"",""firm_route_basis"":""原件企业合并格/上下文候选；非登记实体认证""}]",0,按来源/日期/配置版本分别答复；同型号合并附件不等于同配置或逐车资格认证
东风汽车集团有限公司,DFM7000G1F6BEV,0,0,0,0,1,2208试验口径,"[{""purpose_scope"":""2208试验口径"",""source_record_ids"":""old-19-DOCX--0-18"",""source_observation_date_upper"":""2018-07-31"",""source_file"":""原件/免征目录/mf_batch19.docx"",""source_sha256"":""fafd1558aa0f21067847c19bdd0a95c79b919737be7b07b87c4538107fb2b8e3"",""firm_route_basis"":""原件企业合并格/上下文候选；非登记实体认证""}]",0,按来源/日期/配置版本分别答复；同型号合并附件不等于同配置或逐车资格认证
东风汽车集团有限公司,DFM7000G1F6PBEV,0,0,0,0,1,2208试验口径,"[{""purpose_scope"":""2208试验口径"",""source_record_ids"":""old-22-Word97--0-4"",""source_observation_date_upper"":""2018-12-18"",""source_file"":""原件/免征目录/mf_batch22.doc"",""source_sha256"":""eaf3fc1e64742af85b3d4bc90388d0a93154a497fd6c1fb9bf73b857672e1212"",""firm_route_basis"":""原记录firm_raw""}]",0,按来源/日期/配置版本分别答复；同型号合并附件不等于同配置或逐车资格认证
东风汽车集团有限公司,DFM7000G1F7BEV,0,0,0,0,1,2208试验口径,"[{""purpose_scope"":""2208试验口径"",""source_record_ids"":""old-22-Word97--0-5"",""source_observation_date_upper"":""2018-12-18"",""source_file"":""原件/免征目录/mf_batch22.doc"",""source_sha256"":""eaf3fc1e64742af85b3d4bc90388d0a93154a497fd6c1fb9bf73b857672e1212"",""firm_route_basis"":""原件企业合并格/上下文候选；非登记实体认证""}]",0,按来源/日期/配置版本分别答复；同型号合并附件不等于同配置或逐车资格认证
东风汽车集团有限公司,DFM7000G1F8BEV,0,0,0,0,1,2208试验口径,"[{""purpose_scope"":""2208试验口径"",""source_record_ids"":""mf29-t0-r2"",""source_observation_date_upper"":""2019-12-27"",""source_file"":""原件/mf_batch29.doc"",""source_sha256"":""8d24a01958cc6d44fa7826ecbb6a76869b9a0f2c98b97597d57af02932f2afaf"",""firm_route_basis"":""原件企业合并格/上下文候选；非登记实体认证""}]",0,按来源/日期/配置版本分别答复；同型号合并附件不等于同配置或逐车资格认证
东风汽车集团有限公司,DFM7000G1F8PBEV,0,0,0,0,1,2208试验口径,"[{""purpose_scope"":""2208试验口径"",""source_record_ids"":""old-37-Word97--0-9"",""source_observation_date_upper"":""2020-11-30"",""source_file"":""原件/免征目录/mf_batch37.doc"",""source_sha256"":""136057faede292d8070763e326c8dbdcddf3790653cc6879a13758f91556881f"",""firm_route_basis"":""原记录firm_raw""}]",0,按来源/日期/配置版本分别答复；同型号合并附件不等于同配置或逐车资格认证
东风汽车集团有限公司,DFM7000G1F9BEV,0,0,0,0,1,2208试验口径,"[{""purpose_scope"":""2208试验口径"",""source_record_ids"":""old-32-Word97--0-7"",""source_observation_date_upper"":""2020-06-02"",""source_file"":""原件/免征目录/mf_batch32.doc"",""source_sha256"":""ad7c65b4831a05b7c70e1e73fe834aa9beed883c66f898e799fcbbeb43cc3d75"",""firm_route_basis"":""原件企业合并格/上下文候选；非登记实体认证""}]",0,按来源/日期/配置版本分别答复；同型号合并附件不等于同配置或逐车资格认证
东风汽车集团有限公司,DFM7000G1F9PBEV,0,0,0,0,1,2208试验口径,"[{""purpose_scope"":""2208试验口径"",""source_record_ids"":""old-38-Word97--0-6"",""source_observation_date_upper"":""2020-12-30"",""source_file"":""原件/免征目录/mf_batch38.doc"",""source_sha256"":""7c9def45fe5c40e4c5ffb483a1d1efd383c12cb16a5c4ba021d4ce28384776de"",""firm_route_basis"":""原记录firm_raw""}]",0,按来源/日期/配置版本分别答复；同型号合并附件不等于同配置或逐车资格认证
东风汽车集团有限公司,DFM7000G1FABEV,0,0,0,0,1,2208试验口径,"[{""purpose_scope"":""2208试验口径"",""source_record_ids"":""old-33-Word97--0-6"",""source_observation_date_upper"":""2020-07-21"",""source_file"":""原件/免征目录/mf_batch33.doc"",""source_sha256"":""ff98fbb1708c47cdcfc1e79e7a1647e72a7ae6d4255dce3b250d661001340c09"",""firm_route_basis"":""原记录firm_raw""}]",0,按来源/日期/配置版本分别答复；同型号合并附件不等于同配置或逐车资格认证
东风汽车集团有限公司,DFM7000N1FBEV,0,0,0,0,1,2208试验口径,"[{""purpose_scope"":""2208试验口径"",""source_record_ids"":""old-28-Word97--0-3"",""source_observation_date_upper"":""2019-12-10"",""source_file"":""原件/免征目录/mf_batch28.doc"",""source_sha256"":""dfe1b301a5e8373e94e0e4a2fccee3d258c56bb662e4928764a71274142acd72"",""firm_route_basis"":""原记录firm_raw""}]",0,按来源/日期/配置版本分别答复；同型号合并附件不等于同配置或逐车资格认证
东风汽车集团有限公司,DFM7000S1F4BEV,0,0,0,0,1,2208试验口径,"[{""purpose_scope"":""2208试验口径"",""source_record_ids"":""old-71-Word97--0-16"",""source_observation_date_upper"":""2023-11-20"",""source_file"":""原件/免征目录/mf_batch71.doc"",""source_sha256"":""b37b78b64b8ef7e12e6e95d6fd27a4a6e364c0c83ba403ffcf3bca82c60e3460"",""firm_route_basis"":""原件企业合并格/上下文候选；非登记实体认证""}]",0,按来源/日期/配置版本分别答复；同型号合并附件不等于同配置或逐车资格认证
东风汽车集团有限公司,DFM7000S1F5BEV,0,0,0,0,1,2208试验口径,"[{""purpose_scope"":""2208试验口径"",""source_record_ids"":""old-71-Word97--0-17"",""source_observation_date_upper"":""2023-11-20"",""source_file"":""原件/免征目录/mf_batch71.doc"",""source_sha256"":""b37b78b64b8ef7e12e6e95d6fd27a4a6e364c0c83ba403ffcf3bca82c60e3460"",""firm_route_basis"":""原件企业合并格/上下文候选；非登记实体认证""}]",0,按来源/日期/配置版本分别答复；同型号合并附件不等于同配置或逐车资格认证
东风汽车集团有限公司,DFM7000S1F6BEV,0,0,0,0,1,2208试验口径,"[{""purpose_scope"":""2208试验口径"",""source_record_ids"":""old-71-Word97--0-15"",""source_observation_date_upper"":""2023-11-20"",""source_file"":""原件/免征目录/mf_batch71.doc"",""source_sha256"":""b37b78b64b8ef7e12e6e95d6fd27a4a6e364c0c83ba403ffcf3bca82c60e3460"",""firm_route_basis"":""原记录firm_raw""}]",0,按来源/日期/配置版本分别答复；同型号合并附件不等于同配置或逐车资格认证
东风汽车集团有限公司,DFM7001G1F1BEV,0,0,0,0,1,2208试验口径,"[{""purpose_scope"":""2208试验口径"",""source_record_ids"":""old-37-Word97--0-10"",""source_observation_date_upper"":""2020-11-30"",""source_file"":""原件/免征目录/mf_batch37.doc"",""source_sha256"":""136057faede292d8070763e326c8dbdcddf3790653cc6879a13758f91556881f"",""firm_route_basis"":""原件企业合并格/上下文候选；非登记实体认证""}]",0,按来源/日期/配置版本分别答复；同型号合并附件不等于同配置或逐车资格认证
东风汽车集团有限公司,DFM7001G1F2BEV,0,0,0,0,1,2208试验口径,"[{""purpose_scope"":""2208试验口径"",""source_record_ids"":""old-37-Word97--0-11"",""source_observation_date_upper"":""2020-11-30"",""source_file"":""原件/免征目录/mf_batch37.doc"",""source_sha256"":""136057faede292d8070763e326c8dbdcddf3790653cc6879a13758f91556881f"",""firm_route_basis"":""原件企业合并格/上下文候选；非登记实体认证""}]",0,按来源/日期/配置版本分别答复；同型号合并附件不等于同配置或逐车资格认证
东风汽车集团有限公司,DFM7001G1F2SBEV,0,0,0,0,1,2208试验口径,"[{""purpose_scope"":""2208试验口径"",""source_record_ids"":""old-61-Word97--0-20"",""source_observation_date_upper"":""2022-12-19"",""source_file"":""原件/免征目录/mf_batch61.doc"",""source_sha256"":""d360a77695ccf20f3c17a354a1dd02fc846a7ae8bd18b41492515881a7240b72"",""firm_route_basis"":""原记录firm_raw""}]",0,按来源/日期/配置版本分别答复；同型号合并附件不等于同配置或逐车资格认证
东风汽车集团有限公司,DFM7001G1F3BEV,0,0,0,1,1,92逐车资格;2208试验口径,"[{""purpose_scope"":""92逐车资格"",""source_record_ids"":""new-06-cell-5449"",""source_observation_date_upper"":""2024-05-31"",""source_file"":""原件/减免目录/cat_batch6.doc"",""source_sha256"":""8017fdbcfa01dc3f5d2bd65fe4a06f5212edd78d39fee33fd47f6a2823eedcf7"",""firm_route_basis"":""原记录firm_raw""},{""purpose_scope"":""2208试验口径"",""source_record_ids"":""old-37-Word97--0-12"",""source_observation_date_upper"":""2020-11-30"",""source_file"":""原件/免征目录/mf_batch37.doc"",""source_sha256"":""136057faede292d8070763e326c8dbdcddf3790653cc6879a13758f91556881f"",""firm_route_basis"":""原件企业合并格/上下文候选；非登记实体认证""}]",0,按来源/日期/配置版本分别答复；同型号合并附件不等于同配置或逐车资格认证
东风汽车集团有限公司,DFM7001G1F6BEV,0,0,0,0,1,2208试验口径,"[{""purpose_scope"":""2208试验口径"",""source_record_ids"":""old-47-Word97--0-7"",""source_observation_date_upper"":""2021-09-30"",""source_file"":""原件/免征目录/mf_batch47.doc"",""source_sha256"":""fb4517fe8220b10bc435a77a5328df13c732c70b335942dfad0ae9394affe9b4"",""firm_route_basis"":""原件企业合并格/上下文候选；非登记实体认证""}]",0,按来源/日期/配置版本分别答复；同型号合并附件不等于同配置或逐车资格认证
东风汽车集团有限公司,DFM7001G1F7BEV,0,0,0,0,1,2208试验口径,"[{""purpose_scope"":""2208试验口径"",""source_record_ids"":""old-47-Word97--0-9"",""source_observation_date_upper"":""2021-09-30"",""source_file"":""原件/免征目录/mf_batch47.doc"",""source_sha256"":""fb4517fe8220b10bc435a77a5328df13c732c70b335942dfad0ae9394affe9b4"",""firm_route_basis"":""原件企业合并格/上下文候选；非登记实体认证""}]",0,按来源/日期/配置版本分别答复；同型号合并附件不等于同配置或逐车资格认证
东风汽车集团有限公司,DFM7002G1F1BEV,0,0,0,0,1,2208试验口径,"[{""purpose_scope"":""2208试验口径"",""source_record_ids"":""old-47-Word97--0-8"",""source_observation_date_upper"":""2021-09-30"",""source_file"":""原件/免征目录/mf_batch47.doc"",""source_sha256"":""fb4517fe8220b10bc435a77a5328df13c732c70b335942dfad0ae9394affe9b4"",""firm_route_basis"":""原件企业合并格/上下文候选；非登记实体认证""}]",0,按来源/日期/配置版本分别答复；同型号合并附件不等于同配置或逐车资格认证
东风汽车集团有限公司,DFM7002G1F2BEV,0,0,0,0,1,2208试验口径,"[{""purpose_scope"":""2208试验口径"",""source_record_ids"":""old-41-Word97--0-13"",""source_observation_date_upper"":""2021-03-31"",""source_file"":""原件/免征目录/mf_batch41.doc"",""source_sha256"":""ba4634c0877ebf99f8e462013e4a07e40f57478a4aaf921801a6c85a49c42b7f"",""firm_route_basis"":""原记录firm_raw""}]",0,按来源/日期/配置版本分别答复；同型号合并附件不等于同配置或逐车资格认证
东风汽车集团有限公司,DFM7002G1F4BEV,0,0,0,0,1,2208试验口径,"[{""purpose_scope"":""2208试验口径"",""source_record_ids"":""old-53-Word97--0-16"",""source_observation_date_upper"":""2022-04-08"",""source_file"":""原件/免征目录/mf_batch53.doc"",""source_sha256"":""a1f426ff77c80bce4d153fbfb6d01a7b6c6c87539f52ac4643edb7b060e21d2a"",""firm_route_basis"":""原件企业合并格/上下文候选；非登记实体认证""}]",0,按来源/日期/配置版本分别答复；同型号合并附件不等于同配置或逐车资格认证
东风汽车集团有限公司,DFM7002G1F7BEV,0,0,0,0,1,2208试验口径,"[{""purpose_scope"":""2208试验口径"",""source_record_ids"":""old-52-Word97--0-12"",""source_observation_date_upper"":""2022-03-08"",""source_file"":""原件/免征目录/mf_batch52.doc"",""source_sha256"":""650a1430fd7c9a9139970f857a0382498bfd368fe64a95f24c17ca3f49dfa3cc"",""firm_route_basis"":""原记录firm_raw""}]",0,按来源/日期/配置版本分别答复；同型号合并附件不等于同配置或逐车资格认证
东风汽车集团有限公司,DFM7002G1F8BEV,0,0,0,0,1,2208试验口径,"[{""purpose_scope"":""2208试验口径"",""source_record_ids"":""old-55-Word97--0-24"",""source_observation_date_upper"":""2022-06-01"",""source_file"":""原件/免征目录/mf_batch55.doc"",""source_sha256"":""0457d0430e9e7f114c91341a715405c3933dd4783762cd74b9871e4918ba887f"",""firm_route_basis"":""原件企业合并格/上下文候选；非登记实体认证""}]",0,按来源/日期/配置版本分别答复；同型号合并附件不等于同配置或逐车资格认证
东风汽车集团有限公司,DFM7002G1FABEV,0,0,0,0,1,2208试验口径,"[{""purpose_scope"":""2208试验口径"",""source_record_ids"":""old-54-Word97--0-26"",""source_observation_date_upper"":""2022-05-12"",""source_file"":""原件/免征目录/mf_batch54.doc"",""source_sha256"":""e4ce106fc0fb21bc61cac40ff0de97e60dff2d18b5b7d24c494bb74873312fd7"",""firm_route_basis"":""原件企业合并格/上下文候选；非登记实体认证""}]",0,按来源/日期/配置版本分别答复；同型号合并附件不等于同配置或逐车资格认证
东风汽车集团有限公司,DFM7002G1FBBEV,0,0,0,1,1,92逐车资格;2208试验口径,"[{""purpose_scope"":""92逐车资格"",""source_record_ids"":""new-05-cell-4492;new-06-cell-5065"",""source_observation_date_upper"":""2024-05-20"",""source_file"":""原件/减免目录/cat_batch5.doc"",""source_sha256"":""be8c8373f926e8b033304f06a62d92b0f0fc066accc6841864c3fd414bc506ab"",""firm_route_basis"":""原记录firm_raw""},{""purpose_scope"":""2208试验口径"",""source_record_ids"":""old-63-Word97--0-5"",""source_observation_date_upper"":""2023-03-10"",""source_file"":""原件/免征目录/mf_batch63.doc"",""source_sha256"":""1d0f4bf9c7c1f67712e9efa3a5e3222c30d4e438653b9335aaff9714e65f8c05"",""firm_route_basis"":""原记录firm_raw""}]",0,按来源/日期/配置版本分别答复；同型号合并附件不等于同配置或逐车资格认证
东风汽车集团有限公司,DFM7002G1FCBEV,0,0,0,0,1,2208试验口径,"[{""purpose_scope"":""2208试验口径"",""source_record_ids"":""old-64-Word97--0-7"",""source_observation_date_upper"":""2023-04-17"",""source_file"":""原件/免征目录/mf_batch64.doc"",""source_sha256"":""c4e238989e7e40ec2c3a6a899ead170b4a745bc72546ba6fd4a5731d8890c6cb"",""firm_route_basis"":""原记录firm_raw""}]",0,按来源/日期/配置版本分别答复；同型号合并附件不等于同配置或逐车资格认证
东风汽车集团有限公司,DFM7003G1F1BEV,0,0,1,0,0,4单项细分,"[{""purpose_scope"":""4单项细分"",""source_record_ids"":""old-55-Word97--0-23"",""source_observation_date_upper"":""2022-06-01"",""source_file"":""原件/免征目录/mf_batch55.doc"",""source_sha256"":""0457d0430e9e7f114c91341a715405c3933dd4783762cd74b9871e4918ba887f"",""firm_route_basis"":""原记录firm_raw""}]",0,按来源/日期/配置版本分别答复；同型号合并附件不等于同配置或逐车资格认证
东风汽车集团有限公司,DFM7003G1F3BEV,0,0,0,0,1,2208试验口径,"[{""purpose_scope"":""2208试验口径"",""source_record_ids"":""old-71-Word97--0-18"",""source_observation_date_upper"":""2023-11-20"",""source_file"":""原件/免征目录/mf_batch71.doc"",""source_sha256"":""b37b78b64b8ef7e12e6e95d6fd27a4a6e364c0c83ba403ffcf3bca82c60e3460"",""firm_route_basis"":""原件企业合并格/上下文候选；非登记实体认证""}]",0,按来源/日期/配置版本分别答复；同型号合并附件不等于同配置或逐车资格认证
东风汽车集团有限公司,EQ2040RMVBEV,0,0,0,0,1,2208试验口径,"[{""purpose_scope"":""2208试验口径"",""source_record_ids"":""old-62-Word97--0-4"",""source_observation_date_upper"":""2023-02-20"",""source_file"":""原件/免征目录/mf_batch62.doc"",""source_sha256"":""7694ac7207998b6af7c895cdd2c1d752421df436d4b28f83195261dd47f6509c"",""firm_route_basis"":""原记录firm_raw""}]",0,按来源/日期/配置版本分别答复；同型号合并附件不等于同配置或逐车资格认证
东风汽车集团有限公司,EQ6490AL5F1BEV,0,0,0,0,1,2208试验口径,"[{""purpose_scope"":""2208试验口径"",""source_record_ids"":""old-42-Word97--0-18"",""source_observation_date_upper"":""2021-04-30"",""source_file"":""原件/免征目录/mf_batch42.doc"",""source_sha256"":""fef4fd8ea19d773d368642e51a4bdb24c148530251a2240be4ff1358d5d41fab"",""firm_route_basis"":""原记录firm_raw""}]",0,按来源/日期/配置版本分别答复；同型号合并附件不等于同配置或逐车资格认证
东风汽车集团有限公司,EQ6490AL5F2BEV,0,0,0,0,1,2208试验口径,"[{""purpose_scope"":""2208试验口径"",""source_record_ids"":""old-42-Word97--0-19"",""source_observation_date_upper"":""2021-04-30"",""source_file"":""原件/免征目录/mf_batch42.doc"",""source_sha256"":""fef4fd8ea19d773d368642e51a4bdb24c148530251a2240be4ff1358d5d41fab"",""firm_route_basis"":""原件企业合并格/上下文候选；非登记实体认证""}]",0,按来源/日期/配置版本分别答复；同型号合并附件不等于同配置或逐车资格认证
东风汽车集团有限公司,EQ6491AL5F2BEV,0,0,0,1,1,92逐车资格;2208试验口径,"[{""purpose_scope"":""92逐车资格"",""source_record_ids"":""new-04-cell-3423;new-06-cell-4933"",""source_observation_date_upper"":""2024-04-15"",""source_file"":""原件/减免目录/cat_batch4.doc"",""source_sha256"":""e6d4f6d7e11833351bf9e247aa8032273ad029b83385189b0ffebd81d10b8ce6"",""firm_route_basis"":""原记录firm_raw""},{""purpose_scope"":""2208试验口径"",""source_record_ids"":""old-53-Word97--0-15"",""source_observation_date_upper"":""2022-04-08"",""source_file"":""原件/免征目录/mf_batch53.doc"",""source_sha256"":""a1f426ff77c80bce4d153fbfb6d01a7b6c6c87539f52ac4643edb7b060e21d2a"",""firm_route_basis"":""原件企业合并格/上下文候选；非登记实体认证""}]",0,按来源/日期/配置版本分别答复；同型号合并附件不等于同配置或逐车资格认证
东风汽车集团有限公司,EQ6530AL5F2BEV,0,0,0,1,1,92逐车资格;2208试验口径,"[{""purpose_scope"":""92逐车资格"",""source_record_ids"":""new-03-cell-123;new-06-cell-4597"",""source_observation_date_upper"":""2024-03-11"",""source_file"":""原件/减免目录/cat_batch3.doc"",""source_sha256"":""338c1551d098659125f729d8b63eb48134ce5dfcfd36362a2aacb04a112e87b8"",""firm_route_basis"":""原件企业合并格/上下文候选；非登记实体认证""},{""purpose_scope"":""2208试验口径"",""source_record_ids"":""old-54-Word97--0-25"",""source_observation_date_upper"":""2022-05-12"",""source_file"":""原件/免征目录/mf_batch54.doc"",""source_sha256"":""e4ce106fc0fb21bc61cac40ff0de97e60dff2d18b5b7d24c494bb74873312fd7"",""firm_route_basis"":""原记录firm_raw""}]",0,按来源/日期/配置版本分别答复；同型号合并附件不等于同配置或逐车资格认证
东风汽车集团有限公司,EQ6531AL5F2BEV,0,0,0,1,1,92逐车资格;2208试验口径,"[{""purpose_scope"":""92逐车资格"",""source_record_ids"":""new-03-cell-134;new-06-cell-4609"",""source_observation_date_upper"":""2024-03-11"",""source_file"":""原件/减免目录/cat_batch3.doc"",""source_sha256"":""338c1551d098659125f729d8b63eb48134ce5dfcfd36362a2aacb04a112e87b8"",""firm_route_basis"":""原件企业合并格/上下文候选；非登记实体认证""},{""purpose_scope"":""2208试验口径"",""source_record_ids"":""old-54-Word97--0-28"",""source_observation_date_upper"":""2022-05-12"",""source_file"":""原件/免征目录/mf_batch54.doc"",""source_sha256"":""e4ce106fc0fb21bc61cac40ff0de97e60dff2d18b5b7d24c494bb74873312fd7"",""firm_route_basis"":""原件企业合并格/上下文候选；非登记实体认证""}]",0,按来源/日期/配置版本分别答复；同型号合并附件不等于同配置或逐车资格认证
东风汽车集团有限公司,EQ6532AL5F2BEV,0,0,0,0,1,2208试验口径,"[{""purpose_scope"":""2208试验口径"",""source_record_ids"":""old-69-Word97--0-6"",""source_observation_date_upper"":""2023-09-14"",""source_file"":""原件/免征目录/mf_batch69.doc"",""source_sha256"":""357d61a16c94488c9fdd761f393edb7029b05394ab06117abaebcba1a1e45546"",""firm_route_basis"":""原记录firm_raw""}]",0,按来源/日期/配置版本分别答复；同型号合并附件不等于同配置或逐车资格认证
东风汽车集团有限公司,EQ6533AL5F2BEV,0,0,0,0,1,2208试验口径,"[{""purpose_scope"":""2208试验口径"",""source_record_ids"":""old-69-Word97--0-7"",""source_observation_date_upper"":""2023-09-14"",""source_file"":""原件/免征目录/mf_batch69.doc"",""source_sha256"":""357d61a16c94488c9fdd761f393edb7029b05394ab06117abaebcba1a1e45546"",""firm_route_basis"":""原件企业合并格/上下文候选；非登记实体认证""}]",0,按来源/日期/配置版本分别答复；同型号合并附件不等于同配置或逐车资格认证
东风汽车集团有限公司,EQ6534AL5F2BEV,0,0,0,0,1,2208试验口径,"[{""purpose_scope"":""2208试验口径"",""source_record_ids"":""old-70-Word97--0-8"",""source_observation_date_upper"":""2023-10-18"",""source_file"":""原件/免征目录/mf_batch70.doc"",""source_sha256"":""29b9f5df62602e114f0ed01426c185fdb15a654022cdf16d4df624bb736ed813"",""firm_route_basis"":""原件企业合并格/上下文候选；非登记实体认证""}]",0,按来源/日期/配置版本分别答复；同型号合并附件不等于同配置或逐车资格认证
东风汽车集团有限公司,EQ7000AL1F2BEV,0,0,0,1,1,92逐车资格;2208试验口径,"[{""purpose_scope"":""92逐车资格"",""source_record_ids"":""new-05-cell-4723;new-06-cell-5317"",""source_observation_date_upper"":""2024-05-20"",""source_file"":""原件/减免目录/cat_batch5.doc"",""source_sha256"":""be8c8373f926e8b033304f06a62d92b0f0fc066accc6841864c3fd414bc506ab"",""firm_route_basis"":""原记录firm_raw""},{""purpose_scope"":""2208试验口径"",""source_record_ids"":""old-60-Word97--0-14"",""source_observation_date_upper"":""2022-11-09"",""source_file"":""原件/免征目录/mf_batch60.doc"",""source_sha256"":""aabd19e9a0955380873798454b18b3bb15c87937dffcbb0ccfab2eae3bf3551b"",""firm_route_basis"":""原记录firm_raw""}]",0,按来源/日期/配置版本分别答复；同型号合并附件不等于同配置或逐车资格认证
东风汽车集团有限公司,EQ7000FA2F1BEV,0,0,0,0,1,2208试验口径,"[{""purpose_scope"":""2208试验口径"",""source_record_ids"":""old-25-Word97--0-62"",""source_observation_date_upper"":""2019-06-12"",""source_file"":""原件/免征目录/mf_batch25.wps"",""source_sha256"":""9d2abe319463522513fe9c90f98bb8d0a825b599267d0b3cc403cec9624b3297"",""firm_route_basis"":""原件企业合并格/上下文候选；非登记实体认证""}]",0,按来源/日期/配置版本分别答复；同型号合并附件不等于同配置或逐车资格认证
东风汽车集团有限公司,EQ7000FD2F2BEV,0,0,0,0,1,2208试验口径,"[{""purpose_scope"":""2208试验口径"",""source_record_ids"":""old-34-Word97--0-7"",""source_observation_date_upper"":""2020-08-24"",""source_file"":""原件/免征目录/mf_batch34.doc"",""source_sha256"":""d5c5bb03cc5fe0f16b284048e265ad35d62c12c0416f14aef0ce026a229aa831"",""firm_route_basis"":""原记录firm_raw""}]",0,按来源/日期/配置版本分别答复；同型号合并附件不等于同配置或逐车资格认证
东风汽车集团有限公司,EQ7000FD2F3BEV,0,0,0,0,1,2208试验口径,"[{""purpose_scope"":""2208试验口径"",""source_record_ids"":""old-60-Word97--0-16"",""source_observation_date_upper"":""2022-11-09"",""source_file"":""原件/免征目录/mf_batch60.doc"",""source_sha256"":""aabd19e9a0955380873798454b18b3bb15c87937dffcbb0ccfab2eae3bf3551b"",""firm_route_basis"":""原记录firm_raw""}]",0,按来源/日期/配置版本分别答复；同型号合并附件不等于同配置或逐车资格认证
东风汽车集团有限公司,EQ7000FL2F1BEV,0,0,0,0,1,2208试验口径,"[{""purpose_scope"":""2208试验口径"",""source_record_ids"":""old-25-Word97--0-63"",""source_observation_date_upper"":""2019-06-12"",""source_file"":""原件/免征目录/mf_batch25.wps"",""source_sha256"":""9d2abe319463522513fe9c90f98bb8d0a825b599267d0b3cc403cec9624b3297"",""firm_route_basis"":""原件企业合并格/上下文候选；非登记实体认证""}]",0,按来源/日期/配置版本分别答复；同型号合并附件不等于同配置或逐车资格认证
东风汽车集团有限公司,EQ7000FR2F1BEV,0,0,0,0,1,2208试验口径,"[{""purpose_scope"":""2208试验口径"",""source_record_ids"":""old-25-Word97--0-64"",""source_observation_date_upper"":""2019-06-12"",""source_file"":""原件/免征目录/mf_batch25.wps"",""source_sha256"":""9d2abe319463522513fe9c90f98bb8d0a825b599267d0b3cc403cec9624b3297"",""firm_route_basis"":""原件企业合并格/上下文候选；非登记实体认证""}]",0,按来源/日期/配置版本分别答复；同型号合并附件不等于同配置或逐车资格认证
东风汽车集团有限公司,EQ7000FR2F2BEV,0,0,0,0,1,2208试验口径,"[{""purpose_scope"":""2208试验口径"",""source_record_ids"":""old-34-Word97--0-8"",""source_observation_date_upper"":""2020-08-24"",""source_file"":""原件/免征目录/mf_batch34.doc"",""source_sha256"":""d5c5bb03cc5fe0f16b284048e265ad35d62c12c0416f14aef0ce026a229aa831"",""firm_route_basis"":""原件企业合并格/上下文候选；非登记实体认证""}]",0,按来源/日期/配置版本分别答复；同型号合并附件不等于同配置或逐车资格认证
东风汽车集团有限公司,EQ7000FS2F1BEV,0,0,0,0,1,2208试验口径,"[{""purpose_scope"":""2208试验口径"",""source_record_ids"":""old-25-Word97--0-65"",""source_observation_date_upper"":""2019-06-12"",""source_file"":""原件/免征目录/mf_batch25.wps"",""source_sha256"":""9d2abe319463522513fe9c90f98bb8d0a825b599267d0b3cc403cec9624b3297"",""firm_route_basis"":""原件企业合并格/上下文候选；非登记实体认证""}]",0,按来源/日期/配置版本分别答复；同型号合并附件不等于同配置或逐车资格认证
东风汽车集团有限公司,EQ7000FV2F1BEV,0,0,0,0,1,2208试验口径,"[{""purpose_scope"":""2208试验口径"",""source_record_ids"":""old-25-Word97--0-66"",""source_observation_date_upper"":""2019-06-12"",""source_file"":""原件/免征目录/mf_batch25.wps"",""source_sha256"":""9d2abe319463522513fe9c90f98bb8d0a825b599267d0b3cc403cec9624b3297"",""firm_route_basis"":""原件企业合并格/上下文候选；非登记实体认证""}]",0,按来源/日期/配置版本分别答复；同型号合并附件不等于同配置或逐车资格认证
东风汽车集团有限公司,EQ7001AL1F2BEV,0,0,0,1,1,92逐车资格;2208试验口径,"[{""purpose_scope"":""92逐车资格"",""source_record_ids"":""new-04-cell-3434;new-06-cell-4945"",""source_observation_date_upper"":""2024-04-15"",""source_file"":""原件/减免目录/cat_batch4.doc"",""source_sha256"":""e6d4f6d7e11833351bf9e247aa8032273ad029b83385189b0ffebd81d10b8ce6"",""firm_route_basis"":""原件企业合并格/上下文候选；非登记实体认证""},{""purpose_scope"":""2208试验口径"",""source_record_ids"":""old-60-Word97--0-21"",""source_observation_date_upper"":""2022-11-09"",""source_file"":""原件/免征目录/mf_batch60.doc"",""source_sha256"":""aabd19e9a0955380873798454b18b3bb15c87937dffcbb0ccfab2eae3bf3551b"",""firm_route_basis"":""原记录firm_raw""}]",0,按来源/日期/配置版本分别答复；同型号合并附件不等于同配置或逐车资格认证
东风汽车集团有限公司,EQ7002AL1F2BEV,0,0,0,0,1,2208试验口径,"[{""purpose_scope"":""2208试验口径"",""source_record_ids"":""old-70-Word97--0-9"",""source_observation_date_upper"":""2023-10-18"",""source_file"":""原件/免征目录/mf_batch70.doc"",""source_sha256"":""29b9f5df62602e114f0ed01426c185fdb15a654022cdf16d4df624bb736ed813"",""firm_route_basis"":""原件企业合并格/上下文候选；非登记实体认证""}]",0,按来源/日期/配置版本分别答复；同型号合并附件不等于同配置或逐车资格认证
东风裕隆汽车有限公司,DYM7003BABEV,0,0,0,0,1,2208试验口径,"[{""purpose_scope"":""2208试验口径"",""source_record_ids"":""old-20-DOCX--0-16"",""source_observation_date_upper"":""2018-09-19"",""source_file"":""原件/免征目录/mf_batch20.docx"",""source_sha256"":""374d3f87551d75d1c163e76abb38f350ea93f8a2b8cad6174568c307d1cc0130"",""firm_route_basis"":""原记录firm_raw""}]",0,按来源/日期/配置版本分别答复；同型号合并附件不等于同配置或逐车资格认证
东风裕隆汽车有限公司,DYM7003BBBEV,0,0,0,0,1,2208试验口径,"[{""purpose_scope"":""2208试验口径"",""source_record_ids"":""old-24-Word97--2-16"",""source_observation_date_upper"":""2019-04-30"",""source_file"":""原件/免征目录/mf_batch24.wps"",""source_sha256"":""07775a0cb063fe0fce5880b9378dd1eb2522b725d645cabdee314d604779939d"",""firm_route_basis"":""原记录firm_raw""}]",0,按来源/日期/配置版本分别答复；同型号合并附件不等于同配置或逐车资格认证
东风裕隆汽车有限公司,DYM7009ABBEV,0,0,0,0,1,2208试验口径,"[{""purpose_scope"":""2208试验口径"",""source_record_ids"":""old-12-PDF-grid-1-0-11"",""source_observation_date_upper"":""2017-09-05"",""source_file"":""原件/免征目录/mf_batch12.pdf"",""source_sha256"":""afbd7133ccf901dbdc065b2ff80768450dc901def8d216cf5bb87baa98f7a1e2"",""firm_route_basis"":""原记录firm_raw""}]",0,按来源/日期/配置版本分别答复；同型号合并附件不等于同配置或逐车资格认证
东风裕隆汽车有限公司,DYM7009ACBEV,0,0,0,0,1,2208试验口径,"[{""purpose_scope"":""2208试验口径"",""source_record_ids"":""old-14-Word97--0-11"",""source_observation_date_upper"":""2017-12-05"",""source_file"":""原件/免征目录/mf_batch14.docx"",""source_sha256"":""6a48764b5ccb7c4ffa6f54daa44d3a42095b8a981fc982e774ddaaded41e9921"",""firm_route_basis"":""原记录firm_raw""}]",0,按来源/日期/配置版本分别答复；同型号合并附件不等于同配置或逐车资格认证
中国第一汽车集团公司,CA6462EV1,0,0,0,0,1,2208试验口径,"[{""purpose_scope"":""2208试验口径"",""source_record_ids"":""old-07-PDF-grid-2-0-11"",""source_observation_date_upper"":""2016-04-15"",""source_file"":""原件/免征目录/mf_batch07.pdf"",""source_sha256"":""ad8e7f0576c7261a718e5a561358462b598d617361c6f02d7a14fb2038b758b0"",""firm_route_basis"":""原记录firm_raw""}]",0,按来源/日期/配置版本分别答复；同型号合并附件不等于同配置或逐车资格认证
中国第一汽车集团公司,CA7001BEV,0,0,0,0,1,2208试验口径,"[{""purpose_scope"":""2208试验口径"",""source_record_ids"":""old-19-DOCX--0-54"",""source_observation_date_upper"":""2018-07-31"",""source_file"":""原件/免征目录/mf_batch19.docx"",""source_sha256"":""fafd1558aa0f21067847c19bdd0a95c79b919737be7b07b87c4538107fb2b8e3"",""firm_route_basis"":""原记录firm_raw""}]",0,按来源/日期/配置版本分别答复；同型号合并附件不等于同配置或逐车资格认证
中国第一汽车集团公司,CA7001EV,0,0,0,0,1,2208试验口径,"[{""purpose_scope"":""2208试验口径"",""source_record_ids"":""old-07-PDF-grid-2-0-12"",""source_observation_date_upper"":""2016-04-15"",""source_file"":""原件/免征目录/mf_batch07.pdf"",""source_sha256"":""ad8e7f0576c7261a718e5a561358462b598d617361c6f02d7a14fb2038b758b0"",""firm_route_basis"":""原件企业合并格/上下文候选；非登记实体认证""}]",0,按来源/日期/配置版本分别答复；同型号合并附件不等于同配置或逐车资格认证
中国第一汽车集团公司,CA7001EVA,0,0,0,0,1,2208试验口径,"[{""purpose_scope"":""2208试验口径"",""source_record_ids"":""old-10-PDF-grid-3-0-5"",""source_observation_date_upper"":""2017-04-27"",""source_file"":""原件/免征目录/mf_batch10.pdf"",""source_sha256"":""ac1b1ad2605b4f24762fb1f01cea64b685393577d01648618fa1882bb5700ac3"",""firm_route_basis"":""原记录firm_raw""}]",0,按来源/日期/配置版本分别答复；同型号合并附件不等于同配置或逐车资格认证
中国第一汽车集团公司,CA7001EVB,0,0,0,0,1,2208试验口径,"[{""purpose_scope"":""2208试验口径"",""source_record_ids"":""old-12-PDF-grid-2-0-26"",""source_observation_date_upper"":""2017-09-05"",""source_file"":""原件/免征目录/mf_batch12.pdf"",""source_sha256"":""afbd7133ccf901dbdc065b2ff80768450dc901def8d216cf5bb87baa98f7a1e2"",""firm_route_basis"":""原记录firm_raw""}]",0,按来源/日期/配置版本分别答复；同型号合并附件不等于同配置或逐车资格认证
中国第一汽车集团公司,CA7005EV1,0,0,0,0,1,2208试验口径,"[{""purpose_scope"":""2208试验口径"",""source_record_ids"":""old-02-PDF-grid-2-0-12"",""source_observation_date_upper"":""2014-10-29"",""source_file"":""原件/免征目录/mf_batch02.pdf"",""source_sha256"":""0b13b4fd2de6c4de3ab0f8add88bb8d24354d05ca6af46904fe1065c53c9c519"",""firm_route_basis"":""原记录firm_raw""}]",0,按来源/日期/配置版本分别答复；同型号合并附件不等于同配置或逐车资格认证
中国第一汽车集团公司,CA7006BEV,0,0,0,0,1,2208试验口径,"[{""purpose_scope"":""2208试验口径"",""source_record_ids"":""old-19-DOCX--0-55"",""source_observation_date_upper"":""2018-07-31"",""source_file"":""原件/免征目录/mf_batch19.docx"",""source_sha256"":""fafd1558aa0f21067847c19bdd0a95c79b919737be7b07b87c4538107fb2b8e3"",""firm_route_basis"":""原件企业合并格/上下文候选；非登记实体认证""}]",0,按来源/日期/配置版本分别答复；同型号合并附件不等于同配置或逐车资格认证
中国第一汽车集团公司,CA7008EV,0,0,0,0,1,2208试验口径,"[{""purpose_scope"":""2208试验口径"",""source_record_ids"":""old-03-PDF-grid-1-0-13"",""source_observation_date_upper"":""2014-12-19"",""source_file"":""原件/免征目录/mf_batch03.pdf"",""source_sha256"":""1367fdf126160143cbeecaedf4a66b528d105bbfa58a06b2118487a2e05000a5"",""firm_route_basis"":""原记录firm_raw""}]",0,按来源/日期/配置版本分别答复；同型号合并附件不等于同配置或逐车资格认证
中国第一汽车集团有限公司,CA6467BEVA,0,0,0,0,1,2208试验口径,"[{""purpose_scope"":""2208试验口径"",""source_record_ids"":""old-59-Word97--0-9"",""source_observation_date_upper"":""2022-10-10"",""source_file"":""原件/免征目录/mf_batch59.doc"",""source_sha256"":""32738e2df847e0c74ff96d48b8a13e1dd9c31aee84b7c0a633e2d9c8a3e01f86"",""firm_route_basis"":""原件企业合并格/上下文候选；非登记实体认证""}]",0,按来源/日期/配置版本分别答复；同型号合并附件不等于同配置或逐车资格认证
中国第一汽车集团有限公司,CA6467BSEVA,0,0,0,1,0,92逐车资格,"[{""purpose_scope"":""92逐车资格"",""source_record_ids"":""new-06-cell-5437"",""source_observation_date_upper"":""2024-05-31"",""source_file"":""原件/减免目录/cat_batch6.doc"",""source_sha256"":""8017fdbcfa01dc3f5d2bd65fe4a06f5212edd78d39fee33fd47f6a2823eedcf7"",""firm_route_basis"":""原件企业合并格/上下文候选；非登记实体认证""}]",0,按来源/日期/配置版本分别答复；同型号合并附件不等于同配置或逐车资格认证
中国第一汽车集团有限公司,CA6520H0EVX,0,0,0,0,1,2208试验口径,"[{""purpose_scope"":""2208试验口径"",""source_record_ids"":""old-34-Word97--0-2"",""source_observation_date_upper"":""2020-08-24"",""source_file"":""原件/免征目录/mf_batch34.doc"",""source_sha256"":""d5c5bb03cc5fe0f16b284048e265ad35d62c12c0416f14aef0ce026a229aa831"",""firm_route_basis"":""原记录firm_raw""}]",0,按来源/日期/配置版本分别答复；同型号合并附件不等于同配置或逐车资格认证
中国第一汽车集团有限公司,CA6520H0EVXA,0,0,0,0,1,2208试验口径,"[{""purpose_scope"":""2208试验口径"",""source_record_ids"":""old-34-Word97--0-3"",""source_observation_date_upper"":""2020-08-24"",""source_file"":""原件/免征目录/mf_batch34.doc"",""source_sha256"":""d5c5bb03cc5fe0f16b284048e265ad35d62c12c0416f14aef0ce026a229aa831"",""firm_route_basis"":""原件企业合并格/上下文候选；非登记实体认证""}]",0,按来源/日期/配置版本分别答复；同型号合并附件不等于同配置或逐车资格认证
中国第一汽车集团有限公司,CA6520H0EVXB,0,0,0,0,1,2208试验口径,"[{""purpose_scope"":""2208试验口径"",""source_record_ids"":""old-34-Word97--0-4"",""source_observation_date_upper"":""2020-08-24"",""source_file"":""原件/免征目录/mf_batch34.doc"",""source_sha256"":""d5c5bb03cc5fe0f16b284048e265ad35d62c12c0416f14aef0ce026a229aa831"",""firm_route_basis"":""原件企业合并格/上下文候选；非登记实体认证""}]",0,按来源/日期/配置版本分别答复；同型号合并附件不等于同配置或逐车资格认证
中国第一汽车集团有限公司,CA6520H0EVXC,0,0,0,0,1,2208试验口径,"[{""purpose_scope"":""2208试验口径"",""source_record_ids"":""old-34-Word97--0-5"",""source_observation_date_upper"":""2020-08-24"",""source_file"":""原件/免征目录/mf_batch34.doc"",""source_sha256"":""d5c5bb03cc5fe0f16b284048e265ad35d62c12c0416f14aef0ce026a229aa831"",""firm_route_basis"":""原件企业合并格/上下文候选；非登记实体认证""}]",0,按来源/日期/配置版本分别答复；同型号合并附件不等于同配置或逐车资格认证
中国第一汽车集团有限公司,CA6520H0EVXH,0,0,0,0,1,2208试验口径,"[{""purpose_scope"":""2208试验口径"",""source_record_ids"":""old-46-Word97--0-14"",""source_observation_date_upper"":""2021-09-10"",""source_file"":""原件/免征目录/mf_batch46.doc"",""source_sha256"":""a4b2048b3d5c29a8969f0348e9fd19a3293f0c23e6f37a48bf42a2ed70c7d37d"",""firm_route_basis"":""原件企业合并格/上下文候选；非登记实体认证""}]",0,按来源/日期/配置版本分别答复；同型号合并附件不等于同配置或逐车资格认证
中国第一汽车集团有限公司,CA6520H0EVXK,0,0,0,1,1,92逐车资格;2208试验口径,"[{""purpose_scope"":""92逐车资格"",""source_record_ids"":""new-05-cell-4712;new-06-cell-5305"",""source_observation_date_upper"":""2024-05-20"",""source_file"":""原件/减免目录/cat_batch5.doc"",""source_sha256"":""be8c8373f926e8b033304f06a62d92b0f0fc066accc6841864c3fd414bc506ab"",""firm_route_basis"":""原件企业合并格/上下文候选；非登记实体认证""},{""purpose_scope"":""2208试验口径"",""source_record_ids"":""old-44-Word97--0-10"",""source_observation_date_upper"":""2021-07-12"",""source_file"":""原件/免征目录/mf_batch44.doc"",""source_sha256"":""aea30846204f4e55c0d969450f1619e1649eb27f471d5b0a2636d0da77eb0611"",""firm_route_basis"":""原件企业合并格/上下文候选；非登记实体认证""}]",0,按来源/日期/配置版本分别答复；同型号合并附件不等于同配置或逐车资格认证
中国第一汽车集团有限公司,CA6520H0EVXM,0,0,0,1,1,92逐车资格;2208试验口径,"[{""purpose_scope"":""92逐车资格"",""source_record_ids"":""new-05-cell-4690;new-06-cell-5281"",""source_observation_date_upper"":""2024-05-20"",""source_file"":""原件/减免目录/cat_batch5.doc"",""source_sha256"":""be8c8373f926e8b033304f06a62d92b0f0fc066accc6841864c3fd414bc506ab"",""firm_route_basis"":""原记录firm_raw""},{""purpose_scope"":""2208试验口径"",""source_record_ids"":""old-44-Word97--0-12"",""source_observation_date_upper"":""2021-07-12"",""source_file"":""原件/免征目录/mf_batch44.doc"",""source_sha256"":""aea30846204f4e55c0d969450f1619e1649eb27f471d5b0a2636d0da77eb0611"",""firm_route_basis"":""原件企业合并格/上下文候选；非登记实体认证""}]",0,按来源/日期/配置版本分别答复；同型号合并附件不等于同配置或逐车资格认证
中国第一汽车集团有限公司,CA6520H0EVXN,0,0,0,1,1,92逐车资格;2208试验口径,"[{""purpose_scope"":""92逐车资格"",""source_record_ids"":""new-05-cell-4701;new-06-cell-5293"",""source_observation_date_upper"":""2024-05-20"",""source_file"":""原件/减免目录/cat_batch5.doc"",""source_sha256"":""be8c8373f926e8b033304f06a62d92b0f0fc066accc6841864c3fd414bc506ab"",""firm_route_basis"":""原件企业合并格/上下文候选；非登记实体认证""},{""purpose_scope"":""2208试验口径"",""source_record_ids"":""old-44-Word97--0-9"",""source_observation_date_upper"":""2021-07-12"",""source_file"":""原件/免征目录/mf_batch44.doc"",""source_sha256"":""aea30846204f4e55c0d969450f1619e1649eb27f471d5b0a2636d0da77eb0611"",""firm_route_basis"":""原记录firm_raw""}]",0,按来源/日期/配置版本分别答复；同型号合并附件不等于同配置或逐车资格认证
中国第一汽车集团有限公司,CA7000H0EV,0,0,0,0,1,2208试验口径,"[{""purpose_scope"":""2208试验口径"",""source_record_ids"":""old-39-Word97--0-9"",""source_observation_date_upper"":""2021-01-29"",""source_file"":""原件/免征目录/mf_batch39.doc"",""source_sha256"":""48158862f567d71b07ac0a7a60c2c3bc6d2bb44dd5a86290b0b809d757a9eb07"",""firm_route_basis"":""原件企业合并格/上下文候选；非登记实体认证""}]",0,按来源/日期/配置版本分别答复；同型号合并附件不等于同配置或逐车资格认证
中国第一汽车集团有限公司,CA7000H0EVA,0,0,0,0,1,2208试验口径,"[{""purpose_scope"":""2208试验口径"",""source_record_ids"":""old-39-Word97--0-7"",""source_observation_date_upper"":""2021-01-29"",""source_file"":""原件/免征目录/mf_batch39.doc"",""source_sha256"":""48158862f567d71b07ac0a7a60c2c3bc6d2bb44dd5a86290b0b809d757a9eb07"",""firm_route_basis"":""原记录firm_raw""}]",0,按来源/日期/配置版本分别答复；同型号合并附件不等于同配置或逐车资格认证
中国第一汽车集团有限公司,CA7000H0EVB,0,0,0,1,1,92逐车资格;2208试验口径,"[{""purpose_scope"":""92逐车资格"",""source_record_ids"":""new-04-cell-3412;new-06-cell-4921"",""source_observation_date_upper"":""2024-04-15"",""source_file"":""原件/减免目录/cat_batch4.doc"",""source_sha256"":""e6d4f6d7e11833351bf9e247aa8032273ad029b83385189b0ffebd81d10b8ce6"",""firm_route_basis"":""原记录firm_raw""},{""purpose_scope"":""2208试验口径"",""source_record_ids"":""old-42-Word97--0-15"",""source_observation_date_upper"":""2021-04-30"",""source_file"":""原件/免征目录/mf_batch42.doc"",""source_sha256"":""fef4fd8ea19d773d368642e51a4bdb24c148530251a2240be4ff1358d5d41fab"",""firm_route_basis"":""原件企业合并格/上下文候选；非登记实体认证""}]",0,按来源/日期/配置版本分别答复；同型号合并附件不等于同配置或逐车资格认证
中国第一汽车集团有限公司,CA7000H0EVC,0,0,0,0,1,2208试验口径,"[{""purpose_scope"":""2208试验口径"",""source_record_ids"":""old-42-Word97--0-16"",""source_observation_date_upper"":""2021-04-30"",""source_file"":""原件/免征目录/mf_batch42.doc"",""source_sha256"":""fef4fd8ea19d773d368642e51a4bdb24c148530251a2240be4ff1358d5d41fab"",""firm_route_basis"":""原件企业合并格/上下文候选；非登记实体认证""}]",0,按来源/日期/配置版本分别答复；同型号合并附件不等于同配置或逐车资格认证
中国第一汽车集团有限公司,CA7000H0EVD,0,0,0,0,1,2208试验口径,"[{""purpose_scope"":""2208试验口径"",""source_record_ids"":""old-46-Word97--0-13"",""source_observation_date_upper"":""2021-09-10"",""source_file"":""原件/免征目录/mf_batch46.doc"",""source_sha256"":""a4b2048b3d5c29a8969f0348e9fd19a3293f0c23e6f37a48bf42a2ed70c7d37d"",""firm_route_basis"":""原记录firm_raw""}]",0,按来源/日期/配置版本分别答复；同型号合并附件不等于同配置或逐车资格认证
中国第一汽车集团有限公司,CA7000H0SEV,0,0,0,1,1,92逐车资格;2208试验口径,"[{""purpose_scope"":""92逐车资格"",""source_record_ids"":""new-05-cell-4459;new-06-cell-5029"",""source_observation_date_upper"":""2024-05-20"",""source_file"":""原件/减免目录/cat_batch5.doc"",""source_sha256"":""be8c8373f926e8b033304f06a62d92b0f0fc066accc6841864c3fd414bc506ab"",""firm_route_basis"":""原记录firm_raw""},{""purpose_scope"":""2208试验口径"",""source_record_ids"":""old-42-Word97--0-14"",""source_observation_date_upper"":""2021-04-30"",""source_file"":""原件/免征目录/mf_batch42.doc"",""source_sha256"":""fef4fd8ea19d773d368642e51a4bdb24c148530251a2240be4ff1358d5d41fab"",""firm_route_basis"":""原记录firm_raw""}]",0,按来源/日期/配置版本分别答复；同型号合并附件不等于同配置或逐车资格认证
中国第一汽车集团有限公司,CA7000H0SEVA,0,0,0,1,0,92逐车资格,"[{""purpose_scope"":""92逐车资格"",""source_record_ids"":""new-05-cell-4470;new-06-cell-5041"",""source_observation_date_upper"":""2024-05-20"",""source_file"":""原件/减免目录/cat_batch5.doc"",""source_sha256"":""be8c8373f926e8b033304f06a62d92b0f0fc066accc6841864c3fd414bc506ab"",""firm_route_basis"":""原件企业合并格/上下文候选；非登记实体认证""}]",0,按来源/日期/配置版本分别答复；同型号合并附件不等于同配置或逐车资格认证
中国第一汽车集团有限公司,CA7001BEVB,0,0,0,0,1,2208试验口径,"[{""purpose_scope"":""2208试验口径"",""source_record_ids"":""old-24-Word97--0-2"",""source_observation_date_upper"":""2019-04-30"",""source_file"":""原件/免征目录/mf_batch24.wps"",""source_sha256"":""07775a0cb063fe0fce5880b9378dd1eb2522b725d645cabdee314d604779939d"",""firm_route_basis"":""原记录firm_raw""}]",0,按来源/日期/配置版本分别答复；同型号合并附件不等于同配置或逐车资格认证
中国第一汽车集团有限公司,CA7001H0EV,0,0,0,0,1,2208试验口径,"[{""purpose_scope"":""2208试验口径"",""source_record_ids"":""old-71-Word97--0-6"",""source_observation_date_upper"":""2023-11-20"",""source_file"":""原件/免征目录/mf_batch71.doc"",""source_sha256"":""b37b78b64b8ef7e12e6e95d6fd27a4a6e364c0c83ba403ffcf3bca82c60e3460"",""firm_route_basis"":""原件企业合并格/上下文候选；非登记实体认证""}]",0,按来源/日期/配置版本分别答复；同型号合并附件不等于同配置或逐车资格认证
中国第一汽车集团有限公司,CA7001H0EVX,0,0,0,0,1,2208试验口径,"[{""purpose_scope"":""2208试验口径"",""source_record_ids"":""old-71-Word97--0-5"",""source_observation_date_upper"":""2023-11-20"",""source_file"":""原件/免征目录/mf_batch71.doc"",""source_sha256"":""b37b78b64b8ef7e12e6e95d6fd27a4a6e364c0c83ba403ffcf3bca82c60e3460"",""firm_route_basis"":""原记录firm_raw""}]",0,按来源/日期/配置版本分别答复；同型号合并附件不等于同配置或逐车资格认证
中国第一汽车集团有限公司,CA7002EV,0,0,0,0,1,2208试验口径,"[{""purpose_scope"":""2208试验口径"",""source_record_ids"":""old-20-DOCX--0-80"",""source_observation_date_upper"":""2018-09-19"",""source_file"":""原件/免征目录/mf_batch20.docx"",""source_sha256"":""374d3f87551d75d1c163e76abb38f350ea93f8a2b8cad6174568c307d1cc0130"",""firm_route_basis"":""原记录firm_raw""}]",0,按来源/日期/配置版本分别答复；同型号合并附件不等于同配置或逐车资格认证
中国第一汽车集团有限公司,CA7002EVA,0,0,0,0,1,2208试验口径,"[{""purpose_scope"":""2208试验口径"",""source_record_ids"":""old-20-DOCX--0-81"",""source_observation_date_upper"":""2018-09-19"",""source_file"":""原件/免征目录/mf_batch20.docx"",""source_sha256"":""374d3f87551d75d1c163e76abb38f350ea93f8a2b8cad6174568c307d1cc0130"",""firm_route_basis"":""原件企业合并格/上下文候选；非登记实体认证""}]",0,按来源/日期/配置版本分别答复；同型号合并附件不等于同配置或逐车资格认证
中国第一汽车集团有限公司,CA7002H0EVS,0,0,0,0,1,2208试验口径,"[{""purpose_scope"":""2208试验口径"",""source_record_ids"":""old-33-Word97--0-2"",""source_observation_date_upper"":""2020-07-21"",""source_file"":""原件/免征目录/mf_batch33.doc"",""source_sha256"":""ff98fbb1708c47cdcfc1e79e7a1647e72a7ae6d4255dce3b250d661001340c09"",""firm_route_basis"":""原记录firm_raw""}]",0,按来源/日期/配置版本分别答复；同型号合并附件不等于同配置或逐车资格认证
中国第一汽车集团有限公司,CA7003BEV,0,0,0,0,1,2208试验口径,"[{""purpose_scope"":""2208试验口径"",""source_record_ids"":""old-25-Word97--0-2"",""source_observation_date_upper"":""2019-06-12"",""source_file"":""原件/免征目录/mf_batch25.wps"",""source_sha256"":""9d2abe319463522513fe9c90f98bb8d0a825b599267d0b3cc403cec9624b3297"",""firm_route_basis"":""原记录firm_raw""}]",0,按来源/日期/配置版本分别答复；同型号合并附件不等于同配置或逐车资格认证
中国第一汽车集团有限公司,CA7003BEVA,0,0,0,0,1,2208试验口径,"[{""purpose_scope"":""2208试验口径"",""source_record_ids"":""old-26-DOCX--0-2"",""source_observation_date_upper"":""2019-08-30"",""source_file"":""原件/免征目录/mf_batch26.docx"",""source_sha256"":""de0890335ef3a4f1302a8a0735ec8b6aed52e994e2635db481820060d62248b5"",""firm_route_basis"":""原记录firm_raw""}]",0,按来源/日期/配置版本分别答复；同型号合并附件不等于同配置或逐车资格认证
中国第一汽车集团有限公司,CA7003BEVB,0,0,0,0,1,2208试验口径,"[{""purpose_scope"":""2208试验口径"",""source_record_ids"":""old-27-Word97--0-2"",""source_observation_date_upper"":""2019-10-25"",""source_file"":""原件/免征目录/mf_batch27.doc"",""source_sha256"":""2bd67cf7e1efc03ae93942d0d340ffef87478709520383b6ee4d08baf843ead1"",""firm_route_basis"":""原记录firm_raw""}]",0,按来源/日期/配置版本分别答复；同型号合并附件不等于同配置或逐车资格认证
中国第一汽车集团有限公司,CA7003BEVC,0,0,0,0,1,2208试验口径,"[{""purpose_scope"":""2208试验口径"",""source_record_ids"":""old-27-Word97--0-3"",""source_observation_date_upper"":""2019-10-25"",""source_file"":""原件/免征目录/mf_batch27.doc"",""source_sha256"":""2bd67cf7e1efc03ae93942d0d340ffef87478709520383b6ee4d08baf843ead1"",""firm_route_basis"":""原件企业合并格/上下文候选；非登记实体认证""}]",0,按来源/日期/配置版本分别答复；同型号合并附件不等于同配置或逐车资格认证
中国第一汽车集团有限公司,CA7006BEVA,0,0,0,0,1,2208试验口径,"[{""purpose_scope"":""2208试验口径"",""source_record_ids"":""old-22-Word97--0-2"",""source_observation_date_upper"":""2018-12-18"",""source_file"":""原件/免征目录/mf_batch22.doc"",""source_sha256"":""eaf3fc1e64742af85b3d4bc90388d0a93154a497fd6c1fb9bf73b857672e1212"",""firm_route_basis"":""原记录firm_raw""}]",0,按来源/日期/配置版本分别答复；同型号合并附件不等于同配置或逐车资格认证
中国第一汽车集团有限公司,CA7007BEVA,0,0,0,1,1,92逐车资格;2208试验口径,"[{""purpose_scope"":""92逐车资格"",""source_record_ids"":""new-06-cell-5425"",""source_observation_date_upper"":""2024-05-31"",""source_file"":""原件/减免目录/cat_batch6.doc"",""source_sha256"":""8017fdbcfa01dc3f5d2bd65fe4a06f5212edd78d39fee33fd47f6a2823eedcf7"",""firm_route_basis"":""原件企业合并格/上下文候选；非登记实体认证""},{""purpose_scope"":""2208试验口径"",""source_record_ids"":""old-44-Word97--0-11"",""source_observation_date_upper"":""2021-07-12"",""source_file"":""原件/免征目录/mf_batch44.doc"",""source_sha256"":""aea30846204f4e55c0d969450f1619e1649eb27f471d5b0a2636d0da77eb0611"",""firm_route_basis"":""原件企业合并格/上下文候选；非登记实体认证""}]",0,按来源/日期/配置版本分别答复；同型号合并附件不等于同配置或逐车资格认证
中国第一汽车集团有限公司,CA7007BEVB,0,0,0,0,1,2208试验口径,"[{""purpose_scope"":""2208试验口径"",""source_record_ids"":""old-39-Word97--0-8"",""source_observation_date_upper"":""2021-01-29"",""source_file"":""原件/免征目录/mf_batch39.doc"",""source_sha256"":""48158862f567d71b07ac0a7a60c2c3bc6d2bb44dd5a86290b0b809d757a9eb07"",""firm_route_basis"":""原件企业合并格/上下文候选；非登记实体认证""}]",0,按来源/日期/配置版本分别答复；同型号合并附件不等于同配置或逐车资格认证
中国第一汽车集团有限公司,CA7007BEVC,0,0,0,0,1,2208试验口径,"[{""purpose_scope"":""2208试验口径"",""source_record_ids"":""old-41-Word97--0-8"",""source_observation_date_upper"":""2021-03-31"",""source_file"":""原件/免征目录/mf_batch41.doc"",""source_sha256"":""ba4634c0877ebf99f8e462013e4a07e40f57478a4aaf921801a6c85a49c42b7f"",""firm_route_basis"":""原记录firm_raw""}]",0,按来源/日期/配置版本分别答复；同型号合并附件不等于同配置或逐车资格认证
中国第一汽车集团有限公司,CA7007BEVD,0,0,0,0,1,2208试验口径,"[{""purpose_scope"":""2208试验口径"",""source_record_ids"":""old-50-Word97--0-16"",""source_observation_date_upper"":""2021-12-29"",""source_file"":""原件/免征目录/mf_batch50.doc"",""source_sha256"":""3810672d92621612507384960254de602e629e75a308df22ee2291519445095e"",""firm_route_basis"":""原记录firm_raw""}]",0,按来源/日期/配置版本分别答复；同型号合并附件不等于同配置或逐车资格认证
中国第一汽车集团有限公司,CA7007BEVE,0,0,0,0,1,2208试验口径,"[{""purpose_scope"":""2208试验口径"",""source_record_ids"":""old-50-Word97--0-17"",""source_observation_date_upper"":""2021-12-29"",""source_file"":""原件/免征目录/mf_batch50.doc"",""source_sha256"":""3810672d92621612507384960254de602e629e75a308df22ee2291519445095e"",""firm_route_basis"":""原件企业合并格/上下文候选；非登记实体认证""}]",0,按来源/日期/配置版本分别答复；同型号合并附件不等于同配置或逐车资格认证
中国第一汽车集团有限公司,CA7007BEVF,0,0,0,0,1,2208试验口径,"[{""purpose_scope"":""2208试验口径"",""source_record_ids"":""old-48-Word97--0-13"",""source_observation_date_upper"":""2021-11-05"",""source_file"":""原件/免征目录/mf_batch48.doc"",""source_sha256"":""ee5aa19736215cfcb3b76ffff90bcd0d9108c61758ccb756f7d4ad17e75a835c"",""firm_route_basis"":""原记录firm_raw""}]",0,按来源/日期/配置版本分别答复；同型号合并附件不等于同配置或逐车资格认证
中国第一汽车集团有限公司,CA7007BEVH,0,0,0,1,0,92逐车资格,"[{""purpose_scope"":""92逐车资格"",""source_record_ids"":""new-06-cell-5401"",""source_observation_date_upper"":""2024-05-31"",""source_file"":""原件/减免目录/cat_batch6.doc"",""source_sha256"":""8017fdbcfa01dc3f5d2bd65fe4a06f5212edd78d39fee33fd47f6a2823eedcf7"",""firm_route_basis"":""原记录firm_raw""}]",0,按来源/日期/配置版本分别答复；同型号合并附件不等于同配置或逐车资格认证
中国第一汽车集团有限公司,CA7007BSEVC,0,0,0,1,0,92逐车资格,"[{""purpose_scope"":""92逐车资格"",""source_record_ids"":""new-06-cell-5413"",""source_observation_date_upper"":""2024-05-31"",""source_file"":""原件/减免目录/cat_batch6.doc"",""source_sha256"":""8017fdbcfa01dc3f5d2bd65fe4a06f5212edd78d39fee33fd47f6a2823eedcf7"",""firm_route_basis"":""原件企业合并格/上下文候选；非登记实体认证""}]",0,按来源/日期/配置版本分别答复；同型号合并附件不等于同配置或逐车资格认证
中国第一汽车集团进出口有限公司,ETRON55GESBM1JQ6A0,0,0,0,0,1,2208试验口径,"[{""purpose_scope"":""2208试验口径"",""source_record_ids"":""old-46-Word97--0-11"",""source_observation_date_upper"":""2021-09-10"",""source_file"":""原件/免征目录/mf_batch46.doc"",""source_sha256"":""a4b2048b3d5c29a8969f0348e9fd19a3293f0c23e6f37a48bf42a2ed70c7d37d"",""firm_route_basis"":""原记录firm_raw""}]",0,按来源/日期/配置版本分别答复；同型号合并附件不等于同配置或逐车资格认证
中国第一汽车集团进出口有限公司,ETRONGT60FWSBD2VQ6C1,0,0,0,0,1,2208试验口径,"[{""purpose_scope"":""2208试验口径"",""source_record_ids"":""old-65-Word97--0-3"",""source_observation_date_upper"":""2023-05-09"",""source_file"":""原件/免征目录/mf_batch65.doc"",""source_sha256"":""06a6a578a9a60516a845bc92deac49954438a789e9e4a7cf3cd140f256d9b13d"",""firm_route_basis"":""原件企业合并格/上下文候选；非登记实体认证""}]",0,按来源/日期/配置版本分别答复；同型号合并附件不等于同配置或逐车资格认证
中国第一汽车集团进出口有限公司,ETRONGT60FWSBD2VQ6C2,0,0,0,0,1,2208试验口径,"[{""purpose_scope"":""2208试验口径"",""source_record_ids"":""old-65-Word97--0-2"",""source_observation_date_upper"":""2023-05-09"",""source_file"":""原件/免征目录/mf_batch65.doc"",""source_sha256"":""06a6a578a9a60516a845bc92deac49954438a789e9e4a7cf3cd140f256d9b13d"",""firm_route_basis"":""原记录firm_raw""}]",0,按来源/日期/配置版本分别答复；同型号合并附件不等于同配置或逐车资格认证
中国第一汽车集团进出口有限公司,RSETRONGTFWSBL1WQ6C0,0,0,0,0,1,2208试验口径,"[{""purpose_scope"":""2208试验口径"",""source_record_ids"":""old-59-Word97--0-7"",""source_observation_date_upper"":""2022-10-10"",""source_file"":""原件/免征目录/mf_batch59.doc"",""source_sha256"":""32738e2df847e0c74ff96d48b8a13e1dd9c31aee84b7c0a633e2d9c8a3e01f86"",""firm_route_basis"":""原记录firm_raw""}]",0,按来源/日期/配置版本分别答复；同型号合并附件不等于同配置或逐车资格认证
中恒天智骏(赣州)汽车有限公司,ZHT7000KB00EV,0,0,0,0,1,2208试验口径,"[{""purpose_scope"":""2208试验口径"",""source_record_ids"":""old-27-Word97--0-45"",""source_observation_date_upper"":""2019-10-25"",""source_file"":""原件/免征目录/mf_batch27.doc"",""source_sha256"":""2bd67cf7e1efc03ae93942d0d340ffef87478709520383b6ee4d08baf843ead1"",""firm_route_basis"":""原记录firm_raw""}]",0,按来源/日期/配置版本分别答复；同型号合并附件不等于同配置或逐车资格认证
中恒天智骏(赣州)汽车有限公司,ZHT7000KD00EV,0,0,0,0,1,2208试验口径,"[{""purpose_scope"":""2208试验口径"",""source_record_ids"":""old-27-Word97--0-46"",""source_observation_date_upper"":""2019-10-25"",""source_file"":""原件/免征目录/mf_batch27.doc"",""source_sha256"":""2bd67cf7e1efc03ae93942d0d340ffef87478709520383b6ee4d08baf843ead1"",""firm_route_basis"":""原件企业合并格/上下文候选；非登记实体认证""}]",0,按来源/日期/配置版本分别答复；同型号合并附件不等于同配置或逐车资格认证
中恒天智骏(赣州)汽车有限公司,ZHT7000KD01EV,0,0,0,0,1,2208试验口径,"[{""purpose_scope"":""2208试验口径"",""source_record_ids"":""old-27-Word97--0-47"",""source_observation_date_upper"":""2019-10-25"",""source_file"":""原件/免征目录/mf_batch27.doc"",""source_sha256"":""2bd67cf7e1efc03ae93942d0d340ffef87478709520383b6ee4d08baf843ead1"",""firm_route_basis"":""原件企业合并格/上下文候选；非登记实体认证""}]",0,按来源/日期/配置版本分别答复；同型号合并附件不等于同配置或逐车资格认证
中恒天智骏(赣州)汽车有限公司,ZHT7000KD02EV,0,0,0,0,1,2208试验口径,"[{""purpose_scope"":""2208试验口径"",""source_record_ids"":""old-28-Word97--0-19"",""source_observation_date_upper"":""2019-12-10"",""source_file"":""原件/免征目录/mf_batch28.doc"",""source_sha256"":""dfe1b301a5e8373e94e0e4a2fccee3d258c56bb662e4928764a71274142acd72"",""firm_route_basis"":""原记录firm_raw""}]",0,按来源/日期/配置版本分别答复；同型号合并附件不等于同配置或逐车资格认证
中恒天智骏(赣州)汽车有限公司,ZHT7000KD06EV,0,0,0,0,1,2208试验口径,"[{""purpose_scope"":""2208试验口径"",""source_record_ids"":""old-34-Word97--0-50"",""source_observation_date_upper"":""2020-08-24"",""source_file"":""原件/免征目录/mf_batch34.doc"",""source_sha256"":""d5c5bb03cc5fe0f16b284048e265ad35d62c12c0416f14aef0ce026a229aa831"",""firm_route_basis"":""原记录firm_raw""}]",0,按来源/日期/配置版本分别答复；同型号合并附件不等于同配置或逐车资格认证
中恒天智骏(赣州)汽车有限公司,ZHT7000SU00EV,0,0,0,0,1,2208试验口径,"[{""purpose_scope"":""2208试验口径"",""source_record_ids"":""old-27-Word97--0-48"",""source_observation_date_upper"":""2019-10-25"",""source_file"":""原件/免征目录/mf_batch27.doc"",""source_sha256"":""2bd67cf7e1efc03ae93942d0d340ffef87478709520383b6ee4d08baf843ead1"",""firm_route_basis"":""原件企业合并格/上下文候选；非登记实体认证""}]",0,按来源/日期/配置版本分别答复；同型号合并附件不等于同配置或逐车资格认证
中恒天智骏(赣州)汽车有限公司,ZHT7000SU02EV,0,0,0,0,1,2208试验口径,"[{""purpose_scope"":""2208试验口径"",""source_record_ids"":""mf29-t0-r22"",""source_observation_date_upper"":""2019-12-27"",""source_file"":""原件/mf_batch29.doc"",""source_sha256"":""8d24a01958cc6d44fa7826ecbb6a76869b9a0f2c98b97597d57af02932f2afaf"",""firm_route_basis"":""原记录firm_raw""}]",0,按来源/日期/配置版本分别答复；同型号合并附件不等于同配置或逐车资格认证
中恒天智骏(赣州)汽车有限公司,ZHT7000SU03EV,0,0,0,0,1,2208试验口径,"[{""purpose_scope"":""2208试验口径"",""source_record_ids"":""old-35-Word97--0-14"",""source_observation_date_upper"":""2020-09-21"",""source_file"":""原件/免征目录/mf_batch35.wps"",""source_sha256"":""e4a6abd0e50daa81d029f8b37584511354700e855dc89de210fcba782b0643f0"",""firm_route_basis"":""原记录firm_raw""}]",0,按来源/日期/配置版本分别答复；同型号合并附件不等于同配置或逐车资格认证
丰田汽车(中国)投资有限公司,KMA10L-AWDBSC2,0,0,0,0,1,2208试验口径,"[{""purpose_scope"":""2208试验口径"",""source_record_ids"":""old-31-Word97--0-28"",""source_observation_date_upper"":""2020-04-24"",""source_file"":""原件/免征目录/mf_batch31.doc"",""source_sha256"":""e1ccec4a87ab96ca346e5756d6b14369eb9727ec2c2cfd03c1182a592ddd3bee"",""firm_route_basis"":""原记录firm_raw""}]",0,按来源/日期/配置版本分别答复；同型号合并附件不等于同配置或逐车资格认证
丰田汽车(中国)投资有限公司,XEBM10L-AWDBSC2,0,0,0,0,1,2208试验口径,"[{""purpose_scope"":""2208试验口径"",""source_record_ids"":""old-70-Word97--0-3"",""source_observation_date_upper"":""2023-10-18"",""source_file"":""原件/免征目录/mf_batch70.doc"",""source_sha256"":""29b9f5df62602e114f0ed01426c185fdb15a654022cdf16d4df624bb736ed813"",""firm_route_basis"":""原件企业合并格/上下文候选；非登记实体认证""}]",0,按来源/日期/配置版本分别答复；同型号合并附件不等于同配置或逐车资格认证
丰田汽车(中国)投资有限公司,XEBM15L-AWDBSC2,0,0,0,1,1,92逐车资格;2208试验口径,"[{""purpose_scope"":""92逐车资格"",""source_record_ids"":""new-05-cell-4657;new-06-cell-5245"",""source_observation_date_upper"":""2024-05-20"",""source_file"":""原件/减免目录/cat_batch5.doc"",""source_sha256"":""be8c8373f926e8b033304f06a62d92b0f0fc066accc6841864c3fd414bc506ab"",""firm_route_basis"":""原记录firm_raw""},{""purpose_scope"":""2208试验口径"",""source_record_ids"":""old-63-Word97--0-2"",""source_observation_date_upper"":""2023-03-10"",""source_file"":""原件/免征目录/mf_batch63.doc"",""source_sha256"":""1d0f4bf9c7c1f67712e9efa3a5e3222c30d4e438653b9335aaff9714e65f8c05"",""firm_route_basis"":""原记录firm_raw""}]",0,按来源/日期/配置版本分别答复；同型号合并附件不等于同配置或逐车资格认证
丰田汽车(中国)投资有限公司,XEBM15L-AWDCSC2,0,0,0,1,0,92逐车资格,"[{""purpose_scope"":""92逐车资格"",""source_record_ids"":""new-05-cell-4668;new-06-cell-5257"",""source_observation_date_upper"":""2024-05-20"",""source_file"":""原件/减免目录/cat_batch5.doc"",""source_sha256"":""be8c8373f926e8b033304f06a62d92b0f0fc066accc6841864c3fd414bc506ab"",""firm_route_basis"":""原件企业合并格/上下文候选；非登记实体认证""}]",0,按来源/日期/配置版本分别答复；同型号合并附件不等于同配置或逐车资格认证
丰田汽车(中国)投资有限公司,XEBM15L-AWDLSC2,0,0,0,1,1,92逐车资格;2208试验口径,"[{""purpose_scope"":""92逐车资格"",""source_record_ids"":""new-05-cell-4679;new-06-cell-5269"",""source_observation_date_upper"":""2024-05-20"",""source_file"":""原件/减免目录/cat_batch5.doc"",""source_sha256"":""be8c8373f926e8b033304f06a62d92b0f0fc066accc6841864c3fd414bc506ab"",""firm_route_basis"":""原件企业合并格/上下文候选；非登记实体认证""},{""purpose_scope"":""2208试验口径"",""source_record_ids"":""old-63-Word97--0-4"",""source_observation_date_upper"":""2023-03-10"",""source_file"":""原件/免征目录/mf_batch63.doc"",""source_sha256"":""1d0f4bf9c7c1f67712e9efa3a5e3222c30d4e438653b9335aaff9714e65f8c05"",""firm_route_basis"":""原件企业合并格/上下文候选；非登记实体认证""}]",0,按来源/日期/配置版本分别答复；同型号合并附件不等于同配置或逐车资格认证
丹东黄海汽车有限责任公司,DD7000BEVWRA,0,0,1,0,0,4单项细分,"[{""purpose_scope"":""4单项细分"",""source_record_ids"":""old-57-Word97--0-44"",""source_observation_date_upper"":""2022-08-10"",""source_file"":""原件/免征目录/mf_batch57.doc"",""source_sha256"":""96d9708a19952b23d71fc40e9976a33ae30ca118226a032954a93ab36f355f21"",""firm_route_basis"":""原记录firm_raw""}]",0,按来源/日期/配置版本分别答复；同型号合并附件不等于同配置或逐车资格认证
丹东黄海汽车有限责任公司,DD7000BEVWRA1,0,0,0,0,1,2208试验口径,"[{""purpose_scope"":""2208试验口径"",""source_record_ids"":""old-61-Word97--0-19"",""source_observation_date_upper"":""2022-12-19"",""source_file"":""原件/免征目录/mf_batch61.doc"",""source_sha256"":""d360a77695ccf20f3c17a354a1dd02fc846a7ae8bd18b41492515881a7240b72"",""firm_route_basis"":""原记录firm_raw""}]",0,按来源/日期/配置版本分别答复；同型号合并附件不等于同配置或逐车资格认证
云度新能源汽车有限公司,YDE7000BEV1R,0,0,0,0,1,2208试验口径,"[{""purpose_scope"":""2208试验口径"",""source_record_ids"":""old-46-Word97--0-39"",""source_observation_date_upper"":""2021-09-10"",""source_file"":""原件/免征目录/mf_batch46.doc"",""source_sha256"":""a4b2048b3d5c29a8969f0348e9fd19a3293f0c23e6f37a48bf42a2ed70c7d37d"",""firm_route_basis"":""原记录firm_raw""}]",0,按来源/日期/配置版本分别答复；同型号合并附件不等于同配置或逐车资格认证
云度新能源汽车有限公司,YDE7000BEV1S,0,0,0,0,1,2208试验口径,"[{""purpose_scope"":""2208试验口径"",""source_record_ids"":""old-62-Word97--0-41"",""source_observation_date_upper"":""2023-02-20"",""source_file"":""原件/免征目录/mf_batch62.doc"",""source_sha256"":""7694ac7207998b6af7c895cdd2c1d752421df436d4b28f83195261dd47f6509c"",""firm_route_basis"":""原件企业合并格/上下文候选；非登记实体认证""}]",0,按来源/日期/配置版本分别答复；同型号合并附件不等于同配置或逐车资格认证
云度新能源汽车有限公司,YDE7000BEV1T,0,0,0,0,1,2208试验口径,"[{""purpose_scope"":""2208试验口径"",""source_record_ids"":""old-62-Word97--0-40"",""source_observation_date_upper"":""2023-02-20"",""source_file"":""原件/免征目录/mf_batch62.doc"",""source_sha256"":""7694ac7207998b6af7c895cdd2c1d752421df436d4b28f83195261dd47f6509c"",""firm_route_basis"":""原记录firm_raw""}]",0,按来源/日期/配置版本分别答复；同型号合并附件不等于同配置或逐车资格认证
云度新能源汽车有限公司,YDE7000BEV1U,0,0,0,0,1,2208试验口径,"[{""purpose_scope"":""2208试验口径"",""source_record_ids"":""old-68-Word97--0-17"",""source_observation_date_upper"":""2023-08-16"",""source_file"":""原件/免征目录/mf_batch68.doc"",""source_sha256"":""58113d08377020d08de0aeb0e08ff63c4a4411dbe35ad69cfdd6f82fdf0fcc77"",""firm_route_basis"":""原记录firm_raw""}]",0,按来源/日期/配置版本分别答复；同型号合并附件不等于同配置或逐车资格认证
云度新能源汽车有限公司,YDE7000BEV1V,0,0,0,0,1,2208试验口径,"[{""purpose_scope"":""2208试验口径"",""source_record_ids"":""old-70-Word97--0-28"",""source_observation_date_upper"":""2023-10-18"",""source_file"":""原件/免征目录/mf_batch70.doc"",""source_sha256"":""29b9f5df62602e114f0ed01426c185fdb15a654022cdf16d4df624bb736ed813"",""firm_route_basis"":""原记录firm_raw""}]",0,按来源/日期/配置版本分别答复；同型号合并附件不等于同配置或逐车资格认证
保时捷(中国)汽车销售有限公司,TAYCAN4D112,0,0,0,0,1,2208试验口径,"[{""purpose_scope"":""2208试验口径"",""source_record_ids"":""old-60-Word97--0-7"",""source_observation_date_upper"":""2022-11-09"",""source_file"":""原件/免征目录/mf_batch60.doc"",""source_sha256"":""aabd19e9a0955380873798454b18b3bb15c87937dffcbb0ccfab2eae3bf3551b"",""firm_route_basis"":""原件企业合并格/上下文候选；非登记实体认证""}]",0,按来源/日期/配置版本分别答复；同型号合并附件不等于同配置或逐车资格认证
保时捷(中国)汽车销售有限公司,TAYCAN4SC111,0,0,0,1,1,92逐车资格;2208试验口径,"[{""purpose_scope"":""92逐车资格"",""source_record_ids"":""new-05-cell-4646;new-06-cell-5233"",""source_observation_date_upper"":""2024-05-20"",""source_file"":""原件/减免目录/cat_batch5.doc"",""source_sha256"":""be8c8373f926e8b033304f06a62d92b0f0fc066accc6841864c3fd414bc506ab"",""firm_route_basis"":""原记录firm_raw""},{""purpose_scope"":""2208试验口径"",""source_record_ids"":""old-39-Word97--0-36"",""source_observation_date_upper"":""2021-01-29"",""source_file"":""原件/免征目录/mf_batch39.doc"",""source_sha256"":""48158862f567d71b07ac0a7a60c2c3bc6d2bb44dd5a86290b0b809d757a9eb07"",""firm_route_basis"":""原记录firm_raw""}]",0,按来源/日期/配置版本分别答复；同型号合并附件不等于同配置或逐车资格认证
保时捷(中国)汽车销售有限公司,TAYCAN4SD111,0,0,0,0,1,2208试验口径,"[{""purpose_scope"":""2208试验口径"",""source_record_ids"":""old-60-Word97--0-6"",""source_observation_date_upper"":""2022-11-09"",""source_file"":""原件/免征目录/mf_batch60.doc"",""source_sha256"":""aabd19e9a0955380873798454b18b3bb15c87937dffcbb0ccfab2eae3bf3551b"",""firm_route_basis"":""原件企业合并格/上下文候选；非登记实体认证""}]",0,按来源/日期/配置版本分别答复；同型号合并附件不等于同配置或逐车资格认证
保时捷(中国)汽车销售有限公司,TAYCAN4SD112,0,0,0,0,1,2208试验口径,"[{""purpose_scope"":""2208试验口径"",""source_record_ids"":""old-60-Word97--0-5"",""source_observation_date_upper"":""2022-11-09"",""source_file"":""原件/免征目录/mf_batch60.doc"",""source_sha256"":""aabd19e9a0955380873798454b18b3bb15c87937dffcbb0ccfab2eae3bf3551b"",""firm_route_basis"":""原记录firm_raw""}]",0,按来源/日期/配置版本分别答复；同型号合并附件不等于同配置或逐车资格认证
保时捷(中国)汽车销售有限公司,TAYCANC111,0,0,0,0,1,2208试验口径,"[{""purpose_scope"":""2208试验口径"",""source_record_ids"":""old-46-Word97--0-8"",""source_observation_date_upper"":""2021-09-10"",""source_file"":""原件/免征目录/mf_batch46.doc"",""source_sha256"":""a4b2048b3d5c29a8969f0348e9fd19a3293f0c23e6f37a48bf42a2ed70c7d37d"",""firm_route_basis"":""原件企业合并格/上下文候选；非登记实体认证""}]",0,按来源/日期/配置版本分别答复；同型号合并附件不等于同配置或逐车资格认证
保时捷(中国)汽车销售有限公司,TAYCAND111,0,0,0,0,1,2208试验口径,"[{""purpose_scope"":""2208试验口径"",""source_record_ids"":""old-46-Word97--0-7"",""source_observation_date_upper"":""2021-09-10"",""source_file"":""原件/免征目录/mf_batch46.doc"",""source_sha256"":""a4b2048b3d5c29a8969f0348e9fd19a3293f0c23e6f37a48bf42a2ed70c7d37d"",""firm_route_basis"":""原记录firm_raw""}]",0,按来源/日期/配置版本分别答复；同型号合并附件不等于同配置或逐车资格认证
保时捷(中国)汽车销售有限公司,TAYCANGTSD111,0,0,0,0,1,2208试验口径,"[{""purpose_scope"":""2208试验口径"",""source_record_ids"":""old-58-Word97--0-2"",""source_observation_date_upper"":""2022-09-16"",""source_file"":""原件/免征目录/mf_batch58.doc"",""source_sha256"":""b642358bb3078d2dde909a798935c0c1fc75d90f22b33f7c48aa87209acc100d"",""firm_route_basis"":""原记录firm_raw""}]",0,按来源/日期/配置版本分别答复；同型号合并附件不等于同配置或逐车资格认证
兰州知豆电动汽车有限公司,LZD7001BEV01,0,0,0,0,1,2208试验口径,"[{""purpose_scope"":""2208试验口径"",""source_record_ids"":""old-16-Word97--0-37"",""source_observation_date_upper"":""2018-02-13"",""source_file"":""原件/免征目录/mf_batch16.docx"",""source_sha256"":""9db5ace6c1c59bd9636d48636f94fa77d2b6e0aa27b109421690ce6a8c4a3967"",""firm_route_basis"":""原件企业合并格/上下文候选；非登记实体认证""}]",0,按来源/日期/配置版本分别答复；同型号合并附件不等于同配置或逐车资格认证
兰州知豆电动汽车有限公司,LZD7001BEV02,0,0,0,0,1,2208试验口径,"[{""purpose_scope"":""2208试验口径"",""source_record_ids"":""old-16-Word97--0-31"",""source_observation_date_upper"":""2018-02-13"",""source_file"":""原件/免征目录/mf_batch16.docx"",""source_sha256"":""9db5ace6c1c59bd9636d48636f94fa77d2b6e0aa27b109421690ce6a8c4a3967"",""firm_route_basis"":""原件企业合并格/上下文候选；非登记实体认证""}]",0,按来源/日期/配置版本分别答复；同型号合并附件不等于同配置或逐车资格认证
兰州知豆电动汽车有限公司,LZD7001BEV05,0,0,0,0,1,2208试验口径,"[{""purpose_scope"":""2208试验口径"",""source_record_ids"":""old-16-Word97--0-34"",""source_observation_date_upper"":""2018-02-13"",""source_file"":""原件/免征目录/mf_batch16.docx"",""source_sha256"":""9db5ace6c1c59bd9636d48636f94fa77d2b6e0aa27b109421690ce6a8c4a3967"",""firm_route_basis"":""原件企业合并格/上下文候选；非登记实体认证""}]",0,按来源/日期/配置版本分别答复；同型号合并附件不等于同配置或逐车资格认证
兰州知豆电动汽车有限公司,LZD7001BEV07,0,0,0,0,1,2208试验口径,"[{""purpose_scope"":""2208试验口径"",""source_record_ids"":""old-16-Word97--0-30"",""source_observation_date_upper"":""2018-02-13"",""source_file"":""原件/免征目录/mf_batch16.docx"",""source_sha256"":""9db5ace6c1c59bd9636d48636f94fa77d2b6e0aa27b109421690ce6a8c4a3967"",""firm_route_basis"":""原记录firm_raw""}]",0,按来源/日期/配置版本分别答复；同型号合并附件不等于同配置或逐车资格认证
兰州知豆电动汽车有限公司,LZD7001BEV08,0,0,0,0,1,2208试验口径,"[{""purpose_scope"":""2208试验口径"",""source_record_ids"":""old-16-Word97--0-32"",""source_observation_date_upper"":""2018-02-13"",""source_file"":""原件/免征目录/mf_batch16.docx"",""source_sha256"":""9db5ace6c1c59bd9636d48636f94fa77d2b6e0aa27b109421690ce6a8c4a3967"",""firm_route_basis"":""原件企业合并格/上下文候选；非登记实体认证""}]",0,按来源/日期/配置版本分别答复；同型号合并附件不等于同配置或逐车资格认证
兰州知豆电动汽车有限公司,LZD7001BEV15,0,0,0,0,1,2208试验口径,"[{""purpose_scope"":""2208试验口径"",""source_record_ids"":""old-19-DOCX--0-33"",""source_observation_date_upper"":""2018-07-31"",""source_file"":""原件/免征目录/mf_batch19.docx"",""source_sha256"":""fafd1558aa0f21067847c19bdd0a95c79b919737be7b07b87c4538107fb2b8e3"",""firm_route_basis"":""原记录firm_raw""}]",0,按来源/日期/配置版本分别答复；同型号合并附件不等于同配置或逐车资格认证
兰州知豆电动汽车有限公司,LZD7001BEV18,0,0,0,0,1,2208试验口径,"[{""purpose_scope"":""2208试验口径"",""source_record_ids"":""old-25-Word97--0-33"",""source_observation_date_upper"":""2019-06-12"",""source_file"":""原件/免征目录/mf_batch25.wps"",""source_sha256"":""9d2abe319463522513fe9c90f98bb8d0a825b599267d0b3cc403cec9624b3297"",""firm_route_basis"":""原记录firm_raw""}]",0,按来源/日期/配置版本分别答复；同型号合并附件不等于同配置或逐车资格认证
兰州知豆电动汽车有限公司,LZD7001BEV19,0,0,0,0,1,2208试验口径,"[{""purpose_scope"":""2208试验口径"",""source_record_ids"":""old-46-Word97--0-49"",""source_observation_date_upper"":""2021-09-10"",""source_file"":""原件/免征目录/mf_batch46.doc"",""source_sha256"":""a4b2048b3d5c29a8969f0348e9fd19a3293f0c23e6f37a48bf42a2ed70c7d37d"",""firm_route_basis"":""原记录firm_raw""}]",0,按来源/日期/配置版本分别答复；同型号合并附件不等于同配置或逐车资格认证
兰州知豆电动汽车有限公司,LZD7002BEV03,0,0,0,0,1,2208试验口径,"[{""purpose_scope"":""2208试验口径"",""source_record_ids"":""old-16-Word97--0-36"",""source_observation_date_upper"":""2018-02-13"",""source_file"":""原件/免征目录/mf_batch16.docx"",""source_sha256"":""9db5ace6c1c59bd9636d48636f94fa77d2b6e0aa27b109421690ce6a8c4a3967"",""firm_route_basis"":""原件企业合并格/上下文候选；非登记实体认证""}]",0,按来源/日期/配置版本分别答复；同型号合并附件不等于同配置或逐车资格认证
前途汽车(苏州)有限公司,QTE7000BEV02,0,0,0,0,1,2208试验口径,"[{""purpose_scope"":""2208试验口径"",""source_record_ids"":""old-19-DOCX--0-41"",""source_observation_date_upper"":""2018-07-31"",""source_file"":""原件/免征目录/mf_batch19.docx"",""source_sha256"":""fafd1558aa0f21067847c19bdd0a95c79b919737be7b07b87c4538107fb2b8e3"",""firm_route_basis"":""原记录firm_raw""}]",0,按来源/日期/配置版本分别答复；同型号合并附件不等于同配置或逐车资格认证
北京奔驰汽车有限公司,BJ6480LABEV,0,0,0,0,1,2208试验口径,"[{""purpose_scope"":""2208试验口径"",""source_record_ids"":""old-26-DOCX--0-3"",""source_observation_date_upper"":""2019-08-30"",""source_file"":""原件/免征目录/mf_batch26.docx"",""source_sha256"":""de0890335ef3a4f1302a8a0735ec8b6aed52e994e2635db481820060d62248b5"",""firm_route_basis"":""原记录firm_raw""}]",0,按来源/日期/配置版本分别答复；同型号合并附件不等于同配置或逐车资格认证
北京奔驰汽车有限公司,BJ6480LABEV1,0,0,0,0,1,2208试验口径,"[{""purpose_scope"":""2208试验口径"",""source_record_ids"":""old-25-Word97--0-3"",""source_observation_date_upper"":""2019-06-12"",""source_file"":""原件/免征目录/mf_batch25.wps"",""source_sha256"":""9d2abe319463522513fe9c90f98bb8d0a825b599267d0b3cc403cec9624b3297"",""firm_route_basis"":""原记录firm_raw""}]",0,按来源/日期/配置版本分别答复；同型号合并附件不等于同配置或逐车资格认证
北京奔驰汽车有限公司,BJ6480LABEV2,0,0,0,0,1,2208试验口径,"[{""purpose_scope"":""2208试验口径"",""source_record_ids"":""old-25-Word97--0-4"",""source_observation_date_upper"":""2019-06-12"",""source_file"":""原件/免征目录/mf_batch25.wps"",""source_sha256"":""9d2abe319463522513fe9c90f98bb8d0a825b599267d0b3cc403cec9624b3297"",""firm_route_basis"":""原件企业合并格/上下文候选；非登记实体认证""}]",0,按来源/日期/配置版本分别答复；同型号合并附件不等于同配置或逐车资格认证
北京奔驰汽车有限公司,BJ6480LABEV3,0,0,0,0,1,2208试验口径,"[{""purpose_scope"":""2208试验口径"",""source_record_ids"":""old-26-DOCX--0-4"",""source_observation_date_upper"":""2019-08-30"",""source_file"":""原件/免征目录/mf_batch26.docx"",""source_sha256"":""de0890335ef3a4f1302a8a0735ec8b6aed52e994e2635db481820060d62248b5"",""firm_route_basis"":""原件企业合并格/上下文候选；非登记实体认证""}]",0,按来源/日期/配置版本分别答复；同型号合并附件不等于同配置或逐车资格认证
北京新能源汽车股份有限公司,BJ7000BRDA-BEV,0,0,0,0,1,2208试验口径,"[{""purpose_scope"":""2208试验口径"",""source_record_ids"":""old-08-PDF-grid-1-0-8"",""source_observation_date_upper"":""2016-06-16"",""source_file"":""原件/免征目录/mf_batch08.pdf"",""source_sha256"":""39b242717c026063c908426a890cd361f1165aa5729988d56303b2f8d5fb3b42"",""firm_route_basis"":""原件企业合并格/上下文候选；非登记实体认证""}]",0,按来源/日期/配置版本分别答复；同型号合并附件不等于同配置或逐车资格认证
北京新能源汽车股份有限公司,BJ7000BRDB-BEV,0,0,0,0,1,2208试验口径,"[{""purpose_scope"":""2208试验口径"",""source_record_ids"":""old-09-PDF-grid-1-0-11"",""source_observation_date_upper"":""2016-12-06"",""source_file"":""原件/免征目录/mf_batch09.pdf"",""source_sha256"":""7eea7200c04fefec34f6ae6db5a1bae77f82a534348f266e95575cae051c8c8c"",""firm_route_basis"":""原件企业合并格/上下文候选；非登记实体认证""}]",0,按来源/日期/配置版本分别答复；同型号合并附件不等于同配置或逐车资格认证
北京新能源汽车股份有限公司,BJ7000C5EB-BEV,0,0,0,0,1,2208试验口径,"[{""purpose_scope"":""2208试验口径"",""source_record_ids"":""old-25-Word97--0-11"",""source_observation_date_upper"":""2019-06-12"",""source_file"":""原件/免征目录/mf_batch25.wps"",""source_sha256"":""9d2abe319463522513fe9c90f98bb8d0a825b599267d0b3cc403cec9624b3297"",""firm_route_basis"":""原记录firm_raw""}]",0,按来源/日期/配置版本分别答复；同型号合并附件不等于同配置或逐车资格认证
北京新能源汽车股份有限公司,BJ7000C5EC-BEV,0,0,0,0,1,2208试验口径,"[{""purpose_scope"":""2208试验口径"",""source_record_ids"":""old-25-Word97--0-12"",""source_observation_date_upper"":""2019-06-12"",""source_file"":""原件/免征目录/mf_batch25.wps"",""source_sha256"":""9d2abe319463522513fe9c90f98bb8d0a825b599267d0b3cc403cec9624b3297"",""firm_route_basis"":""原件企业合并格/上下文候选；非登记实体认证""}]",0,按来源/日期/配置版本分别答复；同型号合并附件不等于同配置或逐车资格认证
北京新能源汽车股份有限公司,BJ7000C5ED-BEV,0,0,0,0,1,2208试验口径,"[{""purpose_scope"":""2208试验口径"",""source_record_ids"":""old-25-Word97--0-13"",""source_observation_date_upper"":""2019-06-12"",""source_file"":""原件/免征目录/mf_batch25.wps"",""source_sha256"":""9d2abe319463522513fe9c90f98bb8d0a825b599267d0b3cc403cec9624b3297"",""firm_route_basis"":""原件企业合并格/上下文候选；非登记实体认证""}]",0,按来源/日期/配置版本分别答复；同型号合并附件不等于同配置或逐车资格认证
北京新能源汽车股份有限公司,BJ7000C5EE-BEV,0,0,0,0,1,2208试验口径,"[{""purpose_scope"":""2208试验口径"",""source_record_ids"":""old-32-Word97--0-8"",""source_observation_date_upper"":""2020-06-02"",""source_file"":""原件/免征目录/mf_batch32.doc"",""source_sha256"":""ad7c65b4831a05b7c70e1e73fe834aa9beed883c66f898e799fcbbeb43cc3d75"",""firm_route_basis"":""原记录firm_raw""}]",0,按来源/日期/配置版本分别答复；同型号合并附件不等于同配置或逐车资格认证
北京新能源汽车股份有限公司,BJ7000CTD-BEV,0,0,0,0,1,2208试验口径,"[{""purpose_scope"":""2208试验口径"",""source_record_ids"":""old-27-Word97--0-9"",""source_observation_date_upper"":""2019-10-25"",""source_file"":""原件/免征目录/mf_batch27.doc"",""source_sha256"":""2bd67cf7e1efc03ae93942d0d340ffef87478709520383b6ee4d08baf843ead1"",""firm_route_basis"":""原记录firm_raw""}]",0,按来源/日期/配置版本分别答复；同型号合并附件不等于同配置或逐车资格认证
北京新能源汽车股份有限公司,BJ7000CTD1-BEV,0,0,0,0,1,2208试验口径,"[{""purpose_scope"":""2208试验口径"",""source_record_ids"":""old-34-Word97--0-10"",""source_observation_date_upper"":""2020-08-24"",""source_file"":""原件/免征目录/mf_batch34.doc"",""source_sha256"":""d5c5bb03cc5fe0f16b284048e265ad35d62c12c0416f14aef0ce026a229aa831"",""firm_route_basis"":""原记录firm_raw""}]",0,按来源/日期/配置版本分别答复；同型号合并附件不等于同配置或逐车资格认证
北京新能源汽车股份有限公司,BJ7000CTD2-BEV,0,0,0,0,1,2208试验口径,"[{""purpose_scope"":""2208试验口径"",""source_record_ids"":""old-34-Word97--0-11"",""source_observation_date_upper"":""2020-08-24"",""source_file"":""原件/免征目录/mf_batch34.doc"",""source_sha256"":""d5c5bb03cc5fe0f16b284048e265ad35d62c12c0416f14aef0ce026a229aa831"",""firm_route_basis"":""原件企业合并格/上下文候选；非登记实体认证""}]",0,按来源/日期/配置版本分别答复；同型号合并附件不等于同配置或逐车资格认证
北京新能源汽车股份有限公司,BJ7000USD-BEV,0,0,0,0,1,2208试验口径,"[{""purpose_scope"":""2208试验口径"",""source_record_ids"":""old-19-DOCX--0-8"",""source_observation_date_upper"":""2018-07-31"",""source_file"":""原件/免征目录/mf_batch19.docx"",""source_sha256"":""fafd1558aa0f21067847c19bdd0a95c79b919737be7b07b87c4538107fb2b8e3"",""firm_route_basis"":""原记录firm_raw""}]",0,按来源/日期/配置版本分别答复；同型号合并附件不等于同配置或逐车资格认证
北京新能源汽车股份有限公司,BJ7000USD1-BEV,0,0,0,0,1,2208试验口径,"[{""purpose_scope"":""2208试验口径"",""source_record_ids"":""old-23-Word97--0-2"",""source_observation_date_upper"":""2019-03-13"",""source_file"":""原件/免征目录/mf_batch23.docx"",""source_sha256"":""87f838de0da3ba5887f77b2bf5c1dbf5b427e7cef896309a7084c11dd8f5efa0"",""firm_route_basis"":""原记录firm_raw""}]",0,按来源/日期/配置版本分别答复；同型号合并附件不等于同配置或逐车资格认证
北京新能源汽车股份有限公司,BJ7000USD2-BEV,0,0,0,0,1,2208试验口径,"[{""purpose_scope"":""2208试验口径"",""source_record_ids"":""old-24-Word97--0-13"",""source_observation_date_upper"":""2019-04-30"",""source_file"":""原件/免征目录/mf_batch24.wps"",""source_sha256"":""07775a0cb063fe0fce5880b9378dd1eb2522b725d645cabdee314d604779939d"",""firm_route_basis"":""原记录firm_raw""}]",0,按来源/日期/配置版本分别答复；同型号合并附件不等于同配置或逐车资格认证
北京新能源汽车股份有限公司,BJ7000USD3-BEV,0,0,0,0,1,2208试验口径,"[{""purpose_scope"":""2208试验口径"",""source_record_ids"":""old-34-Word97--0-12"",""source_observation_date_upper"":""2020-08-24"",""source_file"":""原件/免征目录/mf_batch34.doc"",""source_sha256"":""d5c5bb03cc5fe0f16b284048e265ad35d62c12c0416f14aef0ce026a229aa831"",""firm_route_basis"":""原件企业合并格/上下文候选；非登记实体认证""}]",0,按来源/日期/配置版本分别答复；同型号合并附件不等于同配置或逐车资格认证
北京新能源汽车股份有限公司,BJ7000USD4-BEV,0,0,0,0,1,2208试验口径,"[{""purpose_scope"":""2208试验口径"",""source_record_ids"":""old-34-Word97--0-13"",""source_observation_date_upper"":""2020-08-24"",""source_file"":""原件/免征目录/mf_batch34.doc"",""source_sha256"":""d5c5bb03cc5fe0f16b284048e265ad35d62c12c0416f14aef0ce026a229aa831"",""firm_route_basis"":""原件企业合并格/上下文候选；非登记实体认证""}]",0,按来源/日期/配置版本分别答复；同型号合并附件不等于同配置或逐车资格认证
北京新能源汽车股份有限公司,BJ7000USD5-BEV,0,0,0,0,1,2208试验口径,"[{""purpose_scope"":""2208试验口径"",""source_record_ids"":""old-34-Word97--0-14"",""source_observation_date_upper"":""2020-08-24"",""source_file"":""原件/免征目录/mf_batch34.doc"",""source_sha256"":""d5c5bb03cc5fe0f16b284048e265ad35d62c12c0416f14aef0ce026a229aa831"",""firm_route_basis"":""原件企业合并格/上下文候选；非登记实体认证""}]",0,按来源/日期/配置版本分别答复；同型号合并附件不等于同配置或逐车资格认证
北京新能源汽车股份有限公司,BJ7000USD6-BEV,0,0,0,0,1,2208试验口径,"[{""purpose_scope"":""2208试验口径"",""source_record_ids"":""old-31-Word97--0-5"",""source_observation_date_upper"":""2020-04-24"",""source_file"":""原件/免征目录/mf_batch31.doc"",""source_sha256"":""e1ccec4a87ab96ca346e5756d6b14369eb9727ec2c2cfd03c1182a592ddd3bee"",""firm_route_basis"":""原记录firm_raw""}]",0,按来源/日期/配置版本分别答复；同型号合并附件不等于同配置或逐车资格认证
北京新能源汽车股份有限公司,BJ7000USD8-BEV,0,0,0,0,1,2208试验口径,"[{""purpose_scope"":""2208试验口径"",""source_record_ids"":""old-40-Word97--0-10"",""source_observation_date_upper"":""2021-03-08"",""source_file"":""原件/免征目录/mf_batch40.doc"",""source_sha256"":""93047c8e87a1f45948933ee36d00160788032370ecf11b551624e0ca45ecc1d1"",""firm_route_basis"":""原记录firm_raw""}]",0,按来源/日期/配置版本分别答复；同型号合并附件不等于同配置或逐车资格认证
北京新能源汽车股份有限公司,BJ7001BPH1-BEV,0,0,0,0,1,2208试验口径,"[{""purpose_scope"":""2208试验口径"",""source_record_ids"":""old-09-PDF-grid-1-0-12"",""source_observation_date_upper"":""2016-12-06"",""source_file"":""原件/免征目录/mf_batch09.pdf"",""source_sha256"":""7eea7200c04fefec34f6ae6db5a1bae77f82a534348f266e95575cae051c8c8c"",""firm_route_basis"":""原件企业合并格/上下文候选；非登记实体认证""}]",0,按来源/日期/配置版本分别答复；同型号合并附件不等于同配置或逐车资格认证
北京新能源汽车股份有限公司,BJ7001BPH2-BEV,0,0,0,0,1,2208试验口径,"[{""purpose_scope"":""2208试验口径"",""source_record_ids"":""old-09-PDF-grid-1-0-10"",""source_observation_date_upper"":""2016-12-06"",""source_file"":""原件/免征目录/mf_batch09.pdf"",""source_sha256"":""7eea7200c04fefec34f6ae6db5a1bae77f82a534348f266e95575cae051c8c8c"",""firm_route_basis"":""原记录firm_raw""}]",0,按来源/日期/配置版本分别答复；同型号合并附件不等于同配置或逐车资格认证
北京新能源汽车股份有限公司,BJ7001BPH5-BEV,0,0,0,0,1,2208试验口径,"[{""purpose_scope"":""2208试验口径"",""source_record_ids"":""old-10-PDF-grid-1-0-8"",""source_observation_date_upper"":""2017-04-27"",""source_file"":""原件/免征目录/mf_batch10.pdf"",""source_sha256"":""ac1b1ad2605b4f24762fb1f01cea64b685393577d01648618fa1882bb5700ac3"",""firm_route_basis"":""原记录firm_raw""}]",0,按来源/日期/配置版本分别答复；同型号合并附件不等于同配置或逐车资格认证
北京新能源汽车股份有限公司,BJ7001BPH6-BEV,0,0,0,0,1,2208试验口径,"[{""purpose_scope"":""2208试验口径"",""source_record_ids"":""old-17-PDF-grid-1-0-8"",""source_observation_date_upper"":""2018-04-16"",""source_file"":""原件/免征目录/mf_batch17.pdf"",""source_sha256"":""577a4ba9c586fe08565f6a60e6de5474698031566d8dcef484cd44335879e334"",""firm_route_basis"":""原记录firm_raw""}]",0,按来源/日期/配置版本分别答复；同型号合并附件不等于同配置或逐车资格认证
北京新能源汽车股份有限公司,BJ7001BPH7-BEV,0,0,0,0,1,2208试验口径,"[{""purpose_scope"":""2208试验口径"",""source_record_ids"":""old-11-PDF-grid-1-0-8"",""source_observation_date_upper"":""2017-07-06"",""source_file"":""原件/免征目录/mf_batch11.pdf"",""source_sha256"":""ec4f33e5e872841e6d1fa5d435793c285a15614ef2e64f39b9013389b5e51724"",""firm_route_basis"":""原记录firm_raw""}]",0,按来源/日期/配置版本分别答复；同型号合并附件不等于同配置或逐车资格认证
北京新能源汽车股份有限公司,BJ7001BPH8-BEV,0,0,0,0,1,2208试验口径,"[{""purpose_scope"":""2208试验口径"",""source_record_ids"":""old-12-PDF-grid-1-0-4"",""source_observation_date_upper"":""2017-09-05"",""source_file"":""原件/免征目录/mf_batch12.pdf"",""source_sha256"":""afbd7133ccf901dbdc065b2ff80768450dc901def8d216cf5bb87baa98f7a1e2"",""firm_route_basis"":""原记录firm_raw""}]",0,按来源/日期/配置版本分别答复；同型号合并附件不等于同配置或逐车资格认证
北京新能源汽车股份有限公司,BJ7001BPH9-BEV,0,0,0,0,1,2208试验口径,"[{""purpose_scope"":""2208试验口径"",""source_record_ids"":""old-16-Word97--0-9"",""source_observation_date_upper"":""2018-02-13"",""source_file"":""原件/免征目录/mf_batch16.docx"",""source_sha256"":""9db5ace6c1c59bd9636d48636f94fa77d2b6e0aa27b109421690ce6a8c4a3967"",""firm_route_basis"":""原件企业合并格/上下文候选；非登记实体认证""}]",0,按来源/日期/配置版本分别答复；同型号合并附件不等于同配置或逐车资格认证
北京新能源汽车股份有限公司,BJ7001BPHA-BEV,0,0,0,0,1,2208试验口径,"[{""purpose_scope"":""2208试验口径"",""source_record_ids"":""old-16-Word97--0-8"",""source_observation_date_upper"":""2018-02-13"",""source_file"":""原件/免征目录/mf_batch16.docx"",""source_sha256"":""9db5ace6c1c59bd9636d48636f94fa77d2b6e0aa27b109421690ce6a8c4a3967"",""firm_route_basis"":""原记录firm_raw""}]",0,按来源/日期/配置版本分别答复；同型号合并附件不等于同配置或逐车资格认证
北京新能源汽车股份有限公司,BJ7001BPHB-BEV,0,0,0,0,1,2208试验口径,"[{""purpose_scope"":""2208试验口径"",""source_record_ids"":""old-17-PDF-grid-1-0-9"",""source_observation_date_upper"":""2018-04-16"",""source_file"":""原件/免征目录/mf_batch17.pdf"",""source_sha256"":""577a4ba9c586fe08565f6a60e6de5474698031566d8dcef484cd44335879e334"",""firm_route_basis"":""原件企业合并格/上下文候选；非登记实体认证""}]",0,按来源/日期/配置版本分别答复；同型号合并附件不等于同配置或逐车资格认证
北京新能源汽车股份有限公司,BJ7001BPHD-BEV,0,0,0,0,1,2208试验口径,"[{""purpose_scope"":""2208试验口径"",""source_record_ids"":""old-22-Word97--0-10"",""source_observation_date_upper"":""2018-12-18"",""source_file"":""原件/免征目录/mf_batch22.doc"",""source_sha256"":""eaf3fc1e64742af85b3d4bc90388d0a93154a497fd6c1fb9bf73b857672e1212"",""firm_route_basis"":""原记录firm_raw""}]",0,按来源/日期/配置版本分别答复；同型号合并附件不等于同配置或逐车资格认证
北京新能源汽车股份有限公司,BJ7001BPHF-BEV,0,0,0,0,1,2208试验口径,"[{""purpose_scope"":""2208试验口径"",""source_record_ids"":""old-25-Word97--0-14"",""source_observation_date_upper"":""2019-06-12"",""source_file"":""原件/免征目录/mf_batch25.wps"",""source_sha256"":""9d2abe319463522513fe9c90f98bb8d0a825b599267d0b3cc403cec9624b3297"",""firm_route_basis"":""原件企业合并格/上下文候选；非登记实体认证""}]",0,按来源/日期/配置版本分别答复；同型号合并附件不等于同配置或逐车资格认证
北京新能源汽车股份有限公司,BJ7001BPHG-BEV,0,0,0,0,1,2208试验口径,"[{""purpose_scope"":""2208试验口径"",""source_record_ids"":""old-45-Word97--0-15"",""source_observation_date_upper"":""2021-08-10"",""source_file"":""原件/免征目录/mf_batch45.doc"",""source_sha256"":""56f5e7c5fd36e990024f8121006a76da260361f4e4660846e78255d007126f7a"",""firm_route_basis"":""原记录firm_raw""}]",0,按来源/日期/配置版本分别答复；同型号合并附件不等于同配置或逐车资格认证
北京新能源汽车股份有限公司,BJ7001BPHH-BEV,0,0,0,0,1,2208试验口径,"[{""purpose_scope"":""2208试验口径"",""source_record_ids"":""old-33-Word97--0-9"",""source_observation_date_upper"":""2020-07-21"",""source_file"":""原件/免征目录/mf_batch33.doc"",""source_sha256"":""ff98fbb1708c47cdcfc1e79e7a1647e72a7ae6d4255dce3b250d661001340c09"",""firm_route_basis"":""原记录firm_raw""}]",0,按来源/日期/配置版本分别答复；同型号合并附件不等于同配置或逐车资格认证
北京汽车制造厂有限公司,BAW6330CA41BEV,0,0,0,0,1,2208试验口径,"[{""purpose_scope"":""2208试验口径"",""source_record_ids"":""old-33-Word97--0-8"",""source_observation_date_upper"":""2020-07-21"",""source_file"":""原件/免征目录/mf_batch33.doc"",""source_sha256"":""ff98fbb1708c47cdcfc1e79e7a1647e72a7ae6d4255dce3b250d661001340c09"",""firm_route_basis"":""原记录firm_raw""}]",0,按来源/日期/配置版本分别答复；同型号合并附件不等于同配置或逐车资格认证
北京汽车制造厂有限公司,BAW6521MAJ1BEV,0,1,0,1,0,32联合跨界;92逐车资格,"[{""purpose_scope"":""32联合跨界"",""source_record_ids"":""old-67-Word97--0-5"",""source_observation_date_upper"":""2023-07-17"",""source_file"":""原件/免征目录/mf_batch67.doc"",""source_sha256"":""963a02fcc1f361414f4f003c6d63e00b178d0b962134ed2206c38978f3118101"",""firm_route_basis"":""原记录firm_raw""},{""purpose_scope"":""92逐车资格"",""source_record_ids"":""new-05-cell-4756;new-06-cell-5353"",""source_observation_date_upper"":""2024-05-20"",""source_file"":""原件/减免目录/cat_batch5.doc"",""source_sha256"":""be8c8373f926e8b033304f06a62d92b0f0fc066accc6841864c3fd414bc506ab"",""firm_route_basis"":""原记录firm_raw""}]",0,按来源/日期/配置版本分别答复；同型号合并附件不等于同配置或逐车资格认证
北京汽车制造厂有限公司,BAW6521MAJBEV,0,1,0,1,0,32联合跨界;92逐车资格,"[{""purpose_scope"":""32联合跨界"",""source_record_ids"":""old-69-Word97--0-11"",""source_observation_date_upper"":""2023-09-14"",""source_file"":""原件/免征目录/mf_batch69.doc"",""source_sha256"":""357d61a16c94488c9fdd761f393edb7029b05394ab06117abaebcba1a1e45546"",""firm_route_basis"":""原记录firm_raw""},{""purpose_scope"":""92逐车资格"",""source_record_ids"":""new-06-cell-5557"",""source_observation_date_upper"":""2024-05-31"",""source_file"":""原件/减免目录/cat_batch6.doc"",""source_sha256"":""8017fdbcfa01dc3f5d2bd65fe4a06f5212edd78d39fee33fd47f6a2823eedcf7"",""firm_route_basis"":""原记录firm_raw""}]",0,按来源/日期/配置版本分别答复；同型号合并附件不等于同配置或逐车资格认证
北京汽车制造厂有限公司,BAW6521MAK1BEV,0,1,0,0,0,32联合跨界,"[{""purpose_scope"":""32联合跨界"",""source_record_ids"":""old-71-Word97--0-28"",""source_observation_date_upper"":""2023-11-20"",""source_file"":""原件/免征目录/mf_batch71.doc"",""source_sha256"":""b37b78b64b8ef7e12e6e95d6fd27a4a6e364c0c83ba403ffcf3bca82c60e3460"",""firm_route_basis"":""原记录firm_raw""}]",0,按来源/日期/配置版本分别答复；同型号合并附件不等于同配置或逐车资格认证
北京汽车制造厂有限公司,BAW7000UB42BEV,0,0,0,0,1,2208试验口径,"[{""purpose_scope"":""2208试验口径"",""source_record_ids"":""old-31-Word97--0-3"",""source_observation_date_upper"":""2020-04-24"",""source_file"":""原件/免征目录/mf_batch31.doc"",""source_sha256"":""e1ccec4a87ab96ca346e5756d6b14369eb9727ec2c2cfd03c1182a592ddd3bee"",""firm_route_basis"":""原记录firm_raw""}]",0,按来源/日期/配置版本分别答复；同型号合并附件不等于同配置或逐车资格认证
北京汽车制造厂有限公司,BAW7000UB43BEV,0,0,0,0,1,2208试验口径,"[{""purpose_scope"":""2208试验口径"",""source_record_ids"":""old-60-Word97--0-34"",""source_observation_date_upper"":""2022-11-09"",""source_file"":""原件/免征目录/mf_batch60.doc"",""source_sha256"":""aabd19e9a0955380873798454b18b3bb15c87937dffcbb0ccfab2eae3bf3551b"",""firm_route_basis"":""原件企业合并格/上下文候选；非登记实体认证""}]",0,按来源/日期/配置版本分别答复；同型号合并附件不等于同配置或逐车资格认证
北京汽车制造厂有限公司,BAW7000UB44BEV,0,0,0,0,1,2208试验口径,"[{""purpose_scope"":""2208试验口径"",""source_record_ids"":""old-59-Word97--0-61"",""source_observation_date_upper"":""2022-10-10"",""source_file"":""原件/免征目录/mf_batch59.doc"",""source_sha256"":""32738e2df847e0c74ff96d48b8a13e1dd9c31aee84b7c0a633e2d9c8a3e01f86"",""firm_route_basis"":""原记录firm_raw""}]",0,按来源/日期/配置版本分别答复；同型号合并附件不等于同配置或逐车资格认证
北京汽车制造厂有限公司,BAW7000UL41BEV,0,0,0,0,1,2208试验口径,"[{""purpose_scope"":""2208试验口径"",""source_record_ids"":""old-31-Word97--0-4"",""source_observation_date_upper"":""2020-04-24"",""source_file"":""原件/免征目录/mf_batch31.doc"",""source_sha256"":""e1ccec4a87ab96ca346e5756d6b14369eb9727ec2c2cfd03c1182a592ddd3bee"",""firm_route_basis"":""原件企业合并格/上下文候选；非登记实体认证""}]",0,按来源/日期/配置版本分别答复；同型号合并附件不等于同配置或逐车资格认证
北京汽车制造厂有限公司,BAW7000UL42BEV,0,0,0,0,1,2208试验口径,"[{""purpose_scope"":""2208试验口径"",""source_record_ids"":""old-43-Word97--0-2"",""source_observation_date_upper"":""2021-06-11"",""source_file"":""原件/免征目录/mf_batch43.doc"",""source_sha256"":""5d5202dfe31364ec0884640d8bba22b0f640154d0bcc6154272890e604cfc01c"",""firm_route_basis"":""原记录firm_raw""}]",0,按来源/日期/配置版本分别答复；同型号合并附件不等于同配置或逐车资格认证
北京汽车制造厂有限公司,BAW7000UL44BEV,0,0,0,0,1,2208试验口径,"[{""purpose_scope"":""2208试验口径"",""source_record_ids"":""old-55-Word97--0-40"",""source_observation_date_upper"":""2022-06-01"",""source_file"":""原件/免征目录/mf_batch55.doc"",""source_sha256"":""0457d0430e9e7f114c91341a715405c3933dd4783762cd74b9871e4918ba887f"",""firm_route_basis"":""原件企业合并格/上下文候选；非登记实体认证""}]",0,按来源/日期/配置版本分别答复；同型号合并附件不等于同配置或逐车资格认证
北京汽车制造厂有限公司,BAW7000UL46BEV,0,0,0,0,1,2208试验口径,"[{""purpose_scope"":""2208试验口径"",""source_record_ids"":""old-55-Word97--0-39"",""source_observation_date_upper"":""2022-06-01"",""source_file"":""原件/免征目录/mf_batch55.doc"",""source_sha256"":""0457d0430e9e7f114c91341a715405c3933dd4783762cd74b9871e4918ba887f"",""firm_route_basis"":""原记录firm_raw""}]",0,按来源/日期/配置版本分别答复；同型号合并附件不等于同配置或逐车资格认证
北京汽车制造厂有限公司,BAW7000UL47BEV,0,0,0,0,1,2208试验口径,"[{""purpose_scope"":""2208试验口径"",""source_record_ids"":""old-56-Word97--0-39"",""source_observation_date_upper"":""2022-07-08"",""source_file"":""原件/免征目录/mf_batch56.doc"",""source_sha256"":""cbffdc0819640e8f18c11a2a277b26b2e043c81406533457ff225f4df1c6c068"",""firm_route_basis"":""原记录firm_raw""}]",0,按来源/日期/配置版本分别答复；同型号合并附件不等于同配置或逐车资格认证
北京汽车制造厂有限公司,BAW7000UL48BEV,0,0,0,0,1,2208试验口径,"[{""purpose_scope"":""2208试验口径"",""source_record_ids"":""old-63-Word97--0-6"",""source_observation_date_upper"":""2023-03-10"",""source_file"":""原件/免征目录/mf_batch63.doc"",""source_sha256"":""1d0f4bf9c7c1f67712e9efa3a5e3222c30d4e438653b9335aaff9714e65f8c05"",""firm_route_basis"":""原记录firm_raw""}]",0,按来源/日期/配置版本分别答复；同型号合并附件不等于同配置或逐车资格认证
北京汽车制造厂有限公司,BJ6330CA41BEV,0,0,0,0,1,2208试验口径,"[{""purpose_scope"":""2208试验口径"",""source_record_ids"":""old-22-Word97--0-9"",""source_observation_date_upper"":""2018-12-18"",""source_file"":""原件/免征目录/mf_batch22.doc"",""source_sha256"":""eaf3fc1e64742af85b3d4bc90388d0a93154a497fd6c1fb9bf73b857672e1212"",""firm_route_basis"":""原记录firm_raw""}]",0,按来源/日期/配置版本分别答复；同型号合并附件不等于同配置或逐车资格认证
北京汽车制造厂有限公司,BJ6420MA41BEV,0,0,0,0,1,2208试验口径,"[{""purpose_scope"":""2208试验口径"",""source_record_ids"":""old-11-PDF-grid-1-0-7"",""source_observation_date_upper"":""2017-07-06"",""source_file"":""原件/免征目录/mf_batch11.pdf"",""source_sha256"":""ec4f33e5e872841e6d1fa5d435793c285a15614ef2e64f39b9013389b5e51724"",""firm_route_basis"":""原件企业合并格/上下文候选；非登记实体认证""}]",0,按来源/日期/配置版本分别答复；同型号合并附件不等于同配置或逐车资格认证
北京汽车制造厂有限公司,BJ6420MA42BEV,0,0,0,0,1,2208试验口径,"[{""purpose_scope"":""2208试验口径"",""source_record_ids"":""old-11-PDF-grid-1-0-6"",""source_observation_date_upper"":""2017-07-06"",""source_file"":""原件/免征目录/mf_batch11.pdf"",""source_sha256"":""ec4f33e5e872841e6d1fa5d435793c285a15614ef2e64f39b9013389b5e51724"",""firm_route_basis"":""原记录firm_raw""}]",0,按来源/日期/配置版本分别答复；同型号合并附件不等于同配置或逐车资格认证
北京汽车股份有限公司,BJ6450L3R-BEV,0,0,0,0,1,2208试验口径,"[{""purpose_scope"":""2208试验口径"",""source_record_ids"":""old-02-PDF-grid-1-0-2"",""source_observation_date_upper"":""2014-10-29"",""source_file"":""原件/免征目录/mf_batch02.pdf"",""source_sha256"":""0b13b4fd2de6c4de3ab0f8add88bb8d24354d05ca6af46904fe1065c53c9c519"",""firm_route_basis"":""原记录firm_raw""}]",0,按来源/日期/配置版本分别答复；同型号合并附件不等于同配置或逐车资格认证
北京汽车股份有限公司,BJ7000B3D-BEV,0,0,0,0,1,2208试验口径,"[{""purpose_scope"":""2208试验口径"",""source_record_ids"":""old-02-PDF-grid-1-0-4"",""source_observation_date_upper"":""2014-10-29"",""source_file"":""原件/免征目录/mf_batch02.pdf"",""source_sha256"":""0b13b4fd2de6c4de3ab0f8add88bb8d24354d05ca6af46904fe1065c53c9c519"",""firm_route_basis"":""原件企业合并格/上下文候选；非登记实体认证""}]",0,按来源/日期/配置版本分别答复；同型号合并附件不等于同配置或逐车资格认证
北京汽车股份有限公司,BJ7000B3D1-BEV,0,0,0,0,1,2208试验口径,"[{""purpose_scope"":""2208试验口径"",""source_record_ids"":""old-01-PDF-grid-1-0-3"",""source_observation_date_upper"":""2014-08-27"",""source_file"":""原件/免征目录/mf_batch01.pdf"",""source_sha256"":""eac13628c37f01c4da157a2d1916d97acc81fdc295f18e1783549075ce7e5aa7"",""firm_route_basis"":""原记录firm_raw""}]",0,按来源/日期/配置版本分别答复；同型号合并附件不等于同配置或逐车资格认证
北京汽车股份有限公司,BJ7000B3D2-BEV,0,0,0,0,1,2208试验口径,"[{""purpose_scope"":""2208试验口径"",""source_record_ids"":""old-02-PDF-grid-1-0-3"",""source_observation_date_upper"":""2014-10-29"",""source_file"":""原件/免征目录/mf_batch02.pdf"",""source_sha256"":""0b13b4fd2de6c4de3ab0f8add88bb8d24354d05ca6af46904fe1065c53c9c519"",""firm_route_basis"":""原件企业合并格/上下文候选；非登记实体认证""}]",0,按来源/日期/配置版本分别答复；同型号合并附件不等于同配置或逐车资格认证
北京汽车股份有限公司,BJ7000B3D5-BEV,0,0,0,0,1,2208试验口径,"[{""purpose_scope"":""2208试验口径"",""source_record_ids"":""old-03-PDF-grid-1-0-7"",""source_observation_date_upper"":""2014-12-19"",""source_file"":""原件/免征目录/mf_batch03.pdf"",""source_sha256"":""1367fdf126160143cbeecaedf4a66b528d105bbfa58a06b2118487a2e05000a5"",""firm_route_basis"":""原件企业合并格/上下文候选；非登记实体认证""}]",0,按来源/日期/配置版本分别答复；同型号合并附件不等于同配置或逐车资格认证
北京汽车股份有限公司,BJ7000B3D6-BEV,0,0,0,0,1,2208试验口径,"[{""purpose_scope"":""2208试验口径"",""source_record_ids"":""old-03-PDF-grid-1-0-6"",""source_observation_date_upper"":""2014-12-19"",""source_file"":""原件/免征目录/mf_batch03.pdf"",""source_sha256"":""1367fdf126160143cbeecaedf4a66b528d105bbfa58a06b2118487a2e05000a5"",""firm_route_basis"":""原件企业合并格/上下文候选；非登记实体认证""}]",0,按来源/日期/配置版本分别答复；同型号合并附件不等于同配置或逐车资格认证
北京汽车股份有限公司,BJ7000B3D7-BEV,0,0,0,0,1,2208试验口径,"[{""purpose_scope"":""2208试验口径"",""source_record_ids"":""old-05-PDF-grid-1-0-2"",""source_observation_date_upper"":""2015-09-11"",""source_file"":""原件/免征目录/mf_batch05.pdf"",""source_sha256"":""658aa5fbf13859a9bbe1db6235da2f7e79fc325cc34e4c0ec1ffab7f8cc2ebca"",""firm_route_basis"":""原记录firm_raw""}]",0,按来源/日期/配置版本分别答复；同型号合并附件不等于同配置或逐车资格认证
北京汽车股份有限公司,BJ7000B3DA-BEV,0,0,0,0,1,2208试验口径,"[{""purpose_scope"":""2208试验口径"",""source_record_ids"":""old-08-PDF-grid-1-0-5"",""source_observation_date_upper"":""2016-06-16"",""source_file"":""原件/免征目录/mf_batch08.pdf"",""source_sha256"":""39b242717c026063c908426a890cd361f1165aa5729988d56303b2f8d5fb3b42"",""firm_route_basis"":""原件企业合并格/上下文候选；非登记实体认证""}]",0,按来源/日期/配置版本分别答复；同型号合并附件不等于同配置或逐车资格认证
北京汽车股份有限公司,BJ7000C5D2-BEV,0,0,0,0,1,2208试验口径,"[{""purpose_scope"":""2208试验口径"",""source_record_ids"":""old-18-Word97--0-9"",""source_observation_date_upper"":""2018-06-19"",""source_file"":""原件/免征目录/mf_batch18.doc"",""source_sha256"":""43f5426f7f80996ee11a894710d7229c743abf7ad69ba239f61075e0a9ddd37a"",""firm_route_basis"":""原记录firm_raw""}]",0,按来源/日期/配置版本分别答复；同型号合并附件不等于同配置或逐车资格认证
北京汽车股份有限公司,BJ7000C5D3-BEV,0,0,0,0,1,2208试验口径,"[{""purpose_scope"":""2208试验口径"",""source_record_ids"":""old-17-PDF-grid-1-0-6"",""source_observation_date_upper"":""2018-04-16"",""source_file"":""原件/免征目录/mf_batch17.pdf"",""source_sha256"":""577a4ba9c586fe08565f6a60e6de5474698031566d8dcef484cd44335879e334"",""firm_route_basis"":""原记录firm_raw""}]",0,按来源/日期/配置版本分别答复；同型号合并附件不等于同配置或逐车资格认证
北京汽车股份有限公司,BJ7000C5D4-BEV,0,0,0,0,1,2208试验口径,"[{""purpose_scope"":""2208试验口径"",""source_record_ids"":""old-24-Word97--0-15"",""source_observation_date_upper"":""2019-04-30"",""source_file"":""原件/免征目录/mf_batch24.wps"",""source_sha256"":""07775a0cb063fe0fce5880b9378dd1eb2522b725d645cabdee314d604779939d"",""firm_route_basis"":""原记录firm_raw""}]",0,按来源/日期/配置版本分别答复；同型号合并附件不等于同配置或逐车资格认证
北京汽车股份有限公司,BJ7000C5D5-BEV,0,0,0,0,1,2208试验口径,"[{""purpose_scope"":""2208试验口径"",""source_record_ids"":""old-24-Word97--0-16"",""source_observation_date_upper"":""2019-04-30"",""source_file"":""原件/免征目录/mf_batch24.wps"",""source_sha256"":""07775a0cb063fe0fce5880b9378dd1eb2522b725d645cabdee314d604779939d"",""firm_route_basis"":""原件企业合并格/上下文候选；非登记实体认证""}]",0,按来源/日期/配置版本分别答复；同型号合并附件不等于同配置或逐车资格认证
北京汽车股份有限公司,BJ7000C5D7-BEV,0,0,0,0,1,2208试验口径,"[{""purpose_scope"":""2208试验口径"",""source_record_ids"":""old-25-Word97--0-15"",""source_observation_date_upper"":""2019-06-12"",""source_file"":""原件/免征目录/mf_batch25.wps"",""source_sha256"":""9d2abe319463522513fe9c90f98bb8d0a825b599267d0b3cc403cec9624b3297"",""firm_route_basis"":""原记录firm_raw""}]",0,按来源/日期/配置版本分别答复；同型号合并附件不等于同配置或逐车资格认证
北京汽车股份有限公司,BJ7000C5DA-BEV,0,0,0,0,1,2208试验口径,"[{""purpose_scope"":""2208试验口径"",""source_record_ids"":""old-30-Word97--0-12"",""source_observation_date_upper"":""2020-03-13"",""source_file"":""原件/免征目录/mf_batch30.doc"",""source_sha256"":""e7fa3b47858ec2035b8055bc15be00b2b26920a5e8d3cad481058a80b92ead24"",""firm_route_basis"":""原记录firm_raw""}]",0,按来源/日期/配置版本分别答复；同型号合并附件不等于同配置或逐车资格认证
北京汽车股份有限公司,BJ7000C5DB-BEV,0,0,0,0,1,2208试验口径,"[{""purpose_scope"":""2208试验口径"",""source_record_ids"":""old-32-Word97--0-9"",""source_observation_date_upper"":""2020-06-02"",""source_file"":""原件/免征目录/mf_batch32.doc"",""source_sha256"":""ad7c65b4831a05b7c70e1e73fe834aa9beed883c66f898e799fcbbeb43cc3d75"",""firm_route_basis"":""原记录firm_raw""}]",0,按来源/日期/配置版本分别答复；同型号合并附件不等于同配置或逐车资格认证
北京汽车股份有限公司,BJ7000C5DC-BEV,0,0,0,0,1,2208试验口径,"[{""purpose_scope"":""2208试验口径"",""source_record_ids"":""old-32-Word97--0-10"",""source_observation_date_upper"":""2020-06-02"",""source_file"":""原件/免征目录/mf_batch32.doc"",""source_sha256"":""ad7c65b4831a05b7c70e1e73fe834aa9beed883c66f898e799fcbbeb43cc3d75"",""firm_route_basis"":""原件企业合并格/上下文候选；非登记实体认证""}]",0,按来源/日期/配置版本分别答复；同型号合并附件不等于同配置或逐车资格认证
北京汽车股份有限公司,BJ7000C5DD-BEV,0,0,0,0,1,2208试验口径,"[{""purpose_scope"":""2208试验口径"",""source_record_ids"":""old-35-Word97--0-16"",""source_observation_date_upper"":""2020-09-21"",""source_file"":""原件/免征目录/mf_batch35.wps"",""source_sha256"":""e4a6abd0e50daa81d029f8b37584511354700e855dc89de210fcba782b0643f0"",""firm_route_basis"":""原记录firm_raw""}]",0,按来源/日期/配置版本分别答复；同型号合并附件不等于同配置或逐车资格认证
北京汽车股份有限公司,BJ7000C5DE-BEV,0,0,0,0,1,2208试验口径,"[{""purpose_scope"":""2208试验口径"",""source_record_ids"":""old-34-Word97--0-15"",""source_observation_date_upper"":""2020-08-24"",""source_file"":""原件/免征目录/mf_batch34.doc"",""source_sha256"":""d5c5bb03cc5fe0f16b284048e265ad35d62c12c0416f14aef0ce026a229aa831"",""firm_route_basis"":""原记录firm_raw""}]",0,按来源/日期/配置版本分别答复；同型号合并附件不等于同配置或逐车资格认证
北京汽车股份有限公司,BJ7000C5DF-BEV,0,0,0,0,1,2208试验口径,"[{""purpose_scope"":""2208试验口径"",""source_record_ids"":""old-34-Word97--0-16"",""source_observation_date_upper"":""2020-08-24"",""source_file"":""原件/免征目录/mf_batch34.doc"",""source_sha256"":""d5c5bb03cc5fe0f16b284048e265ad35d62c12c0416f14aef0ce026a229aa831"",""firm_route_basis"":""原件企业合并格/上下文候选；非登记实体认证""}]",0,按来源/日期/配置版本分别答复；同型号合并附件不等于同配置或逐车资格认证
北京汽车股份有限公司,BJ7000C5DH-BEV,0,0,0,0,1,2208试验口径,"[{""purpose_scope"":""2208试验口径"",""source_record_ids"":""old-34-Word97--0-17"",""source_observation_date_upper"":""2020-08-24"",""source_file"":""原件/免征目录/mf_batch34.doc"",""source_sha256"":""d5c5bb03cc5fe0f16b284048e265ad35d62c12c0416f14aef0ce026a229aa831"",""firm_route_basis"":""原件企业合并格/上下文候选；非登记实体认证""}]",0,按来源/日期/配置版本分别答复；同型号合并附件不等于同配置或逐车资格认证
北京汽车股份有限公司,BJ7000C5E1-BEV,0,0,0,0,1,2208试验口径,"[{""purpose_scope"":""2208试验口径"",""source_record_ids"":""old-04-PDF-grid-1-0-2"",""source_observation_date_upper"":""2015-05-08"",""source_file"":""原件/免征目录/mf_batch04.pdf"",""source_sha256"":""7539cd299efb49a366656a4da32393075bcb03a5e10ea54e975f82f6099d9c81"",""firm_route_basis"":""原记录firm_raw""}]",0,按来源/日期/配置版本分别答复；同型号合并附件不等于同配置或逐车资格认证
北京汽车股份有限公司,BJ7000C5E2-BEV,0,0,0,0,1,2208试验口径,"[{""purpose_scope"":""2208试验口径"",""source_record_ids"":""old-09-PDF-grid-1-0-3"",""source_observation_date_upper"":""2016-12-06"",""source_file"":""原件/免征目录/mf_batch09.pdf"",""source_sha256"":""7eea7200c04fefec34f6ae6db5a1bae77f82a534348f266e95575cae051c8c8c"",""firm_route_basis"":""原记录firm_raw""}]",0,按来源/日期/配置版本分别答复；同型号合并附件不等于同配置或逐车资格认证
北京汽车股份有限公司,BJ7000C5E3-BEV,0,0,0,0,1,2208试验口径,"[{""purpose_scope"":""2208试验口径"",""source_record_ids"":""old-09-PDF-grid-1-0-9"",""source_observation_date_upper"":""2016-12-06"",""source_file"":""原件/免征目录/mf_batch09.pdf"",""source_sha256"":""7eea7200c04fefec34f6ae6db5a1bae77f82a534348f266e95575cae051c8c8c"",""firm_route_basis"":""原件企业合并格/上下文候选；非登记实体认证""}]",0,按来源/日期/配置版本分别答复；同型号合并附件不等于同配置或逐车资格认证
北京汽车股份有限公司,BJ7000C5E4-BEV,0,0,0,0,1,2208试验口径,"[{""purpose_scope"":""2208试验口径"",""source_record_ids"":""old-09-PDF-grid-1-0-4"",""source_observation_date_upper"":""2016-12-06"",""source_file"":""原件/免征目录/mf_batch09.pdf"",""source_sha256"":""7eea7200c04fefec34f6ae6db5a1bae77f82a534348f266e95575cae051c8c8c"",""firm_route_basis"":""原件企业合并格/上下文候选；非登记实体认证""}]",0,按来源/日期/配置版本分别答复；同型号合并附件不等于同配置或逐车资格认证
北京汽车股份有限公司,BJ7000C5E6-BEV,0,0,0,0,1,2208试验口径,"[{""purpose_scope"":""2208试验口径"",""source_record_ids"":""old-14-Word97--0-4"",""source_observation_date_upper"":""2017-12-05"",""source_file"":""原件/免征目录/mf_batch14.docx"",""source_sha256"":""6a48764b5ccb7c4ffa6f54daa44d3a42095b8a981fc982e774ddaaded41e9921"",""firm_route_basis"":""原记录firm_raw""}]",0,按来源/日期/配置版本分别答复；同型号合并附件不等于同配置或逐车资格认证
北京汽车股份有限公司,BJ7000C5E7-BEV,0,0,0,0,1,2208试验口径,"[{""purpose_scope"":""2208试验口径"",""source_record_ids"":""old-10-PDF-grid-1-0-5"",""source_observation_date_upper"":""2017-04-27"",""source_file"":""原件/免征目录/mf_batch10.pdf"",""source_sha256"":""ac1b1ad2605b4f24762fb1f01cea64b685393577d01648618fa1882bb5700ac3"",""firm_route_basis"":""原件企业合并格/上下文候选；非登记实体认证""}]",0,按来源/日期/配置版本分别答复；同型号合并附件不等于同配置或逐车资格认证
北京汽车股份有限公司,BJ7000C5E8-BEV,0,0,0,0,1,2208试验口径,"[{""purpose_scope"":""2208试验口径"",""source_record_ids"":""old-11-PDF-grid-1-0-5"",""source_observation_date_upper"":""2017-07-06"",""source_file"":""原件/免征目录/mf_batch11.pdf"",""source_sha256"":""ec4f33e5e872841e6d1fa5d435793c285a15614ef2e64f39b9013389b5e51724"",""firm_route_basis"":""原记录firm_raw""}]",0,按来源/日期/配置版本分别答复；同型号合并附件不等于同配置或逐车资格认证
北京汽车股份有限公司,BJ7000C5E9-BEV,0,0,0,0,1,2208试验口径,"[{""purpose_scope"":""2208试验口径"",""source_record_ids"":""old-16-Word97--0-4"",""source_observation_date_upper"":""2018-02-13"",""source_file"":""原件/免征目录/mf_batch16.docx"",""source_sha256"":""9db5ace6c1c59bd9636d48636f94fa77d2b6e0aa27b109421690ce6a8c4a3967"",""firm_route_basis"":""原件企业合并格/上下文候选；非登记实体认证""}]",0,按来源/日期/配置版本分别答复；同型号合并附件不等于同配置或逐车资格认证
北京汽车股份有限公司,BJ7000C7H1-BEV,0,0,0,0,1,2208试验口径,"[{""purpose_scope"":""2208试验口径"",""source_record_ids"":""old-01-PDF-grid-1-0-4"",""source_observation_date_upper"":""2014-08-27"",""source_file"":""原件/免征目录/mf_batch01.pdf"",""source_sha256"":""eac13628c37f01c4da157a2d1916d97acc81fdc295f18e1783549075ce7e5aa7"",""firm_route_basis"":""原件企业合并格/上下文候选；非登记实体认证""}]",0,按来源/日期/配置版本分别答复；同型号合并附件不等于同配置或逐车资格认证
北京汽车股份有限公司,BJ7000C7H3-BEV,0,0,0,0,1,2208试验口径,"[{""purpose_scope"":""2208试验口径"",""source_record_ids"":""old-01-PDF-grid-1-0-5"",""source_observation_date_upper"":""2014-08-27"",""source_file"":""原件/免征目录/mf_batch01.pdf"",""source_sha256"":""eac13628c37f01c4da157a2d1916d97acc81fdc295f18e1783549075ce7e5aa7"",""firm_route_basis"":""原件企业合并格/上下文候选；非登记实体认证""}]",0,按来源/日期/配置版本分别答复；同型号合并附件不等于同配置或逐车资格认证
北京汽车股份有限公司,BJ7000C8G-BEV,0,0,0,0,1,2208试验口径,"[{""purpose_scope"":""2208试验口径"",""source_record_ids"":""old-08-PDF-grid-1-0-6"",""source_observation_date_upper"":""2016-06-16"",""source_file"":""原件/免征目录/mf_batch08.pdf"",""source_sha256"":""39b242717c026063c908426a890cd361f1165aa5729988d56303b2f8d5fb3b42"",""firm_route_basis"":""原件企业合并格/上下文候选；非登记实体认证""}]",0,按来源/日期/配置版本分别答复；同型号合并附件不等于同配置或逐车资格认证
北京汽车股份有限公司,BJ7000U3D-BEV,0,0,0,0,1,2208试验口径,"[{""purpose_scope"":""2208试验口径"",""source_record_ids"":""old-08-PDF-grid-1-0-3"",""source_observation_date_upper"":""2016-06-16"",""source_file"":""原件/免征目录/mf_batch08.pdf"",""source_sha256"":""39b242717c026063c908426a890cd361f1165aa5729988d56303b2f8d5fb3b42"",""firm_route_basis"":""原记录firm_raw""}]",0,按来源/日期/配置版本分别答复；同型号合并附件不等于同配置或逐车资格认证
北京汽车股份有限公司,BJ7000U3D2-BEV,0,0,0,0,1,2208试验口径,"[{""purpose_scope"":""2208试验口径"",""source_record_ids"":""old-09-PDF-grid-1-0-8"",""source_observation_date_upper"":""2016-12-06"",""source_file"":""原件/免征目录/mf_batch09.pdf"",""source_sha256"":""7eea7200c04fefec34f6ae6db5a1bae77f82a534348f266e95575cae051c8c8c"",""firm_route_basis"":""原件企业合并格/上下文候选；非登记实体认证""}]",0,按来源/日期/配置版本分别答复；同型号合并附件不等于同配置或逐车资格认证
北京汽车股份有限公司,BJ7000U3D7-BEV,0,0,0,0,1,2208试验口径,"[{""purpose_scope"":""2208试验口径"",""source_record_ids"":""old-13-PDF-grid-1-0-3"",""source_observation_date_upper"":""2017-10-30"",""source_file"":""原件/免征目录/mf_batch13.pdf"",""source_sha256"":""e82c4f41c448edbb5269c95f2ff35d0c577f7ff0d12ff30b2d4c307a1aa31a6b"",""firm_route_basis"":""原记录firm_raw""}]",0,按来源/日期/配置版本分别答复；同型号合并附件不等于同配置或逐车资格认证
北京汽车股份有限公司,BJ7001B3D2-BEV,0,0,0,0,1,2208试验口径,"[{""purpose_scope"":""2208试验口径"",""source_record_ids"":""old-02-PDF-grid-1-0-7"",""source_observation_date_upper"":""2014-10-29"",""source_file"":""原件/免征目录/mf_batch02.pdf"",""source_sha256"":""0b13b4fd2de6c4de3ab0f8add88bb8d24354d05ca6af46904fe1065c53c9c519"",""firm_route_basis"":""原件企业合并格/上下文候选；非登记实体认证""}]",0,按来源/日期/配置版本分别答复；同型号合并附件不等于同配置或逐车资格认证
北京汽车股份有限公司,BJ7001U5E2-BEV,0,0,0,0,1,2208试验口径,"[{""purpose_scope"":""2208试验口径"",""source_record_ids"":""old-17-PDF-grid-1-0-7"",""source_observation_date_upper"":""2018-04-16"",""source_file"":""原件/免征目录/mf_batch17.pdf"",""source_sha256"":""577a4ba9c586fe08565f6a60e6de5474698031566d8dcef484cd44335879e334"",""firm_route_basis"":""原件企业合并格/上下文候选；非登记实体认证""}]",0,按来源/日期/配置版本分别答复；同型号合并附件不等于同配置或逐车资格认证
北京汽车股份有限公司,BJ7002B3D2-BEV,0,0,0,0,1,2208试验口径,"[{""purpose_scope"":""2208试验口径"",""source_record_ids"":""old-03-PDF-grid-1-0-5"",""source_observation_date_upper"":""2014-12-19"",""source_file"":""原件/免征目录/mf_batch03.pdf"",""source_sha256"":""1367fdf126160143cbeecaedf4a66b528d105bbfa58a06b2118487a2e05000a5"",""firm_route_basis"":""原记录firm_raw""}]",0,按来源/日期/配置版本分别答复；同型号合并附件不等于同配置或逐车资格认证
北京汽车股份有限公司,BJ7002B3D4-BEV,0,0,0,0,1,2208试验口径,"[{""purpose_scope"":""2208试验口径"",""source_record_ids"":""old-05-PDF-grid-1-0-4"",""source_observation_date_upper"":""2015-09-11"",""source_file"":""原件/免征目录/mf_batch05.pdf"",""source_sha256"":""658aa5fbf13859a9bbe1db6235da2f7e79fc325cc34e4c0ec1ffab7f8cc2ebca"",""firm_route_basis"":""原件企业合并格/上下文候选；非登记实体认证""}]",0,按来源/日期/配置版本分别答复；同型号合并附件不等于同配置或逐车资格认证
北京汽车股份有限公司,BJ7003U3D2-BEV,0,0,0,0,1,2208试验口径,"[{""purpose_scope"":""2208试验口径"",""source_record_ids"":""old-24-Word97--0-17"",""source_observation_date_upper"":""2019-04-30"",""source_file"":""原件/免征目录/mf_batch24.wps"",""source_sha256"":""07775a0cb063fe0fce5880b9378dd1eb2522b725d645cabdee314d604779939d"",""firm_route_basis"":""原件企业合并格/上下文候选；非登记实体认证""}]",0,按来源/日期/配置版本分别答复；同型号合并附件不等于同配置或逐车资格认证
北京汽车股份有限公司,BJ7003U3D3-BEV,0,0,0,0,1,2208试验口径,"[{""purpose_scope"":""2208试验口径"",""source_record_ids"":""old-24-Word97--0-18"",""source_observation_date_upper"":""2019-04-30"",""source_file"":""原件/免征目录/mf_batch24.wps"",""source_sha256"":""07775a0cb063fe0fce5880b9378dd1eb2522b725d645cabdee314d604779939d"",""firm_route_basis"":""原件企业合并格/上下文候选；非登记实体认证""}]",0,按来源/日期/配置版本分别答复；同型号合并附件不等于同配置或逐车资格认证
北京现代汽车有限公司,BH7000BEVAA,0,0,0,0,1,2208试验口径,"[{""purpose_scope"":""2208试验口径"",""source_record_ids"":""old-02-PDF-grid-1-0-9"",""source_observation_date_upper"":""2014-10-29"",""source_file"":""原件/免征目录/mf_batch02.pdf"",""source_sha256"":""0b13b4fd2de6c4de3ab0f8add88bb8d24354d05ca6af46904fe1065c53c9c519"",""firm_route_basis"":""原记录firm_raw""}]",0,按来源/日期/配置版本分别答复；同型号合并附件不等于同配置或逐车资格认证
北京现代汽车有限公司,BH7000BEVCAA,0,0,0,0,1,2208试验口径,"[{""purpose_scope"":""2208试验口径"",""source_record_ids"":""old-26-DOCX--0-14"",""source_observation_date_upper"":""2019-08-30"",""source_file"":""原件/免征目录/mf_batch26.docx"",""source_sha256"":""de0890335ef3a4f1302a8a0735ec8b6aed52e994e2635db481820060d62248b5"",""firm_route_basis"":""原记录firm_raw""}]",0,按来源/日期/配置版本分别答复；同型号合并附件不等于同配置或逐车资格认证
北京现代汽车有限公司,BH7000BEVDBA,0,0,0,1,1,92逐车资格;2208试验口径,"[{""purpose_scope"":""92逐车资格"",""source_record_ids"":""new-04-cell-3445;new-06-cell-4957"",""source_observation_date_upper"":""2024-04-15"",""source_file"":""原件/减免目录/cat_batch4.doc"",""source_sha256"":""e6d4f6d7e11833351bf9e247aa8032273ad029b83385189b0ffebd81d10b8ce6"",""firm_route_basis"":""原记录firm_raw""},{""purpose_scope"":""2208试验口径"",""source_record_ids"":""old-36-Word97--0-2"",""source_observation_date_upper"":""2020-10-30"",""source_file"":""原件/免征目录/mf_batch36.doc"",""source_sha256"":""05cfcfd9136685ad6d6e13b8228cd123cca109c26f43a4c71472016b5a610a9f"",""firm_route_basis"":""原记录firm_raw""}]",0,按来源/日期/配置版本分别答复；同型号合并附件不等于同配置或逐车资格认证
北京现代汽车有限公司,BH7000BEVSCA,0,0,0,0,1,2208试验口径,"[{""purpose_scope"":""2208试验口径"",""source_record_ids"":""old-25-Word97--0-16"",""source_observation_date_upper"":""2019-06-12"",""source_file"":""原件/免征目录/mf_batch25.wps"",""source_sha256"":""9d2abe319463522513fe9c90f98bb8d0a825b599267d0b3cc403cec9624b3297"",""firm_route_basis"":""原记录firm_raw""}]",0,按来源/日期/配置版本分别答复；同型号合并附件不等于同配置或逐车资格认证
北京现代汽车有限公司,BH7001BEVBA,0,0,0,0,1,2208试验口径,"[{""purpose_scope"":""2208试验口径"",""source_record_ids"":""old-16-Word97--0-7"",""source_observation_date_upper"":""2018-02-13"",""source_file"":""原件/免征目录/mf_batch16.docx"",""source_sha256"":""9db5ace6c1c59bd9636d48636f94fa77d2b6e0aa27b109421690ce6a8c4a3967"",""firm_route_basis"":""原记录firm_raw""}]",0,按来源/日期/配置版本分别答复；同型号合并附件不等于同配置或逐车资格认证
北汽(广州)汽车有限公司,BJ7000C5E2G-BEV,0,0,0,0,1,2208试验口径,"[{""purpose_scope"":""2208试验口径"",""source_record_ids"":""old-09-PDF-grid-1-0-13"",""source_observation_date_upper"":""2016-12-06"",""source_file"":""原件/免征目录/mf_batch09.pdf"",""source_sha256"":""7eea7200c04fefec34f6ae6db5a1bae77f82a534348f266e95575cae051c8c8c"",""firm_route_basis"":""原记录firm_raw""}]",0,按来源/日期/配置版本分别答复；同型号合并附件不等于同配置或逐车资格认证
北汽(广州)汽车有限公司,BJ7000C5E7G-BEV,0,0,0,0,1,2208试验口径,"[{""purpose_scope"":""2208试验口径"",""source_record_ids"":""old-20-DOCX--0-3"",""source_observation_date_upper"":""2018-09-19"",""source_file"":""原件/免征目录/mf_batch20.docx"",""source_sha256"":""374d3f87551d75d1c163e76abb38f350ea93f8a2b8cad6174568c307d1cc0130"",""firm_route_basis"":""原记录firm_raw""}]",0,按来源/日期/配置版本分别答复；同型号合并附件不等于同配置或逐车资格认证
北汽(广州)汽车有限公司,BJ7000C5FBEV,0,0,0,0,1,2208试验口径,"[{""purpose_scope"":""2208试验口径"",""source_record_ids"":""old-24-Word97--2-17"",""source_observation_date_upper"":""2019-04-30"",""source_file"":""原件/免征目录/mf_batch24.wps"",""source_sha256"":""07775a0cb063fe0fce5880b9378dd1eb2522b725d645cabdee314d604779939d"",""firm_route_basis"":""原记录firm_raw""}]",0,按来源/日期/配置版本分别答复；同型号合并附件不等于同配置或逐车资格认证
北汽(广州)汽车有限公司,BJ7000U3D7G-BEV,0,0,0,0,1,2208试验口径,"[{""purpose_scope"":""2208试验口径"",""source_record_ids"":""old-21-DOCX--0-2"",""source_observation_date_upper"":""2018-11-06"",""source_file"":""原件/免征目录/mf_batch21.docx"",""source_sha256"":""cd981cecffd781db646c194ab2c853b0466cc86eea0f616e95300b88932b8d9b"",""firm_route_basis"":""原记录firm_raw""}]",0,按来源/日期/配置版本分别答复；同型号合并附件不等于同配置或逐车资格认证
北汽(广州)汽车有限公司,BJ7001C5FBEV,0,0,0,0,1,2208试验口径,"[{""purpose_scope"":""2208试验口径"",""source_record_ids"":""old-39-Word97--0-13"",""source_observation_date_upper"":""2021-01-29"",""source_file"":""原件/免征目录/mf_batch39.doc"",""source_sha256"":""48158862f567d71b07ac0a7a60c2c3bc6d2bb44dd5a86290b0b809d757a9eb07"",""firm_route_basis"":""原记录firm_raw""}]",0,按来源/日期/配置版本分别答复；同型号合并附件不等于同配置或逐车资格认证
北汽(镇江)汽车有限公司,BJ6410UC4EV,0,0,0,0,1,2208试验口径,"[{""purpose_scope"":""2208试验口径"",""source_record_ids"":""old-09-PDF-grid-1-0-15"",""source_observation_date_upper"":""2016-12-06"",""source_file"":""原件/免征目录/mf_batch09.pdf"",""source_sha256"":""7eea7200c04fefec34f6ae6db5a1bae77f82a534348f266e95575cae051c8c8c"",""firm_route_basis"":""原记录firm_raw""}]",0,按来源/日期/配置版本分别答复；同型号合并附件不等于同配置或逐车资格认证
北汽(镇江)汽车有限公司,BJ6450UD4EV,0,0,0,0,1,2208试验口径,"[{""purpose_scope"":""2208试验口径"",""source_record_ids"":""old-22-Word97--0-17"",""source_observation_date_upper"":""2018-12-18"",""source_file"":""原件/免征目录/mf_batch22.doc"",""source_sha256"":""eaf3fc1e64742af85b3d4bc90388d0a93154a497fd6c1fb9bf73b857672e1212"",""firm_route_basis"":""原记录firm_raw""}]",0,按来源/日期/配置版本分别答复；同型号合并附件不等于同配置或逐车资格认证
北汽云南瑞丽汽车有限公司,BJ6410U3DX-BEV,0,0,0,0,1,2208试验口径,"[{""purpose_scope"":""2208试验口径"",""source_record_ids"":""old-13-PDF-grid-1-0-5"",""source_observation_date_upper"":""2017-10-30"",""source_file"":""原件/免征目录/mf_batch13.pdf"",""source_sha256"":""e82c4f41c448edbb5269c95f2ff35d0c577f7ff0d12ff30b2d4c307a1aa31a6b"",""firm_route_basis"":""原记录firm_raw""}]",0,按来源/日期/配置版本分别答复；同型号合并附件不等于同配置或逐车资格认证
北汽云南瑞丽汽车有限公司,BJ7000C5D3K-BEV,0,0,0,0,1,2208试验口径,"[{""purpose_scope"":""2208试验口径"",""source_record_ids"":""old-30-Word97--0-8"",""source_observation_date_upper"":""2020-03-13"",""source_file"":""原件/免征目录/mf_batch30.doc"",""source_sha256"":""e7fa3b47858ec2035b8055bc15be00b2b26920a5e8d3cad481058a80b92ead24"",""firm_route_basis"":""原记录firm_raw""}]",0,按来源/日期/配置版本分别答复；同型号合并附件不等于同配置或逐车资格认证
北汽云南瑞丽汽车有限公司,BJ7000C5DAK-BEV,0,0,0,0,1,2208试验口径,"[{""purpose_scope"":""2208试验口径"",""source_record_ids"":""old-33-Word97--0-47"",""source_observation_date_upper"":""2020-07-21"",""source_file"":""原件/免征目录/mf_batch33.doc"",""source_sha256"":""ff98fbb1708c47cdcfc1e79e7a1647e72a7ae6d4255dce3b250d661001340c09"",""firm_route_basis"":""原记录firm_raw""}]",0,按来源/日期/配置版本分别答复；同型号合并附件不等于同配置或逐车资格认证
北汽云南瑞丽汽车有限公司,BJ7000C5DBK-BEV,0,0,0,0,1,2208试验口径,"[{""purpose_scope"":""2208试验口径"",""source_record_ids"":""old-35-Word97--0-17"",""source_observation_date_upper"":""2020-09-21"",""source_file"":""原件/免征目录/mf_batch35.wps"",""source_sha256"":""e4a6abd0e50daa81d029f8b37584511354700e855dc89de210fcba782b0643f0"",""firm_route_basis"":""原记录firm_raw""}]",0,按来源/日期/配置版本分别答复；同型号合并附件不等于同配置或逐车资格认证
北汽云南瑞丽汽车有限公司,BJ7000C5DEK-BEV,0,0,0,1,1,92逐车资格;2208试验口径,"[{""purpose_scope"":""92逐车资格"",""source_record_ids"":""new-06-cell-5521"",""source_observation_date_upper"":""2024-05-31"",""source_file"":""原件/减免目录/cat_batch6.doc"",""source_sha256"":""8017fdbcfa01dc3f5d2bd65fe4a06f5212edd78d39fee33fd47f6a2823eedcf7"",""firm_route_basis"":""原记录firm_raw""},{""purpose_scope"":""2208试验口径"",""source_record_ids"":""old-37-Word97--0-13"",""source_observation_date_upper"":""2020-11-30"",""source_file"":""原件/免征目录/mf_batch37.doc"",""source_sha256"":""136057faede292d8070763e326c8dbdcddf3790653cc6879a13758f91556881f"",""firm_route_basis"":""原记录firm_raw""}]",0,按来源/日期/配置版本分别答复；同型号合并附件不等于同配置或逐车资格认证
北汽云南瑞丽汽车有限公司,BJ7000C5EBK-BEV,0,0,0,0,1,2208试验口径,"[{""purpose_scope"":""2208试验口径"",""source_record_ids"":""old-34-Word97--0-46"",""source_observation_date_upper"":""2020-08-24"",""source_file"":""原件/免征目录/mf_batch34.doc"",""source_sha256"":""d5c5bb03cc5fe0f16b284048e265ad35d62c12c0416f14aef0ce026a229aa831"",""firm_route_basis"":""原记录firm_raw""}]",0,按来源/日期/配置版本分别答复；同型号合并附件不等于同配置或逐车资格认证
北汽云南瑞丽汽车有限公司,BJ7000C5EDK-BEV,0,0,0,0,1,2208试验口径,"[{""purpose_scope"":""2208试验口径"",""source_record_ids"":""old-30-Word97--0-9"",""source_observation_date_upper"":""2020-03-13"",""source_file"":""原件/免征目录/mf_batch30.doc"",""source_sha256"":""e7fa3b47858ec2035b8055bc15be00b2b26920a5e8d3cad481058a80b92ead24"",""firm_route_basis"":""原件企业合并格/上下文候选；非登记实体认证""}]",0,按来源/日期/配置版本分别答复；同型号合并附件不等于同配置或逐车资格认证
北汽云南瑞丽汽车有限公司,BJ7000C5FK-BEV,0,0,0,0,1,2208试验口径,"[{""purpose_scope"":""2208试验口径"",""source_record_ids"":""old-33-Word97--0-48"",""source_observation_date_upper"":""2020-07-21"",""source_file"":""原件/免征目录/mf_batch33.doc"",""source_sha256"":""ff98fbb1708c47cdcfc1e79e7a1647e72a7ae6d4255dce3b250d661001340c09"",""firm_route_basis"":""原件企业合并格/上下文候选；非登记实体认证""}]",0,按来源/日期/配置版本分别答复；同型号合并附件不等于同配置或逐车资格认证
北汽云南瑞丽汽车有限公司,BJ7000URDK-BEV,0,0,0,0,1,2208试验口径,"[{""purpose_scope"":""2208试验口径"",""source_record_ids"":""old-30-Word97--0-10"",""source_observation_date_upper"":""2020-03-13"",""source_file"":""原件/免征目录/mf_batch30.doc"",""source_sha256"":""e7fa3b47858ec2035b8055bc15be00b2b26920a5e8d3cad481058a80b92ead24"",""firm_route_basis"":""原件企业合并格/上下文候选；非登记实体认证""}]",0,按来源/日期/配置版本分别答复；同型号合并附件不等于同配置或逐车资格认证
北汽云南瑞丽汽车有限公司,BJ7001C5FK-BEV,0,0,0,0,1,2208试验口径,"[{""purpose_scope"":""2208试验口径"",""source_record_ids"":""old-45-Word97--0-16"",""source_observation_date_upper"":""2021-08-10"",""source_file"":""原件/免征目录/mf_batch45.doc"",""source_sha256"":""56f5e7c5fd36e990024f8121006a76da260361f4e4660846e78255d007126f7a"",""firm_route_basis"":""原记录firm_raw""}]",0,按来源/日期/配置版本分别答复；同型号合并附件不等于同配置或逐车资格认证
北汽云南瑞丽汽车有限公司,BJ7001U3D3K-BEV,0,0,0,0,1,2208试验口径,"[{""purpose_scope"":""2208试验口径"",""source_record_ids"":""old-36-Word97--0-27"",""source_observation_date_upper"":""2020-10-30"",""source_file"":""原件/免征目录/mf_batch36.doc"",""source_sha256"":""05cfcfd9136685ad6d6e13b8228cd123cca109c26f43a4c71472016b5a610a9f"",""firm_route_basis"":""原记录firm_raw""}]",0,按来源/日期/配置版本分别答复；同型号合并附件不等于同配置或逐车资格认证
北汽新能源汽车常州有限公司,BJ7000BRDFC-BEV,0,0,0,0,1,2208试验口径,"[{""purpose_scope"":""2208试验口径"",""source_record_ids"":""old-16-Word97--0-11"",""source_observation_date_upper"":""2018-02-13"",""source_file"":""原件/免征目录/mf_batch16.docx"",""source_sha256"":""9db5ace6c1c59bd9636d48636f94fa77d2b6e0aa27b109421690ce6a8c4a3967"",""firm_route_basis"":""原件企业合并格/上下文候选；非登记实体认证""}]",0,按来源/日期/配置版本分别答复；同型号合并附件不等于同配置或逐车资格认证
北汽新能源汽车常州有限公司,BJ7000KPC4C-BEV,0,0,0,0,1,2208试验口径,"[{""purpose_scope"":""2208试验口径"",""source_record_ids"":""old-21-DOCX--0-3"",""source_observation_date_upper"":""2018-11-06"",""source_file"":""原件/免征目录/mf_batch21.docx"",""source_sha256"":""cd981cecffd781db646c194ab2c853b0466cc86eea0f616e95300b88932b8d9b"",""firm_route_basis"":""原记录firm_raw""}]",0,按来源/日期/配置版本分别答复；同型号合并附件不等于同配置或逐车资格认证
北汽新能源汽车常州有限公司,BJ7000KPCC-BEV,0,0,0,0,1,2208试验口径,"[{""purpose_scope"":""2208试验口径"",""source_record_ids"":""old-10-PDF-grid-1-0-9"",""source_observation_date_upper"":""2017-04-27"",""source_file"":""原件/免征目录/mf_batch10.pdf"",""source_sha256"":""ac1b1ad2605b4f24762fb1f01cea64b685393577d01648618fa1882bb5700ac3"",""firm_route_basis"":""原记录firm_raw""}]",0,按来源/日期/配置版本分别答复；同型号合并附件不等于同配置或逐车资格认证
北汽新能源汽车常州有限公司,BJ7000URD4C-BEV,0,0,0,0,1,2208试验口径,"[{""purpose_scope"":""2208试验口径"",""source_record_ids"":""old-16-Word97--0-10"",""source_observation_date_upper"":""2018-02-13"",""source_file"":""原件/免征目录/mf_batch16.docx"",""source_sha256"":""9db5ace6c1c59bd9636d48636f94fa77d2b6e0aa27b109421690ce6a8c4a3967"",""firm_route_basis"":""原记录firm_raw""}]",0,按来源/日期/配置版本分别答复；同型号合并附件不等于同配置或逐车资格认证
北汽新能源汽车常州有限公司,BJ7001BPH1C-BEV,0,0,0,0,1,2208试验口径,"[{""purpose_scope"":""2208试验口径"",""source_record_ids"":""old-11-PDF-grid-1-0-15"",""source_observation_date_upper"":""2017-07-06"",""source_file"":""原件/免征目录/mf_batch11.pdf"",""source_sha256"":""ec4f33e5e872841e6d1fa5d435793c285a15614ef2e64f39b9013389b5e51724"",""firm_route_basis"":""原件企业合并格/上下文候选；非登记实体认证""}]",0,按来源/日期/配置版本分别答复；同型号合并附件不等于同配置或逐车资格认证
北汽新能源汽车常州有限公司,BJ7001BPH2C-BEV,0,0,0,0,1,2208试验口径,"[{""purpose_scope"":""2208试验口径"",""source_record_ids"":""old-11-PDF-grid-1-0-12"",""source_observation_date_upper"":""2017-07-06"",""source_file"":""原件/免征目录/mf_batch11.pdf"",""source_sha256"":""ec4f33e5e872841e6d1fa5d435793c285a15614ef2e64f39b9013389b5e51724"",""firm_route_basis"":""原件企业合并格/上下文候选；非登记实体认证""}]",0,按来源/日期/配置版本分别答复；同型号合并附件不等于同配置或逐车资格认证
北汽新能源汽车常州有限公司,BJ7003URD4C-BEV,0,0,0,0,1,2208试验口径,"[{""purpose_scope"":""2208试验口径"",""source_record_ids"":""old-25-Word97--0-72"",""source_observation_date_upper"":""2019-06-12"",""source_file"":""原件/免征目录/mf_batch25.wps"",""source_sha256"":""9d2abe319463522513fe9c90f98bb8d0a825b599267d0b3cc403cec9624b3297"",""firm_route_basis"":""原记录firm_raw""}]",0,按来源/日期/配置版本分别答复；同型号合并附件不等于同配置或逐车资格认证
北汽福田汽车股份有限公司,BJ6425EVAA2,0,0,0,0,1,2208试验口径,"[{""purpose_scope"":""2208试验口径"",""source_record_ids"":""old-12-PDF-grid-1-0-5"",""source_observation_date_upper"":""2017-09-05"",""source_file"":""原件/免征目录/mf_batch12.pdf"",""source_sha256"":""afbd7133ccf901dbdc065b2ff80768450dc901def8d216cf5bb87baa98f7a1e2"",""firm_route_basis"":""原记录firm_raw""}]",0,按来源/日期/配置版本分别答复；同型号合并附件不等于同配置或逐车资格认证
北汽福田汽车股份有限公司,BJ6438EV3-1,0,0,0,0,1,2208试验口径,"[{""purpose_scope"":""2208试验口径"",""source_record_ids"":""old-02-PDF-grid-1-0-10"",""source_observation_date_upper"":""2014-10-29"",""source_file"":""原件/免征目录/mf_batch02.pdf"",""source_sha256"":""0b13b4fd2de6c4de3ab0f8add88bb8d24354d05ca6af46904fe1065c53c9c519"",""firm_route_basis"":""原记录firm_raw""}]",0,按来源/日期/配置版本分别答复；同型号合并附件不等于同配置或逐车资格认证
北汽福田汽车股份有限公司,BJ6539EVAA1,0,1,0,0,0,32联合跨界,"[{""purpose_scope"":""32联合跨界"",""source_record_ids"":""old-55-Word97--0-38"",""source_observation_date_upper"":""2022-06-01"",""source_file"":""原件/免征目录/mf_batch55.doc"",""source_sha256"":""0457d0430e9e7f114c91341a715405c3933dd4783762cd74b9871e4918ba887f"",""firm_route_basis"":""原记录firm_raw""}]",0,按来源/日期/配置版本分别答复；同型号合并附件不等于同配置或逐车资格认证
北汽福田汽车股份有限公司,BJ6539EVAA2,0,1,0,0,0,32联合跨界,"[{""purpose_scope"":""32联合跨界"",""source_record_ids"":""old-57-Word97--0-40"",""source_observation_date_upper"":""2022-08-10"",""source_file"":""原件/免征目录/mf_batch57.doc"",""source_sha256"":""96d9708a19952b23d71fc40e9976a33ae30ca118226a032954a93ab36f355f21"",""firm_route_basis"":""原记录firm_raw""}]",0,按来源/日期/配置版本分别答复；同型号合并附件不等于同配置或逐车资格认证
北汽福田汽车股份有限公司,BJ6552EVAA,0,0,0,1,0,92逐车资格,"[{""purpose_scope"":""92逐车资格"",""source_record_ids"":""new-03-cell-167;new-06-cell-4621"",""source_observation_date_upper"":""2024-03-11"",""source_file"":""原件/减免目录/cat_batch3.doc"",""source_sha256"":""338c1551d098659125f729d8b63eb48134ce5dfcfd36362a2aacb04a112e87b8"",""firm_route_basis"":""原记录firm_raw""}]",0,按来源/日期/配置版本分别答复；同型号合并附件不等于同配置或逐车资格认证
北汽福田汽车股份有限公司,BJ6552EVAA1,0,0,0,1,0,92逐车资格,"[{""purpose_scope"":""92逐车资格"",""source_record_ids"":""new-05-cell-4745;new-06-cell-5341"",""source_observation_date_upper"":""2024-05-20"",""source_file"":""原件/减免目录/cat_batch5.doc"",""source_sha256"":""be8c8373f926e8b033304f06a62d92b0f0fc066accc6841864c3fd414bc506ab"",""firm_route_basis"":""原记录firm_raw""}]",0,按来源/日期/配置版本分别答复；同型号合并附件不等于同配置或逐车资格认证
北汽福田汽车股份有限公司,BJ6608EVAA1,0,0,0,0,1,2208试验口径,"[{""purpose_scope"":""2208试验口径"",""source_record_ids"":""old-42-Word97--0-2"",""source_observation_date_upper"":""2021-04-30"",""source_file"":""原件/免征目录/mf_batch42.doc"",""source_sha256"":""fef4fd8ea19d773d368642e51a4bdb24c148530251a2240be4ff1358d5d41fab"",""firm_route_basis"":""原记录firm_raw""}]",0,按来源/日期/配置版本分别答复；同型号合并附件不等于同配置或逐车资格认证
北汽蓝谷麦格纳汽车有限公司,BJ6470A501BEV,0,0,0,0,1,2208试验口径,"[{""purpose_scope"":""2208试验口径"",""source_record_ids"":""old-68-Word97--0-6"",""source_observation_date_upper"":""2023-08-16"",""source_file"":""原件/免征目录/mf_batch68.doc"",""source_sha256"":""58113d08377020d08de0aeb0e08ff63c4a4411dbe35ad69cfdd6f82fdf0fcc77"",""firm_route_basis"":""原件企业合并格/上下文候选；非登记实体认证""}]",0,按来源/日期/配置版本分别答复；同型号合并附件不等于同配置或逐车资格认证
北汽蓝谷麦格纳汽车有限公司,BJ6470A502BEV,0,0,0,0,1,2208试验口径,"[{""purpose_scope"":""2208试验口径"",""source_record_ids"":""old-68-Word97--0-7"",""source_observation_date_upper"":""2023-08-16"",""source_file"":""原件/免征目录/mf_batch68.doc"",""source_sha256"":""58113d08377020d08de0aeb0e08ff63c4a4411dbe35ad69cfdd6f82fdf0fcc77"",""firm_route_basis"":""原件企业合并格/上下文候选；非登记实体认证""}]",0,按来源/日期/配置版本分别答复；同型号合并附件不等于同配置或逐车资格认证
北汽蓝谷麦格纳汽车有限公司,BJ6480BSA-BEV,0,0,0,0,1,2208试验口径,"[{""purpose_scope"":""2208试验口径"",""source_record_ids"":""old-32-Word97--0-13"",""source_observation_date_upper"":""2020-06-02"",""source_file"":""原件/免征目录/mf_batch32.doc"",""source_sha256"":""ad7c65b4831a05b7c70e1e73fe834aa9beed883c66f898e799fcbbeb43cc3d75"",""firm_route_basis"":""原记录firm_raw""}]",0,按来源/日期/配置版本分别答复；同型号合并附件不等于同配置或逐车资格认证
北汽蓝谷麦格纳汽车有限公司,BJ6480BSA1-BEV,0,0,0,0,1,2208试验口径,"[{""purpose_scope"":""2208试验口径"",""source_record_ids"":""old-32-Word97--0-14"",""source_observation_date_upper"":""2020-06-02"",""source_file"":""原件/免征目录/mf_batch32.doc"",""source_sha256"":""ad7c65b4831a05b7c70e1e73fe834aa9beed883c66f898e799fcbbeb43cc3d75"",""firm_route_basis"":""原件企业合并格/上下文候选；非登记实体认证""}]",0,按来源/日期/配置版本分别答复；同型号合并附件不等于同配置或逐车资格认证
北汽蓝谷麦格纳汽车有限公司,BJ6480BSA2-BEV,0,0,0,0,1,2208试验口径,"[{""purpose_scope"":""2208试验口径"",""source_record_ids"":""old-33-Word97--0-22"",""source_observation_date_upper"":""2020-07-21"",""source_file"":""原件/免征目录/mf_batch33.doc"",""source_sha256"":""ff98fbb1708c47cdcfc1e79e7a1647e72a7ae6d4255dce3b250d661001340c09"",""firm_route_basis"":""原记录firm_raw""}]",0,按来源/日期/配置版本分别答复；同型号合并附件不等于同配置或逐车资格认证
北汽蓝谷麦格纳汽车有限公司,BJ6480BSA4-BEV,0,0,0,0,1,2208试验口径,"[{""purpose_scope"":""2208试验口径"",""source_record_ids"":""old-36-Word97--0-5"",""source_observation_date_upper"":""2020-10-30"",""source_file"":""原件/免征目录/mf_batch36.doc"",""source_sha256"":""05cfcfd9136685ad6d6e13b8228cd123cca109c26f43a4c71472016b5a610a9f"",""firm_route_basis"":""原记录firm_raw""}]",0,按来源/日期/配置版本分别答复；同型号合并附件不等于同配置或逐车资格认证
北汽蓝谷麦格纳汽车有限公司,BJ6480BSA5-BEV,0,0,0,0,1,2208试验口径,"[{""purpose_scope"":""2208试验口径"",""source_record_ids"":""old-36-Word97--0-6"",""source_observation_date_upper"":""2020-10-30"",""source_file"":""原件/免征目录/mf_batch36.doc"",""source_sha256"":""05cfcfd9136685ad6d6e13b8228cd123cca109c26f43a4c71472016b5a610a9f"",""firm_route_basis"":""原件企业合并格/上下文候选；非登记实体认证""}]",0,按来源/日期/配置版本分别答复；同型号合并附件不等于同配置或逐车资格认证
北汽蓝谷麦格纳汽车有限公司,BJ6480BSA6-BEV,0,0,0,0,1,2208试验口径,"[{""purpose_scope"":""2208试验口径"",""source_record_ids"":""old-34-Word97--0-24"",""source_observation_date_upper"":""2020-08-24"",""source_file"":""原件/免征目录/mf_batch34.doc"",""source_sha256"":""d5c5bb03cc5fe0f16b284048e265ad35d62c12c0416f14aef0ce026a229aa831"",""firm_route_basis"":""原记录firm_raw""}]",0,按来源/日期/配置版本分别答复；同型号合并附件不等于同配置或逐车资格认证
北汽蓝谷麦格纳汽车有限公司,BJ6480BSA7-BEV,0,0,0,0,1,2208试验口径,"[{""purpose_scope"":""2208试验口径"",""source_record_ids"":""old-38-Word97--0-10"",""source_observation_date_upper"":""2020-12-30"",""source_file"":""原件/免征目录/mf_batch38.doc"",""source_sha256"":""7c9def45fe5c40e4c5ffb483a1d1efd383c12cb16a5c4ba021d4ce28384776de"",""firm_route_basis"":""原记录firm_raw""}]",0,按来源/日期/配置版本分别答复；同型号合并附件不等于同配置或逐车资格认证
北汽蓝谷麦格纳汽车有限公司,BJ7001AUA1-BEV,0,0,0,0,1,2208试验口径,"[{""purpose_scope"":""2208试验口径"",""source_record_ids"":""old-34-Word97--0-25"",""source_observation_date_upper"":""2020-08-24"",""source_file"":""原件/免征目录/mf_batch34.doc"",""source_sha256"":""d5c5bb03cc5fe0f16b284048e265ad35d62c12c0416f14aef0ce026a229aa831"",""firm_route_basis"":""原件企业合并格/上下文候选；非登记实体认证""}]",0,按来源/日期/配置版本分别答复；同型号合并附件不等于同配置或逐车资格认证
北汽蓝谷麦格纳汽车有限公司,BJ7001AUA3-BEV,0,0,0,0,1,2208试验口径,"[{""purpose_scope"":""2208试验口径"",""source_record_ids"":""old-34-Word97--0-26"",""source_observation_date_upper"":""2020-08-24"",""source_file"":""原件/免征目录/mf_batch34.doc"",""source_sha256"":""d5c5bb03cc5fe0f16b284048e265ad35d62c12c0416f14aef0ce026a229aa831"",""firm_route_basis"":""原件企业合并格/上下文候选；非登记实体认证""}]",0,按来源/日期/配置版本分别答复；同型号合并附件不等于同配置或逐车资格认证
北汽蓝谷麦格纳汽车有限公司,BJ7001AUA5-BEV,0,0,0,0,1,2208试验口径,"[{""purpose_scope"":""2208试验口径"",""source_record_ids"":""old-34-Word97--0-27"",""source_observation_date_upper"":""2020-08-24"",""source_file"":""原件/免征目录/mf_batch34.doc"",""source_sha256"":""d5c5bb03cc5fe0f16b284048e265ad35d62c12c0416f14aef0ce026a229aa831"",""firm_route_basis"":""原件企业合并格/上下文候选；非登记实体认证""}]",0,按来源/日期/配置版本分别答复；同型号合并附件不等于同配置或逐车资格认证
北汽蓝谷麦格纳汽车有限公司,BJ7001AUA6-BEV,0,0,0,0,1,2208试验口径,"[{""purpose_scope"":""2208试验口径"",""source_record_ids"":""old-44-Word97--0-21"",""source_observation_date_upper"":""2021-07-12"",""source_file"":""原件/免征目录/mf_batch44.doc"",""source_sha256"":""aea30846204f4e55c0d969450f1619e1649eb27f471d5b0a2636d0da77eb0611"",""firm_route_basis"":""原记录firm_raw""}]",0,按来源/日期/配置版本分别答复；同型号合并附件不等于同配置或逐车资格认证
北汽蓝谷麦格纳汽车有限公司,BJ7001AUA7-BEV,0,0,0,0,1,2208试验口径,"[{""purpose_scope"":""2208试验口径"",""source_record_ids"":""old-37-Word97--0-14"",""source_observation_date_upper"":""2020-11-30"",""source_file"":""原件/免征目录/mf_batch37.doc"",""source_sha256"":""136057faede292d8070763e326c8dbdcddf3790653cc6879a13758f91556881f"",""firm_route_basis"":""原记录firm_raw""}]",0,按来源/日期/配置版本分别答复；同型号合并附件不等于同配置或逐车资格认证
北汽蓝谷麦格纳汽车有限公司,BJ7001AUA8-BEV,0,0,0,0,1,2208试验口径,"[{""purpose_scope"":""2208试验口径"",""source_record_ids"":""old-37-Word97--0-15"",""source_observation_date_upper"":""2020-11-30"",""source_file"":""原件/免征目录/mf_batch37.doc"",""source_sha256"":""136057faede292d8070763e326c8dbdcddf3790653cc6879a13758f91556881f"",""firm_route_basis"":""原件企业合并格/上下文候选；非登记实体认证""}]",0,按来源/日期/配置版本分别答复；同型号合并附件不等于同配置或逐车资格认证
北汽蓝谷麦格纳汽车有限公司,BJ7001AUA9-BEV,0,0,0,0,1,2208试验口径,"[{""purpose_scope"":""2208试验口径"",""source_record_ids"":""old-37-Word97--0-16"",""source_observation_date_upper"":""2020-11-30"",""source_file"":""原件/免征目录/mf_batch37.doc"",""source_sha256"":""136057faede292d8070763e326c8dbdcddf3790653cc6879a13758f91556881f"",""firm_route_basis"":""原件企业合并格/上下文候选；非登记实体认证""}]",0,按来源/日期/配置版本分别答复；同型号合并附件不等于同配置或逐车资格认证
北汽蓝谷麦格纳汽车有限公司,BJ7001AUAA-BEV,0,0,0,0,1,2208试验口径,"[{""purpose_scope"":""2208试验口径"",""source_record_ids"":""old-37-Word97--0-17"",""source_observation_date_upper"":""2020-11-30"",""source_file"":""原件/免征目录/mf_batch37.doc"",""source_sha256"":""136057faede292d8070763e326c8dbdcddf3790653cc6879a13758f91556881f"",""firm_route_basis"":""原件企业合并格/上下文候选；非登记实体认证""}]",0,按来源/日期/配置版本分别答复；同型号合并附件不等于同配置或逐车资格认证
北汽银翔汽车有限公司,BJ6450JJN6XBEV,0,0,0,0,1,2208试验口径,"[{""purpose_scope"":""2208试验口径"",""source_record_ids"":""old-13-PDF-grid-1-0-4"",""source_observation_date_upper"":""2017-10-30"",""source_file"":""原件/免征目录/mf_batch13.pdf"",""source_sha256"":""e82c4f41c448edbb5269c95f2ff35d0c577f7ff0d12ff30b2d4c307a1aa31a6b"",""firm_route_basis"":""原记录firm_raw""}]",0,按来源/日期/配置版本分别答复；同型号合并附件不等于同配置或逐车资格认证
华晨宝马汽车有限公司,BBA7000EV(ZINORO1E),0,0,0,0,1,2208试验口径,"[{""purpose_scope"":""2208试验口径"",""source_record_ids"":""old-02-PDF-grid-2-0-2"",""source_observation_date_upper"":""2014-10-29"",""source_file"":""原件/免征目录/mf_batch02.pdf"",""source_sha256"":""0b13b4fd2de6c4de3ab0f8add88bb8d24354d05ca6af46904fe1065c53c9c519"",""firm_route_basis"":""原记录firm_raw""}]",0,按来源/日期/配置版本分别答复；同型号合并附件不等于同配置或逐车资格认证
华晨宝马汽车有限公司,BMW6462AAEV,0,0,0,0,1,2208试验口径,"[{""purpose_scope"":""2208试验口径"",""source_record_ids"":""old-67-Word97--0-7"",""source_observation_date_upper"":""2023-07-17"",""source_file"":""原件/免征目录/mf_batch67.doc"",""source_sha256"":""963a02fcc1f361414f4f003c6d63e00b178d0b962134ed2206c38978f3118101"",""firm_route_basis"":""原记录firm_raw""}]",0,按来源/日期/配置版本分别答复；同型号合并附件不等于同配置或逐车资格认证
华晨宝马汽车有限公司,BMW6462ABEV,0,0,0,0,1,2208试验口径,"[{""purpose_scope"":""2208试验口径"",""source_record_ids"":""old-66-Word97--0-7"",""source_observation_date_upper"":""2023-06-08"",""source_file"":""原件/免征目录/mf_batch66.doc"",""source_sha256"":""05a5fce42de1c5412803fe6a7bb46d04c4d61cb71dc5d88a9b59a3e884350544"",""firm_route_basis"":""原记录firm_raw""}]",0,按来源/日期/配置版本分别答复；同型号合并附件不等于同配置或逐车资格认证
华晨宝马汽车有限公司,BMW6475AAEV,0,0,0,0,1,2208试验口径,"[{""purpose_scope"":""2208试验口径"",""source_record_ids"":""old-33-Word97--0-18"",""source_observation_date_upper"":""2020-07-21"",""source_file"":""原件/免征目录/mf_batch33.doc"",""source_sha256"":""ff98fbb1708c47cdcfc1e79e7a1647e72a7ae6d4255dce3b250d661001340c09"",""firm_route_basis"":""原记录firm_raw""}]",0,按来源/日期/配置版本分别答复；同型号合并附件不等于同配置或逐车资格认证
华晨宝马汽车有限公司,BMW6475ABEV,0,0,0,0,1,2208试验口径,"[{""purpose_scope"":""2208试验口径"",""source_record_ids"":""old-33-Word97--0-19"",""source_observation_date_upper"":""2020-07-21"",""source_file"":""原件/免征目录/mf_batch33.doc"",""source_sha256"":""ff98fbb1708c47cdcfc1e79e7a1647e72a7ae6d4255dce3b250d661001340c09"",""firm_route_basis"":""原件企业合并格/上下文候选；非登记实体认证""}]",0,按来源/日期/配置版本分别答复；同型号合并附件不等于同配置或逐车资格认证
华晨宝马汽车有限公司,BMW6475ACEV,0,0,0,0,1,2208试验口径,"[{""purpose_scope"":""2208试验口径"",""source_record_ids"":""old-43-Word97--0-7"",""source_observation_date_upper"":""2021-06-11"",""source_file"":""原件/免征目录/mf_batch43.doc"",""source_sha256"":""5d5202dfe31364ec0884640d8bba22b0f640154d0bcc6154272890e604cfc01c"",""firm_route_basis"":""原件企业合并格/上下文候选；非登记实体认证""}]",0,按来源/日期/配置版本分别答复；同型号合并附件不等于同配置或逐车资格认证
华晨宝马汽车有限公司,BMW6475ADEV,0,0,0,0,1,2208试验口径,"[{""purpose_scope"":""2208试验口径"",""source_record_ids"":""old-43-Word97--0-6"",""source_observation_date_upper"":""2021-06-11"",""source_file"":""原件/免征目录/mf_batch43.doc"",""source_sha256"":""5d5202dfe31364ec0884640d8bba22b0f640154d0bcc6154272890e604cfc01c"",""firm_route_basis"":""原记录firm_raw""}]",0,按来源/日期/配置版本分别答复；同型号合并附件不等于同配置或逐车资格认证
华晨宝马汽车有限公司,BMW6475AEEV,0,0,0,0,1,2208试验口径,"[{""purpose_scope"":""2208试验口径"",""source_record_ids"":""old-69-Word97--0-15"",""source_observation_date_upper"":""2023-09-14"",""source_file"":""原件/免征目录/mf_batch69.doc"",""source_sha256"":""357d61a16c94488c9fdd761f393edb7029b05394ab06117abaebcba1a1e45546"",""firm_route_basis"":""原件企业合并格/上下文候选；非登记实体认证""}]",0,按来源/日期/配置版本分别答复；同型号合并附件不等于同配置或逐车资格认证
华晨宝马汽车有限公司,BMW6475AFEV,0,0,0,0,1,2208试验口径,"[{""purpose_scope"":""2208试验口径"",""source_record_ids"":""old-69-Word97--0-13"",""source_observation_date_upper"":""2023-09-14"",""source_file"":""原件/免征目录/mf_batch69.doc"",""source_sha256"":""357d61a16c94488c9fdd761f393edb7029b05394ab06117abaebcba1a1e45546"",""firm_route_basis"":""原记录firm_raw""}]",0,按来源/日期/配置版本分别答复；同型号合并附件不等于同配置或逐车资格认证
华晨宝马汽车有限公司,BMW7000AAEV,0,0,0,0,1,2208试验口径,"[{""purpose_scope"":""2208试验口径"",""source_record_ids"":""old-50-Word97--0-32"",""source_observation_date_upper"":""2021-12-29"",""source_file"":""原件/免征目录/mf_batch50.doc"",""source_sha256"":""3810672d92621612507384960254de602e629e75a308df22ee2291519445095e"",""firm_route_basis"":""原记录firm_raw""}]",0,按来源/日期/配置版本分别答复；同型号合并附件不等于同配置或逐车资格认证
华晨宝马汽车有限公司,BMW7000ABEV,0,0,0,0,1,2208试验口径,"[{""purpose_scope"":""2208试验口径"",""source_record_ids"":""old-59-Word97--0-43"",""source_observation_date_upper"":""2022-10-10"",""source_file"":""原件/免征目录/mf_batch59.doc"",""source_sha256"":""32738e2df847e0c74ff96d48b8a13e1dd9c31aee84b7c0a633e2d9c8a3e01f86"",""firm_route_basis"":""原记录firm_raw""}]",0,按来源/日期/配置版本分别答复；同型号合并附件不等于同配置或逐车资格认证
华晨宝马汽车有限公司,BMW7000ACEV,0,0,0,0,1,2208试验口径,"[{""purpose_scope"":""2208试验口径"",""source_record_ids"":""old-71-Word97--0-33"",""source_observation_date_upper"":""2023-11-20"",""source_file"":""原件/免征目录/mf_batch71.doc"",""source_sha256"":""b37b78b64b8ef7e12e6e95d6fd27a4a6e364c0c83ba403ffcf3bca82c60e3460"",""firm_route_basis"":""原记录firm_raw""}]",0,按来源/日期/配置版本分别答复；同型号合并附件不等于同配置或逐车资格认证
华晨宝马汽车有限公司,BMW7000ADEV,0,0,0,0,1,2208试验口径,"[{""purpose_scope"":""2208试验口径"",""source_record_ids"":""old-69-Word97--0-19"",""source_observation_date_upper"":""2023-09-14"",""source_file"":""原件/免征目录/mf_batch69.doc"",""source_sha256"":""357d61a16c94488c9fdd761f393edb7029b05394ab06117abaebcba1a1e45546"",""firm_route_basis"":""原件企业合并格/上下文候选；非登记实体认证""}]",0,按来源/日期/配置版本分别答复；同型号合并附件不等于同配置或逐车资格认证
华晨宝马汽车有限公司,BMW7000AEEV,0,0,0,0,1,2208试验口径,"[{""purpose_scope"":""2208试验口径"",""source_record_ids"":""old-69-Word97--0-18"",""source_observation_date_upper"":""2023-09-14"",""source_file"":""原件/免征目录/mf_batch69.doc"",""source_sha256"":""357d61a16c94488c9fdd761f393edb7029b05394ab06117abaebcba1a1e45546"",""firm_route_basis"":""原件企业合并格/上下文候选；非登记实体认证""}]",0,按来源/日期/配置版本分别答复；同型号合并附件不等于同配置或逐车资格认证
华晨宝马汽车有限公司,BMW7000AFEV,0,0,0,0,1,2208试验口径,"[{""purpose_scope"":""2208试验口径"",""source_record_ids"":""old-69-Word97--0-17"",""source_observation_date_upper"":""2023-09-14"",""source_file"":""原件/免征目录/mf_batch69.doc"",""source_sha256"":""357d61a16c94488c9fdd761f393edb7029b05394ab06117abaebcba1a1e45546"",""firm_route_basis"":""原件企业合并格/上下文候选；非登记实体认证""}]",0,按来源/日期/配置版本分别答复；同型号合并附件不等于同配置或逐车资格认证
华晨宝马汽车有限公司,BMW7001AAEV,0,0,0,0,1,2208试验口径,"[{""purpose_scope"":""2208试验口径"",""source_record_ids"":""old-69-Word97--0-14"",""source_observation_date_upper"":""2023-09-14"",""source_file"":""原件/免征目录/mf_batch69.doc"",""source_sha256"":""357d61a16c94488c9fdd761f393edb7029b05394ab06117abaebcba1a1e45546"",""firm_route_basis"":""原件企业合并格/上下文候选；非登记实体认证""}]",0,按来源/日期/配置版本分别答复；同型号合并附件不等于同配置或逐车资格认证
华晨宝马汽车有限公司,BMW7001ABEV,0,0,0,0,1,2208试验口径,"[{""purpose_scope"":""2208试验口径"",""source_record_ids"":""old-69-Word97--0-16"",""source_observation_date_upper"":""2023-09-14"",""source_file"":""原件/免征目录/mf_batch69.doc"",""source_sha256"":""357d61a16c94488c9fdd761f393edb7029b05394ab06117abaebcba1a1e45546"",""firm_route_basis"":""原件企业合并格/上下文候选；非登记实体认证""}]",0,按来源/日期/配置版本分别答复；同型号合并附件不等于同配置或逐车资格认证
华晨宝马汽车有限公司,BMW7001ACEV,0,0,0,0,1,2208试验口径,"[{""purpose_scope"":""2208试验口径"",""source_record_ids"":""old-70-Word97--0-14"",""source_observation_date_upper"":""2023-10-18"",""source_file"":""原件/免征目录/mf_batch70.doc"",""source_sha256"":""29b9f5df62602e114f0ed01426c185fdb15a654022cdf16d4df624bb736ed813"",""firm_route_basis"":""原记录firm_raw""}]",0,按来源/日期/配置版本分别答复；同型号合并附件不等于同配置或逐车资格认证
华晨汽车制造有限公司,SY7001BEVDXAA,0,0,0,0,1,2208试验口径,"[{""purpose_scope"":""2208试验口径"",""source_record_ids"":""old-37-Word97--0-18"",""source_observation_date_upper"":""2020-11-30"",""source_file"":""原件/免征目录/mf_batch37.doc"",""source_sha256"":""136057faede292d8070763e326c8dbdcddf3790653cc6879a13758f91556881f"",""firm_route_basis"":""原记录firm_raw""}]",0,按来源/日期/配置版本分别答复；同型号合并附件不等于同配置或逐车资格认证
华晨汽车制造有限公司,SY7001BEVDXAA1,0,0,0,0,1,2208试验口径,"[{""purpose_scope"":""2208试验口径"",""source_record_ids"":""old-42-Word97--0-31"",""source_observation_date_upper"":""2021-04-30"",""source_file"":""原件/免征目录/mf_batch42.doc"",""source_sha256"":""fef4fd8ea19d773d368642e51a4bdb24c148530251a2240be4ff1358d5d41fab"",""firm_route_basis"":""原记录firm_raw""}]",0,按来源/日期/配置版本分别答复；同型号合并附件不等于同配置或逐车资格认证
华晨汽车集团控股有限公司,SY7000BEVDAC,0,0,0,0,1,2208试验口径,"[{""purpose_scope"":""2208试验口径"",""source_record_ids"":""old-27-Word97--0-16"",""source_observation_date_upper"":""2019-10-25"",""source_file"":""原件/免征目录/mf_batch27.doc"",""source_sha256"":""2bd67cf7e1efc03ae93942d0d340ffef87478709520383b6ee4d08baf843ead1"",""firm_route_basis"":""原记录firm_raw""}]",0,按来源/日期/配置版本分别答复；同型号合并附件不等于同配置或逐车资格认证
华晨汽车集团控股有限公司,SY7000BEVDAE1,0,0,0,0,1,2208试验口径,"[{""purpose_scope"":""2208试验口径"",""source_record_ids"":""old-04-PDF-grid-1-0-11"",""source_observation_date_upper"":""2015-05-08"",""source_file"":""原件/免征目录/mf_batch04.pdf"",""source_sha256"":""7539cd299efb49a366656a4da32393075bcb03a5e10ea54e975f82f6099d9c81"",""firm_route_basis"":""原记录firm_raw""}]",0,按来源/日期/配置版本分别答复；同型号合并附件不等于同配置或逐车资格认证
华晨鑫源重庆汽车有限公司,JKC6450A0L1BEV,0,0,0,0,1,2208试验口径,"[{""purpose_scope"":""2208试验口径"",""source_record_ids"":""old-57-Word97--0-12"",""source_observation_date_upper"":""2022-08-10"",""source_file"":""原件/免征目录/mf_batch57.doc"",""source_sha256"":""96d9708a19952b23d71fc40e9976a33ae30ca118226a032954a93ab36f355f21"",""firm_route_basis"":""原记录firm_raw""}]",0,按来源/日期/配置版本分别答复；同型号合并附件不等于同配置或逐车资格认证
华晨鑫源重庆汽车有限公司,JKC6450AXBEV,0,0,0,0,1,2208试验口径,"[{""purpose_scope"":""2208试验口径"",""source_record_ids"":""old-13-PDF-grid-2-0-3"",""source_observation_date_upper"":""2017-10-30"",""source_file"":""原件/免征目录/mf_batch13.pdf"",""source_sha256"":""e82c4f41c448edbb5269c95f2ff35d0c577f7ff0d12ff30b2d4c307a1aa31a6b"",""firm_route_basis"":""原记录firm_raw""}]",0,按来源/日期/配置版本分别答复；同型号合并附件不等于同配置或逐车资格认证
华晨鑫源重庆汽车有限公司,JKC6451AXBEV,0,0,0,0,1,2208试验口径,"[{""purpose_scope"":""2208试验口径"",""source_record_ids"":""old-17-PDF-grid-2-0-9"",""source_observation_date_upper"":""2018-04-16"",""source_file"":""原件/免征目录/mf_batch17.pdf"",""source_sha256"":""577a4ba9c586fe08565f6a60e6de5474698031566d8dcef484cd44335879e334"",""firm_route_basis"":""原记录firm_raw""}]",0,按来源/日期/配置版本分别答复；同型号合并附件不等于同配置或逐车资格认证
华晨鑫源重庆汽车有限公司,JKC6451FXBEV,0,0,0,0,1,2208试验口径,"[{""purpose_scope"":""2208试验口径"",""source_record_ids"":""old-27-Word97--0-53"",""source_observation_date_upper"":""2019-10-25"",""source_file"":""原件/免征目录/mf_batch27.doc"",""source_sha256"":""2bd67cf7e1efc03ae93942d0d340ffef87478709520383b6ee4d08baf843ead1"",""firm_route_basis"":""原件企业合并格/上下文候选；非登记实体认证""}]",0,按来源/日期/配置版本分别答复；同型号合并附件不等于同配置或逐车资格认证
华晨鑫源重庆汽车有限公司,JKC6453AXBEV,0,0,0,0,1,2208试验口径,"[{""purpose_scope"":""2208试验口径"",""source_record_ids"":""old-20-DOCX--0-24"",""source_observation_date_upper"":""2018-09-19"",""source_file"":""原件/免征目录/mf_batch20.docx"",""source_sha256"":""374d3f87551d75d1c163e76abb38f350ea93f8a2b8cad6174568c307d1cc0130"",""firm_route_basis"":""原记录firm_raw""}]",0,按来源/日期/配置版本分别答复；同型号合并附件不等于同配置或逐车资格认证
华晨雷诺金杯汽车有限公司,SY6470BEVD1AL,0,0,0,0,1,2208试验口径,"[{""purpose_scope"":""2208试验口径"",""source_record_ids"":""old-24-Word97--0-3"",""source_observation_date_upper"":""2019-04-30"",""source_file"":""原件/免征目录/mf_batch24.wps"",""source_sha256"":""07775a0cb063fe0fce5880b9378dd1eb2522b725d645cabdee314d604779939d"",""firm_route_basis"":""原记录firm_raw""}]",0,按来源/日期/配置版本分别答复；同型号合并附件不等于同配置或逐车资格认证
南京金龙客车制造有限公司,NJL6420BEV4,0,0,0,0,1,2208试验口径,"[{""purpose_scope"":""2208试验口径"",""source_record_ids"":""old-20-DOCX--0-37"",""source_observation_date_upper"":""2018-09-19"",""source_file"":""原件/免征目录/mf_batch20.docx"",""source_sha256"":""374d3f87551d75d1c163e76abb38f350ea93f8a2b8cad6174568c307d1cc0130"",""firm_route_basis"":""原记录firm_raw""}]",0,按来源/日期/配置版本分别答复；同型号合并附件不等于同配置或逐车资格认证
南京金龙客车制造有限公司,NJL6420BEV5,0,0,0,0,1,2208试验口径,"[{""purpose_scope"":""2208试验口径"",""source_record_ids"":""old-20-DOCX--0-38"",""source_observation_date_upper"":""2018-09-19"",""source_file"":""原件/免征目录/mf_batch20.docx"",""source_sha256"":""374d3f87551d75d1c163e76abb38f350ea93f8a2b8cad6174568c307d1cc0130"",""firm_route_basis"":""原件企业合并格/上下文候选；非登记实体认证""}]",0,按来源/日期/配置版本分别答复；同型号合并附件不等于同配置或逐车资格认证
南京金龙客车制造有限公司,NJL6420BEV8,0,0,0,0,1,2208试验口径,"[{""purpose_scope"":""2208试验口径"",""source_record_ids"":""old-20-DOCX--0-40"",""source_observation_date_upper"":""2018-09-19"",""source_file"":""原件/免征目录/mf_batch20.docx"",""source_sha256"":""374d3f87551d75d1c163e76abb38f350ea93f8a2b8cad6174568c307d1cc0130"",""firm_route_basis"":""原件企业合并格/上下文候选；非登记实体认证""}]",0,按来源/日期/配置版本分别答复；同型号合并附件不等于同配置或逐车资格认证
南京金龙客车制造有限公司,NJL6420EV,0,0,0,0,1,2208试验口径,"[{""purpose_scope"":""2208试验口径"",""source_record_ids"":""old-25-Word97--0-26"",""source_observation_date_upper"":""2019-06-12"",""source_file"":""原件/免征目录/mf_batch25.wps"",""source_sha256"":""9d2abe319463522513fe9c90f98bb8d0a825b599267d0b3cc403cec9624b3297"",""firm_route_basis"":""原记录firm_raw""}]",0,按来源/日期/配置版本分别答复；同型号合并附件不等于同配置或逐车资格认证
南京金龙客车制造有限公司,NJL6420EV1,0,0,0,0,1,2208试验口径,"[{""purpose_scope"":""2208试验口径"",""source_record_ids"":""old-25-Word97--0-27"",""source_observation_date_upper"":""2019-06-12"",""source_file"":""原件/免征目录/mf_batch25.wps"",""source_sha256"":""9d2abe319463522513fe9c90f98bb8d0a825b599267d0b3cc403cec9624b3297"",""firm_route_basis"":""原件企业合并格/上下文候选；非登记实体认证""}]",0,按来源/日期/配置版本分别答复；同型号合并附件不等于同配置或逐车资格认证
南京金龙客车制造有限公司,NJL6420EV9,0,0,0,0,1,2208试验口径,"[{""purpose_scope"":""2208试验口径"",""source_record_ids"":""old-25-Word97--0-28"",""source_observation_date_upper"":""2019-06-12"",""source_file"":""原件/免征目录/mf_batch25.wps"",""source_sha256"":""9d2abe319463522513fe9c90f98bb8d0a825b599267d0b3cc403cec9624b3297"",""firm_route_basis"":""原件企业合并格/上下文候选；非登记实体认证""}]",0,按来源/日期/配置版本分别答复；同型号合并附件不等于同配置或逐车资格认证
南京金龙客车制造有限公司,NJL6450EV,0,0,0,0,1,2208试验口径,"[{""purpose_scope"":""2208试验口径"",""source_record_ids"":""old-30-Word97--0-24"",""source_observation_date_upper"":""2020-03-13"",""source_file"":""原件/免征目录/mf_batch30.doc"",""source_sha256"":""e7fa3b47858ec2035b8055bc15be00b2b26920a5e8d3cad481058a80b92ead24"",""firm_route_basis"":""原记录firm_raw""}]",0,按来源/日期/配置版本分别答复；同型号合并附件不等于同配置或逐车资格认证
南京金龙客车制造有限公司,NJL6470BEV400,0,0,0,0,1,2208试验口径,"[{""purpose_scope"":""2208试验口径"",""source_record_ids"":""old-32-Word97--0-36"",""source_observation_date_upper"":""2020-06-02"",""source_file"":""原件/免征目录/mf_batch32.doc"",""source_sha256"":""ad7c65b4831a05b7c70e1e73fe834aa9beed883c66f898e799fcbbeb43cc3d75"",""firm_route_basis"":""原件企业合并格/上下文候选；非登记实体认证""}]",0,按来源/日期/配置版本分别答复；同型号合并附件不等于同配置或逐车资格认证
南京金龙客车制造有限公司,NJL6470BEV500,0,0,0,0,1,2208试验口径,"[{""purpose_scope"":""2208试验口径"",""source_record_ids"":""old-32-Word97--0-37"",""source_observation_date_upper"":""2020-06-02"",""source_file"":""原件/免征目录/mf_batch32.doc"",""source_sha256"":""ad7c65b4831a05b7c70e1e73fe834aa9beed883c66f898e799fcbbeb43cc3d75"",""firm_route_basis"":""原件企业合并格/上下文候选；非登记实体认证""}]",0,按来源/日期/配置版本分别答复；同型号合并附件不等于同配置或逐车资格认证
南京金龙客车制造有限公司,NJL6470BEV600,0,0,0,0,1,2208试验口径,"[{""purpose_scope"":""2208试验口径"",""source_record_ids"":""old-51-Word97--0-14"",""source_observation_date_upper"":""2022-01-29"",""source_file"":""原件/免征目录/mf_batch51.doc"",""source_sha256"":""35411ca0ab3ef42915600b148fca6fe76bcb86f5dc3812f71d74f3ebda125ce6"",""firm_route_basis"":""原记录firm_raw""}]",0,按来源/日期/配置版本分别答复；同型号合并附件不等于同配置或逐车资格认证
南京金龙客车制造有限公司,NJL6471BEV400,0,0,0,0,1,2208试验口径,"[{""purpose_scope"":""2208试验口径"",""source_record_ids"":""old-32-Word97--0-38"",""source_observation_date_upper"":""2020-06-02"",""source_file"":""原件/免征目录/mf_batch32.doc"",""source_sha256"":""ad7c65b4831a05b7c70e1e73fe834aa9beed883c66f898e799fcbbeb43cc3d75"",""firm_route_basis"":""原件企业合并格/上下文候选；非登记实体认证""}]",0,按来源/日期/配置版本分别答复；同型号合并附件不等于同配置或逐车资格认证
南京金龙客车制造有限公司,NJL6471BEV500,0,0,0,0,1,2208试验口径,"[{""purpose_scope"":""2208试验口径"",""source_record_ids"":""old-57-Word97--0-10"",""source_observation_date_upper"":""2022-08-10"",""source_file"":""原件/免征目录/mf_batch57.doc"",""source_sha256"":""96d9708a19952b23d71fc40e9976a33ae30ca118226a032954a93ab36f355f21"",""firm_route_basis"":""原记录firm_raw""}]",0,按来源/日期/配置版本分别答复；同型号合并附件不等于同配置或逐车资格认证
南京金龙客车制造有限公司,NJL6472BEV400,0,0,0,0,1,2208试验口径,"[{""purpose_scope"":""2208试验口径"",""source_record_ids"":""old-58-Word97--0-5"",""source_observation_date_upper"":""2022-09-16"",""source_file"":""原件/免征目录/mf_batch58.doc"",""source_sha256"":""b642358bb3078d2dde909a798935c0c1fc75d90f22b33f7c48aa87209acc100d"",""firm_route_basis"":""原记录firm_raw""}]",0,按来源/日期/配置版本分别答复；同型号合并附件不等于同配置或逐车资格认证
南京金龙客车制造有限公司,NJL6473BEV400,0,0,0,0,1,2208试验口径,"[{""purpose_scope"":""2208试验口径"",""source_record_ids"":""old-69-Word97--0-79"",""source_observation_date_upper"":""2023-09-14"",""source_file"":""原件/免征目录/mf_batch69.doc"",""source_sha256"":""357d61a16c94488c9fdd761f393edb7029b05394ab06117abaebcba1a1e45546"",""firm_route_basis"":""原记录firm_raw""}]",0,按来源/日期/配置版本分别答复；同型号合并附件不等于同配置或逐车资格认证
合众新能源汽车有限公司,THZ6450BEVS30D,0,0,0,0,1,2208试验口径,"[{""purpose_scope"":""2208试验口径"",""source_record_ids"":""old-46-Word97--0-5"",""source_observation_date_upper"":""2021-09-10"",""source_file"":""原件/免征目录/mf_batch46.doc"",""source_sha256"":""a4b2048b3d5c29a8969f0348e9fd19a3293f0c23e6f37a48bf42a2ed70c7d37d"",""firm_route_basis"":""原件企业合并格/上下文候选；非登记实体认证""}]",0,按来源/日期/配置版本分别答复；同型号合并附件不等于同配置或逐车资格认证
合众新能源汽车有限公司,THZ6450BEVS30E,0,0,0,0,1,2208试验口径,"[{""purpose_scope"":""2208试验口径"",""source_record_ids"":""old-46-Word97--0-2"",""source_observation_date_upper"":""2021-09-10"",""source_file"":""原件/免征目录/mf_batch46.doc"",""source_sha256"":""a4b2048b3d5c29a8969f0348e9fd19a3293f0c23e6f37a48bf42a2ed70c7d37d"",""firm_route_basis"":""原记录firm_raw""}]",0,按来源/日期/配置版本分别答复；同型号合并附件不等于同配置或逐车资格认证
合众新能源汽车有限公司,THZ6450BEVS30F,0,0,0,0,1,2208试验口径,"[{""purpose_scope"":""2208试验口径"",""source_record_ids"":""old-48-Word97--0-6"",""source_observation_date_upper"":""2021-11-05"",""source_file"":""原件/免征目录/mf_batch48.doc"",""source_sha256"":""ee5aa19736215cfcb3b76ffff90bcd0d9108c61758ccb756f7d4ad17e75a835c"",""firm_route_basis"":""原记录firm_raw""}]",0,按来源/日期/配置版本分别答复；同型号合并附件不等于同配置或逐车资格认证
合众新能源汽车有限公司,THZ6450BEVS30G,0,0,0,0,1,2208试验口径,"[{""purpose_scope"":""2208试验口径"",""source_record_ids"":""old-48-Word97--0-9"",""source_observation_date_upper"":""2021-11-05"",""source_file"":""原件/免征目录/mf_batch48.doc"",""source_sha256"":""ee5aa19736215cfcb3b76ffff90bcd0d9108c61758ccb756f7d4ad17e75a835c"",""firm_route_basis"":""原件企业合并格/上下文候选；非登记实体认证""}]",0,按来源/日期/配置版本分别答复；同型号合并附件不等于同配置或逐车资格认证
合众新能源汽车有限公司,THZ6450BEVS30H,0,0,0,0,1,2208试验口径,"[{""purpose_scope"":""2208试验口径"",""source_record_ids"":""old-50-Word97--0-8"",""source_observation_date_upper"":""2021-12-29"",""source_file"":""原件/免征目录/mf_batch50.doc"",""source_sha256"":""3810672d92621612507384960254de602e629e75a308df22ee2291519445095e"",""firm_route_basis"":""原件企业合并格/上下文候选；非登记实体认证""}]",0,按来源/日期/配置版本分别答复；同型号合并附件不等于同配置或逐车资格认证
合众新能源汽车有限公司,THZ6450BEVS30J,0,0,0,0,1,2208试验口径,"[{""purpose_scope"":""2208试验口径"",""source_record_ids"":""old-50-Word97--0-5"",""source_observation_date_upper"":""2021-12-29"",""source_file"":""原件/免征目录/mf_batch50.doc"",""source_sha256"":""3810672d92621612507384960254de602e629e75a308df22ee2291519445095e"",""firm_route_basis"":""原记录firm_raw""}]",0,按来源/日期/配置版本分别答复；同型号合并附件不等于同配置或逐车资格认证
合众新能源汽车有限公司,THZ6450SEVS301,0,0,0,0,1,2208试验口径,"[{""purpose_scope"":""2208试验口径"",""source_record_ids"":""old-44-Word97--0-5"",""source_observation_date_upper"":""2021-07-12"",""source_file"":""原件/免征目录/mf_batch44.doc"",""source_sha256"":""aea30846204f4e55c0d969450f1619e1649eb27f471d5b0a2636d0da77eb0611"",""firm_route_basis"":""原件企业合并格/上下文候选；非登记实体认证""}]",0,按来源/日期/配置版本分别答复；同型号合并附件不等于同配置或逐车资格认证
合众新能源汽车有限公司,THZ6450SEVS302,0,0,0,0,1,2208试验口径,"[{""purpose_scope"":""2208试验口径"",""source_record_ids"":""old-46-Word97--0-6"",""source_observation_date_upper"":""2021-09-10"",""source_file"":""原件/免征目录/mf_batch46.doc"",""source_sha256"":""a4b2048b3d5c29a8969f0348e9fd19a3293f0c23e6f37a48bf42a2ed70c7d37d"",""firm_route_basis"":""原件企业合并格/上下文候选；非登记实体认证""}]",0,按来源/日期/配置版本分别答复；同型号合并附件不等于同配置或逐车资格认证
合众新能源汽车有限公司,THZ6450SEVS30M,0,0,0,0,1,2208试验口径,"[{""purpose_scope"":""2208试验口径"",""source_record_ids"":""old-65-Word97--0-46"",""source_observation_date_upper"":""2023-05-09"",""source_file"":""原件/免征目录/mf_batch65.doc"",""source_sha256"":""06a6a578a9a60516a845bc92deac49954438a789e9e4a7cf3cd140f256d9b13d"",""firm_route_basis"":""原记录firm_raw""}]",0,按来源/日期/配置版本分别答复；同型号合并附件不等于同配置或逐车资格认证
合众新能源汽车有限公司,THZ6451BEVS307,0,0,0,0,1,2208试验口径,"[{""purpose_scope"":""2208试验口径"",""source_record_ids"":""old-44-Word97--0-8"",""source_observation_date_upper"":""2021-07-12"",""source_file"":""原件/免征目录/mf_batch44.doc"",""source_sha256"":""aea30846204f4e55c0d969450f1619e1649eb27f471d5b0a2636d0da77eb0611"",""firm_route_basis"":""原件企业合并格/上下文候选；非登记实体认证""}]",0,按来源/日期/配置版本分别答复；同型号合并附件不等于同配置或逐车资格认证
合众新能源汽车有限公司,THZ6451BEVS30A,0,0,0,0,1,2208试验口径,"[{""purpose_scope"":""2208试验口径"",""source_record_ids"":""old-56-Word97--0-16"",""source_observation_date_upper"":""2022-07-08"",""source_file"":""原件/免征目录/mf_batch56.doc"",""source_sha256"":""cbffdc0819640e8f18c11a2a277b26b2e043c81406533457ff225f4df1c6c068"",""firm_route_basis"":""原记录firm_raw""}]",0,按来源/日期/配置版本分别答复；同型号合并附件不等于同配置或逐车资格认证
合众新能源汽车有限公司,THZ6451BEVS30J,0,0,0,0,1,2208试验口径,"[{""purpose_scope"":""2208试验口径"",""source_record_ids"":""old-50-Word97--0-7"",""source_observation_date_upper"":""2021-12-29"",""source_file"":""原件/免征目录/mf_batch50.doc"",""source_sha256"":""3810672d92621612507384960254de602e629e75a308df22ee2291519445095e"",""firm_route_basis"":""原件企业合并格/上下文候选；非登记实体认证""}]",0,按来源/日期/配置版本分别答复；同型号合并附件不等于同配置或逐车资格认证
合众新能源汽车有限公司,THZ6452BEVS307,0,0,0,0,1,2208试验口径,"[{""purpose_scope"":""2208试验口径"",""source_record_ids"":""old-46-Word97--0-3"",""source_observation_date_upper"":""2021-09-10"",""source_file"":""原件/免征目录/mf_batch46.doc"",""source_sha256"":""a4b2048b3d5c29a8969f0348e9fd19a3293f0c23e6f37a48bf42a2ed70c7d37d"",""firm_route_basis"":""原件企业合并格/上下文候选；非登记实体认证""}]",0,按来源/日期/配置版本分别答复；同型号合并附件不等于同配置或逐车资格认证
合众新能源汽车有限公司,THZ6460BEVS301,0,0,0,0,1,2208试验口径,"[{""purpose_scope"":""2208试验口径"",""source_record_ids"":""old-48-Word97--0-7"",""source_observation_date_upper"":""2021-11-05"",""source_file"":""原件/免征目录/mf_batch48.doc"",""source_sha256"":""ee5aa19736215cfcb3b76ffff90bcd0d9108c61758ccb756f7d4ad17e75a835c"",""firm_route_basis"":""原件企业合并格/上下文候选；非登记实体认证""}]",0,按来源/日期/配置版本分别答复；同型号合并附件不等于同配置或逐车资格认证
合众新能源汽车有限公司,THZ6460BEVS302,0,0,0,0,1,2208试验口径,"[{""purpose_scope"":""2208试验口径"",""source_record_ids"":""old-48-Word97--0-8"",""source_observation_date_upper"":""2021-11-05"",""source_file"":""原件/免征目录/mf_batch48.doc"",""source_sha256"":""ee5aa19736215cfcb3b76ffff90bcd0d9108c61758ccb756f7d4ad17e75a835c"",""firm_route_basis"":""原件企业合并格/上下文候选；非登记实体认证""}]",0,按来源/日期/配置版本分别答复；同型号合并附件不等于同配置或逐车资格认证
合众新能源汽车有限公司,THZ6460BEVS30K,0,0,0,0,1,2208试验口径,"[{""purpose_scope"":""2208试验口径"",""source_record_ids"":""old-64-Word97--0-40"",""source_observation_date_upper"":""2023-04-17"",""source_file"":""原件/免征目录/mf_batch64.doc"",""source_sha256"":""c4e238989e7e40ec2c3a6a899ead170b4a745bc72546ba6fd4a5731d8890c6cb"",""firm_route_basis"":""原件企业合并格/上下文候选；非登记实体认证""}]",0,按来源/日期/配置版本分别答复；同型号合并附件不等于同配置或逐车资格认证
合众新能源汽车有限公司,THZ7000BEVS11E,0,0,0,0,1,2208试验口径,"[{""purpose_scope"":""2208试验口径"",""source_record_ids"":""old-55-Word97--0-6"",""source_observation_date_upper"":""2022-06-01"",""source_file"":""原件/免征目录/mf_batch55.doc"",""source_sha256"":""0457d0430e9e7f114c91341a715405c3933dd4783762cd74b9871e4918ba887f"",""firm_route_basis"":""原记录firm_raw""}]",0,按来源/日期/配置版本分别答复；同型号合并附件不等于同配置或逐车资格认证
合众新能源汽车有限公司,THZ7000BEVS11S,0,1,0,0,0,32联合跨界,"[{""purpose_scope"":""32联合跨界"",""source_record_ids"":""old-66-Word97--0-30"",""source_observation_date_upper"":""2023-06-08"",""source_file"":""原件/免征目录/mf_batch66.doc"",""source_sha256"":""05a5fce42de1c5412803fe6a7bb46d04c4d61cb71dc5d88a9b59a3e884350544"",""firm_route_basis"":""原件企业合并格/上下文候选；非登记实体认证""}]",0,按来源/日期/配置版本分别答复；同型号合并附件不等于同配置或逐车资格认证
合众新能源汽车有限公司,THZ7000BEVS11T,0,1,0,0,0,32联合跨界,"[{""purpose_scope"":""32联合跨界"",""source_record_ids"":""old-66-Word97--0-29"",""source_observation_date_upper"":""2023-06-08"",""source_file"":""原件/免征目录/mf_batch66.doc"",""source_sha256"":""05a5fce42de1c5412803fe6a7bb46d04c4d61cb71dc5d88a9b59a3e884350544"",""firm_route_basis"":""原记录firm_raw""}]",0,按来源/日期/配置版本分别答复；同型号合并附件不等于同配置或逐车资格认证
合众新能源汽车有限公司,THZ7000BEVS361,0,0,0,0,1,2208试验口径,"[{""purpose_scope"":""2208试验口径"",""source_record_ids"":""old-62-Word97--0-74"",""source_observation_date_upper"":""2023-02-20"",""source_file"":""原件/免征目录/mf_batch62.doc"",""source_sha256"":""7694ac7207998b6af7c895cdd2c1d752421df436d4b28f83195261dd47f6509c"",""firm_route_basis"":""原件企业合并格/上下文候选；非登记实体认证""}]",0,按来源/日期/配置版本分别答复；同型号合并附件不等于同配置或逐车资格认证
合众新能源汽车有限公司,THZ7000BEVS365,0,0,0,0,1,2208试验口径,"[{""purpose_scope"":""2208试验口径"",""source_record_ids"":""old-65-Word97--0-47"",""source_observation_date_upper"":""2023-05-09"",""source_file"":""原件/免征目录/mf_batch65.doc"",""source_sha256"":""06a6a578a9a60516a845bc92deac49954438a789e9e4a7cf3cd140f256d9b13d"",""firm_route_basis"":""原件企业合并格/上下文候选；非登记实体认证""}]",0,按来源/日期/配置版本分别答复；同型号合并附件不等于同配置或逐车资格认证
合众新能源汽车有限公司,THZ7000BEVS366,0,0,0,0,1,2208试验口径,"[{""purpose_scope"":""2208试验口径"",""source_record_ids"":""old-66-Word97--0-31"",""source_observation_date_upper"":""2023-06-08"",""source_file"":""原件/免征目录/mf_batch66.doc"",""source_sha256"":""05a5fce42de1c5412803fe6a7bb46d04c4d61cb71dc5d88a9b59a3e884350544"",""firm_route_basis"":""原件企业合并格/上下文候选；非登记实体认证""}]",0,按来源/日期/配置版本分别答复；同型号合并附件不等于同配置或逐车资格认证
合众新能源汽车有限公司,THZ7000BEVS404,0,0,0,0,1,2208试验口径,"[{""purpose_scope"":""2208试验口径"",""source_record_ids"":""old-64-Word97--0-38"",""source_observation_date_upper"":""2023-04-17"",""source_file"":""原件/免征目录/mf_batch64.doc"",""source_sha256"":""c4e238989e7e40ec2c3a6a899ead170b4a745bc72546ba6fd4a5731d8890c6cb"",""firm_route_basis"":""原件企业合并格/上下文候选；非登记实体认证""}]",0,按来源/日期/配置版本分别答复；同型号合并附件不等于同配置或逐车资格认证
合众新能源汽车有限公司,THZ7000BEVS405,0,0,0,0,1,2208试验口径,"[{""purpose_scope"":""2208试验口径"",""source_record_ids"":""old-64-Word97--0-37"",""source_observation_date_upper"":""2023-04-17"",""source_file"":""原件/免征目录/mf_batch64.doc"",""source_sha256"":""c4e238989e7e40ec2c3a6a899ead170b4a745bc72546ba6fd4a5731d8890c6cb"",""firm_route_basis"":""原记录firm_raw""}]",0,按来源/日期/配置版本分别答复；同型号合并附件不等于同配置或逐车资格认证
合众新能源汽车有限公司,THZ7000BEVS406,0,0,0,0,1,2208试验口径,"[{""purpose_scope"":""2208试验口径"",""source_record_ids"":""old-66-Word97--0-32"",""source_observation_date_upper"":""2023-06-08"",""source_file"":""原件/免征目录/mf_batch66.doc"",""source_sha256"":""05a5fce42de1c5412803fe6a7bb46d04c4d61cb71dc5d88a9b59a3e884350544"",""firm_route_basis"":""原件企业合并格/上下文候选；非登记实体认证""}]",0,按来源/日期/配置版本分别答复；同型号合并附件不等于同配置或逐车资格认证
合众新能源汽车股份有限公司,THZ6450SEVS30M,0,0,0,1,0,92逐车资格,"[{""purpose_scope"":""92逐车资格"",""source_record_ids"":""new-04-cell-3401;new-06-cell-4909"",""source_observation_date_upper"":""2024-04-15"",""source_file"":""原件/减免目录/cat_batch4.doc"",""source_sha256"":""e6d4f6d7e11833351bf9e247aa8032273ad029b83385189b0ffebd81d10b8ce6"",""firm_route_basis"":""原记录firm_raw""}]",0,按来源/日期/配置版本分别答复；同型号合并附件不等于同配置或逐车资格认证
合众新能源汽车股份有限公司,THZ6460BEVS37A,0,0,0,0,1,2208试验口径,"[{""purpose_scope"":""2208试验口径"",""source_record_ids"":""old-69-Word97--0-81"",""source_observation_date_upper"":""2023-09-14"",""source_file"":""原件/免征目录/mf_batch69.doc"",""source_sha256"":""357d61a16c94488c9fdd761f393edb7029b05394ab06117abaebcba1a1e45546"",""firm_route_basis"":""原记录firm_raw""}]",0,按来源/日期/配置版本分别答复；同型号合并附件不等于同配置或逐车资格认证
合众新能源汽车股份有限公司,THZ6460BEVS37C,0,0,0,0,1,2208试验口径,"[{""purpose_scope"":""2208试验口径"",""source_record_ids"":""old-69-Word97--0-82"",""source_observation_date_upper"":""2023-09-14"",""source_file"":""原件/免征目录/mf_batch69.doc"",""source_sha256"":""357d61a16c94488c9fdd761f393edb7029b05394ab06117abaebcba1a1e45546"",""firm_route_basis"":""原件企业合并格/上下文候选；非登记实体认证""}]",0,按来源/日期/配置版本分别答复；同型号合并附件不等于同配置或逐车资格认证
合众新能源汽车股份有限公司,THZ6460BEVS37P,0,0,0,0,1,2208试验口径,"[{""purpose_scope"":""2208试验口径"",""source_record_ids"":""old-71-Word97--0-56"",""source_observation_date_upper"":""2023-11-20"",""source_file"":""原件/免征目录/mf_batch71.doc"",""source_sha256"":""b37b78b64b8ef7e12e6e95d6fd27a4a6e364c0c83ba403ffcf3bca82c60e3460"",""firm_route_basis"":""原记录firm_raw""}]",0,按来源/日期/配置版本分别答复；同型号合并附件不等于同配置或逐车资格认证
合众新能源汽车股份有限公司,THZ7000BEVS11Q,0,0,0,0,1,2208试验口径,"[{""purpose_scope"":""2208试验口径"",""source_record_ids"":""old-68-Word97--0-36"",""source_observation_date_upper"":""2023-08-16"",""source_file"":""原件/免征目录/mf_batch68.doc"",""source_sha256"":""58113d08377020d08de0aeb0e08ff63c4a4411dbe35ad69cfdd6f82fdf0fcc77"",""firm_route_basis"":""原记录firm_raw""}]",0,按来源/日期/配置版本分别答复；同型号合并附件不等于同配置或逐车资格认证
合众新能源汽车股份有限公司,THZ7000BEVS11R,0,0,0,0,1,2208试验口径,"[{""purpose_scope"":""2208试验口径"",""source_record_ids"":""old-68-Word97--0-39"",""source_observation_date_upper"":""2023-08-16"",""source_file"":""原件/免征目录/mf_batch68.doc"",""source_sha256"":""58113d08377020d08de0aeb0e08ff63c4a4411dbe35ad69cfdd6f82fdf0fcc77"",""firm_route_basis"":""原件企业合并格/上下文候选；非登记实体认证""}]",0,按来源/日期/配置版本分别答复；同型号合并附件不等于同配置或逐车资格认证
合肥长安汽车有限公司,SC7001ABBBEV,0,0,0,0,1,2208试验口径,"[{""purpose_scope"":""2208试验口径"",""source_record_ids"":""old-38-Word97--0-21"",""source_observation_date_upper"":""2020-12-30"",""source_file"":""原件/免征目录/mf_batch38.doc"",""source_sha256"":""7c9def45fe5c40e4c5ffb483a1d1efd383c12cb16a5c4ba021d4ce28384776de"",""firm_route_basis"":""原件企业合并格/上下文候选；非登记实体认证""}]",0,按来源/日期/配置版本分别答复；同型号合并附件不等于同配置或逐车资格认证
合肥长安汽车有限公司,SC7001FALBEV,0,0,0,0,1,2208试验口径,"[{""purpose_scope"":""2208试验口径"",""source_record_ids"":""old-61-Word97--0-53"",""source_observation_date_upper"":""2022-12-19"",""source_file"":""原件/免征目录/mf_batch61.doc"",""source_sha256"":""d360a77695ccf20f3c17a354a1dd02fc846a7ae8bd18b41492515881a7240b72"",""firm_route_basis"":""原件企业合并格/上下文候选；非登记实体认证""}]",0,按来源/日期/配置版本分别答复；同型号合并附件不等于同配置或逐车资格认证
合肥长安汽车有限公司,SC7001FAMBEV,0,1,0,0,0,32联合跨界,"[{""purpose_scope"":""32联合跨界"",""source_record_ids"":""old-61-Word97--0-52"",""source_observation_date_upper"":""2022-12-19"",""source_file"":""原件/免征目录/mf_batch61.doc"",""source_sha256"":""d360a77695ccf20f3c17a354a1dd02fc846a7ae8bd18b41492515881a7240b72"",""firm_route_basis"":""原记录firm_raw""}]",0,按来源/日期/配置版本分别答复；同型号合并附件不等于同配置或逐车资格认证
合肥长安汽车有限公司,SC7001FAQBEV,0,0,0,0,1,2208试验口径,"[{""purpose_scope"":""2208试验口径"",""source_record_ids"":""old-61-Word97--0-54"",""source_observation_date_upper"":""2022-12-19"",""source_file"":""原件/免征目录/mf_batch61.doc"",""source_sha256"":""d360a77695ccf20f3c17a354a1dd02fc846a7ae8bd18b41492515881a7240b72"",""firm_route_basis"":""原件企业合并格/上下文候选；非登记实体认证""}]",0,按来源/日期/配置版本分别答复；同型号合并附件不等于同配置或逐车资格认证
合肥长安汽车有限公司,SC7001FARBEV,0,0,0,0,1,2208试验口径,"[{""purpose_scope"":""2208试验口径"",""source_record_ids"":""old-67-Word97--0-24"",""source_observation_date_upper"":""2023-07-17"",""source_file"":""原件/免征目录/mf_batch67.doc"",""source_sha256"":""963a02fcc1f361414f4f003c6d63e00b178d0b962134ed2206c38978f3118101"",""firm_route_basis"":""原件企业合并格/上下文候选；非登记实体认证""}]",0,按来源/日期/配置版本分别答复；同型号合并附件不等于同配置或逐车资格认证
合肥长安汽车有限公司,SC7001FASBEV,0,0,0,0,1,2208试验口径,"[{""purpose_scope"":""2208试验口径"",""source_record_ids"":""old-67-Word97--0-23"",""source_observation_date_upper"":""2023-07-17"",""source_file"":""原件/免征目录/mf_batch67.doc"",""source_sha256"":""963a02fcc1f361414f4f003c6d63e00b178d0b962134ed2206c38978f3118101"",""firm_route_basis"":""原记录firm_raw""}]",0,按来源/日期/配置版本分别答复；同型号合并附件不等于同配置或逐车资格认证
合肥长安汽车有限公司,SC7003AACBEV,0,0,0,0,1,2208试验口径,"[{""purpose_scope"":""2208试验口径"",""source_record_ids"":""old-33-Word97--0-46"",""source_observation_date_upper"":""2020-07-21"",""source_file"":""原件/免征目录/mf_batch33.doc"",""source_sha256"":""ff98fbb1708c47cdcfc1e79e7a1647e72a7ae6d4255dce3b250d661001340c09"",""firm_route_basis"":""原记录firm_raw""}]",0,按来源/日期/配置版本分别答复；同型号合并附件不等于同配置或逐车资格认证
合肥长安汽车有限公司,SC7003AAFBEV,0,0,0,0,1,2208试验口径,"[{""purpose_scope"":""2208试验口径"",""source_record_ids"":""old-38-Word97--0-19"",""source_observation_date_upper"":""2020-12-30"",""source_file"":""原件/免征目录/mf_batch38.doc"",""source_sha256"":""7c9def45fe5c40e4c5ffb483a1d1efd383c12cb16a5c4ba021d4ce28384776de"",""firm_route_basis"":""原记录firm_raw""}]",0,按来源/日期/配置版本分别答复；同型号合并附件不等于同配置或逐车资格认证
合肥长安汽车有限公司,SC7003ABBEV,0,0,0,0,1,2208试验口径,"[{""purpose_scope"":""2208试验口径"",""source_record_ids"":""old-09-PDF-grid-2-0-4"",""source_observation_date_upper"":""2016-12-06"",""source_file"":""原件/免征目录/mf_batch09.pdf"",""source_sha256"":""7eea7200c04fefec34f6ae6db5a1bae77f82a534348f266e95575cae051c8c8c"",""firm_route_basis"":""原记录firm_raw""}]",0,按来源/日期/配置版本分别答复；同型号合并附件不等于同配置或逐车资格认证
合肥长安汽车有限公司,SC7003AGCBEV,0,0,0,0,1,2208试验口径,"[{""purpose_scope"":""2208试验口径"",""source_record_ids"":""old-38-Word97--0-20"",""source_observation_date_upper"":""2020-12-30"",""source_file"":""原件/免征目录/mf_batch38.doc"",""source_sha256"":""7c9def45fe5c40e4c5ffb483a1d1efd383c12cb16a5c4ba021d4ce28384776de"",""firm_route_basis"":""原件企业合并格/上下文候选；非登记实体认证""}]",0,按来源/日期/配置版本分别答复；同型号合并附件不等于同配置或逐车资格认证
合肥长安汽车有限公司,SC7003AGDBEV,0,0,0,0,1,2208试验口径,"[{""purpose_scope"":""2208试验口径"",""source_record_ids"":""old-39-Word97--0-30"",""source_observation_date_upper"":""2021-01-29"",""source_file"":""原件/免征目录/mf_batch39.doc"",""source_sha256"":""48158862f567d71b07ac0a7a60c2c3bc6d2bb44dd5a86290b0b809d757a9eb07"",""firm_route_basis"":""原记录firm_raw""}]",0,按来源/日期/配置版本分别答复；同型号合并附件不等于同配置或逐车资格认证
合肥长安汽车有限公司,SC7003AGFBEV,0,0,0,0,1,2208试验口径,"[{""purpose_scope"":""2208试验口径"",""source_record_ids"":""old-41-Word97--0-25"",""source_observation_date_upper"":""2021-03-31"",""source_file"":""原件/免征目录/mf_batch41.doc"",""source_sha256"":""ba4634c0877ebf99f8e462013e4a07e40f57478a4aaf921801a6c85a49c42b7f"",""firm_route_basis"":""原记录firm_raw""}]",0,按来源/日期/配置版本分别答复；同型号合并附件不等于同配置或逐车资格认证
合肥长安汽车有限公司,SC7004CABEV,0,0,0,0,1,2208试验口径,"[{""purpose_scope"":""2208试验口径"",""source_record_ids"":""old-12-PDF-grid-1-0-14"",""source_observation_date_upper"":""2017-09-05"",""source_file"":""原件/免征目录/mf_batch12.pdf"",""source_sha256"":""afbd7133ccf901dbdc065b2ff80768450dc901def8d216cf5bb87baa98f7a1e2"",""firm_route_basis"":""原记录firm_raw""}]",0,按来源/日期/配置版本分别答复；同型号合并附件不等于同配置或逐车资格认证
合肥长安汽车有限公司,SC7004CCBEV,0,0,0,0,1,2208试验口径,"[{""purpose_scope"":""2208试验口径"",""source_record_ids"":""old-24-Word97--4-17"",""source_observation_date_upper"":""2019-04-30"",""source_file"":""原件/免征目录/mf_batch24.wps"",""source_sha256"":""07775a0cb063fe0fce5880b9378dd1eb2522b725d645cabdee314d604779939d"",""firm_route_basis"":""原记录firm_raw""}]",0,按来源/日期/配置版本分别答复；同型号合并附件不等于同配置或逐车资格认证
合肥长安汽车有限公司,SC7004DBBEV,0,0,0,0,1,2208试验口径,"[{""purpose_scope"":""2208试验口径"",""source_record_ids"":""old-18-Word97--0-39"",""source_observation_date_upper"":""2018-06-19"",""source_file"":""原件/免征目录/mf_batch18.doc"",""source_sha256"":""43f5426f7f80996ee11a894710d7229c743abf7ad69ba239f61075e0a9ddd37a"",""firm_route_basis"":""原记录firm_raw""}]",0,按来源/日期/配置版本分别答复；同型号合并附件不等于同配置或逐车资格认证
合肥长安汽车有限公司,SC7005AADBEV,0,0,0,0,1,2208试验口径,"[{""purpose_scope"":""2208试验口径"",""source_record_ids"":""old-39-Word97--0-32"",""source_observation_date_upper"":""2021-01-29"",""source_file"":""原件/免征目录/mf_batch39.doc"",""source_sha256"":""48158862f567d71b07ac0a7a60c2c3bc6d2bb44dd5a86290b0b809d757a9eb07"",""firm_route_basis"":""原件企业合并格/上下文候选；非登记实体认证""}]",0,按来源/日期/配置版本分别答复；同型号合并附件不等于同配置或逐车资格认证
合肥长安汽车有限公司,SC7005AAEBEV,0,0,0,0,1,2208试验口径,"[{""purpose_scope"":""2208试验口径"",""source_record_ids"":""old-39-Word97--0-31"",""source_observation_date_upper"":""2021-01-29"",""source_file"":""原件/免征目录/mf_batch39.doc"",""source_sha256"":""48158862f567d71b07ac0a7a60c2c3bc6d2bb44dd5a86290b0b809d757a9eb07"",""firm_route_basis"":""原件企业合并格/上下文候选；非登记实体认证""}]",0,按来源/日期/配置版本分别答复；同型号合并附件不等于同配置或逐车资格认证
四川汽车工业股份有限公司,SQJ6460BEV,0,0,0,0,1,2208试验口径,"[{""purpose_scope"":""2208试验口径"",""source_record_ids"":""old-04-PDF-grid-1-0-16"",""source_observation_date_upper"":""2015-05-08"",""source_file"":""原件/免征目录/mf_batch04.pdf"",""source_sha256"":""7539cd299efb49a366656a4da32393075bcb03a5e10ea54e975f82f6099d9c81"",""firm_route_basis"":""原件企业合并格/上下文候选；非登记实体认证""}]",0,按来源/日期/配置版本分别答复；同型号合并附件不等于同配置或逐车资格认证
四川野马汽车股份有限公司,SQJ6420BEV,0,0,0,0,1,2208试验口径,"[{""purpose_scope"":""2208试验口径"",""source_record_ids"":""old-06-PDF-grid-2-0-9"",""source_observation_date_upper"":""2015-11-25"",""source_file"":""原件/免征目录/mf_batch06.pdf"",""source_sha256"":""df226dc3953484911afdd265072593abc08c9f66d52a1df7492e215ce15c9b54"",""firm_route_basis"":""原记录firm_raw""}]",0,按来源/日期/配置版本分别答复；同型号合并附件不等于同配置或逐车资格认证
四川野马汽车股份有限公司,SQJ6440C1BEV,0,0,0,0,1,2208试验口径,"[{""purpose_scope"":""2208试验口径"",""source_record_ids"":""old-30-Word97--0-4"",""source_observation_date_upper"":""2020-03-13"",""source_file"":""原件/免征目录/mf_batch30.doc"",""source_sha256"":""e7fa3b47858ec2035b8055bc15be00b2b26920a5e8d3cad481058a80b92ead24"",""firm_route_basis"":""原记录firm_raw""}]",0,按来源/日期/配置版本分别答复；同型号合并附件不等于同配置或逐车资格认证
四川野马汽车股份有限公司,SQJ6450C3BEV,0,0,0,0,1,2208试验口径,"[{""purpose_scope"":""2208试验口径"",""source_record_ids"":""old-20-DOCX--0-65"",""source_observation_date_upper"":""2018-09-19"",""source_file"":""原件/免征目录/mf_batch20.docx"",""source_sha256"":""374d3f87551d75d1c163e76abb38f350ea93f8a2b8cad6174568c307d1cc0130"",""firm_route_basis"":""原记录firm_raw""}]",0,按来源/日期/配置版本分别答复；同型号合并附件不等于同配置或逐车资格认证
四川野马汽车股份有限公司,SQJ6450C4BEV,0,0,0,0,1,2208试验口径,"[{""purpose_scope"":""2208试验口径"",""source_record_ids"":""old-22-Word97--0-45"",""source_observation_date_upper"":""2018-12-18"",""source_file"":""原件/免征目录/mf_batch22.doc"",""source_sha256"":""eaf3fc1e64742af85b3d4bc90388d0a93154a497fd6c1fb9bf73b857672e1212"",""firm_route_basis"":""原记录firm_raw""}]",0,按来源/日期/配置版本分别答复；同型号合并附件不等于同配置或逐车资格认证
四川野马汽车股份有限公司,SQJ6450C5BEV,0,0,0,0,1,2208试验口径,"[{""purpose_scope"":""2208试验口径"",""source_record_ids"":""old-26-DOCX--0-5"",""source_observation_date_upper"":""2019-08-30"",""source_file"":""原件/免征目录/mf_batch26.docx"",""source_sha256"":""de0890335ef3a4f1302a8a0735ec8b6aed52e994e2635db481820060d62248b5"",""firm_route_basis"":""原记录firm_raw""}]",0,按来源/日期/配置版本分别答复；同型号合并附件不等于同配置或逐车资格认证
四川野马汽车股份有限公司,SQJ6450C6BEV,0,0,0,0,1,2208试验口径,"[{""purpose_scope"":""2208试验口径"",""source_record_ids"":""mf29-t0-r20"",""source_observation_date_upper"":""2019-12-27"",""source_file"":""原件/mf_batch29.doc"",""source_sha256"":""8d24a01958cc6d44fa7826ecbb6a76869b9a0f2c98b97597d57af02932f2afaf"",""firm_route_basis"":""原记录firm_raw""}]",0,按来源/日期/配置版本分别答复；同型号合并附件不等于同配置或逐车资格认证
四川野马汽车股份有限公司,SQJ6460B1BEV,0,0,0,0,1,2208试验口径,"[{""purpose_scope"":""2208试验口径"",""source_record_ids"":""old-09-PDF-grid-3-0-5"",""source_observation_date_upper"":""2016-12-06"",""source_file"":""原件/免征目录/mf_batch09.pdf"",""source_sha256"":""7eea7200c04fefec34f6ae6db5a1bae77f82a534348f266e95575cae051c8c8c"",""firm_route_basis"":""原记录firm_raw""}]",0,按来源/日期/配置版本分别答复；同型号合并附件不等于同配置或逐车资格认证
四川野马汽车股份有限公司,SQJ6460B2BEV,0,0,0,0,1,2208试验口径,"[{""purpose_scope"":""2208试验口径"",""source_record_ids"":""old-10-PDF-grid-2-0-19"",""source_observation_date_upper"":""2017-04-27"",""source_file"":""原件/免征目录/mf_batch10.pdf"",""source_sha256"":""ac1b1ad2605b4f24762fb1f01cea64b685393577d01648618fa1882bb5700ac3"",""firm_route_basis"":""原记录firm_raw""}]",0,按来源/日期/配置版本分别答复；同型号合并附件不等于同配置或逐车资格认证
四川野马汽车股份有限公司,SQJ6460B3BEV,0,0,0,0,1,2208试验口径,"[{""purpose_scope"":""2208试验口径"",""source_record_ids"":""old-11-PDF-grid-2-0-13"",""source_observation_date_upper"":""2017-07-06"",""source_file"":""原件/免征目录/mf_batch11.pdf"",""source_sha256"":""ec4f33e5e872841e6d1fa5d435793c285a15614ef2e64f39b9013389b5e51724"",""firm_route_basis"":""原记录firm_raw""}]",0,按来源/日期/配置版本分别答复；同型号合并附件不等于同配置或逐车资格认证
四川野马汽车股份有限公司,SQJ6460B4BEV,0,0,0,0,1,2208试验口径,"[{""purpose_scope"":""2208试验口径"",""source_record_ids"":""old-13-PDF-grid-2-0-16"",""source_observation_date_upper"":""2017-10-30"",""source_file"":""原件/免征目录/mf_batch13.pdf"",""source_sha256"":""e82c4f41c448edbb5269c95f2ff35d0c577f7ff0d12ff30b2d4c307a1aa31a6b"",""firm_route_basis"":""原记录firm_raw""}]",0,按来源/日期/配置版本分别答复；同型号合并附件不等于同配置或逐车资格认证
四川野马汽车股份有限公司,SQJ6460B5BEV,0,0,0,0,1,2208试验口径,"[{""purpose_scope"":""2208试验口径"",""source_record_ids"":""old-18-Word97--0-47"",""source_observation_date_upper"":""2018-06-19"",""source_file"":""原件/免征目录/mf_batch18.doc"",""source_sha256"":""43f5426f7f80996ee11a894710d7229c743abf7ad69ba239f61075e0a9ddd37a"",""firm_route_basis"":""原件企业合并格/上下文候选；非登记实体认证""}]",0,按来源/日期/配置版本分别答复；同型号合并附件不等于同配置或逐车资格认证
四川野马汽车股份有限公司,SQJ6460B7BEV,0,0,0,0,1,2208试验口径,"[{""purpose_scope"":""2208试验口径"",""source_record_ids"":""old-18-Word97--0-48"",""source_observation_date_upper"":""2018-06-19"",""source_file"":""原件/免征目录/mf_batch18.doc"",""source_sha256"":""43f5426f7f80996ee11a894710d7229c743abf7ad69ba239f61075e0a9ddd37a"",""firm_route_basis"":""原件企业合并格/上下文候选；非登记实体认证""}]",0,按来源/日期/配置版本分别答复；同型号合并附件不等于同配置或逐车资格认证
四川野马汽车股份有限公司,SQJ6460B9BEV,0,0,0,0,1,2208试验口径,"[{""purpose_scope"":""2208试验口径"",""source_record_ids"":""old-22-Word97--0-46"",""source_observation_date_upper"":""2018-12-18"",""source_file"":""原件/免征目录/mf_batch22.doc"",""source_sha256"":""eaf3fc1e64742af85b3d4bc90388d0a93154a497fd6c1fb9bf73b857672e1212"",""firm_route_basis"":""原件企业合并格/上下文候选；非登记实体认证""}]",0,按来源/日期/配置版本分别答复；同型号合并附件不等于同配置或逐车资格认证
四川野马汽车股份有限公司,SQJ6460M1BEV,0,0,0,0,1,2208试验口径,"[{""purpose_scope"":""2208试验口径"",""source_record_ids"":""old-10-PDF-grid-2-0-20"",""source_observation_date_upper"":""2017-04-27"",""source_file"":""原件/免征目录/mf_batch10.pdf"",""source_sha256"":""ac1b1ad2605b4f24762fb1f01cea64b685393577d01648618fa1882bb5700ac3"",""firm_route_basis"":""原件企业合并格/上下文候选；非登记实体认证""}]",0,按来源/日期/配置版本分别答复；同型号合并附件不等于同配置或逐车资格认证
四川野马汽车股份有限公司,SQJ6460M3BEV,0,0,0,0,1,2208试验口径,"[{""purpose_scope"":""2208试验口径"",""source_record_ids"":""old-18-Word97--0-49"",""source_observation_date_upper"":""2018-06-19"",""source_file"":""原件/免征目录/mf_batch18.doc"",""source_sha256"":""43f5426f7f80996ee11a894710d7229c743abf7ad69ba239f61075e0a9ddd37a"",""firm_route_basis"":""原件企业合并格/上下文候选；非登记实体认证""}]",0,按来源/日期/配置版本分别答复；同型号合并附件不等于同配置或逐车资格认证
四川野马汽车股份有限公司,SQJ6460M5BEV,0,0,0,0,1,2208试验口径,"[{""purpose_scope"":""2208试验口径"",""source_record_ids"":""old-20-DOCX--0-67"",""source_observation_date_upper"":""2018-09-19"",""source_file"":""原件/免征目录/mf_batch20.docx"",""source_sha256"":""374d3f87551d75d1c163e76abb38f350ea93f8a2b8cad6174568c307d1cc0130"",""firm_route_basis"":""原件企业合并格/上下文候选；非登记实体认证""}]",0,按来源/日期/配置版本分别答复；同型号合并附件不等于同配置或逐车资格认证
四川野马汽车股份有限公司,SQJ6460M7BEV,0,0,0,0,1,2208试验口径,"[{""purpose_scope"":""2208试验口径"",""source_record_ids"":""old-30-Word97--0-5"",""source_observation_date_upper"":""2020-03-13"",""source_file"":""原件/免征目录/mf_batch30.doc"",""source_sha256"":""e7fa3b47858ec2035b8055bc15be00b2b26920a5e8d3cad481058a80b92ead24"",""firm_route_basis"":""原件企业合并格/上下文候选；非登记实体认证""}]",0,按来源/日期/配置版本分别答复；同型号合并附件不等于同配置或逐车资格认证
四川野马汽车股份有限公司,SQJ7001A1BEV,0,0,0,0,1,2208试验口径,"[{""purpose_scope"":""2208试验口径"",""source_record_ids"":""old-41-Word97--0-33"",""source_observation_date_upper"":""2021-03-31"",""source_file"":""原件/免征目录/mf_batch41.doc"",""source_sha256"":""ba4634c0877ebf99f8e462013e4a07e40f57478a4aaf921801a6c85a49c42b7f"",""firm_route_basis"":""原记录firm_raw""}]",0,按来源/日期/配置版本分别答复；同型号合并附件不等于同配置或逐车资格认证
四川野马汽车股份有限公司,SQJ7001A2BEV,0,0,0,0,1,2208试验口径,"[{""purpose_scope"":""2208试验口径"",""source_record_ids"":""old-42-Word97--0-44"",""source_observation_date_upper"":""2021-04-30"",""source_file"":""原件/免征目录/mf_batch42.doc"",""source_sha256"":""fef4fd8ea19d773d368642e51a4bdb24c148530251a2240be4ff1358d5d41fab"",""firm_route_basis"":""原件企业合并格/上下文候选；非登记实体认证""}]",0,按来源/日期/配置版本分别答复；同型号合并附件不等于同配置或逐车资格认证
四川野马汽车股份有限公司,SQJ7001A3BEV,0,0,0,0,1,2208试验口径,"[{""purpose_scope"":""2208试验口径"",""source_record_ids"":""old-42-Word97--0-43"",""source_observation_date_upper"":""2021-04-30"",""source_file"":""原件/免征目录/mf_batch42.doc"",""source_sha256"":""fef4fd8ea19d773d368642e51a4bdb24c148530251a2240be4ff1358d5d41fab"",""firm_route_basis"":""原件企业合并格/上下文候选；非登记实体认证""}]",0,按来源/日期/配置版本分别答复；同型号合并附件不等于同配置或逐车资格认证
四川野马汽车股份有限公司,SQJ7001A4BEV,0,0,0,0,1,2208试验口径,"[{""purpose_scope"":""2208试验口径"",""source_record_ids"":""old-42-Word97--0-41"",""source_observation_date_upper"":""2021-04-30"",""source_file"":""原件/免征目录/mf_batch42.doc"",""source_sha256"":""fef4fd8ea19d773d368642e51a4bdb24c148530251a2240be4ff1358d5d41fab"",""firm_route_basis"":""原件企业合并格/上下文候选；非登记实体认证""}]",0,按来源/日期/配置版本分别答复；同型号合并附件不等于同配置或逐车资格认证
四川野马汽车股份有限公司,SQJ7001A5BEV,0,0,0,0,1,2208试验口径,"[{""purpose_scope"":""2208试验口径"",""source_record_ids"":""old-42-Word97--0-39"",""source_observation_date_upper"":""2021-04-30"",""source_file"":""原件/免征目录/mf_batch42.doc"",""source_sha256"":""fef4fd8ea19d773d368642e51a4bdb24c148530251a2240be4ff1358d5d41fab"",""firm_route_basis"":""原件企业合并格/上下文候选；非登记实体认证""}]",0,按来源/日期/配置版本分别答复；同型号合并附件不等于同配置或逐车资格认证
四川野马汽车股份有限公司,SQJ7001A6BEV,0,0,0,0,1,2208试验口径,"[{""purpose_scope"":""2208试验口径"",""source_record_ids"":""old-42-Word97--0-37"",""source_observation_date_upper"":""2021-04-30"",""source_file"":""原件/免征目录/mf_batch42.doc"",""source_sha256"":""fef4fd8ea19d773d368642e51a4bdb24c148530251a2240be4ff1358d5d41fab"",""firm_route_basis"":""原记录firm_raw""}]",0,按来源/日期/配置版本分别答复；同型号合并附件不等于同配置或逐车资格认证
四川野马汽车股份有限公司,SQJ7001A7BEV,0,0,0,0,1,2208试验口径,"[{""purpose_scope"":""2208试验口径"",""source_record_ids"":""old-42-Word97--0-38"",""source_observation_date_upper"":""2021-04-30"",""source_file"":""原件/免征目录/mf_batch42.doc"",""source_sha256"":""fef4fd8ea19d773d368642e51a4bdb24c148530251a2240be4ff1358d5d41fab"",""firm_route_basis"":""原件企业合并格/上下文候选；非登记实体认证""}]",0,按来源/日期/配置版本分别答复；同型号合并附件不等于同配置或逐车资格认证
四川野马汽车股份有限公司,SQJ7001A8BEV,0,0,0,0,1,2208试验口径,"[{""purpose_scope"":""2208试验口径"",""source_record_ids"":""old-42-Word97--0-40"",""source_observation_date_upper"":""2021-04-30"",""source_file"":""原件/免征目录/mf_batch42.doc"",""source_sha256"":""fef4fd8ea19d773d368642e51a4bdb24c148530251a2240be4ff1358d5d41fab"",""firm_route_basis"":""原件企业合并格/上下文候选；非登记实体认证""}]",0,按来源/日期/配置版本分别答复；同型号合并附件不等于同配置或逐车资格认证
四川野马汽车股份有限公司,SQJ7001A9BEV,0,0,0,0,1,2208试验口径,"[{""purpose_scope"":""2208试验口径"",""source_record_ids"":""old-42-Word97--0-42"",""source_observation_date_upper"":""2021-04-30"",""source_file"":""原件/免征目录/mf_batch42.doc"",""source_sha256"":""fef4fd8ea19d773d368642e51a4bdb24c148530251a2240be4ff1358d5d41fab"",""firm_route_basis"":""原件企业合并格/上下文候选；非登记实体认证""}]",0,按来源/日期/配置版本分别答复；同型号合并附件不等于同配置或逐车资格认证
四川野马汽车股份有限公司,SQJ7001EK1BEV,0,0,0,0,1,2208试验口径,"[{""purpose_scope"":""2208试验口径"",""source_record_ids"":""old-26-DOCX--0-6"",""source_observation_date_upper"":""2019-08-30"",""source_file"":""原件/免征目录/mf_batch26.docx"",""source_sha256"":""de0890335ef3a4f1302a8a0735ec8b6aed52e994e2635db481820060d62248b5"",""firm_route_basis"":""原件企业合并格/上下文候选；非登记实体认证""}]",0,按来源/日期/配置版本分别答复；同型号合并附件不等于同配置或逐车资格认证
四川野马汽车股份有限公司,SQJ7001SC1BEV,0,0,0,0,1,2208试验口径,"[{""purpose_scope"":""2208试验口径"",""source_record_ids"":""old-26-DOCX--0-7"",""source_observation_date_upper"":""2019-08-30"",""source_file"":""原件/免征目录/mf_batch26.docx"",""source_sha256"":""de0890335ef3a4f1302a8a0735ec8b6aed52e994e2635db481820060d62248b5"",""firm_route_basis"":""原件企业合并格/上下文候选；非登记实体认证""}]",0,按来源/日期/配置版本分别答复；同型号合并附件不等于同配置或逐车资格认证
四川野马汽车股份有限公司,SQJ7001SC3BEV,0,0,0,0,1,2208试验口径,"[{""purpose_scope"":""2208试验口径"",""source_record_ids"":""old-26-DOCX--0-8"",""source_observation_date_upper"":""2019-08-30"",""source_file"":""原件/免征目录/mf_batch26.docx"",""source_sha256"":""de0890335ef3a4f1302a8a0735ec8b6aed52e994e2635db481820060d62248b5"",""firm_route_basis"":""原件企业合并格/上下文候选；非登记实体认证""}]",0,按来源/日期/配置版本分别答复；同型号合并附件不等于同配置或逐车资格认证
四川野马汽车股份有限公司,SQJ7001SC5BEV,0,0,0,0,1,2208试验口径,"[{""purpose_scope"":""2208试验口径"",""source_record_ids"":""old-30-Word97--0-6"",""source_observation_date_upper"":""2020-03-13"",""source_file"":""原件/免征目录/mf_batch30.doc"",""source_sha256"":""e7fa3b47858ec2035b8055bc15be00b2b26920a5e8d3cad481058a80b92ead24"",""firm_route_basis"":""原件企业合并格/上下文候选；非登记实体认证""}]",0,按来源/日期/配置版本分别答复；同型号合并附件不等于同配置或逐车资格认证
四川野马汽车股份有限公司,SQJ7001YAC1BEV,0,0,0,0,1,2208试验口径,"[{""purpose_scope"":""2208试验口径"",""source_record_ids"":""old-54-Word97--0-8"",""source_observation_date_upper"":""2022-05-12"",""source_file"":""原件/免征目录/mf_batch54.doc"",""source_sha256"":""e4ce106fc0fb21bc61cac40ff0de97e60dff2d18b5b7d24c494bb74873312fd7"",""firm_route_basis"":""原件企业合并格/上下文候选；非登记实体认证""}]",0,按来源/日期/配置版本分别答复；同型号合并附件不等于同配置或逐车资格认证
四川野马汽车股份有限公司,SQJ7001YAC2BEV,0,0,0,0,1,2208试验口径,"[{""purpose_scope"":""2208试验口径"",""source_record_ids"":""old-55-Word97--0-2"",""source_observation_date_upper"":""2022-06-01"",""source_file"":""原件/免征目录/mf_batch55.doc"",""source_sha256"":""0457d0430e9e7f114c91341a715405c3933dd4783762cd74b9871e4918ba887f"",""firm_route_basis"":""原记录firm_raw""}]",0,按来源/日期/配置版本分别答复；同型号合并附件不等于同配置或逐车资格认证
四川野马汽车股份有限公司,SQJ7002YAC1BEV,0,0,0,0,1,2208试验口径,"[{""purpose_scope"":""2208试验口径"",""source_record_ids"":""old-54-Word97--0-9"",""source_observation_date_upper"":""2022-05-12"",""source_file"":""原件/免征目录/mf_batch54.doc"",""source_sha256"":""e4ce106fc0fb21bc61cac40ff0de97e60dff2d18b5b7d24c494bb74873312fd7"",""firm_route_basis"":""原件企业合并格/上下文候选；非登记实体认证""}]",0,按来源/日期/配置版本分别答复；同型号合并附件不等于同配置或逐车资格认证
四川野马汽车股份有限公司,SQJ7002YAC2BEV,0,0,0,0,1,2208试验口径,"[{""purpose_scope"":""2208试验口径"",""source_record_ids"":""old-57-Word97--0-4"",""source_observation_date_upper"":""2022-08-10"",""source_file"":""原件/免征目录/mf_batch57.doc"",""source_sha256"":""96d9708a19952b23d71fc40e9976a33ae30ca118226a032954a93ab36f355f21"",""firm_route_basis"":""原件企业合并格/上下文候选；非登记实体认证""}]",0,按来源/日期/配置版本分别答复；同型号合并附件不等于同配置或逐车资格认证
四川野马汽车股份有限公司,SQJ7002YAC3BEV,0,0,0,0,1,2208试验口径,"[{""purpose_scope"":""2208试验口径"",""source_record_ids"":""old-57-Word97--0-3"",""source_observation_date_upper"":""2022-08-10"",""source_file"":""原件/免征目录/mf_batch57.doc"",""source_sha256"":""96d9708a19952b23d71fc40e9976a33ae30ca118226a032954a93ab36f355f21"",""firm_route_basis"":""原件企业合并格/上下文候选；非登记实体认证""}]",0,按来源/日期/配置版本分别答复；同型号合并附件不等于同配置或逐车资格认证
四川野马汽车股份有限公司,SQJ7002YAC4BEV,0,0,0,0,1,2208试验口径,"[{""purpose_scope"":""2208试验口径"",""source_record_ids"":""old-57-Word97--0-2"",""source_observation_date_upper"":""2022-08-10"",""source_file"":""原件/免征目录/mf_batch57.doc"",""source_sha256"":""96d9708a19952b23d71fc40e9976a33ae30ca118226a032954a93ab36f355f21"",""firm_route_basis"":""原记录firm_raw""}]",0,按来源/日期/配置版本分别答复；同型号合并附件不等于同配置或逐车资格认证
四川野马汽车股份有限公司,SQJ7002YACBEV,0,0,0,0,1,2208试验口径,"[{""purpose_scope"":""2208试验口径"",""source_record_ids"":""old-54-Word97--0-7"",""source_observation_date_upper"":""2022-05-12"",""source_file"":""原件/免征目录/mf_batch54.doc"",""source_sha256"":""e4ce106fc0fb21bc61cac40ff0de97e60dff2d18b5b7d24c494bb74873312fd7"",""firm_route_basis"":""原记录firm_raw""}]",0,按来源/日期/配置版本分别答复；同型号合并附件不等于同配置或逐车资格认证
国能新能源汽车有限责任公司,GNE7001AFCAEV,0,0,0,0,1,2208试验口径,"[{""purpose_scope"":""2208试验口径"",""source_record_ids"":""old-22-Word97--0-62"",""source_observation_date_upper"":""2018-12-18"",""source_file"":""原件/免征目录/mf_batch22.doc"",""source_sha256"":""eaf3fc1e64742af85b3d4bc90388d0a93154a497fd6c1fb9bf73b857672e1212"",""firm_route_basis"":""原记录firm_raw""}]",0,按来源/日期/配置版本分别答复；同型号合并附件不等于同配置或逐车资格认证
国能新能源汽车有限责任公司,GNE7001AFCBEV,0,0,0,0,1,2208试验口径,"[{""purpose_scope"":""2208试验口径"",""source_record_ids"":""old-22-Word97--0-63"",""source_observation_date_upper"":""2018-12-18"",""source_file"":""原件/免征目录/mf_batch22.doc"",""source_sha256"":""eaf3fc1e64742af85b3d4bc90388d0a93154a497fd6c1fb9bf73b857672e1212"",""firm_route_basis"":""原件企业合并格/上下文候选；非登记实体认证""}]",0,按来源/日期/配置版本分别答复；同型号合并附件不等于同配置或逐车资格认证
国能新能源汽车有限责任公司,GNE7001AFCDEV,0,0,0,0,1,2208试验口径,"[{""purpose_scope"":""2208试验口径"",""source_record_ids"":""old-26-DOCX--0-28"",""source_observation_date_upper"":""2019-08-30"",""source_file"":""原件/免征目录/mf_batch26.docx"",""source_sha256"":""de0890335ef3a4f1302a8a0735ec8b6aed52e994e2635db481820060d62248b5"",""firm_route_basis"":""原记录firm_raw""}]",0,按来源/日期/配置版本分别答复；同型号合并附件不等于同配置或逐车资格认证
大众汽车(中国)销售有限公司,ELECTRICUPEABAFA1001,0,0,0,0,1,2208试验口径,"[{""purpose_scope"":""2208试验口径"",""source_record_ids"":""old-08-PDF-grid-2-0-11"",""source_observation_date_upper"":""2016-06-16"",""source_file"":""原件/免征目录/mf_batch08.pdf"",""source_sha256"":""39b242717c026063c908426a890cd361f1165aa5729988d56303b2f8d5fb3b42"",""firm_route_basis"":""原记录firm_raw""}]",0,按来源/日期/配置版本分别答复；同型号合并附件不等于同配置或逐车资格认证
大众汽车(中国)销售有限公司,GOLFEEAZAFA1001,0,0,0,0,1,2208试验口径,"[{""purpose_scope"":""2208试验口径"",""source_record_ids"":""old-20-DOCX--0-8"",""source_observation_date_upper"":""2018-09-19"",""source_file"":""原件/免征目录/mf_batch20.docx"",""source_sha256"":""374d3f87551d75d1c163e76abb38f350ea93f8a2b8cad6174568c307d1cc0130"",""firm_route_basis"":""原记录firm_raw""}]",0,按来源/日期/配置版本分别答复；同型号合并附件不等于同配置或逐车资格认证
天津一汽丰田汽车有限公司,TV6470BEVFFE,0,1,0,0,0,32联合跨界,"[{""purpose_scope"":""32联合跨界"",""source_record_ids"":""old-54-Word97--0-23"",""source_observation_date_upper"":""2022-05-12"",""source_file"":""原件/免征目录/mf_batch54.doc"",""source_sha256"":""e4ce106fc0fb21bc61cac40ff0de97e60dff2d18b5b7d24c494bb74873312fd7"",""firm_route_basis"":""原记录firm_raw""}]",0,按来源/日期/配置版本分别答复；同型号合并附件不等于同配置或逐车资格认证
天津一汽丰田汽车有限公司,TV7001BEV,0,0,0,0,1,2208试验口径,"[{""purpose_scope"":""2208试验口径"",""source_record_ids"":""old-30-Word97--0-38"",""source_observation_date_upper"":""2020-03-13"",""source_file"":""原件/免征目录/mf_batch30.doc"",""source_sha256"":""e7fa3b47858ec2035b8055bc15be00b2b26920a5e8d3cad481058a80b92ead24"",""firm_route_basis"":""原记录firm_raw""}]",0,按来源/日期/配置版本分别答复；同型号合并附件不等于同配置或逐车资格认证
天津一汽夏利汽车股份有限公司,CA7003EVA,0,0,0,0,1,2208试验口径,"[{""purpose_scope"":""2208试验口径"",""source_record_ids"":""old-10-PDF-grid-2-0-21"",""source_observation_date_upper"":""2017-04-27"",""source_file"":""原件/免征目录/mf_batch10.pdf"",""source_sha256"":""ac1b1ad2605b4f24762fb1f01cea64b685393577d01648618fa1882bb5700ac3"",""firm_route_basis"":""原记录firm_raw""}]",0,按来源/日期/配置版本分别答复；同型号合并附件不等于同配置或逐车资格认证
天津一汽夏利汽车股份有限公司,CA7004EV,0,0,0,0,1,2208试验口径,"[{""purpose_scope"":""2208试验口径"",""source_record_ids"":""old-22-Word97--0-14"",""source_observation_date_upper"":""2018-12-18"",""source_file"":""原件/免征目录/mf_batch22.doc"",""source_sha256"":""eaf3fc1e64742af85b3d4bc90388d0a93154a497fd6c1fb9bf73b857672e1212"",""firm_route_basis"":""原记录firm_raw""}]",0,按来源/日期/配置版本分别答复；同型号合并附件不等于同配置或逐车资格认证
奇瑞商用车(安徽)有限公司,SQR6440BEVK081,0,0,0,0,1,2208试验口径,"[{""purpose_scope"":""2208试验口径"",""source_record_ids"":""old-16-Word97--0-41"",""source_observation_date_upper"":""2018-02-13"",""source_file"":""原件/免征目录/mf_batch16.docx"",""source_sha256"":""9db5ace6c1c59bd9636d48636f94fa77d2b6e0aa27b109421690ce6a8c4a3967"",""firm_route_basis"":""原件企业合并格/上下文候选；非登记实体认证""}]",0,按来源/日期/配置版本分别答复；同型号合并附件不等于同配置或逐车资格认证
奇瑞商用车(安徽)有限公司,SQR6460BEVK09,0,0,0,0,1,2208试验口径,"[{""purpose_scope"":""2208试验口径"",""source_record_ids"":""old-16-Word97--0-40"",""source_observation_date_upper"":""2018-02-13"",""source_file"":""原件/免征目录/mf_batch16.docx"",""source_sha256"":""9db5ace6c1c59bd9636d48636f94fa77d2b6e0aa27b109421690ce6a8c4a3967"",""firm_route_basis"":""原记录firm_raw""}]",0,按来源/日期/配置版本分别答复；同型号合并附件不等于同配置或逐车资格认证
奇瑞商用车(安徽)有限公司,SQR6461BEVK09,0,0,0,0,1,2208试验口径,"[{""purpose_scope"":""2208试验口径"",""source_record_ids"":""old-20-DOCX--0-43"",""source_observation_date_upper"":""2018-09-19"",""source_file"":""原件/免征目录/mf_batch20.docx"",""source_sha256"":""374d3f87551d75d1c163e76abb38f350ea93f8a2b8cad6174568c307d1cc0130"",""firm_route_basis"":""原记录firm_raw""}]",0,按来源/日期/配置版本分别答复；同型号合并附件不等于同配置或逐车资格认证
奇瑞商用车(安徽)有限公司,SQR6461BEVK091,0,0,0,0,1,2208试验口径,"[{""purpose_scope"":""2208试验口径"",""source_record_ids"":""old-20-DOCX--0-44"",""source_observation_date_upper"":""2018-09-19"",""source_file"":""原件/免征目录/mf_batch20.docx"",""source_sha256"":""374d3f87551d75d1c163e76abb38f350ea93f8a2b8cad6174568c307d1cc0130"",""firm_route_basis"":""原件企业合并格/上下文候选；非登记实体认证""}]",0,按来源/日期/配置版本分别答复；同型号合并附件不等于同配置或逐车资格认证
奇瑞商用车(安徽)有限公司,SQR6480BEVF11,0,0,0,0,1,2208试验口径,"[{""purpose_scope"":""2208试验口径"",""source_record_ids"":""old-24-Word97--1-3"",""source_observation_date_upper"":""2019-04-30"",""source_file"":""原件/免征目录/mf_batch24.wps"",""source_sha256"":""07775a0cb063fe0fce5880b9378dd1eb2522b725d645cabdee314d604779939d"",""firm_route_basis"":""原件企业合并格/上下文候选；非登记实体认证""}]",0,按来源/日期/配置版本分别答复；同型号合并附件不等于同配置或逐车资格认证
奇瑞商用车(安徽)有限公司,SQR6481BEVF11,0,0,0,0,1,2208试验口径,"[{""purpose_scope"":""2208试验口径"",""source_record_ids"":""old-48-Word97--0-31"",""source_observation_date_upper"":""2021-11-05"",""source_file"":""原件/免征目录/mf_batch48.doc"",""source_sha256"":""ee5aa19736215cfcb3b76ffff90bcd0d9108c61758ccb756f7d4ad17e75a835c"",""firm_route_basis"":""原记录firm_raw""}]",0,按来源/日期/配置版本分别答复；同型号合并附件不等于同配置或逐车资格认证
奇瑞新能源汽车技术有限公司,NEQ7000BEVJ60,0,0,0,0,1,2208试验口径,"[{""purpose_scope"":""2208试验口径"",""source_record_ids"":""old-23-Word97--0-43"",""source_observation_date_upper"":""2019-03-13"",""source_file"":""原件/免征目录/mf_batch23.docx"",""source_sha256"":""87f838de0da3ba5887f77b2bf5c1dbf5b427e7cef896309a7084c11dd8f5efa0"",""firm_route_basis"":""原记录firm_raw""}]",0,按来源/日期/配置版本分别答复；同型号合并附件不等于同配置或逐车资格认证
奇瑞新能源汽车技术有限公司,NEQ7000BEVJ60A,0,0,0,0,1,2208试验口径,"[{""purpose_scope"":""2208试验口径"",""source_record_ids"":""old-25-Word97--0-39"",""source_observation_date_upper"":""2019-06-12"",""source_file"":""原件/免征目录/mf_batch25.wps"",""source_sha256"":""9d2abe319463522513fe9c90f98bb8d0a825b599267d0b3cc403cec9624b3297"",""firm_route_basis"":""原记录firm_raw""}]",0,按来源/日期/配置版本分别答复；同型号合并附件不等于同配置或逐车资格认证
奇瑞新能源汽车技术有限公司,NEQ7000BEVJ72,0,0,0,0,1,2208试验口径,"[{""purpose_scope"":""2208试验口径"",""source_record_ids"":""old-23-Word97--0-44"",""source_observation_date_upper"":""2019-03-13"",""source_file"":""原件/免征目录/mf_batch23.docx"",""source_sha256"":""87f838de0da3ba5887f77b2bf5c1dbf5b427e7cef896309a7084c11dd8f5efa0"",""firm_route_basis"":""原件企业合并格/上下文候选；非登记实体认证""}]",0,按来源/日期/配置版本分别答复；同型号合并附件不等于同配置或逐车资格认证
奇瑞新能源汽车技术有限公司,NEQ7000BEVJ72A,0,0,0,0,1,2208试验口径,"[{""purpose_scope"":""2208试验口径"",""source_record_ids"":""old-22-Word97--0-59"",""source_observation_date_upper"":""2018-12-18"",""source_file"":""原件/免征目录/mf_batch22.doc"",""source_sha256"":""eaf3fc1e64742af85b3d4bc90388d0a93154a497fd6c1fb9bf73b857672e1212"",""firm_route_basis"":""原记录firm_raw""}]",0,按来源/日期/配置版本分别答复；同型号合并附件不等于同配置或逐车资格认证
奇瑞新能源汽车技术有限公司,NEQ7000BEVJ72B,0,0,0,0,1,2208试验口径,"[{""purpose_scope"":""2208试验口径"",""source_record_ids"":""old-23-Word97--0-45"",""source_observation_date_upper"":""2019-03-13"",""source_file"":""原件/免征目录/mf_batch23.docx"",""source_sha256"":""87f838de0da3ba5887f77b2bf5c1dbf5b427e7cef896309a7084c11dd8f5efa0"",""firm_route_basis"":""原件企业合并格/上下文候选；非登记实体认证""}]",0,按来源/日期/配置版本分别答复；同型号合并附件不等于同配置或逐车资格认证
奇瑞新能源汽车技术有限公司,NEQ7000BEVJ72D,0,0,0,0,1,2208试验口径,"[{""purpose_scope"":""2208试验口径"",""source_record_ids"":""old-26-DOCX--0-24"",""source_observation_date_upper"":""2019-08-30"",""source_file"":""原件/免征目录/mf_batch26.docx"",""source_sha256"":""de0890335ef3a4f1302a8a0735ec8b6aed52e994e2635db481820060d62248b5"",""firm_route_basis"":""原记录firm_raw""}]",0,按来源/日期/配置版本分别答复；同型号合并附件不等于同配置或逐车资格认证
奇瑞新能源汽车技术有限公司,NEQ7000BEVJ72E,0,0,0,0,1,2208试验口径,"[{""purpose_scope"":""2208试验口径"",""source_record_ids"":""old-26-DOCX--0-25"",""source_observation_date_upper"":""2019-08-30"",""source_file"":""原件/免征目录/mf_batch26.docx"",""source_sha256"":""de0890335ef3a4f1302a8a0735ec8b6aed52e994e2635db481820060d62248b5"",""firm_route_basis"":""原件企业合并格/上下文候选；非登记实体认证""}]",0,按来源/日期/配置版本分别答复；同型号合并附件不等于同配置或逐车资格认证
奇瑞新能源汽车股份有限公司,NEQ6440BEVS56A,0,0,0,0,1,2208试验口径,"[{""purpose_scope"":""2208试验口径"",""source_record_ids"":""old-68-Word97--0-43"",""source_observation_date_upper"":""2023-08-16"",""source_file"":""原件/免征目录/mf_batch68.doc"",""source_sha256"":""58113d08377020d08de0aeb0e08ff63c4a4411dbe35ad69cfdd6f82fdf0fcc77"",""firm_route_basis"":""原件企业合并格/上下文候选；非登记实体认证""}]",0,按来源/日期/配置版本分别答复；同型号合并附件不等于同配置或逐车资格认证
奇瑞新能源汽车股份有限公司,NEQ6440BEVS56B,0,0,0,0,1,2208试验口径,"[{""purpose_scope"":""2208试验口径"",""source_record_ids"":""old-70-Word97--0-44"",""source_observation_date_upper"":""2023-10-18"",""source_file"":""原件/免征目录/mf_batch70.doc"",""source_sha256"":""29b9f5df62602e114f0ed01426c185fdb15a654022cdf16d4df624bb736ed813"",""firm_route_basis"":""原件企业合并格/上下文候选；非登记实体认证""}]",0,按来源/日期/配置版本分别答复；同型号合并附件不等于同配置或逐车资格认证
奇瑞新能源汽车股份有限公司,NEQ6440BEVS56C,0,0,0,0,1,2208试验口径,"[{""purpose_scope"":""2208试验口径"",""source_record_ids"":""old-68-Word97--0-42"",""source_observation_date_upper"":""2023-08-16"",""source_file"":""原件/免征目录/mf_batch68.doc"",""source_sha256"":""58113d08377020d08de0aeb0e08ff63c4a4411dbe35ad69cfdd6f82fdf0fcc77"",""firm_route_basis"":""原件企业合并格/上下文候选；非登记实体认证""}]",0,按来源/日期/配置版本分别答复；同型号合并附件不等于同配置或逐车资格认证
奇瑞新能源汽车股份有限公司,NEQ6440BEVS56D,0,0,0,0,1,2208试验口径,"[{""purpose_scope"":""2208试验口径"",""source_record_ids"":""old-70-Word97--0-43"",""source_observation_date_upper"":""2023-10-18"",""source_file"":""原件/免征目录/mf_batch70.doc"",""source_sha256"":""29b9f5df62602e114f0ed01426c185fdb15a654022cdf16d4df624bb736ed813"",""firm_route_basis"":""原件企业合并格/上下文候选；非登记实体认证""}]",0,按来源/日期/配置版本分别答复；同型号合并附件不等于同配置或逐车资格认证
奇瑞新能源汽车股份有限公司,NEQ6460BEVS61A,0,0,0,0,1,2208试验口径,"[{""purpose_scope"":""2208试验口径"",""source_record_ids"":""old-32-Word97--0-50"",""source_observation_date_upper"":""2020-06-02"",""source_file"":""原件/免征目录/mf_batch32.doc"",""source_sha256"":""ad7c65b4831a05b7c70e1e73fe834aa9beed883c66f898e799fcbbeb43cc3d75"",""firm_route_basis"":""原记录firm_raw""}]",0,按来源/日期/配置版本分别答复；同型号合并附件不等于同配置或逐车资格认证
奇瑞新能源汽车股份有限公司,NEQ6460BEVS61B,0,0,0,0,1,2208试验口径,"[{""purpose_scope"":""2208试验口径"",""source_record_ids"":""old-33-Word97--0-73"",""source_observation_date_upper"":""2020-07-21"",""source_file"":""原件/免征目录/mf_batch33.doc"",""source_sha256"":""ff98fbb1708c47cdcfc1e79e7a1647e72a7ae6d4255dce3b250d661001340c09"",""firm_route_basis"":""原记录firm_raw""}]",0,按来源/日期/配置版本分别答复；同型号合并附件不等于同配置或逐车资格认证
奇瑞新能源汽车股份有限公司,NEQ6460BEVS61C,0,0,0,0,1,2208试验口径,"[{""purpose_scope"":""2208试验口径"",""source_record_ids"":""old-35-Word97--0-18"",""source_observation_date_upper"":""2020-09-21"",""source_file"":""原件/免征目录/mf_batch35.wps"",""source_sha256"":""e4a6abd0e50daa81d029f8b37584511354700e855dc89de210fcba782b0643f0"",""firm_route_basis"":""原记录firm_raw""}]",0,按来源/日期/配置版本分别答复；同型号合并附件不等于同配置或逐车资格认证
奇瑞新能源汽车股份有限公司,NEQ6460BEVS61D,0,0,0,0,1,2208试验口径,"[{""purpose_scope"":""2208试验口径"",""source_record_ids"":""old-36-Word97--0-30"",""source_observation_date_upper"":""2020-10-30"",""source_file"":""原件/免征目录/mf_batch36.doc"",""source_sha256"":""05cfcfd9136685ad6d6e13b8228cd123cca109c26f43a4c71472016b5a610a9f"",""firm_route_basis"":""原记录firm_raw""}]",0,按来源/日期/配置版本分别答复；同型号合并附件不等于同配置或逐车资格认证
奇瑞新能源汽车股份有限公司,NEQ6460BEVS61E,0,0,0,0,1,2208试验口径,"[{""purpose_scope"":""2208试验口径"",""source_record_ids"":""old-42-Word97--0-35"",""source_observation_date_upper"":""2021-04-30"",""source_file"":""原件/免征目录/mf_batch42.doc"",""source_sha256"":""fef4fd8ea19d773d368642e51a4bdb24c148530251a2240be4ff1358d5d41fab"",""firm_route_basis"":""原件企业合并格/上下文候选；非登记实体认证""}]",0,按来源/日期/配置版本分别答复；同型号合并附件不等于同配置或逐车资格认证
奇瑞新能源汽车股份有限公司,NEQ6460BEVS61F,0,0,0,0,1,2208试验口径,"[{""purpose_scope"":""2208试验口径"",""source_record_ids"":""old-46-Word97--0-37"",""source_observation_date_upper"":""2021-09-10"",""source_file"":""原件/免征目录/mf_batch46.doc"",""source_sha256"":""a4b2048b3d5c29a8969f0348e9fd19a3293f0c23e6f37a48bf42a2ed70c7d37d"",""firm_route_basis"":""原件企业合并格/上下文候选；非登记实体认证""}]",0,按来源/日期/配置版本分别答复；同型号合并附件不等于同配置或逐车资格认证
奇瑞新能源汽车股份有限公司,NEQ6470BEVS61,0,0,0,0,1,2208试验口径,"[{""purpose_scope"":""2208试验口径"",""source_record_ids"":""old-64-Word97--0-41"",""source_observation_date_upper"":""2023-04-17"",""source_file"":""原件/免征目录/mf_batch64.doc"",""source_sha256"":""c4e238989e7e40ec2c3a6a899ead170b4a745bc72546ba6fd4a5731d8890c6cb"",""firm_route_basis"":""原记录firm_raw""}]",0,按来源/日期/配置版本分别答复；同型号合并附件不等于同配置或逐车资格认证
奇瑞新能源汽车股份有限公司,NEQ6470BEVS61A,0,0,0,0,1,2208试验口径,"[{""purpose_scope"":""2208试验口径"",""source_record_ids"":""old-71-Word97--0-57"",""source_observation_date_upper"":""2023-11-20"",""source_file"":""原件/免征目录/mf_batch71.doc"",""source_sha256"":""b37b78b64b8ef7e12e6e95d6fd27a4a6e364c0c83ba403ffcf3bca82c60e3460"",""firm_route_basis"":""原记录firm_raw""}]",0,按来源/日期/配置版本分别答复；同型号合并附件不等于同配置或逐车资格认证
奇瑞新能源汽车股份有限公司,NEQ6470BEVS61B,0,0,0,0,1,2208试验口径,"[{""purpose_scope"":""2208试验口径"",""source_record_ids"":""old-70-Word97--0-42"",""source_observation_date_upper"":""2023-10-18"",""source_file"":""原件/免征目录/mf_batch70.doc"",""source_sha256"":""29b9f5df62602e114f0ed01426c185fdb15a654022cdf16d4df624bb736ed813"",""firm_route_basis"":""原记录firm_raw""}]",0,按来源/日期/配置版本分别答复；同型号合并附件不等于同配置或逐车资格认证
奇瑞新能源汽车股份有限公司,NEQ7000BEVJ60C,0,0,0,0,1,2208试验口径,"[{""purpose_scope"":""2208试验口径"",""source_record_ids"":""old-33-Word97--0-74"",""source_observation_date_upper"":""2020-07-21"",""source_file"":""原件/免征目录/mf_batch33.doc"",""source_sha256"":""ff98fbb1708c47cdcfc1e79e7a1647e72a7ae6d4255dce3b250d661001340c09"",""firm_route_basis"":""原件企业合并格/上下文候选；非登记实体认证""}]",0,按来源/日期/配置版本分别答复；同型号合并附件不等于同配置或逐车资格认证
奇瑞新能源汽车股份有限公司,NEQ7000BEVJ60D,0,0,0,0,1,2208试验口径,"[{""purpose_scope"":""2208试验口径"",""source_record_ids"":""old-35-Word97--0-19"",""source_observation_date_upper"":""2020-09-21"",""source_file"":""原件/免征目录/mf_batch35.wps"",""source_sha256"":""e4a6abd0e50daa81d029f8b37584511354700e855dc89de210fcba782b0643f0"",""firm_route_basis"":""原件企业合并格/上下文候选；非登记实体认证""}]",0,按来源/日期/配置版本分别答复；同型号合并附件不等于同配置或逐车资格认证
奇瑞新能源汽车股份有限公司,NEQ7000BEVJ60E,0,0,0,0,1,2208试验口径,"[{""purpose_scope"":""2208试验口径"",""source_record_ids"":""old-50-Word97--0-33"",""source_observation_date_upper"":""2021-12-29"",""source_file"":""原件/免征目录/mf_batch50.doc"",""source_sha256"":""3810672d92621612507384960254de602e629e75a308df22ee2291519445095e"",""firm_route_basis"":""原记录firm_raw""}]",0,按来源/日期/配置版本分别答复；同型号合并附件不等于同配置或逐车资格认证
奇瑞新能源汽车股份有限公司,NEQ7000BEVJ60F,0,0,0,0,1,2208试验口径,"[{""purpose_scope"":""2208试验口径"",""source_record_ids"":""old-55-Word97--0-13"",""source_observation_date_upper"":""2022-06-01"",""source_file"":""原件/免征目录/mf_batch55.doc"",""source_sha256"":""0457d0430e9e7f114c91341a715405c3933dd4783762cd74b9871e4918ba887f"",""firm_route_basis"":""原件企业合并格/上下文候选；非登记实体认证""}]",0,按来源/日期/配置版本分别答复；同型号合并附件不等于同配置或逐车资格认证
奇瑞新能源汽车股份有限公司,NEQ7000BEVJ60H,0,0,0,0,1,2208试验口径,"[{""purpose_scope"":""2208试验口径"",""source_record_ids"":""old-67-Word97--0-32"",""source_observation_date_upper"":""2023-07-17"",""source_file"":""原件/免征目录/mf_batch67.doc"",""source_sha256"":""963a02fcc1f361414f4f003c6d63e00b178d0b962134ed2206c38978f3118101"",""firm_route_basis"":""原件企业合并格/上下文候选；非登记实体认证""}]",0,按来源/日期/配置版本分别答复；同型号合并附件不等于同配置或逐车资格认证
奇瑞新能源汽车股份有限公司,NEQ7000BEVJ60J,0,0,0,0,1,2208试验口径,"[{""purpose_scope"":""2208试验口径"",""source_record_ids"":""old-69-Word97--0-83"",""source_observation_date_upper"":""2023-09-14"",""source_file"":""原件/免征目录/mf_batch69.doc"",""source_sha256"":""357d61a16c94488c9fdd761f393edb7029b05394ab06117abaebcba1a1e45546"",""firm_route_basis"":""原记录firm_raw""}]",0,按来源/日期/配置版本分别答复；同型号合并附件不等于同配置或逐车资格认证
奇瑞新能源汽车股份有限公司,NEQ7000BEVJ721,0,0,0,0,1,2208试验口径,"[{""purpose_scope"":""2208试验口径"",""source_record_ids"":""old-55-Word97--0-14"",""source_observation_date_upper"":""2022-06-01"",""source_file"":""原件/免征目录/mf_batch55.doc"",""source_sha256"":""0457d0430e9e7f114c91341a715405c3933dd4783762cd74b9871e4918ba887f"",""firm_route_basis"":""原件企业合并格/上下文候选；非登记实体认证""}]",0,按来源/日期/配置版本分别答复；同型号合并附件不等于同配置或逐车资格认证
奇瑞新能源汽车股份有限公司,NEQ7000BEVJ722,0,0,0,0,1,2208试验口径,"[{""purpose_scope"":""2208试验口径"",""source_record_ids"":""old-59-Word97--0-33"",""source_observation_date_upper"":""2022-10-10"",""source_file"":""原件/免征目录/mf_batch59.doc"",""source_sha256"":""32738e2df847e0c74ff96d48b8a13e1dd9c31aee84b7c0a633e2d9c8a3e01f86"",""firm_route_basis"":""原件企业合并格/上下文候选；非登记实体认证""}]",0,按来源/日期/配置版本分别答复；同型号合并附件不等于同配置或逐车资格认证
奇瑞新能源汽车股份有限公司,NEQ7000BEVJ723,0,0,0,0,1,2208试验口径,"[{""purpose_scope"":""2208试验口径"",""source_record_ids"":""old-55-Word97--0-11"",""source_observation_date_upper"":""2022-06-01"",""source_file"":""原件/免征目录/mf_batch55.doc"",""source_sha256"":""0457d0430e9e7f114c91341a715405c3933dd4783762cd74b9871e4918ba887f"",""firm_route_basis"":""原件企业合并格/上下文候选；非登记实体认证""}]",0,按来源/日期/配置版本分别答复；同型号合并附件不等于同配置或逐车资格认证
奇瑞新能源汽车股份有限公司,NEQ7000BEVJ724,0,0,0,0,1,2208试验口径,"[{""purpose_scope"":""2208试验口径"",""source_record_ids"":""old-55-Word97--0-7"",""source_observation_date_upper"":""2022-06-01"",""source_file"":""原件/免征目录/mf_batch55.doc"",""source_sha256"":""0457d0430e9e7f114c91341a715405c3933dd4783762cd74b9871e4918ba887f"",""firm_route_basis"":""原记录firm_raw""}]",0,按来源/日期/配置版本分别答复；同型号合并附件不等于同配置或逐车资格认证
奇瑞新能源汽车股份有限公司,NEQ7000BEVJ725,0,0,0,0,1,2208试验口径,"[{""purpose_scope"":""2208试验口径"",""source_record_ids"":""old-55-Word97--0-9"",""source_observation_date_upper"":""2022-06-01"",""source_file"":""原件/免征目录/mf_batch55.doc"",""source_sha256"":""0457d0430e9e7f114c91341a715405c3933dd4783762cd74b9871e4918ba887f"",""firm_route_basis"":""原件企业合并格/上下文候选；非登记实体认证""}]",0,按来源/日期/配置版本分别答复；同型号合并附件不等于同配置或逐车资格认证
奇瑞新能源汽车股份有限公司,NEQ7000BEVJ726,0,0,0,0,1,2208试验口径,"[{""purpose_scope"":""2208试验口径"",""source_record_ids"":""old-58-Word97--0-7"",""source_observation_date_upper"":""2022-09-16"",""source_file"":""原件/免征目录/mf_batch58.doc"",""source_sha256"":""b642358bb3078d2dde909a798935c0c1fc75d90f22b33f7c48aa87209acc100d"",""firm_route_basis"":""原记录firm_raw""}]",0,按来源/日期/配置版本分别答复；同型号合并附件不等于同配置或逐车资格认证
奇瑞新能源汽车股份有限公司,NEQ7000BEVJ727,0,0,0,0,1,2208试验口径,"[{""purpose_scope"":""2208试验口径"",""source_record_ids"":""old-59-Word97--0-32"",""source_observation_date_upper"":""2022-10-10"",""source_file"":""原件/免征目录/mf_batch59.doc"",""source_sha256"":""32738e2df847e0c74ff96d48b8a13e1dd9c31aee84b7c0a633e2d9c8a3e01f86"",""firm_route_basis"":""原记录firm_raw""}]",0,按来源/日期/配置版本分别答复；同型号合并附件不等于同配置或逐车资格认证
奇瑞新能源汽车股份有限公司,NEQ7000BEVJ728,0,0,0,0,1,2208试验口径,"[{""purpose_scope"":""2208试验口径"",""source_record_ids"":""old-61-Word97--0-13"",""source_observation_date_upper"":""2022-12-19"",""source_file"":""原件/免征目录/mf_batch61.doc"",""source_sha256"":""d360a77695ccf20f3c17a354a1dd02fc846a7ae8bd18b41492515881a7240b72"",""firm_route_basis"":""原记录firm_raw""}]",0,按来源/日期/配置版本分别答复；同型号合并附件不等于同配置或逐车资格认证
奇瑞新能源汽车股份有限公司,NEQ7000BEVJ72F,0,0,0,0,1,2208试验口径,"[{""purpose_scope"":""2208试验口径"",""source_record_ids"":""old-27-Word97--0-59"",""source_observation_date_upper"":""2019-10-25"",""source_file"":""原件/免征目录/mf_batch27.doc"",""source_sha256"":""2bd67cf7e1efc03ae93942d0d340ffef87478709520383b6ee4d08baf843ead1"",""firm_route_basis"":""原件企业合并格/上下文候选；非登记实体认证""}]",0,按来源/日期/配置版本分别答复；同型号合并附件不等于同配置或逐车资格认证
奇瑞新能源汽车股份有限公司,NEQ7000BEVJ72G,0,0,0,0,1,2208试验口径,"[{""purpose_scope"":""2208试验口径"",""source_record_ids"":""old-27-Word97--0-60"",""source_observation_date_upper"":""2019-10-25"",""source_file"":""原件/免征目录/mf_batch27.doc"",""source_sha256"":""2bd67cf7e1efc03ae93942d0d340ffef87478709520383b6ee4d08baf843ead1"",""firm_route_basis"":""原件企业合并格/上下文候选；非登记实体认证""}]",0,按来源/日期/配置版本分别答复；同型号合并附件不等于同配置或逐车资格认证
奇瑞新能源汽车股份有限公司,NEQ7000BEVJ72H,0,0,0,0,1,2208试验口径,"[{""purpose_scope"":""2208试验口径"",""source_record_ids"":""old-31-Word97--0-25"",""source_observation_date_upper"":""2020-04-24"",""source_file"":""原件/免征目录/mf_batch31.doc"",""source_sha256"":""e1ccec4a87ab96ca346e5756d6b14369eb9727ec2c2cfd03c1182a592ddd3bee"",""firm_route_basis"":""原记录firm_raw""}]",0,按来源/日期/配置版本分别答复；同型号合并附件不等于同配置或逐车资格认证
奇瑞新能源汽车股份有限公司,NEQ7000BEVJ72J,0,0,0,0,1,2208试验口径,"[{""purpose_scope"":""2208试验口径"",""source_record_ids"":""old-30-Word97--0-35"",""source_observation_date_upper"":""2020-03-13"",""source_file"":""原件/免征目录/mf_batch30.doc"",""source_sha256"":""e7fa3b47858ec2035b8055bc15be00b2b26920a5e8d3cad481058a80b92ead24"",""firm_route_basis"":""原件企业合并格/上下文候选；非登记实体认证""}]",0,按来源/日期/配置版本分别答复；同型号合并附件不等于同配置或逐车资格认证
奇瑞新能源汽车股份有限公司,NEQ7000BEVJ72L,0,0,0,0,1,2208试验口径,"[{""purpose_scope"":""2208试验口径"",""source_record_ids"":""old-31-Word97--0-26"",""source_observation_date_upper"":""2020-04-24"",""source_file"":""原件/免征目录/mf_batch31.doc"",""source_sha256"":""e1ccec4a87ab96ca346e5756d6b14369eb9727ec2c2cfd03c1182a592ddd3bee"",""firm_route_basis"":""原记录firm_raw""}]",0,按来源/日期/配置版本分别答复；同型号合并附件不等于同配置或逐车资格认证
奇瑞新能源汽车股份有限公司,NEQ7000BEVJ72M,0,0,0,0,1,2208试验口径,"[{""purpose_scope"":""2208试验口径"",""source_record_ids"":""old-31-Word97--0-27"",""source_observation_date_upper"":""2020-04-24"",""source_file"":""原件/免征目录/mf_batch31.doc"",""source_sha256"":""e1ccec4a87ab96ca346e5756d6b14369eb9727ec2c2cfd03c1182a592ddd3bee"",""firm_route_basis"":""原件企业合并格/上下文候选；非登记实体认证""}]",0,按来源/日期/配置版本分别答复；同型号合并附件不等于同配置或逐车资格认证
奇瑞新能源汽车股份有限公司,NEQ7000BEVJ72N,0,0,0,0,1,2208试验口径,"[{""purpose_scope"":""2208试验口径"",""source_record_ids"":""old-35-Word97--0-20"",""source_observation_date_upper"":""2020-09-21"",""source_file"":""原件/免征目录/mf_batch35.wps"",""source_sha256"":""e4a6abd0e50daa81d029f8b37584511354700e855dc89de210fcba782b0643f0"",""firm_route_basis"":""原件企业合并格/上下文候选；非登记实体认证""}]",0,按来源/日期/配置版本分别答复；同型号合并附件不等于同配置或逐车资格认证
奇瑞新能源汽车股份有限公司,NEQ7000BEVJ72P,0,0,0,0,1,2208试验口径,"[{""purpose_scope"":""2208试验口径"",""source_record_ids"":""old-35-Word97--0-21"",""source_observation_date_upper"":""2020-09-21"",""source_file"":""原件/免征目录/mf_batch35.wps"",""source_sha256"":""e4a6abd0e50daa81d029f8b37584511354700e855dc89de210fcba782b0643f0"",""firm_route_basis"":""原件企业合并格/上下文候选；非登记实体认证""}]",0,按来源/日期/配置版本分别答复；同型号合并附件不等于同配置或逐车资格认证
奇瑞新能源汽车股份有限公司,NEQ7000BEVJ72Q,0,0,0,0,1,2208试验口径,"[{""purpose_scope"":""2208试验口径"",""source_record_ids"":""old-37-Word97--0-19"",""source_observation_date_upper"":""2020-11-30"",""source_file"":""原件/免征目录/mf_batch37.doc"",""source_sha256"":""136057faede292d8070763e326c8dbdcddf3790653cc6879a13758f91556881f"",""firm_route_basis"":""原记录firm_raw""}]",0,按来源/日期/配置版本分别答复；同型号合并附件不等于同配置或逐车资格认证
奇瑞新能源汽车股份有限公司,NEQ7000BEVJ72R,0,0,0,0,1,2208试验口径,"[{""purpose_scope"":""2208试验口径"",""source_record_ids"":""old-37-Word97--0-20"",""source_observation_date_upper"":""2020-11-30"",""source_file"":""原件/免征目录/mf_batch37.doc"",""source_sha256"":""136057faede292d8070763e326c8dbdcddf3790653cc6879a13758f91556881f"",""firm_route_basis"":""原件企业合并格/上下文候选；非登记实体认证""}]",0,按来源/日期/配置版本分别答复；同型号合并附件不等于同配置或逐车资格认证
奇瑞新能源汽车股份有限公司,NEQ7000BEVJ72S,0,0,0,0,1,2208试验口径,"[{""purpose_scope"":""2208试验口径"",""source_record_ids"":""old-42-Word97--0-34"",""source_observation_date_upper"":""2021-04-30"",""source_file"":""原件/免征目录/mf_batch42.doc"",""source_sha256"":""fef4fd8ea19d773d368642e51a4bdb24c148530251a2240be4ff1358d5d41fab"",""firm_route_basis"":""原记录firm_raw""}]",0,按来源/日期/配置版本分别答复；同型号合并附件不等于同配置或逐车资格认证
奇瑞新能源汽车股份有限公司,NEQ7000BEVJ72T,0,0,0,0,1,2208试验口径,"[{""purpose_scope"":""2208试验口径"",""source_record_ids"":""old-44-Word97--0-38"",""source_observation_date_upper"":""2021-07-12"",""source_file"":""原件/免征目录/mf_batch44.doc"",""source_sha256"":""aea30846204f4e55c0d969450f1619e1649eb27f471d5b0a2636d0da77eb0611"",""firm_route_basis"":""原件企业合并格/上下文候选；非登记实体认证""}]",0,按来源/日期/配置版本分别答复；同型号合并附件不等于同配置或逐车资格认证
奇瑞新能源汽车股份有限公司,NEQ7000BEVJ72U,0,0,0,0,1,2208试验口径,"[{""purpose_scope"":""2208试验口径"",""source_record_ids"":""old-49-Word97--0-17"",""source_observation_date_upper"":""2021-12-08"",""source_file"":""原件/免征目录/mf_batch49.doc"",""source_sha256"":""c7a56509a4d9272982da0abc9d1ea213ee1fbea3d0f1edad124630c9b5e3474e"",""firm_route_basis"":""原记录firm_raw""}]",0,按来源/日期/配置版本分别答复；同型号合并附件不等于同配置或逐车资格认证
奇瑞新能源汽车股份有限公司,NEQ7000BEVJ72V,0,0,0,0,1,2208试验口径,"[{""purpose_scope"":""2208试验口径"",""source_record_ids"":""old-51-Word97--0-16"",""source_observation_date_upper"":""2022-01-29"",""source_file"":""原件/免征目录/mf_batch51.doc"",""source_sha256"":""35411ca0ab3ef42915600b148fca6fe76bcb86f5dc3812f71d74f3ebda125ce6"",""firm_route_basis"":""原记录firm_raw""}]",0,按来源/日期/配置版本分别答复；同型号合并附件不等于同配置或逐车资格认证
奇瑞新能源汽车股份有限公司,NEQ7000BEVJ72W,0,0,0,0,1,2208试验口径,"[{""purpose_scope"":""2208试验口径"",""source_record_ids"":""old-55-Word97--0-12"",""source_observation_date_upper"":""2022-06-01"",""source_file"":""原件/免征目录/mf_batch55.doc"",""source_sha256"":""0457d0430e9e7f114c91341a715405c3933dd4783762cd74b9871e4918ba887f"",""firm_route_basis"":""原件企业合并格/上下文候选；非登记实体认证""}]",0,按来源/日期/配置版本分别答复；同型号合并附件不等于同配置或逐车资格认证
奇瑞新能源汽车股份有限公司,NEQ7000BEVJ72X,0,0,0,0,1,2208试验口径,"[{""purpose_scope"":""2208试验口径"",""source_record_ids"":""old-55-Word97--0-15"",""source_observation_date_upper"":""2022-06-01"",""source_file"":""原件/免征目录/mf_batch55.doc"",""source_sha256"":""0457d0430e9e7f114c91341a715405c3933dd4783762cd74b9871e4918ba887f"",""firm_route_basis"":""原件企业合并格/上下文候选；非登记实体认证""}]",0,按来源/日期/配置版本分别答复；同型号合并附件不等于同配置或逐车资格认证
奇瑞新能源汽车股份有限公司,NEQ7000BEVJ72Y,0,0,0,0,1,2208试验口径,"[{""purpose_scope"":""2208试验口径"",""source_record_ids"":""old-55-Word97--0-10"",""source_observation_date_upper"":""2022-06-01"",""source_file"":""原件/免征目录/mf_batch55.doc"",""source_sha256"":""0457d0430e9e7f114c91341a715405c3933dd4783762cd74b9871e4918ba887f"",""firm_route_basis"":""原件企业合并格/上下文候选；非登记实体认证""}]",0,按来源/日期/配置版本分别答复；同型号合并附件不等于同配置或逐车资格认证
奇瑞新能源汽车股份有限公司,NEQ7000BEVJ72Z,0,0,0,0,1,2208试验口径,"[{""purpose_scope"":""2208试验口径"",""source_record_ids"":""old-55-Word97--0-8"",""source_observation_date_upper"":""2022-06-01"",""source_file"":""原件/免征目录/mf_batch55.doc"",""source_sha256"":""0457d0430e9e7f114c91341a715405c3933dd4783762cd74b9871e4918ba887f"",""firm_route_basis"":""原件企业合并格/上下文候选；非登记实体认证""}]",0,按来源/日期/配置版本分别答复；同型号合并附件不等于同配置或逐车资格认证
奇瑞新能源汽车股份有限公司,NEQ7000BEVJH11A,0,0,0,0,1,2208试验口径,"[{""purpose_scope"":""2208试验口径"",""source_record_ids"":""old-46-Word97--0-34"",""source_observation_date_upper"":""2021-09-10"",""source_file"":""原件/免征目录/mf_batch46.doc"",""source_sha256"":""a4b2048b3d5c29a8969f0348e9fd19a3293f0c23e6f37a48bf42a2ed70c7d37d"",""firm_route_basis"":""原件企业合并格/上下文候选；非登记实体认证""}]",0,按来源/日期/配置版本分别答复；同型号合并附件不等于同配置或逐车资格认证
奇瑞新能源汽车股份有限公司,NEQ7000BEVJH11B,0,0,0,0,1,2208试验口径,"[{""purpose_scope"":""2208试验口径"",""source_record_ids"":""old-46-Word97--0-33"",""source_observation_date_upper"":""2021-09-10"",""source_file"":""原件/免征目录/mf_batch46.doc"",""source_sha256"":""a4b2048b3d5c29a8969f0348e9fd19a3293f0c23e6f37a48bf42a2ed70c7d37d"",""firm_route_basis"":""原记录firm_raw""}]",0,按来源/日期/配置版本分别答复；同型号合并附件不等于同配置或逐车资格认证
奇瑞新能源汽车股份有限公司,NEQ7000BEVJH11C,0,0,0,0,1,2208试验口径,"[{""purpose_scope"":""2208试验口径"",""source_record_ids"":""old-46-Word97--0-36"",""source_observation_date_upper"":""2021-09-10"",""source_file"":""原件/免征目录/mf_batch46.doc"",""source_sha256"":""a4b2048b3d5c29a8969f0348e9fd19a3293f0c23e6f37a48bf42a2ed70c7d37d"",""firm_route_basis"":""原件企业合并格/上下文候选；非登记实体认证""}]",0,按来源/日期/配置版本分别答复；同型号合并附件不等于同配置或逐车资格认证
奇瑞新能源汽车股份有限公司,NEQ7000BEVJH11D,0,0,0,0,1,2208试验口径,"[{""purpose_scope"":""2208试验口径"",""source_record_ids"":""old-46-Word97--0-35"",""source_observation_date_upper"":""2021-09-10"",""source_file"":""原件/免征目录/mf_batch46.doc"",""source_sha256"":""a4b2048b3d5c29a8969f0348e9fd19a3293f0c23e6f37a48bf42a2ed70c7d37d"",""firm_route_basis"":""原件企业合并格/上下文候选；非登记实体认证""}]",0,按来源/日期/配置版本分别答复；同型号合并附件不等于同配置或逐车资格认证
奇瑞新能源汽车股份有限公司,NEQ7000BEVJH11E,0,0,0,0,1,2208试验口径,"[{""purpose_scope"":""2208试验口径"",""source_record_ids"":""old-47-Word97--0-31"",""source_observation_date_upper"":""2021-09-30"",""source_file"":""原件/免征目录/mf_batch47.doc"",""source_sha256"":""fb4517fe8220b10bc435a77a5328df13c732c70b335942dfad0ae9394affe9b4"",""firm_route_basis"":""原件企业合并格/上下文候选；非登记实体认证""}]",0,按来源/日期/配置版本分别答复；同型号合并附件不等于同配置或逐车资格认证
奇瑞新能源汽车股份有限公司,NEQ7000BEVJH11F,0,0,0,0,1,2208试验口径,"[{""purpose_scope"":""2208试验口径"",""source_record_ids"":""old-47-Word97--0-30"",""source_observation_date_upper"":""2021-09-30"",""source_file"":""原件/免征目录/mf_batch47.doc"",""source_sha256"":""fb4517fe8220b10bc435a77a5328df13c732c70b335942dfad0ae9394affe9b4"",""firm_route_basis"":""原记录firm_raw""}]",0,按来源/日期/配置版本分别答复；同型号合并附件不等于同配置或逐车资格认证
奇瑞新能源汽车股份有限公司,NEQ7000BEVJH11G,0,0,0,0,1,2208试验口径,"[{""purpose_scope"":""2208试验口径"",""source_record_ids"":""old-56-Word97--0-18"",""source_observation_date_upper"":""2022-07-08"",""source_file"":""原件/免征目录/mf_batch56.doc"",""source_sha256"":""cbffdc0819640e8f18c11a2a277b26b2e043c81406533457ff225f4df1c6c068"",""firm_route_basis"":""原记录firm_raw""}]",0,按来源/日期/配置版本分别答复；同型号合并附件不等于同配置或逐车资格认证
奇瑞新能源汽车股份有限公司,NEQ7000BEVJH11H,0,0,0,0,1,2208试验口径,"[{""purpose_scope"":""2208试验口径"",""source_record_ids"":""old-61-Word97--0-15"",""source_observation_date_upper"":""2022-12-19"",""source_file"":""原件/免征目录/mf_batch61.doc"",""source_sha256"":""d360a77695ccf20f3c17a354a1dd02fc846a7ae8bd18b41492515881a7240b72"",""firm_route_basis"":""原件企业合并格/上下文候选；非登记实体认证""}]",0,按来源/日期/配置版本分别答复；同型号合并附件不等于同配置或逐车资格认证
奇瑞新能源汽车股份有限公司,NEQ7000BEVJH11J,0,0,0,0,1,2208试验口径,"[{""purpose_scope"":""2208试验口径"",""source_record_ids"":""old-61-Word97--0-14"",""source_observation_date_upper"":""2022-12-19"",""source_file"":""原件/免征目录/mf_batch61.doc"",""source_sha256"":""d360a77695ccf20f3c17a354a1dd02fc846a7ae8bd18b41492515881a7240b72"",""firm_route_basis"":""原件企业合并格/上下文候选；非登记实体认证""}]",0,按来源/日期/配置版本分别答复；同型号合并附件不等于同配置或逐车资格认证
奇瑞新能源汽车股份有限公司,NEQ7000BEVJH11K,0,0,0,0,1,2208试验口径,"[{""purpose_scope"":""2208试验口径"",""source_record_ids"":""old-67-Word97--0-33"",""source_observation_date_upper"":""2023-07-17"",""source_file"":""原件/免征目录/mf_batch67.doc"",""source_sha256"":""963a02fcc1f361414f4f003c6d63e00b178d0b962134ed2206c38978f3118101"",""firm_route_basis"":""原件企业合并格/上下文候选；非登记实体认证""}]",0,按来源/日期/配置版本分别答复；同型号合并附件不等于同配置或逐车资格认证
奇瑞新能源汽车股份有限公司,NEQ7000BEVJH11L,0,0,0,0,1,2208试验口径,"[{""purpose_scope"":""2208试验口径"",""source_record_ids"":""old-67-Word97--0-31"",""source_observation_date_upper"":""2023-07-17"",""source_file"":""原件/免征目录/mf_batch67.doc"",""source_sha256"":""963a02fcc1f361414f4f003c6d63e00b178d0b962134ed2206c38978f3118101"",""firm_route_basis"":""原件企业合并格/上下文候选；非登记实体认证""}]",0,按来源/日期/配置版本分别答复；同型号合并附件不等于同配置或逐车资格认证
奇瑞新能源汽车股份有限公司,NEQ7000BEVJH11M,0,0,0,0,1,2208试验口径,"[{""purpose_scope"":""2208试验口径"",""source_record_ids"":""old-68-Word97--0-41"",""source_observation_date_upper"":""2023-08-16"",""source_file"":""原件/免征目录/mf_batch68.doc"",""source_sha256"":""58113d08377020d08de0aeb0e08ff63c4a4411dbe35ad69cfdd6f82fdf0fcc77"",""firm_route_basis"":""原件企业合并格/上下文候选；非登记实体认证""}]",0,按来源/日期/配置版本分别答复；同型号合并附件不等于同配置或逐车资格认证
奇瑞新能源汽车股份有限公司,NEQ7000BEVJH11N,0,0,0,0,1,2208试验口径,"[{""purpose_scope"":""2208试验口径"",""source_record_ids"":""old-68-Word97--0-40"",""source_observation_date_upper"":""2023-08-16"",""source_file"":""原件/免征目录/mf_batch68.doc"",""source_sha256"":""58113d08377020d08de0aeb0e08ff63c4a4411dbe35ad69cfdd6f82fdf0fcc77"",""firm_route_basis"":""原记录firm_raw""}]",0,按来源/日期/配置版本分别答复；同型号合并附件不等于同配置或逐车资格认证
奇瑞新能源汽车股份有限公司,NEQ7000BEVJH11P,0,0,0,0,1,2208试验口径,"[{""purpose_scope"":""2208试验口径"",""source_record_ids"":""old-69-Word97--0-84"",""source_observation_date_upper"":""2023-09-14"",""source_file"":""原件/免征目录/mf_batch69.doc"",""source_sha256"":""357d61a16c94488c9fdd761f393edb7029b05394ab06117abaebcba1a1e45546"",""firm_route_basis"":""原件企业合并格/上下文候选；非登记实体认证""}]",0,按来源/日期/配置版本分别答复；同型号合并附件不等于同配置或逐车资格认证
奇瑞新能源汽车股份有限公司,NEQ7000BEVQL01,0,0,0,0,1,2208试验口径,"[{""purpose_scope"":""2208试验口径"",""source_record_ids"":""old-46-Word97--0-38"",""source_observation_date_upper"":""2021-09-10"",""source_file"":""原件/免征目录/mf_batch46.doc"",""source_sha256"":""a4b2048b3d5c29a8969f0348e9fd19a3293f0c23e6f37a48bf42a2ed70c7d37d"",""firm_route_basis"":""原件企业合并格/上下文候选；非登记实体认证""}]",0,按来源/日期/配置版本分别答复；同型号合并附件不等于同配置或逐车资格认证
奇瑞新能源汽车股份有限公司,NEQ7000BEVQL01A,0,0,0,0,1,2208试验口径,"[{""purpose_scope"":""2208试验口径"",""source_record_ids"":""old-44-Word97--0-33"",""source_observation_date_upper"":""2021-07-12"",""source_file"":""原件/免征目录/mf_batch44.doc"",""source_sha256"":""aea30846204f4e55c0d969450f1619e1649eb27f471d5b0a2636d0da77eb0611"",""firm_route_basis"":""原记录firm_raw""}]",0,按来源/日期/配置版本分别答复；同型号合并附件不等于同配置或逐车资格认证
奇瑞新能源汽车股份有限公司,NEQ7000BEVQL01B,0,0,0,0,1,2208试验口径,"[{""purpose_scope"":""2208试验口径"",""source_record_ids"":""old-44-Word97--0-34"",""source_observation_date_upper"":""2021-07-12"",""source_file"":""原件/免征目录/mf_batch44.doc"",""source_sha256"":""aea30846204f4e55c0d969450f1619e1649eb27f471d5b0a2636d0da77eb0611"",""firm_route_basis"":""原件企业合并格/上下文候选；非登记实体认证""}]",0,按来源/日期/配置版本分别答复；同型号合并附件不等于同配置或逐车资格认证
奇瑞新能源汽车股份有限公司,NEQ7000BEVQL01C,0,0,0,0,1,2208试验口径,"[{""purpose_scope"":""2208试验口径"",""source_record_ids"":""old-44-Word97--0-37"",""source_observation_date_upper"":""2021-07-12"",""source_file"":""原件/免征目录/mf_batch44.doc"",""source_sha256"":""aea30846204f4e55c0d969450f1619e1649eb27f471d5b0a2636d0da77eb0611"",""firm_route_basis"":""原件企业合并格/上下文候选；非登记实体认证""}]",0,按来源/日期/配置版本分别答复；同型号合并附件不等于同配置或逐车资格认证
奇瑞新能源汽车股份有限公司,NEQ7000BEVRT01,0,0,0,0,1,2208试验口径,"[{""purpose_scope"":""2208试验口径"",""source_record_ids"":""old-44-Word97--0-35"",""source_observation_date_upper"":""2021-07-12"",""source_file"":""原件/免征目录/mf_batch44.doc"",""source_sha256"":""aea30846204f4e55c0d969450f1619e1649eb27f471d5b0a2636d0da77eb0611"",""firm_route_basis"":""原件企业合并格/上下文候选；非登记实体认证""}]",0,按来源/日期/配置版本分别答复；同型号合并附件不等于同配置或逐车资格认证
奇瑞新能源汽车股份有限公司,NEQ7000BEVSH61,0,0,0,0,1,2208试验口径,"[{""purpose_scope"":""2208试验口径"",""source_record_ids"":""old-65-Word97--0-48"",""source_observation_date_upper"":""2023-05-09"",""source_file"":""原件/免征目录/mf_batch65.doc"",""source_sha256"":""06a6a578a9a60516a845bc92deac49954438a789e9e4a7cf3cd140f256d9b13d"",""firm_route_basis"":""原记录firm_raw""}]",0,按来源/日期/配置版本分别答复；同型号合并附件不等于同配置或逐车资格认证
奇瑞新能源汽车股份有限公司,NEQ7000SEVJ60,0,0,0,0,1,2208试验口径,"[{""purpose_scope"":""2208试验口径"",""source_record_ids"":""old-44-Word97--0-36"",""source_observation_date_upper"":""2021-07-12"",""source_file"":""原件/免征目录/mf_batch44.doc"",""source_sha256"":""aea30846204f4e55c0d969450f1619e1649eb27f471d5b0a2636d0da77eb0611"",""firm_route_basis"":""原件企业合并格/上下文候选；非登记实体认证""}]",0,按来源/日期/配置版本分别答复；同型号合并附件不等于同配置或逐车资格认证
奇瑞新能源汽车股份有限公司,NEQ7001BEVJ72,0,0,0,0,1,2208试验口径,"[{""purpose_scope"":""2208试验口径"",""source_record_ids"":""old-67-Word97--0-30"",""source_observation_date_upper"":""2023-07-17"",""source_file"":""原件/免征目录/mf_batch67.doc"",""source_sha256"":""963a02fcc1f361414f4f003c6d63e00b178d0b962134ed2206c38978f3118101"",""firm_route_basis"":""原记录firm_raw""}]",0,按来源/日期/配置版本分别答复；同型号合并附件不等于同配置或逐车资格认证
奇瑞新能源汽车股份有限公司,NEQ7001BEVJ72A,0,0,0,0,1,2208试验口径,"[{""purpose_scope"":""2208试验口径"",""source_record_ids"":""old-67-Word97--0-35"",""source_observation_date_upper"":""2023-07-17"",""source_file"":""原件/免征目录/mf_batch67.doc"",""source_sha256"":""963a02fcc1f361414f4f003c6d63e00b178d0b962134ed2206c38978f3118101"",""firm_route_basis"":""原件企业合并格/上下文候选；非登记实体认证""}]",0,按来源/日期/配置版本分别答复；同型号合并附件不等于同配置或逐车资格认证
奇瑞新能源汽车股份有限公司,NEQ7001BEVJ72B,0,0,0,0,1,2208试验口径,"[{""purpose_scope"":""2208试验口径"",""source_record_ids"":""old-67-Word97--0-34"",""source_observation_date_upper"":""2023-07-17"",""source_file"":""原件/免征目录/mf_batch67.doc"",""source_sha256"":""963a02fcc1f361414f4f003c6d63e00b178d0b962134ed2206c38978f3118101"",""firm_route_basis"":""原件企业合并格/上下文候选；非登记实体认证""}]",0,按来源/日期/配置版本分别答复；同型号合并附件不等于同配置或逐车资格认证
奇瑞新能源汽车股份有限公司,NEQ7001BEVJ72C,0,0,0,0,1,2208试验口径,"[{""purpose_scope"":""2208试验口径"",""source_record_ids"":""old-71-Word97--0-59"",""source_observation_date_upper"":""2023-11-20"",""source_file"":""原件/免征目录/mf_batch71.doc"",""source_sha256"":""b37b78b64b8ef7e12e6e95d6fd27a4a6e364c0c83ba403ffcf3bca82c60e3460"",""firm_route_basis"":""原件企业合并格/上下文候选；非登记实体认证""}]",0,按来源/日期/配置版本分别答复；同型号合并附件不等于同配置或逐车资格认证
奇瑞新能源汽车股份有限公司,NEQ7001BEVJ72D,0,0,0,0,1,2208试验口径,"[{""purpose_scope"":""2208试验口径"",""source_record_ids"":""old-71-Word97--0-58"",""source_observation_date_upper"":""2023-11-20"",""source_file"":""原件/免征目录/mf_batch71.doc"",""source_sha256"":""b37b78b64b8ef7e12e6e95d6fd27a4a6e364c0c83ba403ffcf3bca82c60e3460"",""firm_route_basis"":""原件企业合并格/上下文候选；非登记实体认证""}]",0,按来源/日期/配置版本分别答复；同型号合并附件不等于同配置或逐车资格认证
奇瑞汽车股份有限公司,SQR6440BEVK06,0,0,0,0,1,2208试验口径,"[{""purpose_scope"":""2208试验口径"",""source_record_ids"":""old-07-PDF-grid-1-0-19"",""source_observation_date_upper"":""2016-04-15"",""source_file"":""原件/免征目录/mf_batch07.pdf"",""source_sha256"":""ad8e7f0576c7261a718e5a561358462b598d617361c6f02d7a14fb2038b758b0"",""firm_route_basis"":""原记录firm_raw""}]",0,按来源/日期/配置版本分别答复；同型号合并附件不等于同配置或逐车资格认证
奇瑞汽车股份有限公司,SQR6440BEVK08,0,0,0,0,1,2208试验口径,"[{""purpose_scope"":""2208试验口径"",""source_record_ids"":""old-08-PDF-grid-2-0-5"",""source_observation_date_upper"":""2016-06-16"",""source_file"":""原件/免征目录/mf_batch08.pdf"",""source_sha256"":""39b242717c026063c908426a890cd361f1165aa5729988d56303b2f8d5fb3b42"",""firm_route_basis"":""原件企业合并格/上下文候选；非登记实体认证""}]",0,按来源/日期/配置版本分别答复；同型号合并附件不等于同配置或逐车资格认证
奇瑞汽车股份有限公司,SQR6500BEVE0Y,0,0,0,0,1,2208试验口径,"[{""purpose_scope"":""2208试验口径"",""source_record_ids"":""old-71-Word97--0-46"",""source_observation_date_upper"":""2023-11-20"",""source_file"":""原件/免征目录/mf_batch71.doc"",""source_sha256"":""b37b78b64b8ef7e12e6e95d6fd27a4a6e364c0c83ba403ffcf3bca82c60e3460"",""firm_route_basis"":""原件企业合并格/上下文候选；非登记实体认证""}]",0,按来源/日期/配置版本分别答复；同型号合并附件不等于同配置或逐车资格认证
奇瑞汽车股份有限公司,SQR6500BEVE0Y1,0,0,0,0,1,2208试验口径,"[{""purpose_scope"":""2208试验口径"",""source_record_ids"":""old-71-Word97--0-47"",""source_observation_date_upper"":""2023-11-20"",""source_file"":""原件/免征目录/mf_batch71.doc"",""source_sha256"":""b37b78b64b8ef7e12e6e95d6fd27a4a6e364c0c83ba403ffcf3bca82c60e3460"",""firm_route_basis"":""原件企业合并格/上下文候选；非登记实体认证""}]",0,按来源/日期/配置版本分别答复；同型号合并附件不等于同配置或逐车资格认证
奇瑞汽车股份有限公司,SQR6500BEVE0Y2,0,0,0,0,1,2208试验口径,"[{""purpose_scope"":""2208试验口径"",""source_record_ids"":""old-71-Word97--0-50"",""source_observation_date_upper"":""2023-11-20"",""source_file"":""原件/免征目录/mf_batch71.doc"",""source_sha256"":""b37b78b64b8ef7e12e6e95d6fd27a4a6e364c0c83ba403ffcf3bca82c60e3460"",""firm_route_basis"":""原件企业合并格/上下文候选；非登记实体认证""}]",0,按来源/日期/配置版本分别答复；同型号合并附件不等于同配置或逐车资格认证
奇瑞汽车股份有限公司,SQR6500BEVE0Y3,0,0,0,0,1,2208试验口径,"[{""purpose_scope"":""2208试验口径"",""source_record_ids"":""old-71-Word97--0-45"",""source_observation_date_upper"":""2023-11-20"",""source_file"":""原件/免征目录/mf_batch71.doc"",""source_sha256"":""b37b78b64b8ef7e12e6e95d6fd27a4a6e364c0c83ba403ffcf3bca82c60e3460"",""firm_route_basis"":""原记录firm_raw""}]",0,按来源/日期/配置版本分别答复；同型号合并附件不等于同配置或逐车资格认证
奇瑞汽车股份有限公司,SQR6500BEVE0Y4,0,0,0,0,1,2208试验口径,"[{""purpose_scope"":""2208试验口径"",""source_record_ids"":""old-71-Word97--0-49"",""source_observation_date_upper"":""2023-11-20"",""source_file"":""原件/免征目录/mf_batch71.doc"",""source_sha256"":""b37b78b64b8ef7e12e6e95d6fd27a4a6e364c0c83ba403ffcf3bca82c60e3460"",""firm_route_basis"":""原件企业合并格/上下文候选；非登记实体认证""}]",0,按来源/日期/配置版本分别答复；同型号合并附件不等于同配置或逐车资格认证
奇瑞汽车股份有限公司,SQR7000BEVE03,0,0,0,0,1,2208试验口径,"[{""purpose_scope"":""2208试验口径"",""source_record_ids"":""old-69-Word97--0-73"",""source_observation_date_upper"":""2023-09-14"",""source_file"":""原件/免征目录/mf_batch69.doc"",""source_sha256"":""357d61a16c94488c9fdd761f393edb7029b05394ab06117abaebcba1a1e45546"",""firm_route_basis"":""原件企业合并格/上下文候选；非登记实体认证""}]",0,按来源/日期/配置版本分别答复；同型号合并附件不等于同配置或逐车资格认证
奇瑞汽车股份有限公司,SQR7000BEVE031,0,0,0,0,1,2208试验口径,"[{""purpose_scope"":""2208试验口径"",""source_record_ids"":""old-69-Word97--0-75"",""source_observation_date_upper"":""2023-09-14"",""source_file"":""原件/免征目录/mf_batch69.doc"",""source_sha256"":""357d61a16c94488c9fdd761f393edb7029b05394ab06117abaebcba1a1e45546"",""firm_route_basis"":""原件企业合并格/上下文候选；非登记实体认证""}]",0,按来源/日期/配置版本分别答复；同型号合并附件不等于同配置或逐车资格认证
奇瑞汽车股份有限公司,SQR7000BEVE032,0,0,0,0,1,2208试验口径,"[{""purpose_scope"":""2208试验口径"",""source_record_ids"":""old-69-Word97--0-76"",""source_observation_date_upper"":""2023-09-14"",""source_file"":""原件/免征目录/mf_batch69.doc"",""source_sha256"":""357d61a16c94488c9fdd761f393edb7029b05394ab06117abaebcba1a1e45546"",""firm_route_basis"":""原件企业合并格/上下文候选；非登记实体认证""}]",0,按来源/日期/配置版本分别答复；同型号合并附件不等于同配置或逐车资格认证
奇瑞汽车股份有限公司,SQR7000BEVE033,0,0,0,0,1,2208试验口径,"[{""purpose_scope"":""2208试验口径"",""source_record_ids"":""old-69-Word97--0-74"",""source_observation_date_upper"":""2023-09-14"",""source_file"":""原件/免征目录/mf_batch69.doc"",""source_sha256"":""357d61a16c94488c9fdd761f393edb7029b05394ab06117abaebcba1a1e45546"",""firm_route_basis"":""原件企业合并格/上下文候选；非登记实体认证""}]",0,按来源/日期/配置版本分别答复；同型号合并附件不等于同配置或逐车资格认证
奇瑞汽车股份有限公司,SQR7000BEVE035,0,0,0,0,1,2208试验口径,"[{""purpose_scope"":""2208试验口径"",""source_record_ids"":""old-71-Word97--0-48"",""source_observation_date_upper"":""2023-11-20"",""source_file"":""原件/免征目录/mf_batch71.doc"",""source_sha256"":""b37b78b64b8ef7e12e6e95d6fd27a4a6e364c0c83ba403ffcf3bca82c60e3460"",""firm_route_basis"":""原件企业合并格/上下文候选；非登记实体认证""}]",0,按来源/日期/配置版本分别答复；同型号合并附件不等于同配置或逐车资格认证
奇瑞汽车股份有限公司,SQR7000BEVEH3,0,0,0,0,1,2208试验口径,"[{""purpose_scope"":""2208试验口径"",""source_record_ids"":""old-69-Word97--0-71"",""source_observation_date_upper"":""2023-09-14"",""source_file"":""原件/免征目录/mf_batch69.doc"",""source_sha256"":""357d61a16c94488c9fdd761f393edb7029b05394ab06117abaebcba1a1e45546"",""firm_route_basis"":""原件企业合并格/上下文候选；非登记实体认证""}]",0,按来源/日期/配置版本分别答复；同型号合并附件不等于同配置或逐车资格认证
奇瑞汽车股份有限公司,SQR7000BEVEH31,0,0,0,0,1,2208试验口径,"[{""purpose_scope"":""2208试验口径"",""source_record_ids"":""old-69-Word97--0-70"",""source_observation_date_upper"":""2023-09-14"",""source_file"":""原件/免征目录/mf_batch69.doc"",""source_sha256"":""357d61a16c94488c9fdd761f393edb7029b05394ab06117abaebcba1a1e45546"",""firm_route_basis"":""原记录firm_raw""}]",0,按来源/日期/配置版本分别答复；同型号合并附件不等于同配置或逐车资格认证
奇瑞汽车股份有限公司,SQR7000BEVEH32,0,0,0,0,1,2208试验口径,"[{""purpose_scope"":""2208试验口径"",""source_record_ids"":""old-69-Word97--0-72"",""source_observation_date_upper"":""2023-09-14"",""source_file"":""原件/免征目录/mf_batch69.doc"",""source_sha256"":""357d61a16c94488c9fdd761f393edb7029b05394ab06117abaebcba1a1e45546"",""firm_route_basis"":""原件企业合并格/上下文候选；非登记实体认证""}]",0,按来源/日期/配置版本分别答复；同型号合并附件不等于同配置或逐车资格认证
奇瑞汽车股份有限公司,SQR7000BEVJ00,0,0,0,0,1,2208试验口径,"[{""purpose_scope"":""2208试验口径"",""source_record_ids"":""old-01-PDF-grid-1-0-12"",""source_observation_date_upper"":""2014-08-27"",""source_file"":""原件/免征目录/mf_batch01.pdf"",""source_sha256"":""eac13628c37f01c4da157a2d1916d97acc81fdc295f18e1783549075ce7e5aa7"",""firm_route_basis"":""原件企业合并格/上下文候选；非登记实体认证""}]",0,按来源/日期/配置版本分别答复；同型号合并附件不等于同配置或逐车资格认证
奇瑞汽车股份有限公司,SQR7000BEVJ001,0,0,0,0,1,2208试验口径,"[{""purpose_scope"":""2208试验口径"",""source_record_ids"":""old-08-PDF-grid-2-0-2"",""source_observation_date_upper"":""2016-06-16"",""source_file"":""原件/免征目录/mf_batch08.pdf"",""source_sha256"":""39b242717c026063c908426a890cd361f1165aa5729988d56303b2f8d5fb3b42"",""firm_route_basis"":""原记录firm_raw""}]",0,按来源/日期/配置版本分别答复；同型号合并附件不等于同配置或逐车资格认证
奇瑞汽车股份有限公司,SQR7000BEVJ002,0,0,0,0,1,2208试验口径,"[{""purpose_scope"":""2208试验口径"",""source_record_ids"":""old-16-Word97--0-38"",""source_observation_date_upper"":""2018-02-13"",""source_file"":""原件/免征目录/mf_batch16.docx"",""source_sha256"":""9db5ace6c1c59bd9636d48636f94fa77d2b6e0aa27b109421690ce6a8c4a3967"",""firm_route_basis"":""原记录firm_raw""}]",0,按来源/日期/配置版本分别答复；同型号合并附件不等于同配置或逐车资格认证
奇瑞汽车股份有限公司,SQR7000BEVJ50,0,0,0,0,1,2208试验口径,"[{""purpose_scope"":""2208试验口径"",""source_record_ids"":""old-09-PDF-grid-2-0-26"",""source_observation_date_upper"":""2016-12-06"",""source_file"":""原件/免征目录/mf_batch09.pdf"",""source_sha256"":""7eea7200c04fefec34f6ae6db5a1bae77f82a534348f266e95575cae051c8c8c"",""firm_route_basis"":""原件企业合并格/上下文候选；非登记实体认证""}]",0,按来源/日期/配置版本分别答复；同型号合并附件不等于同配置或逐车资格认证
奇瑞汽车股份有限公司,SQR7000BEVJ60,0,0,0,0,1,2208试验口径,"[{""purpose_scope"":""2208试验口径"",""source_record_ids"":""old-09-PDF-grid-2-0-25"",""source_observation_date_upper"":""2016-12-06"",""source_file"":""原件/免征目录/mf_batch09.pdf"",""source_sha256"":""7eea7200c04fefec34f6ae6db5a1bae77f82a534348f266e95575cae051c8c8c"",""firm_route_basis"":""原件企业合并格/上下文候选；非登记实体认证""}]",0,按来源/日期/配置版本分别答复；同型号合并附件不等于同配置或逐车资格认证
奇瑞汽车股份有限公司,SQR7000BEVJ601,0,0,0,0,1,2208试验口径,"[{""purpose_scope"":""2208试验口径"",""source_record_ids"":""old-10-PDF-grid-2-0-12"",""source_observation_date_upper"":""2017-04-27"",""source_file"":""原件/免征目录/mf_batch10.pdf"",""source_sha256"":""ac1b1ad2605b4f24762fb1f01cea64b685393577d01648618fa1882bb5700ac3"",""firm_route_basis"":""原记录firm_raw""}]",0,按来源/日期/配置版本分别答复；同型号合并附件不等于同配置或逐车资格认证
奇瑞汽车股份有限公司,SQR7000BEVJ602,0,0,0,0,1,2208试验口径,"[{""purpose_scope"":""2208试验口径"",""source_record_ids"":""old-17-PDF-grid-2-0-12"",""source_observation_date_upper"":""2018-04-16"",""source_file"":""原件/免征目录/mf_batch17.pdf"",""source_sha256"":""577a4ba9c586fe08565f6a60e6de5474698031566d8dcef484cd44335879e334"",""firm_route_basis"":""原记录firm_raw""}]",0,按来源/日期/配置版本分别答复；同型号合并附件不等于同配置或逐车资格认证
奇瑞汽车股份有限公司,SQR7000BEVJ604,0,0,0,0,1,2208试验口径,"[{""purpose_scope"":""2208试验口径"",""source_record_ids"":""old-19-DOCX--0-37"",""source_observation_date_upper"":""2018-07-31"",""source_file"":""原件/免征目录/mf_batch19.docx"",""source_sha256"":""fafd1558aa0f21067847c19bdd0a95c79b919737be7b07b87c4538107fb2b8e3"",""firm_route_basis"":""原记录firm_raw""}]",0,按来源/日期/配置版本分别答复；同型号合并附件不等于同配置或逐车资格认证
奇瑞汽车股份有限公司,SQR7000BEVJ605,0,0,0,0,1,2208试验口径,"[{""purpose_scope"":""2208试验口径"",""source_record_ids"":""old-20-DOCX--0-41"",""source_observation_date_upper"":""2018-09-19"",""source_file"":""原件/免征目录/mf_batch20.docx"",""source_sha256"":""374d3f87551d75d1c163e76abb38f350ea93f8a2b8cad6174568c307d1cc0130"",""firm_route_basis"":""原记录firm_raw""}]",0,按来源/日期/配置版本分别答复；同型号合并附件不等于同配置或逐车资格认证
奇瑞汽车股份有限公司,SQR7000BEVJ606,0,0,0,0,1,2208试验口径,"[{""purpose_scope"":""2208试验口径"",""source_record_ids"":""old-32-Word97--0-31"",""source_observation_date_upper"":""2020-06-02"",""source_file"":""原件/免征目录/mf_batch32.doc"",""source_sha256"":""ad7c65b4831a05b7c70e1e73fe834aa9beed883c66f898e799fcbbeb43cc3d75"",""firm_route_basis"":""原记录firm_raw""}]",0,按来源/日期/配置版本分别答复；同型号合并附件不等于同配置或逐车资格认证
奇瑞汽车股份有限公司,SQR7000BEVJ607,0,0,0,0,1,2208试验口径,"[{""purpose_scope"":""2208试验口径"",""source_record_ids"":""old-36-Word97--0-28"",""source_observation_date_upper"":""2020-10-30"",""source_file"":""原件/免征目录/mf_batch36.doc"",""source_sha256"":""05cfcfd9136685ad6d6e13b8228cd123cca109c26f43a4c71472016b5a610a9f"",""firm_route_basis"":""原记录firm_raw""}]",0,按来源/日期/配置版本分别答复；同型号合并附件不等于同配置或逐车资格认证
奇瑞汽车股份有限公司,SQR7000BEVJ69,0,0,0,0,1,2208试验口径,"[{""purpose_scope"":""2208试验口径"",""source_record_ids"":""old-10-PDF-grid-2-0-14"",""source_observation_date_upper"":""2017-04-27"",""source_file"":""原件/免征目录/mf_batch10.pdf"",""source_sha256"":""ac1b1ad2605b4f24762fb1f01cea64b685393577d01648618fa1882bb5700ac3"",""firm_route_basis"":""原件企业合并格/上下文候选；非登记实体认证""}]",0,按来源/日期/配置版本分别答复；同型号合并附件不等于同配置或逐车资格认证
奇瑞汽车股份有限公司,SQR7000BEVJ691,0,0,0,0,1,2208试验口径,"[{""purpose_scope"":""2208试验口径"",""source_record_ids"":""old-10-PDF-grid-2-0-13"",""source_observation_date_upper"":""2017-04-27"",""source_file"":""原件/免征目录/mf_batch10.pdf"",""source_sha256"":""ac1b1ad2605b4f24762fb1f01cea64b685393577d01648618fa1882bb5700ac3"",""firm_route_basis"":""原件企业合并格/上下文候选；非登记实体认证""}]",0,按来源/日期/配置版本分别答复；同型号合并附件不等于同配置或逐车资格认证
奇瑞汽车股份有限公司,SQR7000BEVJ692,0,0,0,0,1,2208试验口径,"[{""purpose_scope"":""2208试验口径"",""source_record_ids"":""old-18-Word97--0-55"",""source_observation_date_upper"":""2018-06-19"",""source_file"":""原件/免征目录/mf_batch18.doc"",""source_sha256"":""43f5426f7f80996ee11a894710d7229c743abf7ad69ba239f61075e0a9ddd37a"",""firm_route_basis"":""原记录firm_raw""}]",0,按来源/日期/配置版本分别答复；同型号合并附件不等于同配置或逐车资格认证
奇瑞汽车股份有限公司,SQR7000BEVJ694,0,0,0,0,1,2208试验口径,"[{""purpose_scope"":""2208试验口径"",""source_record_ids"":""old-18-Word97--0-56"",""source_observation_date_upper"":""2018-06-19"",""source_file"":""原件/免征目录/mf_batch18.doc"",""source_sha256"":""43f5426f7f80996ee11a894710d7229c743abf7ad69ba239f61075e0a9ddd37a"",""firm_route_basis"":""原件企业合并格/上下文候选；非登记实体认证""}]",0,按来源/日期/配置版本分别答复；同型号合并附件不等于同配置或逐车资格认证
奇瑞汽车股份有限公司,SQR7000BEVJ696,0,0,0,0,1,2208试验口径,"[{""purpose_scope"":""2208试验口径"",""source_record_ids"":""old-23-Word97--0-50"",""source_observation_date_upper"":""2019-03-13"",""source_file"":""原件/免征目录/mf_batch23.docx"",""source_sha256"":""87f838de0da3ba5887f77b2bf5c1dbf5b427e7cef896309a7084c11dd8f5efa0"",""firm_route_basis"":""原件企业合并格/上下文候选；非登记实体认证""}]",0,按来源/日期/配置版本分别答复；同型号合并附件不等于同配置或逐车资格认证
奇瑞汽车股份有限公司,SQR7000BEVJ721,0,0,0,0,1,2208试验口径,"[{""purpose_scope"":""2208试验口径"",""source_record_ids"":""old-12-PDF-grid-2-0-10"",""source_observation_date_upper"":""2017-09-05"",""source_file"":""原件/免征目录/mf_batch12.pdf"",""source_sha256"":""afbd7133ccf901dbdc065b2ff80768450dc901def8d216cf5bb87baa98f7a1e2"",""firm_route_basis"":""原记录firm_raw""}]",0,按来源/日期/配置版本分别答复；同型号合并附件不等于同配置或逐车资格认证
奇瑞汽车股份有限公司,SQR7000BEVJ725,0,0,0,0,1,2208试验口径,"[{""purpose_scope"":""2208试验口径"",""source_record_ids"":""old-16-Word97--0-39"",""source_observation_date_upper"":""2018-02-13"",""source_file"":""原件/免征目录/mf_batch16.docx"",""source_sha256"":""9db5ace6c1c59bd9636d48636f94fa77d2b6e0aa27b109421690ce6a8c4a3967"",""firm_route_basis"":""原件企业合并格/上下文候选；非登记实体认证""}]",0,按来源/日期/配置版本分别答复；同型号合并附件不等于同配置或逐车资格认证
奇瑞汽车股份有限公司,SQR7000BEVJ726,0,0,0,0,1,2208试验口径,"[{""purpose_scope"":""2208试验口径"",""source_record_ids"":""old-17-PDF-grid-2-0-13"",""source_observation_date_upper"":""2018-04-16"",""source_file"":""原件/免征目录/mf_batch17.pdf"",""source_sha256"":""577a4ba9c586fe08565f6a60e6de5474698031566d8dcef484cd44335879e334"",""firm_route_basis"":""原件企业合并格/上下文候选；非登记实体认证""}]",0,按来源/日期/配置版本分别答复；同型号合并附件不等于同配置或逐车资格认证
奇瑞汽车股份有限公司,SQR7000BEVJ727,0,0,0,0,1,2208试验口径,"[{""purpose_scope"":""2208试验口径"",""source_record_ids"":""old-19-DOCX--0-38"",""source_observation_date_upper"":""2018-07-31"",""source_file"":""原件/免征目录/mf_batch19.docx"",""source_sha256"":""fafd1558aa0f21067847c19bdd0a95c79b919737be7b07b87c4538107fb2b8e3"",""firm_route_basis"":""原件企业合并格/上下文候选；非登记实体认证""}]",0,按来源/日期/配置版本分别答复；同型号合并附件不等于同配置或逐车资格认证
奇瑞汽车股份有限公司,SQR7000BEVJ728,0,0,0,0,1,2208试验口径,"[{""purpose_scope"":""2208试验口径"",""source_record_ids"":""old-19-DOCX--0-39"",""source_observation_date_upper"":""2018-07-31"",""source_file"":""原件/免征目录/mf_batch19.docx"",""source_sha256"":""fafd1558aa0f21067847c19bdd0a95c79b919737be7b07b87c4538107fb2b8e3"",""firm_route_basis"":""原件企业合并格/上下文候选；非登记实体认证""}]",0,按来源/日期/配置版本分别答复；同型号合并附件不等于同配置或逐车资格认证
奇瑞汽车股份有限公司,SQR7000BEVJ729,0,0,0,0,1,2208试验口径,"[{""purpose_scope"":""2208试验口径"",""source_record_ids"":""old-19-DOCX--0-40"",""source_observation_date_upper"":""2018-07-31"",""source_file"":""原件/免征目录/mf_batch19.docx"",""source_sha256"":""fafd1558aa0f21067847c19bdd0a95c79b919737be7b07b87c4538107fb2b8e3"",""firm_route_basis"":""原件企业合并格/上下文候选；非登记实体认证""}]",0,按来源/日期/配置版本分别答复；同型号合并附件不等于同配置或逐车资格认证
奇瑞汽车股份有限公司,SQR7000BEVS184,0,0,0,0,1,2208试验口径,"[{""purpose_scope"":""2208试验口径"",""source_record_ids"":""old-01-PDF-grid-1-0-11"",""source_observation_date_upper"":""2014-08-27"",""source_file"":""原件/免征目录/mf_batch01.pdf"",""source_sha256"":""eac13628c37f01c4da157a2d1916d97acc81fdc295f18e1783549075ce7e5aa7"",""firm_route_basis"":""原记录firm_raw""}]",0,按来源/日期/配置版本分别答复；同型号合并附件不等于同配置或逐车资格认证
奇瑞汽车股份有限公司,SQR7000BEVT19,0,0,0,0,1,2208试验口径,"[{""purpose_scope"":""2208试验口径"",""source_record_ids"":""old-23-Word97--0-51"",""source_observation_date_upper"":""2019-03-13"",""source_file"":""原件/免征目录/mf_batch23.docx"",""source_sha256"":""87f838de0da3ba5887f77b2bf5c1dbf5b427e7cef896309a7084c11dd8f5efa0"",""firm_route_basis"":""原件企业合并格/上下文候选；非登记实体认证""}]",0,按来源/日期/配置版本分别答复；同型号合并附件不等于同配置或逐车资格认证
奇瑞汽车股份有限公司,SQR7000BEVT191,0,0,0,0,1,2208试验口径,"[{""purpose_scope"":""2208试验口径"",""source_record_ids"":""old-23-Word97--0-52"",""source_observation_date_upper"":""2019-03-13"",""source_file"":""原件/免征目录/mf_batch23.docx"",""source_sha256"":""87f838de0da3ba5887f77b2bf5c1dbf5b427e7cef896309a7084c11dd8f5efa0"",""firm_route_basis"":""原件企业合并格/上下文候选；非登记实体认证""}]",0,按来源/日期/配置版本分别答复；同型号合并附件不等于同配置或逐车资格认证
奇瑞汽车股份有限公司,SQR7000BEVT192,0,0,0,0,1,2208试验口径,"[{""purpose_scope"":""2208试验口径"",""source_record_ids"":""old-33-Word97--0-56"",""source_observation_date_upper"":""2020-07-21"",""source_file"":""原件/免征目录/mf_batch33.doc"",""source_sha256"":""ff98fbb1708c47cdcfc1e79e7a1647e72a7ae6d4255dce3b250d661001340c09"",""firm_route_basis"":""原记录firm_raw""}]",0,按来源/日期/配置版本分别答复；同型号合并附件不等于同配置或逐车资格认证
奇瑞汽车股份有限公司,SQR7000BEVT193,0,0,0,0,1,2208试验口径,"[{""purpose_scope"":""2208试验口径"",""source_record_ids"":""old-38-Word97--0-18"",""source_observation_date_upper"":""2020-12-30"",""source_file"":""原件/免征目录/mf_batch38.doc"",""source_sha256"":""7c9def45fe5c40e4c5ffb483a1d1efd383c12cb16a5c4ba021d4ce28384776de"",""firm_route_basis"":""原记录firm_raw""}]",0,按来源/日期/配置版本分别答复；同型号合并附件不等于同配置或逐车资格认证
奇瑞汽车股份有限公司,SQR7000BEVT194,0,0,0,0,1,2208试验口径,"[{""purpose_scope"":""2208试验口径"",""source_record_ids"":""old-37-Word97--0-21"",""source_observation_date_upper"":""2020-11-30"",""source_file"":""原件/免征目录/mf_batch37.doc"",""source_sha256"":""136057faede292d8070763e326c8dbdcddf3790653cc6879a13758f91556881f"",""firm_route_basis"":""原记录firm_raw""}]",0,按来源/日期/配置版本分别答复；同型号合并附件不等于同配置或逐车资格认证
奇瑞汽车股份有限公司,SQR7000BEVT195,0,0,0,0,1,2208试验口径,"[{""purpose_scope"":""2208试验口径"",""source_record_ids"":""old-37-Word97--0-22"",""source_observation_date_upper"":""2020-11-30"",""source_file"":""原件/免征目录/mf_batch37.doc"",""source_sha256"":""136057faede292d8070763e326c8dbdcddf3790653cc6879a13758f91556881f"",""firm_route_basis"":""原件企业合并格/上下文候选；非登记实体认证""}]",0,按来源/日期/配置版本分别答复；同型号合并附件不等于同配置或逐车资格认证
奇瑞汽车股份有限公司,SQR7001BEVJ51,0,0,0,0,1,2208试验口径,"[{""purpose_scope"":""2208试验口径"",""source_record_ids"":""old-09-PDF-grid-2-0-27"",""source_observation_date_upper"":""2016-12-06"",""source_file"":""原件/免征目录/mf_batch09.pdf"",""source_sha256"":""7eea7200c04fefec34f6ae6db5a1bae77f82a534348f266e95575cae051c8c8c"",""firm_route_basis"":""原件企业合并格/上下文候选；非登记实体认证""}]",0,按来源/日期/配置版本分别答复；同型号合并附件不等于同配置或逐车资格认证
奇瑞汽车股份有限公司,SQR7001BEVJ693,0,0,0,0,1,2208试验口径,"[{""purpose_scope"":""2208试验口径"",""source_record_ids"":""old-25-Word97--0-17"",""source_observation_date_upper"":""2019-06-12"",""source_file"":""原件/免征目录/mf_batch25.wps"",""source_sha256"":""9d2abe319463522513fe9c90f98bb8d0a825b599267d0b3cc403cec9624b3297"",""firm_route_basis"":""原记录firm_raw""}]",0,按来源/日期/配置版本分别答复；同型号合并附件不等于同配置或逐车资格认证
奇瑞汽车股份有限公司,SQR7001BEVJ72,0,0,0,0,1,2208试验口径,"[{""purpose_scope"":""2208试验口径"",""source_record_ids"":""old-24-Word97--1-4"",""source_observation_date_upper"":""2019-04-30"",""source_file"":""原件/免征目录/mf_batch24.wps"",""source_sha256"":""07775a0cb063fe0fce5880b9378dd1eb2522b725d645cabdee314d604779939d"",""firm_route_basis"":""原记录firm_raw""}]",0,按来源/日期/配置版本分别答复；同型号合并附件不等于同配置或逐车资格认证
奇瑞汽车股份有限公司,SQR7003BEVJ51,0,0,0,0,1,2208试验口径,"[{""purpose_scope"":""2208试验口径"",""source_record_ids"":""old-18-Word97--0-57"",""source_observation_date_upper"":""2018-06-19"",""source_file"":""原件/免征目录/mf_batch18.doc"",""source_sha256"":""43f5426f7f80996ee11a894710d7229c743abf7ad69ba239f61075e0a9ddd37a"",""firm_route_basis"":""原件企业合并格/上下文候选；非登记实体认证""}]",0,按来源/日期/配置版本分别答复；同型号合并附件不等于同配置或逐车资格认证
奥迪(中国)企业管理有限公司,ETRON55GEXBM1JQ6A0,0,0,0,0,1,2208试验口径,"[{""purpose_scope"":""2208试验口径"",""source_record_ids"":""old-27-Word97--0-62"",""source_observation_date_upper"":""2019-10-25"",""source_file"":""原件/免征目录/mf_batch27.doc"",""source_sha256"":""2bd67cf7e1efc03ae93942d0d340ffef87478709520383b6ee4d08baf843ead1"",""firm_route_basis"":""原记录firm_raw""}]",0,按来源/日期/配置版本分别答复；同型号合并附件不等于同配置或逐车资格认证
威马汽车制造温州有限公司,SZS6460A05BEV,0,0,0,0,1,2208试验口径,"[{""purpose_scope"":""2208试验口径"",""source_record_ids"":""old-19-DOCX--0-46"",""source_observation_date_upper"":""2018-07-31"",""source_file"":""原件/免征目录/mf_batch19.docx"",""source_sha256"":""fafd1558aa0f21067847c19bdd0a95c79b919737be7b07b87c4538107fb2b8e3"",""firm_route_basis"":""原记录firm_raw""}]",0,按来源/日期/配置版本分别答复；同型号合并附件不等于同配置或逐车资格认证
威马汽车制造温州有限公司,SZS6460A06BEV,0,0,0,0,1,2208试验口径,"[{""purpose_scope"":""2208试验口径"",""source_record_ids"":""old-19-DOCX--0-47"",""source_observation_date_upper"":""2018-07-31"",""source_file"":""原件/免征目录/mf_batch19.docx"",""source_sha256"":""fafd1558aa0f21067847c19bdd0a95c79b919737be7b07b87c4538107fb2b8e3"",""firm_route_basis"":""原件企业合并格/上下文候选；非登记实体认证""}]",0,按来源/日期/配置版本分别答复；同型号合并附件不等于同配置或逐车资格认证
威马汽车制造温州有限公司,SZS6460A07BEV,0,0,0,0,1,2208试验口径,"[{""purpose_scope"":""2208试验口径"",""source_record_ids"":""old-20-DOCX--0-68"",""source_observation_date_upper"":""2018-09-19"",""source_file"":""原件/免征目录/mf_batch20.docx"",""source_sha256"":""374d3f87551d75d1c163e76abb38f350ea93f8a2b8cad6174568c307d1cc0130"",""firm_route_basis"":""原记录firm_raw""}]",0,按来源/日期/配置版本分别答复；同型号合并附件不等于同配置或逐车资格认证
威马汽车制造温州有限公司,SZS6460A11BEV,0,0,0,0,1,2208试验口径,"[{""purpose_scope"":""2208试验口径"",""source_record_ids"":""old-21-DOCX--0-21"",""source_observation_date_upper"":""2018-11-06"",""source_file"":""原件/免征目录/mf_batch21.docx"",""source_sha256"":""cd981cecffd781db646c194ab2c853b0466cc86eea0f616e95300b88932b8d9b"",""firm_route_basis"":""原件企业合并格/上下文候选；非登记实体认证""}]",0,按来源/日期/配置版本分别答复；同型号合并附件不等于同配置或逐车资格认证
威马汽车制造温州有限公司,SZS6460A12BEV,0,0,0,0,1,2208试验口径,"[{""purpose_scope"":""2208试验口径"",""source_record_ids"":""old-20-DOCX--0-70"",""source_observation_date_upper"":""2018-09-19"",""source_file"":""原件/免征目录/mf_batch20.docx"",""source_sha256"":""374d3f87551d75d1c163e76abb38f350ea93f8a2b8cad6174568c307d1cc0130"",""firm_route_basis"":""原件企业合并格/上下文候选；非登记实体认证""}]",0,按来源/日期/配置版本分别答复；同型号合并附件不等于同配置或逐车资格认证
威马汽车制造温州有限公司,SZS6460A13BEV,0,0,0,0,1,2208试验口径,"[{""purpose_scope"":""2208试验口径"",""source_record_ids"":""old-20-DOCX--0-71"",""source_observation_date_upper"":""2018-09-19"",""source_file"":""原件/免征目录/mf_batch20.docx"",""source_sha256"":""374d3f87551d75d1c163e76abb38f350ea93f8a2b8cad6174568c307d1cc0130"",""firm_route_basis"":""原件企业合并格/上下文候选；非登记实体认证""}]",0,按来源/日期/配置版本分别答复；同型号合并附件不等于同配置或逐车资格认证
威马汽车制造温州有限公司,SZS6460A14BEV,0,0,0,0,1,2208试验口径,"[{""purpose_scope"":""2208试验口径"",""source_record_ids"":""old-21-DOCX--0-22"",""source_observation_date_upper"":""2018-11-06"",""source_file"":""原件/免征目录/mf_batch21.docx"",""source_sha256"":""cd981cecffd781db646c194ab2c853b0466cc86eea0f616e95300b88932b8d9b"",""firm_route_basis"":""原件企业合并格/上下文候选；非登记实体认证""}]",0,按来源/日期/配置版本分别答复；同型号合并附件不等于同配置或逐车资格认证
威马汽车制造温州有限公司,SZS6460A20BEV,0,0,0,0,1,2208试验口径,"[{""purpose_scope"":""2208试验口径"",""source_record_ids"":""old-24-Word97--2-19"",""source_observation_date_upper"":""2019-04-30"",""source_file"":""原件/免征目录/mf_batch24.wps"",""source_sha256"":""07775a0cb063fe0fce5880b9378dd1eb2522b725d645cabdee314d604779939d"",""firm_route_basis"":""原件企业合并格/上下文候选；非登记实体认证""}]",0,按来源/日期/配置版本分别答复；同型号合并附件不等于同配置或逐车资格认证
威马汽车制造温州有限公司,SZS6460A21BEV,0,0,0,0,1,2208试验口径,"[{""purpose_scope"":""2208试验口径"",""source_record_ids"":""old-24-Word97--2-20"",""source_observation_date_upper"":""2019-04-30"",""source_file"":""原件/免征目录/mf_batch24.wps"",""source_sha256"":""07775a0cb063fe0fce5880b9378dd1eb2522b725d645cabdee314d604779939d"",""firm_route_basis"":""原件企业合并格/上下文候选；非登记实体认证""}]",0,按来源/日期/配置版本分别答复；同型号合并附件不等于同配置或逐车资格认证
威马汽车制造温州有限公司,SZS6460A25BEV,0,0,0,0,1,2208试验口径,"[{""purpose_scope"":""2208试验口径"",""source_record_ids"":""old-24-Word97--3-3"",""source_observation_date_upper"":""2019-04-30"",""source_file"":""原件/免征目录/mf_batch24.wps"",""source_sha256"":""07775a0cb063fe0fce5880b9378dd1eb2522b725d645cabdee314d604779939d"",""firm_route_basis"":""原件企业合并格/上下文候选；非登记实体认证""}]",0,按来源/日期/配置版本分别答复；同型号合并附件不等于同配置或逐车资格认证
威马汽车制造温州有限公司,SZS6460A27BEV,0,0,0,0,1,2208试验口径,"[{""purpose_scope"":""2208试验口径"",""source_record_ids"":""old-31-Word97--0-6"",""source_observation_date_upper"":""2020-04-24"",""source_file"":""原件/免征目录/mf_batch31.doc"",""source_sha256"":""e1ccec4a87ab96ca346e5756d6b14369eb9727ec2c2cfd03c1182a592ddd3bee"",""firm_route_basis"":""原记录firm_raw""}]",0,按来源/日期/配置版本分别答复；同型号合并附件不等于同配置或逐车资格认证
威马汽车制造温州有限公司,SZS6460A28BEV,0,0,0,0,1,2208试验口径,"[{""purpose_scope"":""2208试验口径"",""source_record_ids"":""old-28-Word97--0-7"",""source_observation_date_upper"":""2019-12-10"",""source_file"":""原件/免征目录/mf_batch28.doc"",""source_sha256"":""dfe1b301a5e8373e94e0e4a2fccee3d258c56bb662e4928764a71274142acd72"",""firm_route_basis"":""原记录firm_raw""}]",0,按来源/日期/配置版本分别答复；同型号合并附件不等于同配置或逐车资格认证
威马汽车制造温州有限公司,SZS6460A29BEV,0,0,0,0,1,2208试验口径,"[{""purpose_scope"":""2208试验口径"",""source_record_ids"":""old-37-Word97--0-23"",""source_observation_date_upper"":""2020-11-30"",""source_file"":""原件/免征目录/mf_batch37.doc"",""source_sha256"":""136057faede292d8070763e326c8dbdcddf3790653cc6879a13758f91556881f"",""firm_route_basis"":""原记录firm_raw""}]",0,按来源/日期/配置版本分别答复；同型号合并附件不等于同配置或逐车资格认证
威马汽车制造温州有限公司,SZS6460A30BEV,0,0,0,0,1,2208试验口径,"[{""purpose_scope"":""2208试验口径"",""source_record_ids"":""old-25-Word97--0-68"",""source_observation_date_upper"":""2019-06-12"",""source_file"":""原件/免征目录/mf_batch25.wps"",""source_sha256"":""9d2abe319463522513fe9c90f98bb8d0a825b599267d0b3cc403cec9624b3297"",""firm_route_basis"":""原件企业合并格/上下文候选；非登记实体认证""}]",0,按来源/日期/配置版本分别答复；同型号合并附件不等于同配置或逐车资格认证
威马汽车制造温州有限公司,SZS6460A33BEV,0,0,0,0,1,2208试验口径,"[{""purpose_scope"":""2208试验口径"",""source_record_ids"":""old-31-Word97--0-7"",""source_observation_date_upper"":""2020-04-24"",""source_file"":""原件/免征目录/mf_batch31.doc"",""source_sha256"":""e1ccec4a87ab96ca346e5756d6b14369eb9727ec2c2cfd03c1182a592ddd3bee"",""firm_route_basis"":""原件企业合并格/上下文候选；非登记实体认证""}]",0,按来源/日期/配置版本分别答复；同型号合并附件不等于同配置或逐车资格认证
威马汽车制造温州有限公司,SZS6460A35BEV,0,0,0,0,1,2208试验口径,"[{""purpose_scope"":""2208试验口径"",""source_record_ids"":""old-30-Word97--0-45"",""source_observation_date_upper"":""2020-03-13"",""source_file"":""原件/免征目录/mf_batch30.doc"",""source_sha256"":""e7fa3b47858ec2035b8055bc15be00b2b26920a5e8d3cad481058a80b92ead24"",""firm_route_basis"":""原记录firm_raw""}]",0,按来源/日期/配置版本分别答复；同型号合并附件不等于同配置或逐车资格认证
威马汽车制造温州有限公司,SZS6460A36BEV,0,0,0,0,1,2208试验口径,"[{""purpose_scope"":""2208试验口径"",""source_record_ids"":""mf29-t0-r7"",""source_observation_date_upper"":""2019-12-27"",""source_file"":""原件/mf_batch29.doc"",""source_sha256"":""8d24a01958cc6d44fa7826ecbb6a76869b9a0f2c98b97597d57af02932f2afaf"",""firm_route_basis"":""原记录firm_raw""}]",0,按来源/日期/配置版本分别答复；同型号合并附件不等于同配置或逐车资格认证
威马汽车制造温州有限公司,SZS6460A37BEV,0,0,0,0,1,2208试验口径,"[{""purpose_scope"":""2208试验口径"",""source_record_ids"":""old-34-Word97--0-21"",""source_observation_date_upper"":""2020-08-24"",""source_file"":""原件/免征目录/mf_batch34.doc"",""source_sha256"":""d5c5bb03cc5fe0f16b284048e265ad35d62c12c0416f14aef0ce026a229aa831"",""firm_route_basis"":""原记录firm_raw""}]",0,按来源/日期/配置版本分别答复；同型号合并附件不等于同配置或逐车资格认证
威马汽车制造温州有限公司,SZS6460A38BEV,0,0,0,0,1,2208试验口径,"[{""purpose_scope"":""2208试验口径"",""source_record_ids"":""mf29-t0-r8"",""source_observation_date_upper"":""2019-12-27"",""source_file"":""原件/mf_batch29.doc"",""source_sha256"":""8d24a01958cc6d44fa7826ecbb6a76869b9a0f2c98b97597d57af02932f2afaf"",""firm_route_basis"":""原件企业合并格/上下文候选；非登记实体认证""}]",0,按来源/日期/配置版本分别答复；同型号合并附件不等于同配置或逐车资格认证
威马汽车制造温州有限公司,SZS6460A39BEV,0,0,0,0,1,2208试验口径,"[{""purpose_scope"":""2208试验口径"",""source_record_ids"":""mf29-t0-r9"",""source_observation_date_upper"":""2019-12-27"",""source_file"":""原件/mf_batch29.doc"",""source_sha256"":""8d24a01958cc6d44fa7826ecbb6a76869b9a0f2c98b97597d57af02932f2afaf"",""firm_route_basis"":""原件企业合并格/上下文候选；非登记实体认证""}]",0,按来源/日期/配置版本分别答复；同型号合并附件不等于同配置或逐车资格认证
威马汽车制造温州有限公司,SZS6460A50BEV,0,0,0,0,1,2208试验口径,"[{""purpose_scope"":""2208试验口径"",""source_record_ids"":""old-34-Word97--0-22"",""source_observation_date_upper"":""2020-08-24"",""source_file"":""原件/免征目录/mf_batch34.doc"",""source_sha256"":""d5c5bb03cc5fe0f16b284048e265ad35d62c12c0416f14aef0ce026a229aa831"",""firm_route_basis"":""原件企业合并格/上下文候选；非登记实体认证""}]",0,按来源/日期/配置版本分别答复；同型号合并附件不等于同配置或逐车资格认证
威马汽车制造温州有限公司,SZS6460A51BEV,0,0,0,0,1,2208试验口径,"[{""purpose_scope"":""2208试验口径"",""source_record_ids"":""old-34-Word97--0-23"",""source_observation_date_upper"":""2020-08-24"",""source_file"":""原件/免征目录/mf_batch34.doc"",""source_sha256"":""d5c5bb03cc5fe0f16b284048e265ad35d62c12c0416f14aef0ce026a229aa831"",""firm_route_basis"":""原记录firm_raw""}]",0,按来源/日期/配置版本分别答复；同型号合并附件不等于同配置或逐车资格认证
威马汽车制造温州有限公司,SZS6460A52BEV,0,0,0,0,1,2208试验口径,"[{""purpose_scope"":""2208试验口径"",""source_record_ids"":""old-35-Word97--0-22"",""source_observation_date_upper"":""2020-09-21"",""source_file"":""原件/免征目录/mf_batch35.wps"",""source_sha256"":""e4a6abd0e50daa81d029f8b37584511354700e855dc89de210fcba782b0643f0"",""firm_route_basis"":""原记录firm_raw""}]",0,按来源/日期/配置版本分别答复；同型号合并附件不等于同配置或逐车资格认证
威马汽车制造温州有限公司,SZS6460A53BEV,0,0,0,0,1,2208试验口径,"[{""purpose_scope"":""2208试验口径"",""source_record_ids"":""old-35-Word97--0-23"",""source_observation_date_upper"":""2020-09-21"",""source_file"":""原件/免征目录/mf_batch35.wps"",""source_sha256"":""e4a6abd0e50daa81d029f8b37584511354700e855dc89de210fcba782b0643f0"",""firm_route_basis"":""原件企业合并格/上下文候选；非登记实体认证""}]",0,按来源/日期/配置版本分别答复；同型号合并附件不等于同配置或逐车资格认证
威马汽车制造温州有限公司,SZS6460A54BEV,0,0,0,0,1,2208试验口径,"[{""purpose_scope"":""2208试验口径"",""source_record_ids"":""old-37-Word97--0-24"",""source_observation_date_upper"":""2020-11-30"",""source_file"":""原件/免征目录/mf_batch37.doc"",""source_sha256"":""136057faede292d8070763e326c8dbdcddf3790653cc6879a13758f91556881f"",""firm_route_basis"":""原件企业合并格/上下文候选；非登记实体认证""}]",0,按来源/日期/配置版本分别答复；同型号合并附件不等于同配置或逐车资格认证
威马汽车制造温州有限公司,SZS6460A55BEV,0,0,0,0,1,2208试验口径,"[{""purpose_scope"":""2208试验口径"",""source_record_ids"":""old-38-Word97--0-11"",""source_observation_date_upper"":""2020-12-30"",""source_file"":""原件/免征目录/mf_batch38.doc"",""source_sha256"":""7c9def45fe5c40e4c5ffb483a1d1efd383c12cb16a5c4ba021d4ce28384776de"",""firm_route_basis"":""原记录firm_raw""}]",0,按来源/日期/配置版本分别答复；同型号合并附件不等于同配置或逐车资格认证
威马汽车制造温州有限公司,SZS6460A56BEV,0,0,0,0,1,2208试验口径,"[{""purpose_scope"":""2208试验口径"",""source_record_ids"":""old-39-Word97--0-16"",""source_observation_date_upper"":""2021-01-29"",""source_file"":""原件/免征目录/mf_batch39.doc"",""source_sha256"":""48158862f567d71b07ac0a7a60c2c3bc6d2bb44dd5a86290b0b809d757a9eb07"",""firm_route_basis"":""原件企业合并格/上下文候选；非登记实体认证""}]",0,按来源/日期/配置版本分别答复；同型号合并附件不等于同配置或逐车资格认证
威马汽车制造温州有限公司,SZS6460A57BEV,0,0,0,0,1,2208试验口径,"[{""purpose_scope"":""2208试验口径"",""source_record_ids"":""old-39-Word97--0-15"",""source_observation_date_upper"":""2021-01-29"",""source_file"":""原件/免征目录/mf_batch39.doc"",""source_sha256"":""48158862f567d71b07ac0a7a60c2c3bc6d2bb44dd5a86290b0b809d757a9eb07"",""firm_route_basis"":""原记录firm_raw""}]",0,按来源/日期/配置版本分别答复；同型号合并附件不等于同配置或逐车资格认证
威马汽车制造温州有限公司,SZS6460A58BEV,0,0,0,0,1,2208试验口径,"[{""purpose_scope"":""2208试验口径"",""source_record_ids"":""old-42-Word97--0-28"",""source_observation_date_upper"":""2021-04-30"",""source_file"":""原件/免征目录/mf_batch42.doc"",""source_sha256"":""fef4fd8ea19d773d368642e51a4bdb24c148530251a2240be4ff1358d5d41fab"",""firm_route_basis"":""原记录firm_raw""}]",0,按来源/日期/配置版本分别答复；同型号合并附件不等于同配置或逐车资格认证
威马汽车制造温州有限公司,SZS6460A59BEV,0,0,0,0,1,2208试验口径,"[{""purpose_scope"":""2208试验口径"",""source_record_ids"":""old-42-Word97--0-29"",""source_observation_date_upper"":""2021-04-30"",""source_file"":""原件/免征目录/mf_batch42.doc"",""source_sha256"":""fef4fd8ea19d773d368642e51a4bdb24c148530251a2240be4ff1358d5d41fab"",""firm_route_basis"":""原件企业合并格/上下文候选；非登记实体认证""}]",0,按来源/日期/配置版本分别答复；同型号合并附件不等于同配置或逐车资格认证
威马汽车制造温州有限公司,SZS6480A01BEV,0,0,0,0,1,2208试验口径,"[{""purpose_scope"":""2208试验口径"",""source_record_ids"":""old-25-Word97--0-69"",""source_observation_date_upper"":""2019-06-12"",""source_file"":""原件/免征目录/mf_batch25.wps"",""source_sha256"":""9d2abe319463522513fe9c90f98bb8d0a825b599267d0b3cc403cec9624b3297"",""firm_route_basis"":""原件企业合并格/上下文候选；非登记实体认证""}]",0,按来源/日期/配置版本分别答复；同型号合并附件不等于同配置或逐车资格认证
威马汽车制造温州有限公司,SZS6480A03BEV,0,0,0,0,1,2208试验口径,"[{""purpose_scope"":""2208试验口径"",""source_record_ids"":""old-26-DOCX--0-38"",""source_observation_date_upper"":""2019-08-30"",""source_file"":""原件/免征目录/mf_batch26.docx"",""source_sha256"":""de0890335ef3a4f1302a8a0735ec8b6aed52e994e2635db481820060d62248b5"",""firm_route_basis"":""原记录firm_raw""}]",0,按来源/日期/配置版本分别答复；同型号合并附件不等于同配置或逐车资格认证
威马汽车制造温州有限公司,SZS6480A04BEV,0,0,0,0,1,2208试验口径,"[{""purpose_scope"":""2208试验口径"",""source_record_ids"":""mf29-t0-r10"",""source_observation_date_upper"":""2019-12-27"",""source_file"":""原件/mf_batch29.doc"",""source_sha256"":""8d24a01958cc6d44fa7826ecbb6a76869b9a0f2c98b97597d57af02932f2afaf"",""firm_route_basis"":""原件企业合并格/上下文候选；非登记实体认证""}]",0,按来源/日期/配置版本分别答复；同型号合并附件不等于同配置或逐车资格认证
威马汽车制造温州有限公司,SZS6480A07BEV,0,0,0,0,1,2208试验口径,"[{""purpose_scope"":""2208试验口径"",""source_record_ids"":""old-31-Word97--0-8"",""source_observation_date_upper"":""2020-04-24"",""source_file"":""原件/免征目录/mf_batch31.doc"",""source_sha256"":""e1ccec4a87ab96ca346e5756d6b14369eb9727ec2c2cfd03c1182a592ddd3bee"",""firm_route_basis"":""原件企业合并格/上下文候选；非登记实体认证""}]",0,按来源/日期/配置版本分别答复；同型号合并附件不等于同配置或逐车资格认证
威马汽车制造温州有限公司,SZS6480A08BEV,0,0,0,0,1,2208试验口径,"[{""purpose_scope"":""2208试验口径"",""source_record_ids"":""old-31-Word97--0-9"",""source_observation_date_upper"":""2020-04-24"",""source_file"":""原件/免征目录/mf_batch31.doc"",""source_sha256"":""e1ccec4a87ab96ca346e5756d6b14369eb9727ec2c2cfd03c1182a592ddd3bee"",""firm_route_basis"":""原件企业合并格/上下文候选；非登记实体认证""}]",0,按来源/日期/配置版本分别答复；同型号合并附件不等于同配置或逐车资格认证
威马汽车制造温州有限公司,SZS7000A01BEV,0,0,0,0,1,2208试验口径,"[{""purpose_scope"":""2208试验口径"",""source_record_ids"":""old-44-Word97--0-24"",""source_observation_date_upper"":""2021-07-12"",""source_file"":""原件/免征目录/mf_batch44.doc"",""source_sha256"":""aea30846204f4e55c0d969450f1619e1649eb27f471d5b0a2636d0da77eb0611"",""firm_route_basis"":""原记录firm_raw""}]",0,按来源/日期/配置版本分别答复；同型号合并附件不等于同配置或逐车资格认证
威马汽车制造温州有限公司,SZS7000A02BEV,0,0,0,0,1,2208试验口径,"[{""purpose_scope"":""2208试验口径"",""source_record_ids"":""old-44-Word97--0-26"",""source_observation_date_upper"":""2021-07-12"",""source_file"":""原件/免征目录/mf_batch44.doc"",""source_sha256"":""aea30846204f4e55c0d969450f1619e1649eb27f471d5b0a2636d0da77eb0611"",""firm_route_basis"":""原件企业合并格/上下文候选；非登记实体认证""}]",0,按来源/日期/配置版本分别答复；同型号合并附件不等于同配置或逐车资格认证
威马汽车制造温州有限公司,SZS7000A03BEV,0,0,0,0,1,2208试验口径,"[{""purpose_scope"":""2208试验口径"",""source_record_ids"":""old-44-Word97--0-25"",""source_observation_date_upper"":""2021-07-12"",""source_file"":""原件/免征目录/mf_batch44.doc"",""source_sha256"":""aea30846204f4e55c0d969450f1619e1649eb27f471d5b0a2636d0da77eb0611"",""firm_route_basis"":""原件企业合并格/上下文候选；非登记实体认证""}]",0,按来源/日期/配置版本分别答复；同型号合并附件不等于同配置或逐车资格认证
威马汽车制造温州有限公司,SZS7000A04BEV,0,0,0,0,1,2208试验口径,"[{""purpose_scope"":""2208试验口径"",""source_record_ids"":""old-45-Word97--0-19"",""source_observation_date_upper"":""2021-08-10"",""source_file"":""原件/免征目录/mf_batch45.doc"",""source_sha256"":""56f5e7c5fd36e990024f8121006a76da260361f4e4660846e78255d007126f7a"",""firm_route_basis"":""原记录firm_raw""}]",0,按来源/日期/配置版本分别答复；同型号合并附件不等于同配置或逐车资格认证
威马汽车制造温州有限公司,SZS7000A05BEV,0,0,0,0,1,2208试验口径,"[{""purpose_scope"":""2208试验口径"",""source_record_ids"":""old-47-Word97--0-21"",""source_observation_date_upper"":""2021-09-30"",""source_file"":""原件/免征目录/mf_batch47.doc"",""source_sha256"":""fb4517fe8220b10bc435a77a5328df13c732c70b335942dfad0ae9394affe9b4"",""firm_route_basis"":""原记录firm_raw""}]",0,按来源/日期/配置版本分别答复；同型号合并附件不等于同配置或逐车资格认证
威马汽车制造温州有限公司,SZS7000A20BEV,0,0,0,0,1,2208试验口径,"[{""purpose_scope"":""2208试验口径"",""source_record_ids"":""old-49-Word97--0-16"",""source_observation_date_upper"":""2021-12-08"",""source_file"":""原件/免征目录/mf_batch49.doc"",""source_sha256"":""c7a56509a4d9272982da0abc9d1ea213ee1fbea3d0f1edad124630c9b5e3474e"",""firm_route_basis"":""原记录firm_raw""}]",0,按来源/日期/配置版本分别答复；同型号合并附件不等于同配置或逐车资格认证
安徽江淮汽车股份有限公司,HFC7000A1EV,0,0,0,0,1,2208试验口径,"[{""purpose_scope"":""2208试验口径"",""source_record_ids"":""old-03-PDF-grid-1-0-2"",""source_observation_date_upper"":""2014-12-19"",""source_file"":""原件/免征目录/mf_batch03.pdf"",""source_sha256"":""1367fdf126160143cbeecaedf4a66b528d105bbfa58a06b2118487a2e05000a5"",""firm_route_basis"":""原记录firm_raw""}]",0,按来源/日期/配置版本分别答复；同型号合并附件不等于同配置或逐车资格认证
安徽江淮汽车股份有限公司,HFC7000A2EV,0,0,0,0,1,2208试验口径,"[{""purpose_scope"":""2208试验口径"",""source_record_ids"":""old-10-PDF-grid-1-0-2"",""source_observation_date_upper"":""2017-04-27"",""source_file"":""原件/免征目录/mf_batch10.pdf"",""source_sha256"":""ac1b1ad2605b4f24762fb1f01cea64b685393577d01648618fa1882bb5700ac3"",""firm_route_basis"":""原记录firm_raw""}]",0,按来源/日期/配置版本分别答复；同型号合并附件不等于同配置或逐车资格认证
安徽江淮汽车股份有限公司,HFC7000AEV,0,0,0,0,1,2208试验口径,"[{""purpose_scope"":""2208试验口径"",""source_record_ids"":""old-01-PDF-grid-1-0-2"",""source_observation_date_upper"":""2014-08-27"",""source_file"":""原件/免征目录/mf_batch01.pdf"",""source_sha256"":""eac13628c37f01c4da157a2d1916d97acc81fdc295f18e1783549075ce7e5aa7"",""firm_route_basis"":""原记录firm_raw""}]",0,按来源/日期/配置版本分别答复；同型号合并附件不等于同配置或逐车资格认证
安徽江淮汽车股份有限公司,HFC7000W3EV,0,0,0,0,1,2208试验口径,"[{""purpose_scope"":""2208试验口径"",""source_record_ids"":""old-10-PDF-grid-1-0-3"",""source_observation_date_upper"":""2017-04-27"",""source_file"":""原件/免征目录/mf_batch10.pdf"",""source_sha256"":""ac1b1ad2605b4f24762fb1f01cea64b685393577d01648618fa1882bb5700ac3"",""firm_route_basis"":""原件企业合并格/上下文候选；非登记实体认证""}]",0,按来源/日期/配置版本分别答复；同型号合并附件不等于同配置或逐车资格认证
安徽江淮汽车股份有限公司,HFC7000WEV,0,0,0,0,1,2208试验口径,"[{""purpose_scope"":""2208试验口径"",""source_record_ids"":""old-08-PDF-grid-1-0-2"",""source_observation_date_upper"":""2016-06-16"",""source_file"":""原件/免征目录/mf_batch08.pdf"",""source_sha256"":""39b242717c026063c908426a890cd361f1165aa5729988d56303b2f8d5fb3b42"",""firm_route_basis"":""原记录firm_raw""}]",0,按来源/日期/配置版本分别答复；同型号合并附件不等于同配置或逐车资格认证
安徽江淮汽车股份有限公司,HFC7001A1EV,0,0,0,0,1,2208试验口径,"[{""purpose_scope"":""2208试验口径"",""source_record_ids"":""old-03-PDF-grid-1-0-3"",""source_observation_date_upper"":""2014-12-19"",""source_file"":""原件/免征目录/mf_batch03.pdf"",""source_sha256"":""1367fdf126160143cbeecaedf4a66b528d105bbfa58a06b2118487a2e05000a5"",""firm_route_basis"":""原件企业合并格/上下文候选；非登记实体认证""}]",0,按来源/日期/配置版本分别答复；同型号合并附件不等于同配置或逐车资格认证
安徽江淮汽车股份有限公司,HFC7001AEV,0,0,0,0,1,2208试验口径,"[{""purpose_scope"":""2208试验口径"",""source_record_ids"":""old-03-PDF-grid-1-0-4"",""source_observation_date_upper"":""2014-12-19"",""source_file"":""原件/免征目录/mf_batch03.pdf"",""source_sha256"":""1367fdf126160143cbeecaedf4a66b528d105bbfa58a06b2118487a2e05000a5"",""firm_route_basis"":""原件企业合并格/上下文候选；非登记实体认证""}]",0,按来源/日期/配置版本分别答复；同型号合并附件不等于同配置或逐车资格认证
安徽江淮汽车股份有限公司,HFC7001EAEV,0,0,0,0,1,2208试验口径,"[{""purpose_scope"":""2208试验口径"",""source_record_ids"":""old-07-PDF-grid-1-0-3"",""source_observation_date_upper"":""2016-04-15"",""source_file"":""原件/免征目录/mf_batch07.pdf"",""source_sha256"":""ad8e7f0576c7261a718e5a561358462b598d617361c6f02d7a14fb2038b758b0"",""firm_route_basis"":""原件企业合并格/上下文候选；非登记实体认证""}]",0,按来源/日期/配置版本分别答复；同型号合并附件不等于同配置或逐车资格认证
安徽江淮汽车股份有限公司,HFC7001EAEV2,0,0,0,0,1,2208试验口径,"[{""purpose_scope"":""2208试验口径"",""source_record_ids"":""old-11-PDF-grid-1-0-2"",""source_observation_date_upper"":""2017-07-06"",""source_file"":""原件/免征目录/mf_batch11.pdf"",""source_sha256"":""ec4f33e5e872841e6d1fa5d435793c285a15614ef2e64f39b9013389b5e51724"",""firm_route_basis"":""原记录firm_raw""}]",0,按来源/日期/配置版本分别答复；同型号合并附件不等于同配置或逐车资格认证
安徽江淮汽车股份有限公司,HFC7001EWEV,0,0,0,0,1,2208试验口径,"[{""purpose_scope"":""2208试验口径"",""source_record_ids"":""old-11-PDF-grid-1-0-3"",""source_observation_date_upper"":""2017-07-06"",""source_file"":""原件/免征目录/mf_batch11.pdf"",""source_sha256"":""ec4f33e5e872841e6d1fa5d435793c285a15614ef2e64f39b9013389b5e51724"",""firm_route_basis"":""原件企业合并格/上下文候选；非登记实体认证""}]",0,按来源/日期/配置版本分别答复；同型号合并附件不等于同配置或逐车资格认证
安徽江淮汽车集团股份有限公司,HFC6463EEV2,0,0,0,0,1,2208试验口径,"[{""purpose_scope"":""2208试验口径"",""source_record_ids"":""old-48-Word97--0-43"",""source_observation_date_upper"":""2021-11-05"",""source_file"":""原件/免征目录/mf_batch48.doc"",""source_sha256"":""ee5aa19736215cfcb3b76ffff90bcd0d9108c61758ccb756f7d4ad17e75a835c"",""firm_route_basis"":""原记录firm_raw""}]",0,按来源/日期/配置版本分别答复；同型号合并附件不等于同配置或逐车资格认证
安徽江淮汽车集团股份有限公司,HFC6483EC1SEV1-W,0,0,0,1,0,92逐车资格,"[{""purpose_scope"":""92逐车资格"",""source_record_ids"":""new-04-cell-3203;new-06-cell-4693"",""source_observation_date_upper"":""2024-04-15"",""source_file"":""原件/减免目录/cat_batch4.doc"",""source_sha256"":""e6d4f6d7e11833351bf9e247aa8032273ad029b83385189b0ffebd81d10b8ce6"",""firm_route_basis"":""原记录firm_raw""}]",0,按来源/日期/配置版本分别答复；同型号合并附件不等于同配置或逐车资格认证
安徽江淮汽车集团股份有限公司,HFC6483ECEV-W,0,0,0,0,1,2208试验口径,"[{""purpose_scope"":""2208试验口径"",""source_record_ids"":""old-24-Word97--3-11"",""source_observation_date_upper"":""2019-04-30"",""source_file"":""原件/免征目录/mf_batch24.wps"",""source_sha256"":""07775a0cb063fe0fce5880b9378dd1eb2522b725d645cabdee314d604779939d"",""firm_route_basis"":""原记录firm_raw""}]",0,按来源/日期/配置版本分别答复；同型号合并附件不等于同配置或逐车资格认证
安徽江淮汽车集团股份有限公司,HFC6483ECEV1-W,0,0,0,0,1,2208试验口径,"[{""purpose_scope"":""2208试验口径"",""source_record_ids"":""old-25-Word97--0-73"",""source_observation_date_upper"":""2019-06-12"",""source_file"":""原件/免征目录/mf_batch25.wps"",""source_sha256"":""9d2abe319463522513fe9c90f98bb8d0a825b599267d0b3cc403cec9624b3297"",""firm_route_basis"":""原记录firm_raw""}]",0,按来源/日期/配置版本分别答复；同型号合并附件不等于同配置或逐车资格认证
安徽江淮汽车集团股份有限公司,HFC6483ECEV2-W,0,0,0,0,1,2208试验口径,"[{""purpose_scope"":""2208试验口径"",""source_record_ids"":""old-25-Word97--0-74"",""source_observation_date_upper"":""2019-06-12"",""source_file"":""原件/免征目录/mf_batch25.wps"",""source_sha256"":""9d2abe319463522513fe9c90f98bb8d0a825b599267d0b3cc403cec9624b3297"",""firm_route_basis"":""原件企业合并格/上下文候选；非登记实体认证""}]",0,按来源/日期/配置版本分别答复；同型号合并附件不等于同配置或逐车资格认证
安徽江淮汽车集团股份有限公司,HFC6483ECEV3-W,0,0,0,0,1,2208试验口径,"[{""purpose_scope"":""2208试验口径"",""source_record_ids"":""old-25-Word97--0-75"",""source_observation_date_upper"":""2019-06-12"",""source_file"":""原件/免征目录/mf_batch25.wps"",""source_sha256"":""9d2abe319463522513fe9c90f98bb8d0a825b599267d0b3cc403cec9624b3297"",""firm_route_basis"":""原件企业合并格/上下文候选；非登记实体认证""}]",0,按来源/日期/配置版本分别答复；同型号合并附件不等于同配置或逐车资格认证
安徽江淮汽车集团股份有限公司,HFC6483ECEV4-W,0,0,0,0,1,2208试验口径,"[{""purpose_scope"":""2208试验口径"",""source_record_ids"":""old-26-DOCX--0-40"",""source_observation_date_upper"":""2019-08-30"",""source_file"":""原件/免征目录/mf_batch26.docx"",""source_sha256"":""de0890335ef3a4f1302a8a0735ec8b6aed52e994e2635db481820060d62248b5"",""firm_route_basis"":""原记录firm_raw""}]",0,按来源/日期/配置版本分别答复；同型号合并附件不等于同配置或逐车资格认证
安徽江淮汽车集团股份有限公司,HFC6483ECSEV-W,0,0,0,0,1,2208试验口径,"[{""purpose_scope"":""2208试验口径"",""source_record_ids"":""old-33-Word97--0-24"",""source_observation_date_upper"":""2020-07-21"",""source_file"":""原件/免征目录/mf_batch33.doc"",""source_sha256"":""ff98fbb1708c47cdcfc1e79e7a1647e72a7ae6d4255dce3b250d661001340c09"",""firm_route_basis"":""原记录firm_raw""}]",0,按来源/日期/配置版本分别答复；同型号合并附件不等于同配置或逐车资格认证
安徽江淮汽车集团股份有限公司,HFC6483ECSEV2-W,0,0,0,0,1,2208试验口径,"[{""purpose_scope"":""2208试验口径"",""source_record_ids"":""old-33-Word97--0-25"",""source_observation_date_upper"":""2020-07-21"",""source_file"":""原件/免征目录/mf_batch33.doc"",""source_sha256"":""ff98fbb1708c47cdcfc1e79e7a1647e72a7ae6d4255dce3b250d661001340c09"",""firm_route_basis"":""原件企业合并格/上下文候选；非登记实体认证""}]",0,按来源/日期/配置版本分别答复；同型号合并附件不等于同配置或逐车资格认证
安徽江淮汽车集团股份有限公司,HFC6483ECSEV5-W,0,0,0,0,1,2208试验口径,"[{""purpose_scope"":""2208试验口径"",""source_record_ids"":""old-34-Word97--0-28"",""source_observation_date_upper"":""2020-08-24"",""source_file"":""原件/免征目录/mf_batch34.doc"",""source_sha256"":""d5c5bb03cc5fe0f16b284048e265ad35d62c12c0416f14aef0ce026a229aa831"",""firm_route_basis"":""原记录firm_raw""}]",0,按来源/日期/配置版本分别答复；同型号合并附件不等于同配置或逐车资格认证
安徽江淮汽车集团股份有限公司,HFC6483ECSEV6-W,0,0,0,0,1,2208试验口径,"[{""purpose_scope"":""2208试验口径"",""source_record_ids"":""old-34-Word97--0-29"",""source_observation_date_upper"":""2020-08-24"",""source_file"":""原件/免征目录/mf_batch34.doc"",""source_sha256"":""d5c5bb03cc5fe0f16b284048e265ad35d62c12c0416f14aef0ce026a229aa831"",""firm_route_basis"":""原件企业合并格/上下文候选；非登记实体认证""}]",0,按来源/日期/配置版本分别答复；同型号合并附件不等于同配置或逐车资格认证
安徽江淮汽车集团股份有限公司,HFC6493EC1SEV1-W,0,0,0,1,0,92逐车资格,"[{""purpose_scope"":""92逐车资格"",""source_record_ids"":""new-04-cell-3214;new-06-cell-4705"",""source_observation_date_upper"":""2024-04-15"",""source_file"":""原件/减免目录/cat_batch4.doc"",""source_sha256"":""e6d4f6d7e11833351bf9e247aa8032273ad029b83385189b0ffebd81d10b8ce6"",""firm_route_basis"":""原件企业合并格/上下文候选；非登记实体认证""}]",0,按来源/日期/配置版本分别答复；同型号合并附件不等于同配置或逐车资格认证
安徽江淮汽车集团股份有限公司,HFC6494ECSEV1-W,0,0,0,1,0,92逐车资格,"[{""purpose_scope"":""92逐车资格"",""source_record_ids"":""new-04-cell-3225;new-06-cell-4717"",""source_observation_date_upper"":""2024-04-15"",""source_file"":""原件/减免目录/cat_batch4.doc"",""source_sha256"":""e6d4f6d7e11833351bf9e247aa8032273ad029b83385189b0ffebd81d10b8ce6"",""firm_route_basis"":""原件企业合并格/上下文候选；非登记实体认证""}]",0,按来源/日期/配置版本分别答复；同型号合并附件不等于同配置或逐车资格认证
安徽江淮汽车集团股份有限公司,HFC6494ECSEV2-W,0,0,0,1,0,92逐车资格,"[{""purpose_scope"":""92逐车资格"",""source_record_ids"":""new-04-cell-3236;new-06-cell-4729"",""source_observation_date_upper"":""2024-04-15"",""source_file"":""原件/减免目录/cat_batch4.doc"",""source_sha256"":""e6d4f6d7e11833351bf9e247aa8032273ad029b83385189b0ffebd81d10b8ce6"",""firm_route_basis"":""原件企业合并格/上下文候选；非登记实体认证""}]",0,按来源/日期/配置版本分别答复；同型号合并附件不等于同配置或逐车资格认证
安徽江淮汽车集团股份有限公司,HFC6502ECEV-W,0,0,0,0,1,2208试验口径,"[{""purpose_scope"":""2208试验口径"",""source_record_ids"":""old-15-PDF-grid-1-0-6"",""source_observation_date_upper"":""2017-12-19"",""source_file"":""原件/免征目录/mf_batch15.pdf"",""source_sha256"":""bbb3b1e38c535c13d6ef1bc1f4105509476c91a7e63723dc7a70e372904d90f4"",""firm_route_basis"":""原件企业合并格/上下文候选；非登记实体认证""}]",0,按来源/日期/配置版本分别答复；同型号合并附件不等于同配置或逐车资格认证
安徽江淮汽车集团股份有限公司,HFC6502ECEV1-W,0,0,0,0,1,2208试验口径,"[{""purpose_scope"":""2208试验口径"",""source_record_ids"":""old-19-DOCX--0-2"",""source_observation_date_upper"":""2018-07-31"",""source_file"":""原件/免征目录/mf_batch19.docx"",""source_sha256"":""fafd1558aa0f21067847c19bdd0a95c79b919737be7b07b87c4538107fb2b8e3"",""firm_route_basis"":""原记录firm_raw""}]",0,按来源/日期/配置版本分别答复；同型号合并附件不等于同配置或逐车资格认证
安徽江淮汽车集团股份有限公司,HFC6502ECEV2-W,0,0,0,0,1,2208试验口径,"[{""purpose_scope"":""2208试验口径"",""source_record_ids"":""old-20-DOCX--0-2"",""source_observation_date_upper"":""2018-09-19"",""source_file"":""原件/免征目录/mf_batch20.docx"",""source_sha256"":""374d3f87551d75d1c163e76abb38f350ea93f8a2b8cad6174568c307d1cc0130"",""firm_route_basis"":""原记录firm_raw""}]",0,按来源/日期/配置版本分别答复；同型号合并附件不等于同配置或逐车资格认证
安徽江淮汽车集团股份有限公司,HFC6502ECEV3-W,0,0,0,0,1,2208试验口径,"[{""purpose_scope"":""2208试验口径"",""source_record_ids"":""old-25-Word97--0-76"",""source_observation_date_upper"":""2019-06-12"",""source_file"":""原件/免征目录/mf_batch25.wps"",""source_sha256"":""9d2abe319463522513fe9c90f98bb8d0a825b599267d0b3cc403cec9624b3297"",""firm_route_basis"":""原件企业合并格/上下文候选；非登记实体认证""}]",0,按来源/日期/配置版本分别答复；同型号合并附件不等于同配置或逐车资格认证
安徽江淮汽车集团股份有限公司,HFC6502ECEV4-W,0,0,0,0,1,2208试验口径,"[{""purpose_scope"":""2208试验口径"",""source_record_ids"":""old-27-Word97--0-21"",""source_observation_date_upper"":""2019-10-25"",""source_file"":""原件/免征目录/mf_batch27.doc"",""source_sha256"":""2bd67cf7e1efc03ae93942d0d340ffef87478709520383b6ee4d08baf843ead1"",""firm_route_basis"":""原记录firm_raw""}]",0,按来源/日期/配置版本分别答复；同型号合并附件不等于同配置或逐车资格认证
安徽江淮汽车集团股份有限公司,HFC6502ECEV5-W,0,0,0,0,1,2208试验口径,"[{""purpose_scope"":""2208试验口径"",""source_record_ids"":""old-30-Word97--0-52"",""source_observation_date_upper"":""2020-03-13"",""source_file"":""原件/免征目录/mf_batch30.doc"",""source_sha256"":""e7fa3b47858ec2035b8055bc15be00b2b26920a5e8d3cad481058a80b92ead24"",""firm_route_basis"":""原记录firm_raw""}]",0,按来源/日期/配置版本分别答复；同型号合并附件不等于同配置或逐车资格认证
安徽江淮汽车集团股份有限公司,HFC6502ECEV6-W,0,0,0,0,1,2208试验口径,"[{""purpose_scope"":""2208试验口径"",""source_record_ids"":""old-30-Word97--0-53"",""source_observation_date_upper"":""2020-03-13"",""source_file"":""原件/免征目录/mf_batch30.doc"",""source_sha256"":""e7fa3b47858ec2035b8055bc15be00b2b26920a5e8d3cad481058a80b92ead24"",""firm_route_basis"":""原件企业合并格/上下文候选；非登记实体认证""}]",0,按来源/日期/配置版本分别答复；同型号合并附件不等于同配置或逐车资格认证
安徽江淮汽车集团股份有限公司,HFC6502ECSEV5-W,0,0,0,0,1,2208试验口径,"[{""purpose_scope"":""2208试验口径"",""source_record_ids"":""old-33-Word97--0-26"",""source_observation_date_upper"":""2020-07-21"",""source_file"":""原件/免征目录/mf_batch33.doc"",""source_sha256"":""ff98fbb1708c47cdcfc1e79e7a1647e72a7ae6d4255dce3b250d661001340c09"",""firm_route_basis"":""原件企业合并格/上下文候选；非登记实体认证""}]",0,按来源/日期/配置版本分别答复；同型号合并附件不等于同配置或逐车资格认证
安徽江淮汽车集团股份有限公司,HFC6502ECSEV9-W,0,0,0,0,1,2208试验口径,"[{""purpose_scope"":""2208试验口径"",""source_record_ids"":""old-36-Word97--0-8"",""source_observation_date_upper"":""2020-10-30"",""source_file"":""原件/免征目录/mf_batch36.doc"",""source_sha256"":""05cfcfd9136685ad6d6e13b8228cd123cca109c26f43a4c71472016b5a610a9f"",""firm_route_basis"":""原记录firm_raw""}]",0,按来源/日期/配置版本分别答复；同型号合并附件不等于同配置或逐车资格认证
安徽江淮汽车集团股份有限公司,HFC6511REV1C7,0,0,0,0,1,2208试验口径,"[{""purpose_scope"":""2208试验口径"",""source_record_ids"":""old-49-Word97--0-21"",""source_observation_date_upper"":""2021-12-08"",""source_file"":""原件/免征目录/mf_batch49.doc"",""source_sha256"":""c7a56509a4d9272982da0abc9d1ea213ee1fbea3d0f1edad124630c9b5e3474e"",""firm_route_basis"":""原记录firm_raw""}]",0,按来源/日期/配置版本分别答复；同型号合并附件不等于同配置或逐车资格认证
安徽江淮汽车集团股份有限公司,HFC6511REV2C7,0,0,0,0,1,2208试验口径,"[{""purpose_scope"":""2208试验口径"",""source_record_ids"":""old-59-Word97--0-52"",""source_observation_date_upper"":""2022-10-10"",""source_file"":""原件/免征目录/mf_batch59.doc"",""source_sha256"":""32738e2df847e0c74ff96d48b8a13e1dd9c31aee84b7c0a633e2d9c8a3e01f86"",""firm_route_basis"":""原件企业合并格/上下文候选；非登记实体认证""}]",0,按来源/日期/配置版本分别答复；同型号合并附件不等于同配置或逐车资格认证
安徽江淮汽车集团股份有限公司,HFC6512ECSEV1-W,0,0,0,1,0,92逐车资格,"[{""purpose_scope"":""92逐车资格"",""source_record_ids"":""new-04-cell-3247;new-06-cell-4741"",""source_observation_date_upper"":""2024-04-15"",""source_file"":""原件/减免目录/cat_batch4.doc"",""source_sha256"":""e6d4f6d7e11833351bf9e247aa8032273ad029b83385189b0ffebd81d10b8ce6"",""firm_route_basis"":""原件企业合并格/上下文候选；非登记实体认证""}]",0,按来源/日期/配置版本分别答复；同型号合并附件不等于同配置或逐车资格认证
安徽江淮汽车集团股份有限公司,HFC6521EV2C8,0,0,0,0,1,2208试验口径,"[{""purpose_scope"":""2208试验口径"",""source_record_ids"":""old-69-Word97--0-39"",""source_observation_date_upper"":""2023-09-14"",""source_file"":""原件/免征目录/mf_batch69.doc"",""source_sha256"":""357d61a16c94488c9fdd761f393edb7029b05394ab06117abaebcba1a1e45546"",""firm_route_basis"":""原件企业合并格/上下文候选；非登记实体认证""}]",0,按来源/日期/配置版本分别答复；同型号合并附件不等于同配置或逐车资格认证
安徽江淮汽车集团股份有限公司,HFC6521EV2C8G,0,0,0,0,1,2208试验口径,"[{""purpose_scope"":""2208试验口径"",""source_record_ids"":""old-69-Word97--0-38"",""source_observation_date_upper"":""2023-09-14"",""source_file"":""原件/免征目录/mf_batch69.doc"",""source_sha256"":""357d61a16c94488c9fdd761f393edb7029b05394ab06117abaebcba1a1e45546"",""firm_route_basis"":""原记录firm_raw""}]",0,按来源/日期/配置版本分别答复；同型号合并附件不等于同配置或逐车资格认证
安徽江淮汽车集团股份有限公司,HFC7000BEV,0,0,0,0,1,2208试验口径,"[{""purpose_scope"":""2208试验口径"",""source_record_ids"":""old-15-PDF-grid-1-0-3"",""source_observation_date_upper"":""2017-12-19"",""source_file"":""原件/免征目录/mf_batch15.pdf"",""source_sha256"":""bbb3b1e38c535c13d6ef1bc1f4105509476c91a7e63723dc7a70e372904d90f4"",""firm_route_basis"":""原件企业合并格/上下文候选；非登记实体认证""}]",0,按来源/日期/配置版本分别答复；同型号合并附件不等于同配置或逐车资格认证
安徽江淮汽车集团股份有限公司,HFC7000BEV1,0,0,0,0,1,2208试验口径,"[{""purpose_scope"":""2208试验口径"",""source_record_ids"":""old-15-PDF-grid-1-0-2"",""source_observation_date_upper"":""2017-12-19"",""source_file"":""原件/免征目录/mf_batch15.pdf"",""source_sha256"":""bbb3b1e38c535c13d6ef1bc1f4105509476c91a7e63723dc7a70e372904d90f4"",""firm_route_basis"":""原记录firm_raw""}]",0,按来源/日期/配置版本分别答复；同型号合并附件不等于同配置或逐车资格认证
安徽江淮汽车集团股份有限公司,HFC7000BEV10,0,0,0,0,1,2208试验口径,"[{""purpose_scope"":""2208试验口径"",""source_record_ids"":""old-24-Word97--3-12"",""source_observation_date_upper"":""2019-04-30"",""source_file"":""原件/免征目录/mf_batch24.wps"",""source_sha256"":""07775a0cb063fe0fce5880b9378dd1eb2522b725d645cabdee314d604779939d"",""firm_route_basis"":""原件企业合并格/上下文候选；非登记实体认证""}]",0,按来源/日期/配置版本分别答复；同型号合并附件不等于同配置或逐车资格认证
安徽江淮汽车集团股份有限公司,HFC7000BEV11,0,0,0,0,1,2208试验口径,"[{""purpose_scope"":""2208试验口径"",""source_record_ids"":""old-41-Word97--0-32"",""source_observation_date_upper"":""2021-03-31"",""source_file"":""原件/免征目录/mf_batch41.doc"",""source_sha256"":""ba4634c0877ebf99f8e462013e4a07e40f57478a4aaf921801a6c85a49c42b7f"",""firm_route_basis"":""原件企业合并格/上下文候选；非登记实体认证""}]",0,按来源/日期/配置版本分别答复；同型号合并附件不等于同配置或逐车资格认证
安徽江淮汽车集团股份有限公司,HFC7000BEV2,0,0,0,0,1,2208试验口径,"[{""purpose_scope"":""2208试验口径"",""source_record_ids"":""old-15-PDF-grid-1-0-5"",""source_observation_date_upper"":""2017-12-19"",""source_file"":""原件/免征目录/mf_batch15.pdf"",""source_sha256"":""bbb3b1e38c535c13d6ef1bc1f4105509476c91a7e63723dc7a70e372904d90f4"",""firm_route_basis"":""原件企业合并格/上下文候选；非登记实体认证""}]",0,按来源/日期/配置版本分别答复；同型号合并附件不等于同配置或逐车资格认证
安徽江淮汽车集团股份有限公司,HFC7000BEV5,0,0,0,0,1,2208试验口径,"[{""purpose_scope"":""2208试验口径"",""source_record_ids"":""old-18-Word97--0-19"",""source_observation_date_upper"":""2018-06-19"",""source_file"":""原件/免征目录/mf_batch18.doc"",""source_sha256"":""43f5426f7f80996ee11a894710d7229c743abf7ad69ba239f61075e0a9ddd37a"",""firm_route_basis"":""原记录firm_raw""}]",0,按来源/日期/配置版本分别答复；同型号合并附件不等于同配置或逐车资格认证
安徽江淮汽车集团股份有限公司,HFC7000BEV6,0,0,0,0,1,2208试验口径,"[{""purpose_scope"":""2208试验口径"",""source_record_ids"":""old-19-DOCX--0-3"",""source_observation_date_upper"":""2018-07-31"",""source_file"":""原件/免征目录/mf_batch19.docx"",""source_sha256"":""fafd1558aa0f21067847c19bdd0a95c79b919737be7b07b87c4538107fb2b8e3"",""firm_route_basis"":""原件企业合并格/上下文候选；非登记实体认证""}]",0,按来源/日期/配置版本分别答复；同型号合并附件不等于同配置或逐车资格认证
安徽江淮汽车集团股份有限公司,HFC7000BEV7,0,0,0,0,1,2208试验口径,"[{""purpose_scope"":""2208试验口径"",""source_record_ids"":""old-22-Word97--0-21"",""source_observation_date_upper"":""2018-12-18"",""source_file"":""原件/免征目录/mf_batch22.doc"",""source_sha256"":""eaf3fc1e64742af85b3d4bc90388d0a93154a497fd6c1fb9bf73b857672e1212"",""firm_route_basis"":""原记录firm_raw""}]",0,按来源/日期/配置版本分别答复；同型号合并附件不等于同配置或逐车资格认证
安徽江淮汽车集团股份有限公司,HFC7000BEV8,0,0,0,0,1,2208试验口径,"[{""purpose_scope"":""2208试验口径"",""source_record_ids"":""old-22-Word97--0-22"",""source_observation_date_upper"":""2018-12-18"",""source_file"":""原件/免征目录/mf_batch22.doc"",""source_sha256"":""eaf3fc1e64742af85b3d4bc90388d0a93154a497fd6c1fb9bf73b857672e1212"",""firm_route_basis"":""原件企业合并格/上下文候选；非登记实体认证""}]",0,按来源/日期/配置版本分别答复；同型号合并附件不等于同配置或逐车资格认证
安徽江淮汽车集团股份有限公司,HFC7000BEV9,0,0,0,0,1,2208试验口径,"[{""purpose_scope"":""2208试验口径"",""source_record_ids"":""old-24-Word97--3-13"",""source_observation_date_upper"":""2019-04-30"",""source_file"":""原件/免征目录/mf_batch24.wps"",""source_sha256"":""07775a0cb063fe0fce5880b9378dd1eb2522b725d645cabdee314d604779939d"",""firm_route_basis"":""原件企业合并格/上下文候选；非登记实体认证""}]",0,按来源/日期/配置版本分别答复；同型号合并附件不等于同配置或逐车资格认证
安徽江淮汽车集团股份有限公司,HFC7000EWEV3,0,0,0,0,1,2208试验口径,"[{""purpose_scope"":""2208试验口径"",""source_record_ids"":""old-17-PDF-grid-1-0-4"",""source_observation_date_upper"":""2018-04-16"",""source_file"":""原件/免征目录/mf_batch17.pdf"",""source_sha256"":""577a4ba9c586fe08565f6a60e6de5474698031566d8dcef484cd44335879e334"",""firm_route_basis"":""原件企业合并格/上下文候选；非登记实体认证""}]",0,按来源/日期/配置版本分别答复；同型号合并附件不等于同配置或逐车资格认证
安徽江淮汽车集团股份有限公司,HFC7000EWEV4,0,0,0,0,1,2208试验口径,"[{""purpose_scope"":""2208试验口径"",""source_record_ids"":""old-22-Word97--0-23"",""source_observation_date_upper"":""2018-12-18"",""source_file"":""原件/免征目录/mf_batch22.doc"",""source_sha256"":""eaf3fc1e64742af85b3d4bc90388d0a93154a497fd6c1fb9bf73b857672e1212"",""firm_route_basis"":""原件企业合并格/上下文候选；非登记实体认证""}]",0,按来源/日期/配置版本分别答复；同型号合并附件不等于同配置或逐车资格认证
安徽江淮汽车集团股份有限公司,HFC7000EWEV6,0,0,0,0,1,2208试验口径,"[{""purpose_scope"":""2208试验口径"",""source_record_ids"":""old-24-Word97--3-14"",""source_observation_date_upper"":""2019-04-30"",""source_file"":""原件/免征目录/mf_batch24.wps"",""source_sha256"":""07775a0cb063fe0fce5880b9378dd1eb2522b725d645cabdee314d604779939d"",""firm_route_basis"":""原件企业合并格/上下文候选；非登记实体认证""}]",0,按来源/日期/配置版本分别答复；同型号合并附件不等于同配置或逐车资格认证
安徽江淮汽车集团股份有限公司,HFC7000EWEV7,0,0,0,0,1,2208试验口径,"[{""purpose_scope"":""2208试验口径"",""source_record_ids"":""old-27-Word97--0-22"",""source_observation_date_upper"":""2019-10-25"",""source_file"":""原件/免征目录/mf_batch27.doc"",""source_sha256"":""2bd67cf7e1efc03ae93942d0d340ffef87478709520383b6ee4d08baf843ead1"",""firm_route_basis"":""原件企业合并格/上下文候选；非登记实体认证""}]",0,按来源/日期/配置版本分别答复；同型号合并附件不等于同配置或逐车资格认证
安徽江淮汽车集团股份有限公司,HFC7000EWEV8,0,0,0,0,1,2208试验口径,"[{""purpose_scope"":""2208试验口径"",""source_record_ids"":""old-30-Word97--0-54"",""source_observation_date_upper"":""2020-03-13"",""source_file"":""原件/免征目录/mf_batch30.doc"",""source_sha256"":""e7fa3b47858ec2035b8055bc15be00b2b26920a5e8d3cad481058a80b92ead24"",""firm_route_basis"":""原件企业合并格/上下文候选；非登记实体认证""}]",0,按来源/日期/配置版本分别答复；同型号合并附件不等于同配置或逐车资格认证
安徽江淮汽车集团股份有限公司,HFC7000WEV1,0,0,0,0,1,2208试验口径,"[{""purpose_scope"":""2208试验口径"",""source_record_ids"":""old-17-PDF-grid-1-0-2"",""source_observation_date_upper"":""2018-04-16"",""source_file"":""原件/免征目录/mf_batch17.pdf"",""source_sha256"":""577a4ba9c586fe08565f6a60e6de5474698031566d8dcef484cd44335879e334"",""firm_route_basis"":""原记录firm_raw""}]",0,按来源/日期/配置版本分别答复；同型号合并附件不等于同配置或逐车资格认证
安徽江淮汽车集团股份有限公司,HFC7000WEV10,0,0,0,0,1,2208试验口径,"[{""purpose_scope"":""2208试验口径"",""source_record_ids"":""old-41-Word97--0-30"",""source_observation_date_upper"":""2021-03-31"",""source_file"":""原件/免征目录/mf_batch41.doc"",""source_sha256"":""ba4634c0877ebf99f8e462013e4a07e40f57478a4aaf921801a6c85a49c42b7f"",""firm_route_basis"":""原记录firm_raw""}]",0,按来源/日期/配置版本分别答复；同型号合并附件不等于同配置或逐车资格认证
安徽江淮汽车集团股份有限公司,HFC7000WEV11,0,0,0,0,1,2208试验口径,"[{""purpose_scope"":""2208试验口径"",""source_record_ids"":""old-48-Word97--0-44"",""source_observation_date_upper"":""2021-11-05"",""source_file"":""原件/免征目录/mf_batch48.doc"",""source_sha256"":""ee5aa19736215cfcb3b76ffff90bcd0d9108c61758ccb756f7d4ad17e75a835c"",""firm_route_basis"":""原件企业合并格/上下文候选；非登记实体认证""}]",0,按来源/日期/配置版本分别答复；同型号合并附件不等于同配置或逐车资格认证
安徽江淮汽车集团股份有限公司,HFC7000WEV12,0,0,0,0,1,2208试验口径,"[{""purpose_scope"":""2208试验口径"",""source_record_ids"":""old-51-Word97--0-22"",""source_observation_date_upper"":""2022-01-29"",""source_file"":""原件/免征目录/mf_batch51.doc"",""source_sha256"":""35411ca0ab3ef42915600b148fca6fe76bcb86f5dc3812f71d74f3ebda125ce6"",""firm_route_basis"":""原记录firm_raw""}]",0,按来源/日期/配置版本分别答复；同型号合并附件不等于同配置或逐车资格认证
安徽江淮汽车集团股份有限公司,HFC7000WEV13,0,0,0,0,1,2208试验口径,"[{""purpose_scope"":""2208试验口径"",""source_record_ids"":""old-53-Word97--0-24"",""source_observation_date_upper"":""2022-04-08"",""source_file"":""原件/免征目录/mf_batch53.doc"",""source_sha256"":""a1f426ff77c80bce4d153fbfb6d01a7b6c6c87539f52ac4643edb7b060e21d2a"",""firm_route_basis"":""原记录firm_raw""}]",0,按来源/日期/配置版本分别答复；同型号合并附件不等于同配置或逐车资格认证
安徽江淮汽车集团股份有限公司,HFC7000WEV14,0,0,0,0,1,2208试验口径,"[{""purpose_scope"":""2208试验口径"",""source_record_ids"":""old-59-Word97--0-51"",""source_observation_date_upper"":""2022-10-10"",""source_file"":""原件/免征目录/mf_batch59.doc"",""source_sha256"":""32738e2df847e0c74ff96d48b8a13e1dd9c31aee84b7c0a633e2d9c8a3e01f86"",""firm_route_basis"":""原件企业合并格/上下文候选；非登记实体认证""}]",0,按来源/日期/配置版本分别答复；同型号合并附件不等于同配置或逐车资格认证
安徽江淮汽车集团股份有限公司,HFC7000WEV15,0,0,0,0,1,2208试验口径,"[{""purpose_scope"":""2208试验口径"",""source_record_ids"":""old-59-Word97--0-50"",""source_observation_date_upper"":""2022-10-10"",""source_file"":""原件/免征目录/mf_batch59.doc"",""source_sha256"":""32738e2df847e0c74ff96d48b8a13e1dd9c31aee84b7c0a633e2d9c8a3e01f86"",""firm_route_basis"":""原记录firm_raw""}]",0,按来源/日期/配置版本分别答复；同型号合并附件不等于同配置或逐车资格认证
安徽江淮汽车集团股份有限公司,HFC7000WEV16,0,0,0,0,1,2208试验口径,"[{""purpose_scope"":""2208试验口径"",""source_record_ids"":""old-71-Word97--0-38"",""source_observation_date_upper"":""2023-11-20"",""source_file"":""原件/免征目录/mf_batch71.doc"",""source_sha256"":""b37b78b64b8ef7e12e6e95d6fd27a4a6e364c0c83ba403ffcf3bca82c60e3460"",""firm_route_basis"":""原记录firm_raw""}]",0,按来源/日期/配置版本分别答复；同型号合并附件不等于同配置或逐车资格认证
安徽江淮汽车集团股份有限公司,HFC7000WEV17,0,0,0,0,1,2208试验口径,"[{""purpose_scope"":""2208试验口径"",""source_record_ids"":""old-68-Word97--0-14"",""source_observation_date_upper"":""2023-08-16"",""source_file"":""原件/免征目录/mf_batch68.doc"",""source_sha256"":""58113d08377020d08de0aeb0e08ff63c4a4411dbe35ad69cfdd6f82fdf0fcc77"",""firm_route_basis"":""原件企业合并格/上下文候选；非登记实体认证""}]",0,按来源/日期/配置版本分别答复；同型号合并附件不等于同配置或逐车资格认证
安徽江淮汽车集团股份有限公司,HFC7000WEV18,0,0,0,0,1,2208试验口径,"[{""purpose_scope"":""2208试验口径"",""source_record_ids"":""old-68-Word97--0-12"",""source_observation_date_upper"":""2023-08-16"",""source_file"":""原件/免征目录/mf_batch68.doc"",""source_sha256"":""58113d08377020d08de0aeb0e08ff63c4a4411dbe35ad69cfdd6f82fdf0fcc77"",""firm_route_basis"":""原件企业合并格/上下文候选；非登记实体认证""}]",0,按来源/日期/配置版本分别答复；同型号合并附件不等于同配置或逐车资格认证
安徽江淮汽车集团股份有限公司,HFC7000WEV2,0,0,0,0,1,2208试验口径,"[{""purpose_scope"":""2208试验口径"",""source_record_ids"":""old-23-Word97--0-15"",""source_observation_date_upper"":""2019-03-13"",""source_file"":""原件/免征目录/mf_batch23.docx"",""source_sha256"":""87f838de0da3ba5887f77b2bf5c1dbf5b427e7cef896309a7084c11dd8f5efa0"",""firm_route_basis"":""原记录firm_raw""}]",0,按来源/日期/配置版本分别答复；同型号合并附件不等于同配置或逐车资格认证
安徽江淮汽车集团股份有限公司,HFC7000WEV4,0,0,0,0,1,2208试验口径,"[{""purpose_scope"":""2208试验口径"",""source_record_ids"":""old-24-Word97--3-15"",""source_observation_date_upper"":""2019-04-30"",""source_file"":""原件/免征目录/mf_batch24.wps"",""source_sha256"":""07775a0cb063fe0fce5880b9378dd1eb2522b725d645cabdee314d604779939d"",""firm_route_basis"":""原件企业合并格/上下文候选；非登记实体认证""}]",0,按来源/日期/配置版本分别答复；同型号合并附件不等于同配置或逐车资格认证
安徽江淮汽车集团股份有限公司,HFC7000WEV6,0,0,0,0,1,2208试验口径,"[{""purpose_scope"":""2208试验口径"",""source_record_ids"":""old-38-Word97--0-29"",""source_observation_date_upper"":""2020-12-30"",""source_file"":""原件/免征目录/mf_batch38.doc"",""source_sha256"":""7c9def45fe5c40e4c5ffb483a1d1efd383c12cb16a5c4ba021d4ce28384776de"",""firm_route_basis"":""原记录firm_raw""}]",0,按来源/日期/配置版本分别答复；同型号合并附件不等于同配置或逐车资格认证
安徽江淮汽车集团股份有限公司,HFC7000WEV7,0,0,0,0,1,2208试验口径,"[{""purpose_scope"":""2208试验口径"",""source_record_ids"":""old-37-Word97--0-25"",""source_observation_date_upper"":""2020-11-30"",""source_file"":""原件/免征目录/mf_batch37.doc"",""source_sha256"":""136057faede292d8070763e326c8dbdcddf3790653cc6879a13758f91556881f"",""firm_route_basis"":""原记录firm_raw""}]",0,按来源/日期/配置版本分别答复；同型号合并附件不等于同配置或逐车资格认证
安徽江淮汽车集团股份有限公司,HFC7000WEV8,0,0,0,0,1,2208试验口径,"[{""purpose_scope"":""2208试验口径"",""source_record_ids"":""old-32-Word97--0-16"",""source_observation_date_upper"":""2020-06-02"",""source_file"":""原件/免征目录/mf_batch32.doc"",""source_sha256"":""ad7c65b4831a05b7c70e1e73fe834aa9beed883c66f898e799fcbbeb43cc3d75"",""firm_route_basis"":""原记录firm_raw""}]",0,按来源/日期/配置版本分别答复；同型号合并附件不等于同配置或逐车资格认证
安徽江淮汽车集团股份有限公司,HFC7000WEV9,0,0,0,0,1,2208试验口径,"[{""purpose_scope"":""2208试验口径"",""source_record_ids"":""old-40-Word97--0-25"",""source_observation_date_upper"":""2021-03-08"",""source_file"":""原件/免征目录/mf_batch40.doc"",""source_sha256"":""93047c8e87a1f45948933ee36d00160788032370ecf11b551624e0ca45ecc1d1"",""firm_route_basis"":""原记录firm_raw""}]",0,按来源/日期/配置版本分别答复；同型号合并附件不等于同配置或逐车资格认证
安徽江淮汽车集团股份有限公司,HFC7001AEV2,0,0,0,0,1,2208试验口径,"[{""purpose_scope"":""2208试验口径"",""source_record_ids"":""old-19-DOCX--0-4"",""source_observation_date_upper"":""2018-07-31"",""source_file"":""原件/免征目录/mf_batch19.docx"",""source_sha256"":""fafd1558aa0f21067847c19bdd0a95c79b919737be7b07b87c4538107fb2b8e3"",""firm_route_basis"":""原件企业合并格/上下文候选；非登记实体认证""}]",0,按来源/日期/配置版本分别答复；同型号合并附件不等于同配置或逐车资格认证
安徽江淮汽车集团股份有限公司,HFC7001AEV3,0,0,0,0,1,2208试验口径,"[{""purpose_scope"":""2208试验口径"",""source_record_ids"":""old-22-Word97--0-25"",""source_observation_date_upper"":""2018-12-18"",""source_file"":""原件/免征目录/mf_batch22.doc"",""source_sha256"":""eaf3fc1e64742af85b3d4bc90388d0a93154a497fd6c1fb9bf73b857672e1212"",""firm_route_basis"":""原件企业合并格/上下文候选；非登记实体认证""}]",0,按来源/日期/配置版本分别答复；同型号合并附件不等于同配置或逐车资格认证
安徽江淮汽车集团股份有限公司,HFC7001AEV5,0,0,0,0,1,2208试验口径,"[{""purpose_scope"":""2208试验口径"",""source_record_ids"":""old-24-Word97--3-16"",""source_observation_date_upper"":""2019-04-30"",""source_file"":""原件/免征目录/mf_batch24.wps"",""source_sha256"":""07775a0cb063fe0fce5880b9378dd1eb2522b725d645cabdee314d604779939d"",""firm_route_basis"":""原件企业合并格/上下文候选；非登记实体认证""}]",0,按来源/日期/配置版本分别答复；同型号合并附件不等于同配置或逐车资格认证
安徽江淮汽车集团股份有限公司,HFC7001AEV6,0,0,0,0,1,2208试验口径,"[{""purpose_scope"":""2208试验口径"",""source_record_ids"":""old-34-Word97--0-30"",""source_observation_date_upper"":""2020-08-24"",""source_file"":""原件/免征目录/mf_batch34.doc"",""source_sha256"":""d5c5bb03cc5fe0f16b284048e265ad35d62c12c0416f14aef0ce026a229aa831"",""firm_route_basis"":""原件企业合并格/上下文候选；非登记实体认证""}]",0,按来源/日期/配置版本分别答复；同型号合并附件不等于同配置或逐车资格认证
安徽江淮汽车集团股份有限公司,HFC7001CEV,0,0,0,0,1,2208试验口径,"[{""purpose_scope"":""2208试验口径"",""source_record_ids"":""old-23-Word97--0-16"",""source_observation_date_upper"":""2019-03-13"",""source_file"":""原件/免征目录/mf_batch23.docx"",""source_sha256"":""87f838de0da3ba5887f77b2bf5c1dbf5b427e7cef896309a7084c11dd8f5efa0"",""firm_route_basis"":""原件企业合并格/上下文候选；非登记实体认证""}]",0,按来源/日期/配置版本分别答复；同型号合并附件不等于同配置或逐车资格认证
安徽江淮汽车集团股份有限公司,HFC7001E1AEV,0,0,0,0,1,2208试验口径,"[{""purpose_scope"":""2208试验口径"",""source_record_ids"":""old-17-PDF-grid-1-0-5"",""source_observation_date_upper"":""2018-04-16"",""source_file"":""原件/免征目录/mf_batch17.pdf"",""source_sha256"":""577a4ba9c586fe08565f6a60e6de5474698031566d8dcef484cd44335879e334"",""firm_route_basis"":""原件企业合并格/上下文候选；非登记实体认证""}]",0,按来源/日期/配置版本分别答复；同型号合并附件不等于同配置或逐车资格认证
安徽江淮汽车集团股份有限公司,HFC7001E1AEV5,0,0,0,0,1,2208试验口径,"[{""purpose_scope"":""2208试验口径"",""source_record_ids"":""old-23-Word97--0-22"",""source_observation_date_upper"":""2019-03-13"",""source_file"":""原件/免征目录/mf_batch23.docx"",""source_sha256"":""87f838de0da3ba5887f77b2bf5c1dbf5b427e7cef896309a7084c11dd8f5efa0"",""firm_route_basis"":""原件企业合并格/上下文候选；非登记实体认证""}]",0,按来源/日期/配置版本分别答复；同型号合并附件不等于同配置或逐车资格认证
安徽江淮汽车集团股份有限公司,HFC7001E1AEV7,0,0,0,0,1,2208试验口径,"[{""purpose_scope"":""2208试验口径"",""source_record_ids"":""old-33-Word97--0-27"",""source_observation_date_upper"":""2020-07-21"",""source_file"":""原件/免征目录/mf_batch33.doc"",""source_sha256"":""ff98fbb1708c47cdcfc1e79e7a1647e72a7ae6d4255dce3b250d661001340c09"",""firm_route_basis"":""原件企业合并格/上下文候选；非登记实体认证""}]",0,按来源/日期/配置版本分别答复；同型号合并附件不等于同配置或逐车资格认证
安徽江淮汽车集团股份有限公司,HFC7001EAEV10,0,0,0,0,1,2208试验口径,"[{""purpose_scope"":""2208试验口径"",""source_record_ids"":""old-23-Word97--0-23"",""source_observation_date_upper"":""2019-03-13"",""source_file"":""原件/免征目录/mf_batch23.docx"",""source_sha256"":""87f838de0da3ba5887f77b2bf5c1dbf5b427e7cef896309a7084c11dd8f5efa0"",""firm_route_basis"":""原件企业合并格/上下文候选；非登记实体认证""}]",0,按来源/日期/配置版本分别答复；同型号合并附件不等于同配置或逐车资格认证
安徽江淮汽车集团股份有限公司,HFC7001EAEV11,0,0,0,0,1,2208试验口径,"[{""purpose_scope"":""2208试验口径"",""source_record_ids"":""old-24-Word97--3-17"",""source_observation_date_upper"":""2019-04-30"",""source_file"":""原件/免征目录/mf_batch24.wps"",""source_sha256"":""07775a0cb063fe0fce5880b9378dd1eb2522b725d645cabdee314d604779939d"",""firm_route_basis"":""原件企业合并格/上下文候选；非登记实体认证""}]",0,按来源/日期/配置版本分别答复；同型号合并附件不等于同配置或逐车资格认证
安徽江淮汽车集团股份有限公司,HFC7001EAEV4,0,0,0,0,1,2208试验口径,"[{""purpose_scope"":""2208试验口径"",""source_record_ids"":""old-16-Word97--0-2"",""source_observation_date_upper"":""2018-02-13"",""source_file"":""原件/免征目录/mf_batch16.docx"",""source_sha256"":""9db5ace6c1c59bd9636d48636f94fa77d2b6e0aa27b109421690ce6a8c4a3967"",""firm_route_basis"":""原记录firm_raw""}]",0,按来源/日期/配置版本分别答复；同型号合并附件不等于同配置或逐车资格认证
安徽江淮汽车集团股份有限公司,HFC7001EAEV5,0,0,0,0,1,2208试验口径,"[{""purpose_scope"":""2208试验口径"",""source_record_ids"":""old-19-DOCX--0-6"",""source_observation_date_upper"":""2018-07-31"",""source_file"":""原件/免征目录/mf_batch19.docx"",""source_sha256"":""fafd1558aa0f21067847c19bdd0a95c79b919737be7b07b87c4538107fb2b8e3"",""firm_route_basis"":""原件企业合并格/上下文候选；非登记实体认证""}]",0,按来源/日期/配置版本分别答复；同型号合并附件不等于同配置或逐车资格认证
安徽江淮汽车集团股份有限公司,HFC7001EAEV6,0,0,0,0,1,2208试验口径,"[{""purpose_scope"":""2208试验口径"",""source_record_ids"":""old-18-Word97--0-20"",""source_observation_date_upper"":""2018-06-19"",""source_file"":""原件/免征目录/mf_batch18.doc"",""source_sha256"":""43f5426f7f80996ee11a894710d7229c743abf7ad69ba239f61075e0a9ddd37a"",""firm_route_basis"":""原件企业合并格/上下文候选；非登记实体认证""}]",0,按来源/日期/配置版本分别答复；同型号合并附件不等于同配置或逐车资格认证
安徽江淮汽车集团股份有限公司,HFC7001EAEV7,0,0,0,0,1,2208试验口径,"[{""purpose_scope"":""2208试验口径"",""source_record_ids"":""old-22-Word97--0-27"",""source_observation_date_upper"":""2018-12-18"",""source_file"":""原件/免征目录/mf_batch22.doc"",""source_sha256"":""eaf3fc1e64742af85b3d4bc90388d0a93154a497fd6c1fb9bf73b857672e1212"",""firm_route_basis"":""原件企业合并格/上下文候选；非登记实体认证""}]",0,按来源/日期/配置版本分别答复；同型号合并附件不等于同配置或逐车资格认证
安徽江淮汽车集团股份有限公司,HFC7002BEV,0,0,0,0,1,2208试验口径,"[{""purpose_scope"":""2208试验口径"",""source_record_ids"":""old-30-Word97--0-56"",""source_observation_date_upper"":""2020-03-13"",""source_file"":""原件/免征目录/mf_batch30.doc"",""source_sha256"":""e7fa3b47858ec2035b8055bc15be00b2b26920a5e8d3cad481058a80b92ead24"",""firm_route_basis"":""原件企业合并格/上下文候选；非登记实体认证""}]",0,按来源/日期/配置版本分别答复；同型号合并附件不等于同配置或逐车资格认证
安徽江淮汽车集团股份有限公司,HFC7002BEV1,0,0,0,0,1,2208试验口径,"[{""purpose_scope"":""2208试验口径"",""source_record_ids"":""old-30-Word97--0-57"",""source_observation_date_upper"":""2020-03-13"",""source_file"":""原件/免征目录/mf_batch30.doc"",""source_sha256"":""e7fa3b47858ec2035b8055bc15be00b2b26920a5e8d3cad481058a80b92ead24"",""firm_route_basis"":""原件企业合并格/上下文候选；非登记实体认证""}]",0,按来源/日期/配置版本分别答复；同型号合并附件不等于同配置或逐车资格认证
安徽江淮汽车集团股份有限公司,HFC7002BEV2,0,0,0,0,1,2208试验口径,"[{""purpose_scope"":""2208试验口径"",""source_record_ids"":""old-35-Word97--0-24"",""source_observation_date_upper"":""2020-09-21"",""source_file"":""原件/免征目录/mf_batch35.wps"",""source_sha256"":""e4a6abd0e50daa81d029f8b37584511354700e855dc89de210fcba782b0643f0"",""firm_route_basis"":""原记录firm_raw""}]",0,按来源/日期/配置版本分别答复；同型号合并附件不等于同配置或逐车资格认证
安徽江淮汽车集团股份有限公司,HFC7002BEV3,0,0,0,0,1,2208试验口径,"[{""purpose_scope"":""2208试验口径"",""source_record_ids"":""old-35-Word97--0-25"",""source_observation_date_upper"":""2020-09-21"",""source_file"":""原件/免征目录/mf_batch35.wps"",""source_sha256"":""e4a6abd0e50daa81d029f8b37584511354700e855dc89de210fcba782b0643f0"",""firm_route_basis"":""原件企业合并格/上下文候选；非登记实体认证""}]",0,按来源/日期/配置版本分别答复；同型号合并附件不等于同配置或逐车资格认证
安徽江淮汽车集团股份有限公司,HFC7002BEV4,0,0,0,0,1,2208试验口径,"[{""purpose_scope"":""2208试验口径"",""source_record_ids"":""old-37-Word97--0-26"",""source_observation_date_upper"":""2020-11-30"",""source_file"":""原件/免征目录/mf_batch37.doc"",""source_sha256"":""136057faede292d8070763e326c8dbdcddf3790653cc6879a13758f91556881f"",""firm_route_basis"":""原记录firm_raw""}]",0,按来源/日期/配置版本分别答复；同型号合并附件不等于同配置或逐车资格认证
安徽江淮汽车集团股份有限公司,HFC7002BEV6,0,0,0,0,1,2208试验口径,"[{""purpose_scope"":""2208试验口径"",""source_record_ids"":""old-41-Word97--0-31"",""source_observation_date_upper"":""2021-03-31"",""source_file"":""原件/免征目录/mf_batch41.doc"",""source_sha256"":""ba4634c0877ebf99f8e462013e4a07e40f57478a4aaf921801a6c85a49c42b7f"",""firm_route_basis"":""原件企业合并格/上下文候选；非登记实体认证""}]",0,按来源/日期/配置版本分别答复；同型号合并附件不等于同配置或逐车资格认证
安徽江淮汽车集团股份有限公司,HFC7002BEV8,0,0,0,0,1,2208试验口径,"[{""purpose_scope"":""2208试验口径"",""source_record_ids"":""old-68-Word97--0-15"",""source_observation_date_upper"":""2023-08-16"",""source_file"":""原件/免征目录/mf_batch68.doc"",""source_sha256"":""58113d08377020d08de0aeb0e08ff63c4a4411dbe35ad69cfdd6f82fdf0fcc77"",""firm_route_basis"":""原件企业合并格/上下文候选；非登记实体认证""}]",0,按来源/日期/配置版本分别答复；同型号合并附件不等于同配置或逐车资格认证
安徽江淮汽车集团股份有限公司,HFC7002BEV9,0,0,0,0,1,2208试验口径,"[{""purpose_scope"":""2208试验口径"",""source_record_ids"":""old-68-Word97--0-11"",""source_observation_date_upper"":""2023-08-16"",""source_file"":""原件/免征目录/mf_batch68.doc"",""source_sha256"":""58113d08377020d08de0aeb0e08ff63c4a4411dbe35ad69cfdd6f82fdf0fcc77"",""firm_route_basis"":""原记录firm_raw""}]",0,按来源/日期/配置版本分别答复；同型号合并附件不等于同配置或逐车资格认证
安徽江淮汽车集团股份有限公司,HFC7002BSEV1,0,0,0,0,1,2208试验口径,"[{""purpose_scope"":""2208试验口径"",""source_record_ids"":""old-58-Word97--0-13"",""source_observation_date_upper"":""2022-09-16"",""source_file"":""原件/免征目录/mf_batch58.doc"",""source_sha256"":""b642358bb3078d2dde909a798935c0c1fc75d90f22b33f7c48aa87209acc100d"",""firm_route_basis"":""原记录firm_raw""}]",0,按来源/日期/配置版本分别答复；同型号合并附件不等于同配置或逐车资格认证
安徽江淮汽车集团股份有限公司,HFC7002BSEV2,0,0,0,1,1,92逐车资格;2208试验口径,"[{""purpose_scope"":""92逐车资格"",""source_record_ids"":""new-05-cell-4547;new-06-cell-5125"",""source_observation_date_upper"":""2024-05-20"",""source_file"":""原件/减免目录/cat_batch5.doc"",""source_sha256"":""be8c8373f926e8b033304f06a62d92b0f0fc066accc6841864c3fd414bc506ab"",""firm_route_basis"":""原记录firm_raw""},{""purpose_scope"":""2208试验口径"",""source_record_ids"":""old-68-Word97--0-13"",""source_observation_date_upper"":""2023-08-16"",""source_file"":""原件/免征目录/mf_batch68.doc"",""source_sha256"":""58113d08377020d08de0aeb0e08ff63c4a4411dbe35ad69cfdd6f82fdf0fcc77"",""firm_route_basis"":""原件企业合并格/上下文候选；非登记实体认证""}]",0,按来源/日期/配置版本分别答复；同型号合并附件不等于同配置或逐车资格认证
安徽江淮汽车集团股份有限公司,HFC7002CSEV1-W,0,0,0,1,0,92逐车资格,"[{""purpose_scope"":""92逐车资格"",""source_record_ids"":""new-04-cell-3258;new-06-cell-4753"",""source_observation_date_upper"":""2024-04-15"",""source_file"":""原件/减免目录/cat_batch4.doc"",""source_sha256"":""e6d4f6d7e11833351bf9e247aa8032273ad029b83385189b0ffebd81d10b8ce6"",""firm_route_basis"":""原件企业合并格/上下文候选；非登记实体认证""}]",0,按来源/日期/配置版本分别答复；同型号合并附件不等于同配置或逐车资格认证
安徽江淮汽车集团股份有限公司,HFC7002EWEV1,0,0,0,0,1,2208试验口径,"[{""purpose_scope"":""2208试验口径"",""source_record_ids"":""old-64-Word97--0-23"",""source_observation_date_upper"":""2023-04-17"",""source_file"":""原件/免征目录/mf_batch64.doc"",""source_sha256"":""c4e238989e7e40ec2c3a6a899ead170b4a745bc72546ba6fd4a5731d8890c6cb"",""firm_route_basis"":""原记录firm_raw""}]",0,按来源/日期/配置版本分别答复；同型号合并附件不等于同配置或逐车资格认证
安徽江淮汽车集团股份有限公司,HFC7002EWEV2,0,0,0,0,1,2208试验口径,"[{""purpose_scope"":""2208试验口径"",""source_record_ids"":""old-64-Word97--0-24"",""source_observation_date_upper"":""2023-04-17"",""source_file"":""原件/免征目录/mf_batch64.doc"",""source_sha256"":""c4e238989e7e40ec2c3a6a899ead170b4a745bc72546ba6fd4a5731d8890c6cb"",""firm_route_basis"":""原件企业合并格/上下文候选；非登记实体认证""}]",0,按来源/日期/配置版本分别答复；同型号合并附件不等于同配置或逐车资格认证
安徽江淮汽车集团股份有限公司,HFC7002MEV,0,0,0,0,1,2208试验口径,"[{""purpose_scope"":""2208试验口径"",""source_record_ids"":""old-23-Word97--0-18"",""source_observation_date_upper"":""2019-03-13"",""source_file"":""原件/免征目录/mf_batch23.docx"",""source_sha256"":""87f838de0da3ba5887f77b2bf5c1dbf5b427e7cef896309a7084c11dd8f5efa0"",""firm_route_basis"":""原件企业合并格/上下文候选；非登记实体认证""}]",0,按来源/日期/配置版本分别答复；同型号合并附件不等于同配置或逐车资格认证
安徽江淮汽车集团股份有限公司,HFC7002MEV1,0,0,0,0,1,2208试验口径,"[{""purpose_scope"":""2208试验口径"",""source_record_ids"":""old-23-Word97--0-19"",""source_observation_date_upper"":""2019-03-13"",""source_file"":""原件/免征目录/mf_batch23.docx"",""source_sha256"":""87f838de0da3ba5887f77b2bf5c1dbf5b427e7cef896309a7084c11dd8f5efa0"",""firm_route_basis"":""原件企业合并格/上下文候选；非登记实体认证""}]",0,按来源/日期/配置版本分别答复；同型号合并附件不等于同配置或逐车资格认证
安徽江淮汽车集团股份有限公司,HFC7002MEV2,0,0,0,0,1,2208试验口径,"[{""purpose_scope"":""2208试验口径"",""source_record_ids"":""old-23-Word97--0-24"",""source_observation_date_upper"":""2019-03-13"",""source_file"":""原件/免征目录/mf_batch23.docx"",""source_sha256"":""87f838de0da3ba5887f77b2bf5c1dbf5b427e7cef896309a7084c11dd8f5efa0"",""firm_route_basis"":""原件企业合并格/上下文候选；非登记实体认证""}]",0,按来源/日期/配置版本分别答复；同型号合并附件不等于同配置或逐车资格认证
安徽江淮汽车集团股份有限公司,HFC7002MEV3,0,0,0,0,1,2208试验口径,"[{""purpose_scope"":""2208试验口径"",""source_record_ids"":""old-25-Word97--0-77"",""source_observation_date_upper"":""2019-06-12"",""source_file"":""原件/免征目录/mf_batch25.wps"",""source_sha256"":""9d2abe319463522513fe9c90f98bb8d0a825b599267d0b3cc403cec9624b3297"",""firm_route_basis"":""原件企业合并格/上下文候选；非登记实体认证""}]",0,按来源/日期/配置版本分别答复；同型号合并附件不等于同配置或逐车资格认证
安徽江淮汽车集团股份有限公司,HFC7002MEV4,0,0,0,0,1,2208试验口径,"[{""purpose_scope"":""2208试验口径"",""source_record_ids"":""old-25-Word97--0-78"",""source_observation_date_upper"":""2019-06-12"",""source_file"":""原件/免征目录/mf_batch25.wps"",""source_sha256"":""9d2abe319463522513fe9c90f98bb8d0a825b599267d0b3cc403cec9624b3297"",""firm_route_basis"":""原件企业合并格/上下文候选；非登记实体认证""}]",0,按来源/日期/配置版本分别答复；同型号合并附件不等于同配置或逐车资格认证
安徽江淮汽车集团股份有限公司,HFC7002MEV7,0,0,0,0,1,2208试验口径,"[{""purpose_scope"":""2208试验口径"",""source_record_ids"":""old-35-Word97--0-26"",""source_observation_date_upper"":""2020-09-21"",""source_file"":""原件/免征目录/mf_batch35.wps"",""source_sha256"":""e4a6abd0e50daa81d029f8b37584511354700e855dc89de210fcba782b0643f0"",""firm_route_basis"":""原件企业合并格/上下文候选；非登记实体认证""}]",0,按来源/日期/配置版本分别答复；同型号合并附件不等于同配置或逐车资格认证
安徽江淮汽车集团股份有限公司,HFC7003CSEV1-W,0,0,0,1,0,92逐车资格,"[{""purpose_scope"":""92逐车资格"",""source_record_ids"":""new-04-cell-3269;new-06-cell-4765"",""source_observation_date_upper"":""2024-04-15"",""source_file"":""原件/减免目录/cat_batch4.doc"",""source_sha256"":""e6d4f6d7e11833351bf9e247aa8032273ad029b83385189b0ffebd81d10b8ce6"",""firm_route_basis"":""原件企业合并格/上下文候选；非登记实体认证""}]",0,按来源/日期/配置版本分别答复；同型号合并附件不等于同配置或逐车资格认证
安徽江淮汽车集团股份有限公司,HFC7004CSEV1-W,0,0,0,1,0,92逐车资格,"[{""purpose_scope"":""92逐车资格"",""source_record_ids"":""new-04-cell-3280;new-06-cell-4777"",""source_observation_date_upper"":""2024-04-15"",""source_file"":""原件/减免目录/cat_batch4.doc"",""source_sha256"":""e6d4f6d7e11833351bf9e247aa8032273ad029b83385189b0ffebd81d10b8ce6"",""firm_route_basis"":""原件企业合并格/上下文候选；非登记实体认证""}]",0,按来源/日期/配置版本分别答复；同型号合并附件不等于同配置或逐车资格认证
安徽猎豹汽车有限公司,LBA6431AABEV,0,0,0,0,1,2208试验口径,"[{""purpose_scope"":""2208试验口径"",""source_record_ids"":""old-14-Word97--0-2"",""source_observation_date_upper"":""2017-12-05"",""source_file"":""原件/免征目录/mf_batch14.docx"",""source_sha256"":""6a48764b5ccb7c4ffa6f54daa44d3a42095b8a981fc982e774ddaaded41e9921"",""firm_route_basis"":""原记录firm_raw""}]",0,按来源/日期/配置版本分别答复；同型号合并附件不等于同配置或逐车资格认证
安徽猎豹汽车有限公司,LBA6431BABEV,0,0,0,0,1,2208试验口径,"[{""purpose_scope"":""2208试验口径"",""source_record_ids"":""old-14-Word97--0-3"",""source_observation_date_upper"":""2017-12-05"",""source_file"":""原件/免征目录/mf_batch14.docx"",""source_sha256"":""6a48764b5ccb7c4ffa6f54daa44d3a42095b8a981fc982e774ddaaded41e9921"",""firm_route_basis"":""原件企业合并格/上下文候选；非登记实体认证""}]",0,按来源/日期/配置版本分别答复；同型号合并附件不等于同配置或逐车资格认证
安徽猎豹汽车有限公司,LBA6450AABEV,0,0,0,0,1,2208试验口径,"[{""purpose_scope"":""2208试验口径"",""source_record_ids"":""old-12-PDF-grid-1-0-2"",""source_observation_date_upper"":""2017-09-05"",""source_file"":""原件/免征目录/mf_batch12.pdf"",""source_sha256"":""afbd7133ccf901dbdc065b2ff80768450dc901def8d216cf5bb87baa98f7a1e2"",""firm_route_basis"":""原记录firm_raw""}]",0,按来源/日期/配置版本分别答复；同型号合并附件不等于同配置或逐车资格认证
安徽猎豹汽车有限公司,LBA7001AABEV,0,0,0,0,1,2208试验口径,"[{""purpose_scope"":""2208试验口径"",""source_record_ids"":""old-47-Word97--0-29"",""source_observation_date_upper"":""2021-09-30"",""source_file"":""原件/免征目录/mf_batch47.doc"",""source_sha256"":""fb4517fe8220b10bc435a77a5328df13c732c70b335942dfad0ae9394affe9b4"",""firm_route_basis"":""原件企业合并格/上下文候选；非登记实体认证""}]",0,按来源/日期/配置版本分别答复；同型号合并附件不等于同配置或逐车资格认证
安徽猎豹汽车有限公司,LBA7001BABEV,0,0,0,0,1,2208试验口径,"[{""purpose_scope"":""2208试验口径"",""source_record_ids"":""old-47-Word97--0-28"",""source_observation_date_upper"":""2021-09-30"",""source_file"":""原件/免征目录/mf_batch47.doc"",""source_sha256"":""fb4517fe8220b10bc435a77a5328df13c732c70b335942dfad0ae9394affe9b4"",""firm_route_basis"":""原记录firm_raw""}]",0,按来源/日期/配置版本分别答复；同型号合并附件不等于同配置或逐车资格认证
宜宾凯翼汽车有限公司,WHJ7000BEVHH111,0,0,0,1,0,92逐车资格,"[{""purpose_scope"":""92逐车资格"",""source_record_ids"":""new-06-cell-5593"",""source_observation_date_upper"":""2024-05-31"",""source_file"":""原件/减免目录/cat_batch6.doc"",""source_sha256"":""8017fdbcfa01dc3f5d2bd65fe4a06f5212edd78d39fee33fd47f6a2823eedcf7"",""firm_route_basis"":""原记录firm_raw""}]",0,按来源/日期/配置版本分别答复；同型号合并附件不等于同配置或逐车资格认证
宜宾凯翼汽车有限公司,WHJ7000BEVHH112,0,0,0,0,1,2208试验口径,"[{""purpose_scope"":""2208试验口径"",""source_record_ids"":""old-70-Word97--0-38"",""source_observation_date_upper"":""2023-10-18"",""source_file"":""原件/免征目录/mf_batch70.doc"",""source_sha256"":""29b9f5df62602e114f0ed01426c185fdb15a654022cdf16d4df624bb736ed813"",""firm_route_basis"":""原记录firm_raw""}]",0,按来源/日期/配置版本分别答复；同型号合并附件不等于同配置或逐车资格认证
宜宾凯翼汽车有限公司,WHJ7001BEVFX11,0,0,0,0,1,2208试验口径,"[{""purpose_scope"":""2208试验口径"",""source_record_ids"":""old-46-Word97--0-32"",""source_observation_date_upper"":""2021-09-10"",""source_file"":""原件/免征目录/mf_batch46.doc"",""source_sha256"":""a4b2048b3d5c29a8969f0348e9fd19a3293f0c23e6f37a48bf42a2ed70c7d37d"",""firm_route_basis"":""原记录firm_raw""}]",0,按来源/日期/配置版本分别答复；同型号合并附件不等于同配置或逐车资格认证
宝马(中国)汽车贸易有限公司,I31Z21,0,0,0,0,1,2208试验口径,"[{""purpose_scope"":""2208试验口径"",""source_record_ids"":""old-05-PDF-grid-2-0-4"",""source_observation_date_upper"":""2015-09-11"",""source_file"":""原件/免征目录/mf_batch05.pdf"",""source_sha256"":""658aa5fbf13859a9bbe1db6235da2f7e79fc325cc34e4c0ec1ffab7f8cc2ebca"",""firm_route_basis"":""原记录firm_raw""}]",0,按来源/日期/配置版本分别答复；同型号合并附件不等于同配置或逐车资格认证
宝马(中国)汽车贸易有限公司,I31Z61,0,0,0,0,1,2208试验口径,"[{""purpose_scope"":""2208试验口径"",""source_record_ids"":""old-10-PDF-grid-3-0-16"",""source_observation_date_upper"":""2017-04-27"",""source_file"":""原件/免征目录/mf_batch10.pdf"",""source_sha256"":""ac1b1ad2605b4f24762fb1f01cea64b685393577d01648618fa1882bb5700ac3"",""firm_route_basis"":""原记录firm_raw""}]",0,按来源/日期/配置版本分别答复；同型号合并附件不等于同配置或逐车资格认证
宝马(中国)汽车贸易有限公司,I38P21,0,0,0,0,1,2208试验口径,"[{""purpose_scope"":""2208试验口径"",""source_record_ids"":""old-23-Word97--0-59"",""source_observation_date_upper"":""2019-03-13"",""source_file"":""原件/免征目录/mf_batch23.docx"",""source_sha256"":""87f838de0da3ba5887f77b2bf5c1dbf5b427e7cef896309a7084c11dd8f5efa0"",""firm_route_basis"":""原记录firm_raw""}]",0,按来源/日期/配置版本分别答复；同型号合并附件不等于同配置或逐车资格认证
宝马(中国)汽车贸易有限公司,I4EDRIVE3541AW,0,0,0,0,1,2208试验口径,"[{""purpose_scope"":""2208试验口径"",""source_record_ids"":""old-62-Word97--0-3"",""source_observation_date_upper"":""2023-02-20"",""source_file"":""原件/免征目录/mf_batch62.doc"",""source_sha256"":""7694ac7207998b6af7c895cdd2c1d752421df436d4b28f83195261dd47f6509c"",""firm_route_basis"":""原记录firm_raw""}]",0,按来源/日期/配置版本分别答复；同型号合并附件不等于同配置或逐车资格认证
宝马(中国)汽车贸易有限公司,I4EDRIVE4071AW,0,0,0,0,1,2208试验口径,"[{""purpose_scope"":""2208试验口径"",""source_record_ids"":""old-50-Word97--0-50"",""source_observation_date_upper"":""2021-12-29"",""source_file"":""原件/免征目录/mf_batch50.doc"",""source_sha256"":""3810672d92621612507384960254de602e629e75a308df22ee2291519445095e"",""firm_route_basis"":""原件企业合并格/上下文候选；非登记实体认证""}]",0,按来源/日期/配置版本分别答复；同型号合并附件不等于同配置或逐车资格认证
宝马(中国)汽车贸易有限公司,I4M5031AW,0,0,0,0,1,2208试验口径,"[{""purpose_scope"":""2208试验口径"",""source_record_ids"":""old-50-Word97--0-49"",""source_observation_date_upper"":""2021-12-29"",""source_file"":""原件/免征目录/mf_batch50.doc"",""source_sha256"":""3810672d92621612507384960254de602e629e75a308df22ee2291519445095e"",""firm_route_basis"":""原记录firm_raw""}]",0,按来源/日期/配置版本分别答复；同型号合并附件不等于同配置或逐车资格认证
宝马(中国)汽车贸易有限公司,I7EDRIVE50L41EJ,0,0,0,0,1,2208试验口径,"[{""purpose_scope"":""2208试验口径"",""source_record_ids"":""old-65-Word97--0-5"",""source_observation_date_upper"":""2023-05-09"",""source_file"":""原件/免征目录/mf_batch65.doc"",""source_sha256"":""06a6a578a9a60516a845bc92deac49954438a789e9e4a7cf3cd140f256d9b13d"",""firm_route_basis"":""原件企业合并格/上下文候选；非登记实体认证""}]",0,按来源/日期/配置版本分别答复；同型号合并附件不等于同配置或逐车资格认证
宝马(中国)汽车贸易有限公司,I7XDRIVE60L51EJ,0,0,0,0,1,2208试验口径,"[{""purpose_scope"":""2208试验口径"",""source_record_ids"":""old-59-Word97--0-2"",""source_observation_date_upper"":""2022-10-10"",""source_file"":""原件/免征目录/mf_batch59.doc"",""source_sha256"":""32738e2df847e0c74ff96d48b8a13e1dd9c31aee84b7c0a633e2d9c8a3e01f86"",""firm_route_basis"":""原记录firm_raw""}]",0,按来源/日期/配置版本分别答复；同型号合并附件不等于同配置或逐车资格认证
宝马(中国)汽车贸易有限公司,IXM6031CF,0,0,0,0,1,2208试验口径,"[{""purpose_scope"":""2208试验口径"",""source_record_ids"":""old-54-Word97--0-2"",""source_observation_date_upper"":""2022-05-12"",""source_file"":""原件/免征目录/mf_batch54.doc"",""source_sha256"":""e4ce106fc0fb21bc61cac40ff0de97e60dff2d18b5b7d24c494bb74873312fd7"",""firm_route_basis"":""原记录firm_raw""}]",0,按来源/日期/配置版本分别答复；同型号合并附件不等于同配置或逐车资格认证
宝马(中国)汽车贸易有限公司,IXM6031CF22,0,0,0,0,1,2208试验口径,"[{""purpose_scope"":""2208试验口径"",""source_record_ids"":""old-65-Word97--0-4"",""source_observation_date_upper"":""2023-05-09"",""source_file"":""原件/免征目录/mf_batch65.doc"",""source_sha256"":""06a6a578a9a60516a845bc92deac49954438a789e9e4a7cf3cd140f256d9b13d"",""firm_route_basis"":""原记录firm_raw""}]",0,按来源/日期/配置版本分别答复；同型号合并附件不等于同配置或逐车资格认证
宝马(中国)汽车贸易有限公司,IXXDRIVE4011CF,0,0,0,0,1,2208试验口径,"[{""purpose_scope"":""2208试验口径"",""source_record_ids"":""old-49-Word97--0-25"",""source_observation_date_upper"":""2021-12-08"",""source_file"":""原件/免征目录/mf_batch49.doc"",""source_sha256"":""c7a56509a4d9272982da0abc9d1ea213ee1fbea3d0f1edad124630c9b5e3474e"",""firm_route_basis"":""原记录firm_raw""}]",0,按来源/日期/配置版本分别答复；同型号合并附件不等于同配置或逐车资格认证
宝马(中国)汽车贸易有限公司,IXXDRIVE5021CF,0,0,0,0,1,2208试验口径,"[{""purpose_scope"":""2208试验口径"",""source_record_ids"":""old-48-Word97--0-45"",""source_observation_date_upper"":""2021-11-05"",""source_file"":""原件/免征目录/mf_batch48.doc"",""source_sha256"":""ee5aa19736215cfcb3b76ffff90bcd0d9108c61758ccb756f7d4ad17e75a835c"",""firm_route_basis"":""原记录firm_raw""}]",0,按来源/日期/配置版本分别答复；同型号合并附件不等于同配置或逐车资格认证
山东国金汽车制造有限公司,SGA6460BEV,0,0,0,0,1,2208试验口径,"[{""purpose_scope"":""2208试验口径"",""source_record_ids"":""old-26-DOCX--0-29"",""source_observation_date_upper"":""2019-08-30"",""source_file"":""原件/免征目录/mf_batch26.docx"",""source_sha256"":""de0890335ef3a4f1302a8a0735ec8b6aed52e994e2635db481820060d62248b5"",""firm_route_basis"":""原记录firm_raw""}]",0,按来源/日期/配置版本分别答复；同型号合并附件不等于同配置或逐车资格认证
山东国金汽车制造有限公司,SGA6470BEV,0,0,0,0,1,2208试验口径,"[{""purpose_scope"":""2208试验口径"",""source_record_ids"":""old-50-Word97--0-14"",""source_observation_date_upper"":""2021-12-29"",""source_file"":""原件/免征目录/mf_batch50.doc"",""source_sha256"":""3810672d92621612507384960254de602e629e75a308df22ee2291519445095e"",""firm_route_basis"":""原件企业合并格/上下文候选；非登记实体认证""}]",0,按来源/日期/配置版本分别答复；同型号合并附件不等于同配置或逐车资格认证
山东国金汽车制造有限公司,SGA7000BEV,0,0,0,0,1,2208试验口径,"[{""purpose_scope"":""2208试验口径"",""source_record_ids"":""old-50-Word97--0-12"",""source_observation_date_upper"":""2021-12-29"",""source_file"":""原件/免征目录/mf_batch50.doc"",""source_sha256"":""3810672d92621612507384960254de602e629e75a308df22ee2291519445095e"",""firm_route_basis"":""原件企业合并格/上下文候选；非登记实体认证""}]",0,按来源/日期/配置版本分别答复；同型号合并附件不等于同配置或逐车资格认证
山东国金汽车制造有限公司,SGA7000BEV1,0,0,0,0,1,2208试验口径,"[{""purpose_scope"":""2208试验口径"",""source_record_ids"":""old-50-Word97--0-13"",""source_observation_date_upper"":""2021-12-29"",""source_file"":""原件/免征目录/mf_batch50.doc"",""source_sha256"":""3810672d92621612507384960254de602e629e75a308df22ee2291519445095e"",""firm_route_basis"":""原件企业合并格/上下文候选；非登记实体认证""}]",0,按来源/日期/配置版本分别答复；同型号合并附件不等于同配置或逐车资格认证
山东国金汽车制造有限公司,SGA7000BEV2,0,0,0,0,1,2208试验口径,"[{""purpose_scope"":""2208试验口径"",""source_record_ids"":""old-50-Word97--0-15"",""source_observation_date_upper"":""2021-12-29"",""source_file"":""原件/免征目录/mf_batch50.doc"",""source_sha256"":""3810672d92621612507384960254de602e629e75a308df22ee2291519445095e"",""firm_route_basis"":""原件企业合并格/上下文候选；非登记实体认证""}]",0,按来源/日期/配置版本分别答复；同型号合并附件不等于同配置或逐车资格认证
山东国金汽车制造有限公司,SGA7000BEV3,0,0,0,0,1,2208试验口径,"[{""purpose_scope"":""2208试验口径"",""source_record_ids"":""old-50-Word97--0-11"",""source_observation_date_upper"":""2021-12-29"",""source_file"":""原件/免征目录/mf_batch50.doc"",""source_sha256"":""3810672d92621612507384960254de602e629e75a308df22ee2291519445095e"",""firm_route_basis"":""原记录firm_raw""}]",0,按来源/日期/配置版本分别答复；同型号合并附件不等于同配置或逐车资格认证
山西成功汽车制造有限公司,SCH6431BEV,0,0,0,0,1,2208试验口径,"[{""purpose_scope"":""2208试验口径"",""source_record_ids"":""old-12-PDF-grid-2-0-12"",""source_observation_date_upper"":""2017-09-05"",""source_file"":""原件/免征目录/mf_batch12.pdf"",""source_sha256"":""afbd7133ccf901dbdc065b2ff80768450dc901def8d216cf5bb87baa98f7a1e2"",""firm_route_basis"":""原记录firm_raw""}]",0,按来源/日期/配置版本分别答复；同型号合并附件不等于同配置或逐车资格认证
山西成功汽车制造有限公司,SCH6431BEV1,0,0,0,0,1,2208试验口径,"[{""purpose_scope"":""2208试验口径"",""source_record_ids"":""old-19-DOCX--0-42"",""source_observation_date_upper"":""2018-07-31"",""source_file"":""原件/免征目录/mf_batch19.docx"",""source_sha256"":""fafd1558aa0f21067847c19bdd0a95c79b919737be7b07b87c4538107fb2b8e3"",""firm_route_basis"":""原记录firm_raw""}]",0,按来源/日期/配置版本分别答复；同型号合并附件不等于同配置或逐车资格认证
山西成功汽车制造有限公司,SCH6450BEV,0,0,0,0,1,2208试验口径,"[{""purpose_scope"":""2208试验口径"",""source_record_ids"":""old-32-Word97--0-34"",""source_observation_date_upper"":""2020-06-02"",""source_file"":""原件/免征目录/mf_batch32.doc"",""source_sha256"":""ad7c65b4831a05b7c70e1e73fe834aa9beed883c66f898e799fcbbeb43cc3d75"",""firm_route_basis"":""原记录firm_raw""}]",0,按来源/日期/配置版本分别答复；同型号合并附件不等于同配置或逐车资格认证
山西成功汽车制造有限公司,SCH6450BEVC,0,0,0,0,1,2208试验口径,"[{""purpose_scope"":""2208试验口径"",""source_record_ids"":""old-33-Word97--0-60"",""source_observation_date_upper"":""2020-07-21"",""source_file"":""原件/免征目录/mf_batch33.doc"",""source_sha256"":""ff98fbb1708c47cdcfc1e79e7a1647e72a7ae6d4255dce3b250d661001340c09"",""firm_route_basis"":""原记录firm_raw""}]",0,按来源/日期/配置版本分别答复；同型号合并附件不等于同配置或逐车资格认证
山西新能源汽车工业有限公司,JHC7002BEV25,0,0,0,0,1,2208试验口径,"[{""purpose_scope"":""2208试验口径"",""source_record_ids"":""old-24-Word97--2-7"",""source_observation_date_upper"":""2019-04-30"",""source_file"":""原件/免征目录/mf_batch24.wps"",""source_sha256"":""07775a0cb063fe0fce5880b9378dd1eb2522b725d645cabdee314d604779939d"",""firm_route_basis"":""原记录firm_raw""}]",0,按来源/日期/配置版本分别答复；同型号合并附件不等于同配置或逐车资格认证
山西新能源汽车工业有限公司,JHC7002BEV26,0,0,0,0,1,2208试验口径,"[{""purpose_scope"":""2208试验口径"",""source_record_ids"":""old-24-Word97--2-8"",""source_observation_date_upper"":""2019-04-30"",""source_file"":""原件/免征目录/mf_batch24.wps"",""source_sha256"":""07775a0cb063fe0fce5880b9378dd1eb2522b725d645cabdee314d604779939d"",""firm_route_basis"":""原件企业合并格/上下文候选；非登记实体认证""}]",0,按来源/日期/配置版本分别答复；同型号合并附件不等于同配置或逐车资格认证
山西新能源汽车工业有限公司,JHC7002BEV27,0,0,0,0,1,2208试验口径,"[{""purpose_scope"":""2208试验口径"",""source_record_ids"":""old-25-Word97--0-44"",""source_observation_date_upper"":""2019-06-12"",""source_file"":""原件/免征目录/mf_batch25.wps"",""source_sha256"":""9d2abe319463522513fe9c90f98bb8d0a825b599267d0b3cc403cec9624b3297"",""firm_route_basis"":""原件企业合并格/上下文候选；非登记实体认证""}]",0,按来源/日期/配置版本分别答复；同型号合并附件不等于同配置或逐车资格认证
山西新能源汽车工业有限公司,JHC7002BEV33,0,0,0,0,1,2208试验口径,"[{""purpose_scope"":""2208试验口径"",""source_record_ids"":""old-25-Word97--0-45"",""source_observation_date_upper"":""2019-06-12"",""source_file"":""原件/免征目录/mf_batch25.wps"",""source_sha256"":""9d2abe319463522513fe9c90f98bb8d0a825b599267d0b3cc403cec9624b3297"",""firm_route_basis"":""原件企业合并格/上下文候选；非登记实体认证""}]",0,按来源/日期/配置版本分别答复；同型号合并附件不等于同配置或逐车资格认证
山西新能源汽车工业有限公司,JHC7002BEV34,0,0,0,0,1,2208试验口径,"[{""purpose_scope"":""2208试验口径"",""source_record_ids"":""old-25-Word97--0-46"",""source_observation_date_upper"":""2019-06-12"",""source_file"":""原件/免征目录/mf_batch25.wps"",""source_sha256"":""9d2abe319463522513fe9c90f98bb8d0a825b599267d0b3cc403cec9624b3297"",""firm_route_basis"":""原件企业合并格/上下文候选；非登记实体认证""}]",0,按来源/日期/配置版本分别答复；同型号合并附件不等于同配置或逐车资格认证
山西新能源汽车工业有限公司,JHC7002BEV38,0,0,0,0,1,2208试验口径,"[{""purpose_scope"":""2208试验口径"",""source_record_ids"":""old-25-Word97--0-47"",""source_observation_date_upper"":""2019-06-12"",""source_file"":""原件/免征目录/mf_batch25.wps"",""source_sha256"":""9d2abe319463522513fe9c90f98bb8d0a825b599267d0b3cc403cec9624b3297"",""firm_route_basis"":""原件企业合并格/上下文候选；非登记实体认证""}]",0,按来源/日期/配置版本分别答复；同型号合并附件不等于同配置或逐车资格认证
山西新能源汽车工业有限公司,JHC7002BEV39,0,0,0,0,1,2208试验口径,"[{""purpose_scope"":""2208试验口径"",""source_record_ids"":""old-25-Word97--0-48"",""source_observation_date_upper"":""2019-06-12"",""source_file"":""原件/免征目录/mf_batch25.wps"",""source_sha256"":""9d2abe319463522513fe9c90f98bb8d0a825b599267d0b3cc403cec9624b3297"",""firm_route_basis"":""原件企业合并格/上下文候选；非登记实体认证""}]",0,按来源/日期/配置版本分别答复；同型号合并附件不等于同配置或逐车资格认证
山西新能源汽车工业有限公司,JHC7002BEV41,0,0,0,0,1,2208试验口径,"[{""purpose_scope"":""2208试验口径"",""source_record_ids"":""old-25-Word97--0-50"",""source_observation_date_upper"":""2019-06-12"",""source_file"":""原件/免征目录/mf_batch25.wps"",""source_sha256"":""9d2abe319463522513fe9c90f98bb8d0a825b599267d0b3cc403cec9624b3297"",""firm_route_basis"":""原件企业合并格/上下文候选；非登记实体认证""}]",0,按来源/日期/配置版本分别答复；同型号合并附件不等于同配置或逐车资格认证
山西新能源汽车工业有限公司,JHC7002BEV45,0,0,0,0,1,2208试验口径,"[{""purpose_scope"":""2208试验口径"",""source_record_ids"":""old-27-Word97--0-13"",""source_observation_date_upper"":""2019-10-25"",""source_file"":""原件/免征目录/mf_batch27.doc"",""source_sha256"":""2bd67cf7e1efc03ae93942d0d340ffef87478709520383b6ee4d08baf843ead1"",""firm_route_basis"":""原件企业合并格/上下文候选；非登记实体认证""}]",0,按来源/日期/配置版本分别答复；同型号合并附件不等于同配置或逐车资格认证
山西新能源汽车工业有限公司,JHC7002BEV46,0,0,0,0,1,2208试验口径,"[{""purpose_scope"":""2208试验口径"",""source_record_ids"":""old-27-Word97--0-14"",""source_observation_date_upper"":""2019-10-25"",""source_file"":""原件/免征目录/mf_batch27.doc"",""source_sha256"":""2bd67cf7e1efc03ae93942d0d340ffef87478709520383b6ee4d08baf843ead1"",""firm_route_basis"":""原件企业合并格/上下文候选；非登记实体认证""}]",0,按来源/日期/配置版本分别答复；同型号合并附件不等于同配置或逐车资格认证
山西新能源汽车工业有限公司,JHC7002BEV47,0,0,0,0,1,2208试验口径,"[{""purpose_scope"":""2208试验口径"",""source_record_ids"":""old-33-Word97--0-14"",""source_observation_date_upper"":""2020-07-21"",""source_file"":""原件/免征目录/mf_batch33.doc"",""source_sha256"":""ff98fbb1708c47cdcfc1e79e7a1647e72a7ae6d4255dce3b250d661001340c09"",""firm_route_basis"":""原记录firm_raw""}]",0,按来源/日期/配置版本分别答复；同型号合并附件不等于同配置或逐车资格认证
山西新能源汽车工业有限公司,JHC7002BEV48,0,0,0,0,1,2208试验口径,"[{""purpose_scope"":""2208试验口径"",""source_record_ids"":""old-33-Word97--0-15"",""source_observation_date_upper"":""2020-07-21"",""source_file"":""原件/免征目录/mf_batch33.doc"",""source_sha256"":""ff98fbb1708c47cdcfc1e79e7a1647e72a7ae6d4255dce3b250d661001340c09"",""firm_route_basis"":""原件企业合并格/上下文候选；非登记实体认证""}]",0,按来源/日期/配置版本分别答复；同型号合并附件不等于同配置或逐车资格认证
山西新能源汽车工业有限公司,JHC7002BEV51,0,0,0,0,1,2208试验口径,"[{""purpose_scope"":""2208试验口径"",""source_record_ids"":""old-24-Word97--2-10"",""source_observation_date_upper"":""2019-04-30"",""source_file"":""原件/免征目录/mf_batch24.wps"",""source_sha256"":""07775a0cb063fe0fce5880b9378dd1eb2522b725d645cabdee314d604779939d"",""firm_route_basis"":""原件企业合并格/上下文候选；非登记实体认证""}]",0,按来源/日期/配置版本分别答复；同型号合并附件不等于同配置或逐车资格认证
山西新能源汽车工业有限公司,JHC7002BEV55,0,0,0,0,1,2208试验口径,"[{""purpose_scope"":""2208试验口径"",""source_record_ids"":""old-25-Word97--0-54"",""source_observation_date_upper"":""2019-06-12"",""source_file"":""原件/免征目录/mf_batch25.wps"",""source_sha256"":""9d2abe319463522513fe9c90f98bb8d0a825b599267d0b3cc403cec9624b3297"",""firm_route_basis"":""原件企业合并格/上下文候选；非登记实体认证""}]",0,按来源/日期/配置版本分别答复；同型号合并附件不等于同配置或逐车资格认证
山西新能源汽车工业有限公司,JHC7002BEV60,0,0,0,0,1,2208试验口径,"[{""purpose_scope"":""2208试验口径"",""source_record_ids"":""old-25-Word97--0-55"",""source_observation_date_upper"":""2019-06-12"",""source_file"":""原件/免征目录/mf_batch25.wps"",""source_sha256"":""9d2abe319463522513fe9c90f98bb8d0a825b599267d0b3cc403cec9624b3297"",""firm_route_basis"":""原记录firm_raw""}]",0,按来源/日期/配置版本分别答复；同型号合并附件不等于同配置或逐车资格认证
山西新能源汽车工业有限公司,JHC7002BEV63,0,0,0,0,1,2208试验口径,"[{""purpose_scope"":""2208试验口径"",""source_record_ids"":""old-27-Word97--0-15"",""source_observation_date_upper"":""2019-10-25"",""source_file"":""原件/免征目录/mf_batch27.doc"",""source_sha256"":""2bd67cf7e1efc03ae93942d0d340ffef87478709520383b6ee4d08baf843ead1"",""firm_route_basis"":""原件企业合并格/上下文候选；非登记实体认证""}]",0,按来源/日期/配置版本分别答复；同型号合并附件不等于同配置或逐车资格认证
山西新能源汽车工业有限公司,JHC7002BEV64,0,0,0,0,1,2208试验口径,"[{""purpose_scope"":""2208试验口径"",""source_record_ids"":""old-33-Word97--0-16"",""source_observation_date_upper"":""2020-07-21"",""source_file"":""原件/免征目录/mf_batch33.doc"",""source_sha256"":""ff98fbb1708c47cdcfc1e79e7a1647e72a7ae6d4255dce3b250d661001340c09"",""firm_route_basis"":""原件企业合并格/上下文候选；非登记实体认证""}]",0,按来源/日期/配置版本分别答复；同型号合并附件不等于同配置或逐车资格认证
山西新能源汽车工业有限公司,JHC7002BEV67,0,0,0,0,1,2208试验口径,"[{""purpose_scope"":""2208试验口径"",""source_record_ids"":""old-66-Word97--0-6"",""source_observation_date_upper"":""2023-06-08"",""source_file"":""原件/免征目录/mf_batch66.doc"",""source_sha256"":""05a5fce42de1c5412803fe6a7bb46d04c4d61cb71dc5d88a9b59a3e884350544"",""firm_route_basis"":""原件企业合并格/上下文候选；非登记实体认证""}]",0,按来源/日期/配置版本分别答复；同型号合并附件不等于同配置或逐车资格认证
山西新能源汽车工业有限公司,JHC7002BEV68,0,0,0,0,1,2208试验口径,"[{""purpose_scope"":""2208试验口径"",""source_record_ids"":""old-66-Word97--0-5"",""source_observation_date_upper"":""2023-06-08"",""source_file"":""原件/免征目录/mf_batch66.doc"",""source_sha256"":""05a5fce42de1c5412803fe6a7bb46d04c4d61cb71dc5d88a9b59a3e884350544"",""firm_route_basis"":""原记录firm_raw""}]",0,按来源/日期/配置版本分别答复；同型号合并附件不等于同配置或逐车资格认证
山西新能源汽车工业有限公司,JHC7002BEV69,0,0,0,0,1,2208试验口径,"[{""purpose_scope"":""2208试验口径"",""source_record_ids"":""old-67-Word97--0-6"",""source_observation_date_upper"":""2023-07-17"",""source_file"":""原件/免征目录/mf_batch67.doc"",""source_sha256"":""963a02fcc1f361414f4f003c6d63e00b178d0b962134ed2206c38978f3118101"",""firm_route_basis"":""原记录firm_raw""}]",0,按来源/日期/配置版本分别答复；同型号合并附件不等于同配置或逐车资格认证
山西新能源汽车工业有限公司,JHC7003BEV01,0,0,0,0,1,2208试验口径,"[{""purpose_scope"":""2208试验口径"",""source_record_ids"":""old-30-Word97--0-41"",""source_observation_date_upper"":""2020-03-13"",""source_file"":""原件/免征目录/mf_batch30.doc"",""source_sha256"":""e7fa3b47858ec2035b8055bc15be00b2b26920a5e8d3cad481058a80b92ead24"",""firm_route_basis"":""原记录firm_raw""}]",0,按来源/日期/配置版本分别答复；同型号合并附件不等于同配置或逐车资格认证
山西新能源汽车工业有限公司,JHC7003BEV03,0,0,0,0,1,2208试验口径,"[{""purpose_scope"":""2208试验口径"",""source_record_ids"":""old-30-Word97--0-43"",""source_observation_date_upper"":""2020-03-13"",""source_file"":""原件/免征目录/mf_batch30.doc"",""source_sha256"":""e7fa3b47858ec2035b8055bc15be00b2b26920a5e8d3cad481058a80b92ead24"",""firm_route_basis"":""原件企业合并格/上下文候选；非登记实体认证""}]",0,按来源/日期/配置版本分别答复；同型号合并附件不等于同配置或逐车资格认证
山西新能源汽车工业有限公司,JHC7003BEV04,0,0,0,0,1,2208试验口径,"[{""purpose_scope"":""2208试验口径"",""source_record_ids"":""old-33-Word97--0-17"",""source_observation_date_upper"":""2020-07-21"",""source_file"":""原件/免征目录/mf_batch33.doc"",""source_sha256"":""ff98fbb1708c47cdcfc1e79e7a1647e72a7ae6d4255dce3b250d661001340c09"",""firm_route_basis"":""原记录firm_raw""}]",0,按来源/日期/配置版本分别答复；同型号合并附件不等于同配置或逐车资格认证
山西新能源汽车工业有限公司,JHC7003BEV06,0,0,0,0,1,2208试验口径,"[{""purpose_scope"":""2208试验口径"",""source_record_ids"":""old-32-Word97--0-11"",""source_observation_date_upper"":""2020-06-02"",""source_file"":""原件/免征目录/mf_batch32.doc"",""source_sha256"":""ad7c65b4831a05b7c70e1e73fe834aa9beed883c66f898e799fcbbeb43cc3d75"",""firm_route_basis"":""原记录firm_raw""}]",0,按来源/日期/配置版本分别答复；同型号合并附件不等于同配置或逐车资格认证
广州汽车集团乘用车(杭州)有限公司,GAH7000BEVH0A,0,0,0,0,1,2208试验口径,"[{""purpose_scope"":""2208试验口径"",""source_record_ids"":""old-16-Word97--0-19"",""source_observation_date_upper"":""2018-02-13"",""source_file"":""原件/免征目录/mf_batch16.docx"",""source_sha256"":""9db5ace6c1c59bd9636d48636f94fa77d2b6e0aa27b109421690ce6a8c4a3967"",""firm_route_basis"":""原记录firm_raw""}]",0,按来源/日期/配置版本分别答复；同型号合并附件不等于同配置或逐车资格认证
广州汽车集团乘用车(杭州)有限公司,GAH7000BEVH0B,0,0,0,0,1,2208试验口径,"[{""purpose_scope"":""2208试验口径"",""source_record_ids"":""old-18-Word97--0-34"",""source_observation_date_upper"":""2018-06-19"",""source_file"":""原件/免征目录/mf_batch18.doc"",""source_sha256"":""43f5426f7f80996ee11a894710d7229c743abf7ad69ba239f61075e0a9ddd37a"",""firm_route_basis"":""原记录firm_raw""}]",0,按来源/日期/配置版本分别答复；同型号合并附件不等于同配置或逐车资格认证
广州汽车集团乘用车有限公司,GAC7000BEVH0A,0,0,0,0,1,2208试验口径,"[{""purpose_scope"":""2208试验口径"",""source_record_ids"":""old-10-PDF-grid-2-0-2"",""source_observation_date_upper"":""2017-04-27"",""source_file"":""原件/免征目录/mf_batch10.pdf"",""source_sha256"":""ac1b1ad2605b4f24762fb1f01cea64b685393577d01648618fa1882bb5700ac3"",""firm_route_basis"":""原记录firm_raw""}]",0,按来源/日期/配置版本分别答复；同型号合并附件不等于同配置或逐车资格认证
广汽三菱汽车有限公司,GMC6460AEV,0,0,0,0,1,2208试验口径,"[{""purpose_scope"":""2208试验口径"",""source_record_ids"":""old-46-Word97--0-9"",""source_observation_date_upper"":""2021-09-10"",""source_file"":""原件/免征目录/mf_batch46.doc"",""source_sha256"":""a4b2048b3d5c29a8969f0348e9fd19a3293f0c23e6f37a48bf42a2ed70c7d37d"",""firm_route_basis"":""原记录firm_raw""}]",0,按来源/日期/配置版本分别答复；同型号合并附件不等于同配置或逐车资格认证
广汽三菱汽车有限公司,GMC6461AEV,0,0,0,0,1,2208试验口径,"[{""purpose_scope"":""2208试验口径"",""source_record_ids"":""old-49-Word97--0-4"",""source_observation_date_upper"":""2021-12-08"",""source_file"":""原件/免征目录/mf_batch49.doc"",""source_sha256"":""c7a56509a4d9272982da0abc9d1ea213ee1fbea3d0f1edad124630c9b5e3474e"",""firm_route_basis"":""原记录firm_raw""}]",0,按来源/日期/配置版本分别答复；同型号合并附件不等于同配置或逐车资格认证
广汽三菱汽车有限公司,GMC6461BEV,0,0,0,0,1,2208试验口径,"[{""purpose_scope"":""2208试验口径"",""source_record_ids"":""old-50-Word97--0-10"",""source_observation_date_upper"":""2021-12-29"",""source_file"":""原件/免征目录/mf_batch50.doc"",""source_sha256"":""3810672d92621612507384960254de602e629e75a308df22ee2291519445095e"",""firm_route_basis"":""原记录firm_raw""}]",0,按来源/日期/配置版本分别答复；同型号合并附件不等于同配置或逐车资格认证
广汽三菱汽车有限公司,GMC7000BEV,0,0,0,0,1,2208试验口径,"[{""purpose_scope"":""2208试验口径"",""source_record_ids"":""old-19-DOCX--0-24"",""source_observation_date_upper"":""2018-07-31"",""source_file"":""原件/免征目录/mf_batch19.docx"",""source_sha256"":""fafd1558aa0f21067847c19bdd0a95c79b919737be7b07b87c4538107fb2b8e3"",""firm_route_basis"":""原件企业合并格/上下文候选；非登记实体认证""}]",0,按来源/日期/配置版本分别答复；同型号合并附件不等于同配置或逐车资格认证
广汽三菱汽车有限公司,GMC7000CEV,0,0,0,0,1,2208试验口径,"[{""purpose_scope"":""2208试验口径"",""source_record_ids"":""old-24-Word97--4-9"",""source_observation_date_upper"":""2019-04-30"",""source_file"":""原件/免征目录/mf_batch24.wps"",""source_sha256"":""07775a0cb063fe0fce5880b9378dd1eb2522b725d645cabdee314d604779939d"",""firm_route_basis"":""原记录firm_raw""}]",0,按来源/日期/配置版本分别答复；同型号合并附件不等于同配置或逐车资格认证
广汽丰田汽车有限公司,GTM6450GBEV,0,0,0,0,1,2208试验口径,"[{""purpose_scope"":""2208试验口径"",""source_record_ids"":""old-17-PDF-grid-1-0-18"",""source_observation_date_upper"":""2018-04-16"",""source_file"":""原件/免征目录/mf_batch17.pdf"",""source_sha256"":""577a4ba9c586fe08565f6a60e6de5474698031566d8dcef484cd44335879e334"",""firm_route_basis"":""原记录firm_raw""}]",0,按来源/日期/配置版本分别答复；同型号合并附件不等于同配置或逐车资格认证
广汽丰田汽车有限公司,GTM6470BFEBEV,0,1,0,0,0,32联合跨界,"[{""purpose_scope"":""32联合跨界"",""source_record_ids"":""old-54-Word97--0-45"",""source_observation_date_upper"":""2022-05-12"",""source_file"":""原件/免征目录/mf_batch54.doc"",""source_sha256"":""e4ce106fc0fb21bc61cac40ff0de97e60dff2d18b5b7d24c494bb74873312fd7"",""firm_route_basis"":""原件企业合并格/上下文候选；非登记实体认证""}]",0,按来源/日期/配置版本分别答复；同型号合并附件不等于同配置或逐车资格认证
广汽丰田汽车有限公司,GTM70002BEV,0,0,0,0,1,2208试验口径,"[{""purpose_scope"":""2208试验口径"",""source_record_ids"":""old-26-DOCX--0-57"",""source_observation_date_upper"":""2019-08-30"",""source_file"":""原件/免征目录/mf_batch26.docx"",""source_sha256"":""de0890335ef3a4f1302a8a0735ec8b6aed52e994e2635db481820060d62248b5"",""firm_route_basis"":""原记录firm_raw""}]",0,按来源/日期/配置版本分别答复；同型号合并附件不等于同配置或逐车资格认证
广汽丰田汽车有限公司,GTM700030BEV,0,0,0,0,1,2208试验口径,"[{""purpose_scope"":""2208试验口径"",""source_record_ids"":""old-46-Word97--0-25"",""source_observation_date_upper"":""2021-09-10"",""source_file"":""原件/免征目录/mf_batch46.doc"",""source_sha256"":""a4b2048b3d5c29a8969f0348e9fd19a3293f0c23e6f37a48bf42a2ed70c7d37d"",""firm_route_basis"":""原件企业合并格/上下文候选；非登记实体认证""}]",0,按来源/日期/配置版本分别答复；同型号合并附件不等于同配置或逐车资格认证
广汽丰田汽车有限公司,GTM700033BEV,0,0,0,0,1,2208试验口径,"[{""purpose_scope"":""2208试验口径"",""source_record_ids"":""old-46-Word97--0-24"",""source_observation_date_upper"":""2021-09-10"",""source_file"":""原件/免征目录/mf_batch46.doc"",""source_sha256"":""a4b2048b3d5c29a8969f0348e9fd19a3293f0c23e6f37a48bf42a2ed70c7d37d"",""firm_route_basis"":""原件企业合并格/上下文候选；非登记实体认证""}]",0,按来源/日期/配置版本分别答复；同型号合并附件不等于同配置或逐车资格认证
广汽丰田汽车有限公司,GTM700035BEV,0,0,0,0,1,2208试验口径,"[{""purpose_scope"":""2208试验口径"",""source_record_ids"":""old-46-Word97--0-23"",""source_observation_date_upper"":""2021-09-10"",""source_file"":""原件/免征目录/mf_batch46.doc"",""source_sha256"":""a4b2048b3d5c29a8969f0348e9fd19a3293f0c23e6f37a48bf42a2ed70c7d37d"",""firm_route_basis"":""原记录firm_raw""}]",0,按来源/日期/配置版本分别答复；同型号合并附件不等于同配置或逐车资格认证
广汽丰田汽车有限公司,GTM70003BEV,0,0,0,0,1,2208试验口径,"[{""purpose_scope"":""2208试验口径"",""source_record_ids"":""old-08-PDF-grid-1-0-13"",""source_observation_date_upper"":""2016-06-16"",""source_file"":""原件/免征目录/mf_batch08.pdf"",""source_sha256"":""39b242717c026063c908426a890cd361f1165aa5729988d56303b2f8d5fb3b42"",""firm_route_basis"":""原记录firm_raw""}]",0,按来源/日期/配置版本分别答复；同型号合并附件不等于同配置或逐车资格认证
广汽丰田汽车有限公司,GTM7000XBEV,0,0,0,0,1,2208试验口径,"[{""purpose_scope"":""2208试验口径"",""source_record_ids"":""mf29-t0-r14"",""source_observation_date_upper"":""2019-12-27"",""source_file"":""原件/mf_batch29.doc"",""source_sha256"":""8d24a01958cc6d44fa7826ecbb6a76869b9a0f2c98b97597d57af02932f2afaf"",""firm_route_basis"":""原记录firm_raw""}]",0,按来源/日期/配置版本分别答复；同型号合并附件不等于同配置或逐车资格认证
广汽丰田汽车有限公司,GTM70012BEV,0,0,0,0,1,2208试验口径,"[{""purpose_scope"":""2208试验口径"",""source_record_ids"":""old-32-Word97--0-17"",""source_observation_date_upper"":""2020-06-02"",""source_file"":""原件/免征目录/mf_batch32.doc"",""source_sha256"":""ad7c65b4831a05b7c70e1e73fe834aa9beed883c66f898e799fcbbeb43cc3d75"",""firm_route_basis"":""原记录firm_raw""}]",0,按来源/日期/配置版本分别答复；同型号合并附件不等于同配置或逐车资格认证
广汽丰田汽车有限公司,GTM70022BEV,0,0,0,0,1,2208试验口径,"[{""purpose_scope"":""2208试验口径"",""source_record_ids"":""old-33-Word97--0-32"",""source_observation_date_upper"":""2020-07-21"",""source_file"":""原件/免征目录/mf_batch33.doc"",""source_sha256"":""ff98fbb1708c47cdcfc1e79e7a1647e72a7ae6d4255dce3b250d661001340c09"",""firm_route_basis"":""原记录firm_raw""}]",0,按来源/日期/配置版本分别答复；同型号合并附件不等于同配置或逐车资格认证
广汽乘用车(杭州)有限公司,GAH6460BEVS0A,0,0,0,0,1,2208试验口径,"[{""purpose_scope"":""2208试验口径"",""source_record_ids"":""old-54-Word97--0-38"",""source_observation_date_upper"":""2022-05-12"",""source_file"":""原件/免征目录/mf_batch54.doc"",""source_sha256"":""e4ce106fc0fb21bc61cac40ff0de97e60dff2d18b5b7d24c494bb74873312fd7"",""firm_route_basis"":""原记录firm_raw""}]",0,按来源/日期/配置版本分别答复；同型号合并附件不等于同配置或逐车资格认证
广汽乘用车(杭州)有限公司,GAH6460BEVS0B,0,0,0,0,1,2208试验口径,"[{""purpose_scope"":""2208试验口径"",""source_record_ids"":""old-54-Word97--0-40"",""source_observation_date_upper"":""2022-05-12"",""source_file"":""原件/免征目录/mf_batch54.doc"",""source_sha256"":""e4ce106fc0fb21bc61cac40ff0de97e60dff2d18b5b7d24c494bb74873312fd7"",""firm_route_basis"":""原件企业合并格/上下文候选；非登记实体认证""}]",0,按来源/日期/配置版本分别答复；同型号合并附件不等于同配置或逐车资格认证
广汽乘用车(杭州)有限公司,GAH6460BEVS0C,0,0,0,0,1,2208试验口径,"[{""purpose_scope"":""2208试验口径"",""source_record_ids"":""old-54-Word97--0-41"",""source_observation_date_upper"":""2022-05-12"",""source_file"":""原件/免征目录/mf_batch54.doc"",""source_sha256"":""e4ce106fc0fb21bc61cac40ff0de97e60dff2d18b5b7d24c494bb74873312fd7"",""firm_route_basis"":""原件企业合并格/上下文候选；非登记实体认证""}]",0,按来源/日期/配置版本分别答复；同型号合并附件不等于同配置或逐车资格认证
广汽乘用车(杭州)有限公司,GAH6460BEVS0D,0,0,0,0,1,2208试验口径,"[{""purpose_scope"":""2208试验口径"",""source_record_ids"":""old-56-Word97--0-38"",""source_observation_date_upper"":""2022-07-08"",""source_file"":""原件/免征目录/mf_batch56.doc"",""source_sha256"":""cbffdc0819640e8f18c11a2a277b26b2e043c81406533457ff225f4df1c6c068"",""firm_route_basis"":""原记录firm_raw""}]",0,按来源/日期/配置版本分别答复；同型号合并附件不等于同配置或逐车资格认证
广汽乘用车(杭州)有限公司,GAH6460BEVS0E,0,0,0,0,1,2208试验口径,"[{""purpose_scope"":""2208试验口径"",""source_record_ids"":""old-54-Word97--0-39"",""source_observation_date_upper"":""2022-05-12"",""source_file"":""原件/免征目录/mf_batch54.doc"",""source_sha256"":""e4ce106fc0fb21bc61cac40ff0de97e60dff2d18b5b7d24c494bb74873312fd7"",""firm_route_basis"":""原件企业合并格/上下文候选；非登记实体认证""}]",0,按来源/日期/配置版本分别答复；同型号合并附件不等于同配置或逐车资格认证
广汽乘用车(杭州)有限公司,GAH6460BEVS0F,0,0,0,0,1,2208试验口径,"[{""purpose_scope"":""2208试验口径"",""source_record_ids"":""old-59-Word97--0-57"",""source_observation_date_upper"":""2022-10-10"",""source_file"":""原件/免征目录/mf_batch59.doc"",""source_sha256"":""32738e2df847e0c74ff96d48b8a13e1dd9c31aee84b7c0a633e2d9c8a3e01f86"",""firm_route_basis"":""原记录firm_raw""}]",0,按来源/日期/配置版本分别答复；同型号合并附件不等于同配置或逐车资格认证
广汽乘用车(杭州)有限公司,GAH6460BEVS0G,0,0,0,0,1,2208试验口径,"[{""purpose_scope"":""2208试验口径"",""source_record_ids"":""old-67-Word97--0-21"",""source_observation_date_upper"":""2023-07-17"",""source_file"":""原件/免征目录/mf_batch67.doc"",""source_sha256"":""963a02fcc1f361414f4f003c6d63e00b178d0b962134ed2206c38978f3118101"",""firm_route_basis"":""原记录firm_raw""}]",0,按来源/日期/配置版本分别答复；同型号合并附件不等于同配置或逐车资格认证
广汽乘用车(杭州)有限公司,GAH7000BEVH0C,0,0,0,0,1,2208试验口径,"[{""purpose_scope"":""2208试验口径"",""source_record_ids"":""old-26-DOCX--0-51"",""source_observation_date_upper"":""2019-08-30"",""source_file"":""原件/免征目录/mf_batch26.docx"",""source_sha256"":""de0890335ef3a4f1302a8a0735ec8b6aed52e994e2635db481820060d62248b5"",""firm_route_basis"":""原记录firm_raw""}]",0,按来源/日期/配置版本分别答复；同型号合并附件不等于同配置或逐车资格认证
广汽乘用车(杭州)有限公司,GAH7000BEVH0D,0,0,0,0,1,2208试验口径,"[{""purpose_scope"":""2208试验口径"",""source_record_ids"":""old-26-DOCX--0-52"",""source_observation_date_upper"":""2019-08-30"",""source_file"":""原件/免征目录/mf_batch26.docx"",""source_sha256"":""de0890335ef3a4f1302a8a0735ec8b6aed52e994e2635db481820060d62248b5"",""firm_route_basis"":""原件企业合并格/上下文候选；非登记实体认证""}]",0,按来源/日期/配置版本分别答复；同型号合并附件不等于同配置或逐车资格认证
广汽乘用车(杭州)有限公司,GAH7000BEVN0A,0,0,0,0,1,2208试验口径,"[{""purpose_scope"":""2208试验口径"",""source_record_ids"":""old-31-Word97--0-12"",""source_observation_date_upper"":""2020-04-24"",""source_file"":""原件/免征目录/mf_batch31.doc"",""source_sha256"":""e1ccec4a87ab96ca346e5756d6b14369eb9727ec2c2cfd03c1182a592ddd3bee"",""firm_route_basis"":""原记录firm_raw""}]",0,按来源/日期/配置版本分别答复；同型号合并附件不等于同配置或逐车资格认证
广汽乘用车(杭州)有限公司,GAH7000BEVN0B,0,0,0,0,1,2208试验口径,"[{""purpose_scope"":""2208试验口径"",""source_record_ids"":""old-36-Word97--0-15"",""source_observation_date_upper"":""2020-10-30"",""source_file"":""原件/免征目录/mf_batch36.doc"",""source_sha256"":""05cfcfd9136685ad6d6e13b8228cd123cca109c26f43a4c71472016b5a610a9f"",""firm_route_basis"":""原记录firm_raw""}]",0,按来源/日期/配置版本分别答复；同型号合并附件不等于同配置或逐车资格认证
广汽乘用车(杭州)有限公司,GAH7000BEVN0C,0,0,0,0,1,2208试验口径,"[{""purpose_scope"":""2208试验口径"",""source_record_ids"":""old-36-Word97--0-16"",""source_observation_date_upper"":""2020-10-30"",""source_file"":""原件/免征目录/mf_batch36.doc"",""source_sha256"":""05cfcfd9136685ad6d6e13b8228cd123cca109c26f43a4c71472016b5a610a9f"",""firm_route_basis"":""原件企业合并格/上下文候选；非登记实体认证""}]",0,按来源/日期/配置版本分别答复；同型号合并附件不等于同配置或逐车资格认证
广汽乘用车(杭州)有限公司,GAH7000BEVN0D,0,0,0,0,1,2208试验口径,"[{""purpose_scope"":""2208试验口径"",""source_record_ids"":""old-38-Word97--0-26"",""source_observation_date_upper"":""2020-12-30"",""source_file"":""原件/免征目录/mf_batch38.doc"",""source_sha256"":""7c9def45fe5c40e4c5ffb483a1d1efd383c12cb16a5c4ba021d4ce28384776de"",""firm_route_basis"":""原记录firm_raw""}]",0,按来源/日期/配置版本分别答复；同型号合并附件不等于同配置或逐车资格认证
广汽乘用车(杭州)有限公司,GAH7000BEVS0C,0,0,0,0,1,2208试验口径,"[{""purpose_scope"":""2208试验口径"",""source_record_ids"":""old-55-Word97--0-30"",""source_observation_date_upper"":""2022-06-01"",""source_file"":""原件/免征目录/mf_batch55.doc"",""source_sha256"":""0457d0430e9e7f114c91341a715405c3933dd4783762cd74b9871e4918ba887f"",""firm_route_basis"":""原记录firm_raw""}]",0,按来源/日期/配置版本分别答复；同型号合并附件不等于同配置或逐车资格认证
广汽乘用车(杭州)有限公司,GAH7000BEVT0A,0,0,0,0,1,2208试验口径,"[{""purpose_scope"":""2208试验口径"",""source_record_ids"":""old-58-Word97--0-21"",""source_observation_date_upper"":""2022-09-16"",""source_file"":""原件/免征目录/mf_batch58.doc"",""source_sha256"":""b642358bb3078d2dde909a798935c0c1fc75d90f22b33f7c48aa87209acc100d"",""firm_route_basis"":""原件企业合并格/上下文候选；非登记实体认证""}]",0,按来源/日期/配置版本分别答复；同型号合并附件不等于同配置或逐车资格认证
广汽乘用车(杭州)有限公司,GAH7000BEVT0B,0,0,0,0,1,2208试验口径,"[{""purpose_scope"":""2208试验口径"",""source_record_ids"":""old-58-Word97--0-20"",""source_observation_date_upper"":""2022-09-16"",""source_file"":""原件/免征目录/mf_batch58.doc"",""source_sha256"":""b642358bb3078d2dde909a798935c0c1fc75d90f22b33f7c48aa87209acc100d"",""firm_route_basis"":""原记录firm_raw""}]",0,按来源/日期/配置版本分别答复；同型号合并附件不等于同配置或逐车资格认证
广汽乘用车(杭州)有限公司,GAH7000BEVT0C,0,0,0,0,1,2208试验口径,"[{""purpose_scope"":""2208试验口径"",""source_record_ids"":""old-65-Word97--0-28"",""source_observation_date_upper"":""2023-05-09"",""source_file"":""原件/免征目录/mf_batch65.doc"",""source_sha256"":""06a6a578a9a60516a845bc92deac49954438a789e9e4a7cf3cd140f256d9b13d"",""firm_route_basis"":""原记录firm_raw""}]",0,按来源/日期/配置版本分别答复；同型号合并附件不等于同配置或逐车资格认证
广汽乘用车(杭州)有限公司,GAH7000BEVT0E,0,0,0,0,1,2208试验口径,"[{""purpose_scope"":""2208试验口径"",""source_record_ids"":""old-61-Word97--0-41"",""source_observation_date_upper"":""2022-12-19"",""source_file"":""原件/免征目录/mf_batch61.doc"",""source_sha256"":""d360a77695ccf20f3c17a354a1dd02fc846a7ae8bd18b41492515881a7240b72"",""firm_route_basis"":""原记录firm_raw""}]",0,按来源/日期/配置版本分别答复；同型号合并附件不等于同配置或逐车资格认证
广汽乘用车(杭州)有限公司,GAH7000BEVT0F,0,0,0,0,1,2208试验口径,"[{""purpose_scope"":""2208试验口径"",""source_record_ids"":""old-69-Word97--0-53"",""source_observation_date_upper"":""2023-09-14"",""source_file"":""原件/免征目录/mf_batch69.doc"",""source_sha256"":""357d61a16c94488c9fdd761f393edb7029b05394ab06117abaebcba1a1e45546"",""firm_route_basis"":""原件企业合并格/上下文候选；非登记实体认证""}]",0,按来源/日期/配置版本分别答复；同型号合并附件不等于同配置或逐车资格认证
广汽乘用车(杭州)有限公司,GAH7001BEVN0A,0,0,0,0,1,2208试验口径,"[{""purpose_scope"":""2208试验口径"",""source_record_ids"":""old-54-Word97--0-42"",""source_observation_date_upper"":""2022-05-12"",""source_file"":""原件/免征目录/mf_batch54.doc"",""source_sha256"":""e4ce106fc0fb21bc61cac40ff0de97e60dff2d18b5b7d24c494bb74873312fd7"",""firm_route_basis"":""原件企业合并格/上下文候选；非登记实体认证""}]",0,按来源/日期/配置版本分别答复；同型号合并附件不等于同配置或逐车资格认证
广汽乘用车有限公司,GAM6450BEVD0A,0,0,0,0,1,2208试验口径,"[{""purpose_scope"":""2208试验口径"",""source_record_ids"":""old-58-Word97--0-19"",""source_observation_date_upper"":""2022-09-16"",""source_file"":""原件/免征目录/mf_batch58.doc"",""source_sha256"":""b642358bb3078d2dde909a798935c0c1fc75d90f22b33f7c48aa87209acc100d"",""firm_route_basis"":""原件企业合并格/上下文候选；非登记实体认证""}]",0,按来源/日期/配置版本分别答复；同型号合并附件不等于同配置或逐车资格认证
广汽乘用车有限公司,GAM6450BEVD0D,0,0,0,0,1,2208试验口径,"[{""purpose_scope"":""2208试验口径"",""source_record_ids"":""old-58-Word97--0-18"",""source_observation_date_upper"":""2022-09-16"",""source_file"":""原件/免征目录/mf_batch58.doc"",""source_sha256"":""b642358bb3078d2dde909a798935c0c1fc75d90f22b33f7c48aa87209acc100d"",""firm_route_basis"":""原件企业合并格/上下文候选；非登记实体认证""}]",0,按来源/日期/配置版本分别答复；同型号合并附件不等于同配置或逐车资格认证
广汽乘用车有限公司,GAM6450BEVD0E,0,0,0,0,1,2208试验口径,"[{""purpose_scope"":""2208试验口径"",""source_record_ids"":""old-58-Word97--0-16"",""source_observation_date_upper"":""2022-09-16"",""source_file"":""原件/免征目录/mf_batch58.doc"",""source_sha256"":""b642358bb3078d2dde909a798935c0c1fc75d90f22b33f7c48aa87209acc100d"",""firm_route_basis"":""原记录firm_raw""}]",0,按来源/日期/配置版本分别答复；同型号合并附件不等于同配置或逐车资格认证
广汽乘用车有限公司,GAM6450BEVD0G,0,0,0,0,1,2208试验口径,"[{""purpose_scope"":""2208试验口径"",""source_record_ids"":""old-60-Word97--0-32"",""source_observation_date_upper"":""2022-11-09"",""source_file"":""原件/免征目录/mf_batch60.doc"",""source_sha256"":""aabd19e9a0955380873798454b18b3bb15c87937dffcbb0ccfab2eae3bf3551b"",""firm_route_basis"":""原件企业合并格/上下文候选；非登记实体认证""}]",0,按来源/日期/配置版本分别答复；同型号合并附件不等于同配置或逐车资格认证
广汽乘用车有限公司,GAM6450BEVD0P,0,0,0,0,1,2208试验口径,"[{""purpose_scope"":""2208试验口径"",""source_record_ids"":""old-62-Word97--0-49"",""source_observation_date_upper"":""2023-02-20"",""source_file"":""原件/免征目录/mf_batch62.doc"",""source_sha256"":""7694ac7207998b6af7c895cdd2c1d752421df436d4b28f83195261dd47f6509c"",""firm_route_basis"":""原件企业合并格/上下文候选；非登记实体认证""}]",0,按来源/日期/配置版本分别答复；同型号合并附件不等于同配置或逐车资格认证
广汽乘用车有限公司,GAM6450BEVD0Q,0,0,0,0,1,2208试验口径,"[{""purpose_scope"":""2208试验口径"",""source_record_ids"":""old-62-Word97--0-51"",""source_observation_date_upper"":""2023-02-20"",""source_file"":""原件/免征目录/mf_batch62.doc"",""source_sha256"":""7694ac7207998b6af7c895cdd2c1d752421df436d4b28f83195261dd47f6509c"",""firm_route_basis"":""原件企业合并格/上下文候选；非登记实体认证""}]",0,按来源/日期/配置版本分别答复；同型号合并附件不等于同配置或逐车资格认证
广汽乘用车有限公司,GAM6450BEVD0R,0,0,0,0,1,2208试验口径,"[{""purpose_scope"":""2208试验口径"",""source_record_ids"":""old-62-Word97--0-54"",""source_observation_date_upper"":""2023-02-20"",""source_file"":""原件/免征目录/mf_batch62.doc"",""source_sha256"":""7694ac7207998b6af7c895cdd2c1d752421df436d4b28f83195261dd47f6509c"",""firm_route_basis"":""原件企业合并格/上下文候选；非登记实体认证""}]",0,按来源/日期/配置版本分别答复；同型号合并附件不等于同配置或逐车资格认证
广汽乘用车有限公司,GAM6450BEVD0S,0,0,0,0,1,2208试验口径,"[{""purpose_scope"":""2208试验口径"",""source_record_ids"":""old-65-Word97--0-26"",""source_observation_date_upper"":""2023-05-09"",""source_file"":""原件/免征目录/mf_batch65.doc"",""source_sha256"":""06a6a578a9a60516a845bc92deac49954438a789e9e4a7cf3cd140f256d9b13d"",""firm_route_basis"":""原件企业合并格/上下文候选；非登记实体认证""}]",0,按来源/日期/配置版本分别答复；同型号合并附件不等于同配置或逐车资格认证
广汽乘用车有限公司,GAM6450BEVD0T,0,0,0,0,1,2208试验口径,"[{""purpose_scope"":""2208试验口径"",""source_record_ids"":""old-68-Word97--0-21"",""source_observation_date_upper"":""2023-08-16"",""source_file"":""原件/免征目录/mf_batch68.doc"",""source_sha256"":""58113d08377020d08de0aeb0e08ff63c4a4411dbe35ad69cfdd6f82fdf0fcc77"",""firm_route_basis"":""原记录firm_raw""}]",0,按来源/日期/配置版本分别答复；同型号合并附件不等于同配置或逐车资格认证
广汽乘用车有限公司,GAM6450BEVD0Y,0,0,0,0,1,2208试验口径,"[{""purpose_scope"":""2208试验口径"",""source_record_ids"":""old-68-Word97--0-22"",""source_observation_date_upper"":""2023-08-16"",""source_file"":""原件/免征目录/mf_batch68.doc"",""source_sha256"":""58113d08377020d08de0aeb0e08ff63c4a4411dbe35ad69cfdd6f82fdf0fcc77"",""firm_route_basis"":""原件企业合并格/上下文候选；非登记实体认证""}]",0,按来源/日期/配置版本分别答复；同型号合并附件不等于同配置或逐车资格认证
广汽乘用车有限公司,GAM6450BEVD0Z,0,0,0,0,1,2208试验口径,"[{""purpose_scope"":""2208试验口径"",""source_record_ids"":""old-69-Word97--0-47"",""source_observation_date_upper"":""2023-09-14"",""source_file"":""原件/免征目录/mf_batch69.doc"",""source_sha256"":""357d61a16c94488c9fdd761f393edb7029b05394ab06117abaebcba1a1e45546"",""firm_route_basis"":""原件企业合并格/上下文候选；非登记实体认证""}]",0,按来源/日期/配置版本分别答复；同型号合并附件不等于同配置或逐车资格认证
广汽乘用车有限公司,GAM6450BEVD1C,0,0,0,0,1,2208试验口径,"[{""purpose_scope"":""2208试验口径"",""source_record_ids"":""old-71-Word97--0-40"",""source_observation_date_upper"":""2023-11-20"",""source_file"":""原件/免征目录/mf_batch71.doc"",""source_sha256"":""b37b78b64b8ef7e12e6e95d6fd27a4a6e364c0c83ba403ffcf3bca82c60e3460"",""firm_route_basis"":""原记录firm_raw""}]",0,按来源/日期/配置版本分别答复；同型号合并附件不等于同配置或逐车资格认证
广汽乘用车有限公司,GAM6460BEVC0A,0,0,0,0,1,2208试验口径,"[{""purpose_scope"":""2208试验口径"",""source_record_ids"":""old-31-Word97--0-13"",""source_observation_date_upper"":""2020-04-24"",""source_file"":""原件/免征目录/mf_batch31.doc"",""source_sha256"":""e1ccec4a87ab96ca346e5756d6b14369eb9727ec2c2cfd03c1182a592ddd3bee"",""firm_route_basis"":""原记录firm_raw""}]",0,按来源/日期/配置版本分别答复；同型号合并附件不等于同配置或逐车资格认证
广汽乘用车有限公司,GAM6460BEVC0B,0,0,0,0,1,2208试验口径,"[{""purpose_scope"":""2208试验口径"",""source_record_ids"":""old-31-Word97--0-14"",""source_observation_date_upper"":""2020-04-24"",""source_file"":""原件/免征目录/mf_batch31.doc"",""source_sha256"":""e1ccec4a87ab96ca346e5756d6b14369eb9727ec2c2cfd03c1182a592ddd3bee"",""firm_route_basis"":""原件企业合并格/上下文候选；非登记实体认证""}]",0,按来源/日期/配置版本分别答复；同型号合并附件不等于同配置或逐车资格认证
广汽乘用车有限公司,GAM6460BEVC0C,0,0,0,0,1,2208试验口径,"[{""purpose_scope"":""2208试验口径"",""source_record_ids"":""old-31-Word97--0-15"",""source_observation_date_upper"":""2020-04-24"",""source_file"":""原件/免征目录/mf_batch31.doc"",""source_sha256"":""e1ccec4a87ab96ca346e5756d6b14369eb9727ec2c2cfd03c1182a592ddd3bee"",""firm_route_basis"":""原件企业合并格/上下文候选；非登记实体认证""}]",0,按来源/日期/配置版本分别答复；同型号合并附件不等于同配置或逐车资格认证
广汽乘用车有限公司,GAM6460BEVC0D,0,0,0,0,1,2208试验口径,"[{""purpose_scope"":""2208试验口径"",""source_record_ids"":""old-33-Word97--0-33"",""source_observation_date_upper"":""2020-07-21"",""source_file"":""原件/免征目录/mf_batch33.doc"",""source_sha256"":""ff98fbb1708c47cdcfc1e79e7a1647e72a7ae6d4255dce3b250d661001340c09"",""firm_route_basis"":""原记录firm_raw""}]",0,按来源/日期/配置版本分别答复；同型号合并附件不等于同配置或逐车资格认证
广汽乘用车有限公司,GAM6460BEVC0E,0,0,0,0,1,2208试验口径,"[{""purpose_scope"":""2208试验口径"",""source_record_ids"":""old-31-Word97--0-16"",""source_observation_date_upper"":""2020-04-24"",""source_file"":""原件/免征目录/mf_batch31.doc"",""source_sha256"":""e1ccec4a87ab96ca346e5756d6b14369eb9727ec2c2cfd03c1182a592ddd3bee"",""firm_route_basis"":""原件企业合并格/上下文候选；非登记实体认证""}]",0,按来源/日期/配置版本分别答复；同型号合并附件不等于同配置或逐车资格认证
广汽乘用车有限公司,GAM6460BEVC0F,0,0,0,0,1,2208试验口径,"[{""purpose_scope"":""2208试验口径"",""source_record_ids"":""old-31-Word97--0-17"",""source_observation_date_upper"":""2020-04-24"",""source_file"":""原件/免征目录/mf_batch31.doc"",""source_sha256"":""e1ccec4a87ab96ca346e5756d6b14369eb9727ec2c2cfd03c1182a592ddd3bee"",""firm_route_basis"":""原件企业合并格/上下文候选；非登记实体认证""}]",0,按来源/日期/配置版本分别答复；同型号合并附件不等于同配置或逐车资格认证
广汽乘用车有限公司,GAM6460BEVC0G,0,0,0,0,1,2208试验口径,"[{""purpose_scope"":""2208试验口径"",""source_record_ids"":""old-32-Word97--0-18"",""source_observation_date_upper"":""2020-06-02"",""source_file"":""原件/免征目录/mf_batch32.doc"",""source_sha256"":""ad7c65b4831a05b7c70e1e73fe834aa9beed883c66f898e799fcbbeb43cc3d75"",""firm_route_basis"":""原记录firm_raw""}]",0,按来源/日期/配置版本分别答复；同型号合并附件不等于同配置或逐车资格认证
广汽乘用车有限公司,GAM6460BEVC0H,0,0,0,0,1,2208试验口径,"[{""purpose_scope"":""2208试验口径"",""source_record_ids"":""old-32-Word97--0-19"",""source_observation_date_upper"":""2020-06-02"",""source_file"":""原件/免征目录/mf_batch32.doc"",""source_sha256"":""ad7c65b4831a05b7c70e1e73fe834aa9beed883c66f898e799fcbbeb43cc3d75"",""firm_route_basis"":""原件企业合并格/上下文候选；非登记实体认证""}]",0,按来源/日期/配置版本分别答复；同型号合并附件不等于同配置或逐车资格认证
广汽乘用车有限公司,GAM6460BEVC0J,0,0,0,0,1,2208试验口径,"[{""purpose_scope"":""2208试验口径"",""source_record_ids"":""old-42-Word97--0-23"",""source_observation_date_upper"":""2021-04-30"",""source_file"":""原件/免征目录/mf_batch42.doc"",""source_sha256"":""fef4fd8ea19d773d368642e51a4bdb24c148530251a2240be4ff1358d5d41fab"",""firm_route_basis"":""原件企业合并格/上下文候选；非登记实体认证""}]",0,按来源/日期/配置版本分别答复；同型号合并附件不等于同配置或逐车资格认证
广汽乘用车有限公司,GAM6460BEVC0K,0,0,0,0,1,2208试验口径,"[{""purpose_scope"":""2208试验口径"",""source_record_ids"":""old-45-Word97--0-14"",""source_observation_date_upper"":""2021-08-10"",""source_file"":""原件/免征目录/mf_batch45.doc"",""source_sha256"":""56f5e7c5fd36e990024f8121006a76da260361f4e4660846e78255d007126f7a"",""firm_route_basis"":""原件企业合并格/上下文候选；非登记实体认证""}]",0,按来源/日期/配置版本分别答复；同型号合并附件不等于同配置或逐车资格认证
广汽乘用车有限公司,GAM6460BEVC0L,0,0,0,0,1,2208试验口径,"[{""purpose_scope"":""2208试验口径"",""source_record_ids"":""old-42-Word97--0-22"",""source_observation_date_upper"":""2021-04-30"",""source_file"":""原件/免征目录/mf_batch42.doc"",""source_sha256"":""fef4fd8ea19d773d368642e51a4bdb24c148530251a2240be4ff1358d5d41fab"",""firm_route_basis"":""原件企业合并格/上下文候选；非登记实体认证""}]",0,按来源/日期/配置版本分别答复；同型号合并附件不等于同配置或逐车资格认证
广汽乘用车有限公司,GAM6460BEVC0M,0,0,0,0,1,2208试验口径,"[{""purpose_scope"":""2208试验口径"",""source_record_ids"":""old-42-Word97--0-25"",""source_observation_date_upper"":""2021-04-30"",""source_file"":""原件/免征目录/mf_batch42.doc"",""source_sha256"":""fef4fd8ea19d773d368642e51a4bdb24c148530251a2240be4ff1358d5d41fab"",""firm_route_basis"":""原件企业合并格/上下文候选；非登记实体认证""}]",0,按来源/日期/配置版本分别答复；同型号合并附件不等于同配置或逐车资格认证
广汽乘用车有限公司,GAM6460BEVC0N,0,0,0,0,1,2208试验口径,"[{""purpose_scope"":""2208试验口径"",""source_record_ids"":""old-47-Word97--0-12"",""source_observation_date_upper"":""2021-09-30"",""source_file"":""原件/免征目录/mf_batch47.doc"",""source_sha256"":""fb4517fe8220b10bc435a77a5328df13c732c70b335942dfad0ae9394affe9b4"",""firm_route_basis"":""原记录firm_raw""}]",0,按来源/日期/配置版本分别答复；同型号合并附件不等于同配置或逐车资格认证
广汽乘用车有限公司,GAM6460BEVC0P,0,0,0,0,1,2208试验口径,"[{""purpose_scope"":""2208试验口径"",""source_record_ids"":""old-46-Word97--0-27"",""source_observation_date_upper"":""2021-09-10"",""source_file"":""原件/免征目录/mf_batch46.doc"",""source_sha256"":""a4b2048b3d5c29a8969f0348e9fd19a3293f0c23e6f37a48bf42a2ed70c7d37d"",""firm_route_basis"":""原件企业合并格/上下文候选；非登记实体认证""}]",0,按来源/日期/配置版本分别答复；同型号合并附件不等于同配置或逐车资格认证
广汽乘用车有限公司,GAM6460BEVC0R,0,0,0,0,1,2208试验口径,"[{""purpose_scope"":""2208试验口径"",""source_record_ids"":""old-45-Word97--0-10"",""source_observation_date_upper"":""2021-08-10"",""source_file"":""原件/免征目录/mf_batch45.doc"",""source_sha256"":""56f5e7c5fd36e990024f8121006a76da260361f4e4660846e78255d007126f7a"",""firm_route_basis"":""原记录firm_raw""}]",0,按来源/日期/配置版本分别答复；同型号合并附件不等于同配置或逐车资格认证
广汽乘用车有限公司,GAM6460BEVC0S,0,0,0,0,1,2208试验口径,"[{""purpose_scope"":""2208试验口径"",""source_record_ids"":""old-47-Word97--0-13"",""source_observation_date_upper"":""2021-09-30"",""source_file"":""原件/免征目录/mf_batch47.doc"",""source_sha256"":""fb4517fe8220b10bc435a77a5328df13c732c70b335942dfad0ae9394affe9b4"",""firm_route_basis"":""原件企业合并格/上下文候选；非登记实体认证""}]",0,按来源/日期/配置版本分别答复；同型号合并附件不等于同配置或逐车资格认证
广汽乘用车有限公司,GAM6460BEVC0T,0,0,0,0,1,2208试验口径,"[{""purpose_scope"":""2208试验口径"",""source_record_ids"":""old-45-Word97--0-13"",""source_observation_date_upper"":""2021-08-10"",""source_file"":""原件/免征目录/mf_batch45.doc"",""source_sha256"":""56f5e7c5fd36e990024f8121006a76da260361f4e4660846e78255d007126f7a"",""firm_route_basis"":""原件企业合并格/上下文候选；非登记实体认证""}]",0,按来源/日期/配置版本分别答复；同型号合并附件不等于同配置或逐车资格认证
广汽乘用车有限公司,GAM6460BEVC0U,0,0,0,0,1,2208试验口径,"[{""purpose_scope"":""2208试验口径"",""source_record_ids"":""old-50-Word97--0-25"",""source_observation_date_upper"":""2021-12-29"",""source_file"":""原件/免征目录/mf_batch50.doc"",""source_sha256"":""3810672d92621612507384960254de602e629e75a308df22ee2291519445095e"",""firm_route_basis"":""原记录firm_raw""}]",0,按来源/日期/配置版本分别答复；同型号合并附件不等于同配置或逐车资格认证
广汽乘用车有限公司,GAM6460BEVC0V,0,0,0,0,1,2208试验口径,"[{""purpose_scope"":""2208试验口径"",""source_record_ids"":""old-61-Word97--0-42"",""source_observation_date_upper"":""2022-12-19"",""source_file"":""原件/免征目录/mf_batch61.doc"",""source_sha256"":""d360a77695ccf20f3c17a354a1dd02fc846a7ae8bd18b41492515881a7240b72"",""firm_route_basis"":""原记录firm_raw""}]",0,按来源/日期/配置版本分别答复；同型号合并附件不等于同配置或逐车资格认证
广汽乘用车有限公司,GAM6460BEVC1A,0,0,0,0,1,2208试验口径,"[{""purpose_scope"":""2208试验口径"",""source_record_ids"":""old-67-Word97--0-20"",""source_observation_date_upper"":""2023-07-17"",""source_file"":""原件/免征目录/mf_batch67.doc"",""source_sha256"":""963a02fcc1f361414f4f003c6d63e00b178d0b962134ed2206c38978f3118101"",""firm_route_basis"":""原件企业合并格/上下文候选；非登记实体认证""}]",0,按来源/日期/配置版本分别答复；同型号合并附件不等于同配置或逐车资格认证
广汽乘用车有限公司,GAM6460BEVC1B,0,0,0,0,1,2208试验口径,"[{""purpose_scope"":""2208试验口径"",""source_record_ids"":""old-65-Word97--0-24"",""source_observation_date_upper"":""2023-05-09"",""source_file"":""原件/免征目录/mf_batch65.doc"",""source_sha256"":""06a6a578a9a60516a845bc92deac49954438a789e9e4a7cf3cd140f256d9b13d"",""firm_route_basis"":""原件企业合并格/上下文候选；非登记实体认证""}]",0,按来源/日期/配置版本分别答复；同型号合并附件不等于同配置或逐车资格认证
广汽乘用车有限公司,GAM6460BEVC1C,0,0,0,0,1,2208试验口径,"[{""purpose_scope"":""2208试验口径"",""source_record_ids"":""old-65-Word97--0-23"",""source_observation_date_upper"":""2023-05-09"",""source_file"":""原件/免征目录/mf_batch65.doc"",""source_sha256"":""06a6a578a9a60516a845bc92deac49954438a789e9e4a7cf3cd140f256d9b13d"",""firm_route_basis"":""原记录firm_raw""}]",0,按来源/日期/配置版本分别答复；同型号合并附件不等于同配置或逐车资格认证
广汽乘用车有限公司,GAM6460BEVC1D,0,0,0,0,1,2208试验口径,"[{""purpose_scope"":""2208试验口径"",""source_record_ids"":""old-65-Word97--0-25"",""source_observation_date_upper"":""2023-05-09"",""source_file"":""原件/免征目录/mf_batch65.doc"",""source_sha256"":""06a6a578a9a60516a845bc92deac49954438a789e9e4a7cf3cd140f256d9b13d"",""firm_route_basis"":""原件企业合并格/上下文候选；非登记实体认证""}]",0,按来源/日期/配置版本分别答复；同型号合并附件不等于同配置或逐车资格认证
广汽乘用车有限公司,GAM6460BEVC1E,0,0,0,0,1,2208试验口径,"[{""purpose_scope"":""2208试验口径"",""source_record_ids"":""old-67-Word97--0-18"",""source_observation_date_upper"":""2023-07-17"",""source_file"":""原件/免征目录/mf_batch67.doc"",""source_sha256"":""963a02fcc1f361414f4f003c6d63e00b178d0b962134ed2206c38978f3118101"",""firm_route_basis"":""原件企业合并格/上下文候选；非登记实体认证""}]",0,按来源/日期/配置版本分别答复；同型号合并附件不等于同配置或逐车资格认证
广汽乘用车有限公司,GAM6460BEVC1G,0,0,0,0,1,2208试验口径,"[{""purpose_scope"":""2208试验口径"",""source_record_ids"":""old-69-Word97--0-45"",""source_observation_date_upper"":""2023-09-14"",""source_file"":""原件/免征目录/mf_batch69.doc"",""source_sha256"":""357d61a16c94488c9fdd761f393edb7029b05394ab06117abaebcba1a1e45546"",""firm_route_basis"":""原记录firm_raw""}]",0,按来源/日期/配置版本分别答复；同型号合并附件不等于同配置或逐车资格认证
广汽乘用车有限公司,GAM6460BEVM0A,0,0,0,0,1,2208试验口径,"[{""purpose_scope"":""2208试验口径"",""source_record_ids"":""old-48-Word97--0-27"",""source_observation_date_upper"":""2021-11-05"",""source_file"":""原件/免征目录/mf_batch48.doc"",""source_sha256"":""ee5aa19736215cfcb3b76ffff90bcd0d9108c61758ccb756f7d4ad17e75a835c"",""firm_route_basis"":""原件企业合并格/上下文候选；非登记实体认证""}]",0,按来源/日期/配置版本分别答复；同型号合并附件不等于同配置或逐车资格认证
广汽乘用车有限公司,GAM6460BEVM0B,0,0,0,0,1,2208试验口径,"[{""purpose_scope"":""2208试验口径"",""source_record_ids"":""old-49-Word97--0-11"",""source_observation_date_upper"":""2021-12-08"",""source_file"":""原件/免征目录/mf_batch49.doc"",""source_sha256"":""c7a56509a4d9272982da0abc9d1ea213ee1fbea3d0f1edad124630c9b5e3474e"",""firm_route_basis"":""原件企业合并格/上下文候选；非登记实体认证""}]",0,按来源/日期/配置版本分别答复；同型号合并附件不等于同配置或逐车资格认证
广汽乘用车有限公司,GAM6460BEVM0E,0,0,0,0,1,2208试验口径,"[{""purpose_scope"":""2208试验口径"",""source_record_ids"":""old-48-Word97--0-25"",""source_observation_date_upper"":""2021-11-05"",""source_file"":""原件/免征目录/mf_batch48.doc"",""source_sha256"":""ee5aa19736215cfcb3b76ffff90bcd0d9108c61758ccb756f7d4ad17e75a835c"",""firm_route_basis"":""原件企业合并格/上下文候选；非登记实体认证""}]",0,按来源/日期/配置版本分别答复；同型号合并附件不等于同配置或逐车资格认证
广汽乘用车有限公司,GAM6480BEVB0B,0,0,0,0,1,2208试验口径,"[{""purpose_scope"":""2208试验口径"",""source_record_ids"":""old-26-DOCX--0-53"",""source_observation_date_upper"":""2019-08-30"",""source_file"":""原件/免征目录/mf_batch26.docx"",""source_sha256"":""de0890335ef3a4f1302a8a0735ec8b6aed52e994e2635db481820060d62248b5"",""firm_route_basis"":""原记录firm_raw""}]",0,按来源/日期/配置版本分别答复；同型号合并附件不等于同配置或逐车资格认证
广汽乘用车有限公司,GAM6480BEVB0C,0,0,0,0,1,2208试验口径,"[{""purpose_scope"":""2208试验口径"",""source_record_ids"":""old-26-DOCX--0-54"",""source_observation_date_upper"":""2019-08-30"",""source_file"":""原件/免征目录/mf_batch26.docx"",""source_sha256"":""de0890335ef3a4f1302a8a0735ec8b6aed52e994e2635db481820060d62248b5"",""firm_route_basis"":""原件企业合并格/上下文候选；非登记实体认证""}]",0,按来源/日期/配置版本分别答复；同型号合并附件不等于同配置或逐车资格认证
广汽乘用车有限公司,GAM6480BEVB0E,0,0,0,0,1,2208试验口径,"[{""purpose_scope"":""2208试验口径"",""source_record_ids"":""old-27-Word97--0-31"",""source_observation_date_upper"":""2019-10-25"",""source_file"":""原件/免征目录/mf_batch27.doc"",""source_sha256"":""2bd67cf7e1efc03ae93942d0d340ffef87478709520383b6ee4d08baf843ead1"",""firm_route_basis"":""原件企业合并格/上下文候选；非登记实体认证""}]",0,按来源/日期/配置版本分别答复；同型号合并附件不等于同配置或逐车资格认证
广汽乘用车有限公司,GAM6480BEVB0F,0,0,0,0,1,2208试验口径,"[{""purpose_scope"":""2208试验口径"",""source_record_ids"":""old-32-Word97--0-20"",""source_observation_date_upper"":""2020-06-02"",""source_file"":""原件/免征目录/mf_batch32.doc"",""source_sha256"":""ad7c65b4831a05b7c70e1e73fe834aa9beed883c66f898e799fcbbeb43cc3d75"",""firm_route_basis"":""原件企业合并格/上下文候选；非登记实体认证""}]",0,按来源/日期/配置版本分别答复；同型号合并附件不等于同配置或逐车资格认证
广汽乘用车有限公司,GAM6480BEVB0G,0,0,0,0,1,2208试验口径,"[{""purpose_scope"":""2208试验口径"",""source_record_ids"":""old-32-Word97--0-21"",""source_observation_date_upper"":""2020-06-02"",""source_file"":""原件/免征目录/mf_batch32.doc"",""source_sha256"":""ad7c65b4831a05b7c70e1e73fe834aa9beed883c66f898e799fcbbeb43cc3d75"",""firm_route_basis"":""原件企业合并格/上下文候选；非登记实体认证""}]",0,按来源/日期/配置版本分别答复；同型号合并附件不等于同配置或逐车资格认证
广汽乘用车有限公司,GAM6480BEVB0H,0,0,0,0,1,2208试验口径,"[{""purpose_scope"":""2208试验口径"",""source_record_ids"":""old-32-Word97--0-22"",""source_observation_date_upper"":""2020-06-02"",""source_file"":""原件/免征目录/mf_batch32.doc"",""source_sha256"":""ad7c65b4831a05b7c70e1e73fe834aa9beed883c66f898e799fcbbeb43cc3d75"",""firm_route_basis"":""原件企业合并格/上下文候选；非登记实体认证""}]",0,按来源/日期/配置版本分别答复；同型号合并附件不等于同配置或逐车资格认证
广汽乘用车有限公司,GAM6480BEVB0J,0,0,0,0,1,2208试验口径,"[{""purpose_scope"":""2208试验口径"",""source_record_ids"":""old-36-Word97--0-17"",""source_observation_date_upper"":""2020-10-30"",""source_file"":""原件/免征目录/mf_batch36.doc"",""source_sha256"":""05cfcfd9136685ad6d6e13b8228cd123cca109c26f43a4c71472016b5a610a9f"",""firm_route_basis"":""原记录firm_raw""}]",0,按来源/日期/配置版本分别答复；同型号合并附件不等于同配置或逐车资格认证
广汽乘用车有限公司,GAM6480BEVB0K,0,0,0,0,1,2208试验口径,"[{""purpose_scope"":""2208试验口径"",""source_record_ids"":""old-36-Word97--0-18"",""source_observation_date_upper"":""2020-10-30"",""source_file"":""原件/免征目录/mf_batch36.doc"",""source_sha256"":""05cfcfd9136685ad6d6e13b8228cd123cca109c26f43a4c71472016b5a610a9f"",""firm_route_basis"":""原件企业合并格/上下文候选；非登记实体认证""}]",0,按来源/日期/配置版本分别答复；同型号合并附件不等于同配置或逐车资格认证
广汽乘用车有限公司,GAM6480BEVB0L,0,0,0,0,1,2208试验口径,"[{""purpose_scope"":""2208试验口径"",""source_record_ids"":""old-36-Word97--0-19"",""source_observation_date_upper"":""2020-10-30"",""source_file"":""原件/免征目录/mf_batch36.doc"",""source_sha256"":""05cfcfd9136685ad6d6e13b8228cd123cca109c26f43a4c71472016b5a610a9f"",""firm_route_basis"":""原件企业合并格/上下文候选；非登记实体认证""}]",0,按来源/日期/配置版本分别答复；同型号合并附件不等于同配置或逐车资格认证
广汽乘用车有限公司,GAM6480BEVB0M,0,0,0,0,1,2208试验口径,"[{""purpose_scope"":""2208试验口径"",""source_record_ids"":""old-44-Word97--0-17"",""source_observation_date_upper"":""2021-07-12"",""source_file"":""原件/免征目录/mf_batch44.doc"",""source_sha256"":""aea30846204f4e55c0d969450f1619e1649eb27f471d5b0a2636d0da77eb0611"",""firm_route_basis"":""原件企业合并格/上下文候选；非登记实体认证""}]",0,按来源/日期/配置版本分别答复；同型号合并附件不等于同配置或逐车资格认证
广汽乘用车有限公司,GAM6480BEVB0N,0,0,0,0,1,2208试验口径,"[{""purpose_scope"":""2208试验口径"",""source_record_ids"":""old-44-Word97--0-16"",""source_observation_date_upper"":""2021-07-12"",""source_file"":""原件/免征目录/mf_batch44.doc"",""source_sha256"":""aea30846204f4e55c0d969450f1619e1649eb27f471d5b0a2636d0da77eb0611"",""firm_route_basis"":""原记录firm_raw""}]",0,按来源/日期/配置版本分别答复；同型号合并附件不等于同配置或逐车资格认证
广汽乘用车有限公司,GAM6480BEVB0P,0,0,0,0,1,2208试验口径,"[{""purpose_scope"":""2208试验口径"",""source_record_ids"":""old-48-Word97--0-22"",""source_observation_date_upper"":""2021-11-05"",""source_file"":""原件/免征目录/mf_batch48.doc"",""source_sha256"":""ee5aa19736215cfcb3b76ffff90bcd0d9108c61758ccb756f7d4ad17e75a835c"",""firm_route_basis"":""原记录firm_raw""}]",0,按来源/日期/配置版本分别答复；同型号合并附件不等于同配置或逐车资格认证
广汽乘用车有限公司,GAM6480BEVB0Q,0,0,0,0,1,2208试验口径,"[{""purpose_scope"":""2208试验口径"",""source_record_ids"":""old-48-Word97--0-23"",""source_observation_date_upper"":""2021-11-05"",""source_file"":""原件/免征目录/mf_batch48.doc"",""source_sha256"":""ee5aa19736215cfcb3b76ffff90bcd0d9108c61758ccb756f7d4ad17e75a835c"",""firm_route_basis"":""原件企业合并格/上下文候选；非登记实体认证""}]",0,按来源/日期/配置版本分别答复；同型号合并附件不等于同配置或逐车资格认证
广汽乘用车有限公司,GAM6490BEVH0G,0,0,0,1,0,92逐车资格,"[{""purpose_scope"":""92逐车资格"",""source_record_ids"":""new-05-cell-4558;new-06-cell-5137"",""source_observation_date_upper"":""2024-05-20"",""source_file"":""原件/减免目录/cat_batch5.doc"",""source_sha256"":""be8c8373f926e8b033304f06a62d92b0f0fc066accc6841864c3fd414bc506ab"",""firm_route_basis"":""原记录firm_raw""}]",0,按来源/日期/配置版本分别答复；同型号合并附件不等于同配置或逐车资格认证
广汽乘用车有限公司,GAM6490BEVN0A,0,0,0,0,1,2208试验口径,"[{""purpose_scope"":""2208试验口径"",""source_record_ids"":""old-30-Word97--0-67"",""source_observation_date_upper"":""2020-03-13"",""source_file"":""原件/免征目录/mf_batch30.doc"",""source_sha256"":""e7fa3b47858ec2035b8055bc15be00b2b26920a5e8d3cad481058a80b92ead24"",""firm_route_basis"":""原记录firm_raw""}]",0,按来源/日期/配置版本分别答复；同型号合并附件不等于同配置或逐车资格认证
广汽乘用车有限公司,GAM6490BEVN0B,0,0,0,0,1,2208试验口径,"[{""purpose_scope"":""2208试验口径"",""source_record_ids"":""old-30-Word97--0-68"",""source_observation_date_upper"":""2020-03-13"",""source_file"":""原件/免征目录/mf_batch30.doc"",""source_sha256"":""e7fa3b47858ec2035b8055bc15be00b2b26920a5e8d3cad481058a80b92ead24"",""firm_route_basis"":""原件企业合并格/上下文候选；非登记实体认证""}]",0,按来源/日期/配置版本分别答复；同型号合并附件不等于同配置或逐车资格认证
广汽乘用车有限公司,GAM6490BEVN0C,0,0,0,0,1,2208试验口径,"[{""purpose_scope"":""2208试验口径"",""source_record_ids"":""old-38-Word97--0-8"",""source_observation_date_upper"":""2020-12-30"",""source_file"":""原件/免征目录/mf_batch38.doc"",""source_sha256"":""7c9def45fe5c40e4c5ffb483a1d1efd383c12cb16a5c4ba021d4ce28384776de"",""firm_route_basis"":""原记录firm_raw""}]",0,按来源/日期/配置版本分别答复；同型号合并附件不等于同配置或逐车资格认证
广汽乘用车有限公司,GAM6490BEVN0D,0,0,0,0,1,2208试验口径,"[{""purpose_scope"":""2208试验口径"",""source_record_ids"":""old-38-Word97--0-9"",""source_observation_date_upper"":""2020-12-30"",""source_file"":""原件/免征目录/mf_batch38.doc"",""source_sha256"":""7c9def45fe5c40e4c5ffb483a1d1efd383c12cb16a5c4ba021d4ce28384776de"",""firm_route_basis"":""原件企业合并格/上下文候选；非登记实体认证""}]",0,按来源/日期/配置版本分别答复；同型号合并附件不等于同配置或逐车资格认证
广汽乘用车有限公司,GAM7000BEVA0F,0,0,0,0,1,2208试验口径,"[{""purpose_scope"":""2208试验口径"",""source_record_ids"":""old-26-DOCX--0-55"",""source_observation_date_upper"":""2019-08-30"",""source_file"":""原件/免征目录/mf_batch26.docx"",""source_sha256"":""de0890335ef3a4f1302a8a0735ec8b6aed52e994e2635db481820060d62248b5"",""firm_route_basis"":""原件企业合并格/上下文候选；非登记实体认证""}]",0,按来源/日期/配置版本分别答复；同型号合并附件不等于同配置或逐车资格认证
广汽乘用车有限公司,GAM7000BEVA0G,0,0,0,0,1,2208试验口径,"[{""purpose_scope"":""2208试验口径"",""source_record_ids"":""old-26-DOCX--0-56"",""source_observation_date_upper"":""2019-08-30"",""source_file"":""原件/免征目录/mf_batch26.docx"",""source_sha256"":""de0890335ef3a4f1302a8a0735ec8b6aed52e994e2635db481820060d62248b5"",""firm_route_basis"":""原件企业合并格/上下文候选；非登记实体认证""}]",0,按来源/日期/配置版本分别答复；同型号合并附件不等于同配置或逐车资格认证
广汽乘用车有限公司,GAM7000BEVA0H,0,0,0,0,1,2208试验口径,"[{""purpose_scope"":""2208试验口径"",""source_record_ids"":""old-31-Word97--0-18"",""source_observation_date_upper"":""2020-04-24"",""source_file"":""原件/免征目录/mf_batch31.doc"",""source_sha256"":""e1ccec4a87ab96ca346e5756d6b14369eb9727ec2c2cfd03c1182a592ddd3bee"",""firm_route_basis"":""原件企业合并格/上下文候选；非登记实体认证""}]",0,按来源/日期/配置版本分别答复；同型号合并附件不等于同配置或逐车资格认证
广汽乘用车有限公司,GAM7000BEVA0J,0,0,0,0,1,2208试验口径,"[{""purpose_scope"":""2208试验口径"",""source_record_ids"":""old-32-Word97--0-23"",""source_observation_date_upper"":""2020-06-02"",""source_file"":""原件/免征目录/mf_batch32.doc"",""source_sha256"":""ad7c65b4831a05b7c70e1e73fe834aa9beed883c66f898e799fcbbeb43cc3d75"",""firm_route_basis"":""原件企业合并格/上下文候选；非登记实体认证""}]",0,按来源/日期/配置版本分别答复；同型号合并附件不等于同配置或逐车资格认证
广汽乘用车有限公司,GAM7000BEVA0K,0,0,0,0,1,2208试验口径,"[{""purpose_scope"":""2208试验口径"",""source_record_ids"":""old-34-Word97--0-34"",""source_observation_date_upper"":""2020-08-24"",""source_file"":""原件/免征目录/mf_batch34.doc"",""source_sha256"":""d5c5bb03cc5fe0f16b284048e265ad35d62c12c0416f14aef0ce026a229aa831"",""firm_route_basis"":""原记录firm_raw""}]",0,按来源/日期/配置版本分别答复；同型号合并附件不等于同配置或逐车资格认证
广汽乘用车有限公司,GAM7000BEVA0L,0,0,0,0,1,2208试验口径,"[{""purpose_scope"":""2208试验口径"",""source_record_ids"":""old-31-Word97--0-19"",""source_observation_date_upper"":""2020-04-24"",""source_file"":""原件/免征目录/mf_batch31.doc"",""source_sha256"":""e1ccec4a87ab96ca346e5756d6b14369eb9727ec2c2cfd03c1182a592ddd3bee"",""firm_route_basis"":""原件企业合并格/上下文候选；非登记实体认证""}]",0,按来源/日期/配置版本分别答复；同型号合并附件不等于同配置或逐车资格认证
广汽乘用车有限公司,GAM7000BEVA0M,0,0,0,0,1,2208试验口径,"[{""purpose_scope"":""2208试验口径"",""source_record_ids"":""old-32-Word97--0-24"",""source_observation_date_upper"":""2020-06-02"",""source_file"":""原件/免征目录/mf_batch32.doc"",""source_sha256"":""ad7c65b4831a05b7c70e1e73fe834aa9beed883c66f898e799fcbbeb43cc3d75"",""firm_route_basis"":""原件企业合并格/上下文候选；非登记实体认证""}]",0,按来源/日期/配置版本分别答复；同型号合并附件不等于同配置或逐车资格认证
广汽乘用车有限公司,GAM7000BEVA0N,0,0,0,0,1,2208试验口径,"[{""purpose_scope"":""2208试验口径"",""source_record_ids"":""old-32-Word97--0-25"",""source_observation_date_upper"":""2020-06-02"",""source_file"":""原件/免征目录/mf_batch32.doc"",""source_sha256"":""ad7c65b4831a05b7c70e1e73fe834aa9beed883c66f898e799fcbbeb43cc3d75"",""firm_route_basis"":""原记录firm_raw""}]",0,按来源/日期/配置版本分别答复；同型号合并附件不等于同配置或逐车资格认证
广汽乘用车有限公司,GAM7000BEVA0Q,0,0,0,0,1,2208试验口径,"[{""purpose_scope"":""2208试验口径"",""source_record_ids"":""old-34-Word97--0-35"",""source_observation_date_upper"":""2020-08-24"",""source_file"":""原件/免征目录/mf_batch34.doc"",""source_sha256"":""d5c5bb03cc5fe0f16b284048e265ad35d62c12c0416f14aef0ce026a229aa831"",""firm_route_basis"":""原件企业合并格/上下文候选；非登记实体认证""}]",0,按来源/日期/配置版本分别答复；同型号合并附件不等于同配置或逐车资格认证
广汽乘用车有限公司,GAM7000BEVA0R,0,0,0,0,1,2208试验口径,"[{""purpose_scope"":""2208试验口径"",""source_record_ids"":""old-34-Word97--0-36"",""source_observation_date_upper"":""2020-08-24"",""source_file"":""原件/免征目录/mf_batch34.doc"",""source_sha256"":""d5c5bb03cc5fe0f16b284048e265ad35d62c12c0416f14aef0ce026a229aa831"",""firm_route_basis"":""原件企业合并格/上下文候选；非登记实体认证""}]",0,按来源/日期/配置版本分别答复；同型号合并附件不等于同配置或逐车资格认证
广汽乘用车有限公司,GAM7000BEVA0S,0,0,0,0,1,2208试验口径,"[{""purpose_scope"":""2208试验口径"",""source_record_ids"":""old-34-Word97--0-37"",""source_observation_date_upper"":""2020-08-24"",""source_file"":""原件/免征目录/mf_batch34.doc"",""source_sha256"":""d5c5bb03cc5fe0f16b284048e265ad35d62c12c0416f14aef0ce026a229aa831"",""firm_route_basis"":""原件企业合并格/上下文候选；非登记实体认证""}]",0,按来源/日期/配置版本分别答复；同型号合并附件不等于同配置或逐车资格认证
广汽乘用车有限公司,GAM7000BEVD0E,0,0,0,0,1,2208试验口径,"[{""purpose_scope"":""2208试验口径"",""source_record_ids"":""old-40-Word97--0-8"",""source_observation_date_upper"":""2021-03-08"",""source_file"":""原件/免征目录/mf_batch40.doc"",""source_sha256"":""93047c8e87a1f45948933ee36d00160788032370ecf11b551624e0ca45ecc1d1"",""firm_route_basis"":""原件企业合并格/上下文候选；非登记实体认证""}]",0,按来源/日期/配置版本分别答复；同型号合并附件不等于同配置或逐车资格认证
广汽乘用车有限公司,GAM7000BEVD0H,0,0,0,0,1,2208试验口径,"[{""purpose_scope"":""2208试验口径"",""source_record_ids"":""old-40-Word97--0-7"",""source_observation_date_upper"":""2021-03-08"",""source_file"":""原件/免征目录/mf_batch40.doc"",""source_sha256"":""93047c8e87a1f45948933ee36d00160788032370ecf11b551624e0ca45ecc1d1"",""firm_route_basis"":""原件企业合并格/上下文候选；非登记实体认证""}]",0,按来源/日期/配置版本分别答复；同型号合并附件不等于同配置或逐车资格认证
广汽乘用车有限公司,GAM7000BEVD0J,0,0,0,0,1,2208试验口径,"[{""purpose_scope"":""2208试验口径"",""source_record_ids"":""old-41-Word97--0-17"",""source_observation_date_upper"":""2021-03-31"",""source_file"":""原件/免征目录/mf_batch41.doc"",""source_sha256"":""ba4634c0877ebf99f8e462013e4a07e40f57478a4aaf921801a6c85a49c42b7f"",""firm_route_basis"":""原件企业合并格/上下文候选；非登记实体认证""}]",0,按来源/日期/配置版本分别答复；同型号合并附件不等于同配置或逐车资格认证
广汽乘用车有限公司,GAM7000BEVD0L,0,0,0,0,1,2208试验口径,"[{""purpose_scope"":""2208试验口径"",""source_record_ids"":""old-40-Word97--0-6"",""source_observation_date_upper"":""2021-03-08"",""source_file"":""原件/免征目录/mf_batch40.doc"",""source_sha256"":""93047c8e87a1f45948933ee36d00160788032370ecf11b551624e0ca45ecc1d1"",""firm_route_basis"":""原记录firm_raw""}]",0,按来源/日期/配置版本分别答复；同型号合并附件不等于同配置或逐车资格认证
广汽乘用车有限公司,GAM7000BEVD0N,0,0,0,0,1,2208试验口径,"[{""purpose_scope"":""2208试验口径"",""source_record_ids"":""old-40-Word97--0-9"",""source_observation_date_upper"":""2021-03-08"",""source_file"":""原件/免征目录/mf_batch40.doc"",""source_sha256"":""93047c8e87a1f45948933ee36d00160788032370ecf11b551624e0ca45ecc1d1"",""firm_route_basis"":""原件企业合并格/上下文候选；非登记实体认证""}]",0,按来源/日期/配置版本分别答复；同型号合并附件不等于同配置或逐车资格认证
广汽乘用车有限公司,GAM7000BEVD0P,0,0,0,0,1,2208试验口径,"[{""purpose_scope"":""2208试验口径"",""source_record_ids"":""old-41-Word97--0-16"",""source_observation_date_upper"":""2021-03-31"",""source_file"":""原件/免征目录/mf_batch41.doc"",""source_sha256"":""ba4634c0877ebf99f8e462013e4a07e40f57478a4aaf921801a6c85a49c42b7f"",""firm_route_basis"":""原记录firm_raw""}]",0,按来源/日期/配置版本分别答复；同型号合并附件不等于同配置或逐车资格认证
广汽乘用车有限公司,GAM7000BEVD0Q,0,0,0,0,1,2208试验口径,"[{""purpose_scope"":""2208试验口径"",""source_record_ids"":""old-45-Word97--0-11"",""source_observation_date_upper"":""2021-08-10"",""source_file"":""原件/免征目录/mf_batch45.doc"",""source_sha256"":""56f5e7c5fd36e990024f8121006a76da260361f4e4660846e78255d007126f7a"",""firm_route_basis"":""原件企业合并格/上下文候选；非登记实体认证""}]",0,按来源/日期/配置版本分别答复；同型号合并附件不等于同配置或逐车资格认证
广汽乘用车有限公司,GAM7000BEVD0R,0,0,0,0,1,2208试验口径,"[{""purpose_scope"":""2208试验口径"",""source_record_ids"":""old-42-Word97--0-21"",""source_observation_date_upper"":""2021-04-30"",""source_file"":""原件/免征目录/mf_batch42.doc"",""source_sha256"":""fef4fd8ea19d773d368642e51a4bdb24c148530251a2240be4ff1358d5d41fab"",""firm_route_basis"":""原记录firm_raw""}]",0,按来源/日期/配置版本分别答复；同型号合并附件不等于同配置或逐车资格认证
广汽乘用车有限公司,GAM7000BEVD0T,0,0,0,0,1,2208试验口径,"[{""purpose_scope"":""2208试验口径"",""source_record_ids"":""old-52-Word97--0-21"",""source_observation_date_upper"":""2022-03-08"",""source_file"":""原件/免征目录/mf_batch52.doc"",""source_sha256"":""650a1430fd7c9a9139970f857a0382498bfd368fe64a95f24c17ca3f49dfa3cc"",""firm_route_basis"":""原记录firm_raw""}]",0,按来源/日期/配置版本分别答复；同型号合并附件不等于同配置或逐车资格认证
广汽乘用车有限公司,GAM7000BEVD0U,0,0,0,0,1,2208试验口径,"[{""purpose_scope"":""2208试验口径"",""source_record_ids"":""old-53-Word97--0-26"",""source_observation_date_upper"":""2022-04-08"",""source_file"":""原件/免征目录/mf_batch53.doc"",""source_sha256"":""a1f426ff77c80bce4d153fbfb6d01a7b6c6c87539f52ac4643edb7b060e21d2a"",""firm_route_basis"":""原记录firm_raw""}]",0,按来源/日期/配置版本分别答复；同型号合并附件不等于同配置或逐车资格认证
广汽乘用车有限公司,GAM7000BEVE0A,0,0,0,0,1,2208试验口径,"[{""purpose_scope"":""2208试验口径"",""source_record_ids"":""old-69-Word97--0-48"",""source_observation_date_upper"":""2023-09-14"",""source_file"":""原件/免征目录/mf_batch69.doc"",""source_sha256"":""357d61a16c94488c9fdd761f393edb7029b05394ab06117abaebcba1a1e45546"",""firm_route_basis"":""原件企业合并格/上下文候选；非登记实体认证""}]",0,按来源/日期/配置版本分别答复；同型号合并附件不等于同配置或逐车资格认证
广汽乘用车有限公司,GAM7000BEVE0B,0,0,0,0,1,2208试验口径,"[{""purpose_scope"":""2208试验口径"",""source_record_ids"":""old-66-Word97--0-18"",""source_observation_date_upper"":""2023-06-08"",""source_file"":""原件/免征目录/mf_batch66.doc"",""source_sha256"":""05a5fce42de1c5412803fe6a7bb46d04c4d61cb71dc5d88a9b59a3e884350544"",""firm_route_basis"":""原件企业合并格/上下文候选；非登记实体认证""}]",0,按来源/日期/配置版本分别答复；同型号合并附件不等于同配置或逐车资格认证
广汽乘用车有限公司,GAM7000BEVE0D,0,0,0,0,1,2208试验口径,"[{""purpose_scope"":""2208试验口径"",""source_record_ids"":""old-66-Word97--0-21"",""source_observation_date_upper"":""2023-06-08"",""source_file"":""原件/免征目录/mf_batch66.doc"",""source_sha256"":""05a5fce42de1c5412803fe6a7bb46d04c4d61cb71dc5d88a9b59a3e884350544"",""firm_route_basis"":""原件企业合并格/上下文候选；非登记实体认证""}]",0,按来源/日期/配置版本分别答复；同型号合并附件不等于同配置或逐车资格认证
广汽乘用车有限公司,GAM7000BEVE0E,0,0,0,1,1,92逐车资格;2208试验口径,"[{""purpose_scope"":""92逐车资格"",""source_record_ids"":""new-05-cell-4569;new-06-cell-5149"",""source_observation_date_upper"":""2024-05-20"",""source_file"":""原件/减免目录/cat_batch5.doc"",""source_sha256"":""be8c8373f926e8b033304f06a62d92b0f0fc066accc6841864c3fd414bc506ab"",""firm_route_basis"":""原件企业合并格/上下文候选；非登记实体认证""},{""purpose_scope"":""2208试验口径"",""source_record_ids"":""old-66-Word97--0-22"",""source_observation_date_upper"":""2023-06-08"",""source_file"":""原件/免征目录/mf_batch66.doc"",""source_sha256"":""05a5fce42de1c5412803fe6a7bb46d04c4d61cb71dc5d88a9b59a3e884350544"",""firm_route_basis"":""原件企业合并格/上下文候选；非登记实体认证""}]",0,按来源/日期/配置版本分别答复；同型号合并附件不等于同配置或逐车资格认证
广汽乘用车有限公司,GAM7000BEVE0G,0,0,0,0,1,2208试验口径,"[{""purpose_scope"":""2208试验口径"",""source_record_ids"":""old-66-Word97--0-17"",""source_observation_date_upper"":""2023-06-08"",""source_file"":""原件/免征目录/mf_batch66.doc"",""source_sha256"":""05a5fce42de1c5412803fe6a7bb46d04c4d61cb71dc5d88a9b59a3e884350544"",""firm_route_basis"":""原记录firm_raw""}]",0,按来源/日期/配置版本分别答复；同型号合并附件不等于同配置或逐车资格认证
广汽乘用车有限公司,GAM7000BEVE0J,0,0,0,0,1,2208试验口径,"[{""purpose_scope"":""2208试验口径"",""source_record_ids"":""old-67-Word97--0-19"",""source_observation_date_upper"":""2023-07-17"",""source_file"":""原件/免征目录/mf_batch67.doc"",""source_sha256"":""963a02fcc1f361414f4f003c6d63e00b178d0b962134ed2206c38978f3118101"",""firm_route_basis"":""原件企业合并格/上下文候选；非登记实体认证""}]",0,按来源/日期/配置版本分别答复；同型号合并附件不等于同配置或逐车资格认证
广汽乘用车有限公司,GAM7000BEVE0K,0,0,0,0,1,2208试验口径,"[{""purpose_scope"":""2208试验口径"",""source_record_ids"":""old-67-Word97--0-17"",""source_observation_date_upper"":""2023-07-17"",""source_file"":""原件/免征目录/mf_batch67.doc"",""source_sha256"":""963a02fcc1f361414f4f003c6d63e00b178d0b962134ed2206c38978f3118101"",""firm_route_basis"":""原记录firm_raw""}]",0,按来源/日期/配置版本分别答复；同型号合并附件不等于同配置或逐车资格认证
广汽乘用车有限公司,GAM7000BEVE0M,0,0,0,0,1,2208试验口径,"[{""purpose_scope"":""2208试验口径"",""source_record_ids"":""old-70-Word97--0-33"",""source_observation_date_upper"":""2023-10-18"",""source_file"":""原件/免征目录/mf_batch70.doc"",""source_sha256"":""29b9f5df62602e114f0ed01426c185fdb15a654022cdf16d4df624bb736ed813"",""firm_route_basis"":""原件企业合并格/上下文候选；非登记实体认证""}]",0,按来源/日期/配置版本分别答复；同型号合并附件不等于同配置或逐车资格认证
广汽乘用车有限公司,GAM7000BEVF0A,0,0,0,0,1,2208试验口径,"[{""purpose_scope"":""2208试验口径"",""source_record_ids"":""old-69-Word97--0-46"",""source_observation_date_upper"":""2023-09-14"",""source_file"":""原件/免征目录/mf_batch69.doc"",""source_sha256"":""357d61a16c94488c9fdd761f393edb7029b05394ab06117abaebcba1a1e45546"",""firm_route_basis"":""原件企业合并格/上下文候选；非登记实体认证""}]",0,按来源/日期/配置版本分别答复；同型号合并附件不等于同配置或逐车资格认证
广汽乘用车有限公司,GAM7000BEVM0B,0,0,0,0,1,2208试验口径,"[{""purpose_scope"":""2208试验口径"",""source_record_ids"":""old-48-Word97--0-24"",""source_observation_date_upper"":""2021-11-05"",""source_file"":""原件/免征目录/mf_batch48.doc"",""source_sha256"":""ee5aa19736215cfcb3b76ffff90bcd0d9108c61758ccb756f7d4ad17e75a835c"",""firm_route_basis"":""原件企业合并格/上下文候选；非登记实体认证""}]",0,按来源/日期/配置版本分别答复；同型号合并附件不等于同配置或逐车资格认证
广汽乘用车有限公司,GAM7001BEVA0A,0,0,0,0,1,2208试验口径,"[{""purpose_scope"":""2208试验口径"",""source_record_ids"":""old-42-Word97--0-24"",""source_observation_date_upper"":""2021-04-30"",""source_file"":""原件/免征目录/mf_batch42.doc"",""source_sha256"":""fef4fd8ea19d773d368642e51a4bdb24c148530251a2240be4ff1358d5d41fab"",""firm_route_basis"":""原件企业合并格/上下文候选；非登记实体认证""}]",0,按来源/日期/配置版本分别答复；同型号合并附件不等于同配置或逐车资格认证
广汽乘用车有限公司,GAM7001BEVA0D,0,0,0,0,1,2208试验口径,"[{""purpose_scope"":""2208试验口径"",""source_record_ids"":""old-42-Word97--0-26"",""source_observation_date_upper"":""2021-04-30"",""source_file"":""原件/免征目录/mf_batch42.doc"",""source_sha256"":""fef4fd8ea19d773d368642e51a4bdb24c148530251a2240be4ff1358d5d41fab"",""firm_route_basis"":""原件企业合并格/上下文候选；非登记实体认证""}]",0,按来源/日期/配置版本分别答复；同型号合并附件不等于同配置或逐车资格认证
广汽乘用车有限公司,GAM7001BEVA0E,0,0,0,0,1,2208试验口径,"[{""purpose_scope"":""2208试验口径"",""source_record_ids"":""old-44-Word97--0-18"",""source_observation_date_upper"":""2021-07-12"",""source_file"":""原件/免征目录/mf_batch44.doc"",""source_sha256"":""aea30846204f4e55c0d969450f1619e1649eb27f471d5b0a2636d0da77eb0611"",""firm_route_basis"":""原件企业合并格/上下文候选；非登记实体认证""}]",0,按来源/日期/配置版本分别答复；同型号合并附件不等于同配置或逐车资格认证
广汽乘用车有限公司,GAM7001BEVA0F,0,0,0,0,1,2208试验口径,"[{""purpose_scope"":""2208试验口径"",""source_record_ids"":""old-43-Word97--0-5"",""source_observation_date_upper"":""2021-06-11"",""source_file"":""原件/免征目录/mf_batch43.doc"",""source_sha256"":""5d5202dfe31364ec0884640d8bba22b0f640154d0bcc6154272890e604cfc01c"",""firm_route_basis"":""原记录firm_raw""}]",0,按来源/日期/配置版本分别答复；同型号合并附件不等于同配置或逐车资格认证
广汽乘用车有限公司,GAM7001BEVA0J,0,0,0,0,1,2208试验口径,"[{""purpose_scope"":""2208试验口径"",""source_record_ids"":""old-45-Word97--0-12"",""source_observation_date_upper"":""2021-08-10"",""source_file"":""原件/免征目录/mf_batch45.doc"",""source_sha256"":""56f5e7c5fd36e990024f8121006a76da260361f4e4660846e78255d007126f7a"",""firm_route_basis"":""原件企业合并格/上下文候选；非登记实体认证""}]",0,按来源/日期/配置版本分别答复；同型号合并附件不等于同配置或逐车资格认证
广汽乘用车有限公司,GAM7001BEVA0K,0,0,0,0,1,2208试验口径,"[{""purpose_scope"":""2208试验口径"",""source_record_ids"":""old-49-Word97--0-10"",""source_observation_date_upper"":""2021-12-08"",""source_file"":""原件/免征目录/mf_batch49.doc"",""source_sha256"":""c7a56509a4d9272982da0abc9d1ea213ee1fbea3d0f1edad124630c9b5e3474e"",""firm_route_basis"":""原记录firm_raw""}]",0,按来源/日期/配置版本分别答复；同型号合并附件不等于同配置或逐车资格认证
广汽乘用车有限公司,GAM7001BEVA0L,0,0,0,0,1,2208试验口径,"[{""purpose_scope"":""2208试验口径"",""source_record_ids"":""old-50-Word97--0-26"",""source_observation_date_upper"":""2021-12-29"",""source_file"":""原件/免征目录/mf_batch50.doc"",""source_sha256"":""3810672d92621612507384960254de602e629e75a308df22ee2291519445095e"",""firm_route_basis"":""原件企业合并格/上下文候选；非登记实体认证""}]",0,按来源/日期/配置版本分别答复；同型号合并附件不等于同配置或逐车资格认证
广汽乘用车有限公司,GAM7001BEVA0M,0,0,0,0,1,2208试验口径,"[{""purpose_scope"":""2208试验口径"",""source_record_ids"":""old-53-Word97--0-27"",""source_observation_date_upper"":""2022-04-08"",""source_file"":""原件/免征目录/mf_batch53.doc"",""source_sha256"":""a1f426ff77c80bce4d153fbfb6d01a7b6c6c87539f52ac4643edb7b060e21d2a"",""firm_route_basis"":""原件企业合并格/上下文候选；非登记实体认证""}]",0,按来源/日期/配置版本分别答复；同型号合并附件不等于同配置或逐车资格认证
广汽乘用车有限公司,GAM7001BEVA0N,0,0,0,0,1,2208试验口径,"[{""purpose_scope"":""2208试验口径"",""source_record_ids"":""old-56-Word97--0-37"",""source_observation_date_upper"":""2022-07-08"",""source_file"":""原件/免征目录/mf_batch56.doc"",""source_sha256"":""cbffdc0819640e8f18c11a2a277b26b2e043c81406533457ff225f4df1c6c068"",""firm_route_basis"":""原记录firm_raw""}]",0,按来源/日期/配置版本分别答复；同型号合并附件不等于同配置或逐车资格认证
广汽乘用车有限公司,GAM7001BEVA0R,0,0,0,0,1,2208试验口径,"[{""purpose_scope"":""2208试验口径"",""source_record_ids"":""old-59-Word97--0-59"",""source_observation_date_upper"":""2022-10-10"",""source_file"":""原件/免征目录/mf_batch59.doc"",""source_sha256"":""32738e2df847e0c74ff96d48b8a13e1dd9c31aee84b7c0a633e2d9c8a3e01f86"",""firm_route_basis"":""原件企业合并格/上下文候选；非登记实体认证""}]",0,按来源/日期/配置版本分别答复；同型号合并附件不等于同配置或逐车资格认证
广汽乘用车有限公司,GAM7001BEVA0T,0,0,0,0,1,2208试验口径,"[{""purpose_scope"":""2208试验口径"",""source_record_ids"":""old-59-Word97--0-60"",""source_observation_date_upper"":""2022-10-10"",""source_file"":""原件/免征目录/mf_batch59.doc"",""source_sha256"":""32738e2df847e0c74ff96d48b8a13e1dd9c31aee84b7c0a633e2d9c8a3e01f86"",""firm_route_basis"":""原件企业合并格/上下文候选；非登记实体认证""}]",0,按来源/日期/配置版本分别答复；同型号合并附件不等于同配置或逐车资格认证
广汽乘用车有限公司,GAM7001BEVA0U,0,0,0,0,1,2208试验口径,"[{""purpose_scope"":""2208试验口径"",""source_record_ids"":""old-58-Word97--0-17"",""source_observation_date_upper"":""2022-09-16"",""source_file"":""原件/免征目录/mf_batch58.doc"",""source_sha256"":""b642358bb3078d2dde909a798935c0c1fc75d90f22b33f7c48aa87209acc100d"",""firm_route_basis"":""原件企业合并格/上下文候选；非登记实体认证""}]",0,按来源/日期/配置版本分别答复；同型号合并附件不等于同配置或逐车资格认证
广汽乘用车有限公司,GAM7001BEVA0W,0,0,0,0,1,2208试验口径,"[{""purpose_scope"":""2208试验口径"",""source_record_ids"":""old-59-Word97--0-58"",""source_observation_date_upper"":""2022-10-10"",""source_file"":""原件/免征目录/mf_batch59.doc"",""source_sha256"":""32738e2df847e0c74ff96d48b8a13e1dd9c31aee84b7c0a633e2d9c8a3e01f86"",""firm_route_basis"":""原记录firm_raw""}]",0,按来源/日期/配置版本分别答复；同型号合并附件不等于同配置或逐车资格认证
广汽乘用车有限公司,GAM7001BEVA0X,0,0,0,0,1,2208试验口径,"[{""purpose_scope"":""2208试验口径"",""source_record_ids"":""old-60-Word97--0-30"",""source_observation_date_upper"":""2022-11-09"",""source_file"":""原件/免征目录/mf_batch60.doc"",""source_sha256"":""aabd19e9a0955380873798454b18b3bb15c87937dffcbb0ccfab2eae3bf3551b"",""firm_route_basis"":""原记录firm_raw""}]",0,按来源/日期/配置版本分别答复；同型号合并附件不等于同配置或逐车资格认证
广汽乘用车有限公司,GAM7001BEVA0Y,0,0,0,0,1,2208试验口径,"[{""purpose_scope"":""2208试验口径"",""source_record_ids"":""old-60-Word97--0-31"",""source_observation_date_upper"":""2022-11-09"",""source_file"":""原件/免征目录/mf_batch60.doc"",""source_sha256"":""aabd19e9a0955380873798454b18b3bb15c87937dffcbb0ccfab2eae3bf3551b"",""firm_route_basis"":""原件企业合并格/上下文候选；非登记实体认证""}]",0,按来源/日期/配置版本分别答复；同型号合并附件不等于同配置或逐车资格认证
广汽乘用车有限公司,GAM7001BEVA0Z,0,0,0,0,1,2208试验口径,"[{""purpose_scope"":""2208试验口径"",""source_record_ids"":""old-61-Word97--0-43"",""source_observation_date_upper"":""2022-12-19"",""source_file"":""原件/免征目录/mf_batch61.doc"",""source_sha256"":""d360a77695ccf20f3c17a354a1dd02fc846a7ae8bd18b41492515881a7240b72"",""firm_route_basis"":""原件企业合并格/上下文候选；非登记实体认证""}]",0,按来源/日期/配置版本分别答复；同型号合并附件不等于同配置或逐车资格认证
广汽乘用车有限公司,GAM7001BEVA1A,0,0,0,0,1,2208试验口径,"[{""purpose_scope"":""2208试验口径"",""source_record_ids"":""old-62-Word97--0-52"",""source_observation_date_upper"":""2023-02-20"",""source_file"":""原件/免征目录/mf_batch62.doc"",""source_sha256"":""7694ac7207998b6af7c895cdd2c1d752421df436d4b28f83195261dd47f6509c"",""firm_route_basis"":""原件企业合并格/上下文候选；非登记实体认证""}]",0,按来源/日期/配置版本分别答复；同型号合并附件不等于同配置或逐车资格认证
广汽乘用车有限公司,GAM7001BEVA1C,0,0,0,0,1,2208试验口径,"[{""purpose_scope"":""2208试验口径"",""source_record_ids"":""old-65-Word97--0-27"",""source_observation_date_upper"":""2023-05-09"",""source_file"":""原件/免征目录/mf_batch65.doc"",""source_sha256"":""06a6a578a9a60516a845bc92deac49954438a789e9e4a7cf3cd140f256d9b13d"",""firm_route_basis"":""原件企业合并格/上下文候选；非登记实体认证""}]",0,按来源/日期/配置版本分别答复；同型号合并附件不等于同配置或逐车资格认证
广汽乘用车有限公司,GAM7001BEVA1D,0,0,0,0,1,2208试验口径,"[{""purpose_scope"":""2208试验口径"",""source_record_ids"":""old-68-Word97--0-23"",""source_observation_date_upper"":""2023-08-16"",""source_file"":""原件/免征目录/mf_batch68.doc"",""source_sha256"":""58113d08377020d08de0aeb0e08ff63c4a4411dbe35ad69cfdd6f82fdf0fcc77"",""firm_route_basis"":""原件企业合并格/上下文候选；非登记实体认证""}]",0,按来源/日期/配置版本分别答复；同型号合并附件不等于同配置或逐车资格认证
广汽乘用车有限公司,GAM7001BEVA1E,0,0,0,0,1,2208试验口径,"[{""purpose_scope"":""2208试验口径"",""source_record_ids"":""old-64-Word97--0-28"",""source_observation_date_upper"":""2023-04-17"",""source_file"":""原件/免征目录/mf_batch64.doc"",""source_sha256"":""c4e238989e7e40ec2c3a6a899ead170b4a745bc72546ba6fd4a5731d8890c6cb"",""firm_route_basis"":""原记录firm_raw""}]",0,按来源/日期/配置版本分别答复；同型号合并附件不等于同配置或逐车资格认证
广汽乘用车有限公司,GAM7001BEVA1G,0,0,0,0,1,2208试验口径,"[{""purpose_scope"":""2208试验口径"",""source_record_ids"":""old-66-Word97--0-19"",""source_observation_date_upper"":""2023-06-08"",""source_file"":""原件/免征目录/mf_batch66.doc"",""source_sha256"":""05a5fce42de1c5412803fe6a7bb46d04c4d61cb71dc5d88a9b59a3e884350544"",""firm_route_basis"":""原件企业合并格/上下文候选；非登记实体认证""}]",0,按来源/日期/配置版本分别答复；同型号合并附件不等于同配置或逐车资格认证
广汽乘用车有限公司,GAM7001BEVA1H,0,0,0,0,1,2208试验口径,"[{""purpose_scope"":""2208试验口径"",""source_record_ids"":""old-66-Word97--0-20"",""source_observation_date_upper"":""2023-06-08"",""source_file"":""原件/免征目录/mf_batch66.doc"",""source_sha256"":""05a5fce42de1c5412803fe6a7bb46d04c4d61cb71dc5d88a9b59a3e884350544"",""firm_route_basis"":""原件企业合并格/上下文候选；非登记实体认证""}]",0,按来源/日期/配置版本分别答复；同型号合并附件不等于同配置或逐车资格认证
广汽乘用车有限公司,GAM7001BEVA1J,0,0,0,0,1,2208试验口径,"[{""purpose_scope"":""2208试验口径"",""source_record_ids"":""old-70-Word97--0-31"",""source_observation_date_upper"":""2023-10-18"",""source_file"":""原件/免征目录/mf_batch70.doc"",""source_sha256"":""29b9f5df62602e114f0ed01426c185fdb15a654022cdf16d4df624bb736ed813"",""firm_route_basis"":""原件企业合并格/上下文候选；非登记实体认证""}]",0,按来源/日期/配置版本分别答复；同型号合并附件不等于同配置或逐车资格认证
广汽乘用车有限公司,GAM7001BEVA1K,0,0,0,0,1,2208试验口径,"[{""purpose_scope"":""2208试验口径"",""source_record_ids"":""old-70-Word97--0-32"",""source_observation_date_upper"":""2023-10-18"",""source_file"":""原件/免征目录/mf_batch70.doc"",""source_sha256"":""29b9f5df62602e114f0ed01426c185fdb15a654022cdf16d4df624bb736ed813"",""firm_route_basis"":""原件企业合并格/上下文候选；非登记实体认证""}]",0,按来源/日期/配置版本分别答复；同型号合并附件不等于同配置或逐车资格认证
广汽吉奥汽车有限公司,GA6420SBEV,0,0,0,0,1,2208试验口径,"[{""purpose_scope"":""2208试验口径"",""source_record_ids"":""old-05-PDF-grid-1-0-7"",""source_observation_date_upper"":""2015-09-11"",""source_file"":""原件/免征目录/mf_batch05.pdf"",""source_sha256"":""658aa5fbf13859a9bbe1db6235da2f7e79fc325cc34e4c0ec1ffab7f8cc2ebca"",""firm_route_basis"":""原记录firm_raw""}]",0,按来源/日期/配置版本分别答复；同型号合并附件不等于同配置或逐车资格认证
广汽本田汽车有限公司,GHA7000HAN0ABEV,0,0,0,0,1,2208试验口径,"[{""purpose_scope"":""2208试验口径"",""source_record_ids"":""old-51-Word97--0-7"",""source_observation_date_upper"":""2022-01-29"",""source_file"":""原件/免征目录/mf_batch51.doc"",""source_sha256"":""35411ca0ab3ef42915600b148fca6fe76bcb86f5dc3812f71d74f3ebda125ce6"",""firm_route_basis"":""原记录firm_raw""}]",0,按来源/日期/配置版本分别答复；同型号合并附件不等于同配置或逐车资格认证
广汽本田汽车有限公司,GHA7000HAN0BBEV,0,0,0,0,1,2208试验口径,"[{""purpose_scope"":""2208试验口径"",""source_record_ids"":""old-50-Word97--0-24"",""source_observation_date_upper"":""2021-12-29"",""source_file"":""原件/免征目录/mf_batch50.doc"",""source_sha256"":""3810672d92621612507384960254de602e629e75a308df22ee2291519445095e"",""firm_route_basis"":""原记录firm_raw""}]",0,按来源/日期/配置版本分别答复；同型号合并附件不等于同配置或逐车资格认证
广汽本田汽车有限公司,GHA7000HAN0CBEV,0,0,0,0,1,2208试验口径,"[{""purpose_scope"":""2208试验口径"",""source_record_ids"":""old-61-Word97--0-40"",""source_observation_date_upper"":""2022-12-19"",""source_file"":""原件/免征目录/mf_batch61.doc"",""source_sha256"":""d360a77695ccf20f3c17a354a1dd02fc846a7ae8bd18b41492515881a7240b72"",""firm_route_basis"":""原记录firm_raw""}]",0,按来源/日期/配置版本分别答复；同型号合并附件不等于同配置或逐车资格认证
广汽本田汽车有限公司,GHA7000NAN0ABEV,0,0,0,0,1,2208试验口径,"[{""purpose_scope"":""2208试验口径"",""source_record_ids"":""old-37-Word97--0-27"",""source_observation_date_upper"":""2020-11-30"",""source_file"":""原件/免征目录/mf_batch37.doc"",""source_sha256"":""136057faede292d8070763e326c8dbdcddf3790653cc6879a13758f91556881f"",""firm_route_basis"":""原记录firm_raw""}]",0,按来源/日期/配置版本分别答复；同型号合并附件不等于同配置或逐车资格认证
广汽本田汽车有限公司,GHA7000PAN0ABEV,0,0,0,0,1,2208试验口径,"[{""purpose_scope"":""2208试验口径"",""source_record_ids"":""old-21-DOCX--0-5"",""source_observation_date_upper"":""2018-11-06"",""source_file"":""原件/免征目录/mf_batch21.docx"",""source_sha256"":""cd981cecffd781db646c194ab2c853b0466cc86eea0f616e95300b88932b8d9b"",""firm_route_basis"":""原记录firm_raw""}]",0,按来源/日期/配置版本分别答复；同型号合并附件不等于同配置或逐车资格认证
广汽本田汽车有限公司,GHA7000PAN0BBEV,0,0,0,0,1,2208试验口径,"[{""purpose_scope"":""2208试验口径"",""source_record_ids"":""old-25-Word97--0-92"",""source_observation_date_upper"":""2019-06-12"",""source_file"":""原件/免征目录/mf_batch25.wps"",""source_sha256"":""9d2abe319463522513fe9c90f98bb8d0a825b599267d0b3cc403cec9624b3297"",""firm_route_basis"":""原记录firm_raw""}]",0,按来源/日期/配置版本分别答复；同型号合并附件不等于同配置或逐车资格认证
广汽本田汽车有限公司,GHA7000PAN0CBEV,0,0,0,0,1,2208试验口径,"[{""purpose_scope"":""2208试验口径"",""source_record_ids"":""old-33-Word97--0-34"",""source_observation_date_upper"":""2020-07-21"",""source_file"":""原件/免征目录/mf_batch33.doc"",""source_sha256"":""ff98fbb1708c47cdcfc1e79e7a1647e72a7ae6d4255dce3b250d661001340c09"",""firm_route_basis"":""原记录firm_raw""}]",0,按来源/日期/配置版本分别答复；同型号合并附件不等于同配置或逐车资格认证
广汽本田汽车有限公司,GHA7000PAN0DBEV,0,0,0,0,1,2208试验口径,"[{""purpose_scope"":""2208试验口径"",""source_record_ids"":""old-40-Word97--0-5"",""source_observation_date_upper"":""2021-03-08"",""source_file"":""原件/免征目录/mf_batch40.doc"",""source_sha256"":""93047c8e87a1f45948933ee36d00160788032370ecf11b551624e0ca45ecc1d1"",""firm_route_basis"":""原记录firm_raw""}]",0,按来源/日期/配置版本分别答复；同型号合并附件不等于同配置或逐车资格认证
成都大运汽车集团有限公司,CGC6371BEV2S1,0,0,0,0,1,2208试验口径,"[{""purpose_scope"":""2208试验口径"",""source_record_ids"":""old-24-Word97--0-4"",""source_observation_date_upper"":""2019-04-30"",""source_file"":""原件/免征目录/mf_batch24.wps"",""source_sha256"":""07775a0cb063fe0fce5880b9378dd1eb2522b725d645cabdee314d604779939d"",""firm_route_basis"":""原记录firm_raw""}]",0,按来源/日期/配置版本分别答复；同型号合并附件不等于同配置或逐车资格认证
成都大运汽车集团有限公司,CGC6481BEV2P1,0,0,0,0,1,2208试验口径,"[{""purpose_scope"":""2208试验口径"",""source_record_ids"":""old-26-DOCX--0-9"",""source_observation_date_upper"":""2019-08-30"",""source_file"":""原件/免征目录/mf_batch26.docx"",""source_sha256"":""de0890335ef3a4f1302a8a0735ec8b6aed52e994e2635db481820060d62248b5"",""firm_route_basis"":""原记录firm_raw""}]",0,按来源/日期/配置版本分别答复；同型号合并附件不等于同配置或逐车资格认证
成都大运汽车集团有限公司,CGC7000BEV2J4,0,0,0,0,1,2208试验口径,"[{""purpose_scope"":""2208试验口径"",""source_record_ids"":""old-40-Word97--0-3"",""source_observation_date_upper"":""2021-03-08"",""source_file"":""原件/免征目录/mf_batch40.doc"",""source_sha256"":""93047c8e87a1f45948933ee36d00160788032370ecf11b551624e0ca45ecc1d1"",""firm_route_basis"":""原记录firm_raw""}]",0,按来源/日期/配置版本分别答复；同型号合并附件不等于同配置或逐车资格认证
成都高原汽车工业有限公司,RX6490SEV01,0,0,0,0,1,2208试验口径,"[{""purpose_scope"":""2208试验口径"",""source_record_ids"":""old-46-Word97--0-47"",""source_observation_date_upper"":""2021-09-10"",""source_file"":""原件/免征目录/mf_batch46.doc"",""source_sha256"":""a4b2048b3d5c29a8969f0348e9fd19a3293f0c23e6f37a48bf42a2ed70c7d37d"",""firm_route_basis"":""原记录firm_raw""}]",0,按来源/日期/配置版本分别答复；同型号合并附件不等于同配置或逐车资格认证
成都高原汽车工业有限公司,RX6490SEV02,0,0,0,0,1,2208试验口径,"[{""purpose_scope"":""2208试验口径"",""source_record_ids"":""old-48-Word97--0-37"",""source_observation_date_upper"":""2021-11-05"",""source_file"":""原件/免征目录/mf_batch48.doc"",""source_sha256"":""ee5aa19736215cfcb3b76ffff90bcd0d9108c61758ccb756f7d4ad17e75a835c"",""firm_route_basis"":""原记录firm_raw""}]",0,按来源/日期/配置版本分别答复；同型号合并附件不等于同配置或逐车资格认证
捷尼赛思汽车销售(上海)有限公司,JWEV2WD,0,0,0,0,1,2208试验口径,"[{""purpose_scope"":""2208试验口径"",""source_record_ids"":""old-64-Word97--0-2"",""source_observation_date_upper"":""2023-04-17"",""source_file"":""原件/免征目录/mf_batch64.doc"",""source_sha256"":""c4e238989e7e40ec2c3a6a899ead170b4a745bc72546ba6fd4a5731d8890c6cb"",""firm_route_basis"":""原记录firm_raw""}]",0,按来源/日期/配置版本分别答复；同型号合并附件不等于同配置或逐车资格认证
捷尼赛思汽车销售(上海)有限公司,JWEVP4WD,0,0,0,0,1,2208试验口径,"[{""purpose_scope"":""2208试验口径"",""source_record_ids"":""old-64-Word97--0-3"",""source_observation_date_upper"":""2023-04-17"",""source_file"":""原件/免征目录/mf_batch64.doc"",""source_sha256"":""c4e238989e7e40ec2c3a6a899ead170b4a745bc72546ba6fd4a5731d8890c6cb"",""firm_route_basis"":""原件企业合并格/上下文候选；非登记实体认证""}]",0,按来源/日期/配置版本分别答复；同型号合并附件不等于同配置或逐车资格认证
捷尼赛思汽车销售(上海)有限公司,RG3EV4WD,0,0,0,0,1,2208试验口径,"[{""purpose_scope"":""2208试验口径"",""source_record_ids"":""old-53-Word97--0-2"",""source_observation_date_upper"":""2022-04-08"",""source_file"":""原件/免征目录/mf_batch53.doc"",""source_sha256"":""a1f426ff77c80bce4d153fbfb6d01a7b6c6c87539f52ac4643edb7b060e21d2a"",""firm_route_basis"":""原记录firm_raw""}]",0,按来源/日期/配置版本分别答复；同型号合并附件不等于同配置或逐车资格认证
斯巴鲁汽车(中国)有限公司,YEAM15L-SWDHSC2,0,0,0,0,1,2208试验口径,"[{""purpose_scope"":""2208试验口径"",""source_record_ids"":""old-71-Word97--0-2"",""source_observation_date_upper"":""2023-11-20"",""source_file"":""原件/免征目录/mf_batch71.doc"",""source_sha256"":""b37b78b64b8ef7e12e6e95d6fd27a4a6e364c0c83ba403ffcf3bca82c60e3460"",""firm_route_basis"":""原记录firm_raw""}]",0,按来源/日期/配置版本分别答复；同型号合并附件不等于同配置或逐车资格认证
明君汽车有限公司,MJC6450BEV1,0,0,0,0,1,2208试验口径,"[{""purpose_scope"":""2208试验口径"",""source_record_ids"":""old-25-Word97--0-25"",""source_observation_date_upper"":""2019-06-12"",""source_file"":""原件/免征目录/mf_batch25.wps"",""source_sha256"":""9d2abe319463522513fe9c90f98bb8d0a825b599267d0b3cc403cec9624b3297"",""firm_route_basis"":""原记录firm_raw""}]",0,按来源/日期/配置版本分别答复；同型号合并附件不等于同配置或逐车资格认证
明君汽车有限公司,MJC7000BEV1,0,0,0,0,1,2208试验口径,"[{""purpose_scope"":""2208试验口径"",""source_record_ids"":""old-34-Word97--0-49"",""source_observation_date_upper"":""2020-08-24"",""source_file"":""原件/免征目录/mf_batch34.doc"",""source_sha256"":""d5c5bb03cc5fe0f16b284048e265ad35d62c12c0416f14aef0ce026a229aa831"",""firm_route_basis"":""原记录firm_raw""}]",0,按来源/日期/配置版本分别答复；同型号合并附件不等于同配置或逐车资格认证
杭州长江乘用车有限公司,FDH7000BEV01,0,0,0,0,1,2208试验口径,"[{""purpose_scope"":""2208试验口径"",""source_record_ids"":""old-22-Word97--0-58"",""source_observation_date_upper"":""2018-12-18"",""source_file"":""原件/免征目录/mf_batch22.doc"",""source_sha256"":""eaf3fc1e64742af85b3d4bc90388d0a93154a497fd6c1fb9bf73b857672e1212"",""firm_route_basis"":""原记录firm_raw""}]",0,按来源/日期/配置版本分别答复；同型号合并附件不等于同配置或逐车资格认证
杭州长江乘用车有限公司,FDH7000BEV03,0,0,0,0,1,2208试验口径,"[{""purpose_scope"":""2208试验口径"",""source_record_ids"":""old-23-Word97--0-61"",""source_observation_date_upper"":""2019-03-13"",""source_file"":""原件/免征目录/mf_batch23.docx"",""source_sha256"":""87f838de0da3ba5887f77b2bf5c1dbf5b427e7cef896309a7084c11dd8f5efa0"",""firm_route_basis"":""原记录firm_raw""}]",0,按来源/日期/配置版本分别答复；同型号合并附件不等于同配置或逐车资格认证
杭州长江乘用车有限公司,FDH7000BEV04,0,0,0,0,1,2208试验口径,"[{""purpose_scope"":""2208试验口径"",""source_record_ids"":""old-25-Word97--0-34"",""source_observation_date_upper"":""2019-06-12"",""source_file"":""原件/免征目录/mf_batch25.wps"",""source_sha256"":""9d2abe319463522513fe9c90f98bb8d0a825b599267d0b3cc403cec9624b3297"",""firm_route_basis"":""原记录firm_raw""}]",0,按来源/日期/配置版本分别答复；同型号合并附件不等于同配置或逐车资格认证
杭州长江乘用车有限公司,FDH7000BEV05,0,0,0,0,1,2208试验口径,"[{""purpose_scope"":""2208试验口径"",""source_record_ids"":""mf29-t0-r23"",""source_observation_date_upper"":""2019-12-27"",""source_file"":""原件/mf_batch29.doc"",""source_sha256"":""8d24a01958cc6d44fa7826ecbb6a76869b9a0f2c98b97597d57af02932f2afaf"",""firm_route_basis"":""原记录firm_raw""}]",0,按来源/日期/配置版本分别答复；同型号合并附件不等于同配置或逐车资格认证
杭州长江乘用车有限公司,FDH7000BEV09,0,0,0,0,1,2208试验口径,"[{""purpose_scope"":""2208试验口径"",""source_record_ids"":""old-40-Word97--0-15"",""source_observation_date_upper"":""2021-03-08"",""source_file"":""原件/免征目录/mf_batch40.doc"",""source_sha256"":""93047c8e87a1f45948933ee36d00160788032370ecf11b551624e0ca45ecc1d1"",""firm_route_basis"":""原记录firm_raw""}]",0,按来源/日期/配置版本分别答复；同型号合并附件不等于同配置或逐车资格认证
枫盛汽车(江苏)有限公司,JWT6470BEV02,0,0,0,0,1,2208试验口径,"[{""purpose_scope"":""2208试验口径"",""source_record_ids"":""old-33-Word97--0-75"",""source_observation_date_upper"":""2020-07-21"",""source_file"":""原件/免征目录/mf_batch33.doc"",""source_sha256"":""ff98fbb1708c47cdcfc1e79e7a1647e72a7ae6d4255dce3b250d661001340c09"",""firm_route_basis"":""原记录firm_raw""}]",0,按来源/日期/配置版本分别答复；同型号合并附件不等于同配置或逐车资格认证
枫盛汽车(江苏)有限公司,JWT6470SEV01,0,0,0,0,1,2208试验口径,"[{""purpose_scope"":""2208试验口径"",""source_record_ids"":""old-33-Word97--0-76"",""source_observation_date_upper"":""2020-07-21"",""source_file"":""原件/免征目录/mf_batch33.doc"",""source_sha256"":""ff98fbb1708c47cdcfc1e79e7a1647e72a7ae6d4255dce3b250d661001340c09"",""firm_route_basis"":""原件企业合并格/上下文候选；非登记实体认证""}]",0,按来源/日期/配置版本分别答复；同型号合并附件不等于同配置或逐车资格认证
枫盛汽车(江苏)有限公司,JWT6470SEV02,0,0,0,0,1,2208试验口径,"[{""purpose_scope"":""2208试验口径"",""source_record_ids"":""old-37-Word97--0-28"",""source_observation_date_upper"":""2020-11-30"",""source_file"":""原件/免征目录/mf_batch37.doc"",""source_sha256"":""136057faede292d8070763e326c8dbdcddf3790653cc6879a13758f91556881f"",""firm_route_basis"":""原记录firm_raw""}]",0,按来源/日期/配置版本分别答复；同型号合并附件不等于同配置或逐车资格认证
枫盛汽车(江苏)有限公司,JWT6470SEV03,0,0,0,0,1,2208试验口径,"[{""purpose_scope"":""2208试验口径"",""source_record_ids"":""old-38-Word97--0-13"",""source_observation_date_upper"":""2020-12-30"",""source_file"":""原件/免征目录/mf_batch38.doc"",""source_sha256"":""7c9def45fe5c40e4c5ffb483a1d1efd383c12cb16a5c4ba021d4ce28384776de"",""firm_route_basis"":""原记录firm_raw""}]",0,按来源/日期/配置版本分别答复；同型号合并附件不等于同配置或逐车资格认证
枫盛汽车(江苏)有限公司,JWT6470SEV04,0,0,0,1,0,92逐车资格,"[{""purpose_scope"":""92逐车资格"",""source_record_ids"":""new-06-cell-5533"",""source_observation_date_upper"":""2024-05-31"",""source_file"":""原件/减免目录/cat_batch6.doc"",""source_sha256"":""8017fdbcfa01dc3f5d2bd65fe4a06f5212edd78d39fee33fd47f6a2823eedcf7"",""firm_route_basis"":""原记录firm_raw""}]",0,按来源/日期/配置版本分别答复；同型号合并附件不等于同配置或逐车资格认证
枫盛汽车(江苏)有限公司,JWT7001BEV,0,0,0,0,1,2208试验口径,"[{""purpose_scope"":""2208试验口径"",""source_record_ids"":""old-30-Word97--0-39"",""source_observation_date_upper"":""2020-03-13"",""source_file"":""原件/免征目录/mf_batch30.doc"",""source_sha256"":""e7fa3b47858ec2035b8055bc15be00b2b26920a5e8d3cad481058a80b92ead24"",""firm_route_basis"":""原记录firm_raw""}]",0,按来源/日期/配置版本分别答复；同型号合并附件不等于同配置或逐车资格认证
枫盛汽车(江苏)有限公司,JWT7001SEV01,0,0,0,1,0,92逐车资格,"[{""purpose_scope"":""92逐车资格"",""source_record_ids"":""new-06-cell-5545"",""source_observation_date_upper"":""2024-05-31"",""source_file"":""原件/减免目录/cat_batch6.doc"",""source_sha256"":""8017fdbcfa01dc3f5d2bd65fe4a06f5212edd78d39fee33fd47f6a2823eedcf7"",""firm_route_basis"":""原件企业合并格/上下文候选；非登记实体认证""}]",0,按来源/日期/配置版本分别答复；同型号合并附件不等于同配置或逐车资格认证
标致雪铁龙(上海)管理有限公司,UJZKX,0,0,0,0,1,2208试验口径,"[{""purpose_scope"":""2208试验口径"",""source_record_ids"":""old-46-Word97--0-12"",""source_observation_date_upper"":""2021-09-10"",""source_file"":""原件/免征目录/mf_batch46.doc"",""source_sha256"":""a4b2048b3d5c29a8969f0348e9fd19a3293f0c23e6f37a48bf42a2ed70c7d37d"",""firm_route_basis"":""原记录firm_raw""}]",0,按来源/日期/配置版本分别答复；同型号合并附件不等于同配置或逐车资格认证
梅赛德斯-奔驰(中国)汽车销售有限公司,EQS450+A10(296623),0,0,0,0,1,2208试验口径,"[{""purpose_scope"":""2208试验口径"",""source_record_ids"":""old-60-Word97--0-4"",""source_observation_date_upper"":""2022-11-09"",""source_file"":""原件/免征目录/mf_batch60.doc"",""source_sha256"":""aabd19e9a0955380873798454b18b3bb15c87937dffcbb0ccfab2eae3bf3551b"",""firm_route_basis"":""原件企业合并格/上下文候选；非登记实体认证""}]",0,按来源/日期/配置版本分别答复；同型号合并附件不等于同配置或逐车资格认证
梅赛德斯-奔驰(中国)汽车销售有限公司,EQS450+A10(297123),0,0,0,0,1,2208试验口径,"[{""purpose_scope"":""2208试验口径"",""source_record_ids"":""old-49-Word97--0-24"",""source_observation_date_upper"":""2021-12-08"",""source_file"":""原件/免征目录/mf_batch49.doc"",""source_sha256"":""c7a56509a4d9272982da0abc9d1ea213ee1fbea3d0f1edad124630c9b5e3474e"",""firm_route_basis"":""原件企业合并格/上下文候选；非登记实体认证""}]",0,按来源/日期/配置版本分别答复；同型号合并附件不等于同配置或逐车资格认证
梅赛德斯-奔驰(中国)汽车销售有限公司,EQS450+B20(297123),0,0,0,0,1,2208试验口径,"[{""purpose_scope"":""2208试验口径"",""source_record_ids"":""old-49-Word97--0-22"",""source_observation_date_upper"":""2021-12-08"",""source_file"":""原件/免征目录/mf_batch49.doc"",""source_sha256"":""c7a56509a4d9272982da0abc9d1ea213ee1fbea3d0f1edad124630c9b5e3474e"",""firm_route_basis"":""原记录firm_raw""}]",0,按来源/日期/配置版本分别答复；同型号合并附件不等于同配置或逐车资格认证
梅赛德斯-奔驰(中国)汽车销售有限公司,EQS4504MATICA10(296624),0,0,0,0,1,2208试验口径,"[{""purpose_scope"":""2208试验口径"",""source_record_ids"":""old-60-Word97--0-3"",""source_observation_date_upper"":""2022-11-09"",""source_file"":""原件/免征目录/mf_batch60.doc"",""source_sha256"":""aabd19e9a0955380873798454b18b3bb15c87937dffcbb0ccfab2eae3bf3551b"",""firm_route_basis"":""原件企业合并格/上下文候选；非登记实体认证""}]",0,按来源/日期/配置版本分别答复；同型号合并附件不等于同配置或逐车资格认证
梅赛德斯-奔驰(中国)汽车销售有限公司,EQS4504MATICB20(296624),0,0,0,0,1,2208试验口径,"[{""purpose_scope"":""2208试验口径"",""source_record_ids"":""old-60-Word97--0-2"",""source_observation_date_upper"":""2022-11-09"",""source_file"":""原件/免征目录/mf_batch60.doc"",""source_sha256"":""aabd19e9a0955380873798454b18b3bb15c87937dffcbb0ccfab2eae3bf3551b"",""firm_route_basis"":""原记录firm_raw""}]",0,按来源/日期/配置版本分别答复；同型号合并附件不等于同配置或逐车资格认证
梅赛德斯-奔驰(中国)汽车销售有限公司,EQS5804MATICA10(297144),0,0,0,0,1,2208试验口径,"[{""purpose_scope"":""2208试验口径"",""source_record_ids"":""old-49-Word97--0-23"",""source_observation_date_upper"":""2021-12-08"",""source_file"":""原件/免征目录/mf_batch49.doc"",""source_sha256"":""c7a56509a4d9272982da0abc9d1ea213ee1fbea3d0f1edad124630c9b5e3474e"",""firm_route_basis"":""原件企业合并格/上下文候选；非登记实体认证""}]",0,按来源/日期/配置版本分别答复；同型号合并附件不等于同配置或逐车资格认证
梅赛德斯-奔驰(中国)汽车销售有限公司,MERCEDES-AMGEQE534MATIC+A10(294653),0,0,0,0,1,2208试验口径,"[{""purpose_scope"":""2208试验口径"",""source_record_ids"":""old-70-Word97--0-4"",""source_observation_date_upper"":""2023-10-18"",""source_file"":""原件/免征目录/mf_batch70.doc"",""source_sha256"":""29b9f5df62602e114f0ed01426c185fdb15a654022cdf16d4df624bb736ed813"",""firm_route_basis"":""原记录firm_raw""}]",0,按来源/日期/配置版本分别答复；同型号合并附件不等于同配置或逐车资格认证
梅赛德斯-奔驰(中国)汽车销售有限公司,MERCEDES-AMGEQE534MATIC+A10(295153),0,0,0,0,1,2208试验口径,"[{""purpose_scope"":""2208试验口径"",""source_record_ids"":""old-62-Word97--0-2"",""source_observation_date_upper"":""2023-02-20"",""source_file"":""原件/免征目录/mf_batch62.doc"",""source_sha256"":""7694ac7207998b6af7c895cdd2c1d752421df436d4b28f83195261dd47f6509c"",""firm_route_basis"":""原记录firm_raw""}]",0,按来源/日期/配置版本分别答复；同型号合并附件不等于同配置或逐车资格认证
梅赛德斯-奔驰(中国)汽车销售有限公司,MERCEDES-AMGEQE534MATIC+A20(295153),0,0,0,0,1,2208试验口径,"[{""purpose_scope"":""2208试验口径"",""source_record_ids"":""old-70-Word97--0-5"",""source_observation_date_upper"":""2023-10-18"",""source_file"":""原件/免征目录/mf_batch70.doc"",""source_sha256"":""29b9f5df62602e114f0ed01426c185fdb15a654022cdf16d4df624bb736ed813"",""firm_route_basis"":""原件企业合并格/上下文候选；非登记实体认证""}]",0,按来源/日期/配置版本分别答复；同型号合并附件不等于同配置或逐车资格认证
梅赛德斯-奔驰(中国)汽车销售有限公司,MERCEDES-AMGEQS534MATIC+A10(297155),0,0,0,0,1,2208试验口径,"[{""purpose_scope"":""2208试验口径"",""source_record_ids"":""old-54-Word97--0-3"",""source_observation_date_upper"":""2022-05-12"",""source_file"":""原件/免征目录/mf_batch54.doc"",""source_sha256"":""e4ce106fc0fb21bc61cac40ff0de97e60dff2d18b5b7d24c494bb74873312fd7"",""firm_route_basis"":""原记录firm_raw""}]",0,按来源/日期/配置版本分别答复；同型号合并附件不等于同配置或逐车资格认证
梅赛德斯-奔驰(中国)汽车销售有限公司,MERCEDES-MAYBACHEQS480A10(296934),0,0,0,0,1,2208试验口径,"[{""purpose_scope"":""2208试验口径"",""source_record_ids"":""old-71-Word97--0-4"",""source_observation_date_upper"":""2023-11-20"",""source_file"":""原件/免征目录/mf_batch71.doc"",""source_sha256"":""b37b78b64b8ef7e12e6e95d6fd27a4a6e364c0c83ba403ffcf3bca82c60e3460"",""firm_route_basis"":""原件企业合并格/上下文候选；非登记实体认证""}]",0,按来源/日期/配置版本分别答复；同型号合并附件不等于同配置或逐车资格认证
梅赛德斯-奔驰(中国)汽车销售有限公司,MERCEDES-MAYBACHEQS680A10(296955),0,0,0,0,1,2208试验口径,"[{""purpose_scope"":""2208试验口径"",""source_record_ids"":""old-71-Word97--0-3"",""source_observation_date_upper"":""2023-11-20"",""source_file"":""原件/免征目录/mf_batch71.doc"",""source_sha256"":""b37b78b64b8ef7e12e6e95d6fd27a4a6e364c0c83ba403ffcf3bca82c60e3460"",""firm_route_basis"":""原记录firm_raw""}]",0,按来源/日期/配置版本分别答复；同型号合并附件不等于同配置或逐车资格认证
比亚迪汽车工业有限公司,BYD6440SBEV,0,0,0,0,1,2208试验口径,"[{""purpose_scope"":""2208试验口径"",""source_record_ids"":""old-08-PDF-grid-1-0-11"",""source_observation_date_upper"":""2016-06-16"",""source_file"":""原件/免征目录/mf_batch08.pdf"",""source_sha256"":""39b242717c026063c908426a890cd361f1165aa5729988d56303b2f8d5fb3b42"",""firm_route_basis"":""原记录firm_raw""}]",0,按来源/日期/配置版本分别答复；同型号合并附件不等于同配置或逐车资格认证
比亚迪汽车工业有限公司,BYD6440SBEV2,0,0,0,0,1,2208试验口径,"[{""purpose_scope"":""2208试验口径"",""source_record_ids"":""old-16-Word97--0-13"",""source_observation_date_upper"":""2018-02-13"",""source_file"":""原件/免征目录/mf_batch16.docx"",""source_sha256"":""9db5ace6c1c59bd9636d48636f94fa77d2b6e0aa27b109421690ce6a8c4a3967"",""firm_route_basis"":""原件企业合并格/上下文候选；非登记实体认证""}]",0,按来源/日期/配置版本分别答复；同型号合并附件不等于同配置或逐车资格认证
比亚迪汽车工业有限公司,BYD6450VBEV,0,0,0,0,1,2208试验口径,"[{""purpose_scope"":""2208试验口径"",""source_record_ids"":""old-09-PDF-grid-1-0-16"",""source_observation_date_upper"":""2016-12-06"",""source_file"":""原件/免征目录/mf_batch09.pdf"",""source_sha256"":""7eea7200c04fefec34f6ae6db5a1bae77f82a534348f266e95575cae051c8c8c"",""firm_route_basis"":""原记录firm_raw""}]",0,按来源/日期/配置版本分别答复；同型号合并附件不等于同配置或逐车资格认证
比亚迪汽车工业有限公司,BYD6450VBEV1,0,0,0,0,1,2208试验口径,"[{""purpose_scope"":""2208试验口径"",""source_record_ids"":""old-20-DOCX--0-5"",""source_observation_date_upper"":""2018-09-19"",""source_file"":""原件/免征目录/mf_batch20.docx"",""source_sha256"":""374d3f87551d75d1c163e76abb38f350ea93f8a2b8cad6174568c307d1cc0130"",""firm_route_basis"":""原记录firm_raw""}]",0,按来源/日期/配置版本分别答复；同型号合并附件不等于同配置或逐车资格认证
比亚迪汽车工业有限公司,BYD6450VBEV2,0,0,0,0,1,2208试验口径,"[{""purpose_scope"":""2208试验口径"",""source_record_ids"":""old-28-Word97--0-8"",""source_observation_date_upper"":""2019-12-10"",""source_file"":""原件/免征目录/mf_batch28.doc"",""source_sha256"":""dfe1b301a5e8373e94e0e4a2fccee3d258c56bb662e4928764a71274142acd72"",""firm_route_basis"":""原记录firm_raw""}]",0,按来源/日期/配置版本分别答复；同型号合并附件不等于同配置或逐车资格认证
比亚迪汽车工业有限公司,BYD6450VBEV3,0,0,0,0,1,2208试验口径,"[{""purpose_scope"":""2208试验口径"",""source_record_ids"":""old-41-Word97--0-26"",""source_observation_date_upper"":""2021-03-31"",""source_file"":""原件/免征目录/mf_batch41.doc"",""source_sha256"":""ba4634c0877ebf99f8e462013e4a07e40f57478a4aaf921801a6c85a49c42b7f"",""firm_route_basis"":""原记录firm_raw""}]",0,按来源/日期/配置版本分别答复；同型号合并附件不等于同配置或逐车资格认证
比亚迪汽车工业有限公司,BYD6470MBEV1,0,0,0,0,1,2208试验口径,"[{""purpose_scope"":""2208试验口径"",""source_record_ids"":""old-25-Word97--0-85"",""source_observation_date_upper"":""2019-06-12"",""source_file"":""原件/免征目录/mf_batch25.wps"",""source_sha256"":""9d2abe319463522513fe9c90f98bb8d0a825b599267d0b3cc403cec9624b3297"",""firm_route_basis"":""原记录firm_raw""}]",0,按来源/日期/配置版本分别答复；同型号合并附件不等于同配置或逐车资格认证
比亚迪汽车工业有限公司,BYD6470MBEV2,0,0,0,0,1,2208试验口径,"[{""purpose_scope"":""2208试验口径"",""source_record_ids"":""old-33-Word97--0-29"",""source_observation_date_upper"":""2020-07-21"",""source_file"":""原件/免征目录/mf_batch33.doc"",""source_sha256"":""ff98fbb1708c47cdcfc1e79e7a1647e72a7ae6d4255dce3b250d661001340c09"",""firm_route_basis"":""原记录firm_raw""}]",0,按来源/日期/配置版本分别答复；同型号合并附件不等于同配置或逐车资格认证
比亚迪汽车工业有限公司,BYD6490SBEV,0,0,0,0,1,2208试验口径,"[{""purpose_scope"":""2208试验口径"",""source_record_ids"":""old-22-Word97--0-36"",""source_observation_date_upper"":""2018-12-18"",""source_file"":""原件/免征目录/mf_batch22.doc"",""source_sha256"":""eaf3fc1e64742af85b3d4bc90388d0a93154a497fd6c1fb9bf73b857672e1212"",""firm_route_basis"":""原记录firm_raw""}]",0,按来源/日期/配置版本分别答复；同型号合并附件不等于同配置或逐车资格认证
比亚迪汽车工业有限公司,BYD6490SBEV1,0,0,0,0,1,2208试验口径,"[{""purpose_scope"":""2208试验口径"",""source_record_ids"":""old-22-Word97--0-37"",""source_observation_date_upper"":""2018-12-18"",""source_file"":""原件/免征目录/mf_batch22.doc"",""source_sha256"":""eaf3fc1e64742af85b3d4bc90388d0a93154a497fd6c1fb9bf73b857672e1212"",""firm_route_basis"":""原件企业合并格/上下文候选；非登记实体认证""}]",0,按来源/日期/配置版本分别答复；同型号合并附件不等于同配置或逐车资格认证
比亚迪汽车工业有限公司,BYD6490SBEV10,0,0,0,0,1,2208试验口径,"[{""purpose_scope"":""2208试验口径"",""source_record_ids"":""old-49-Word97--0-18"",""source_observation_date_upper"":""2021-12-08"",""source_file"":""原件/免征目录/mf_batch49.doc"",""source_sha256"":""c7a56509a4d9272982da0abc9d1ea213ee1fbea3d0f1edad124630c9b5e3474e"",""firm_route_basis"":""原记录firm_raw""}]",0,按来源/日期/配置版本分别答复；同型号合并附件不等于同配置或逐车资格认证
比亚迪汽车工业有限公司,BYD6490SBEV11,0,0,0,0,1,2208试验口径,"[{""purpose_scope"":""2208试验口径"",""source_record_ids"":""old-50-Word97--0-42"",""source_observation_date_upper"":""2021-12-29"",""source_file"":""原件/免征目录/mf_batch50.doc"",""source_sha256"":""3810672d92621612507384960254de602e629e75a308df22ee2291519445095e"",""firm_route_basis"":""原记录firm_raw""}]",0,按来源/日期/配置版本分别答复；同型号合并附件不等于同配置或逐车资格认证
比亚迪汽车工业有限公司,BYD6490SBEV3,0,0,0,0,1,2208试验口径,"[{""purpose_scope"":""2208试验口径"",""source_record_ids"":""old-33-Word97--0-30"",""source_observation_date_upper"":""2020-07-21"",""source_file"":""原件/免征目录/mf_batch33.doc"",""source_sha256"":""ff98fbb1708c47cdcfc1e79e7a1647e72a7ae6d4255dce3b250d661001340c09"",""firm_route_basis"":""原件企业合并格/上下文候选；非登记实体认证""}]",0,按来源/日期/配置版本分别答复；同型号合并附件不等于同配置或逐车资格认证
比亚迪汽车工业有限公司,BYD6490SBEV4,0,0,0,0,1,2208试验口径,"[{""purpose_scope"":""2208试验口径"",""source_record_ids"":""old-35-Word97--0-27"",""source_observation_date_upper"":""2020-09-21"",""source_file"":""原件/免征目录/mf_batch35.wps"",""source_sha256"":""e4a6abd0e50daa81d029f8b37584511354700e855dc89de210fcba782b0643f0"",""firm_route_basis"":""原记录firm_raw""}]",0,按来源/日期/配置版本分别答复；同型号合并附件不等于同配置或逐车资格认证
比亚迪汽车工业有限公司,BYD6490SBEV5,0,0,0,0,1,2208试验口径,"[{""purpose_scope"":""2208试验口径"",""source_record_ids"":""old-35-Word97--0-28"",""source_observation_date_upper"":""2020-09-21"",""source_file"":""原件/免征目录/mf_batch35.wps"",""source_sha256"":""e4a6abd0e50daa81d029f8b37584511354700e855dc89de210fcba782b0643f0"",""firm_route_basis"":""原件企业合并格/上下文候选；非登记实体认证""}]",0,按来源/日期/配置版本分别答复；同型号合并附件不等于同配置或逐车资格认证
比亚迪汽车工业有限公司,BYD6490SBEV6,0,0,0,0,1,2208试验口径,"[{""purpose_scope"":""2208试验口径"",""source_record_ids"":""old-38-Word97--0-27"",""source_observation_date_upper"":""2020-12-30"",""source_file"":""原件/免征目录/mf_batch38.doc"",""source_sha256"":""7c9def45fe5c40e4c5ffb483a1d1efd383c12cb16a5c4ba021d4ce28384776de"",""firm_route_basis"":""原记录firm_raw""}]",0,按来源/日期/配置版本分别答复；同型号合并附件不等于同配置或逐车资格认证
比亚迪汽车工业有限公司,BYD6490SBEV7,0,0,0,0,1,2208试验口径,"[{""purpose_scope"":""2208试验口径"",""source_record_ids"":""old-45-Word97--0-44"",""source_observation_date_upper"":""2021-08-10"",""source_file"":""原件/免征目录/mf_batch45.doc"",""source_sha256"":""56f5e7c5fd36e990024f8121006a76da260361f4e4660846e78255d007126f7a"",""firm_route_basis"":""原件企业合并格/上下文候选；非登记实体认证""}]",0,按来源/日期/配置版本分别答复；同型号合并附件不等于同配置或逐车资格认证
比亚迪汽车工业有限公司,BYD6490SBEV9,0,0,0,0,1,2208试验口径,"[{""purpose_scope"":""2208试验口径"",""source_record_ids"":""old-45-Word97--0-41"",""source_observation_date_upper"":""2021-08-10"",""source_file"":""原件/免征目录/mf_batch45.doc"",""source_sha256"":""56f5e7c5fd36e990024f8121006a76da260361f4e4660846e78255d007126f7a"",""firm_route_basis"":""原件企业合并格/上下文候选；非登记实体认证""}]",0,按来源/日期/配置版本分别答复；同型号合并附件不等于同配置或逐车资格认证
比亚迪汽车工业有限公司,BYD7001BEV,0,0,0,0,1,2208试验口径,"[{""purpose_scope"":""2208试验口径"",""source_record_ids"":""old-22-Word97--0-38"",""source_observation_date_upper"":""2018-12-18"",""source_file"":""原件/免征目录/mf_batch22.doc"",""source_sha256"":""eaf3fc1e64742af85b3d4bc90388d0a93154a497fd6c1fb9bf73b857672e1212"",""firm_route_basis"":""原件企业合并格/上下文候选；非登记实体认证""}]",0,按来源/日期/配置版本分别答复；同型号合并附件不等于同配置或逐车资格认证
比亚迪汽车工业有限公司,BYD7001BEV1,0,0,0,0,1,2208试验口径,"[{""purpose_scope"":""2208试验口径"",""source_record_ids"":""old-23-Word97--0-4"",""source_observation_date_upper"":""2019-03-13"",""source_file"":""原件/免征目录/mf_batch23.docx"",""source_sha256"":""87f838de0da3ba5887f77b2bf5c1dbf5b427e7cef896309a7084c11dd8f5efa0"",""firm_route_basis"":""原记录firm_raw""}]",0,按来源/日期/配置版本分别答复；同型号合并附件不等于同配置或逐车资格认证
比亚迪汽车工业有限公司,BYD7002BEV,0,0,0,0,1,2208试验口径,"[{""purpose_scope"":""2208试验口径"",""source_record_ids"":""old-25-Word97--0-86"",""source_observation_date_upper"":""2019-06-12"",""source_file"":""原件/免征目录/mf_batch25.wps"",""source_sha256"":""9d2abe319463522513fe9c90f98bb8d0a825b599267d0b3cc403cec9624b3297"",""firm_route_basis"":""原件企业合并格/上下文候选；非登记实体认证""}]",0,按来源/日期/配置版本分别答复；同型号合并附件不等于同配置或逐车资格认证
比亚迪汽车工业有限公司,BYD7002BEV1,0,0,0,0,1,2208试验口径,"[{""purpose_scope"":""2208试验口径"",""source_record_ids"":""old-25-Word97--0-87"",""source_observation_date_upper"":""2019-06-12"",""source_file"":""原件/免征目录/mf_batch25.wps"",""source_sha256"":""9d2abe319463522513fe9c90f98bb8d0a825b599267d0b3cc403cec9624b3297"",""firm_route_basis"":""原件企业合并格/上下文候选；非登记实体认证""}]",0,按来源/日期/配置版本分别答复；同型号合并附件不等于同配置或逐车资格认证
比亚迪汽车工业有限公司,BYD7002BEV10,0,0,0,0,1,2208试验口径,"[{""purpose_scope"":""2208试验口径"",""source_record_ids"":""old-45-Word97--0-42"",""source_observation_date_upper"":""2021-08-10"",""source_file"":""原件/免征目录/mf_batch45.doc"",""source_sha256"":""56f5e7c5fd36e990024f8121006a76da260361f4e4660846e78255d007126f7a"",""firm_route_basis"":""原件企业合并格/上下文候选；非登记实体认证""}]",0,按来源/日期/配置版本分别答复；同型号合并附件不等于同配置或逐车资格认证
比亚迪汽车工业有限公司,BYD7002BEV2,0,0,0,0,1,2208试验口径,"[{""purpose_scope"":""2208试验口径"",""source_record_ids"":""old-25-Word97--0-88"",""source_observation_date_upper"":""2019-06-12"",""source_file"":""原件/免征目录/mf_batch25.wps"",""source_sha256"":""9d2abe319463522513fe9c90f98bb8d0a825b599267d0b3cc403cec9624b3297"",""firm_route_basis"":""原件企业合并格/上下文候选；非登记实体认证""}]",0,按来源/日期/配置版本分别答复；同型号合并附件不等于同配置或逐车资格认证
比亚迪汽车工业有限公司,BYD7002BEV3,0,0,0,0,1,2208试验口径,"[{""purpose_scope"":""2208试验口径"",""source_record_ids"":""old-25-Word97--0-89"",""source_observation_date_upper"":""2019-06-12"",""source_file"":""原件/免征目录/mf_batch25.wps"",""source_sha256"":""9d2abe319463522513fe9c90f98bb8d0a825b599267d0b3cc403cec9624b3297"",""firm_route_basis"":""原件企业合并格/上下文候选；非登记实体认证""}]",0,按来源/日期/配置版本分别答复；同型号合并附件不等于同配置或逐车资格认证
比亚迪汽车工业有限公司,BYD7002BEV5,0,0,0,0,1,2208试验口径,"[{""purpose_scope"":""2208试验口径"",""source_record_ids"":""old-30-Word97--0-60"",""source_observation_date_upper"":""2020-03-13"",""source_file"":""原件/免征目录/mf_batch30.doc"",""source_sha256"":""e7fa3b47858ec2035b8055bc15be00b2b26920a5e8d3cad481058a80b92ead24"",""firm_route_basis"":""原记录firm_raw""}]",0,按来源/日期/配置版本分别答复；同型号合并附件不等于同配置或逐车资格认证
比亚迪汽车工业有限公司,BYD7002BEV6,0,0,0,0,1,2208试验口径,"[{""purpose_scope"":""2208试验口径"",""source_record_ids"":""old-30-Word97--0-61"",""source_observation_date_upper"":""2020-03-13"",""source_file"":""原件/免征目录/mf_batch30.doc"",""source_sha256"":""e7fa3b47858ec2035b8055bc15be00b2b26920a5e8d3cad481058a80b92ead24"",""firm_route_basis"":""原件企业合并格/上下文候选；非登记实体认证""}]",0,按来源/日期/配置版本分别答复；同型号合并附件不等于同配置或逐车资格认证
比亚迪汽车工业有限公司,BYD7002BEV7,0,0,0,0,1,2208试验口径,"[{""purpose_scope"":""2208试验口径"",""source_record_ids"":""old-31-Word97--0-10"",""source_observation_date_upper"":""2020-04-24"",""source_file"":""原件/免征目录/mf_batch31.doc"",""source_sha256"":""e1ccec4a87ab96ca346e5756d6b14369eb9727ec2c2cfd03c1182a592ddd3bee"",""firm_route_basis"":""原记录firm_raw""}]",0,按来源/日期/配置版本分别答复；同型号合并附件不等于同配置或逐车资格认证
比亚迪汽车工业有限公司,BYD7002BEV8,0,0,0,0,1,2208试验口径,"[{""purpose_scope"":""2208试验口径"",""source_record_ids"":""old-36-Word97--0-10"",""source_observation_date_upper"":""2020-10-30"",""source_file"":""原件/免征目录/mf_batch36.doc"",""source_sha256"":""05cfcfd9136685ad6d6e13b8228cd123cca109c26f43a4c71472016b5a610a9f"",""firm_route_basis"":""原记录firm_raw""}]",0,按来源/日期/配置版本分别答复；同型号合并附件不等于同配置或逐车资格认证
比亚迪汽车工业有限公司,BYD7002BEV9,0,0,0,0,1,2208试验口径,"[{""purpose_scope"":""2208试验口径"",""source_record_ids"":""old-36-Word97--0-11"",""source_observation_date_upper"":""2020-10-30"",""source_file"":""原件/免征目录/mf_batch36.doc"",""source_sha256"":""05cfcfd9136685ad6d6e13b8228cd123cca109c26f43a4c71472016b5a610a9f"",""firm_route_basis"":""原件企业合并格/上下文候选；非登记实体认证""}]",0,按来源/日期/配置版本分别答复；同型号合并附件不等于同配置或逐车资格认证
比亚迪汽车工业有限公司,BYD7002BEVA,0,0,0,0,1,2208试验口径,"[{""purpose_scope"":""2208试验口径"",""source_record_ids"":""old-26-DOCX--0-46"",""source_observation_date_upper"":""2019-08-30"",""source_file"":""原件/免征目录/mf_batch26.docx"",""source_sha256"":""de0890335ef3a4f1302a8a0735ec8b6aed52e994e2635db481820060d62248b5"",""firm_route_basis"":""原件企业合并格/上下文候选；非登记实体认证""}]",0,按来源/日期/配置版本分别答复；同型号合并附件不等于同配置或逐车资格认证
比亚迪汽车工业有限公司,BYD7002BEVA10,0,0,0,0,1,2208试验口径,"[{""purpose_scope"":""2208试验口径"",""source_record_ids"":""old-39-Word97--0-29"",""source_observation_date_upper"":""2021-01-29"",""source_file"":""原件/免征目录/mf_batch39.doc"",""source_sha256"":""48158862f567d71b07ac0a7a60c2c3bc6d2bb44dd5a86290b0b809d757a9eb07"",""firm_route_basis"":""原件企业合并格/上下文候选；非登记实体认证""}]",0,按来源/日期/配置版本分别答复；同型号合并附件不等于同配置或逐车资格认证
比亚迪汽车工业有限公司,BYD7002BEVA11,0,0,0,0,1,2208试验口径,"[{""purpose_scope"":""2208试验口径"",""source_record_ids"":""old-39-Word97--0-28"",""source_observation_date_upper"":""2021-01-29"",""source_file"":""原件/免征目录/mf_batch39.doc"",""source_sha256"":""48158862f567d71b07ac0a7a60c2c3bc6d2bb44dd5a86290b0b809d757a9eb07"",""firm_route_basis"":""原记录firm_raw""}]",0,按来源/日期/配置版本分别答复；同型号合并附件不等于同配置或逐车资格认证
比亚迪汽车工业有限公司,BYD7002BEVA13,0,0,0,0,1,2208试验口径,"[{""purpose_scope"":""2208试验口径"",""source_record_ids"":""old-46-Word97--0-41"",""source_observation_date_upper"":""2021-09-10"",""source_file"":""原件/免征目录/mf_batch46.doc"",""source_sha256"":""a4b2048b3d5c29a8969f0348e9fd19a3293f0c23e6f37a48bf42a2ed70c7d37d"",""firm_route_basis"":""原件企业合并格/上下文候选；非登记实体认证""}]",0,按来源/日期/配置版本分别答复；同型号合并附件不等于同配置或逐车资格认证
比亚迪汽车工业有限公司,BYD7002BEVA2,0,0,0,0,1,2208试验口径,"[{""purpose_scope"":""2208试验口径"",""source_record_ids"":""old-26-DOCX--0-47"",""source_observation_date_upper"":""2019-08-30"",""source_file"":""原件/免征目录/mf_batch26.docx"",""source_sha256"":""de0890335ef3a4f1302a8a0735ec8b6aed52e994e2635db481820060d62248b5"",""firm_route_basis"":""原件企业合并格/上下文候选；非登记实体认证""}]",0,按来源/日期/配置版本分别答复；同型号合并附件不等于同配置或逐车资格认证
比亚迪汽车工业有限公司,BYD7002BEVA3,0,0,0,0,1,2208试验口径,"[{""purpose_scope"":""2208试验口径"",""source_record_ids"":""old-26-DOCX--0-48"",""source_observation_date_upper"":""2019-08-30"",""source_file"":""原件/免征目录/mf_batch26.docx"",""source_sha256"":""de0890335ef3a4f1302a8a0735ec8b6aed52e994e2635db481820060d62248b5"",""firm_route_basis"":""原件企业合并格/上下文候选；非登记实体认证""}]",0,按来源/日期/配置版本分别答复；同型号合并附件不等于同配置或逐车资格认证
比亚迪汽车工业有限公司,BYD7002BEVA6,0,0,0,0,1,2208试验口径,"[{""purpose_scope"":""2208试验口径"",""source_record_ids"":""old-30-Word97--0-63"",""source_observation_date_upper"":""2020-03-13"",""source_file"":""原件/免征目录/mf_batch30.doc"",""source_sha256"":""e7fa3b47858ec2035b8055bc15be00b2b26920a5e8d3cad481058a80b92ead24"",""firm_route_basis"":""原件企业合并格/上下文候选；非登记实体认证""}]",0,按来源/日期/配置版本分别答复；同型号合并附件不等于同配置或逐车资格认证
比亚迪汽车工业有限公司,BYD7002BEVA7,0,0,0,0,1,2208试验口径,"[{""purpose_scope"":""2208试验口径"",""source_record_ids"":""old-30-Word97--0-64"",""source_observation_date_upper"":""2020-03-13"",""source_file"":""原件/免征目录/mf_batch30.doc"",""source_sha256"":""e7fa3b47858ec2035b8055bc15be00b2b26920a5e8d3cad481058a80b92ead24"",""firm_route_basis"":""原件企业合并格/上下文候选；非登记实体认证""}]",0,按来源/日期/配置版本分别答复；同型号合并附件不等于同配置或逐车资格认证
比亚迪汽车工业有限公司,BYD7002BEVA8,0,0,0,0,1,2208试验口径,"[{""purpose_scope"":""2208试验口径"",""source_record_ids"":""old-36-Word97--0-12"",""source_observation_date_upper"":""2020-10-30"",""source_file"":""原件/免征目录/mf_batch36.doc"",""source_sha256"":""05cfcfd9136685ad6d6e13b8228cd123cca109c26f43a4c71472016b5a610a9f"",""firm_route_basis"":""原件企业合并格/上下文候选；非登记实体认证""}]",0,按来源/日期/配置版本分别答复；同型号合并附件不等于同配置或逐车资格认证
比亚迪汽车工业有限公司,BYD7002BEVA9,0,0,0,0,1,2208试验口径,"[{""purpose_scope"":""2208试验口径"",""source_record_ids"":""old-36-Word97--0-13"",""source_observation_date_upper"":""2020-10-30"",""source_file"":""原件/免征目录/mf_batch36.doc"",""source_sha256"":""05cfcfd9136685ad6d6e13b8228cd123cca109c26f43a4c71472016b5a610a9f"",""firm_route_basis"":""原件企业合并格/上下文候选；非登记实体认证""}]",0,按来源/日期/配置版本分别答复；同型号合并附件不等于同配置或逐车资格认证
比亚迪汽车工业有限公司,BYD7003BEV,0,0,0,0,1,2208试验口径,"[{""purpose_scope"":""2208试验口径"",""source_record_ids"":""old-16-Word97--0-12"",""source_observation_date_upper"":""2018-02-13"",""source_file"":""原件/免征目录/mf_batch16.docx"",""source_sha256"":""9db5ace6c1c59bd9636d48636f94fa77d2b6e0aa27b109421690ce6a8c4a3967"",""firm_route_basis"":""原记录firm_raw""}]",0,按来源/日期/配置版本分别答复；同型号合并附件不等于同配置或逐车资格认证
比亚迪汽车工业有限公司,BYD7003BEV1,0,0,0,0,1,2208试验口径,"[{""purpose_scope"":""2208试验口径"",""source_record_ids"":""old-23-Word97--0-5"",""source_observation_date_upper"":""2019-03-13"",""source_file"":""原件/免征目录/mf_batch23.docx"",""source_sha256"":""87f838de0da3ba5887f77b2bf5c1dbf5b427e7cef896309a7084c11dd8f5efa0"",""firm_route_basis"":""原件企业合并格/上下文候选；非登记实体认证""}]",0,按来源/日期/配置版本分别答复；同型号合并附件不等于同配置或逐车资格认证
比亚迪汽车工业有限公司,BYD7003BEV10,0,0,0,0,1,2208试验口径,"[{""purpose_scope"":""2208试验口径"",""source_record_ids"":""old-47-Word97--0-32"",""source_observation_date_upper"":""2021-09-30"",""source_file"":""原件/免征目录/mf_batch47.doc"",""source_sha256"":""fb4517fe8220b10bc435a77a5328df13c732c70b335942dfad0ae9394affe9b4"",""firm_route_basis"":""原记录firm_raw""}]",0,按来源/日期/配置版本分别答复；同型号合并附件不等于同配置或逐车资格认证
比亚迪汽车工业有限公司,BYD7003BEV3,0,0,0,0,1,2208试验口径,"[{""purpose_scope"":""2208试验口径"",""source_record_ids"":""old-23-Word97--0-7"",""source_observation_date_upper"":""2019-03-13"",""source_file"":""原件/免征目录/mf_batch23.docx"",""source_sha256"":""87f838de0da3ba5887f77b2bf5c1dbf5b427e7cef896309a7084c11dd8f5efa0"",""firm_route_basis"":""原件企业合并格/上下文候选；非登记实体认证""}]",0,按来源/日期/配置版本分别答复；同型号合并附件不等于同配置或逐车资格认证
比亚迪汽车工业有限公司,BYD7003BEV4,0,0,0,0,1,2208试验口径,"[{""purpose_scope"":""2208试验口径"",""source_record_ids"":""old-23-Word97--0-8"",""source_observation_date_upper"":""2019-03-13"",""source_file"":""原件/免征目录/mf_batch23.docx"",""source_sha256"":""87f838de0da3ba5887f77b2bf5c1dbf5b427e7cef896309a7084c11dd8f5efa0"",""firm_route_basis"":""原件企业合并格/上下文候选；非登记实体认证""}]",0,按来源/日期/配置版本分别答复；同型号合并附件不等于同配置或逐车资格认证
比亚迪汽车工业有限公司,BYD7003BEV5,0,0,0,0,1,2208试验口径,"[{""purpose_scope"":""2208试验口径"",""source_record_ids"":""old-24-Word97--3-21"",""source_observation_date_upper"":""2019-04-30"",""source_file"":""原件/免征目录/mf_batch24.wps"",""source_sha256"":""07775a0cb063fe0fce5880b9378dd1eb2522b725d645cabdee314d604779939d"",""firm_route_basis"":""原件企业合并格/上下文候选；非登记实体认证""}]",0,按来源/日期/配置版本分别答复；同型号合并附件不等于同配置或逐车资格认证
比亚迪汽车工业有限公司,BYD7003BEV8,0,0,0,0,1,2208试验口径,"[{""purpose_scope"":""2208试验口径"",""source_record_ids"":""old-34-Word97--0-32"",""source_observation_date_upper"":""2020-08-24"",""source_file"":""原件/免征目录/mf_batch34.doc"",""source_sha256"":""d5c5bb03cc5fe0f16b284048e265ad35d62c12c0416f14aef0ce026a229aa831"",""firm_route_basis"":""原记录firm_raw""}]",0,按来源/日期/配置版本分别答复；同型号合并附件不等于同配置或逐车资格认证
比亚迪汽车工业有限公司,BYD7003BEV9,0,0,0,0,1,2208试验口径,"[{""purpose_scope"":""2208试验口径"",""source_record_ids"":""old-45-Word97--0-45"",""source_observation_date_upper"":""2021-08-10"",""source_file"":""原件/免征目录/mf_batch45.doc"",""source_sha256"":""56f5e7c5fd36e990024f8121006a76da260361f4e4660846e78255d007126f7a"",""firm_route_basis"":""原件企业合并格/上下文候选；非登记实体认证""}]",0,按来源/日期/配置版本分别答复；同型号合并附件不等于同配置或逐车资格认证
比亚迪汽车工业有限公司,BYD7003BEVA,0,0,0,0,1,2208试验口径,"[{""purpose_scope"":""2208试验口径"",""source_record_ids"":""old-45-Word97--0-43"",""source_observation_date_upper"":""2021-08-10"",""source_file"":""原件/免征目录/mf_batch45.doc"",""source_sha256"":""56f5e7c5fd36e990024f8121006a76da260361f4e4660846e78255d007126f7a"",""firm_route_basis"":""原件企业合并格/上下文候选；非登记实体认证""}]",0,按来源/日期/配置版本分别答复；同型号合并附件不等于同配置或逐车资格认证
比亚迪汽车工业有限公司,BYD7003BEVA1,0,0,0,0,1,2208试验口径,"[{""purpose_scope"":""2208试验口径"",""source_record_ids"":""old-45-Word97--0-40"",""source_observation_date_upper"":""2021-08-10"",""source_file"":""原件/免征目录/mf_batch45.doc"",""source_sha256"":""56f5e7c5fd36e990024f8121006a76da260361f4e4660846e78255d007126f7a"",""firm_route_basis"":""原记录firm_raw""}]",0,按来源/日期/配置版本分别答复；同型号合并附件不等于同配置或逐车资格认证
比亚迪汽车工业有限公司,BYD7004BEV,0,0,0,0,1,2208试验口径,"[{""purpose_scope"":""2208试验口径"",""source_record_ids"":""old-44-Word97--0-40"",""source_observation_date_upper"":""2021-07-12"",""source_file"":""原件/免征目录/mf_batch44.doc"",""source_sha256"":""aea30846204f4e55c0d969450f1619e1649eb27f471d5b0a2636d0da77eb0611"",""firm_route_basis"":""原件企业合并格/上下文候选；非登记实体认证""}]",0,按来源/日期/配置版本分别答复；同型号合并附件不等于同配置或逐车资格认证
比亚迪汽车工业有限公司,BYD7004BEV1,0,0,0,0,1,2208试验口径,"[{""purpose_scope"":""2208试验口径"",""source_record_ids"":""old-44-Word97--0-39"",""source_observation_date_upper"":""2021-07-12"",""source_file"":""原件/免征目录/mf_batch44.doc"",""source_sha256"":""aea30846204f4e55c0d969450f1619e1649eb27f471d5b0a2636d0da77eb0611"",""firm_route_basis"":""原记录firm_raw""}]",0,按来源/日期/配置版本分别答复；同型号合并附件不等于同配置或逐车资格认证
比亚迪汽车工业有限公司,BYD7004BEV2,0,0,0,0,1,2208试验口径,"[{""purpose_scope"":""2208试验口径"",""source_record_ids"":""old-46-Word97--0-40"",""source_observation_date_upper"":""2021-09-10"",""source_file"":""原件/免征目录/mf_batch46.doc"",""source_sha256"":""a4b2048b3d5c29a8969f0348e9fd19a3293f0c23e6f37a48bf42a2ed70c7d37d"",""firm_route_basis"":""原记录firm_raw""}]",0,按来源/日期/配置版本分别答复；同型号合并附件不等于同配置或逐车资格认证
比亚迪汽车工业有限公司,BYD7006BEVG,0,0,0,0,1,2208试验口径,"[{""purpose_scope"":""2208试验口径"",""source_record_ids"":""old-10-PDF-grid-1-0-11"",""source_observation_date_upper"":""2017-04-27"",""source_file"":""原件/免征目录/mf_batch10.pdf"",""source_sha256"":""ac1b1ad2605b4f24762fb1f01cea64b685393577d01648618fa1882bb5700ac3"",""firm_route_basis"":""原记录firm_raw""}]",0,按来源/日期/配置版本分别答复；同型号合并附件不等于同配置或逐车资格认证
比亚迪汽车工业有限公司,BYD7006BEVH,0,0,0,0,1,2208试验口径,"[{""purpose_scope"":""2208试验口径"",""source_record_ids"":""old-04-PDF-grid-1-0-3"",""source_observation_date_upper"":""2015-05-08"",""source_file"":""原件/免征目录/mf_batch04.pdf"",""source_sha256"":""7539cd299efb49a366656a4da32393075bcb03a5e10ea54e975f82f6099d9c81"",""firm_route_basis"":""原记录firm_raw""}]",0,按来源/日期/配置版本分别答复；同型号合并附件不等于同配置或逐车资格认证
比亚迪汽车工业有限公司,BYD7007BEV,0,0,0,0,1,2208试验口径,"[{""purpose_scope"":""2208试验口径"",""source_record_ids"":""old-34-Word97--0-33"",""source_observation_date_upper"":""2020-08-24"",""source_file"":""原件/免征目录/mf_batch34.doc"",""source_sha256"":""d5c5bb03cc5fe0f16b284048e265ad35d62c12c0416f14aef0ce026a229aa831"",""firm_route_basis"":""原件企业合并格/上下文候选；非登记实体认证""}]",0,按来源/日期/配置版本分别答复；同型号合并附件不等于同配置或逐车资格认证
比亚迪汽车工业有限公司,BYD7009BEV,0,0,0,0,1,2208试验口径,"[{""purpose_scope"":""2208试验口径"",""source_record_ids"":""old-30-Word97--0-65"",""source_observation_date_upper"":""2020-03-13"",""source_file"":""原件/免征目录/mf_batch30.doc"",""source_sha256"":""e7fa3b47858ec2035b8055bc15be00b2b26920a5e8d3cad481058a80b92ead24"",""firm_route_basis"":""原件企业合并格/上下文候选；非登记实体认证""}]",0,按来源/日期/配置版本分别答复；同型号合并附件不等于同配置或逐车资格认证
比亚迪汽车工业有限公司,BYD7009BEV1,0,0,0,0,1,2208试验口径,"[{""purpose_scope"":""2208试验口径"",""source_record_ids"":""old-30-Word97--0-66"",""source_observation_date_upper"":""2020-03-13"",""source_file"":""原件/免征目录/mf_batch30.doc"",""source_sha256"":""e7fa3b47858ec2035b8055bc15be00b2b26920a5e8d3cad481058a80b92ead24"",""firm_route_basis"":""原件企业合并格/上下文候选；非登记实体认证""}]",0,按来源/日期/配置版本分别答复；同型号合并附件不等于同配置或逐车资格认证
比亚迪汽车工业有限公司,BYD7009BEV2,0,0,0,0,1,2208试验口径,"[{""purpose_scope"":""2208试验口径"",""source_record_ids"":""old-31-Word97--0-11"",""source_observation_date_upper"":""2020-04-24"",""source_file"":""原件/免征目录/mf_batch31.doc"",""source_sha256"":""e1ccec4a87ab96ca346e5756d6b14369eb9727ec2c2cfd03c1182a592ddd3bee"",""firm_route_basis"":""原件企业合并格/上下文候选；非登记实体认证""}]",0,按来源/日期/配置版本分别答复；同型号合并附件不等于同配置或逐车资格认证
比亚迪汽车工业有限公司,BYD7009BEV3,0,0,0,0,1,2208试验口径,"[{""purpose_scope"":""2208试验口径"",""source_record_ids"":""old-33-Word97--0-31"",""source_observation_date_upper"":""2020-07-21"",""source_file"":""原件/免征目录/mf_batch33.doc"",""source_sha256"":""ff98fbb1708c47cdcfc1e79e7a1647e72a7ae6d4255dce3b250d661001340c09"",""firm_route_basis"":""原件企业合并格/上下文候选；非登记实体认证""}]",0,按来源/日期/配置版本分别答复；同型号合并附件不等于同配置或逐车资格认证
比亚迪汽车工业有限公司,BYD7009BEV4,0,0,0,0,1,2208试验口径,"[{""purpose_scope"":""2208试验口径"",""source_record_ids"":""old-36-Word97--0-14"",""source_observation_date_upper"":""2020-10-30"",""source_file"":""原件/免征目录/mf_batch36.doc"",""source_sha256"":""05cfcfd9136685ad6d6e13b8228cd123cca109c26f43a4c71472016b5a610a9f"",""firm_route_basis"":""原件企业合并格/上下文候选；非登记实体认证""}]",0,按来源/日期/配置版本分别答复；同型号合并附件不等于同配置或逐车资格认证
比亚迪汽车工业有限公司,BYD7009BEV5,0,0,0,0,1,2208试验口径,"[{""purpose_scope"":""2208试验口径"",""source_record_ids"":""old-51-Word97--0-20"",""source_observation_date_upper"":""2022-01-29"",""source_file"":""原件/免征目录/mf_batch51.doc"",""source_sha256"":""35411ca0ab3ef42915600b148fca6fe76bcb86f5dc3812f71d74f3ebda125ce6"",""firm_route_basis"":""原件企业合并格/上下文候选；非登记实体认证""}]",0,按来源/日期/配置版本分别答复；同型号合并附件不等于同配置或逐车资格认证
比亚迪汽车工业有限公司,BYD7009BEV6,0,0,0,0,1,2208试验口径,"[{""purpose_scope"":""2208试验口径"",""source_record_ids"":""old-51-Word97--0-19"",""source_observation_date_upper"":""2022-01-29"",""source_file"":""原件/免征目录/mf_batch51.doc"",""source_sha256"":""35411ca0ab3ef42915600b148fca6fe76bcb86f5dc3812f71d74f3ebda125ce6"",""firm_route_basis"":""原件企业合并格/上下文候选；非登记实体认证""}]",0,按来源/日期/配置版本分别答复；同型号合并附件不等于同配置或逐车资格认证
比亚迪汽车工业有限公司,BYD7009BEV7,0,0,0,0,1,2208试验口径,"[{""purpose_scope"":""2208试验口径"",""source_record_ids"":""old-51-Word97--0-18"",""source_observation_date_upper"":""2022-01-29"",""source_file"":""原件/免征目录/mf_batch51.doc"",""source_sha256"":""35411ca0ab3ef42915600b148fca6fe76bcb86f5dc3812f71d74f3ebda125ce6"",""firm_route_basis"":""原记录firm_raw""}]",0,按来源/日期/配置版本分别答复；同型号合并附件不等于同配置或逐车资格认证
比亚迪汽车工业有限公司,BYD7009BEV8,0,0,0,0,1,2208试验口径,"[{""purpose_scope"":""2208试验口径"",""source_record_ids"":""old-54-Word97--0-37"",""source_observation_date_upper"":""2022-05-12"",""source_file"":""原件/免征目录/mf_batch54.doc"",""source_sha256"":""e4ce106fc0fb21bc61cac40ff0de97e60dff2d18b5b7d24c494bb74873312fd7"",""firm_route_basis"":""原记录firm_raw""}]",0,按来源/日期/配置版本分别答复；同型号合并附件不等于同配置或逐车资格认证
比亚迪汽车工业有限公司,BYD7009BEV9,0,0,0,0,1,2208试验口径,"[{""purpose_scope"":""2208试验口径"",""source_record_ids"":""old-61-Word97--0-39"",""source_observation_date_upper"":""2022-12-19"",""source_file"":""原件/免征目录/mf_batch61.doc"",""source_sha256"":""d360a77695ccf20f3c17a354a1dd02fc846a7ae8bd18b41492515881a7240b72"",""firm_route_basis"":""原记录firm_raw""}]",0,按来源/日期/配置版本分别答复；同型号合并附件不等于同配置或逐车资格认证
比亚迪汽车工业有限公司,QCJ6490SBEV,0,0,0,0,1,2208试验口径,"[{""purpose_scope"":""2208试验口径"",""source_record_ids"":""old-27-Word97--0-28"",""source_observation_date_upper"":""2019-10-25"",""source_file"":""原件/免征目录/mf_batch27.doc"",""source_sha256"":""2bd67cf7e1efc03ae93942d0d340ffef87478709520383b6ee4d08baf843ead1"",""firm_route_basis"":""原件企业合并格/上下文候选；非登记实体认证""}]",0,按来源/日期/配置版本分别答复；同型号合并附件不等于同配置或逐车资格认证
比亚迪汽车工业有限公司,QCJ6490SBEV1,0,0,0,0,1,2208试验口径,"[{""purpose_scope"":""2208试验口径"",""source_record_ids"":""old-28-Word97--0-9"",""source_observation_date_upper"":""2019-12-10"",""source_file"":""原件/免征目录/mf_batch28.doc"",""source_sha256"":""dfe1b301a5e8373e94e0e4a2fccee3d258c56bb662e4928764a71274142acd72"",""firm_route_basis"":""原件企业合并格/上下文候选；非登记实体认证""}]",0,按来源/日期/配置版本分别答复；同型号合并附件不等于同配置或逐车资格认证
比亚迪汽车工业有限公司,QCJ7006BEVF,0,0,0,0,1,2208试验口径,"[{""purpose_scope"":""2208试验口径"",""source_record_ids"":""old-01-PDF-grid-1-0-7"",""source_observation_date_upper"":""2014-08-27"",""source_file"":""原件/免征目录/mf_batch01.pdf"",""source_sha256"":""eac13628c37f01c4da157a2d1916d97acc81fdc295f18e1783549075ce7e5aa7"",""firm_route_basis"":""原记录firm_raw""}]",0,按来源/日期/配置版本分别答复；同型号合并附件不等于同配置或逐车资格认证
比亚迪汽车工业有限公司,QCJ7007BEV,0,0,0,0,1,2208试验口径,"[{""purpose_scope"":""2208试验口径"",""source_record_ids"":""old-01-PDF-grid-1-0-8"",""source_observation_date_upper"":""2014-08-27"",""source_file"":""原件/免征目录/mf_batch01.pdf"",""source_sha256"":""eac13628c37f01c4da157a2d1916d97acc81fdc295f18e1783549075ce7e5aa7"",""firm_route_basis"":""原件企业合并格/上下文候选；非登记实体认证""}]",0,按来源/日期/配置版本分别答复；同型号合并附件不等于同配置或逐车资格认证
比亚迪汽车工业有限公司,QCJ7007BEV1,0,0,0,0,1,2208试验口径,"[{""purpose_scope"":""2208试验口径"",""source_record_ids"":""old-09-PDF-grid-1-0-18"",""source_observation_date_upper"":""2016-12-06"",""source_file"":""原件/免征目录/mf_batch09.pdf"",""source_sha256"":""7eea7200c04fefec34f6ae6db5a1bae77f82a534348f266e95575cae051c8c8c"",""firm_route_basis"":""原件企业合并格/上下文候选；非登记实体认证""}]",0,按来源/日期/配置版本分别答复；同型号合并附件不等于同配置或逐车资格认证
比亚迪汽车工业有限公司,QCJ7007BEV2,0,0,0,0,1,2208试验口径,"[{""purpose_scope"":""2208试验口径"",""source_record_ids"":""old-09-PDF-grid-1-0-17"",""source_observation_date_upper"":""2016-12-06"",""source_file"":""原件/免征目录/mf_batch09.pdf"",""source_sha256"":""7eea7200c04fefec34f6ae6db5a1bae77f82a534348f266e95575cae051c8c8c"",""firm_route_basis"":""原件企业合并格/上下文候选；非登记实体认证""}]",0,按来源/日期/配置版本分别答复；同型号合并附件不等于同配置或逐车资格认证
比亚迪汽车工业有限公司,QCJ7007BEV3,0,0,0,0,1,2208试验口径,"[{""purpose_scope"":""2208试验口径"",""source_record_ids"":""old-17-PDF-grid-1-0-10"",""source_observation_date_upper"":""2018-04-16"",""source_file"":""原件/免征目录/mf_batch17.pdf"",""source_sha256"":""577a4ba9c586fe08565f6a60e6de5474698031566d8dcef484cd44335879e334"",""firm_route_basis"":""原记录firm_raw""}]",0,按来源/日期/配置版本分别答复；同型号合并附件不等于同配置或逐车资格认证
比亚迪汽车工业有限公司,QCJ7007BEV4,0,0,0,0,1,2208试验口径,"[{""purpose_scope"":""2208试验口径"",""source_record_ids"":""old-18-Word97--0-26"",""source_observation_date_upper"":""2018-06-19"",""source_file"":""原件/免征目录/mf_batch18.doc"",""source_sha256"":""43f5426f7f80996ee11a894710d7229c743abf7ad69ba239f61075e0a9ddd37a"",""firm_route_basis"":""原记录firm_raw""}]",0,按来源/日期/配置版本分别答复；同型号合并附件不等于同配置或逐车资格认证
比亚迪汽车有限公司,BYD6460SBEV,0,0,0,0,1,2208试验口径,"[{""purpose_scope"":""2208试验口径"",""source_record_ids"":""old-08-PDF-grid-1-0-12"",""source_observation_date_upper"":""2016-06-16"",""source_file"":""原件/免征目录/mf_batch08.pdf"",""source_sha256"":""39b242717c026063c908426a890cd361f1165aa5729988d56303b2f8d5fb3b42"",""firm_route_basis"":""原记录firm_raw""}]",0,按来源/日期/配置版本分别答复；同型号合并附件不等于同配置或逐车资格认证
比亚迪汽车有限公司,BYD6460SBEV1,0,0,0,0,1,2208试验口径,"[{""purpose_scope"":""2208试验口径"",""source_record_ids"":""old-09-PDF-grid-1-0-19"",""source_observation_date_upper"":""2016-12-06"",""source_file"":""原件/免征目录/mf_batch09.pdf"",""source_sha256"":""7eea7200c04fefec34f6ae6db5a1bae77f82a534348f266e95575cae051c8c8c"",""firm_route_basis"":""原记录firm_raw""}]",0,按来源/日期/配置版本分别答复；同型号合并附件不等于同配置或逐车资格认证
比亚迪汽车有限公司,BYD6460SBEV4,0,0,0,0,1,2208试验口径,"[{""purpose_scope"":""2208试验口径"",""source_record_ids"":""old-15-PDF-grid-1-0-9"",""source_observation_date_upper"":""2017-12-19"",""source_file"":""原件/免征目录/mf_batch15.pdf"",""source_sha256"":""bbb3b1e38c535c13d6ef1bc1f4105509476c91a7e63723dc7a70e372904d90f4"",""firm_route_basis"":""原记录firm_raw""}]",0,按来源/日期/配置版本分别答复；同型号合并附件不等于同配置或逐车资格认证
比亚迪汽车有限公司,BYD6460SBEV7,0,0,0,0,1,2208试验口径,"[{""purpose_scope"":""2208试验口径"",""source_record_ids"":""old-18-Word97--0-50"",""source_observation_date_upper"":""2018-06-19"",""source_file"":""原件/免征目录/mf_batch18.doc"",""source_sha256"":""43f5426f7f80996ee11a894710d7229c743abf7ad69ba239f61075e0a9ddd37a"",""firm_route_basis"":""原记录firm_raw""}]",0,按来源/日期/配置版本分别答复；同型号合并附件不等于同配置或逐车资格认证
比亚迪汽车有限公司,BYD6461SBEV,0,0,0,0,1,2208试验口径,"[{""purpose_scope"":""2208试验口径"",""source_record_ids"":""old-24-Word97--0-6"",""source_observation_date_upper"":""2019-04-30"",""source_file"":""原件/免征目录/mf_batch24.wps"",""source_sha256"":""07775a0cb063fe0fce5880b9378dd1eb2522b725d645cabdee314d604779939d"",""firm_route_basis"":""原记录firm_raw""}]",0,按来源/日期/配置版本分别答复；同型号合并附件不等于同配置或逐车资格认证
比亚迪汽车有限公司,BYD6461SBEV1,0,0,0,0,1,2208试验口径,"[{""purpose_scope"":""2208试验口径"",""source_record_ids"":""old-25-Word97--0-5"",""source_observation_date_upper"":""2019-06-12"",""source_file"":""原件/免征目录/mf_batch25.wps"",""source_sha256"":""9d2abe319463522513fe9c90f98bb8d0a825b599267d0b3cc403cec9624b3297"",""firm_route_basis"":""原记录firm_raw""}]",0,按来源/日期/配置版本分别答复；同型号合并附件不等于同配置或逐车资格认证
比亚迪汽车有限公司,BYD6470SBEV,0,0,0,0,1,2208试验口径,"[{""purpose_scope"":""2208试验口径"",""source_record_ids"":""old-33-Word97--0-49"",""source_observation_date_upper"":""2020-07-21"",""source_file"":""原件/免征目录/mf_batch33.doc"",""source_sha256"":""ff98fbb1708c47cdcfc1e79e7a1647e72a7ae6d4255dce3b250d661001340c09"",""firm_route_basis"":""原记录firm_raw""}]",0,按来源/日期/配置版本分别答复；同型号合并附件不等于同配置或逐车资格认证
比亚迪汽车有限公司,BYD6470SBEV1,0,0,0,0,1,2208试验口径,"[{""purpose_scope"":""2208试验口径"",""source_record_ids"":""old-33-Word97--0-50"",""source_observation_date_upper"":""2020-07-21"",""source_file"":""原件/免征目录/mf_batch33.doc"",""source_sha256"":""ff98fbb1708c47cdcfc1e79e7a1647e72a7ae6d4255dce3b250d661001340c09"",""firm_route_basis"":""原件企业合并格/上下文候选；非登记实体认证""}]",0,按来源/日期/配置版本分别答复；同型号合并附件不等于同配置或逐车资格认证
比亚迪汽车有限公司,BYD7003BEVA2,0,0,0,0,1,2208试验口径,"[{""purpose_scope"":""2208试验口径"",""source_record_ids"":""old-48-Word97--0-38"",""source_observation_date_upper"":""2021-11-05"",""source_file"":""原件/免征目录/mf_batch48.doc"",""source_sha256"":""ee5aa19736215cfcb3b76ffff90bcd0d9108c61758ccb756f7d4ad17e75a835c"",""firm_route_basis"":""原记录firm_raw""}]",0,按来源/日期/配置版本分别答复；同型号合并附件不等于同配置或逐车资格认证
比亚迪汽车有限公司,BYD7003BEVA3,0,0,0,0,1,2208试验口径,"[{""purpose_scope"":""2208试验口径"",""source_record_ids"":""old-48-Word97--0-42"",""source_observation_date_upper"":""2021-11-05"",""source_file"":""原件/免征目录/mf_batch48.doc"",""source_sha256"":""ee5aa19736215cfcb3b76ffff90bcd0d9108c61758ccb756f7d4ad17e75a835c"",""firm_route_basis"":""原件企业合并格/上下文候选；非登记实体认证""}]",0,按来源/日期/配置版本分别答复；同型号合并附件不等于同配置或逐车资格认证
比亚迪汽车有限公司,BYD7004BEV3,0,0,0,0,1,2208试验口径,"[{""purpose_scope"":""2208试验口径"",""source_record_ids"":""old-48-Word97--0-39"",""source_observation_date_upper"":""2021-11-05"",""source_file"":""原件/免征目录/mf_batch48.doc"",""source_sha256"":""ee5aa19736215cfcb3b76ffff90bcd0d9108c61758ccb756f7d4ad17e75a835c"",""firm_route_basis"":""原件企业合并格/上下文候选；非登记实体认证""}]",0,按来源/日期/配置版本分别答复；同型号合并附件不等于同配置或逐车资格认证
比亚迪汽车有限公司,BYD7004BEV4,0,0,0,0,1,2208试验口径,"[{""purpose_scope"":""2208试验口径"",""source_record_ids"":""old-48-Word97--0-40"",""source_observation_date_upper"":""2021-11-05"",""source_file"":""原件/免征目录/mf_batch48.doc"",""source_sha256"":""ee5aa19736215cfcb3b76ffff90bcd0d9108c61758ccb756f7d4ad17e75a835c"",""firm_route_basis"":""原件企业合并格/上下文候选；非登记实体认证""}]",0,按来源/日期/配置版本分别答复；同型号合并附件不等于同配置或逐车资格认证
比亚迪汽车有限公司,BYD7004BEV5,0,0,0,0,1,2208试验口径,"[{""purpose_scope"":""2208试验口径"",""source_record_ids"":""old-48-Word97--0-41"",""source_observation_date_upper"":""2021-11-05"",""source_file"":""原件/免征目录/mf_batch48.doc"",""source_sha256"":""ee5aa19736215cfcb3b76ffff90bcd0d9108c61758ccb756f7d4ad17e75a835c"",""firm_route_basis"":""原件企业合并格/上下文候选；非登记实体认证""}]",0,按来源/日期/配置版本分别答复；同型号合并附件不等于同配置或逐车资格认证
比亚迪汽车有限公司,BYD7005BEV,0,0,0,0,1,2208试验口径,"[{""purpose_scope"":""2208试验口径"",""source_record_ids"":""old-04-PDF-grid-1-0-4"",""source_observation_date_upper"":""2015-05-08"",""source_file"":""原件/免征目录/mf_batch04.pdf"",""source_sha256"":""7539cd299efb49a366656a4da32393075bcb03a5e10ea54e975f82f6099d9c81"",""firm_route_basis"":""原记录firm_raw""}]",0,按来源/日期/配置版本分别答复；同型号合并附件不等于同配置或逐车资格认证
比亚迪汽车有限公司,BYD7005BEV1,0,0,0,0,1,2208试验口径,"[{""purpose_scope"":""2208试验口径"",""source_record_ids"":""old-14-Word97--0-6"",""source_observation_date_upper"":""2017-12-05"",""source_file"":""原件/免征目录/mf_batch14.docx"",""source_sha256"":""6a48764b5ccb7c4ffa6f54daa44d3a42095b8a981fc982e774ddaaded41e9921"",""firm_route_basis"":""原件企业合并格/上下文候选；非登记实体认证""}]",0,按来源/日期/配置版本分别答复；同型号合并附件不等于同配置或逐车资格认证
比亚迪汽车有限公司,BYD7005BEV8,0,0,0,0,1,2208试验口径,"[{""purpose_scope"":""2208试验口径"",""source_record_ids"":""old-20-DOCX--0-7"",""source_observation_date_upper"":""2018-09-19"",""source_file"":""原件/免征目录/mf_batch20.docx"",""source_sha256"":""374d3f87551d75d1c163e76abb38f350ea93f8a2b8cad6174568c307d1cc0130"",""firm_route_basis"":""原件企业合并格/上下文候选；非登记实体认证""}]",0,按来源/日期/配置版本分别答复；同型号合并附件不等于同配置或逐车资格认证
比亚迪汽车有限公司,BYD7005BEVA4,0,0,0,0,1,2208试验口径,"[{""purpose_scope"":""2208试验口径"",""source_record_ids"":""old-25-Word97--0-8"",""source_observation_date_upper"":""2019-06-12"",""source_file"":""原件/免征目录/mf_batch25.wps"",""source_sha256"":""9d2abe319463522513fe9c90f98bb8d0a825b599267d0b3cc403cec9624b3297"",""firm_route_basis"":""原件企业合并格/上下文候选；非登记实体认证""}]",0,按来源/日期/配置版本分别答复；同型号合并附件不等于同配置或逐车资格认证
比亚迪汽车有限公司,BYD7005BEVA7,0,0,0,0,1,2208试验口径,"[{""purpose_scope"":""2208试验口径"",""source_record_ids"":""old-26-DOCX--0-13"",""source_observation_date_upper"":""2019-08-30"",""source_file"":""原件/免征目录/mf_batch26.docx"",""source_sha256"":""de0890335ef3a4f1302a8a0735ec8b6aed52e994e2635db481820060d62248b5"",""firm_route_basis"":""原件企业合并格/上下文候选；非登记实体认证""}]",0,按来源/日期/配置版本分别答复；同型号合并附件不等于同配置或逐车资格认证
比亚迪汽车有限公司,BYD7005BEVA8,0,0,0,0,1,2208试验口径,"[{""purpose_scope"":""2208试验口径"",""source_record_ids"":""old-33-Word97--0-51"",""source_observation_date_upper"":""2020-07-21"",""source_file"":""原件/免征目录/mf_batch33.doc"",""source_sha256"":""ff98fbb1708c47cdcfc1e79e7a1647e72a7ae6d4255dce3b250d661001340c09"",""firm_route_basis"":""原件企业合并格/上下文候选；非登记实体认证""}]",0,按来源/日期/配置版本分别答复；同型号合并附件不等于同配置或逐车资格认证
比亚迪汽车有限公司,BYD7005BEVA9,0,0,0,0,1,2208试验口径,"[{""purpose_scope"":""2208试验口径"",""source_record_ids"":""old-33-Word97--0-52"",""source_observation_date_upper"":""2020-07-21"",""source_file"":""原件/免征目录/mf_batch33.doc"",""source_sha256"":""ff98fbb1708c47cdcfc1e79e7a1647e72a7ae6d4255dce3b250d661001340c09"",""firm_route_basis"":""原件企业合并格/上下文候选；非登记实体认证""}]",0,按来源/日期/配置版本分别答复；同型号合并附件不等于同配置或逐车资格认证
比亚迪汽车有限公司,BYD7006BEVA,0,0,0,0,1,2208试验口径,"[{""purpose_scope"":""2208试验口径"",""source_record_ids"":""old-53-Word97--0-3"",""source_observation_date_upper"":""2022-04-08"",""source_file"":""原件/免征目录/mf_batch53.doc"",""source_sha256"":""a1f426ff77c80bce4d153fbfb6d01a7b6c6c87539f52ac4643edb7b060e21d2a"",""firm_route_basis"":""原记录firm_raw""}]",0,按来源/日期/配置版本分别答复；同型号合并附件不等于同配置或逐车资格认证
比亚迪汽车有限公司,BYD7006BEVA1,0,0,0,0,1,2208试验口径,"[{""purpose_scope"":""2208试验口径"",""source_record_ids"":""old-53-Word97--0-4"",""source_observation_date_upper"":""2022-04-08"",""source_file"":""原件/免征目录/mf_batch53.doc"",""source_sha256"":""a1f426ff77c80bce4d153fbfb6d01a7b6c6c87539f52ac4643edb7b060e21d2a"",""firm_route_basis"":""原件企业合并格/上下文候选；非登记实体认证""}]",0,按来源/日期/配置版本分别答复；同型号合并附件不等于同配置或逐车资格认证
比亚迪汽车有限公司,BYD7006BEVA2,0,0,0,0,1,2208试验口径,"[{""purpose_scope"":""2208试验口径"",""source_record_ids"":""old-53-Word97--0-5"",""source_observation_date_upper"":""2022-04-08"",""source_file"":""原件/免征目录/mf_batch53.doc"",""source_sha256"":""a1f426ff77c80bce4d153fbfb6d01a7b6c6c87539f52ac4643edb7b060e21d2a"",""firm_route_basis"":""原件企业合并格/上下文候选；非登记实体认证""}]",0,按来源/日期/配置版本分别答复；同型号合并附件不等于同配置或逐车资格认证
比亚迪汽车有限公司,BYD7006BEVA5,0,0,0,0,1,2208试验口径,"[{""purpose_scope"":""2208试验口径"",""source_record_ids"":""old-64-Word97--0-31"",""source_observation_date_upper"":""2023-04-17"",""source_file"":""原件/免征目录/mf_batch64.doc"",""source_sha256"":""c4e238989e7e40ec2c3a6a899ead170b4a745bc72546ba6fd4a5731d8890c6cb"",""firm_route_basis"":""原记录firm_raw""}]",0,按来源/日期/配置版本分别答复；同型号合并附件不等于同配置或逐车资格认证
比亚迪汽车有限公司,BYD7008BEV,0,0,0,0,1,2208试验口径,"[{""purpose_scope"":""2208试验口径"",""source_record_ids"":""old-06-PDF-grid-1-0-3"",""source_observation_date_upper"":""2015-11-25"",""source_file"":""原件/免征目录/mf_batch06.pdf"",""source_sha256"":""df226dc3953484911afdd265072593abc08c9f66d52a1df7492e215ce15c9b54"",""firm_route_basis"":""原记录firm_raw""}]",0,按来源/日期/配置版本分别答复；同型号合并附件不等于同配置或逐车资格认证
比亚迪汽车有限公司,BYD7008BEV1,0,0,0,0,1,2208试验口径,"[{""purpose_scope"":""2208试验口径"",""source_record_ids"":""old-06-PDF-grid-1-0-4"",""source_observation_date_upper"":""2015-11-25"",""source_file"":""原件/免征目录/mf_batch06.pdf"",""source_sha256"":""df226dc3953484911afdd265072593abc08c9f66d52a1df7492e215ce15c9b54"",""firm_route_basis"":""原件企业合并格/上下文候选；非登记实体认证""}]",0,按来源/日期/配置版本分别答复；同型号合并附件不等于同配置或逐车资格认证
比亚迪汽车有限公司,BYD7008BEV3,0,0,0,0,1,2208试验口径,"[{""purpose_scope"":""2208试验口径"",""source_record_ids"":""old-14-Word97--0-7"",""source_observation_date_upper"":""2017-12-05"",""source_file"":""原件/免征目录/mf_batch14.docx"",""source_sha256"":""6a48764b5ccb7c4ffa6f54daa44d3a42095b8a981fc982e774ddaaded41e9921"",""firm_route_basis"":""原件企业合并格/上下文候选；非登记实体认证""}]",0,按来源/日期/配置版本分别答复；同型号合并附件不等于同配置或逐车资格认证
比亚迪汽车有限公司,BYD7008BEVA,0,0,0,0,1,2208试验口径,"[{""purpose_scope"":""2208试验口径"",""source_record_ids"":""old-18-Word97--0-52"",""source_observation_date_upper"":""2018-06-19"",""source_file"":""原件/免征目录/mf_batch18.doc"",""source_sha256"":""43f5426f7f80996ee11a894710d7229c743abf7ad69ba239f61075e0a9ddd37a"",""firm_route_basis"":""原件企业合并格/上下文候选；非登记实体认证""}]",0,按来源/日期/配置版本分别答复；同型号合并附件不等于同配置或逐车资格认证
比亚迪汽车有限公司,BYD7008BEVA1,0,0,0,0,1,2208试验口径,"[{""purpose_scope"":""2208试验口径"",""source_record_ids"":""old-23-Word97--0-9"",""source_observation_date_upper"":""2019-03-13"",""source_file"":""原件/免征目录/mf_batch23.docx"",""source_sha256"":""87f838de0da3ba5887f77b2bf5c1dbf5b427e7cef896309a7084c11dd8f5efa0"",""firm_route_basis"":""原记录firm_raw""}]",0,按来源/日期/配置版本分别答复；同型号合并附件不等于同配置或逐车资格认证
比亚迪汽车有限公司,BYD7008BEVA10,0,0,0,0,1,2208试验口径,"[{""purpose_scope"":""2208试验口径"",""source_record_ids"":""old-40-Word97--0-19"",""source_observation_date_upper"":""2021-03-08"",""source_file"":""原件/免征目录/mf_batch40.doc"",""source_sha256"":""93047c8e87a1f45948933ee36d00160788032370ecf11b551624e0ca45ecc1d1"",""firm_route_basis"":""原记录firm_raw""}]",0,按来源/日期/配置版本分别答复；同型号合并附件不等于同配置或逐车资格认证
比亚迪汽车有限公司,BYD7008BEVA4,0,0,0,0,1,2208试验口径,"[{""purpose_scope"":""2208试验口径"",""source_record_ids"":""old-25-Word97--0-10"",""source_observation_date_upper"":""2019-06-12"",""source_file"":""原件/免征目录/mf_batch25.wps"",""source_sha256"":""9d2abe319463522513fe9c90f98bb8d0a825b599267d0b3cc403cec9624b3297"",""firm_route_basis"":""原件企业合并格/上下文候选；非登记实体认证""}]",0,按来源/日期/配置版本分别答复；同型号合并附件不等于同配置或逐车资格认证
比亚迪汽车有限公司,BYD7008BEVA8,0,0,0,0,1,2208试验口径,"[{""purpose_scope"":""2208试验口径"",""source_record_ids"":""old-33-Word97--0-53"",""source_observation_date_upper"":""2020-07-21"",""source_file"":""原件/免征目录/mf_batch33.doc"",""source_sha256"":""ff98fbb1708c47cdcfc1e79e7a1647e72a7ae6d4255dce3b250d661001340c09"",""firm_route_basis"":""原件企业合并格/上下文候选；非登记实体认证""}]",0,按来源/日期/配置版本分别答复；同型号合并附件不等于同配置或逐车资格认证
比亚迪汽车有限公司,BYD7008BEVA9,0,0,0,0,1,2208试验口径,"[{""purpose_scope"":""2208试验口径"",""source_record_ids"":""old-33-Word97--0-54"",""source_observation_date_upper"":""2020-07-21"",""source_file"":""原件/免征目录/mf_batch33.doc"",""source_sha256"":""ff98fbb1708c47cdcfc1e79e7a1647e72a7ae6d4255dce3b250d661001340c09"",""firm_route_basis"":""原件企业合并格/上下文候选；非登记实体认证""}]",0,按来源/日期/配置版本分别答复；同型号合并附件不等于同配置或逐车资格认证
汉腾汽车有限公司,GXQ6450BEVT,0,0,0,0,1,2208试验口径,"[{""purpose_scope"":""2208试验口径"",""source_record_ids"":""old-14-Word97--0-15"",""source_observation_date_upper"":""2017-12-05"",""source_file"":""原件/免征目录/mf_batch14.docx"",""source_sha256"":""6a48764b5ccb7c4ffa6f54daa44d3a42095b8a981fc982e774ddaaded41e9921"",""firm_route_basis"":""原记录firm_raw""}]",0,按来源/日期/配置版本分别答复；同型号合并附件不等于同配置或逐车资格认证
汉腾汽车有限公司,GXQ6450BEVT1,0,0,0,0,1,2208试验口径,"[{""purpose_scope"":""2208试验口径"",""source_record_ids"":""old-23-Word97--0-14"",""source_observation_date_upper"":""2019-03-13"",""source_file"":""原件/免征目录/mf_batch23.docx"",""source_sha256"":""87f838de0da3ba5887f77b2bf5c1dbf5b427e7cef896309a7084c11dd8f5efa0"",""firm_route_basis"":""原记录firm_raw""}]",0,按来源/日期/配置版本分别答复；同型号合并附件不等于同配置或逐车资格认证
江苏九龙汽车制造有限公司,HKL6490BEV1,0,0,0,0,1,2208试验口径,"[{""purpose_scope"":""2208试验口径"",""source_record_ids"":""old-10-PDF-grid-3-0-15"",""source_observation_date_upper"":""2017-04-27"",""source_file"":""原件/免征目录/mf_batch10.pdf"",""source_sha256"":""ac1b1ad2605b4f24762fb1f01cea64b685393577d01648618fa1882bb5700ac3"",""firm_route_basis"":""原记录firm_raw""}]",0,按来源/日期/配置版本分别答复；同型号合并附件不等于同配置或逐车资格认证
江苏九龙汽车制造有限公司,HKL6520MBEV,0,0,0,0,1,2208试验口径,"[{""purpose_scope"":""2208试验口径"",""source_record_ids"":""old-41-Word97--0-21"",""source_observation_date_upper"":""2021-03-31"",""source_file"":""原件/免征目录/mf_batch41.doc"",""source_sha256"":""ba4634c0877ebf99f8e462013e4a07e40f57478a4aaf921801a6c85a49c42b7f"",""firm_route_basis"":""原记录firm_raw""}]",0,按来源/日期/配置版本分别答复；同型号合并附件不等于同配置或逐车资格认证
江苏九龙汽车制造有限公司,HKL6540MBEV,0,0,0,0,1,2208试验口径,"[{""purpose_scope"":""2208试验口径"",""source_record_ids"":""old-45-Word97--0-20"",""source_observation_date_upper"":""2021-08-10"",""source_file"":""原件/免征目录/mf_batch45.doc"",""source_sha256"":""56f5e7c5fd36e990024f8121006a76da260361f4e4660846e78255d007126f7a"",""firm_route_basis"":""原记录firm_raw""}]",0,按来源/日期/配置版本分别答复；同型号合并附件不等于同配置或逐车资格认证
江苏华梓车业有限公司,JNQ6270BEV,0,0,0,0,1,2208试验口径,"[{""purpose_scope"":""2208试验口径"",""source_record_ids"":""old-44-Word97--0-27"",""source_observation_date_upper"":""2021-07-12"",""source_file"":""原件/免征目录/mf_batch44.doc"",""source_sha256"":""aea30846204f4e55c0d969450f1619e1649eb27f471d5b0a2636d0da77eb0611"",""firm_route_basis"":""原记录firm_raw""}]",0,按来源/日期/配置版本分别答复；同型号合并附件不等于同配置或逐车资格认证
江苏卡威汽车工业集团有限公司,JNQ6320BEV,0,0,0,0,1,2208试验口径,"[{""purpose_scope"":""2208试验口径"",""source_record_ids"":""old-09-PDF-grid-2-0-19"",""source_observation_date_upper"":""2016-12-06"",""source_file"":""原件/免征目录/mf_batch09.pdf"",""source_sha256"":""7eea7200c04fefec34f6ae6db5a1bae77f82a534348f266e95575cae051c8c8c"",""firm_route_basis"":""原件企业合并格/上下文候选；非登记实体认证""}]",0,按来源/日期/配置版本分别答复；同型号合并附件不等于同配置或逐车资格认证
江苏卡威汽车工业集团有限公司,JNQ6320BEV1,0,0,0,0,1,2208试验口径,"[{""purpose_scope"":""2208试验口径"",""source_record_ids"":""old-09-PDF-grid-2-0-18"",""source_observation_date_upper"":""2016-12-06"",""source_file"":""原件/免征目录/mf_batch09.pdf"",""source_sha256"":""7eea7200c04fefec34f6ae6db5a1bae77f82a534348f266e95575cae051c8c8c"",""firm_route_basis"":""原件企业合并格/上下文候选；非登记实体认证""}]",0,按来源/日期/配置版本分别答复；同型号合并附件不等于同配置或逐车资格认证
江苏卡威汽车工业集团有限公司,JNQ6460BEV2,0,0,0,0,1,2208试验口径,"[{""purpose_scope"":""2208试验口径"",""source_record_ids"":""old-09-PDF-grid-2-0-20"",""source_observation_date_upper"":""2016-12-06"",""source_file"":""原件/免征目录/mf_batch09.pdf"",""source_sha256"":""7eea7200c04fefec34f6ae6db5a1bae77f82a534348f266e95575cae051c8c8c"",""firm_route_basis"":""原件企业合并格/上下文候选；非登记实体认证""}]",0,按来源/日期/配置版本分别答复；同型号合并附件不等于同配置或逐车资格认证
江苏卡威汽车工业集团有限公司,JNQ6460BEV3,0,0,0,0,1,2208试验口径,"[{""purpose_scope"":""2208试验口径"",""source_record_ids"":""old-09-PDF-grid-2-0-17"",""source_observation_date_upper"":""2016-12-06"",""source_file"":""原件/免征目录/mf_batch09.pdf"",""source_sha256"":""7eea7200c04fefec34f6ae6db5a1bae77f82a534348f266e95575cae051c8c8c"",""firm_route_basis"":""原记录firm_raw""}]",0,按来源/日期/配置版本分别答复；同型号合并附件不等于同配置或逐车资格认证
"江苏卡威汽车工业集团股份有限
公司",JNQ6340BEV,0,0,0,0,1,2208试验口径,"[{""purpose_scope"":""2208试验口径"",""source_record_ids"":""old-12-PDF-grid-2-0-5"",""source_observation_date_upper"":""2017-09-05"",""source_file"":""原件/免征目录/mf_batch12.pdf"",""source_sha256"":""afbd7133ccf901dbdc065b2ff80768450dc901def8d216cf5bb87baa98f7a1e2"",""firm_route_basis"":""原记录firm_raw""}]",0,按来源/日期/配置版本分别答复；同型号合并附件不等于同配置或逐车资格认证
"江苏卡威汽车工业集团股份有限
公司",JNQ6450BEV,0,0,0,0,1,2208试验口径,"[{""purpose_scope"":""2208试验口径"",""source_record_ids"":""old-12-PDF-grid-2-0-6"",""source_observation_date_upper"":""2017-09-05"",""source_file"":""原件/免征目录/mf_batch12.pdf"",""source_sha256"":""afbd7133ccf901dbdc065b2ff80768450dc901def8d216cf5bb87baa98f7a1e2"",""firm_route_basis"":""原件企业合并格/上下文候选；非登记实体认证""}]",0,按来源/日期/配置版本分别答复；同型号合并附件不等于同配置或逐车资格认证
江苏卡威汽车工业集团股份有限公司,JNQ6451BEV,0,0,0,0,1,2208试验口径,"[{""purpose_scope"":""2208试验口径"",""source_record_ids"":""old-27-Word97--0-50"",""source_observation_date_upper"":""2019-10-25"",""source_file"":""原件/免征目录/mf_batch27.doc"",""source_sha256"":""2bd67cf7e1efc03ae93942d0d340ffef87478709520383b6ee4d08baf843ead1"",""firm_route_basis"":""原记录firm_raw""}]",0,按来源/日期/配置版本分别答复；同型号合并附件不等于同配置或逐车资格认证
江苏吉麦新能源车业有限公司,HXK7000BEVA0,0,0,0,0,1,2208试验口径,"[{""purpose_scope"":""2208试验口径"",""source_record_ids"":""old-30-Word97--0-27"",""source_observation_date_upper"":""2020-03-13"",""source_file"":""原件/免征目录/mf_batch30.doc"",""source_sha256"":""e7fa3b47858ec2035b8055bc15be00b2b26920a5e8d3cad481058a80b92ead24"",""firm_route_basis"":""原记录firm_raw""}]",0,按来源/日期/配置版本分别答复；同型号合并附件不等于同配置或逐车资格认证
江苏吉麦新能源车业有限公司,HXK7000BEVA10,0,0,0,1,1,92逐车资格;2208试验口径,"[{""purpose_scope"":""92逐车资格"",""source_record_ids"":""new-05-cell-4767;new-06-cell-5365"",""source_observation_date_upper"":""2024-05-20"",""source_file"":""原件/减免目录/cat_batch5.doc"",""source_sha256"":""be8c8373f926e8b033304f06a62d92b0f0fc066accc6841864c3fd414bc506ab"",""firm_route_basis"":""原记录firm_raw""},{""purpose_scope"":""2208试验口径"",""source_record_ids"":""old-42-Word97--0-7"",""source_observation_date_upper"":""2021-04-30"",""source_file"":""原件/免征目录/mf_batch42.doc"",""source_sha256"":""fef4fd8ea19d773d368642e51a4bdb24c148530251a2240be4ff1358d5d41fab"",""firm_route_basis"":""原件企业合并格/上下文候选；非登记实体认证""}]",0,按来源/日期/配置版本分别答复；同型号合并附件不等于同配置或逐车资格认证
江苏吉麦新能源车业有限公司,HXK7000BEVA11,0,0,0,0,1,2208试验口径,"[{""purpose_scope"":""2208试验口径"",""source_record_ids"":""old-42-Word97--0-4"",""source_observation_date_upper"":""2021-04-30"",""source_file"":""原件/免征目录/mf_batch42.doc"",""source_sha256"":""fef4fd8ea19d773d368642e51a4bdb24c148530251a2240be4ff1358d5d41fab"",""firm_route_basis"":""原记录firm_raw""}]",0,按来源/日期/配置版本分别答复；同型号合并附件不等于同配置或逐车资格认证
江苏吉麦新能源车业有限公司,HXK7000BEVA13,0,0,0,0,1,2208试验口径,"[{""purpose_scope"":""2208试验口径"",""source_record_ids"":""old-54-Word97--0-21"",""source_observation_date_upper"":""2022-05-12"",""source_file"":""原件/免征目录/mf_batch54.doc"",""source_sha256"":""e4ce106fc0fb21bc61cac40ff0de97e60dff2d18b5b7d24c494bb74873312fd7"",""firm_route_basis"":""原记录firm_raw""}]",0,按来源/日期/配置版本分别答复；同型号合并附件不等于同配置或逐车资格认证
江苏吉麦新能源车业有限公司,HXK7000BEVA14,0,0,0,1,0,92逐车资格,"[{""purpose_scope"":""92逐车资格"",""source_record_ids"":""new-08-cell-4046"",""source_observation_date_upper"":""2024-08-02"",""source_file"":""原件/减免目录/cat_batch8.doc"",""source_sha256"":""cbab4420ab84da22688f4c3ebb5b5c99f9350da948eb3eba04418c6ba02c5441"",""firm_route_basis"":""原记录firm_raw""}]",0,按来源/日期/配置版本分别答复；同型号合并附件不等于同配置或逐车资格认证
江苏吉麦新能源车业有限公司,HXK7000BEVA15,0,0,0,0,1,2208试验口径,"[{""purpose_scope"":""2208试验口径"",""source_record_ids"":""old-57-Word97--0-13"",""source_observation_date_upper"":""2022-08-10"",""source_file"":""原件/免征目录/mf_batch57.doc"",""source_sha256"":""96d9708a19952b23d71fc40e9976a33ae30ca118226a032954a93ab36f355f21"",""firm_route_basis"":""原记录firm_raw""}]",0,按来源/日期/配置版本分别答复；同型号合并附件不等于同配置或逐车资格认证
江苏吉麦新能源车业有限公司,HXK7000BEVA16,0,0,0,1,1,92逐车资格;2208试验口径,"[{""purpose_scope"":""92逐车资格"",""source_record_ids"":""new-05-cell-4778;new-06-cell-5377"",""source_observation_date_upper"":""2024-05-20"",""source_file"":""原件/减免目录/cat_batch5.doc"",""source_sha256"":""be8c8373f926e8b033304f06a62d92b0f0fc066accc6841864c3fd414bc506ab"",""firm_route_basis"":""原件企业合并格/上下文候选；非登记实体认证""},{""purpose_scope"":""2208试验口径"",""source_record_ids"":""old-59-Word97--0-28"",""source_observation_date_upper"":""2022-10-10"",""source_file"":""原件/免征目录/mf_batch59.doc"",""source_sha256"":""32738e2df847e0c74ff96d48b8a13e1dd9c31aee84b7c0a633e2d9c8a3e01f86"",""firm_route_basis"":""原记录firm_raw""}]",0,按来源/日期/配置版本分别答复；同型号合并附件不等于同配置或逐车资格认证
江苏吉麦新能源车业有限公司,HXK7000BEVA2,0,0,0,0,1,2208试验口径,"[{""purpose_scope"":""2208试验口径"",""source_record_ids"":""old-35-Word97--0-29"",""source_observation_date_upper"":""2020-09-21"",""source_file"":""原件/免征目录/mf_batch35.wps"",""source_sha256"":""e4a6abd0e50daa81d029f8b37584511354700e855dc89de210fcba782b0643f0"",""firm_route_basis"":""原记录firm_raw""}]",0,按来源/日期/配置版本分别答复；同型号合并附件不等于同配置或逐车资格认证
江苏吉麦新能源车业有限公司,HXK7000BEVA5,0,0,0,0,1,2208试验口径,"[{""purpose_scope"":""2208试验口径"",""source_record_ids"":""old-36-Word97--0-29"",""source_observation_date_upper"":""2020-10-30"",""source_file"":""原件/免征目录/mf_batch36.doc"",""source_sha256"":""05cfcfd9136685ad6d6e13b8228cd123cca109c26f43a4c71472016b5a610a9f"",""firm_route_basis"":""原记录firm_raw""}]",0,按来源/日期/配置版本分别答复；同型号合并附件不等于同配置或逐车资格认证
江苏吉麦新能源车业有限公司,HXK7000BEVA6,0,0,0,0,1,2208试验口径,"[{""purpose_scope"":""2208试验口径"",""source_record_ids"":""old-39-Word97--0-14"",""source_observation_date_upper"":""2021-01-29"",""source_file"":""原件/免征目录/mf_batch39.doc"",""source_sha256"":""48158862f567d71b07ac0a7a60c2c3bc6d2bb44dd5a86290b0b809d757a9eb07"",""firm_route_basis"":""原记录firm_raw""}]",0,按来源/日期/配置版本分别答复；同型号合并附件不等于同配置或逐车资格认证
江苏吉麦新能源车业有限公司,HXK7000BEVA7,0,0,0,0,1,2208试验口径,"[{""purpose_scope"":""2208试验口径"",""source_record_ids"":""old-42-Word97--0-5"",""source_observation_date_upper"":""2021-04-30"",""source_file"":""原件/免征目录/mf_batch42.doc"",""source_sha256"":""fef4fd8ea19d773d368642e51a4bdb24c148530251a2240be4ff1358d5d41fab"",""firm_route_basis"":""原件企业合并格/上下文候选；非登记实体认证""}]",0,按来源/日期/配置版本分别答复；同型号合并附件不等于同配置或逐车资格认证
江苏吉麦新能源车业有限公司,HXK7000BEVA8,0,0,0,0,1,2208试验口径,"[{""purpose_scope"":""2208试验口径"",""source_record_ids"":""old-42-Word97--0-6"",""source_observation_date_upper"":""2021-04-30"",""source_file"":""原件/免征目录/mf_batch42.doc"",""source_sha256"":""fef4fd8ea19d773d368642e51a4bdb24c148530251a2240be4ff1358d5d41fab"",""firm_route_basis"":""原件企业合并格/上下文候选；非登记实体认证""}]",0,按来源/日期/配置版本分别答复；同型号合并附件不等于同配置或逐车资格认证
江苏吉麦新能源车业有限公司,HXK7000BEVA9,0,0,0,0,1,2208试验口径,"[{""purpose_scope"":""2208试验口径"",""source_record_ids"":""old-42-Word97--0-8"",""source_observation_date_upper"":""2021-04-30"",""source_file"":""原件/免征目录/mf_batch42.doc"",""source_sha256"":""fef4fd8ea19d773d368642e51a4bdb24c148530251a2240be4ff1358d5d41fab"",""firm_route_basis"":""原件企业合并格/上下文候选；非登记实体认证""}]",0,按来源/日期/配置版本分别答复；同型号合并附件不等于同配置或逐车资格认证
江苏吉麦新能源车业有限公司,HXK7000BEVB00,0,0,0,1,1,92逐车资格;2208试验口径,"[{""purpose_scope"":""92逐车资格"",""source_record_ids"":""new-10-cell-4867"",""source_observation_date_upper"":""2024-10-18"",""source_file"":""原件/减免目录/cat_batch10.doc"",""source_sha256"":""52d2c7e0c19e9e318882aa3b9e644ecaf5e6cffb8935033e46d6bbedf4700666"",""firm_route_basis"":""原记录firm_raw""},{""purpose_scope"":""2208试验口径"",""source_record_ids"":""old-48-Word97--0-5"",""source_observation_date_upper"":""2021-11-05"",""source_file"":""原件/免征目录/mf_batch48.doc"",""source_sha256"":""ee5aa19736215cfcb3b76ffff90bcd0d9108c61758ccb756f7d4ad17e75a835c"",""firm_route_basis"":""原记录firm_raw""}]",0,按来源/日期/配置版本分别答复；同型号合并附件不等于同配置或逐车资格认证
江苏吉麦新能源车业有限公司,HXK7000BEVB03,0,0,0,0,1,2208试验口径,"[{""purpose_scope"":""2208试验口径"",""source_record_ids"":""old-59-Word97--0-30"",""source_observation_date_upper"":""2022-10-10"",""source_file"":""原件/免征目录/mf_batch59.doc"",""source_sha256"":""32738e2df847e0c74ff96d48b8a13e1dd9c31aee84b7c0a633e2d9c8a3e01f86"",""firm_route_basis"":""原件企业合并格/上下文候选；非登记实体认证""}]",0,按来源/日期/配置版本分别答复；同型号合并附件不等于同配置或逐车资格认证
江苏吉麦新能源车业有限公司,HXK7000BEVC00,0,0,0,0,1,2208试验口径,"[{""purpose_scope"":""2208试验口径"",""source_record_ids"":""old-57-Word97--0-14"",""source_observation_date_upper"":""2022-08-10"",""source_file"":""原件/免征目录/mf_batch57.doc"",""source_sha256"":""96d9708a19952b23d71fc40e9976a33ae30ca118226a032954a93ab36f355f21"",""firm_route_basis"":""原件企业合并格/上下文候选；非登记实体认证""}]",0,按来源/日期/配置版本分别答复；同型号合并附件不等于同配置或逐车资格认证
江苏吉麦新能源车业有限公司,HXK7000BEVC01,0,0,0,0,1,2208试验口径,"[{""purpose_scope"":""2208试验口径"",""source_record_ids"":""old-71-Word97--0-55"",""source_observation_date_upper"":""2023-11-20"",""source_file"":""原件/免征目录/mf_batch71.doc"",""source_sha256"":""b37b78b64b8ef7e12e6e95d6fd27a4a6e364c0c83ba403ffcf3bca82c60e3460"",""firm_route_basis"":""原记录firm_raw""}]",0,按来源/日期/配置版本分别答复；同型号合并附件不等于同配置或逐车资格认证
江苏吉麦新能源车业有限公司,HXK7000BEVD00,0,0,0,0,1,2208试验口径,"[{""purpose_scope"":""2208试验口径"",""source_record_ids"":""old-59-Word97--0-29"",""source_observation_date_upper"":""2022-10-10"",""source_file"":""原件/免征目录/mf_batch59.doc"",""source_sha256"":""32738e2df847e0c74ff96d48b8a13e1dd9c31aee84b7c0a633e2d9c8a3e01f86"",""firm_route_basis"":""原件企业合并格/上下文候选；非登记实体认证""}]",0,按来源/日期/配置版本分别答复；同型号合并附件不等于同配置或逐车资格认证
江苏吉麦新能源车业有限公司,HXK7000BEVK0,0,0,0,0,1,2208试验口径,"[{""purpose_scope"":""2208试验口径"",""source_record_ids"":""old-33-Word97--0-68"",""source_observation_date_upper"":""2020-07-21"",""source_file"":""原件/免征目录/mf_batch33.doc"",""source_sha256"":""ff98fbb1708c47cdcfc1e79e7a1647e72a7ae6d4255dce3b250d661001340c09"",""firm_route_basis"":""原记录firm_raw""}]",0,按来源/日期/配置版本分别答复；同型号合并附件不等于同配置或逐车资格认证
江苏吉麦新能源车业有限公司,HXK7000BEVX0,0,0,0,0,1,2208试验口径,"[{""purpose_scope"":""2208试验口径"",""source_record_ids"":""old-35-Word97--0-31"",""source_observation_date_upper"":""2020-09-21"",""source_file"":""原件/免征目录/mf_batch35.wps"",""source_sha256"":""e4a6abd0e50daa81d029f8b37584511354700e855dc89de210fcba782b0643f0"",""firm_route_basis"":""原件企业合并格/上下文候选；非登记实体认证""}]",0,按来源/日期/配置版本分别答复；同型号合并附件不等于同配置或逐车资格认证
江苏国新新能源乘用车有限公司,GXE7001BEV1A,0,0,0,0,1,2208试验口径,"[{""purpose_scope"":""2208试验口径"",""source_record_ids"":""old-47-Word97--0-3"",""source_observation_date_upper"":""2021-09-30"",""source_file"":""原件/免征目录/mf_batch47.doc"",""source_sha256"":""fb4517fe8220b10bc435a77a5328df13c732c70b335942dfad0ae9394affe9b4"",""firm_route_basis"":""原记录firm_raw""}]",0,按来源/日期/配置版本分别答复；同型号合并附件不等于同配置或逐车资格认证
江苏国新新能源乘用车有限公司,GXE7002BEV1A,0,0,0,0,1,2208试验口径,"[{""purpose_scope"":""2208试验口径"",""source_record_ids"":""old-49-Word97--0-5"",""source_observation_date_upper"":""2021-12-08"",""source_file"":""原件/免征目录/mf_batch49.doc"",""source_sha256"":""c7a56509a4d9272982da0abc9d1ea213ee1fbea3d0f1edad124630c9b5e3474e"",""firm_route_basis"":""原记录firm_raw""}]",0,按来源/日期/配置版本分别答复；同型号合并附件不等于同配置或逐车资格认证
江苏国新新能源乘用车有限公司,GXE7002BEV2A,0,0,0,0,1,2208试验口径,"[{""purpose_scope"":""2208试验口径"",""source_record_ids"":""old-49-Word97--0-6"",""source_observation_date_upper"":""2021-12-08"",""source_file"":""原件/免征目录/mf_batch49.doc"",""source_sha256"":""c7a56509a4d9272982da0abc9d1ea213ee1fbea3d0f1edad124630c9b5e3474e"",""firm_route_basis"":""原件企业合并格/上下文候选；非登记实体认证""}]",0,按来源/日期/配置版本分别答复；同型号合并附件不等于同配置或逐车资格认证
江苏国新新能源乘用车有限公司,JGX7001BEV1A,0,0,0,0,1,2208试验口径,"[{""purpose_scope"":""2208试验口径"",""source_record_ids"":""old-38-Word97--0-2"",""source_observation_date_upper"":""2020-12-30"",""source_file"":""原件/免征目录/mf_batch38.doc"",""source_sha256"":""7c9def45fe5c40e4c5ffb483a1d1efd383c12cb16a5c4ba021d4ce28384776de"",""firm_route_basis"":""原记录firm_raw""}]",0,按来源/日期/配置版本分别答复；同型号合并附件不等于同配置或逐车资格认证
江苏悦达起亚汽车有限公司,CVEV2WD,0,0,0,1,1,92逐车资格;2208试验口径,"[{""purpose_scope"":""92逐车资格"",""source_record_ids"":""new-04-cell-3456;new-06-cell-4969"",""source_observation_date_upper"":""2024-04-15"",""source_file"":""原件/减免目录/cat_batch4.doc"",""source_sha256"":""e6d4f6d7e11833351bf9e247aa8032273ad029b83385189b0ffebd81d10b8ce6"",""firm_route_basis"":""原记录firm_raw""},{""purpose_scope"":""2208试验口径"",""source_record_ids"":""old-68-Word97--0-10"",""source_observation_date_upper"":""2023-08-16"",""source_file"":""原件/免征目录/mf_batch68.doc"",""source_sha256"":""58113d08377020d08de0aeb0e08ff63c4a4411dbe35ad69cfdd6f82fdf0fcc77"",""firm_route_basis"":""原件企业合并格/上下文候选；非登记实体认证""}]",0,按来源/日期/配置版本分别答复；同型号合并附件不等于同配置或逐车资格认证
江苏悦达起亚汽车有限公司,CVEV4WD,0,0,0,0,1,2208试验口径,"[{""purpose_scope"":""2208试验口径"",""source_record_ids"":""old-68-Word97--0-8"",""source_observation_date_upper"":""2023-08-16"",""source_file"":""原件/免征目录/mf_batch68.doc"",""source_sha256"":""58113d08377020d08de0aeb0e08ff63c4a4411dbe35ad69cfdd6f82fdf0fcc77"",""firm_route_basis"":""原记录firm_raw""}]",0,按来源/日期/配置版本分别答复；同型号合并附件不等于同配置或逐车资格认证
江苏悦达起亚汽车有限公司,CVEVGT4WD,0,0,0,0,1,2208试验口径,"[{""purpose_scope"":""2208试验口径"",""source_record_ids"":""old-68-Word97--0-9"",""source_observation_date_upper"":""2023-08-16"",""source_file"":""原件/免征目录/mf_batch68.doc"",""source_sha256"":""58113d08377020d08de0aeb0e08ff63c4a4411dbe35ad69cfdd6f82fdf0fcc77"",""firm_route_basis"":""原件企业合并格/上下文候选；非登记实体认证""}]",0,按来源/日期/配置版本分别答复；同型号合并附件不等于同配置或逐车资格认证
江苏悦达起亚汽车有限公司,YQZ6460BEV,0,0,0,1,0,92逐车资格,"[{""purpose_scope"":""92逐车资格"",""source_record_ids"":""new-04-cell-3467;new-06-cell-4981"",""source_observation_date_upper"":""2024-04-15"",""source_file"":""原件/减免目录/cat_batch4.doc"",""source_sha256"":""e6d4f6d7e11833351bf9e247aa8032273ad029b83385189b0ffebd81d10b8ce6"",""firm_route_basis"":""原件企业合并格/上下文候选；非登记实体认证""}]",0,按来源/日期/配置版本分别答复；同型号合并附件不等于同配置或逐车资格认证
江苏悦达起亚汽车有限公司,YQZ6490BEVY,0,0,0,0,1,2208试验口径,"[{""purpose_scope"":""2208试验口径"",""source_record_ids"":""old-63-Word97--0-17"",""source_observation_date_upper"":""2023-03-10"",""source_file"":""原件/免征目录/mf_batch63.doc"",""source_sha256"":""1d0f4bf9c7c1f67712e9efa3a5e3222c30d4e438653b9335aaff9714e65f8c05"",""firm_route_basis"":""原件企业合并格/上下文候选；非登记实体认证""}]",0,按来源/日期/配置版本分别答复；同型号合并附件不等于同配置或逐车资格认证
江苏悦达起亚汽车有限公司,YQZ6491BEVY,0,0,0,0,1,2208试验口径,"[{""purpose_scope"":""2208试验口径"",""source_record_ids"":""old-63-Word97--0-16"",""source_observation_date_upper"":""2023-03-10"",""source_file"":""原件/免征目录/mf_batch63.doc"",""source_sha256"":""1d0f4bf9c7c1f67712e9efa3a5e3222c30d4e438653b9335aaff9714e65f8c05"",""firm_route_basis"":""原件企业合并格/上下文候选；非登记实体认证""}]",0,按来源/日期/配置版本分别答复；同型号合并附件不等于同配置或逐车资格认证
江苏悦达起亚汽车有限公司,YQZ6492BEVY,0,0,0,0,1,2208试验口径,"[{""purpose_scope"":""2208试验口径"",""source_record_ids"":""old-63-Word97--0-15"",""source_observation_date_upper"":""2023-03-10"",""source_file"":""原件/免征目录/mf_batch63.doc"",""source_sha256"":""1d0f4bf9c7c1f67712e9efa3a5e3222c30d4e438653b9335aaff9714e65f8c05"",""firm_route_basis"":""原记录firm_raw""}]",0,按来源/日期/配置版本分别答复；同型号合并附件不等于同配置或逐车资格认证
江苏悦达起亚汽车有限公司,YQZ6520BEVX,0,0,0,0,1,2208试验口径,"[{""purpose_scope"":""2208试验口径"",""source_record_ids"":""old-67-Word97--0-9"",""source_observation_date_upper"":""2023-07-17"",""source_file"":""原件/免征目录/mf_batch67.doc"",""source_sha256"":""963a02fcc1f361414f4f003c6d63e00b178d0b962134ed2206c38978f3118101"",""firm_route_basis"":""原件企业合并格/上下文候选；非登记实体认证""}]",0,按来源/日期/配置版本分别答复；同型号合并附件不等于同配置或逐车资格认证
江苏悦达起亚汽车有限公司,YQZ6521BEVX,0,0,0,0,1,2208试验口径,"[{""purpose_scope"":""2208试验口径"",""source_record_ids"":""old-67-Word97--0-8"",""source_observation_date_upper"":""2023-07-17"",""source_file"":""原件/免征目录/mf_batch67.doc"",""source_sha256"":""963a02fcc1f361414f4f003c6d63e00b178d0b962134ed2206c38978f3118101"",""firm_route_basis"":""原记录firm_raw""}]",0,按来源/日期/配置版本分别答复；同型号合并附件不等于同配置或逐车资格认证
江苏悦达起亚汽车有限公司,YQZ6522BEVX,0,0,0,0,1,2208试验口径,"[{""purpose_scope"":""2208试验口径"",""source_record_ids"":""old-67-Word97--0-10"",""source_observation_date_upper"":""2023-07-17"",""source_file"":""原件/免征目录/mf_batch67.doc"",""source_sha256"":""963a02fcc1f361414f4f003c6d63e00b178d0b962134ed2206c38978f3118101"",""firm_route_basis"":""原件企业合并格/上下文候选；非登记实体认证""}]",0,按来源/日期/配置版本分别答复；同型号合并附件不等于同配置或逐车资格认证
江苏悦达起亚汽车有限公司,YQZ7000BEVHIPHIZ,0,0,0,0,1,2208试验口径,"[{""purpose_scope"":""2208试验口径"",""source_record_ids"":""old-57-Word97--0-20"",""source_observation_date_upper"":""2022-08-10"",""source_file"":""原件/免征目录/mf_batch57.doc"",""source_sha256"":""96d9708a19952b23d71fc40e9976a33ae30ca118226a032954a93ab36f355f21"",""firm_route_basis"":""原记录firm_raw""}]",0,按来源/日期/配置版本分别答复；同型号合并附件不等于同配置或逐车资格认证
江苏悦达起亚汽车有限公司,YQZ7000BEVZ,0,0,0,0,1,2208试验口径,"[{""purpose_scope"":""2208试验口径"",""source_record_ids"":""old-59-Word97--0-44"",""source_observation_date_upper"":""2022-10-10"",""source_file"":""原件/免征目录/mf_batch59.doc"",""source_sha256"":""32738e2df847e0c74ff96d48b8a13e1dd9c31aee84b7c0a633e2d9c8a3e01f86"",""firm_route_basis"":""原记录firm_raw""}]",0,按来源/日期/配置版本分别答复；同型号合并附件不等于同配置或逐车资格认证
江苏悦达起亚汽车有限公司,YQZ7001BEVHIPHIZ,0,0,0,0,1,2208试验口径,"[{""purpose_scope"":""2208试验口径"",""source_record_ids"":""old-57-Word97--0-21"",""source_observation_date_upper"":""2022-08-10"",""source_file"":""原件/免征目录/mf_batch57.doc"",""source_sha256"":""96d9708a19952b23d71fc40e9976a33ae30ca118226a032954a93ab36f355f21"",""firm_route_basis"":""原件企业合并格/上下文候选；非登记实体认证""}]",0,按来源/日期/配置版本分别答复；同型号合并附件不等于同配置或逐车资格认证
江苏悦达起亚汽车有限公司,YQZ7001BEVZ,0,0,0,0,1,2208试验口径,"[{""purpose_scope"":""2208试验口径"",""source_record_ids"":""old-59-Word97--0-45"",""source_observation_date_upper"":""2022-10-10"",""source_file"":""原件/免征目录/mf_batch59.doc"",""source_sha256"":""32738e2df847e0c74ff96d48b8a13e1dd9c31aee84b7c0a633e2d9c8a3e01f86"",""firm_route_basis"":""原件企业合并格/上下文候选；非登记实体认证""}]",0,按来源/日期/配置版本分别答复；同型号合并附件不等于同配置或逐车资格认证
江苏悦达起亚汽车有限公司,YQZ7002BEVHIPHIZ,0,0,0,0,1,2208试验口径,"[{""purpose_scope"":""2208试验口径"",""source_record_ids"":""old-57-Word97--0-22"",""source_observation_date_upper"":""2022-08-10"",""source_file"":""原件/免征目录/mf_batch57.doc"",""source_sha256"":""96d9708a19952b23d71fc40e9976a33ae30ca118226a032954a93ab36f355f21"",""firm_route_basis"":""原件企业合并格/上下文候选；非登记实体认证""}]",0,按来源/日期/配置版本分别答复；同型号合并附件不等于同配置或逐车资格认证
江苏悦达起亚汽车有限公司,YQZ7002BEVZ,0,0,0,0,1,2208试验口径,"[{""purpose_scope"":""2208试验口径"",""source_record_ids"":""old-59-Word97--0-46"",""source_observation_date_upper"":""2022-10-10"",""source_file"":""原件/免征目录/mf_batch59.doc"",""source_sha256"":""32738e2df847e0c74ff96d48b8a13e1dd9c31aee84b7c0a633e2d9c8a3e01f86"",""firm_route_basis"":""原件企业合并格/上下文候选；非登记实体认证""}]",0,按来源/日期/配置版本分别答复；同型号合并附件不等于同配置或逐车资格认证
江苏悦达起亚汽车有限公司,YQZ7005BEVZ,0,0,0,0,1,2208试验口径,"[{""purpose_scope"":""2208试验口径"",""source_record_ids"":""old-67-Word97--0-11"",""source_observation_date_upper"":""2023-07-17"",""source_file"":""原件/免征目录/mf_batch67.doc"",""source_sha256"":""963a02fcc1f361414f4f003c6d63e00b178d0b962134ed2206c38978f3118101"",""firm_route_basis"":""原件企业合并格/上下文候选；非登记实体认证""}]",0,按来源/日期/配置版本分别答复；同型号合并附件不等于同配置或逐车资格认证
江苏敏安电动汽车有限公司,MA6470BEVA,0,0,0,0,1,2208试验口径,"[{""purpose_scope"":""2208试验口径"",""source_record_ids"":""old-28-Word97--0-22"",""source_observation_date_upper"":""2019-12-10"",""source_file"":""原件/免征目录/mf_batch28.doc"",""source_sha256"":""dfe1b301a5e8373e94e0e4a2fccee3d258c56bb662e4928764a71274142acd72"",""firm_route_basis"":""原记录firm_raw""}]",0,按来源/日期/配置版本分别答复；同型号合并附件不等于同配置或逐车资格认证
江苏敏安电动汽车有限公司,MA7001BEVA,0,0,0,0,1,2208试验口径,"[{""purpose_scope"":""2208试验口径"",""source_record_ids"":""mf29-t0-r25"",""source_observation_date_upper"":""2019-12-27"",""source_file"":""原件/mf_batch29.doc"",""source_sha256"":""8d24a01958cc6d44fa7826ecbb6a76869b9a0f2c98b97597d57af02932f2afaf"",""firm_route_basis"":""原记录firm_raw""}]",0,按来源/日期/配置版本分别答复；同型号合并附件不等于同配置或逐车资格认证
江苏敏安电动汽车有限公司,MA7002BEVA,0,0,0,0,1,2208试验口径,"[{""purpose_scope"":""2208试验口径"",""source_record_ids"":""old-55-Word97--0-16"",""source_observation_date_upper"":""2022-06-01"",""source_file"":""原件/免征目录/mf_batch55.doc"",""source_sha256"":""0457d0430e9e7f114c91341a715405c3933dd4783762cd74b9871e4918ba887f"",""firm_route_basis"":""原记录firm_raw""}]",0,按来源/日期/配置版本分别答复；同型号合并附件不等于同配置或逐车资格认证
江西大乘汽车有限公司,JML6451BEV01,0,0,0,0,1,2208试验口径,"[{""purpose_scope"":""2208试验口径"",""source_record_ids"":""old-22-Word97--0-33"",""source_observation_date_upper"":""2018-12-18"",""source_file"":""原件/免征目录/mf_batch22.doc"",""source_sha256"":""eaf3fc1e64742af85b3d4bc90388d0a93154a497fd6c1fb9bf73b857672e1212"",""firm_route_basis"":""原记录firm_raw""}]",0,按来源/日期/配置版本分别答复；同型号合并附件不等于同配置或逐车资格认证
江西大乘汽车有限公司,JML7000BEV01,0,0,0,0,1,2208试验口径,"[{""purpose_scope"":""2208试验口径"",""source_record_ids"":""old-22-Word97--0-34"",""source_observation_date_upper"":""2018-12-18"",""source_file"":""原件/免征目录/mf_batch22.doc"",""source_sha256"":""eaf3fc1e64742af85b3d4bc90388d0a93154a497fd6c1fb9bf73b857672e1212"",""firm_route_basis"":""原件企业合并格/上下文候选；非登记实体认证""}]",0,按来源/日期/配置版本分别答复；同型号合并附件不等于同配置或逐车资格认证
江西大乘汽车有限公司,JML7000BEV02,0,0,0,0,1,2208试验口径,"[{""purpose_scope"":""2208试验口径"",""source_record_ids"":""old-23-Word97--0-35"",""source_observation_date_upper"":""2019-03-13"",""source_file"":""原件/免征目录/mf_batch23.docx"",""source_sha256"":""87f838de0da3ba5887f77b2bf5c1dbf5b427e7cef896309a7084c11dd8f5efa0"",""firm_route_basis"":""原记录firm_raw""}]",0,按来源/日期/配置版本分别答复；同型号合并附件不等于同配置或逐车资格认证
江西大乘汽车有限公司,JML7000BEV05,0,0,0,0,1,2208试验口径,"[{""purpose_scope"":""2208试验口径"",""source_record_ids"":""old-27-Word97--0-25"",""source_observation_date_upper"":""2019-10-25"",""source_file"":""原件/免征目录/mf_batch27.doc"",""source_sha256"":""2bd67cf7e1efc03ae93942d0d340ffef87478709520383b6ee4d08baf843ead1"",""firm_route_basis"":""原记录firm_raw""}]",0,按来源/日期/配置版本分别答复；同型号合并附件不等于同配置或逐车资格认证
江西志骋汽车有限责任公司,CH7000BEVFA2BA,0,0,0,0,1,2208试验口径,"[{""purpose_scope"":""2208试验口径"",""source_record_ids"":""mf29-t0-r13"",""source_observation_date_upper"":""2019-12-27"",""source_file"":""原件/mf_batch29.doc"",""source_sha256"":""8d24a01958cc6d44fa7826ecbb6a76869b9a0f2c98b97597d57af02932f2afaf"",""firm_route_basis"":""原记录firm_raw""}]",0,按来源/日期/配置版本分别答复；同型号合并附件不等于同配置或逐车资格认证
江西志骋汽车有限责任公司,CH7005BEVFC2B1,0,0,0,0,1,2208试验口径,"[{""purpose_scope"":""2208试验口径"",""source_record_ids"":""old-69-Word97--0-40"",""source_observation_date_upper"":""2023-09-14"",""source_file"":""原件/免征目录/mf_batch69.doc"",""source_sha256"":""357d61a16c94488c9fdd761f393edb7029b05394ab06117abaebcba1a1e45546"",""firm_route_basis"":""原记录firm_raw""}]",0,按来源/日期/配置版本分别答复；同型号合并附件不等于同配置或逐车资格认证
江西昌河汽车有限责任公司,CH7000BEVFA3B5,0,0,0,0,1,2208试验口径,"[{""purpose_scope"":""2208试验口径"",""source_record_ids"":""old-27-Word97--0-24"",""source_observation_date_upper"":""2019-10-25"",""source_file"":""原件/免征目录/mf_batch27.doc"",""source_sha256"":""2bd67cf7e1efc03ae93942d0d340ffef87478709520383b6ee4d08baf843ead1"",""firm_route_basis"":""原记录firm_raw""}]",0,按来源/日期/配置版本分别答复；同型号合并附件不等于同配置或逐车资格认证
江西昌河汽车有限责任公司,CH7002BEVH2CB,0,0,0,0,1,2208试验口径,"[{""purpose_scope"":""2208试验口径"",""source_record_ids"":""old-20-DOCX--0-31"",""source_observation_date_upper"":""2018-09-19"",""source_file"":""原件/免征目录/mf_batch20.docx"",""source_sha256"":""374d3f87551d75d1c163e76abb38f350ea93f8a2b8cad6174568c307d1cc0130"",""firm_route_basis"":""原记录firm_raw""}]",0,按来源/日期/配置版本分别答复；同型号合并附件不等于同配置或逐车资格认证
江西昌河汽车有限责任公司,CH7005BEVA2CB,0,0,0,0,1,2208试验口径,"[{""purpose_scope"":""2208试验口径"",""source_record_ids"":""old-09-PDF-grid-2-0-21"",""source_observation_date_upper"":""2016-12-06"",""source_file"":""原件/免征目录/mf_batch09.pdf"",""source_sha256"":""7eea7200c04fefec34f6ae6db5a1bae77f82a534348f266e95575cae051c8c8c"",""firm_route_basis"":""原记录firm_raw""}]",0,按来源/日期/配置版本分别答复；同型号合并附件不等于同配置或逐车资格认证
江西昌河汽车有限责任公司,CH7005BEVA2CC,0,0,0,0,1,2208试验口径,"[{""purpose_scope"":""2208试验口径"",""source_record_ids"":""old-12-PDF-grid-2-0-9"",""source_observation_date_upper"":""2017-09-05"",""source_file"":""原件/免征目录/mf_batch12.pdf"",""source_sha256"":""afbd7133ccf901dbdc065b2ff80768450dc901def8d216cf5bb87baa98f7a1e2"",""firm_route_basis"":""原记录firm_raw""}]",0,按来源/日期/配置版本分别答复；同型号合并附件不等于同配置或逐车资格认证
江西昌河汽车有限责任公司,CH7005BEVC3CA,0,0,0,0,1,2208试验口径,"[{""purpose_scope"":""2208试验口径"",""source_record_ids"":""old-10-PDF-grid-2-0-11"",""source_observation_date_upper"":""2017-04-27"",""source_file"":""原件/免征目录/mf_batch10.pdf"",""source_sha256"":""ac1b1ad2605b4f24762fb1f01cea64b685393577d01648618fa1882bb5700ac3"",""firm_route_basis"":""原记录firm_raw""}]",0,按来源/日期/配置版本分别答复；同型号合并附件不等于同配置或逐车资格认证
江西昌河汽车有限责任公司,CH7005BEVC3CB,0,0,0,0,1,2208试验口径,"[{""purpose_scope"":""2208试验口径"",""source_record_ids"":""old-11-PDF-grid-1-0-23"",""source_observation_date_upper"":""2017-07-06"",""source_file"":""原件/免征目录/mf_batch11.pdf"",""source_sha256"":""ec4f33e5e872841e6d1fa5d435793c285a15614ef2e64f39b9013389b5e51724"",""firm_route_basis"":""原记录firm_raw""}]",0,按来源/日期/配置版本分别答复；同型号合并附件不等于同配置或逐车资格认证
江西昌河铃木汽车有限责任公司,CH7000BEVH2CA,0,0,0,0,1,2208试验口径,"[{""purpose_scope"":""2208试验口径"",""source_record_ids"":""old-12-PDF-grid-2-0-8"",""source_observation_date_upper"":""2017-09-05"",""source_file"":""原件/免征目录/mf_batch12.pdf"",""source_sha256"":""afbd7133ccf901dbdc065b2ff80768450dc901def8d216cf5bb87baa98f7a1e2"",""firm_route_basis"":""原件企业合并格/上下文候选；非登记实体认证""}]",0,按来源/日期/配置版本分别答复；同型号合并附件不等于同配置或逐车资格认证
江西江铃集团新能源汽车有限公司,JX6480EUABEV,0,0,0,1,0,92逐车资格,"[{""purpose_scope"":""92逐车资格"",""source_record_ids"":""new-04-cell-3390;new-06-cell-4897"",""source_observation_date_upper"":""2024-04-15"",""source_file"":""原件/减免目录/cat_batch4.doc"",""source_sha256"":""e6d4f6d7e11833351bf9e247aa8032273ad029b83385189b0ffebd81d10b8ce6"",""firm_route_basis"":""原记录firm_raw""}]",0,按来源/日期/配置版本分别答复；同型号合并附件不等于同配置或逐车资格认证
江西江铃集团新能源汽车有限公司,JX7001ERABEV,0,0,0,0,1,2208试验口径,"[{""purpose_scope"":""2208试验口径"",""source_record_ids"":""old-40-Word97--0-17"",""source_observation_date_upper"":""2021-03-08"",""source_file"":""原件/免征目录/mf_batch40.doc"",""source_sha256"":""93047c8e87a1f45948933ee36d00160788032370ecf11b551624e0ca45ecc1d1"",""firm_route_basis"":""原记录firm_raw""}]",0,按来源/日期/配置版本分别答复；同型号合并附件不等于同配置或逐车资格认证
江西江铃集团新能源汽车有限公司,JX7001ERBBEV,0,0,0,0,1,2208试验口径,"[{""purpose_scope"":""2208试验口径"",""source_record_ids"":""old-40-Word97--0-18"",""source_observation_date_upper"":""2021-03-08"",""source_file"":""原件/免征目录/mf_batch40.doc"",""source_sha256"":""93047c8e87a1f45948933ee36d00160788032370ecf11b551624e0ca45ecc1d1"",""firm_route_basis"":""原件企业合并格/上下文候选；非登记实体认证""}]",0,按来源/日期/配置版本分别答复；同型号合并附件不等于同配置或逐车资格认证
江西江铃集团新能源汽车有限公司,JX7001ERCBEV,0,0,0,0,1,2208试验口径,"[{""purpose_scope"":""2208试验口径"",""source_record_ids"":""old-39-Word97--0-33"",""source_observation_date_upper"":""2021-01-29"",""source_file"":""原件/免征目录/mf_batch39.doc"",""source_sha256"":""48158862f567d71b07ac0a7a60c2c3bc6d2bb44dd5a86290b0b809d757a9eb07"",""firm_route_basis"":""原记录firm_raw""}]",0,按来源/日期/配置版本分别答复；同型号合并附件不等于同配置或逐车资格认证
江西江铃集团新能源汽车有限公司,JX7001ERDBEV,0,0,0,0,1,2208试验口径,"[{""purpose_scope"":""2208试验口径"",""source_record_ids"":""old-44-Word97--0-32"",""source_observation_date_upper"":""2021-07-12"",""source_file"":""原件/免征目录/mf_batch44.doc"",""source_sha256"":""aea30846204f4e55c0d969450f1619e1649eb27f471d5b0a2636d0da77eb0611"",""firm_route_basis"":""原记录firm_raw""}]",0,按来源/日期/配置版本分别答复；同型号合并附件不等于同配置或逐车资格认证
江西江铃集团新能源汽车有限公司,JX7001EREBEV,0,0,0,0,1,2208试验口径,"[{""purpose_scope"":""2208试验口径"",""source_record_ids"":""old-60-Word97--0-12"",""source_observation_date_upper"":""2022-11-09"",""source_file"":""原件/免征目录/mf_batch60.doc"",""source_sha256"":""aabd19e9a0955380873798454b18b3bb15c87937dffcbb0ccfab2eae3bf3551b"",""firm_route_basis"":""原记录firm_raw""}]",0,按来源/日期/配置版本分别答复；同型号合并附件不等于同配置或逐车资格认证
江西江铃集团新能源汽车有限公司,JX7001ERFBEV,0,0,0,0,1,2208试验口径,"[{""purpose_scope"":""2208试验口径"",""source_record_ids"":""old-65-Word97--0-44"",""source_observation_date_upper"":""2023-05-09"",""source_file"":""原件/免征目录/mf_batch65.doc"",""source_sha256"":""06a6a578a9a60516a845bc92deac49954438a789e9e4a7cf3cd140f256d9b13d"",""firm_route_basis"":""原记录firm_raw""}]",0,按来源/日期/配置版本分别答复；同型号合并附件不等于同配置或逐车资格认证
江西江铃集团新能源汽车有限公司,JX7001ESABEV,0,0,0,0,1,2208试验口径,"[{""purpose_scope"":""2208试验口径"",""source_record_ids"":""old-19-DOCX--0-30"",""source_observation_date_upper"":""2018-07-31"",""source_file"":""原件/免征目录/mf_batch19.docx"",""source_sha256"":""fafd1558aa0f21067847c19bdd0a95c79b919737be7b07b87c4538107fb2b8e3"",""firm_route_basis"":""原记录firm_raw""}]",0,按来源/日期/配置版本分别答复；同型号合并附件不等于同配置或逐车资格认证
江西江铃集团新能源汽车有限公司,JX7001ESBBEV,0,0,0,0,1,2208试验口径,"[{""purpose_scope"":""2208试验口径"",""source_record_ids"":""old-19-DOCX--0-31"",""source_observation_date_upper"":""2018-07-31"",""source_file"":""原件/免征目录/mf_batch19.docx"",""source_sha256"":""fafd1558aa0f21067847c19bdd0a95c79b919737be7b07b87c4538107fb2b8e3"",""firm_route_basis"":""原件企业合并格/上下文候选；非登记实体认证""}]",0,按来源/日期/配置版本分别答复；同型号合并附件不等于同配置或逐车资格认证
江西江铃集团新能源汽车有限公司,JX7001ESDBEV,0,0,0,0,1,2208试验口径,"[{""purpose_scope"":""2208试验口径"",""source_record_ids"":""old-20-DOCX--0-33"",""source_observation_date_upper"":""2018-09-19"",""source_file"":""原件/免征目录/mf_batch20.docx"",""source_sha256"":""374d3f87551d75d1c163e76abb38f350ea93f8a2b8cad6174568c307d1cc0130"",""firm_route_basis"":""原件企业合并格/上下文候选；非登记实体认证""}]",0,按来源/日期/配置版本分别答复；同型号合并附件不等于同配置或逐车资格认证
江西江铃集团新能源汽车有限公司,JX7001ESEBEV,0,0,0,0,1,2208试验口径,"[{""purpose_scope"":""2208试验口径"",""source_record_ids"":""old-24-Word97--1-14"",""source_observation_date_upper"":""2019-04-30"",""source_file"":""原件/免征目录/mf_batch24.wps"",""source_sha256"":""07775a0cb063fe0fce5880b9378dd1eb2522b725d645cabdee314d604779939d"",""firm_route_basis"":""原记录firm_raw""}]",0,按来源/日期/配置版本分别答复；同型号合并附件不等于同配置或逐车资格认证
江西江铃集团新能源汽车有限公司,JX7001ESFBEV,0,0,0,0,1,2208试验口径,"[{""purpose_scope"":""2208试验口径"",""source_record_ids"":""old-24-Word97--1-15"",""source_observation_date_upper"":""2019-04-30"",""source_file"":""原件/免征目录/mf_batch24.wps"",""source_sha256"":""07775a0cb063fe0fce5880b9378dd1eb2522b725d645cabdee314d604779939d"",""firm_route_basis"":""原件企业合并格/上下文候选；非登记实体认证""}]",0,按来源/日期/配置版本分别答复；同型号合并附件不等于同配置或逐车资格认证
江西江铃集团新能源汽车有限公司,JX7001ESGBEV,0,0,0,0,1,2208试验口径,"[{""purpose_scope"":""2208试验口径"",""source_record_ids"":""old-24-Word97--1-16"",""source_observation_date_upper"":""2019-04-30"",""source_file"":""原件/免征目录/mf_batch24.wps"",""source_sha256"":""07775a0cb063fe0fce5880b9378dd1eb2522b725d645cabdee314d604779939d"",""firm_route_basis"":""原件企业合并格/上下文候选；非登记实体认证""}]",0,按来源/日期/配置版本分别答复；同型号合并附件不等于同配置或逐车资格认证
江西江铃集团新能源汽车有限公司,JX7001ESHBEV,0,0,0,0,1,2208试验口径,"[{""purpose_scope"":""2208试验口径"",""source_record_ids"":""old-26-DOCX--0-19"",""source_observation_date_upper"":""2019-08-30"",""source_file"":""原件/免征目录/mf_batch26.docx"",""source_sha256"":""de0890335ef3a4f1302a8a0735ec8b6aed52e994e2635db481820060d62248b5"",""firm_route_basis"":""原记录firm_raw""}]",0,按来源/日期/配置版本分别答复；同型号合并附件不等于同配置或逐车资格认证
江西江铃集团新能源汽车有限公司,JX7001ESLBEV,0,0,0,0,1,2208试验口径,"[{""purpose_scope"":""2208试验口径"",""source_record_ids"":""old-33-Word97--0-69"",""source_observation_date_upper"":""2020-07-21"",""source_file"":""原件/免征目录/mf_batch33.doc"",""source_sha256"":""ff98fbb1708c47cdcfc1e79e7a1647e72a7ae6d4255dce3b250d661001340c09"",""firm_route_basis"":""原记录firm_raw""}]",0,按来源/日期/配置版本分别答复；同型号合并附件不等于同配置或逐车资格认证
江西江铃集团新能源汽车有限公司,JX7001ESMBEV,0,0,0,0,1,2208试验口径,"[{""purpose_scope"":""2208试验口径"",""source_record_ids"":""old-67-Word97--0-28"",""source_observation_date_upper"":""2023-07-17"",""source_file"":""原件/免征目录/mf_batch67.doc"",""source_sha256"":""963a02fcc1f361414f4f003c6d63e00b178d0b962134ed2206c38978f3118101"",""firm_route_basis"":""原记录firm_raw""}]",0,按来源/日期/配置版本分别答复；同型号合并附件不等于同配置或逐车资格认证
江西江铃集团新能源汽车有限公司,JX7001EUABEV,0,0,0,0,1,2208试验口径,"[{""purpose_scope"":""2208试验口径"",""source_record_ids"":""old-22-Word97--0-57"",""source_observation_date_upper"":""2018-12-18"",""source_file"":""原件/免征目录/mf_batch22.doc"",""source_sha256"":""eaf3fc1e64742af85b3d4bc90388d0a93154a497fd6c1fb9bf73b857672e1212"",""firm_route_basis"":""原记录firm_raw""}]",0,按来源/日期/配置版本分别答复；同型号合并附件不等于同配置或逐车资格认证
江西江铃集团新能源汽车有限公司,JX7001EUBBEV,0,0,0,0,1,2208试验口径,"[{""purpose_scope"":""2208试验口径"",""source_record_ids"":""old-23-Word97--0-37"",""source_observation_date_upper"":""2019-03-13"",""source_file"":""原件/免征目录/mf_batch23.docx"",""source_sha256"":""87f838de0da3ba5887f77b2bf5c1dbf5b427e7cef896309a7084c11dd8f5efa0"",""firm_route_basis"":""原记录firm_raw""}]",0,按来源/日期/配置版本分别答复；同型号合并附件不等于同配置或逐车资格认证
江西江铃集团新能源汽车有限公司,JX7001EUCBEV,0,0,0,0,1,2208试验口径,"[{""purpose_scope"":""2208试验口径"",""source_record_ids"":""old-32-Word97--0-40"",""source_observation_date_upper"":""2020-06-02"",""source_file"":""原件/免征目录/mf_batch32.doc"",""source_sha256"":""ad7c65b4831a05b7c70e1e73fe834aa9beed883c66f898e799fcbbeb43cc3d75"",""firm_route_basis"":""原记录firm_raw""}]",0,按来源/日期/配置版本分别答复；同型号合并附件不等于同配置或逐车资格认证
江西江铃集团新能源汽车有限公司,JX7001EUDBEV,0,0,0,0,1,2208试验口径,"[{""purpose_scope"":""2208试验口径"",""source_record_ids"":""old-32-Word97--0-41"",""source_observation_date_upper"":""2020-06-02"",""source_file"":""原件/免征目录/mf_batch32.doc"",""source_sha256"":""ad7c65b4831a05b7c70e1e73fe834aa9beed883c66f898e799fcbbeb43cc3d75"",""firm_route_basis"":""原件企业合并格/上下文候选；非登记实体认证""}]",0,按来源/日期/配置版本分别答复；同型号合并附件不等于同配置或逐车资格认证
江西江铃集团新能源汽车有限公司,JX7002ESCBEV,0,0,0,0,1,2208试验口径,"[{""purpose_scope"":""2208试验口径"",""source_record_ids"":""old-21-DOCX--0-15"",""source_observation_date_upper"":""2018-11-06"",""source_file"":""原件/免征目录/mf_batch21.docx"",""source_sha256"":""cd981cecffd781db646c194ab2c853b0466cc86eea0f616e95300b88932b8d9b"",""firm_route_basis"":""原记录firm_raw""}]",0,按来源/日期/配置版本分别答复；同型号合并附件不等于同配置或逐车资格认证
江西江铃集团新能源汽车有限公司,JX7002ESDBEV,0,0,0,0,1,2208试验口径,"[{""purpose_scope"":""2208试验口径"",""source_record_ids"":""old-25-Word97--0-32"",""source_observation_date_upper"":""2019-06-12"",""source_file"":""原件/免征目录/mf_batch25.wps"",""source_sha256"":""9d2abe319463522513fe9c90f98bb8d0a825b599267d0b3cc403cec9624b3297"",""firm_route_basis"":""原记录firm_raw""}]",0,按来源/日期/配置版本分别答复；同型号合并附件不等于同配置或逐车资格认证
江西江铃集团新能源汽车有限公司,JX7002ESFBEV,0,0,0,0,1,2208试验口径,"[{""purpose_scope"":""2208试验口径"",""source_record_ids"":""old-26-DOCX--0-22"",""source_observation_date_upper"":""2019-08-30"",""source_file"":""原件/免征目录/mf_batch26.docx"",""source_sha256"":""de0890335ef3a4f1302a8a0735ec8b6aed52e994e2635db481820060d62248b5"",""firm_route_basis"":""原件企业合并格/上下文候选；非登记实体认证""}]",0,按来源/日期/配置版本分别答复；同型号合并附件不等于同配置或逐车资格认证
江西江铃集团新能源汽车有限公司,JX7003ESABEV,0,0,0,0,1,2208试验口径,"[{""purpose_scope"":""2208试验口径"",""source_record_ids"":""old-21-DOCX--0-16"",""source_observation_date_upper"":""2018-11-06"",""source_file"":""原件/免征目录/mf_batch21.docx"",""source_sha256"":""cd981cecffd781db646c194ab2c853b0466cc86eea0f616e95300b88932b8d9b"",""firm_route_basis"":""原件企业合并格/上下文候选；非登记实体认证""}]",0,按来源/日期/配置版本分别答复；同型号合并附件不等于同配置或逐车资格认证
江西江铃集团新能源汽车有限公司,JX7004ESABEV,0,0,0,0,1,2208试验口径,"[{""purpose_scope"":""2208试验口径"",""source_record_ids"":""old-54-Word97--0-22"",""source_observation_date_upper"":""2022-05-12"",""source_file"":""原件/免征目录/mf_batch54.doc"",""source_sha256"":""e4ce106fc0fb21bc61cac40ff0de97e60dff2d18b5b7d24c494bb74873312fd7"",""firm_route_basis"":""原记录firm_raw""}]",0,按来源/日期/配置版本分别答复；同型号合并附件不等于同配置或逐车资格认证
江西江铃集团新能源汽车有限公司,JX7004ESBBEV,0,0,0,1,1,92逐车资格;2208试验口径,"[{""purpose_scope"":""92逐车资格"",""source_record_ids"":""new-05-cell-4789;new-06-cell-5389"",""source_observation_date_upper"":""2024-05-20"",""source_file"":""原件/减免目录/cat_batch5.doc"",""source_sha256"":""be8c8373f926e8b033304f06a62d92b0f0fc066accc6841864c3fd414bc506ab"",""firm_route_basis"":""原记录firm_raw""},{""purpose_scope"":""2208试验口径"",""source_record_ids"":""old-65-Word97--0-45"",""source_observation_date_upper"":""2023-05-09"",""source_file"":""原件/免征目录/mf_batch65.doc"",""source_sha256"":""06a6a578a9a60516a845bc92deac49954438a789e9e4a7cf3cd140f256d9b13d"",""firm_route_basis"":""原件企业合并格/上下文候选；非登记实体认证""}]",0,按来源/日期/配置版本分别答复；同型号合并附件不等于同配置或逐车资格认证
江西江铃集团晶马汽车有限公司,JMV6550QRBEV,0,0,0,1,1,92逐车资格;2208试验口径,"[{""purpose_scope"":""92逐车资格"",""source_record_ids"":""new-06-cell-5581"",""source_observation_date_upper"":""2024-05-31"",""source_file"":""原件/减免目录/cat_batch6.doc"",""source_sha256"":""8017fdbcfa01dc3f5d2bd65fe4a06f5212edd78d39fee33fd47f6a2823eedcf7"",""firm_route_basis"":""原记录firm_raw""},{""purpose_scope"":""2208试验口径"",""source_record_ids"":""old-69-Word97--0-41"",""source_observation_date_upper"":""2023-09-14"",""source_file"":""原件/免征目录/mf_batch69.doc"",""source_sha256"":""357d61a16c94488c9fdd761f393edb7029b05394ab06117abaebcba1a1e45546"",""firm_route_basis"":""原记录firm_raw""}]",0,按来源/日期/配置版本分别答复；同型号合并附件不等于同配置或逐车资格认证
江铃控股有限公司,JX6470UBEV,0,0,0,0,1,2208试验口径,"[{""purpose_scope"":""2208试验口径"",""source_record_ids"":""old-25-Word97--0-18"",""source_observation_date_upper"":""2019-06-12"",""source_file"":""原件/免征目录/mf_batch25.wps"",""source_sha256"":""9d2abe319463522513fe9c90f98bb8d0a825b599267d0b3cc403cec9624b3297"",""firm_route_basis"":""原记录firm_raw""}]",0,按来源/日期/配置版本分别答复；同型号合并附件不等于同配置或逐车资格认证
江铃控股有限公司,JX6471UBEV,0,0,0,0,1,2208试验口径,"[{""purpose_scope"":""2208试验口径"",""source_record_ids"":""old-32-Word97--0-32"",""source_observation_date_upper"":""2020-06-02"",""source_file"":""原件/免征目录/mf_batch32.doc"",""source_sha256"":""ad7c65b4831a05b7c70e1e73fe834aa9beed883c66f898e799fcbbeb43cc3d75"",""firm_route_basis"":""原记录firm_raw""}]",0,按来源/日期/配置版本分别答复；同型号合并附件不等于同配置或逐车资格认证
江铃控股有限公司,JX6472UBEV,0,0,0,0,1,2208试验口径,"[{""purpose_scope"":""2208试验口径"",""source_record_ids"":""old-41-Word97--0-15"",""source_observation_date_upper"":""2021-03-31"",""source_file"":""原件/免征目录/mf_batch41.doc"",""source_sha256"":""ba4634c0877ebf99f8e462013e4a07e40f57478a4aaf921801a6c85a49c42b7f"",""firm_route_basis"":""原记录firm_raw""}]",0,按来源/日期/配置版本分别答复；同型号合并附件不等于同配置或逐车资格认证
江铃控股有限公司,JX6473UBEV,0,0,0,0,1,2208试验口径,"[{""purpose_scope"":""2208试验口径"",""source_record_ids"":""old-32-Word97--0-33"",""source_observation_date_upper"":""2020-06-02"",""source_file"":""原件/免征目录/mf_batch32.doc"",""source_sha256"":""ad7c65b4831a05b7c70e1e73fe834aa9beed883c66f898e799fcbbeb43cc3d75"",""firm_route_basis"":""原件企业合并格/上下文候选；非登记实体认证""}]",0,按来源/日期/配置版本分别答复；同型号合并附件不等于同配置或逐车资格认证
江铃控股有限公司,JX70010BEV,0,0,0,0,1,2208试验口径,"[{""purpose_scope"":""2208试验口径"",""source_record_ids"":""old-07-PDF-grid-1-0-14"",""source_observation_date_upper"":""2016-04-15"",""source_file"":""原件/免征目录/mf_batch07.pdf"",""source_sha256"":""ad8e7f0576c7261a718e5a561358462b598d617361c6f02d7a14fb2038b758b0"",""firm_route_basis"":""原记录firm_raw""}]",0,按来源/日期/配置版本分别答复；同型号合并附件不等于同配置或逐车资格认证
江铃控股有限公司,JX70011BEV,0,0,0,0,1,2208试验口径,"[{""purpose_scope"":""2208试验口径"",""source_record_ids"":""old-10-PDF-grid-2-0-9"",""source_observation_date_upper"":""2017-04-27"",""source_file"":""原件/免征目录/mf_batch10.pdf"",""source_sha256"":""ac1b1ad2605b4f24762fb1f01cea64b685393577d01648618fa1882bb5700ac3"",""firm_route_basis"":""原件企业合并格/上下文候选；非登记实体认证""}]",0,按来源/日期/配置版本分别答复；同型号合并附件不等于同配置或逐车资格认证
江铃控股有限公司,JX70012BEV,0,0,0,0,1,2208试验口径,"[{""purpose_scope"":""2208试验口径"",""source_record_ids"":""old-10-PDF-grid-2-0-10"",""source_observation_date_upper"":""2017-04-27"",""source_file"":""原件/免征目录/mf_batch10.pdf"",""source_sha256"":""ac1b1ad2605b4f24762fb1f01cea64b685393577d01648618fa1882bb5700ac3"",""firm_route_basis"":""原件企业合并格/上下文候选；非登记实体认证""}]",0,按来源/日期/配置版本分别答复；同型号合并附件不等于同配置或逐车资格认证
江铃控股有限公司,JX70013BEV,0,0,0,0,1,2208试验口径,"[{""purpose_scope"":""2208试验口径"",""source_record_ids"":""old-10-PDF-grid-2-0-8"",""source_observation_date_upper"":""2017-04-27"",""source_file"":""原件/免征目录/mf_batch10.pdf"",""source_sha256"":""ac1b1ad2605b4f24762fb1f01cea64b685393577d01648618fa1882bb5700ac3"",""firm_route_basis"":""原记录firm_raw""}]",0,按来源/日期/配置版本分别答复；同型号合并附件不等于同配置或逐车资格认证
江铃控股有限公司,JX70014BEV,0,0,0,0,1,2208试验口径,"[{""purpose_scope"":""2208试验口径"",""source_record_ids"":""old-11-PDF-grid-1-0-21"",""source_observation_date_upper"":""2017-07-06"",""source_file"":""原件/免征目录/mf_batch11.pdf"",""source_sha256"":""ec4f33e5e872841e6d1fa5d435793c285a15614ef2e64f39b9013389b5e51724"",""firm_route_basis"":""原件企业合并格/上下文候选；非登记实体认证""}]",0,按来源/日期/配置版本分别答复；同型号合并附件不等于同配置或逐车资格认证
江铃控股有限公司,JX70015BEV,0,0,0,0,1,2208试验口径,"[{""purpose_scope"":""2208试验口径"",""source_record_ids"":""old-12-PDF-grid-2-0-2"",""source_observation_date_upper"":""2017-09-05"",""source_file"":""原件/免征目录/mf_batch12.pdf"",""source_sha256"":""afbd7133ccf901dbdc065b2ff80768450dc901def8d216cf5bb87baa98f7a1e2"",""firm_route_basis"":""原记录firm_raw""}]",0,按来源/日期/配置版本分别答复；同型号合并附件不等于同配置或逐车资格认证
江铃控股有限公司,JX70016BEV,0,0,0,0,1,2208试验口径,"[{""purpose_scope"":""2208试验口径"",""source_record_ids"":""old-11-PDF-grid-1-0-20"",""source_observation_date_upper"":""2017-07-06"",""source_file"":""原件/免征目录/mf_batch11.pdf"",""source_sha256"":""ec4f33e5e872841e6d1fa5d435793c285a15614ef2e64f39b9013389b5e51724"",""firm_route_basis"":""原记录firm_raw""}]",0,按来源/日期/配置版本分别答复；同型号合并附件不等于同配置或逐车资格认证
江铃控股有限公司,JX70019BEV,0,0,0,0,1,2208试验口径,"[{""purpose_scope"":""2208试验口径"",""source_record_ids"":""old-13-PDF-grid-2-0-5"",""source_observation_date_upper"":""2017-10-30"",""source_file"":""原件/免征目录/mf_batch13.pdf"",""source_sha256"":""e82c4f41c448edbb5269c95f2ff35d0c577f7ff0d12ff30b2d4c307a1aa31a6b"",""firm_route_basis"":""原件企业合并格/上下文候选；非登记实体认证""}]",0,按来源/日期/配置版本分别答复；同型号合并附件不等于同配置或逐车资格认证
江铃控股有限公司,JX70020BEV,0,0,0,0,1,2208试验口径,"[{""purpose_scope"":""2208试验口径"",""source_record_ids"":""old-12-PDF-grid-2-0-4"",""source_observation_date_upper"":""2017-09-05"",""source_file"":""原件/免征目录/mf_batch12.pdf"",""source_sha256"":""afbd7133ccf901dbdc065b2ff80768450dc901def8d216cf5bb87baa98f7a1e2"",""firm_route_basis"":""原件企业合并格/上下文候选；非登记实体认证""}]",0,按来源/日期/配置版本分别答复；同型号合并附件不等于同配置或逐车资格认证
江铃控股有限公司,JX70021BEV,0,0,0,0,1,2208试验口径,"[{""purpose_scope"":""2208试验口径"",""source_record_ids"":""old-12-PDF-grid-2-0-3"",""source_observation_date_upper"":""2017-09-05"",""source_file"":""原件/免征目录/mf_batch12.pdf"",""source_sha256"":""afbd7133ccf901dbdc065b2ff80768450dc901def8d216cf5bb87baa98f7a1e2"",""firm_route_basis"":""原件企业合并格/上下文候选；非登记实体认证""}]",0,按来源/日期/配置版本分别答复；同型号合并附件不等于同配置或逐车资格认证
江铃控股有限公司,JX70022BEV,0,0,0,0,1,2208试验口径,"[{""purpose_scope"":""2208试验口径"",""source_record_ids"":""old-13-PDF-grid-2-0-6"",""source_observation_date_upper"":""2017-10-30"",""source_file"":""原件/免征目录/mf_batch13.pdf"",""source_sha256"":""e82c4f41c448edbb5269c95f2ff35d0c577f7ff0d12ff30b2d4c307a1aa31a6b"",""firm_route_basis"":""原件企业合并格/上下文候选；非登记实体认证""}]",0,按来源/日期/配置版本分别答复；同型号合并附件不等于同配置或逐车资格认证
江铃控股有限公司,JX70023BEV,0,0,0,0,1,2208试验口径,"[{""purpose_scope"":""2208试验口径"",""source_record_ids"":""old-13-PDF-grid-2-0-4"",""source_observation_date_upper"":""2017-10-30"",""source_file"":""原件/免征目录/mf_batch13.pdf"",""source_sha256"":""e82c4f41c448edbb5269c95f2ff35d0c577f7ff0d12ff30b2d4c307a1aa31a6b"",""firm_route_basis"":""原记录firm_raw""}]",0,按来源/日期/配置版本分别答复；同型号合并附件不等于同配置或逐车资格认证
江铃控股有限公司,JX70025BEV,0,0,0,0,1,2208试验口径,"[{""purpose_scope"":""2208试验口径"",""source_record_ids"":""old-16-Word97--0-28"",""source_observation_date_upper"":""2018-02-13"",""source_file"":""原件/免征目录/mf_batch16.docx"",""source_sha256"":""9db5ace6c1c59bd9636d48636f94fa77d2b6e0aa27b109421690ce6a8c4a3967"",""firm_route_basis"":""原件企业合并格/上下文候选；非登记实体认证""}]",0,按来源/日期/配置版本分别答复；同型号合并附件不等于同配置或逐车资格认证
江铃控股有限公司,JX70026BEV,0,0,0,0,1,2208试验口径,"[{""purpose_scope"":""2208试验口径"",""source_record_ids"":""old-16-Word97--0-26"",""source_observation_date_upper"":""2018-02-13"",""source_file"":""原件/免征目录/mf_batch16.docx"",""source_sha256"":""9db5ace6c1c59bd9636d48636f94fa77d2b6e0aa27b109421690ce6a8c4a3967"",""firm_route_basis"":""原件企业合并格/上下文候选；非登记实体认证""}]",0,按来源/日期/配置版本分别答复；同型号合并附件不等于同配置或逐车资格认证
江铃控股有限公司,JX70027BEV,0,0,0,0,1,2208试验口径,"[{""purpose_scope"":""2208试验口径"",""source_record_ids"":""old-16-Word97--0-27"",""source_observation_date_upper"":""2018-02-13"",""source_file"":""原件/免征目录/mf_batch16.docx"",""source_sha256"":""9db5ace6c1c59bd9636d48636f94fa77d2b6e0aa27b109421690ce6a8c4a3967"",""firm_route_basis"":""原件企业合并格/上下文候选；非登记实体认证""}]",0,按来源/日期/配置版本分别答复；同型号合并附件不等于同配置或逐车资格认证
江铃控股有限公司,JX70028BEV,0,0,0,0,1,2208试验口径,"[{""purpose_scope"":""2208试验口径"",""source_record_ids"":""old-16-Word97--0-29"",""source_observation_date_upper"":""2018-02-13"",""source_file"":""原件/免征目录/mf_batch16.docx"",""source_sha256"":""9db5ace6c1c59bd9636d48636f94fa77d2b6e0aa27b109421690ce6a8c4a3967"",""firm_route_basis"":""原件企业合并格/上下文候选；非登记实体认证""}]",0,按来源/日期/配置版本分别答复；同型号合并附件不等于同配置或逐车资格认证
江铃控股有限公司,JX70029BEV,0,0,0,0,1,2208试验口径,"[{""purpose_scope"":""2208试验口径"",""source_record_ids"":""old-16-Word97--0-25"",""source_observation_date_upper"":""2018-02-13"",""source_file"":""原件/免征目录/mf_batch16.docx"",""source_sha256"":""9db5ace6c1c59bd9636d48636f94fa77d2b6e0aa27b109421690ce6a8c4a3967"",""firm_route_basis"":""原记录firm_raw""}]",0,按来源/日期/配置版本分别答复；同型号合并附件不等于同配置或逐车资格认证
江铃控股有限公司,JX70031BEV,0,0,0,0,1,2208试验口径,"[{""purpose_scope"":""2208试验口径"",""source_record_ids"":""old-17-PDF-grid-2-0-10"",""source_observation_date_upper"":""2018-04-16"",""source_file"":""原件/免征目录/mf_batch17.pdf"",""source_sha256"":""577a4ba9c586fe08565f6a60e6de5474698031566d8dcef484cd44335879e334"",""firm_route_basis"":""原记录firm_raw""}]",0,按来源/日期/配置版本分别答复；同型号合并附件不等于同配置或逐车资格认证
江铃控股有限公司,JX70032BEV,0,0,0,0,1,2208试验口径,"[{""purpose_scope"":""2208试验口径"",""source_record_ids"":""old-17-PDF-grid-2-0-11"",""source_observation_date_upper"":""2018-04-16"",""source_file"":""原件/免征目录/mf_batch17.pdf"",""source_sha256"":""577a4ba9c586fe08565f6a60e6de5474698031566d8dcef484cd44335879e334"",""firm_route_basis"":""原件企业合并格/上下文候选；非登记实体认证""}]",0,按来源/日期/配置版本分别答复；同型号合并附件不等于同配置或逐车资格认证
江铃控股有限公司,JX70033BEV,0,0,0,0,1,2208试验口径,"[{""purpose_scope"":""2208试验口径"",""source_record_ids"":""old-18-Word97--0-59"",""source_observation_date_upper"":""2018-06-19"",""source_file"":""原件/免征目录/mf_batch18.doc"",""source_sha256"":""43f5426f7f80996ee11a894710d7229c743abf7ad69ba239f61075e0a9ddd37a"",""firm_route_basis"":""原件企业合并格/上下文候选；非登记实体认证""}]",0,按来源/日期/配置版本分别答复；同型号合并附件不等于同配置或逐车资格认证
江铃控股有限公司,JX70034BEV,0,0,0,0,1,2208试验口径,"[{""purpose_scope"":""2208试验口径"",""source_record_ids"":""old-18-Word97--0-60"",""source_observation_date_upper"":""2018-06-19"",""source_file"":""原件/免征目录/mf_batch18.doc"",""source_sha256"":""43f5426f7f80996ee11a894710d7229c743abf7ad69ba239f61075e0a9ddd37a"",""firm_route_basis"":""原件企业合并格/上下文候选；非登记实体认证""}]",0,按来源/日期/配置版本分别答复；同型号合并附件不等于同配置或逐车资格认证
江铃控股有限公司,JX70035BEV,0,0,0,0,1,2208试验口径,"[{""purpose_scope"":""2208试验口径"",""source_record_ids"":""old-18-Word97--0-61"",""source_observation_date_upper"":""2018-06-19"",""source_file"":""原件/免征目录/mf_batch18.doc"",""source_sha256"":""43f5426f7f80996ee11a894710d7229c743abf7ad69ba239f61075e0a9ddd37a"",""firm_route_basis"":""原件企业合并格/上下文候选；非登记实体认证""}]",0,按来源/日期/配置版本分别答复；同型号合并附件不等于同配置或逐车资格认证
江铃控股有限公司,JX70036BEV,0,0,0,0,1,2208试验口径,"[{""purpose_scope"":""2208试验口径"",""source_record_ids"":""old-20-DOCX--0-25"",""source_observation_date_upper"":""2018-09-19"",""source_file"":""原件/免征目录/mf_batch20.docx"",""source_sha256"":""374d3f87551d75d1c163e76abb38f350ea93f8a2b8cad6174568c307d1cc0130"",""firm_route_basis"":""原记录firm_raw""}]",0,按来源/日期/配置版本分别答复；同型号合并附件不等于同配置或逐车资格认证
江铃控股有限公司,JX70038BEV,0,0,0,0,1,2208试验口径,"[{""purpose_scope"":""2208试验口径"",""source_record_ids"":""old-20-DOCX--0-26"",""source_observation_date_upper"":""2018-09-19"",""source_file"":""原件/免征目录/mf_batch20.docx"",""source_sha256"":""374d3f87551d75d1c163e76abb38f350ea93f8a2b8cad6174568c307d1cc0130"",""firm_route_basis"":""原件企业合并格/上下文候选；非登记实体认证""}]",0,按来源/日期/配置版本分别答复；同型号合并附件不等于同配置或逐车资格认证
江铃控股有限公司,JX7004BEV,0,0,0,0,1,2208试验口径,"[{""purpose_scope"":""2208试验口径"",""source_record_ids"":""old-04-PDF-grid-1-0-13"",""source_observation_date_upper"":""2015-05-08"",""source_file"":""原件/免征目录/mf_batch04.pdf"",""source_sha256"":""7539cd299efb49a366656a4da32393075bcb03a5e10ea54e975f82f6099d9c81"",""firm_route_basis"":""原记录firm_raw""}]",0,按来源/日期/配置版本分别答复；同型号合并附件不等于同配置或逐车资格认证
江铃控股有限公司,JX7005BEV,0,0,0,0,1,2208试验口径,"[{""purpose_scope"":""2208试验口径"",""source_record_ids"":""old-06-PDF-grid-1-0-21"",""source_observation_date_upper"":""2015-11-25"",""source_file"":""原件/免征目录/mf_batch06.pdf"",""source_sha256"":""df226dc3953484911afdd265072593abc08c9f66d52a1df7492e215ce15c9b54"",""firm_route_basis"":""原件企业合并格/上下文候选；非登记实体认证""}]",0,按来源/日期/配置版本分别答复；同型号合并附件不等于同配置或逐车资格认证
江铃控股有限公司,JX7006BEV,0,0,0,0,1,2208试验口径,"[{""purpose_scope"":""2208试验口径"",""source_record_ids"":""old-06-PDF-grid-1-0-20"",""source_observation_date_upper"":""2015-11-25"",""source_file"":""原件/免征目录/mf_batch06.pdf"",""source_sha256"":""df226dc3953484911afdd265072593abc08c9f66d52a1df7492e215ce15c9b54"",""firm_route_basis"":""原记录firm_raw""}]",0,按来源/日期/配置版本分别答复；同型号合并附件不等于同配置或逐车资格认证
江铃控股有限公司,JX7008BEV,0,0,0,0,1,2208试验口径,"[{""purpose_scope"":""2208试验口径"",""source_record_ids"":""old-07-PDF-grid-1-0-16"",""source_observation_date_upper"":""2016-04-15"",""source_file"":""原件/免征目录/mf_batch07.pdf"",""source_sha256"":""ad8e7f0576c7261a718e5a561358462b598d617361c6f02d7a14fb2038b758b0"",""firm_route_basis"":""原件企业合并格/上下文候选；非登记实体认证""}]",0,按来源/日期/配置版本分别答复；同型号合并附件不等于同配置或逐车资格认证
江铃汽车股份有限公司,JX6462P5BEV,0,0,0,0,1,2208试验口径,"[{""purpose_scope"":""2208试验口径"",""source_record_ids"":""old-30-Word97--0-59"",""source_observation_date_upper"":""2020-03-13"",""source_file"":""原件/免征目录/mf_batch30.doc"",""source_sha256"":""e7fa3b47858ec2035b8055bc15be00b2b26920a5e8d3cad481058a80b92ead24"",""firm_route_basis"":""原记录firm_raw""}]",0,按来源/日期/配置版本分别答复；同型号合并附件不等于同配置或逐车资格认证
江铃汽车股份有限公司,JX6462PE5BEV,0,0,0,0,1,2208试验口径,"[{""purpose_scope"":""2208试验口径"",""source_record_ids"":""old-25-Word97--0-82"",""source_observation_date_upper"":""2019-06-12"",""source_file"":""原件/免征目录/mf_batch25.wps"",""source_sha256"":""9d2abe319463522513fe9c90f98bb8d0a825b599267d0b3cc403cec9624b3297"",""firm_route_basis"":""原记录firm_raw""}]",0,按来源/日期/配置版本分别答复；同型号合并附件不等于同配置或逐车资格认证
江铃汽车股份有限公司,JX6490T-M5BEV,0,0,0,0,1,2208试验口径,"[{""purpose_scope"":""2208试验口径"",""source_record_ids"":""old-39-Word97--0-11"",""source_observation_date_upper"":""2021-01-29"",""source_file"":""原件/免征目录/mf_batch39.doc"",""source_sha256"":""48158862f567d71b07ac0a7a60c2c3bc6d2bb44dd5a86290b0b809d757a9eb07"",""firm_route_basis"":""原记录firm_raw""}]",0,按来源/日期/配置版本分别答复；同型号合并附件不等于同配置或逐车资格认证
江铃汽车股份有限公司,JX6510PA5BEV,0,0,0,0,1,2208试验口径,"[{""purpose_scope"":""2208试验口径"",""source_record_ids"":""old-52-Word97--0-17"",""source_observation_date_upper"":""2022-03-08"",""source_file"":""原件/免征目录/mf_batch52.doc"",""source_sha256"":""650a1430fd7c9a9139970f857a0382498bfd368fe64a95f24c17ca3f49dfa3cc"",""firm_route_basis"":""原记录firm_raw""}]",0,按来源/日期/配置版本分别答复；同型号合并附件不等于同配置或逐车资格认证
江铃汽车股份有限公司,JX6526TA-L6BEV,0,0,0,1,0,92逐车资格,"[{""purpose_scope"":""92逐车资格"",""source_record_ids"":""new-06-cell-5569"",""source_observation_date_upper"":""2024-05-31"",""source_file"":""原件/减免目录/cat_batch6.doc"",""source_sha256"":""8017fdbcfa01dc3f5d2bd65fe4a06f5212edd78d39fee33fd47f6a2823eedcf7"",""firm_route_basis"":""原记录firm_raw""}]",0,按来源/日期/配置版本分别答复；同型号合并附件不等于同配置或逐车资格认证
江铃汽车股份有限公司,JX6540PD5BEV,0,0,0,0,1,2208试验口径,"[{""purpose_scope"":""2208试验口径"",""source_record_ids"":""old-21-DOCX--0-14"",""source_observation_date_upper"":""2018-11-06"",""source_file"":""原件/免征目录/mf_batch21.docx"",""source_sha256"":""cd981cecffd781db646c194ab2c853b0466cc86eea0f616e95300b88932b8d9b"",""firm_route_basis"":""原记录firm_raw""}]",0,按来源/日期/配置版本分别答复；同型号合并附件不等于同配置或逐车资格认证
江铃汽车股份有限公司,JX6540PF5BEV,0,0,0,0,1,2208试验口径,"[{""purpose_scope"":""2208试验口径"",""source_record_ids"":""old-42-Word97--0-20"",""source_observation_date_upper"":""2021-04-30"",""source_file"":""原件/免征目录/mf_batch42.doc"",""source_sha256"":""fef4fd8ea19d773d368642e51a4bdb24c148530251a2240be4ff1358d5d41fab"",""firm_route_basis"":""原记录firm_raw""}]",0,按来源/日期/配置版本分别答复；同型号合并附件不等于同配置或逐车资格认证
江铃汽车股份有限公司,JX6550T-M5BEV,1,0,0,0,0,JX原空能量,"[{""purpose_scope"":""JX原空能量"",""source_record_ids"":""old-48-Word97--0-20"",""source_observation_date_upper"":""2021-11-05"",""source_file"":""原件/免征目录/mf_batch48.doc"",""source_sha256"":""ee5aa19736215cfcb3b76ffff90bcd0d9108c61758ccb756f7d4ad17e75a835c"",""firm_route_basis"":""原记录firm_raw""}]",0,按来源/日期/配置版本分别答复；同型号合并附件不等于同配置或逐车资格认证
江铃汽车股份有限公司,JX6550TA-M5BEV,0,0,0,0,1,2208试验口径,"[{""purpose_scope"":""2208试验口径"",""source_record_ids"":""old-59-Word97--0-53"",""source_observation_date_upper"":""2022-10-10"",""source_file"":""原件/免征目录/mf_batch59.doc"",""source_sha256"":""32738e2df847e0c74ff96d48b8a13e1dd9c31aee84b7c0a633e2d9c8a3e01f86"",""firm_route_basis"":""原记录firm_raw""}]",0,按来源/日期/配置版本分别答复；同型号合并附件不等于同配置或逐车资格认证
江铃汽车股份有限公司,JX6556T-M6BEV,0,0,0,1,1,92逐车资格;2208试验口径,"[{""purpose_scope"":""92逐车资格"",""source_record_ids"":""new-04-cell-3500;new-06-cell-5017"",""source_observation_date_upper"":""2024-04-15"",""source_file"":""原件/减免目录/cat_batch4.doc"",""source_sha256"":""e6d4f6d7e11833351bf9e247aa8032273ad029b83385189b0ffebd81d10b8ce6"",""firm_route_basis"":""原件企业合并格/上下文候选；非登记实体认证""},{""purpose_scope"":""2208试验口径"",""source_record_ids"":""old-67-Word97--0-15"",""source_observation_date_upper"":""2023-07-17"",""source_file"":""原件/免征目录/mf_batch67.doc"",""source_sha256"":""963a02fcc1f361414f4f003c6d63e00b178d0b962134ed2206c38978f3118101"",""firm_route_basis"":""原记录firm_raw""}]",0,按来源/日期/配置版本分别答复；同型号合并附件不等于同配置或逐车资格认证
江铃汽车股份有限公司,JX6556TA-M6BEV,0,0,0,1,1,92逐车资格;2208试验口径,"[{""purpose_scope"":""92逐车资格"",""source_record_ids"":""new-03-cell-343;new-06-cell-4633"",""source_observation_date_upper"":""2024-03-11"",""source_file"":""原件/减免目录/cat_batch3.doc"",""source_sha256"":""338c1551d098659125f729d8b63eb48134ce5dfcfd36362a2aacb04a112e87b8"",""firm_route_basis"":""原记录firm_raw""},{""purpose_scope"":""2208试验口径"",""source_record_ids"":""old-68-Word97--0-19"",""source_observation_date_upper"":""2023-08-16"",""source_file"":""原件/免征目录/mf_batch68.doc"",""source_sha256"":""58113d08377020d08de0aeb0e08ff63c4a4411dbe35ad69cfdd6f82fdf0fcc77"",""firm_route_basis"":""原件企业合并格/上下文候选；非登记实体认证""}]",0,按来源/日期/配置版本分别答复；同型号合并附件不等于同配置或逐车资格认证
江铃汽车股份有限公司,JX6556TB-M6BEV,0,0,0,1,1,92逐车资格;2208试验口径,"[{""purpose_scope"":""92逐车资格"",""source_record_ids"":""new-04-cell-3478;new-06-cell-4993"",""source_observation_date_upper"":""2024-04-15"",""source_file"":""原件/减免目录/cat_batch4.doc"",""source_sha256"":""e6d4f6d7e11833351bf9e247aa8032273ad029b83385189b0ffebd81d10b8ce6"",""firm_route_basis"":""原记录firm_raw""},{""purpose_scope"":""2208试验口径"",""source_record_ids"":""old-66-Word97--0-14"",""source_observation_date_upper"":""2023-06-08"",""source_file"":""原件/免征目录/mf_batch66.doc"",""source_sha256"":""05a5fce42de1c5412803fe6a7bb46d04c4d61cb71dc5d88a9b59a3e884350544"",""firm_route_basis"":""原记录firm_raw""}]",0,按来源/日期/配置版本分别答复；同型号合并附件不等于同配置或逐车资格认证
江铃汽车股份有限公司,JX6556TC-M6BEV,0,0,0,1,1,92逐车资格;2208试验口径,"[{""purpose_scope"":""92逐车资格"",""source_record_ids"":""new-04-cell-3489;new-06-cell-5005"",""source_observation_date_upper"":""2024-04-15"",""source_file"":""原件/减免目录/cat_batch4.doc"",""source_sha256"":""e6d4f6d7e11833351bf9e247aa8032273ad029b83385189b0ffebd81d10b8ce6"",""firm_route_basis"":""原件企业合并格/上下文候选；非登记实体认证""},{""purpose_scope"":""2208试验口径"",""source_record_ids"":""old-68-Word97--0-20"",""source_observation_date_upper"":""2023-08-16"",""source_file"":""原件/免征目录/mf_batch68.doc"",""source_sha256"":""58113d08377020d08de0aeb0e08ff63c4a4411dbe35ad69cfdd6f82fdf0fcc77"",""firm_route_basis"":""原件企业合并格/上下文候选；非登记实体认证""}]",0,按来源/日期/配置版本分别答复；同型号合并附件不等于同配置或逐车资格认证
江铃汽车股份有限公司,JX6570T-M5BEV,0,0,0,0,1,2208试验口径,"[{""purpose_scope"":""2208试验口径"",""source_record_ids"":""old-40-Word97-correction--8-2"",""source_observation_date_upper"":""2021-03-08"",""source_file"":""原件/免征目录/mf_batch40.doc"",""source_sha256"":""93047c8e87a1f45948933ee36d00160788032370ecf11b551624e0ca45ecc1d1"",""firm_route_basis"":""原记录firm_raw""}]",0,按来源/日期/配置版本分别答复；同型号合并附件不等于同配置或逐车资格认证
河北中兴汽车制造有限公司,BQ6460NBEV,0,0,0,0,1,2208试验口径,"[{""purpose_scope"":""2208试验口径"",""source_record_ids"":""old-33-Word97--0-13"",""source_observation_date_upper"":""2020-07-21"",""source_file"":""原件/免征目录/mf_batch33.doc"",""source_sha256"":""ff98fbb1708c47cdcfc1e79e7a1647e72a7ae6d4255dce3b250d661001340c09"",""firm_route_basis"":""原记录firm_raw""}]",0,按来源/日期/配置版本分别答复；同型号合并附件不等于同配置或逐车资格认证
河北中兴汽车制造有限公司,BQ6460NYBEV,0,0,0,0,1,2208试验口径,"[{""purpose_scope"":""2208试验口径"",""source_record_ids"":""old-34-Word97--0-20"",""source_observation_date_upper"":""2020-08-24"",""source_file"":""原件/免征目录/mf_batch34.doc"",""source_sha256"":""d5c5bb03cc5fe0f16b284048e265ad35d62c12c0416f14aef0ce026a229aa831"",""firm_route_basis"":""原记录firm_raw""}]",0,按来源/日期/配置版本分别答复；同型号合并附件不等于同配置或逐车资格认证
河北御捷车业有限公司,YGM6351BEV,0,0,0,0,1,2208试验口径,"[{""purpose_scope"":""2208试验口径"",""source_record_ids"":""old-12-PDF-grid-1-0-17"",""source_observation_date_upper"":""2017-09-05"",""source_file"":""原件/免征目录/mf_batch12.pdf"",""source_sha256"":""afbd7133ccf901dbdc065b2ff80768450dc901def8d216cf5bb87baa98f7a1e2"",""firm_route_basis"":""原件企业合并格/上下文候选；非登记实体认证""}]",0,按来源/日期/配置版本分别答复；同型号合并附件不等于同配置或逐车资格认证
河北御捷车业有限公司,YGM6352BEV,0,0,0,0,1,2208试验口径,"[{""purpose_scope"":""2208试验口径"",""source_record_ids"":""old-12-PDF-grid-1-0-19"",""source_observation_date_upper"":""2017-09-05"",""source_file"":""原件/免征目录/mf_batch12.pdf"",""source_sha256"":""afbd7133ccf901dbdc065b2ff80768450dc901def8d216cf5bb87baa98f7a1e2"",""firm_route_basis"":""原件企业合并格/上下文候选；非登记实体认证""}]",0,按来源/日期/配置版本分别答复；同型号合并附件不等于同配置或逐车资格认证
河北御捷车业有限公司,YGM6371BEV,0,0,0,0,1,2208试验口径,"[{""purpose_scope"":""2208试验口径"",""source_record_ids"":""old-12-PDF-grid-1-0-16"",""source_observation_date_upper"":""2017-09-05"",""source_file"":""原件/免征目录/mf_batch12.pdf"",""source_sha256"":""afbd7133ccf901dbdc065b2ff80768450dc901def8d216cf5bb87baa98f7a1e2"",""firm_route_basis"":""原记录firm_raw""}]",0,按来源/日期/配置版本分别答复；同型号合并附件不等于同配置或逐车资格认证
河北御捷车业有限公司,YGM6372BEV,0,0,0,0,1,2208试验口径,"[{""purpose_scope"":""2208试验口径"",""source_record_ids"":""old-12-PDF-grid-1-0-18"",""source_observation_date_upper"":""2017-09-05"",""source_file"":""原件/免征目录/mf_batch12.pdf"",""source_sha256"":""afbd7133ccf901dbdc065b2ff80768450dc901def8d216cf5bb87baa98f7a1e2"",""firm_route_basis"":""原件企业合并格/上下文候选；非登记实体认证""}]",0,按来源/日期/配置版本分别答复；同型号合并附件不等于同配置或逐车资格认证
河北御捷车业有限公司,YGM7000BEV,0,0,0,0,1,2208试验口径,"[{""purpose_scope"":""2208试验口径"",""source_record_ids"":""old-13-PDF-grid-1-0-16"",""source_observation_date_upper"":""2017-10-30"",""source_file"":""原件/免征目录/mf_batch13.pdf"",""source_sha256"":""e82c4f41c448edbb5269c95f2ff35d0c577f7ff0d12ff30b2d4c307a1aa31a6b"",""firm_route_basis"":""原记录firm_raw""}]",0,按来源/日期/配置版本分别答复；同型号合并附件不等于同配置或逐车资格认证
河北御捷车业有限公司,YGM7000BEVA0,0,0,0,0,1,2208试验口径,"[{""purpose_scope"":""2208试验口径"",""source_record_ids"":""old-14-Word97--0-16"",""source_observation_date_upper"":""2017-12-05"",""source_file"":""原件/免征目录/mf_batch14.docx"",""source_sha256"":""6a48764b5ccb7c4ffa6f54daa44d3a42095b8a981fc982e774ddaaded41e9921"",""firm_route_basis"":""原记录firm_raw""}]",0,按来源/日期/配置版本分别答复；同型号合并附件不等于同配置或逐车资格认证
河北御捷车业有限公司,YGM7000BEVA4,0,0,0,0,1,2208试验口径,"[{""purpose_scope"":""2208试验口径"",""source_record_ids"":""old-18-Word97--0-63"",""source_observation_date_upper"":""2018-06-19"",""source_file"":""原件/免征目录/mf_batch18.doc"",""source_sha256"":""43f5426f7f80996ee11a894710d7229c743abf7ad69ba239f61075e0a9ddd37a"",""firm_route_basis"":""原记录firm_raw""}]",0,按来源/日期/配置版本分别答复；同型号合并附件不等于同配置或逐车资格认证
河北御捷车业有限公司,YGM7003BEV,0,0,0,0,1,2208试验口径,"[{""purpose_scope"":""2208试验口径"",""source_record_ids"":""old-13-PDF-grid-1-0-17"",""source_observation_date_upper"":""2017-10-30"",""source_file"":""原件/免征目录/mf_batch13.pdf"",""source_sha256"":""e82c4f41c448edbb5269c95f2ff35d0c577f7ff0d12ff30b2d4c307a1aa31a6b"",""firm_route_basis"":""原件企业合并格/上下文候选；非登记实体认证""}]",0,按来源/日期/配置版本分别答复；同型号合并附件不等于同配置或逐车资格认证
河北御捷车业有限公司,YGM7003BEVA1,0,0,0,0,1,2208试验口径,"[{""purpose_scope"":""2208试验口径"",""source_record_ids"":""old-17-PDF-grid-2-0-4"",""source_observation_date_upper"":""2018-04-16"",""source_file"":""原件/免征目录/mf_batch17.pdf"",""source_sha256"":""577a4ba9c586fe08565f6a60e6de5474698031566d8dcef484cd44335879e334"",""firm_route_basis"":""原件企业合并格/上下文候选；非登记实体认证""}]",0,按来源/日期/配置版本分别答复；同型号合并附件不等于同配置或逐车资格认证
河北御捷车业有限公司,YGM7003BEVA2,0,0,0,0,1,2208试验口径,"[{""purpose_scope"":""2208试验口径"",""source_record_ids"":""old-17-PDF-grid-2-0-5"",""source_observation_date_upper"":""2018-04-16"",""source_file"":""原件/免征目录/mf_batch17.pdf"",""source_sha256"":""577a4ba9c586fe08565f6a60e6de5474698031566d8dcef484cd44335879e334"",""firm_route_basis"":""原件企业合并格/上下文候选；非登记实体认证""}]",0,按来源/日期/配置版本分别答复；同型号合并附件不等于同配置或逐车资格认证
河北红星汽车制造有限公司,HX6306YBEV,0,0,0,0,1,2208试验口径,"[{""purpose_scope"":""2208试验口径"",""source_record_ids"":""old-08-PDF-grid-1-0-15"",""source_observation_date_upper"":""2016-06-16"",""source_file"":""原件/免征目录/mf_batch08.pdf"",""source_sha256"":""39b242717c026063c908426a890cd361f1165aa5729988d56303b2f8d5fb3b42"",""firm_route_basis"":""原记录firm_raw""}]",0,按来源/日期/配置版本分别答复；同型号合并附件不等于同配置或逐车资格认证
河北红星汽车制造有限公司,HX6307YBEV,0,0,0,0,1,2208试验口径,"[{""purpose_scope"":""2208试验口径"",""source_record_ids"":""old-12-PDF-grid-1-0-15"",""source_observation_date_upper"":""2017-09-05"",""source_file"":""原件/免征目录/mf_batch12.pdf"",""source_sha256"":""afbd7133ccf901dbdc065b2ff80768450dc901def8d216cf5bb87baa98f7a1e2"",""firm_route_basis"":""原记录firm_raw""}]",0,按来源/日期/配置版本分别答复；同型号合并附件不等于同配置或逐车资格认证
河北红星汽车制造有限公司,HX6340BBEV,0,0,0,0,1,2208试验口径,"[{""purpose_scope"":""2208试验口径"",""source_record_ids"":""old-18-Word97--0-11"",""source_observation_date_upper"":""2018-06-19"",""source_file"":""原件/免征目录/mf_batch18.doc"",""source_sha256"":""43f5426f7f80996ee11a894710d7229c743abf7ad69ba239f61075e0a9ddd37a"",""firm_route_basis"":""原记录firm_raw""}]",0,按来源/日期/配置版本分别答复；同型号合并附件不等于同配置或逐车资格认证
河北红星汽车制造有限公司,HX6340DBEV,0,0,0,0,1,2208试验口径,"[{""purpose_scope"":""2208试验口径"",""source_record_ids"":""old-20-DOCX--0-20"",""source_observation_date_upper"":""2018-09-19"",""source_file"":""原件/免征目录/mf_batch20.docx"",""source_sha256"":""374d3f87551d75d1c163e76abb38f350ea93f8a2b8cad6174568c307d1cc0130"",""firm_route_basis"":""原件企业合并格/上下文候选；非登记实体认证""}]",0,按来源/日期/配置版本分别答复；同型号合并附件不等于同配置或逐车资格认证
河北红星汽车制造有限公司,HX6401BEV,0,0,0,0,1,2208试验口径,"[{""purpose_scope"":""2208试验口径"",""source_record_ids"":""old-07-PDF-grid-1-0-11"",""source_observation_date_upper"":""2016-04-15"",""source_file"":""原件/免征目录/mf_batch07.pdf"",""source_sha256"":""ad8e7f0576c7261a718e5a561358462b598d617361c6f02d7a14fb2038b758b0"",""firm_route_basis"":""原记录firm_raw""}]",0,按来源/日期/配置版本分别答复；同型号合并附件不等于同配置或逐车资格认证
河北长安汽车有限公司,SC6443NBEV,0,0,0,0,1,2208试验口径,"[{""purpose_scope"":""2208试验口径"",""source_record_ids"":""old-17-PDF-grid-2-0-6"",""source_observation_date_upper"":""2018-04-16"",""source_file"":""原件/免征目录/mf_batch17.pdf"",""source_sha256"":""577a4ba9c586fe08565f6a60e6de5474698031566d8dcef484cd44335879e334"",""firm_route_basis"":""原记录firm_raw""}]",0,按来源/日期/配置版本分别答复；同型号合并附件不等于同配置或逐车资格认证
河北长安汽车有限公司,SC6443PAABEV,0,0,0,0,1,2208试验口径,"[{""purpose_scope"":""2208试验口径"",""source_record_ids"":""old-37-Word97--0-29"",""source_observation_date_upper"":""2020-11-30"",""source_file"":""原件/免征目录/mf_batch37.doc"",""source_sha256"":""136057faede292d8070763e326c8dbdcddf3790653cc6879a13758f91556881f"",""firm_route_basis"":""原记录firm_raw""}]",0,按来源/日期/配置版本分别答复；同型号合并附件不等于同配置或逐车资格认证
河北长安汽车有限公司,SC6443PABBEV,0,1,0,0,0,32联合跨界,"[{""purpose_scope"":""32联合跨界"",""source_record_ids"":""old-45-Word97--0-18"",""source_observation_date_upper"":""2021-08-10"",""source_file"":""原件/免征目录/mf_batch45.doc"",""source_sha256"":""56f5e7c5fd36e990024f8121006a76da260361f4e4660846e78255d007126f7a"",""firm_route_basis"":""原件企业合并格/上下文候选；非登记实体认证""}]",0,按来源/日期/配置版本分别答复；同型号合并附件不等于同配置或逐车资格认证
河北长安汽车有限公司,SC6453BAABEV,0,0,0,0,1,2208试验口径,"[{""purpose_scope"":""2208试验口径"",""source_record_ids"":""old-28-Word97--0-6"",""source_observation_date_upper"":""2019-12-10"",""source_file"":""原件/免征目录/mf_batch28.doc"",""source_sha256"":""dfe1b301a5e8373e94e0e4a2fccee3d258c56bb662e4928764a71274142acd72"",""firm_route_basis"":""原记录firm_raw""}]",0,按来源/日期/配置版本分别答复；同型号合并附件不等于同配置或逐车资格认证
河北长安汽车有限公司,SC6453BABBEV,0,0,0,0,1,2208试验口径,"[{""purpose_scope"":""2208试验口径"",""source_record_ids"":""old-50-Word97--0-27"",""source_observation_date_upper"":""2021-12-29"",""source_file"":""原件/免征目录/mf_batch50.doc"",""source_sha256"":""3810672d92621612507384960254de602e629e75a308df22ee2291519445095e"",""firm_route_basis"":""原记录firm_raw""}]",0,按来源/日期/配置版本分别答复；同型号合并附件不等于同配置或逐车资格认证
河北长安汽车有限公司,SC6453BBABEV,0,0,0,0,1,2208试验口径,"[{""purpose_scope"":""2208试验口径"",""source_record_ids"":""old-55-Word97--0-19"",""source_observation_date_upper"":""2022-06-01"",""source_file"":""原件/免征目录/mf_batch55.doc"",""source_sha256"":""0457d0430e9e7f114c91341a715405c3933dd4783762cd74b9871e4918ba887f"",""firm_route_basis"":""原件企业合并格/上下文候选；非登记实体认证""}]",0,按来源/日期/配置版本分别答复；同型号合并附件不等于同配置或逐车资格认证
河北长安汽车有限公司,SC6453BBBBEV,0,0,0,0,1,2208试验口径,"[{""purpose_scope"":""2208试验口径"",""source_record_ids"":""old-55-Word97--0-20"",""source_observation_date_upper"":""2022-06-01"",""source_file"":""原件/免征目录/mf_batch55.doc"",""source_sha256"":""0457d0430e9e7f114c91341a715405c3933dd4783762cd74b9871e4918ba887f"",""firm_route_basis"":""原件企业合并格/上下文候选；非登记实体认证""}]",0,按来源/日期/配置版本分别答复；同型号合并附件不等于同配置或逐车资格认证
河北长安汽车有限公司,SC6459ABEV,0,0,0,0,1,2208试验口径,"[{""purpose_scope"":""2208试验口径"",""source_record_ids"":""old-17-PDF-grid-2-0-7"",""source_observation_date_upper"":""2018-04-16"",""source_file"":""原件/免征目录/mf_batch17.pdf"",""source_sha256"":""577a4ba9c586fe08565f6a60e6de5474698031566d8dcef484cd44335879e334"",""firm_route_basis"":""原件企业合并格/上下文候选；非登记实体认证""}]",0,按来源/日期/配置版本分别答复；同型号合并附件不等于同配置或逐车资格认证
河北长安汽车有限公司,SC6483AAABEV,0,0,0,0,1,2208试验口径,"[{""purpose_scope"":""2208试验口径"",""source_record_ids"":""old-45-Word97--0-17"",""source_observation_date_upper"":""2021-08-10"",""source_file"":""原件/免征目录/mf_batch45.doc"",""source_sha256"":""56f5e7c5fd36e990024f8121006a76da260361f4e4660846e78255d007126f7a"",""firm_route_basis"":""原记录firm_raw""}]",0,按来源/日期/配置版本分别答复；同型号合并附件不等于同配置或逐车资格认证
河北长安汽车有限公司,SC6483ABABEV,0,0,0,0,1,2208试验口径,"[{""purpose_scope"":""2208试验口径"",""source_record_ids"":""old-55-Word97--0-18"",""source_observation_date_upper"":""2022-06-01"",""source_file"":""原件/免征目录/mf_batch55.doc"",""source_sha256"":""0457d0430e9e7f114c91341a715405c3933dd4783762cd74b9871e4918ba887f"",""firm_route_basis"":""原件企业合并格/上下文候选；非登记实体认证""}]",0,按来源/日期/配置版本分别答复；同型号合并附件不等于同配置或逐车资格认证
河北长安汽车有限公司,SC6483ABBBEV,0,0,0,0,1,2208试验口径,"[{""purpose_scope"":""2208试验口径"",""source_record_ids"":""old-55-Word97--0-17"",""source_observation_date_upper"":""2022-06-01"",""source_file"":""原件/免征目录/mf_batch55.doc"",""source_sha256"":""0457d0430e9e7f114c91341a715405c3933dd4783762cd74b9871e4918ba887f"",""firm_route_basis"":""原记录firm_raw""}]",0,按来源/日期/配置版本分别答复；同型号合并附件不等于同配置或逐车资格认证
河北长安汽车有限公司,SC7002AACBEV,0,0,0,0,1,2208试验口径,"[{""purpose_scope"":""2208试验口径"",""source_record_ids"":""old-24-Word97--2-6"",""source_observation_date_upper"":""2019-04-30"",""source_file"":""原件/免征目录/mf_batch24.wps"",""source_sha256"":""07775a0cb063fe0fce5880b9378dd1eb2522b725d645cabdee314d604779939d"",""firm_route_basis"":""原记录firm_raw""}]",0,按来源/日期/配置版本分别答复；同型号合并附件不等于同配置或逐车资格认证
河南速达电动汽车科技有限公司,SDE7001BCGBEV,0,0,0,0,1,2208试验口径,"[{""purpose_scope"":""2208试验口径"",""source_record_ids"":""old-27-Word97--0-61"",""source_observation_date_upper"":""2019-10-25"",""source_file"":""原件/免征目录/mf_batch27.doc"",""source_sha256"":""2bd67cf7e1efc03ae93942d0d340ffef87478709520383b6ee4d08baf843ead1"",""firm_route_basis"":""原记录firm_raw""}]",0,按来源/日期/配置版本分别答复；同型号合并附件不等于同配置或逐车资格认证
河南速达电动汽车科技有限公司,SDE7001DBCBEV,0,0,0,0,1,2208试验口径,"[{""purpose_scope"":""2208试验口径"",""source_record_ids"":""old-34-Word97--0-53"",""source_observation_date_upper"":""2020-08-24"",""source_file"":""原件/免征目录/mf_batch34.doc"",""source_sha256"":""d5c5bb03cc5fe0f16b284048e265ad35d62c12c0416f14aef0ce026a229aa831"",""firm_route_basis"":""原记录firm_raw""}]",0,按来源/日期/配置版本分别答复；同型号合并附件不等于同配置或逐车资格认证
河南速达电动汽车科技有限公司,SDE7001DCFBEV,0,0,0,0,1,2208试验口径,"[{""purpose_scope"":""2208试验口径"",""source_record_ids"":""old-24-Word97--2-4"",""source_observation_date_upper"":""2019-04-30"",""source_file"":""原件/免征目录/mf_batch24.wps"",""source_sha256"":""07775a0cb063fe0fce5880b9378dd1eb2522b725d645cabdee314d604779939d"",""firm_route_basis"":""原记录firm_raw""}]",0,按来源/日期/配置版本分别答复；同型号合并附件不等于同配置或逐车资格认证
河南速达电动汽车科技有限公司,SDE7001DCGBEV,0,0,0,0,1,2208试验口径,"[{""purpose_scope"":""2208试验口径"",""source_record_ids"":""old-28-Word97--0-21"",""source_observation_date_upper"":""2019-12-10"",""source_file"":""原件/免征目录/mf_batch28.doc"",""source_sha256"":""dfe1b301a5e8373e94e0e4a2fccee3d258c56bb662e4928764a71274142acd72"",""firm_route_basis"":""原记录firm_raw""}]",0,按来源/日期/配置版本分别答复；同型号合并附件不等于同配置或逐车资格认证
浙江合众新能源汽车有限公司,THZ6450BEVS303,0,0,0,0,1,2208试验口径,"[{""purpose_scope"":""2208试验口径"",""source_record_ids"":""old-32-Word97--0-42"",""source_observation_date_upper"":""2020-06-02"",""source_file"":""原件/免征目录/mf_batch32.doc"",""source_sha256"":""ad7c65b4831a05b7c70e1e73fe834aa9beed883c66f898e799fcbbeb43cc3d75"",""firm_route_basis"":""原记录firm_raw""}]",0,按来源/日期/配置版本分别答复；同型号合并附件不等于同配置或逐车资格认证
浙江合众新能源汽车有限公司,THZ6450BEVS304,0,0,0,0,1,2208试验口径,"[{""purpose_scope"":""2208试验口径"",""source_record_ids"":""old-28-Word97--0-20"",""source_observation_date_upper"":""2019-12-10"",""source_file"":""原件/免征目录/mf_batch28.doc"",""source_sha256"":""dfe1b301a5e8373e94e0e4a2fccee3d258c56bb662e4928764a71274142acd72"",""firm_route_basis"":""原记录firm_raw""}]",0,按来源/日期/配置版本分别答复；同型号合并附件不等于同配置或逐车资格认证
浙江合众新能源汽车有限公司,THZ6450BEVS305,0,0,0,0,1,2208试验口径,"[{""purpose_scope"":""2208试验口径"",""source_record_ids"":""mf29-t0-r24"",""source_observation_date_upper"":""2019-12-27"",""source_file"":""原件/mf_batch29.doc"",""source_sha256"":""8d24a01958cc6d44fa7826ecbb6a76869b9a0f2c98b97597d57af02932f2afaf"",""firm_route_basis"":""原记录firm_raw""}]",0,按来源/日期/配置版本分别答复；同型号合并附件不等于同配置或逐车资格认证
浙江合众新能源汽车有限公司,THZ6450BEVS307,0,0,0,0,1,2208试验口径,"[{""purpose_scope"":""2208试验口径"",""source_record_ids"":""old-32-Word97--0-43"",""source_observation_date_upper"":""2020-06-02"",""source_file"":""原件/免征目录/mf_batch32.doc"",""source_sha256"":""ad7c65b4831a05b7c70e1e73fe834aa9beed883c66f898e799fcbbeb43cc3d75"",""firm_route_basis"":""原件企业合并格/上下文候选；非登记实体认证""}]",0,按来源/日期/配置版本分别答复；同型号合并附件不等于同配置或逐车资格认证
浙江合众新能源汽车有限公司,THZ6450BEVS308,0,0,0,0,1,2208试验口径,"[{""purpose_scope"":""2208试验口径"",""source_record_ids"":""old-32-Word97--0-44"",""source_observation_date_upper"":""2020-06-02"",""source_file"":""原件/免征目录/mf_batch32.doc"",""source_sha256"":""ad7c65b4831a05b7c70e1e73fe834aa9beed883c66f898e799fcbbeb43cc3d75"",""firm_route_basis"":""原件企业合并格/上下文候选；非登记实体认证""}]",0,按来源/日期/配置版本分别答复；同型号合并附件不等于同配置或逐车资格认证
浙江合众新能源汽车有限公司,THZ6450BEVS309,0,0,0,0,1,2208试验口径,"[{""purpose_scope"":""2208试验口径"",""source_record_ids"":""old-32-Word97--0-45"",""source_observation_date_upper"":""2020-06-02"",""source_file"":""原件/免征目录/mf_batch32.doc"",""source_sha256"":""ad7c65b4831a05b7c70e1e73fe834aa9beed883c66f898e799fcbbeb43cc3d75"",""firm_route_basis"":""原件企业合并格/上下文候选；非登记实体认证""}]",0,按来源/日期/配置版本分别答复；同型号合并附件不等于同配置或逐车资格认证
浙江合众新能源汽车有限公司,THZ6450BEVS30A,0,0,0,0,1,2208试验口径,"[{""purpose_scope"":""2208试验口径"",""source_record_ids"":""old-39-Word97--0-5"",""source_observation_date_upper"":""2021-01-29"",""source_file"":""原件/免征目录/mf_batch39.doc"",""source_sha256"":""48158862f567d71b07ac0a7a60c2c3bc6d2bb44dd5a86290b0b809d757a9eb07"",""firm_route_basis"":""原件企业合并格/上下文候选；非登记实体认证""}]",0,按来源/日期/配置版本分别答复；同型号合并附件不等于同配置或逐车资格认证
浙江合众新能源汽车有限公司,THZ6450BEVS30B,0,0,0,0,1,2208试验口径,"[{""purpose_scope"":""2208试验口径"",""source_record_ids"":""old-38-Word97--0-16"",""source_observation_date_upper"":""2020-12-30"",""source_file"":""原件/免征目录/mf_batch38.doc"",""source_sha256"":""7c9def45fe5c40e4c5ffb483a1d1efd383c12cb16a5c4ba021d4ce28384776de"",""firm_route_basis"":""原记录firm_raw""}]",0,按来源/日期/配置版本分别答复；同型号合并附件不等于同配置或逐车资格认证
浙江合众新能源汽车有限公司,THZ6450BEVS30C,0,0,0,0,1,2208试验口径,"[{""purpose_scope"":""2208试验口径"",""source_record_ids"":""old-39-Word97--0-6"",""source_observation_date_upper"":""2021-01-29"",""source_file"":""原件/免征目录/mf_batch39.doc"",""source_sha256"":""48158862f567d71b07ac0a7a60c2c3bc6d2bb44dd5a86290b0b809d757a9eb07"",""firm_route_basis"":""原件企业合并格/上下文候选；非登记实体认证""}]",0,按来源/日期/配置版本分别答复；同型号合并附件不等于同配置或逐车资格认证
浙江合众新能源汽车有限公司,THZ7000BEVS003,0,0,0,0,1,2208试验口径,"[{""purpose_scope"":""2208试验口径"",""source_record_ids"":""old-19-DOCX--0-50"",""source_observation_date_upper"":""2018-07-31"",""source_file"":""原件/免征目录/mf_batch19.docx"",""source_sha256"":""fafd1558aa0f21067847c19bdd0a95c79b919737be7b07b87c4538107fb2b8e3"",""firm_route_basis"":""原件企业合并格/上下文候选；非登记实体认证""}]",0,按来源/日期/配置版本分别答复；同型号合并附件不等于同配置或逐车资格认证
浙江合众新能源汽车有限公司,THZ7000BEVS004,0,0,0,0,1,2208试验口径,"[{""purpose_scope"":""2208试验口径"",""source_record_ids"":""old-19-DOCX--0-51"",""source_observation_date_upper"":""2018-07-31"",""source_file"":""原件/免征目录/mf_batch19.docx"",""source_sha256"":""fafd1558aa0f21067847c19bdd0a95c79b919737be7b07b87c4538107fb2b8e3"",""firm_route_basis"":""原件企业合并格/上下文候选；非登记实体认证""}]",0,按来源/日期/配置版本分别答复；同型号合并附件不等于同配置或逐车资格认证
浙江合众新能源汽车有限公司,THZ7000BEVS005,0,0,0,0,1,2208试验口径,"[{""purpose_scope"":""2208试验口径"",""source_record_ids"":""old-19-DOCX--0-52"",""source_observation_date_upper"":""2018-07-31"",""source_file"":""原件/免征目录/mf_batch19.docx"",""source_sha256"":""fafd1558aa0f21067847c19bdd0a95c79b919737be7b07b87c4538107fb2b8e3"",""firm_route_basis"":""原件企业合并格/上下文候选；非登记实体认证""}]",0,按来源/日期/配置版本分别答复；同型号合并附件不等于同配置或逐车资格认证
浙江合众新能源汽车有限公司,THZ7000BEVS008,0,0,0,0,1,2208试验口径,"[{""purpose_scope"":""2208试验口径"",""source_record_ids"":""old-25-Word97--0-36"",""source_observation_date_upper"":""2019-06-12"",""source_file"":""原件/免征目录/mf_batch25.wps"",""source_sha256"":""9d2abe319463522513fe9c90f98bb8d0a825b599267d0b3cc403cec9624b3297"",""firm_route_basis"":""原件企业合并格/上下文候选；非登记实体认证""}]",0,按来源/日期/配置版本分别答复；同型号合并附件不等于同配置或逐车资格认证
浙江合众新能源汽车有限公司,THZ7000BEVS009,0,0,0,0,1,2208试验口径,"[{""purpose_scope"":""2208试验口径"",""source_record_ids"":""old-24-Word97--1-18"",""source_observation_date_upper"":""2019-04-30"",""source_file"":""原件/免征目录/mf_batch24.wps"",""source_sha256"":""07775a0cb063fe0fce5880b9378dd1eb2522b725d645cabdee314d604779939d"",""firm_route_basis"":""原记录firm_raw""}]",0,按来源/日期/配置版本分别答复；同型号合并附件不等于同配置或逐车资格认证
浙江合众新能源汽车有限公司,THZ7000BEVS00A,0,0,0,0,1,2208试验口径,"[{""purpose_scope"":""2208试验口径"",""source_record_ids"":""old-24-Word97--1-19"",""source_observation_date_upper"":""2019-04-30"",""source_file"":""原件/免征目录/mf_batch24.wps"",""source_sha256"":""07775a0cb063fe0fce5880b9378dd1eb2522b725d645cabdee314d604779939d"",""firm_route_basis"":""原件企业合并格/上下文候选；非登记实体认证""}]",0,按来源/日期/配置版本分别答复；同型号合并附件不等于同配置或逐车资格认证
浙江合众新能源汽车有限公司,THZ7000BEVS00B,0,0,0,0,1,2208试验口径,"[{""purpose_scope"":""2208试验口径"",""source_record_ids"":""old-25-Word97--0-37"",""source_observation_date_upper"":""2019-06-12"",""source_file"":""原件/免征目录/mf_batch25.wps"",""source_sha256"":""9d2abe319463522513fe9c90f98bb8d0a825b599267d0b3cc403cec9624b3297"",""firm_route_basis"":""原件企业合并格/上下文候选；非登记实体认证""}]",0,按来源/日期/配置版本分别答复；同型号合并附件不等于同配置或逐车资格认证
浙江合众新能源汽车有限公司,THZ7000BEVS00D,0,0,0,0,1,2208试验口径,"[{""purpose_scope"":""2208试验口径"",""source_record_ids"":""old-27-Word97--0-55"",""source_observation_date_upper"":""2019-10-25"",""source_file"":""原件/免征目录/mf_batch27.doc"",""source_sha256"":""2bd67cf7e1efc03ae93942d0d340ffef87478709520383b6ee4d08baf843ead1"",""firm_route_basis"":""原记录firm_raw""}]",0,按来源/日期/配置版本分别答复；同型号合并附件不等于同配置或逐车资格认证
浙江合众新能源汽车有限公司,THZ7001BEVS001,0,0,0,0,1,2208试验口径,"[{""purpose_scope"":""2208试验口径"",""source_record_ids"":""old-23-Word97--0-55"",""source_observation_date_upper"":""2019-03-13"",""source_file"":""原件/免征目录/mf_batch23.docx"",""source_sha256"":""87f838de0da3ba5887f77b2bf5c1dbf5b427e7cef896309a7084c11dd8f5efa0"",""firm_route_basis"":""原记录firm_raw""}]",0,按来源/日期/配置版本分别答复；同型号合并附件不等于同配置或逐车资格认证
浙江合众新能源汽车有限公司,THZ7001BEVS004,0,0,0,0,1,2208试验口径,"[{""purpose_scope"":""2208试验口径"",""source_record_ids"":""old-23-Word97--0-56"",""source_observation_date_upper"":""2019-03-13"",""source_file"":""原件/免征目录/mf_batch23.docx"",""source_sha256"":""87f838de0da3ba5887f77b2bf5c1dbf5b427e7cef896309a7084c11dd8f5efa0"",""firm_route_basis"":""原件企业合并格/上下文候选；非登记实体认证""}]",0,按来源/日期/配置版本分别答复；同型号合并附件不等于同配置或逐车资格认证
浙江合众新能源汽车有限公司,THZ7001BEVS005,0,0,0,0,1,2208试验口径,"[{""purpose_scope"":""2208试验口径"",""source_record_ids"":""old-23-Word97--0-57"",""source_observation_date_upper"":""2019-03-13"",""source_file"":""原件/免征目录/mf_batch23.docx"",""source_sha256"":""87f838de0da3ba5887f77b2bf5c1dbf5b427e7cef896309a7084c11dd8f5efa0"",""firm_route_basis"":""原件企业合并格/上下文候选；非登记实体认证""}]",0,按来源/日期/配置版本分别答复；同型号合并附件不等于同配置或逐车资格认证
浙江合众新能源汽车有限公司,THZ7001BEVS008,0,0,0,0,1,2208试验口径,"[{""purpose_scope"":""2208试验口径"",""source_record_ids"":""old-27-Word97--0-56"",""source_observation_date_upper"":""2019-10-25"",""source_file"":""原件/免征目录/mf_batch27.doc"",""source_sha256"":""2bd67cf7e1efc03ae93942d0d340ffef87478709520383b6ee4d08baf843ead1"",""firm_route_basis"":""原件企业合并格/上下文候选；非登记实体认证""}]",0,按来源/日期/配置版本分别答复；同型号合并附件不等于同配置或逐车资格认证
浙江合众新能源汽车有限公司,THZ7001BEVS009,0,0,0,0,1,2208试验口径,"[{""purpose_scope"":""2208试验口径"",""source_record_ids"":""old-31-Word97--0-24"",""source_observation_date_upper"":""2020-04-24"",""source_file"":""原件/免征目录/mf_batch31.doc"",""source_sha256"":""e1ccec4a87ab96ca346e5756d6b14369eb9727ec2c2cfd03c1182a592ddd3bee"",""firm_route_basis"":""原记录firm_raw""}]",0,按来源/日期/配置版本分别答复；同型号合并附件不等于同配置或逐车资格认证
浙江合众新能源汽车有限公司,THZ7001BEVS00B,0,0,0,0,1,2208试验口径,"[{""purpose_scope"":""2208试验口径"",""source_record_ids"":""old-27-Word97--0-57"",""source_observation_date_upper"":""2019-10-25"",""source_file"":""原件/免征目录/mf_batch27.doc"",""source_sha256"":""2bd67cf7e1efc03ae93942d0d340ffef87478709520383b6ee4d08baf843ead1"",""firm_route_basis"":""原件企业合并格/上下文候选；非登记实体认证""}]",0,按来源/日期/配置版本分别答复；同型号合并附件不等于同配置或逐车资格认证
浙江合众新能源汽车有限公司,THZ7001BEVS00F,0,0,0,0,1,2208试验口径,"[{""purpose_scope"":""2208试验口径"",""source_record_ids"":""old-32-Word97--0-46"",""source_observation_date_upper"":""2020-06-02"",""source_file"":""原件/免征目录/mf_batch32.doc"",""source_sha256"":""ad7c65b4831a05b7c70e1e73fe834aa9beed883c66f898e799fcbbeb43cc3d75"",""firm_route_basis"":""原件企业合并格/上下文候选；非登记实体认证""}]",0,按来源/日期/配置版本分别答复；同型号合并附件不等于同配置或逐车资格认证
浙江合众新能源汽车有限公司,THZ7001BEVS00H,0,0,0,0,1,2208试验口径,"[{""purpose_scope"":""2208试验口径"",""source_record_ids"":""old-32-Word97--0-47"",""source_observation_date_upper"":""2020-06-02"",""source_file"":""原件/免征目录/mf_batch32.doc"",""source_sha256"":""ad7c65b4831a05b7c70e1e73fe834aa9beed883c66f898e799fcbbeb43cc3d75"",""firm_route_basis"":""原件企业合并格/上下文候选；非登记实体认证""}]",0,按来源/日期/配置版本分别答复；同型号合并附件不等于同配置或逐车资格认证
浙江合众新能源汽车有限公司,THZ7001BEVS00J,0,0,0,0,1,2208试验口径,"[{""purpose_scope"":""2208试验口径"",""source_record_ids"":""old-32-Word97--0-48"",""source_observation_date_upper"":""2020-06-02"",""source_file"":""原件/免征目录/mf_batch32.doc"",""source_sha256"":""ad7c65b4831a05b7c70e1e73fe834aa9beed883c66f898e799fcbbeb43cc3d75"",""firm_route_basis"":""原件企业合并格/上下文候选；非登记实体认证""}]",0,按来源/日期/配置版本分别答复；同型号合并附件不等于同配置或逐车资格认证
浙江合众新能源汽车有限公司,THZ7002BEVS008,0,0,0,0,1,2208试验口径,"[{""purpose_scope"":""2208试验口径"",""source_record_ids"":""old-33-Word97--0-71"",""source_observation_date_upper"":""2020-07-21"",""source_file"":""原件/免征目录/mf_batch33.doc"",""source_sha256"":""ff98fbb1708c47cdcfc1e79e7a1647e72a7ae6d4255dce3b250d661001340c09"",""firm_route_basis"":""原记录firm_raw""}]",0,按来源/日期/配置版本分别答复；同型号合并附件不等于同配置或逐车资格认证
浙江合众新能源汽车有限公司,THZ7003BEVS008,0,0,0,0,1,2208试验口径,"[{""purpose_scope"":""2208试验口径"",""source_record_ids"":""old-33-Word97--0-72"",""source_observation_date_upper"":""2020-07-21"",""source_file"":""原件/免征目录/mf_batch33.doc"",""source_sha256"":""ff98fbb1708c47cdcfc1e79e7a1647e72a7ae6d4255dce3b250d661001340c09"",""firm_route_basis"":""原件企业合并格/上下文候选；非登记实体认证""}]",0,按来源/日期/配置版本分别答复；同型号合并附件不等于同配置或逐车资格认证
浙江合众新能源汽车有限公司,THZ7003BEVS009,0,0,0,0,1,2208试验口径,"[{""purpose_scope"":""2208试验口径"",""source_record_ids"":""old-32-Word97--0-49"",""source_observation_date_upper"":""2020-06-02"",""source_file"":""原件/免征目录/mf_batch32.doc"",""source_sha256"":""ad7c65b4831a05b7c70e1e73fe834aa9beed883c66f898e799fcbbeb43cc3d75"",""firm_route_basis"":""原件企业合并格/上下文候选；非登记实体认证""}]",0,按来源/日期/配置版本分别答复；同型号合并附件不等于同配置或逐车资格认证
浙江吉利汽车有限公司,LTS6510H1BEV,0,0,0,0,1,2208试验口径,"[{""purpose_scope"":""2208试验口径"",""source_record_ids"":""old-62-Word97--0-24"",""source_observation_date_upper"":""2023-02-20"",""source_file"":""原件/免征目录/mf_batch62.doc"",""source_sha256"":""7694ac7207998b6af7c895cdd2c1d752421df436d4b28f83195261dd47f6509c"",""firm_route_basis"":""原件企业合并格/上下文候选；非登记实体认证""}]",0,按来源/日期/配置版本分别答复；同型号合并附件不等于同配置或逐车资格认证
浙江吉利汽车有限公司,LTS6510H2BEV,0,0,0,0,1,2208试验口径,"[{""purpose_scope"":""2208试验口径"",""source_record_ids"":""old-62-Word97--0-27"",""source_observation_date_upper"":""2023-02-20"",""source_file"":""原件/免征目录/mf_batch62.doc"",""source_sha256"":""7694ac7207998b6af7c895cdd2c1d752421df436d4b28f83195261dd47f6509c"",""firm_route_basis"":""原件企业合并格/上下文候选；非登记实体认证""}]",0,按来源/日期/配置版本分别答复；同型号合并附件不等于同配置或逐车资格认证
浙江吉利汽车有限公司,LTS6510H3BEV,0,0,0,0,1,2208试验口径,"[{""purpose_scope"":""2208试验口径"",""source_record_ids"":""old-62-Word97--0-25"",""source_observation_date_upper"":""2023-02-20"",""source_file"":""原件/免征目录/mf_batch62.doc"",""source_sha256"":""7694ac7207998b6af7c895cdd2c1d752421df436d4b28f83195261dd47f6509c"",""firm_route_basis"":""原件企业合并格/上下文候选；非登记实体认证""}]",0,按来源/日期/配置版本分别答复；同型号合并附件不等于同配置或逐车资格认证
浙江吉利汽车有限公司,LTS6510H4BEV,0,0,0,0,1,2208试验口径,"[{""purpose_scope"":""2208试验口径"",""source_record_ids"":""old-62-Word97--0-28"",""source_observation_date_upper"":""2023-02-20"",""source_file"":""原件/免征目录/mf_batch62.doc"",""source_sha256"":""7694ac7207998b6af7c895cdd2c1d752421df436d4b28f83195261dd47f6509c"",""firm_route_basis"":""原件企业合并格/上下文候选；非登记实体认证""}]",0,按来源/日期/配置版本分别答复；同型号合并附件不等于同配置或逐车资格认证
浙江吉利汽车有限公司,LTS6510H5BEV,0,0,0,0,1,2208试验口径,"[{""purpose_scope"":""2208试验口径"",""source_record_ids"":""old-62-Word97--0-29"",""source_observation_date_upper"":""2023-02-20"",""source_file"":""原件/免征目录/mf_batch62.doc"",""source_sha256"":""7694ac7207998b6af7c895cdd2c1d752421df436d4b28f83195261dd47f6509c"",""firm_route_basis"":""原件企业合并格/上下文候选；非登记实体认证""}]",0,按来源/日期/配置版本分别答复；同型号合并附件不等于同配置或逐车资格认证
浙江吉利汽车有限公司,LTS6510H6BEV,0,0,0,0,1,2208试验口径,"[{""purpose_scope"":""2208试验口径"",""source_record_ids"":""old-62-Word97--0-26"",""source_observation_date_upper"":""2023-02-20"",""source_file"":""原件/免征目录/mf_batch62.doc"",""source_sha256"":""7694ac7207998b6af7c895cdd2c1d752421df436d4b28f83195261dd47f6509c"",""firm_route_basis"":""原件企业合并格/上下文候选；非登记实体认证""}]",0,按来源/日期/配置版本分别答复；同型号合并附件不等于同配置或逐车资格认证
浙江吉利汽车有限公司,MR6490SEV01,0,0,0,0,1,2208试验口径,"[{""purpose_scope"":""2208试验口径"",""source_record_ids"":""old-47-Word97--0-26"",""source_observation_date_upper"":""2021-09-30"",""source_file"":""原件/免征目录/mf_batch47.doc"",""source_sha256"":""fb4517fe8220b10bc435a77a5328df13c732c70b335942dfad0ae9394affe9b4"",""firm_route_basis"":""原件企业合并格/上下文候选；非登记实体认证""}]",0,按来源/日期/配置版本分别答复；同型号合并附件不等于同配置或逐车资格认证
浙江吉利汽车有限公司,MR6490SEV02,0,0,0,1,1,92逐车资格;2208试验口径,"[{""purpose_scope"":""92逐车资格"",""source_record_ids"":""new-05-cell-4536;new-06-cell-5113"",""source_observation_date_upper"":""2024-05-20"",""source_file"":""原件/减免目录/cat_batch5.doc"",""source_sha256"":""be8c8373f926e8b033304f06a62d92b0f0fc066accc6841864c3fd414bc506ab"",""firm_route_basis"":""原记录firm_raw""},{""purpose_scope"":""2208试验口径"",""source_record_ids"":""old-48-Word97--0-30"",""source_observation_date_upper"":""2021-11-05"",""source_file"":""原件/免征目录/mf_batch48.doc"",""source_sha256"":""ee5aa19736215cfcb3b76ffff90bcd0d9108c61758ccb756f7d4ad17e75a835c"",""firm_route_basis"":""原记录firm_raw""}]",0,按来源/日期/配置版本分别答复；同型号合并附件不等于同配置或逐车资格认证
浙江吉利汽车有限公司,MR6490SEV04,0,0,0,0,1,2208试验口径,"[{""purpose_scope"":""2208试验口径"",""source_record_ids"":""old-61-Word97--0-27"",""source_observation_date_upper"":""2022-12-19"",""source_file"":""原件/免征目录/mf_batch61.doc"",""source_sha256"":""d360a77695ccf20f3c17a354a1dd02fc846a7ae8bd18b41492515881a7240b72"",""firm_route_basis"":""原件企业合并格/上下文候选；非登记实体认证""}]",0,按来源/日期/配置版本分别答复；同型号合并附件不等于同配置或逐车资格认证
浙江吉利汽车有限公司,MR6491BEV01,0,0,0,0,1,2208试验口径,"[{""purpose_scope"":""2208试验口径"",""source_record_ids"":""old-69-Word97--0-36"",""source_observation_date_upper"":""2023-09-14"",""source_file"":""原件/免征目录/mf_batch69.doc"",""source_sha256"":""357d61a16c94488c9fdd761f393edb7029b05394ab06117abaebcba1a1e45546"",""firm_route_basis"":""原件企业合并格/上下文候选；非登记实体认证""}]",0,按来源/日期/配置版本分别答复；同型号合并附件不等于同配置或逐车资格认证
浙江吉利汽车有限公司,MR6491BEV02,0,0,0,0,1,2208试验口径,"[{""purpose_scope"":""2208试验口径"",""source_record_ids"":""old-70-Word97--0-24"",""source_observation_date_upper"":""2023-10-18"",""source_file"":""原件/免征目录/mf_batch70.doc"",""source_sha256"":""29b9f5df62602e114f0ed01426c185fdb15a654022cdf16d4df624bb736ed813"",""firm_route_basis"":""原件企业合并格/上下文候选；非登记实体认证""}]",0,按来源/日期/配置版本分别答复；同型号合并附件不等于同配置或逐车资格认证
浙江吉利汽车有限公司,MR6491BEV03,0,0,0,0,1,2208试验口径,"[{""purpose_scope"":""2208试验口径"",""source_record_ids"":""old-69-Word97--0-37"",""source_observation_date_upper"":""2023-09-14"",""source_file"":""原件/免征目录/mf_batch69.doc"",""source_sha256"":""357d61a16c94488c9fdd761f393edb7029b05394ab06117abaebcba1a1e45546"",""firm_route_basis"":""原件企业合并格/上下文候选；非登记实体认证""}]",0,按来源/日期/配置版本分别答复；同型号合并附件不等于同配置或逐车资格认证
浙江吉利汽车有限公司,MR7001BEV03,0,0,0,0,1,2208试验口径,"[{""purpose_scope"":""2208试验口径"",""source_record_ids"":""old-45-Word97--0-28"",""source_observation_date_upper"":""2021-08-10"",""source_file"":""原件/免征目录/mf_batch45.doc"",""source_sha256"":""56f5e7c5fd36e990024f8121006a76da260361f4e4660846e78255d007126f7a"",""firm_route_basis"":""原件企业合并格/上下文候选；非登记实体认证""}]",0,按来源/日期/配置版本分别答复；同型号合并附件不等于同配置或逐车资格认证
浙江吉利汽车有限公司,MR7001BEV04,0,0,0,0,1,2208试验口径,"[{""purpose_scope"":""2208试验口径"",""source_record_ids"":""old-45-Word97--0-27"",""source_observation_date_upper"":""2021-08-10"",""source_file"":""原件/免征目录/mf_batch45.doc"",""source_sha256"":""56f5e7c5fd36e990024f8121006a76da260361f4e4660846e78255d007126f7a"",""firm_route_basis"":""原件企业合并格/上下文候选；非登记实体认证""}]",0,按来源/日期/配置版本分别答复；同型号合并附件不等于同配置或逐车资格认证
浙江吉利汽车有限公司,MR7001BEV05,0,0,0,0,1,2208试验口径,"[{""purpose_scope"":""2208试验口径"",""source_record_ids"":""old-44-Word97--0-31"",""source_observation_date_upper"":""2021-07-12"",""source_file"":""原件/免征目录/mf_batch44.doc"",""source_sha256"":""aea30846204f4e55c0d969450f1619e1649eb27f471d5b0a2636d0da77eb0611"",""firm_route_basis"":""原件企业合并格/上下文候选；非登记实体认证""}]",0,按来源/日期/配置版本分别答复；同型号合并附件不等于同配置或逐车资格认证
浙江吉利汽车有限公司,MR7001BEV06,0,0,0,0,1,2208试验口径,"[{""purpose_scope"":""2208试验口径"",""source_record_ids"":""old-45-Word97--0-25"",""source_observation_date_upper"":""2021-08-10"",""source_file"":""原件/免征目录/mf_batch45.doc"",""source_sha256"":""56f5e7c5fd36e990024f8121006a76da260361f4e4660846e78255d007126f7a"",""firm_route_basis"":""原件企业合并格/上下文候选；非登记实体认证""}]",0,按来源/日期/配置版本分别答复；同型号合并附件不等于同配置或逐车资格认证
浙江吉利汽车有限公司,MR7001BEV08,0,0,0,0,1,2208试验口径,"[{""purpose_scope"":""2208试验口径"",""source_record_ids"":""old-45-Word97--0-24"",""source_observation_date_upper"":""2021-08-10"",""source_file"":""原件/免征目录/mf_batch45.doc"",""source_sha256"":""56f5e7c5fd36e990024f8121006a76da260361f4e4660846e78255d007126f7a"",""firm_route_basis"":""原记录firm_raw""}]",0,按来源/日期/配置版本分别答复；同型号合并附件不等于同配置或逐车资格认证
浙江吉利汽车有限公司,MR7001BEV09,0,0,0,0,1,2208试验口径,"[{""purpose_scope"":""2208试验口径"",""source_record_ids"":""old-67-Word97--0-14"",""source_observation_date_upper"":""2023-07-17"",""source_file"":""原件/免征目录/mf_batch67.doc"",""source_sha256"":""963a02fcc1f361414f4f003c6d63e00b178d0b962134ed2206c38978f3118101"",""firm_route_basis"":""原记录firm_raw""}]",0,按来源/日期/配置版本分别答复；同型号合并附件不等于同配置或逐车资格认证
浙江吉利汽车有限公司,MR7001BEV11,0,0,0,0,1,2208试验口径,"[{""purpose_scope"":""2208试验口径"",""source_record_ids"":""old-45-Word97--0-26"",""source_observation_date_upper"":""2021-08-10"",""source_file"":""原件/免征目录/mf_batch45.doc"",""source_sha256"":""56f5e7c5fd36e990024f8121006a76da260361f4e4660846e78255d007126f7a"",""firm_route_basis"":""原件企业合并格/上下文候选；非登记实体认证""}]",0,按来源/日期/配置版本分别答复；同型号合并附件不等于同配置或逐车资格认证
浙江吉利汽车有限公司,MR7001BEV35,0,0,0,0,1,2208试验口径,"[{""purpose_scope"":""2208试验口径"",""source_record_ids"":""old-70-Word97--0-25"",""source_observation_date_upper"":""2023-10-18"",""source_file"":""原件/免征目录/mf_batch70.doc"",""source_sha256"":""29b9f5df62602e114f0ed01426c185fdb15a654022cdf16d4df624bb736ed813"",""firm_route_basis"":""原件企业合并格/上下文候选；非登记实体认证""}]",0,按来源/日期/配置版本分别答复；同型号合并附件不等于同配置或逐车资格认证
浙江吉利汽车有限公司,MR7001SEV01,0,0,0,0,1,2208试验口径,"[{""purpose_scope"":""2208试验口径"",""source_record_ids"":""old-42-Word97--0-33"",""source_observation_date_upper"":""2021-04-30"",""source_file"":""原件/免征目录/mf_batch42.doc"",""source_sha256"":""fef4fd8ea19d773d368642e51a4bdb24c148530251a2240be4ff1358d5d41fab"",""firm_route_basis"":""原记录firm_raw""}]",0,按来源/日期/配置版本分别答复；同型号合并附件不等于同配置或逐车资格认证
浙江吉利汽车有限公司,MR7001SEV02,0,0,0,1,1,92逐车资格;2208试验口径,"[{""purpose_scope"":""92逐车资格"",""source_record_ids"":""new-06-cell-5473"",""source_observation_date_upper"":""2024-05-31"",""source_file"":""原件/减免目录/cat_batch6.doc"",""source_sha256"":""8017fdbcfa01dc3f5d2bd65fe4a06f5212edd78d39fee33fd47f6a2823eedcf7"",""firm_route_basis"":""原件企业合并格/上下文候选；非登记实体认证""},{""purpose_scope"":""2208试验口径"",""source_record_ids"":""old-47-Word97--0-25"",""source_observation_date_upper"":""2021-09-30"",""source_file"":""原件/免征目录/mf_batch47.doc"",""source_sha256"":""fb4517fe8220b10bc435a77a5328df13c732c70b335942dfad0ae9394affe9b4"",""firm_route_basis"":""原记录firm_raw""}]",0,按来源/日期/配置版本分别答复；同型号合并附件不等于同配置或逐车资格认证
浙江吉利汽车有限公司,MR7001SEV03,0,0,0,1,1,92逐车资格;2208试验口径,"[{""purpose_scope"":""92逐车资格"",""source_record_ids"":""new-06-cell-5461"",""source_observation_date_upper"":""2024-05-31"",""source_file"":""原件/减免目录/cat_batch6.doc"",""source_sha256"":""8017fdbcfa01dc3f5d2bd65fe4a06f5212edd78d39fee33fd47f6a2823eedcf7"",""firm_route_basis"":""原记录firm_raw""},{""purpose_scope"":""2208试验口径"",""source_record_ids"":""old-47-Word97--0-27"",""source_observation_date_upper"":""2021-09-30"",""source_file"":""原件/免征目录/mf_batch47.doc"",""source_sha256"":""fb4517fe8220b10bc435a77a5328df13c732c70b335942dfad0ae9394affe9b4"",""firm_route_basis"":""原件企业合并格/上下文候选；非登记实体认证""}]",0,按来源/日期/配置版本分别答复；同型号合并附件不等于同配置或逐车资格认证
浙江吉利汽车有限公司,MR7001SEV04,0,0,0,0,1,2208试验口径,"[{""purpose_scope"":""2208试验口径"",""source_record_ids"":""old-63-Word97--0-24"",""source_observation_date_upper"":""2023-03-10"",""source_file"":""原件/免征目录/mf_batch63.doc"",""source_sha256"":""1d0f4bf9c7c1f67712e9efa3a5e3222c30d4e438653b9335aaff9714e65f8c05"",""firm_route_basis"":""原件企业合并格/上下文候选；非登记实体认证""}]",0,按来源/日期/配置版本分别答复；同型号合并附件不等于同配置或逐车资格认证
浙江吉利汽车有限公司,MR7002BEV03,0,0,0,0,1,2208试验口径,"[{""purpose_scope"":""2208试验口径"",""source_record_ids"":""old-05-PDF-grid-1-0-14"",""source_observation_date_upper"":""2015-09-11"",""source_file"":""原件/免征目录/mf_batch05.pdf"",""source_sha256"":""658aa5fbf13859a9bbe1db6235da2f7e79fc325cc34e4c0ec1ffab7f8cc2ebca"",""firm_route_basis"":""原记录firm_raw""}]",0,按来源/日期/配置版本分别答复；同型号合并附件不等于同配置或逐车资格认证
浙江吉利汽车有限公司,MR7002BEV11,0,0,0,0,1,2208试验口径,"[{""purpose_scope"":""2208试验口径"",""source_record_ids"":""old-11-PDF-grid-2-0-8"",""source_observation_date_upper"":""2017-07-06"",""source_file"":""原件/免征目录/mf_batch11.pdf"",""source_sha256"":""ec4f33e5e872841e6d1fa5d435793c285a15614ef2e64f39b9013389b5e51724"",""firm_route_basis"":""原记录firm_raw""}]",0,按来源/日期/配置版本分别答复；同型号合并附件不等于同配置或逐车资格认证
浙江吉利汽车有限公司,MR7002BEV22,0,0,0,0,1,2208试验口径,"[{""purpose_scope"":""2208试验口径"",""source_record_ids"":""old-24-Word97--3-4"",""source_observation_date_upper"":""2019-04-30"",""source_file"":""原件/免征目录/mf_batch24.wps"",""source_sha256"":""07775a0cb063fe0fce5880b9378dd1eb2522b725d645cabdee314d604779939d"",""firm_route_basis"":""原记录firm_raw""}]",0,按来源/日期/配置版本分别答复；同型号合并附件不等于同配置或逐车资格认证
浙江吉利汽车有限公司,MR7002BEV23,0,0,0,0,1,2208试验口径,"[{""purpose_scope"":""2208试验口径"",""source_record_ids"":""old-24-Word97--3-5"",""source_observation_date_upper"":""2019-04-30"",""source_file"":""原件/免征目录/mf_batch24.wps"",""source_sha256"":""07775a0cb063fe0fce5880b9378dd1eb2522b725d645cabdee314d604779939d"",""firm_route_basis"":""原件企业合并格/上下文候选；非登记实体认证""}]",0,按来源/日期/配置版本分别答复；同型号合并附件不等于同配置或逐车资格认证
浙江吉利汽车有限公司,MR7002BEV27,0,0,0,0,1,2208试验口径,"[{""purpose_scope"":""2208试验口径"",""source_record_ids"":""old-33-Word97--0-23"",""source_observation_date_upper"":""2020-07-21"",""source_file"":""原件/免征目录/mf_batch33.doc"",""source_sha256"":""ff98fbb1708c47cdcfc1e79e7a1647e72a7ae6d4255dce3b250d661001340c09"",""firm_route_basis"":""原记录firm_raw""}]",0,按来源/日期/配置版本分别答复；同型号合并附件不等于同配置或逐车资格认证
浙江吉利汽车有限公司,MR7002BEV28,0,0,0,0,1,2208试验口径,"[{""purpose_scope"":""2208试验口径"",""source_record_ids"":""old-44-Word97--0-30"",""source_observation_date_upper"":""2021-07-12"",""source_file"":""原件/免征目录/mf_batch44.doc"",""source_sha256"":""aea30846204f4e55c0d969450f1619e1649eb27f471d5b0a2636d0da77eb0611"",""firm_route_basis"":""原记录firm_raw""}]",0,按来源/日期/配置版本分别答复；同型号合并附件不等于同配置或逐车资格认证
浙江吉利汽车有限公司,MR7003BEV01,0,0,0,0,1,2208试验口径,"[{""purpose_scope"":""2208试验口径"",""source_record_ids"":""old-52-Word97--0-14"",""source_observation_date_upper"":""2022-03-08"",""source_file"":""原件/免征目录/mf_batch52.doc"",""source_sha256"":""650a1430fd7c9a9139970f857a0382498bfd368fe64a95f24c17ca3f49dfa3cc"",""firm_route_basis"":""原件企业合并格/上下文候选；非登记实体认证""}]",0,按来源/日期/配置版本分别答复；同型号合并附件不等于同配置或逐车资格认证
浙江吉利汽车有限公司,MR7003BEV02,0,0,0,0,1,2208试验口径,"[{""purpose_scope"":""2208试验口径"",""source_record_ids"":""old-52-Word97--0-13"",""source_observation_date_upper"":""2022-03-08"",""source_file"":""原件/免征目录/mf_batch52.doc"",""source_sha256"":""650a1430fd7c9a9139970f857a0382498bfd368fe64a95f24c17ca3f49dfa3cc"",""firm_route_basis"":""原记录firm_raw""}]",0,按来源/日期/配置版本分别答复；同型号合并附件不等于同配置或逐车资格认证
浙江吉利汽车有限公司,MR7003BEV03,0,0,0,0,1,2208试验口径,"[{""purpose_scope"":""2208试验口径"",""source_record_ids"":""old-53-Word97--0-18"",""source_observation_date_upper"":""2022-04-08"",""source_file"":""原件/免征目录/mf_batch53.doc"",""source_sha256"":""a1f426ff77c80bce4d153fbfb6d01a7b6c6c87539f52ac4643edb7b060e21d2a"",""firm_route_basis"":""原记录firm_raw""}]",0,按来源/日期/配置版本分别答复；同型号合并附件不等于同配置或逐车资格认证
浙江吉利汽车有限公司,MR7003BEV05,0,0,0,0,1,2208试验口径,"[{""purpose_scope"":""2208试验口径"",""source_record_ids"":""old-56-Word97--0-32"",""source_observation_date_upper"":""2022-07-08"",""source_file"":""原件/免征目录/mf_batch56.doc"",""source_sha256"":""cbffdc0819640e8f18c11a2a277b26b2e043c81406533457ff225f4df1c6c068"",""firm_route_basis"":""原记录firm_raw""}]",0,按来源/日期/配置版本分别答复；同型号合并附件不等于同配置或逐车资格认证
浙江吉利汽车有限公司,MR7003BEV06,0,0,0,0,1,2208试验口径,"[{""purpose_scope"":""2208试验口径"",""source_record_ids"":""old-57-Word97--0-31"",""source_observation_date_upper"":""2022-08-10"",""source_file"":""原件/免征目录/mf_batch57.doc"",""source_sha256"":""96d9708a19952b23d71fc40e9976a33ae30ca118226a032954a93ab36f355f21"",""firm_route_basis"":""原件企业合并格/上下文候选；非登记实体认证""}]",0,按来源/日期/配置版本分别答复；同型号合并附件不等于同配置或逐车资格认证
浙江吉利汽车有限公司,MR7003BEV07,0,0,0,0,1,2208试验口径,"[{""purpose_scope"":""2208试验口径"",""source_record_ids"":""old-57-Word97--0-26"",""source_observation_date_upper"":""2022-08-10"",""source_file"":""原件/免征目录/mf_batch57.doc"",""source_sha256"":""96d9708a19952b23d71fc40e9976a33ae30ca118226a032954a93ab36f355f21"",""firm_route_basis"":""原件企业合并格/上下文候选；非登记实体认证""}]",0,按来源/日期/配置版本分别答复；同型号合并附件不等于同配置或逐车资格认证
浙江吉利汽车有限公司,MR7003BEV08,0,0,0,0,1,2208试验口径,"[{""purpose_scope"":""2208试验口径"",""source_record_ids"":""old-66-Word97--0-9"",""source_observation_date_upper"":""2023-06-08"",""source_file"":""原件/免征目录/mf_batch66.doc"",""source_sha256"":""05a5fce42de1c5412803fe6a7bb46d04c4d61cb71dc5d88a9b59a3e884350544"",""firm_route_basis"":""原件企业合并格/上下文候选；非登记实体认证""}]",0,按来源/日期/配置版本分别答复；同型号合并附件不等于同配置或逐车资格认证
浙江吉利汽车有限公司,MR7003BEV09,0,0,0,0,1,2208试验口径,"[{""purpose_scope"":""2208试验口径"",""source_record_ids"":""old-66-Word97--0-8"",""source_observation_date_upper"":""2023-06-08"",""source_file"":""原件/免征目录/mf_batch66.doc"",""source_sha256"":""05a5fce42de1c5412803fe6a7bb46d04c4d61cb71dc5d88a9b59a3e884350544"",""firm_route_basis"":""原记录firm_raw""}]",0,按来源/日期/配置版本分别答复；同型号合并附件不等于同配置或逐车资格认证
浙江吉利汽车有限公司,MR7003SEV01,0,0,0,0,1,2208试验口径,"[{""purpose_scope"":""2208试验口径"",""source_record_ids"":""old-55-Word97--0-31"",""source_observation_date_upper"":""2022-06-01"",""source_file"":""原件/免征目录/mf_batch55.doc"",""source_sha256"":""0457d0430e9e7f114c91341a715405c3933dd4783762cd74b9871e4918ba887f"",""firm_route_basis"":""原记录firm_raw""}]",0,按来源/日期/配置版本分别答复；同型号合并附件不等于同配置或逐车资格认证
浙江吉利汽车有限公司,MR7005BEV05,0,0,0,0,1,2208试验口径,"[{""purpose_scope"":""2208试验口径"",""source_record_ids"":""old-63-Word97--0-21"",""source_observation_date_upper"":""2023-03-10"",""source_file"":""原件/免征目录/mf_batch63.doc"",""source_sha256"":""1d0f4bf9c7c1f67712e9efa3a5e3222c30d4e438653b9335aaff9714e65f8c05"",""firm_route_basis"":""原记录firm_raw""}]",0,按来源/日期/配置版本分别答复；同型号合并附件不等于同配置或逐车资格认证
浙江吉利汽车有限公司,MR7005BEV06,0,0,0,0,1,2208试验口径,"[{""purpose_scope"":""2208试验口径"",""source_record_ids"":""old-66-Word97--0-10"",""source_observation_date_upper"":""2023-06-08"",""source_file"":""原件/免征目录/mf_batch66.doc"",""source_sha256"":""05a5fce42de1c5412803fe6a7bb46d04c4d61cb71dc5d88a9b59a3e884350544"",""firm_route_basis"":""原件企业合并格/上下文候选；非登记实体认证""}]",0,按来源/日期/配置版本分别答复；同型号合并附件不等于同配置或逐车资格认证
浙江吉利汽车有限公司,MR7005BEV09,0,0,0,0,1,2208试验口径,"[{""purpose_scope"":""2208试验口径"",""source_record_ids"":""old-63-Word97--0-22"",""source_observation_date_upper"":""2023-03-10"",""source_file"":""原件/免征目录/mf_batch63.doc"",""source_sha256"":""1d0f4bf9c7c1f67712e9efa3a5e3222c30d4e438653b9335aaff9714e65f8c05"",""firm_route_basis"":""原件企业合并格/上下文候选；非登记实体认证""}]",0,按来源/日期/配置版本分别答复；同型号合并附件不等于同配置或逐车资格认证
浙江吉利汽车有限公司,MR7005BEV10,0,0,0,0,1,2208试验口径,"[{""purpose_scope"":""2208试验口径"",""source_record_ids"":""old-66-Word97--0-12"",""source_observation_date_upper"":""2023-06-08"",""source_file"":""原件/免征目录/mf_batch66.doc"",""source_sha256"":""05a5fce42de1c5412803fe6a7bb46d04c4d61cb71dc5d88a9b59a3e884350544"",""firm_route_basis"":""原件企业合并格/上下文候选；非登记实体认证""}]",0,按来源/日期/配置版本分别答复；同型号合并附件不等于同配置或逐车资格认证
浙江吉利汽车有限公司,MR7005BEV17,0,0,0,0,1,2208试验口径,"[{""purpose_scope"":""2208试验口径"",""source_record_ids"":""old-70-Word97--0-19"",""source_observation_date_upper"":""2023-10-18"",""source_file"":""原件/免征目录/mf_batch70.doc"",""source_sha256"":""29b9f5df62602e114f0ed01426c185fdb15a654022cdf16d4df624bb736ed813"",""firm_route_basis"":""原记录firm_raw""}]",0,按来源/日期/配置版本分别答复；同型号合并附件不等于同配置或逐车资格认证
浙江吉利汽车有限公司,MR7008BEV01,0,0,0,0,1,2208试验口径,"[{""purpose_scope"":""2208试验口径"",""source_record_ids"":""old-70-Word97--0-22"",""source_observation_date_upper"":""2023-10-18"",""source_file"":""原件/免征目录/mf_batch70.doc"",""source_sha256"":""29b9f5df62602e114f0ed01426c185fdb15a654022cdf16d4df624bb736ed813"",""firm_route_basis"":""原件企业合并格/上下文候选；非登记实体认证""}]",0,按来源/日期/配置版本分别答复；同型号合并附件不等于同配置或逐车资格认证
浙江吉利汽车有限公司,MR7008BEV02,0,0,0,0,1,2208试验口径,"[{""purpose_scope"":""2208试验口径"",""source_record_ids"":""old-70-Word97--0-20"",""source_observation_date_upper"":""2023-10-18"",""source_file"":""原件/免征目录/mf_batch70.doc"",""source_sha256"":""29b9f5df62602e114f0ed01426c185fdb15a654022cdf16d4df624bb736ed813"",""firm_route_basis"":""原件企业合并格/上下文候选；非登记实体认证""}]",0,按来源/日期/配置版本分别答复；同型号合并附件不等于同配置或逐车资格认证
浙江吉利汽车有限公司,SMA7000BEV01,0,0,0,0,1,2208试验口径,"[{""purpose_scope"":""2208试验口径"",""source_record_ids"":""old-04-PDF-grid-2-0-7"",""source_observation_date_upper"":""2015-05-08"",""source_file"":""原件/免征目录/mf_batch04.pdf"",""source_sha256"":""7539cd299efb49a366656a4da32393075bcb03a5e10ea54e975f82f6099d9c81"",""firm_route_basis"":""原件企业合并格/上下文候选；非登记实体认证""}]",0,按来源/日期/配置版本分别答复；同型号合并附件不等于同配置或逐车资格认证
浙江吉利汽车有限公司,SMA7000BEV02,0,0,0,0,1,2208试验口径,"[{""purpose_scope"":""2208试验口径"",""source_record_ids"":""old-04-PDF-grid-2-0-2"",""source_observation_date_upper"":""2015-05-08"",""source_file"":""原件/免征目录/mf_batch04.pdf"",""source_sha256"":""7539cd299efb49a366656a4da32393075bcb03a5e10ea54e975f82f6099d9c81"",""firm_route_basis"":""原记录firm_raw""}]",0,按来源/日期/配置版本分别答复；同型号合并附件不等于同配置或逐车资格认证
浙江吉利汽车有限公司,SMA7000BEV03,0,0,0,0,1,2208试验口径,"[{""purpose_scope"":""2208试验口径"",""source_record_ids"":""old-04-PDF-grid-2-0-3"",""source_observation_date_upper"":""2015-05-08"",""source_file"":""原件/免征目录/mf_batch04.pdf"",""source_sha256"":""7539cd299efb49a366656a4da32393075bcb03a5e10ea54e975f82f6099d9c81"",""firm_route_basis"":""原件企业合并格/上下文候选；非登记实体认证""}]",0,按来源/日期/配置版本分别答复；同型号合并附件不等于同配置或逐车资格认证
浙江吉利汽车有限公司,SMA7000BEV05,0,0,0,0,1,2208试验口径,"[{""purpose_scope"":""2208试验口径"",""source_record_ids"":""old-07-PDF-grid-2-0-2"",""source_observation_date_upper"":""2016-04-15"",""source_file"":""原件/免征目录/mf_batch07.pdf"",""source_sha256"":""ad8e7f0576c7261a718e5a561358462b598d617361c6f02d7a14fb2038b758b0"",""firm_route_basis"":""原记录firm_raw""}]",0,按来源/日期/配置版本分别答复；同型号合并附件不等于同配置或逐车资格认证
浙江吉利汽车有限公司,SMA7000BEV06,0,0,0,0,1,2208试验口径,"[{""purpose_scope"":""2208试验口径"",""source_record_ids"":""old-06-PDF-grid-2-0-13"",""source_observation_date_upper"":""2015-11-25"",""source_file"":""原件/免征目录/mf_batch06.pdf"",""source_sha256"":""df226dc3953484911afdd265072593abc08c9f66d52a1df7492e215ce15c9b54"",""firm_route_basis"":""原件企业合并格/上下文候选；非登记实体认证""}]",0,按来源/日期/配置版本分别答复；同型号合并附件不等于同配置或逐车资格认证
浙江吉利汽车有限公司,SMA7000BEV20,0,0,0,0,1,2208试验口径,"[{""purpose_scope"":""2208试验口径"",""source_record_ids"":""old-14-Word97--0-22"",""source_observation_date_upper"":""2017-12-05"",""source_file"":""原件/免征目录/mf_batch14.docx"",""source_sha256"":""6a48764b5ccb7c4ffa6f54daa44d3a42095b8a981fc982e774ddaaded41e9921"",""firm_route_basis"":""原记录firm_raw""}]",0,按来源/日期/配置版本分别答复；同型号合并附件不等于同配置或逐车资格认证
浙江吉利汽车有限公司,SMA7001BEV02,0,0,0,0,1,2208试验口径,"[{""purpose_scope"":""2208试验口径"",""source_record_ids"":""old-04-PDF-grid-2-0-4"",""source_observation_date_upper"":""2015-05-08"",""source_file"":""原件/免征目录/mf_batch04.pdf"",""source_sha256"":""7539cd299efb49a366656a4da32393075bcb03a5e10ea54e975f82f6099d9c81"",""firm_route_basis"":""原件企业合并格/上下文候选；非登记实体认证""}]",0,按来源/日期/配置版本分别答复；同型号合并附件不等于同配置或逐车资格认证
浙江吉利汽车有限公司,SMA7001BEV03,0,0,0,0,1,2208试验口径,"[{""purpose_scope"":""2208试验口径"",""source_record_ids"":""old-04-PDF-grid-2-0-5"",""source_observation_date_upper"":""2015-05-08"",""source_file"":""原件/免征目录/mf_batch04.pdf"",""source_sha256"":""7539cd299efb49a366656a4da32393075bcb03a5e10ea54e975f82f6099d9c81"",""firm_route_basis"":""原件企业合并格/上下文候选；非登记实体认证""}]",0,按来源/日期/配置版本分别答复；同型号合并附件不等于同配置或逐车资格认证
浙江吉利汽车有限公司,SMA7001BEV04,0,0,0,0,1,2208试验口径,"[{""purpose_scope"":""2208试验口径"",""source_record_ids"":""old-05-PDF-grid-1-0-15"",""source_observation_date_upper"":""2015-09-11"",""source_file"":""原件/免征目录/mf_batch05.pdf"",""source_sha256"":""658aa5fbf13859a9bbe1db6235da2f7e79fc325cc34e4c0ec1ffab7f8cc2ebca"",""firm_route_basis"":""原件企业合并格/上下文候选；非登记实体认证""}]",0,按来源/日期/配置版本分别答复；同型号合并附件不等于同配置或逐车资格认证
浙江吉利汽车有限公司,SMA7001BEV05,0,0,0,0,1,2208试验口径,"[{""purpose_scope"":""2208试验口径"",""source_record_ids"":""old-06-PDF-grid-2-0-12"",""source_observation_date_upper"":""2015-11-25"",""source_file"":""原件/免征目录/mf_batch06.pdf"",""source_sha256"":""df226dc3953484911afdd265072593abc08c9f66d52a1df7492e215ce15c9b54"",""firm_route_basis"":""原记录firm_raw""}]",0,按来源/日期/配置版本分别答复；同型号合并附件不等于同配置或逐车资格认证
浙江吉利汽车有限公司,SMA7001BEV13,0,0,0,0,1,2208试验口径,"[{""purpose_scope"":""2208试验口径"",""source_record_ids"":""old-04-PDF-grid-2-0-9"",""source_observation_date_upper"":""2015-05-08"",""source_file"":""原件/免征目录/mf_batch04.pdf"",""source_sha256"":""7539cd299efb49a366656a4da32393075bcb03a5e10ea54e975f82f6099d9c81"",""firm_route_basis"":""原件企业合并格/上下文候选；非登记实体认证""}]",0,按来源/日期/配置版本分别答复；同型号合并附件不等于同配置或逐车资格认证
浙江吉利汽车有限公司,SMA7001BEV18,0,0,0,0,1,2208试验口径,"[{""purpose_scope"":""2208试验口径"",""source_record_ids"":""old-07-PDF-grid-2-0-4"",""source_observation_date_upper"":""2016-04-15"",""source_file"":""原件/免征目录/mf_batch07.pdf"",""source_sha256"":""ad8e7f0576c7261a718e5a561358462b598d617361c6f02d7a14fb2038b758b0"",""firm_route_basis"":""原件企业合并格/上下文候选；非登记实体认证""}]",0,按来源/日期/配置版本分别答复；同型号合并附件不等于同配置或逐车资格认证
浙江吉利汽车有限公司,SMA7001BEV19,0,0,0,0,1,2208试验口径,"[{""purpose_scope"":""2208试验口径"",""source_record_ids"":""old-07-PDF-grid-2-0-5"",""source_observation_date_upper"":""2016-04-15"",""source_file"":""原件/免征目录/mf_batch07.pdf"",""source_sha256"":""ad8e7f0576c7261a718e5a561358462b598d617361c6f02d7a14fb2038b758b0"",""firm_route_basis"":""原件企业合并格/上下文候选；非登记实体认证""}]",0,按来源/日期/配置版本分别答复；同型号合并附件不等于同配置或逐车资格认证
浙江吉利汽车有限公司,SMA7001BEV22,0,0,0,0,1,2208试验口径,"[{""purpose_scope"":""2208试验口径"",""source_record_ids"":""old-07-PDF-grid-2-0-6"",""source_observation_date_upper"":""2016-04-15"",""source_file"":""原件/免征目录/mf_batch07.pdf"",""source_sha256"":""ad8e7f0576c7261a718e5a561358462b598d617361c6f02d7a14fb2038b758b0"",""firm_route_basis"":""原件企业合并格/上下文候选；非登记实体认证""}]",0,按来源/日期/配置版本分别答复；同型号合并附件不等于同配置或逐车资格认证
浙江吉利汽车有限公司,SMA7001BEV23,0,0,0,0,1,2208试验口径,"[{""purpose_scope"":""2208试验口径"",""source_record_ids"":""old-07-PDF-grid-2-0-7"",""source_observation_date_upper"":""2016-04-15"",""source_file"":""原件/免征目录/mf_batch07.pdf"",""source_sha256"":""ad8e7f0576c7261a718e5a561358462b598d617361c6f02d7a14fb2038b758b0"",""firm_route_basis"":""原件企业合并格/上下文候选；非登记实体认证""}]",0,按来源/日期/配置版本分别答复；同型号合并附件不等于同配置或逐车资格认证
浙江吉利汽车有限公司,SMA7001BEV25,0,0,0,0,1,2208试验口径,"[{""purpose_scope"":""2208试验口径"",""source_record_ids"":""old-07-PDF-grid-2-0-8"",""source_observation_date_upper"":""2016-04-15"",""source_file"":""原件/免征目录/mf_batch07.pdf"",""source_sha256"":""ad8e7f0576c7261a718e5a561358462b598d617361c6f02d7a14fb2038b758b0"",""firm_route_basis"":""原件企业合并格/上下文候选；非登记实体认证""}]",0,按来源/日期/配置版本分别答复；同型号合并附件不等于同配置或逐车资格认证
浙江吉利汽车有限公司,SMA7001BEV40,0,0,0,0,1,2208试验口径,"[{""purpose_scope"":""2208试验口径"",""source_record_ids"":""old-13-PDF-grid-2-0-24"",""source_observation_date_upper"":""2017-10-30"",""source_file"":""原件/免征目录/mf_batch13.pdf"",""source_sha256"":""e82c4f41c448edbb5269c95f2ff35d0c577f7ff0d12ff30b2d4c307a1aa31a6b"",""firm_route_basis"":""原记录firm_raw""}]",0,按来源/日期/配置版本分别答复；同型号合并附件不等于同配置或逐车资格认证
浙江吉利汽车有限公司,SMA7001BEV41,0,0,0,0,1,2208试验口径,"[{""purpose_scope"":""2208试验口径"",""source_record_ids"":""old-18-Word97--0-17"",""source_observation_date_upper"":""2018-06-19"",""source_file"":""原件/免征目录/mf_batch18.doc"",""source_sha256"":""43f5426f7f80996ee11a894710d7229c743abf7ad69ba239f61075e0a9ddd37a"",""firm_route_basis"":""原记录firm_raw""}]",0,按来源/日期/配置版本分别答复；同型号合并附件不等于同配置或逐车资格认证
浙江吉利汽车有限公司,SMA7001BEV47,0,0,0,0,1,2208试验口径,"[{""purpose_scope"":""2208试验口径"",""source_record_ids"":""old-20-DOCX--0-78"",""source_observation_date_upper"":""2018-09-19"",""source_file"":""原件/免征目录/mf_batch20.docx"",""source_sha256"":""374d3f87551d75d1c163e76abb38f350ea93f8a2b8cad6174568c307d1cc0130"",""firm_route_basis"":""原记录firm_raw""}]",0,按来源/日期/配置版本分别答复；同型号合并附件不等于同配置或逐车资格认证
浙江吉利汽车有限公司,SMA7001BEV48,0,0,0,0,1,2208试验口径,"[{""purpose_scope"":""2208试验口径"",""source_record_ids"":""old-19-DOCX--0-53"",""source_observation_date_upper"":""2018-07-31"",""source_file"":""原件/免征目录/mf_batch19.docx"",""source_sha256"":""fafd1558aa0f21067847c19bdd0a95c79b919737be7b07b87c4538107fb2b8e3"",""firm_route_basis"":""原记录firm_raw""}]",0,按来源/日期/配置版本分别答复；同型号合并附件不等于同配置或逐车资格认证
浙江吉利汽车有限公司,SMA7001BEV49,0,0,0,0,1,2208试验口径,"[{""purpose_scope"":""2208试验口径"",""source_record_ids"":""old-20-DOCX--0-79"",""source_observation_date_upper"":""2018-09-19"",""source_file"":""原件/免征目录/mf_batch20.docx"",""source_sha256"":""374d3f87551d75d1c163e76abb38f350ea93f8a2b8cad6174568c307d1cc0130"",""firm_route_basis"":""原件企业合并格/上下文候选；非登记实体认证""}]",0,按来源/日期/配置版本分别答复；同型号合并附件不等于同配置或逐车资格认证
浙江吉利汽车有限公司,SMA7001BEV60,0,0,0,0,1,2208试验口径,"[{""purpose_scope"":""2208试验口径"",""source_record_ids"":""old-07-PDF-grid-2-0-9"",""source_observation_date_upper"":""2016-04-15"",""source_file"":""原件/免征目录/mf_batch07.pdf"",""source_sha256"":""ad8e7f0576c7261a718e5a561358462b598d617361c6f02d7a14fb2038b758b0"",""firm_route_basis"":""原件企业合并格/上下文候选；非登记实体认证""}]",0,按来源/日期/配置版本分别答复；同型号合并附件不等于同配置或逐车资格认证
浙江吉利汽车有限公司,SMA7001BEV61,0,0,0,0,1,2208试验口径,"[{""purpose_scope"":""2208试验口径"",""source_record_ids"":""old-07-PDF-grid-2-0-10"",""source_observation_date_upper"":""2016-04-15"",""source_file"":""原件/免征目录/mf_batch07.pdf"",""source_sha256"":""ad8e7f0576c7261a718e5a561358462b598d617361c6f02d7a14fb2038b758b0"",""firm_route_basis"":""原件企业合并格/上下文候选；非登记实体认证""}]",0,按来源/日期/配置版本分别答复；同型号合并附件不等于同配置或逐车资格认证
浙江吉利汽车有限公司,SMA7001BEV63,0,0,0,0,1,2208试验口径,"[{""purpose_scope"":""2208试验口径"",""source_record_ids"":""old-09-PDF-grid-3-0-15"",""source_observation_date_upper"":""2016-12-06"",""source_file"":""原件/免征目录/mf_batch09.pdf"",""source_sha256"":""7eea7200c04fefec34f6ae6db5a1bae77f82a534348f266e95575cae051c8c8c"",""firm_route_basis"":""原件企业合并格/上下文候选；非登记实体认证""}]",0,按来源/日期/配置版本分别答复；同型号合并附件不等于同配置或逐车资格认证
浙江吉利汽车有限公司,SMA7001BEV66,0,0,0,0,1,2208试验口径,"[{""purpose_scope"":""2208试验口径"",""source_record_ids"":""old-09-PDF-grid-3-0-16"",""source_observation_date_upper"":""2016-12-06"",""source_file"":""原件/免征目录/mf_batch09.pdf"",""source_sha256"":""7eea7200c04fefec34f6ae6db5a1bae77f82a534348f266e95575cae051c8c8c"",""firm_route_basis"":""原件企业合并格/上下文候选；非登记实体认证""}]",0,按来源/日期/配置版本分别答复；同型号合并附件不等于同配置或逐车资格认证
浙江吉利汽车有限公司,SMA7001BEV69,0,0,0,0,1,2208试验口径,"[{""purpose_scope"":""2208试验口径"",""source_record_ids"":""old-09-PDF-grid-3-0-14"",""source_observation_date_upper"":""2016-12-06"",""source_file"":""原件/免征目录/mf_batch09.pdf"",""source_sha256"":""7eea7200c04fefec34f6ae6db5a1bae77f82a534348f266e95575cae051c8c8c"",""firm_route_basis"":""原记录firm_raw""}]",0,按来源/日期/配置版本分别答复；同型号合并附件不等于同配置或逐车资格认证
浙江吉利汽车有限公司,SMA7001BEV70,0,0,0,0,1,2208试验口径,"[{""purpose_scope"":""2208试验口径"",""source_record_ids"":""old-09-PDF-grid-3-0-17"",""source_observation_date_upper"":""2016-12-06"",""source_file"":""原件/免征目录/mf_batch09.pdf"",""source_sha256"":""7eea7200c04fefec34f6ae6db5a1bae77f82a534348f266e95575cae051c8c8c"",""firm_route_basis"":""原件企业合并格/上下文候选；非登记实体认证""}]",0,按来源/日期/配置版本分别答复；同型号合并附件不等于同配置或逐车资格认证
浙江吉利汽车有限公司,SMA7001BEV72,0,0,0,0,1,2208试验口径,"[{""purpose_scope"":""2208试验口径"",""source_record_ids"":""old-10-PDF-grid-3-0-2"",""source_observation_date_upper"":""2017-04-27"",""source_file"":""原件/免征目录/mf_batch10.pdf"",""source_sha256"":""ac1b1ad2605b4f24762fb1f01cea64b685393577d01648618fa1882bb5700ac3"",""firm_route_basis"":""原记录firm_raw""}]",0,按来源/日期/配置版本分别答复；同型号合并附件不等于同配置或逐车资格认证
浙江吉利汽车有限公司,SMA7001BEV73,0,0,0,0,1,2208试验口径,"[{""purpose_scope"":""2208试验口径"",""source_record_ids"":""old-09-PDF-grid-3-0-18"",""source_observation_date_upper"":""2016-12-06"",""source_file"":""原件/免征目录/mf_batch09.pdf"",""source_sha256"":""7eea7200c04fefec34f6ae6db5a1bae77f82a534348f266e95575cae051c8c8c"",""firm_route_basis"":""原件企业合并格/上下文候选；非登记实体认证""}]",0,按来源/日期/配置版本分别答复；同型号合并附件不等于同配置或逐车资格认证
浙江吉利汽车有限公司,SMA7001BEV75,0,0,0,0,1,2208试验口径,"[{""purpose_scope"":""2208试验口径"",""source_record_ids"":""old-14-Word97--0-23"",""source_observation_date_upper"":""2017-12-05"",""source_file"":""原件/免征目录/mf_batch14.docx"",""source_sha256"":""6a48764b5ccb7c4ffa6f54daa44d3a42095b8a981fc982e774ddaaded41e9921"",""firm_route_basis"":""原件企业合并格/上下文候选；非登记实体认证""}]",0,按来源/日期/配置版本分别答复；同型号合并附件不等于同配置或逐车资格认证
浙江吉利汽车有限公司,SMA7001BEV76,0,0,0,0,1,2208试验口径,"[{""purpose_scope"":""2208试验口径"",""source_record_ids"":""old-14-Word97--0-24"",""source_observation_date_upper"":""2017-12-05"",""source_file"":""原件/免征目录/mf_batch14.docx"",""source_sha256"":""6a48764b5ccb7c4ffa6f54daa44d3a42095b8a981fc982e774ddaaded41e9921"",""firm_route_basis"":""原件企业合并格/上下文候选；非登记实体认证""}]",0,按来源/日期/配置版本分别答复；同型号合并附件不等于同配置或逐车资格认证
浙江吉利汽车有限公司,SMA7002BEV05,0,0,0,0,1,2208试验口径,"[{""purpose_scope"":""2208试验口径"",""source_record_ids"":""old-04-PDF-grid-2-0-6"",""source_observation_date_upper"":""2015-05-08"",""source_file"":""原件/免征目录/mf_batch04.pdf"",""source_sha256"":""7539cd299efb49a366656a4da32393075bcb03a5e10ea54e975f82f6099d9c81"",""firm_route_basis"":""原件企业合并格/上下文候选；非登记实体认证""}]",0,按来源/日期/配置版本分别答复；同型号合并附件不等于同配置或逐车资格认证
浙江豪情汽车制造有限公司,HQ7002BEV04,0,0,0,0,1,2208试验口径,"[{""purpose_scope"":""2208试验口径"",""source_record_ids"":""old-11-PDF-grid-2-0-5"",""source_observation_date_upper"":""2017-07-06"",""source_file"":""原件/免征目录/mf_batch11.pdf"",""source_sha256"":""ec4f33e5e872841e6d1fa5d435793c285a15614ef2e64f39b9013389b5e51724"",""firm_route_basis"":""原件企业合并格/上下文候选；非登记实体认证""}]",0,按来源/日期/配置版本分别答复；同型号合并附件不等于同配置或逐车资格认证
浙江豪情汽车制造有限公司,HQ7002BEV05,0,0,0,0,1,2208试验口径,"[{""purpose_scope"":""2208试验口径"",""source_record_ids"":""old-12-PDF-grid-2-0-17"",""source_observation_date_upper"":""2017-09-05"",""source_file"":""原件/免征目录/mf_batch12.pdf"",""source_sha256"":""afbd7133ccf901dbdc065b2ff80768450dc901def8d216cf5bb87baa98f7a1e2"",""firm_route_basis"":""原件企业合并格/上下文候选；非登记实体认证""}]",0,按来源/日期/配置版本分别答复；同型号合并附件不等于同配置或逐车资格认证
浙江豪情汽车制造有限公司,HQ7002BEV08,0,0,0,0,1,2208试验口径,"[{""purpose_scope"":""2208试验口径"",""source_record_ids"":""old-11-PDF-grid-2-0-6"",""source_observation_date_upper"":""2017-07-06"",""source_file"":""原件/免征目录/mf_batch11.pdf"",""source_sha256"":""ec4f33e5e872841e6d1fa5d435793c285a15614ef2e64f39b9013389b5e51724"",""firm_route_basis"":""原件企业合并格/上下文候选；非登记实体认证""}]",0,按来源/日期/配置版本分别答复；同型号合并附件不等于同配置或逐车资格认证
浙江豪情汽车制造有限公司,HQ7002BEV11,0,0,0,0,1,2208试验口径,"[{""purpose_scope"":""2208试验口径"",""source_record_ids"":""old-12-PDF-grid-2-0-21"",""source_observation_date_upper"":""2017-09-05"",""source_file"":""原件/免征目录/mf_batch12.pdf"",""source_sha256"":""afbd7133ccf901dbdc065b2ff80768450dc901def8d216cf5bb87baa98f7a1e2"",""firm_route_basis"":""原件企业合并格/上下文候选；非登记实体认证""}]",0,按来源/日期/配置版本分别答复；同型号合并附件不等于同配置或逐车资格认证
浙江豪情汽车制造有限公司,HQ7002BEV12,0,0,0,0,1,2208试验口径,"[{""purpose_scope"":""2208试验口径"",""source_record_ids"":""old-12-PDF-grid-2-0-15"",""source_observation_date_upper"":""2017-09-05"",""source_file"":""原件/免征目录/mf_batch12.pdf"",""source_sha256"":""afbd7133ccf901dbdc065b2ff80768450dc901def8d216cf5bb87baa98f7a1e2"",""firm_route_basis"":""原件企业合并格/上下文候选；非登记实体认证""}]",0,按来源/日期/配置版本分别答复；同型号合并附件不等于同配置或逐车资格认证
浙江豪情汽车制造有限公司,HQ7002BEV15,0,0,0,0,1,2208试验口径,"[{""purpose_scope"":""2208试验口径"",""source_record_ids"":""old-12-PDF-grid-2-0-18"",""source_observation_date_upper"":""2017-09-05"",""source_file"":""原件/免征目录/mf_batch12.pdf"",""source_sha256"":""afbd7133ccf901dbdc065b2ff80768450dc901def8d216cf5bb87baa98f7a1e2"",""firm_route_basis"":""原件企业合并格/上下文候选；非登记实体认证""}]",0,按来源/日期/配置版本分别答复；同型号合并附件不等于同配置或逐车资格认证
浙江豪情汽车制造有限公司,HQ7002BEV35,0,0,0,0,1,2208试验口径,"[{""purpose_scope"":""2208试验口径"",""source_record_ids"":""old-20-DOCX--0-75"",""source_observation_date_upper"":""2018-09-19"",""source_file"":""原件/免征目录/mf_batch20.docx"",""source_sha256"":""374d3f87551d75d1c163e76abb38f350ea93f8a2b8cad6174568c307d1cc0130"",""firm_route_basis"":""原记录firm_raw""}]",0,按来源/日期/配置版本分别答复；同型号合并附件不等于同配置或逐车资格认证
浙江豪情汽车制造有限公司,HQ7002BEV36,0,0,0,0,1,2208试验口径,"[{""purpose_scope"":""2208试验口径"",""source_record_ids"":""old-20-DOCX--0-76"",""source_observation_date_upper"":""2018-09-19"",""source_file"":""原件/免征目录/mf_batch20.docx"",""source_sha256"":""374d3f87551d75d1c163e76abb38f350ea93f8a2b8cad6174568c307d1cc0130"",""firm_route_basis"":""原件企业合并格/上下文候选；非登记实体认证""}]",0,按来源/日期/配置版本分别答复；同型号合并附件不等于同配置或逐车资格认证
浙江豪情汽车制造有限公司,HQ7002BEV37,0,0,0,0,1,2208试验口径,"[{""purpose_scope"":""2208试验口径"",""source_record_ids"":""old-22-Word97--0-18"",""source_observation_date_upper"":""2018-12-18"",""source_file"":""原件/免征目录/mf_batch22.doc"",""source_sha256"":""eaf3fc1e64742af85b3d4bc90388d0a93154a497fd6c1fb9bf73b857672e1212"",""firm_route_basis"":""原记录firm_raw""}]",0,按来源/日期/配置版本分别答复；同型号合并附件不等于同配置或逐车资格认证
浙江豪情汽车制造有限公司,HQ7002BEV39,0,0,0,0,1,2208试验口径,"[{""purpose_scope"":""2208试验口径"",""source_record_ids"":""old-22-Word97--0-19"",""source_observation_date_upper"":""2018-12-18"",""source_file"":""原件/免征目录/mf_batch22.doc"",""source_sha256"":""eaf3fc1e64742af85b3d4bc90388d0a93154a497fd6c1fb9bf73b857672e1212"",""firm_route_basis"":""原件企业合并格/上下文候选；非登记实体认证""}]",0,按来源/日期/配置版本分别答复；同型号合并附件不等于同配置或逐车资格认证
浙江豪情汽车制造有限公司,HQ7002BEV45,0,0,0,0,1,2208试验口径,"[{""purpose_scope"":""2208试验口径"",""source_record_ids"":""old-22-Word97--0-20"",""source_observation_date_upper"":""2018-12-18"",""source_file"":""原件/免征目录/mf_batch22.doc"",""source_sha256"":""eaf3fc1e64742af85b3d4bc90388d0a93154a497fd6c1fb9bf73b857672e1212"",""firm_route_basis"":""原件企业合并格/上下文候选；非登记实体认证""}]",0,按来源/日期/配置版本分别答复；同型号合并附件不等于同配置或逐车资格认证
浙江豪情汽车制造有限公司,HQ7002BEV51,0,0,0,0,1,2208试验口径,"[{""purpose_scope"":""2208试验口径"",""source_record_ids"":""old-23-Word97--0-29"",""source_observation_date_upper"":""2019-03-13"",""source_file"":""原件/免征目录/mf_batch23.docx"",""source_sha256"":""87f838de0da3ba5887f77b2bf5c1dbf5b427e7cef896309a7084c11dd8f5efa0"",""firm_route_basis"":""原件企业合并格/上下文候选；非登记实体认证""}]",0,按来源/日期/配置版本分别答复；同型号合并附件不等于同配置或逐车资格认证
浙江豪情汽车制造有限公司,HQ7002BEV56,0,0,0,0,1,2208试验口径,"[{""purpose_scope"":""2208试验口径"",""source_record_ids"":""old-23-Word97--0-31"",""source_observation_date_upper"":""2019-03-13"",""source_file"":""原件/免征目录/mf_batch23.docx"",""source_sha256"":""87f838de0da3ba5887f77b2bf5c1dbf5b427e7cef896309a7084c11dd8f5efa0"",""firm_route_basis"":""原件企业合并格/上下文候选；非登记实体认证""}]",0,按来源/日期/配置版本分别答复；同型号合并附件不等于同配置或逐车资格认证
浙江豪情汽车制造有限公司,HQ7002BEV57,0,0,0,0,1,2208试验口径,"[{""purpose_scope"":""2208试验口径"",""source_record_ids"":""old-23-Word97--0-32"",""source_observation_date_upper"":""2019-03-13"",""source_file"":""原件/免征目录/mf_batch23.docx"",""source_sha256"":""87f838de0da3ba5887f77b2bf5c1dbf5b427e7cef896309a7084c11dd8f5efa0"",""firm_route_basis"":""原件企业合并格/上下文候选；非登记实体认证""}]",0,按来源/日期/配置版本分别答复；同型号合并附件不等于同配置或逐车资格认证
浙江豪情汽车制造有限公司,HQ7002BEV63,0,0,0,0,1,2208试验口径,"[{""purpose_scope"":""2208试验口径"",""source_record_ids"":""old-24-Word97--3-8"",""source_observation_date_upper"":""2019-04-30"",""source_file"":""原件/免征目录/mf_batch24.wps"",""source_sha256"":""07775a0cb063fe0fce5880b9378dd1eb2522b725d645cabdee314d604779939d"",""firm_route_basis"":""原件企业合并格/上下文候选；非登记实体认证""}]",0,按来源/日期/配置版本分别答复；同型号合并附件不等于同配置或逐车资格认证
浙江豪情汽车制造有限公司,HQ7002BEV66,0,0,0,0,1,2208试验口径,"[{""purpose_scope"":""2208试验口径"",""source_record_ids"":""old-24-Word97--3-10"",""source_observation_date_upper"":""2019-04-30"",""source_file"":""原件/免征目录/mf_batch24.wps"",""source_sha256"":""07775a0cb063fe0fce5880b9378dd1eb2522b725d645cabdee314d604779939d"",""firm_route_basis"":""原件企业合并格/上下文候选；非登记实体认证""}]",0,按来源/日期/配置版本分别答复；同型号合并附件不等于同配置或逐车资格认证
浙江豪情汽车制造有限公司,HQ7002BEV67,0,0,0,0,1,2208试验口径,"[{""purpose_scope"":""2208试验口径"",""source_record_ids"":""old-40-Word97--0-14"",""source_observation_date_upper"":""2021-03-08"",""source_file"":""原件/免征目录/mf_batch40.doc"",""source_sha256"":""93047c8e87a1f45948933ee36d00160788032370ecf11b551624e0ca45ecc1d1"",""firm_route_basis"":""原件企业合并格/上下文候选；非登记实体认证""}]",0,按来源/日期/配置版本分别答复；同型号合并附件不等于同配置或逐车资格认证
浙江豪情汽车制造有限公司,HQ7002BEV68,0,0,0,0,1,2208试验口径,"[{""purpose_scope"":""2208试验口径"",""source_record_ids"":""old-40-Word97--0-13"",""source_observation_date_upper"":""2021-03-08"",""source_file"":""原件/免征目录/mf_batch40.doc"",""source_sha256"":""93047c8e87a1f45948933ee36d00160788032370ecf11b551624e0ca45ecc1d1"",""firm_route_basis"":""原件企业合并格/上下文候选；非登记实体认证""}]",0,按来源/日期/配置版本分别答复；同型号合并附件不等于同配置或逐车资格认证
浙江豪情汽车制造有限公司,HQ7002BEV69,0,0,0,0,1,2208试验口径,"[{""purpose_scope"":""2208试验口径"",""source_record_ids"":""old-39-Word97--0-25"",""source_observation_date_upper"":""2021-01-29"",""source_file"":""原件/免征目录/mf_batch39.doc"",""source_sha256"":""48158862f567d71b07ac0a7a60c2c3bc6d2bb44dd5a86290b0b809d757a9eb07"",""firm_route_basis"":""原件企业合并格/上下文候选；非登记实体认证""}]",0,按来源/日期/配置版本分别答复；同型号合并附件不等于同配置或逐车资格认证
浙江豪情汽车制造有限公司,HQ7002BEV70,0,0,0,0,1,2208试验口径,"[{""purpose_scope"":""2208试验口径"",""source_record_ids"":""old-39-Word97--0-18"",""source_observation_date_upper"":""2021-01-29"",""source_file"":""原件/免征目录/mf_batch39.doc"",""source_sha256"":""48158862f567d71b07ac0a7a60c2c3bc6d2bb44dd5a86290b0b809d757a9eb07"",""firm_route_basis"":""原记录firm_raw""}]",0,按来源/日期/配置版本分别答复；同型号合并附件不等于同配置或逐车资格认证
浙江豪情汽车制造有限公司,HQ7002BEV71,0,0,0,0,1,2208试验口径,"[{""purpose_scope"":""2208试验口径"",""source_record_ids"":""old-39-Word97--0-27"",""source_observation_date_upper"":""2021-01-29"",""source_file"":""原件/免征目录/mf_batch39.doc"",""source_sha256"":""48158862f567d71b07ac0a7a60c2c3bc6d2bb44dd5a86290b0b809d757a9eb07"",""firm_route_basis"":""原件企业合并格/上下文候选；非登记实体认证""}]",0,按来源/日期/配置版本分别答复；同型号合并附件不等于同配置或逐车资格认证
浙江豪情汽车制造有限公司,HQ7002BEV72,0,0,0,0,1,2208试验口径,"[{""purpose_scope"":""2208试验口径"",""source_record_ids"":""old-39-Word97--0-19"",""source_observation_date_upper"":""2021-01-29"",""source_file"":""原件/免征目录/mf_batch39.doc"",""source_sha256"":""48158862f567d71b07ac0a7a60c2c3bc6d2bb44dd5a86290b0b809d757a9eb07"",""firm_route_basis"":""原件企业合并格/上下文候选；非登记实体认证""}]",0,按来源/日期/配置版本分别答复；同型号合并附件不等于同配置或逐车资格认证
浙江豪情汽车制造有限公司,HQ7002BEV73,0,0,0,0,1,2208试验口径,"[{""purpose_scope"":""2208试验口径"",""source_record_ids"":""old-39-Word97--0-26"",""source_observation_date_upper"":""2021-01-29"",""source_file"":""原件/免征目录/mf_batch39.doc"",""source_sha256"":""48158862f567d71b07ac0a7a60c2c3bc6d2bb44dd5a86290b0b809d757a9eb07"",""firm_route_basis"":""原件企业合并格/上下文候选；非登记实体认证""}]",0,按来源/日期/配置版本分别答复；同型号合并附件不等于同配置或逐车资格认证
浙江豪情汽车制造有限公司,HQ7002BEV74,0,0,0,0,1,2208试验口径,"[{""purpose_scope"":""2208试验口径"",""source_record_ids"":""old-39-Word97--0-20"",""source_observation_date_upper"":""2021-01-29"",""source_file"":""原件/免征目录/mf_batch39.doc"",""source_sha256"":""48158862f567d71b07ac0a7a60c2c3bc6d2bb44dd5a86290b0b809d757a9eb07"",""firm_route_basis"":""原件企业合并格/上下文候选；非登记实体认证""}]",0,按来源/日期/配置版本分别答复；同型号合并附件不等于同配置或逐车资格认证
浙江豪情汽车制造有限公司,HQ7002BEV76,0,0,0,0,1,2208试验口径,"[{""purpose_scope"":""2208试验口径"",""source_record_ids"":""old-45-Word97--0-22"",""source_observation_date_upper"":""2021-08-10"",""source_file"":""原件/免征目录/mf_batch45.doc"",""source_sha256"":""56f5e7c5fd36e990024f8121006a76da260361f4e4660846e78255d007126f7a"",""firm_route_basis"":""原件企业合并格/上下文候选；非登记实体认证""}]",0,按来源/日期/配置版本分别答复；同型号合并附件不等于同配置或逐车资格认证
浙江豪情汽车制造有限公司,HQ7002BEV77,0,0,0,0,1,2208试验口径,"[{""purpose_scope"":""2208试验口径"",""source_record_ids"":""old-40-Word97--0-12"",""source_observation_date_upper"":""2021-03-08"",""source_file"":""原件/免征目录/mf_batch40.doc"",""source_sha256"":""93047c8e87a1f45948933ee36d00160788032370ecf11b551624e0ca45ecc1d1"",""firm_route_basis"":""原记录firm_raw""}]",0,按来源/日期/配置版本分别答复；同型号合并附件不等于同配置或逐车资格认证
浙江豪情汽车制造有限公司,HQ7002BEV78,0,0,0,0,1,2208试验口径,"[{""purpose_scope"":""2208试验口径"",""source_record_ids"":""old-41-Word97--0-24"",""source_observation_date_upper"":""2021-03-31"",""source_file"":""原件/免征目录/mf_batch41.doc"",""source_sha256"":""ba4634c0877ebf99f8e462013e4a07e40f57478a4aaf921801a6c85a49c42b7f"",""firm_route_basis"":""原记录firm_raw""}]",0,按来源/日期/配置版本分别答复；同型号合并附件不等于同配置或逐车资格认证
浙江豪情汽车制造有限公司,HQ7002BEV84,0,0,0,0,1,2208试验口径,"[{""purpose_scope"":""2208试验口径"",""source_record_ids"":""old-45-Word97--0-21"",""source_observation_date_upper"":""2021-08-10"",""source_file"":""原件/免征目录/mf_batch45.doc"",""source_sha256"":""56f5e7c5fd36e990024f8121006a76da260361f4e4660846e78255d007126f7a"",""firm_route_basis"":""原记录firm_raw""}]",0,按来源/日期/配置版本分别答复；同型号合并附件不等于同配置或逐车资格认证
浙江豪情汽车制造有限公司,HQ7003BEV01,0,0,0,0,1,2208试验口径,"[{""purpose_scope"":""2208试验口径"",""source_record_ids"":""old-39-Word97--0-21"",""source_observation_date_upper"":""2021-01-29"",""source_file"":""原件/免征目录/mf_batch39.doc"",""source_sha256"":""48158862f567d71b07ac0a7a60c2c3bc6d2bb44dd5a86290b0b809d757a9eb07"",""firm_route_basis"":""原件企业合并格/上下文候选；非登记实体认证""}]",0,按来源/日期/配置版本分别答复；同型号合并附件不等于同配置或逐车资格认证
浙江豪情汽车制造有限公司,HQ7003BEV02,0,0,0,0,1,2208试验口径,"[{""purpose_scope"":""2208试验口径"",""source_record_ids"":""old-39-Word97--0-22"",""source_observation_date_upper"":""2021-01-29"",""source_file"":""原件/免征目录/mf_batch39.doc"",""source_sha256"":""48158862f567d71b07ac0a7a60c2c3bc6d2bb44dd5a86290b0b809d757a9eb07"",""firm_route_basis"":""原件企业合并格/上下文候选；非登记实体认证""}]",0,按来源/日期/配置版本分别答复；同型号合并附件不等于同配置或逐车资格认证
浙江豪情汽车制造有限公司,HQ7003BEV03,0,0,0,0,1,2208试验口径,"[{""purpose_scope"":""2208试验口径"",""source_record_ids"":""old-39-Word97--0-24"",""source_observation_date_upper"":""2021-01-29"",""source_file"":""原件/免征目录/mf_batch39.doc"",""source_sha256"":""48158862f567d71b07ac0a7a60c2c3bc6d2bb44dd5a86290b0b809d757a9eb07"",""firm_route_basis"":""原件企业合并格/上下文候选；非登记实体认证""}]",0,按来源/日期/配置版本分别答复；同型号合并附件不等于同配置或逐车资格认证
浙江豪情汽车制造有限公司,HQ7003BEV04,0,0,0,0,1,2208试验口径,"[{""purpose_scope"":""2208试验口径"",""source_record_ids"":""old-39-Word97--0-23"",""source_observation_date_upper"":""2021-01-29"",""source_file"":""原件/免征目录/mf_batch39.doc"",""source_sha256"":""48158862f567d71b07ac0a7a60c2c3bc6d2bb44dd5a86290b0b809d757a9eb07"",""firm_route_basis"":""原件企业合并格/上下文候选；非登记实体认证""}]",0,按来源/日期/配置版本分别答复；同型号合并附件不等于同配置或逐车资格认证
浙江豪情汽车制造有限公司,HQ7003BEV05,0,0,0,0,1,2208试验口径,"[{""purpose_scope"":""2208试验口径"",""source_record_ids"":""old-44-Word97--0-29"",""source_observation_date_upper"":""2021-07-12"",""source_file"":""原件/免征目录/mf_batch44.doc"",""source_sha256"":""aea30846204f4e55c0d969450f1619e1649eb27f471d5b0a2636d0da77eb0611"",""firm_route_basis"":""原记录firm_raw""}]",0,按来源/日期/配置版本分别答复；同型号合并附件不等于同配置或逐车资格认证
浙江豪情汽车制造有限公司,HQ7004BEV01,0,0,0,0,1,2208试验口径,"[{""purpose_scope"":""2208试验口径"",""source_record_ids"":""old-45-Word97--0-23"",""source_observation_date_upper"":""2021-08-10"",""source_file"":""原件/免征目录/mf_batch45.doc"",""source_sha256"":""56f5e7c5fd36e990024f8121006a76da260361f4e4660846e78255d007126f7a"",""firm_route_basis"":""原件企业合并格/上下文候选；非登记实体认证""}]",0,按来源/日期/配置版本分别答复；同型号合并附件不等于同配置或逐车资格认证
浙江豪情汽车制造有限公司,JL6471SEV01,0,0,0,0,1,2208试验口径,"[{""purpose_scope"":""2208试验口径"",""source_record_ids"":""old-38-Word97--0-15"",""source_observation_date_upper"":""2020-12-30"",""source_file"":""原件/免征目录/mf_batch38.doc"",""source_sha256"":""7c9def45fe5c40e4c5ffb483a1d1efd383c12cb16a5c4ba021d4ce28384776de"",""firm_route_basis"":""原件企业合并格/上下文候选；非登记实体认证""}]",0,按来源/日期/配置版本分别答复；同型号合并附件不等于同配置或逐车资格认证
浙江豪情汽车制造有限公司,JL6471SEV02,0,0,0,0,1,2208试验口径,"[{""purpose_scope"":""2208试验口径"",""source_record_ids"":""old-43-Word97--0-9"",""source_observation_date_upper"":""2021-06-11"",""source_file"":""原件/免征目录/mf_batch43.doc"",""source_sha256"":""5d5202dfe31364ec0884640d8bba22b0f640154d0bcc6154272890e604cfc01c"",""firm_route_basis"":""原件企业合并格/上下文候选；非登记实体认证""}]",0,按来源/日期/配置版本分别答复；同型号合并附件不等于同配置或逐车资格认证
浙江豪情汽车制造有限公司,JL7000BEV01,0,0,0,0,1,2208试验口径,"[{""purpose_scope"":""2208试验口径"",""source_record_ids"":""old-62-Word97--0-30"",""source_observation_date_upper"":""2023-02-20"",""source_file"":""原件/免征目录/mf_batch62.doc"",""source_sha256"":""7694ac7207998b6af7c895cdd2c1d752421df436d4b28f83195261dd47f6509c"",""firm_route_basis"":""原记录firm_raw""}]",0,按来源/日期/配置版本分别答复；同型号合并附件不等于同配置或逐车资格认证
浙江豪情汽车制造有限公司,JL7000BEV02,0,0,0,0,1,2208试验口径,"[{""purpose_scope"":""2208试验口径"",""source_record_ids"":""old-55-Word97--0-37"",""source_observation_date_upper"":""2022-06-01"",""source_file"":""原件/免征目录/mf_batch55.doc"",""source_sha256"":""0457d0430e9e7f114c91341a715405c3933dd4783762cd74b9871e4918ba887f"",""firm_route_basis"":""原件企业合并格/上下文候选；非登记实体认证""}]",0,按来源/日期/配置版本分别答复；同型号合并附件不等于同配置或逐车资格认证
浙江豪情汽车制造有限公司,JL7000BEV03,0,0,0,0,1,2208试验口径,"[{""purpose_scope"":""2208试验口径"",""source_record_ids"":""old-55-Word97--0-32"",""source_observation_date_upper"":""2022-06-01"",""source_file"":""原件/免征目录/mf_batch55.doc"",""source_sha256"":""0457d0430e9e7f114c91341a715405c3933dd4783762cd74b9871e4918ba887f"",""firm_route_basis"":""原记录firm_raw""}]",0,按来源/日期/配置版本分别答复；同型号合并附件不等于同配置或逐车资格认证
浙江豪情汽车制造有限公司,JL7000BEV04,0,0,0,0,1,2208试验口径,"[{""purpose_scope"":""2208试验口径"",""source_record_ids"":""old-55-Word97--0-36"",""source_observation_date_upper"":""2022-06-01"",""source_file"":""原件/免征目录/mf_batch55.doc"",""source_sha256"":""0457d0430e9e7f114c91341a715405c3933dd4783762cd74b9871e4918ba887f"",""firm_route_basis"":""原件企业合并格/上下文候选；非登记实体认证""}]",0,按来源/日期/配置版本分别答复；同型号合并附件不等于同配置或逐车资格认证
浙江豪情汽车制造有限公司,JL7000BEV05,0,0,0,0,1,2208试验口径,"[{""purpose_scope"":""2208试验口径"",""source_record_ids"":""old-55-Word97--0-33"",""source_observation_date_upper"":""2022-06-01"",""source_file"":""原件/免征目录/mf_batch55.doc"",""source_sha256"":""0457d0430e9e7f114c91341a715405c3933dd4783762cd74b9871e4918ba887f"",""firm_route_basis"":""原件企业合并格/上下文候选；非登记实体认证""}]",0,按来源/日期/配置版本分别答复；同型号合并附件不等于同配置或逐车资格认证
浙江豪情汽车制造有限公司,JL7000BEV06,0,0,0,0,1,2208试验口径,"[{""purpose_scope"":""2208试验口径"",""source_record_ids"":""old-55-Word97--0-35"",""source_observation_date_upper"":""2022-06-01"",""source_file"":""原件/免征目录/mf_batch55.doc"",""source_sha256"":""0457d0430e9e7f114c91341a715405c3933dd4783762cd74b9871e4918ba887f"",""firm_route_basis"":""原件企业合并格/上下文候选；非登记实体认证""}]",0,按来源/日期/配置版本分别答复；同型号合并附件不等于同配置或逐车资格认证
浙江豪情汽车制造有限公司,JL7000BEV07,0,0,0,0,1,2208试验口径,"[{""purpose_scope"":""2208试验口径"",""source_record_ids"":""old-55-Word97--0-34"",""source_observation_date_upper"":""2022-06-01"",""source_file"":""原件/免征目录/mf_batch55.doc"",""source_sha256"":""0457d0430e9e7f114c91341a715405c3933dd4783762cd74b9871e4918ba887f"",""firm_route_basis"":""原件企业合并格/上下文候选；非登记实体认证""}]",0,按来源/日期/配置版本分别答复；同型号合并附件不等于同配置或逐车资格认证
浙江豪情汽车制造有限公司,JL7000BEV08,0,0,0,0,1,2208试验口径,"[{""purpose_scope"":""2208试验口径"",""source_record_ids"":""old-57-Word97--0-33"",""source_observation_date_upper"":""2022-08-10"",""source_file"":""原件/免征目录/mf_batch57.doc"",""source_sha256"":""96d9708a19952b23d71fc40e9976a33ae30ca118226a032954a93ab36f355f21"",""firm_route_basis"":""原件企业合并格/上下文候选；非登记实体认证""}]",0,按来源/日期/配置版本分别答复；同型号合并附件不等于同配置或逐车资格认证
浙江豪情汽车制造有限公司,JL7000BEV09,0,0,0,0,1,2208试验口径,"[{""purpose_scope"":""2208试验口径"",""source_record_ids"":""old-57-Word97--0-32"",""source_observation_date_upper"":""2022-08-10"",""source_file"":""原件/免征目录/mf_batch57.doc"",""source_sha256"":""96d9708a19952b23d71fc40e9976a33ae30ca118226a032954a93ab36f355f21"",""firm_route_basis"":""原记录firm_raw""}]",0,按来源/日期/配置版本分别答复；同型号合并附件不等于同配置或逐车资格认证
浙江豪情汽车制造有限公司,JL7000BEV52,0,0,0,0,1,2208试验口径,"[{""purpose_scope"":""2208试验口径"",""source_record_ids"":""old-61-Word97--0-30"",""source_observation_date_upper"":""2022-12-19"",""source_file"":""原件/免征目录/mf_batch61.doc"",""source_sha256"":""d360a77695ccf20f3c17a354a1dd02fc846a7ae8bd18b41492515881a7240b72"",""firm_route_basis"":""原件企业合并格/上下文候选；非登记实体认证""}]",0,按来源/日期/配置版本分别答复；同型号合并附件不等于同配置或逐车资格认证
浙江豪情汽车制造有限公司,JL7000BEV53,0,0,0,0,1,2208试验口径,"[{""purpose_scope"":""2208试验口径"",""source_record_ids"":""old-61-Word97--0-32"",""source_observation_date_upper"":""2022-12-19"",""source_file"":""原件/免征目录/mf_batch61.doc"",""source_sha256"":""d360a77695ccf20f3c17a354a1dd02fc846a7ae8bd18b41492515881a7240b72"",""firm_route_basis"":""原件企业合并格/上下文候选；非登记实体认证""}]",0,按来源/日期/配置版本分别答复；同型号合并附件不等于同配置或逐车资格认证
浙江豪情汽车制造有限公司,JL7000BEV54,0,0,0,0,1,2208试验口径,"[{""purpose_scope"":""2208试验口径"",""source_record_ids"":""old-61-Word97--0-31"",""source_observation_date_upper"":""2022-12-19"",""source_file"":""原件/免征目录/mf_batch61.doc"",""source_sha256"":""d360a77695ccf20f3c17a354a1dd02fc846a7ae8bd18b41492515881a7240b72"",""firm_route_basis"":""原件企业合并格/上下文候选；非登记实体认证""}]",0,按来源/日期/配置版本分别答复；同型号合并附件不等于同配置或逐车资格认证
浙江豪情汽车制造有限公司,JL7000BEV55,0,0,0,0,1,2208试验口径,"[{""purpose_scope"":""2208试验口径"",""source_record_ids"":""old-61-Word97--0-34"",""source_observation_date_upper"":""2022-12-19"",""source_file"":""原件/免征目录/mf_batch61.doc"",""source_sha256"":""d360a77695ccf20f3c17a354a1dd02fc846a7ae8bd18b41492515881a7240b72"",""firm_route_basis"":""原件企业合并格/上下文候选；非登记实体认证""}]",0,按来源/日期/配置版本分别答复；同型号合并附件不等于同配置或逐车资格认证
浙江豪情汽车制造有限公司,JL7000BEV57,0,0,0,0,1,2208试验口径,"[{""purpose_scope"":""2208试验口径"",""source_record_ids"":""old-61-Word97--0-29"",""source_observation_date_upper"":""2022-12-19"",""source_file"":""原件/免征目录/mf_batch61.doc"",""source_sha256"":""d360a77695ccf20f3c17a354a1dd02fc846a7ae8bd18b41492515881a7240b72"",""firm_route_basis"":""原记录firm_raw""}]",0,按来源/日期/配置版本分别答复；同型号合并附件不等于同配置或逐车资格认证
浙江豪情汽车制造有限公司,JL7000BEV58,0,0,0,0,1,2208试验口径,"[{""purpose_scope"":""2208试验口径"",""source_record_ids"":""old-61-Word97--0-33"",""source_observation_date_upper"":""2022-12-19"",""source_file"":""原件/免征目录/mf_batch61.doc"",""source_sha256"":""d360a77695ccf20f3c17a354a1dd02fc846a7ae8bd18b41492515881a7240b72"",""firm_route_basis"":""原件企业合并格/上下文候选；非登记实体认证""}]",0,按来源/日期/配置版本分别答复；同型号合并附件不等于同配置或逐车资格认证
浙江豪情汽车制造有限公司,JL7001BEV18,0,0,0,0,1,2208试验口径,"[{""purpose_scope"":""2208试验口径"",""source_record_ids"":""old-08-PDF-grid-2-0-10"",""source_observation_date_upper"":""2016-06-16"",""source_file"":""原件/免征目录/mf_batch08.pdf"",""source_sha256"":""39b242717c026063c908426a890cd361f1165aa5729988d56303b2f8d5fb3b42"",""firm_route_basis"":""原件企业合并格/上下文候选；非登记实体认证""}]",0,按来源/日期/配置版本分别答复；同型号合并附件不等于同配置或逐车资格认证
浙江豪情汽车制造有限公司,JL7001BEV33,0,0,0,0,1,2208试验口径,"[{""purpose_scope"":""2208试验口径"",""source_record_ids"":""old-08-PDF-grid-2-0-7"",""source_observation_date_upper"":""2016-06-16"",""source_file"":""原件/免征目录/mf_batch08.pdf"",""source_sha256"":""39b242717c026063c908426a890cd361f1165aa5729988d56303b2f8d5fb3b42"",""firm_route_basis"":""原记录firm_raw""}]",0,按来源/日期/配置版本分别答复；同型号合并附件不等于同配置或逐车资格认证
浙江豪情汽车制造有限公司,JL7001BEV34,0,0,0,0,1,2208试验口径,"[{""purpose_scope"":""2208试验口径"",""source_record_ids"":""old-07-PDF-grid-1-0-22"",""source_observation_date_upper"":""2016-04-15"",""source_file"":""原件/免征目录/mf_batch07.pdf"",""source_sha256"":""ad8e7f0576c7261a718e5a561358462b598d617361c6f02d7a14fb2038b758b0"",""firm_route_basis"":""原件企业合并格/上下文候选；非登记实体认证""}]",0,按来源/日期/配置版本分别答复；同型号合并附件不等于同配置或逐车资格认证
浙江豪情汽车制造有限公司,JL7001BEV35,0,0,0,0,1,2208试验口径,"[{""purpose_scope"":""2208试验口径"",""source_record_ids"":""old-08-PDF-grid-2-0-8"",""source_observation_date_upper"":""2016-06-16"",""source_file"":""原件/免征目录/mf_batch08.pdf"",""source_sha256"":""39b242717c026063c908426a890cd361f1165aa5729988d56303b2f8d5fb3b42"",""firm_route_basis"":""原件企业合并格/上下文候选；非登记实体认证""}]",0,按来源/日期/配置版本分别答复；同型号合并附件不等于同配置或逐车资格认证
浙江豪情汽车制造有限公司,JL7001BEV36,0,0,0,0,1,2208试验口径,"[{""purpose_scope"":""2208试验口径"",""source_record_ids"":""old-09-PDF-grid-3-0-12"",""source_observation_date_upper"":""2016-12-06"",""source_file"":""原件/免征目录/mf_batch09.pdf"",""source_sha256"":""7eea7200c04fefec34f6ae6db5a1bae77f82a534348f266e95575cae051c8c8c"",""firm_route_basis"":""原件企业合并格/上下文候选；非登记实体认证""}]",0,按来源/日期/配置版本分别答复；同型号合并附件不等于同配置或逐车资格认证
浙江豪情汽车制造有限公司,JL7001BEV38,0,0,0,0,1,2208试验口径,"[{""purpose_scope"":""2208试验口径"",""source_record_ids"":""old-09-PDF-grid-3-0-11"",""source_observation_date_upper"":""2016-12-06"",""source_file"":""原件/免征目录/mf_batch09.pdf"",""source_sha256"":""7eea7200c04fefec34f6ae6db5a1bae77f82a534348f266e95575cae051c8c8c"",""firm_route_basis"":""原件企业合并格/上下文候选；非登记实体认证""}]",0,按来源/日期/配置版本分别答复；同型号合并附件不等于同配置或逐车资格认证
浙江豪情汽车制造有限公司,JL7001BEV39,0,0,0,0,1,2208试验口径,"[{""purpose_scope"":""2208试验口径"",""source_record_ids"":""old-09-PDF-grid-3-0-10"",""source_observation_date_upper"":""2016-12-06"",""source_file"":""原件/免征目录/mf_batch09.pdf"",""source_sha256"":""7eea7200c04fefec34f6ae6db5a1bae77f82a534348f266e95575cae051c8c8c"",""firm_route_basis"":""原记录firm_raw""}]",0,按来源/日期/配置版本分别答复；同型号合并附件不等于同配置或逐车资格认证
浙江豪情汽车制造有限公司,JL7001BEV44,0,0,0,0,1,2208试验口径,"[{""purpose_scope"":""2208试验口径"",""source_record_ids"":""old-09-PDF-grid-3-0-13"",""source_observation_date_upper"":""2016-12-06"",""source_file"":""原件/免征目录/mf_batch09.pdf"",""source_sha256"":""7eea7200c04fefec34f6ae6db5a1bae77f82a534348f266e95575cae051c8c8c"",""firm_route_basis"":""原件企业合并格/上下文候选；非登记实体认证""}]",0,按来源/日期/配置版本分别答复；同型号合并附件不等于同配置或逐车资格认证
浙江豪情汽车制造有限公司,JL7001BEV45,0,0,0,0,1,2208试验口径,"[{""purpose_scope"":""2208试验口径"",""source_record_ids"":""old-10-PDF-grid-2-0-26"",""source_observation_date_upper"":""2017-04-27"",""source_file"":""原件/免征目录/mf_batch10.pdf"",""source_sha256"":""ac1b1ad2605b4f24762fb1f01cea64b685393577d01648618fa1882bb5700ac3"",""firm_route_basis"":""原件企业合并格/上下文候选；非登记实体认证""}]",0,按来源/日期/配置版本分别答复；同型号合并附件不等于同配置或逐车资格认证
浙江豪情汽车制造有限公司,JL7001BEV46,0,0,0,0,1,2208试验口径,"[{""purpose_scope"":""2208试验口径"",""source_record_ids"":""old-10-PDF-grid-2-0-24"",""source_observation_date_upper"":""2017-04-27"",""source_file"":""原件/免征目录/mf_batch10.pdf"",""source_sha256"":""ac1b1ad2605b4f24762fb1f01cea64b685393577d01648618fa1882bb5700ac3"",""firm_route_basis"":""原件企业合并格/上下文候选；非登记实体认证""}]",0,按来源/日期/配置版本分别答复；同型号合并附件不等于同配置或逐车资格认证
浙江豪情汽车制造有限公司,JL7001BEV47,0,0,0,0,1,2208试验口径,"[{""purpose_scope"":""2208试验口径"",""source_record_ids"":""old-11-PDF-grid-2-0-7"",""source_observation_date_upper"":""2017-07-06"",""source_file"":""原件/免征目录/mf_batch11.pdf"",""source_sha256"":""ec4f33e5e872841e6d1fa5d435793c285a15614ef2e64f39b9013389b5e51724"",""firm_route_basis"":""原件企业合并格/上下文候选；非登记实体认证""}]",0,按来源/日期/配置版本分别答复；同型号合并附件不等于同配置或逐车资格认证
浙江豪情汽车制造有限公司,JL7001BEV49,0,0,0,0,1,2208试验口径,"[{""purpose_scope"":""2208试验口径"",""source_record_ids"":""old-11-PDF-grid-2-0-4"",""source_observation_date_upper"":""2017-07-06"",""source_file"":""原件/免征目录/mf_batch11.pdf"",""source_sha256"":""ec4f33e5e872841e6d1fa5d435793c285a15614ef2e64f39b9013389b5e51724"",""firm_route_basis"":""原记录firm_raw""}]",0,按来源/日期/配置版本分别答复；同型号合并附件不等于同配置或逐车资格认证
浙江豪情汽车制造有限公司,JL7001BEV55,0,0,0,0,1,2208试验口径,"[{""purpose_scope"":""2208试验口径"",""source_record_ids"":""old-13-PDF-grid-2-0-23"",""source_observation_date_upper"":""2017-10-30"",""source_file"":""原件/免征目录/mf_batch13.pdf"",""source_sha256"":""e82c4f41c448edbb5269c95f2ff35d0c577f7ff0d12ff30b2d4c307a1aa31a6b"",""firm_route_basis"":""原件企业合并格/上下文候选；非登记实体认证""}]",0,按来源/日期/配置版本分别答复；同型号合并附件不等于同配置或逐车资格认证
浙江豪情汽车制造有限公司,JL7001BEV57,0,0,0,0,1,2208试验口径,"[{""purpose_scope"":""2208试验口径"",""source_record_ids"":""old-15-PDF-grid-1-0-21"",""source_observation_date_upper"":""2017-12-19"",""source_file"":""原件/免征目录/mf_batch15.pdf"",""source_sha256"":""bbb3b1e38c535c13d6ef1bc1f4105509476c91a7e63723dc7a70e372904d90f4"",""firm_route_basis"":""原记录firm_raw""}]",0,按来源/日期/配置版本分别答复；同型号合并附件不等于同配置或逐车资格认证
浙江豪情汽车制造有限公司,JL7001BEV58,0,0,0,0,1,2208试验口径,"[{""purpose_scope"":""2208试验口径"",""source_record_ids"":""old-13-PDF-grid-2-0-21"",""source_observation_date_upper"":""2017-10-30"",""source_file"":""原件/免征目录/mf_batch13.pdf"",""source_sha256"":""e82c4f41c448edbb5269c95f2ff35d0c577f7ff0d12ff30b2d4c307a1aa31a6b"",""firm_route_basis"":""原件企业合并格/上下文候选；非登记实体认证""}]",0,按来源/日期/配置版本分别答复；同型号合并附件不等于同配置或逐车资格认证
浙江豪情汽车制造有限公司,JL7001BEV60,0,0,0,0,1,2208试验口径,"[{""purpose_scope"":""2208试验口径"",""source_record_ids"":""old-13-PDF-grid-2-0-20"",""source_observation_date_upper"":""2017-10-30"",""source_file"":""原件/免征目录/mf_batch13.pdf"",""source_sha256"":""e82c4f41c448edbb5269c95f2ff35d0c577f7ff0d12ff30b2d4c307a1aa31a6b"",""firm_route_basis"":""原件企业合并格/上下文候选；非登记实体认证""}]",0,按来源/日期/配置版本分别答复；同型号合并附件不等于同配置或逐车资格认证
浙江豪情汽车制造有限公司,JL7001SEV01,0,0,0,0,1,2208试验口径,"[{""purpose_scope"":""2208试验口径"",""source_record_ids"":""old-50-Word97--0-29"",""source_observation_date_upper"":""2021-12-29"",""source_file"":""原件/免征目录/mf_batch50.doc"",""source_sha256"":""3810672d92621612507384960254de602e629e75a308df22ee2291519445095e"",""firm_route_basis"":""原记录firm_raw""}]",0,按来源/日期/配置版本分别答复；同型号合并附件不等于同配置或逐车资格认证
浙江豪情汽车制造有限公司,JL7001SEV02,0,0,0,0,1,2208试验口径,"[{""purpose_scope"":""2208试验口径"",""source_record_ids"":""old-50-Word97--0-30"",""source_observation_date_upper"":""2021-12-29"",""source_file"":""原件/免征目录/mf_batch50.doc"",""source_sha256"":""3810672d92621612507384960254de602e629e75a308df22ee2291519445095e"",""firm_route_basis"":""原件企业合并格/上下文候选；非登记实体认证""}]",0,按来源/日期/配置版本分别答复；同型号合并附件不等于同配置或逐车资格认证
浙江豪情汽车制造有限公司,JL7001SEV03,0,0,0,1,0,92逐车资格,"[{""purpose_scope"":""92逐车资格"",""source_record_ids"":""new-04-cell-3192;new-06-cell-4681"",""source_observation_date_upper"":""2024-04-15"",""source_file"":""原件/减免目录/cat_batch4.doc"",""source_sha256"":""e6d4f6d7e11833351bf9e247aa8032273ad029b83385189b0ffebd81d10b8ce6"",""firm_route_basis"":""原记录firm_raw""}]",0,按来源/日期/配置版本分别答复；同型号合并附件不等于同配置或逐车资格认证
浙江豪情汽车制造有限公司,JL7002BEV05,0,0,0,0,1,2208试验口径,"[{""purpose_scope"":""2208试验口径"",""source_record_ids"":""old-46-Word97--0-31"",""source_observation_date_upper"":""2021-09-10"",""source_file"":""原件/免征目录/mf_batch46.doc"",""source_sha256"":""a4b2048b3d5c29a8969f0348e9fd19a3293f0c23e6f37a48bf42a2ed70c7d37d"",""firm_route_basis"":""原记录firm_raw""}]",0,按来源/日期/配置版本分别答复；同型号合并附件不等于同配置或逐车资格认证
浙江豪情汽车制造有限公司,JL7007BEV01,0,0,0,0,1,2208试验口径,"[{""purpose_scope"":""2208试验口径"",""source_record_ids"":""old-59-Word97--0-49"",""source_observation_date_upper"":""2022-10-10"",""source_file"":""原件/免征目录/mf_batch59.doc"",""source_sha256"":""32738e2df847e0c74ff96d48b8a13e1dd9c31aee84b7c0a633e2d9c8a3e01f86"",""firm_route_basis"":""原件企业合并格/上下文候选；非登记实体认证""}]",0,按来源/日期/配置版本分别答复；同型号合并附件不等于同配置或逐车资格认证
浙江豪情汽车制造有限公司,JL7007BEV02,0,0,0,0,1,2208试验口径,"[{""purpose_scope"":""2208试验口径"",""source_record_ids"":""old-61-Word97--0-35"",""source_observation_date_upper"":""2022-12-19"",""source_file"":""原件/免征目录/mf_batch61.doc"",""source_sha256"":""d360a77695ccf20f3c17a354a1dd02fc846a7ae8bd18b41492515881a7240b72"",""firm_route_basis"":""原件企业合并格/上下文候选；非登记实体认证""}]",0,按来源/日期/配置版本分别答复；同型号合并附件不等于同配置或逐车资格认证
浙江豪情汽车制造有限公司,JL7007BEV03,0,0,0,0,1,2208试验口径,"[{""purpose_scope"":""2208试验口径"",""source_record_ids"":""old-59-Word97--0-48"",""source_observation_date_upper"":""2022-10-10"",""source_file"":""原件/免征目录/mf_batch59.doc"",""source_sha256"":""32738e2df847e0c74ff96d48b8a13e1dd9c31aee84b7c0a633e2d9c8a3e01f86"",""firm_route_basis"":""原记录firm_raw""}]",0,按来源/日期/配置版本分别答复；同型号合并附件不等于同配置或逐车资格认证
浙江豪情汽车制造有限公司,JL7007BEV04,0,0,0,0,1,2208试验口径,"[{""purpose_scope"":""2208试验口径"",""source_record_ids"":""old-61-Word97--0-36"",""source_observation_date_upper"":""2022-12-19"",""source_file"":""原件/免征目录/mf_batch61.doc"",""source_sha256"":""d360a77695ccf20f3c17a354a1dd02fc846a7ae8bd18b41492515881a7240b72"",""firm_route_basis"":""原件企业合并格/上下文候选；非登记实体认证""}]",0,按来源/日期/配置版本分别答复；同型号合并附件不等于同配置或逐车资格认证
浙江豪情汽车制造有限公司,JL7007BEV05,0,0,0,0,1,2208试验口径,"[{""purpose_scope"":""2208试验口径"",""source_record_ids"":""old-69-Word97--0-31"",""source_observation_date_upper"":""2023-09-14"",""source_file"":""原件/免征目录/mf_batch69.doc"",""source_sha256"":""357d61a16c94488c9fdd761f393edb7029b05394ab06117abaebcba1a1e45546"",""firm_route_basis"":""原件企业合并格/上下文候选；非登记实体认证""}]",0,按来源/日期/配置版本分别答复；同型号合并附件不等于同配置或逐车资格认证
浙江豪情汽车制造有限公司,JL7007BEV06,0,0,0,0,1,2208试验口径,"[{""purpose_scope"":""2208试验口径"",""source_record_ids"":""old-69-Word97--0-32"",""source_observation_date_upper"":""2023-09-14"",""source_file"":""原件/免征目录/mf_batch69.doc"",""source_sha256"":""357d61a16c94488c9fdd761f393edb7029b05394ab06117abaebcba1a1e45546"",""firm_route_basis"":""原件企业合并格/上下文候选；非登记实体认证""}]",0,按来源/日期/配置版本分别答复；同型号合并附件不等于同配置或逐车资格认证
浙江豪情汽车制造有限公司,JL7007BEV07,0,0,0,0,1,2208试验口径,"[{""purpose_scope"":""2208试验口径"",""source_record_ids"":""old-69-Word97--0-29"",""source_observation_date_upper"":""2023-09-14"",""source_file"":""原件/免征目录/mf_batch69.doc"",""source_sha256"":""357d61a16c94488c9fdd761f393edb7029b05394ab06117abaebcba1a1e45546"",""firm_route_basis"":""原记录firm_raw""}]",0,按来源/日期/配置版本分别答复；同型号合并附件不等于同配置或逐车资格认证
浙江豪情汽车制造有限公司,JL7007BEV08,0,0,0,0,1,2208试验口径,"[{""purpose_scope"":""2208试验口径"",""source_record_ids"":""old-69-Word97--0-30"",""source_observation_date_upper"":""2023-09-14"",""source_file"":""原件/免征目录/mf_batch69.doc"",""source_sha256"":""357d61a16c94488c9fdd761f393edb7029b05394ab06117abaebcba1a1e45546"",""firm_route_basis"":""原件企业合并格/上下文候选；非登记实体认证""}]",0,按来源/日期/配置版本分别答复；同型号合并附件不等于同配置或逐车资格认证
浙江豪情汽车制造有限公司,VCC7002F01VBEV,0,0,0,0,1,2208试验口径,"[{""purpose_scope"":""2208试验口径"",""source_record_ids"":""old-32-Word97--0-15"",""source_observation_date_upper"":""2020-06-02"",""source_file"":""原件/免征目录/mf_batch32.doc"",""source_sha256"":""ad7c65b4831a05b7c70e1e73fe834aa9beed883c66f898e799fcbbeb43cc3d75"",""firm_route_basis"":""原记录firm_raw""}]",0,按来源/日期/配置版本分别答复；同型号合并附件不等于同配置或逐车资格认证
浙江豪情汽车制造有限公司,VCC7002F02VBEV,0,0,0,0,1,2208试验口径,"[{""purpose_scope"":""2208试验口径"",""source_record_ids"":""old-43-Word97--0-10"",""source_observation_date_upper"":""2021-06-11"",""source_file"":""原件/免征目录/mf_batch43.doc"",""source_sha256"":""5d5202dfe31364ec0884640d8bba22b0f640154d0bcc6154272890e604cfc01c"",""firm_route_basis"":""原件企业合并格/上下文候选；非登记实体认证""}]",0,按来源/日期/配置版本分别答复；同型号合并附件不等于同配置或逐车资格认证
浙江豪情汽车制造有限公司,VCC7002F03VBEV,0,0,0,0,1,2208试验口径,"[{""purpose_scope"":""2208试验口径"",""source_record_ids"":""old-43-Word97--0-13"",""source_observation_date_upper"":""2021-06-11"",""source_file"":""原件/免征目录/mf_batch43.doc"",""source_sha256"":""5d5202dfe31364ec0884640d8bba22b0f640154d0bcc6154272890e604cfc01c"",""firm_route_basis"":""原件企业合并格/上下文候选；非登记实体认证""}]",0,按来源/日期/配置版本分别答复；同型号合并附件不等于同配置或逐车资格认证
浙江豪情汽车制造有限公司,VCC7002F04VBEV,0,0,0,0,1,2208试验口径,"[{""purpose_scope"":""2208试验口径"",""source_record_ids"":""old-43-Word97--0-14"",""source_observation_date_upper"":""2021-06-11"",""source_file"":""原件/免征目录/mf_batch43.doc"",""source_sha256"":""5d5202dfe31364ec0884640d8bba22b0f640154d0bcc6154272890e604cfc01c"",""firm_route_basis"":""原件企业合并格/上下文候选；非登记实体认证""}]",0,按来源/日期/配置版本分别答复；同型号合并附件不等于同配置或逐车资格认证
浙江豪情汽车制造有限公司,VCC7002F05VBEV,0,0,0,0,1,2208试验口径,"[{""purpose_scope"":""2208试验口径"",""source_record_ids"":""old-43-Word97--0-11"",""source_observation_date_upper"":""2021-06-11"",""source_file"":""原件/免征目录/mf_batch43.doc"",""source_sha256"":""5d5202dfe31364ec0884640d8bba22b0f640154d0bcc6154272890e604cfc01c"",""firm_route_basis"":""原件企业合并格/上下文候选；非登记实体认证""}]",0,按来源/日期/配置版本分别答复；同型号合并附件不等于同配置或逐车资格认证
浙江豪情汽车制造有限公司,VCC7002F07VBEV,0,0,0,0,1,2208试验口径,"[{""purpose_scope"":""2208试验口径"",""source_record_ids"":""old-43-Word97--0-8"",""source_observation_date_upper"":""2021-06-11"",""source_file"":""原件/免征目录/mf_batch43.doc"",""source_sha256"":""5d5202dfe31364ec0884640d8bba22b0f640154d0bcc6154272890e604cfc01c"",""firm_route_basis"":""原记录firm_raw""}]",0,按来源/日期/配置版本分别答复；同型号合并附件不等于同配置或逐车资格认证
浙江豪情汽车制造有限公司,VCC7002F08VBEV,0,0,0,0,1,2208试验口径,"[{""purpose_scope"":""2208试验口径"",""source_record_ids"":""old-43-Word97--0-12"",""source_observation_date_upper"":""2021-06-11"",""source_file"":""原件/免征目录/mf_batch43.doc"",""source_sha256"":""5d5202dfe31364ec0884640d8bba22b0f640154d0bcc6154272890e604cfc01c"",""firm_route_basis"":""原件企业合并格/上下文候选；非登记实体认证""}]",0,按来源/日期/配置版本分别答复；同型号合并附件不等于同配置或逐车资格认证
浙江豪情汽车制造有限公司,VCC7002F09VBEV,0,0,0,0,1,2208试验口径,"[{""purpose_scope"":""2208试验口径"",""source_record_ids"":""old-47-Word97--0-23"",""source_observation_date_upper"":""2021-09-30"",""source_file"":""原件/免征目录/mf_batch47.doc"",""source_sha256"":""fb4517fe8220b10bc435a77a5328df13c732c70b335942dfad0ae9394affe9b4"",""firm_route_basis"":""原件企业合并格/上下文候选；非登记实体认证""}]",0,按来源/日期/配置版本分别答复；同型号合并附件不等于同配置或逐车资格认证
浙江豪情汽车制造有限公司,VCC7002F10VBEV,0,0,0,0,1,2208试验口径,"[{""purpose_scope"":""2208试验口径"",""source_record_ids"":""old-47-Word97--0-24"",""source_observation_date_upper"":""2021-09-30"",""source_file"":""原件/免征目录/mf_batch47.doc"",""source_sha256"":""fb4517fe8220b10bc435a77a5328df13c732c70b335942dfad0ae9394affe9b4"",""firm_route_basis"":""原件企业合并格/上下文候选；非登记实体认证""}]",0,按来源/日期/配置版本分别答复；同型号合并附件不等于同配置或逐车资格认证
浙江豪情汽车制造有限公司,VCC7002F11VBEV,0,0,0,0,1,2208试验口径,"[{""purpose_scope"":""2208试验口径"",""source_record_ids"":""old-53-Word97--0-22"",""source_observation_date_upper"":""2022-04-08"",""source_file"":""原件/免征目录/mf_batch53.doc"",""source_sha256"":""a1f426ff77c80bce4d153fbfb6d01a7b6c6c87539f52ac4643edb7b060e21d2a"",""firm_route_basis"":""原件企业合并格/上下文候选；非登记实体认证""}]",0,按来源/日期/配置版本分别答复；同型号合并附件不等于同配置或逐车资格认证
浙江豪情汽车制造有限公司,VCC7002F12VBEV,0,0,0,0,1,2208试验口径,"[{""purpose_scope"":""2208试验口径"",""source_record_ids"":""old-53-Word97--0-21"",""source_observation_date_upper"":""2022-04-08"",""source_file"":""原件/免征目录/mf_batch53.doc"",""source_sha256"":""a1f426ff77c80bce4d153fbfb6d01a7b6c6c87539f52ac4643edb7b060e21d2a"",""firm_route_basis"":""原件企业合并格/上下文候选；非登记实体认证""}]",0,按来源/日期/配置版本分别答复；同型号合并附件不等于同配置或逐车资格认证
浙江豪情汽车制造有限公司,VCC7002F21VBEV,0,0,0,0,1,2208试验口径,"[{""purpose_scope"":""2208试验口径"",""source_record_ids"":""old-64-Word97--0-17"",""source_observation_date_upper"":""2023-04-17"",""source_file"":""原件/免征目录/mf_batch64.doc"",""source_sha256"":""c4e238989e7e40ec2c3a6a899ead170b4a745bc72546ba6fd4a5731d8890c6cb"",""firm_route_basis"":""原件企业合并格/上下文候选；非登记实体认证""}]",0,按来源/日期/配置版本分别答复；同型号合并附件不等于同配置或逐车资格认证
浙江豪情汽车制造有限公司,VCC7002F22VBEV,0,0,0,0,1,2208试验口径,"[{""purpose_scope"":""2208试验口径"",""source_record_ids"":""old-64-Word97--0-16"",""source_observation_date_upper"":""2023-04-17"",""source_file"":""原件/免征目录/mf_batch64.doc"",""source_sha256"":""c4e238989e7e40ec2c3a6a899ead170b4a745bc72546ba6fd4a5731d8890c6cb"",""firm_route_basis"":""原件企业合并格/上下文候选；非登记实体认证""}]",0,按来源/日期/配置版本分别答复；同型号合并附件不等于同配置或逐车资格认证
浙江豪情汽车制造有限公司,VCC7002F23VBEV,0,0,0,0,1,2208试验口径,"[{""purpose_scope"":""2208试验口径"",""source_record_ids"":""old-64-Word97--0-15"",""source_observation_date_upper"":""2023-04-17"",""source_file"":""原件/免征目录/mf_batch64.doc"",""source_sha256"":""c4e238989e7e40ec2c3a6a899ead170b4a745bc72546ba6fd4a5731d8890c6cb"",""firm_route_basis"":""原记录firm_raw""}]",0,按来源/日期/配置版本分别答复；同型号合并附件不等于同配置或逐车资格认证
浙江豪情汽车制造有限公司,VCC7002F24VBEV,0,0,0,0,1,2208试验口径,"[{""purpose_scope"":""2208试验口径"",""source_record_ids"":""old-64-Word97--0-18"",""source_observation_date_upper"":""2023-04-17"",""source_file"":""原件/免征目录/mf_batch64.doc"",""source_sha256"":""c4e238989e7e40ec2c3a6a899ead170b4a745bc72546ba6fd4a5731d8890c6cb"",""firm_route_basis"":""原件企业合并格/上下文候选；非登记实体认证""}]",0,按来源/日期/配置版本分别答复；同型号合并附件不等于同配置或逐车资格认证
浙江豪情汽车制造有限公司,VCC7002F25VBEV,0,0,0,0,1,2208试验口径,"[{""purpose_scope"":""2208试验口径"",""source_record_ids"":""old-67-Word97--0-13"",""source_observation_date_upper"":""2023-07-17"",""source_file"":""原件/免征目录/mf_batch67.doc"",""source_sha256"":""963a02fcc1f361414f4f003c6d63e00b178d0b962134ed2206c38978f3118101"",""firm_route_basis"":""原件企业合并格/上下文候选；非登记实体认证""}]",0,按来源/日期/配置版本分别答复；同型号合并附件不等于同配置或逐车资格认证
浙江豪情汽车制造有限公司,VCC7002F26VBEV,0,0,0,0,1,2208试验口径,"[{""purpose_scope"":""2208试验口径"",""source_record_ids"":""old-67-Word97--0-12"",""source_observation_date_upper"":""2023-07-17"",""source_file"":""原件/免征目录/mf_batch67.doc"",""source_sha256"":""963a02fcc1f361414f4f003c6d63e00b178d0b962134ed2206c38978f3118101"",""firm_route_basis"":""原记录firm_raw""}]",0,按来源/日期/配置版本分别答复；同型号合并附件不等于同配置或逐车资格认证
浙江豪情汽车制造有限公司,VCC7003F01XBEV,0,0,0,0,1,2208试验口径,"[{""purpose_scope"":""2208试验口径"",""source_record_ids"":""old-36-Word97--0-7"",""source_observation_date_upper"":""2020-10-30"",""source_file"":""原件/免征目录/mf_batch36.doc"",""source_sha256"":""05cfcfd9136685ad6d6e13b8228cd123cca109c26f43a4c71472016b5a610a9f"",""firm_route_basis"":""原记录firm_raw""}]",0,按来源/日期/配置版本分别答复；同型号合并附件不等于同配置或逐车资格认证
浙江豪情汽车制造有限公司,VCC7003F02XBEV,0,0,0,0,1,2208试验口径,"[{""purpose_scope"":""2208试验口径"",""source_record_ids"":""old-53-Word97--0-23"",""source_observation_date_upper"":""2022-04-08"",""source_file"":""原件/免征目录/mf_batch53.doc"",""source_sha256"":""a1f426ff77c80bce4d153fbfb6d01a7b6c6c87539f52ac4643edb7b060e21d2a"",""firm_route_basis"":""原件企业合并格/上下文候选；非登记实体认证""}]",0,按来源/日期/配置版本分别答复；同型号合并附件不等于同配置或逐车资格认证
浙江豪情汽车制造有限公司,VCC7003F03XBEV,0,0,0,0,1,2208试验口径,"[{""purpose_scope"":""2208试验口径"",""source_record_ids"":""old-47-Word97--0-22"",""source_observation_date_upper"":""2021-09-30"",""source_file"":""原件/免征目录/mf_batch47.doc"",""source_sha256"":""fb4517fe8220b10bc435a77a5328df13c732c70b335942dfad0ae9394affe9b4"",""firm_route_basis"":""原记录firm_raw""}]",0,按来源/日期/配置版本分别答复；同型号合并附件不等于同配置或逐车资格认证
浙江豪情汽车制造有限公司,VCC7003F04XBEV,0,0,0,0,1,2208试验口径,"[{""purpose_scope"":""2208试验口径"",""source_record_ids"":""old-42-Word97--0-32"",""source_observation_date_upper"":""2021-04-30"",""source_file"":""原件/免征目录/mf_batch42.doc"",""source_sha256"":""fef4fd8ea19d773d368642e51a4bdb24c148530251a2240be4ff1358d5d41fab"",""firm_route_basis"":""原记录firm_raw""}]",0,按来源/日期/配置版本分别答复；同型号合并附件不等于同配置或逐车资格认证
浙江豪情汽车制造有限公司,VCC7003F05XBEV,0,0,0,0,1,2208试验口径,"[{""purpose_scope"":""2208试验口径"",""source_record_ids"":""old-63-Word97--0-19"",""source_observation_date_upper"":""2023-03-10"",""source_file"":""原件/免征目录/mf_batch63.doc"",""source_sha256"":""1d0f4bf9c7c1f67712e9efa3a5e3222c30d4e438653b9335aaff9714e65f8c05"",""firm_route_basis"":""原件企业合并格/上下文候选；非登记实体认证""}]",0,按来源/日期/配置版本分别答复；同型号合并附件不等于同配置或逐车资格认证
浙江豪情汽车制造有限公司,VCC7003F06XBEV,0,0,0,0,1,2208试验口径,"[{""purpose_scope"":""2208试验口径"",""source_record_ids"":""old-64-Word97--0-22"",""source_observation_date_upper"":""2023-04-17"",""source_file"":""原件/免征目录/mf_batch64.doc"",""source_sha256"":""c4e238989e7e40ec2c3a6a899ead170b4a745bc72546ba6fd4a5731d8890c6cb"",""firm_route_basis"":""原件企业合并格/上下文候选；非登记实体认证""}]",0,按来源/日期/配置版本分别答复；同型号合并附件不等于同配置或逐车资格认证
浙江豪情汽车制造有限公司,VCC7003F07XBEV,0,0,0,0,1,2208试验口径,"[{""purpose_scope"":""2208试验口径"",""source_record_ids"":""old-64-Word97--0-19"",""source_observation_date_upper"":""2023-04-17"",""source_file"":""原件/免征目录/mf_batch64.doc"",""source_sha256"":""c4e238989e7e40ec2c3a6a899ead170b4a745bc72546ba6fd4a5731d8890c6cb"",""firm_route_basis"":""原件企业合并格/上下文候选；非登记实体认证""}]",0,按来源/日期/配置版本分别答复；同型号合并附件不等于同配置或逐车资格认证
浙江豪情汽车制造有限公司,VCC7003F41XBEV,0,0,0,0,1,2208试验口径,"[{""purpose_scope"":""2208试验口径"",""source_record_ids"":""old-53-Word97--0-20"",""source_observation_date_upper"":""2022-04-08"",""source_file"":""原件/免征目录/mf_batch53.doc"",""source_sha256"":""a1f426ff77c80bce4d153fbfb6d01a7b6c6c87539f52ac4643edb7b060e21d2a"",""firm_route_basis"":""原件企业合并格/上下文候选；非登记实体认证""}]",0,按来源/日期/配置版本分别答复；同型号合并附件不等于同配置或逐车资格认证
浙江豪情汽车制造有限公司,VCC7003F42XBEV,0,0,0,0,1,2208试验口径,"[{""purpose_scope"":""2208试验口径"",""source_record_ids"":""old-53-Word97--0-19"",""source_observation_date_upper"":""2022-04-08"",""source_file"":""原件/免征目录/mf_batch53.doc"",""source_sha256"":""a1f426ff77c80bce4d153fbfb6d01a7b6c6c87539f52ac4643edb7b060e21d2a"",""firm_route_basis"":""原记录firm_raw""}]",0,按来源/日期/配置版本分别答复；同型号合并附件不等于同配置或逐车资格认证
浙江豪情汽车制造有限公司,VCC7003F43XBEV,0,0,0,0,1,2208试验口径,"[{""purpose_scope"":""2208试验口径"",""source_record_ids"":""old-63-Word97--0-20"",""source_observation_date_upper"":""2023-03-10"",""source_file"":""原件/免征目录/mf_batch63.doc"",""source_sha256"":""1d0f4bf9c7c1f67712e9efa3a5e3222c30d4e438653b9335aaff9714e65f8c05"",""firm_route_basis"":""原件企业合并格/上下文候选；非登记实体认证""}]",0,按来源/日期/配置版本分别答复；同型号合并附件不等于同配置或逐车资格认证
浙江豪情汽车制造有限公司,VCC7003F44XBEV,0,0,0,0,1,2208试验口径,"[{""purpose_scope"":""2208试验口径"",""source_record_ids"":""old-64-Word97--0-20"",""source_observation_date_upper"":""2023-04-17"",""source_file"":""原件/免征目录/mf_batch64.doc"",""source_sha256"":""c4e238989e7e40ec2c3a6a899ead170b4a745bc72546ba6fd4a5731d8890c6cb"",""firm_route_basis"":""原件企业合并格/上下文候选；非登记实体认证""}]",0,按来源/日期/配置版本分别答复；同型号合并附件不等于同配置或逐车资格认证
浙江豪情汽车制造有限公司,VCC7003F45XBEV,0,0,0,0,1,2208试验口径,"[{""purpose_scope"":""2208试验口径"",""source_record_ids"":""old-64-Word97--0-21"",""source_observation_date_upper"":""2023-04-17"",""source_file"":""原件/免征目录/mf_batch64.doc"",""source_sha256"":""c4e238989e7e40ec2c3a6a899ead170b4a745bc72546ba6fd4a5731d8890c6cb"",""firm_route_basis"":""原件企业合并格/上下文候选；非登记实体认证""}]",0,按来源/日期/配置版本分别答复；同型号合并附件不等于同配置或逐车资格认证
浙江豪情汽车制造有限公司,VCC7006F012BEV,0,0,0,0,1,2208试验口径,"[{""purpose_scope"":""2208试验口径"",""source_record_ids"":""old-70-Word97--0-18"",""source_observation_date_upper"":""2023-10-18"",""source_file"":""原件/免征目录/mf_batch70.doc"",""source_sha256"":""29b9f5df62602e114f0ed01426c185fdb15a654022cdf16d4df624bb736ed813"",""firm_route_basis"":""原件企业合并格/上下文候选；非登记实体认证""}]",0,按来源/日期/配置版本分别答复；同型号合并附件不等于同配置或逐车资格认证
浙江豪情汽车制造有限公司,VCC7006F022BEV,0,0,0,0,1,2208试验口径,"[{""purpose_scope"":""2208试验口径"",""source_record_ids"":""old-70-Word97--0-16"",""source_observation_date_upper"":""2023-10-18"",""source_file"":""原件/免征目录/mf_batch70.doc"",""source_sha256"":""29b9f5df62602e114f0ed01426c185fdb15a654022cdf16d4df624bb736ed813"",""firm_route_basis"":""原记录firm_raw""}]",0,按来源/日期/配置版本分别答复；同型号合并附件不等于同配置或逐车资格认证
浙江豪情汽车制造有限公司,VCC7006F032BEV,0,0,0,0,1,2208试验口径,"[{""purpose_scope"":""2208试验口径"",""source_record_ids"":""old-70-Word97--0-17"",""source_observation_date_upper"":""2023-10-18"",""source_file"":""原件/免征目录/mf_batch70.doc"",""source_sha256"":""29b9f5df62602e114f0ed01426c185fdb15a654022cdf16d4df624bb736ed813"",""firm_route_basis"":""原件企业合并格/上下文候选；非登记实体认证""}]",0,按来源/日期/配置版本分别答复；同型号合并附件不等于同配置或逐车资格认证
浙江飞碟汽车制造有限公司,FD6450BEV,0,0,0,0,1,2208试验口径,"[{""purpose_scope"":""2208试验口径"",""source_record_ids"":""old-07-PDF-grid-1-0-20"",""source_observation_date_upper"":""2016-04-15"",""source_file"":""原件/免征目录/mf_batch07.pdf"",""source_sha256"":""ad8e7f0576c7261a718e5a561358462b598d617361c6f02d7a14fb2038b758b0"",""firm_route_basis"":""原记录firm_raw""}]",0,按来源/日期/配置版本分别答复；同型号合并附件不等于同配置或逐车资格认证
海南海马汽车有限公司,HMC6482PM0BEV,0,0,0,0,1,2208试验口径,"[{""purpose_scope"":""2208试验口径"",""source_record_ids"":""old-58-Word97--0-15"",""source_observation_date_upper"":""2022-09-16"",""source_file"":""原件/免征目录/mf_batch58.doc"",""source_sha256"":""b642358bb3078d2dde909a798935c0c1fc75d90f22b33f7c48aa87209acc100d"",""firm_route_basis"":""原记录firm_raw""}]",0,按来源/日期/配置版本分别答复；同型号合并附件不等于同配置或逐车资格认证
海马商务汽车有限公司,ZQ6420DP1BEV,0,0,0,0,1,2208试验口径,"[{""purpose_scope"":""2208试验口径"",""source_record_ids"":""old-22-Word97--0-35"",""source_observation_date_upper"":""2018-12-18"",""source_file"":""原件/免征目录/mf_batch22.doc"",""source_sha256"":""eaf3fc1e64742af85b3d4bc90388d0a93154a497fd6c1fb9bf73b857672e1212"",""firm_route_basis"":""原记录firm_raw""}]",0,按来源/日期/配置版本分别答复；同型号合并附件不等于同配置或逐车资格认证
海马汽车有限公司,HMA7000ABBEV,0,0,0,0,1,2208试验口径,"[{""purpose_scope"":""2208试验口径"",""source_record_ids"":""old-27-Word97--0-41"",""source_observation_date_upper"":""2019-10-25"",""source_file"":""原件/免征目录/mf_batch27.doc"",""source_sha256"":""2bd67cf7e1efc03ae93942d0d340ffef87478709520383b6ee4d08baf843ead1"",""firm_route_basis"":""原记录firm_raw""}]",0,按来源/日期/配置版本分别答复；同型号合并附件不等于同配置或逐车资格认证
海马汽车有限公司,HMA7000ACBEV,0,0,0,0,1,2208试验口径,"[{""purpose_scope"":""2208试验口径"",""source_record_ids"":""old-24-Word97--1-6"",""source_observation_date_upper"":""2019-04-30"",""source_file"":""原件/免征目录/mf_batch24.wps"",""source_sha256"":""07775a0cb063fe0fce5880b9378dd1eb2522b725d645cabdee314d604779939d"",""firm_route_basis"":""原记录firm_raw""}]",0,按来源/日期/配置版本分别答复；同型号合并附件不等于同配置或逐车资格认证
海马汽车有限公司,HMA7000ADBEV,0,0,0,0,1,2208试验口径,"[{""purpose_scope"":""2208试验口径"",""source_record_ids"":""old-27-Word97--0-42"",""source_observation_date_upper"":""2019-10-25"",""source_file"":""原件/免征目录/mf_batch27.doc"",""source_sha256"":""2bd67cf7e1efc03ae93942d0d340ffef87478709520383b6ee4d08baf843ead1"",""firm_route_basis"":""原件企业合并格/上下文候选；非登记实体认证""}]",0,按来源/日期/配置版本分别答复；同型号合并附件不等于同配置或逐车资格认证
海马汽车有限公司,HMA7000AEBEV,0,0,0,0,1,2208试验口径,"[{""purpose_scope"":""2208试验口径"",""source_record_ids"":""old-27-Word97--0-43"",""source_observation_date_upper"":""2019-10-25"",""source_file"":""原件/免征目录/mf_batch27.doc"",""source_sha256"":""2bd67cf7e1efc03ae93942d0d340ffef87478709520383b6ee4d08baf843ead1"",""firm_route_basis"":""原件企业合并格/上下文候选；非登记实体认证""}]",0,按来源/日期/配置版本分别答复；同型号合并附件不等于同配置或逐车资格认证
海马汽车有限公司,HMA7000AFBEV,0,0,0,0,1,2208试验口径,"[{""purpose_scope"":""2208试验口径"",""source_record_ids"":""old-27-Word97--0-44"",""source_observation_date_upper"":""2019-10-25"",""source_file"":""原件/免征目录/mf_batch27.doc"",""source_sha256"":""2bd67cf7e1efc03ae93942d0d340ffef87478709520383b6ee4d08baf843ead1"",""firm_route_basis"":""原件企业合并格/上下文候选；非登记实体认证""}]",0,按来源/日期/配置版本分别答复；同型号合并附件不等于同配置或逐车资格认证
海马汽车有限公司,HMA7000S60BEV,0,0,0,0,1,2208试验口径,"[{""purpose_scope"":""2208试验口径"",""source_record_ids"":""old-13-PDF-grid-1-0-15"",""source_observation_date_upper"":""2017-10-30"",""source_file"":""原件/免征目录/mf_batch13.pdf"",""source_sha256"":""e82c4f41c448edbb5269c95f2ff35d0c577f7ff0d12ff30b2d4c307a1aa31a6b"",""firm_route_basis"":""原记录firm_raw""}]",0,按来源/日期/配置版本分别答复；同型号合并附件不等于同配置或逐车资格认证
海马汽车有限公司,HMA7000S68BEV,0,0,0,0,1,2208试验口径,"[{""purpose_scope"":""2208试验口径"",""source_record_ids"":""old-21-DOCX--0-6"",""source_observation_date_upper"":""2018-11-06"",""source_file"":""原件/免征目录/mf_batch21.docx"",""source_sha256"":""cd981cecffd781db646c194ab2c853b0466cc86eea0f616e95300b88932b8d9b"",""firm_route_basis"":""原记录firm_raw""}]",0,按来源/日期/配置版本分别答复；同型号合并附件不等于同配置或逐车资格认证
海马汽车有限公司,HMA7001DABEV,0,0,0,0,1,2208试验口径,"[{""purpose_scope"":""2208试验口径"",""source_record_ids"":""old-25-Word97--0-21"",""source_observation_date_upper"":""2019-06-12"",""source_file"":""原件/免征目录/mf_batch25.wps"",""source_sha256"":""9d2abe319463522513fe9c90f98bb8d0a825b599267d0b3cc403cec9624b3297"",""firm_route_basis"":""原记录firm_raw""}]",0,按来源/日期/配置版本分别答复；同型号合并附件不等于同配置或逐车资格认证
海马汽车有限公司,HMA7001DCBEV,0,0,0,0,1,2208试验口径,"[{""purpose_scope"":""2208试验口径"",""source_record_ids"":""old-26-DOCX--0-15"",""source_observation_date_upper"":""2019-08-30"",""source_file"":""原件/免征目录/mf_batch26.docx"",""source_sha256"":""de0890335ef3a4f1302a8a0735ec8b6aed52e994e2635db481820060d62248b5"",""firm_route_basis"":""原记录firm_raw""}]",0,按来源/日期/配置版本分别答复；同型号合并附件不等于同配置或逐车资格认证
海马汽车有限公司,HMA7001DDBEV,0,0,0,0,1,2208试验口径,"[{""purpose_scope"":""2208试验口径"",""source_record_ids"":""old-25-Word97--0-22"",""source_observation_date_upper"":""2019-06-12"",""source_file"":""原件/免征目录/mf_batch25.wps"",""source_sha256"":""9d2abe319463522513fe9c90f98bb8d0a825b599267d0b3cc403cec9624b3297"",""firm_route_basis"":""原件企业合并格/上下文候选；非登记实体认证""}]",0,按来源/日期/配置版本分别答复；同型号合并附件不等于同配置或逐车资格认证
海马汽车有限公司,HMA7001DEBEV,0,0,0,0,1,2208试验口径,"[{""purpose_scope"":""2208试验口径"",""source_record_ids"":""old-25-Word97--0-23"",""source_observation_date_upper"":""2019-06-12"",""source_file"":""原件/免征目录/mf_batch25.wps"",""source_sha256"":""9d2abe319463522513fe9c90f98bb8d0a825b599267d0b3cc403cec9624b3297"",""firm_route_basis"":""原件企业合并格/上下文候选；非登记实体认证""}]",0,按来源/日期/配置版本分别答复；同型号合并附件不等于同配置或逐车资格认证
海马汽车有限公司,HMA7001DGBEV,0,0,0,0,1,2208试验口径,"[{""purpose_scope"":""2208试验口径"",""source_record_ids"":""old-30-Word97--0-22"",""source_observation_date_upper"":""2020-03-13"",""source_file"":""原件/免征目录/mf_batch30.doc"",""source_sha256"":""e7fa3b47858ec2035b8055bc15be00b2b26920a5e8d3cad481058a80b92ead24"",""firm_route_basis"":""原件企业合并格/上下文候选；非登记实体认证""}]",0,按来源/日期/配置版本分别答复；同型号合并附件不等于同配置或逐车资格认证
海马汽车有限公司,HMA7001DHBEV,0,0,0,0,1,2208试验口径,"[{""purpose_scope"":""2208试验口径"",""source_record_ids"":""old-38-Word97--0-25"",""source_observation_date_upper"":""2020-12-30"",""source_file"":""原件/免征目录/mf_batch38.doc"",""source_sha256"":""7c9def45fe5c40e4c5ffb483a1d1efd383c12cb16a5c4ba021d4ce28384776de"",""firm_route_basis"":""原记录firm_raw""}]",0,按来源/日期/配置版本分别答复；同型号合并附件不等于同配置或逐车资格认证
海马汽车有限公司,HMA7001S60BEV,0,0,0,0,1,2208试验口径,"[{""purpose_scope"":""2208试验口径"",""source_record_ids"":""old-14-Word97--0-14"",""source_observation_date_upper"":""2017-12-05"",""source_file"":""原件/免征目录/mf_batch14.docx"",""source_sha256"":""6a48764b5ccb7c4ffa6f54daa44d3a42095b8a981fc982e774ddaaded41e9921"",""firm_route_basis"":""原件企业合并格/上下文候选；非登记实体认证""}]",0,按来源/日期/配置版本分别答复；同型号合并附件不等于同配置或逐车资格认证
海马汽车有限公司,HMA7001S68BEV,0,0,0,0,1,2208试验口径,"[{""purpose_scope"":""2208试验口径"",""source_record_ids"":""old-21-DOCX--0-7"",""source_observation_date_upper"":""2018-11-06"",""source_file"":""原件/免征目录/mf_batch21.docx"",""source_sha256"":""cd981cecffd781db646c194ab2c853b0466cc86eea0f616e95300b88932b8d9b"",""firm_route_basis"":""原件企业合并格/上下文候选；非登记实体认证""}]",0,按来源/日期/配置版本分别答复；同型号合并附件不等于同配置或逐车资格认证
海马汽车有限公司,HMA7002S302BEV,0,0,0,0,1,2208试验口径,"[{""purpose_scope"":""2208试验口径"",""source_record_ids"":""old-14-Word97--0-13"",""source_observation_date_upper"":""2017-12-05"",""source_file"":""原件/免征目录/mf_batch14.docx"",""source_sha256"":""6a48764b5ccb7c4ffa6f54daa44d3a42095b8a981fc982e774ddaaded41e9921"",""firm_route_basis"":""原记录firm_raw""}]",0,按来源/日期/配置版本分别答复；同型号合并附件不等于同配置或逐车资格认证
海马汽车有限公司,HMA7002S30BEV,0,0,0,0,1,2208试验口径,"[{""purpose_scope"":""2208试验口径"",""source_record_ids"":""old-10-PDF-grid-2-0-3"",""source_observation_date_upper"":""2017-04-27"",""source_file"":""原件/免征目录/mf_batch10.pdf"",""source_sha256"":""ac1b1ad2605b4f24762fb1f01cea64b685393577d01648618fa1882bb5700ac3"",""firm_route_basis"":""原记录firm_raw""}]",0,按来源/日期/配置版本分别答复；同型号合并附件不等于同配置或逐车资格认证
海马汽车有限公司,HMA7002S60BEV,0,0,0,0,1,2208试验口径,"[{""purpose_scope"":""2208试验口径"",""source_record_ids"":""old-15-PDF-grid-1-0-12"",""source_observation_date_upper"":""2017-12-19"",""source_file"":""原件/免征目录/mf_batch15.pdf"",""source_sha256"":""bbb3b1e38c535c13d6ef1bc1f4105509476c91a7e63723dc7a70e372904d90f4"",""firm_route_basis"":""原件企业合并格/上下文候选；非登记实体认证""}]",0,按来源/日期/配置版本分别答复；同型号合并附件不等于同配置或逐车资格认证
海马汽车有限公司,HMA7002S68BEV,0,0,0,0,1,2208试验口径,"[{""purpose_scope"":""2208试验口径"",""source_record_ids"":""old-21-DOCX--0-8"",""source_observation_date_upper"":""2018-11-06"",""source_file"":""原件/免征目录/mf_batch21.docx"",""source_sha256"":""cd981cecffd781db646c194ab2c853b0466cc86eea0f616e95300b88932b8d9b"",""firm_route_basis"":""原件企业合并格/上下文候选；非登记实体认证""}]",0,按来源/日期/配置版本分别答复；同型号合并附件不等于同配置或逐车资格认证
海马汽车有限公司,HMA7003S13BEV,0,0,0,0,1,2208试验口径,"[{""purpose_scope"":""2208试验口径"",""source_record_ids"":""old-11-PDF-grid-1-0-17"",""source_observation_date_upper"":""2017-07-06"",""source_file"":""原件/免征目录/mf_batch11.pdf"",""source_sha256"":""ec4f33e5e872841e6d1fa5d435793c285a15614ef2e64f39b9013389b5e51724"",""firm_route_basis"":""原记录firm_raw""}]",0,按来源/日期/配置版本分别答复；同型号合并附件不等于同配置或逐车资格认证
海马汽车有限公司,HMA7003S201BEV,0,0,0,0,1,2208试验口径,"[{""purpose_scope"":""2208试验口径"",""source_record_ids"":""old-16-Word97--0-21"",""source_observation_date_upper"":""2018-02-13"",""source_file"":""原件/免征目录/mf_batch16.docx"",""source_sha256"":""9db5ace6c1c59bd9636d48636f94fa77d2b6e0aa27b109421690ce6a8c4a3967"",""firm_route_basis"":""原记录firm_raw""}]",0,按来源/日期/配置版本分别答复；同型号合并附件不等于同配置或逐车资格认证
海马汽车有限公司,HMA7003S202BEV,0,0,0,0,1,2208试验口径,"[{""purpose_scope"":""2208试验口径"",""source_record_ids"":""old-21-DOCX--0-9"",""source_observation_date_upper"":""2018-11-06"",""source_file"":""原件/免征目录/mf_batch21.docx"",""source_sha256"":""cd981cecffd781db646c194ab2c853b0466cc86eea0f616e95300b88932b8d9b"",""firm_route_basis"":""原件企业合并格/上下文候选；非登记实体认证""}]",0,按来源/日期/配置版本分别答复；同型号合并附件不等于同配置或逐车资格认证
海马汽车有限公司,HMA7003S203BEV,0,0,0,0,1,2208试验口径,"[{""purpose_scope"":""2208试验口径"",""source_record_ids"":""old-21-DOCX--0-10"",""source_observation_date_upper"":""2018-11-06"",""source_file"":""原件/免征目录/mf_batch21.docx"",""source_sha256"":""cd981cecffd781db646c194ab2c853b0466cc86eea0f616e95300b88932b8d9b"",""firm_route_basis"":""原件企业合并格/上下文候选；非登记实体认证""}]",0,按来源/日期/配置版本分别答复；同型号合并附件不等于同配置或逐车资格认证
海马汽车有限公司,HMA7003S204BEV,0,0,0,0,1,2208试验口径,"[{""purpose_scope"":""2208试验口径"",""source_record_ids"":""old-23-Word97--0-26"",""source_observation_date_upper"":""2019-03-13"",""source_file"":""原件/免征目录/mf_batch23.docx"",""source_sha256"":""87f838de0da3ba5887f77b2bf5c1dbf5b427e7cef896309a7084c11dd8f5efa0"",""firm_route_basis"":""原记录firm_raw""}]",0,按来源/日期/配置版本分别答复；同型号合并附件不等于同配置或逐车资格认证
海马汽车有限公司,HMA7003S68BEV,0,0,0,0,1,2208试验口径,"[{""purpose_scope"":""2208试验口径"",""source_record_ids"":""old-21-DOCX--0-11"",""source_observation_date_upper"":""2018-11-06"",""source_file"":""原件/免征目录/mf_batch21.docx"",""source_sha256"":""cd981cecffd781db646c194ab2c853b0466cc86eea0f616e95300b88932b8d9b"",""firm_route_basis"":""原件企业合并格/上下文候选；非登记实体认证""}]",0,按来源/日期/配置版本分别答复；同型号合并附件不等于同配置或逐车资格认证
海马汽车有限公司,HMA7004S68BEV,0,0,0,0,1,2208试验口径,"[{""purpose_scope"":""2208试验口径"",""source_record_ids"":""old-23-Word97--0-27"",""source_observation_date_upper"":""2019-03-13"",""source_file"":""原件/免征目录/mf_batch23.docx"",""source_sha256"":""87f838de0da3ba5887f77b2bf5c1dbf5b427e7cef896309a7084c11dd8f5efa0"",""firm_route_basis"":""原件企业合并格/上下文候选；非登记实体认证""}]",0,按来源/日期/配置版本分别答复；同型号合并附件不等于同配置或逐车资格认证
海马轿车有限公司,HMA7003S10BEV,0,0,0,0,1,2208试验口径,"[{""purpose_scope"":""2208试验口径"",""source_record_ids"":""old-05-PDF-grid-1-0-8"",""source_observation_date_upper"":""2015-09-11"",""source_file"":""原件/免征目录/mf_batch05.pdf"",""source_sha256"":""658aa5fbf13859a9bbe1db6235da2f7e79fc325cc34e4c0ec1ffab7f8cc2ebca"",""firm_route_basis"":""原记录firm_raw""}]",0,按来源/日期/配置版本分别答复；同型号合并附件不等于同配置或逐车资格认证
海马轿车有限公司,HMA7004S30BEV,0,0,0,0,1,2208试验口径,"[{""purpose_scope"":""2208试验口径"",""source_record_ids"":""old-05-PDF-grid-1-0-9"",""source_observation_date_upper"":""2015-09-11"",""source_file"":""原件/免征目录/mf_batch05.pdf"",""source_sha256"":""658aa5fbf13859a9bbe1db6235da2f7e79fc325cc34e4c0ec1ffab7f8cc2ebca"",""firm_route_basis"":""原件企业合并格/上下文候选；非登记实体认证""}]",0,按来源/日期/配置版本分别答复；同型号合并附件不等于同配置或逐车资格认证
湖北星晖新能源智能汽车有限公司,EXH6460A00BEV,0,0,0,0,1,2208试验口径,"[{""purpose_scope"":""2208试验口径"",""source_record_ids"":""old-35-Word97--0-32"",""source_observation_date_upper"":""2020-09-21"",""source_file"":""原件/免征目录/mf_batch35.wps"",""source_sha256"":""e4a6abd0e50daa81d029f8b37584511354700e855dc89de210fcba782b0643f0"",""firm_route_basis"":""原记录firm_raw""}]",0,按来源/日期/配置版本分别答复；同型号合并附件不等于同配置或逐车资格认证
湖北星晖新能源智能汽车有限公司,EXH6460A01BEV,0,0,0,0,1,2208试验口径,"[{""purpose_scope"":""2208试验口径"",""source_record_ids"":""old-37-Word97--0-31"",""source_observation_date_upper"":""2020-11-30"",""source_file"":""原件/免征目录/mf_batch37.doc"",""source_sha256"":""136057faede292d8070763e326c8dbdcddf3790653cc6879a13758f91556881f"",""firm_route_basis"":""原记录firm_raw""}]",0,按来源/日期/配置版本分别答复；同型号合并附件不等于同配置或逐车资格认证
湖北星晖新能源智能汽车有限公司,EXH6460A02BEV,0,0,0,0,1,2208试验口径,"[{""purpose_scope"":""2208试验口径"",""source_record_ids"":""old-37-Word97--0-32"",""source_observation_date_upper"":""2020-11-30"",""source_file"":""原件/免征目录/mf_batch37.doc"",""source_sha256"":""136057faede292d8070763e326c8dbdcddf3790653cc6879a13758f91556881f"",""firm_route_basis"":""原件企业合并格/上下文候选；非登记实体认证""}]",0,按来源/日期/配置版本分别答复；同型号合并附件不等于同配置或逐车资格认证
湖北星晖新能源智能汽车有限公司,EXH6460A03BEV,0,0,0,0,1,2208试验口径,"[{""purpose_scope"":""2208试验口径"",""source_record_ids"":""old-38-Word97--0-12"",""source_observation_date_upper"":""2020-12-30"",""source_file"":""原件/免征目录/mf_batch38.doc"",""source_sha256"":""7c9def45fe5c40e4c5ffb483a1d1efd383c12cb16a5c4ba021d4ce28384776de"",""firm_route_basis"":""原记录firm_raw""}]",0,按来源/日期/配置版本分别答复；同型号合并附件不等于同配置或逐车资格认证
湖北星晖新能源智能汽车有限公司,EXH6460A04BEV,0,0,0,0,1,2208试验口径,"[{""purpose_scope"":""2208试验口径"",""source_record_ids"":""old-39-Word97--0-17"",""source_observation_date_upper"":""2021-01-29"",""source_file"":""原件/免征目录/mf_batch39.doc"",""source_sha256"":""48158862f567d71b07ac0a7a60c2c3bc6d2bb44dd5a86290b0b809d757a9eb07"",""firm_route_basis"":""原记录firm_raw""}]",0,按来源/日期/配置版本分别答复；同型号合并附件不等于同配置或逐车资格认证
湖北星晖新能源智能汽车有限公司,EXH6460A05BEV,0,0,0,0,1,2208试验口径,"[{""purpose_scope"":""2208试验口径"",""source_record_ids"":""old-41-Word97--0-20"",""source_observation_date_upper"":""2021-03-31"",""source_file"":""原件/免征目录/mf_batch41.doc"",""source_sha256"":""ba4634c0877ebf99f8e462013e4a07e40f57478a4aaf921801a6c85a49c42b7f"",""firm_route_basis"":""原记录firm_raw""}]",0,按来源/日期/配置版本分别答复；同型号合并附件不等于同配置或逐车资格认证
湖北星晖新能源智能汽车有限公司,EXH6460A06BEV,0,0,0,0,1,2208试验口径,"[{""purpose_scope"":""2208试验口径"",""source_record_ids"":""old-46-Word97--0-30"",""source_observation_date_upper"":""2021-09-10"",""source_file"":""原件/免征目录/mf_batch46.doc"",""source_sha256"":""a4b2048b3d5c29a8969f0348e9fd19a3293f0c23e6f37a48bf42a2ed70c7d37d"",""firm_route_basis"":""原记录firm_raw""}]",0,按来源/日期/配置版本分别答复；同型号合并附件不等于同配置或逐车资格认证
湖北星晖新能源智能汽车有限公司,EXH6480A00BEV,0,0,0,0,1,2208试验口径,"[{""purpose_scope"":""2208试验口径"",""source_record_ids"":""old-33-Word97--0-20"",""source_observation_date_upper"":""2020-07-21"",""source_file"":""原件/免征目录/mf_batch33.doc"",""source_sha256"":""ff98fbb1708c47cdcfc1e79e7a1647e72a7ae6d4255dce3b250d661001340c09"",""firm_route_basis"":""原记录firm_raw""}]",0,按来源/日期/配置版本分别答复；同型号合并附件不等于同配置或逐车资格认证
湖北星晖新能源智能汽车有限公司,EXH6480A01BEV,0,0,0,0,1,2208试验口径,"[{""purpose_scope"":""2208试验口径"",""source_record_ids"":""old-42-Word97--0-30"",""source_observation_date_upper"":""2021-04-30"",""source_file"":""原件/免征目录/mf_batch42.doc"",""source_sha256"":""fef4fd8ea19d773d368642e51a4bdb24c148530251a2240be4ff1358d5d41fab"",""firm_route_basis"":""原记录firm_raw""}]",0,按来源/日期/配置版本分别答复；同型号合并附件不等于同配置或逐车资格认证
湖南恒润汽车有限公司,HRQ6350BEV,0,0,0,0,1,2208试验口径,"[{""purpose_scope"":""2208试验口径"",""source_record_ids"":""old-22-Word97--0-54"",""source_observation_date_upper"":""2018-12-18"",""source_file"":""原件/免征目录/mf_batch22.doc"",""source_sha256"":""eaf3fc1e64742af85b3d4bc90388d0a93154a497fd6c1fb9bf73b857672e1212"",""firm_route_basis"":""原记录firm_raw""}]",0,按来源/日期/配置版本分别答复；同型号合并附件不等于同配置或逐车资格认证
湖南恒润汽车有限公司,HRQ6351BEV,0,1,0,0,0,32联合跨界,"[{""purpose_scope"":""32联合跨界"",""source_record_ids"":""old-33-Word97--0-61"",""source_observation_date_upper"":""2020-07-21"",""source_file"":""原件/免征目录/mf_batch33.doc"",""source_sha256"":""ff98fbb1708c47cdcfc1e79e7a1647e72a7ae6d4255dce3b250d661001340c09"",""firm_route_basis"":""原记录firm_raw""}]",0,按来源/日期/配置版本分别答复；同型号合并附件不等于同配置或逐车资格认证
湖南恒润汽车有限公司,HRQ6352BEV,0,1,0,0,0,32联合跨界,"[{""purpose_scope"":""32联合跨界"",""source_record_ids"":""old-60-Word97--0-9"",""source_observation_date_upper"":""2022-11-09"",""source_file"":""原件/免征目录/mf_batch60.doc"",""source_sha256"":""aabd19e9a0955380873798454b18b3bb15c87937dffcbb0ccfab2eae3bf3551b"",""firm_route_basis"":""原记录firm_raw""}]",0,按来源/日期/配置版本分别答复；同型号合并附件不等于同配置或逐车资格认证
湖南恒润汽车有限公司,HRQ7000BEV01,0,0,0,0,1,2208试验口径,"[{""purpose_scope"":""2208试验口径"",""source_record_ids"":""old-55-Word97--0-3"",""source_observation_date_upper"":""2022-06-01"",""source_file"":""原件/免征目录/mf_batch55.doc"",""source_sha256"":""0457d0430e9e7f114c91341a715405c3933dd4783762cd74b9871e4918ba887f"",""firm_route_basis"":""原记录firm_raw""}]",0,按来源/日期/配置版本分别答复；同型号合并附件不等于同配置或逐车资格认证
湖南江南汽车制造有限公司,JNJ6408EV,0,0,0,0,1,2208试验口径,"[{""purpose_scope"":""2208试验口径"",""source_record_ids"":""old-03-PDF-grid-1-0-10"",""source_observation_date_upper"":""2014-12-19"",""source_file"":""原件/免征目录/mf_batch03.pdf"",""source_sha256"":""1367fdf126160143cbeecaedf4a66b528d105bbfa58a06b2118487a2e05000a5"",""firm_route_basis"":""原件企业合并格/上下文候选；非登记实体认证""}]",0,按来源/日期/配置版本分别答复；同型号合并附件不等于同配置或逐车资格认证
湖南江南汽车制造有限公司,JNJ6408EV1,0,0,0,0,1,2208试验口径,"[{""purpose_scope"":""2208试验口径"",""source_record_ids"":""old-06-PDF-grid-1-0-11"",""source_observation_date_upper"":""2015-11-25"",""source_file"":""原件/免征目录/mf_batch06.pdf"",""source_sha256"":""df226dc3953484911afdd265072593abc08c9f66d52a1df7492e215ce15c9b54"",""firm_route_basis"":""原件企业合并格/上下文候选；非登记实体认证""}]",0,按来源/日期/配置版本分别答复；同型号合并附件不等于同配置或逐车资格认证
湖南江南汽车制造有限公司,JNJ6491EV,0,0,0,0,1,2208试验口径,"[{""purpose_scope"":""2208试验口径"",""source_record_ids"":""old-25-Word97--0-90"",""source_observation_date_upper"":""2019-06-12"",""source_file"":""原件/免征目录/mf_batch25.wps"",""source_sha256"":""9d2abe319463522513fe9c90f98bb8d0a825b599267d0b3cc403cec9624b3297"",""firm_route_basis"":""原记录firm_raw""}]",0,按来源/日期/配置版本分别答复；同型号合并附件不等于同配置或逐车资格认证
湖南江南汽车制造有限公司,JNJ7000EVA11,0,0,0,0,1,2208试验口径,"[{""purpose_scope"":""2208试验口径"",""source_record_ids"":""old-13-PDF-grid-1-0-20"",""source_observation_date_upper"":""2017-10-30"",""source_file"":""原件/免征目录/mf_batch13.pdf"",""source_sha256"":""e82c4f41c448edbb5269c95f2ff35d0c577f7ff0d12ff30b2d4c307a1aa31a6b"",""firm_route_basis"":""原件企业合并格/上下文候选；非登记实体认证""}]",0,按来源/日期/配置版本分别答复；同型号合并附件不等于同配置或逐车资格认证
湖南江南汽车制造有限公司,JNJ7000EVA3,0,0,0,0,1,2208试验口径,"[{""purpose_scope"":""2208试验口径"",""source_record_ids"":""old-04-PDF-grid-1-0-10"",""source_observation_date_upper"":""2015-05-08"",""source_file"":""原件/免征目录/mf_batch04.pdf"",""source_sha256"":""7539cd299efb49a366656a4da32393075bcb03a5e10ea54e975f82f6099d9c81"",""firm_route_basis"":""原件企业合并格/上下文候选；非登记实体认证""}]",0,按来源/日期/配置版本分别答复；同型号合并附件不等于同配置或逐车资格认证
湖南江南汽车制造有限公司,JNJ7000EVA6,0,0,0,0,1,2208试验口径,"[{""purpose_scope"":""2208试验口径"",""source_record_ids"":""old-06-PDF-grid-1-0-13"",""source_observation_date_upper"":""2015-11-25"",""source_file"":""原件/免征目录/mf_batch06.pdf"",""source_sha256"":""df226dc3953484911afdd265072593abc08c9f66d52a1df7492e215ce15c9b54"",""firm_route_basis"":""原件企业合并格/上下文候选；非登记实体认证""}]",0,按来源/日期/配置版本分别答复；同型号合并附件不等于同配置或逐车资格认证
湖南江南汽车制造有限公司,JNJ7000EVA9,0,0,0,0,1,2208试验口径,"[{""purpose_scope"":""2208试验口径"",""source_record_ids"":""old-12-PDF-grid-1-0-23"",""source_observation_date_upper"":""2017-09-05"",""source_file"":""原件/免征目录/mf_batch12.pdf"",""source_sha256"":""afbd7133ccf901dbdc065b2ff80768450dc901def8d216cf5bb87baa98f7a1e2"",""firm_route_basis"":""原件企业合并格/上下文候选；非登记实体认证""}]",0,按来源/日期/配置版本分别答复；同型号合并附件不等于同配置或逐车资格认证
湖南江南汽车制造有限公司,JNJ7000EVB,0,0,0,0,1,2208试验口径,"[{""purpose_scope"":""2208试验口径"",""source_record_ids"":""old-13-PDF-grid-1-0-18"",""source_observation_date_upper"":""2017-10-30"",""source_file"":""原件/免征目录/mf_batch13.pdf"",""source_sha256"":""e82c4f41c448edbb5269c95f2ff35d0c577f7ff0d12ff30b2d4c307a1aa31a6b"",""firm_route_basis"":""原记录firm_raw""}]",0,按来源/日期/配置版本分别答复；同型号合并附件不等于同配置或逐车资格认证
湖南江南汽车制造有限公司,JNJ7000EVB1,0,0,0,0,1,2208试验口径,"[{""purpose_scope"":""2208试验口径"",""source_record_ids"":""old-20-DOCX--0-22"",""source_observation_date_upper"":""2018-09-19"",""source_file"":""原件/免征目录/mf_batch20.docx"",""source_sha256"":""374d3f87551d75d1c163e76abb38f350ea93f8a2b8cad6174568c307d1cc0130"",""firm_route_basis"":""原件企业合并格/上下文候选；非登记实体认证""}]",0,按来源/日期/配置版本分别答复；同型号合并附件不等于同配置或逐车资格认证
湖南江南汽车制造有限公司,JNJ7000EVB2,0,0,0,0,1,2208试验口径,"[{""purpose_scope"":""2208试验口径"",""source_record_ids"":""old-59-Word97--0-54"",""source_observation_date_upper"":""2022-10-10"",""source_file"":""原件/免征目录/mf_batch59.doc"",""source_sha256"":""32738e2df847e0c74ff96d48b8a13e1dd9c31aee84b7c0a633e2d9c8a3e01f86"",""firm_route_basis"":""原记录firm_raw""}]",0,按来源/日期/配置版本分别答复；同型号合并附件不等于同配置或逐车资格认证
湖南江南汽车制造有限公司,JNJ7000EVC1,0,0,0,0,1,2208试验口径,"[{""purpose_scope"":""2208试验口径"",""source_record_ids"":""old-09-PDF-grid-2-0-6"",""source_observation_date_upper"":""2016-12-06"",""source_file"":""原件/免征目录/mf_batch09.pdf"",""source_sha256"":""7eea7200c04fefec34f6ae6db5a1bae77f82a534348f266e95575cae051c8c8c"",""firm_route_basis"":""原记录firm_raw""}]",0,按来源/日期/配置版本分别答复；同型号合并附件不等于同配置或逐车资格认证
湖南江南汽车制造有限公司,JNJ7000EVC4,0,0,0,0,1,2208试验口径,"[{""purpose_scope"":""2208试验口径"",""source_record_ids"":""old-18-Word97--0-27"",""source_observation_date_upper"":""2018-06-19"",""source_file"":""原件/免征目录/mf_batch18.doc"",""source_sha256"":""43f5426f7f80996ee11a894710d7229c743abf7ad69ba239f61075e0a9ddd37a"",""firm_route_basis"":""原记录firm_raw""}]",0,按来源/日期/配置版本分别答复；同型号合并附件不等于同配置或逐车资格认证
湖南江南汽车制造有限公司,JNJ7000EVE3,0,0,0,0,1,2208试验口径,"[{""purpose_scope"":""2208试验口径"",""source_record_ids"":""old-06-PDF-grid-1-0-8"",""source_observation_date_upper"":""2015-11-25"",""source_file"":""原件/免征目录/mf_batch06.pdf"",""source_sha256"":""df226dc3953484911afdd265072593abc08c9f66d52a1df7492e215ce15c9b54"",""firm_route_basis"":""原记录firm_raw""}]",0,按来源/日期/配置版本分别答复；同型号合并附件不等于同配置或逐车资格认证
湖南江南汽车制造有限公司,JNJ7000EVE4,0,0,0,0,1,2208试验口径,"[{""purpose_scope"":""2208试验口径"",""source_record_ids"":""old-06-PDF-grid-1-0-9"",""source_observation_date_upper"":""2015-11-25"",""source_file"":""原件/免征目录/mf_batch06.pdf"",""source_sha256"":""df226dc3953484911afdd265072593abc08c9f66d52a1df7492e215ce15c9b54"",""firm_route_basis"":""原件企业合并格/上下文候选；非登记实体认证""}]",0,按来源/日期/配置版本分别答复；同型号合并附件不等于同配置或逐车资格认证
湖南江南汽车制造有限公司,JNJ7000EVE6,0,0,0,0,1,2208试验口径,"[{""purpose_scope"":""2208试验口径"",""source_record_ids"":""old-09-PDF-grid-2-0-7"",""source_observation_date_upper"":""2016-12-06"",""source_file"":""原件/免征目录/mf_batch09.pdf"",""source_sha256"":""7eea7200c04fefec34f6ae6db5a1bae77f82a534348f266e95575cae051c8c8c"",""firm_route_basis"":""原件企业合并格/上下文候选；非登记实体认证""}]",0,按来源/日期/配置版本分别答复；同型号合并附件不等于同配置或逐车资格认证
湖南江南汽车制造有限公司,JNJ7000EVE7,0,0,0,0,1,2208试验口径,"[{""purpose_scope"":""2208试验口径"",""source_record_ids"":""old-13-PDF-grid-2-0-2"",""source_observation_date_upper"":""2017-10-30"",""source_file"":""原件/免征目录/mf_batch13.pdf"",""source_sha256"":""e82c4f41c448edbb5269c95f2ff35d0c577f7ff0d12ff30b2d4c307a1aa31a6b"",""firm_route_basis"":""原记录firm_raw""}]",0,按来源/日期/配置版本分别答复；同型号合并附件不等于同配置或逐车资格认证
湖南江南汽车制造有限公司,JNJ7000EVEA,0,0,0,0,1,2208试验口径,"[{""purpose_scope"":""2208试验口径"",""source_record_ids"":""old-16-Word97--0-24"",""source_observation_date_upper"":""2018-02-13"",""source_file"":""原件/免征目录/mf_batch16.docx"",""source_sha256"":""9db5ace6c1c59bd9636d48636f94fa77d2b6e0aa27b109421690ce6a8c4a3967"",""firm_route_basis"":""原记录firm_raw""}]",0,按来源/日期/配置版本分别答复；同型号合并附件不等于同配置或逐车资格认证
湖南江南汽车制造有限公司,JNJ7000EVEB,0,0,0,0,1,2208试验口径,"[{""purpose_scope"":""2208试验口径"",""source_record_ids"":""old-18-Word97--0-28"",""source_observation_date_upper"":""2018-06-19"",""source_file"":""原件/免征目录/mf_batch18.doc"",""source_sha256"":""43f5426f7f80996ee11a894710d7229c743abf7ad69ba239f61075e0a9ddd37a"",""firm_route_basis"":""原件企业合并格/上下文候选；非登记实体认证""}]",0,按来源/日期/配置版本分别答复；同型号合并附件不等于同配置或逐车资格认证
湖南江南汽车制造有限公司,JNJ7000EVF,0,0,0,0,1,2208试验口径,"[{""purpose_scope"":""2208试验口径"",""source_record_ids"":""old-62-Word97--0-45"",""source_observation_date_upper"":""2023-02-20"",""source_file"":""原件/免征目录/mf_batch62.doc"",""source_sha256"":""7694ac7207998b6af7c895cdd2c1d752421df436d4b28f83195261dd47f6509c"",""firm_route_basis"":""原记录firm_raw""}]",0,按来源/日期/配置版本分别答复；同型号合并附件不等于同配置或逐车资格认证
湖南江南汽车制造有限公司,JNJ7000EVF1,0,0,0,0,1,2208试验口径,"[{""purpose_scope"":""2208试验口径"",""source_record_ids"":""old-59-Word97--0-55"",""source_observation_date_upper"":""2022-10-10"",""source_file"":""原件/免征目录/mf_batch59.doc"",""source_sha256"":""32738e2df847e0c74ff96d48b8a13e1dd9c31aee84b7c0a633e2d9c8a3e01f86"",""firm_route_basis"":""原件企业合并格/上下文候选；非登记实体认证""}]",0,按来源/日期/配置版本分别答复；同型号合并附件不等于同配置或逐车资格认证
湖南江南汽车制造有限公司,JNJ7000EVF2,0,0,0,0,1,2208试验口径,"[{""purpose_scope"":""2208试验口径"",""source_record_ids"":""old-62-Word97--0-47"",""source_observation_date_upper"":""2023-02-20"",""source_file"":""原件/免征目录/mf_batch62.doc"",""source_sha256"":""7694ac7207998b6af7c895cdd2c1d752421df436d4b28f83195261dd47f6509c"",""firm_route_basis"":""原件企业合并格/上下文候选；非登记实体认证""}]",0,按来源/日期/配置版本分别答复；同型号合并附件不等于同配置或逐车资格认证
湖南江南汽车制造有限公司,JNJ7000EVF3,0,0,0,0,1,2208试验口径,"[{""purpose_scope"":""2208试验口径"",""source_record_ids"":""old-59-Word97--0-56"",""source_observation_date_upper"":""2022-10-10"",""source_file"":""原件/免征目录/mf_batch59.doc"",""source_sha256"":""32738e2df847e0c74ff96d48b8a13e1dd9c31aee84b7c0a633e2d9c8a3e01f86"",""firm_route_basis"":""原件企业合并格/上下文候选；非登记实体认证""}]",0,按来源/日期/配置版本分别答复；同型号合并附件不等于同配置或逐车资格认证
湖南江南汽车制造有限公司,JNJ7000EVF4,0,0,0,0,1,2208试验口径,"[{""purpose_scope"":""2208试验口径"",""source_record_ids"":""old-62-Word97--0-46"",""source_observation_date_upper"":""2023-02-20"",""source_file"":""原件/免征目录/mf_batch62.doc"",""source_sha256"":""7694ac7207998b6af7c895cdd2c1d752421df436d4b28f83195261dd47f6509c"",""firm_route_basis"":""原件企业合并格/上下文候选；非登记实体认证""}]",0,按来源/日期/配置版本分别答复；同型号合并附件不等于同配置或逐车资格认证
湖南江南汽车制造有限公司,JNJ7000EVF6,0,0,0,0,1,2208试验口径,"[{""purpose_scope"":""2208试验口径"",""source_record_ids"":""old-66-Word97--0-16"",""source_observation_date_upper"":""2023-06-08"",""source_file"":""原件/免征目录/mf_batch66.doc"",""source_sha256"":""05a5fce42de1c5412803fe6a7bb46d04c4d61cb71dc5d88a9b59a3e884350544"",""firm_route_basis"":""原记录firm_raw""}]",0,按来源/日期/配置版本分别答复；同型号合并附件不等于同配置或逐车资格认证
湖南江南汽车制造有限公司,JNJ7000EVF7,0,0,0,0,1,2208试验口径,"[{""purpose_scope"":""2208试验口径"",""source_record_ids"":""old-63-Word97--0-29"",""source_observation_date_upper"":""2023-03-10"",""source_file"":""原件/免征目录/mf_batch63.doc"",""source_sha256"":""1d0f4bf9c7c1f67712e9efa3a5e3222c30d4e438653b9335aaff9714e65f8c05"",""firm_route_basis"":""原记录firm_raw""}]",0,按来源/日期/配置版本分别答复；同型号合并附件不等于同配置或逐车资格认证
湖南江南汽车制造有限公司,JNJ7000EVK,0,0,0,0,1,2208试验口径,"[{""purpose_scope"":""2208试验口径"",""source_record_ids"":""old-06-PDF-grid-1-0-10"",""source_observation_date_upper"":""2015-11-25"",""source_file"":""原件/免征目录/mf_batch06.pdf"",""source_sha256"":""df226dc3953484911afdd265072593abc08c9f66d52a1df7492e215ce15c9b54"",""firm_route_basis"":""原件企业合并格/上下文候选；非登记实体认证""}]",0,按来源/日期/配置版本分别答复；同型号合并附件不等于同配置或逐车资格认证
湖南江南汽车制造有限公司,JNJ7000EVK1,0,0,0,0,1,2208试验口径,"[{""purpose_scope"":""2208试验口径"",""source_record_ids"":""old-08-PDF-grid-1-0-16"",""source_observation_date_upper"":""2016-06-16"",""source_file"":""原件/免征目录/mf_batch08.pdf"",""source_sha256"":""39b242717c026063c908426a890cd361f1165aa5729988d56303b2f8d5fb3b42"",""firm_route_basis"":""原记录firm_raw""}]",0,按来源/日期/配置版本分别答复；同型号合并附件不等于同配置或逐车资格认证
湖南江南汽车制造有限公司,JNJ7000EVK5,0,0,0,0,1,2208试验口径,"[{""purpose_scope"":""2208试验口径"",""source_record_ids"":""old-12-PDF-grid-1-0-21"",""source_observation_date_upper"":""2017-09-05"",""source_file"":""原件/免征目录/mf_batch12.pdf"",""source_sha256"":""afbd7133ccf901dbdc065b2ff80768450dc901def8d216cf5bb87baa98f7a1e2"",""firm_route_basis"":""原件企业合并格/上下文候选；非登记实体认证""}]",0,按来源/日期/配置版本分别答复；同型号合并附件不等于同配置或逐车资格认证
湖南江南汽车制造有限公司,JNJ7000EVK9,0,0,0,0,1,2208试验口径,"[{""purpose_scope"":""2208试验口径"",""source_record_ids"":""old-18-Word97--0-30"",""source_observation_date_upper"":""2018-06-19"",""source_file"":""原件/免征目录/mf_batch18.doc"",""source_sha256"":""43f5426f7f80996ee11a894710d7229c743abf7ad69ba239f61075e0a9ddd37a"",""firm_route_basis"":""原件企业合并格/上下文候选；非登记实体认证""}]",0,按来源/日期/配置版本分别答复；同型号合并附件不等于同配置或逐车资格认证
湖南江南汽车制造有限公司,JNJ7000EVKA,0,0,0,0,1,2208试验口径,"[{""purpose_scope"":""2208试验口径"",""source_record_ids"":""old-20-DOCX--0-23"",""source_observation_date_upper"":""2018-09-19"",""source_file"":""原件/免征目录/mf_batch20.docx"",""source_sha256"":""374d3f87551d75d1c163e76abb38f350ea93f8a2b8cad6174568c307d1cc0130"",""firm_route_basis"":""原件企业合并格/上下文候选；非登记实体认证""}]",0,按来源/日期/配置版本分别答复；同型号合并附件不等于同配置或逐车资格认证
湖南江南汽车制造有限公司,JNJ7000EVM1,0,0,1,0,0,4单项细分,"[{""purpose_scope"":""4单项细分"",""source_record_ids"":""old-02-PDF-grid-2-0-6"",""source_observation_date_upper"":""2014-10-29"",""source_file"":""原件/免征目录/mf_batch02.pdf"",""source_sha256"":""0b13b4fd2de6c4de3ab0f8add88bb8d24354d05ca6af46904fe1065c53c9c519"",""firm_route_basis"":""原记录firm_raw""}]",0,按来源/日期/配置版本分别答复；同型号合并附件不等于同配置或逐车资格认证
湖南江南汽车制造有限公司,JNJ7000EVX,0,0,0,0,1,2208试验口径,"[{""purpose_scope"":""2208试验口径"",""source_record_ids"":""old-03-PDF-grid-1-0-9"",""source_observation_date_upper"":""2014-12-19"",""source_file"":""原件/免征目录/mf_batch03.pdf"",""source_sha256"":""1367fdf126160143cbeecaedf4a66b528d105bbfa58a06b2118487a2e05000a5"",""firm_route_basis"":""原记录firm_raw""}]",0,按来源/日期/配置版本分别答复；同型号合并附件不等于同配置或逐车资格认证
湖南江南汽车制造有限公司,JNJ7000EVX14,0,0,0,0,1,2208试验口径,"[{""purpose_scope"":""2208试验口径"",""source_record_ids"":""old-10-PDF-grid-2-0-7"",""source_observation_date_upper"":""2017-04-27"",""source_file"":""原件/免征目录/mf_batch10.pdf"",""source_sha256"":""ac1b1ad2605b4f24762fb1f01cea64b685393577d01648618fa1882bb5700ac3"",""firm_route_basis"":""原件企业合并格/上下文候选；非登记实体认证""}]",0,按来源/日期/配置版本分别答复；同型号合并附件不等于同配置或逐车资格认证
湖南江南汽车制造有限公司,JNJ7000EVX17,0,0,0,0,1,2208试验口径,"[{""purpose_scope"":""2208试验口径"",""source_record_ids"":""old-11-PDF-grid-1-0-19"",""source_observation_date_upper"":""2017-07-06"",""source_file"":""原件/免征目录/mf_batch11.pdf"",""source_sha256"":""ec4f33e5e872841e6d1fa5d435793c285a15614ef2e64f39b9013389b5e51724"",""firm_route_basis"":""原记录firm_raw""}]",0,按来源/日期/配置版本分别答复；同型号合并附件不等于同配置或逐车资格认证
湖南江南汽车制造有限公司,JNJ7000EVX18,0,0,0,0,1,2208试验口径,"[{""purpose_scope"":""2208试验口径"",""source_record_ids"":""old-12-PDF-grid-1-0-20"",""source_observation_date_upper"":""2017-09-05"",""source_file"":""原件/免征目录/mf_batch12.pdf"",""source_sha256"":""afbd7133ccf901dbdc065b2ff80768450dc901def8d216cf5bb87baa98f7a1e2"",""firm_route_basis"":""原记录firm_raw""}]",0,按来源/日期/配置版本分别答复；同型号合并附件不等于同配置或逐车资格认证
湖南江南汽车制造有限公司,JNJ7000EVX19,0,0,0,0,1,2208试验口径,"[{""purpose_scope"":""2208试验口径"",""source_record_ids"":""old-12-PDF-grid-1-0-22"",""source_observation_date_upper"":""2017-09-05"",""source_file"":""原件/免征目录/mf_batch12.pdf"",""source_sha256"":""afbd7133ccf901dbdc065b2ff80768450dc901def8d216cf5bb87baa98f7a1e2"",""firm_route_basis"":""原件企业合并格/上下文候选；非登记实体认证""}]",0,按来源/日期/配置版本分别答复；同型号合并附件不等于同配置或逐车资格认证
湖南江南汽车制造有限公司,JNJ7000EVX20,0,0,0,0,1,2208试验口径,"[{""purpose_scope"":""2208试验口径"",""source_record_ids"":""old-13-PDF-grid-1-0-21"",""source_observation_date_upper"":""2017-10-30"",""source_file"":""原件/免征目录/mf_batch13.pdf"",""source_sha256"":""e82c4f41c448edbb5269c95f2ff35d0c577f7ff0d12ff30b2d4c307a1aa31a6b"",""firm_route_basis"":""原件企业合并格/上下文候选；非登记实体认证""}]",0,按来源/日期/配置版本分别答复；同型号合并附件不等于同配置或逐车资格认证
湖南江南汽车制造有限公司,JNJ7000EVX21,0,0,0,0,1,2208试验口径,"[{""purpose_scope"":""2208试验口径"",""source_record_ids"":""old-14-Word97--0-18"",""source_observation_date_upper"":""2017-12-05"",""source_file"":""原件/免征目录/mf_batch14.docx"",""source_sha256"":""6a48764b5ccb7c4ffa6f54daa44d3a42095b8a981fc982e774ddaaded41e9921"",""firm_route_basis"":""原件企业合并格/上下文候选；非登记实体认证""}]",0,按来源/日期/配置版本分别答复；同型号合并附件不等于同配置或逐车资格认证
湖南江南汽车制造有限公司,JNJ7000EVX22,0,0,0,0,1,2208试验口径,"[{""purpose_scope"":""2208试验口径"",""source_record_ids"":""old-13-PDF-grid-1-0-19"",""source_observation_date_upper"":""2017-10-30"",""source_file"":""原件/免征目录/mf_batch13.pdf"",""source_sha256"":""e82c4f41c448edbb5269c95f2ff35d0c577f7ff0d12ff30b2d4c307a1aa31a6b"",""firm_route_basis"":""原件企业合并格/上下文候选；非登记实体认证""}]",0,按来源/日期/配置版本分别答复；同型号合并附件不等于同配置或逐车资格认证
湖南江南汽车制造有限公司,JNJ7000EVX25,0,0,0,0,1,2208试验口径,"[{""purpose_scope"":""2208试验口径"",""source_record_ids"":""old-18-Word97--0-31"",""source_observation_date_upper"":""2018-06-19"",""source_file"":""原件/免征目录/mf_batch18.doc"",""source_sha256"":""43f5426f7f80996ee11a894710d7229c743abf7ad69ba239f61075e0a9ddd37a"",""firm_route_basis"":""原件企业合并格/上下文候选；非登记实体认证""}]",0,按来源/日期/配置版本分别答复；同型号合并附件不等于同配置或逐车资格认证
湖南江南汽车制造有限公司,JNJ7000EVX26,0,0,0,0,1,2208试验口径,"[{""purpose_scope"":""2208试验口径"",""source_record_ids"":""old-21-DOCX--0-12"",""source_observation_date_upper"":""2018-11-06"",""source_file"":""原件/免征目录/mf_batch21.docx"",""source_sha256"":""cd981cecffd781db646c194ab2c853b0466cc86eea0f616e95300b88932b8d9b"",""firm_route_basis"":""原记录firm_raw""}]",0,按来源/日期/配置版本分别答复；同型号合并附件不等于同配置或逐车资格认证
湖南江南汽车制造有限公司,JNJ7000EVX9,0,0,0,0,1,2208试验口径,"[{""purpose_scope"":""2208试验口径"",""source_record_ids"":""old-06-PDF-grid-1-0-19"",""source_observation_date_upper"":""2015-11-25"",""source_file"":""原件/免征目录/mf_batch06.pdf"",""source_sha256"":""df226dc3953484911afdd265072593abc08c9f66d52a1df7492e215ce15c9b54"",""firm_route_basis"":""原件企业合并格/上下文候选；非登记实体认证""}]",0,按来源/日期/配置版本分别答复；同型号合并附件不等于同配置或逐车资格认证
湖南江南汽车制造有限公司,JNJ7000EVZ,0,0,0,0,1,2208试验口径,"[{""purpose_scope"":""2208试验口径"",""source_record_ids"":""old-02-PDF-grid-2-0-8"",""source_observation_date_upper"":""2014-10-29"",""source_file"":""原件/免征目录/mf_batch02.pdf"",""source_sha256"":""0b13b4fd2de6c4de3ab0f8add88bb8d24354d05ca6af46904fe1065c53c9c519"",""firm_route_basis"":""原件企业合并格/上下文候选；非登记实体认证""}]",0,按来源/日期/配置版本分别答复；同型号合并附件不等于同配置或逐车资格认证
湖南江南汽车制造有限公司,JNJ7000EVZ2,0,0,0,0,1,2208试验口径,"[{""purpose_scope"":""2208试验口径"",""source_record_ids"":""old-02-PDF-grid-2-0-9"",""source_observation_date_upper"":""2014-10-29"",""source_file"":""原件/免征目录/mf_batch02.pdf"",""source_sha256"":""0b13b4fd2de6c4de3ab0f8add88bb8d24354d05ca6af46904fe1065c53c9c519"",""firm_route_basis"":""原件企业合并格/上下文候选；非登记实体认证""}]",0,按来源/日期/配置版本分别答复；同型号合并附件不等于同配置或逐车资格认证
湖南江南汽车制造有限公司,JNJ7000EVZ4,0,0,0,0,1,2208试验口径,"[{""purpose_scope"":""2208试验口径"",""source_record_ids"":""old-02-PDF-grid-2-0-10"",""source_observation_date_upper"":""2014-10-29"",""source_file"":""原件/免征目录/mf_batch02.pdf"",""source_sha256"":""0b13b4fd2de6c4de3ab0f8add88bb8d24354d05ca6af46904fe1065c53c9c519"",""firm_route_basis"":""原件企业合并格/上下文候选；非登记实体认证""}]",0,按来源/日期/配置版本分别答复；同型号合并附件不等于同配置或逐车资格认证
湖南江南汽车制造有限公司,JNJ7000EVZ5,0,0,0,0,1,2208试验口径,"[{""purpose_scope"":""2208试验口径"",""source_record_ids"":""old-02-PDF-grid-2-0-11"",""source_observation_date_upper"":""2014-10-29"",""source_file"":""原件/免征目录/mf_batch02.pdf"",""source_sha256"":""0b13b4fd2de6c4de3ab0f8add88bb8d24354d05ca6af46904fe1065c53c9c519"",""firm_route_basis"":""原件企业合并格/上下文候选；非登记实体认证""}]",0,按来源/日期/配置版本分别答复；同型号合并附件不等于同配置或逐车资格认证
湖南江南汽车制造有限公司,JNJ7000EVZ6,0,0,0,0,1,2208试验口径,"[{""purpose_scope"":""2208试验口径"",""source_record_ids"":""old-04-PDF-grid-1-0-8"",""source_observation_date_upper"":""2015-05-08"",""source_file"":""原件/免征目录/mf_batch04.pdf"",""source_sha256"":""7539cd299efb49a366656a4da32393075bcb03a5e10ea54e975f82f6099d9c81"",""firm_route_basis"":""原记录firm_raw""}]",0,按来源/日期/配置版本分别答复；同型号合并附件不等于同配置或逐车资格认证
湖南江南汽车制造有限公司,JNJ7000EVZ7,0,0,0,0,1,2208试验口径,"[{""purpose_scope"":""2208试验口径"",""source_record_ids"":""old-04-PDF-grid-1-0-9"",""source_observation_date_upper"":""2015-05-08"",""source_file"":""原件/免征目录/mf_batch04.pdf"",""source_sha256"":""7539cd299efb49a366656a4da32393075bcb03a5e10ea54e975f82f6099d9c81"",""firm_route_basis"":""原件企业合并格/上下文候选；非登记实体认证""}]",0,按来源/日期/配置版本分别答复；同型号合并附件不等于同配置或逐车资格认证
湖南猎豹汽车股份有限公司,LBA7000BABEV,0,0,0,0,1,2208试验口径,"[{""purpose_scope"":""2208试验口径"",""source_record_ids"":""old-19-DOCX--0-28"",""source_observation_date_upper"":""2018-07-31"",""source_file"":""原件/免征目录/mf_batch19.docx"",""source_sha256"":""fafd1558aa0f21067847c19bdd0a95c79b919737be7b07b87c4538107fb2b8e3"",""firm_route_basis"":""原记录firm_raw""}]",0,按来源/日期/配置版本分别答复；同型号合并附件不等于同配置或逐车资格认证
湖南猎豹汽车股份有限公司,LBA7000CABEV,0,0,0,0,1,2208试验口径,"[{""purpose_scope"":""2208试验口径"",""source_record_ids"":""old-21-DOCX--0-13"",""source_observation_date_upper"":""2018-11-06"",""source_file"":""原件/免征目录/mf_batch21.docx"",""source_sha256"":""cd981cecffd781db646c194ab2c853b0466cc86eea0f616e95300b88932b8d9b"",""firm_route_basis"":""原记录firm_raw""}]",0,按来源/日期/配置版本分别答复；同型号合并附件不等于同配置或逐车资格认证
湖南猎豹汽车股份有限公司,LBA7002AABEV,0,0,0,0,1,2208试验口径,"[{""purpose_scope"":""2208试验口径"",""source_record_ids"":""old-22-Word97--0-56"",""source_observation_date_upper"":""2018-12-18"",""source_file"":""原件/免征目录/mf_batch22.doc"",""source_sha256"":""eaf3fc1e64742af85b3d4bc90388d0a93154a497fd6c1fb9bf73b857672e1212"",""firm_route_basis"":""原记录firm_raw""}]",0,按来源/日期/配置版本分别答复；同型号合并附件不等于同配置或逐车资格认证
湖南猎豹汽车股份有限公司,LBA7004AABEV,0,0,0,0,1,2208试验口径,"[{""purpose_scope"":""2208试验口径"",""source_record_ids"":""old-69-Word97--0-80"",""source_observation_date_upper"":""2023-09-14"",""source_file"":""原件/免征目录/mf_batch69.doc"",""source_sha256"":""357d61a16c94488c9fdd761f393edb7029b05394ab06117abaebcba1a1e45546"",""firm_route_basis"":""原记录firm_raw""}]",0,按来源/日期/配置版本分别答复；同型号合并附件不等于同配置或逐车资格认证
潍柴(重庆)汽车有限公司,YZ6320BEV,0,0,0,0,1,2208试验口径,"[{""purpose_scope"":""2208试验口径"",""source_record_ids"":""old-16-Word97--0-48"",""source_observation_date_upper"":""2018-02-13"",""source_file"":""原件/免征目录/mf_batch16.docx"",""source_sha256"":""9db5ace6c1c59bd9636d48636f94fa77d2b6e0aa27b109421690ce6a8c4a3967"",""firm_route_basis"":""原件企业合并格/上下文候选；非登记实体认证""}]",0,按来源/日期/配置版本分别答复；同型号合并附件不等于同配置或逐车资格认证
潍柴(重庆)汽车有限公司,YZ6450BEV,0,0,0,0,1,2208试验口径,"[{""purpose_scope"":""2208试验口径"",""source_record_ids"":""old-16-Word97--0-47"",""source_observation_date_upper"":""2018-02-13"",""source_file"":""原件/免征目录/mf_batch16.docx"",""source_sha256"":""9db5ace6c1c59bd9636d48636f94fa77d2b6e0aa27b109421690ce6a8c4a3967"",""firm_route_basis"":""原记录firm_raw""}]",0,按来源/日期/配置版本分别答复；同型号合并附件不等于同配置或逐车资格认证
潍柴(重庆)汽车有限公司,YZ6451BEV,0,0,0,0,1,2208试验口径,"[{""purpose_scope"":""2208试验口径"",""source_record_ids"":""old-24-Word97--0-5"",""source_observation_date_upper"":""2019-04-30"",""source_file"":""原件/免征目录/mf_batch24.wps"",""source_sha256"":""07775a0cb063fe0fce5880b9378dd1eb2522b725d645cabdee314d604779939d"",""firm_route_basis"":""原记录firm_raw""}]",0,按来源/日期/配置版本分别答复；同型号合并附件不等于同配置或逐车资格认证
特斯拉(上海)有限公司,TSL6480BEVAR0,0,0,0,0,1,2208试验口径,"[{""purpose_scope"":""2208试验口径"",""source_record_ids"":""old-45-Word97--0-6"",""source_observation_date_upper"":""2021-08-10"",""source_file"":""原件/免征目录/mf_batch45.doc"",""source_sha256"":""56f5e7c5fd36e990024f8121006a76da260361f4e4660846e78255d007126f7a"",""firm_route_basis"":""原件企业合并格/上下文候选；非登记实体认证""}]",0,按来源/日期/配置版本分别答复；同型号合并附件不等于同配置或逐车资格认证
特斯拉(上海)有限公司,TSL6480BEVAR1,0,0,0,0,1,2208试验口径,"[{""purpose_scope"":""2208试验口径"",""source_record_ids"":""old-45-Word97--0-4"",""source_observation_date_upper"":""2021-08-10"",""source_file"":""原件/免征目录/mf_batch45.doc"",""source_sha256"":""56f5e7c5fd36e990024f8121006a76da260361f4e4660846e78255d007126f7a"",""firm_route_basis"":""原件企业合并格/上下文候选；非登记实体认证""}]",0,按来源/日期/配置版本分别答复；同型号合并附件不等于同配置或逐车资格认证
特斯拉(上海)有限公司,TSL6480BEVAR2,0,0,0,0,1,2208试验口径,"[{""purpose_scope"":""2208试验口径"",""source_record_ids"":""old-50-Word97--0-2"",""source_observation_date_upper"":""2021-12-29"",""source_file"":""原件/免征目录/mf_batch50.doc"",""source_sha256"":""3810672d92621612507384960254de602e629e75a308df22ee2291519445095e"",""firm_route_basis"":""原记录firm_raw""}]",0,按来源/日期/配置版本分别答复；同型号合并附件不等于同配置或逐车资格认证
特斯拉(上海)有限公司,TSL6480BEVBA0,0,0,0,0,1,2208试验口径,"[{""purpose_scope"":""2208试验口径"",""source_record_ids"":""old-37-Word97--0-33"",""source_observation_date_upper"":""2020-11-30"",""source_file"":""原件/免征目录/mf_batch37.doc"",""source_sha256"":""136057faede292d8070763e326c8dbdcddf3790653cc6879a13758f91556881f"",""firm_route_basis"":""原记录firm_raw""}]",0,按来源/日期/配置版本分别答复；同型号合并附件不等于同配置或逐车资格认证
特斯拉(上海)有限公司,TSL6480BEVBA1,0,0,0,0,1,2208试验口径,"[{""purpose_scope"":""2208试验口径"",""source_record_ids"":""old-39-Word97--0-2"",""source_observation_date_upper"":""2021-01-29"",""source_file"":""原件/免征目录/mf_batch39.doc"",""source_sha256"":""48158862f567d71b07ac0a7a60c2c3bc6d2bb44dd5a86290b0b809d757a9eb07"",""firm_route_basis"":""原记录firm_raw""}]",0,按来源/日期/配置版本分别答复；同型号合并附件不等于同配置或逐车资格认证
特斯拉(上海)有限公司,TSL6480BEVBA2,0,0,0,0,1,2208试验口径,"[{""purpose_scope"":""2208试验口径"",""source_record_ids"":""old-41-Word97--0-3"",""source_observation_date_upper"":""2021-03-31"",""source_file"":""原件/免征目录/mf_batch41.doc"",""source_sha256"":""ba4634c0877ebf99f8e462013e4a07e40f57478a4aaf921801a6c85a49c42b7f"",""firm_route_basis"":""原件企业合并格/上下文候选；非登记实体认证""}]",0,按来源/日期/配置版本分别答复；同型号合并附件不等于同配置或逐车资格认证
特斯拉(上海)有限公司,TSL6480BEVBA3,0,0,0,0,1,2208试验口径,"[{""purpose_scope"":""2208试验口径"",""source_record_ids"":""old-45-Word97--0-5"",""source_observation_date_upper"":""2021-08-10"",""source_file"":""原件/免征目录/mf_batch45.doc"",""source_sha256"":""56f5e7c5fd36e990024f8121006a76da260361f4e4660846e78255d007126f7a"",""firm_route_basis"":""原件企业合并格/上下文候选；非登记实体认证""}]",0,按来源/日期/配置版本分别答复；同型号合并附件不等于同配置或逐车资格认证
特斯拉(上海)有限公司,TSL6480BEVBA4,0,0,0,0,1,2208试验口径,"[{""purpose_scope"":""2208试验口径"",""source_record_ids"":""old-45-Word97--0-3"",""source_observation_date_upper"":""2021-08-10"",""source_file"":""原件/免征目录/mf_batch45.doc"",""source_sha256"":""56f5e7c5fd36e990024f8121006a76da260361f4e4660846e78255d007126f7a"",""firm_route_basis"":""原件企业合并格/上下文候选；非登记实体认证""}]",0,按来源/日期/配置版本分别答复；同型号合并附件不等于同配置或逐车资格认证
特斯拉(上海)有限公司,TSL6480BEVBA5,0,0,0,0,1,2208试验口径,"[{""purpose_scope"":""2208试验口径"",""source_record_ids"":""old-45-Word97--0-2"",""source_observation_date_upper"":""2021-08-10"",""source_file"":""原件/免征目录/mf_batch45.doc"",""source_sha256"":""56f5e7c5fd36e990024f8121006a76da260361f4e4660846e78255d007126f7a"",""firm_route_basis"":""原记录firm_raw""}]",0,按来源/日期/配置版本分别答复；同型号合并附件不等于同配置或逐车资格认证
特斯拉(上海)有限公司,TSL7000BEVAR1,0,0,0,0,1,2208试验口径,"[{""purpose_scope"":""2208试验口径"",""source_record_ids"":""old-33-Word97--0-77"",""source_observation_date_upper"":""2020-07-21"",""source_file"":""原件/免征目录/mf_batch33.doc"",""source_sha256"":""ff98fbb1708c47cdcfc1e79e7a1647e72a7ae6d4255dce3b250d661001340c09"",""firm_route_basis"":""原记录firm_raw""}]",0,按来源/日期/配置版本分别答复；同型号合并附件不等于同配置或逐车资格认证
特斯拉(上海)有限公司,TSL7000BEVAR2,0,0,0,0,1,2208试验口径,"[{""purpose_scope"":""2208试验口径"",""source_record_ids"":""old-40-Word97--0-2"",""source_observation_date_upper"":""2021-03-08"",""source_file"":""原件/免征目录/mf_batch40.doc"",""source_sha256"":""93047c8e87a1f45948933ee36d00160788032370ecf11b551624e0ca45ecc1d1"",""firm_route_basis"":""原记录firm_raw""}]",0,按来源/日期/配置版本分别答复；同型号合并附件不等于同配置或逐车资格认证
特斯拉(上海)有限公司,TSL7000BEVAR5,0,0,0,0,1,2208试验口径,"[{""purpose_scope"":""2208试验口径"",""source_record_ids"":""old-50-Word97--0-3"",""source_observation_date_upper"":""2021-12-29"",""source_file"":""原件/免征目录/mf_batch50.doc"",""source_sha256"":""3810672d92621612507384960254de602e629e75a308df22ee2291519445095e"",""firm_route_basis"":""原件企业合并格/上下文候选；非登记实体认证""}]",0,按来源/日期/配置版本分别答复；同型号合并附件不等于同配置或逐车资格认证
特斯拉(上海)有限公司,TSL7000BEVAR6,0,0,0,0,1,2208试验口径,"[{""purpose_scope"":""2208试验口径"",""source_record_ids"":""old-50-Word97--0-4"",""source_observation_date_upper"":""2021-12-29"",""source_file"":""原件/免征目录/mf_batch50.doc"",""source_sha256"":""3810672d92621612507384960254de602e629e75a308df22ee2291519445095e"",""firm_route_basis"":""原件企业合并格/上下文候选；非登记实体认证""}]",0,按来源/日期/配置版本分别答复；同型号合并附件不等于同配置或逐车资格认证
特斯拉(上海)有限公司,TSL7000BEVBA0,0,0,0,0,1,2208试验口径,"[{""purpose_scope"":""2208试验口径"",""source_record_ids"":""old-33-Word97--0-78"",""source_observation_date_upper"":""2020-07-21"",""source_file"":""原件/免征目录/mf_batch33.doc"",""source_sha256"":""ff98fbb1708c47cdcfc1e79e7a1647e72a7ae6d4255dce3b250d661001340c09"",""firm_route_basis"":""原件企业合并格/上下文候选；非登记实体认证""}]",0,按来源/日期/配置版本分别答复；同型号合并附件不等于同配置或逐车资格认证
特斯拉(上海)有限公司,TSL7000BEVBA1,0,0,0,0,1,2208试验口径,"[{""purpose_scope"":""2208试验口径"",""source_record_ids"":""old-33-Word97--0-79"",""source_observation_date_upper"":""2020-07-21"",""source_file"":""原件/免征目录/mf_batch33.doc"",""source_sha256"":""ff98fbb1708c47cdcfc1e79e7a1647e72a7ae6d4255dce3b250d661001340c09"",""firm_route_basis"":""原件企业合并格/上下文候选；非登记实体认证""}]",0,按来源/日期/配置版本分别答复；同型号合并附件不等于同配置或逐车资格认证
特斯拉(上海)有限公司,TSL7000BEVBA2,0,0,0,0,1,2208试验口径,"[{""purpose_scope"":""2208试验口径"",""source_record_ids"":""old-41-Word97--0-2"",""source_observation_date_upper"":""2021-03-31"",""source_file"":""原件/免征目录/mf_batch41.doc"",""source_sha256"":""ba4634c0877ebf99f8e462013e4a07e40f57478a4aaf921801a6c85a49c42b7f"",""firm_route_basis"":""原记录firm_raw""}]",0,按来源/日期/配置版本分别答复；同型号合并附件不等于同配置或逐车资格认证
特斯拉(上海)有限公司,TSL7000BEVBA3,0,0,0,0,1,2208试验口径,"[{""purpose_scope"":""2208试验口径"",""source_record_ids"":""old-47-Word97--0-2"",""source_observation_date_upper"":""2021-09-30"",""source_file"":""原件/免征目录/mf_batch47.doc"",""source_sha256"":""fb4517fe8220b10bc435a77a5328df13c732c70b335942dfad0ae9394affe9b4"",""firm_route_basis"":""原记录firm_raw""}]",0,按来源/日期/配置版本分别答复；同型号合并附件不等于同配置或逐车资格认证
特斯拉(上海)有限公司,TSL7000BEVBR0,0,0,0,0,1,2208试验口径,"[{""purpose_scope"":""2208试验口径"",""source_record_ids"":""old-30-Word97--0-40"",""source_observation_date_upper"":""2020-03-13"",""source_file"":""原件/免征目录/mf_batch30.doc"",""source_sha256"":""e7fa3b47858ec2035b8055bc15be00b2b26920a5e8d3cad481058a80b92ead24"",""firm_route_basis"":""原记录firm_raw""}]",0,按来源/日期/配置版本分别答复；同型号合并附件不等于同配置或逐车资格认证
特斯拉汽车(北京)有限公司,E1R5,0,0,0,0,1,2208试验口径,"[{""purpose_scope"":""2208试验口径"",""source_record_ids"":""old-26-DOCX--0-84"",""source_observation_date_upper"":""2019-08-30"",""source_file"":""原件/免征目录/mf_batch26.docx"",""source_sha256"":""de0890335ef3a4f1302a8a0735ec8b6aed52e994e2635db481820060d62248b5"",""firm_route_basis"":""原件企业合并格/上下文候选；非登记实体认证""}]",0,按来源/日期/配置版本分别答复；同型号合并附件不等于同配置或逐车资格认证
特斯拉汽车(北京)有限公司,E3D5,0,0,0,0,1,2208试验口径,"[{""purpose_scope"":""2208试验口径"",""source_record_ids"":""old-26-DOCX--0-69"",""source_observation_date_upper"":""2019-08-30"",""source_file"":""原件/免征目录/mf_batch26.docx"",""source_sha256"":""de0890335ef3a4f1302a8a0735ec8b6aed52e994e2635db481820060d62248b5"",""firm_route_basis"":""原记录firm_raw""}]",0,按来源/日期/配置版本分别答复；同型号合并附件不等于同配置或逐车资格认证
特斯拉汽车(北京)有限公司,E3DP5,0,0,0,0,1,2208试验口径,"[{""purpose_scope"":""2208试验口径"",""source_record_ids"":""old-26-DOCX--0-70"",""source_observation_date_upper"":""2019-08-30"",""source_file"":""原件/免征目录/mf_batch26.docx"",""source_sha256"":""de0890335ef3a4f1302a8a0735ec8b6aed52e994e2635db481820060d62248b5"",""firm_route_basis"":""原件企业合并格/上下文候选；非登记实体认证""}]",0,按来源/日期/配置版本分别答复；同型号合并附件不等于同配置或逐车资格认证
特斯拉汽车(北京)有限公司,E3R5,0,0,0,0,1,2208试验口径,"[{""purpose_scope"":""2208试验口径"",""source_record_ids"":""old-26-DOCX--0-71"",""source_observation_date_upper"":""2019-08-30"",""source_file"":""原件/免征目录/mf_batch26.docx"",""source_sha256"":""de0890335ef3a4f1302a8a0735ec8b6aed52e994e2635db481820060d62248b5"",""firm_route_basis"":""原件企业合并格/上下文候选；非登记实体认证""}]",0,按来源/日期/配置版本分别答复；同型号合并附件不等于同配置或逐车资格认证
特斯拉汽车(北京)有限公司,MSP2LR,0,0,0,1,1,92逐车资格;2208试验口径,"[{""purpose_scope"":""92逐车资格"",""source_record_ids"":""new-03-cell-24;new-06-cell-4549"",""source_observation_date_upper"":""2024-03-11"",""source_file"":""原件/减免目录/cat_batch3.doc"",""source_sha256"":""338c1551d098659125f729d8b63eb48134ce5dfcfd36362a2aacb04a112e87b8"",""firm_route_basis"":""原记录firm_raw""},{""purpose_scope"":""2208试验口径"",""source_record_ids"":""old-59-Word97--0-6"",""source_observation_date_upper"":""2022-10-10"",""source_file"":""原件/免征目录/mf_batch59.doc"",""source_sha256"":""32738e2df847e0c74ff96d48b8a13e1dd9c31aee84b7c0a633e2d9c8a3e01f86"",""firm_route_basis"":""原件企业合并格/上下文候选；非登记实体认证""}]",0,按来源/日期/配置版本分别答复；同型号合并附件不等于同配置或逐车资格认证
特斯拉汽车(北京)有限公司,MSP2P,0,0,0,1,1,92逐车资格;2208试验口径,"[{""purpose_scope"":""92逐车资格"",""source_record_ids"":""new-03-cell-57;new-06-cell-4585"",""source_observation_date_upper"":""2024-03-11"",""source_file"":""原件/减免目录/cat_batch3.doc"",""source_sha256"":""338c1551d098659125f729d8b63eb48134ce5dfcfd36362a2aacb04a112e87b8"",""firm_route_basis"":""原件企业合并格/上下文候选；非登记实体认证""},{""purpose_scope"":""2208试验口径"",""source_record_ids"":""old-59-Word97--0-5"",""source_observation_date_upper"":""2022-10-10"",""source_file"":""原件/免征目录/mf_batch59.doc"",""source_sha256"":""32738e2df847e0c74ff96d48b8a13e1dd9c31aee84b7c0a633e2d9c8a3e01f86"",""firm_route_basis"":""原件企业合并格/上下文候选；非登记实体认证""}]",0,按来源/日期/配置版本分别答复；同型号合并附件不等于同配置或逐车资格认证
特斯拉汽车(北京)有限公司,MXP2LR,0,0,0,1,1,92逐车资格;2208试验口径,"[{""purpose_scope"":""92逐车资格"",""source_record_ids"":""new-03-cell-35;new-06-cell-4561"",""source_observation_date_upper"":""2024-03-11"",""source_file"":""原件/减免目录/cat_batch3.doc"",""source_sha256"":""338c1551d098659125f729d8b63eb48134ce5dfcfd36362a2aacb04a112e87b8"",""firm_route_basis"":""原件企业合并格/上下文候选；非登记实体认证""},{""purpose_scope"":""2208试验口径"",""source_record_ids"":""old-59-Word97--0-4"",""source_observation_date_upper"":""2022-10-10"",""source_file"":""原件/免征目录/mf_batch59.doc"",""source_sha256"":""32738e2df847e0c74ff96d48b8a13e1dd9c31aee84b7c0a633e2d9c8a3e01f86"",""firm_route_basis"":""原件企业合并格/上下文候选；非登记实体认证""}]",0,按来源/日期/配置版本分别答复；同型号合并附件不等于同配置或逐车资格认证
特斯拉汽车(北京)有限公司,MXP2P,0,0,0,1,1,92逐车资格;2208试验口径,"[{""purpose_scope"":""92逐车资格"",""source_record_ids"":""new-03-cell-46;new-06-cell-4573"",""source_observation_date_upper"":""2024-03-11"",""source_file"":""原件/减免目录/cat_batch3.doc"",""source_sha256"":""338c1551d098659125f729d8b63eb48134ce5dfcfd36362a2aacb04a112e87b8"",""firm_route_basis"":""原件企业合并格/上下文候选；非登记实体认证""},{""purpose_scope"":""2208试验口径"",""source_record_ids"":""old-59-Word97--0-3"",""source_observation_date_upper"":""2022-10-10"",""source_file"":""原件/免征目录/mf_batch59.doc"",""source_sha256"":""32738e2df847e0c74ff96d48b8a13e1dd9c31aee84b7c0a633e2d9c8a3e01f86"",""firm_route_basis"":""原记录firm_raw""}]",0,按来源/日期/配置版本分别答复；同型号合并附件不等于同配置或逐车资格认证
特斯拉汽车(北京)有限公司,S100D5,0,0,0,0,1,2208试验口径,"[{""purpose_scope"":""2208试验口径"",""source_record_ids"":""old-26-DOCX--0-72"",""source_observation_date_upper"":""2019-08-30"",""source_file"":""原件/免征目录/mf_batch26.docx"",""source_sha256"":""de0890335ef3a4f1302a8a0735ec8b6aed52e994e2635db481820060d62248b5"",""firm_route_basis"":""原件企业合并格/上下文候选；非登记实体认证""}]",0,按来源/日期/配置版本分别答复；同型号合并附件不等于同配置或逐车资格认证
特斯拉汽车(北京)有限公司,S75D5,0,0,0,0,1,2208试验口径,"[{""purpose_scope"":""2208试验口径"",""source_record_ids"":""old-26-DOCX--0-73"",""source_observation_date_upper"":""2019-08-30"",""source_file"":""原件/免征目录/mf_batch26.docx"",""source_sha256"":""de0890335ef3a4f1302a8a0735ec8b6aed52e994e2635db481820060d62248b5"",""firm_route_basis"":""原件企业合并格/上下文候选；非登记实体认证""}]",0,按来源/日期/配置版本分别答复；同型号合并附件不等于同配置或逐车资格认证
特斯拉汽车(北京)有限公司,SP100D5,0,0,0,0,1,2208试验口径,"[{""purpose_scope"":""2208试验口径"",""source_record_ids"":""old-26-DOCX--0-74"",""source_observation_date_upper"":""2019-08-30"",""source_file"":""原件/免征目录/mf_batch26.docx"",""source_sha256"":""de0890335ef3a4f1302a8a0735ec8b6aed52e994e2635db481820060d62248b5"",""firm_route_basis"":""原件企业合并格/上下文候选；非登记实体认证""}]",0,按来源/日期/配置版本分别答复；同型号合并附件不等于同配置或逐车资格认证
特斯拉汽车(北京)有限公司,X100D5,0,0,0,0,1,2208试验口径,"[{""purpose_scope"":""2208试验口径"",""source_record_ids"":""old-26-DOCX--0-75"",""source_observation_date_upper"":""2019-08-30"",""source_file"":""原件/免征目录/mf_batch26.docx"",""source_sha256"":""de0890335ef3a4f1302a8a0735ec8b6aed52e994e2635db481820060d62248b5"",""firm_route_basis"":""原件企业合并格/上下文候选；非登记实体认证""}]",0,按来源/日期/配置版本分别答复；同型号合并附件不等于同配置或逐车资格认证
特斯拉汽车(北京)有限公司,X100D6,0,0,0,0,1,2208试验口径,"[{""purpose_scope"":""2208试验口径"",""source_record_ids"":""old-26-DOCX--0-76"",""source_observation_date_upper"":""2019-08-30"",""source_file"":""原件/免征目录/mf_batch26.docx"",""source_sha256"":""de0890335ef3a4f1302a8a0735ec8b6aed52e994e2635db481820060d62248b5"",""firm_route_basis"":""原件企业合并格/上下文候选；非登记实体认证""}]",0,按来源/日期/配置版本分别答复；同型号合并附件不等于同配置或逐车资格认证
特斯拉汽车(北京)有限公司,X100D7,0,0,0,0,1,2208试验口径,"[{""purpose_scope"":""2208试验口径"",""source_record_ids"":""old-26-DOCX--0-77"",""source_observation_date_upper"":""2019-08-30"",""source_file"":""原件/免征目录/mf_batch26.docx"",""source_sha256"":""de0890335ef3a4f1302a8a0735ec8b6aed52e994e2635db481820060d62248b5"",""firm_route_basis"":""原件企业合并格/上下文候选；非登记实体认证""}]",0,按来源/日期/配置版本分别答复；同型号合并附件不等于同配置或逐车资格认证
特斯拉汽车(北京)有限公司,X75D5,0,0,0,0,1,2208试验口径,"[{""purpose_scope"":""2208试验口径"",""source_record_ids"":""old-26-DOCX--0-78"",""source_observation_date_upper"":""2019-08-30"",""source_file"":""原件/免征目录/mf_batch26.docx"",""source_sha256"":""de0890335ef3a4f1302a8a0735ec8b6aed52e994e2635db481820060d62248b5"",""firm_route_basis"":""原件企业合并格/上下文候选；非登记实体认证""}]",0,按来源/日期/配置版本分别答复；同型号合并附件不等于同配置或逐车资格认证
特斯拉汽车(北京)有限公司,X75D6,0,0,0,0,1,2208试验口径,"[{""purpose_scope"":""2208试验口径"",""source_record_ids"":""old-26-DOCX--0-79"",""source_observation_date_upper"":""2019-08-30"",""source_file"":""原件/免征目录/mf_batch26.docx"",""source_sha256"":""de0890335ef3a4f1302a8a0735ec8b6aed52e994e2635db481820060d62248b5"",""firm_route_basis"":""原件企业合并格/上下文候选；非登记实体认证""}]",0,按来源/日期/配置版本分别答复；同型号合并附件不等于同配置或逐车资格认证
特斯拉汽车(北京)有限公司,X75D7,0,0,0,0,1,2208试验口径,"[{""purpose_scope"":""2208试验口径"",""source_record_ids"":""old-26-DOCX--0-80"",""source_observation_date_upper"":""2019-08-30"",""source_file"":""原件/免征目录/mf_batch26.docx"",""source_sha256"":""de0890335ef3a4f1302a8a0735ec8b6aed52e994e2635db481820060d62248b5"",""firm_route_basis"":""原件企业合并格/上下文候选；非登记实体认证""}]",0,按来源/日期/配置版本分别答复；同型号合并附件不等于同配置或逐车资格认证
特斯拉汽车(北京)有限公司,XP100D5,0,0,0,0,1,2208试验口径,"[{""purpose_scope"":""2208试验口径"",""source_record_ids"":""old-26-DOCX--0-81"",""source_observation_date_upper"":""2019-08-30"",""source_file"":""原件/免征目录/mf_batch26.docx"",""source_sha256"":""de0890335ef3a4f1302a8a0735ec8b6aed52e994e2635db481820060d62248b5"",""firm_route_basis"":""原件企业合并格/上下文候选；非登记实体认证""}]",0,按来源/日期/配置版本分别答复；同型号合并附件不等于同配置或逐车资格认证
特斯拉汽车(北京)有限公司,XP100D6,0,0,0,0,1,2208试验口径,"[{""purpose_scope"":""2208试验口径"",""source_record_ids"":""old-26-DOCX--0-82"",""source_observation_date_upper"":""2019-08-30"",""source_file"":""原件/免征目录/mf_batch26.docx"",""source_sha256"":""de0890335ef3a4f1302a8a0735ec8b6aed52e994e2635db481820060d62248b5"",""firm_route_basis"":""原件企业合并格/上下文候选；非登记实体认证""}]",0,按来源/日期/配置版本分别答复；同型号合并附件不等于同配置或逐车资格认证
特斯拉汽车(北京)有限公司,XP100D7,0,0,0,0,1,2208试验口径,"[{""purpose_scope"":""2208试验口径"",""source_record_ids"":""old-26-DOCX--0-83"",""source_observation_date_upper"":""2019-08-30"",""source_file"":""原件/免征目录/mf_batch26.docx"",""source_sha256"":""de0890335ef3a4f1302a8a0735ec8b6aed52e994e2635db481820060d62248b5"",""firm_route_basis"":""原件企业合并格/上下文候选；非登记实体认证""}]",0,按来源/日期/配置版本分别答复；同型号合并附件不等于同配置或逐车资格认证
神龙汽车有限公司,DC7002XAAXBEVG,0,0,0,0,1,2208试验口径,"[{""purpose_scope"":""2208试验口径"",""source_record_ids"":""old-37-Word97--0-34"",""source_observation_date_upper"":""2020-11-30"",""source_file"":""原件/免征目录/mf_batch37.doc"",""source_sha256"":""136057faede292d8070763e326c8dbdcddf3790653cc6879a13758f91556881f"",""firm_route_basis"":""原记录firm_raw""}]",0,按来源/日期/配置版本分别答复；同型号合并附件不等于同配置或逐车资格认证
神龙汽车有限公司,DC7002XAAXBEVR,0,0,0,1,0,92逐车资格,"[{""purpose_scope"":""92逐车资格"",""source_record_ids"":""new-05-cell-4734;new-06-cell-5329"",""source_observation_date_upper"":""2024-05-20"",""source_file"":""原件/减免目录/cat_batch5.doc"",""source_sha256"":""be8c8373f926e8b033304f06a62d92b0f0fc066accc6841864c3fd414bc506ab"",""firm_route_basis"":""原记录firm_raw""}]",0,按来源/日期/配置版本分别答复；同型号合并附件不等于同配置或逐车资格认证
神龙汽车有限公司,DC7002XAAYBEVH,0,0,0,0,1,2208试验口径,"[{""purpose_scope"":""2208试验口径"",""source_record_ids"":""old-37-Word97--0-35"",""source_observation_date_upper"":""2020-11-30"",""source_file"":""原件/免征目录/mf_batch37.doc"",""source_sha256"":""136057faede292d8070763e326c8dbdcddf3790653cc6879a13758f91556881f"",""firm_route_basis"":""原件企业合并格/上下文候选；非登记实体认证""}]",0,按来源/日期/配置版本分别答复；同型号合并附件不等于同配置或逐车资格认证
神龙汽车有限公司,DC7002XAAYBEVJ,0,0,0,0,1,2208试验口径,"[{""purpose_scope"":""2208试验口径"",""source_record_ids"":""old-37-Word97--0-36"",""source_observation_date_upper"":""2020-11-30"",""source_file"":""原件/免征目录/mf_batch37.doc"",""source_sha256"":""136057faede292d8070763e326c8dbdcddf3790653cc6879a13758f91556881f"",""firm_route_basis"":""原件企业合并格/上下文候选；非登记实体认证""}]",0,按来源/日期/配置版本分别答复；同型号合并附件不等于同配置或逐车资格认证
神龙汽车有限公司,DC7006XAAXBEVM,0,0,0,1,0,92逐车资格,"[{""purpose_scope"":""92逐车资格"",""source_record_ids"":""new-05-cell-4503;new-06-cell-5077"",""source_observation_date_upper"":""2024-05-20"",""source_file"":""原件/减免目录/cat_batch5.doc"",""source_sha256"":""be8c8373f926e8b033304f06a62d92b0f0fc066accc6841864c3fd414bc506ab"",""firm_route_basis"":""原记录firm_raw""}]",0,按来源/日期/配置版本分别答复；同型号合并附件不等于同配置或逐车资格认证
神龙汽车有限公司,DC7006XAAXBEVN,0,1,0,0,0,32联合跨界,"[{""purpose_scope"":""32联合跨界"",""source_record_ids"":""old-71-Word97--0-19"",""source_observation_date_upper"":""2023-11-20"",""source_file"":""原件/免征目录/mf_batch71.doc"",""source_sha256"":""b37b78b64b8ef7e12e6e95d6fd27a4a6e364c0c83ba403ffcf3bca82c60e3460"",""firm_route_basis"":""原记录firm_raw""}]",0,按来源/日期/配置版本分别答复；同型号合并附件不等于同配置或逐车资格认证
福建天际汽车制造有限公司,QAC6461BEVAA,0,0,0,0,1,2208试验口径,"[{""purpose_scope"":""2208试验口径"",""source_record_ids"":""mf29-t0-r21"",""source_observation_date_upper"":""2019-12-27"",""source_file"":""原件/mf_batch29.doc"",""source_sha256"":""8d24a01958cc6d44fa7826ecbb6a76869b9a0f2c98b97597d57af02932f2afaf"",""firm_route_basis"":""原记录firm_raw""}]",0,按来源/日期/配置版本分别答复；同型号合并附件不等于同配置或逐车资格认证
福建天际汽车制造有限公司,QAC6461BEVAB,0,0,0,0,1,2208试验口径,"[{""purpose_scope"":""2208试验口径"",""source_record_ids"":""old-33-Word97--0-55"",""source_observation_date_upper"":""2020-07-21"",""source_file"":""原件/免征目录/mf_batch33.doc"",""source_sha256"":""ff98fbb1708c47cdcfc1e79e7a1647e72a7ae6d4255dce3b250d661001340c09"",""firm_route_basis"":""原记录firm_raw""}]",0,按来源/日期/配置版本分别答复；同型号合并附件不等于同配置或逐车资格认证
福建天际汽车制造有限公司,QAC6461BEVAC,0,0,0,0,1,2208试验口径,"[{""purpose_scope"":""2208试验口径"",""source_record_ids"":""old-37-Word97--0-37"",""source_observation_date_upper"":""2020-11-30"",""source_file"":""原件/免征目录/mf_batch37.doc"",""source_sha256"":""136057faede292d8070763e326c8dbdcddf3790653cc6879a13758f91556881f"",""firm_route_basis"":""原记录firm_raw""}]",0,按来源/日期/配置版本分别答复；同型号合并附件不等于同配置或逐车资格认证
福建新龙马汽车股份有限公司,FJ6410BEVA1,0,0,0,0,1,2208试验口径,"[{""purpose_scope"":""2208试验口径"",""source_record_ids"":""old-03-PDF-grid-1-0-8"",""source_observation_date_upper"":""2014-12-19"",""source_file"":""原件/免征目录/mf_batch03.pdf"",""source_sha256"":""1367fdf126160143cbeecaedf4a66b528d105bbfa58a06b2118487a2e05000a5"",""firm_route_basis"":""原记录firm_raw""}]",0,按来源/日期/配置版本分别答复；同型号合并附件不等于同配置或逐车资格认证
福建新龙马汽车股份有限公司,FJ6450BEVC1,0,0,0,0,1,2208试验口径,"[{""purpose_scope"":""2208试验口径"",""source_record_ids"":""old-22-Word97--0-29"",""source_observation_date_upper"":""2018-12-18"",""source_file"":""原件/免征目录/mf_batch22.doc"",""source_sha256"":""eaf3fc1e64742af85b3d4bc90388d0a93154a497fd6c1fb9bf73b857672e1212"",""firm_route_basis"":""原记录firm_raw""}]",0,按来源/日期/配置版本分别答复；同型号合并附件不等于同配置或逐车资格认证
福建新龙马汽车股份有限公司,FJ6450BEVC3,0,0,0,0,1,2208试验口径,"[{""purpose_scope"":""2208试验口径"",""source_record_ids"":""old-36-Word97--0-9"",""source_observation_date_upper"":""2020-10-30"",""source_file"":""原件/免征目录/mf_batch36.doc"",""source_sha256"":""05cfcfd9136685ad6d6e13b8228cd123cca109c26f43a4c71472016b5a610a9f"",""firm_route_basis"":""原记录firm_raw""}]",0,按来源/日期/配置版本分别答复；同型号合并附件不等于同配置或逐车资格认证
"福建省汽车工业集团云度新能
源汽车股份有限公司",YDE7000BEV1D,0,0,0,0,1,2208试验口径,"[{""purpose_scope"":""2208试验口径"",""source_record_ids"":""old-13-PDF-grid-1-0-13"",""source_observation_date_upper"":""2017-10-30"",""source_file"":""原件/免征目录/mf_batch13.pdf"",""source_sha256"":""e82c4f41c448edbb5269c95f2ff35d0c577f7ff0d12ff30b2d4c307a1aa31a6b"",""firm_route_basis"":""原件企业合并格/上下文候选；非登记实体认证""}]",0,按来源/日期/配置版本分别答复；同型号合并附件不等于同配置或逐车资格认证
"福建省汽车工业集团云度新能
源汽车股份有限公司",YDE7000BEV2A,0,0,0,0,1,2208试验口径,"[{""purpose_scope"":""2208试验口径"",""source_record_ids"":""old-13-PDF-grid-1-0-14"",""source_observation_date_upper"":""2017-10-30"",""source_file"":""原件/免征目录/mf_batch13.pdf"",""source_sha256"":""e82c4f41c448edbb5269c95f2ff35d0c577f7ff0d12ff30b2d4c307a1aa31a6b"",""firm_route_basis"":""原件企业合并格/上下文候选；非登记实体认证""}]",0,按来源/日期/配置版本分别答复；同型号合并附件不等于同配置或逐车资格认证
"福建省汽车工业集团云度新能
源汽车股份有限公司",YDE7000BEV2B,0,0,0,0,1,2208试验口径,"[{""purpose_scope"":""2208试验口径"",""source_record_ids"":""old-13-PDF-grid-1-0-12"",""source_observation_date_upper"":""2017-10-30"",""source_file"":""原件/免征目录/mf_batch13.pdf"",""source_sha256"":""e82c4f41c448edbb5269c95f2ff35d0c577f7ff0d12ff30b2d4c307a1aa31a6b"",""firm_route_basis"":""原记录firm_raw""}]",0,按来源/日期/配置版本分别答复；同型号合并附件不等于同配置或逐车资格认证
"福建省汽车工业集团云度新能源
汽车股份有限公司",YDE7000BEV1B,0,0,0,0,1,2208试验口径,"[{""purpose_scope"":""2208试验口径"",""source_record_ids"":""old-12-PDF-grid-1-0-12"",""source_observation_date_upper"":""2017-09-05"",""source_file"":""原件/免征目录/mf_batch12.pdf"",""source_sha256"":""afbd7133ccf901dbdc065b2ff80768450dc901def8d216cf5bb87baa98f7a1e2"",""firm_route_basis"":""原记录firm_raw""}]",0,按来源/日期/配置版本分别答复；同型号合并附件不等于同配置或逐车资格认证
"福建省汽车工业集团云度新能源
汽车股份有限公司",YDE7000BEV1C,0,0,0,0,1,2208试验口径,"[{""purpose_scope"":""2208试验口径"",""source_record_ids"":""old-12-PDF-grid-1-0-13"",""source_observation_date_upper"":""2017-09-05"",""source_file"":""原件/免征目录/mf_batch12.pdf"",""source_sha256"":""afbd7133ccf901dbdc065b2ff80768450dc901def8d216cf5bb87baa98f7a1e2"",""firm_route_basis"":""原件企业合并格/上下文候选；非登记实体认证""}]",0,按来源/日期/配置版本分别答复；同型号合并附件不等于同配置或逐车资格认证
福建省汽车工业集团云度新能源汽车股份有限公司,YDE7000BEV1F1,0,0,0,0,1,2208试验口径,"[{""purpose_scope"":""2208试验口径"",""source_record_ids"":""old-19-DOCX--0-22"",""source_observation_date_upper"":""2018-07-31"",""source_file"":""原件/免征目录/mf_batch19.docx"",""source_sha256"":""fafd1558aa0f21067847c19bdd0a95c79b919737be7b07b87c4538107fb2b8e3"",""firm_route_basis"":""原记录firm_raw""}]",0,按来源/日期/配置版本分别答复；同型号合并附件不等于同配置或逐车资格认证
福建省汽车工业集团云度新能源汽车股份有限公司,YDE7000BEV1H,0,0,0,0,1,2208试验口径,"[{""purpose_scope"":""2208试验口径"",""source_record_ids"":""old-18-Word97--0-21"",""source_observation_date_upper"":""2018-06-19"",""source_file"":""原件/免征目录/mf_batch18.doc"",""source_sha256"":""43f5426f7f80996ee11a894710d7229c743abf7ad69ba239f61075e0a9ddd37a"",""firm_route_basis"":""原记录firm_raw""}]",0,按来源/日期/配置版本分别答复；同型号合并附件不等于同配置或逐车资格认证
福建省汽车工业集团云度新能源汽车股份有限公司,YDE7000BEV1L,0,0,0,0,1,2208试验口径,"[{""purpose_scope"":""2208试验口径"",""source_record_ids"":""old-22-Word97--0-30"",""source_observation_date_upper"":""2018-12-18"",""source_file"":""原件/免征目录/mf_batch22.doc"",""source_sha256"":""eaf3fc1e64742af85b3d4bc90388d0a93154a497fd6c1fb9bf73b857672e1212"",""firm_route_basis"":""原记录firm_raw""}]",0,按来源/日期/配置版本分别答复；同型号合并附件不等于同配置或逐车资格认证
福建省汽车工业集团云度新能源汽车股份有限公司,YDE7000BEV1M,0,0,0,0,1,2208试验口径,"[{""purpose_scope"":""2208试验口径"",""source_record_ids"":""old-23-Word97--0-58"",""source_observation_date_upper"":""2019-03-13"",""source_file"":""原件/免征目录/mf_batch23.docx"",""source_sha256"":""87f838de0da3ba5887f77b2bf5c1dbf5b427e7cef896309a7084c11dd8f5efa0"",""firm_route_basis"":""原记录firm_raw""}]",0,按来源/日期/配置版本分别答复；同型号合并附件不等于同配置或逐车资格认证
福建省汽车工业集团云度新能源汽车股份有限公司,YDE7000BEV1N,0,0,0,0,1,2208试验口径,"[{""purpose_scope"":""2208试验口径"",""source_record_ids"":""old-25-Word97--0-80"",""source_observation_date_upper"":""2019-06-12"",""source_file"":""原件/免征目录/mf_batch25.wps"",""source_sha256"":""9d2abe319463522513fe9c90f98bb8d0a825b599267d0b3cc403cec9624b3297"",""firm_route_basis"":""原记录firm_raw""}]",0,按来源/日期/配置版本分别答复；同型号合并附件不等于同配置或逐车资格认证
福建省汽车工业集团云度新能源汽车股份有限公司,YDE7000BEV1P,0,0,0,0,1,2208试验口径,"[{""purpose_scope"":""2208试验口径"",""source_record_ids"":""old-38-Word97--0-23"",""source_observation_date_upper"":""2020-12-30"",""source_file"":""原件/免征目录/mf_batch38.doc"",""source_sha256"":""7c9def45fe5c40e4c5ffb483a1d1efd383c12cb16a5c4ba021d4ce28384776de"",""firm_route_basis"":""原记录firm_raw""}]",0,按来源/日期/配置版本分别答复；同型号合并附件不等于同配置或逐车资格认证
福建省汽车工业集团云度新能源汽车股份有限公司,YDE7000BEV1Q,0,0,0,0,1,2208试验口径,"[{""purpose_scope"":""2208试验口径"",""source_record_ids"":""old-40-Word97--0-16"",""source_observation_date_upper"":""2021-03-08"",""source_file"":""原件/免征目录/mf_batch40.doc"",""source_sha256"":""93047c8e87a1f45948933ee36d00160788032370ecf11b551624e0ca45ecc1d1"",""firm_route_basis"":""原记录firm_raw""}]",0,按来源/日期/配置版本分别答复；同型号合并附件不等于同配置或逐车资格认证
福建省汽车工业集团云度新能源汽车股份有限公司,YDE7000BEV2C,0,0,0,0,1,2208试验口径,"[{""purpose_scope"":""2208试验口径"",""source_record_ids"":""old-16-Word97--0-18"",""source_observation_date_upper"":""2018-02-13"",""source_file"":""原件/免征目录/mf_batch16.docx"",""source_sha256"":""9db5ace6c1c59bd9636d48636f94fa77d2b6e0aa27b109421690ce6a8c4a3967"",""firm_route_basis"":""原件企业合并格/上下文候选；非登记实体认证""}]",0,按来源/日期/配置版本分别答复；同型号合并附件不等于同配置或逐车资格认证
福建省汽车工业集团云度新能源汽车股份有限公司,YDE7000BEV2D,0,0,0,0,1,2208试验口径,"[{""purpose_scope"":""2208试验口径"",""source_record_ids"":""old-16-Word97--0-17"",""source_observation_date_upper"":""2018-02-13"",""source_file"":""原件/免征目录/mf_batch16.docx"",""source_sha256"":""9db5ace6c1c59bd9636d48636f94fa77d2b6e0aa27b109421690ce6a8c4a3967"",""firm_route_basis"":""原件企业合并格/上下文候选；非登记实体认证""}]",0,按来源/日期/配置版本分别答复；同型号合并附件不等于同配置或逐车资格认证
福建省汽车工业集团云度新能源汽车股份有限公司,YDE7000BEV2H,0,0,0,0,1,2208试验口径,"[{""purpose_scope"":""2208试验口径"",""source_record_ids"":""old-18-Word97--0-22"",""source_observation_date_upper"":""2018-06-19"",""source_file"":""原件/免征目录/mf_batch18.doc"",""source_sha256"":""43f5426f7f80996ee11a894710d7229c743abf7ad69ba239f61075e0a9ddd37a"",""firm_route_basis"":""原件企业合并格/上下文候选；非登记实体认证""}]",0,按来源/日期/配置版本分别答复；同型号合并附件不等于同配置或逐车资格认证
福建省汽车工业集团云度新能源汽车股份有限公司,YDE7000BEV2L,0,0,0,0,1,2208试验口径,"[{""purpose_scope"":""2208试验口径"",""source_record_ids"":""old-22-Word97--0-31"",""source_observation_date_upper"":""2018-12-18"",""source_file"":""原件/免征目录/mf_batch22.doc"",""source_sha256"":""eaf3fc1e64742af85b3d4bc90388d0a93154a497fd6c1fb9bf73b857672e1212"",""firm_route_basis"":""原件企业合并格/上下文候选；非登记实体认证""}]",0,按来源/日期/配置版本分别答复；同型号合并附件不等于同配置或逐车资格认证
福建省汽车工业集团云度新能源汽车股份有限公司,YDE7000BEV2N,0,0,0,0,1,2208试验口径,"[{""purpose_scope"":""2208试验口径"",""source_record_ids"":""old-26-DOCX--0-42"",""source_observation_date_upper"":""2019-08-30"",""source_file"":""原件/免征目录/mf_batch26.docx"",""source_sha256"":""de0890335ef3a4f1302a8a0735ec8b6aed52e994e2635db481820060d62248b5"",""firm_route_basis"":""原记录firm_raw""}]",0,按来源/日期/配置版本分别答复；同型号合并附件不等于同配置或逐车资格认证
福建省汽车工业集团云度新能源汽车股份有限公司,YDE7000BEV2P,0,0,0,0,1,2208试验口径,"[{""purpose_scope"":""2208试验口径"",""source_record_ids"":""old-34-Word97--0-31"",""source_observation_date_upper"":""2020-08-24"",""source_file"":""原件/免征目录/mf_batch34.doc"",""source_sha256"":""d5c5bb03cc5fe0f16b284048e265ad35d62c12c0416f14aef0ce026a229aa831"",""firm_route_basis"":""原记录firm_raw""}]",0,按来源/日期/配置版本分别答复；同型号合并附件不等于同配置或逐车资格认证
福建省汽车工业集团云度新能源汽车股份有限公司,YDE7000BEV2Q,0,0,0,0,1,2208试验口径,"[{""purpose_scope"":""2208试验口径"",""source_record_ids"":""old-38-Word97--0-24"",""source_observation_date_upper"":""2020-12-30"",""source_file"":""原件/免征目录/mf_batch38.doc"",""source_sha256"":""7c9def45fe5c40e4c5ffb483a1d1efd383c12cb16a5c4ba021d4ce28384776de"",""firm_route_basis"":""原件企业合并格/上下文候选；非登记实体认证""}]",0,按来源/日期/配置版本分别答复；同型号合并附件不等于同配置或逐车资格认证
福建省汽车工业集团云度新能源汽车股份有限公司,YDE7000BEV3A,0,0,0,0,1,2208试验口径,"[{""purpose_scope"":""2208试验口径"",""source_record_ids"":""old-18-Word97--0-23"",""source_observation_date_upper"":""2018-06-19"",""source_file"":""原件/免征目录/mf_batch18.doc"",""source_sha256"":""43f5426f7f80996ee11a894710d7229c743abf7ad69ba239f61075e0a9ddd37a"",""firm_route_basis"":""原件企业合并格/上下文候选；非登记实体认证""}]",0,按来源/日期/配置版本分别答复；同型号合并附件不等于同配置或逐车资格认证
肇庆小鹏新能源投资有限公司,NHQ6480BEVFA,0,0,0,1,0,92逐车资格,"[{""purpose_scope"":""92逐车资格"",""source_record_ids"":""new-03-cell-475;new-06-cell-4669"",""source_observation_date_upper"":""2024-03-11"",""source_file"":""原件/减免目录/cat_batch3.doc"",""source_sha256"":""338c1551d098659125f729d8b63eb48134ce5dfcfd36362a2aacb04a112e87b8"",""firm_route_basis"":""原记录firm_raw""}]",0,按来源/日期/配置版本分别答复；同型号合并附件不等于同配置或逐车资格认证
肇庆小鹏新能源投资有限公司,NHQ6490BEVGH,0,0,0,0,1,2208试验口径,"[{""purpose_scope"":""2208试验口径"",""source_record_ids"":""old-56-Word97--0-8"",""source_observation_date_upper"":""2022-07-08"",""source_file"":""原件/免征目录/mf_batch56.doc"",""source_sha256"":""cbffdc0819640e8f18c11a2a277b26b2e043c81406533457ff225f4df1c6c068"",""firm_route_basis"":""原记录firm_raw""}]",0,按来源/日期/配置版本分别答复；同型号合并附件不等于同配置或逐车资格认证
肇庆小鹏新能源投资有限公司,NHQ6490BEVGK,0,0,0,0,1,2208试验口径,"[{""purpose_scope"":""2208试验口径"",""source_record_ids"":""old-56-Word97--0-9"",""source_observation_date_upper"":""2022-07-08"",""source_file"":""原件/免征目录/mf_batch56.doc"",""source_sha256"":""cbffdc0819640e8f18c11a2a277b26b2e043c81406533457ff225f4df1c6c068"",""firm_route_basis"":""原件企业合并格/上下文候选；非登记实体认证""}]",0,按来源/日期/配置版本分别答复；同型号合并附件不等于同配置或逐车资格认证
肇庆小鹏新能源投资有限公司,NHQ7000BEVDA,0,0,0,0,1,2208试验口径,"[{""purpose_scope"":""2208试验口径"",""source_record_ids"":""old-44-Word97--0-43"",""source_observation_date_upper"":""2021-07-12"",""source_file"":""原件/免征目录/mf_batch44.doc"",""source_sha256"":""aea30846204f4e55c0d969450f1619e1649eb27f471d5b0a2636d0da77eb0611"",""firm_route_basis"":""原件企业合并格/上下文候选；非登记实体认证""}]",0,按来源/日期/配置版本分别答复；同型号合并附件不等于同配置或逐车资格认证
肇庆小鹏新能源投资有限公司,NHQ7000BEVDC,0,0,0,0,1,2208试验口径,"[{""purpose_scope"":""2208试验口径"",""source_record_ids"":""old-47-Word97--0-34"",""source_observation_date_upper"":""2021-09-30"",""source_file"":""原件/免征目录/mf_batch47.doc"",""source_sha256"":""fb4517fe8220b10bc435a77a5328df13c732c70b335942dfad0ae9394affe9b4"",""firm_route_basis"":""原件企业合并格/上下文候选；非登记实体认证""}]",0,按来源/日期/配置版本分别答复；同型号合并附件不等于同配置或逐车资格认证
肇庆小鹏新能源投资有限公司,NHQ7000BEVDF,0,0,0,0,1,2208试验口径,"[{""purpose_scope"":""2208试验口径"",""source_record_ids"":""old-46-Word97--0-42"",""source_observation_date_upper"":""2021-09-10"",""source_file"":""原件/免征目录/mf_batch46.doc"",""source_sha256"":""a4b2048b3d5c29a8969f0348e9fd19a3293f0c23e6f37a48bf42a2ed70c7d37d"",""firm_route_basis"":""原记录firm_raw""}]",0,按来源/日期/配置版本分别答复；同型号合并附件不等于同配置或逐车资格认证
肇庆小鹏新能源投资有限公司,NHQ7000BEVDK,0,0,0,0,1,2208试验口径,"[{""purpose_scope"":""2208试验口径"",""source_record_ids"":""old-46-Word97--0-43"",""source_observation_date_upper"":""2021-09-10"",""source_file"":""原件/免征目录/mf_batch46.doc"",""source_sha256"":""a4b2048b3d5c29a8969f0348e9fd19a3293f0c23e6f37a48bf42a2ed70c7d37d"",""firm_route_basis"":""原件企业合并格/上下文候选；非登记实体认证""}]",0,按来源/日期/配置版本分别答复；同型号合并附件不等于同配置或逐车资格认证
肇庆小鹏新能源投资有限公司,NHQ7000BEVDL,0,0,0,0,1,2208试验口径,"[{""purpose_scope"":""2208试验口径"",""source_record_ids"":""old-46-Word97--0-44"",""source_observation_date_upper"":""2021-09-10"",""source_file"":""原件/免征目录/mf_batch46.doc"",""source_sha256"":""a4b2048b3d5c29a8969f0348e9fd19a3293f0c23e6f37a48bf42a2ed70c7d37d"",""firm_route_basis"":""原件企业合并格/上下文候选；非登记实体认证""}]",0,按来源/日期/配置版本分别答复；同型号合并附件不等于同配置或逐车资格认证
肇庆小鹏新能源投资有限公司,NHQ7000BEVDP,0,0,0,0,1,2208试验口径,"[{""purpose_scope"":""2208试验口径"",""source_record_ids"":""old-45-Word97--0-46"",""source_observation_date_upper"":""2021-08-10"",""source_file"":""原件/免征目录/mf_batch45.doc"",""source_sha256"":""56f5e7c5fd36e990024f8121006a76da260361f4e4660846e78255d007126f7a"",""firm_route_basis"":""原记录firm_raw""}]",0,按来源/日期/配置版本分别答复；同型号合并附件不等于同配置或逐车资格认证
肇庆小鹏新能源投资有限公司,NHQ7000BEVDQ,0,0,0,0,1,2208试验口径,"[{""purpose_scope"":""2208试验口径"",""source_record_ids"":""old-45-Word97--0-51"",""source_observation_date_upper"":""2021-08-10"",""source_file"":""原件/免征目录/mf_batch45.doc"",""source_sha256"":""56f5e7c5fd36e990024f8121006a76da260361f4e4660846e78255d007126f7a"",""firm_route_basis"":""原件企业合并格/上下文候选；非登记实体认证""}]",0,按来源/日期/配置版本分别答复；同型号合并附件不等于同配置或逐车资格认证
肇庆小鹏新能源投资有限公司,NHQ7000BEVDR,0,0,0,0,1,2208试验口径,"[{""purpose_scope"":""2208试验口径"",""source_record_ids"":""old-45-Word97--0-50"",""source_observation_date_upper"":""2021-08-10"",""source_file"":""原件/免征目录/mf_batch45.doc"",""source_sha256"":""56f5e7c5fd36e990024f8121006a76da260361f4e4660846e78255d007126f7a"",""firm_route_basis"":""原件企业合并格/上下文候选；非登记实体认证""}]",0,按来源/日期/配置版本分别答复；同型号合并附件不等于同配置或逐车资格认证
肇庆小鹏新能源投资有限公司,NHQ7000BEVDS,0,0,0,0,1,2208试验口径,"[{""purpose_scope"":""2208试验口径"",""source_record_ids"":""old-46-Word97--0-46"",""source_observation_date_upper"":""2021-09-10"",""source_file"":""原件/免征目录/mf_batch46.doc"",""source_sha256"":""a4b2048b3d5c29a8969f0348e9fd19a3293f0c23e6f37a48bf42a2ed70c7d37d"",""firm_route_basis"":""原件企业合并格/上下文候选；非登记实体认证""}]",0,按来源/日期/配置版本分别答复；同型号合并附件不等于同配置或逐车资格认证
肇庆小鹏新能源投资有限公司,NHQ7000BEVDT,0,0,0,0,1,2208试验口径,"[{""purpose_scope"":""2208试验口径"",""source_record_ids"":""old-45-Word97--0-47"",""source_observation_date_upper"":""2021-08-10"",""source_file"":""原件/免征目录/mf_batch45.doc"",""source_sha256"":""56f5e7c5fd36e990024f8121006a76da260361f4e4660846e78255d007126f7a"",""firm_route_basis"":""原件企业合并格/上下文候选；非登记实体认证""}]",0,按来源/日期/配置版本分别答复；同型号合并附件不等于同配置或逐车资格认证
肇庆小鹏新能源投资有限公司,NHQ7000BEVDU,0,0,0,0,1,2208试验口径,"[{""purpose_scope"":""2208试验口径"",""source_record_ids"":""old-45-Word97--0-49"",""source_observation_date_upper"":""2021-08-10"",""source_file"":""原件/免征目录/mf_batch45.doc"",""source_sha256"":""56f5e7c5fd36e990024f8121006a76da260361f4e4660846e78255d007126f7a"",""firm_route_basis"":""原件企业合并格/上下文候选；非登记实体认证""}]",0,按来源/日期/配置版本分别答复；同型号合并附件不等于同配置或逐车资格认证
肇庆小鹏新能源投资有限公司,NHQ7000BEVDV,0,0,0,0,1,2208试验口径,"[{""purpose_scope"":""2208试验口径"",""source_record_ids"":""old-45-Word97--0-48"",""source_observation_date_upper"":""2021-08-10"",""source_file"":""原件/免征目录/mf_batch45.doc"",""source_sha256"":""56f5e7c5fd36e990024f8121006a76da260361f4e4660846e78255d007126f7a"",""firm_route_basis"":""原件企业合并格/上下文候选；非登记实体认证""}]",0,按来源/日期/配置版本分别答复；同型号合并附件不等于同配置或逐车资格认证
肇庆小鹏新能源投资有限公司,NHQ7000BEVEA,0,0,0,0,1,2208试验口径,"[{""purpose_scope"":""2208试验口径"",""source_record_ids"":""old-33-Word97--0-62"",""source_observation_date_upper"":""2020-07-21"",""source_file"":""原件/免征目录/mf_batch33.doc"",""source_sha256"":""ff98fbb1708c47cdcfc1e79e7a1647e72a7ae6d4255dce3b250d661001340c09"",""firm_route_basis"":""原记录firm_raw""}]",0,按来源/日期/配置版本分别答复；同型号合并附件不等于同配置或逐车资格认证
肇庆小鹏新能源投资有限公司,NHQ7000BEVEB,0,0,0,0,1,2208试验口径,"[{""purpose_scope"":""2208试验口径"",""source_record_ids"":""old-33-Word97--0-63"",""source_observation_date_upper"":""2020-07-21"",""source_file"":""原件/免征目录/mf_batch33.doc"",""source_sha256"":""ff98fbb1708c47cdcfc1e79e7a1647e72a7ae6d4255dce3b250d661001340c09"",""firm_route_basis"":""原件企业合并格/上下文候选；非登记实体认证""}]",0,按来源/日期/配置版本分别答复；同型号合并附件不等于同配置或逐车资格认证
肇庆小鹏新能源投资有限公司,NHQ7000BEVEC,0,0,0,0,1,2208试验口径,"[{""purpose_scope"":""2208试验口径"",""source_record_ids"":""old-33-Word97--0-64"",""source_observation_date_upper"":""2020-07-21"",""source_file"":""原件/免征目录/mf_batch33.doc"",""source_sha256"":""ff98fbb1708c47cdcfc1e79e7a1647e72a7ae6d4255dce3b250d661001340c09"",""firm_route_basis"":""原件企业合并格/上下文候选；非登记实体认证""}]",0,按来源/日期/配置版本分别答复；同型号合并附件不等于同配置或逐车资格认证
肇庆小鹏新能源投资有限公司,NHQ7000BEVED,0,0,0,0,1,2208试验口径,"[{""purpose_scope"":""2208试验口径"",""source_record_ids"":""old-33-Word97--0-65"",""source_observation_date_upper"":""2020-07-21"",""source_file"":""原件/免征目录/mf_batch33.doc"",""source_sha256"":""ff98fbb1708c47cdcfc1e79e7a1647e72a7ae6d4255dce3b250d661001340c09"",""firm_route_basis"":""原件企业合并格/上下文候选；非登记实体认证""}]",0,按来源/日期/配置版本分别答复；同型号合并附件不等于同配置或逐车资格认证
肇庆小鹏新能源投资有限公司,NHQ7000BEVEE,0,0,0,0,1,2208试验口径,"[{""purpose_scope"":""2208试验口径"",""source_record_ids"":""old-41-Word97--0-27"",""source_observation_date_upper"":""2021-03-31"",""source_file"":""原件/免征目录/mf_batch41.doc"",""source_sha256"":""ba4634c0877ebf99f8e462013e4a07e40f57478a4aaf921801a6c85a49c42b7f"",""firm_route_basis"":""原记录firm_raw""}]",0,按来源/日期/配置版本分别答复；同型号合并附件不等于同配置或逐车资格认证
肇庆小鹏新能源投资有限公司,NHQ7000BEVEF,0,0,0,0,1,2208试验口径,"[{""purpose_scope"":""2208试验口径"",""source_record_ids"":""old-47-Word97--0-33"",""source_observation_date_upper"":""2021-09-30"",""source_file"":""原件/免征目录/mf_batch47.doc"",""source_sha256"":""fb4517fe8220b10bc435a77a5328df13c732c70b335942dfad0ae9394affe9b4"",""firm_route_basis"":""原记录firm_raw""}]",0,按来源/日期/配置版本分别答复；同型号合并附件不等于同配置或逐车资格认证
肇庆小鹏新能源投资有限公司,NHQ7000BEVEG,0,0,0,0,1,2208试验口径,"[{""purpose_scope"":""2208试验口径"",""source_record_ids"":""old-46-Word97--0-45"",""source_observation_date_upper"":""2021-09-10"",""source_file"":""原件/免征目录/mf_batch46.doc"",""source_sha256"":""a4b2048b3d5c29a8969f0348e9fd19a3293f0c23e6f37a48bf42a2ed70c7d37d"",""firm_route_basis"":""原件企业合并格/上下文候选；非登记实体认证""}]",0,按来源/日期/配置版本分别答复；同型号合并附件不等于同配置或逐车资格认证
肇庆小鹏新能源投资有限公司,NHQ7000BEVEH,0,0,0,0,1,2208试验口径,"[{""purpose_scope"":""2208试验口径"",""source_record_ids"":""old-53-Word97--0-6"",""source_observation_date_upper"":""2022-04-08"",""source_file"":""原件/免征目录/mf_batch53.doc"",""source_sha256"":""a1f426ff77c80bce4d153fbfb6d01a7b6c6c87539f52ac4643edb7b060e21d2a"",""firm_route_basis"":""原记录firm_raw""}]",0,按来源/日期/配置版本分别答复；同型号合并附件不等于同配置或逐车资格认证
荣成华泰汽车有限公司,SDH6440BEVGL,0,0,0,0,1,2208试验口径,"[{""purpose_scope"":""2208试验口径"",""source_record_ids"":""old-06-PDF-grid-2-0-4"",""source_observation_date_upper"":""2015-11-25"",""source_file"":""原件/免征目录/mf_batch06.pdf"",""source_sha256"":""df226dc3953484911afdd265072593abc08c9f66d52a1df7492e215ce15c9b54"",""firm_route_basis"":""原件企业合并格/上下文候选；非登记实体认证""}]",0,按来源/日期/配置版本分别答复；同型号合并附件不等于同配置或逐车资格认证
荣成华泰汽车有限公司,SDH6450BEVSL,0,0,0,0,1,2208试验口径,"[{""purpose_scope"":""2208试验口径"",""source_record_ids"":""old-09-PDF-grid-2-0-28"",""source_observation_date_upper"":""2016-12-06"",""source_file"":""原件/免征目录/mf_batch09.pdf"",""source_sha256"":""7eea7200c04fefec34f6ae6db5a1bae77f82a534348f266e95575cae051c8c8c"",""firm_route_basis"":""原记录firm_raw""}]",0,按来源/日期/配置版本分别答复；同型号合并附件不等于同配置或逐车资格认证
荣成华泰汽车有限公司,SDH6460BEVDL,0,0,0,0,1,2208试验口径,"[{""purpose_scope"":""2208试验口径"",""source_record_ids"":""old-09-PDF-grid-2-0-29"",""source_observation_date_upper"":""2016-12-06"",""source_file"":""原件/免征目录/mf_batch09.pdf"",""source_sha256"":""7eea7200c04fefec34f6ae6db5a1bae77f82a534348f266e95575cae051c8c8c"",""firm_route_basis"":""原件企业合并格/上下文候选；非登记实体认证""}]",0,按来源/日期/配置版本分别答复；同型号合并附件不等于同配置或逐车资格认证
荣成华泰汽车有限公司,SDH7000BEVBL,0,0,0,0,1,2208试验口径,"[{""purpose_scope"":""2208试验口径"",""source_record_ids"":""old-06-PDF-grid-2-0-3"",""source_observation_date_upper"":""2015-11-25"",""source_file"":""原件/免征目录/mf_batch06.pdf"",""source_sha256"":""df226dc3953484911afdd265072593abc08c9f66d52a1df7492e215ce15c9b54"",""firm_route_basis"":""原记录firm_raw""}]",0,按来源/日期/配置版本分别答复；同型号合并附件不等于同配置或逐车资格认证
荣成华泰汽车有限公司,SDH7000BEVYL,0,0,0,0,1,2208试验口径,"[{""purpose_scope"":""2208试验口径"",""source_record_ids"":""old-09-PDF-grid-3-0-2"",""source_observation_date_upper"":""2016-12-06"",""source_file"":""原件/免征目录/mf_batch09.pdf"",""source_sha256"":""7eea7200c04fefec34f6ae6db5a1bae77f82a534348f266e95575cae051c8c8c"",""firm_route_basis"":""原记录firm_raw""}]",0,按来源/日期/配置版本分别答复；同型号合并附件不等于同配置或逐车资格认证
荣成华泰汽车有限公司,SDH7000BEVZL,0,0,0,0,1,2208试验口径,"[{""purpose_scope"":""2208试验口径"",""source_record_ids"":""old-09-PDF-grid-3-0-3"",""source_observation_date_upper"":""2016-12-06"",""source_file"":""原件/免征目录/mf_batch09.pdf"",""source_sha256"":""7eea7200c04fefec34f6ae6db5a1bae77f82a534348f266e95575cae051c8c8c"",""firm_route_basis"":""原件企业合并格/上下文候选；非登记实体认证""}]",0,按来源/日期/配置版本分别答复；同型号合并附件不等于同配置或逐车资格认证
观致汽车有限公司,QAL7000EAABEV,0,0,0,0,1,2208试验口径,"[{""purpose_scope"":""2208试验口径"",""source_record_ids"":""old-22-Word97--0-51"",""source_observation_date_upper"":""2018-12-18"",""source_file"":""原件/免征目录/mf_batch22.doc"",""source_sha256"":""eaf3fc1e64742af85b3d4bc90388d0a93154a497fd6c1fb9bf73b857672e1212"",""firm_route_basis"":""原记录firm_raw""}]",0,按来源/日期/配置版本分别答复；同型号合并附件不等于同配置或逐车资格认证
观致汽车有限公司,QAL70015A3BEV,0,0,0,0,1,2208试验口径,"[{""purpose_scope"":""2208试验口径"",""source_record_ids"":""old-61-Word97--0-7"",""source_observation_date_upper"":""2022-12-19"",""source_file"":""原件/免征目录/mf_batch61.doc"",""source_sha256"":""d360a77695ccf20f3c17a354a1dd02fc846a7ae8bd18b41492515881a7240b72"",""firm_route_basis"":""原记录firm_raw""}]",0,按来源/日期/配置版本分别答复；同型号合并附件不等于同配置或逐车资格认证
赛力斯汽车(湖北)有限公司,DXK6460HF6BEV,0,0,0,1,0,92逐车资格,"[{""purpose_scope"":""92逐车资格"",""source_record_ids"":""new-09-cell-4919"",""source_observation_date_upper"":""2024-09-19"",""source_file"":""原件/减免目录/cat_batch9.doc"",""source_sha256"":""74d572a9275de9f57212c399bc437e64fc60e908170abcdb8b544b0ece5f8a11"",""firm_route_basis"":""原记录firm_raw""}]",0,按来源/日期/配置版本分别答复；同型号合并附件不等于同配置或逐车资格认证
赛力斯汽车有限公司,SKE6470SBEVA5S,0,0,0,0,1,2208试验口径,"[{""purpose_scope"":""2208试验口径"",""source_record_ids"":""old-61-Word97--0-17"",""source_observation_date_upper"":""2022-12-19"",""source_file"":""原件/免征目录/mf_batch61.doc"",""source_sha256"":""d360a77695ccf20f3c17a354a1dd02fc846a7ae8bd18b41492515881a7240b72"",""firm_route_basis"":""原件企业合并格/上下文候选；非登记实体认证""}]",0,按来源/日期/配置版本分别答复；同型号合并附件不等于同配置或逐车资格认证
赛力斯汽车有限公司,SKE6470SBEVA7S,0,0,0,0,1,2208试验口径,"[{""purpose_scope"":""2208试验口径"",""source_record_ids"":""old-65-Word97--0-49"",""source_observation_date_upper"":""2023-05-09"",""source_file"":""原件/免征目录/mf_batch65.doc"",""source_sha256"":""06a6a578a9a60516a845bc92deac49954438a789e9e4a7cf3cd140f256d9b13d"",""firm_route_basis"":""原记录firm_raw""}]",0,按来源/日期/配置版本分别答复；同型号合并附件不等于同配置或逐车资格认证
赛力斯汽车有限公司,SKE6470SBEVR2,0,0,0,0,1,2208试验口径,"[{""purpose_scope"":""2208试验口径"",""source_record_ids"":""old-61-Word97--0-16"",""source_observation_date_upper"":""2022-12-19"",""source_file"":""原件/免征目录/mf_batch61.doc"",""source_sha256"":""d360a77695ccf20f3c17a354a1dd02fc846a7ae8bd18b41492515881a7240b72"",""firm_route_basis"":""原记录firm_raw""}]",0,按来源/日期/配置版本分别答复；同型号合并附件不等于同配置或逐车资格认证
赛力斯汽车有限公司,SKE6470SBEVR3,0,0,0,0,1,2208试验口径,"[{""purpose_scope"":""2208试验口径"",""source_record_ids"":""old-65-Word97--0-50"",""source_observation_date_upper"":""2023-05-09"",""source_file"":""原件/免征目录/mf_batch65.doc"",""source_sha256"":""06a6a578a9a60516a845bc92deac49954438a789e9e4a7cf3cd140f256d9b13d"",""firm_route_basis"":""原件企业合并格/上下文候选；非登记实体认证""}]",0,按来源/日期/配置版本分别答复；同型号合并附件不等于同配置或逐车资格认证
赛力斯汽车有限公司,SKE6480SBEVA1S,0,0,0,0,1,2208试验口径,"[{""purpose_scope"":""2208试验口径"",""source_record_ids"":""old-66-Word97--0-35"",""source_observation_date_upper"":""2023-06-08"",""source_file"":""原件/免征目录/mf_batch66.doc"",""source_sha256"":""05a5fce42de1c5412803fe6a7bb46d04c4d61cb71dc5d88a9b59a3e884350544"",""firm_route_basis"":""原记录firm_raw""}]",0,按来源/日期/配置版本分别答复；同型号合并附件不等于同配置或逐车资格认证
赛力斯汽车有限公司,SKE6480SBEVR1,0,0,0,0,1,2208试验口径,"[{""purpose_scope"":""2208试验口径"",""source_record_ids"":""old-66-Word97--0-36"",""source_observation_date_upper"":""2023-06-08"",""source_file"":""原件/免征目录/mf_batch66.doc"",""source_sha256"":""05a5fce42de1c5412803fe6a7bb46d04c4d61cb71dc5d88a9b59a3e884350544"",""firm_route_basis"":""原件企业合并格/上下文候选；非登记实体认证""}]",0,按来源/日期/配置版本分别答复；同型号合并附件不等于同配置或逐车资格认证
赛力斯汽车有限公司,SKE6520SBEVA2S,0,0,0,0,1,2208试验口径,"[{""purpose_scope"":""2208试验口径"",""source_record_ids"":""old-71-Word97--0-60"",""source_observation_date_upper"":""2023-11-20"",""source_file"":""原件/免征目录/mf_batch71.doc"",""source_sha256"":""b37b78b64b8ef7e12e6e95d6fd27a4a6e364c0c83ba403ffcf3bca82c60e3460"",""firm_route_basis"":""原记录firm_raw""}]",0,按来源/日期/配置版本分别答复；同型号合并附件不等于同配置或逐车资格认证
赛力斯汽车有限公司,SKE6520SBEVAS,0,0,0,0,1,2208试验口径,"[{""purpose_scope"":""2208试验口径"",""source_record_ids"":""old-70-Word97--0-45"",""source_observation_date_upper"":""2023-10-18"",""source_file"":""原件/免征目录/mf_batch70.doc"",""source_sha256"":""29b9f5df62602e114f0ed01426c185fdb15a654022cdf16d4df624bb736ed813"",""firm_route_basis"":""原记录firm_raw""}]",0,按来源/日期/配置版本分别答复；同型号合并附件不等于同配置或逐车资格认证
郑州日产汽车有限公司,ZN6441V1YBEV,0,0,0,0,1,2208试验口径,"[{""purpose_scope"":""2208试验口径"",""source_record_ids"":""old-04-PDF-grid-2-0-10"",""source_observation_date_upper"":""2015-05-08"",""source_file"":""原件/免征目录/mf_batch04.pdf"",""source_sha256"":""7539cd299efb49a366656a4da32393075bcb03a5e10ea54e975f82f6099d9c81"",""firm_route_basis"":""原记录firm_raw""}]",0,按来源/日期/配置版本分别答复；同型号合并附件不等于同配置或逐车资格认证
郑州日产汽车有限公司,ZN6450V1YBEV,0,0,0,0,1,2208试验口径,"[{""purpose_scope"":""2208试验口径"",""source_record_ids"":""old-09-PDF-grid-3-0-19"",""source_observation_date_upper"":""2016-12-06"",""source_file"":""原件/免征目录/mf_batch09.pdf"",""source_sha256"":""7eea7200c04fefec34f6ae6db5a1bae77f82a534348f266e95575cae051c8c8c"",""firm_route_basis"":""原记录firm_raw""}]",0,按来源/日期/配置版本分别答复；同型号合并附件不等于同配置或逐车资格认证
郑州日产汽车有限公司,ZN6451V1YBEV,0,0,0,0,1,2208试验口径,"[{""purpose_scope"":""2208试验口径"",""source_record_ids"":""old-12-PDF-grid-2-0-25"",""source_observation_date_upper"":""2017-09-05"",""source_file"":""原件/免征目录/mf_batch12.pdf"",""source_sha256"":""afbd7133ccf901dbdc065b2ff80768450dc901def8d216cf5bb87baa98f7a1e2"",""firm_route_basis"":""原记录firm_raw""}]",0,按来源/日期/配置版本分别答复；同型号合并附件不等于同配置或逐车资格认证
郑州日产汽车有限公司,ZN6452V1YBEV,0,0,0,0,1,2208试验口径,"[{""purpose_scope"":""2208试验口径"",""source_record_ids"":""old-17-PDF-grid-2-0-22"",""source_observation_date_upper"":""2018-04-16"",""source_file"":""原件/免征目录/mf_batch17.pdf"",""source_sha256"":""577a4ba9c586fe08565f6a60e6de5474698031566d8dcef484cd44335879e334"",""firm_route_basis"":""原记录firm_raw""}]",0,按来源/日期/配置版本分别答复；同型号合并附件不等于同配置或逐车资格认证
郑州日产汽车有限公司,ZN6453V1YBEV,0,0,0,0,1,2208试验口径,"[{""purpose_scope"":""2208试验口径"",""source_record_ids"":""old-21-DOCX--0-28"",""source_observation_date_upper"":""2018-11-06"",""source_file"":""原件/免征目录/mf_batch21.docx"",""source_sha256"":""cd981cecffd781db646c194ab2c853b0466cc86eea0f616e95300b88932b8d9b"",""firm_route_basis"":""原记录firm_raw""}]",0,按来源/日期/配置版本分别答复；同型号合并附件不等于同配置或逐车资格认证
郑州日产汽车有限公司,ZN6454V1YBEV,0,0,0,0,1,2208试验口径,"[{""purpose_scope"":""2208试验口径"",""source_record_ids"":""old-25-Word97--0-84"",""source_observation_date_upper"":""2019-06-12"",""source_file"":""原件/免征目录/mf_batch25.wps"",""source_sha256"":""9d2abe319463522513fe9c90f98bb8d0a825b599267d0b3cc403cec9624b3297"",""firm_route_basis"":""原记录firm_raw""}]",0,按来源/日期/配置版本分别答复；同型号合并附件不等于同配置或逐车资格认证
郑州日产汽车有限公司,ZN6456V1YBEV,0,0,0,0,1,2208试验口径,"[{""purpose_scope"":""2208试验口径"",""source_record_ids"":""old-27-Word97--0-26"",""source_observation_date_upper"":""2019-10-25"",""source_file"":""原件/免征目录/mf_batch27.doc"",""source_sha256"":""2bd67cf7e1efc03ae93942d0d340ffef87478709520383b6ee4d08baf843ead1"",""firm_route_basis"":""原记录firm_raw""}]",0,按来源/日期/配置版本分别答复；同型号合并附件不等于同配置或逐车资格认证
郑州日产汽车有限公司,ZN6493H2YBEV,0,0,0,0,1,2208试验口径,"[{""purpose_scope"":""2208试验口径"",""source_record_ids"":""old-02-PDF-grid-2-0-4"",""source_observation_date_upper"":""2014-10-29"",""source_file"":""原件/免征目录/mf_batch02.pdf"",""source_sha256"":""0b13b4fd2de6c4de3ab0f8add88bb8d24354d05ca6af46904fe1065c53c9c519"",""firm_route_basis"":""原记录firm_raw""}]",0,按来源/日期/配置版本分别答复；同型号合并附件不等于同配置或逐车资格认证
郑州日产汽车有限公司,ZN6494H2YBEV,0,0,0,0,1,2208试验口径,"[{""purpose_scope"":""2208试验口径"",""source_record_ids"":""old-02-PDF-grid-2-0-5"",""source_observation_date_upper"":""2014-10-29"",""source_file"":""原件/免征目录/mf_batch02.pdf"",""source_sha256"":""0b13b4fd2de6c4de3ab0f8add88bb8d24354d05ca6af46904fe1065c53c9c519"",""firm_route_basis"":""原件企业合并格/上下文候选；非登记实体认证""}]",0,按来源/日期/配置版本分别答复；同型号合并附件不等于同配置或逐车资格认证
郑州日产汽车有限公司,ZN6495H2YBEV,0,0,0,0,1,2208试验口径,"[{""purpose_scope"":""2208试验口径"",""source_record_ids"":""old-14-Word97--0-26"",""source_observation_date_upper"":""2017-12-05"",""source_file"":""原件/免征目录/mf_batch14.docx"",""source_sha256"":""6a48764b5ccb7c4ffa6f54daa44d3a42095b8a981fc982e774ddaaded41e9921"",""firm_route_basis"":""原记录firm_raw""}]",0,按来源/日期/配置版本分别答复；同型号合并附件不等于同配置或逐车资格认证
郑州日产汽车有限公司,ZN6496H2YBEV,0,0,0,0,1,2208试验口径,"[{""purpose_scope"":""2208试验口径"",""source_record_ids"":""old-21-DOCX--0-29"",""source_observation_date_upper"":""2018-11-06"",""source_file"":""原件/免征目录/mf_batch21.docx"",""source_sha256"":""cd981cecffd781db646c194ab2c853b0466cc86eea0f616e95300b88932b8d9b"",""firm_route_basis"":""原件企业合并格/上下文候选；非登记实体认证""}]",0,按来源/日期/配置版本分别答复；同型号合并附件不等于同配置或逐车资格认证
郑州日产汽车有限公司,ZN6532H5PBEV,0,0,0,0,1,2208试验口径,"[{""purpose_scope"":""2208试验口径"",""source_record_ids"":""old-63-Word97--0-27"",""source_observation_date_upper"":""2023-03-10"",""source_file"":""原件/免征目录/mf_batch63.doc"",""source_sha256"":""1d0f4bf9c7c1f67712e9efa3a5e3222c30d4e438653b9335aaff9714e65f8c05"",""firm_route_basis"":""原记录firm_raw""}]",0,按来源/日期/配置版本分别答复；同型号合并附件不等于同配置或逐车资格认证
重庆力帆乘用车有限公司,LF6440EV2,0,0,0,0,1,2208试验口径,"[{""purpose_scope"":""2208试验口径"",""source_record_ids"":""old-23-Word97--0-39"",""source_observation_date_upper"":""2019-03-13"",""source_file"":""原件/免征目录/mf_batch23.docx"",""source_sha256"":""87f838de0da3ba5887f77b2bf5c1dbf5b427e7cef896309a7084c11dd8f5efa0"",""firm_route_basis"":""原记录firm_raw""}]",0,按来源/日期/配置版本分别答复；同型号合并附件不等于同配置或逐车资格认证
重庆力帆乘用车有限公司,LF6473SEV,0,0,0,0,1,2208试验口径,"[{""purpose_scope"":""2208试验口径"",""source_record_ids"":""old-41-Word97--0-7"",""source_observation_date_upper"":""2021-03-31"",""source_file"":""原件/免征目录/mf_batch41.doc"",""source_sha256"":""ba4634c0877ebf99f8e462013e4a07e40f57478a4aaf921801a6c85a49c42b7f"",""firm_route_basis"":""原记录firm_raw""}]",0,按来源/日期/配置版本分别答复；同型号合并附件不等于同配置或逐车资格认证
重庆力帆乘用车有限公司,LF6473SEV1,0,0,0,0,1,2208试验口径,"[{""purpose_scope"":""2208试验口径"",""source_record_ids"":""old-48-Word97--0-11"",""source_observation_date_upper"":""2021-11-05"",""source_file"":""原件/免征目录/mf_batch48.doc"",""source_sha256"":""ee5aa19736215cfcb3b76ffff90bcd0d9108c61758ccb756f7d4ad17e75a835c"",""firm_route_basis"":""原件企业合并格/上下文候选；非登记实体认证""}]",0,按来源/日期/配置版本分别答复；同型号合并附件不等于同配置或逐车资格认证
重庆力帆乘用车有限公司,LF7001SEV1,0,0,0,0,1,2208试验口径,"[{""purpose_scope"":""2208试验口径"",""source_record_ids"":""old-48-Word97--0-12"",""source_observation_date_upper"":""2021-11-05"",""source_file"":""原件/免征目录/mf_batch48.doc"",""source_sha256"":""ee5aa19736215cfcb3b76ffff90bcd0d9108c61758ccb756f7d4ad17e75a835c"",""firm_route_basis"":""原件企业合并格/上下文候选；非登记实体认证""}]",0,按来源/日期/配置版本分别答复；同型号合并附件不等于同配置或逐车资格认证
重庆力帆乘用车有限公司,LF7001SEV2,0,0,0,0,1,2208试验口径,"[{""purpose_scope"":""2208试验口径"",""source_record_ids"":""old-48-Word97--0-10"",""source_observation_date_upper"":""2021-11-05"",""source_file"":""原件/免征目录/mf_batch48.doc"",""source_sha256"":""ee5aa19736215cfcb3b76ffff90bcd0d9108c61758ccb756f7d4ad17e75a835c"",""firm_route_basis"":""原记录firm_raw""}]",0,按来源/日期/配置版本分别答复；同型号合并附件不等于同配置或逐车资格认证
重庆力帆乘用车有限公司,LF7002CEV260,0,0,0,0,1,2208试验口径,"[{""purpose_scope"":""2208试验口径"",""source_record_ids"":""old-05-PDF-grid-1-0-17"",""source_observation_date_upper"":""2015-09-11"",""source_file"":""原件/免征目录/mf_batch05.pdf"",""source_sha256"":""658aa5fbf13859a9bbe1db6235da2f7e79fc325cc34e4c0ec1ffab7f8cc2ebca"",""firm_route_basis"":""原记录firm_raw""}]",0,按来源/日期/配置版本分别答复；同型号合并附件不等于同配置或逐车资格认证
重庆力帆乘用车有限公司,LF7002EEV,0,0,0,0,1,2208试验口径,"[{""purpose_scope"":""2208试验口径"",""source_record_ids"":""old-06-PDF-grid-2-0-15"",""source_observation_date_upper"":""2015-11-25"",""source_file"":""原件/免征目录/mf_batch06.pdf"",""source_sha256"":""df226dc3953484911afdd265072593abc08c9f66d52a1df7492e215ce15c9b54"",""firm_route_basis"":""原件企业合并格/上下文候选；非登记实体认证""}]",0,按来源/日期/配置版本分别答复；同型号合并附件不等于同配置或逐车资格认证
重庆力帆乘用车有限公司,LF7002EEV400,0,0,0,0,1,2208试验口径,"[{""purpose_scope"":""2208试验口径"",""source_record_ids"":""old-13-PDF-grid-2-0-25"",""source_observation_date_upper"":""2017-10-30"",""source_file"":""原件/免征目录/mf_batch13.pdf"",""source_sha256"":""e82c4f41c448edbb5269c95f2ff35d0c577f7ff0d12ff30b2d4c307a1aa31a6b"",""firm_route_basis"":""原记录firm_raw""}]",0,按来源/日期/配置版本分别答复；同型号合并附件不等于同配置或逐车资格认证
重庆力帆乘用车有限公司,LF7002FEV,0,0,0,0,1,2208试验口径,"[{""purpose_scope"":""2208试验口径"",""source_record_ids"":""old-09-PDF-grid-3-0-20"",""source_observation_date_upper"":""2016-12-06"",""source_file"":""原件/免征目录/mf_batch09.pdf"",""source_sha256"":""7eea7200c04fefec34f6ae6db5a1bae77f82a534348f266e95575cae051c8c8c"",""firm_route_basis"":""原记录firm_raw""}]",0,按来源/日期/配置版本分别答复；同型号合并附件不等于同配置或逐车资格认证
重庆力帆乘用车有限公司,LF7002GEV,0,0,0,0,1,2208试验口径,"[{""purpose_scope"":""2208试验口径"",""source_record_ids"":""old-11-PDF-grid-2-0-9"",""source_observation_date_upper"":""2017-07-06"",""source_file"":""原件/免征目录/mf_batch11.pdf"",""source_sha256"":""ec4f33e5e872841e6d1fa5d435793c285a15614ef2e64f39b9013389b5e51724"",""firm_route_basis"":""原记录firm_raw""}]",0,按来源/日期/配置版本分别答复；同型号合并附件不等于同配置或逐车资格认证
重庆力帆乘用车有限公司,LF7002KEV,0,0,0,0,1,2208试验口径,"[{""purpose_scope"":""2208试验口径"",""source_record_ids"":""old-18-Word97--0-37"",""source_observation_date_upper"":""2018-06-19"",""source_file"":""原件/免征目录/mf_batch18.doc"",""source_sha256"":""43f5426f7f80996ee11a894710d7229c743abf7ad69ba239f61075e0a9ddd37a"",""firm_route_basis"":""原记录firm_raw""}]",0,按来源/日期/配置版本分别答复；同型号合并附件不等于同配置或逐车资格认证
重庆力帆乘用车有限公司,LF7002PEV,0,0,0,0,1,2208试验口径,"[{""purpose_scope"":""2208试验口径"",""source_record_ids"":""old-17-PDF-grid-2-0-23"",""source_observation_date_upper"":""2018-04-16"",""source_file"":""原件/免征目录/mf_batch17.pdf"",""source_sha256"":""577a4ba9c586fe08565f6a60e6de5474698031566d8dcef484cd44335879e334"",""firm_route_basis"":""原记录firm_raw""}]",0,按来源/日期/配置版本分别答复；同型号合并附件不等于同配置或逐车资格认证
重庆力帆乘用车有限公司,LF7002PEV3,0,0,0,0,1,2208试验口径,"[{""purpose_scope"":""2208试验口径"",""source_record_ids"":""old-20-DOCX--0-84"",""source_observation_date_upper"":""2018-09-19"",""source_file"":""原件/免征目录/mf_batch20.docx"",""source_sha256"":""374d3f87551d75d1c163e76abb38f350ea93f8a2b8cad6174568c307d1cc0130"",""firm_route_basis"":""原件企业合并格/上下文候选；非登记实体认证""}]",0,按来源/日期/配置版本分别答复；同型号合并附件不等于同配置或逐车资格认证
重庆力帆乘用车有限公司,LF7002REV,0,0,0,0,1,2208试验口径,"[{""purpose_scope"":""2208试验口径"",""source_record_ids"":""old-19-DOCX--0-56"",""source_observation_date_upper"":""2018-07-31"",""source_file"":""原件/免征目录/mf_batch19.docx"",""source_sha256"":""fafd1558aa0f21067847c19bdd0a95c79b919737be7b07b87c4538107fb2b8e3"",""firm_route_basis"":""原记录firm_raw""}]",0,按来源/日期/配置版本分别答复；同型号合并附件不等于同配置或逐车资格认证
重庆力帆乘用车有限公司,LF7002SEV,0,0,0,0,1,2208试验口径,"[{""purpose_scope"":""2208试验口径"",""source_record_ids"":""old-24-Word97--4-16"",""source_observation_date_upper"":""2019-04-30"",""source_file"":""原件/免征目录/mf_batch24.wps"",""source_sha256"":""07775a0cb063fe0fce5880b9378dd1eb2522b725d645cabdee314d604779939d"",""firm_route_basis"":""原记录firm_raw""}]",0,按来源/日期/配置版本分别答复；同型号合并附件不等于同配置或逐车资格认证
重庆力帆乘用车有限公司,LF7004DEV,0,0,0,0,1,2208试验口径,"[{""purpose_scope"":""2208试验口径"",""source_record_ids"":""old-06-PDF-grid-2-0-14"",""source_observation_date_upper"":""2015-11-25"",""source_file"":""原件/免征目录/mf_batch06.pdf"",""source_sha256"":""df226dc3953484911afdd265072593abc08c9f66d52a1df7492e215ce15c9b54"",""firm_route_basis"":""原记录firm_raw""}]",0,按来源/日期/配置版本分别答复；同型号合并附件不等于同配置或逐车资格认证
重庆力帆乘用车有限公司,LF7004EV,0,0,0,0,1,2208试验口径,"[{""purpose_scope"":""2208试验口径"",""source_record_ids"":""old-05-PDF-grid-1-0-18"",""source_observation_date_upper"":""2015-09-11"",""source_file"":""原件/免征目录/mf_batch05.pdf"",""source_sha256"":""658aa5fbf13859a9bbe1db6235da2f7e79fc325cc34e4c0ec1ffab7f8cc2ebca"",""firm_route_basis"":""原件企业合并格/上下文候选；非登记实体认证""}]",0,按来源/日期/配置版本分别答复；同型号合并附件不等于同配置或逐车资格认证
重庆力帆乘用车有限公司,LF7004FEV,0,0,0,0,1,2208试验口径,"[{""purpose_scope"":""2208试验口径"",""source_record_ids"":""old-09-PDF-grid-3-0-21"",""source_observation_date_upper"":""2016-12-06"",""source_file"":""原件/免征目录/mf_batch09.pdf"",""source_sha256"":""7eea7200c04fefec34f6ae6db5a1bae77f82a534348f266e95575cae051c8c8c"",""firm_route_basis"":""原件企业合并格/上下文候选；非登记实体认证""}]",0,按来源/日期/配置版本分别答复；同型号合并附件不等于同配置或逐车资格认证
重庆力帆乘用车有限公司,LF7004GEV,0,0,0,0,1,2208试验口径,"[{""purpose_scope"":""2208试验口径"",""source_record_ids"":""old-11-PDF-grid-2-0-10"",""source_observation_date_upper"":""2017-07-06"",""source_file"":""原件/免征目录/mf_batch11.pdf"",""source_sha256"":""ec4f33e5e872841e6d1fa5d435793c285a15614ef2e64f39b9013389b5e51724"",""firm_route_basis"":""原件企业合并格/上下文候选；非登记实体认证""}]",0,按来源/日期/配置版本分别答复；同型号合并附件不等于同配置或逐车资格认证
重庆力帆乘用车有限公司,LF7007EV,0,0,0,0,1,2208试验口径,"[{""purpose_scope"":""2208试验口径"",""source_record_ids"":""old-06-PDF-grid-2-0-16"",""source_observation_date_upper"":""2015-11-25"",""source_file"":""原件/免征目录/mf_batch06.pdf"",""source_sha256"":""df226dc3953484911afdd265072593abc08c9f66d52a1df7492e215ce15c9b54"",""firm_route_basis"":""原件企业合并格/上下文候选；非登记实体认证""}]",0,按来源/日期/配置版本分别答复；同型号合并附件不等于同配置或逐车资格认证
重庆力帆乘用车有限公司,LF7007FEV,0,0,0,0,1,2208试验口径,"[{""purpose_scope"":""2208试验口径"",""source_record_ids"":""old-19-DOCX--0-57"",""source_observation_date_upper"":""2018-07-31"",""source_file"":""原件/免征目录/mf_batch19.docx"",""source_sha256"":""fafd1558aa0f21067847c19bdd0a95c79b919737be7b07b87c4538107fb2b8e3"",""firm_route_basis"":""原件企业合并格/上下文候选；非登记实体认证""}]",0,按来源/日期/配置版本分别答复；同型号合并附件不等于同配置或逐车资格认证
重庆力帆乘用车有限公司,LF7007FEV1,0,0,0,0,1,2208试验口径,"[{""purpose_scope"":""2208试验口径"",""source_record_ids"":""old-19-DOCX--0-58"",""source_observation_date_upper"":""2018-07-31"",""source_file"":""原件/免征目录/mf_batch19.docx"",""source_sha256"":""fafd1558aa0f21067847c19bdd0a95c79b919737be7b07b87c4538107fb2b8e3"",""firm_route_basis"":""原件企业合并格/上下文候选；非登记实体认证""}]",0,按来源/日期/配置版本分别答复；同型号合并附件不等于同配置或逐车资格认证
重庆力帆汽车有限公司,LF6401BEV,0,0,0,0,1,2208试验口径,"[{""purpose_scope"":""2208试验口径"",""source_record_ids"":""old-06-PDF-grid-2-0-17"",""source_observation_date_upper"":""2015-11-25"",""source_file"":""原件/免征目录/mf_batch06.pdf"",""source_sha256"":""df226dc3953484911afdd265072593abc08c9f66d52a1df7492e215ce15c9b54"",""firm_route_basis"":""原记录firm_raw""}]",0,按来源/日期/配置版本分别答复；同型号合并附件不等于同配置或逐车资格认证
重庆力帆汽车有限公司,LF6401DEV,0,0,0,0,1,2208试验口径,"[{""purpose_scope"":""2208试验口径"",""source_record_ids"":""old-09-PDF-grid-3-0-22"",""source_observation_date_upper"":""2016-12-06"",""source_file"":""原件/免征目录/mf_batch09.pdf"",""source_sha256"":""7eea7200c04fefec34f6ae6db5a1bae77f82a534348f266e95575cae051c8c8c"",""firm_route_basis"":""原记录firm_raw""}]",0,按来源/日期/配置版本分别答复；同型号合并附件不等于同配置或逐车资格认证
重庆力帆汽车有限公司,LF6401EEV,0,0,0,0,1,2208试验口径,"[{""purpose_scope"":""2208试验口径"",""source_record_ids"":""old-13-PDF-grid-2-0-26"",""source_observation_date_upper"":""2017-10-30"",""source_file"":""原件/免征目录/mf_batch13.pdf"",""source_sha256"":""e82c4f41c448edbb5269c95f2ff35d0c577f7ff0d12ff30b2d4c307a1aa31a6b"",""firm_route_basis"":""原记录firm_raw""}]",0,按来源/日期/配置版本分别答复；同型号合并附件不等于同配置或逐车资格认证
重庆力帆汽车有限公司,LF6401EV,0,0,0,0,1,2208试验口径,"[{""purpose_scope"":""2208试验口径"",""source_record_ids"":""old-05-PDF-grid-2-0-3"",""source_observation_date_upper"":""2015-09-11"",""source_file"":""原件/免征目录/mf_batch05.pdf"",""source_sha256"":""658aa5fbf13859a9bbe1db6235da2f7e79fc325cc34e4c0ec1ffab7f8cc2ebca"",""firm_route_basis"":""原件企业合并格/上下文候选；非登记实体认证""}]",0,按来源/日期/配置版本分别答复；同型号合并附件不等于同配置或逐车资格认证
重庆力帆汽车有限公司,LF6420EV,0,0,0,0,1,2208试验口径,"[{""purpose_scope"":""2208试验口径"",""source_record_ids"":""old-18-Word97--0-38"",""source_observation_date_upper"":""2018-06-19"",""source_file"":""原件/免征目录/mf_batch18.doc"",""source_sha256"":""43f5426f7f80996ee11a894710d7229c743abf7ad69ba239f61075e0a9ddd37a"",""firm_route_basis"":""原记录firm_raw""}]",0,按来源/日期/配置版本分别答复；同型号合并附件不等于同配置或逐车资格认证
重庆力帆汽车有限公司,LF6440EV,0,0,0,0,1,2208试验口径,"[{""purpose_scope"":""2208试验口径"",""source_record_ids"":""old-19-DOCX--0-59"",""source_observation_date_upper"":""2018-07-31"",""source_file"":""原件/免征目录/mf_batch19.docx"",""source_sha256"":""fafd1558aa0f21067847c19bdd0a95c79b919737be7b07b87c4538107fb2b8e3"",""firm_route_basis"":""原记录firm_raw""}]",0,按来源/日期/配置版本分别答复；同型号合并附件不等于同配置或逐车资格认证
重庆力帆汽车有限公司,LF6470EV,0,0,0,0,1,2208试验口径,"[{""purpose_scope"":""2208试验口径"",""source_record_ids"":""old-19-DOCX--0-60"",""source_observation_date_upper"":""2018-07-31"",""source_file"":""原件/免征目录/mf_batch19.docx"",""source_sha256"":""fafd1558aa0f21067847c19bdd0a95c79b919737be7b07b87c4538107fb2b8e3"",""firm_route_basis"":""原件企业合并格/上下文候选；非登记实体认证""}]",0,按来源/日期/配置版本分别答复；同型号合并附件不等于同配置或逐车资格认证
重庆睿蓝汽车制造有限公司,LF6461SEV01,0,1,0,1,0,32联合跨界;92逐车资格,"[{""purpose_scope"":""32联合跨界"",""source_record_ids"":""old-67-Word97--0-22"",""source_observation_date_upper"":""2023-07-17"",""source_file"":""原件/免征目录/mf_batch67.doc"",""source_sha256"":""963a02fcc1f361414f4f003c6d63e00b178d0b962134ed2206c38978f3118101"",""firm_route_basis"":""原记录firm_raw""},{""purpose_scope"":""92逐车资格"",""source_record_ids"":""new-05-cell-4635;new-06-cell-5221"",""source_observation_date_upper"":""2024-05-20"",""source_file"":""原件/减免目录/cat_batch5.doc"",""source_sha256"":""be8c8373f926e8b033304f06a62d92b0f0fc066accc6841864c3fd414bc506ab"",""firm_route_basis"":""原件企业合并格/上下文候选；非登记实体认证""}]",0,按来源/日期/配置版本分别答复；同型号合并附件不等于同配置或逐车资格认证
重庆睿蓝汽车制造有限公司,LF6462SEV01,0,1,0,1,0,32联合跨界;92逐车资格,"[{""purpose_scope"":""32联合跨界"",""source_record_ids"":""old-71-Word97--0-43"",""source_observation_date_upper"":""2023-11-20"",""source_file"":""原件/免征目录/mf_batch71.doc"",""source_sha256"":""b37b78b64b8ef7e12e6e95d6fd27a4a6e364c0c83ba403ffcf3bca82c60e3460"",""firm_route_basis"":""原记录firm_raw""},{""purpose_scope"":""92逐车资格"",""source_record_ids"":""new-04-cell-3291;new-06-cell-4789"",""source_observation_date_upper"":""2024-04-15"",""source_file"":""原件/减免目录/cat_batch4.doc"",""source_sha256"":""e6d4f6d7e11833351bf9e247aa8032273ad029b83385189b0ffebd81d10b8ce6"",""firm_route_basis"":""原记录firm_raw""}]",0,按来源/日期/配置版本分别答复；同型号合并附件不等于同配置或逐车资格认证
重庆睿蓝汽车制造有限公司,LF6470SEV01,0,0,0,1,0,92逐车资格,"[{""purpose_scope"":""92逐车资格"",""source_record_ids"":""new-05-cell-4624;new-06-cell-5209"",""source_observation_date_upper"":""2024-05-20"",""source_file"":""原件/减免目录/cat_batch5.doc"",""source_sha256"":""be8c8373f926e8b033304f06a62d92b0f0fc066accc6841864c3fd414bc506ab"",""firm_route_basis"":""原件企业合并格/上下文候选；非登记实体认证""}]",0,按来源/日期/配置版本分别答复；同型号合并附件不等于同配置或逐车资格认证
重庆睿蓝汽车制造有限公司,LF6470SEV02,0,0,0,1,0,92逐车资格,"[{""purpose_scope"":""92逐车资格"",""source_record_ids"":""new-05-cell-4613;new-06-cell-5197"",""source_observation_date_upper"":""2024-05-20"",""source_file"":""原件/减免目录/cat_batch5.doc"",""source_sha256"":""be8c8373f926e8b033304f06a62d92b0f0fc066accc6841864c3fd414bc506ab"",""firm_route_basis"":""原件企业合并格/上下文候选；非登记实体认证""}]",0,按来源/日期/配置版本分别答复；同型号合并附件不等于同配置或逐车资格认证
重庆睿蓝汽车制造有限公司,LF6473SEV,0,0,0,1,0,92逐车资格,"[{""purpose_scope"":""92逐车资格"",""source_record_ids"":""new-05-cell-4591;new-06-cell-5173"",""source_observation_date_upper"":""2024-05-20"",""source_file"":""原件/减免目录/cat_batch5.doc"",""source_sha256"":""be8c8373f926e8b033304f06a62d92b0f0fc066accc6841864c3fd414bc506ab"",""firm_route_basis"":""原记录firm_raw""}]",0,按来源/日期/配置版本分别答复；同型号合并附件不等于同配置或逐车资格认证
重庆睿蓝汽车制造有限公司,LF6473SEV1,0,0,0,1,0,92逐车资格,"[{""purpose_scope"":""92逐车资格"",""source_record_ids"":""new-05-cell-4602;new-06-cell-5185"",""source_observation_date_upper"":""2024-05-20"",""source_file"":""原件/减免目录/cat_batch5.doc"",""source_sha256"":""be8c8373f926e8b033304f06a62d92b0f0fc066accc6841864c3fd414bc506ab"",""firm_route_basis"":""原件企业合并格/上下文候选；非登记实体认证""}]",0,按来源/日期/配置版本分别答复；同型号合并附件不等于同配置或逐车资格认证
重庆睿蓝汽车制造有限公司,LF6480SEV01,0,0,0,1,0,92逐车资格,"[{""purpose_scope"":""92逐车资格"",""source_record_ids"":""new-06-cell-5509"",""source_observation_date_upper"":""2024-05-31"",""source_file"":""原件/减免目录/cat_batch6.doc"",""source_sha256"":""8017fdbcfa01dc3f5d2bd65fe4a06f5212edd78d39fee33fd47f6a2823eedcf7"",""firm_route_basis"":""原件企业合并格/上下文候选；非登记实体认证""}]",0,按来源/日期/配置版本分别答复；同型号合并附件不等于同配置或逐车资格认证
重庆睿蓝汽车制造有限公司,LF7001SEV1,0,0,0,1,0,92逐车资格,"[{""purpose_scope"":""92逐车资格"",""source_record_ids"":""new-06-cell-5485"",""source_observation_date_upper"":""2024-05-31"",""source_file"":""原件/减免目录/cat_batch6.doc"",""source_sha256"":""8017fdbcfa01dc3f5d2bd65fe4a06f5212edd78d39fee33fd47f6a2823eedcf7"",""firm_route_basis"":""原记录firm_raw""}]",0,按来源/日期/配置版本分别答复；同型号合并附件不等于同配置或逐车资格认证
重庆睿蓝汽车制造有限公司,LF7001SEV2,0,0,0,1,0,92逐车资格,"[{""purpose_scope"":""92逐车资格"",""source_record_ids"":""new-06-cell-5497"",""source_observation_date_upper"":""2024-05-31"",""source_file"":""原件/减免目录/cat_batch6.doc"",""source_sha256"":""8017fdbcfa01dc3f5d2bd65fe4a06f5212edd78d39fee33fd47f6a2823eedcf7"",""firm_route_basis"":""原件企业合并格/上下文候选；非登记实体认证""}]",0,按来源/日期/配置版本分别答复；同型号合并附件不等于同配置或逐车资格认证
重庆金康新能源汽车有限公司,SKE6470SBEVA1S,0,0,0,0,1,2208试验口径,"[{""purpose_scope"":""2208试验口径"",""source_record_ids"":""old-38-Word97--0-28"",""source_observation_date_upper"":""2020-12-30"",""source_file"":""原件/免征目录/mf_batch38.doc"",""source_sha256"":""7c9def45fe5c40e4c5ffb483a1d1efd383c12cb16a5c4ba021d4ce28384776de"",""firm_route_basis"":""原记录firm_raw""}]",0,按来源/日期/配置版本分别答复；同型号合并附件不等于同配置或逐车资格认证
重庆金康新能源汽车有限公司,SKE6470SBEVA3S,0,0,0,0,1,2208试验口径,"[{""purpose_scope"":""2208试验口径"",""source_record_ids"":""old-41-Word97--0-28"",""source_observation_date_upper"":""2021-03-31"",""source_file"":""原件/免征目录/mf_batch41.doc"",""source_sha256"":""ba4634c0877ebf99f8e462013e4a07e40f57478a4aaf921801a6c85a49c42b7f"",""firm_route_basis"":""原记录firm_raw""}]",0,按来源/日期/配置版本分别答复；同型号合并附件不等于同配置或逐车资格认证
重庆金康新能源汽车有限公司,SKE6470SBEVA4S,0,0,0,0,1,2208试验口径,"[{""purpose_scope"":""2208试验口径"",""source_record_ids"":""old-41-Word97--0-29"",""source_observation_date_upper"":""2021-03-31"",""source_file"":""原件/免征目录/mf_batch41.doc"",""source_sha256"":""ba4634c0877ebf99f8e462013e4a07e40f57478a4aaf921801a6c85a49c42b7f"",""firm_route_basis"":""原件企业合并格/上下文候选；非登记实体认证""}]",0,按来源/日期/配置版本分别答复；同型号合并附件不等于同配置或逐车资格认证
重庆金康新能源汽车有限公司,SKE6470SBEVR1,0,0,0,0,1,2208试验口径,"[{""purpose_scope"":""2208试验口径"",""source_record_ids"":""old-30-Word97--0-37"",""source_observation_date_upper"":""2020-03-13"",""source_file"":""原件/免征目录/mf_batch30.doc"",""source_sha256"":""e7fa3b47858ec2035b8055bc15be00b2b26920a5e8d3cad481058a80b92ead24"",""firm_route_basis"":""原记录firm_raw""}]",0,按来源/日期/配置版本分别答复；同型号合并附件不等于同配置或逐车资格认证
重庆金康新能源汽车有限公司,SKE6480SBEVAS,0,0,0,0,1,2208试验口径,"[{""purpose_scope"":""2208试验口径"",""source_record_ids"":""old-56-Word97--0-19"",""source_observation_date_upper"":""2022-07-08"",""source_file"":""原件/免征目录/mf_batch56.doc"",""source_sha256"":""cbffdc0819640e8f18c11a2a277b26b2e043c81406533457ff225f4df1c6c068"",""firm_route_basis"":""原记录firm_raw""}]",0,按来源/日期/配置版本分别答复；同型号合并附件不等于同配置或逐车资格认证
重庆金康新能源汽车有限公司,SKE6480SBEVR,0,0,0,0,1,2208试验口径,"[{""purpose_scope"":""2208试验口径"",""source_record_ids"":""old-56-Word97--0-20"",""source_observation_date_upper"":""2022-07-08"",""source_file"":""原件/免征目录/mf_batch56.doc"",""source_sha256"":""cbffdc0819640e8f18c11a2a277b26b2e043c81406533457ff225f4df1c6c068"",""firm_route_basis"":""原件企业合并格/上下文候选；非登记实体认证""}]",0,按来源/日期/配置版本分别答复；同型号合并附件不等于同配置或逐车资格认证
重庆金康新能源汽车有限公司,SKE7000BEVF8,0,0,0,0,1,2208试验口径,"[{""purpose_scope"":""2208试验口径"",""source_record_ids"":""old-45-Word97--0-54"",""source_observation_date_upper"":""2021-08-10"",""source_file"":""原件/免征目录/mf_batch45.doc"",""source_sha256"":""56f5e7c5fd36e990024f8121006a76da260361f4e4660846e78255d007126f7a"",""firm_route_basis"":""原记录firm_raw""}]",0,按来源/日期/配置版本分别答复；同型号合并附件不等于同配置或逐车资格认证
重庆长安汽车股份有限公司,SC6388AVBEV,0,0,0,0,1,2208试验口径,"[{""purpose_scope"":""2208试验口径"",""source_record_ids"":""old-10-PDF-grid-3-0-10"",""source_observation_date_upper"":""2017-04-27"",""source_file"":""原件/免征目录/mf_batch10.pdf"",""source_sha256"":""ac1b1ad2605b4f24762fb1f01cea64b685393577d01648618fa1882bb5700ac3"",""firm_route_basis"":""原件企业合并格/上下文候选；非登记实体认证""}]",0,按来源/日期/配置版本分别答复；同型号合并附件不等于同配置或逐车资格认证
重庆长安汽车股份有限公司,SC6388BVBEV,0,0,0,0,1,2208试验口径,"[{""purpose_scope"":""2208试验口径"",""source_record_ids"":""old-10-PDF-grid-3-0-12"",""source_observation_date_upper"":""2017-04-27"",""source_file"":""原件/免征目录/mf_batch10.pdf"",""source_sha256"":""ac1b1ad2605b4f24762fb1f01cea64b685393577d01648618fa1882bb5700ac3"",""firm_route_basis"":""原件企业合并格/上下文候选；非登记实体认证""}]",0,按来源/日期/配置版本分别答复；同型号合并附件不等于同配置或逐车资格认证
重庆长安汽车股份有限公司,SC6388CVBEV,0,0,0,0,1,2208试验口径,"[{""purpose_scope"":""2208试验口径"",""source_record_ids"":""old-14-Word97--0-27"",""source_observation_date_upper"":""2017-12-05"",""source_file"":""原件/免征目录/mf_batch14.docx"",""source_sha256"":""6a48764b5ccb7c4ffa6f54daa44d3a42095b8a981fc982e774ddaaded41e9921"",""firm_route_basis"":""原记录firm_raw""}]",0,按来源/日期/配置版本分别答复；同型号合并附件不等于同配置或逐车资格认证
重庆长安汽车股份有限公司,SC6458ACBEV,0,0,0,0,1,2208试验口径,"[{""purpose_scope"":""2208试验口径"",""source_record_ids"":""old-15-PDF-grid-2-0-3"",""source_observation_date_upper"":""2017-12-19"",""source_file"":""原件/免征目录/mf_batch15.pdf"",""source_sha256"":""bbb3b1e38c535c13d6ef1bc1f4105509476c91a7e63723dc7a70e372904d90f4"",""firm_route_basis"":""原记录firm_raw""}]",0,按来源/日期/配置版本分别答复；同型号合并附件不等于同配置或逐车资格认证
重庆长安汽车股份有限公司,SC6458AGBEV,0,0,0,0,1,2208试验口径,"[{""purpose_scope"":""2208试验口径"",""source_record_ids"":""old-20-DOCX--0-85"",""source_observation_date_upper"":""2018-09-19"",""source_file"":""原件/免征目录/mf_batch20.docx"",""source_sha256"":""374d3f87551d75d1c163e76abb38f350ea93f8a2b8cad6174568c307d1cc0130"",""firm_route_basis"":""原记录firm_raw""}]",0,按来源/日期/配置版本分别答复；同型号合并附件不等于同配置或逐车资格认证
重庆长安汽车股份有限公司,SC6458AHBEV,0,0,0,0,1,2208试验口径,"[{""purpose_scope"":""2208试验口径"",""source_record_ids"":""old-22-Word97--0-43"",""source_observation_date_upper"":""2018-12-18"",""source_file"":""原件/免征目录/mf_batch22.doc"",""source_sha256"":""eaf3fc1e64742af85b3d4bc90388d0a93154a497fd6c1fb9bf73b857672e1212"",""firm_route_basis"":""原记录firm_raw""}]",0,按来源/日期/配置版本分别答复；同型号合并附件不等于同配置或逐车资格认证
重庆长安汽车股份有限公司,SC6458AJBEV,0,0,0,0,1,2208试验口径,"[{""purpose_scope"":""2208试验口径"",""source_record_ids"":""old-23-Word97--0-67"",""source_observation_date_upper"":""2019-03-13"",""source_file"":""原件/免征目录/mf_batch23.docx"",""source_sha256"":""87f838de0da3ba5887f77b2bf5c1dbf5b427e7cef896309a7084c11dd8f5efa0"",""firm_route_basis"":""原记录firm_raw""}]",0,按来源/日期/配置版本分别答复；同型号合并附件不等于同配置或逐车资格认证
重庆长安汽车股份有限公司,SC6458FAABEV,0,0,0,0,1,2208试验口径,"[{""purpose_scope"":""2208试验口径"",""source_record_ids"":""old-24-Word97--4-18"",""source_observation_date_upper"":""2019-04-30"",""source_file"":""原件/免征目录/mf_batch24.wps"",""source_sha256"":""07775a0cb063fe0fce5880b9378dd1eb2522b725d645cabdee314d604779939d"",""firm_route_basis"":""原记录firm_raw""}]",0,按来源/日期/配置版本分别答复；同型号合并附件不等于同配置或逐车资格认证
重庆长安汽车股份有限公司,SC6458FAEBEV,0,0,0,0,1,2208试验口径,"[{""purpose_scope"":""2208试验口径"",""source_record_ids"":""old-46-Word97--0-10"",""source_observation_date_upper"":""2021-09-10"",""source_file"":""原件/免征目录/mf_batch46.doc"",""source_sha256"":""a4b2048b3d5c29a8969f0348e9fd19a3293f0c23e6f37a48bf42a2ed70c7d37d"",""firm_route_basis"":""原记录firm_raw""}]",0,按来源/日期/配置版本分别答复；同型号合并附件不等于同配置或逐车资格认证
重庆长安汽车股份有限公司,SC6471EAEBEV,0,0,0,0,1,2208试验口径,"[{""purpose_scope"":""2208试验口径"",""source_record_ids"":""old-62-Word97--0-57"",""source_observation_date_upper"":""2023-02-20"",""source_file"":""原件/免征目录/mf_batch62.doc"",""source_sha256"":""7694ac7207998b6af7c895cdd2c1d752421df436d4b28f83195261dd47f6509c"",""firm_route_basis"":""原记录firm_raw""}]",0,按来源/日期/配置版本分别答复；同型号合并附件不等于同配置或逐车资格认证
重庆长安汽车股份有限公司,SC6478AABBEV,0,0,0,0,1,2208试验口径,"[{""purpose_scope"":""2208试验口径"",""source_record_ids"":""old-27-Word97--0-36"",""source_observation_date_upper"":""2019-10-25"",""source_file"":""原件/免征目录/mf_batch27.doc"",""source_sha256"":""2bd67cf7e1efc03ae93942d0d340ffef87478709520383b6ee4d08baf843ead1"",""firm_route_basis"":""原件企业合并格/上下文候选；非登记实体认证""}]",0,按来源/日期/配置版本分别答复；同型号合并附件不等于同配置或逐车资格认证
重庆长安汽车股份有限公司,SC6480PQ6B1BEV,0,0,0,1,0,92逐车资格,"[{""purpose_scope"":""92逐车资格"",""source_record_ids"":""new-03-cell-365;new-06-cell-4657"",""source_observation_date_upper"":""2024-03-11"",""source_file"":""原件/减免目录/cat_batch3.doc"",""source_sha256"":""338c1551d098659125f729d8b63eb48134ce5dfcfd36362a2aacb04a112e87b8"",""firm_route_basis"":""原记录firm_raw""}]",0,按来源/日期/配置版本分别答复；同型号合并附件不等于同配置或逐车资格认证
重庆长安汽车股份有限公司,SC6484AAABEV,0,0,0,0,1,2208试验口径,"[{""purpose_scope"":""2208试验口径"",""source_record_ids"":""old-30-Word97--0-78"",""source_observation_date_upper"":""2020-03-13"",""source_file"":""原件/免征目录/mf_batch30.doc"",""source_sha256"":""e7fa3b47858ec2035b8055bc15be00b2b26920a5e8d3cad481058a80b92ead24"",""firm_route_basis"":""原记录firm_raw""}]",0,按来源/日期/配置版本分别答复；同型号合并附件不等于同配置或逐车资格认证
重庆长安汽车股份有限公司,SC6491EBABEV,0,0,0,0,1,2208试验口径,"[{""purpose_scope"":""2208试验口径"",""source_record_ids"":""old-53-Word97--0-33"",""source_observation_date_upper"":""2022-04-08"",""source_file"":""原件/免征目录/mf_batch53.doc"",""source_sha256"":""a1f426ff77c80bce4d153fbfb6d01a7b6c6c87539f52ac4643edb7b060e21d2a"",""firm_route_basis"":""原记录firm_raw""}]",0,按来源/日期/配置版本分别答复；同型号合并附件不等于同配置或逐车资格认证
重庆长安汽车股份有限公司,SC6491EBBBEV,0,0,0,0,1,2208试验口径,"[{""purpose_scope"":""2208试验口径"",""source_record_ids"":""old-56-Word97--0-44"",""source_observation_date_upper"":""2022-07-08"",""source_file"":""原件/免征目录/mf_batch56.doc"",""source_sha256"":""cbffdc0819640e8f18c11a2a277b26b2e043c81406533457ff225f4df1c6c068"",""firm_route_basis"":""原件企业合并格/上下文候选；非登记实体认证""}]",0,按来源/日期/配置版本分别答复；同型号合并附件不等于同配置或逐车资格认证
重庆长安汽车股份有限公司,SC6491EBCBEV,0,0,0,0,1,2208试验口径,"[{""purpose_scope"":""2208试验口径"",""source_record_ids"":""old-56-Word97--0-43"",""source_observation_date_upper"":""2022-07-08"",""source_file"":""原件/免征目录/mf_batch56.doc"",""source_sha256"":""cbffdc0819640e8f18c11a2a277b26b2e043c81406533457ff225f4df1c6c068"",""firm_route_basis"":""原记录firm_raw""}]",0,按来源/日期/配置版本分别答复；同型号合并附件不等于同配置或逐车资格认证
重庆长安汽车股份有限公司,SC6491EBEBEV,0,0,0,0,1,2208试验口径,"[{""purpose_scope"":""2208试验口径"",""source_record_ids"":""old-57-Word97--0-43"",""source_observation_date_upper"":""2022-08-10"",""source_file"":""原件/免征目录/mf_batch57.doc"",""source_sha256"":""96d9708a19952b23d71fc40e9976a33ae30ca118226a032954a93ab36f355f21"",""firm_route_basis"":""原件企业合并格/上下文候选；非登记实体认证""}]",0,按来源/日期/配置版本分别答复；同型号合并附件不等于同配置或逐车资格认证
重庆长安汽车股份有限公司,SC6491ECABEV,0,0,0,0,1,2208试验口径,"[{""purpose_scope"":""2208试验口径"",""source_record_ids"":""old-59-Word97--0-65"",""source_observation_date_upper"":""2022-10-10"",""source_file"":""原件/免征目录/mf_batch59.doc"",""source_sha256"":""32738e2df847e0c74ff96d48b8a13e1dd9c31aee84b7c0a633e2d9c8a3e01f86"",""firm_route_basis"":""原记录firm_raw""}]",0,按来源/日期/配置版本分别答复；同型号合并附件不等于同配置或逐车资格认证
重庆长安汽车股份有限公司,SC6491ECBBEV,0,0,0,0,1,2208试验口径,"[{""purpose_scope"":""2208试验口径"",""source_record_ids"":""old-61-Word97--0-55"",""source_observation_date_upper"":""2022-12-19"",""source_file"":""原件/免征目录/mf_batch61.doc"",""source_sha256"":""d360a77695ccf20f3c17a354a1dd02fc846a7ae8bd18b41492515881a7240b72"",""firm_route_basis"":""原记录firm_raw""}]",0,按来源/日期/配置版本分别答复；同型号合并附件不等于同配置或逐车资格认证
重庆长安汽车股份有限公司,SC6491ECFBEV,0,0,0,0,1,2208试验口径,"[{""purpose_scope"":""2208试验口径"",""source_record_ids"":""old-69-Word97--0-64"",""source_observation_date_upper"":""2023-09-14"",""source_file"":""原件/免征目录/mf_batch69.doc"",""source_sha256"":""357d61a16c94488c9fdd761f393edb7029b05394ab06117abaebcba1a1e45546"",""firm_route_basis"":""原件企业合并格/上下文候选；非登记实体认证""}]",0,按来源/日期/配置版本分别答复；同型号合并附件不等于同配置或逐车资格认证
重庆长安汽车股份有限公司,SC6491ECGBEV,0,0,0,0,1,2208试验口径,"[{""purpose_scope"":""2208试验口径"",""source_record_ids"":""old-69-Word97--0-67"",""source_observation_date_upper"":""2023-09-14"",""source_file"":""原件/免征目录/mf_batch69.doc"",""source_sha256"":""357d61a16c94488c9fdd761f393edb7029b05394ab06117abaebcba1a1e45546"",""firm_route_basis"":""原件企业合并格/上下文候选；非登记实体认证""}]",0,按来源/日期/配置版本分别答复；同型号合并附件不等于同配置或逐车资格认证
重庆长安汽车股份有限公司,SC6491ECHBEV,0,0,0,0,1,2208试验口径,"[{""purpose_scope"":""2208试验口径"",""source_record_ids"":""old-69-Word97--0-66"",""source_observation_date_upper"":""2023-09-14"",""source_file"":""原件/免征目录/mf_batch69.doc"",""source_sha256"":""357d61a16c94488c9fdd761f393edb7029b05394ab06117abaebcba1a1e45546"",""firm_route_basis"":""原件企业合并格/上下文候选；非登记实体认证""}]",0,按来源/日期/配置版本分别答复；同型号合并附件不等于同配置或逐车资格认证
重庆长安汽车股份有限公司,SC6491ECJBEV,0,0,0,0,1,2208试验口径,"[{""purpose_scope"":""2208试验口径"",""source_record_ids"":""old-69-Word97--0-65"",""source_observation_date_upper"":""2023-09-14"",""source_file"":""原件/免征目录/mf_batch69.doc"",""source_sha256"":""357d61a16c94488c9fdd761f393edb7029b05394ab06117abaebcba1a1e45546"",""firm_route_basis"":""原件企业合并格/上下文候选；非登记实体认证""}]",0,按来源/日期/配置版本分别答复；同型号合并附件不等于同配置或逐车资格认证
重庆长安汽车股份有限公司,SC7001AAABEV,0,0,0,0,1,2208试验口径,"[{""purpose_scope"":""2208试验口径"",""source_record_ids"":""old-27-Word97--0-37"",""source_observation_date_upper"":""2019-10-25"",""source_file"":""原件/免征目录/mf_batch27.doc"",""source_sha256"":""2bd67cf7e1efc03ae93942d0d340ffef87478709520383b6ee4d08baf843ead1"",""firm_route_basis"":""原件企业合并格/上下文候选；非登记实体认证""}]",0,按来源/日期/配置版本分别答复；同型号合并附件不等于同配置或逐车资格认证
重庆长安汽车股份有限公司,SC7001ABABEV,0,0,0,0,1,2208试验口径,"[{""purpose_scope"":""2208试验口径"",""source_record_ids"":""old-37-Word97--0-38"",""source_observation_date_upper"":""2020-11-30"",""source_file"":""原件/免征目录/mf_batch37.doc"",""source_sha256"":""136057faede292d8070763e326c8dbdcddf3790653cc6879a13758f91556881f"",""firm_route_basis"":""原记录firm_raw""}]",0,按来源/日期/配置版本分别答复；同型号合并附件不等于同配置或逐车资格认证
重庆长安汽车股份有限公司,SC7001ABCBEV,0,0,0,0,1,2208试验口径,"[{""purpose_scope"":""2208试验口径"",""source_record_ids"":""old-38-Word97--0-3"",""source_observation_date_upper"":""2020-12-30"",""source_file"":""原件/免征目录/mf_batch38.doc"",""source_sha256"":""7c9def45fe5c40e4c5ffb483a1d1efd383c12cb16a5c4ba021d4ce28384776de"",""firm_route_basis"":""原记录firm_raw""}]",0,按来源/日期/配置版本分别答复；同型号合并附件不等于同配置或逐车资格认证
重庆长安汽车股份有限公司,SC7001ABDBEV,0,0,0,0,1,2208试验口径,"[{""purpose_scope"":""2208试验口径"",""source_record_ids"":""old-38-Word97--0-5"",""source_observation_date_upper"":""2020-12-30"",""source_file"":""原件/免征目录/mf_batch38.doc"",""source_sha256"":""7c9def45fe5c40e4c5ffb483a1d1efd383c12cb16a5c4ba021d4ce28384776de"",""firm_route_basis"":""原件企业合并格/上下文候选；非登记实体认证""}]",0,按来源/日期/配置版本分别答复；同型号合并附件不等于同配置或逐车资格认证
重庆长安汽车股份有限公司,SC7001ABEBEV,0,0,0,0,1,2208试验口径,"[{""purpose_scope"":""2208试验口径"",""source_record_ids"":""old-41-Word97--0-5"",""source_observation_date_upper"":""2021-03-31"",""source_file"":""原件/免征目录/mf_batch41.doc"",""source_sha256"":""ba4634c0877ebf99f8e462013e4a07e40f57478a4aaf921801a6c85a49c42b7f"",""firm_route_basis"":""原件企业合并格/上下文候选；非登记实体认证""}]",0,按来源/日期/配置版本分别答复；同型号合并附件不等于同配置或逐车资格认证
重庆长安汽车股份有限公司,SC7001ABFBEV,0,0,0,0,1,2208试验口径,"[{""purpose_scope"":""2208试验口径"",""source_record_ids"":""old-42-Word97--0-9"",""source_observation_date_upper"":""2021-04-30"",""source_file"":""原件/免征目录/mf_batch42.doc"",""source_sha256"":""fef4fd8ea19d773d368642e51a4bdb24c148530251a2240be4ff1358d5d41fab"",""firm_route_basis"":""原记录firm_raw""}]",0,按来源/日期/配置版本分别答复；同型号合并附件不等于同配置或逐车资格认证
重庆长安汽车股份有限公司,SC7001ABGBEV,0,0,0,0,1,2208试验口径,"[{""purpose_scope"":""2208试验口径"",""source_record_ids"":""old-41-Word97--0-6"",""source_observation_date_upper"":""2021-03-31"",""source_file"":""原件/免征目录/mf_batch41.doc"",""source_sha256"":""ba4634c0877ebf99f8e462013e4a07e40f57478a4aaf921801a6c85a49c42b7f"",""firm_route_basis"":""原件企业合并格/上下文候选；非登记实体认证""}]",0,按来源/日期/配置版本分别答复；同型号合并附件不等于同配置或逐车资格认证
重庆长安汽车股份有限公司,SC7001ABHBEV,0,0,0,0,1,2208试验口径,"[{""purpose_scope"":""2208试验口径"",""source_record_ids"":""old-42-Word97--0-12"",""source_observation_date_upper"":""2021-04-30"",""source_file"":""原件/免征目录/mf_batch42.doc"",""source_sha256"":""fef4fd8ea19d773d368642e51a4bdb24c148530251a2240be4ff1358d5d41fab"",""firm_route_basis"":""原件企业合并格/上下文候选；非登记实体认证""}]",0,按来源/日期/配置版本分别答复；同型号合并附件不等于同配置或逐车资格认证
重庆长安汽车股份有限公司,SC7001ADBEV,0,0,0,0,1,2208试验口径,"[{""purpose_scope"":""2208试验口径"",""source_record_ids"":""old-09-PDF-grid-3-0-23"",""source_observation_date_upper"":""2016-12-06"",""source_file"":""原件/免征目录/mf_batch09.pdf"",""source_sha256"":""7eea7200c04fefec34f6ae6db5a1bae77f82a534348f266e95575cae051c8c8c"",""firm_route_basis"":""原记录firm_raw""}]",0,按来源/日期/配置版本分别答复；同型号合并附件不等于同配置或逐车资格认证
重庆长安汽车股份有限公司,SC7001AEBEV,0,0,0,0,1,2208试验口径,"[{""purpose_scope"":""2208试验口径"",""source_record_ids"":""old-09-PDF-grid-3-0-24"",""source_observation_date_upper"":""2016-12-06"",""source_file"":""原件/免征目录/mf_batch09.pdf"",""source_sha256"":""7eea7200c04fefec34f6ae6db5a1bae77f82a534348f266e95575cae051c8c8c"",""firm_route_basis"":""原件企业合并格/上下文候选；非登记实体认证""}]",0,按来源/日期/配置版本分别答复；同型号合并附件不等于同配置或逐车资格认证
重庆长安汽车股份有限公司,SC7001AGBEV,0,0,0,0,1,2208试验口径,"[{""purpose_scope"":""2208试验口径"",""source_record_ids"":""old-12-PDF-grid-2-0-27"",""source_observation_date_upper"":""2017-09-05"",""source_file"":""原件/免征目录/mf_batch12.pdf"",""source_sha256"":""afbd7133ccf901dbdc065b2ff80768450dc901def8d216cf5bb87baa98f7a1e2"",""firm_route_basis"":""原记录firm_raw""}]",0,按来源/日期/配置版本分别答复；同型号合并附件不等于同配置或逐车资格认证
重庆长安汽车股份有限公司,SC7001AKBEV,0,0,0,0,1,2208试验口径,"[{""purpose_scope"":""2208试验口径"",""source_record_ids"":""old-12-PDF-grid-2-0-28"",""source_observation_date_upper"":""2017-09-05"",""source_file"":""原件/免征目录/mf_batch12.pdf"",""source_sha256"":""afbd7133ccf901dbdc065b2ff80768450dc901def8d216cf5bb87baa98f7a1e2"",""firm_route_basis"":""原件企业合并格/上下文候选；非登记实体认证""}]",0,按来源/日期/配置版本分别答复；同型号合并附件不等于同配置或逐车资格认证
重庆长安汽车股份有限公司,SC7001ATBEV,0,0,0,0,1,2208试验口径,"[{""purpose_scope"":""2208试验口径"",""source_record_ids"":""old-19-DOCX--0-61"",""source_observation_date_upper"":""2018-07-31"",""source_file"":""原件/免征目录/mf_batch19.docx"",""source_sha256"":""fafd1558aa0f21067847c19bdd0a95c79b919737be7b07b87c4538107fb2b8e3"",""firm_route_basis"":""原记录firm_raw""}]",0,按来源/日期/配置版本分别答复；同型号合并附件不等于同配置或逐车资格认证
重庆长安汽车股份有限公司,SC7001BABEV,0,0,0,0,1,2208试验口径,"[{""purpose_scope"":""2208试验口径"",""source_record_ids"":""old-19-DOCX--0-62"",""source_observation_date_upper"":""2018-07-31"",""source_file"":""原件/免征目录/mf_batch19.docx"",""source_sha256"":""fafd1558aa0f21067847c19bdd0a95c79b919737be7b07b87c4538107fb2b8e3"",""firm_route_basis"":""原件企业合并格/上下文候选；非登记实体认证""}]",0,按来源/日期/配置版本分别答复；同型号合并附件不等于同配置或逐车资格认证
重庆长安汽车股份有限公司,SC7001CAABEV,0,0,0,0,1,2208试验口径,"[{""purpose_scope"":""2208试验口径"",""source_record_ids"":""old-10-PDF-grid-3-0-11"",""source_observation_date_upper"":""2017-04-27"",""source_file"":""原件/免征目录/mf_batch10.pdf"",""source_sha256"":""ac1b1ad2605b4f24762fb1f01cea64b685393577d01648618fa1882bb5700ac3"",""firm_route_basis"":""原件企业合并格/上下文候选；非登记实体认证""}]",0,按来源/日期/配置版本分别答复；同型号合并附件不等于同配置或逐车资格认证
重庆长安汽车股份有限公司,SC7001CABBEV,0,0,0,0,1,2208试验口径,"[{""purpose_scope"":""2208试验口径"",""source_record_ids"":""old-10-PDF-grid-3-0-9"",""source_observation_date_upper"":""2017-04-27"",""source_file"":""原件/免征目录/mf_batch10.pdf"",""source_sha256"":""ac1b1ad2605b4f24762fb1f01cea64b685393577d01648618fa1882bb5700ac3"",""firm_route_basis"":""原记录firm_raw""}]",0,按来源/日期/配置版本分别答复；同型号合并附件不等于同配置或逐车资格认证
重庆长安汽车股份有限公司,SC7001FAABEV,0,0,0,0,1,2208试验口径,"[{""purpose_scope"":""2208试验口径"",""source_record_ids"":""old-53-Word97--0-35"",""source_observation_date_upper"":""2022-04-08"",""source_file"":""原件/免征目录/mf_batch53.doc"",""source_sha256"":""a1f426ff77c80bce4d153fbfb6d01a7b6c6c87539f52ac4643edb7b060e21d2a"",""firm_route_basis"":""原件企业合并格/上下文候选；非登记实体认证""}]",0,按来源/日期/配置版本分别答复；同型号合并附件不等于同配置或逐车资格认证
重庆长安汽车股份有限公司,SC7001FACBEV,0,0,0,0,1,2208试验口径,"[{""purpose_scope"":""2208试验口径"",""source_record_ids"":""old-53-Word97--0-34"",""source_observation_date_upper"":""2022-04-08"",""source_file"":""原件/免征目录/mf_batch53.doc"",""source_sha256"":""a1f426ff77c80bce4d153fbfb6d01a7b6c6c87539f52ac4643edb7b060e21d2a"",""firm_route_basis"":""原件企业合并格/上下文候选；非登记实体认证""}]",0,按来源/日期/配置版本分别答复；同型号合并附件不等于同配置或逐车资格认证
重庆长安汽车股份有限公司,SC7001FADBEV,0,0,0,0,1,2208试验口径,"[{""purpose_scope"":""2208试验口径"",""source_record_ids"":""old-53-Word97--0-36"",""source_observation_date_upper"":""2022-04-08"",""source_file"":""原件/免征目录/mf_batch53.doc"",""source_sha256"":""a1f426ff77c80bce4d153fbfb6d01a7b6c6c87539f52ac4643edb7b060e21d2a"",""firm_route_basis"":""原件企业合并格/上下文候选；非登记实体认证""}]",0,按来源/日期/配置版本分别答复；同型号合并附件不等于同配置或逐车资格认证
重庆长安汽车股份有限公司,SC7001FAEBEV,0,0,0,0,1,2208试验口径,"[{""purpose_scope"":""2208试验口径"",""source_record_ids"":""old-54-Word97--0-54"",""source_observation_date_upper"":""2022-05-12"",""source_file"":""原件/免征目录/mf_batch54.doc"",""source_sha256"":""e4ce106fc0fb21bc61cac40ff0de97e60dff2d18b5b7d24c494bb74873312fd7"",""firm_route_basis"":""原记录firm_raw""}]",0,按来源/日期/配置版本分别答复；同型号合并附件不等于同配置或逐车资格认证
重庆长安汽车股份有限公司,SC7001FAKBEV,0,0,0,0,1,2208试验口径,"[{""purpose_scope"":""2208试验口径"",""source_record_ids"":""old-54-Word97--0-55"",""source_observation_date_upper"":""2022-05-12"",""source_file"":""原件/免征目录/mf_batch54.doc"",""source_sha256"":""e4ce106fc0fb21bc61cac40ff0de97e60dff2d18b5b7d24c494bb74873312fd7"",""firm_route_basis"":""原件企业合并格/上下文候选；非登记实体认证""}]",0,按来源/日期/配置版本分别答复；同型号合并附件不等于同配置或逐车资格认证
重庆长安汽车股份有限公司,SC7001FATBEV,0,0,0,0,1,2208试验口径,"[{""purpose_scope"":""2208试验口径"",""source_record_ids"":""old-69-Word97--0-60"",""source_observation_date_upper"":""2023-09-14"",""source_file"":""原件/免征目录/mf_batch69.doc"",""source_sha256"":""357d61a16c94488c9fdd761f393edb7029b05394ab06117abaebcba1a1e45546"",""firm_route_basis"":""原记录firm_raw""}]",0,按来源/日期/配置版本分别答复；同型号合并附件不等于同配置或逐车资格认证
重庆长安汽车股份有限公司,SC7001FAUBEV,0,0,0,0,1,2208试验口径,"[{""purpose_scope"":""2208试验口径"",""source_record_ids"":""old-69-Word97--0-61"",""source_observation_date_upper"":""2023-09-14"",""source_file"":""原件/免征目录/mf_batch69.doc"",""source_sha256"":""357d61a16c94488c9fdd761f393edb7029b05394ab06117abaebcba1a1e45546"",""firm_route_basis"":""原件企业合并格/上下文候选；非登记实体认证""}]",0,按来源/日期/配置版本分别答复；同型号合并附件不等于同配置或逐车资格认证
重庆长安汽车股份有限公司,SC7001GAABEV,0,0,0,0,1,2208试验口径,"[{""purpose_scope"":""2208试验口径"",""source_record_ids"":""old-68-Word97--0-28"",""source_observation_date_upper"":""2023-08-16"",""source_file"":""原件/免征目录/mf_batch68.doc"",""source_sha256"":""58113d08377020d08de0aeb0e08ff63c4a4411dbe35ad69cfdd6f82fdf0fcc77"",""firm_route_basis"":""原件企业合并格/上下文候选；非登记实体认证""}]",0,按来源/日期/配置版本分别答复；同型号合并附件不等于同配置或逐车资格认证
重庆长安汽车股份有限公司,SC7001GBABEV,0,0,0,0,1,2208试验口径,"[{""purpose_scope"":""2208试验口径"",""source_record_ids"":""old-68-Word97--0-27"",""source_observation_date_upper"":""2023-08-16"",""source_file"":""原件/免征目录/mf_batch68.doc"",""source_sha256"":""58113d08377020d08de0aeb0e08ff63c4a4411dbe35ad69cfdd6f82fdf0fcc77"",""firm_route_basis"":""原记录firm_raw""}]",0,按来源/日期/配置版本分别答复；同型号合并附件不等于同配置或逐车资格认证
重庆长安汽车股份有限公司,SC7002BAABEV,0,0,0,0,1,2208试验口径,"[{""purpose_scope"":""2208试验口径"",""source_record_ids"":""old-25-Word97--0-95"",""source_observation_date_upper"":""2019-06-12"",""source_file"":""原件/免征目录/mf_batch25.wps"",""source_sha256"":""9d2abe319463522513fe9c90f98bb8d0a825b599267d0b3cc403cec9624b3297"",""firm_route_basis"":""原记录firm_raw""}]",0,按来源/日期/配置版本分别答复；同型号合并附件不等于同配置或逐车资格认证
重庆长安汽车股份有限公司,SC7003AAABEV,0,0,0,0,1,2208试验口径,"[{""purpose_scope"":""2208试验口径"",""source_record_ids"":""old-26-DOCX--0-65"",""source_observation_date_upper"":""2019-08-30"",""source_file"":""原件/免征目录/mf_batch26.docx"",""source_sha256"":""de0890335ef3a4f1302a8a0735ec8b6aed52e994e2635db481820060d62248b5"",""firm_route_basis"":""原件企业合并格/上下文候选；非登记实体认证""}]",0,按来源/日期/配置版本分别答复；同型号合并附件不等于同配置或逐车资格认证
重庆长安汽车股份有限公司,SC7003AABBEV,0,0,0,0,1,2208试验口径,"[{""purpose_scope"":""2208试验口径"",""source_record_ids"":""old-26-DOCX--0-66"",""source_observation_date_upper"":""2019-08-30"",""source_file"":""原件/免征目录/mf_batch26.docx"",""source_sha256"":""de0890335ef3a4f1302a8a0735ec8b6aed52e994e2635db481820060d62248b5"",""firm_route_basis"":""原件企业合并格/上下文候选；非登记实体认证""}]",0,按来源/日期/配置版本分别答复；同型号合并附件不等于同配置或逐车资格认证
重庆长安汽车股份有限公司,SC7003AABEV,0,0,0,0,1,2208试验口径,"[{""purpose_scope"":""2208试验口径"",""source_record_ids"":""old-06-PDF-grid-2-0-18"",""source_observation_date_upper"":""2015-11-25"",""source_file"":""原件/免征目录/mf_batch06.pdf"",""source_sha256"":""df226dc3953484911afdd265072593abc08c9f66d52a1df7492e215ce15c9b54"",""firm_route_basis"":""原记录firm_raw""}]",0,按来源/日期/配置版本分别答复；同型号合并附件不等于同配置或逐车资格认证
重庆长安汽车股份有限公司,SC7003AAEBEV,0,0,0,0,1,2208试验口径,"[{""purpose_scope"":""2208试验口径"",""source_record_ids"":""old-26-DOCX--0-67"",""source_observation_date_upper"":""2019-08-30"",""source_file"":""原件/免征目录/mf_batch26.docx"",""source_sha256"":""de0890335ef3a4f1302a8a0735ec8b6aed52e994e2635db481820060d62248b5"",""firm_route_basis"":""原件企业合并格/上下文候选；非登记实体认证""}]",0,按来源/日期/配置版本分别答复；同型号合并附件不等于同配置或逐车资格认证
重庆长安汽车股份有限公司,SC7003ACBEV,0,0,0,0,1,2208试验口径,"[{""purpose_scope"":""2208试验口径"",""source_record_ids"":""old-11-PDF-grid-2-0-11"",""source_observation_date_upper"":""2017-07-06"",""source_file"":""原件/免征目录/mf_batch11.pdf"",""source_sha256"":""ec4f33e5e872841e6d1fa5d435793c285a15614ef2e64f39b9013389b5e51724"",""firm_route_basis"":""原记录firm_raw""}]",0,按来源/日期/配置版本分别答复；同型号合并附件不等于同配置或逐车资格认证
重庆长安汽车股份有限公司,SC7003ADABEV,0,0,0,0,1,2208试验口径,"[{""purpose_scope"":""2208试验口径"",""source_record_ids"":""old-28-Word97--0-14"",""source_observation_date_upper"":""2019-12-10"",""source_file"":""原件/免征目录/mf_batch28.doc"",""source_sha256"":""dfe1b301a5e8373e94e0e4a2fccee3d258c56bb662e4928764a71274142acd72"",""firm_route_basis"":""原记录firm_raw""}]",0,按来源/日期/配置版本分别答复；同型号合并附件不等于同配置或逐车资格认证
重庆长安汽车股份有限公司,SC7003AEBEV,0,0,0,0,1,2208试验口径,"[{""purpose_scope"":""2208试验口径"",""source_record_ids"":""old-17-PDF-grid-3-0-4"",""source_observation_date_upper"":""2018-04-16"",""source_file"":""原件/免征目录/mf_batch17.pdf"",""source_sha256"":""577a4ba9c586fe08565f6a60e6de5474698031566d8dcef484cd44335879e334"",""firm_route_basis"":""原件企业合并格/上下文候选；非登记实体认证""}]",0,按来源/日期/配置版本分别答复；同型号合并附件不等于同配置或逐车资格认证
重庆长安汽车股份有限公司,SC7003AEV,0,0,0,0,1,2208试验口径,"[{""purpose_scope"":""2208试验口径"",""source_record_ids"":""old-03-PDF-grid-1-0-12"",""source_observation_date_upper"":""2014-12-19"",""source_file"":""原件/免征目录/mf_batch03.pdf"",""source_sha256"":""1367fdf126160143cbeecaedf4a66b528d105bbfa58a06b2118487a2e05000a5"",""firm_route_basis"":""原记录firm_raw""}]",0,按来源/日期/配置版本分别答复；同型号合并附件不等于同配置或逐车资格认证
重庆长安汽车股份有限公司,SC7003AGABEV,0,0,0,0,1,2208试验口径,"[{""purpose_scope"":""2208试验口径"",""source_record_ids"":""old-37-Word97--0-39"",""source_observation_date_upper"":""2020-11-30"",""source_file"":""原件/免征目录/mf_batch37.doc"",""source_sha256"":""136057faede292d8070763e326c8dbdcddf3790653cc6879a13758f91556881f"",""firm_route_basis"":""原件企业合并格/上下文候选；非登记实体认证""}]",0,按来源/日期/配置版本分别答复；同型号合并附件不等于同配置或逐车资格认证
重庆长安汽车股份有限公司,SC7003AGBBEV,0,0,0,0,1,2208试验口径,"[{""purpose_scope"":""2208试验口径"",""source_record_ids"":""old-38-Word97--0-4"",""source_observation_date_upper"":""2020-12-30"",""source_file"":""原件/免征目录/mf_batch38.doc"",""source_sha256"":""7c9def45fe5c40e4c5ffb483a1d1efd383c12cb16a5c4ba021d4ce28384776de"",""firm_route_basis"":""原件企业合并格/上下文候选；非登记实体认证""}]",0,按来源/日期/配置版本分别答复；同型号合并附件不等于同配置或逐车资格认证
重庆长安汽车股份有限公司,SC7003AGEBEV,0,0,0,0,1,2208试验口径,"[{""purpose_scope"":""2208试验口径"",""source_record_ids"":""old-41-Word97--0-4"",""source_observation_date_upper"":""2021-03-31"",""source_file"":""原件/免征目录/mf_batch41.doc"",""source_sha256"":""ba4634c0877ebf99f8e462013e4a07e40f57478a4aaf921801a6c85a49c42b7f"",""firm_route_basis"":""原记录firm_raw""}]",0,按来源/日期/配置版本分别答复；同型号合并附件不等于同配置或逐车资格认证
重庆长安汽车股份有限公司,SC7003AHBEV,0,0,0,0,1,2208试验口径,"[{""purpose_scope"":""2208试验口径"",""source_record_ids"":""old-20-DOCX--0-86"",""source_observation_date_upper"":""2018-09-19"",""source_file"":""原件/免征目录/mf_batch20.docx"",""source_sha256"":""374d3f87551d75d1c163e76abb38f350ea93f8a2b8cad6174568c307d1cc0130"",""firm_route_basis"":""原件企业合并格/上下文候选；非登记实体认证""}]",0,按来源/日期/配置版本分别答复；同型号合并附件不等于同配置或逐车资格认证
重庆长安汽车股份有限公司,SC7003ALBEV,0,0,0,0,1,2208试验口径,"[{""purpose_scope"":""2208试验口径"",""source_record_ids"":""old-22-Word97--0-44"",""source_observation_date_upper"":""2018-12-18"",""source_file"":""原件/免征目录/mf_batch22.doc"",""source_sha256"":""eaf3fc1e64742af85b3d4bc90388d0a93154a497fd6c1fb9bf73b857672e1212"",""firm_route_basis"":""原件企业合并格/上下文候选；非登记实体认证""}]",0,按来源/日期/配置版本分别答复；同型号合并附件不等于同配置或逐车资格认证
重庆长安汽车股份有限公司,SC7004CBBEV,0,0,0,0,1,2208试验口径,"[{""purpose_scope"":""2208试验口径"",""source_record_ids"":""old-12-PDF-grid-2-0-29"",""source_observation_date_upper"":""2017-09-05"",""source_file"":""原件/免征目录/mf_batch12.pdf"",""source_sha256"":""afbd7133ccf901dbdc065b2ff80768450dc901def8d216cf5bb87baa98f7a1e2"",""firm_route_basis"":""原件企业合并格/上下文候选；非登记实体认证""}]",0,按来源/日期/配置版本分别答复；同型号合并附件不等于同配置或逐车资格认证
重庆长安汽车股份有限公司,SC7005AABBEV,0,0,0,0,1,2208试验口径,"[{""purpose_scope"":""2208试验口径"",""source_record_ids"":""old-27-Word97--0-38"",""source_observation_date_upper"":""2019-10-25"",""source_file"":""原件/免征目录/mf_batch27.doc"",""source_sha256"":""2bd67cf7e1efc03ae93942d0d340ffef87478709520383b6ee4d08baf843ead1"",""firm_route_basis"":""原件企业合并格/上下文候选；非登记实体认证""}]",0,按来源/日期/配置版本分别答复；同型号合并附件不等于同配置或逐车资格认证
重庆长安汽车股份有限公司,SC7005AACBEV,0,0,0,0,1,2208试验口径,"[{""purpose_scope"":""2208试验口径"",""source_record_ids"":""mf29-t0-r19"",""source_observation_date_upper"":""2019-12-27"",""source_file"":""原件/mf_batch29.doc"",""source_sha256"":""8d24a01958cc6d44fa7826ecbb6a76869b9a0f2c98b97597d57af02932f2afaf"",""firm_route_basis"":""原记录firm_raw""}]",0,按来源/日期/配置版本分别答复；同型号合并附件不等于同配置或逐车资格认证
重庆长安汽车股份有限公司,SC7006AABBEV,0,0,0,0,1,2208试验口径,"[{""purpose_scope"":""2208试验口径"",""source_record_ids"":""old-56-Word97--0-47"",""source_observation_date_upper"":""2022-07-08"",""source_file"":""原件/免征目录/mf_batch56.doc"",""source_sha256"":""cbffdc0819640e8f18c11a2a277b26b2e043c81406533457ff225f4df1c6c068"",""firm_route_basis"":""原件企业合并格/上下文候选；非登记实体认证""}]",0,按来源/日期/配置版本分别答复；同型号合并附件不等于同配置或逐车资格认证
重庆长安汽车股份有限公司,SC7006AACBEV,0,0,0,0,1,2208试验口径,"[{""purpose_scope"":""2208试验口径"",""source_record_ids"":""old-56-Word97--0-45"",""source_observation_date_upper"":""2022-07-08"",""source_file"":""原件/免征目录/mf_batch56.doc"",""source_sha256"":""cbffdc0819640e8f18c11a2a277b26b2e043c81406533457ff225f4df1c6c068"",""firm_route_basis"":""原件企业合并格/上下文候选；非登记实体认证""}]",0,按来源/日期/配置版本分别答复；同型号合并附件不等于同配置或逐车资格认证
重庆长安汽车股份有限公司,SC7006AAEBEV,0,0,0,0,1,2208试验口径,"[{""purpose_scope"":""2208试验口径"",""source_record_ids"":""old-57-Word97--0-42"",""source_observation_date_upper"":""2022-08-10"",""source_file"":""原件/免征目录/mf_batch57.doc"",""source_sha256"":""96d9708a19952b23d71fc40e9976a33ae30ca118226a032954a93ab36f355f21"",""firm_route_basis"":""原记录firm_raw""}]",0,按来源/日期/配置版本分别答复；同型号合并附件不等于同配置或逐车资格认证
重庆长安汽车股份有限公司,SC7006AAFBEV,0,0,0,0,1,2208试验口径,"[{""purpose_scope"":""2208试验口径"",""source_record_ids"":""old-56-Word97--0-46"",""source_observation_date_upper"":""2022-07-08"",""source_file"":""原件/免征目录/mf_batch56.doc"",""source_sha256"":""cbffdc0819640e8f18c11a2a277b26b2e043c81406533457ff225f4df1c6c068"",""firm_route_basis"":""原件企业合并格/上下文候选；非登记实体认证""}]",0,按来源/日期/配置版本分别答复；同型号合并附件不等于同配置或逐车资格认证
重庆长安汽车股份有限公司,SC7006AAQBEV,0,0,0,0,1,2208试验口径,"[{""purpose_scope"":""2208试验口径"",""source_record_ids"":""old-65-Word97--0-35"",""source_observation_date_upper"":""2023-05-09"",""source_file"":""原件/免征目录/mf_batch65.doc"",""source_sha256"":""06a6a578a9a60516a845bc92deac49954438a789e9e4a7cf3cd140f256d9b13d"",""firm_route_basis"":""原件企业合并格/上下文候选；非登记实体认证""}]",0,按来源/日期/配置版本分别答复；同型号合并附件不等于同配置或逐车资格认证
重庆长安汽车股份有限公司,SC7007AAABEV,0,0,0,0,1,2208试验口径,"[{""purpose_scope"":""2208试验口径"",""source_record_ids"":""old-65-Word97--0-32"",""source_observation_date_upper"":""2023-05-09"",""source_file"":""原件/免征目录/mf_batch65.doc"",""source_sha256"":""06a6a578a9a60516a845bc92deac49954438a789e9e4a7cf3cd140f256d9b13d"",""firm_route_basis"":""原记录firm_raw""}]",0,按来源/日期/配置版本分别答复；同型号合并附件不等于同配置或逐车资格认证
重庆长安汽车股份有限公司,SC7007AABBEV,0,0,0,0,1,2208试验口径,"[{""purpose_scope"":""2208试验口径"",""source_record_ids"":""old-65-Word97--0-33"",""source_observation_date_upper"":""2023-05-09"",""source_file"":""原件/免征目录/mf_batch65.doc"",""source_sha256"":""06a6a578a9a60516a845bc92deac49954438a789e9e4a7cf3cd140f256d9b13d"",""firm_route_basis"":""原件企业合并格/上下文候选；非登记实体认证""}]",0,按来源/日期/配置版本分别答复；同型号合并附件不等于同配置或逐车资格认证
重汽(重庆)轻型汽车有限公司,YZ6460BEV,0,0,0,0,1,2208试验口径,"[{""purpose_scope"":""2208试验口径"",""source_record_ids"":""old-45-Word97--0-53"",""source_observation_date_upper"":""2021-08-10"",""source_file"":""原件/免征目录/mf_batch45.doc"",""source_sha256"":""56f5e7c5fd36e990024f8121006a76da260361f4e4660846e78255d007126f7a"",""firm_route_basis"":""原件企业合并格/上下文候选；非登记实体认证""}]",0,按来源/日期/配置版本分别答复；同型号合并附件不等于同配置或逐车资格认证
重汽(重庆)轻型汽车有限公司,YZ7001BEV,0,0,0,0,1,2208试验口径,"[{""purpose_scope"":""2208试验口径"",""source_record_ids"":""old-45-Word97--0-52"",""source_observation_date_upper"":""2021-08-10"",""source_file"":""原件/免征目录/mf_batch45.doc"",""source_sha256"":""56f5e7c5fd36e990024f8121006a76da260361f4e4660846e78255d007126f7a"",""firm_route_basis"":""原记录firm_raw""}]",0,按来源/日期/配置版本分别答复；同型号合并附件不等于同配置或逐车资格认证
重汽(重庆)轻型汽车有限公司,YZ7001BEV1,0,0,0,0,1,2208试验口径,"[{""purpose_scope"":""2208试验口径"",""source_record_ids"":""old-47-Word97--0-37"",""source_observation_date_upper"":""2021-09-30"",""source_file"":""原件/免征目录/mf_batch47.doc"",""source_sha256"":""fb4517fe8220b10bc435a77a5328df13c732c70b335942dfad0ae9394affe9b4"",""firm_route_basis"":""原记录firm_raw""}]",0,按来源/日期/配置版本分别答复；同型号合并附件不等于同配置或逐车资格认证
重汽(重庆)轻型汽车有限公司,YZ7001BEV2,0,0,0,0,1,2208试验口径,"[{""purpose_scope"":""2208试验口径"",""source_record_ids"":""old-54-Word97--0-10"",""source_observation_date_upper"":""2022-05-12"",""source_file"":""原件/免征目录/mf_batch54.doc"",""source_sha256"":""e4ce106fc0fb21bc61cac40ff0de97e60dff2d18b5b7d24c494bb74873312fd7"",""firm_route_basis"":""原记录firm_raw""}]",0,按来源/日期/配置版本分别答复；同型号合并附件不等于同配置或逐车资格认证
重汽(重庆)轻型汽车有限公司,YZ7001BEV4,0,0,0,0,1,2208试验口径,"[{""purpose_scope"":""2208试验口径"",""source_record_ids"":""old-56-Word97--0-4"",""source_observation_date_upper"":""2022-07-08"",""source_file"":""原件/免征目录/mf_batch56.doc"",""source_sha256"":""cbffdc0819640e8f18c11a2a277b26b2e043c81406533457ff225f4df1c6c068"",""firm_route_basis"":""原件企业合并格/上下文候选；非登记实体认证""}]",0,按来源/日期/配置版本分别答复；同型号合并附件不等于同配置或逐车资格认证
金华青年汽车制造有限公司,JNP7001BEV3,0,0,0,0,1,2208试验口径,"[{""purpose_scope"":""2208试验口径"",""source_record_ids"":""old-05-PDF-grid-1-0-12"",""source_observation_date_upper"":""2015-09-11"",""source_file"":""原件/免征目录/mf_batch05.pdf"",""source_sha256"":""658aa5fbf13859a9bbe1db6235da2f7e79fc325cc34e4c0ec1ffab7f8cc2ebca"",""firm_route_basis"":""原记录firm_raw""}]",0,按来源/日期/配置版本分别答复；同型号合并附件不等于同配置或逐车资格认证
金华青年汽车制造有限公司,JNP7001BEV4,0,0,0,0,1,2208试验口径,"[{""purpose_scope"":""2208试验口径"",""source_record_ids"":""old-07-PDF-grid-1-0-18"",""source_observation_date_upper"":""2016-04-15"",""source_file"":""原件/免征目录/mf_batch07.pdf"",""source_sha256"":""ad8e7f0576c7261a718e5a561358462b598d617361c6f02d7a14fb2038b758b0"",""firm_route_basis"":""原记录firm_raw""}]",0,按来源/日期/配置版本分别答复；同型号合并附件不等于同配置或逐车资格认证
金华青年汽车制造有限公司,JNP7001BEV5,0,0,0,0,1,2208试验口径,"[{""purpose_scope"":""2208试验口径"",""source_record_ids"":""old-08-PDF-grid-1-0-18"",""source_observation_date_upper"":""2016-06-16"",""source_file"":""原件/免征目录/mf_batch08.pdf"",""source_sha256"":""39b242717c026063c908426a890cd361f1165aa5729988d56303b2f8d5fb3b42"",""firm_route_basis"":""原件企业合并格/上下文候选；非登记实体认证""}]",0,按来源/日期/配置版本分别答复；同型号合并附件不等于同配置或逐车资格认证
金华青年汽车制造有限公司,JNP7001BEV6,0,0,0,0,1,2208试验口径,"[{""purpose_scope"":""2208试验口径"",""source_record_ids"":""old-08-PDF-grid-1-0-17"",""source_observation_date_upper"":""2016-06-16"",""source_file"":""原件/免征目录/mf_batch08.pdf"",""source_sha256"":""39b242717c026063c908426a890cd361f1165aa5729988d56303b2f8d5fb3b42"",""firm_route_basis"":""原记录firm_raw""}]",0,按来源/日期/配置版本分别答复；同型号合并附件不等于同配置或逐车资格认证
金华青年汽车制造有限公司,JNP7002BEV,0,0,0,0,1,2208试验口径,"[{""purpose_scope"":""2208试验口径"",""source_record_ids"":""old-05-PDF-grid-1-0-13"",""source_observation_date_upper"":""2015-09-11"",""source_file"":""原件/免征目录/mf_batch05.pdf"",""source_sha256"":""658aa5fbf13859a9bbe1db6235da2f7e79fc325cc34e4c0ec1ffab7f8cc2ebca"",""firm_route_basis"":""原件企业合并格/上下文候选；非登记实体认证""}]",0,按来源/日期/配置版本分别答复；同型号合并附件不等于同配置或逐车资格认证
金华青年汽车制造有限公司,JNP7003BEV,0,0,0,0,1,2208试验口径,"[{""purpose_scope"":""2208试验口径"",""source_record_ids"":""old-08-PDF-grid-1-0-20"",""source_observation_date_upper"":""2016-06-16"",""source_file"":""原件/免征目录/mf_batch08.pdf"",""source_sha256"":""39b242717c026063c908426a890cd361f1165aa5729988d56303b2f8d5fb3b42"",""firm_route_basis"":""原件企业合并格/上下文候选；非登记实体认证""}]",0,按来源/日期/配置版本分别答复；同型号合并附件不等于同配置或逐车资格认证
金华青年汽车制造有限公司,JNP7003BEV1,0,0,0,0,1,2208试验口径,"[{""purpose_scope"":""2208试验口径"",""source_record_ids"":""old-19-DOCX--0-32"",""source_observation_date_upper"":""2018-07-31"",""source_file"":""原件/免征目录/mf_batch19.docx"",""source_sha256"":""fafd1558aa0f21067847c19bdd0a95c79b919737be7b07b87c4538107fb2b8e3"",""firm_route_basis"":""原记录firm_raw""}]",0,按来源/日期/配置版本分别答复；同型号合并附件不等于同配置或逐车资格认证
金华青年汽车制造有限公司,JNP7006BEV1,0,0,0,0,1,2208试验口径,"[{""purpose_scope"":""2208试验口径"",""source_record_ids"":""old-09-PDF-grid-2-0-22"",""source_observation_date_upper"":""2016-12-06"",""source_file"":""原件/免征目录/mf_batch09.pdf"",""source_sha256"":""7eea7200c04fefec34f6ae6db5a1bae77f82a534348f266e95575cae051c8c8c"",""firm_route_basis"":""原记录firm_raw""}]",0,按来源/日期/配置版本分别答复；同型号合并附件不等于同配置或逐车资格认证
金华青年汽车制造有限公司,JNP7008BEV1,0,0,0,0,1,2208试验口径,"[{""purpose_scope"":""2208试验口径"",""source_record_ids"":""old-25-Word97--0-83"",""source_observation_date_upper"":""2019-06-12"",""source_file"":""原件/免征目录/mf_batch25.wps"",""source_sha256"":""9d2abe319463522513fe9c90f98bb8d0a825b599267d0b3cc403cec9624b3297"",""firm_route_basis"":""原记录firm_raw""}]",0,按来源/日期/配置版本分别答复；同型号合并附件不等于同配置或逐车资格认证
长城汽车股份有限公司,CC6450AG00ABEV,0,0,0,0,1,2208试验口径,"[{""purpose_scope"":""2208试验口径"",""source_record_ids"":""old-45-Word97--0-29"",""source_observation_date_upper"":""2021-08-10"",""source_file"":""原件/免征目录/mf_batch45.doc"",""source_sha256"":""56f5e7c5fd36e990024f8121006a76da260361f4e4660846e78255d007126f7a"",""firm_route_basis"":""原记录firm_raw""}]",0,按来源/日期/配置版本分别答复；同型号合并附件不等于同配置或逐车资格认证
长城汽车股份有限公司,CC6450AG01BBEV,0,0,0,0,1,2208试验口径,"[{""purpose_scope"":""2208试验口径"",""source_record_ids"":""old-45-Word97--0-30"",""source_observation_date_upper"":""2021-08-10"",""source_file"":""原件/免征目录/mf_batch45.doc"",""source_sha256"":""56f5e7c5fd36e990024f8121006a76da260361f4e4660846e78255d007126f7a"",""firm_route_basis"":""原件企业合并格/上下文候选；非登记实体认证""}]",0,按来源/日期/配置版本分别答复；同型号合并附件不等于同配置或逐车资格认证
长城汽车股份有限公司,CC7000BJ00GABEV,0,1,0,0,0,32联合跨界,"[{""purpose_scope"":""32联合跨界"",""source_record_ids"":""old-64-Word97--0-12"",""source_observation_date_upper"":""2023-04-17"",""source_file"":""原件/免征目录/mf_batch64.doc"",""source_sha256"":""c4e238989e7e40ec2c3a6a899ead170b4a745bc72546ba6fd4a5731d8890c6cb"",""firm_route_basis"":""原件企业合并格/上下文候选；非登记实体认证""}]",0,按来源/日期/配置版本分别答复；同型号合并附件不等于同配置或逐车资格认证
长城汽车股份有限公司,CC7000BJ00HFBEV,0,0,0,0,1,2208试验口径,"[{""purpose_scope"":""2208试验口径"",""source_record_ids"":""old-69-Word97--0-12"",""source_observation_date_upper"":""2023-09-14"",""source_file"":""原件/免征目录/mf_batch69.doc"",""source_sha256"":""357d61a16c94488c9fdd761f393edb7029b05394ab06117abaebcba1a1e45546"",""firm_route_basis"":""原记录firm_raw""}]",0,按来源/日期/配置版本分别答复；同型号合并附件不等于同配置或逐车资格认证
长城汽车股份有限公司,CC7000BJ01BBEV,0,0,0,0,1,2208试验口径,"[{""purpose_scope"":""2208试验口径"",""source_record_ids"":""old-40-Word97--0-21"",""source_observation_date_upper"":""2021-03-08"",""source_file"":""原件/免征目录/mf_batch40.doc"",""source_sha256"":""93047c8e87a1f45948933ee36d00160788032370ecf11b551624e0ca45ecc1d1"",""firm_route_basis"":""原件企业合并格/上下文候选；非登记实体认证""}]",0,按来源/日期/配置版本分别答复；同型号合并附件不等于同配置或逐车资格认证
长城汽车股份有限公司,CC7000BJ01EBEV,0,0,0,0,1,2208试验口径,"[{""purpose_scope"":""2208试验口径"",""source_record_ids"":""old-44-Word97--0-46"",""source_observation_date_upper"":""2021-07-12"",""source_file"":""原件/免征目录/mf_batch44.doc"",""source_sha256"":""aea30846204f4e55c0d969450f1619e1649eb27f471d5b0a2636d0da77eb0611"",""firm_route_basis"":""原记录firm_raw""}]",0,按来源/日期/配置版本分别答复；同型号合并附件不等于同配置或逐车资格认证
长城汽车股份有限公司,CC7000BJ01GBEV,0,1,0,0,0,32联合跨界,"[{""purpose_scope"":""32联合跨界"",""source_record_ids"":""old-44-Word97--0-49"",""source_observation_date_upper"":""2021-07-12"",""source_file"":""原件/免征目录/mf_batch44.doc"",""source_sha256"":""aea30846204f4e55c0d969450f1619e1649eb27f471d5b0a2636d0da77eb0611"",""firm_route_basis"":""原件企业合并格/上下文候选；非登记实体认证""}]",0,按来源/日期/配置版本分别答复；同型号合并附件不等于同配置或逐车资格认证
长城汽车股份有限公司,CC7000BJ02ABEV,0,0,0,0,1,2208试验口径,"[{""purpose_scope"":""2208试验口径"",""source_record_ids"":""old-34-Word97--0-18"",""source_observation_date_upper"":""2020-08-24"",""source_file"":""原件/免征目录/mf_batch34.doc"",""source_sha256"":""d5c5bb03cc5fe0f16b284048e265ad35d62c12c0416f14aef0ce026a229aa831"",""firm_route_basis"":""原记录firm_raw""}]",0,按来源/日期/配置版本分别答复；同型号合并附件不等于同配置或逐车资格认证
长城汽车股份有限公司,CC7000BJ02BBEV,0,0,0,0,1,2208试验口径,"[{""purpose_scope"":""2208试验口径"",""source_record_ids"":""old-44-Word97--0-47"",""source_observation_date_upper"":""2021-07-12"",""source_file"":""原件/免征目录/mf_batch44.doc"",""source_sha256"":""aea30846204f4e55c0d969450f1619e1649eb27f471d5b0a2636d0da77eb0611"",""firm_route_basis"":""原件企业合并格/上下文候选；非登记实体认证""}]",0,按来源/日期/配置版本分别答复；同型号合并附件不等于同配置或逐车资格认证
长城汽车股份有限公司,CC7000BJ02DBEV,0,0,0,0,1,2208试验口径,"[{""purpose_scope"":""2208试验口径"",""source_record_ids"":""old-44-Word97--0-50"",""source_observation_date_upper"":""2021-07-12"",""source_file"":""原件/免征目录/mf_batch44.doc"",""source_sha256"":""aea30846204f4e55c0d969450f1619e1649eb27f471d5b0a2636d0da77eb0611"",""firm_route_basis"":""原件企业合并格/上下文候选；非登记实体认证""}]",0,按来源/日期/配置版本分别答复；同型号合并附件不等于同配置或逐车资格认证
长城汽车股份有限公司,CC7000BJ02EBEV,0,0,0,0,1,2208试验口径,"[{""purpose_scope"":""2208试验口径"",""source_record_ids"":""old-44-Word97--0-48"",""source_observation_date_upper"":""2021-07-12"",""source_file"":""原件/免征目录/mf_batch44.doc"",""source_sha256"":""aea30846204f4e55c0d969450f1619e1649eb27f471d5b0a2636d0da77eb0611"",""firm_route_basis"":""原件企业合并格/上下文候选；非登记实体认证""}]",0,按来源/日期/配置版本分别答复；同型号合并附件不等于同配置或逐车资格认证
长城汽车股份有限公司,CC7000BJ02HBEV,0,0,0,0,1,2208试验口径,"[{""purpose_scope"":""2208试验口径"",""source_record_ids"":""old-59-Word97--0-23"",""source_observation_date_upper"":""2022-10-10"",""source_file"":""原件/免征目录/mf_batch59.doc"",""source_sha256"":""32738e2df847e0c74ff96d48b8a13e1dd9c31aee84b7c0a633e2d9c8a3e01f86"",""firm_route_basis"":""原件企业合并格/上下文候选；非登记实体认证""}]",0,按来源/日期/配置版本分别答复；同型号合并附件不等于同配置或逐车资格认证
长城汽车股份有限公司,CC7000BJ03HABEV,0,0,0,0,1,2208试验口径,"[{""purpose_scope"":""2208试验口径"",""source_record_ids"":""old-60-Word97--0-11"",""source_observation_date_upper"":""2022-11-09"",""source_file"":""原件/免征目录/mf_batch60.doc"",""source_sha256"":""aabd19e9a0955380873798454b18b3bb15c87937dffcbb0ccfab2eae3bf3551b"",""firm_route_basis"":""原记录firm_raw""}]",0,按来源/日期/配置版本分别答复；同型号合并附件不等于同配置或逐车资格认证
长城汽车股份有限公司,CC7000CE00BEV,0,0,0,0,1,2208试验口径,"[{""purpose_scope"":""2208试验口径"",""source_record_ids"":""old-08-PDF-grid-2-0-6"",""source_observation_date_upper"":""2016-06-16"",""source_file"":""原件/免征目录/mf_batch08.pdf"",""source_sha256"":""39b242717c026063c908426a890cd361f1165aa5729988d56303b2f8d5fb3b42"",""firm_route_basis"":""原记录firm_raw""}]",0,按来源/日期/配置版本分别答复；同型号合并附件不等于同配置或逐车资格认证
长城汽车股份有限公司,CC7000CE01BEV,0,0,0,0,1,2208试验口径,"[{""purpose_scope"":""2208试验口径"",""source_record_ids"":""old-09-PDF-grid-3-0-9"",""source_observation_date_upper"":""2016-12-06"",""source_file"":""原件/免征目录/mf_batch09.pdf"",""source_sha256"":""7eea7200c04fefec34f6ae6db5a1bae77f82a534348f266e95575cae051c8c8c"",""firm_route_basis"":""原件企业合并格/上下文候选；非登记实体认证""}]",0,按来源/日期/配置版本分别答复；同型号合并附件不等于同配置或逐车资格认证
长城汽车股份有限公司,CC7000CE02BEV,0,0,0,0,1,2208试验口径,"[{""purpose_scope"":""2208试验口径"",""source_record_ids"":""old-09-PDF-grid-3-0-8"",""source_observation_date_upper"":""2016-12-06"",""source_file"":""原件/免征目录/mf_batch09.pdf"",""source_sha256"":""7eea7200c04fefec34f6ae6db5a1bae77f82a534348f266e95575cae051c8c8c"",""firm_route_basis"":""原件企业合并格/上下文候选；非登记实体认证""}]",0,按来源/日期/配置版本分别答复；同型号合并附件不等于同配置或逐车资格认证
长城汽车股份有限公司,CC7000CE03BEV,0,0,0,0,1,2208试验口径,"[{""purpose_scope"":""2208试验口径"",""source_record_ids"":""old-09-PDF-grid-3-0-7"",""source_observation_date_upper"":""2016-12-06"",""source_file"":""原件/免征目录/mf_batch09.pdf"",""source_sha256"":""7eea7200c04fefec34f6ae6db5a1bae77f82a534348f266e95575cae051c8c8c"",""firm_route_basis"":""原记录firm_raw""}]",0,按来源/日期/配置版本分别答复；同型号合并附件不等于同配置或逐车资格认证
长城汽车股份有限公司,CC7000CG00ABEV,0,1,0,0,0,32联合跨界,"[{""purpose_scope"":""32联合跨界"",""source_record_ids"":""old-50-Word97--0-45"",""source_observation_date_upper"":""2021-12-29"",""source_file"":""原件/免征目录/mf_batch50.doc"",""source_sha256"":""3810672d92621612507384960254de602e629e75a308df22ee2291519445095e"",""firm_route_basis"":""原记录firm_raw""}]",0,按来源/日期/配置版本分别答复；同型号合并附件不等于同配置或逐车资格认证
长城汽车股份有限公司,CC7000CG00FBEV,0,1,0,0,0,32联合跨界,"[{""purpose_scope"":""32联合跨界"",""source_record_ids"":""old-54-Word97--0-19"",""source_observation_date_upper"":""2022-05-12"",""source_file"":""原件/免征目录/mf_batch54.doc"",""source_sha256"":""e4ce106fc0fb21bc61cac40ff0de97e60dff2d18b5b7d24c494bb74873312fd7"",""firm_route_basis"":""原件企业合并格/上下文候选；非登记实体认证""}]",0,按来源/日期/配置版本分别答复；同型号合并附件不等于同配置或逐车资格认证
长城汽车股份有限公司,CC7000ZM00ABEV,0,0,0,0,1,2208试验口径,"[{""purpose_scope"":""2208试验口径"",""source_record_ids"":""old-20-DOCX--0-74"",""source_observation_date_upper"":""2018-09-19"",""source_file"":""原件/免征目录/mf_batch20.docx"",""source_sha256"":""374d3f87551d75d1c163e76abb38f350ea93f8a2b8cad6174568c307d1cc0130"",""firm_route_basis"":""原记录firm_raw""}]",0,按来源/日期/配置版本分别答复；同型号合并附件不等于同配置或逐车资格认证
长城汽车股份有限公司,CC7000ZM00CBEV,0,0,0,0,1,2208试验口径,"[{""purpose_scope"":""2208试验口径"",""source_record_ids"":""old-24-Word97--1-10"",""source_observation_date_upper"":""2019-04-30"",""source_file"":""原件/免征目录/mf_batch24.wps"",""source_sha256"":""07775a0cb063fe0fce5880b9378dd1eb2522b725d645cabdee314d604779939d"",""firm_route_basis"":""原件企业合并格/上下文候选；非登记实体认证""}]",0,按来源/日期/配置版本分别答复；同型号合并附件不等于同配置或逐车资格认证
长城汽车股份有限公司,CC7000ZM01BEV,0,0,0,0,1,2208试验口径,"[{""purpose_scope"":""2208试验口径"",""source_record_ids"":""old-22-Word97--0-13"",""source_observation_date_upper"":""2018-12-18"",""source_file"":""原件/免征目录/mf_batch22.doc"",""source_sha256"":""eaf3fc1e64742af85b3d4bc90388d0a93154a497fd6c1fb9bf73b857672e1212"",""firm_route_basis"":""原记录firm_raw""}]",0,按来源/日期/配置版本分别答复；同型号合并附件不等于同配置或逐车资格认证
长安标致雪铁龙汽车有限公司,CAP7000BEV,0,0,0,0,1,2208试验口径,"[{""purpose_scope"":""2208试验口径"",""source_record_ids"":""old-06-PDF-grid-2-0-10"",""source_observation_date_upper"":""2015-11-25"",""source_file"":""原件/免征目录/mf_batch06.pdf"",""source_sha256"":""df226dc3953484911afdd265072593abc08c9f66d52a1df7492e215ce15c9b54"",""firm_route_basis"":""原记录firm_raw""}]",0,按来源/日期/配置版本分别答复；同型号合并附件不等于同配置或逐车资格认证
长安福特汽车有限公司,CAF6470A1BEV,0,0,0,0,1,2208试验口径,"[{""purpose_scope"":""2208试验口径"",""source_record_ids"":""old-48-Word97--0-4"",""source_observation_date_upper"":""2021-11-05"",""source_file"":""原件/免征目录/mf_batch48.doc"",""source_sha256"":""ee5aa19736215cfcb3b76ffff90bcd0d9108c61758ccb756f7d4ad17e75a835c"",""firm_route_basis"":""原件企业合并格/上下文候选；非登记实体认证""}]",0,按来源/日期/配置版本分别答复；同型号合并附件不等于同配置或逐车资格认证
长安福特汽车有限公司,CAF6470A2BEV,0,0,0,0,1,2208试验口径,"[{""purpose_scope"":""2208试验口径"",""source_record_ids"":""old-48-Word97--0-3"",""source_observation_date_upper"":""2021-11-05"",""source_file"":""原件/免征目录/mf_batch48.doc"",""source_sha256"":""ee5aa19736215cfcb3b76ffff90bcd0d9108c61758ccb756f7d4ad17e75a835c"",""firm_route_basis"":""原件企业合并格/上下文候选；非登记实体认证""}]",0,按来源/日期/配置版本分别答复；同型号合并附件不等于同配置或逐车资格认证
长安福特汽车有限公司,CAF6470A3BEV,0,0,0,0,1,2208试验口径,"[{""purpose_scope"":""2208试验口径"",""source_record_ids"":""old-48-Word97--0-2"",""source_observation_date_upper"":""2021-11-05"",""source_file"":""原件/免征目录/mf_batch48.doc"",""source_sha256"":""ee5aa19736215cfcb3b76ffff90bcd0d9108c61758ccb756f7d4ad17e75a835c"",""firm_route_basis"":""原记录firm_raw""}]",0,按来源/日期/配置版本分别答复；同型号合并附件不等于同配置或逐车资格认证
长安福特汽车有限公司,CAF6470A4BEV,0,0,0,0,1,2208试验口径,"[{""purpose_scope"":""2208试验口径"",""source_record_ids"":""old-49-Word97--0-2"",""source_observation_date_upper"":""2021-12-08"",""source_file"":""原件/免征目录/mf_batch49.doc"",""source_sha256"":""c7a56509a4d9272982da0abc9d1ea213ee1fbea3d0f1edad124630c9b5e3474e"",""firm_route_basis"":""原记录firm_raw""}]",0,按来源/日期/配置版本分别答复；同型号合并附件不等于同配置或逐车资格认证
长安福特汽车有限公司,CAF6470B1BEV,0,0,0,0,1,2208试验口径,"[{""purpose_scope"":""2208试验口径"",""source_record_ids"":""old-61-Word97--0-58"",""source_observation_date_upper"":""2022-12-19"",""source_file"":""原件/免征目录/mf_batch61.doc"",""source_sha256"":""d360a77695ccf20f3c17a354a1dd02fc846a7ae8bd18b41492515881a7240b72"",""firm_route_basis"":""原件企业合并格/上下文候选；非登记实体认证""}]",0,按来源/日期/配置版本分别答复；同型号合并附件不等于同配置或逐车资格认证
长安福特汽车有限公司,CAF6470B2BEV,0,0,0,0,1,2208试验口径,"[{""purpose_scope"":""2208试验口径"",""source_record_ids"":""old-60-Word97--0-35"",""source_observation_date_upper"":""2022-11-09"",""source_file"":""原件/免征目录/mf_batch60.doc"",""source_sha256"":""aabd19e9a0955380873798454b18b3bb15c87937dffcbb0ccfab2eae3bf3551b"",""firm_route_basis"":""原记录firm_raw""}]",0,按来源/日期/配置版本分别答复；同型号合并附件不等于同配置或逐车资格认证
长安福特汽车有限公司,CAF6470B3BEV,0,0,0,0,1,2208试验口径,"[{""purpose_scope"":""2208试验口径"",""source_record_ids"":""old-61-Word97--0-57"",""source_observation_date_upper"":""2022-12-19"",""source_file"":""原件/免征目录/mf_batch61.doc"",""source_sha256"":""d360a77695ccf20f3c17a354a1dd02fc846a7ae8bd18b41492515881a7240b72"",""firm_route_basis"":""原件企业合并格/上下文候选；非登记实体认证""}]",0,按来源/日期/配置版本分别答复；同型号合并附件不等于同配置或逐车资格认证
长安福特汽车有限公司,CAF6470B4BEV,0,0,0,0,1,2208试验口径,"[{""purpose_scope"":""2208试验口径"",""source_record_ids"":""old-61-Word97--0-56"",""source_observation_date_upper"":""2022-12-19"",""source_file"":""原件/免征目录/mf_batch61.doc"",""source_sha256"":""d360a77695ccf20f3c17a354a1dd02fc846a7ae8bd18b41492515881a7240b72"",""firm_route_basis"":""原记录firm_raw""}]",0,按来源/日期/配置版本分别答复；同型号合并附件不等于同配置或逐车资格认证
长安福特汽车有限公司,CAF6470B5BEV,0,0,0,0,1,2208试验口径,"[{""purpose_scope"":""2208试验口径"",""source_record_ids"":""old-62-Word97--0-56"",""source_observation_date_upper"":""2023-02-20"",""source_file"":""原件/免征目录/mf_batch62.doc"",""source_sha256"":""7694ac7207998b6af7c895cdd2c1d752421df436d4b28f83195261dd47f6509c"",""firm_route_basis"":""原记录firm_raw""}]",0,按来源/日期/配置版本分别答复；同型号合并附件不等于同配置或逐车资格认证
长安马自达汽车有限公司,CAM7000BABEV,0,0,0,0,1,2208试验口径,"[{""purpose_scope"":""2208试验口径"",""source_record_ids"":""old-44-Word97--0-28"",""source_observation_date_upper"":""2021-07-12"",""source_file"":""原件/免征目录/mf_batch44.doc"",""source_sha256"":""aea30846204f4e55c0d969450f1619e1649eb27f471d5b0a2636d0da77eb0611"",""firm_route_basis"":""原记录firm_raw""}]",0,按来源/日期/配置版本分别答复；同型号合并附件不等于同配置或逐车资格认证
陕西通家汽车股份有限公司,STJ6402EV,0,0,0,0,1,2208试验口径,"[{""purpose_scope"":""2208试验口径"",""source_record_ids"":""old-04-PDF-grid-1-0-14"",""source_observation_date_upper"":""2015-05-08"",""source_file"":""原件/免征目录/mf_batch04.pdf"",""source_sha256"":""7539cd299efb49a366656a4da32393075bcb03a5e10ea54e975f82f6099d9c81"",""firm_route_basis"":""原记录firm_raw""}]",0,按来源/日期/配置版本分别答复；同型号合并附件不等于同配置或逐车资格认证
陕西通家汽车股份有限公司,STJ6407EV,0,0,0,0,1,2208试验口径,"[{""purpose_scope"":""2208试验口径"",""source_record_ids"":""old-09-PDF-grid-3-0-4"",""source_observation_date_upper"":""2016-12-06"",""source_file"":""原件/免征目录/mf_batch09.pdf"",""source_sha256"":""7eea7200c04fefec34f6ae6db5a1bae77f82a534348f266e95575cae051c8c8c"",""firm_route_basis"":""原记录firm_raw""}]",0,按来源/日期/配置版本分别答复；同型号合并附件不等于同配置或逐车资格认证
陕西通家汽车股份有限公司,STJ6408EV,0,0,0,0,1,2208试验口径,"[{""purpose_scope"":""2208试验口径"",""source_record_ids"":""old-20-DOCX--0-50"",""source_observation_date_upper"":""2018-09-19"",""source_file"":""原件/免征目录/mf_batch20.docx"",""source_sha256"":""374d3f87551d75d1c163e76abb38f350ea93f8a2b8cad6174568c307d1cc0130"",""firm_route_basis"":""原记录firm_raw""}]",0,按来源/日期/配置版本分别答复；同型号合并附件不等于同配置或逐车资格认证
陕西通家汽车股份有限公司,STJ6460EV1,0,0,0,0,1,2208试验口径,"[{""purpose_scope"":""2208试验口径"",""source_record_ids"":""old-11-PDF-grid-2-0-3"",""source_observation_date_upper"":""2017-07-06"",""source_file"":""原件/免征目录/mf_batch11.pdf"",""source_sha256"":""ec4f33e5e872841e6d1fa5d435793c285a15614ef2e64f39b9013389b5e51724"",""firm_route_basis"":""原件企业合并格/上下文候选；非登记实体认证""}]",0,按来源/日期/配置版本分别答复；同型号合并附件不等于同配置或逐车资格认证
陕西通家汽车股份有限公司,STJ6460EV5,0,0,0,0,1,2208试验口径,"[{""purpose_scope"":""2208试验口径"",""source_record_ids"":""old-17-PDF-grid-2-0-14"",""source_observation_date_upper"":""2018-04-16"",""source_file"":""原件/免征目录/mf_batch17.pdf"",""source_sha256"":""577a4ba9c586fe08565f6a60e6de5474698031566d8dcef484cd44335879e334"",""firm_route_basis"":""原记录firm_raw""}]",0,按来源/日期/配置版本分别答复；同型号合并附件不等于同配置或逐车资格认证
零跑汽车有限公司,FZ6470BEVC10A,0,1,0,0,0,32联合跨界,"[{""purpose_scope"":""32联合跨界"",""source_record_ids"":""old-71-Word97--0-39"",""source_observation_date_upper"":""2023-11-20"",""source_file"":""原件/免征目录/mf_batch71.doc"",""source_sha256"":""b37b78b64b8ef7e12e6e95d6fd27a4a6e364c0c83ba403ffcf3bca82c60e3460"",""firm_route_basis"":""原记录firm_raw""}]",0,按来源/日期/配置版本分别答复；同型号合并附件不等于同配置或逐车资格认证
零跑汽车有限公司,FZ6480BEV17,0,1,0,0,0,32联合跨界,"[{""purpose_scope"":""32联合跨界"",""source_record_ids"":""old-62-Word97--0-39"",""source_observation_date_upper"":""2023-02-20"",""source_file"":""原件/免征目录/mf_batch62.doc"",""source_sha256"":""7694ac7207998b6af7c895cdd2c1d752421df436d4b28f83195261dd47f6509c"",""firm_route_basis"":""原件企业合并格/上下文候选；非登记实体认证""}]",0,按来源/日期/配置版本分别答复；同型号合并附件不等于同配置或逐车资格认证
零跑汽车有限公司,FZ7000BEV02,0,0,0,0,1,2208试验口径,"[{""purpose_scope"":""2208试验口径"",""source_record_ids"":""old-45-Word97--0-36"",""source_observation_date_upper"":""2021-08-10"",""source_file"":""原件/免征目录/mf_batch45.doc"",""source_sha256"":""56f5e7c5fd36e990024f8121006a76da260361f4e4660846e78255d007126f7a"",""firm_route_basis"":""原件企业合并格/上下文候选；非登记实体认证""}]",0,按来源/日期/配置版本分别答复；同型号合并附件不等于同配置或逐车资格认证
零跑汽车有限公司,FZ7000BEV03,0,0,0,0,1,2208试验口径,"[{""purpose_scope"":""2208试验口径"",""source_record_ids"":""old-45-Word97--0-39"",""source_observation_date_upper"":""2021-08-10"",""source_file"":""原件/免征目录/mf_batch45.doc"",""source_sha256"":""56f5e7c5fd36e990024f8121006a76da260361f4e4660846e78255d007126f7a"",""firm_route_basis"":""原件企业合并格/上下文候选；非登记实体认证""}]",0,按来源/日期/配置版本分别答复；同型号合并附件不等于同配置或逐车资格认证
零跑汽车有限公司,FZ7000BEV06,0,0,0,0,1,2208试验口径,"[{""purpose_scope"":""2208试验口径"",""source_record_ids"":""old-48-Word97--0-36"",""source_observation_date_upper"":""2021-11-05"",""source_file"":""原件/免征目录/mf_batch48.doc"",""source_sha256"":""ee5aa19736215cfcb3b76ffff90bcd0d9108c61758ccb756f7d4ad17e75a835c"",""firm_route_basis"":""原件企业合并格/上下文候选；非登记实体认证""}]",0,按来源/日期/配置版本分别答复；同型号合并附件不等于同配置或逐车资格认证
零跑汽车有限公司,FZ7000BEV07,0,0,0,0,1,2208试验口径,"[{""purpose_scope"":""2208试验口径"",""source_record_ids"":""old-48-Word97--0-34"",""source_observation_date_upper"":""2021-11-05"",""source_file"":""原件/免征目录/mf_batch48.doc"",""source_sha256"":""ee5aa19736215cfcb3b76ffff90bcd0d9108c61758ccb756f7d4ad17e75a835c"",""firm_route_basis"":""原件企业合并格/上下文候选；非登记实体认证""}]",0,按来源/日期/配置版本分别答复；同型号合并附件不等于同配置或逐车资格认证
零跑汽车有限公司,FZ7000BEV09,0,0,0,0,1,2208试验口径,"[{""purpose_scope"":""2208试验口径"",""source_record_ids"":""old-48-Word97--0-32"",""source_observation_date_upper"":""2021-11-05"",""source_file"":""原件/免征目录/mf_batch48.doc"",""source_sha256"":""ee5aa19736215cfcb3b76ffff90bcd0d9108c61758ccb756f7d4ad17e75a835c"",""firm_route_basis"":""原记录firm_raw""}]",0,按来源/日期/配置版本分别答复；同型号合并附件不等于同配置或逐车资格认证
零跑汽车有限公司,FZ7000BEV11,0,1,0,0,0,32联合跨界,"[{""purpose_scope"":""32联合跨界"",""source_record_ids"":""old-50-Word97--0-40"",""source_observation_date_upper"":""2021-12-29"",""source_file"":""原件/免征目录/mf_batch50.doc"",""source_sha256"":""3810672d92621612507384960254de602e629e75a308df22ee2291519445095e"",""firm_route_basis"":""原件企业合并格/上下文候选；非登记实体认证""}]",0,按来源/日期/配置版本分别答复；同型号合并附件不等于同配置或逐车资格认证
零跑汽车有限公司,FZ7000BEV13,0,1,0,0,0,32联合跨界,"[{""purpose_scope"":""32联合跨界"",""source_record_ids"":""old-58-Word97--0-14"",""source_observation_date_upper"":""2022-09-16"",""source_file"":""原件/免征目录/mf_batch58.doc"",""source_sha256"":""b642358bb3078d2dde909a798935c0c1fc75d90f22b33f7c48aa87209acc100d"",""firm_route_basis"":""原记录firm_raw""}]",0,按来源/日期/配置版本分别答复；同型号合并附件不等于同配置或逐车资格认证
零跑汽车有限公司,FZ7000BEV14,0,1,0,0,0,32联合跨界,"[{""purpose_scope"":""32联合跨界"",""source_record_ids"":""old-62-Word97--0-35"",""source_observation_date_upper"":""2023-02-20"",""source_file"":""原件/免征目录/mf_batch62.doc"",""source_sha256"":""7694ac7207998b6af7c895cdd2c1d752421df436d4b28f83195261dd47f6509c"",""firm_route_basis"":""原件企业合并格/上下文候选；非登记实体认证""}]",0,按来源/日期/配置版本分别答复；同型号合并附件不等于同配置或逐车资格认证
零跑汽车有限公司,FZ7000BEVC01A,0,1,0,0,0,32联合跨界,"[{""purpose_scope"":""32联合跨界"",""source_record_ids"":""old-56-Word97--0-35"",""source_observation_date_upper"":""2022-07-08"",""source_file"":""原件/免征目录/mf_batch56.doc"",""source_sha256"":""cbffdc0819640e8f18c11a2a277b26b2e043c81406533457ff225f4df1c6c068"",""firm_route_basis"":""原件企业合并格/上下文候选；非登记实体认证""}]",0,按来源/日期/配置版本分别答复；同型号合并附件不等于同配置或逐车资格认证
零跑汽车有限公司,FZ7000BEVC01D,0,1,0,0,0,32联合跨界,"[{""purpose_scope"":""32联合跨界"",""source_record_ids"":""old-60-Word97--0-27"",""source_observation_date_upper"":""2022-11-09"",""source_file"":""原件/免征目录/mf_batch60.doc"",""source_sha256"":""aabd19e9a0955380873798454b18b3bb15c87937dffcbb0ccfab2eae3bf3551b"",""firm_route_basis"":""原件企业合并格/上下文候选；非登记实体认证""}]",0,按来源/日期/配置版本分别答复；同型号合并附件不等于同配置或逐车资格认证
零跑汽车有限公司,FZ7000BEVC01F,0,1,0,0,0,32联合跨界,"[{""purpose_scope"":""32联合跨界"",""source_record_ids"":""old-61-Word97--0-37"",""source_observation_date_upper"":""2022-12-19"",""source_file"":""原件/免征目录/mf_batch61.doc"",""source_sha256"":""d360a77695ccf20f3c17a354a1dd02fc846a7ae8bd18b41492515881a7240b72"",""firm_route_basis"":""原记录firm_raw""}]",0,按来源/日期/配置版本分别答复；同型号合并附件不等于同配置或逐车资格认证
领途汽车有限公司,YGM7000BEVBD1,0,1,0,0,0,32联合跨界,"[{""purpose_scope"":""32联合跨界"",""source_record_ids"":""old-68-Word97--0-35"",""source_observation_date_upper"":""2023-08-16"",""source_file"":""原件/免征目录/mf_batch68.doc"",""source_sha256"":""58113d08377020d08de0aeb0e08ff63c4a4411dbe35ad69cfdd6f82fdf0fcc77"",""firm_route_basis"":""原记录firm_raw""}]",0,按来源/日期/配置版本分别答复；同型号合并附件不等于同配置或逐车资格认证
领途汽车有限公司,YGM7001BEVB,0,0,0,0,1,2208试验口径,"[{""purpose_scope"":""2208试验口径"",""source_record_ids"":""old-20-DOCX--0-35"",""source_observation_date_upper"":""2018-09-19"",""source_file"":""原件/免征目录/mf_batch20.docx"",""source_sha256"":""374d3f87551d75d1c163e76abb38f350ea93f8a2b8cad6174568c307d1cc0130"",""firm_route_basis"":""原件企业合并格/上下文候选；非登记实体认证""}]",0,按来源/日期/配置版本分别答复；同型号合并附件不等于同配置或逐车资格认证
领途汽车有限公司,YGM7001BEVB1,0,0,0,0,1,2208试验口径,"[{""purpose_scope"":""2208试验口径"",""source_record_ids"":""old-20-DOCX--0-36"",""source_observation_date_upper"":""2018-09-19"",""source_file"":""原件/免征目录/mf_batch20.docx"",""source_sha256"":""374d3f87551d75d1c163e76abb38f350ea93f8a2b8cad6174568c307d1cc0130"",""firm_route_basis"":""原件企业合并格/上下文候选；非登记实体认证""}]",0,按来源/日期/配置版本分别答复；同型号合并附件不等于同配置或逐车资格认证
领途汽车有限公司,YGM7002BEVB,0,0,0,0,1,2208试验口径,"[{""purpose_scope"":""2208试验口径"",""source_record_ids"":""old-47-Word97--0-20"",""source_observation_date_upper"":""2021-09-30"",""source_file"":""原件/免征目录/mf_batch47.doc"",""source_sha256"":""fb4517fe8220b10bc435a77a5328df13c732c70b335942dfad0ae9394affe9b4"",""firm_route_basis"":""原件企业合并格/上下文候选；非登记实体认证""}]",0,按来源/日期/配置版本分别答复；同型号合并附件不等于同配置或逐车资格认证
领途汽车有限公司,YGM7002BEVB1,0,0,0,0,1,2208试验口径,"[{""purpose_scope"":""2208试验口径"",""source_record_ids"":""old-47-Word97--0-19"",""source_observation_date_upper"":""2021-09-30"",""source_file"":""原件/免征目录/mf_batch47.doc"",""source_sha256"":""fb4517fe8220b10bc435a77a5328df13c732c70b335942dfad0ae9394affe9b4"",""firm_route_basis"":""原件企业合并格/上下文候选；非登记实体认证""}]",0,按来源/日期/配置版本分别答复；同型号合并附件不等于同配置或逐车资格认证
领途汽车有限公司,YGM7002BEVB2,0,0,0,0,1,2208试验口径,"[{""purpose_scope"":""2208试验口径"",""source_record_ids"":""old-54-Word97--0-16"",""source_observation_date_upper"":""2022-05-12"",""source_file"":""原件/免征目录/mf_batch54.doc"",""source_sha256"":""e4ce106fc0fb21bc61cac40ff0de97e60dff2d18b5b7d24c494bb74873312fd7"",""firm_route_basis"":""原记录firm_raw""}]",0,按来源/日期/配置版本分别答复；同型号合并附件不等于同配置或逐车资格认证
领途汽车有限公司,YGM7002BEVB3,0,0,0,0,1,2208试验口径,"[{""purpose_scope"":""2208试验口径"",""source_record_ids"":""old-51-Word97--0-8"",""source_observation_date_upper"":""2022-01-29"",""source_file"":""原件/免征目录/mf_batch51.doc"",""source_sha256"":""35411ca0ab3ef42915600b148fca6fe76bcb86f5dc3812f71d74f3ebda125ce6"",""firm_route_basis"":""原记录firm_raw""}]",0,按来源/日期/配置版本分别答复；同型号合并附件不等于同配置或逐车资格认证
领途汽车有限公司,YGM7002BEVB5,0,0,0,0,1,2208试验口径,"[{""purpose_scope"":""2208试验口径"",""source_record_ids"":""old-52-Word97--0-6"",""source_observation_date_upper"":""2022-03-08"",""source_file"":""原件/免征目录/mf_batch52.doc"",""source_sha256"":""650a1430fd7c9a9139970f857a0382498bfd368fe64a95f24c17ca3f49dfa3cc"",""firm_route_basis"":""原件企业合并格/上下文候选；非登记实体认证""}]",0,按来源/日期/配置版本分别答复；同型号合并附件不等于同配置或逐车资格认证
领途汽车有限公司,YGM7002BEVB6,0,0,0,0,1,2208试验口径,"[{""purpose_scope"":""2208试验口径"",""source_record_ids"":""old-51-Word97--0-13"",""source_observation_date_upper"":""2022-01-29"",""source_file"":""原件/免征目录/mf_batch51.doc"",""source_sha256"":""35411ca0ab3ef42915600b148fca6fe76bcb86f5dc3812f71d74f3ebda125ce6"",""firm_route_basis"":""原件企业合并格/上下文候选；非登记实体认证""}]",0,按来源/日期/配置版本分别答复；同型号合并附件不等于同配置或逐车资格认证
领途汽车有限公司,YGM7002BEVB7,0,0,0,0,1,2208试验口径,"[{""purpose_scope"":""2208试验口径"",""source_record_ids"":""old-51-Word97--0-12"",""source_observation_date_upper"":""2022-01-29"",""source_file"":""原件/免征目录/mf_batch51.doc"",""source_sha256"":""35411ca0ab3ef42915600b148fca6fe76bcb86f5dc3812f71d74f3ebda125ce6"",""firm_route_basis"":""原件企业合并格/上下文候选；非登记实体认证""}]",0,按来源/日期/配置版本分别答复；同型号合并附件不等于同配置或逐车资格认证
领途汽车有限公司,YGM7007BEVA1,0,0,0,0,1,2208试验口径,"[{""purpose_scope"":""2208试验口径"",""source_record_ids"":""old-40-Word97--0-11"",""source_observation_date_upper"":""2021-03-08"",""source_file"":""原件/免征目录/mf_batch40.doc"",""source_sha256"":""93047c8e87a1f45948933ee36d00160788032370ecf11b551624e0ca45ecc1d1"",""firm_route_basis"":""原记录firm_raw""}]",0,按来源/日期/配置版本分别答复；同型号合并附件不等于同配置或逐车资格认证
领途汽车有限公司,YGM7007BEVA2,0,0,0,0,1,2208试验口径,"[{""purpose_scope"":""2208试验口径"",""source_record_ids"":""old-44-Word97--0-23"",""source_observation_date_upper"":""2021-07-12"",""source_file"":""原件/免征目录/mf_batch44.doc"",""source_sha256"":""aea30846204f4e55c0d969450f1619e1649eb27f471d5b0a2636d0da77eb0611"",""firm_route_basis"":""原件企业合并格/上下文候选；非登记实体认证""}]",0,按来源/日期/配置版本分别答复；同型号合并附件不等于同配置或逐车资格认证
领途汽车有限公司,YGM7007BEVA3,0,0,0,0,1,2208试验口径,"[{""purpose_scope"":""2208试验口径"",""source_record_ids"":""old-47-Word97--0-18"",""source_observation_date_upper"":""2021-09-30"",""source_file"":""原件/免征目录/mf_batch47.doc"",""source_sha256"":""fb4517fe8220b10bc435a77a5328df13c732c70b335942dfad0ae9394affe9b4"",""firm_route_basis"":""原记录firm_raw""}]",0,按来源/日期/配置版本分别答复；同型号合并附件不等于同配置或逐车资格认证
领途汽车有限公司,YGM7007BEVA4,0,0,0,0,1,2208试验口径,"[{""purpose_scope"":""2208试验口径"",""source_record_ids"":""old-52-Word97--0-5"",""source_observation_date_upper"":""2022-03-08"",""source_file"":""原件/免征目录/mf_batch52.doc"",""source_sha256"":""650a1430fd7c9a9139970f857a0382498bfd368fe64a95f24c17ca3f49dfa3cc"",""firm_route_basis"":""原记录firm_raw""}]",0,按来源/日期/配置版本分别答复；同型号合并附件不等于同配置或逐车资格认证
领途汽车有限公司,YGM7008BEVA,0,0,0,0,1,2208试验口径,"[{""purpose_scope"":""2208试验口径"",""source_record_ids"":""old-44-Word97--0-22"",""source_observation_date_upper"":""2021-07-12"",""source_file"":""原件/免征目录/mf_batch44.doc"",""source_sha256"":""aea30846204f4e55c0d969450f1619e1649eb27f471d5b0a2636d0da77eb0611"",""firm_route_basis"":""原记录firm_raw""}]",0,按来源/日期/配置版本分别答复；同型号合并附件不等于同配置或逐车资格认证
领途汽车有限公司,YGM7008BEVA1,0,0,0,0,1,2208试验口径,"[{""purpose_scope"":""2208试验口径"",""source_record_ids"":""old-46-Word97--0-29"",""source_observation_date_upper"":""2021-09-10"",""source_file"":""原件/免征目录/mf_batch46.doc"",""source_sha256"":""a4b2048b3d5c29a8969f0348e9fd19a3293f0c23e6f37a48bf42a2ed70c7d37d"",""firm_route_basis"":""原记录firm_raw""}]",0,按来源/日期/配置版本分别答复；同型号合并附件不等于同配置或逐车资格认证
领途汽车有限公司,YGM7008BEVA2,0,0,0,0,1,2208试验口径,"[{""purpose_scope"":""2208试验口径"",""source_record_ids"":""old-51-Word97--0-9"",""source_observation_date_upper"":""2022-01-29"",""source_file"":""原件/免征目录/mf_batch51.doc"",""source_sha256"":""35411ca0ab3ef42915600b148fca6fe76bcb86f5dc3812f71d74f3ebda125ce6"",""firm_route_basis"":""原件企业合并格/上下文候选；非登记实体认证""}]",0,按来源/日期/配置版本分别答复；同型号合并附件不等于同配置或逐车资格认证
领途汽车有限公司,YGM7008BEVA3,0,0,0,0,1,2208试验口径,"[{""purpose_scope"":""2208试验口径"",""source_record_ids"":""old-51-Word97--0-10"",""source_observation_date_upper"":""2022-01-29"",""source_file"":""原件/免征目录/mf_batch51.doc"",""source_sha256"":""35411ca0ab3ef42915600b148fca6fe76bcb86f5dc3812f71d74f3ebda125ce6"",""firm_route_basis"":""原件企业合并格/上下文候选；非登记实体认证""}]",0,按来源/日期/配置版本分别答复；同型号合并附件不等于同配置或逐车资格认证
领途汽车有限公司,YGM7009BEVBA2,0,0,0,0,1,2208试验口径,"[{""purpose_scope"":""2208试验口径"",""source_record_ids"":""old-71-Word97--0-52"",""source_observation_date_upper"":""2023-11-20"",""source_file"":""原件/免征目录/mf_batch71.doc"",""source_sha256"":""b37b78b64b8ef7e12e6e95d6fd27a4a6e364c0c83ba403ffcf3bca82c60e3460"",""firm_route_basis"":""原件企业合并格/上下文候选；非登记实体认证""}]",0,按来源/日期/配置版本分别答复；同型号合并附件不等于同配置或逐车资格认证
领途汽车有限公司,YGM7009BEVBA3,0,1,0,0,0,32联合跨界,"[{""purpose_scope"":""32联合跨界"",""source_record_ids"":""old-71-Word97--0-51"",""source_observation_date_upper"":""2023-11-20"",""source_file"":""原件/免征目录/mf_batch71.doc"",""source_sha256"":""b37b78b64b8ef7e12e6e95d6fd27a4a6e364c0c83ba403ffcf3bca82c60e3460"",""firm_route_basis"":""原记录firm_raw""}]",0,按来源/日期/配置版本分别答复；同型号合并附件不等于同配置或逐车资格认证
