source_file,source_sha256,location,scope_type,text,technical_keyword_matches
原件/mf_batch29.doc,8d24a01958cc6d44fa7826ecbb6a76869b9a0f2c98b97597d57af02932f2afaf,word/document.xml:table_0:row_0,physical_table_first_row_or_explicit_header,序号 | 生产企业名称 | 车辆型号 | 通用名称 | 纯电动续驶里程(km) | 整车整备质量(kg) | 动力蓄电池组总质量(kg) | 动力蓄电池组总能量(kWh) | 备注,
原件/mf_batch29.doc,8d24a01958cc6d44fa7826ecbb6a76869b9a0f2c98b97597d57af02932f2afaf,word/document.xml:table_1:row_0,physical_table_first_row_or_explicit_header,序号 | 生产企业名称 | 车辆型号 | 产品名称 | 纯电动续驶里程(km) | 整车整备质量(kg) | 动力蓄电池组总质量(kg) | 动力蓄电池组总能量(kWh) | 备注,
原件/mf_batch29.doc,8d24a01958cc6d44fa7826ecbb6a76869b9a0f2c98b97597d57af02932f2afaf,word/document.xml:table_2:row_0,physical_table_first_row_or_explicit_header,序号 | 生产企业名称 | 车辆型号 | 产品名称 | 纯电动续驶里程(km) | 整车整备质量(kg) | 动力蓄电池组总质量(kg) | 动力蓄电池组总能量(kWh) | 备注,
原件/mf_batch29.doc,8d24a01958cc6d44fa7826ecbb6a76869b9a0f2c98b97597d57af02932f2afaf,word/document.xml:table_3:row_0,physical_table_first_row_or_explicit_header,序号 | 生产企业名称 | 车辆型号 | 产品名称 | 纯电动续驶里程(km) | 整车整备质量(kg) | 动力蓄电池组总质量(kg) | 动力蓄电池组总能量(kWh) | 备注,
原件/mf_batch29.doc,8d24a01958cc6d44fa7826ecbb6a76869b9a0f2c98b97597d57af02932f2afaf,word/document.xml:table_4:row_0,physical_table_first_row_or_explicit_header,序号 | 生产企业名称 | 车辆型号 | 通用名称 | 纯电动续驶里程(km) | 燃料消耗量(L/100km) | 发动机排量(mL) | 整车整备质量(kg) | 动力蓄电池总质量(kg) | 动力蓄电池总能量(kWh) | 备注,
原件/mf_batch29.doc,8d24a01958cc6d44fa7826ecbb6a76869b9a0f2c98b97597d57af02932f2afaf,word/document.xml:table_5:row_0,physical_table_first_row_or_explicit_header,序号 | 生产企业名称 | 车辆型号 | 产品名称 | 纯电动续驶里程(km) | 燃料消耗量(L/100km) | 发动机排量(mL) | 整车整备质量(kg) | 动力蓄电池总质量(kg) | 动力蓄电池总能量(kWh) | 备注,
原件/mf_batch29.doc,8d24a01958cc6d44fa7826ecbb6a76869b9a0f2c98b97597d57af02932f2afaf,word/document.xml:table_6:row_0,physical_table_first_row_or_explicit_header,序号 | 生产企业名称 | 车辆型号 | 产品名称 | 续驶里程(km) | 整车整备质量(kg) | 燃料电池系统额定功率(kW) | 驱动电机额定功率(kW) | 备注,
原件/mf_batch29.doc,8d24a01958cc6d44fa7826ecbb6a76869b9a0f2c98b97597d57af02932f2afaf,word/document.xml:table_7:row_0,physical_table_first_row_or_explicit_header,序号 | 生产企业名称 | 车辆型号 | 产品名称 | 续驶里程(km) | 整车整备质量(kg) | 燃料电池系统额定功率(kW) | 驱动电机额定功率(kW) | 备注,
原件/mf_batch29.doc,8d24a01958cc6d44fa7826ecbb6a76869b9a0f2c98b97597d57af02932f2afaf,word/document.xml:table_8:row_0,physical_table_first_row_or_explicit_header,序号 | 生产企业名称 | 车辆型号 | 产品名称 | 续驶里程(km) | 整车整备质量(kg) | 燃料电池系统额定功率(kW) | 驱动电机额定功率(kW) | 备注,
原件/mf_batch29.doc,8d24a01958cc6d44fa7826ecbb6a76869b9a0f2c98b97597d57af02932f2afaf,word/document.xml:outside_table_paragraph_1,body_note_or_auxiliary_story,附件1,
原件/mf_batch29.doc,8d24a01958cc6d44fa7826ecbb6a76869b9a0f2c98b97597d57af02932f2afaf,word/document.xml:outside_table_paragraph_2,body_note_or_auxiliary_story,免征车辆购置税的新能源汽车车型目录（第二十九批）,
原件/mf_batch29.doc,8d24a01958cc6d44fa7826ecbb6a76869b9a0f2c98b97597d57af02932f2afaf,word/document.xml:outside_table_paragraph_4,body_note_or_auxiliary_story,纯电动汽车,
原件/mf_batch29.doc,8d24a01958cc6d44fa7826ecbb6a76869b9a0f2c98b97597d57af02932f2afaf,word/document.xml:outside_table_paragraph_5,body_note_or_auxiliary_story,乘用车,
原件/mf_batch29.doc,8d24a01958cc6d44fa7826ecbb6a76869b9a0f2c98b97597d57af02932f2afaf,word/document.xml:outside_table_paragraph_259,body_note_or_auxiliary_story,（二）客车,
原件/mf_batch29.doc,8d24a01958cc6d44fa7826ecbb6a76869b9a0f2c98b97597d57af02932f2afaf,word/document.xml:outside_table_paragraph_849,body_note_or_auxiliary_story,（三）货车,
原件/mf_batch29.doc,8d24a01958cc6d44fa7826ecbb6a76869b9a0f2c98b97597d57af02932f2afaf,word/document.xml:outside_table_paragraph_956,body_note_or_auxiliary_story,专用车,
原件/mf_batch29.doc,8d24a01958cc6d44fa7826ecbb6a76869b9a0f2c98b97597d57af02932f2afaf,word/document.xml:outside_table_paragraph_1644,body_note_or_auxiliary_story,插电式混合动力汽车,
原件/mf_batch29.doc,8d24a01958cc6d44fa7826ecbb6a76869b9a0f2c98b97597d57af02932f2afaf,word/document.xml:outside_table_paragraph_1645,body_note_or_auxiliary_story,乘用车,
原件/mf_batch29.doc,8d24a01958cc6d44fa7826ecbb6a76869b9a0f2c98b97597d57af02932f2afaf,word/document.xml:outside_table_paragraph_1701,body_note_or_auxiliary_story,注：插电式混合动力汽车燃料消耗量仅包括传统燃料/不含电能折算。,
原件/mf_batch29.doc,8d24a01958cc6d44fa7826ecbb6a76869b9a0f2c98b97597d57af02932f2afaf,word/document.xml:outside_table_paragraph_1703,body_note_or_auxiliary_story,客车,
原件/mf_batch29.doc,8d24a01958cc6d44fa7826ecbb6a76869b9a0f2c98b97597d57af02932f2afaf,word/document.xml:outside_table_paragraph_1781,body_note_or_auxiliary_story,注：插电式混合动力汽车燃料消耗量仅包括传统燃料/不含电能折算。,
原件/mf_batch29.doc,8d24a01958cc6d44fa7826ecbb6a76869b9a0f2c98b97597d57af02932f2afaf,word/document.xml:outside_table_paragraph_1784,body_note_or_auxiliary_story,燃料电池汽车,
原件/mf_batch29.doc,8d24a01958cc6d44fa7826ecbb6a76869b9a0f2c98b97597d57af02932f2afaf,word/document.xml:outside_table_paragraph_1785,body_note_or_auxiliary_story,客车,
原件/mf_batch29.doc,8d24a01958cc6d44fa7826ecbb6a76869b9a0f2c98b97597d57af02932f2afaf,word/document.xml:outside_table_paragraph_1860,body_note_or_auxiliary_story,专用车,
原件/mf_batch29.doc,8d24a01958cc6d44fa7826ecbb6a76869b9a0f2c98b97597d57af02932f2afaf,word/document.xml:outside_table_paragraph_1936,body_note_or_auxiliary_story,货车,
原件/mf_batch29.doc,8d24a01958cc6d44fa7826ecbb6a76869b9a0f2c98b97597d57af02932f2afaf,word/footer1.xml:outside_table_paragraph_1,body_note_or_auxiliary_story,16,
原件/免征目录/mf_batch14.docx,6a48764b5ccb7c4ffa6f54daa44d3a42095b8a981fc982e774ddaaded41e9921,word/document.xml:table_0:row_0,physical_table_first_row_or_explicit_header,序号 | 汽车生产企业名称 | 车辆型号 | 通用名称 | 纯电动续驶里程(km) | 整车整备质量(kg) | 动力蓄电池组总质量(kg) | 动力蓄电池组总能量（kWh） | 备注,
原件/免征目录/mf_batch14.docx,6a48764b5ccb7c4ffa6f54daa44d3a42095b8a981fc982e774ddaaded41e9921,word/document.xml:table_1:row_0,physical_table_first_row_or_explicit_header,序号 | 汽车生产企业名称 | 车辆型号 | 产品名称 | 纯电动续驶里程(km) | 整车整备质量（kg） | 动力蓄电池组总质量（kg） | 动力蓄电池组总能量(kWh) | 备注,
原件/免征目录/mf_batch14.docx,6a48764b5ccb7c4ffa6f54daa44d3a42095b8a981fc982e774ddaaded41e9921,word/document.xml:table_2:row_0,physical_table_first_row_or_explicit_header,序号 | 汽车生产企业名称 | 车辆型号 | 产品名称 | 纯电动续驶里程（km） | 整车整备质量（kg） | 动力蓄电池组总质量（kg） | 动力蓄电池组总能量（kWh） | 备注,
原件/免征目录/mf_batch14.docx,6a48764b5ccb7c4ffa6f54daa44d3a42095b8a981fc982e774ddaaded41e9921,word/document.xml:table_3:row_0,physical_table_first_row_or_explicit_header,序号 | 汽车生产企业名称 | 车辆型号 | 产品名称 | 纯电动续驶里程（km） | 整车整备质量（kg） | 动力蓄电池组总质量（kg） | 动力蓄电池组总能量（kWh） | 备注,
原件/免征目录/mf_batch14.docx,6a48764b5ccb7c4ffa6f54daa44d3a42095b8a981fc982e774ddaaded41e9921,word/document.xml:table_4:row_0,physical_table_first_row_or_explicit_header,序号 | 汽车生产企业名称 | 车辆型号 | 通用名称 | 纯电动续驶里程（km） | 燃料消耗量（L/100km） | 发动机排量（mL） | 整车整备质量（kg） | 动力蓄电池总质量（kg） | 动力蓄电池总能量（kWh） | 备注,
原件/免征目录/mf_batch14.docx,6a48764b5ccb7c4ffa6f54daa44d3a42095b8a981fc982e774ddaaded41e9921,word/document.xml:table_5:row_0,physical_table_first_row_or_explicit_header,序号 | 汽车生产企业名称 | 车辆型号 | 产品名称 | 纯电动续驶里程(km) | 燃料消耗量（L/100km） | 发动机排量（mL） | 整车整备质量（kg） | 动力蓄电池总质量(kg) | 动力蓄电池总能量(kWh) | 备注,
原件/免征目录/mf_batch14.docx,6a48764b5ccb7c4ffa6f54daa44d3a42095b8a981fc982e774ddaaded41e9921,word/document.xml:table_6:row_0,physical_table_first_row_or_explicit_header,序号 | 汽车生产企业名称 | 车辆型号 | 产品名称 | 纯电动续驶里程（km） | 整车整备质量（kg） | 燃料电池系统额定功率(kW) | 驱动电机额定功率(kW) | 备注,
原件/免征目录/mf_batch14.docx,6a48764b5ccb7c4ffa6f54daa44d3a42095b8a981fc982e774ddaaded41e9921,word/document.xml:outside_table_paragraph_1,body_note_or_auxiliary_story,附件1,
原件/免征目录/mf_batch14.docx,6a48764b5ccb7c4ffa6f54daa44d3a42095b8a981fc982e774ddaaded41e9921,word/document.xml:outside_table_paragraph_2,body_note_or_auxiliary_story,免征车辆购置税的新能源汽车车型目录（第十四批）,
原件/免征目录/mf_batch14.docx,6a48764b5ccb7c4ffa6f54daa44d3a42095b8a981fc982e774ddaaded41e9921,word/document.xml:outside_table_paragraph_3,body_note_or_auxiliary_story,纯电动汽车,
原件/免征目录/mf_batch14.docx,6a48764b5ccb7c4ffa6f54daa44d3a42095b8a981fc982e774ddaaded41e9921,word/document.xml:outside_table_paragraph_4,body_note_or_auxiliary_story,（一）乘用车,
原件/免征目录/mf_batch14.docx,6a48764b5ccb7c4ffa6f54daa44d3a42095b8a981fc982e774ddaaded41e9921,word/document.xml:outside_table_paragraph_249,body_note_or_auxiliary_story,（二）客车,
原件/免征目录/mf_batch14.docx,6a48764b5ccb7c4ffa6f54daa44d3a42095b8a981fc982e774ddaaded41e9921,word/document.xml:outside_table_paragraph_703,body_note_or_auxiliary_story,（三）货车,
原件/免征目录/mf_batch14.docx,6a48764b5ccb7c4ffa6f54daa44d3a42095b8a981fc982e774ddaaded41e9921,word/document.xml:outside_table_paragraph_723,body_note_or_auxiliary_story,（四）专用车,
原件/免征目录/mf_batch14.docx,6a48764b5ccb7c4ffa6f54daa44d3a42095b8a981fc982e774ddaaded41e9921,word/document.xml:outside_table_paragraph_1337,body_note_or_auxiliary_story,    二、插电式混合动力汽车,
原件/免征目录/mf_batch14.docx,6a48764b5ccb7c4ffa6f54daa44d3a42095b8a981fc982e774ddaaded41e9921,word/document.xml:outside_table_paragraph_1338,body_note_or_auxiliary_story,（一）乘用车,
原件/免征目录/mf_batch14.docx,6a48764b5ccb7c4ffa6f54daa44d3a42095b8a981fc982e774ddaaded41e9921,word/document.xml:outside_table_paragraph_1407,body_note_or_auxiliary_story,    （二）客车,
原件/免征目录/mf_batch14.docx,6a48764b5ccb7c4ffa6f54daa44d3a42095b8a981fc982e774ddaaded41e9921,word/document.xml:outside_table_paragraph_1514,body_note_or_auxiliary_story,注：插电式混合动力汽车燃料消耗量仅包括传统燃料/不含电能折算。,
原件/免征目录/mf_batch14.docx,6a48764b5ccb7c4ffa6f54daa44d3a42095b8a981fc982e774ddaaded41e9921,word/document.xml:outside_table_paragraph_1515,body_note_or_auxiliary_story,三、燃料电池汽车,
原件/免征目录/mf_batch14.docx,6a48764b5ccb7c4ffa6f54daa44d3a42095b8a981fc982e774ddaaded41e9921,word/document.xml:outside_table_paragraph_1516,body_note_or_auxiliary_story,（一）客车,
原件/免征目录/mf_batch14.docx,6a48764b5ccb7c4ffa6f54daa44d3a42095b8a981fc982e774ddaaded41e9921,word/footer1.xml:outside_table_paragraph_1,body_note_or_auxiliary_story,3,
原件/免征目录/mf_batch14.docx,6a48764b5ccb7c4ffa6f54daa44d3a42095b8a981fc982e774ddaaded41e9921,word/footer2.xml:outside_table_paragraph_1,body_note_or_auxiliary_story,14,
原件/免征目录/mf_batch14.docx,6a48764b5ccb7c4ffa6f54daa44d3a42095b8a981fc982e774ddaaded41e9921,word/footer4.xml:outside_table_paragraph_1,body_note_or_auxiliary_story,18,
原件/免征目录/mf_batch14.docx,6a48764b5ccb7c4ffa6f54daa44d3a42095b8a981fc982e774ddaaded41e9921,word/footer6.xml:outside_table_paragraph_1,body_note_or_auxiliary_story,19,
原件/免征目录/mf_batch16.docx,9db5ace6c1c59bd9636d48636f94fa77d2b6e0aa27b109421690ce6a8c4a3967,word/document.xml:table_0:row_0,physical_table_first_row_or_explicit_header,序号 | 汽车生产企业名称 | 车辆型号 | 通用名称 | 纯电动续驶里程(km) | 整车整备质量(kg) | 动力蓄电池组总质量(kg) | 动力蓄电池组总能量（kWh） | 备注,
原件/免征目录/mf_batch16.docx,9db5ace6c1c59bd9636d48636f94fa77d2b6e0aa27b109421690ce6a8c4a3967,word/document.xml:table_1:row_0,physical_table_first_row_or_explicit_header,序号 | 汽车生产企业名称 | 车辆型号 | 产品名称 | 纯电动续驶里程(km) | 整车整备质量（kg） | 动力蓄电池组总质量（kg） | 动力蓄电池组总能量(kWh) | 备注,
原件/免征目录/mf_batch16.docx,9db5ace6c1c59bd9636d48636f94fa77d2b6e0aa27b109421690ce6a8c4a3967,word/document.xml:table_2:row_0,physical_table_first_row_or_explicit_header,序号 | 汽车生产企业名称 | 车辆型号 | 产品名称 | 纯电动续驶里程（km） | 整车整备质量（kg） | 动力蓄电池组总质量（kg） | 动力蓄电池组总能量（kWh） | 备注,
原件/免征目录/mf_batch16.docx,9db5ace6c1c59bd9636d48636f94fa77d2b6e0aa27b109421690ce6a8c4a3967,word/document.xml:table_3:row_0,physical_table_first_row_or_explicit_header,序号 | 汽车生产企业名称 | 车辆型号 | 通用名称 | 纯电动续驶里程（km） | 燃料消耗量(L/100km) | 发动机排量(mL) | 整车整备质量(kg) | 动力蓄电池总质量（kg） | 动力蓄电池总能量（kWh） | 备注,
原件/免征目录/mf_batch16.docx,9db5ace6c1c59bd9636d48636f94fa77d2b6e0aa27b109421690ce6a8c4a3967,word/document.xml:table_4:row_0,physical_table_first_row_or_explicit_header,序号 | 汽车生产企业名称 | 车辆型号 | 通用名称 | 纯电动续驶里程（km） | 燃料消耗量(L/100km) | 发动机排量(mL) | 整车整备质量(kg) | 动力蓄电池总质量（kg） | 动力蓄电池总能量（kWh） | 备注,
原件/免征目录/mf_batch16.docx,9db5ace6c1c59bd9636d48636f94fa77d2b6e0aa27b109421690ce6a8c4a3967,word/document.xml:table_5:row_0,physical_table_first_row_or_explicit_header,序号 | 汽车生产企业名称 | 车辆型号 | 产品名称 | 纯电动续驶里程（km） | 整车整备质量（kg） | 燃料电池系统额定功率(kW) | 驱动电机额定功率(kW) | 备注,
原件/免征目录/mf_batch16.docx,9db5ace6c1c59bd9636d48636f94fa77d2b6e0aa27b109421690ce6a8c4a3967,word/document.xml:outside_table_paragraph_1,body_note_or_auxiliary_story,附件1,
原件/免征目录/mf_batch16.docx,9db5ace6c1c59bd9636d48636f94fa77d2b6e0aa27b109421690ce6a8c4a3967,word/document.xml:outside_table_paragraph_2,body_note_or_auxiliary_story,免征车辆购置税的新能源汽车车型目录（第十六批）,
原件/免征目录/mf_batch16.docx,9db5ace6c1c59bd9636d48636f94fa77d2b6e0aa27b109421690ce6a8c4a3967,word/document.xml:outside_table_paragraph_3,body_note_or_auxiliary_story,纯电动汽车,
原件/免征目录/mf_batch16.docx,9db5ace6c1c59bd9636d48636f94fa77d2b6e0aa27b109421690ce6a8c4a3967,word/document.xml:outside_table_paragraph_4,body_note_or_auxiliary_story,（一）乘用车,
原件/免征目录/mf_batch16.docx,9db5ace6c1c59bd9636d48636f94fa77d2b6e0aa27b109421690ce6a8c4a3967,word/document.xml:outside_table_paragraph_456,body_note_or_auxiliary_story,（二）客车,
原件/免征目录/mf_batch16.docx,9db5ace6c1c59bd9636d48636f94fa77d2b6e0aa27b109421690ce6a8c4a3967,word/document.xml:outside_table_paragraph_1121,body_note_or_auxiliary_story,（三）专用车,
原件/免征目录/mf_batch16.docx,9db5ace6c1c59bd9636d48636f94fa77d2b6e0aa27b109421690ce6a8c4a3967,word/document.xml:outside_table_paragraph_1709,body_note_or_auxiliary_story,    二、插电式混合动力汽车,
原件/免征目录/mf_batch16.docx,9db5ace6c1c59bd9636d48636f94fa77d2b6e0aa27b109421690ce6a8c4a3967,word/document.xml:outside_table_paragraph_1710,body_note_or_auxiliary_story,（一）乘用车,
原件/免征目录/mf_batch16.docx,9db5ace6c1c59bd9636d48636f94fa77d2b6e0aa27b109421690ce6a8c4a3967,word/document.xml:outside_table_paragraph_1877,body_note_or_auxiliary_story,注：插电式混合动力汽车燃料消耗量仅包括传统燃料/不含电能折算。,
原件/免征目录/mf_batch16.docx,9db5ace6c1c59bd9636d48636f94fa77d2b6e0aa27b109421690ce6a8c4a3967,word/document.xml:outside_table_paragraph_1878,body_note_or_auxiliary_story,（二）客车,
原件/免征目录/mf_batch16.docx,9db5ace6c1c59bd9636d48636f94fa77d2b6e0aa27b109421690ce6a8c4a3967,word/document.xml:outside_table_paragraph_1969,body_note_or_auxiliary_story,注：插电式混合动力汽车燃料消耗量仅包括传统燃料/不含电能折算。,
原件/免征目录/mf_batch16.docx,9db5ace6c1c59bd9636d48636f94fa77d2b6e0aa27b109421690ce6a8c4a3967,word/document.xml:outside_table_paragraph_1970,body_note_or_auxiliary_story,三、燃料电池汽车,
原件/免征目录/mf_batch16.docx,9db5ace6c1c59bd9636d48636f94fa77d2b6e0aa27b109421690ce6a8c4a3967,word/document.xml:outside_table_paragraph_1971,body_note_or_auxiliary_story,（一）专用车,
原件/免征目录/mf_batch16.docx,9db5ace6c1c59bd9636d48636f94fa77d2b6e0aa27b109421690ce6a8c4a3967,word/footer1.xml:outside_table_paragraph_1,body_note_or_auxiliary_story,4,
原件/免征目录/mf_batch16.docx,9db5ace6c1c59bd9636d48636f94fa77d2b6e0aa27b109421690ce6a8c4a3967,word/footer2.xml:outside_table_paragraph_1,body_note_or_auxiliary_story,13,
原件/免征目录/mf_batch16.docx,9db5ace6c1c59bd9636d48636f94fa77d2b6e0aa27b109421690ce6a8c4a3967,word/footer4.xml:outside_table_paragraph_1,body_note_or_auxiliary_story,15,
原件/免征目录/mf_batch16.docx,9db5ace6c1c59bd9636d48636f94fa77d2b6e0aa27b109421690ce6a8c4a3967,word/footer6.xml:outside_table_paragraph_1,body_note_or_auxiliary_story,17,
原件/免征目录/mf_batch18.doc,43f5426f7f80996ee11a894710d7229c743abf7ad69ba239f61075e0a9ddd37a,word/document.xml:table_0:row_0,physical_table_first_row_or_explicit_header,序号 | 汽车生产企业名称 | 车辆型号 | 通用名称 | 纯电动续驶里程(km) | 整车整备质量(kg) | 动力蓄电池组总质量(kg) | 动力蓄电池组总能量（kWh） | 备注,
原件/免征目录/mf_batch18.doc,43f5426f7f80996ee11a894710d7229c743abf7ad69ba239f61075e0a9ddd37a,word/document.xml:table_1:row_0,physical_table_first_row_or_explicit_header,序号 | 汽车生产企业名称 | 车辆型号 | 产品名称 | 纯电动续驶里程(km) | 整车整备质量（kg） | 动力蓄电池组总质量（kg） | 动力蓄电池组总能量(kWh) | 备注,
原件/免征目录/mf_batch18.doc,43f5426f7f80996ee11a894710d7229c743abf7ad69ba239f61075e0a9ddd37a,word/document.xml:table_2:row_0,physical_table_first_row_or_explicit_header,序号 | 汽车生产企业名称 | 车辆型号 | 产品名称 | 纯电动续驶里程（km） | 整车整备质量（kg） | 动力蓄电池组总质量（kg） | 动力蓄电池组总能量（kWh） | 备注,
原件/免征目录/mf_batch18.doc,43f5426f7f80996ee11a894710d7229c743abf7ad69ba239f61075e0a9ddd37a,word/document.xml:table_3:row_0,physical_table_first_row_or_explicit_header,序号 | 汽车生产企业名称 | 车辆型号 | 产品名称 | 纯电动续驶里程（km） | 整车整备质量（kg） | 动力蓄电池组总质量（kg） | 动力蓄电池组总能量（kWh） | 备注,
原件/免征目录/mf_batch18.doc,43f5426f7f80996ee11a894710d7229c743abf7ad69ba239f61075e0a9ddd37a,word/document.xml:table_4:row_0,physical_table_first_row_or_explicit_header,序号 | 汽车生产企业名称 | 车辆型号 | 通用名称 | 纯电动续驶里程（km） | 燃料消耗量(L/100km) | 发动机排量(mL) | 整车整备质量(kg) | 动力蓄电池总质量（kg） | 动力蓄电池总能量（kWh） | 备注,
原件/免征目录/mf_batch18.doc,43f5426f7f80996ee11a894710d7229c743abf7ad69ba239f61075e0a9ddd37a,word/document.xml:table_5:row_0,physical_table_first_row_or_explicit_header,序号 | 汽车生产企业名称 | 车辆型号 | 通用名称 | 纯电动续驶里程（km） | 燃料消耗量(L/100km) | 发动机排量(mL) | 整车整备质量(kg) | 动力蓄电池总质量（kg） | 动力蓄电池总能量（kWh） | 备注,
原件/免征目录/mf_batch18.doc,43f5426f7f80996ee11a894710d7229c743abf7ad69ba239f61075e0a9ddd37a,word/document.xml:table_6:row_0,physical_table_first_row_or_explicit_header,序号 | 汽车生产企业名称 | 车辆型号 | 产品名称 | 纯电动续驶里程（km） | 整车整备质量（kg） | 燃料电池系统额定功率(kW) | 驱动电机额定功率(kW) | 备注,
原件/免征目录/mf_batch18.doc,43f5426f7f80996ee11a894710d7229c743abf7ad69ba239f61075e0a9ddd37a,word/document.xml:table_7:row_0,physical_table_first_row_or_explicit_header,序号 | 汽车生产企业名称 | 车辆型号 | 产品名称 | 纯电动续驶里程（km） | 整车整备质量（kg） | 燃料电池系统额定功率(kW) | 驱动电机额定功率(kW) | 备注,
原件/免征目录/mf_batch18.doc,43f5426f7f80996ee11a894710d7229c743abf7ad69ba239f61075e0a9ddd37a,word/document.xml:outside_table_paragraph_1,body_note_or_auxiliary_story,附件1,
原件/免征目录/mf_batch18.doc,43f5426f7f80996ee11a894710d7229c743abf7ad69ba239f61075e0a9ddd37a,word/document.xml:outside_table_paragraph_2,body_note_or_auxiliary_story,免征车辆购置税的新能源汽车车型目录（第十八批）,
原件/免征目录/mf_batch18.doc,43f5426f7f80996ee11a894710d7229c743abf7ad69ba239f61075e0a9ddd37a,word/document.xml:outside_table_paragraph_3,body_note_or_auxiliary_story,纯电动汽车,
原件/免征目录/mf_batch18.doc,43f5426f7f80996ee11a894710d7229c743abf7ad69ba239f61075e0a9ddd37a,word/document.xml:outside_table_paragraph_4,body_note_or_auxiliary_story,（一）乘用车,
原件/免征目录/mf_batch18.doc,43f5426f7f80996ee11a894710d7229c743abf7ad69ba239f61075e0a9ddd37a,word/document.xml:outside_table_paragraph_645,body_note_or_auxiliary_story,（二）客车,
原件/免征目录/mf_batch18.doc,43f5426f7f80996ee11a894710d7229c743abf7ad69ba239f61075e0a9ddd37a,word/document.xml:outside_table_paragraph_3464,body_note_or_auxiliary_story,（三）货车,
原件/免征目录/mf_batch18.doc,43f5426f7f80996ee11a894710d7229c743abf7ad69ba239f61075e0a9ddd37a,word/document.xml:outside_table_paragraph_3573,body_note_or_auxiliary_story,（四）专用车,
原件/免征目录/mf_batch18.doc,43f5426f7f80996ee11a894710d7229c743abf7ad69ba239f61075e0a9ddd37a,word/document.xml:outside_table_paragraph_5042,body_note_or_auxiliary_story,    二、插电式混合动力汽车,
原件/免征目录/mf_batch18.doc,43f5426f7f80996ee11a894710d7229c743abf7ad69ba239f61075e0a9ddd37a,word/document.xml:outside_table_paragraph_5043,body_note_or_auxiliary_story,（一）乘用车,
原件/免征目录/mf_batch18.doc,43f5426f7f80996ee11a894710d7229c743abf7ad69ba239f61075e0a9ddd37a,word/document.xml:outside_table_paragraph_5122,body_note_or_auxiliary_story,注：插电式混合动力汽车燃料消耗量仅包括传统燃料/不含电能折算。,
原件/免征目录/mf_batch18.doc,43f5426f7f80996ee11a894710d7229c743abf7ad69ba239f61075e0a9ddd37a,word/document.xml:outside_table_paragraph_5124,body_note_or_auxiliary_story,（二）客车,
原件/免征目录/mf_batch18.doc,43f5426f7f80996ee11a894710d7229c743abf7ad69ba239f61075e0a9ddd37a,word/document.xml:outside_table_paragraph_5236,body_note_or_auxiliary_story,注：插电式混合动力汽车燃料消耗量仅包括传统燃料/不含电能折算。,
原件/免征目录/mf_batch18.doc,43f5426f7f80996ee11a894710d7229c743abf7ad69ba239f61075e0a9ddd37a,word/document.xml:outside_table_paragraph_5237,body_note_or_auxiliary_story,三、燃料电池汽车,
原件/免征目录/mf_batch18.doc,43f5426f7f80996ee11a894710d7229c743abf7ad69ba239f61075e0a9ddd37a,word/document.xml:outside_table_paragraph_5238,body_note_or_auxiliary_story,（一）客车,
原件/免征目录/mf_batch18.doc,43f5426f7f80996ee11a894710d7229c743abf7ad69ba239f61075e0a9ddd37a,word/document.xml:outside_table_paragraph_5324,body_note_or_auxiliary_story,（二）专用车,
原件/免征目录/mf_batch18.doc,43f5426f7f80996ee11a894710d7229c743abf7ad69ba239f61075e0a9ddd37a,word/footer1.xml:outside_table_paragraph_1,body_note_or_auxiliary_story,28,
原件/免征目录/mf_batch18.doc,43f5426f7f80996ee11a894710d7229c743abf7ad69ba239f61075e0a9ddd37a,word/footer2.xml:outside_table_paragraph_1,body_note_or_auxiliary_story,29,
原件/免征目录/mf_batch18.doc,43f5426f7f80996ee11a894710d7229c743abf7ad69ba239f61075e0a9ddd37a,word/footer4.xml:outside_table_paragraph_1,body_note_or_auxiliary_story,32,
原件/免征目录/mf_batch19.docx,fafd1558aa0f21067847c19bdd0a95c79b919737be7b07b87c4538107fb2b8e3,word/document.xml:table_0:row_0,physical_table_first_row_or_explicit_header,序号 | 生产企业名称 | 车辆型号 | 通用名称 | 纯电动续驶里程(km) | 整车整备质量(kg) | 动力蓄电池组总质量(kg) | 动力蓄电池组总能量（kWh） | 备注,
原件/免征目录/mf_batch19.docx,fafd1558aa0f21067847c19bdd0a95c79b919737be7b07b87c4538107fb2b8e3,word/document.xml:table_1:row_0,physical_table_first_row_or_explicit_header,序号 | 生产企业名称 | 车辆型号 | 产品名称 | 纯电动续驶里程(km) | 整车整备质量(kg) | 动力蓄电池组总质量(kg) | 动力蓄电池组总能量（kWh） | 备注,
原件/免征目录/mf_batch19.docx,fafd1558aa0f21067847c19bdd0a95c79b919737be7b07b87c4538107fb2b8e3,word/document.xml:table_2:row_0,physical_table_first_row_or_explicit_header,序号 | 生产企业名称 | 车辆型号 | 产品名称 | 纯电动续驶里程(km) | 整车整备质量(kg) | 动力蓄电池组总质量(kg) | 动力蓄电池组总能量（kWh） | 备注,
原件/免征目录/mf_batch19.docx,fafd1558aa0f21067847c19bdd0a95c79b919737be7b07b87c4538107fb2b8e3,word/document.xml:table_3:row_0,physical_table_first_row_or_explicit_header,序号 | 生产企业名称 | 车辆型号 | 产品名称 | 纯电动续驶里程(km) | 整车整备质量(kg) | 动力蓄电池组总质量(kg) | 动力蓄电池组总能量（kWh） | 备注,
原件/免征目录/mf_batch19.docx,fafd1558aa0f21067847c19bdd0a95c79b919737be7b07b87c4538107fb2b8e3,word/document.xml:table_4:row_0,physical_table_first_row_or_explicit_header,序号 | 生产企业名称 | 车辆型号 | 通用名称 | 纯电动续驶里程(km) | 燃料消耗量(L/100km) | 发动机排量(mL) | 整车整备质量(kg) | 动力蓄电池组总质量(kg) | 动力蓄电池组总能量（kWh） | 备注,
原件/免征目录/mf_batch19.docx,fafd1558aa0f21067847c19bdd0a95c79b919737be7b07b87c4538107fb2b8e3,word/document.xml:table_5:row_0,physical_table_first_row_or_explicit_header,序号 | 生产企业名称 | 车辆型号 | 通用名称 | 纯电动续驶里程(km) | 燃料消耗量(L/100km) | 发动机排量(mL) | 整车整备质量(kg) | 动力蓄电池组总质量(kg) | 动力蓄电池组总能量（kWh） | 备注,
原件/免征目录/mf_batch19.docx,fafd1558aa0f21067847c19bdd0a95c79b919737be7b07b87c4538107fb2b8e3,word/document.xml:table_6:row_0,physical_table_first_row_or_explicit_header,序号 | 生产企业名称 | 车辆型号 | 产品名称 | 纯电动续驶里程(km) | 燃料消耗量(L/100km) | 发动机排量(mL) | 整车整备质量(kg) | 动力蓄电池组总质量(kg) | 动力蓄电池组总能量（kWh） | 备注,
原件/免征目录/mf_batch19.docx,fafd1558aa0f21067847c19bdd0a95c79b919737be7b07b87c4538107fb2b8e3,word/document.xml:table_7:row_0,physical_table_first_row_or_explicit_header,序号 | 生产企业名称 | 车辆型号 | 产品名称 | 纯电动续驶里程(km) | 整车整备质量(kg) | 燃料电池系统额定功率(kW) | 驱动电机额定功率(kW) | 备注,
原件/免征目录/mf_batch19.docx,fafd1558aa0f21067847c19bdd0a95c79b919737be7b07b87c4538107fb2b8e3,word/document.xml:table_8:row_0,physical_table_first_row_or_explicit_header,序号 | 生产企业名称 | 车辆型号 | 产品名称 | 纯电动续驶里程(km) | 整车整备质量(kg) | 燃料电池系统额定功率(kW) | 驱动电机额定功率(kW) | 备注,
原件/免征目录/mf_batch19.docx,fafd1558aa0f21067847c19bdd0a95c79b919737be7b07b87c4538107fb2b8e3,word/document.xml:outside_table_paragraph_1,body_note_or_auxiliary_story,附件,
原件/免征目录/mf_batch19.docx,fafd1558aa0f21067847c19bdd0a95c79b919737be7b07b87c4538107fb2b8e3,word/document.xml:outside_table_paragraph_2,body_note_or_auxiliary_story,免征车辆购置税的新能源汽车车型目录（第十九批）,
原件/免征目录/mf_batch19.docx,fafd1558aa0f21067847c19bdd0a95c79b919737be7b07b87c4538107fb2b8e3,word/document.xml:outside_table_paragraph_3,body_note_or_auxiliary_story,纯电动汽车,
原件/免征目录/mf_batch19.docx,fafd1558aa0f21067847c19bdd0a95c79b919737be7b07b87c4538107fb2b8e3,word/document.xml:outside_table_paragraph_4,body_note_or_auxiliary_story,（一）乘用车,
原件/免征目录/mf_batch19.docx,fafd1558aa0f21067847c19bdd0a95c79b919737be7b07b87c4538107fb2b8e3,word/document.xml:outside_table_paragraph_565,body_note_or_auxiliary_story,（二）客车,
原件/免征目录/mf_batch19.docx,fafd1558aa0f21067847c19bdd0a95c79b919737be7b07b87c4538107fb2b8e3,word/document.xml:outside_table_paragraph_1522,body_note_or_auxiliary_story,（三）货车,
原件/免征目录/mf_batch19.docx,fafd1558aa0f21067847c19bdd0a95c79b919737be7b07b87c4538107fb2b8e3,word/document.xml:outside_table_paragraph_1588,body_note_or_auxiliary_story,（四）专用车,
原件/免征目录/mf_batch19.docx,fafd1558aa0f21067847c19bdd0a95c79b919737be7b07b87c4538107fb2b8e3,word/document.xml:outside_table_paragraph_2887,body_note_or_auxiliary_story,    二、插电式混合动力汽车,
原件/免征目录/mf_batch19.docx,fafd1558aa0f21067847c19bdd0a95c79b919737be7b07b87c4538107fb2b8e3,word/document.xml:outside_table_paragraph_2888,body_note_or_auxiliary_story,（一）乘用车,
原件/免征目录/mf_batch19.docx,fafd1558aa0f21067847c19bdd0a95c79b919737be7b07b87c4538107fb2b8e3,word/document.xml:outside_table_paragraph_2999,body_note_or_auxiliary_story,注：插电式混合动力汽车燃料消耗量仅包括传统燃料/不含电能折算。,
原件/免征目录/mf_batch19.docx,fafd1558aa0f21067847c19bdd0a95c79b919737be7b07b87c4538107fb2b8e3,word/document.xml:outside_table_paragraph_3001,body_note_or_auxiliary_story,（二）客车,
原件/免征目录/mf_batch19.docx,fafd1558aa0f21067847c19bdd0a95c79b919737be7b07b87c4538107fb2b8e3,word/document.xml:outside_table_paragraph_3179,body_note_or_auxiliary_story,注：插电式混合动力汽车燃料消耗量仅包括传统燃料/不含电能折算。,
原件/免征目录/mf_batch19.docx,fafd1558aa0f21067847c19bdd0a95c79b919737be7b07b87c4538107fb2b8e3,word/document.xml:outside_table_paragraph_3181,body_note_or_auxiliary_story,（三）专用车,
原件/免征目录/mf_batch19.docx,fafd1558aa0f21067847c19bdd0a95c79b919737be7b07b87c4538107fb2b8e3,word/document.xml:outside_table_paragraph_3204,body_note_or_auxiliary_story,注：插电式混合动力汽车燃料消耗量仅包括传统燃料/不含电能折算。,
原件/免征目录/mf_batch19.docx,fafd1558aa0f21067847c19bdd0a95c79b919737be7b07b87c4538107fb2b8e3,word/document.xml:outside_table_paragraph_3206,body_note_or_auxiliary_story,三、燃料电池汽车,
原件/免征目录/mf_batch19.docx,fafd1558aa0f21067847c19bdd0a95c79b919737be7b07b87c4538107fb2b8e3,word/document.xml:outside_table_paragraph_3208,body_note_or_auxiliary_story,客车,
原件/免征目录/mf_batch19.docx,fafd1558aa0f21067847c19bdd0a95c79b919737be7b07b87c4538107fb2b8e3,word/document.xml:outside_table_paragraph_3240,body_note_or_auxiliary_story,（二）专用车,
原件/免征目录/mf_batch19.docx,fafd1558aa0f21067847c19bdd0a95c79b919737be7b07b87c4538107fb2b8e3,word/footer1.xml:outside_table_paragraph_1,body_note_or_auxiliary_story,1,
原件/免征目录/mf_batch19.docx,fafd1558aa0f21067847c19bdd0a95c79b919737be7b07b87c4538107fb2b8e3,word/footer1.xml:outside_table_paragraph_2,body_note_or_auxiliary_story,1,
原件/免征目录/mf_batch20.docx,374d3f87551d75d1c163e76abb38f350ea93f8a2b8cad6174568c307d1cc0130,word/document.xml:table_0:row_0,physical_table_first_row_or_explicit_header,序号 | 生产企业名称 | 车辆型号 | 通用名称 | 纯电动续驶里程(km) | 整车整备质量(kg) | 动力蓄电池组总质量(kg) | 动力蓄电池组总能量（kWh） | 备注,
原件/免征目录/mf_batch20.docx,374d3f87551d75d1c163e76abb38f350ea93f8a2b8cad6174568c307d1cc0130,word/document.xml:table_1:row_0,physical_table_first_row_or_explicit_header,序号 | 生产企业名称 | 车辆型号 | 产品名称 | 纯电动续驶里程(km) | 整车整备质量(kg) | 动力蓄电池组总质量(kg) | 动力蓄电池组总能量（kWh） | 备注,
原件/免征目录/mf_batch20.docx,374d3f87551d75d1c163e76abb38f350ea93f8a2b8cad6174568c307d1cc0130,word/document.xml:table_2:row_0,physical_table_first_row_or_explicit_header,序号 | 生产企业名称 | 车辆型号 | 产品名称 | 纯电动续驶里程(km) | 整车整备质量(kg) | 动力蓄电池组总质量(kg) | 动力蓄电池组总能量（kWh） | 备注,
原件/免征目录/mf_batch20.docx,374d3f87551d75d1c163e76abb38f350ea93f8a2b8cad6174568c307d1cc0130,word/document.xml:table_3:row_0,physical_table_first_row_or_explicit_header,序号 | 生产企业名称 | 车辆型号 | 产品名称 | 纯电动续驶里程(km) | 整车整备质量(kg) | 动力蓄电池组总质量(kg) | 动力蓄电池组总能量（kWh） | 备注,
原件/免征目录/mf_batch20.docx,374d3f87551d75d1c163e76abb38f350ea93f8a2b8cad6174568c307d1cc0130,word/document.xml:table_4:row_0,physical_table_first_row_or_explicit_header,序号 | 生产企业名称 | 车辆型号 | 通用名称 | 纯电动续驶里程（km） | 燃料消耗量(L/100km) | 发动机排量(mL) | 整车整备质量(kg) | 动力蓄电池总质量（kg） | 动力蓄电池总能量（kWh） | 备注,
原件/免征目录/mf_batch20.docx,374d3f87551d75d1c163e76abb38f350ea93f8a2b8cad6174568c307d1cc0130,word/document.xml:table_5:row_0,physical_table_first_row_or_explicit_header,序号 | 生产企业名称 | 车辆型号 | 产品名称 | 纯电动续驶里程（km） | 燃料消耗量(L/100km) | 发动机排量(mL) | 整车整备质量(kg) | 动力蓄电池总质量（kg） | 动力蓄电池总能量（kWh） | 备注,
原件/免征目录/mf_batch20.docx,374d3f87551d75d1c163e76abb38f350ea93f8a2b8cad6174568c307d1cc0130,word/document.xml:table_6:row_0,physical_table_first_row_or_explicit_header,序号 | 生产企业名称 | 车辆型号 | 产品名称 | 续驶里程（km） | 整车整备质量（kg） | 燃料电池系统额定功率(kW) | 驱动电机额定功率(kW) | 备注,
原件/免征目录/mf_batch20.docx,374d3f87551d75d1c163e76abb38f350ea93f8a2b8cad6174568c307d1cc0130,word/document.xml:table_7:row_0,physical_table_first_row_or_explicit_header,序号 | 生产企业名称 | 车辆型号 | 产品名称 | 续驶里程（km） | 整车整备质量（kg） | 燃料电池系统额定功率(kW) | 驱动电机额定功率(kW) | 备注,
原件/免征目录/mf_batch20.docx,374d3f87551d75d1c163e76abb38f350ea93f8a2b8cad6174568c307d1cc0130,word/document.xml:outside_table_paragraph_1,body_note_or_auxiliary_story,附件1,
原件/免征目录/mf_batch20.docx,374d3f87551d75d1c163e76abb38f350ea93f8a2b8cad6174568c307d1cc0130,word/document.xml:outside_table_paragraph_2,body_note_or_auxiliary_story,免征车辆购置税的新能源汽车车型目录（第二十批）,
原件/免征目录/mf_batch20.docx,374d3f87551d75d1c163e76abb38f350ea93f8a2b8cad6174568c307d1cc0130,word/document.xml:outside_table_paragraph_3,body_note_or_auxiliary_story,纯电动汽车,
原件/免征目录/mf_batch20.docx,374d3f87551d75d1c163e76abb38f350ea93f8a2b8cad6174568c307d1cc0130,word/document.xml:outside_table_paragraph_4,body_note_or_auxiliary_story,（一）乘用车,
原件/免征目录/mf_batch20.docx,374d3f87551d75d1c163e76abb38f350ea93f8a2b8cad6174568c307d1cc0130,word/document.xml:outside_table_paragraph_781,body_note_or_auxiliary_story,（二）客车,
原件/免征目录/mf_batch20.docx,374d3f87551d75d1c163e76abb38f350ea93f8a2b8cad6174568c307d1cc0130,word/document.xml:outside_table_paragraph_3332,body_note_or_auxiliary_story,（三）货车,
原件/免征目录/mf_batch20.docx,374d3f87551d75d1c163e76abb38f350ea93f8a2b8cad6174568c307d1cc0130,word/document.xml:outside_table_paragraph_3505,body_note_or_auxiliary_story,（四）专用车,
原件/免征目录/mf_batch20.docx,374d3f87551d75d1c163e76abb38f350ea93f8a2b8cad6174568c307d1cc0130,word/document.xml:outside_table_paragraph_5830,body_note_or_auxiliary_story,    二、插电式混合动力汽车,
原件/免征目录/mf_batch20.docx,374d3f87551d75d1c163e76abb38f350ea93f8a2b8cad6174568c307d1cc0130,word/document.xml:outside_table_paragraph_5831,body_note_or_auxiliary_story,（一）乘用车,
原件/免征目录/mf_batch20.docx,374d3f87551d75d1c163e76abb38f350ea93f8a2b8cad6174568c307d1cc0130,word/document.xml:outside_table_paragraph_5976,body_note_or_auxiliary_story,注：插电式混合动力汽车燃料消耗量仅包括传统燃料/不含电能折算。,
原件/免征目录/mf_batch20.docx,374d3f87551d75d1c163e76abb38f350ea93f8a2b8cad6174568c307d1cc0130,word/document.xml:outside_table_paragraph_5978,body_note_or_auxiliary_story,（二）客车,
原件/免征目录/mf_batch20.docx,374d3f87551d75d1c163e76abb38f350ea93f8a2b8cad6174568c307d1cc0130,word/document.xml:outside_table_paragraph_6190,body_note_or_auxiliary_story,注：插电式混合动力汽车燃料消耗量仅包括传统燃料/不含电能折算。,
原件/免征目录/mf_batch20.docx,374d3f87551d75d1c163e76abb38f350ea93f8a2b8cad6174568c307d1cc0130,word/document.xml:outside_table_paragraph_6191,body_note_or_auxiliary_story,三、燃料电池汽车,
原件/免征目录/mf_batch20.docx,374d3f87551d75d1c163e76abb38f350ea93f8a2b8cad6174568c307d1cc0130,word/document.xml:outside_table_paragraph_6193,body_note_or_auxiliary_story,客车,
原件/免征目录/mf_batch20.docx,374d3f87551d75d1c163e76abb38f350ea93f8a2b8cad6174568c307d1cc0130,word/document.xml:outside_table_paragraph_6276,body_note_or_auxiliary_story,专用车,
原件/免征目录/mf_batch20.docx,374d3f87551d75d1c163e76abb38f350ea93f8a2b8cad6174568c307d1cc0130,word/footer1.xml:outside_table_paragraph_1,body_note_or_auxiliary_story,2,
原件/免征目录/mf_batch21.docx,cd981cecffd781db646c194ab2c853b0466cc86eea0f616e95300b88932b8d9b,word/document.xml:table_0:row_0,physical_table_first_row_or_explicit_header,序号 | 生产企业名称 | 车辆型号 | 通用名称 | 纯电动续驶里程(km) | 整车整备质量(kg) | 动力蓄电池组总质量(kg) | 动力蓄电池组总能量（kWh） | 备注,
原件/免征目录/mf_batch21.docx,cd981cecffd781db646c194ab2c853b0466cc86eea0f616e95300b88932b8d9b,word/document.xml:table_1:row_0,physical_table_first_row_or_explicit_header,序号 | 生产企业名称 | 车辆型号 | 产品名称 | 纯电动续驶里程(km) | 整车整备质量(kg) | 动力蓄电池组总质量(kg) | 动力蓄电池组总能量（kWh） | 备注,
原件/免征目录/mf_batch21.docx,cd981cecffd781db646c194ab2c853b0466cc86eea0f616e95300b88932b8d9b,word/document.xml:table_2:row_0,physical_table_first_row_or_explicit_header,序号 | 生产企业名称 | 车辆型号 | 产品名称 | 纯电动续驶里程(km) | 整车整备质量(kg) | 动力蓄电池组总质量(kg) | 动力蓄电池组总能量（kWh） | 备注,
原件/免征目录/mf_batch21.docx,cd981cecffd781db646c194ab2c853b0466cc86eea0f616e95300b88932b8d9b,word/document.xml:table_3:row_0,physical_table_first_row_or_explicit_header,序号 | 生产企业名称 | 车辆型号 | 产品名称 | 纯电动续驶里程(km) | 整车整备质量(kg) | 动力蓄电池组总质量(kg) | 动力蓄电池组总能量（kWh） | 备注,
原件/免征目录/mf_batch21.docx,cd981cecffd781db646c194ab2c853b0466cc86eea0f616e95300b88932b8d9b,word/document.xml:table_4:row_0,physical_table_first_row_or_explicit_header,序号 | 汽车生产企业名称 | 车辆型号 | 通用名称 | 纯电动续驶里程（km） | 燃料消耗量(L/100km) | 发动机排量(mL) | 整车整备质量(kg) | 动力蓄电池总质量（kg） | 动力蓄电池总能量（kWh） | 备注,
原件/免征目录/mf_batch21.docx,cd981cecffd781db646c194ab2c853b0466cc86eea0f616e95300b88932b8d9b,word/document.xml:table_5:row_0,physical_table_first_row_or_explicit_header,序号 | 汽车生产企业名称 | 车辆型号 | 产品名称 | 纯电动续驶里程（km） | 燃料消耗量(L/100km) | 发动机排量(mL) | 整车整备质量(kg) | 动力蓄电池总质量（kg） | 动力蓄电池总能量（kWh） | 备注,
原件/免征目录/mf_batch21.docx,cd981cecffd781db646c194ab2c853b0466cc86eea0f616e95300b88932b8d9b,word/document.xml:table_6:row_0,physical_table_first_row_or_explicit_header,序号 | 汽车生产企业名称 | 车辆型号 | 产品名称 | 续驶里程（km） | 整车整备质量（kg） | 燃料电池系统额定功率(kW) | 驱动电机额定功率(kW) | 备注,
原件/免征目录/mf_batch21.docx,cd981cecffd781db646c194ab2c853b0466cc86eea0f616e95300b88932b8d9b,word/document.xml:table_7:row_0,physical_table_first_row_or_explicit_header,序号 | 汽车生产企业名称 | 车辆型号 | 产品名称 | 续驶里程（km） | 整车整备质量（kg） | 燃料电池系统额定功率(kW) | 驱动电机额定功率(kW) | 备注,
原件/免征目录/mf_batch21.docx,cd981cecffd781db646c194ab2c853b0466cc86eea0f616e95300b88932b8d9b,word/document.xml:table_8:row_0,physical_table_first_row_or_explicit_header,序号 | 车辆型号 | 产品名称 | 错误内容 | 正确内容,
原件/免征目录/mf_batch21.docx,cd981cecffd781db646c194ab2c853b0466cc86eea0f616e95300b88932b8d9b,word/document.xml:outside_table_paragraph_1,body_note_or_auxiliary_story,附件1,
原件/免征目录/mf_batch21.docx,cd981cecffd781db646c194ab2c853b0466cc86eea0f616e95300b88932b8d9b,word/document.xml:outside_table_paragraph_2,body_note_or_auxiliary_story,免征车辆购置税的新能源汽车车型目录（第二十一批）,
原件/免征目录/mf_batch21.docx,cd981cecffd781db646c194ab2c853b0466cc86eea0f616e95300b88932b8d9b,word/document.xml:outside_table_paragraph_3,body_note_or_auxiliary_story,纯电动汽车,
原件/免征目录/mf_batch21.docx,cd981cecffd781db646c194ab2c853b0466cc86eea0f616e95300b88932b8d9b,word/document.xml:outside_table_paragraph_4,body_note_or_auxiliary_story,（一）乘用车,
原件/免征目录/mf_batch21.docx,cd981cecffd781db646c194ab2c853b0466cc86eea0f616e95300b88932b8d9b,word/document.xml:outside_table_paragraph_303,body_note_or_auxiliary_story,（二）客车,
原件/免征目录/mf_batch21.docx,cd981cecffd781db646c194ab2c853b0466cc86eea0f616e95300b88932b8d9b,word/document.xml:outside_table_paragraph_1358,body_note_or_auxiliary_story,（三）货车,
原件/免征目录/mf_batch21.docx,cd981cecffd781db646c194ab2c853b0466cc86eea0f616e95300b88932b8d9b,word/document.xml:outside_table_paragraph_1451,body_note_or_auxiliary_story,（四）专用车,
原件/免征目录/mf_batch21.docx,cd981cecffd781db646c194ab2c853b0466cc86eea0f616e95300b88932b8d9b,word/document.xml:outside_table_paragraph_2344,body_note_or_auxiliary_story,    二、插电式混合动力汽车,
原件/免征目录/mf_batch21.docx,cd981cecffd781db646c194ab2c853b0466cc86eea0f616e95300b88932b8d9b,word/document.xml:outside_table_paragraph_2345,body_note_or_auxiliary_story,（一）乘用车,
原件/免征目录/mf_batch21.docx,cd981cecffd781db646c194ab2c853b0466cc86eea0f616e95300b88932b8d9b,word/document.xml:outside_table_paragraph_2489,body_note_or_auxiliary_story,注：插电式混合动力汽车燃料消耗量仅包括传统燃料/不含电能折算。,
原件/免征目录/mf_batch21.docx,cd981cecffd781db646c194ab2c853b0466cc86eea0f616e95300b88932b8d9b,word/document.xml:outside_table_paragraph_2491,body_note_or_auxiliary_story,（二）客车,
原件/免征目录/mf_batch21.docx,cd981cecffd781db646c194ab2c853b0466cc86eea0f616e95300b88932b8d9b,word/document.xml:outside_table_paragraph_2690,body_note_or_auxiliary_story,注：插电式混合动力汽车燃料消耗量仅包括传统燃料/不含电能折算。,
原件/免征目录/mf_batch21.docx,cd981cecffd781db646c194ab2c853b0466cc86eea0f616e95300b88932b8d9b,word/document.xml:outside_table_paragraph_2691,body_note_or_auxiliary_story,三、燃料电池汽车,
原件/免征目录/mf_batch21.docx,cd981cecffd781db646c194ab2c853b0466cc86eea0f616e95300b88932b8d9b,word/document.xml:outside_table_paragraph_2693,body_note_or_auxiliary_story,客车,
原件/免征目录/mf_batch21.docx,cd981cecffd781db646c194ab2c853b0466cc86eea0f616e95300b88932b8d9b,word/document.xml:outside_table_paragraph_2777,body_note_or_auxiliary_story,专用车,
原件/免征目录/mf_batch21.docx,cd981cecffd781db646c194ab2c853b0466cc86eea0f616e95300b88932b8d9b,word/document.xml:outside_table_paragraph_2808,body_note_or_auxiliary_story,勘误,
原件/免征目录/mf_batch21.docx,cd981cecffd781db646c194ab2c853b0466cc86eea0f616e95300b88932b8d9b,word/document.xml:outside_table_paragraph_2809,body_note_or_auxiliary_story,《免征车辆购置税的新能源汽车车型目录》（第十八批）中，纯电动汽车（客车）部分，下表所列车型的汽车生产企业名称发布错误，正确的应为“厦门金龙联合汽车工业有限公司”。   ,
原件/免征目录/mf_batch21.docx,cd981cecffd781db646c194ab2c853b0466cc86eea0f616e95300b88932b8d9b,word/footer1.xml:outside_table_paragraph_1,body_note_or_auxiliary_story,1,
原件/免征目录/mf_batch22.doc,eaf3fc1e64742af85b3d4bc90388d0a93154a497fd6c1fb9bf73b857672e1212,word/document.xml:table_0:row_0,physical_table_first_row_or_explicit_header,序号 | 生产企业名称 | 车辆型号 | 通用名称 | 纯电动续驶里程(km) | 整车整备质量(kg) | 动力蓄电池组总质量(kg) | 动力蓄电池组总能量（kWh） | 备注,
原件/免征目录/mf_batch22.doc,eaf3fc1e64742af85b3d4bc90388d0a93154a497fd6c1fb9bf73b857672e1212,word/document.xml:table_1:row_0,physical_table_first_row_or_explicit_header,序号 | 生产企业名称 | 车辆型号 | 产品名称 | 纯电动续驶里程(km) | 整车整备质量(kg) | 动力蓄电池组总质量(kg) | 动力蓄电池组总能量（kWh） | 备注,
原件/免征目录/mf_batch22.doc,eaf3fc1e64742af85b3d4bc90388d0a93154a497fd6c1fb9bf73b857672e1212,word/document.xml:table_2:row_0,physical_table_first_row_or_explicit_header,序号 | 生产企业名称 | 车辆型号 | 产品名称 | 纯电动续驶里程(km) | 整车整备质量(kg) | 动力蓄电池组总质量(kg) | 动力蓄电池组总能量（kWh） | 备注,
原件/免征目录/mf_batch22.doc,eaf3fc1e64742af85b3d4bc90388d0a93154a497fd6c1fb9bf73b857672e1212,word/document.xml:table_3:row_0,physical_table_first_row_or_explicit_header,序号 | 生产企业名称 | 车辆型号 | 产品名称 | 纯电动续驶里程(km) | 整车整备质量(kg) | 动力蓄电池组总质量(kg) | 动力蓄电池组总能量（kWh） | 备注,
原件/免征目录/mf_batch22.doc,eaf3fc1e64742af85b3d4bc90388d0a93154a497fd6c1fb9bf73b857672e1212,word/document.xml:table_4:row_0,physical_table_first_row_or_explicit_header,序号 | 生产企业名称 | 车辆型号 | 通用名称 | 纯电动续驶里程（km） | 燃料消耗量(L/100km) | 发动机排量(mL) | 整车整备质量(kg) | 动力蓄电池总质量（kg） | 动力蓄电池总能量（kWh） | 备注,
原件/免征目录/mf_batch22.doc,eaf3fc1e64742af85b3d4bc90388d0a93154a497fd6c1fb9bf73b857672e1212,word/document.xml:table_5:row_0,physical_table_first_row_or_explicit_header,序号 | 生产企业名称 | 车辆型号 | 产品名称 | 纯电动续驶里程（km） | 燃料消耗量(L/100km) | 发动机排量(mL) | 整车整备质量(kg) | 动力蓄电池总质量（kg） | 动力蓄电池总能量（kWh） | 备注,
原件/免征目录/mf_batch22.doc,eaf3fc1e64742af85b3d4bc90388d0a93154a497fd6c1fb9bf73b857672e1212,word/document.xml:table_6:row_0,physical_table_first_row_or_explicit_header,序号 | 生产企业名称 | 车辆型号 | 产品名称 | 纯电动续驶里程（km） | 燃料消耗量(L/100km) | 发动机排量(mL) | 整车整备质量(kg) | 动力蓄电池总质量（kg） | 动力蓄电池总能量（kWh） | 备注,
原件/免征目录/mf_batch22.doc,eaf3fc1e64742af85b3d4bc90388d0a93154a497fd6c1fb9bf73b857672e1212,word/document.xml:table_7:row_0,physical_table_first_row_or_explicit_header,序号 | 生产企业名称 | 车辆型号 | 产品名称 | 续驶里程（km） | 整车整备质量（kg） | 燃料电池系统额定功率(kW) | 驱动电机额定功率(kW) | 备注,
原件/免征目录/mf_batch22.doc,eaf3fc1e64742af85b3d4bc90388d0a93154a497fd6c1fb9bf73b857672e1212,word/document.xml:table_8:row_0,physical_table_first_row_or_explicit_header,序号 | 生产企业名称 | 车辆型号 | 产品名称 | 续驶里程（km） | 整车整备质量（kg） | 燃料电池系统额定功率(kW) | 驱动电机额定功率(kW) | 备注,
原件/免征目录/mf_batch22.doc,eaf3fc1e64742af85b3d4bc90388d0a93154a497fd6c1fb9bf73b857672e1212,word/document.xml:outside_table_paragraph_1,body_note_or_auxiliary_story,附件1,
原件/免征目录/mf_batch22.doc,eaf3fc1e64742af85b3d4bc90388d0a93154a497fd6c1fb9bf73b857672e1212,word/document.xml:outside_table_paragraph_2,body_note_or_auxiliary_story,免征车辆购置税的新能源汽车车型目录（第二十二批）,
原件/免征目录/mf_batch22.doc,eaf3fc1e64742af85b3d4bc90388d0a93154a497fd6c1fb9bf73b857672e1212,word/document.xml:outside_table_paragraph_3,body_note_or_auxiliary_story,纯电动汽车,
原件/免征目录/mf_batch22.doc,eaf3fc1e64742af85b3d4bc90388d0a93154a497fd6c1fb9bf73b857672e1212,word/document.xml:outside_table_paragraph_4,body_note_or_auxiliary_story,（一）乘用车,
原件/免征目录/mf_batch22.doc,eaf3fc1e64742af85b3d4bc90388d0a93154a497fd6c1fb9bf73b857672e1212,word/document.xml:outside_table_paragraph_575,body_note_or_auxiliary_story,（二）客车,
原件/免征目录/mf_batch22.doc,eaf3fc1e64742af85b3d4bc90388d0a93154a497fd6c1fb9bf73b857672e1212,word/document.xml:outside_table_paragraph_1298,body_note_or_auxiliary_story,（三）货车,
原件/免征目录/mf_batch22.doc,eaf3fc1e64742af85b3d4bc90388d0a93154a497fd6c1fb9bf73b857672e1212,word/document.xml:outside_table_paragraph_1372,body_note_or_auxiliary_story,（四）专用车,
原件/免征目录/mf_batch22.doc,eaf3fc1e64742af85b3d4bc90388d0a93154a497fd6c1fb9bf73b857672e1212,word/document.xml:outside_table_paragraph_2103,body_note_or_auxiliary_story,    二、插电式混合动力汽车,
原件/免征目录/mf_batch22.doc,eaf3fc1e64742af85b3d4bc90388d0a93154a497fd6c1fb9bf73b857672e1212,word/document.xml:outside_table_paragraph_2104,body_note_or_auxiliary_story,（一）乘用车,
原件/免征目录/mf_batch22.doc,eaf3fc1e64742af85b3d4bc90388d0a93154a497fd6c1fb9bf73b857672e1212,word/document.xml:outside_table_paragraph_2380,body_note_or_auxiliary_story,注：插电式混合动力汽车燃料消耗量仅包括传统燃料/不含电能折算。,
原件/免征目录/mf_batch22.doc,eaf3fc1e64742af85b3d4bc90388d0a93154a497fd6c1fb9bf73b857672e1212,word/document.xml:outside_table_paragraph_2382,body_note_or_auxiliary_story,客车,
原件/免征目录/mf_batch22.doc,eaf3fc1e64742af85b3d4bc90388d0a93154a497fd6c1fb9bf73b857672e1212,word/document.xml:outside_table_paragraph_2460,body_note_or_auxiliary_story,注：插电式混合动力汽车燃料消耗量仅包括传统燃料/不含电能折算。,
原件/免征目录/mf_batch22.doc,eaf3fc1e64742af85b3d4bc90388d0a93154a497fd6c1fb9bf73b857672e1212,word/document.xml:outside_table_paragraph_2462,body_note_or_auxiliary_story,专用车,
原件/免征目录/mf_batch22.doc,eaf3fc1e64742af85b3d4bc90388d0a93154a497fd6c1fb9bf73b857672e1212,word/document.xml:outside_table_paragraph_2496,body_note_or_auxiliary_story,注：插电式混合动力汽车燃料消耗量仅包括传统燃料/不含电能折算。,
原件/免征目录/mf_batch22.doc,eaf3fc1e64742af85b3d4bc90388d0a93154a497fd6c1fb9bf73b857672e1212,word/document.xml:outside_table_paragraph_2498,body_note_or_auxiliary_story,三、燃料电池汽车,
原件/免征目录/mf_batch22.doc,eaf3fc1e64742af85b3d4bc90388d0a93154a497fd6c1fb9bf73b857672e1212,word/document.xml:outside_table_paragraph_2500,body_note_or_auxiliary_story,客车,
原件/免征目录/mf_batch22.doc,eaf3fc1e64742af85b3d4bc90388d0a93154a497fd6c1fb9bf73b857672e1212,word/document.xml:outside_table_paragraph_2610,body_note_or_auxiliary_story,专用车,
原件/免征目录/mf_batch22.doc,eaf3fc1e64742af85b3d4bc90388d0a93154a497fd6c1fb9bf73b857672e1212,word/footer1.xml:outside_table_paragraph_1,body_note_or_auxiliary_story,18,
原件/免征目录/mf_batch23.docx,87f838de0da3ba5887f77b2bf5c1dbf5b427e7cef896309a7084c11dd8f5efa0,word/document.xml:table_0:row_0,physical_table_first_row_or_explicit_header,序号 | 生产企业名称 | 车辆型号 | 通用名称 | 纯电动续驶里程(km) | 整车整备质量(kg) | 动力蓄电池组总质量(kg) | 动力蓄电池组总能量（kWh） | 备注,
原件/免征目录/mf_batch23.docx,87f838de0da3ba5887f77b2bf5c1dbf5b427e7cef896309a7084c11dd8f5efa0,word/document.xml:table_1:row_0,physical_table_first_row_or_explicit_header,序号 | 生产企业名称 | 车辆型号 | 产品名称 | 纯电动续驶里程(km) | 整车整备质量(kg) | 动力蓄电池组总质量(kg) | 动力蓄电池组总能量（kWh） | 备注,
原件/免征目录/mf_batch23.docx,87f838de0da3ba5887f77b2bf5c1dbf5b427e7cef896309a7084c11dd8f5efa0,word/document.xml:table_2:row_0,physical_table_first_row_or_explicit_header,序号 | 生产企业名称 | 车辆型号 | 产品名称 | 纯电动续驶里程(km) | 整车整备质量(kg) | 动力蓄电池组总质量(kg) | 动力蓄电池组总能量（kWh） | 备注,
原件/免征目录/mf_batch23.docx,87f838de0da3ba5887f77b2bf5c1dbf5b427e7cef896309a7084c11dd8f5efa0,word/document.xml:table_3:row_0,physical_table_first_row_or_explicit_header,序号 | 生产企业名称 | 车辆型号 | 产品名称 | 纯电动续驶里程(km) | 整车整备质量(kg) | 动力蓄电池组总质量(kg) | 动力蓄电池组总能量（kWh） | 备注,
原件/免征目录/mf_batch23.docx,87f838de0da3ba5887f77b2bf5c1dbf5b427e7cef896309a7084c11dd8f5efa0,word/document.xml:table_4:row_0,physical_table_first_row_or_explicit_header,序号 | 生产企业名称 | 车辆型号 | 通用名称 | 纯电动续驶里程（km） | 燃料消耗量(L/100km) | 发动机排量(mL) | 整车整备质量(kg) | 动力蓄电池总质量（kg） | 动力蓄电池总能量（kWh） | 备注,
原件/免征目录/mf_batch23.docx,87f838de0da3ba5887f77b2bf5c1dbf5b427e7cef896309a7084c11dd8f5efa0,word/document.xml:table_5:row_0,physical_table_first_row_or_explicit_header,序号 | 生产企业名称 | 车辆型号 | 产品名称 | 纯电动续驶里程（km） | 燃料消耗量(L/100km) | 发动机排量(mL) | 整车整备质量(kg) | 动力蓄电池总质量（kg） | 动力蓄电池总能量（kWh） | 备注,
原件/免征目录/mf_batch23.docx,87f838de0da3ba5887f77b2bf5c1dbf5b427e7cef896309a7084c11dd8f5efa0,word/document.xml:table_6:row_0,physical_table_first_row_or_explicit_header,序号 | 生产企业名称 | 车辆型号 | 产品名称 | 续驶里程（km） | 整车整备质量（kg） | 燃料电池系统额定功率(kW) | 驱动电机额定功率(kW) | 备注,
原件/免征目录/mf_batch23.docx,87f838de0da3ba5887f77b2bf5c1dbf5b427e7cef896309a7084c11dd8f5efa0,word/document.xml:table_7:row_0,physical_table_first_row_or_explicit_header,序号 | 生产企业名称 | 车辆型号 | 产品名称 | 续驶里程（km） | 整车整备质量（kg） | 燃料电池系统额定功率(kW) | 驱动电机额定功率(kW) | 备注,
原件/免征目录/mf_batch23.docx,87f838de0da3ba5887f77b2bf5c1dbf5b427e7cef896309a7084c11dd8f5efa0,word/document.xml:outside_table_paragraph_1,body_note_or_auxiliary_story,附件1,
原件/免征目录/mf_batch23.docx,87f838de0da3ba5887f77b2bf5c1dbf5b427e7cef896309a7084c11dd8f5efa0,word/document.xml:outside_table_paragraph_2,body_note_or_auxiliary_story,免征车辆购置税的新能源汽车车型目录（第二十三批）,
原件/免征目录/mf_batch23.docx,87f838de0da3ba5887f77b2bf5c1dbf5b427e7cef896309a7084c11dd8f5efa0,word/document.xml:outside_table_paragraph_3,body_note_or_auxiliary_story,纯电动汽车,
原件/免征目录/mf_batch23.docx,87f838de0da3ba5887f77b2bf5c1dbf5b427e7cef896309a7084c11dd8f5efa0,word/document.xml:outside_table_paragraph_4,body_note_or_auxiliary_story,乘用车,
原件/免征目录/mf_batch23.docx,87f838de0da3ba5887f77b2bf5c1dbf5b427e7cef896309a7084c11dd8f5efa0,word/document.xml:outside_table_paragraph_628,body_note_or_auxiliary_story,（二）客车,
原件/免征目录/mf_batch23.docx,87f838de0da3ba5887f77b2bf5c1dbf5b427e7cef896309a7084c11dd8f5efa0,word/document.xml:outside_table_paragraph_1224,body_note_or_auxiliary_story,（三）货车,
原件/免征目录/mf_batch23.docx,87f838de0da3ba5887f77b2bf5c1dbf5b427e7cef896309a7084c11dd8f5efa0,word/document.xml:outside_table_paragraph_1262,body_note_or_auxiliary_story,（四）专用车,
原件/免征目录/mf_batch23.docx,87f838de0da3ba5887f77b2bf5c1dbf5b427e7cef896309a7084c11dd8f5efa0,word/document.xml:outside_table_paragraph_1687,body_note_or_auxiliary_story,   二、插电式混合动力汽车,
原件/免征目录/mf_batch23.docx,87f838de0da3ba5887f77b2bf5c1dbf5b427e7cef896309a7084c11dd8f5efa0,word/document.xml:outside_table_paragraph_1688,body_note_or_auxiliary_story,（一）乘用车,
原件/免征目录/mf_batch23.docx,87f838de0da3ba5887f77b2bf5c1dbf5b427e7cef896309a7084c11dd8f5efa0,word/document.xml:outside_table_paragraph_1865,body_note_or_auxiliary_story,注：插电式混合动力汽车燃料消耗量仅包括传统燃料/不含电能折算。,
原件/免征目录/mf_batch23.docx,87f838de0da3ba5887f77b2bf5c1dbf5b427e7cef896309a7084c11dd8f5efa0,word/document.xml:outside_table_paragraph_1868,body_note_or_auxiliary_story,客车,
原件/免征目录/mf_batch23.docx,87f838de0da3ba5887f77b2bf5c1dbf5b427e7cef896309a7084c11dd8f5efa0,word/document.xml:outside_table_paragraph_1902,body_note_or_auxiliary_story,注：插电式混合动力汽车燃料消耗量仅包括传统燃料/不含电能折算。,
原件/免征目录/mf_batch23.docx,87f838de0da3ba5887f77b2bf5c1dbf5b427e7cef896309a7084c11dd8f5efa0,word/document.xml:outside_table_paragraph_1904,body_note_or_auxiliary_story,三、燃料电池汽车,
原件/免征目录/mf_batch23.docx,87f838de0da3ba5887f77b2bf5c1dbf5b427e7cef896309a7084c11dd8f5efa0,word/document.xml:outside_table_paragraph_1906,body_note_or_auxiliary_story,（一）客车,
原件/免征目录/mf_batch23.docx,87f838de0da3ba5887f77b2bf5c1dbf5b427e7cef896309a7084c11dd8f5efa0,word/document.xml:outside_table_paragraph_1926,body_note_or_auxiliary_story,（二）专用车,
原件/免征目录/mf_batch23.docx,87f838de0da3ba5887f77b2bf5c1dbf5b427e7cef896309a7084c11dd8f5efa0,word/footer1.xml:outside_table_paragraph_1,body_note_or_auxiliary_story,11,
原件/免征目录/mf_batch24.wps,07775a0cb063fe0fce5880b9378dd1eb2522b725d645cabdee314d604779939d,word/document.xml:table_0:row_0,physical_table_first_row_or_explicit_header,序号 | 生产企业名称 | 车辆型号 | 通用名称 | 纯电动续驶里程(km) | 整车整备质量(kg) | 动力蓄电池组总质量(kg) | 动力蓄电池组总能量（kWh） | 备注,
原件/免征目录/mf_batch24.wps,07775a0cb063fe0fce5880b9378dd1eb2522b725d645cabdee314d604779939d,word/document.xml:table_0:row_18,physical_table_first_row_or_explicit_header,序号 | 生产企业名称 | 车辆型号 | 通用名称 | 纯电动续驶里程(km) | 整车整备质量(kg) | 动力蓄电池组总质量(kg) | 动力蓄电池组总能量（kWh） | 备注,
原件/免征目录/mf_batch24.wps,07775a0cb063fe0fce5880b9378dd1eb2522b725d645cabdee314d604779939d,word/document.xml:table_0:row_39,physical_table_first_row_or_explicit_header,序号 | 生产企业名称 | 车辆型号 | 通用名称 | 纯电动续驶里程(km) | 整车整备质量(kg) | 动力蓄电池组总质量(kg) | 动力蓄电池组总能量（kWh） | 备注,
原件/免征目录/mf_batch24.wps,07775a0cb063fe0fce5880b9378dd1eb2522b725d645cabdee314d604779939d,word/document.xml:table_0:row_60,physical_table_first_row_or_explicit_header,序号 | 生产企业名称 | 车辆型号 | 通用名称 | 纯电动续驶里程(km) | 整车整备质量(kg) | 动力蓄电池组总质量(kg) | 动力蓄电池组总能量（kWh） | 备注,
原件/免征目录/mf_batch24.wps,07775a0cb063fe0fce5880b9378dd1eb2522b725d645cabdee314d604779939d,word/document.xml:table_0:row_81,physical_table_first_row_or_explicit_header,序号 | 生产企业名称 | 车辆型号 | 通用名称 | 纯电动续驶里程(km) | 整车整备质量(kg) | 动力蓄电池组总质量(kg) | 动力蓄电池组总能量（kWh） | 备注,
原件/免征目录/mf_batch24.wps,07775a0cb063fe0fce5880b9378dd1eb2522b725d645cabdee314d604779939d,word/document.xml:table_1:row_0,physical_table_first_row_or_explicit_header,序号 | 生产企业名称 | 车辆型号 | 产品名称 | 纯电动续驶里程(km) | 整车整备质量(kg) | 动力蓄电池组总质量(kg) | 动力蓄电池组总能量（kWh） | 备注,
原件/免征目录/mf_batch24.wps,07775a0cb063fe0fce5880b9378dd1eb2522b725d645cabdee314d604779939d,word/document.xml:table_1:row_18,physical_table_first_row_or_explicit_header,序号 | 生产企业名称 | 车辆型号 | 产品名称 | 纯电动续驶里程(km) | 整车整备质量(kg) | 动力蓄电池组总质量(kg) | 动力蓄电池组总能量（kWh） | 备注,
原件/免征目录/mf_batch24.wps,07775a0cb063fe0fce5880b9378dd1eb2522b725d645cabdee314d604779939d,word/document.xml:table_1:row_37,physical_table_first_row_or_explicit_header,序号 | 生产企业名称 | 车辆型号 | 产品名称 | 纯电动续驶里程(km) | 整车整备质量(kg) | 动力蓄电池组总质量(kg) | 动力蓄电池组总能量（kWh） | 备注,
原件/免征目录/mf_batch24.wps,07775a0cb063fe0fce5880b9378dd1eb2522b725d645cabdee314d604779939d,word/document.xml:table_1:row_56,physical_table_first_row_or_explicit_header,序号 | 生产企业名称 | 车辆型号 | 产品名称 | 纯电动续驶里程(km) | 整车整备质量(kg) | 动力蓄电池组总质量(kg) | 动力蓄电池组总能量（kWh） | 备注,
原件/免征目录/mf_batch24.wps,07775a0cb063fe0fce5880b9378dd1eb2522b725d645cabdee314d604779939d,word/document.xml:table_1:row_75,physical_table_first_row_or_explicit_header,序号 | 生产企业名称 | 车辆型号 | 产品名称 | 纯电动续驶里程(km) | 整车整备质量(kg) | 动力蓄电池组总质量(kg) | 动力蓄电池组总能量（kWh） | 备注,
原件/免征目录/mf_batch24.wps,07775a0cb063fe0fce5880b9378dd1eb2522b725d645cabdee314d604779939d,word/document.xml:table_1:row_93,physical_table_first_row_or_explicit_header,序号 | 生产企业名称 | 车辆型号 | 产品名称 | 纯电动续驶里程(km) | 整车整备质量(kg) | 动力蓄电池组总质量(kg) | 动力蓄电池组总能量（kWh） | 备注,
原件/免征目录/mf_batch24.wps,07775a0cb063fe0fce5880b9378dd1eb2522b725d645cabdee314d604779939d,word/document.xml:table_2:row_0,physical_table_first_row_or_explicit_header,序号 | 生产企业名称 | 车辆型号 | 产品名称 | 纯电动续驶里程(km) | 整车整备质量(kg) | 动力蓄电池组总质量(kg) | 动力蓄电池组总能量（kWh） | 备注,
原件/免征目录/mf_batch24.wps,07775a0cb063fe0fce5880b9378dd1eb2522b725d645cabdee314d604779939d,word/document.xml:table_3:row_0,physical_table_first_row_or_explicit_header,序号 | 生产企业名称 | 车辆型号 | 产品名称 | 纯电动续驶里程(km) | 整车整备质量(kg) | 动力蓄电池组总质量(kg) | 动力蓄电池组总能量（kWh） | 备注,
原件/免征目录/mf_batch24.wps,07775a0cb063fe0fce5880b9378dd1eb2522b725d645cabdee314d604779939d,word/document.xml:table_3:row_18,physical_table_first_row_or_explicit_header,序号 | 生产企业名称 | 车辆型号 | 产品名称 | 纯电动续驶里程(km) | 整车整备质量(kg) | 动力蓄电池组总质量(kg) | 动力蓄电池组总能量（kWh） | 备注,
原件/免征目录/mf_batch24.wps,07775a0cb063fe0fce5880b9378dd1eb2522b725d645cabdee314d604779939d,word/document.xml:table_3:row_37,physical_table_first_row_or_explicit_header,序号 | 生产企业名称 | 车辆型号 | 产品名称 | 纯电动续驶里程(km) | 整车整备质量(kg) | 动力蓄电池组总质量(kg) | 动力蓄电池组总能量（kWh） | 备注,
原件/免征目录/mf_batch24.wps,07775a0cb063fe0fce5880b9378dd1eb2522b725d645cabdee314d604779939d,word/document.xml:table_3:row_56,physical_table_first_row_or_explicit_header,序号 | 生产企业名称 | 车辆型号 | 产品名称 | 纯电动续驶里程(km) | 整车整备质量(kg) | 动力蓄电池组总质量(kg) | 动力蓄电池组总能量（kWh） | 备注,
原件/免征目录/mf_batch24.wps,07775a0cb063fe0fce5880b9378dd1eb2522b725d645cabdee314d604779939d,word/document.xml:table_3:row_75,physical_table_first_row_or_explicit_header,序号 | 生产企业名称 | 车辆型号 | 产品名称 | 纯电动续驶里程(km) | 整车整备质量(kg) | 动力蓄电池组总质量(kg) | 动力蓄电池组总能量（kWh） | 备注,
原件/免征目录/mf_batch24.wps,07775a0cb063fe0fce5880b9378dd1eb2522b725d645cabdee314d604779939d,word/document.xml:table_4:row_0,physical_table_first_row_or_explicit_header,序号 | 生产企业名称 | 车辆型号 | 通用名称 | 纯电动续驶里程（km） | 燃料消耗量(L/100km) | 发动机排量(mL) | 整车整备质量(kg) | 动力蓄电池总质量（kg） | 动力蓄电池总能量（kWh） | 备注,
原件/免征目录/mf_batch24.wps,07775a0cb063fe0fce5880b9378dd1eb2522b725d645cabdee314d604779939d,word/document.xml:table_5:row_0,physical_table_first_row_or_explicit_header,序号 | 生产企业名称 | 车辆型号 | 产品名称 | 纯电动续驶里程（km） | 燃料消耗量(L/100km) | 发动机排量(mL) | 整车整备质量(kg) | 动力蓄电池总质量（kg） | 动力蓄电池总能量（kWh） | 备注,
原件/免征目录/mf_batch24.wps,07775a0cb063fe0fce5880b9378dd1eb2522b725d645cabdee314d604779939d,word/document.xml:table_6:row_0,physical_table_first_row_or_explicit_header,序号 | 生产企业名称 | 车辆型号 | 产品名称 | 纯电动续驶里程（km） | 燃料消耗量(L/100km) | 发动机排量(mL) | 整车整备质量(kg) | 动力蓄电池总质量（kg） | 动力蓄电池总能量（kWh） | 备注,
原件/免征目录/mf_batch24.wps,07775a0cb063fe0fce5880b9378dd1eb2522b725d645cabdee314d604779939d,word/document.xml:table_7:row_0,physical_table_first_row_or_explicit_header,序号 | 生产企业名称 | 车辆型号 | 产品名称 | 续驶里程（km） | 整车整备质量（kg） | 燃料电池系统额定功率(kW) | 驱动电机额定功率(kW) | 备注,
原件/免征目录/mf_batch24.wps,07775a0cb063fe0fce5880b9378dd1eb2522b725d645cabdee314d604779939d,word/document.xml:table_8:row_0,physical_table_first_row_or_explicit_header,序号 | 生产企业名称 | 车辆型号 | 产品名称 | 续驶里程（km） | 整车整备质量（kg） | 燃料电池系统额定功率(kW) | 驱动电机额定功率(kW) | 备注,
原件/免征目录/mf_batch24.wps,07775a0cb063fe0fce5880b9378dd1eb2522b725d645cabdee314d604779939d,word/document.xml:outside_table_paragraph_1,body_note_or_auxiliary_story,附件1:,
原件/免征目录/mf_batch24.wps,07775a0cb063fe0fce5880b9378dd1eb2522b725d645cabdee314d604779939d,word/document.xml:outside_table_paragraph_2,body_note_or_auxiliary_story,免征车辆购置税的新能源汽车车型目录（第二十四批）,
原件/免征目录/mf_batch24.wps,07775a0cb063fe0fce5880b9378dd1eb2522b725d645cabdee314d604779939d,word/document.xml:outside_table_paragraph_3,body_note_or_auxiliary_story,一、纯电动汽车,
原件/免征目录/mf_batch24.wps,07775a0cb063fe0fce5880b9378dd1eb2522b725d645cabdee314d604779939d,word/document.xml:outside_table_paragraph_4,body_note_or_auxiliary_story,乘用车,
原件/免征目录/mf_batch24.wps,07775a0cb063fe0fce5880b9378dd1eb2522b725d645cabdee314d604779939d,word/document.xml:outside_table_paragraph_906,body_note_or_auxiliary_story,（二）客车,
原件/免征目录/mf_batch24.wps,07775a0cb063fe0fce5880b9378dd1eb2522b725d645cabdee314d604779939d,word/document.xml:outside_table_paragraph_1906,body_note_or_auxiliary_story,（三）货车,
原件/免征目录/mf_batch24.wps,07775a0cb063fe0fce5880b9378dd1eb2522b725d645cabdee314d604779939d,word/document.xml:outside_table_paragraph_2034,body_note_or_auxiliary_story,（四）专用车,
原件/免征目录/mf_batch24.wps,07775a0cb063fe0fce5880b9378dd1eb2522b725d645cabdee314d604779939d,word/document.xml:outside_table_paragraph_2846,body_note_or_auxiliary_story,勘误：《免征车辆购置税的新能源汽车车型目录》（第二十批）专用车部分第221项YTK5040XXYEV14纯电动厢式运输车的企业名称应为“烟台舒驰客车有限责任公司”。,
原件/免征目录/mf_batch24.wps,07775a0cb063fe0fce5880b9378dd1eb2522b725d645cabdee314d604779939d,word/document.xml:outside_table_paragraph_2849,body_note_or_auxiliary_story,二、插电式混合动力汽车,
原件/免征目录/mf_batch24.wps,07775a0cb063fe0fce5880b9378dd1eb2522b725d645cabdee314d604779939d,word/document.xml:outside_table_paragraph_2850,body_note_or_auxiliary_story,（一）乘用车,
原件/免征目录/mf_batch24.wps,07775a0cb063fe0fce5880b9378dd1eb2522b725d645cabdee314d604779939d,word/document.xml:outside_table_paragraph_3017,body_note_or_auxiliary_story,注：插电式混合动力汽车燃料消耗量仅包括传统燃料/不含电能折算。,
原件/免征目录/mf_batch24.wps,07775a0cb063fe0fce5880b9378dd1eb2522b725d645cabdee314d604779939d,word/document.xml:outside_table_paragraph_3019,body_note_or_auxiliary_story,客车,
原件/免征目录/mf_batch24.wps,07775a0cb063fe0fce5880b9378dd1eb2522b725d645cabdee314d604779939d,word/document.xml:outside_table_paragraph_3065,body_note_or_auxiliary_story,注：插电式混合动力汽车燃料消耗量仅包括传统燃料/不含电能折算。,
原件/免征目录/mf_batch24.wps,07775a0cb063fe0fce5880b9378dd1eb2522b725d645cabdee314d604779939d,word/document.xml:outside_table_paragraph_3067,body_note_or_auxiliary_story,专用车,
原件/免征目录/mf_batch24.wps,07775a0cb063fe0fce5880b9378dd1eb2522b725d645cabdee314d604779939d,word/document.xml:outside_table_paragraph_3091,body_note_or_auxiliary_story,注：插电式混合动力汽车燃料消耗量仅包括传统燃料/不含电能折算。,
原件/免征目录/mf_batch24.wps,07775a0cb063fe0fce5880b9378dd1eb2522b725d645cabdee314d604779939d,word/document.xml:outside_table_paragraph_3093,body_note_or_auxiliary_story,三、燃料电池汽车,
原件/免征目录/mf_batch24.wps,07775a0cb063fe0fce5880b9378dd1eb2522b725d645cabdee314d604779939d,word/document.xml:outside_table_paragraph_3094,body_note_or_auxiliary_story,客车,
原件/免征目录/mf_batch24.wps,07775a0cb063fe0fce5880b9378dd1eb2522b725d645cabdee314d604779939d,word/document.xml:outside_table_paragraph_3123,body_note_or_auxiliary_story,（二）专用车,
原件/免征目录/mf_batch24.wps,07775a0cb063fe0fce5880b9378dd1eb2522b725d645cabdee314d604779939d,word/footer1.xml:outside_table_paragraph_1,body_note_or_auxiliary_story,17,
原件/免征目录/mf_batch25.wps,9d2abe319463522513fe9c90f98bb8d0a825b599267d0b3cc403cec9624b3297,word/document.xml:table_0:row_0,physical_table_first_row_or_explicit_header,序号 | 生产企业名称 | 车辆型号 | 通用名称 | 纯电动续驶里程(km) | 整车整备质量(kg) | 动力蓄电池组总质量(kg) | 动力蓄电池组总能量(kWh) | 备注,
原件/免征目录/mf_batch25.wps,9d2abe319463522513fe9c90f98bb8d0a825b599267d0b3cc403cec9624b3297,word/document.xml:table_1:row_0,physical_table_first_row_or_explicit_header,序号 | 生产企业名称 | 车辆型号 | 产品名称 | 纯电动续驶里程(km) | 整车整备质量(kg) | 动力蓄电池组总质量(kg) | 动力蓄电池组总能量(kWh) | 备注,
原件/免征目录/mf_batch25.wps,9d2abe319463522513fe9c90f98bb8d0a825b599267d0b3cc403cec9624b3297,word/document.xml:table_2:row_0,physical_table_first_row_or_explicit_header,序号 | 生产企业名称 | 车辆型号 | 产品名称 | 纯电动续驶里程(km) | 整车整备质量(kg) | 动力蓄电池组总质量(kg) | 动力蓄电池组总能量(kWh) | 备注,
原件/免征目录/mf_batch25.wps,9d2abe319463522513fe9c90f98bb8d0a825b599267d0b3cc403cec9624b3297,word/document.xml:table_3:row_0,physical_table_first_row_or_explicit_header,序号 | 生产企业名称 | 车辆型号 | 产品名称 | 纯电动续驶里程(km) | 整车整备质量(kg) | 动力蓄电池组总质量(kg) | 动力蓄电池组总能量(kWh) | 备注,
原件/免征目录/mf_batch25.wps,9d2abe319463522513fe9c90f98bb8d0a825b599267d0b3cc403cec9624b3297,word/document.xml:table_4:row_0,physical_table_first_row_or_explicit_header,序号 | 生产企业名称 | 车辆型号 | 通用名称 | 纯电动续驶里程（km） | 燃料消耗量(L/100km) | 发动机排量(mL) | 整车整备质量(kg) | 动力蓄电池总质量（kg） | 动力蓄电池总能量（kWh） | 备注,
原件/免征目录/mf_batch25.wps,9d2abe319463522513fe9c90f98bb8d0a825b599267d0b3cc403cec9624b3297,word/document.xml:table_5:row_0,physical_table_first_row_or_explicit_header,序号 | 生产企业名称 | 车辆型号 | 产品名称 | 纯电动续驶里程(km) | 燃料消耗量(L/100km) | 发动机排量(mL) | 整车整备质量(kg) | 动力蓄电池总质量(kg) | 动力蓄电池总能量(kWh) | 备注,
原件/免征目录/mf_batch25.wps,9d2abe319463522513fe9c90f98bb8d0a825b599267d0b3cc403cec9624b3297,word/document.xml:table_6:row_0,physical_table_first_row_or_explicit_header,序号 | 生产企业名称 | 车辆型号 | 产品名称 | 纯电动续驶里程(km) | 燃料消耗量(L/100km) | 发动机排量(mL) | 整车整备质量(kg) | 动力蓄电池总质量(kg) | 动力蓄电池总能量(kWh) | 备注,
原件/免征目录/mf_batch25.wps,9d2abe319463522513fe9c90f98bb8d0a825b599267d0b3cc403cec9624b3297,word/document.xml:table_7:row_0,physical_table_first_row_or_explicit_header,序号 | 生产企业名称 | 车辆型号 | 产品名称 | 续驶里程(km) | 整车整备质量(kg) | 燃料电池系统额定功率(kW) | 驱动电机额定功率(kW) | 备注,
原件/免征目录/mf_batch25.wps,9d2abe319463522513fe9c90f98bb8d0a825b599267d0b3cc403cec9624b3297,word/document.xml:table_8:row_0,physical_table_first_row_or_explicit_header,序号 | 生产企业名称 | 车辆型号 | 产品名称 | 续驶里程(km) | 整车整备质量(kg) | 燃料电池系统额定功率(kW) | 驱动电机额定功率(kW) | 备注,
原件/免征目录/mf_batch25.wps,9d2abe319463522513fe9c90f98bb8d0a825b599267d0b3cc403cec9624b3297,word/document.xml:outside_table_paragraph_1,body_note_or_auxiliary_story,附件,
原件/免征目录/mf_batch25.wps,9d2abe319463522513fe9c90f98bb8d0a825b599267d0b3cc403cec9624b3297,word/document.xml:outside_table_paragraph_2,body_note_or_auxiliary_story,免征车辆购置税的新能源汽车车型目录（第二十五批）,
原件/免征目录/mf_batch25.wps,9d2abe319463522513fe9c90f98bb8d0a825b599267d0b3cc403cec9624b3297,word/document.xml:outside_table_paragraph_3,body_note_or_auxiliary_story,一、纯电动汽车,
原件/免征目录/mf_batch25.wps,9d2abe319463522513fe9c90f98bb8d0a825b599267d0b3cc403cec9624b3297,word/document.xml:outside_table_paragraph_4,body_note_or_auxiliary_story,乘用车,
原件/免征目录/mf_batch25.wps,9d2abe319463522513fe9c90f98bb8d0a825b599267d0b3cc403cec9624b3297,word/document.xml:outside_table_paragraph_869,body_note_or_auxiliary_story,客车,
原件/免征目录/mf_batch25.wps,9d2abe319463522513fe9c90f98bb8d0a825b599267d0b3cc403cec9624b3297,word/document.xml:outside_table_paragraph_3183,body_note_or_auxiliary_story,货车,
原件/免征目录/mf_batch25.wps,9d2abe319463522513fe9c90f98bb8d0a825b599267d0b3cc403cec9624b3297,word/document.xml:outside_table_paragraph_3418,body_note_or_auxiliary_story,专用车,
原件/免征目录/mf_batch25.wps,9d2abe319463522513fe9c90f98bb8d0a825b599267d0b3cc403cec9624b3297,word/document.xml:outside_table_paragraph_4751,body_note_or_auxiliary_story,     二、插电式混合动力汽车,
原件/免征目录/mf_batch25.wps,9d2abe319463522513fe9c90f98bb8d0a825b599267d0b3cc403cec9624b3297,word/document.xml:outside_table_paragraph_4752,body_note_or_auxiliary_story,乘用车,
原件/免征目录/mf_batch25.wps,9d2abe319463522513fe9c90f98bb8d0a825b599267d0b3cc403cec9624b3297,word/document.xml:outside_table_paragraph_4963,body_note_or_auxiliary_story,注：插电式混合动力汽车燃料消耗量仅包括传统燃料/不含电能折算。,
原件/免征目录/mf_batch25.wps,9d2abe319463522513fe9c90f98bb8d0a825b599267d0b3cc403cec9624b3297,word/document.xml:outside_table_paragraph_4965,body_note_or_auxiliary_story,客车,
原件/免征目录/mf_batch25.wps,9d2abe319463522513fe9c90f98bb8d0a825b599267d0b3cc403cec9624b3297,word/document.xml:outside_table_paragraph_5132,body_note_or_auxiliary_story,注：插电式混合动力汽车燃料消耗量仅包括传统燃料/不含电能折算。,
原件/免征目录/mf_batch25.wps,9d2abe319463522513fe9c90f98bb8d0a825b599267d0b3cc403cec9624b3297,word/document.xml:outside_table_paragraph_5134,body_note_or_auxiliary_story,专用车,
原件/免征目录/mf_batch25.wps,9d2abe319463522513fe9c90f98bb8d0a825b599267d0b3cc403cec9624b3297,word/document.xml:outside_table_paragraph_5180,body_note_or_auxiliary_story,注：插电式混合动力汽车燃料消耗量仅包括传统燃料/不含电能折算。,
原件/免征目录/mf_batch25.wps,9d2abe319463522513fe9c90f98bb8d0a825b599267d0b3cc403cec9624b3297,word/document.xml:outside_table_paragraph_5181,body_note_or_auxiliary_story, 三、燃料电池汽车,
原件/免征目录/mf_batch25.wps,9d2abe319463522513fe9c90f98bb8d0a825b599267d0b3cc403cec9624b3297,word/document.xml:outside_table_paragraph_5182,body_note_or_auxiliary_story,客车,
原件/免征目录/mf_batch25.wps,9d2abe319463522513fe9c90f98bb8d0a825b599267d0b3cc403cec9624b3297,word/document.xml:outside_table_paragraph_5257,body_note_or_auxiliary_story,专用车,
原件/免征目录/mf_batch25.wps,9d2abe319463522513fe9c90f98bb8d0a825b599267d0b3cc403cec9624b3297,word/footer1.xml:outside_table_paragraph_1,body_note_or_auxiliary_story,33,
原件/免征目录/mf_batch26.docx,de0890335ef3a4f1302a8a0735ec8b6aed52e994e2635db481820060d62248b5,word/document.xml:table_0:row_0,physical_table_first_row_or_explicit_header,序号 | 生产企业名称 | 车辆型号 | 通用名称 | 纯电动续驶里程(km) | 整车整备质量(kg) | 动力蓄电池组总质量(kg) | 动力蓄电池组总能量(kWh) | 备注,
原件/免征目录/mf_batch26.docx,de0890335ef3a4f1302a8a0735ec8b6aed52e994e2635db481820060d62248b5,word/document.xml:table_1:row_0,physical_table_first_row_or_explicit_header,序号 | 生产企业名称 | 车辆型号 | 产品名称 | 纯电动续驶里程(km) | 整车整备质量(kg) | 动力蓄电池组总质量(kg) | 动力蓄电池组总能量(kWh) | 备注,
原件/免征目录/mf_batch26.docx,de0890335ef3a4f1302a8a0735ec8b6aed52e994e2635db481820060d62248b5,word/document.xml:table_2:row_0,physical_table_first_row_or_explicit_header,序号 | 生产企业名称 | 车辆型号 | 产品名称 | 纯电动续驶里程(km) | 整车整备质量(kg) | 动力蓄电池组总质量(kg) | 动力蓄电池组总能量(kWh) | 备注,
原件/免征目录/mf_batch26.docx,de0890335ef3a4f1302a8a0735ec8b6aed52e994e2635db481820060d62248b5,word/document.xml:table_3:row_0,physical_table_first_row_or_explicit_header,序号 | 生产企业名称 | 车辆型号 | 产品名称 | 纯电动续驶里程(km) | 整车整备质量(kg) | 动力蓄电池组总质量(kg) | 动力蓄电池组总能量(kWh) | 备注,
原件/免征目录/mf_batch26.docx,de0890335ef3a4f1302a8a0735ec8b6aed52e994e2635db481820060d62248b5,word/document.xml:table_4:row_0,physical_table_first_row_or_explicit_header,序号 | 生产企业名称 | 车辆型号 | 通用名称 | 纯电动续驶里程(km) | 燃料消耗量(L/100km) | 发动机排量(mL) | 整车整备质量(kg) | 动力蓄电池总质量(kg) | 动力蓄电池总能量(kWh) | 备注,
原件/免征目录/mf_batch26.docx,de0890335ef3a4f1302a8a0735ec8b6aed52e994e2635db481820060d62248b5,word/document.xml:table_5:row_0,physical_table_first_row_or_explicit_header,序号 | 生产企业名称 | 车辆型号 | 产品名称 | 纯电动续驶里程(km) | 燃料消耗量(L/100km) | 发动机排量(mL) | 整车整备质量(kg) | 动力蓄电池总质量(kg) | 动力蓄电池总能量(kWh) | 备注,
原件/免征目录/mf_batch26.docx,de0890335ef3a4f1302a8a0735ec8b6aed52e994e2635db481820060d62248b5,word/document.xml:table_6:row_0,physical_table_first_row_or_explicit_header,序号 | 生产企业名称 | 车辆型号 | 产品名称 | 纯电动续驶里程(km) | 燃料消耗量(L/100km) | 发动机排量(mL) | 整车整备质量(kg) | 动力蓄电池总质量(kg) | 动力蓄电池总能量(kWh) | 备注,
原件/免征目录/mf_batch26.docx,de0890335ef3a4f1302a8a0735ec8b6aed52e994e2635db481820060d62248b5,word/document.xml:table_7:row_0,physical_table_first_row_or_explicit_header,序号 | 生产企业名称 | 车辆型号 | 产品名称 | 续驶里程(km) | 整车整备质量(kg) | 燃料电池系统额定功率(kW) | 驱动电机额定功率(kW) | 备注,
原件/免征目录/mf_batch26.docx,de0890335ef3a4f1302a8a0735ec8b6aed52e994e2635db481820060d62248b5,word/document.xml:table_8:row_0,physical_table_first_row_or_explicit_header,序号 | 生产企业名称 | 车辆型号 | 产品名称 | 续驶里程(km) | 整车整备质量(kg) | 燃料电池系统额定功率(kW) | 驱动电机额定功率(kW) | 备注,
原件/免征目录/mf_batch26.docx,de0890335ef3a4f1302a8a0735ec8b6aed52e994e2635db481820060d62248b5,word/document.xml:outside_table_paragraph_1,body_note_or_auxiliary_story,附件1,
原件/免征目录/mf_batch26.docx,de0890335ef3a4f1302a8a0735ec8b6aed52e994e2635db481820060d62248b5,word/document.xml:outside_table_paragraph_2,body_note_or_auxiliary_story,免征车辆购置税的新能源汽车车型目录（第二十六批）,
原件/免征目录/mf_batch26.docx,de0890335ef3a4f1302a8a0735ec8b6aed52e994e2635db481820060d62248b5,word/document.xml:outside_table_paragraph_3,body_note_or_auxiliary_story,一、纯电动汽车,
原件/免征目录/mf_batch26.docx,de0890335ef3a4f1302a8a0735ec8b6aed52e994e2635db481820060d62248b5,word/document.xml:outside_table_paragraph_4,body_note_or_auxiliary_story,（一）乘用车,
原件/免征目录/mf_batch26.docx,de0890335ef3a4f1302a8a0735ec8b6aed52e994e2635db481820060d62248b5,word/document.xml:outside_table_paragraph_762,body_note_or_auxiliary_story,（二）客车,
原件/免征目录/mf_batch26.docx,de0890335ef3a4f1302a8a0735ec8b6aed52e994e2635db481820060d62248b5,word/document.xml:outside_table_paragraph_2079,body_note_or_auxiliary_story,（三）货车,
原件/免征目录/mf_batch26.docx,de0890335ef3a4f1302a8a0735ec8b6aed52e994e2635db481820060d62248b5,word/document.xml:outside_table_paragraph_2198,body_note_or_auxiliary_story,（四）专用车,
原件/免征目录/mf_batch26.docx,de0890335ef3a4f1302a8a0735ec8b6aed52e994e2635db481820060d62248b5,word/document.xml:outside_table_paragraph_3379,body_note_or_auxiliary_story,二、插电式混合动力汽车,
原件/免征目录/mf_batch26.docx,de0890335ef3a4f1302a8a0735ec8b6aed52e994e2635db481820060d62248b5,word/document.xml:outside_table_paragraph_3380,body_note_or_auxiliary_story,（一）乘用车,
原件/免征目录/mf_batch26.docx,de0890335ef3a4f1302a8a0735ec8b6aed52e994e2635db481820060d62248b5,word/document.xml:outside_table_paragraph_3447,body_note_or_auxiliary_story,注：插电式混合动力汽车燃料消耗量仅包括传统燃料/不含电能折算。,
原件/免征目录/mf_batch26.docx,de0890335ef3a4f1302a8a0735ec8b6aed52e994e2635db481820060d62248b5,word/document.xml:outside_table_paragraph_3448,body_note_or_auxiliary_story,（二）客车,
原件/免征目录/mf_batch26.docx,de0890335ef3a4f1302a8a0735ec8b6aed52e994e2635db481820060d62248b5,word/document.xml:outside_table_paragraph_3648,body_note_or_auxiliary_story,注：插电式混合动力汽车燃料消耗量仅包括传统燃料/不含电能折算。,
原件/免征目录/mf_batch26.docx,de0890335ef3a4f1302a8a0735ec8b6aed52e994e2635db481820060d62248b5,word/document.xml:outside_table_paragraph_3649,body_note_or_auxiliary_story,（三）专用车,
原件/免征目录/mf_batch26.docx,de0890335ef3a4f1302a8a0735ec8b6aed52e994e2635db481820060d62248b5,word/document.xml:outside_table_paragraph_3672,body_note_or_auxiliary_story,注：插电式混合动力汽车燃料消耗量仅包括传统燃料/不含电能折算。,
原件/免征目录/mf_batch26.docx,de0890335ef3a4f1302a8a0735ec8b6aed52e994e2635db481820060d62248b5,word/document.xml:outside_table_paragraph_3673,body_note_or_auxiliary_story,三、燃料电池汽车,
原件/免征目录/mf_batch26.docx,de0890335ef3a4f1302a8a0735ec8b6aed52e994e2635db481820060d62248b5,word/document.xml:outside_table_paragraph_3674,body_note_or_auxiliary_story,（一）客车,
原件/免征目录/mf_batch26.docx,de0890335ef3a4f1302a8a0735ec8b6aed52e994e2635db481820060d62248b5,word/document.xml:outside_table_paragraph_3775,body_note_or_auxiliary_story,（二）专用车,
原件/免征目录/mf_batch27.doc,2bd67cf7e1efc03ae93942d0d340ffef87478709520383b6ee4d08baf843ead1,word/document.xml:table_0:row_0,physical_table_first_row_or_explicit_header,序号 | 生产企业名称 | 车辆型号 | 通用名称 | 纯电动续驶里程(km) | 整车整备质量(kg) | 动力蓄电池组总质量(kg) | 动力蓄电池组总能量(kWh) | 备注,
原件/免征目录/mf_batch27.doc,2bd67cf7e1efc03ae93942d0d340ffef87478709520383b6ee4d08baf843ead1,word/document.xml:table_1:row_0,physical_table_first_row_or_explicit_header,序号 | 生产企业名称 | 车辆型号 | 产品名称 | 纯电动续驶里程(km) | 整车整备质量(kg) | 动力蓄电池组总质量(kg) | 动力蓄电池组总能量(kWh) | 备注,
原件/免征目录/mf_batch27.doc,2bd67cf7e1efc03ae93942d0d340ffef87478709520383b6ee4d08baf843ead1,word/document.xml:table_2:row_0,physical_table_first_row_or_explicit_header,序号 | 生产企业名称 | 车辆型号 | 产品名称 | 纯电动续驶里程(km) | 整车整备质量(kg) | 动力蓄电池组总质量(kg) | 动力蓄电池组总能量(kWh) | 备注,
原件/免征目录/mf_batch27.doc,2bd67cf7e1efc03ae93942d0d340ffef87478709520383b6ee4d08baf843ead1,word/document.xml:table_3:row_0,physical_table_first_row_or_explicit_header,序号 | 生产企业名称 | 车辆型号 | 产品名称 | 纯电动续驶里程(km) | 整车整备质量(kg) | 动力蓄电池组总质量(kg) | 动力蓄电池组总能量(kWh) | 备注,
原件/免征目录/mf_batch27.doc,2bd67cf7e1efc03ae93942d0d340ffef87478709520383b6ee4d08baf843ead1,word/document.xml:table_4:row_0,physical_table_first_row_or_explicit_header,序号 | 生产企业名称 | 车辆型号 | 通用名称 | 纯电动续驶里程(km) | 燃料消耗量(L/100km) | 发动机排量(mL) | 整车整备质量(kg) | 动力蓄电池总质量(kg) | 动力蓄电池总能量(kWh) | 备注,
原件/免征目录/mf_batch27.doc,2bd67cf7e1efc03ae93942d0d340ffef87478709520383b6ee4d08baf843ead1,word/document.xml:table_5:row_0,physical_table_first_row_or_explicit_header,序号 | 生产企业名称 | 车辆型号 | 产品名称 | 纯电动续驶里程(km) | 燃料消耗量(L/100km) | 发动机排量(mL) | 整车整备质量(kg) | 动力蓄电池总质量(kg) | 动力蓄电池总能量(kWh) | 备注,
原件/免征目录/mf_batch27.doc,2bd67cf7e1efc03ae93942d0d340ffef87478709520383b6ee4d08baf843ead1,word/document.xml:table_6:row_0,physical_table_first_row_or_explicit_header,序号 | 生产企业名称 | 车辆型号 | 产品名称 | 纯电动续驶里程(km) | 燃料消耗量(L/100km) | 发动机排量(mL) | 整车整备质量(kg) | 动力蓄电池总质量(kg) | 动力蓄电池总能量(kWh) | 备注,
原件/免征目录/mf_batch27.doc,2bd67cf7e1efc03ae93942d0d340ffef87478709520383b6ee4d08baf843ead1,word/document.xml:table_7:row_0,physical_table_first_row_or_explicit_header,序号 | 生产企业名称 | 车辆型号 | 产品名称 | 续驶里程(km) | 整车整备质量(kg) | 燃料电池系统额定功率(kW) | 驱动电机额定功率(kW) | 备注,
原件/免征目录/mf_batch27.doc,2bd67cf7e1efc03ae93942d0d340ffef87478709520383b6ee4d08baf843ead1,word/document.xml:table_8:row_0,physical_table_first_row_or_explicit_header,序号 | 生产企业名称 | 车辆型号 | 产品名称 | 续驶里程(km) | 整车整备质量(kg) | 燃料电池系统额定功率(kW) | 驱动电机额定功率(kW) | 备注,
原件/免征目录/mf_batch27.doc,2bd67cf7e1efc03ae93942d0d340ffef87478709520383b6ee4d08baf843ead1,word/document.xml:outside_table_paragraph_1,body_note_or_auxiliary_story,附件1,
原件/免征目录/mf_batch27.doc,2bd67cf7e1efc03ae93942d0d340ffef87478709520383b6ee4d08baf843ead1,word/document.xml:outside_table_paragraph_2,body_note_or_auxiliary_story,免征车辆购置税的新能源汽车车型目录（第二十七批）,
原件/免征目录/mf_batch27.doc,2bd67cf7e1efc03ae93942d0d340ffef87478709520383b6ee4d08baf843ead1,word/document.xml:outside_table_paragraph_4,body_note_or_auxiliary_story,纯电动汽车,
原件/免征目录/mf_batch27.doc,2bd67cf7e1efc03ae93942d0d340ffef87478709520383b6ee4d08baf843ead1,word/document.xml:outside_table_paragraph_5,body_note_or_auxiliary_story,乘用车,
原件/免征目录/mf_batch27.doc,2bd67cf7e1efc03ae93942d0d340ffef87478709520383b6ee4d08baf843ead1,word/document.xml:outside_table_paragraph_565,body_note_or_auxiliary_story,（二）客车,
原件/免征目录/mf_batch27.doc,2bd67cf7e1efc03ae93942d0d340ffef87478709520383b6ee4d08baf843ead1,word/document.xml:outside_table_paragraph_2024,body_note_or_auxiliary_story,    （三）货车,
原件/免征目录/mf_batch27.doc,2bd67cf7e1efc03ae93942d0d340ffef87478709520383b6ee4d08baf843ead1,word/document.xml:outside_table_paragraph_2224,body_note_or_auxiliary_story,专用车,
原件/免征目录/mf_batch27.doc,2bd67cf7e1efc03ae93942d0d340ffef87478709520383b6ee4d08baf843ead1,word/document.xml:outside_table_paragraph_3719,body_note_or_auxiliary_story,插电式混合动力汽车,
原件/免征目录/mf_batch27.doc,2bd67cf7e1efc03ae93942d0d340ffef87478709520383b6ee4d08baf843ead1,word/document.xml:outside_table_paragraph_3720,body_note_or_auxiliary_story,乘用车,
原件/免征目录/mf_batch27.doc,2bd67cf7e1efc03ae93942d0d340ffef87478709520383b6ee4d08baf843ead1,word/document.xml:outside_table_paragraph_3985,body_note_or_auxiliary_story,注：插电式混合动力汽车燃料消耗量仅包括传统燃料/不含电能折算。,
原件/免征目录/mf_batch27.doc,2bd67cf7e1efc03ae93942d0d340ffef87478709520383b6ee4d08baf843ead1,word/document.xml:outside_table_paragraph_3988,body_note_or_auxiliary_story,（二）客车,
原件/免征目录/mf_batch27.doc,2bd67cf7e1efc03ae93942d0d340ffef87478709520383b6ee4d08baf843ead1,word/document.xml:outside_table_paragraph_4034,body_note_or_auxiliary_story,注：插电式混合动力汽车燃料消耗量仅包括传统燃料/不含电能折算。,
原件/免征目录/mf_batch27.doc,2bd67cf7e1efc03ae93942d0d340ffef87478709520383b6ee4d08baf843ead1,word/document.xml:outside_table_paragraph_4036,body_note_or_auxiliary_story,（三）专用车,
原件/免征目录/mf_batch27.doc,2bd67cf7e1efc03ae93942d0d340ffef87478709520383b6ee4d08baf843ead1,word/document.xml:outside_table_paragraph_4081,body_note_or_auxiliary_story,注：插电式混合动力汽车燃料消耗量仅包括传统燃料/不含电能折算。,
原件/免征目录/mf_batch27.doc,2bd67cf7e1efc03ae93942d0d340ffef87478709520383b6ee4d08baf843ead1,word/document.xml:outside_table_paragraph_4083,body_note_or_auxiliary_story,燃料电池汽车,
原件/免征目录/mf_batch27.doc,2bd67cf7e1efc03ae93942d0d340ffef87478709520383b6ee4d08baf843ead1,word/document.xml:outside_table_paragraph_4084,body_note_or_auxiliary_story,客车,
原件/免征目录/mf_batch27.doc,2bd67cf7e1efc03ae93942d0d340ffef87478709520383b6ee4d08baf843ead1,word/document.xml:outside_table_paragraph_4276,body_note_or_auxiliary_story,专用车,
原件/免征目录/mf_batch27.doc,2bd67cf7e1efc03ae93942d0d340ffef87478709520383b6ee4d08baf843ead1,word/footer1.xml:outside_table_paragraph_1,body_note_or_auxiliary_story,25,
原件/免征目录/mf_batch28.doc,dfe1b301a5e8373e94e0e4a2fccee3d258c56bb662e4928764a71274142acd72,word/document.xml:table_0:row_0,physical_table_first_row_or_explicit_header,序号 | 生产企业名称 | 车辆型号 | 通用名称 | 纯电动续驶里程(km) | 整车整备质量(kg) | 动力蓄电池组总质量(kg) | 动力蓄电池组总能量(kWh) | 备注,
原件/免征目录/mf_batch28.doc,dfe1b301a5e8373e94e0e4a2fccee3d258c56bb662e4928764a71274142acd72,word/document.xml:table_1:row_0,physical_table_first_row_or_explicit_header,序号 | 生产企业名称 | 车辆型号 | 产品名称 | 纯电动续驶里程(km) | 整车整备质量(kg) | 动力蓄电池组总质量(kg) | 动力蓄电池组总能量(kWh) | 备注,
原件/免征目录/mf_batch28.doc,dfe1b301a5e8373e94e0e4a2fccee3d258c56bb662e4928764a71274142acd72,word/document.xml:table_2:row_0,physical_table_first_row_or_explicit_header,序号 | 生产企业名称 | 车辆型号 | 产品名称 | 纯电动续驶里程(km) | 整车整备质量(kg) | 动力蓄电池组总质量(kg) | 动力蓄电池组总能量(kWh) | 备注,
原件/免征目录/mf_batch28.doc,dfe1b301a5e8373e94e0e4a2fccee3d258c56bb662e4928764a71274142acd72,word/document.xml:table_3:row_0,physical_table_first_row_or_explicit_header,序号 | 生产企业名称 | 车辆型号 | 产品名称 | 纯电动续驶里程(km) | 整车整备质量(kg) | 动力蓄电池组总质量(kg) | 动力蓄电池组总能量(kWh) | 备注,
原件/免征目录/mf_batch28.doc,dfe1b301a5e8373e94e0e4a2fccee3d258c56bb662e4928764a71274142acd72,word/document.xml:table_4:row_0,physical_table_first_row_or_explicit_header,序号 | 生产企业名称 | 车辆型号 | 通用名称 | 纯电动续驶里程(km) | 燃料消耗量(L/100km) | 发动机排量(mL) | 整车整备质量(kg) | 动力蓄电池总质量(kg) | 动力蓄电池总能量(kWh) | 备注,
原件/免征目录/mf_batch28.doc,dfe1b301a5e8373e94e0e4a2fccee3d258c56bb662e4928764a71274142acd72,word/document.xml:table_5:row_0,physical_table_first_row_or_explicit_header,序号 | 生产企业名称 | 车辆型号 | 产品名称 | 纯电动续驶里程(km) | 燃料消耗量(L/100km) | 发动机排量(mL) | 整车整备质量(kg) | 动力蓄电池总质量(kg) | 动力蓄电池总能量(kWh) | 备注,
原件/免征目录/mf_batch28.doc,dfe1b301a5e8373e94e0e4a2fccee3d258c56bb662e4928764a71274142acd72,word/document.xml:table_6:row_0,physical_table_first_row_or_explicit_header,序号 | 生产企业名称 | 车辆型号 | 产品名称 | 续驶里程(km) | 整车整备质量(kg) | 燃料电池系统额定功率(kW) | 驱动电机额定功率(kW) | 备注,
原件/免征目录/mf_batch28.doc,dfe1b301a5e8373e94e0e4a2fccee3d258c56bb662e4928764a71274142acd72,word/document.xml:table_7:row_0,physical_table_first_row_or_explicit_header,序号 | 生产企业名称 | 车辆型号 | 产品名称 | 续驶里程(km) | 整车整备质量(kg) | 燃料电池系统额定功率(kW) | 驱动电机额定功率(kW) | 备注,
原件/免征目录/mf_batch28.doc,dfe1b301a5e8373e94e0e4a2fccee3d258c56bb662e4928764a71274142acd72,word/document.xml:table_8:row_0,physical_table_first_row_or_explicit_header,序号 | 生产企业名称 | 车辆型号 | 产品名称 | 续驶里程(km) | 整车整备质量(kg) | 燃料电池系统额定功率(kW) | 驱动电机额定功率(kW) | 备注,
原件/免征目录/mf_batch28.doc,dfe1b301a5e8373e94e0e4a2fccee3d258c56bb662e4928764a71274142acd72,word/document.xml:outside_table_paragraph_1,body_note_or_auxiliary_story,附件1,
原件/免征目录/mf_batch28.doc,dfe1b301a5e8373e94e0e4a2fccee3d258c56bb662e4928764a71274142acd72,word/document.xml:outside_table_paragraph_2,body_note_or_auxiliary_story,免征车辆购置税的新能源汽车车型目录（第二十八批）,
原件/免征目录/mf_batch28.doc,dfe1b301a5e8373e94e0e4a2fccee3d258c56bb662e4928764a71274142acd72,word/document.xml:outside_table_paragraph_4,body_note_or_auxiliary_story,纯电动汽车,
原件/免征目录/mf_batch28.doc,dfe1b301a5e8373e94e0e4a2fccee3d258c56bb662e4928764a71274142acd72,word/document.xml:outside_table_paragraph_5,body_note_or_auxiliary_story,乘用车,
原件/免征目录/mf_batch28.doc,dfe1b301a5e8373e94e0e4a2fccee3d258c56bb662e4928764a71274142acd72,word/document.xml:outside_table_paragraph_206,body_note_or_auxiliary_story,（二）客车,
原件/免征目录/mf_batch28.doc,dfe1b301a5e8373e94e0e4a2fccee3d258c56bb662e4928764a71274142acd72,word/document.xml:outside_table_paragraph_1793,body_note_or_auxiliary_story,（三）货车,
原件/免征目录/mf_batch28.doc,dfe1b301a5e8373e94e0e4a2fccee3d258c56bb662e4928764a71274142acd72,word/document.xml:outside_table_paragraph_1886,body_note_or_auxiliary_story,专用车,
原件/免征目录/mf_batch28.doc,dfe1b301a5e8373e94e0e4a2fccee3d258c56bb662e4928764a71274142acd72,word/document.xml:outside_table_paragraph_2576,body_note_or_auxiliary_story,插电式混合动力汽车,
原件/免征目录/mf_batch28.doc,dfe1b301a5e8373e94e0e4a2fccee3d258c56bb662e4928764a71274142acd72,word/document.xml:outside_table_paragraph_2577,body_note_or_auxiliary_story,乘用车,
原件/免征目录/mf_batch28.doc,dfe1b301a5e8373e94e0e4a2fccee3d258c56bb662e4928764a71274142acd72,word/document.xml:outside_table_paragraph_2666,body_note_or_auxiliary_story,注：插电式混合动力汽车燃料消耗量仅包括传统燃料/不含电能折算。,
原件/免征目录/mf_batch28.doc,dfe1b301a5e8373e94e0e4a2fccee3d258c56bb662e4928764a71274142acd72,word/document.xml:outside_table_paragraph_2669,body_note_or_auxiliary_story,客车,
原件/免征目录/mf_batch28.doc,dfe1b301a5e8373e94e0e4a2fccee3d258c56bb662e4928764a71274142acd72,word/document.xml:outside_table_paragraph_2824,body_note_or_auxiliary_story,注：插电式混合动力汽车燃料消耗量仅包括传统燃料/不含电能折算。,
原件/免征目录/mf_batch28.doc,dfe1b301a5e8373e94e0e4a2fccee3d258c56bb662e4928764a71274142acd72,word/document.xml:outside_table_paragraph_2836,body_note_or_auxiliary_story,燃料电池汽车,
原件/免征目录/mf_batch28.doc,dfe1b301a5e8373e94e0e4a2fccee3d258c56bb662e4928764a71274142acd72,word/document.xml:outside_table_paragraph_2837,body_note_or_auxiliary_story,客车,
原件/免征目录/mf_batch28.doc,dfe1b301a5e8373e94e0e4a2fccee3d258c56bb662e4928764a71274142acd72,word/document.xml:outside_table_paragraph_2959,body_note_or_auxiliary_story,专用车,
原件/免征目录/mf_batch28.doc,dfe1b301a5e8373e94e0e4a2fccee3d258c56bb662e4928764a71274142acd72,word/document.xml:outside_table_paragraph_3025,body_note_or_auxiliary_story,货车,
原件/免征目录/mf_batch28.doc,dfe1b301a5e8373e94e0e4a2fccee3d258c56bb662e4928764a71274142acd72,word/footer1.xml:outside_table_paragraph_1,body_note_or_auxiliary_story,21,
原件/免征目录/mf_batch30.doc,e7fa3b47858ec2035b8055bc15be00b2b26920a5e8d3cad481058a80b92ead24,word/document.xml:table_0:row_0,physical_table_first_row_or_explicit_header,序号 | 生产企业名称 | 车辆型号 | 通用名称 | 纯电动续驶里程(km) | 整车整备质量(kg) | 动力蓄电池组总质量(kg) | 动力蓄电池组总能量(kWh) | 备注,
原件/免征目录/mf_batch30.doc,e7fa3b47858ec2035b8055bc15be00b2b26920a5e8d3cad481058a80b92ead24,word/document.xml:table_1:row_0,physical_table_first_row_or_explicit_header,序号 | 生产企业名称 | 车辆型号 | 产品名称 | 纯电动续驶里程(km) | 整车整备质量(kg) | 动力蓄电池组总质量(kg) | 动力蓄电池组总能量(kWh) | 备注,
原件/免征目录/mf_batch30.doc,e7fa3b47858ec2035b8055bc15be00b2b26920a5e8d3cad481058a80b92ead24,word/document.xml:table_2:row_0,physical_table_first_row_or_explicit_header,序号 | 生产企业名称 | 车辆型号 | 产品名称 | 纯电动续驶里程(km) | 整车整备质量(kg) | 动力蓄电池组总质量(kg) | 动力蓄电池组总能量(kWh) | 备注,
原件/免征目录/mf_batch30.doc,e7fa3b47858ec2035b8055bc15be00b2b26920a5e8d3cad481058a80b92ead24,word/document.xml:table_3:row_0,physical_table_first_row_or_explicit_header,序号 | 生产企业名称 | 车辆型号 | 产品名称 | 纯电动续驶里程(km) | 整车整备质量(kg) | 动力蓄电池组总质量(kg) | 动力蓄电池组总能量(kWh) | 备注,
原件/免征目录/mf_batch30.doc,e7fa3b47858ec2035b8055bc15be00b2b26920a5e8d3cad481058a80b92ead24,word/document.xml:table_4:row_0,physical_table_first_row_or_explicit_header,序号 | 生产企业名称 | 车辆型号 | 通用名称 | 纯电动续驶里程(km) | 燃料消耗量(L/100km) | 发动机排量(mL) | 整车整备质量(kg) | 动力蓄电池总质量(kg) | 动力蓄电池总能量(kWh) | 备注,
原件/免征目录/mf_batch30.doc,e7fa3b47858ec2035b8055bc15be00b2b26920a5e8d3cad481058a80b92ead24,word/document.xml:table_5:row_0,physical_table_first_row_or_explicit_header,序号 | 生产企业名称 | 车辆型号 | 产品名称 | 纯电动续驶里程(km) | 燃料消耗量(L/100km) | 发动机排量(mL) | 整车整备质量(kg) | 动力蓄电池总质量(kg) | 动力蓄电池总能量(kWh) | 备注,
原件/免征目录/mf_batch30.doc,e7fa3b47858ec2035b8055bc15be00b2b26920a5e8d3cad481058a80b92ead24,word/document.xml:table_6:row_0,physical_table_first_row_or_explicit_header,序号 | 生产企业名称 | 车辆型号 | 产品名称 | 纯电动续驶里程(km) | 燃料消耗量(L/100km) | 发动机排量(mL) | 整车整备质量(kg) | 动力蓄电池总质量(kg) | 动力蓄电池总能量(kWh) | 备注,
原件/免征目录/mf_batch30.doc,e7fa3b47858ec2035b8055bc15be00b2b26920a5e8d3cad481058a80b92ead24,word/document.xml:table_7:row_0,physical_table_first_row_or_explicit_header,序号 | 生产企业名称 | 车辆型号 | 产品名称 | 续驶里程(km) | 整车整备质量(kg) | 燃料电池系统额定功率(kW) | 驱动电机额定功率(kW) | 备注,
原件/免征目录/mf_batch30.doc,e7fa3b47858ec2035b8055bc15be00b2b26920a5e8d3cad481058a80b92ead24,word/document.xml:table_8:row_0,physical_table_first_row_or_explicit_header,序号 | 生产企业名称 | 车辆型号 | 产品名称 | 续驶里程(km) | 整车整备质量(kg) | 燃料电池系统额定功率(kW) | 驱动电机额定功率(kW) | 备注,
原件/免征目录/mf_batch30.doc,e7fa3b47858ec2035b8055bc15be00b2b26920a5e8d3cad481058a80b92ead24,word/document.xml:outside_table_paragraph_1,body_note_or_auxiliary_story,附件,
原件/免征目录/mf_batch30.doc,e7fa3b47858ec2035b8055bc15be00b2b26920a5e8d3cad481058a80b92ead24,word/document.xml:outside_table_paragraph_2,body_note_or_auxiliary_story,免征车辆购置税的新能源汽车车型目录（第三十批）,
原件/免征目录/mf_batch30.doc,e7fa3b47858ec2035b8055bc15be00b2b26920a5e8d3cad481058a80b92ead24,word/document.xml:outside_table_paragraph_4,body_note_or_auxiliary_story,纯电动汽车,
原件/免征目录/mf_batch30.doc,e7fa3b47858ec2035b8055bc15be00b2b26920a5e8d3cad481058a80b92ead24,word/document.xml:outside_table_paragraph_5,body_note_or_auxiliary_story,乘用车,
原件/免征目录/mf_batch30.doc,e7fa3b47858ec2035b8055bc15be00b2b26920a5e8d3cad481058a80b92ead24,word/document.xml:outside_table_paragraph_709,body_note_or_auxiliary_story,客车,
原件/免征目录/mf_batch30.doc,e7fa3b47858ec2035b8055bc15be00b2b26920a5e8d3cad481058a80b92ead24,word/document.xml:outside_table_paragraph_1522,body_note_or_auxiliary_story,货车,
原件/免征目录/mf_batch30.doc,e7fa3b47858ec2035b8055bc15be00b2b26920a5e8d3cad481058a80b92ead24,word/document.xml:outside_table_paragraph_1678,body_note_or_auxiliary_story,专用车,
原件/免征目录/mf_batch30.doc,e7fa3b47858ec2035b8055bc15be00b2b26920a5e8d3cad481058a80b92ead24,word/document.xml:outside_table_paragraph_2544,body_note_or_auxiliary_story,插电式混合动力汽车,
原件/免征目录/mf_batch30.doc,e7fa3b47858ec2035b8055bc15be00b2b26920a5e8d3cad481058a80b92ead24,word/document.xml:outside_table_paragraph_2545,body_note_or_auxiliary_story,乘用车,
原件/免征目录/mf_batch30.doc,e7fa3b47858ec2035b8055bc15be00b2b26920a5e8d3cad481058a80b92ead24,word/document.xml:outside_table_paragraph_2777,body_note_or_auxiliary_story,注：插电式混合动力汽车燃料消耗量仅包括传统燃料/不含电能折算。,
原件/免征目录/mf_batch30.doc,e7fa3b47858ec2035b8055bc15be00b2b26920a5e8d3cad481058a80b92ead24,word/document.xml:outside_table_paragraph_2779,body_note_or_auxiliary_story,客车,
原件/免征目录/mf_batch30.doc,e7fa3b47858ec2035b8055bc15be00b2b26920a5e8d3cad481058a80b92ead24,word/document.xml:outside_table_paragraph_2846,body_note_or_auxiliary_story,注：插电式混合动力汽车燃料消耗量仅包括传统燃料/不含电能折算。,
原件/免征目录/mf_batch30.doc,e7fa3b47858ec2035b8055bc15be00b2b26920a5e8d3cad481058a80b92ead24,word/document.xml:outside_table_paragraph_2848,body_note_or_auxiliary_story,专用车,
原件/免征目录/mf_batch30.doc,e7fa3b47858ec2035b8055bc15be00b2b26920a5e8d3cad481058a80b92ead24,word/document.xml:outside_table_paragraph_2871,body_note_or_auxiliary_story,注：插电式混合动力汽车燃料消耗量仅包括传统燃料/不含电能折算。,
原件/免征目录/mf_batch30.doc,e7fa3b47858ec2035b8055bc15be00b2b26920a5e8d3cad481058a80b92ead24,word/document.xml:outside_table_paragraph_2873,body_note_or_auxiliary_story,燃料电池汽车,
原件/免征目录/mf_batch30.doc,e7fa3b47858ec2035b8055bc15be00b2b26920a5e8d3cad481058a80b92ead24,word/document.xml:outside_table_paragraph_2874,body_note_or_auxiliary_story,客车,
原件/免征目录/mf_batch30.doc,e7fa3b47858ec2035b8055bc15be00b2b26920a5e8d3cad481058a80b92ead24,word/document.xml:outside_table_paragraph_3029,body_note_or_auxiliary_story,专用车,
原件/免征目录/mf_batch30.doc,e7fa3b47858ec2035b8055bc15be00b2b26920a5e8d3cad481058a80b92ead24,word/footer1.xml:outside_table_paragraph_1,body_note_or_auxiliary_story,21,
原件/免征目录/mf_batch31.doc,e1ccec4a87ab96ca346e5756d6b14369eb9727ec2c2cfd03c1182a592ddd3bee,word/document.xml:table_0:row_0,physical_table_first_row_or_explicit_header,序号 | 生产企业名称 | 车辆型号 | 通用名称 | 纯电动续驶里程(km) | 整车整备质量(kg) | 动力蓄电池组总质量(kg) | 动力蓄电池组总能量(kWh) | 备注,
原件/免征目录/mf_batch31.doc,e1ccec4a87ab96ca346e5756d6b14369eb9727ec2c2cfd03c1182a592ddd3bee,word/document.xml:table_1:row_0,physical_table_first_row_or_explicit_header,序号 | 生产企业名称 | 车辆型号 | 产品名称 | 纯电动续驶里程(km) | 整车整备质量(kg) | 动力蓄电池组总质量(kg) | 动力蓄电池组总能量(kWh) | 备注,
原件/免征目录/mf_batch31.doc,e1ccec4a87ab96ca346e5756d6b14369eb9727ec2c2cfd03c1182a592ddd3bee,word/document.xml:table_2:row_0,physical_table_first_row_or_explicit_header,序号 | 生产企业名称 | 车辆型号 | 产品名称 | 纯电动续驶里程(km) | 整车整备质量(kg) | 动力蓄电池组总质量(kg) | 动力蓄电池组总能量(kWh) | 备注,
原件/免征目录/mf_batch31.doc,e1ccec4a87ab96ca346e5756d6b14369eb9727ec2c2cfd03c1182a592ddd3bee,word/document.xml:table_3:row_0,physical_table_first_row_or_explicit_header,序号 | 生产企业名称 | 车辆型号 | 产品名称 | 纯电动续驶里程(km) | 整车整备质量(kg) | 动力蓄电池组总质量(kg) | 动力蓄电池组总能量(kWh) | 备注,
原件/免征目录/mf_batch31.doc,e1ccec4a87ab96ca346e5756d6b14369eb9727ec2c2cfd03c1182a592ddd3bee,word/document.xml:table_4:row_0,physical_table_first_row_or_explicit_header,序号 | 生产企业名称 | 车辆型号 | 通用名称 | 纯电动续驶里程(km) | 燃料消耗量(L/100km) | 发动机排量(mL) | 整车整备质量(kg) | 动力蓄电池总质量(kg) | 动力蓄电池总能量(kWh) | 备注,
原件/免征目录/mf_batch31.doc,e1ccec4a87ab96ca346e5756d6b14369eb9727ec2c2cfd03c1182a592ddd3bee,word/document.xml:table_5:row_0,physical_table_first_row_or_explicit_header,序号 | 生产企业名称 | 车辆型号 | 产品名称 | 纯电动续驶里程(km) | 燃料消耗量(L/100km) | 发动机排量(mL) | 整车整备质量(kg) | 动力蓄电池总质量(kg) | 动力蓄电池总能量(kWh) | 备注,
原件/免征目录/mf_batch31.doc,e1ccec4a87ab96ca346e5756d6b14369eb9727ec2c2cfd03c1182a592ddd3bee,word/document.xml:table_6:row_0,physical_table_first_row_or_explicit_header,序号 | 生产企业名称 | 车辆型号 | 产品名称 | 纯电动续驶里程(km) | 燃料消耗量(L/100km) | 发动机排量(mL) | 整车整备质量(kg) | 动力蓄电池总质量(kg) | 动力蓄电池总能量(kWh) | 备注,
原件/免征目录/mf_batch31.doc,e1ccec4a87ab96ca346e5756d6b14369eb9727ec2c2cfd03c1182a592ddd3bee,word/document.xml:table_7:row_0,physical_table_first_row_or_explicit_header,序号 | 生产企业名称 | 车辆型号 | 产品名称 | 续驶里程(km) | 整车整备质量(kg) | 燃料电池系统额定功率(kW) | 驱动电机额定功率(kW) | 备注,
原件/免征目录/mf_batch31.doc,e1ccec4a87ab96ca346e5756d6b14369eb9727ec2c2cfd03c1182a592ddd3bee,word/document.xml:table_8:row_0,physical_table_first_row_or_explicit_header,序号 | 生产企业名称 | 车辆型号 | 产品名称 | 续驶里程(km) | 整车整备质量(kg) | 燃料电池系统额定功率(kW) | 驱动电机额定功率(kW) | 备注,
原件/免征目录/mf_batch31.doc,e1ccec4a87ab96ca346e5756d6b14369eb9727ec2c2cfd03c1182a592ddd3bee,word/document.xml:outside_table_paragraph_1,body_note_or_auxiliary_story,附件,
原件/免征目录/mf_batch31.doc,e1ccec4a87ab96ca346e5756d6b14369eb9727ec2c2cfd03c1182a592ddd3bee,word/document.xml:outside_table_paragraph_2,body_note_or_auxiliary_story,免征车辆购置税的新能源汽车车型目录（第三十一批）,
原件/免征目录/mf_batch31.doc,e1ccec4a87ab96ca346e5756d6b14369eb9727ec2c2cfd03c1182a592ddd3bee,word/document.xml:outside_table_paragraph_4,body_note_or_auxiliary_story,纯电动汽车,
原件/免征目录/mf_batch31.doc,e1ccec4a87ab96ca346e5756d6b14369eb9727ec2c2cfd03c1182a592ddd3bee,word/document.xml:outside_table_paragraph_5,body_note_or_auxiliary_story,乘用车,
原件/免征目录/mf_batch31.doc,e1ccec4a87ab96ca346e5756d6b14369eb9727ec2c2cfd03c1182a592ddd3bee,word/document.xml:outside_table_paragraph_259,body_note_or_auxiliary_story,    (二）客车,
原件/免征目录/mf_batch31.doc,e1ccec4a87ab96ca346e5756d6b14369eb9727ec2c2cfd03c1182a592ddd3bee,word/document.xml:outside_table_paragraph_819,body_note_or_auxiliary_story,    （三）货车,
原件/免征目录/mf_batch31.doc,e1ccec4a87ab96ca346e5756d6b14369eb9727ec2c2cfd03c1182a592ddd3bee,word/document.xml:outside_table_paragraph_866,body_note_or_auxiliary_story,专用车,
原件/免征目录/mf_batch31.doc,e1ccec4a87ab96ca346e5756d6b14369eb9727ec2c2cfd03c1182a592ddd3bee,word/document.xml:outside_table_paragraph_1498,body_note_or_auxiliary_story,插电式混合动力汽车,
原件/免征目录/mf_batch31.doc,e1ccec4a87ab96ca346e5756d6b14369eb9727ec2c2cfd03c1182a592ddd3bee,word/document.xml:outside_table_paragraph_1499,body_note_or_auxiliary_story,乘用车,
原件/免征目录/mf_batch31.doc,e1ccec4a87ab96ca346e5756d6b14369eb9727ec2c2cfd03c1182a592ddd3bee,word/document.xml:outside_table_paragraph_1544,body_note_or_auxiliary_story,注：插电式混合动力汽车燃料消耗量仅包括传统燃料/不含电能折算。,
原件/免征目录/mf_batch31.doc,e1ccec4a87ab96ca346e5756d6b14369eb9727ec2c2cfd03c1182a592ddd3bee,word/document.xml:outside_table_paragraph_1546,body_note_or_auxiliary_story,客车,
原件/免征目录/mf_batch31.doc,e1ccec4a87ab96ca346e5756d6b14369eb9727ec2c2cfd03c1182a592ddd3bee,word/document.xml:outside_table_paragraph_1602,body_note_or_auxiliary_story,注：插电式混合动力汽车燃料消耗量仅包括传统燃料/不含电能折算。,
原件/免征目录/mf_batch31.doc,e1ccec4a87ab96ca346e5756d6b14369eb9727ec2c2cfd03c1182a592ddd3bee,word/document.xml:outside_table_paragraph_1604,body_note_or_auxiliary_story,专用车,
原件/免征目录/mf_batch31.doc,e1ccec4a87ab96ca346e5756d6b14369eb9727ec2c2cfd03c1182a592ddd3bee,word/document.xml:outside_table_paragraph_1693,body_note_or_auxiliary_story,注：插电式混合动力汽车燃料消耗量仅包括传统燃料/不含电能折算。,
原件/免征目录/mf_batch31.doc,e1ccec4a87ab96ca346e5756d6b14369eb9727ec2c2cfd03c1182a592ddd3bee,word/document.xml:outside_table_paragraph_1695,body_note_or_auxiliary_story,燃料电池汽车,
原件/免征目录/mf_batch31.doc,e1ccec4a87ab96ca346e5756d6b14369eb9727ec2c2cfd03c1182a592ddd3bee,word/document.xml:outside_table_paragraph_1696,body_note_or_auxiliary_story,客车,
原件/免征目录/mf_batch31.doc,e1ccec4a87ab96ca346e5756d6b14369eb9727ec2c2cfd03c1182a592ddd3bee,word/document.xml:outside_table_paragraph_1725,body_note_or_auxiliary_story,专用车,
原件/免征目录/mf_batch31.doc,e1ccec4a87ab96ca346e5756d6b14369eb9727ec2c2cfd03c1182a592ddd3bee,word/footer1.xml:outside_table_paragraph_1,body_note_or_auxiliary_story,13,
原件/免征目录/mf_batch32.doc,ad7c65b4831a05b7c70e1e73fe834aa9beed883c66f898e799fcbbeb43cc3d75,word/document.xml:table_0:row_0,physical_table_first_row_or_explicit_header,序号 | 生产企业名称 | 车辆型号 | 通用名称 | 纯电动续驶里程(km) | 整车整备质量(kg) | 动力蓄电池组总质量(kg) | 动力蓄电池组总能量（kWh） | 备注,
原件/免征目录/mf_batch32.doc,ad7c65b4831a05b7c70e1e73fe834aa9beed883c66f898e799fcbbeb43cc3d75,word/document.xml:table_1:row_0,physical_table_first_row_or_explicit_header,序号 | 生产企业名称 | 车辆型号 | 产品名称 | 纯电动续驶里程(km) | 整车整备质量(kg) | 动力蓄电池组总质量(kg) | 动力蓄电池组总能量（kWh） | 备注,
原件/免征目录/mf_batch32.doc,ad7c65b4831a05b7c70e1e73fe834aa9beed883c66f898e799fcbbeb43cc3d75,word/document.xml:table_2:row_0,physical_table_first_row_or_explicit_header,序号 | 生产企业名称 | 车辆型号 | 产品名称 | 纯电动续驶里程(km) | 整车整备质量(kg) | 动力蓄电池组总质量(kg) | 动力蓄电池组总能量（kWh） | 备注,
原件/免征目录/mf_batch32.doc,ad7c65b4831a05b7c70e1e73fe834aa9beed883c66f898e799fcbbeb43cc3d75,word/document.xml:table_3:row_0,physical_table_first_row_or_explicit_header,序号 | 生产企业名称 | 车辆型号 | 产品名称 | 纯电动续驶里程(km) | 整车整备质量(kg) | 动力蓄电池组总质量(kg) | 动力蓄电池组总能量（kWh） | 备注,
原件/免征目录/mf_batch32.doc,ad7c65b4831a05b7c70e1e73fe834aa9beed883c66f898e799fcbbeb43cc3d75,word/document.xml:table_4:row_0,physical_table_first_row_or_explicit_header,序号 | 生产企业名称 | 车辆型号 | 通用名称 | 纯电动续驶里程（km） | 燃料消耗量(L/100km) | 发动机排量(mL) | 整车整备质量(kg) | 动力蓄电池总质量（kg） | 动力蓄电池总能量（kWh） | 备注,
原件/免征目录/mf_batch32.doc,ad7c65b4831a05b7c70e1e73fe834aa9beed883c66f898e799fcbbeb43cc3d75,word/document.xml:table_5:row_0,physical_table_first_row_or_explicit_header,序号 | 生产企业名称 | 车辆型号 | 产品名称 | 纯电动续驶里程（km） | 燃料消耗量(L/100km) | 发动机排量(mL) | 整车整备质量(kg) | 动力蓄电池总质量（kg） | 动力蓄电池总能量（kWh） | 备注,
原件/免征目录/mf_batch32.doc,ad7c65b4831a05b7c70e1e73fe834aa9beed883c66f898e799fcbbeb43cc3d75,word/document.xml:table_6:row_0,physical_table_first_row_or_explicit_header,序号 | 生产企业名称 | 车辆型号 | 产品名称 | 纯电动续驶里程（km） | 燃料消耗量(L/100km) | 发动机排量(mL) | 整车整备质量(kg) | 动力蓄电池总质量（kg） | 动力蓄电池总能量（kWh） | 备注,
原件/免征目录/mf_batch32.doc,ad7c65b4831a05b7c70e1e73fe834aa9beed883c66f898e799fcbbeb43cc3d75,word/document.xml:table_7:row_0,physical_table_first_row_or_explicit_header,序号 | 生产企业名称 | 车辆型号 | 产品名称 | 续驶里程（km） | 整车整备质量（kg） | 燃料电池系统额定功率(kW) | 驱动电机额定功率(kW) | 备注,
原件/免征目录/mf_batch32.doc,ad7c65b4831a05b7c70e1e73fe834aa9beed883c66f898e799fcbbeb43cc3d75,word/document.xml:table_8:row_0,physical_table_first_row_or_explicit_header,序号 | 生产企业名称 | 车辆型号 | 产品名称 | 续驶里程（km） | 整车整备质量（kg） | 燃料电池系统额定功率(kW) | 驱动电机额定功率(kW) | 备注,
原件/免征目录/mf_batch32.doc,ad7c65b4831a05b7c70e1e73fe834aa9beed883c66f898e799fcbbeb43cc3d75,word/document.xml:outside_table_paragraph_1,body_note_or_auxiliary_story,附件1,
原件/免征目录/mf_batch32.doc,ad7c65b4831a05b7c70e1e73fe834aa9beed883c66f898e799fcbbeb43cc3d75,word/document.xml:outside_table_paragraph_2,body_note_or_auxiliary_story,免征车辆购置税的新能源汽车车型目录（第三十二批）,
原件/免征目录/mf_batch32.doc,ad7c65b4831a05b7c70e1e73fe834aa9beed883c66f898e799fcbbeb43cc3d75,word/document.xml:outside_table_paragraph_4,body_note_or_auxiliary_story,纯电动汽车,
原件/免征目录/mf_batch32.doc,ad7c65b4831a05b7c70e1e73fe834aa9beed883c66f898e799fcbbeb43cc3d75,word/document.xml:outside_table_paragraph_6,body_note_or_auxiliary_story,乘用车,
原件/免征目录/mf_batch32.doc,ad7c65b4831a05b7c70e1e73fe834aa9beed883c66f898e799fcbbeb43cc3d75,word/document.xml:outside_table_paragraph_460,body_note_or_auxiliary_story,客车,
原件/免征目录/mf_batch32.doc,ad7c65b4831a05b7c70e1e73fe834aa9beed883c66f898e799fcbbeb43cc3d75,word/document.xml:outside_table_paragraph_1362,body_note_or_auxiliary_story,（三）货车,
原件/免征目录/mf_batch32.doc,ad7c65b4831a05b7c70e1e73fe834aa9beed883c66f898e799fcbbeb43cc3d75,word/document.xml:outside_table_paragraph_1490,body_note_or_auxiliary_story,（四）专用车,
原件/免征目录/mf_batch32.doc,ad7c65b4831a05b7c70e1e73fe834aa9beed883c66f898e799fcbbeb43cc3d75,word/document.xml:outside_table_paragraph_2509,body_note_or_auxiliary_story,插电式混合动力汽车,
原件/免征目录/mf_batch32.doc,ad7c65b4831a05b7c70e1e73fe834aa9beed883c66f898e799fcbbeb43cc3d75,word/document.xml:outside_table_paragraph_2510,body_note_or_auxiliary_story,乘用车,
原件/免征目录/mf_batch32.doc,ad7c65b4831a05b7c70e1e73fe834aa9beed883c66f898e799fcbbeb43cc3d75,word/document.xml:outside_table_paragraph_2555,body_note_or_auxiliary_story,注：插电式混合动力汽车燃料消耗量仅包括传统燃料/不含电能折算。,
原件/免征目录/mf_batch32.doc,ad7c65b4831a05b7c70e1e73fe834aa9beed883c66f898e799fcbbeb43cc3d75,word/document.xml:outside_table_paragraph_2557,body_note_or_auxiliary_story,客车,
原件/免征目录/mf_batch32.doc,ad7c65b4831a05b7c70e1e73fe834aa9beed883c66f898e799fcbbeb43cc3d75,word/document.xml:outside_table_paragraph_2591,body_note_or_auxiliary_story,注：插电式混合动力汽车燃料消耗量仅包括传统燃料/不含电能折算。,
原件/免征目录/mf_batch32.doc,ad7c65b4831a05b7c70e1e73fe834aa9beed883c66f898e799fcbbeb43cc3d75,word/document.xml:outside_table_paragraph_2593,body_note_or_auxiliary_story,专用车,
原件/免征目录/mf_batch32.doc,ad7c65b4831a05b7c70e1e73fe834aa9beed883c66f898e799fcbbeb43cc3d75,word/document.xml:outside_table_paragraph_2627,body_note_or_auxiliary_story,注：插电式混合动力汽车燃料消耗量仅包括传统燃料/不含电能折算。,
原件/免征目录/mf_batch32.doc,ad7c65b4831a05b7c70e1e73fe834aa9beed883c66f898e799fcbbeb43cc3d75,word/document.xml:outside_table_paragraph_2629,body_note_or_auxiliary_story,燃料电池汽车,
原件/免征目录/mf_batch32.doc,ad7c65b4831a05b7c70e1e73fe834aa9beed883c66f898e799fcbbeb43cc3d75,word/document.xml:outside_table_paragraph_2631,body_note_or_auxiliary_story,客车,
原件/免征目录/mf_batch32.doc,ad7c65b4831a05b7c70e1e73fe834aa9beed883c66f898e799fcbbeb43cc3d75,word/document.xml:outside_table_paragraph_2660,body_note_or_auxiliary_story,货车,
原件/免征目录/mf_batch32.doc,ad7c65b4831a05b7c70e1e73fe834aa9beed883c66f898e799fcbbeb43cc3d75,word/footer1.xml:outside_table_paragraph_1,body_note_or_auxiliary_story,16,
原件/免征目录/mf_batch33.doc,ff98fbb1708c47cdcfc1e79e7a1647e72a7ae6d4255dce3b250d661001340c09,word/document.xml:table_0:row_0,physical_table_first_row_or_explicit_header,序号 | 生产企业名称 | 车辆型号 | 通用名称 | 纯电动续驶里程(km) | 整车整备质量(kg) | 动力蓄电池组总质量(kg) | 动力蓄电池组总能量(kWh) | 备注,
原件/免征目录/mf_batch33.doc,ff98fbb1708c47cdcfc1e79e7a1647e72a7ae6d4255dce3b250d661001340c09,word/document.xml:table_1:row_0,physical_table_first_row_or_explicit_header,序号 | 生产企业名称 | 车辆型号 | 产品名称 | 纯电动续驶里程(km) | 整车整备质量(kg) | 动力蓄电池组总质量(kg) | 动力蓄电池组总能量(kWh) | 备注,
原件/免征目录/mf_batch33.doc,ff98fbb1708c47cdcfc1e79e7a1647e72a7ae6d4255dce3b250d661001340c09,word/document.xml:table_2:row_0,physical_table_first_row_or_explicit_header,序号 | 生产企业名称 | 车辆型号 | 产品名称 | 纯电动续驶里程(km) | 整车整备质量(kg) | 动力蓄电池组总质量(kg) | 动力蓄电池组总能量(kWh) | 备注,
原件/免征目录/mf_batch33.doc,ff98fbb1708c47cdcfc1e79e7a1647e72a7ae6d4255dce3b250d661001340c09,word/document.xml:table_3:row_0,physical_table_first_row_or_explicit_header,序号 | 生产企业名称 | 车辆型号 | 产品名称 | 纯电动续驶里程(km) | 整车整备质量(kg) | 动力蓄电池组总质量(kg) | 动力蓄电池组总能量(kWh) | 备注,
原件/免征目录/mf_batch33.doc,ff98fbb1708c47cdcfc1e79e7a1647e72a7ae6d4255dce3b250d661001340c09,word/document.xml:table_4:row_0,physical_table_first_row_or_explicit_header,序号 | 生产企业名称 | 车辆型号 | 通用名称 | 纯电动续驶里程(km) | 燃料消耗量(L/100km) | 发动机排量(mL) | 整车整备质量(kg) | 动力蓄电池总质量(kg) | 动力蓄电池总能量(kWh) | 备注,
原件/免征目录/mf_batch33.doc,ff98fbb1708c47cdcfc1e79e7a1647e72a7ae6d4255dce3b250d661001340c09,word/document.xml:table_5:row_0,physical_table_first_row_or_explicit_header,序号 | 生产企业名称 | 车辆型号 | 产品名称 | 纯电动续驶里程(km) | 燃料消耗量(L/100km) | 发动机排量(mL) | 整车整备质量(kg) | 动力蓄电池总质量(kg) | 动力蓄电池总能量(kWh) | 备注,
原件/免征目录/mf_batch33.doc,ff98fbb1708c47cdcfc1e79e7a1647e72a7ae6d4255dce3b250d661001340c09,word/document.xml:table_6:row_0,physical_table_first_row_or_explicit_header,序号 | 生产企业名称 | 车辆型号 | 产品名称 | 纯电动续驶里程(km) | 燃料消耗量(L/100km) | 发动机排量(mL) | 整车整备质量(kg) | 动力蓄电池总质量(kg) | 动力蓄电池总能量(kWh) | 备注,
原件/免征目录/mf_batch33.doc,ff98fbb1708c47cdcfc1e79e7a1647e72a7ae6d4255dce3b250d661001340c09,word/document.xml:table_7:row_0,physical_table_first_row_or_explicit_header,序号 | 生产企业名称 | 车辆型号 | 产品名称 | 续驶里程(km) | 整车整备质量(kg) | 燃料电池系统额定功率(kW) | 驱动电机额定功率(kW) | 备注,
原件/免征目录/mf_batch33.doc,ff98fbb1708c47cdcfc1e79e7a1647e72a7ae6d4255dce3b250d661001340c09,word/document.xml:table_8:row_0,physical_table_first_row_or_explicit_header,序号 | 生产企业名称 | 车辆型号 | 产品名称 | 续驶里程(km) | 整车整备质量(kg) | 燃料电池系统额定功率(kW) | 驱动电机额定功率(kW) | 备注,
原件/免征目录/mf_batch33.doc,ff98fbb1708c47cdcfc1e79e7a1647e72a7ae6d4255dce3b250d661001340c09,word/document.xml:table_9:row_0,physical_table_first_row_or_explicit_header,序号 | 生产企业名称 | 车辆型号 | 产品名称 | 续驶里程(km) | 整车整备质量(kg) | 燃料电池系统额定功率(kW) | 驱动电机额定功率(kW) | 备注,
原件/免征目录/mf_batch33.doc,ff98fbb1708c47cdcfc1e79e7a1647e72a7ae6d4255dce3b250d661001340c09,word/document.xml:outside_table_paragraph_1,body_note_or_auxiliary_story,附件4,
原件/免征目录/mf_batch33.doc,ff98fbb1708c47cdcfc1e79e7a1647e72a7ae6d4255dce3b250d661001340c09,word/document.xml:outside_table_paragraph_2,body_note_or_auxiliary_story,免征车辆购置税的新能源汽车车型目录（第三十三批）,
原件/免征目录/mf_batch33.doc,ff98fbb1708c47cdcfc1e79e7a1647e72a7ae6d4255dce3b250d661001340c09,word/document.xml:outside_table_paragraph_4,body_note_or_auxiliary_story,纯电动汽车,
原件/免征目录/mf_batch33.doc,ff98fbb1708c47cdcfc1e79e7a1647e72a7ae6d4255dce3b250d661001340c09,word/document.xml:outside_table_paragraph_5,body_note_or_auxiliary_story,乘用车,
原件/免征目录/mf_batch33.doc,ff98fbb1708c47cdcfc1e79e7a1647e72a7ae6d4255dce3b250d661001340c09,word/document.xml:outside_table_paragraph_718,body_note_or_auxiliary_story,客车,
原件/免征目录/mf_batch33.doc,ff98fbb1708c47cdcfc1e79e7a1647e72a7ae6d4255dce3b250d661001340c09,word/document.xml:outside_table_paragraph_2150,body_note_or_auxiliary_story,（三）货车,
原件/免征目录/mf_batch33.doc,ff98fbb1708c47cdcfc1e79e7a1647e72a7ae6d4255dce3b250d661001340c09,word/document.xml:outside_table_paragraph_2296,body_note_or_auxiliary_story,专用车,
原件/免征目录/mf_batch33.doc,ff98fbb1708c47cdcfc1e79e7a1647e72a7ae6d4255dce3b250d661001340c09,word/document.xml:outside_table_paragraph_3840,body_note_or_auxiliary_story,插电式混合动力汽车,
原件/免征目录/mf_batch33.doc,ff98fbb1708c47cdcfc1e79e7a1647e72a7ae6d4255dce3b250d661001340c09,word/document.xml:outside_table_paragraph_3841,body_note_or_auxiliary_story,乘用车,
原件/免征目录/mf_batch33.doc,ff98fbb1708c47cdcfc1e79e7a1647e72a7ae6d4255dce3b250d661001340c09,word/document.xml:outside_table_paragraph_3985,body_note_or_auxiliary_story,注：插电式混合动力汽车燃料消耗量仅包括传统燃料/不含电能折算。,
原件/免征目录/mf_batch33.doc,ff98fbb1708c47cdcfc1e79e7a1647e72a7ae6d4255dce3b250d661001340c09,word/document.xml:outside_table_paragraph_3987,body_note_or_auxiliary_story,客车,
原件/免征目录/mf_batch33.doc,ff98fbb1708c47cdcfc1e79e7a1647e72a7ae6d4255dce3b250d661001340c09,word/document.xml:outside_table_paragraph_4032,body_note_or_auxiliary_story,注：插电式混合动力汽车燃料消耗量仅包括传统燃料/不含电能折算。,
原件/免征目录/mf_batch33.doc,ff98fbb1708c47cdcfc1e79e7a1647e72a7ae6d4255dce3b250d661001340c09,word/document.xml:outside_table_paragraph_4034,body_note_or_auxiliary_story,专用车,
原件/免征目录/mf_batch33.doc,ff98fbb1708c47cdcfc1e79e7a1647e72a7ae6d4255dce3b250d661001340c09,word/document.xml:outside_table_paragraph_4127,body_note_or_auxiliary_story,燃料电池汽车,
原件/免征目录/mf_batch33.doc,ff98fbb1708c47cdcfc1e79e7a1647e72a7ae6d4255dce3b250d661001340c09,word/document.xml:outside_table_paragraph_4128,body_note_or_auxiliary_story,客车,
原件/免征目录/mf_batch33.doc,ff98fbb1708c47cdcfc1e79e7a1647e72a7ae6d4255dce3b250d661001340c09,word/document.xml:outside_table_paragraph_4202,body_note_or_auxiliary_story,专用车,
原件/免征目录/mf_batch33.doc,ff98fbb1708c47cdcfc1e79e7a1647e72a7ae6d4255dce3b250d661001340c09,word/document.xml:outside_table_paragraph_4231,body_note_or_auxiliary_story,货车,
原件/免征目录/mf_batch33.doc,ff98fbb1708c47cdcfc1e79e7a1647e72a7ae6d4255dce3b250d661001340c09,word/footer1.xml:outside_table_paragraph_1,body_note_or_auxiliary_story,30,
原件/免征目录/mf_batch34.doc,d5c5bb03cc5fe0f16b284048e265ad35d62c12c0416f14aef0ce026a229aa831,word/document.xml:table_0:row_0,physical_table_first_row_or_explicit_header,序号 | 生产企业名称 | 车辆型号 | 通用名称 | 纯电动续驶里程(km) | 整车整备质量(kg) | 动力蓄电池组总质量(kg) | 动力蓄电池组总能量(kWh) | 备注,
原件/免征目录/mf_batch34.doc,d5c5bb03cc5fe0f16b284048e265ad35d62c12c0416f14aef0ce026a229aa831,word/document.xml:table_1:row_0,physical_table_first_row_or_explicit_header,序号 | 生产企业名称 | 车辆型号 | 产品名称 | 纯电动续驶里程(km) | 整车整备质量(kg) | 动力蓄电池组总质量(kg) | 动力蓄电池组总能量(kWh) | 备注,
原件/免征目录/mf_batch34.doc,d5c5bb03cc5fe0f16b284048e265ad35d62c12c0416f14aef0ce026a229aa831,word/document.xml:table_2:row_0,physical_table_first_row_or_explicit_header,序号 | 生产企业名称 | 车辆型号 | 产品名称 | 纯电动续驶里程(km) | 整车整备质量(kg) | 动力蓄电池组总质量(kg) | 动力蓄电池组总能量(kWh) | 备注,
原件/免征目录/mf_batch34.doc,d5c5bb03cc5fe0f16b284048e265ad35d62c12c0416f14aef0ce026a229aa831,word/document.xml:table_3:row_0,physical_table_first_row_or_explicit_header,序号 | 生产企业名称 | 车辆型号 | 产品名称 | 纯电动续驶里程(km) | 整车整备质量(kg) | 动力蓄电池组总质量(kg) | 动力蓄电池组总能量(kWh) | 备注,
原件/免征目录/mf_batch34.doc,d5c5bb03cc5fe0f16b284048e265ad35d62c12c0416f14aef0ce026a229aa831,word/document.xml:table_4:row_0,physical_table_first_row_or_explicit_header,序号 | 生产企业名称 | 车辆型号 | 通用名称 | 纯电动续驶里程(km) | 燃料消耗量(L/100km) | 发动机排量(mL) | 整车整备质量(kg) | 动力蓄电池总质量(kg) | 动力蓄电池总能量(kWh) | 备注,
原件/免征目录/mf_batch34.doc,d5c5bb03cc5fe0f16b284048e265ad35d62c12c0416f14aef0ce026a229aa831,word/document.xml:table_5:row_0,physical_table_first_row_or_explicit_header,序号 | 生产企业名称 | 车辆型号 | 产品名称 | 纯电动续驶里程(km) | 燃料消耗量(L/100km) | 发动机排量(mL) | 整车整备质量(kg) | 动力蓄电池总质量(kg) | 动力蓄电池总能量(kWh) | 备注,
原件/免征目录/mf_batch34.doc,d5c5bb03cc5fe0f16b284048e265ad35d62c12c0416f14aef0ce026a229aa831,word/document.xml:table_6:row_0,physical_table_first_row_or_explicit_header,序号 | 生产企业名称 | 车辆型号 | 产品名称 | 纯电动续驶里程(km) | 燃料消耗量(L/100km) | 发动机排量(mL) | 整车整备质量(kg) | 动力蓄电池总质量(kg) | 动力蓄电池总能量(kWh) | 备注,
原件/免征目录/mf_batch34.doc,d5c5bb03cc5fe0f16b284048e265ad35d62c12c0416f14aef0ce026a229aa831,word/document.xml:table_7:row_0,physical_table_first_row_or_explicit_header,序号 | 生产企业名称 | 车辆型号 | 产品名称 | 续驶里程(km) | 整车整备质量(kg) | 燃料电池系统额定功率(kW) | 驱动电机额定功率(kW) | 备注,
原件/免征目录/mf_batch34.doc,d5c5bb03cc5fe0f16b284048e265ad35d62c12c0416f14aef0ce026a229aa831,word/document.xml:table_8:row_0,physical_table_first_row_or_explicit_header,序号 | 生产企业名称 | 车辆型号 | 产品名称 | 续驶里程(km) | 整车整备质量(kg) | 燃料电池系统额定功率(kW) | 驱动电机额定功率(kW) | 备注,
原件/免征目录/mf_batch34.doc,d5c5bb03cc5fe0f16b284048e265ad35d62c12c0416f14aef0ce026a229aa831,word/document.xml:table_9:row_0,physical_table_first_row_or_explicit_header,序号 | 生产企业名称 | 车辆型号 | 产品名称 | 续驶里程(km) | 整车整备质量(kg) | 燃料电池系统额定功率(kW) | 驱动电机额定功率(kW) | 备注,
原件/免征目录/mf_batch34.doc,d5c5bb03cc5fe0f16b284048e265ad35d62c12c0416f14aef0ce026a229aa831,word/document.xml:outside_table_paragraph_1,body_note_or_auxiliary_story,附件4,
原件/免征目录/mf_batch34.doc,d5c5bb03cc5fe0f16b284048e265ad35d62c12c0416f14aef0ce026a229aa831,word/document.xml:outside_table_paragraph_2,body_note_or_auxiliary_story,免征车辆购置税的新能源汽车车型目录（第三十四批）,
原件/免征目录/mf_batch34.doc,d5c5bb03cc5fe0f16b284048e265ad35d62c12c0416f14aef0ce026a229aa831,word/document.xml:outside_table_paragraph_4,body_note_or_auxiliary_story,纯电动汽车,
原件/免征目录/mf_batch34.doc,d5c5bb03cc5fe0f16b284048e265ad35d62c12c0416f14aef0ce026a229aa831,word/document.xml:outside_table_paragraph_5,body_note_or_auxiliary_story,乘用车,
原件/免征目录/mf_batch34.doc,d5c5bb03cc5fe0f16b284048e265ad35d62c12c0416f14aef0ce026a229aa831,word/document.xml:outside_table_paragraph_484,body_note_or_auxiliary_story,客车,
原件/免征目录/mf_batch34.doc,d5c5bb03cc5fe0f16b284048e265ad35d62c12c0416f14aef0ce026a229aa831,word/document.xml:outside_table_paragraph_883,body_note_or_auxiliary_story,（三）货车,
原件/免征目录/mf_batch34.doc,d5c5bb03cc5fe0f16b284048e265ad35d62c12c0416f14aef0ce026a229aa831,word/document.xml:outside_table_paragraph_984,body_note_or_auxiliary_story,专用车,
原件/免征目录/mf_batch34.doc,d5c5bb03cc5fe0f16b284048e265ad35d62c12c0416f14aef0ce026a229aa831,word/document.xml:outside_table_paragraph_2048,body_note_or_auxiliary_story,插电式混合动力汽车,
原件/免征目录/mf_batch34.doc,d5c5bb03cc5fe0f16b284048e265ad35d62c12c0416f14aef0ce026a229aa831,word/document.xml:outside_table_paragraph_2049,body_note_or_auxiliary_story,乘用车,
原件/免征目录/mf_batch34.doc,d5c5bb03cc5fe0f16b284048e265ad35d62c12c0416f14aef0ce026a229aa831,word/document.xml:outside_table_paragraph_2072,body_note_or_auxiliary_story,注：插电式混合动力汽车燃料消耗量仅包括传统燃料/不含电能折算。,
原件/免征目录/mf_batch34.doc,d5c5bb03cc5fe0f16b284048e265ad35d62c12c0416f14aef0ce026a229aa831,word/document.xml:outside_table_paragraph_2074,body_note_or_auxiliary_story,客车,
原件/免征目录/mf_batch34.doc,d5c5bb03cc5fe0f16b284048e265ad35d62c12c0416f14aef0ce026a229aa831,word/document.xml:outside_table_paragraph_2119,body_note_or_auxiliary_story,注：插电式混合动力汽车燃料消耗量仅包括传统燃料/不含电能折算。,
原件/免征目录/mf_batch34.doc,d5c5bb03cc5fe0f16b284048e265ad35d62c12c0416f14aef0ce026a229aa831,word/document.xml:outside_table_paragraph_2121,body_note_or_auxiliary_story,专用车,
原件/免征目录/mf_batch34.doc,d5c5bb03cc5fe0f16b284048e265ad35d62c12c0416f14aef0ce026a229aa831,word/document.xml:outside_table_paragraph_2210,body_note_or_auxiliary_story,注：插电式混合动力汽车燃料消耗量仅包括传统燃料/不含电能折算。,
原件/免征目录/mf_batch34.doc,d5c5bb03cc5fe0f16b284048e265ad35d62c12c0416f14aef0ce026a229aa831,word/document.xml:outside_table_paragraph_2212,body_note_or_auxiliary_story,燃料电池汽车,
原件/免征目录/mf_batch34.doc,d5c5bb03cc5fe0f16b284048e265ad35d62c12c0416f14aef0ce026a229aa831,word/document.xml:outside_table_paragraph_2213,body_note_or_auxiliary_story,客车,
原件/免征目录/mf_batch34.doc,d5c5bb03cc5fe0f16b284048e265ad35d62c12c0416f14aef0ce026a229aa831,word/document.xml:outside_table_paragraph_2325,body_note_or_auxiliary_story,专用车,
原件/免征目录/mf_batch34.doc,d5c5bb03cc5fe0f16b284048e265ad35d62c12c0416f14aef0ce026a229aa831,word/document.xml:outside_table_paragraph_2354,body_note_or_auxiliary_story,货车,
原件/免征目录/mf_batch34.doc,d5c5bb03cc5fe0f16b284048e265ad35d62c12c0416f14aef0ce026a229aa831,word/footer1.xml:outside_table_paragraph_1,body_note_or_auxiliary_story,16,
原件/免征目录/mf_batch35.wps,e4a6abd0e50daa81d029f8b37584511354700e855dc89de210fcba782b0643f0,word/document.xml:table_0:row_0,physical_table_first_row_or_explicit_header,序号 | 生产企业名称 | 车辆型号 | 通用名称 | 纯电动续驶里程(km) | 整车整备质量(kg) | 动力蓄电池组总质量(kg) | 动力蓄电池组总能量(kWh) | 备注,
原件/免征目录/mf_batch35.wps,e4a6abd0e50daa81d029f8b37584511354700e855dc89de210fcba782b0643f0,word/document.xml:table_1:row_0,physical_table_first_row_or_explicit_header,序号 | 生产企业名称 | 车辆型号 | 产品名称 | 纯电动续驶里程(km) | 整车整备质量(kg) | 动力蓄电池组总质量(kg) | 动力蓄电池组总能量(kWh) | 备注,
原件/免征目录/mf_batch35.wps,e4a6abd0e50daa81d029f8b37584511354700e855dc89de210fcba782b0643f0,word/document.xml:table_2:row_0,physical_table_first_row_or_explicit_header,序号 | 生产企业名称 | 车辆型号 | 产品名称 | 纯电动续驶里程(km) | 整车整备质量(kg) | 动力蓄电池组总质量(kg) | 动力蓄电池组总能量(kWh) | 备注,
原件/免征目录/mf_batch35.wps,e4a6abd0e50daa81d029f8b37584511354700e855dc89de210fcba782b0643f0,word/document.xml:table_3:row_0,physical_table_first_row_or_explicit_header,序号 | 生产企业名称 | 车辆型号 | 产品名称 | 纯电动续驶里程(km) | 整车整备质量(kg) | 动力蓄电池组总质量(kg) | 动力蓄电池组总能量(kWh) | 备注,
原件/免征目录/mf_batch35.wps,e4a6abd0e50daa81d029f8b37584511354700e855dc89de210fcba782b0643f0,word/document.xml:table_4:row_0,physical_table_first_row_or_explicit_header,序号 | 生产企业名称 | 车辆型号 | 通用名称 | 纯电动续驶里程(km) | 燃料消耗量(L/100km) | 发动机排量(mL) | 整车整备质量(kg) | 动力蓄电池总质量(kg) | 动力蓄电池总能量(kWh) | 备注,
原件/免征目录/mf_batch35.wps,e4a6abd0e50daa81d029f8b37584511354700e855dc89de210fcba782b0643f0,word/document.xml:table_5:row_0,physical_table_first_row_or_explicit_header,序号 | 生产企业名称 | 车辆型号 | 产品名称 | 纯电动续驶里程(km) | 燃料消耗量(L/100km) | 发动机排量(mL) | 整车整备质量(kg) | 动力蓄电池总质量(kg) | 动力蓄电池总能量(kWh) | 备注,
原件/免征目录/mf_batch35.wps,e4a6abd0e50daa81d029f8b37584511354700e855dc89de210fcba782b0643f0,word/document.xml:table_6:row_0,physical_table_first_row_or_explicit_header,序号 | 生产企业名称 | 车辆型号 | 产品名称 | 纯电动续驶里程(km) | 燃料消耗量(L/100km) | 发动机排量(mL) | 整车整备质量(kg) | 动力蓄电池总质量(kg) | 动力蓄电池总能量(kWh) | 备注,
原件/免征目录/mf_batch35.wps,e4a6abd0e50daa81d029f8b37584511354700e855dc89de210fcba782b0643f0,word/document.xml:table_7:row_0,physical_table_first_row_or_explicit_header,序号 | 生产企业名称 | 车辆型号 | 产品名称 | 续驶里程(km) | 整车整备质量(kg) | 燃料电池系统额定功率(kW) | 驱动电机额定功率(kW) | 备注,
原件/免征目录/mf_batch35.wps,e4a6abd0e50daa81d029f8b37584511354700e855dc89de210fcba782b0643f0,word/document.xml:table_8:row_0,physical_table_first_row_or_explicit_header,序号 | 生产企业名称 | 车辆型号 | 产品名称 | 续驶里程(km) | 整车整备质量(kg) | 燃料电池系统额定功率(kW) | 驱动电机额定功率(kW) | 备注,
原件/免征目录/mf_batch35.wps,e4a6abd0e50daa81d029f8b37584511354700e855dc89de210fcba782b0643f0,word/document.xml:table_9:row_0,physical_table_first_row_or_explicit_header,序号 | 生产企业名称 | 车辆型号 | 产品名称 | 续驶里程(km) | 整车整备质量(kg) | 燃料电池系统额定功率(kW) | 驱动电机额定功率(kW) | 备注,
原件/免征目录/mf_batch35.wps,e4a6abd0e50daa81d029f8b37584511354700e855dc89de210fcba782b0643f0,word/document.xml:outside_table_paragraph_1,body_note_or_auxiliary_story,附件4,
原件/免征目录/mf_batch35.wps,e4a6abd0e50daa81d029f8b37584511354700e855dc89de210fcba782b0643f0,word/document.xml:outside_table_paragraph_2,body_note_or_auxiliary_story,免征车辆购置税的新能源汽车车型目录（第三十五批）,
原件/免征目录/mf_batch35.wps,e4a6abd0e50daa81d029f8b37584511354700e855dc89de210fcba782b0643f0,word/document.xml:outside_table_paragraph_4,body_note_or_auxiliary_story,纯电动汽车,
原件/免征目录/mf_batch35.wps,e4a6abd0e50daa81d029f8b37584511354700e855dc89de210fcba782b0643f0,word/document.xml:outside_table_paragraph_5,body_note_or_auxiliary_story,乘用车,
原件/免征目录/mf_batch35.wps,e4a6abd0e50daa81d029f8b37584511354700e855dc89de210fcba782b0643f0,word/document.xml:outside_table_paragraph_314,body_note_or_auxiliary_story,客车,
原件/免征目录/mf_batch35.wps,e4a6abd0e50daa81d029f8b37584511354700e855dc89de210fcba782b0643f0,word/document.xml:outside_table_paragraph_811,body_note_or_auxiliary_story,货车,
原件/免征目录/mf_batch35.wps,e4a6abd0e50daa81d029f8b37584511354700e855dc89de210fcba782b0643f0,word/document.xml:outside_table_paragraph_867,body_note_or_auxiliary_story,专用车,
原件/免征目录/mf_batch35.wps,e4a6abd0e50daa81d029f8b37584511354700e855dc89de210fcba782b0643f0,word/document.xml:outside_table_paragraph_2111,body_note_or_auxiliary_story,插电式混合动力汽车,
原件/免征目录/mf_batch35.wps,e4a6abd0e50daa81d029f8b37584511354700e855dc89de210fcba782b0643f0,word/document.xml:outside_table_paragraph_2112,body_note_or_auxiliary_story,乘用车,
原件/免征目录/mf_batch35.wps,e4a6abd0e50daa81d029f8b37584511354700e855dc89de210fcba782b0643f0,word/document.xml:outside_table_paragraph_2157,body_note_or_auxiliary_story,注：插电式混合动力汽车燃料消耗量仅包括传统燃料/不含电能折算。,
原件/免征目录/mf_batch35.wps,e4a6abd0e50daa81d029f8b37584511354700e855dc89de210fcba782b0643f0,word/document.xml:outside_table_paragraph_2159,body_note_or_auxiliary_story,客车,
原件/免征目录/mf_batch35.wps,e4a6abd0e50daa81d029f8b37584511354700e855dc89de210fcba782b0643f0,word/document.xml:outside_table_paragraph_2215,body_note_or_auxiliary_story,注：插电式混合动力汽车燃料消耗量仅包括传统燃料/不含电能折算。,
原件/免征目录/mf_batch35.wps,e4a6abd0e50daa81d029f8b37584511354700e855dc89de210fcba782b0643f0,word/document.xml:outside_table_paragraph_2217,body_note_or_auxiliary_story,专用车,
原件/免征目录/mf_batch35.wps,e4a6abd0e50daa81d029f8b37584511354700e855dc89de210fcba782b0643f0,word/document.xml:outside_table_paragraph_2262,body_note_or_auxiliary_story,燃料电池汽车,
原件/免征目录/mf_batch35.wps,e4a6abd0e50daa81d029f8b37584511354700e855dc89de210fcba782b0643f0,word/document.xml:outside_table_paragraph_2263,body_note_or_auxiliary_story,客车,
原件/免征目录/mf_batch35.wps,e4a6abd0e50daa81d029f8b37584511354700e855dc89de210fcba782b0643f0,word/document.xml:outside_table_paragraph_2364,body_note_or_auxiliary_story,专用车,
原件/免征目录/mf_batch35.wps,e4a6abd0e50daa81d029f8b37584511354700e855dc89de210fcba782b0643f0,word/document.xml:outside_table_paragraph_2411,body_note_or_auxiliary_story,货车,
原件/免征目录/mf_batch35.wps,e4a6abd0e50daa81d029f8b37584511354700e855dc89de210fcba782b0643f0,word/footer1.xml:outside_table_paragraph_1,body_note_or_auxiliary_story,18,
原件/免征目录/mf_batch36.doc,05cfcfd9136685ad6d6e13b8228cd123cca109c26f43a4c71472016b5a610a9f,word/document.xml:table_0:row_0,physical_table_first_row_or_explicit_header,序号 | 生产企业名称 | 车辆型号 | 通用名称 | 纯电动续驶里程(km) | 整车整备质量(kg) | 动力蓄电池组总质量(kg) | 动力蓄电池组总能量(kWh) | 备注,
原件/免征目录/mf_batch36.doc,05cfcfd9136685ad6d6e13b8228cd123cca109c26f43a4c71472016b5a610a9f,word/document.xml:table_1:row_0,physical_table_first_row_or_explicit_header,序号 | 生产企业名称 | 车辆型号 | 产品名称 | 纯电动续驶里程(km) | 整车整备质量(kg) | 动力蓄电池组总质量(kg) | 动力蓄电池组总能量(kWh) | 备注,
原件/免征目录/mf_batch36.doc,05cfcfd9136685ad6d6e13b8228cd123cca109c26f43a4c71472016b5a610a9f,word/document.xml:table_2:row_0,physical_table_first_row_or_explicit_header,序号 | 生产企业名称 | 车辆型号 | 产品名称 | 纯电动续驶里程(km) | 整车整备质量(kg) | 动力蓄电池组总质量(kg) | 动力蓄电池组总能量(kWh) | 备注,
原件/免征目录/mf_batch36.doc,05cfcfd9136685ad6d6e13b8228cd123cca109c26f43a4c71472016b5a610a9f,word/document.xml:table_3:row_0,physical_table_first_row_or_explicit_header,序号 | 生产企业名称 | 车辆型号 | 产品名称 | 纯电动续驶里程(km) | 整车整备质量(kg) | 动力蓄电池组总质量(kg) | 动力蓄电池组总能量(kWh) | 备注,
原件/免征目录/mf_batch36.doc,05cfcfd9136685ad6d6e13b8228cd123cca109c26f43a4c71472016b5a610a9f,word/document.xml:table_4:row_0,physical_table_first_row_or_explicit_header,序号 | 生产企业名称 | 车辆型号 | 通用名称 | 纯电动续驶里程(km) | 燃料消耗量(L/100km) | 发动机排量(mL) | 整车整备质量(kg) | 动力蓄电池总质量(kg) | 动力蓄电池总能量(kWh) | 备注,
原件/免征目录/mf_batch36.doc,05cfcfd9136685ad6d6e13b8228cd123cca109c26f43a4c71472016b5a610a9f,word/document.xml:table_5:row_0,physical_table_first_row_or_explicit_header,序号 | 生产企业名称 | 车辆型号 | 产品名称 | 纯电动续驶里程(km) | 燃料消耗量(L/100km) | 发动机排量(mL) | 整车整备质量(kg) | 动力蓄电池总质量(kg) | 动力蓄电池总能量(kWh) | 备注,
原件/免征目录/mf_batch36.doc,05cfcfd9136685ad6d6e13b8228cd123cca109c26f43a4c71472016b5a610a9f,word/document.xml:table_6:row_0,physical_table_first_row_or_explicit_header,序号 | 生产企业名称 | 车辆型号 | 产品名称 | 纯电动续驶里程(km) | 燃料消耗量(L/100km) | 发动机排量(mL) | 整车整备质量(kg) | 动力蓄电池总质量(kg) | 动力蓄电池总能量(kWh) | 备注,
原件/免征目录/mf_batch36.doc,05cfcfd9136685ad6d6e13b8228cd123cca109c26f43a4c71472016b5a610a9f,word/document.xml:table_7:row_0,physical_table_first_row_or_explicit_header,序号 | 生产企业名称 | 车辆型号 | 通用名称 | 续驶里程(km) | 整车整备质量(kg) | 燃料电池系统额定功率(kW) | 驱动电机额定功率(kW) | 备注,
原件/免征目录/mf_batch36.doc,05cfcfd9136685ad6d6e13b8228cd123cca109c26f43a4c71472016b5a610a9f,word/document.xml:table_8:row_0,physical_table_first_row_or_explicit_header,序号 | 生产企业名称 | 车辆型号 | 产品名称 | 续驶里程(km) | 整车整备质量(kg) | 燃料电池系统额定功率(kW) | 驱动电机额定功率(kW) | 备注,
原件/免征目录/mf_batch36.doc,05cfcfd9136685ad6d6e13b8228cd123cca109c26f43a4c71472016b5a610a9f,word/document.xml:table_9:row_0,physical_table_first_row_or_explicit_header,序号 | 生产企业名称 | 车辆型号 | 产品名称 | 续驶里程(km) | 整车整备质量(kg) | 燃料电池系统额定功率(kW) | 驱动电机额定功率(kW) | 备注,
原件/免征目录/mf_batch36.doc,05cfcfd9136685ad6d6e13b8228cd123cca109c26f43a4c71472016b5a610a9f,word/document.xml:table_10:row_0,physical_table_first_row_or_explicit_header,序号 | 生产企业名称 | 车辆型号 | 产品名称 | 续驶里程(km) | 整车整备质量(kg) | 燃料电池系统额定功率(kW) | 驱动电机额定功率(kW) | 备注,
原件/免征目录/mf_batch36.doc,05cfcfd9136685ad6d6e13b8228cd123cca109c26f43a4c71472016b5a610a9f,word/document.xml:outside_table_paragraph_1,body_note_or_auxiliary_story,附件4,
原件/免征目录/mf_batch36.doc,05cfcfd9136685ad6d6e13b8228cd123cca109c26f43a4c71472016b5a610a9f,word/document.xml:outside_table_paragraph_3,body_note_or_auxiliary_story,免征车辆购置税的新能源汽车车型目录,
原件/免征目录/mf_batch36.doc,05cfcfd9136685ad6d6e13b8228cd123cca109c26f43a4c71472016b5a610a9f,word/document.xml:outside_table_paragraph_4,body_note_or_auxiliary_story,（第三十六批）,
原件/免征目录/mf_batch36.doc,05cfcfd9136685ad6d6e13b8228cd123cca109c26f43a4c71472016b5a610a9f,word/document.xml:outside_table_paragraph_6,body_note_or_auxiliary_story,纯电动汽车,
原件/免征目录/mf_batch36.doc,05cfcfd9136685ad6d6e13b8228cd123cca109c26f43a4c71472016b5a610a9f,word/document.xml:outside_table_paragraph_7,body_note_or_auxiliary_story,乘用车,
原件/免征目录/mf_batch36.doc,05cfcfd9136685ad6d6e13b8228cd123cca109c26f43a4c71472016b5a610a9f,word/document.xml:outside_table_paragraph_279,body_note_or_auxiliary_story,客车,
原件/免征目录/mf_batch36.doc,05cfcfd9136685ad6d6e13b8228cd123cca109c26f43a4c71472016b5a610a9f,word/document.xml:outside_table_paragraph_785,body_note_or_auxiliary_story,货车,
原件/免征目录/mf_batch36.doc,05cfcfd9136685ad6d6e13b8228cd123cca109c26f43a4c71472016b5a610a9f,word/document.xml:outside_table_paragraph_895,body_note_or_auxiliary_story,专用车,
原件/免征目录/mf_batch36.doc,05cfcfd9136685ad6d6e13b8228cd123cca109c26f43a4c71472016b5a610a9f,word/document.xml:outside_table_paragraph_1536,body_note_or_auxiliary_story,插电式混合动力汽车,
原件/免征目录/mf_batch36.doc,05cfcfd9136685ad6d6e13b8228cd123cca109c26f43a4c71472016b5a610a9f,word/document.xml:outside_table_paragraph_1537,body_note_or_auxiliary_story,乘用车,
原件/免征目录/mf_batch36.doc,05cfcfd9136685ad6d6e13b8228cd123cca109c26f43a4c71472016b5a610a9f,word/document.xml:outside_table_paragraph_1604,body_note_or_auxiliary_story, 注：插电式混合动力汽车燃料消耗量仅包括传统燃料/不含电能折算,
原件/免征目录/mf_batch36.doc,05cfcfd9136685ad6d6e13b8228cd123cca109c26f43a4c71472016b5a610a9f,word/document.xml:outside_table_paragraph_1606,body_note_or_auxiliary_story,客车,
原件/免征目录/mf_batch36.doc,05cfcfd9136685ad6d6e13b8228cd123cca109c26f43a4c71472016b5a610a9f,word/document.xml:outside_table_paragraph_1706,body_note_or_auxiliary_story,注：插电式混合动力汽车燃料消耗量仅包括传统燃料/不含电能折算。,
原件/免征目录/mf_batch36.doc,05cfcfd9136685ad6d6e13b8228cd123cca109c26f43a4c71472016b5a610a9f,word/document.xml:outside_table_paragraph_1708,body_note_or_auxiliary_story,专用车,
原件/免征目录/mf_batch36.doc,05cfcfd9136685ad6d6e13b8228cd123cca109c26f43a4c71472016b5a610a9f,word/document.xml:outside_table_paragraph_1776,body_note_or_auxiliary_story,燃料电池汽车,
原件/免征目录/mf_batch36.doc,05cfcfd9136685ad6d6e13b8228cd123cca109c26f43a4c71472016b5a610a9f,word/document.xml:outside_table_paragraph_1777,body_note_or_auxiliary_story,乘用车,
原件/免征目录/mf_batch36.doc,05cfcfd9136685ad6d6e13b8228cd123cca109c26f43a4c71472016b5a610a9f,word/document.xml:outside_table_paragraph_1797,body_note_or_auxiliary_story,客车,
原件/免征目录/mf_batch36.doc,05cfcfd9136685ad6d6e13b8228cd123cca109c26f43a4c71472016b5a610a9f,word/document.xml:outside_table_paragraph_1880,body_note_or_auxiliary_story,专用车,
原件/免征目录/mf_batch36.doc,05cfcfd9136685ad6d6e13b8228cd123cca109c26f43a4c71472016b5a610a9f,word/document.xml:outside_table_paragraph_1945,body_note_or_auxiliary_story,货车,
原件/免征目录/mf_batch36.doc,05cfcfd9136685ad6d6e13b8228cd123cca109c26f43a4c71472016b5a610a9f,word/footer1.xml:outside_table_paragraph_1,body_note_or_auxiliary_story,14,
原件/免征目录/mf_batch37.doc,136057faede292d8070763e326c8dbdcddf3790653cc6879a13758f91556881f,word/document.xml:table_0:row_0,physical_table_first_row_or_explicit_header,序号 | 生产企业名称 | 车辆型号 | 通用名称 | 纯电动续驶里程(km) | 整车整备质量(kg) | 动力蓄电池组总质量(kg) | 动力蓄电池组总能量(kWh) | 备注,
原件/免征目录/mf_batch37.doc,136057faede292d8070763e326c8dbdcddf3790653cc6879a13758f91556881f,word/document.xml:table_1:row_0,physical_table_first_row_or_explicit_header,序号 | 生产企业名称 | 车辆型号 | 产品名称 | 纯电动续驶里程(km) | 整车整备质量(kg) | 动力蓄电池组总质量(kg) | 动力蓄电池组总能量(kWh) | 备注,
原件/免征目录/mf_batch37.doc,136057faede292d8070763e326c8dbdcddf3790653cc6879a13758f91556881f,word/document.xml:table_2:row_0,physical_table_first_row_or_explicit_header,序号 | 生产企业名称 | 车辆型号 | 产品名称 | 纯电动续驶里程(km) | 整车整备质量(kg) | 动力蓄电池组总质量(kg) | 动力蓄电池组总能量(kWh) | 备注,
原件/免征目录/mf_batch37.doc,136057faede292d8070763e326c8dbdcddf3790653cc6879a13758f91556881f,word/document.xml:table_3:row_0,physical_table_first_row_or_explicit_header,序号 | 生产企业名称 | 车辆型号 | 产品名称 | 纯电动续驶里程(km) | 整车整备质量(kg) | 动力蓄电池组总质量(kg) | 动力蓄电池组总能量(kWh) | 备注,
原件/免征目录/mf_batch37.doc,136057faede292d8070763e326c8dbdcddf3790653cc6879a13758f91556881f,word/document.xml:table_4:row_0,physical_table_first_row_or_explicit_header,序号 | 生产企业名称 | 车辆型号 | 通用名称 | 纯电动续驶里程(km) | 燃料消耗量(L/100km) | 发动机排量(mL) | 整车整备质量(kg) | 动力蓄电池总质量(kg) | 动力蓄电池总能量(kWh) | 备注,
原件/免征目录/mf_batch37.doc,136057faede292d8070763e326c8dbdcddf3790653cc6879a13758f91556881f,word/document.xml:table_5:row_0,physical_table_first_row_or_explicit_header,序号 | 生产企业名称 | 车辆型号 | 产品名称 | 纯电动续驶里程(km) | 燃料消耗量(L/100km) | 发动机排量(mL) | 整车整备质量(kg) | 动力蓄电池总质量(kg) | 动力蓄电池总能量(kWh) | 备注,
原件/免征目录/mf_batch37.doc,136057faede292d8070763e326c8dbdcddf3790653cc6879a13758f91556881f,word/document.xml:table_6:row_0,physical_table_first_row_or_explicit_header,序号 | 生产企业名称 | 车辆型号 | 产品名称 | 纯电动续驶里程(km) | 燃料消耗量(L/100km) | 发动机排量(mL) | 整车整备质量(kg) | 动力蓄电池总质量(kg) | 动力蓄电池总能量(kWh) | 备注,
原件/免征目录/mf_batch37.doc,136057faede292d8070763e326c8dbdcddf3790653cc6879a13758f91556881f,word/document.xml:table_7:row_0,physical_table_first_row_or_explicit_header,序号 | 生产企业名称 | 车辆型号 | 产品名称 | 续驶里程(km) | 整车整备质量(kg) | 燃料电池系统额定功率(kW) | 驱动电机额定功率(kW) | 备注,
原件/免征目录/mf_batch37.doc,136057faede292d8070763e326c8dbdcddf3790653cc6879a13758f91556881f,word/document.xml:table_8:row_0,physical_table_first_row_or_explicit_header,序号 | 生产企业名称 | 车辆型号 | 产品名称 | 续驶里程(km) | 整车整备质量(kg) | 燃料电池系统额定功率(kW) | 驱动电机额定功率(kW) | 备注,
原件/免征目录/mf_batch37.doc,136057faede292d8070763e326c8dbdcddf3790653cc6879a13758f91556881f,word/document.xml:table_9:row_0,physical_table_first_row_or_explicit_header,序号 | 生产企业名称 | 车辆型号 | 产品名称 | 续驶里程(km) | 整车整备质量(kg) | 燃料电池系统额定功率(kW) | 驱动电机额定功率(kW) | 备注,
原件/免征目录/mf_batch37.doc,136057faede292d8070763e326c8dbdcddf3790653cc6879a13758f91556881f,word/document.xml:outside_table_paragraph_1,body_note_or_auxiliary_story,附件4,
原件/免征目录/mf_batch37.doc,136057faede292d8070763e326c8dbdcddf3790653cc6879a13758f91556881f,word/document.xml:outside_table_paragraph_2,body_note_or_auxiliary_story,免征车辆购置税的新能源汽车车型目录,
原件/免征目录/mf_batch37.doc,136057faede292d8070763e326c8dbdcddf3790653cc6879a13758f91556881f,word/document.xml:outside_table_paragraph_3,body_note_or_auxiliary_story,（第三十七批）,
原件/免征目录/mf_batch37.doc,136057faede292d8070763e326c8dbdcddf3790653cc6879a13758f91556881f,word/document.xml:outside_table_paragraph_5,body_note_or_auxiliary_story,纯电动汽车,
原件/免征目录/mf_batch37.doc,136057faede292d8070763e326c8dbdcddf3790653cc6879a13758f91556881f,word/document.xml:outside_table_paragraph_6,body_note_or_auxiliary_story,乘用车,
原件/免征目录/mf_batch37.doc,136057faede292d8070763e326c8dbdcddf3790653cc6879a13758f91556881f,word/document.xml:outside_table_paragraph_359,body_note_or_auxiliary_story,客车,
原件/免征目录/mf_batch37.doc,136057faede292d8070763e326c8dbdcddf3790653cc6879a13758f91556881f,word/document.xml:outside_table_paragraph_820,body_note_or_auxiliary_story,货车,
原件/免征目录/mf_batch37.doc,136057faede292d8070763e326c8dbdcddf3790653cc6879a13758f91556881f,word/document.xml:outside_table_paragraph_984,body_note_or_auxiliary_story,专用车,
原件/免征目录/mf_batch37.doc,136057faede292d8070763e326c8dbdcddf3790653cc6879a13758f91556881f,word/document.xml:outside_table_paragraph_1813,body_note_or_auxiliary_story,插电式混合动力汽车,
原件/免征目录/mf_batch37.doc,136057faede292d8070763e326c8dbdcddf3790653cc6879a13758f91556881f,word/document.xml:outside_table_paragraph_1814,body_note_or_auxiliary_story,乘用车,
原件/免征目录/mf_batch37.doc,136057faede292d8070763e326c8dbdcddf3790653cc6879a13758f91556881f,word/document.xml:outside_table_paragraph_1837,body_note_or_auxiliary_story,注：插电式混合动力汽车燃料消耗量仅包括传统燃料/不含电能折算。,
原件/免征目录/mf_batch37.doc,136057faede292d8070763e326c8dbdcddf3790653cc6879a13758f91556881f,word/document.xml:outside_table_paragraph_1839,body_note_or_auxiliary_story,客车,
原件/免征目录/mf_batch37.doc,136057faede292d8070763e326c8dbdcddf3790653cc6879a13758f91556881f,word/document.xml:outside_table_paragraph_1906,body_note_or_auxiliary_story,注：插电式混合动力汽车燃料消耗量仅包括传统燃料/不含电能折算。,
原件/免征目录/mf_batch37.doc,136057faede292d8070763e326c8dbdcddf3790653cc6879a13758f91556881f,word/document.xml:outside_table_paragraph_1908,body_note_or_auxiliary_story,专用车,
原件/免征目录/mf_batch37.doc,136057faede292d8070763e326c8dbdcddf3790653cc6879a13758f91556881f,word/document.xml:outside_table_paragraph_1932,body_note_or_auxiliary_story,燃料电池汽车,
原件/免征目录/mf_batch37.doc,136057faede292d8070763e326c8dbdcddf3790653cc6879a13758f91556881f,word/document.xml:outside_table_paragraph_1933,body_note_or_auxiliary_story,客车,
原件/免征目录/mf_batch37.doc,136057faede292d8070763e326c8dbdcddf3790653cc6879a13758f91556881f,word/document.xml:outside_table_paragraph_2097,body_note_or_auxiliary_story,专用车,
原件/免征目录/mf_batch37.doc,136057faede292d8070763e326c8dbdcddf3790653cc6879a13758f91556881f,word/document.xml:outside_table_paragraph_2162,body_note_or_auxiliary_story,货车,
原件/免征目录/mf_batch37.doc,136057faede292d8070763e326c8dbdcddf3790653cc6879a13758f91556881f,word/footer1.xml:outside_table_paragraph_1,body_note_or_auxiliary_story,16,
原件/免征目录/mf_batch38.doc,7c9def45fe5c40e4c5ffb483a1d1efd383c12cb16a5c4ba021d4ce28384776de,word/document.xml:table_0:row_0,physical_table_first_row_or_explicit_header,序号 | 汽车生产企业名称 | 车辆型号 | 通用名称 | 纯电动续驶里程(km) | 整车整备质量(kg) | 动力蓄电池组总质量(kg) | 动力蓄电池组总能量(kWh) | 备注,
原件/免征目录/mf_batch38.doc,7c9def45fe5c40e4c5ffb483a1d1efd383c12cb16a5c4ba021d4ce28384776de,word/document.xml:table_1:row_0,physical_table_first_row_or_explicit_header,序号 | 汽车生产企业名称 | 车辆型号 | 产品名称 | 纯电动续驶里程(km) | 整车整备质量(kg) | 动力蓄电池组总质量(kg) | 动力蓄电池组总能量(kWh) | 备注,
原件/免征目录/mf_batch38.doc,7c9def45fe5c40e4c5ffb483a1d1efd383c12cb16a5c4ba021d4ce28384776de,word/document.xml:table_2:row_0,physical_table_first_row_or_explicit_header,序号 | 汽车生产企业名称 | 车辆型号 | 产品名称 | 纯电动续驶里程(km) | 整车整备质量(kg) | 动力蓄电池组总质量(kg) | 动力蓄电池组总能量(kWh) | 备注,
原件/免征目录/mf_batch38.doc,7c9def45fe5c40e4c5ffb483a1d1efd383c12cb16a5c4ba021d4ce28384776de,word/document.xml:table_3:row_0,physical_table_first_row_or_explicit_header,序号 | 汽车生产企业名称 | 车辆型号 | 通用名称 | 纯电动续驶里程(km) | 整车整备质量(kg) | 动力蓄电池组总质量(kg) | 动力蓄电池组总能量(kWh) | 备注,
原件/免征目录/mf_batch38.doc,7c9def45fe5c40e4c5ffb483a1d1efd383c12cb16a5c4ba021d4ce28384776de,word/document.xml:table_4:row_0,physical_table_first_row_or_explicit_header,序号 | 汽车生产企业名称 | 车辆型号 | 通用名称 | 纯电动续驶里程(km) | 燃料消耗量(L/100km) | 发动机排量(mL) | 整车整备质量(kg) | 动力蓄电池总质量(kg) | 动力蓄电池总能量(kWh) | 备注,
原件/免征目录/mf_batch38.doc,7c9def45fe5c40e4c5ffb483a1d1efd383c12cb16a5c4ba021d4ce28384776de,word/document.xml:table_5:row_0,physical_table_first_row_or_explicit_header,序号 | 汽车生产企业名称 | 车辆型号 | 通用名称 | 纯电动续驶里程(km) | 燃料消耗量(L/100km) | 发动机排量(mL) | 整车整备质量(kg) | 动力蓄电池总质量(kg) | 动力蓄电池总能量(kWh) | 备注,
原件/免征目录/mf_batch38.doc,7c9def45fe5c40e4c5ffb483a1d1efd383c12cb16a5c4ba021d4ce28384776de,word/document.xml:table_6:row_0,physical_table_first_row_or_explicit_header,序号 | 汽车生产企业名称 | 车辆型号 | 通用名称 | 纯电动续驶里程(km) | 燃料消耗量(L/100km) | 发动机排量(mL) | 整车整备质量(kg) | 动力蓄电池总质量(kg) | 动力蓄电池总能量(kWh) | 备注,
原件/免征目录/mf_batch38.doc,7c9def45fe5c40e4c5ffb483a1d1efd383c12cb16a5c4ba021d4ce28384776de,word/document.xml:table_7:row_0,physical_table_first_row_or_explicit_header,序号 | 汽车生产企业名称 | 车辆型号 | 产品名称 | 纯电动续驶里程(km) | 整车整备质量(kg) | 燃料电池系统额定功率(kW) | 驱动电机额定功率(kW) | 备注,
原件/免征目录/mf_batch38.doc,7c9def45fe5c40e4c5ffb483a1d1efd383c12cb16a5c4ba021d4ce28384776de,word/document.xml:table_8:row_0,physical_table_first_row_or_explicit_header,序号 | 汽车生产企业名称 | 车辆型号 | 产品名称 | 纯电动续驶里程(km) | 整车整备质量(kg) | 燃料电池系统额定功率(kW) | 驱动电机额定功率(kW) | 备注,
原件/免征目录/mf_batch38.doc,7c9def45fe5c40e4c5ffb483a1d1efd383c12cb16a5c4ba021d4ce28384776de,word/document.xml:table_9:row_0,physical_table_first_row_or_explicit_header,序号 | 汽车生产企业名称 | 车辆型号 | 产品名称 | 纯电动续驶里程(km) | 整车整备质量(kg) | 燃料电池系统额定功率(kW) | 驱动电机额定功率(kW) | 备注,
原件/免征目录/mf_batch38.doc,7c9def45fe5c40e4c5ffb483a1d1efd383c12cb16a5c4ba021d4ce28384776de,word/document.xml:outside_table_paragraph_1,body_note_or_auxiliary_story,附件4,
原件/免征目录/mf_batch38.doc,7c9def45fe5c40e4c5ffb483a1d1efd383c12cb16a5c4ba021d4ce28384776de,word/document.xml:outside_table_paragraph_3,body_note_or_auxiliary_story,免征车辆购置税的新能源汽车车型目录,
原件/免征目录/mf_batch38.doc,7c9def45fe5c40e4c5ffb483a1d1efd383c12cb16a5c4ba021d4ce28384776de,word/document.xml:outside_table_paragraph_4,body_note_or_auxiliary_story,（第三十八批）,
原件/免征目录/mf_batch38.doc,7c9def45fe5c40e4c5ffb483a1d1efd383c12cb16a5c4ba021d4ce28384776de,word/document.xml:outside_table_paragraph_6,body_note_or_auxiliary_story,纯电动汽车,
原件/免征目录/mf_batch38.doc,7c9def45fe5c40e4c5ffb483a1d1efd383c12cb16a5c4ba021d4ce28384776de,word/document.xml:outside_table_paragraph_7,body_note_or_auxiliary_story,乘用车,
原件/免征目录/mf_batch38.doc,7c9def45fe5c40e4c5ffb483a1d1efd383c12cb16a5c4ba021d4ce28384776de,word/document.xml:outside_table_paragraph_306,body_note_or_auxiliary_story,客车,
原件/免征目录/mf_batch38.doc,7c9def45fe5c40e4c5ffb483a1d1efd383c12cb16a5c4ba021d4ce28384776de,word/document.xml:outside_table_paragraph_704,body_note_or_auxiliary_story,货车,
原件/免征目录/mf_batch38.doc,7c9def45fe5c40e4c5ffb483a1d1efd383c12cb16a5c4ba021d4ce28384776de,word/document.xml:outside_table_paragraph_787,body_note_or_auxiliary_story,专用车,
原件/免征目录/mf_batch38.doc,7c9def45fe5c40e4c5ffb483a1d1efd383c12cb16a5c4ba021d4ce28384776de,word/document.xml:outside_table_paragraph_1230,body_note_or_auxiliary_story,插电式混合动力汽车,
原件/免征目录/mf_batch38.doc,7c9def45fe5c40e4c5ffb483a1d1efd383c12cb16a5c4ba021d4ce28384776de,word/document.xml:outside_table_paragraph_1231,body_note_or_auxiliary_story,乘用车,
原件/免征目录/mf_batch38.doc,7c9def45fe5c40e4c5ffb483a1d1efd383c12cb16a5c4ba021d4ce28384776de,word/document.xml:outside_table_paragraph_1375,body_note_or_auxiliary_story,注：插电式混合动力汽车燃料消耗量仅包括传统燃料/不含电能折算。,
原件/免征目录/mf_batch38.doc,7c9def45fe5c40e4c5ffb483a1d1efd383c12cb16a5c4ba021d4ce28384776de,word/document.xml:outside_table_paragraph_1377,body_note_or_auxiliary_story,客车,
原件/免征目录/mf_batch38.doc,7c9def45fe5c40e4c5ffb483a1d1efd383c12cb16a5c4ba021d4ce28384776de,word/document.xml:outside_table_paragraph_1411,body_note_or_auxiliary_story,注：插电式混合动力汽车燃料消耗量仅包括传统燃料/不含电能折算。,
原件/免征目录/mf_batch38.doc,7c9def45fe5c40e4c5ffb483a1d1efd383c12cb16a5c4ba021d4ce28384776de,word/document.xml:outside_table_paragraph_1413,body_note_or_auxiliary_story,专用车,
原件/免征目录/mf_batch38.doc,7c9def45fe5c40e4c5ffb483a1d1efd383c12cb16a5c4ba021d4ce28384776de,word/document.xml:outside_table_paragraph_1447,body_note_or_auxiliary_story,注：插电式混合动力汽车燃料消耗量仅包括传统燃料/不含电能折算。,
原件/免征目录/mf_batch38.doc,7c9def45fe5c40e4c5ffb483a1d1efd383c12cb16a5c4ba021d4ce28384776de,word/document.xml:outside_table_paragraph_1449,body_note_or_auxiliary_story,燃料电池汽车,
原件/免征目录/mf_batch38.doc,7c9def45fe5c40e4c5ffb483a1d1efd383c12cb16a5c4ba021d4ce28384776de,word/document.xml:outside_table_paragraph_1450,body_note_or_auxiliary_story,客车,
原件/免征目录/mf_batch38.doc,7c9def45fe5c40e4c5ffb483a1d1efd383c12cb16a5c4ba021d4ce28384776de,word/document.xml:outside_table_paragraph_1569,body_note_or_auxiliary_story,货车,
原件/免征目录/mf_batch38.doc,7c9def45fe5c40e4c5ffb483a1d1efd383c12cb16a5c4ba021d4ce28384776de,word/document.xml:outside_table_paragraph_1598,body_note_or_auxiliary_story,专用车,
原件/免征目录/mf_batch39.doc,48158862f567d71b07ac0a7a60c2c3bc6d2bb44dd5a86290b0b809d757a9eb07,word/document.xml:table_0:row_0,physical_table_first_row_or_explicit_header,序号 | 汽车生产企业名称 | 车辆型号 | 通用名称 | 纯电动续驶里程(km) | 整车整备质量(kg) | 动力蓄电池组总质量(kg) | 动力蓄电池组总能量(kWh) | 备注,
原件/免征目录/mf_batch39.doc,48158862f567d71b07ac0a7a60c2c3bc6d2bb44dd5a86290b0b809d757a9eb07,word/document.xml:table_1:row_0,physical_table_first_row_or_explicit_header,序号 | 汽车生产企业名称 | 车辆型号 | 通用名称 | 纯电动续驶里程(km) | 整车整备质量(kg) | 动力蓄电池组总质量(kg) | 动力蓄电池组总能量(kWh) | 备注,
原件/免征目录/mf_batch39.doc,48158862f567d71b07ac0a7a60c2c3bc6d2bb44dd5a86290b0b809d757a9eb07,word/document.xml:table_2:row_0,physical_table_first_row_or_explicit_header,序号 | 汽车生产企业名称 | 车辆型号 | 通用名称 | 纯电动续驶里程(km) | 整车整备质量(kg) | 动力蓄电池组总质量(kg) | 动力蓄电池组总能量(kWh) | 备注,
原件/免征目录/mf_batch39.doc,48158862f567d71b07ac0a7a60c2c3bc6d2bb44dd5a86290b0b809d757a9eb07,word/document.xml:table_3:row_0,physical_table_first_row_or_explicit_header,序号 | 汽车生产企业名称 | 车辆型号 | 通用名称 | 纯电动续驶里程(km) | 整车整备质量(kg) | 动力蓄电池组总质量(kg) | 动力蓄电池组总能量(kWh) | 备注,
原件/免征目录/mf_batch39.doc,48158862f567d71b07ac0a7a60c2c3bc6d2bb44dd5a86290b0b809d757a9eb07,word/document.xml:table_4:row_0,physical_table_first_row_or_explicit_header,序号 | 汽车生产企业名称 | 车辆型号 | 通用名称 | 纯电动续驶里程(km) | 燃料消耗量(L/100km) | 发动机排量(mL) | 整车整备质量(kg) | 动力蓄电池组总质量(kg) | 动力蓄电池组总能量(kWh) | 备注,
原件/免征目录/mf_batch39.doc,48158862f567d71b07ac0a7a60c2c3bc6d2bb44dd5a86290b0b809d757a9eb07,word/document.xml:table_5:row_0,physical_table_first_row_or_explicit_header,序号 | 汽车生产企业名称 | 车辆型号 | 通用名称 | 纯电动续驶里程(km) | 燃料消耗量(L/100km) | 发动机排量(mL) | 整车整备质量(kg) | 动力蓄电池组总质量(kg) | 动力蓄电池组总能量(kWh) | 备注,
原件/免征目录/mf_batch39.doc,48158862f567d71b07ac0a7a60c2c3bc6d2bb44dd5a86290b0b809d757a9eb07,word/document.xml:table_6:row_0,physical_table_first_row_or_explicit_header,序号 | 汽车生产企业名称 | 车辆型号 | 通用名称 | 纯电动续驶里程(km) | 燃料消耗量(L/100km) | 发动机排量(mL) | 整车整备质量(kg) | 动力蓄电池组总质量(kg) | 动力蓄电池组总能量(kWh) | 备注,
原件/免征目录/mf_batch39.doc,48158862f567d71b07ac0a7a60c2c3bc6d2bb44dd5a86290b0b809d757a9eb07,word/document.xml:table_7:row_0,physical_table_first_row_or_explicit_header,序号 | 汽车生产企业名称 | 车辆型号 | 产品名称 | 纯电动续驶里程(km) | 整车整备质量(kg) | 燃料电池系统额定功率(kW) | 驱动电机额定功率(kW) | 备注,
原件/免征目录/mf_batch39.doc,48158862f567d71b07ac0a7a60c2c3bc6d2bb44dd5a86290b0b809d757a9eb07,word/document.xml:table_8:row_0,physical_table_first_row_or_explicit_header,序号 | 汽车生产企业名称 | 车辆型号 | 产品名称 | 纯电动续驶里程(km) | 整车整备质量(kg) | 燃料电池系统额定功率(kW) | 驱动电机额定功率(kW) | 备注,
原件/免征目录/mf_batch39.doc,48158862f567d71b07ac0a7a60c2c3bc6d2bb44dd5a86290b0b809d757a9eb07,word/document.xml:table_9:row_0,physical_table_first_row_or_explicit_header,序号 | 变更前汽车生产企业名称 | 变更后汽车生产企业名称,
原件/免征目录/mf_batch39.doc,48158862f567d71b07ac0a7a60c2c3bc6d2bb44dd5a86290b0b809d757a9eb07,word/document.xml:outside_table_paragraph_1,body_note_or_auxiliary_story,附件4,
原件/免征目录/mf_batch39.doc,48158862f567d71b07ac0a7a60c2c3bc6d2bb44dd5a86290b0b809d757a9eb07,word/document.xml:outside_table_paragraph_3,body_note_or_auxiliary_story,免征车辆购置税的新能源汽车车型目录,
原件/免征目录/mf_batch39.doc,48158862f567d71b07ac0a7a60c2c3bc6d2bb44dd5a86290b0b809d757a9eb07,word/document.xml:outside_table_paragraph_4,body_note_or_auxiliary_story,（第三十九批）,
原件/免征目录/mf_batch39.doc,48158862f567d71b07ac0a7a60c2c3bc6d2bb44dd5a86290b0b809d757a9eb07,word/document.xml:outside_table_paragraph_6,body_note_or_auxiliary_story,纯电动汽车,
原件/免征目录/mf_batch39.doc,48158862f567d71b07ac0a7a60c2c3bc6d2bb44dd5a86290b0b809d757a9eb07,word/document.xml:outside_table_paragraph_7,body_note_or_auxiliary_story,乘用车,
原件/免征目录/mf_batch39.doc,48158862f567d71b07ac0a7a60c2c3bc6d2bb44dd5a86290b0b809d757a9eb07,word/document.xml:outside_table_paragraph_333,body_note_or_auxiliary_story,客车,
原件/免征目录/mf_batch39.doc,48158862f567d71b07ac0a7a60c2c3bc6d2bb44dd5a86290b0b809d757a9eb07,word/document.xml:outside_table_paragraph_569,body_note_or_auxiliary_story,货车,
原件/免征目录/mf_batch39.doc,48158862f567d71b07ac0a7a60c2c3bc6d2bb44dd5a86290b0b809d757a9eb07,word/document.xml:outside_table_paragraph_679,body_note_or_auxiliary_story,专用车,
原件/免征目录/mf_batch39.doc,48158862f567d71b07ac0a7a60c2c3bc6d2bb44dd5a86290b0b809d757a9eb07,word/document.xml:outside_table_paragraph_1230,body_note_or_auxiliary_story,插电式混合动力汽车,
原件/免征目录/mf_batch39.doc,48158862f567d71b07ac0a7a60c2c3bc6d2bb44dd5a86290b0b809d757a9eb07,word/document.xml:outside_table_paragraph_1231,body_note_or_auxiliary_story,乘用车,
原件/免征目录/mf_batch39.doc,48158862f567d71b07ac0a7a60c2c3bc6d2bb44dd5a86290b0b809d757a9eb07,word/document.xml:outside_table_paragraph_1364,body_note_or_auxiliary_story,注：插电式混合动力汽车燃料消耗量仅包括传统燃料/不含电能折算。,
原件/免征目录/mf_batch39.doc,48158862f567d71b07ac0a7a60c2c3bc6d2bb44dd5a86290b0b809d757a9eb07,word/document.xml:outside_table_paragraph_1366,body_note_or_auxiliary_story,货车,
原件/免征目录/mf_batch39.doc,48158862f567d71b07ac0a7a60c2c3bc6d2bb44dd5a86290b0b809d757a9eb07,word/document.xml:outside_table_paragraph_1389,body_note_or_auxiliary_story,注：插电式混合动力汽车燃料消耗量仅包括传统燃料/不含电能折算。,
原件/免征目录/mf_batch39.doc,48158862f567d71b07ac0a7a60c2c3bc6d2bb44dd5a86290b0b809d757a9eb07,word/document.xml:outside_table_paragraph_1391,body_note_or_auxiliary_story,专用车,
原件/免征目录/mf_batch39.doc,48158862f567d71b07ac0a7a60c2c3bc6d2bb44dd5a86290b0b809d757a9eb07,word/document.xml:outside_table_paragraph_1436,body_note_or_auxiliary_story,注：插电式混合动力汽车燃料消耗量仅包括传统燃料/不含电能折算。,
原件/免征目录/mf_batch39.doc,48158862f567d71b07ac0a7a60c2c3bc6d2bb44dd5a86290b0b809d757a9eb07,word/document.xml:outside_table_paragraph_1438,body_note_or_auxiliary_story,燃料电池汽车,
原件/免征目录/mf_batch39.doc,48158862f567d71b07ac0a7a60c2c3bc6d2bb44dd5a86290b0b809d757a9eb07,word/document.xml:outside_table_paragraph_1439,body_note_or_auxiliary_story,客车,
原件/免征目录/mf_batch39.doc,48158862f567d71b07ac0a7a60c2c3bc6d2bb44dd5a86290b0b809d757a9eb07,word/document.xml:outside_table_paragraph_1522,body_note_or_auxiliary_story,专用车,
原件/免征目录/mf_batch39.doc,48158862f567d71b07ac0a7a60c2c3bc6d2bb44dd5a86290b0b809d757a9eb07,word/document.xml:outside_table_paragraph_1569,body_note_or_auxiliary_story,生产企业名称变更名单,
原件/免征目录/mf_batch39.doc,48158862f567d71b07ac0a7a60c2c3bc6d2bb44dd5a86290b0b809d757a9eb07,word/footer1.xml:outside_table_paragraph_1,body_note_or_auxiliary_story,1010,
原件/免征目录/mf_batch39.doc,48158862f567d71b07ac0a7a60c2c3bc6d2bb44dd5a86290b0b809d757a9eb07,word/footer1.xml:outside_table_paragraph_2,body_note_or_auxiliary_story,10,
原件/免征目录/mf_batch39.doc,48158862f567d71b07ac0a7a60c2c3bc6d2bb44dd5a86290b0b809d757a9eb07,word/footer1.xml:outside_table_paragraph_3,body_note_or_auxiliary_story,10,
原件/免征目录/mf_batch39.doc,48158862f567d71b07ac0a7a60c2c3bc6d2bb44dd5a86290b0b809d757a9eb07,word/footer2.xml:outside_table_paragraph_1,body_note_or_auxiliary_story,1111,
原件/免征目录/mf_batch39.doc,48158862f567d71b07ac0a7a60c2c3bc6d2bb44dd5a86290b0b809d757a9eb07,word/footer2.xml:outside_table_paragraph_2,body_note_or_auxiliary_story,11,
原件/免征目录/mf_batch39.doc,48158862f567d71b07ac0a7a60c2c3bc6d2bb44dd5a86290b0b809d757a9eb07,word/footer2.xml:outside_table_paragraph_3,body_note_or_auxiliary_story,11,
原件/免征目录/mf_batch40.doc,93047c8e87a1f45948933ee36d00160788032370ecf11b551624e0ca45ecc1d1,word/document.xml:table_0:row_0,physical_table_first_row_or_explicit_header,序号 | 汽车生产企业名称 | 车辆型号 | 通用名称 | 纯电动续驶里程(km) | 整车整备质量(kg) | 动力蓄电池组总质量(kg) | 动力蓄电池组总能量(kWh) | 备注,
原件/免征目录/mf_batch40.doc,93047c8e87a1f45948933ee36d00160788032370ecf11b551624e0ca45ecc1d1,word/document.xml:table_1:row_0,physical_table_first_row_or_explicit_header,序号 | 汽车生产企业名称 | 车辆型号 | 通用名称 | 纯电动续驶里程(km) | 整车整备质量(kg) | 动力蓄电池组总质量(kg) | 动力蓄电池组总能量(kWh) | 备注,
原件/免征目录/mf_batch40.doc,93047c8e87a1f45948933ee36d00160788032370ecf11b551624e0ca45ecc1d1,word/document.xml:table_2:row_0,physical_table_first_row_or_explicit_header,序号 | 汽车生产企业名称 | 车辆型号 | 通用名称 | 纯电动续驶里程(km) | 整车整备质量(kg) | 动力蓄电池组总质量(kg) | 动力蓄电池组总能量(kWh) | 备注,
原件/免征目录/mf_batch40.doc,93047c8e87a1f45948933ee36d00160788032370ecf11b551624e0ca45ecc1d1,word/document.xml:table_3:row_0,physical_table_first_row_or_explicit_header,序号 | 汽车生产企业名称 | 车辆型号 | 通用名称 | 纯电动续驶里程(km) | 整车整备质量(kg) | 动力蓄电池组总质量(kg) | 动力蓄电池组总能量(kWh) | 备注,
原件/免征目录/mf_batch40.doc,93047c8e87a1f45948933ee36d00160788032370ecf11b551624e0ca45ecc1d1,word/document.xml:table_4:row_0,physical_table_first_row_or_explicit_header,序号 | 汽车生产企业名称 | 车辆型号 | 通用名称 | 纯电动续驶里程(km) | 燃料消耗量(L/100km) | 发动机排量(mL) | 整车整备质量(kg) | 动力蓄电池组总质量(kg) | 动力蓄电池组总能量(kWh) | 备注,
原件/免征目录/mf_batch40.doc,93047c8e87a1f45948933ee36d00160788032370ecf11b551624e0ca45ecc1d1,word/document.xml:table_5:row_0,physical_table_first_row_or_explicit_header,序号 | 汽车生产企业名称 | 车辆型号 | 通用名称 | 纯电动续驶里程(km) | 燃料消耗量(L/100km) | 发动机排量(mL) | 整车整备质量(kg) | 动力蓄电池组总质量(kg) | 动力蓄电池组总能量(kWh) | 备注,
原件/免征目录/mf_batch40.doc,93047c8e87a1f45948933ee36d00160788032370ecf11b551624e0ca45ecc1d1,word/document.xml:table_6:row_0,physical_table_first_row_or_explicit_header,序号 | 汽车生产企业名称 | 车辆型号 | 产品名称 | 纯电动续驶里程(km) | 整车整备质量(kg) | 燃料电池系统额定功率(kW) | 驱动电机额定功率(kW) | 备注,
原件/免征目录/mf_batch40.doc,93047c8e87a1f45948933ee36d00160788032370ecf11b551624e0ca45ecc1d1,word/document.xml:table_7:row_0,physical_table_first_row_or_explicit_header,序号 | 汽车生产企业名称 | 车辆型号 | 产品名称 | 纯电动续驶里程(km) | 整车整备质量(kg) | 燃料电池系统额定功率(kW) | 驱动电机额定功率(kW) | 备注,
原件/免征目录/mf_batch40.doc,93047c8e87a1f45948933ee36d00160788032370ecf11b551624e0ca45ecc1d1,word/document.xml:table_8:row_0,physical_table_first_row_or_explicit_header,序号 | 汽车生产企业名称 | 车辆型号 | 通用名称 | 纯电动续驶里程(km) | 整车整备质量(kg) | 动力蓄电池组总质量(kg) | 动力蓄电池组总能量(kWh) | 备注,
原件/免征目录/mf_batch40.doc,93047c8e87a1f45948933ee36d00160788032370ecf11b551624e0ca45ecc1d1,word/document.xml:table_9:row_0,physical_table_first_row_or_explicit_header,序号 | 汽车生产企业名称 | 车辆型号 | 通用名称 | 纯电动续驶里程(km) | 燃料消耗量(L/100km) | 发动机排量(mL) | 整车整备质量(kg) | 动力蓄电池组总质量(kg) | 动力蓄电池组总能量(kWh) | 备注,
原件/免征目录/mf_batch40.doc,93047c8e87a1f45948933ee36d00160788032370ecf11b551624e0ca45ecc1d1,word/document.xml:table_10:row_0,physical_table_first_row_or_explicit_header,序号 | 汽车生产企业名称 | 车辆型号 | 通用名称 | 纯电动续驶里程(km) | 燃料消耗量(L/100km) | 发动机排量(mL) | 整车整备质量(kg) | 动力蓄电池组总质量(kg) | 动力蓄电池组总能量(kWh) | 备注,
原件/免征目录/mf_batch40.doc,93047c8e87a1f45948933ee36d00160788032370ecf11b551624e0ca45ecc1d1,word/document.xml:table_11:row_0,physical_table_first_row_or_explicit_header,序号 | 汽车生产企业名称 | 车辆型号 | 产品名称 | 纯电动续驶里程(km) | 整车整备质量(kg) | 燃料电池系统额定功率(kW) | 驱动电机额定功率(kW) | 备注,
原件/免征目录/mf_batch40.doc,93047c8e87a1f45948933ee36d00160788032370ecf11b551624e0ca45ecc1d1,word/document.xml:table_12:row_0,physical_table_first_row_or_explicit_header,序号 | 汽车生产企业名称 | 车辆型号 | 产品名称 | 纯电动续驶里程(km) | 整车整备质量(kg) | 燃料电池系统额定功率(kW) | 驱动电机额定功率(kW) | 备注,
原件/免征目录/mf_batch40.doc,93047c8e87a1f45948933ee36d00160788032370ecf11b551624e0ca45ecc1d1,word/document.xml:table_13:row_0,physical_table_first_row_or_explicit_header,序号 | 汽车生产企业名称 | 车辆型号 | 产品名称 | 纯电动续驶里程(km) | 整车整备质量(kg) | 燃料电池系统额定功率(kW) | 驱动电机额定功率(kW) | 备注,
原件/免征目录/mf_batch40.doc,93047c8e87a1f45948933ee36d00160788032370ecf11b551624e0ca45ecc1d1,word/document.xml:outside_table_paragraph_1,body_note_or_auxiliary_story,附件4,
原件/免征目录/mf_batch40.doc,93047c8e87a1f45948933ee36d00160788032370ecf11b551624e0ca45ecc1d1,word/document.xml:outside_table_paragraph_3,body_note_or_auxiliary_story,免征车辆购置税的新能源汽车车型目录,
原件/免征目录/mf_batch40.doc,93047c8e87a1f45948933ee36d00160788032370ecf11b551624e0ca45ecc1d1,word/document.xml:outside_table_paragraph_4,body_note_or_auxiliary_story,（第四十批）,
原件/免征目录/mf_batch40.doc,93047c8e87a1f45948933ee36d00160788032370ecf11b551624e0ca45ecc1d1,word/document.xml:outside_table_paragraph_6,body_note_or_auxiliary_story,一、纯电动汽车,
原件/免征目录/mf_batch40.doc,93047c8e87a1f45948933ee36d00160788032370ecf11b551624e0ca45ecc1d1,word/document.xml:outside_table_paragraph_7,body_note_or_auxiliary_story,（一）乘用车,
原件/免征目录/mf_batch40.doc,93047c8e87a1f45948933ee36d00160788032370ecf11b551624e0ca45ecc1d1,word/document.xml:outside_table_paragraph_243,body_note_or_auxiliary_story,（二）客车,
原件/免征目录/mf_batch40.doc,93047c8e87a1f45948933ee36d00160788032370ecf11b551624e0ca45ecc1d1,word/document.xml:outside_table_paragraph_425,body_note_or_auxiliary_story,（三）货车,
原件/免征目录/mf_batch40.doc,93047c8e87a1f45948933ee36d00160788032370ecf11b551624e0ca45ecc1d1,word/document.xml:outside_table_paragraph_517,body_note_or_auxiliary_story,（四）专用车,
原件/免征目录/mf_batch40.doc,93047c8e87a1f45948933ee36d00160788032370ecf11b551624e0ca45ecc1d1,word/document.xml:outside_table_paragraph_995,body_note_or_auxiliary_story,二、插电式混合动力汽车,
原件/免征目录/mf_batch40.doc,93047c8e87a1f45948933ee36d00160788032370ecf11b551624e0ca45ecc1d1,word/document.xml:outside_table_paragraph_996,body_note_or_auxiliary_story,（一）乘用车,
原件/免征目录/mf_batch40.doc,93047c8e87a1f45948933ee36d00160788032370ecf11b551624e0ca45ecc1d1,word/document.xml:outside_table_paragraph_1041,body_note_or_auxiliary_story,注：插电式混合动力汽车燃料消耗量仅包括传统燃料/不含电能折算。,
原件/免征目录/mf_batch40.doc,93047c8e87a1f45948933ee36d00160788032370ecf11b551624e0ca45ecc1d1,word/document.xml:outside_table_paragraph_1043,body_note_or_auxiliary_story,（二）专用车,
原件/免征目录/mf_batch40.doc,93047c8e87a1f45948933ee36d00160788032370ecf11b551624e0ca45ecc1d1,word/document.xml:outside_table_paragraph_1066,body_note_or_auxiliary_story,注：插电式混合动力汽车燃料消耗量仅包括传统燃料/不含电能折算。,
原件/免征目录/mf_batch40.doc,93047c8e87a1f45948933ee36d00160788032370ecf11b551624e0ca45ecc1d1,word/document.xml:outside_table_paragraph_1068,body_note_or_auxiliary_story,三、燃料电池汽车,
原件/免征目录/mf_batch40.doc,93047c8e87a1f45948933ee36d00160788032370ecf11b551624e0ca45ecc1d1,word/document.xml:outside_table_paragraph_1069,body_note_or_auxiliary_story,（一）客车,
原件/免征目录/mf_batch40.doc,93047c8e87a1f45948933ee36d00160788032370ecf11b551624e0ca45ecc1d1,word/document.xml:outside_table_paragraph_1089,body_note_or_auxiliary_story,（二）货车,
原件/免征目录/mf_batch40.doc,93047c8e87a1f45948933ee36d00160788032370ecf11b551624e0ca45ecc1d1,word/document.xml:outside_table_paragraph_1110,body_note_or_auxiliary_story,勘 误,
原件/免征目录/mf_batch40.doc,93047c8e87a1f45948933ee36d00160788032370ecf11b551624e0ca45ecc1d1,word/document.xml:outside_table_paragraph_1112,body_note_or_auxiliary_story,《免征车辆购置税的新能源汽车车型目录》（第三十八批、第三十九批）中部分车型参数有误，正确内容如下：,
原件/免征目录/mf_batch40.doc,93047c8e87a1f45948933ee36d00160788032370ecf11b551624e0ca45ecc1d1,word/document.xml:outside_table_paragraph_1114,body_note_or_auxiliary_story,一、纯电动汽车,
原件/免征目录/mf_batch40.doc,93047c8e87a1f45948933ee36d00160788032370ecf11b551624e0ca45ecc1d1,word/document.xml:outside_table_paragraph_1115,body_note_or_auxiliary_story,乘用车,
原件/免征目录/mf_batch40.doc,93047c8e87a1f45948933ee36d00160788032370ecf11b551624e0ca45ecc1d1,word/document.xml:outside_table_paragraph_1135,body_note_or_auxiliary_story,二、插电式混合动力汽车,
原件/免征目录/mf_batch40.doc,93047c8e87a1f45948933ee36d00160788032370ecf11b551624e0ca45ecc1d1,word/document.xml:outside_table_paragraph_1136,body_note_or_auxiliary_story,乘用车,
原件/免征目录/mf_batch40.doc,93047c8e87a1f45948933ee36d00160788032370ecf11b551624e0ca45ecc1d1,word/document.xml:outside_table_paragraph_1159,body_note_or_auxiliary_story,注：插电式混合动力汽车燃料消耗量仅包括传统燃料/不含电能折算。,
原件/免征目录/mf_batch40.doc,93047c8e87a1f45948933ee36d00160788032370ecf11b551624e0ca45ecc1d1,word/document.xml:outside_table_paragraph_1161,body_note_or_auxiliary_story,专用车,
原件/免征目录/mf_batch40.doc,93047c8e87a1f45948933ee36d00160788032370ecf11b551624e0ca45ecc1d1,word/document.xml:outside_table_paragraph_1184,body_note_or_auxiliary_story,注：插电式混合动力汽车燃料消耗量仅包括传统燃料/不含电能折算。,
原件/免征目录/mf_batch40.doc,93047c8e87a1f45948933ee36d00160788032370ecf11b551624e0ca45ecc1d1,word/document.xml:outside_table_paragraph_1186,body_note_or_auxiliary_story,三、燃料电池汽车,
原件/免征目录/mf_batch40.doc,93047c8e87a1f45948933ee36d00160788032370ecf11b551624e0ca45ecc1d1,word/document.xml:outside_table_paragraph_1187,body_note_or_auxiliary_story,客车,
原件/免征目录/mf_batch40.doc,93047c8e87a1f45948933ee36d00160788032370ecf11b551624e0ca45ecc1d1,word/document.xml:outside_table_paragraph_1379,body_note_or_auxiliary_story,货车,
原件/免征目录/mf_batch40.doc,93047c8e87a1f45948933ee36d00160788032370ecf11b551624e0ca45ecc1d1,word/document.xml:outside_table_paragraph_1408,body_note_or_auxiliary_story,专用车,
原件/免征目录/mf_batch41.doc,ba4634c0877ebf99f8e462013e4a07e40f57478a4aaf921801a6c85a49c42b7f,word/document.xml:table_0:row_0,physical_table_first_row_or_explicit_header,序号 | 汽车生产企业名称 | 车辆型号 | 通用名称 | 纯电动续驶里程(km) | 整车整备质量(kg) | 动力蓄电池组总质量(kg) | 动力蓄电池组总能量(kWh) | 备注,
原件/免征目录/mf_batch41.doc,ba4634c0877ebf99f8e462013e4a07e40f57478a4aaf921801a6c85a49c42b7f,word/document.xml:table_1:row_0,physical_table_first_row_or_explicit_header,序号 | 汽车生产企业名称 | 车辆型号 | 产品名称 | 纯电动续驶里程(km) | 整车整备质量(kg) | 动力蓄电池组总质量(kg) | 动力蓄电池组总能量(kWh) | 备注,
原件/免征目录/mf_batch41.doc,ba4634c0877ebf99f8e462013e4a07e40f57478a4aaf921801a6c85a49c42b7f,word/document.xml:table_2:row_0,physical_table_first_row_or_explicit_header,序号 | 汽车生产企业名称 | 车辆型号 | 产品名称 | 纯电动续驶里程(km) | 整车整备质量(kg) | 动力蓄电池组总质量(kg) | 动力蓄电池组总能量(kWh) | 备注,
原件/免征目录/mf_batch41.doc,ba4634c0877ebf99f8e462013e4a07e40f57478a4aaf921801a6c85a49c42b7f,word/document.xml:table_3:row_0,physical_table_first_row_or_explicit_header,序号 | 汽车生产企业名称 | 车辆型号 | 产品名称 | 纯电动续驶里程(km) | 整车整备质量(kg) | 动力蓄电池组总质量(kg) | 动力蓄电池组总能量(kWh) | 备注,
原件/免征目录/mf_batch41.doc,ba4634c0877ebf99f8e462013e4a07e40f57478a4aaf921801a6c85a49c42b7f,word/document.xml:table_4:row_0,physical_table_first_row_or_explicit_header,序号 | 汽车生产企业名称 | 车辆型号 | 通用名称 | 纯电动续驶里程(km) | 燃料消耗量(L/100km) | 发动机排量(mL) | 整车整备质量(kg) | 动力蓄电池组总质量(kg) | 动力蓄电池组总能量(kWh) | 备注,
原件/免征目录/mf_batch41.doc,ba4634c0877ebf99f8e462013e4a07e40f57478a4aaf921801a6c85a49c42b7f,word/document.xml:table_5:row_0,physical_table_first_row_or_explicit_header,序号 | 汽车生产企业名称 | 车辆型号 | 产品名称 | 纯电动续驶里程(km) | 燃料消耗量(L/100km) | 发动机排量(mL) | 整车整备质量(kg) | 动力蓄电池组总质量(kg) | 动力蓄电池组总能量(kWh) | 备注,
原件/免征目录/mf_batch41.doc,ba4634c0877ebf99f8e462013e4a07e40f57478a4aaf921801a6c85a49c42b7f,word/document.xml:table_6:row_0,physical_table_first_row_or_explicit_header,序号 | 汽车生产企业名称 | 车辆型号 | 产品名称 | 纯电动续驶里程(km) | 整车整备质量(kg) | 燃料电池系统额定功率(kW) | 驱动电机额定功率(kW) | 备注,
原件/免征目录/mf_batch41.doc,ba4634c0877ebf99f8e462013e4a07e40f57478a4aaf921801a6c85a49c42b7f,word/document.xml:table_7:row_0,physical_table_first_row_or_explicit_header,序号 | 汽车生产企业名称 | 车辆型号 | 产品名称 | 纯电动续驶里程(km) | 整车整备质量(kg) | 燃料电池系统额定功率(kW) | 驱动电机额定功率(kW) | 备注,
原件/免征目录/mf_batch41.doc,ba4634c0877ebf99f8e462013e4a07e40f57478a4aaf921801a6c85a49c42b7f,word/document.xml:table_8:row_0,physical_table_first_row_or_explicit_header,序号 | 汽车生产企业名称 | 车辆型号 | 产品名称 | 纯电动续驶里程(km) | 整车整备质量(kg) | 燃料电池系统额定功率(kW) | 驱动电机额定功率(kW) | 备注,
原件/免征目录/mf_batch41.doc,ba4634c0877ebf99f8e462013e4a07e40f57478a4aaf921801a6c85a49c42b7f,word/document.xml:table_9:row_0,physical_table_first_row_or_explicit_header,序号 | 变更前汽车生产企业名称 | 变更后汽车生产企业名称,
原件/免征目录/mf_batch41.doc,ba4634c0877ebf99f8e462013e4a07e40f57478a4aaf921801a6c85a49c42b7f,word/document.xml:outside_table_paragraph_1,body_note_or_auxiliary_story,附件4,
原件/免征目录/mf_batch41.doc,ba4634c0877ebf99f8e462013e4a07e40f57478a4aaf921801a6c85a49c42b7f,word/document.xml:outside_table_paragraph_3,body_note_or_auxiliary_story,免征车辆购置税的新能源汽车车型目录,
原件/免征目录/mf_batch41.doc,ba4634c0877ebf99f8e462013e4a07e40f57478a4aaf921801a6c85a49c42b7f,word/document.xml:outside_table_paragraph_4,body_note_or_auxiliary_story,（第四十一批）,
原件/免征目录/mf_batch41.doc,ba4634c0877ebf99f8e462013e4a07e40f57478a4aaf921801a6c85a49c42b7f,word/document.xml:outside_table_paragraph_6,body_note_or_auxiliary_story,一、纯电动汽车,
原件/免征目录/mf_batch41.doc,ba4634c0877ebf99f8e462013e4a07e40f57478a4aaf921801a6c85a49c42b7f,word/document.xml:outside_table_paragraph_7,body_note_or_auxiliary_story,（一）乘用车,
原件/免征目录/mf_batch41.doc,ba4634c0877ebf99f8e462013e4a07e40f57478a4aaf921801a6c85a49c42b7f,word/document.xml:outside_table_paragraph_333,body_note_or_auxiliary_story,（二）客车,
原件/免征目录/mf_batch41.doc,ba4634c0877ebf99f8e462013e4a07e40f57478a4aaf921801a6c85a49c42b7f,word/document.xml:outside_table_paragraph_677,body_note_or_auxiliary_story,（三）货车,
原件/免征目录/mf_batch41.doc,ba4634c0877ebf99f8e462013e4a07e40f57478a4aaf921801a6c85a49c42b7f,word/document.xml:outside_table_paragraph_769,body_note_or_auxiliary_story,（四）专用车,
原件/免征目录/mf_batch41.doc,ba4634c0877ebf99f8e462013e4a07e40f57478a4aaf921801a6c85a49c42b7f,word/document.xml:outside_table_paragraph_1482,body_note_or_auxiliary_story,二、插电式混合动力汽车,
原件/免征目录/mf_batch41.doc,ba4634c0877ebf99f8e462013e4a07e40f57478a4aaf921801a6c85a49c42b7f,word/document.xml:outside_table_paragraph_1483,body_note_or_auxiliary_story,（一）乘用车,
原件/免征目录/mf_batch41.doc,ba4634c0877ebf99f8e462013e4a07e40f57478a4aaf921801a6c85a49c42b7f,word/document.xml:outside_table_paragraph_1539,body_note_or_auxiliary_story,注：插电式混合动力汽车燃料消耗量仅包括传统燃料/不含电能折算。,
原件/免征目录/mf_batch41.doc,ba4634c0877ebf99f8e462013e4a07e40f57478a4aaf921801a6c85a49c42b7f,word/document.xml:outside_table_paragraph_1541,body_note_or_auxiliary_story,（二）专用车,
原件/免征目录/mf_batch41.doc,ba4634c0877ebf99f8e462013e4a07e40f57478a4aaf921801a6c85a49c42b7f,word/document.xml:outside_table_paragraph_1575,body_note_or_auxiliary_story,注：插电式混合动力汽车燃料消耗量仅包括传统燃料/不含电能折算。,
原件/免征目录/mf_batch41.doc,ba4634c0877ebf99f8e462013e4a07e40f57478a4aaf921801a6c85a49c42b7f,word/document.xml:outside_table_paragraph_1577,body_note_or_auxiliary_story,三、燃料电池汽车    ,
原件/免征目录/mf_batch41.doc,ba4634c0877ebf99f8e462013e4a07e40f57478a4aaf921801a6c85a49c42b7f,word/document.xml:outside_table_paragraph_1578,body_note_or_auxiliary_story,（一）客车,
原件/免征目录/mf_batch41.doc,ba4634c0877ebf99f8e462013e4a07e40f57478a4aaf921801a6c85a49c42b7f,word/document.xml:outside_table_paragraph_1616,body_note_or_auxiliary_story,（二）货车,
原件/免征目录/mf_batch41.doc,ba4634c0877ebf99f8e462013e4a07e40f57478a4aaf921801a6c85a49c42b7f,word/document.xml:outside_table_paragraph_1654,body_note_or_auxiliary_story,（三）专用车,
原件/免征目录/mf_batch41.doc,ba4634c0877ebf99f8e462013e4a07e40f57478a4aaf921801a6c85a49c42b7f,word/document.xml:outside_table_paragraph_1764,body_note_or_auxiliary_story,四、汽车生产企业名称变更名单,
原件/免征目录/mf_batch41.doc,ba4634c0877ebf99f8e462013e4a07e40f57478a4aaf921801a6c85a49c42b7f,word/footer1.xml:outside_table_paragraph_1,body_note_or_auxiliary_story,1010,
原件/免征目录/mf_batch41.doc,ba4634c0877ebf99f8e462013e4a07e40f57478a4aaf921801a6c85a49c42b7f,word/footer1.xml:outside_table_paragraph_2,body_note_or_auxiliary_story,10,
原件/免征目录/mf_batch41.doc,ba4634c0877ebf99f8e462013e4a07e40f57478a4aaf921801a6c85a49c42b7f,word/footer1.xml:outside_table_paragraph_3,body_note_or_auxiliary_story,10,
原件/免征目录/mf_batch41.doc,ba4634c0877ebf99f8e462013e4a07e40f57478a4aaf921801a6c85a49c42b7f,word/footer2.xml:outside_table_paragraph_1,body_note_or_auxiliary_story,1111,
原件/免征目录/mf_batch41.doc,ba4634c0877ebf99f8e462013e4a07e40f57478a4aaf921801a6c85a49c42b7f,word/footer2.xml:outside_table_paragraph_2,body_note_or_auxiliary_story,11,
原件/免征目录/mf_batch41.doc,ba4634c0877ebf99f8e462013e4a07e40f57478a4aaf921801a6c85a49c42b7f,word/footer2.xml:outside_table_paragraph_3,body_note_or_auxiliary_story,11,
原件/免征目录/mf_batch42.doc,fef4fd8ea19d773d368642e51a4bdb24c148530251a2240be4ff1358d5d41fab,word/document.xml:table_0:row_0,physical_table_first_row_or_explicit_header,序号 | 汽车生产企业名称 | 车辆型号 | 通用名称 | 纯电动续驶里程(km) | 整车整备质量(kg) | 动力蓄电池组总质量(kg) | 动力蓄电池组总能量(kWh) | 备注,
原件/免征目录/mf_batch42.doc,fef4fd8ea19d773d368642e51a4bdb24c148530251a2240be4ff1358d5d41fab,word/document.xml:table_1:row_0,physical_table_first_row_or_explicit_header,序号 | 汽车生产企业名称 | 车辆型号 | 产品名称 | 纯电动续驶里程(km) | 整车整备质量(kg) | 动力蓄电池组总质量(kg) | 动力蓄电池组总能量(kWh) | 备注,
原件/免征目录/mf_batch42.doc,fef4fd8ea19d773d368642e51a4bdb24c148530251a2240be4ff1358d5d41fab,word/document.xml:table_2:row_0,physical_table_first_row_or_explicit_header,序号 | 汽车生产企业名称 | 车辆型号 | 产品名称 | 纯电动续驶里程(km) | 整车整备质量(kg) | 动力蓄电池组总质量(kg) | 动力蓄电池组总能量(kWh) | 备注,
原件/免征目录/mf_batch42.doc,fef4fd8ea19d773d368642e51a4bdb24c148530251a2240be4ff1358d5d41fab,word/document.xml:table_3:row_0,physical_table_first_row_or_explicit_header,序号 | 汽车生产企业名称 | 车辆型号 | 产品名称 | 纯电动续驶里程(km) | 整车整备质量(kg) | 动力蓄电池组总质量(kg) | 动力蓄电池组总能量(kWh) | 备注,
原件/免征目录/mf_batch42.doc,fef4fd8ea19d773d368642e51a4bdb24c148530251a2240be4ff1358d5d41fab,word/document.xml:table_4:row_0,physical_table_first_row_or_explicit_header,序号 | 汽车生产企业名称 | 车辆型号 | 通用名称 | 纯电动续驶里程(km) | 燃料消耗量(L/100km) | 发动机排量(mL) | 整车整备质量(kg) | 动力蓄电池组总质量(kg) | 动力蓄电池组总能量(kWh) | 备注,
原件/免征目录/mf_batch42.doc,fef4fd8ea19d773d368642e51a4bdb24c148530251a2240be4ff1358d5d41fab,word/document.xml:table_5:row_0,physical_table_first_row_or_explicit_header,序号 | 汽车生产企业名称 | 车辆型号 | 产品名称 | 纯电动续驶里程(km) | 燃料消耗量(L/100km) | 发动机排量(mL) | 整车整备质量(kg) | 动力蓄电池组总质量(kg) | 动力蓄电池组总能量(kWh) | 备注,
原件/免征目录/mf_batch42.doc,fef4fd8ea19d773d368642e51a4bdb24c148530251a2240be4ff1358d5d41fab,word/document.xml:table_6:row_0,physical_table_first_row_or_explicit_header,序号 | 汽车生产企业名称 | 车辆型号 | 产品名称 | 纯电动续驶里程(km) | 燃料消耗量(L/100km) | 发动机排量(mL) | 整车整备质量(kg) | 动力蓄电池组总质量(kg) | 动力蓄电池组总能量(kWh) | 备注,
原件/免征目录/mf_batch42.doc,fef4fd8ea19d773d368642e51a4bdb24c148530251a2240be4ff1358d5d41fab,word/document.xml:table_7:row_0,physical_table_first_row_or_explicit_header,序号 | 汽车生产企业名称 | 车辆型号 | 产品名称 | 纯电动续驶里程(km) | 整车整备质量(kg) | 燃料电池系统额定功率(kW) | 驱动电机额定功率(kW) | 备注,
原件/免征目录/mf_batch42.doc,fef4fd8ea19d773d368642e51a4bdb24c148530251a2240be4ff1358d5d41fab,word/document.xml:table_8:row_0,physical_table_first_row_or_explicit_header, 序号 | 汽车生产企业名称 | 车辆型号 | 产品名称 | 纯电动续驶里程(km) | 整车整备质量(kg) | 燃料电池系统额定功率(kW) | 驱动电机额定功率(kW) | 备注,
原件/免征目录/mf_batch42.doc,fef4fd8ea19d773d368642e51a4bdb24c148530251a2240be4ff1358d5d41fab,word/document.xml:table_9:row_0,physical_table_first_row_or_explicit_header,序号 | 汽车生产企业名称 | 车辆型号 | 产品名称 | 纯电动续驶里程(km) | 整车整备质量(kg) | 燃料电池系统额定功率(kW) | 驱动电机额定功率(kW) | 备注,
原件/免征目录/mf_batch42.doc,fef4fd8ea19d773d368642e51a4bdb24c148530251a2240be4ff1358d5d41fab,word/document.xml:table_10:row_0,physical_table_first_row_or_explicit_header,序号 | 变更前汽车生产企业名称 | 变更后汽车生产企业名称,
原件/免征目录/mf_batch42.doc,fef4fd8ea19d773d368642e51a4bdb24c148530251a2240be4ff1358d5d41fab,word/document.xml:outside_table_paragraph_1,body_note_or_auxiliary_story,附件4,
原件/免征目录/mf_batch42.doc,fef4fd8ea19d773d368642e51a4bdb24c148530251a2240be4ff1358d5d41fab,word/document.xml:outside_table_paragraph_3,body_note_or_auxiliary_story,免征车辆购置税的新能源汽车车型目录,
原件/免征目录/mf_batch42.doc,fef4fd8ea19d773d368642e51a4bdb24c148530251a2240be4ff1358d5d41fab,word/document.xml:outside_table_paragraph_4,body_note_or_auxiliary_story,（第四十二批）,
原件/免征目录/mf_batch42.doc,fef4fd8ea19d773d368642e51a4bdb24c148530251a2240be4ff1358d5d41fab,word/document.xml:outside_table_paragraph_6,body_note_or_auxiliary_story,一、纯电动汽车,
原件/免征目录/mf_batch42.doc,fef4fd8ea19d773d368642e51a4bdb24c148530251a2240be4ff1358d5d41fab,word/document.xml:outside_table_paragraph_7,body_note_or_auxiliary_story,（一）乘用车,
原件/免征目录/mf_batch42.doc,fef4fd8ea19d773d368642e51a4bdb24c148530251a2240be4ff1358d5d41fab,word/document.xml:outside_table_paragraph_468,body_note_or_auxiliary_story,（二）客车,
原件/免征目录/mf_batch42.doc,fef4fd8ea19d773d368642e51a4bdb24c148530251a2240be4ff1358d5d41fab,word/document.xml:outside_table_paragraph_956,body_note_or_auxiliary_story,（三）货车,
原件/免征目录/mf_batch42.doc,fef4fd8ea19d773d368642e51a4bdb24c148530251a2240be4ff1358d5d41fab,word/document.xml:outside_table_paragraph_1102,body_note_or_auxiliary_story,（四）专用车,
原件/免征目录/mf_batch42.doc,fef4fd8ea19d773d368642e51a4bdb24c148530251a2240be4ff1358d5d41fab,word/document.xml:outside_table_paragraph_1914,body_note_or_auxiliary_story,二、插电式混合动力汽车,
原件/免征目录/mf_batch42.doc,fef4fd8ea19d773d368642e51a4bdb24c148530251a2240be4ff1358d5d41fab,word/document.xml:outside_table_paragraph_1915,body_note_or_auxiliary_story,（一）乘用车,
原件/免征目录/mf_batch42.doc,fef4fd8ea19d773d368642e51a4bdb24c148530251a2240be4ff1358d5d41fab,word/document.xml:outside_table_paragraph_2059,body_note_or_auxiliary_story,注：插电式混合动力汽车燃料消耗量仅包括传统燃料/不含电能折算。,
原件/免征目录/mf_batch42.doc,fef4fd8ea19d773d368642e51a4bdb24c148530251a2240be4ff1358d5d41fab,word/document.xml:outside_table_paragraph_2061,body_note_or_auxiliary_story,（二）客车,
原件/免征目录/mf_batch42.doc,fef4fd8ea19d773d368642e51a4bdb24c148530251a2240be4ff1358d5d41fab,word/document.xml:outside_table_paragraph_2084,body_note_or_auxiliary_story,注：插电式混合动力汽车燃料消耗量仅包括传统燃料/不含电能折算。,
原件/免征目录/mf_batch42.doc,fef4fd8ea19d773d368642e51a4bdb24c148530251a2240be4ff1358d5d41fab,word/document.xml:outside_table_paragraph_2086,body_note_or_auxiliary_story,（三）专用车,
原件/免征目录/mf_batch42.doc,fef4fd8ea19d773d368642e51a4bdb24c148530251a2240be4ff1358d5d41fab,word/document.xml:outside_table_paragraph_2120,body_note_or_auxiliary_story,注：插电式混合动力汽车燃料消耗量仅包括传统燃料/不含电能折算。,
原件/免征目录/mf_batch42.doc,fef4fd8ea19d773d368642e51a4bdb24c148530251a2240be4ff1358d5d41fab,word/document.xml:outside_table_paragraph_2122,body_note_or_auxiliary_story,三、燃料电池汽车,
原件/免征目录/mf_batch42.doc,fef4fd8ea19d773d368642e51a4bdb24c148530251a2240be4ff1358d5d41fab,word/document.xml:outside_table_paragraph_2123,body_note_or_auxiliary_story,（一）客车,
原件/免征目录/mf_batch42.doc,fef4fd8ea19d773d368642e51a4bdb24c148530251a2240be4ff1358d5d41fab,word/document.xml:outside_table_paragraph_2197,body_note_or_auxiliary_story,（二）货车,
原件/免征目录/mf_batch42.doc,fef4fd8ea19d773d368642e51a4bdb24c148530251a2240be4ff1358d5d41fab,word/document.xml:outside_table_paragraph_2253,body_note_or_auxiliary_story,（三）专用车,
原件/免征目录/mf_batch42.doc,fef4fd8ea19d773d368642e51a4bdb24c148530251a2240be4ff1358d5d41fab,word/document.xml:outside_table_paragraph_2273,body_note_or_auxiliary_story,四、汽车生产企业名称变更名单,
原件/免征目录/mf_batch42.doc,fef4fd8ea19d773d368642e51a4bdb24c148530251a2240be4ff1358d5d41fab,word/footer1.xml:outside_table_paragraph_1,body_note_or_auxiliary_story,1313,
原件/免征目录/mf_batch42.doc,fef4fd8ea19d773d368642e51a4bdb24c148530251a2240be4ff1358d5d41fab,word/footer1.xml:outside_table_paragraph_2,body_note_or_auxiliary_story,13,
原件/免征目录/mf_batch42.doc,fef4fd8ea19d773d368642e51a4bdb24c148530251a2240be4ff1358d5d41fab,word/footer1.xml:outside_table_paragraph_3,body_note_or_auxiliary_story,13,
原件/免征目录/mf_batch42.doc,fef4fd8ea19d773d368642e51a4bdb24c148530251a2240be4ff1358d5d41fab,word/footer2.xml:outside_table_paragraph_1,body_note_or_auxiliary_story,1414,
原件/免征目录/mf_batch42.doc,fef4fd8ea19d773d368642e51a4bdb24c148530251a2240be4ff1358d5d41fab,word/footer2.xml:outside_table_paragraph_2,body_note_or_auxiliary_story,14,
原件/免征目录/mf_batch42.doc,fef4fd8ea19d773d368642e51a4bdb24c148530251a2240be4ff1358d5d41fab,word/footer2.xml:outside_table_paragraph_3,body_note_or_auxiliary_story,14,
原件/免征目录/mf_batch43.doc,5d5202dfe31364ec0884640d8bba22b0f640154d0bcc6154272890e604cfc01c,word/document.xml:table_0:row_0,physical_table_first_row_or_explicit_header,序号 | 汽车生产企业名称 | 车辆型号 | 通用名称 | 纯电动续驶里程(km) | 整车整备质量(kg) | 动力蓄电池组总质量(kg) | 动力蓄电池组总能量(kWh) | 备注,
原件/免征目录/mf_batch43.doc,5d5202dfe31364ec0884640d8bba22b0f640154d0bcc6154272890e604cfc01c,word/document.xml:table_1:row_0,physical_table_first_row_or_explicit_header,序号 | 汽车生产企业名称 | 车辆型号 | 产品名称 | 纯电动续驶里程(km) | 整车整备质量(kg) | 动力蓄电池组总质量(kg) | 动力蓄电池组总能量(kWh) | 备注,
原件/免征目录/mf_batch43.doc,5d5202dfe31364ec0884640d8bba22b0f640154d0bcc6154272890e604cfc01c,word/document.xml:table_2:row_0,physical_table_first_row_or_explicit_header,序号 | 汽车生产企业名称 | 车辆型号 | 产品名称 | 纯电动续驶里程(km) | 整车整备质量(kg) | 动力蓄电池组总质量(kg) | 动力蓄电池组总能量(kWh) | 备注,
原件/免征目录/mf_batch43.doc,5d5202dfe31364ec0884640d8bba22b0f640154d0bcc6154272890e604cfc01c,word/document.xml:table_3:row_0,physical_table_first_row_or_explicit_header,序号 | 汽车生产企业名称 | 车辆型号 | 产品名称 | 纯电动续驶里程(km) | 整车整备质量(kg) | 动力蓄电池组总质量(kg) | 动力蓄电池组总能量(kWh) | 备注,
原件/免征目录/mf_batch43.doc,5d5202dfe31364ec0884640d8bba22b0f640154d0bcc6154272890e604cfc01c,word/document.xml:table_4:row_0,physical_table_first_row_or_explicit_header,序号 | 汽车生产企业名称 | 车辆型号 | 产品名称 | 纯电动续驶里程(km) | 燃料消耗量(L/100km) | 发动机排量(mL) | 整车整备质量(kg) | 动力蓄电池组总质量(kg) | 动力蓄电池组总能量(kWh) | 备注,
原件/免征目录/mf_batch43.doc,5d5202dfe31364ec0884640d8bba22b0f640154d0bcc6154272890e604cfc01c,word/document.xml:table_5:row_0,physical_table_first_row_or_explicit_header,序号 | 汽车生产企业名称 | 车辆型号 | 产品名称 | 纯电动续驶里程(km) | 整车整备质量(kg) | 燃料电池系统额定功率(kW) | 驱动电机额定功率(kW) | 备注,
原件/免征目录/mf_batch43.doc,5d5202dfe31364ec0884640d8bba22b0f640154d0bcc6154272890e604cfc01c,word/document.xml:table_6:row_0,physical_table_first_row_or_explicit_header,序号 | 汽车生产企业名称 | 车辆型号 | 产品名称 | 纯电动续驶里程(km) | 整车整备质量(kg) | 燃料电池系统额定功率(kW) | 驱动电机额定功率(kW) | 备注,
原件/免征目录/mf_batch43.doc,5d5202dfe31364ec0884640d8bba22b0f640154d0bcc6154272890e604cfc01c,word/document.xml:table_7:row_0,physical_table_first_row_or_explicit_header,序号 | 汽车生产企业名称 | 车辆型号 | 产品名称 | 纯电动续驶里程(km) | 整车整备质量(kg) | 燃料电池系统额定功率(kW) | 驱动电机额定功率(kW) | 备注,
原件/免征目录/mf_batch43.doc,5d5202dfe31364ec0884640d8bba22b0f640154d0bcc6154272890e604cfc01c,word/document.xml:table_8:row_0,physical_table_first_row_or_explicit_header,序号 | 变更前汽车生产企业名称 | 变更后汽车生产企业名称,
原件/免征目录/mf_batch43.doc,5d5202dfe31364ec0884640d8bba22b0f640154d0bcc6154272890e604cfc01c,word/document.xml:outside_table_paragraph_1,body_note_or_auxiliary_story,附件4,
原件/免征目录/mf_batch43.doc,5d5202dfe31364ec0884640d8bba22b0f640154d0bcc6154272890e604cfc01c,word/document.xml:outside_table_paragraph_3,body_note_or_auxiliary_story,免征车辆购置税的新能源汽车车型目录,
原件/免征目录/mf_batch43.doc,5d5202dfe31364ec0884640d8bba22b0f640154d0bcc6154272890e604cfc01c,word/document.xml:outside_table_paragraph_4,body_note_or_auxiliary_story,（第四十三批）,
原件/免征目录/mf_batch43.doc,5d5202dfe31364ec0884640d8bba22b0f640154d0bcc6154272890e604cfc01c,word/document.xml:outside_table_paragraph_6,body_note_or_auxiliary_story,一、纯电动汽车,
原件/免征目录/mf_batch43.doc,5d5202dfe31364ec0884640d8bba22b0f640154d0bcc6154272890e604cfc01c,word/document.xml:outside_table_paragraph_7,body_note_or_auxiliary_story,（一）乘用车,
原件/免征目录/mf_batch43.doc,5d5202dfe31364ec0884640d8bba22b0f640154d0bcc6154272890e604cfc01c,word/document.xml:outside_table_paragraph_162,body_note_or_auxiliary_story,（二）客车,
原件/免征目录/mf_batch43.doc,5d5202dfe31364ec0884640d8bba22b0f640154d0bcc6154272890e604cfc01c,word/document.xml:outside_table_paragraph_479,body_note_or_auxiliary_story,（三）货车,
原件/免征目录/mf_batch43.doc,5d5202dfe31364ec0884640d8bba22b0f640154d0bcc6154272890e604cfc01c,word/document.xml:outside_table_paragraph_589,body_note_or_auxiliary_story,（四）专用车,
原件/免征目录/mf_batch43.doc,5d5202dfe31364ec0884640d8bba22b0f640154d0bcc6154272890e604cfc01c,word/document.xml:outside_table_paragraph_1293,body_note_or_auxiliary_story,二、插电式混合动力汽车,
原件/免征目录/mf_batch43.doc,5d5202dfe31364ec0884640d8bba22b0f640154d0bcc6154272890e604cfc01c,word/document.xml:outside_table_paragraph_1294,body_note_or_auxiliary_story,（一）专用车,
原件/免征目录/mf_batch43.doc,5d5202dfe31364ec0884640d8bba22b0f640154d0bcc6154272890e604cfc01c,word/document.xml:outside_table_paragraph_1339,body_note_or_auxiliary_story,注：插电式混合动力汽车燃料消耗量仅包括传统燃料/不含电能折算。,
原件/免征目录/mf_batch43.doc,5d5202dfe31364ec0884640d8bba22b0f640154d0bcc6154272890e604cfc01c,word/document.xml:outside_table_paragraph_1341,body_note_or_auxiliary_story,三、燃料电池汽车,
原件/免征目录/mf_batch43.doc,5d5202dfe31364ec0884640d8bba22b0f640154d0bcc6154272890e604cfc01c,word/document.xml:outside_table_paragraph_1342,body_note_or_auxiliary_story,（一）客车,
原件/免征目录/mf_batch43.doc,5d5202dfe31364ec0884640d8bba22b0f640154d0bcc6154272890e604cfc01c,word/document.xml:outside_table_paragraph_1397,body_note_or_auxiliary_story,勘误：《免征车辆购置税的新能源汽车车型目录》（第四十二批）燃料电池汽车（二）货车部分第5个车型“郑州宇通客车股份有限公司ZK6106FCEVG2燃料电池城市客车”应列入燃料电池汽车（一）客车部分。,
原件/免征目录/mf_batch43.doc,5d5202dfe31364ec0884640d8bba22b0f640154d0bcc6154272890e604cfc01c,word/document.xml:outside_table_paragraph_1399,body_note_or_auxiliary_story,（二）货车,
原件/免征目录/mf_batch43.doc,5d5202dfe31364ec0884640d8bba22b0f640154d0bcc6154272890e604cfc01c,word/document.xml:outside_table_paragraph_1419,body_note_or_auxiliary_story,（三）专用车,
原件/免征目录/mf_batch43.doc,5d5202dfe31364ec0884640d8bba22b0f640154d0bcc6154272890e604cfc01c,word/document.xml:outside_table_paragraph_1475,body_note_or_auxiliary_story,四、汽车生产企业名称变更名单,
原件/免征目录/mf_batch43.doc,5d5202dfe31364ec0884640d8bba22b0f640154d0bcc6154272890e604cfc01c,word/footer1.xml:outside_table_paragraph_1,body_note_or_auxiliary_story,99,
原件/免征目录/mf_batch43.doc,5d5202dfe31364ec0884640d8bba22b0f640154d0bcc6154272890e604cfc01c,word/footer1.xml:outside_table_paragraph_2,body_note_or_auxiliary_story,9,
原件/免征目录/mf_batch43.doc,5d5202dfe31364ec0884640d8bba22b0f640154d0bcc6154272890e604cfc01c,word/footer1.xml:outside_table_paragraph_3,body_note_or_auxiliary_story,9,
原件/免征目录/mf_batch43.doc,5d5202dfe31364ec0884640d8bba22b0f640154d0bcc6154272890e604cfc01c,word/footer2.xml:outside_table_paragraph_1,body_note_or_auxiliary_story,1010,
原件/免征目录/mf_batch43.doc,5d5202dfe31364ec0884640d8bba22b0f640154d0bcc6154272890e604cfc01c,word/footer2.xml:outside_table_paragraph_2,body_note_or_auxiliary_story,10,
原件/免征目录/mf_batch43.doc,5d5202dfe31364ec0884640d8bba22b0f640154d0bcc6154272890e604cfc01c,word/footer2.xml:outside_table_paragraph_3,body_note_or_auxiliary_story,10,
原件/免征目录/mf_batch44.doc,aea30846204f4e55c0d969450f1619e1649eb27f471d5b0a2636d0da77eb0611,word/document.xml:table_0:row_0,physical_table_first_row_or_explicit_header,序号 | 汽车生产企业名称 | 车辆型号 | 通用名称 | 纯电动续驶里程(km) | 整车整备质量(kg) | 动力蓄电池组总质量(kg) | 动力蓄电池组总能量(kWh) | 备注,
原件/免征目录/mf_batch44.doc,aea30846204f4e55c0d969450f1619e1649eb27f471d5b0a2636d0da77eb0611,word/document.xml:table_1:row_0,physical_table_first_row_or_explicit_header,序号 | 汽车生产企业名称 | 车辆型号 | 产品名称 | 纯电动续驶里程(km) | 整车整备质量(kg) | 动力蓄电池组总质量(kg) | 动力蓄电池组总能量(kWh) | 备注,
原件/免征目录/mf_batch44.doc,aea30846204f4e55c0d969450f1619e1649eb27f471d5b0a2636d0da77eb0611,word/document.xml:table_2:row_0,physical_table_first_row_or_explicit_header,序号 | 汽车生产企业名称 | 车辆型号 | 产品名称 | 纯电动续驶里程(km) | 整车整备质量(kg) | 动力蓄电池组总质量(kg) | 动力蓄电池组总能量(kWh) | 备注,
原件/免征目录/mf_batch44.doc,aea30846204f4e55c0d969450f1619e1649eb27f471d5b0a2636d0da77eb0611,word/document.xml:table_3:row_0,physical_table_first_row_or_explicit_header,序号 | 汽车生产企业名称 | 车辆型号 | 产品名称 | 纯电动续驶里程(km) | 整车整备质量(kg) | 动力蓄电池组总质量(kg) | 动力蓄电池组总能量(kWh) | 备注,
原件/免征目录/mf_batch44.doc,aea30846204f4e55c0d969450f1619e1649eb27f471d5b0a2636d0da77eb0611,word/document.xml:table_4:row_0,physical_table_first_row_or_explicit_header,序号 | 汽车生产企业名称 | 车辆型号 | 通用名称 | 纯电动续驶里程(km) | 燃料消耗量(L/100km) | 发动机排量(mL) | 整车整备质量(kg) | 动力蓄电池组总质量(kg) | 动力蓄电池组总能量(kWh) | 备注,
原件/免征目录/mf_batch44.doc,aea30846204f4e55c0d969450f1619e1649eb27f471d5b0a2636d0da77eb0611,word/document.xml:table_5:row_0,physical_table_first_row_or_explicit_header,序号 | 汽车生产企业名称 | 车辆型号 | 产品名称 | 纯电动续驶里程(km) | 燃料消耗量(L/100km) | 发动机排量(mL) | 整车整备质量(kg) | 动力蓄电池组总质量(kg) | 动力蓄电池组总能量(kWh) | 备注,
原件/免征目录/mf_batch44.doc,aea30846204f4e55c0d969450f1619e1649eb27f471d5b0a2636d0da77eb0611,word/document.xml:table_6:row_0,physical_table_first_row_or_explicit_header,序号 | 汽车生产企业名称 | 车辆型号 | 产品名称 | 纯电动续驶里程(km) | 燃料消耗量(L/100km) | 发动机排量(mL) | 整车整备质量(kg) | 动力蓄电池组总质量(kg) | 动力蓄电池组总能量(kWh) | 备注,
原件/免征目录/mf_batch44.doc,aea30846204f4e55c0d969450f1619e1649eb27f471d5b0a2636d0da77eb0611,word/document.xml:table_7:row_0,physical_table_first_row_or_explicit_header,序号 | 汽车生产企业名称 | 车辆型号 | 产品名称 | 纯电动续驶里程(km) | 整车整备质量(kg) | 燃料电池系统额定功率(kW) | 驱动电机额定功率(kW) | 备注,
原件/免征目录/mf_batch44.doc,aea30846204f4e55c0d969450f1619e1649eb27f471d5b0a2636d0da77eb0611,word/document.xml:table_8:row_0,physical_table_first_row_or_explicit_header,序号 | 汽车生产企业名称 | 车辆型号 | 产品名称 | 纯电动续驶里程(km) | 整车整备质量(kg) | 燃料电池系统额定功率(kW) | 驱动电机额定功率(kW) | 备注,
原件/免征目录/mf_batch44.doc,aea30846204f4e55c0d969450f1619e1649eb27f471d5b0a2636d0da77eb0611,word/document.xml:table_9:row_0,physical_table_first_row_or_explicit_header,序号 | 汽车生产企业名称 | 车辆型号 | 产品名称 | 纯电动续驶里程(km) | 整车整备质量(kg) | 燃料电池系统额定功率(kW) | 驱动电机额定功率(kW) | 备注,
原件/免征目录/mf_batch44.doc,aea30846204f4e55c0d969450f1619e1649eb27f471d5b0a2636d0da77eb0611,word/document.xml:table_10:row_0,physical_table_first_row_or_explicit_header,序号 | 变更前汽车生产企业名称 | 变更后汽车生产企业名称,
原件/免征目录/mf_batch44.doc,aea30846204f4e55c0d969450f1619e1649eb27f471d5b0a2636d0da77eb0611,word/document.xml:outside_table_paragraph_1,body_note_or_auxiliary_story,附件4,
原件/免征目录/mf_batch44.doc,aea30846204f4e55c0d969450f1619e1649eb27f471d5b0a2636d0da77eb0611,word/document.xml:outside_table_paragraph_3,body_note_or_auxiliary_story,免征车辆购置税的新能源汽车车型目录,
原件/免征目录/mf_batch44.doc,aea30846204f4e55c0d969450f1619e1649eb27f471d5b0a2636d0da77eb0611,word/document.xml:outside_table_paragraph_4,body_note_or_auxiliary_story,（第四十四批）,
原件/免征目录/mf_batch44.doc,aea30846204f4e55c0d969450f1619e1649eb27f471d5b0a2636d0da77eb0611,word/document.xml:outside_table_paragraph_6,body_note_or_auxiliary_story,一、纯电动汽车,
原件/免征目录/mf_batch44.doc,aea30846204f4e55c0d969450f1619e1649eb27f471d5b0a2636d0da77eb0611,word/document.xml:outside_table_paragraph_7,body_note_or_auxiliary_story,（一）乘用车,
原件/免征目录/mf_batch44.doc,aea30846204f4e55c0d969450f1619e1649eb27f471d5b0a2636d0da77eb0611,word/document.xml:outside_table_paragraph_495,body_note_or_auxiliary_story,（二）客车,
原件/免征目录/mf_batch44.doc,aea30846204f4e55c0d969450f1619e1649eb27f471d5b0a2636d0da77eb0611,word/document.xml:outside_table_paragraph_1001,body_note_or_auxiliary_story,（三）货车,
原件/免征目录/mf_batch44.doc,aea30846204f4e55c0d969450f1619e1649eb27f471d5b0a2636d0da77eb0611,word/document.xml:outside_table_paragraph_1138,body_note_or_auxiliary_story,（四）专用车,
原件/免征目录/mf_batch44.doc,aea30846204f4e55c0d969450f1619e1649eb27f471d5b0a2636d0da77eb0611,word/document.xml:outside_table_paragraph_1645,body_note_or_auxiliary_story,二、插电式混合动力汽车,
原件/免征目录/mf_batch44.doc,aea30846204f4e55c0d969450f1619e1649eb27f471d5b0a2636d0da77eb0611,word/document.xml:outside_table_paragraph_1646,body_note_or_auxiliary_story,（一）乘用车,
原件/免征目录/mf_batch44.doc,aea30846204f4e55c0d969450f1619e1649eb27f471d5b0a2636d0da77eb0611,word/document.xml:outside_table_paragraph_1955,body_note_or_auxiliary_story,注：插电式混合动力汽车燃料消耗量仅包括传统燃料/不含电能折算。,
原件/免征目录/mf_batch44.doc,aea30846204f4e55c0d969450f1619e1649eb27f471d5b0a2636d0da77eb0611,word/document.xml:outside_table_paragraph_1957,body_note_or_auxiliary_story,（二）客车,
原件/免征目录/mf_batch44.doc,aea30846204f4e55c0d969450f1619e1649eb27f471d5b0a2636d0da77eb0611,word/document.xml:outside_table_paragraph_1980,body_note_or_auxiliary_story,注：插电式混合动力汽车燃料消耗量仅包括传统燃料/不含电能折算。,
原件/免征目录/mf_batch44.doc,aea30846204f4e55c0d969450f1619e1649eb27f471d5b0a2636d0da77eb0611,word/document.xml:outside_table_paragraph_1982,body_note_or_auxiliary_story,（三）专用车,
原件/免征目录/mf_batch44.doc,aea30846204f4e55c0d969450f1619e1649eb27f471d5b0a2636d0da77eb0611,word/document.xml:outside_table_paragraph_2005,body_note_or_auxiliary_story,注：插电式混合动力汽车燃料消耗量仅包括传统燃料/不含电能折算。,
原件/免征目录/mf_batch44.doc,aea30846204f4e55c0d969450f1619e1649eb27f471d5b0a2636d0da77eb0611,word/document.xml:outside_table_paragraph_2007,body_note_or_auxiliary_story,三、燃料电池汽车,
原件/免征目录/mf_batch44.doc,aea30846204f4e55c0d969450f1619e1649eb27f471d5b0a2636d0da77eb0611,word/document.xml:outside_table_paragraph_2008,body_note_or_auxiliary_story,（一）客车,
原件/免征目录/mf_batch44.doc,aea30846204f4e55c0d969450f1619e1649eb27f471d5b0a2636d0da77eb0611,word/document.xml:outside_table_paragraph_2064,body_note_or_auxiliary_story,（二）货车,
原件/免征目录/mf_batch44.doc,aea30846204f4e55c0d969450f1619e1649eb27f471d5b0a2636d0da77eb0611,word/document.xml:outside_table_paragraph_2111,body_note_or_auxiliary_story,（三）专用车,
原件/免征目录/mf_batch44.doc,aea30846204f4e55c0d969450f1619e1649eb27f471d5b0a2636d0da77eb0611,word/document.xml:outside_table_paragraph_2132,body_note_or_auxiliary_story,四、汽车生产企业名称变更名单,
原件/免征目录/mf_batch44.doc,aea30846204f4e55c0d969450f1619e1649eb27f471d5b0a2636d0da77eb0611,word/footer1.xml:outside_table_paragraph_1,body_note_or_auxiliary_story,88,
原件/免征目录/mf_batch44.doc,aea30846204f4e55c0d969450f1619e1649eb27f471d5b0a2636d0da77eb0611,word/footer1.xml:outside_table_paragraph_2,body_note_or_auxiliary_story,8,
原件/免征目录/mf_batch44.doc,aea30846204f4e55c0d969450f1619e1649eb27f471d5b0a2636d0da77eb0611,word/footer1.xml:outside_table_paragraph_3,body_note_or_auxiliary_story,8,
原件/免征目录/mf_batch44.doc,aea30846204f4e55c0d969450f1619e1649eb27f471d5b0a2636d0da77eb0611,word/footer2.xml:outside_table_paragraph_1,body_note_or_auxiliary_story,1111,
原件/免征目录/mf_batch44.doc,aea30846204f4e55c0d969450f1619e1649eb27f471d5b0a2636d0da77eb0611,word/footer2.xml:outside_table_paragraph_2,body_note_or_auxiliary_story,11,
原件/免征目录/mf_batch44.doc,aea30846204f4e55c0d969450f1619e1649eb27f471d5b0a2636d0da77eb0611,word/footer2.xml:outside_table_paragraph_3,body_note_or_auxiliary_story,11,
原件/免征目录/mf_batch44.doc,aea30846204f4e55c0d969450f1619e1649eb27f471d5b0a2636d0da77eb0611,word/footer4.xml:outside_table_paragraph_1,body_note_or_auxiliary_story,1212,
原件/免征目录/mf_batch44.doc,aea30846204f4e55c0d969450f1619e1649eb27f471d5b0a2636d0da77eb0611,word/footer4.xml:outside_table_paragraph_2,body_note_or_auxiliary_story,12,
原件/免征目录/mf_batch44.doc,aea30846204f4e55c0d969450f1619e1649eb27f471d5b0a2636d0da77eb0611,word/footer4.xml:outside_table_paragraph_3,body_note_or_auxiliary_story,12,
原件/免征目录/mf_batch44.doc,aea30846204f4e55c0d969450f1619e1649eb27f471d5b0a2636d0da77eb0611,word/footer6.xml:outside_table_paragraph_1,body_note_or_auxiliary_story,1313,
原件/免征目录/mf_batch44.doc,aea30846204f4e55c0d969450f1619e1649eb27f471d5b0a2636d0da77eb0611,word/footer6.xml:outside_table_paragraph_2,body_note_or_auxiliary_story,13,
原件/免征目录/mf_batch44.doc,aea30846204f4e55c0d969450f1619e1649eb27f471d5b0a2636d0da77eb0611,word/footer6.xml:outside_table_paragraph_3,body_note_or_auxiliary_story,13,
原件/免征目录/mf_batch45.doc,56f5e7c5fd36e990024f8121006a76da260361f4e4660846e78255d007126f7a,word/document.xml:table_0:row_0,physical_table_first_row_or_explicit_header,序号 | 汽车生产企业名称 | 车辆型号 | 通用名称 | 纯电动续驶里程(km) | 整车整备质量(kg) | 动力蓄电池组总质量(kg) | 动力蓄电池组总能量(kWh) | 备注,
原件/免征目录/mf_batch45.doc,56f5e7c5fd36e990024f8121006a76da260361f4e4660846e78255d007126f7a,word/document.xml:table_1:row_0,physical_table_first_row_or_explicit_header,序号 | 汽车生产企业名称 | 车辆型号 | 产品名称 | 纯电动续驶里程(km) | 整车整备质量(kg) | 动力蓄电池组总质量(kg) | 动力蓄电池组总能量(kWh) | 备注,
原件/免征目录/mf_batch45.doc,56f5e7c5fd36e990024f8121006a76da260361f4e4660846e78255d007126f7a,word/document.xml:table_2:row_0,physical_table_first_row_or_explicit_header,序号 | 汽车生产企业名称 | 车辆型号 | 产品名称 | 纯电动续驶里程(km) | 整车整备质量(kg) | 动力蓄电池组总质量(kg) | 动力蓄电池组总能量(kWh) | 备注,
原件/免征目录/mf_batch45.doc,56f5e7c5fd36e990024f8121006a76da260361f4e4660846e78255d007126f7a,word/document.xml:table_3:row_0,physical_table_first_row_or_explicit_header,序号 | 汽车生产企业名称 | 车辆型号 | 产品名称 | 纯电动续驶里程(km) | 整车整备质量(kg) | 动力蓄电池组总质量(kg) | 动力蓄电池组总能量(kWh) | 备注,
原件/免征目录/mf_batch45.doc,56f5e7c5fd36e990024f8121006a76da260361f4e4660846e78255d007126f7a,word/document.xml:table_4:row_0,physical_table_first_row_or_explicit_header,序号 | 汽车生产企业名称 | 车辆型号 | 通用名称 | 纯电动续驶里程(km) | 燃料消耗量(L/100km) | 发动机排量(mL) | 整车整备质量(kg) | 动力蓄电池组总质量(kg) | 动力蓄电池组总能量(kWh) | 备注,
原件/免征目录/mf_batch45.doc,56f5e7c5fd36e990024f8121006a76da260361f4e4660846e78255d007126f7a,word/document.xml:table_5:row_0,physical_table_first_row_or_explicit_header,序号 | 汽车生产企业名称 | 车辆型号 | 产品名称 | 纯电动续驶里程(km) | 燃料消耗量(L/100km) | 发动机排量(mL) | 整车整备质量(kg) | 动力蓄电池组总质量(kg) | 动力蓄电池组总能量(kWh) | 备注,
原件/免征目录/mf_batch45.doc,56f5e7c5fd36e990024f8121006a76da260361f4e4660846e78255d007126f7a,word/document.xml:table_6:row_0,physical_table_first_row_or_explicit_header,序号 | 汽车生产企业名称 | 车辆型号 | 产品名称 | 纯电动续驶里程(km) | 燃料消耗量(L/100km) | 发动机排量(mL) | 整车整备质量(kg) | 动力蓄电池组总质量(kg) | 动力蓄电池组总能量(kWh) | 备注,
原件/免征目录/mf_batch45.doc,56f5e7c5fd36e990024f8121006a76da260361f4e4660846e78255d007126f7a,word/document.xml:table_7:row_0,physical_table_first_row_or_explicit_header,序号 | 汽车生产企业名称 | 车辆型号 | 产品名称 | 纯电动续驶里程(km) | 燃料消耗量(L/100km) | 发动机排量(mL) | 整车整备质量(kg) | 动力蓄电池组总质量(kg) | 动力蓄电池组总能量(kWh) | 备注,
原件/免征目录/mf_batch45.doc,56f5e7c5fd36e990024f8121006a76da260361f4e4660846e78255d007126f7a,word/document.xml:table_8:row_0,physical_table_first_row_or_explicit_header,序号 | 汽车生产企业名称 | 车辆型号 | 产品名称 | 纯电动续驶里程(km) | 整车整备质量(kg) | 燃料电池系统额定功率(kW) | 驱动电机额定功率(kW) | 备注,
原件/免征目录/mf_batch45.doc,56f5e7c5fd36e990024f8121006a76da260361f4e4660846e78255d007126f7a,word/document.xml:table_9:row_0,physical_table_first_row_or_explicit_header,序号 | 汽车生产企业名称 | 车辆型号 | 产品名称 | 纯电动续驶里程(km) | 整车整备质量(kg) | 燃料电池系统额定功率(kW) | 驱动电机额定功率(kW) | 备注,
原件/免征目录/mf_batch45.doc,56f5e7c5fd36e990024f8121006a76da260361f4e4660846e78255d007126f7a,word/document.xml:table_10:row_0,physical_table_first_row_or_explicit_header,序号 | 汽车生产企业名称 | 车辆型号 | 产品名称 | 纯电动续驶里程(km) | 整车整备质量(kg) | 燃料电池系统额定功率(kW) | 驱动电机额定功率(kW) | 备注,
原件/免征目录/mf_batch45.doc,56f5e7c5fd36e990024f8121006a76da260361f4e4660846e78255d007126f7a,word/document.xml:table_11:row_0,physical_table_first_row_or_explicit_header,序号 | 变更前汽车生产企业名称 | 变更后汽车生产企业名称,
原件/免征目录/mf_batch45.doc,56f5e7c5fd36e990024f8121006a76da260361f4e4660846e78255d007126f7a,word/document.xml:outside_table_paragraph_1,body_note_or_auxiliary_story,附件2,
原件/免征目录/mf_batch45.doc,56f5e7c5fd36e990024f8121006a76da260361f4e4660846e78255d007126f7a,word/document.xml:outside_table_paragraph_3,body_note_or_auxiliary_story,免征车辆购置税的新能源汽车车型目录,
原件/免征目录/mf_batch45.doc,56f5e7c5fd36e990024f8121006a76da260361f4e4660846e78255d007126f7a,word/document.xml:outside_table_paragraph_4,body_note_or_auxiliary_story,（第四十五批）,
原件/免征目录/mf_batch45.doc,56f5e7c5fd36e990024f8121006a76da260361f4e4660846e78255d007126f7a,word/document.xml:outside_table_paragraph_6,body_note_or_auxiliary_story,一、纯电动汽车,
原件/免征目录/mf_batch45.doc,56f5e7c5fd36e990024f8121006a76da260361f4e4660846e78255d007126f7a,word/document.xml:outside_table_paragraph_7,body_note_or_auxiliary_story,（一）乘用车,
原件/免征目录/mf_batch45.doc,56f5e7c5fd36e990024f8121006a76da260361f4e4660846e78255d007126f7a,word/document.xml:outside_table_paragraph_496,body_note_or_auxiliary_story,（二）客车,
原件/免征目录/mf_batch45.doc,56f5e7c5fd36e990024f8121006a76da260361f4e4660846e78255d007126f7a,word/document.xml:outside_table_paragraph_1074,body_note_or_auxiliary_story,（三）货车,
原件/免征目录/mf_batch45.doc,56f5e7c5fd36e990024f8121006a76da260361f4e4660846e78255d007126f7a,word/document.xml:outside_table_paragraph_1283,body_note_or_auxiliary_story,（四）专用车,
原件/免征目录/mf_batch45.doc,56f5e7c5fd36e990024f8121006a76da260361f4e4660846e78255d007126f7a,word/document.xml:outside_table_paragraph_2167,body_note_or_auxiliary_story,二、插电式混合动力汽车,
原件/免征目录/mf_batch45.doc,56f5e7c5fd36e990024f8121006a76da260361f4e4660846e78255d007126f7a,word/document.xml:outside_table_paragraph_2168,body_note_or_auxiliary_story,（一）乘用车,
原件/免征目录/mf_batch45.doc,56f5e7c5fd36e990024f8121006a76da260361f4e4660846e78255d007126f7a,word/document.xml:outside_table_paragraph_2268,body_note_or_auxiliary_story,注：插电式混合动力汽车燃料消耗量仅包括传统燃料/不含电能折算。,
原件/免征目录/mf_batch45.doc,56f5e7c5fd36e990024f8121006a76da260361f4e4660846e78255d007126f7a,word/document.xml:outside_table_paragraph_2270,body_note_or_auxiliary_story,（二）客车,
原件/免征目录/mf_batch45.doc,56f5e7c5fd36e990024f8121006a76da260361f4e4660846e78255d007126f7a,word/document.xml:outside_table_paragraph_2326,body_note_or_auxiliary_story,注：插电式混合动力汽车燃料消耗量仅包括传统燃料/不含电能折算。,
原件/免征目录/mf_batch45.doc,56f5e7c5fd36e990024f8121006a76da260361f4e4660846e78255d007126f7a,word/document.xml:outside_table_paragraph_2328,body_note_or_auxiliary_story,（三）货车,
原件/免征目录/mf_batch45.doc,56f5e7c5fd36e990024f8121006a76da260361f4e4660846e78255d007126f7a,word/document.xml:outside_table_paragraph_2384,body_note_or_auxiliary_story,注：插电式混合动力汽车燃料消耗量仅包括传统燃料/不含电能折算。,
原件/免征目录/mf_batch45.doc,56f5e7c5fd36e990024f8121006a76da260361f4e4660846e78255d007126f7a,word/document.xml:outside_table_paragraph_2386,body_note_or_auxiliary_story,（四）专用车,
原件/免征目录/mf_batch45.doc,56f5e7c5fd36e990024f8121006a76da260361f4e4660846e78255d007126f7a,word/document.xml:outside_table_paragraph_2409,body_note_or_auxiliary_story,注：插电式混合动力汽车燃料消耗量仅包括传统燃料/不含电能折算。,
原件/免征目录/mf_batch45.doc,56f5e7c5fd36e990024f8121006a76da260361f4e4660846e78255d007126f7a,word/document.xml:outside_table_paragraph_2411,body_note_or_auxiliary_story,三、燃料电池汽车,
原件/免征目录/mf_batch45.doc,56f5e7c5fd36e990024f8121006a76da260361f4e4660846e78255d007126f7a,word/document.xml:outside_table_paragraph_2412,body_note_or_auxiliary_story,（一）客车,
原件/免征目录/mf_batch45.doc,56f5e7c5fd36e990024f8121006a76da260361f4e4660846e78255d007126f7a,word/document.xml:outside_table_paragraph_2468,body_note_or_auxiliary_story,（二）货车,
原件/免征目录/mf_batch45.doc,56f5e7c5fd36e990024f8121006a76da260361f4e4660846e78255d007126f7a,word/document.xml:outside_table_paragraph_2542,body_note_or_auxiliary_story,（三）专用车,
原件/免征目录/mf_batch45.doc,56f5e7c5fd36e990024f8121006a76da260361f4e4660846e78255d007126f7a,word/document.xml:outside_table_paragraph_2607,body_note_or_auxiliary_story,汽车生产企业名称变更名单,
原件/免征目录/mf_batch45.doc,56f5e7c5fd36e990024f8121006a76da260361f4e4660846e78255d007126f7a,word/footer1.xml:outside_table_paragraph_1,body_note_or_auxiliary_story,1212,
原件/免征目录/mf_batch45.doc,56f5e7c5fd36e990024f8121006a76da260361f4e4660846e78255d007126f7a,word/footer1.xml:outside_table_paragraph_2,body_note_or_auxiliary_story,12,
原件/免征目录/mf_batch45.doc,56f5e7c5fd36e990024f8121006a76da260361f4e4660846e78255d007126f7a,word/footer1.xml:outside_table_paragraph_3,body_note_or_auxiliary_story,12,
原件/免征目录/mf_batch45.doc,56f5e7c5fd36e990024f8121006a76da260361f4e4660846e78255d007126f7a,word/footer2.xml:outside_table_paragraph_1,body_note_or_auxiliary_story,1313,
原件/免征目录/mf_batch45.doc,56f5e7c5fd36e990024f8121006a76da260361f4e4660846e78255d007126f7a,word/footer2.xml:outside_table_paragraph_2,body_note_or_auxiliary_story,13,
原件/免征目录/mf_batch45.doc,56f5e7c5fd36e990024f8121006a76da260361f4e4660846e78255d007126f7a,word/footer2.xml:outside_table_paragraph_3,body_note_or_auxiliary_story,13,
原件/免征目录/mf_batch46.doc,a4b2048b3d5c29a8969f0348e9fd19a3293f0c23e6f37a48bf42a2ed70c7d37d,word/document.xml:table_0:row_0,physical_table_first_row_or_explicit_header,序号 | 汽车生产企业名称 | 车辆型号 | 通用名称 | 纯电动续驶里程(km) | 整车整备质量(kg) | 动力蓄电池组总质量(kg) | 动力蓄电池组总能量(kWh) | 备注,
原件/免征目录/mf_batch46.doc,a4b2048b3d5c29a8969f0348e9fd19a3293f0c23e6f37a48bf42a2ed70c7d37d,word/document.xml:table_1:row_0,physical_table_first_row_or_explicit_header,序号 | 汽车生产企业名称 | 车辆型号 | 产品名称 | 纯电动续驶里程(km) | 整车整备质量(kg) | 动力蓄电池组总质量(kg) | 动力蓄电池组总能量(kWh) | 备注,
原件/免征目录/mf_batch46.doc,a4b2048b3d5c29a8969f0348e9fd19a3293f0c23e6f37a48bf42a2ed70c7d37d,word/document.xml:table_2:row_0,physical_table_first_row_or_explicit_header,序号 | 汽车生产企业名称 | 车辆型号 | 产品名称 | 纯电动续驶里程(km) | 整车整备质量(kg) | 动力蓄电池组总质量(kg) | 动力蓄电池组总能量(kWh) | 备注,
原件/免征目录/mf_batch46.doc,a4b2048b3d5c29a8969f0348e9fd19a3293f0c23e6f37a48bf42a2ed70c7d37d,word/document.xml:table_3:row_0,physical_table_first_row_or_explicit_header,序号 | 汽车生产企业名称 | 车辆型号 | 产品名称 | 纯电动续驶里程(km) | 整车整备质量(kg) | 动力蓄电池组总质量(kg) | 动力蓄电池组总能量(kWh) | 备注,
原件/免征目录/mf_batch46.doc,a4b2048b3d5c29a8969f0348e9fd19a3293f0c23e6f37a48bf42a2ed70c7d37d,word/document.xml:table_4:row_0,physical_table_first_row_or_explicit_header,序号 | 汽车生产企业名称 | 车辆型号 | 通用名称 | 纯电动续驶里程(km) | 燃料消耗量(L/100km) | 发动机排量(mL) | 整车整备质量(kg) | 动力蓄电池组总质量(kg) | 动力蓄电池组总能量(kWh) | 备注,
原件/免征目录/mf_batch46.doc,a4b2048b3d5c29a8969f0348e9fd19a3293f0c23e6f37a48bf42a2ed70c7d37d,word/document.xml:table_5:row_0,physical_table_first_row_or_explicit_header,序号 | 汽车生产企业名称 | 车辆型号 | 产品名称 | 纯电动续驶里程(km) | 燃料消耗量(L/100km) | 发动机排量(mL) | 整车整备质量(kg) | 动力蓄电池组总质量(kg) | 动力蓄电池组总能量(kWh) | 备注,
原件/免征目录/mf_batch46.doc,a4b2048b3d5c29a8969f0348e9fd19a3293f0c23e6f37a48bf42a2ed70c7d37d,word/document.xml:table_6:row_0,physical_table_first_row_or_explicit_header,序号 | 汽车生产企业名称 | 车辆型号 | 产品名称 | 纯电动续驶里程(km) | 燃料消耗量(L/100km) | 发动机排量(mL) | 整车整备质量(kg) | 动力蓄电池组总质量(kg) | 动力蓄电池组总能量(kWh) | 备注,
原件/免征目录/mf_batch46.doc,a4b2048b3d5c29a8969f0348e9fd19a3293f0c23e6f37a48bf42a2ed70c7d37d,word/document.xml:table_7:row_0,physical_table_first_row_or_explicit_header,序号 | 汽车生产企业名称 | 车辆型号 | 通用名称 | 纯电动续驶里程(km) | 整车整备质量(kg) | 燃料电池系统额定功率(kW) | 驱动电机额定功率(kW) | 备注,
原件/免征目录/mf_batch46.doc,a4b2048b3d5c29a8969f0348e9fd19a3293f0c23e6f37a48bf42a2ed70c7d37d,word/document.xml:table_8:row_0,physical_table_first_row_or_explicit_header,序号 | 汽车生产企业名称 | 车辆型号 | 产品名称 | 纯电动续驶里程(km) | 整车整备质量(kg) | 燃料电池系统额定功率(kW) | 驱动电机额定功率(kW) | 备注,
原件/免征目录/mf_batch46.doc,a4b2048b3d5c29a8969f0348e9fd19a3293f0c23e6f37a48bf42a2ed70c7d37d,word/document.xml:table_9:row_0,physical_table_first_row_or_explicit_header,序号 | 汽车生产企业名称 | 车辆型号 | 产品名称 | 纯电动续驶里程(km) | 整车整备质量(kg) | 燃料电池系统额定功率(kW) | 驱动电机额定功率(kW) | 备注,
原件/免征目录/mf_batch46.doc,a4b2048b3d5c29a8969f0348e9fd19a3293f0c23e6f37a48bf42a2ed70c7d37d,word/document.xml:table_10:row_0,physical_table_first_row_or_explicit_header,序号 | 汽车生产企业名称 | 车辆型号 | 产品名称 | 纯电动续驶里程(km) | 整车整备质量(kg) | 燃料电池系统额定功率(kW) | 驱动电机额定功率(kW) | 备注,
原件/免征目录/mf_batch46.doc,a4b2048b3d5c29a8969f0348e9fd19a3293f0c23e6f37a48bf42a2ed70c7d37d,word/document.xml:table_11:row_0,physical_table_first_row_or_explicit_header,序号 | 变更前汽车生产企业名称 | 变更后汽车生产企业名称,
原件/免征目录/mf_batch46.doc,a4b2048b3d5c29a8969f0348e9fd19a3293f0c23e6f37a48bf42a2ed70c7d37d,word/document.xml:outside_table_paragraph_1,body_note_or_auxiliary_story,附件4,
原件/免征目录/mf_batch46.doc,a4b2048b3d5c29a8969f0348e9fd19a3293f0c23e6f37a48bf42a2ed70c7d37d,word/document.xml:outside_table_paragraph_3,body_note_or_auxiliary_story,免征车辆购置税的新能源汽车车型目录,
原件/免征目录/mf_batch46.doc,a4b2048b3d5c29a8969f0348e9fd19a3293f0c23e6f37a48bf42a2ed70c7d37d,word/document.xml:outside_table_paragraph_4,body_note_or_auxiliary_story,（第四十六批）,
原件/免征目录/mf_batch46.doc,a4b2048b3d5c29a8969f0348e9fd19a3293f0c23e6f37a48bf42a2ed70c7d37d,word/document.xml:outside_table_paragraph_6,body_note_or_auxiliary_story,一、纯电动汽车,
原件/免征目录/mf_batch46.doc,a4b2048b3d5c29a8969f0348e9fd19a3293f0c23e6f37a48bf42a2ed70c7d37d,word/document.xml:outside_table_paragraph_7,body_note_or_auxiliary_story,（一）乘用车,
原件/免征目录/mf_batch46.doc,a4b2048b3d5c29a8969f0348e9fd19a3293f0c23e6f37a48bf42a2ed70c7d37d,word/document.xml:outside_table_paragraph_585,body_note_or_auxiliary_story,（二）客车,
原件/免征目录/mf_batch46.doc,a4b2048b3d5c29a8969f0348e9fd19a3293f0c23e6f37a48bf42a2ed70c7d37d,word/document.xml:outside_table_paragraph_1083,body_note_or_auxiliary_story,（三）货车,
原件/免征目录/mf_batch46.doc,a4b2048b3d5c29a8969f0348e9fd19a3293f0c23e6f37a48bf42a2ed70c7d37d,word/document.xml:outside_table_paragraph_1382,body_note_or_auxiliary_story,（四）专用车,
原件/免征目录/mf_batch46.doc,a4b2048b3d5c29a8969f0348e9fd19a3293f0c23e6f37a48bf42a2ed70c7d37d,word/document.xml:outside_table_paragraph_2338,body_note_or_auxiliary_story,二、插电式混合动力汽车,
原件/免征目录/mf_batch46.doc,a4b2048b3d5c29a8969f0348e9fd19a3293f0c23e6f37a48bf42a2ed70c7d37d,word/document.xml:outside_table_paragraph_2339,body_note_or_auxiliary_story,（一）乘用车,
原件/免征目录/mf_batch46.doc,a4b2048b3d5c29a8969f0348e9fd19a3293f0c23e6f37a48bf42a2ed70c7d37d,word/document.xml:outside_table_paragraph_2450,body_note_or_auxiliary_story,注：插电式混合动力汽车燃料消耗量仅包括传统燃料/不含电能折算。,
原件/免征目录/mf_batch46.doc,a4b2048b3d5c29a8969f0348e9fd19a3293f0c23e6f37a48bf42a2ed70c7d37d,word/document.xml:outside_table_paragraph_2452,body_note_or_auxiliary_story,（二）客车,
原件/免征目录/mf_batch46.doc,a4b2048b3d5c29a8969f0348e9fd19a3293f0c23e6f37a48bf42a2ed70c7d37d,word/document.xml:outside_table_paragraph_2519,body_note_or_auxiliary_story,注：插电式混合动力汽车燃料消耗量仅包括传统燃料/不含电能折算。,
原件/免征目录/mf_batch46.doc,a4b2048b3d5c29a8969f0348e9fd19a3293f0c23e6f37a48bf42a2ed70c7d37d,word/document.xml:outside_table_paragraph_2521,body_note_or_auxiliary_story,（三）专用车,
原件/免征目录/mf_batch46.doc,a4b2048b3d5c29a8969f0348e9fd19a3293f0c23e6f37a48bf42a2ed70c7d37d,word/document.xml:outside_table_paragraph_2544,body_note_or_auxiliary_story,注：插电式混合动力汽车燃料消耗量仅包括传统燃料/不含电能折算。,
原件/免征目录/mf_batch46.doc,a4b2048b3d5c29a8969f0348e9fd19a3293f0c23e6f37a48bf42a2ed70c7d37d,word/document.xml:outside_table_paragraph_2546,body_note_or_auxiliary_story,三、燃料电池汽车,
原件/免征目录/mf_batch46.doc,a4b2048b3d5c29a8969f0348e9fd19a3293f0c23e6f37a48bf42a2ed70c7d37d,word/document.xml:outside_table_paragraph_2547,body_note_or_auxiliary_story,（一）乘用车,
原件/免征目录/mf_batch46.doc,a4b2048b3d5c29a8969f0348e9fd19a3293f0c23e6f37a48bf42a2ed70c7d37d,word/document.xml:outside_table_paragraph_2567,body_note_or_auxiliary_story,（二）客车,
原件/免征目录/mf_batch46.doc,a4b2048b3d5c29a8969f0348e9fd19a3293f0c23e6f37a48bf42a2ed70c7d37d,word/document.xml:outside_table_paragraph_2632,body_note_or_auxiliary_story,（三）货车,
原件/免征目录/mf_batch46.doc,a4b2048b3d5c29a8969f0348e9fd19a3293f0c23e6f37a48bf42a2ed70c7d37d,word/document.xml:outside_table_paragraph_2715,body_note_or_auxiliary_story,（四）专用车,
原件/免征目录/mf_batch46.doc,a4b2048b3d5c29a8969f0348e9fd19a3293f0c23e6f37a48bf42a2ed70c7d37d,word/document.xml:outside_table_paragraph_2762,body_note_or_auxiliary_story,四、汽车生产企业名称变更名单,
原件/免征目录/mf_batch46.doc,a4b2048b3d5c29a8969f0348e9fd19a3293f0c23e6f37a48bf42a2ed70c7d37d,word/footer1.xml:outside_table_paragraph_1,body_note_or_auxiliary_story,1313,
原件/免征目录/mf_batch46.doc,a4b2048b3d5c29a8969f0348e9fd19a3293f0c23e6f37a48bf42a2ed70c7d37d,word/footer1.xml:outside_table_paragraph_2,body_note_or_auxiliary_story,13,
原件/免征目录/mf_batch46.doc,a4b2048b3d5c29a8969f0348e9fd19a3293f0c23e6f37a48bf42a2ed70c7d37d,word/footer1.xml:outside_table_paragraph_3,body_note_or_auxiliary_story,13,
原件/免征目录/mf_batch46.doc,a4b2048b3d5c29a8969f0348e9fd19a3293f0c23e6f37a48bf42a2ed70c7d37d,word/footer2.xml:outside_table_paragraph_1,body_note_or_auxiliary_story,1414,
原件/免征目录/mf_batch46.doc,a4b2048b3d5c29a8969f0348e9fd19a3293f0c23e6f37a48bf42a2ed70c7d37d,word/footer2.xml:outside_table_paragraph_2,body_note_or_auxiliary_story,14,
原件/免征目录/mf_batch46.doc,a4b2048b3d5c29a8969f0348e9fd19a3293f0c23e6f37a48bf42a2ed70c7d37d,word/footer2.xml:outside_table_paragraph_3,body_note_or_auxiliary_story,14,
原件/免征目录/mf_batch47.doc,fb4517fe8220b10bc435a77a5328df13c732c70b335942dfad0ae9394affe9b4,word/document.xml:table_0:row_0,physical_table_first_row_or_explicit_header,序号 | 汽车生产企业名称 | 车辆型号 | 通用名称 | 纯电动续驶里程(km) | 整车整备质量(kg) | 动力蓄电池组总质量(kg) | 动力蓄电池组总能量(kWh) | 备注,
原件/免征目录/mf_batch47.doc,fb4517fe8220b10bc435a77a5328df13c732c70b335942dfad0ae9394affe9b4,word/document.xml:table_1:row_0,physical_table_first_row_or_explicit_header,序号 | 汽车生产企业名称 | 车辆型号 | 产品名称 | 纯电动续驶里程(km) | 整车整备质量(kg) | 动力蓄电池组总质量(kg) | 动力蓄电池组总能量(kWh) | 备注,
原件/免征目录/mf_batch47.doc,fb4517fe8220b10bc435a77a5328df13c732c70b335942dfad0ae9394affe9b4,word/document.xml:table_2:row_0,physical_table_first_row_or_explicit_header,序号 | 汽车生产企业名称 | 车辆型号 | 产品名称 | 纯电动续驶里程(km) | 整车整备质量(kg) | 动力蓄电池组总质量(kg) | 动力蓄电池组总能量(kWh) | 备注,
原件/免征目录/mf_batch47.doc,fb4517fe8220b10bc435a77a5328df13c732c70b335942dfad0ae9394affe9b4,word/document.xml:table_3:row_0,physical_table_first_row_or_explicit_header,序号 | 汽车生产企业名称 | 车辆型号 | 产品名称 | 纯电动续驶里程(km) | 整车整备质量(kg) | 动力蓄电池组总质量(kg) | 动力蓄电池组总能量(kWh) | 备注,
原件/免征目录/mf_batch47.doc,fb4517fe8220b10bc435a77a5328df13c732c70b335942dfad0ae9394affe9b4,word/document.xml:table_4:row_0,physical_table_first_row_or_explicit_header,序号 | 汽车生产企业名称 | 车辆型号 | 通用名称 | 纯电动续驶里程(km) | 燃料消耗量(L/100km) | 发动机排量(mL) | 整车整备质量(kg) | 动力蓄电池组总质量(kg) | 动力蓄电池组总能量(kWh) | 备注,
原件/免征目录/mf_batch47.doc,fb4517fe8220b10bc435a77a5328df13c732c70b335942dfad0ae9394affe9b4,word/document.xml:table_5:row_0,physical_table_first_row_or_explicit_header,序号 | 汽车生产企业名称 | 车辆型号 | 产品名称 | 纯电动续驶里程(km) | 燃料消耗量(L/100km) | 发动机排量(mL) | 整车整备质量(kg) | 动力蓄电池组总质量(kg) | 动力蓄电池组总能量(kWh) | 备注,
原件/免征目录/mf_batch47.doc,fb4517fe8220b10bc435a77a5328df13c732c70b335942dfad0ae9394affe9b4,word/document.xml:table_6:row_0,physical_table_first_row_or_explicit_header,序号 | 汽车生产企业名称 | 车辆型号 | 产品名称 | 纯电动续驶里程(km) | 燃料消耗量(L/100km) | 发动机排量(mL) | 整车整备质量(kg) | 动力蓄电池组总质量(kg) | 动力蓄电池组总能量(kWh) | 备注,
原件/免征目录/mf_batch47.doc,fb4517fe8220b10bc435a77a5328df13c732c70b335942dfad0ae9394affe9b4,word/document.xml:table_7:row_0,physical_table_first_row_or_explicit_header,序号 | 汽车生产企业名称 | 车辆型号 | 产品名称 | 纯电动续驶里程(km) | 燃料消耗量(L/100km) | 发动机排量(mL) | 整车整备质量(kg) | 动力蓄电池组总质量(kg) | 动力蓄电池组总能量(kWh) | 备注,
原件/免征目录/mf_batch47.doc,fb4517fe8220b10bc435a77a5328df13c732c70b335942dfad0ae9394affe9b4,word/document.xml:table_8:row_0,physical_table_first_row_or_explicit_header,序号 | 汽车生产企业名称 | 车辆型号 | 通用名称 | 纯电动续驶里程(km) | 整车整备质量(kg) | 燃料电池系统额定功率(kW) | 驱动电机额定功率(kW) | 备注,
原件/免征目录/mf_batch47.doc,fb4517fe8220b10bc435a77a5328df13c732c70b335942dfad0ae9394affe9b4,word/document.xml:table_9:row_0,physical_table_first_row_or_explicit_header,序号 | 汽车生产企业名称 | 车辆型号 | 产品名称 | 纯电动续驶里程(km) | 整车整备质量(kg) | 燃料电池系统额定功率(kW) | 驱动电机额定功率(kW) | 备注,
原件/免征目录/mf_batch47.doc,fb4517fe8220b10bc435a77a5328df13c732c70b335942dfad0ae9394affe9b4,word/document.xml:table_10:row_0,physical_table_first_row_or_explicit_header,序号 | 汽车生产企业名称 | 车辆型号 | 产品名称 | 纯电动续驶里程(km) | 整车整备质量(kg) | 燃料电池系统额定功率(kW) | 驱动电机额定功率(kW) | 备注,
原件/免征目录/mf_batch47.doc,fb4517fe8220b10bc435a77a5328df13c732c70b335942dfad0ae9394affe9b4,word/document.xml:table_11:row_0,physical_table_first_row_or_explicit_header,序号 | 汽车生产企业名称 | 车辆型号 | 产品名称 | 纯电动续驶里程(km) | 整车整备质量(kg) | 燃料电池系统额定功率(kW) | 驱动电机额定功率(kW) | 备注,
原件/免征目录/mf_batch47.doc,fb4517fe8220b10bc435a77a5328df13c732c70b335942dfad0ae9394affe9b4,word/document.xml:outside_table_paragraph_1,body_note_or_auxiliary_story,附件4,
原件/免征目录/mf_batch47.doc,fb4517fe8220b10bc435a77a5328df13c732c70b335942dfad0ae9394affe9b4,word/document.xml:outside_table_paragraph_3,body_note_or_auxiliary_story,免征车辆购置税的新能源汽车车型目录,
原件/免征目录/mf_batch47.doc,fb4517fe8220b10bc435a77a5328df13c732c70b335942dfad0ae9394affe9b4,word/document.xml:outside_table_paragraph_4,body_note_or_auxiliary_story,（第四十七批）,
原件/免征目录/mf_batch47.doc,fb4517fe8220b10bc435a77a5328df13c732c70b335942dfad0ae9394affe9b4,word/document.xml:outside_table_paragraph_6,body_note_or_auxiliary_story,一、纯电动汽车,
原件/免征目录/mf_batch47.doc,fb4517fe8220b10bc435a77a5328df13c732c70b335942dfad0ae9394affe9b4,word/document.xml:outside_table_paragraph_7,body_note_or_auxiliary_story,（一）乘用车,
原件/免征目录/mf_batch47.doc,fb4517fe8220b10bc435a77a5328df13c732c70b335942dfad0ae9394affe9b4,word/document.xml:outside_table_paragraph_450,body_note_or_auxiliary_story,（二）客车,
原件/免征目录/mf_batch47.doc,fb4517fe8220b10bc435a77a5328df13c732c70b335942dfad0ae9394affe9b4,word/document.xml:outside_table_paragraph_893,body_note_or_auxiliary_story,（三）货车,
原件/免征目录/mf_batch47.doc,fb4517fe8220b10bc435a77a5328df13c732c70b335942dfad0ae9394affe9b4,word/document.xml:outside_table_paragraph_1111,body_note_or_auxiliary_story,（四）专用车,
原件/免征目录/mf_batch47.doc,fb4517fe8220b10bc435a77a5328df13c732c70b335942dfad0ae9394affe9b4,word/document.xml:outside_table_paragraph_2175,body_note_or_auxiliary_story,二、插电式混合动力汽车,
原件/免征目录/mf_batch47.doc,fb4517fe8220b10bc435a77a5328df13c732c70b335942dfad0ae9394affe9b4,word/document.xml:outside_table_paragraph_2176,body_note_or_auxiliary_story,（一）乘用车,
原件/免征目录/mf_batch47.doc,fb4517fe8220b10bc435a77a5328df13c732c70b335942dfad0ae9394affe9b4,word/document.xml:outside_table_paragraph_2243,body_note_or_auxiliary_story,注：插电式混合动力汽车燃料消耗量仅包括传统燃料/不含电能折算。,
原件/免征目录/mf_batch47.doc,fb4517fe8220b10bc435a77a5328df13c732c70b335942dfad0ae9394affe9b4,word/document.xml:outside_table_paragraph_2244,body_note_or_auxiliary_story,勘误：《免征车辆购置税的新能源汽车车型目录》（第四十六批）插电式混合动力乘用车部分第3项燃料消耗量(L/100km)应为“7.80”。,
原件/免征目录/mf_batch47.doc,fb4517fe8220b10bc435a77a5328df13c732c70b335942dfad0ae9394affe9b4,word/document.xml:outside_table_paragraph_2246,body_note_or_auxiliary_story,（二）客车,
原件/免征目录/mf_batch47.doc,fb4517fe8220b10bc435a77a5328df13c732c70b335942dfad0ae9394affe9b4,word/document.xml:outside_table_paragraph_2302,body_note_or_auxiliary_story,注：插电式混合动力汽车燃料消耗量仅包括传统燃料/不含电能折算。,
原件/免征目录/mf_batch47.doc,fb4517fe8220b10bc435a77a5328df13c732c70b335942dfad0ae9394affe9b4,word/document.xml:outside_table_paragraph_2304,body_note_or_auxiliary_story,（三）货车,
原件/免征目录/mf_batch47.doc,fb4517fe8220b10bc435a77a5328df13c732c70b335942dfad0ae9394affe9b4,word/document.xml:outside_table_paragraph_2327,body_note_or_auxiliary_story,注：插电式混合动力汽车燃料消耗量仅包括传统燃料/不含电能折算。,
原件/免征目录/mf_batch47.doc,fb4517fe8220b10bc435a77a5328df13c732c70b335942dfad0ae9394affe9b4,word/document.xml:outside_table_paragraph_2329,body_note_or_auxiliary_story,（四）专用车,
原件/免征目录/mf_batch47.doc,fb4517fe8220b10bc435a77a5328df13c732c70b335942dfad0ae9394affe9b4,word/document.xml:outside_table_paragraph_2374,body_note_or_auxiliary_story,注：插电式混合动力汽车燃料消耗量仅包括传统燃料/不含电能折算。,
原件/免征目录/mf_batch47.doc,fb4517fe8220b10bc435a77a5328df13c732c70b335942dfad0ae9394affe9b4,word/document.xml:outside_table_paragraph_2376,body_note_or_auxiliary_story,三、燃料电池汽车,
原件/免征目录/mf_batch47.doc,fb4517fe8220b10bc435a77a5328df13c732c70b335942dfad0ae9394affe9b4,word/document.xml:outside_table_paragraph_2377,body_note_or_auxiliary_story,（一）乘用车,
原件/免征目录/mf_batch47.doc,fb4517fe8220b10bc435a77a5328df13c732c70b335942dfad0ae9394affe9b4,word/document.xml:outside_table_paragraph_2397,body_note_or_auxiliary_story,（二）客车,
原件/免征目录/mf_batch47.doc,fb4517fe8220b10bc435a77a5328df13c732c70b335942dfad0ae9394affe9b4,word/document.xml:outside_table_paragraph_2463,body_note_or_auxiliary_story,（三）货车,
原件/免征目录/mf_batch47.doc,fb4517fe8220b10bc435a77a5328df13c732c70b335942dfad0ae9394affe9b4,word/document.xml:outside_table_paragraph_2501,body_note_or_auxiliary_story,（四）专用车,
原件/免征目录/mf_batch47.doc,fb4517fe8220b10bc435a77a5328df13c732c70b335942dfad0ae9394affe9b4,word/footer1.xml:outside_table_paragraph_1,body_note_or_auxiliary_story,1313,
原件/免征目录/mf_batch47.doc,fb4517fe8220b10bc435a77a5328df13c732c70b335942dfad0ae9394affe9b4,word/footer1.xml:outside_table_paragraph_2,body_note_or_auxiliary_story,13,
原件/免征目录/mf_batch47.doc,fb4517fe8220b10bc435a77a5328df13c732c70b335942dfad0ae9394affe9b4,word/footer1.xml:outside_table_paragraph_3,body_note_or_auxiliary_story,13,
原件/免征目录/mf_batch48.doc,ee5aa19736215cfcb3b76ffff90bcd0d9108c61758ccb756f7d4ad17e75a835c,word/document.xml:table_0:row_0,physical_table_first_row_or_explicit_header,序号 | 汽车生产企业名称 | 车辆型号 | 通用名称 | 纯电动续驶里程(km) | 整车整备质量(kg) | 动力蓄电池组总质量(kg) | 动力蓄电池组总能量(kWh) | 备注,
原件/免征目录/mf_batch48.doc,ee5aa19736215cfcb3b76ffff90bcd0d9108c61758ccb756f7d4ad17e75a835c,word/document.xml:table_1:row_0,physical_table_first_row_or_explicit_header,序号 | 汽车生产企业名称 | 车辆型号 | 产品名称 | 纯电动续驶里程(km) | 整车整备质量(kg) | 动力蓄电池组总质量(kg) | 动力蓄电池组总能量(kWh) | 备注,
原件/免征目录/mf_batch48.doc,ee5aa19736215cfcb3b76ffff90bcd0d9108c61758ccb756f7d4ad17e75a835c,word/document.xml:table_2:row_0,physical_table_first_row_or_explicit_header,序号 | 汽车生产企业名称 | 车辆型号 | 产品名称 | 纯电动续驶里程(km) | 整车整备质量(kg) | 动力蓄电池组总质量(kg) | 动力蓄电池组总能量(kWh) | 备注,
原件/免征目录/mf_batch48.doc,ee5aa19736215cfcb3b76ffff90bcd0d9108c61758ccb756f7d4ad17e75a835c,word/document.xml:table_3:row_0,physical_table_first_row_or_explicit_header,序号 | 汽车生产企业名称 | 车辆型号 | 产品名称 | 纯电动续驶里程(km) | 整车整备质量(kg) | 动力蓄电池组总质量(kg) | 动力蓄电池组总能量(kWh) | 备注,
原件/免征目录/mf_batch48.doc,ee5aa19736215cfcb3b76ffff90bcd0d9108c61758ccb756f7d4ad17e75a835c,word/document.xml:table_4:row_0,physical_table_first_row_or_explicit_header,序号 | 汽车生产企业名称 | 车辆型号 | 通用名称 | 纯电动续驶里程(km) | 燃料消耗量(L/100km) | 发动机排量(mL) | 整车整备质量(kg) | 动力蓄电池组总质量(kg) | 动力蓄电池组总能量(kWh) | 备注,
原件/免征目录/mf_batch48.doc,ee5aa19736215cfcb3b76ffff90bcd0d9108c61758ccb756f7d4ad17e75a835c,word/document.xml:table_5:row_0,physical_table_first_row_or_explicit_header,序号 | 汽车生产企业名称 | 车辆型号 | 产品名称 | 纯电动续驶里程(km) | 燃料消耗量(L/100km) | 发动机排量(mL) | 整车整备质量(kg) | 动力蓄电池组总质量(kg) | 动力蓄电池组总能量(kWh) | 备注,
原件/免征目录/mf_batch48.doc,ee5aa19736215cfcb3b76ffff90bcd0d9108c61758ccb756f7d4ad17e75a835c,word/document.xml:table_6:row_0,physical_table_first_row_or_explicit_header,序号 | 汽车生产企业名称 | 车辆型号 | 产品名称 | 纯电动续驶里程(km) | 燃料消耗量(L/100km) | 发动机排量(mL) | 整车整备质量(kg) | 动力蓄电池组总质量(kg) | 动力蓄电池组总能量(kWh) | 备注,
原件/免征目录/mf_batch48.doc,ee5aa19736215cfcb3b76ffff90bcd0d9108c61758ccb756f7d4ad17e75a835c,word/document.xml:table_7:row_0,physical_table_first_row_or_explicit_header,序号 | 汽车生产企业名称 | 车辆型号 | 产品名称 | 纯电动续驶里程(km) | 燃料消耗量(L/100km) | 发动机排量(mL) | 整车整备质量(kg) | 动力蓄电池组总质量(kg) | 动力蓄电池组总能量(kWh) | 备注,
原件/免征目录/mf_batch48.doc,ee5aa19736215cfcb3b76ffff90bcd0d9108c61758ccb756f7d4ad17e75a835c,word/document.xml:table_8:row_0,physical_table_first_row_or_explicit_header,序号 | 汽车生产企业名称 | 车辆型号 | 产品名称 | 纯电动续驶里程(km) | 整车整备质量(kg) | 燃料电池系统额定功率(kW) | 驱动电机额定功率(kW) | 备注,
原件/免征目录/mf_batch48.doc,ee5aa19736215cfcb3b76ffff90bcd0d9108c61758ccb756f7d4ad17e75a835c,word/document.xml:table_9:row_0,physical_table_first_row_or_explicit_header,序号 | 汽车生产企业名称 | 车辆型号 | 产品名称 | 纯电动续驶里程(km) | 整车整备质量(kg) | 燃料电池系统额定功率(kW) | 驱动电机额定功率(kW) | 备注,
原件/免征目录/mf_batch48.doc,ee5aa19736215cfcb3b76ffff90bcd0d9108c61758ccb756f7d4ad17e75a835c,word/document.xml:table_10:row_0,physical_table_first_row_or_explicit_header,序号 | 汽车生产企业名称 | 车辆型号 | 产品名称 | 纯电动续驶里程(km) | 整车整备质量(kg) | 燃料电池系统额定功率(kW) | 驱动电机额定功率(kW) | 备注,
原件/免征目录/mf_batch48.doc,ee5aa19736215cfcb3b76ffff90bcd0d9108c61758ccb756f7d4ad17e75a835c,word/document.xml:outside_table_paragraph_1,body_note_or_auxiliary_story,附件4,
原件/免征目录/mf_batch48.doc,ee5aa19736215cfcb3b76ffff90bcd0d9108c61758ccb756f7d4ad17e75a835c,word/document.xml:outside_table_paragraph_3,body_note_or_auxiliary_story,免征车辆购置税的新能源汽车车型目录,
原件/免征目录/mf_batch48.doc,ee5aa19736215cfcb3b76ffff90bcd0d9108c61758ccb756f7d4ad17e75a835c,word/document.xml:outside_table_paragraph_4,body_note_or_auxiliary_story,（第四十八批）,
原件/免征目录/mf_batch48.doc,ee5aa19736215cfcb3b76ffff90bcd0d9108c61758ccb756f7d4ad17e75a835c,word/document.xml:outside_table_paragraph_6,body_note_or_auxiliary_story,一、纯电动汽车,
原件/免征目录/mf_batch48.doc,ee5aa19736215cfcb3b76ffff90bcd0d9108c61758ccb756f7d4ad17e75a835c,word/document.xml:outside_table_paragraph_7,body_note_or_auxiliary_story,（一）乘用车,
原件/免征目录/mf_batch48.doc,ee5aa19736215cfcb3b76ffff90bcd0d9108c61758ccb756f7d4ad17e75a835c,word/document.xml:outside_table_paragraph_477,body_note_or_auxiliary_story,（二）客车,
原件/免征目录/mf_batch48.doc,ee5aa19736215cfcb3b76ffff90bcd0d9108c61758ccb756f7d4ad17e75a835c,word/document.xml:outside_table_paragraph_812,body_note_or_auxiliary_story,（三）货车,
原件/免征目录/mf_batch48.doc,ee5aa19736215cfcb3b76ffff90bcd0d9108c61758ccb756f7d4ad17e75a835c,word/document.xml:outside_table_paragraph_1075,body_note_or_auxiliary_story,（四）专用车,
原件/免征目录/mf_batch48.doc,ee5aa19736215cfcb3b76ffff90bcd0d9108c61758ccb756f7d4ad17e75a835c,word/document.xml:outside_table_paragraph_1941,body_note_or_auxiliary_story,二、插电式混合动力汽车,
原件/免征目录/mf_batch48.doc,ee5aa19736215cfcb3b76ffff90bcd0d9108c61758ccb756f7d4ad17e75a835c,word/document.xml:outside_table_paragraph_1942,body_note_or_auxiliary_story,（一）乘用车,
原件/免征目录/mf_batch48.doc,ee5aa19736215cfcb3b76ffff90bcd0d9108c61758ccb756f7d4ad17e75a835c,word/document.xml:outside_table_paragraph_2042,body_note_or_auxiliary_story,注：插电式混合动力汽车燃料消耗量仅包括传统燃料/不含电能折算。,
原件/免征目录/mf_batch48.doc,ee5aa19736215cfcb3b76ffff90bcd0d9108c61758ccb756f7d4ad17e75a835c,word/document.xml:outside_table_paragraph_2044,body_note_or_auxiliary_story,（二）客车,
原件/免征目录/mf_batch48.doc,ee5aa19736215cfcb3b76ffff90bcd0d9108c61758ccb756f7d4ad17e75a835c,word/document.xml:outside_table_paragraph_2067,body_note_or_auxiliary_story,注：插电式混合动力汽车燃料消耗量仅包括传统燃料/不含电能折算。,
原件/免征目录/mf_batch48.doc,ee5aa19736215cfcb3b76ffff90bcd0d9108c61758ccb756f7d4ad17e75a835c,word/document.xml:outside_table_paragraph_2069,body_note_or_auxiliary_story,（三）货车,
原件/免征目录/mf_batch48.doc,ee5aa19736215cfcb3b76ffff90bcd0d9108c61758ccb756f7d4ad17e75a835c,word/document.xml:outside_table_paragraph_2092,body_note_or_auxiliary_story,注：插电式混合动力汽车燃料消耗量仅包括传统燃料/不含电能折算。,
原件/免征目录/mf_batch48.doc,ee5aa19736215cfcb3b76ffff90bcd0d9108c61758ccb756f7d4ad17e75a835c,word/document.xml:outside_table_paragraph_2094,body_note_or_auxiliary_story,（四）专用车,
原件/免征目录/mf_batch48.doc,ee5aa19736215cfcb3b76ffff90bcd0d9108c61758ccb756f7d4ad17e75a835c,word/document.xml:outside_table_paragraph_2139,body_note_or_auxiliary_story,注：插电式混合动力汽车燃料消耗量仅包括传统燃料/不含电能折算。,
原件/免征目录/mf_batch48.doc,ee5aa19736215cfcb3b76ffff90bcd0d9108c61758ccb756f7d4ad17e75a835c,word/document.xml:outside_table_paragraph_2141,body_note_or_auxiliary_story,三、燃料电池汽车,
原件/免征目录/mf_batch48.doc,ee5aa19736215cfcb3b76ffff90bcd0d9108c61758ccb756f7d4ad17e75a835c,word/document.xml:outside_table_paragraph_2142,body_note_or_auxiliary_story,（一）客车,
原件/免征目录/mf_batch48.doc,ee5aa19736215cfcb3b76ffff90bcd0d9108c61758ccb756f7d4ad17e75a835c,word/document.xml:outside_table_paragraph_2234,body_note_or_auxiliary_story,（二）货车,
原件/免征目录/mf_batch48.doc,ee5aa19736215cfcb3b76ffff90bcd0d9108c61758ccb756f7d4ad17e75a835c,word/document.xml:outside_table_paragraph_2317,body_note_or_auxiliary_story,（三）专用车,
原件/免征目录/mf_batch48.doc,ee5aa19736215cfcb3b76ffff90bcd0d9108c61758ccb756f7d4ad17e75a835c,word/footer1.xml:outside_table_paragraph_1,body_note_or_auxiliary_story,1313,
原件/免征目录/mf_batch48.doc,ee5aa19736215cfcb3b76ffff90bcd0d9108c61758ccb756f7d4ad17e75a835c,word/footer1.xml:outside_table_paragraph_2,body_note_or_auxiliary_story,13,
原件/免征目录/mf_batch48.doc,ee5aa19736215cfcb3b76ffff90bcd0d9108c61758ccb756f7d4ad17e75a835c,word/footer1.xml:outside_table_paragraph_3,body_note_or_auxiliary_story,13,
原件/免征目录/mf_batch49.doc,c7a56509a4d9272982da0abc9d1ea213ee1fbea3d0f1edad124630c9b5e3474e,word/document.xml:table_0:row_0,physical_table_first_row_or_explicit_header,序号 | 汽车生产企业名称 | 车辆型号 | 通用名称 | 纯电动续驶里程(km) | 整车整备质量(kg) | 动力蓄电池组总质量(kg) | 动力蓄电池组总能量(kWh) | 备注,
原件/免征目录/mf_batch49.doc,c7a56509a4d9272982da0abc9d1ea213ee1fbea3d0f1edad124630c9b5e3474e,word/document.xml:table_1:row_0,physical_table_first_row_or_explicit_header,序号 | 汽车生产企业名称 | 车辆型号 | 产品名称 | 纯电动续驶里程(km) | 整车整备质量(kg) | 动力蓄电池组总质量(kg) | 动力蓄电池组总能量(kWh) | 备注,
原件/免征目录/mf_batch49.doc,c7a56509a4d9272982da0abc9d1ea213ee1fbea3d0f1edad124630c9b5e3474e,word/document.xml:table_2:row_0,physical_table_first_row_or_explicit_header,序号 | 汽车生产企业名称 | 车辆型号 | 产品名称 | 纯电动续驶里程(km) | 整车整备质量(kg) | 动力蓄电池组总质量(kg) | 动力蓄电池组总能量(kWh) | 备注,
原件/免征目录/mf_batch49.doc,c7a56509a4d9272982da0abc9d1ea213ee1fbea3d0f1edad124630c9b5e3474e,word/document.xml:table_3:row_0,physical_table_first_row_or_explicit_header,序号 | 汽车生产企业名称 | 车辆型号 | 产品名称 | 纯电动续驶里程(km) | 整车整备质量(kg) | 动力蓄电池组总质量(kg) | 动力蓄电池组总能量(kWh) | 备注,
原件/免征目录/mf_batch49.doc,c7a56509a4d9272982da0abc9d1ea213ee1fbea3d0f1edad124630c9b5e3474e,word/document.xml:table_4:row_0,physical_table_first_row_or_explicit_header,序号 | 汽车生产企业名称 | 车辆型号 | 通用名称 | 纯电动续驶里程(km) | 燃料消耗量(L/100km) | 发动机排量(mL) | 整车整备质量(kg) | 动力蓄电池组总质量(kg) | 动力蓄电池组总能量(kWh) | 备注,
原件/免征目录/mf_batch49.doc,c7a56509a4d9272982da0abc9d1ea213ee1fbea3d0f1edad124630c9b5e3474e,word/document.xml:table_5:row_0,physical_table_first_row_or_explicit_header,序号 | 汽车生产企业名称 | 车辆型号 | 产品名称 | 纯电动续驶里程(km) | 燃料消耗量(L/100km) | 发动机排量(mL) | 整车整备质量(kg) | 动力蓄电池组总质量(kg) | 动力蓄电池组总能量(kWh) | 备注,
原件/免征目录/mf_batch49.doc,c7a56509a4d9272982da0abc9d1ea213ee1fbea3d0f1edad124630c9b5e3474e,word/document.xml:table_6:row_0,physical_table_first_row_or_explicit_header,序号 | 汽车生产企业名称 | 车辆型号 | 产品名称 | 纯电动续驶里程(km) | 燃料消耗量(L/100km) | 发动机排量(mL) | 整车整备质量(kg) | 动力蓄电池组总质量(kg) | 动力蓄电池组总能量(kWh) | 备注,
原件/免征目录/mf_batch49.doc,c7a56509a4d9272982da0abc9d1ea213ee1fbea3d0f1edad124630c9b5e3474e,word/document.xml:table_7:row_0,physical_table_first_row_or_explicit_header,序号 | 汽车生产企业名称 | 车辆型号 | 产品名称 | 纯电动续驶里程(km) | 燃料消耗量(L/100km) | 发动机排量(mL) | 整车整备质量(kg) | 动力蓄电池组总质量(kg) | 动力蓄电池组总能量(kWh) | 备注,
原件/免征目录/mf_batch49.doc,c7a56509a4d9272982da0abc9d1ea213ee1fbea3d0f1edad124630c9b5e3474e,word/document.xml:table_8:row_0,physical_table_first_row_or_explicit_header,序号 | 汽车生产企业名称 | 车辆型号 | 通用名称 | 纯电动续驶里程(km) | 整车整备质量(kg) | 燃料电池系统额定功率(kW) | 驱动电机额定功率(kW) | 备注,
原件/免征目录/mf_batch49.doc,c7a56509a4d9272982da0abc9d1ea213ee1fbea3d0f1edad124630c9b5e3474e,word/document.xml:table_9:row_0,physical_table_first_row_or_explicit_header,序号 | 汽车生产企业名称 | 车辆型号 | 产品名称 | 纯电动续驶里程(km) | 整车整备质量(kg) | 燃料电池系统额定功率(kW) | 驱动电机额定功率(kW) | 备注,
原件/免征目录/mf_batch49.doc,c7a56509a4d9272982da0abc9d1ea213ee1fbea3d0f1edad124630c9b5e3474e,word/document.xml:table_10:row_0,physical_table_first_row_or_explicit_header,序号 | 汽车生产企业名称 | 车辆型号 | 产品名称 | 纯电动续驶里程(km) | 整车整备质量(kg) | 燃料电池系统额定功率(kW) | 驱动电机额定功率(kW) | 备注,
原件/免征目录/mf_batch49.doc,c7a56509a4d9272982da0abc9d1ea213ee1fbea3d0f1edad124630c9b5e3474e,word/document.xml:table_11:row_0,physical_table_first_row_or_explicit_header,序号 | 汽车生产企业名称 | 车辆型号 | 产品名称 | 纯电动续驶里程(km) | 整车整备质量(kg) | 燃料电池系统额定功率(kW) | 驱动电机额定功率(kW) | 备注,
原件/免征目录/mf_batch49.doc,c7a56509a4d9272982da0abc9d1ea213ee1fbea3d0f1edad124630c9b5e3474e,word/document.xml:table_12:row_0,physical_table_first_row_or_explicit_header,序号 | 变更前汽车生产企业名称 | 变更后汽车生产企业名称,
原件/免征目录/mf_batch49.doc,c7a56509a4d9272982da0abc9d1ea213ee1fbea3d0f1edad124630c9b5e3474e,word/document.xml:outside_table_paragraph_1,body_note_or_auxiliary_story,附件4,
原件/免征目录/mf_batch49.doc,c7a56509a4d9272982da0abc9d1ea213ee1fbea3d0f1edad124630c9b5e3474e,word/document.xml:outside_table_paragraph_3,body_note_or_auxiliary_story,免征车辆购置税的新能源汽车车型目录,
原件/免征目录/mf_batch49.doc,c7a56509a4d9272982da0abc9d1ea213ee1fbea3d0f1edad124630c9b5e3474e,word/document.xml:outside_table_paragraph_4,body_note_or_auxiliary_story,（第四十九批）,
原件/免征目录/mf_batch49.doc,c7a56509a4d9272982da0abc9d1ea213ee1fbea3d0f1edad124630c9b5e3474e,word/document.xml:outside_table_paragraph_6,body_note_or_auxiliary_story,一、纯电动汽车,
原件/免征目录/mf_batch49.doc,c7a56509a4d9272982da0abc9d1ea213ee1fbea3d0f1edad124630c9b5e3474e,word/document.xml:outside_table_paragraph_7,body_note_or_auxiliary_story,（一）乘用车,
原件/免征目录/mf_batch49.doc,c7a56509a4d9272982da0abc9d1ea213ee1fbea3d0f1edad124630c9b5e3474e,word/document.xml:outside_table_paragraph_252,body_note_or_auxiliary_story,（二）客车,
原件/免征目录/mf_batch49.doc,c7a56509a4d9272982da0abc9d1ea213ee1fbea3d0f1edad124630c9b5e3474e,word/document.xml:outside_table_paragraph_614,body_note_or_auxiliary_story,（三）货车,
原件/免征目录/mf_batch49.doc,c7a56509a4d9272982da0abc9d1ea213ee1fbea3d0f1edad124630c9b5e3474e,word/document.xml:outside_table_paragraph_976,body_note_or_auxiliary_story,（四）专用车,
原件/免征目录/mf_batch49.doc,c7a56509a4d9272982da0abc9d1ea213ee1fbea3d0f1edad124630c9b5e3474e,word/document.xml:outside_table_paragraph_1923,body_note_or_auxiliary_story,二、插电式混合动力汽车,
原件/免征目录/mf_batch49.doc,c7a56509a4d9272982da0abc9d1ea213ee1fbea3d0f1edad124630c9b5e3474e,word/document.xml:outside_table_paragraph_1924,body_note_or_auxiliary_story,（一）乘用车,
原件/免征目录/mf_batch49.doc,c7a56509a4d9272982da0abc9d1ea213ee1fbea3d0f1edad124630c9b5e3474e,word/document.xml:outside_table_paragraph_1958,body_note_or_auxiliary_story,注：插电式混合动力汽车燃料消耗量仅包括传统燃料/不含电能折算。,
原件/免征目录/mf_batch49.doc,c7a56509a4d9272982da0abc9d1ea213ee1fbea3d0f1edad124630c9b5e3474e,word/document.xml:outside_table_paragraph_1960,body_note_or_auxiliary_story,（二）客车,
原件/免征目录/mf_batch49.doc,c7a56509a4d9272982da0abc9d1ea213ee1fbea3d0f1edad124630c9b5e3474e,word/document.xml:outside_table_paragraph_2005,body_note_or_auxiliary_story,注：插电式混合动力汽车燃料消耗量仅包括传统燃料/不含电能折算。,
原件/免征目录/mf_batch49.doc,c7a56509a4d9272982da0abc9d1ea213ee1fbea3d0f1edad124630c9b5e3474e,word/document.xml:outside_table_paragraph_2007,body_note_or_auxiliary_story,（三）货车,
原件/免征目录/mf_batch49.doc,c7a56509a4d9272982da0abc9d1ea213ee1fbea3d0f1edad124630c9b5e3474e,word/document.xml:outside_table_paragraph_2030,body_note_or_auxiliary_story,注：插电式混合动力汽车燃料消耗量仅包括传统燃料/不含电能折算。,
原件/免征目录/mf_batch49.doc,c7a56509a4d9272982da0abc9d1ea213ee1fbea3d0f1edad124630c9b5e3474e,word/document.xml:outside_table_paragraph_2032,body_note_or_auxiliary_story,（四）专用车,
原件/免征目录/mf_batch49.doc,c7a56509a4d9272982da0abc9d1ea213ee1fbea3d0f1edad124630c9b5e3474e,word/document.xml:outside_table_paragraph_2088,body_note_or_auxiliary_story,注：插电式混合动力汽车燃料消耗量仅包括传统燃料/不含电能折算。,
原件/免征目录/mf_batch49.doc,c7a56509a4d9272982da0abc9d1ea213ee1fbea3d0f1edad124630c9b5e3474e,word/document.xml:outside_table_paragraph_2089,body_note_or_auxiliary_story,三、燃料电池汽车,
原件/免征目录/mf_batch49.doc,c7a56509a4d9272982da0abc9d1ea213ee1fbea3d0f1edad124630c9b5e3474e,word/document.xml:outside_table_paragraph_2090,body_note_or_auxiliary_story,（一）乘用车,
原件/免征目录/mf_batch49.doc,c7a56509a4d9272982da0abc9d1ea213ee1fbea3d0f1edad124630c9b5e3474e,word/document.xml:outside_table_paragraph_2110,body_note_or_auxiliary_story,（二）客车,
原件/免征目录/mf_batch49.doc,c7a56509a4d9272982da0abc9d1ea213ee1fbea3d0f1edad124630c9b5e3474e,word/document.xml:outside_table_paragraph_2184,body_note_or_auxiliary_story,（三）货车,
原件/免征目录/mf_batch49.doc,c7a56509a4d9272982da0abc9d1ea213ee1fbea3d0f1edad124630c9b5e3474e,word/document.xml:outside_table_paragraph_2231,body_note_or_auxiliary_story,（四）专用车,
原件/免征目录/mf_batch49.doc,c7a56509a4d9272982da0abc9d1ea213ee1fbea3d0f1edad124630c9b5e3474e,word/document.xml:outside_table_paragraph_2287,body_note_or_auxiliary_story,四、汽车生产企业名称变更名单,
原件/免征目录/mf_batch49.doc,c7a56509a4d9272982da0abc9d1ea213ee1fbea3d0f1edad124630c9b5e3474e,word/footer1.xml:outside_table_paragraph_1,body_note_or_auxiliary_story,1212,
原件/免征目录/mf_batch49.doc,c7a56509a4d9272982da0abc9d1ea213ee1fbea3d0f1edad124630c9b5e3474e,word/footer1.xml:outside_table_paragraph_2,body_note_or_auxiliary_story,12,
原件/免征目录/mf_batch49.doc,c7a56509a4d9272982da0abc9d1ea213ee1fbea3d0f1edad124630c9b5e3474e,word/footer1.xml:outside_table_paragraph_3,body_note_or_auxiliary_story,12,
原件/免征目录/mf_batch49.doc,c7a56509a4d9272982da0abc9d1ea213ee1fbea3d0f1edad124630c9b5e3474e,word/footer2.xml:outside_table_paragraph_1,body_note_or_auxiliary_story,1313,
原件/免征目录/mf_batch49.doc,c7a56509a4d9272982da0abc9d1ea213ee1fbea3d0f1edad124630c9b5e3474e,word/footer2.xml:outside_table_paragraph_2,body_note_or_auxiliary_story,13,
原件/免征目录/mf_batch49.doc,c7a56509a4d9272982da0abc9d1ea213ee1fbea3d0f1edad124630c9b5e3474e,word/footer2.xml:outside_table_paragraph_3,body_note_or_auxiliary_story,13,
原件/免征目录/mf_batch50.doc,3810672d92621612507384960254de602e629e75a308df22ee2291519445095e,word/document.xml:table_0:row_0,physical_table_first_row_or_explicit_header,序号 | 汽车生产企业名称 | 车辆型号 | 通用名称 | 纯电动续驶里程(km) | 整车整备质量(kg) | 动力蓄电池组总质量(kg) | 动力蓄电池组总能量(kWh) | 备注,
原件/免征目录/mf_batch50.doc,3810672d92621612507384960254de602e629e75a308df22ee2291519445095e,word/document.xml:table_1:row_0,physical_table_first_row_or_explicit_header,序号 | 汽车生产企业名称 | 车辆型号 | 产品名称 | 纯电动续驶里程(km) | 整车整备质量(kg) | 动力蓄电池组总质量(kg) | 动力蓄电池组总能量(kWh) | 备注,
原件/免征目录/mf_batch50.doc,3810672d92621612507384960254de602e629e75a308df22ee2291519445095e,word/document.xml:table_2:row_0,physical_table_first_row_or_explicit_header,序号 | 汽车生产企业名称 | 车辆型号 | 产品名称 | 纯电动续驶里程(km) | 整车整备质量(kg) | 动力蓄电池组总质量(kg) | 动力蓄电池组总能量(kWh) | 备注,
原件/免征目录/mf_batch50.doc,3810672d92621612507384960254de602e629e75a308df22ee2291519445095e,word/document.xml:table_3:row_0,physical_table_first_row_or_explicit_header,序号 | 汽车生产企业名称 | 车辆型号 | 产品名称 | 纯电动续驶里程(km) | 整车整备质量(kg) | 动力蓄电池组总质量(kg) | 动力蓄电池组总能量(kWh) | 备注,
原件/免征目录/mf_batch50.doc,3810672d92621612507384960254de602e629e75a308df22ee2291519445095e,word/document.xml:table_4:row_0,physical_table_first_row_or_explicit_header,序号 | 汽车生产企业名称 | 车辆型号 | 通用名称 | 纯电动续驶里程(km) | 燃料消耗量(L/100km) | 发动机排量(mL) | 整车整备质量(kg) | 动力蓄电池组总质量(kg) | 动力蓄电池组总能量(kWh) | 备注,
原件/免征目录/mf_batch50.doc,3810672d92621612507384960254de602e629e75a308df22ee2291519445095e,word/document.xml:table_5:row_0,physical_table_first_row_or_explicit_header,序号 | 汽车生产企业名称 | 车辆型号 | 产品名称 | 纯电动续驶里程(km) | 燃料消耗量(L/100km) | 发动机排量(mL) | 整车整备质量(kg) | 动力蓄电池组总质量(kg) | 动力蓄电池组总能量(kWh) | 备注,
原件/免征目录/mf_batch50.doc,3810672d92621612507384960254de602e629e75a308df22ee2291519445095e,word/document.xml:table_6:row_0,physical_table_first_row_or_explicit_header,序号 | 汽车生产企业名称 | 车辆型号 | 产品名称 | 纯电动续驶里程(km) | 整车整备质量(kg) | 燃料电池系统额定功率(kW) | 驱动电机额定功率(kW) | 备注,
原件/免征目录/mf_batch50.doc,3810672d92621612507384960254de602e629e75a308df22ee2291519445095e,word/document.xml:table_7:row_0,physical_table_first_row_or_explicit_header,序号 | 汽车生产企业名称 | 车辆型号 | 产品名称 | 纯电动续驶里程(km) | 整车整备质量(kg) | 燃料电池系统额定功率(kW) | 驱动电机额定功率(kW) | 备注,
原件/免征目录/mf_batch50.doc,3810672d92621612507384960254de602e629e75a308df22ee2291519445095e,word/document.xml:table_8:row_0,physical_table_first_row_or_explicit_header,序号 | 汽车生产企业名称 | 车辆型号 | 产品名称 | 纯电动续驶里程(km) | 整车整备质量(kg) | 燃料电池系统额定功率(kW) | 驱动电机额定功率(kW) | 备注,
原件/免征目录/mf_batch50.doc,3810672d92621612507384960254de602e629e75a308df22ee2291519445095e,word/document.xml:table_9:row_0,physical_table_first_row_or_explicit_header,序号 | 变更前汽车生产企业名称 | 变更后汽车生产企业名称,
原件/免征目录/mf_batch50.doc,3810672d92621612507384960254de602e629e75a308df22ee2291519445095e,word/document.xml:outside_table_paragraph_1,body_note_or_auxiliary_story,附件4,
原件/免征目录/mf_batch50.doc,3810672d92621612507384960254de602e629e75a308df22ee2291519445095e,word/document.xml:outside_table_paragraph_3,body_note_or_auxiliary_story,免征车辆购置税的新能源汽车车型目录,
原件/免征目录/mf_batch50.doc,3810672d92621612507384960254de602e629e75a308df22ee2291519445095e,word/document.xml:outside_table_paragraph_4,body_note_or_auxiliary_story,（第五十批）,
原件/免征目录/mf_batch50.doc,3810672d92621612507384960254de602e629e75a308df22ee2291519445095e,word/document.xml:outside_table_paragraph_6,body_note_or_auxiliary_story,一、纯电动汽车,
原件/免征目录/mf_batch50.doc,3810672d92621612507384960254de602e629e75a308df22ee2291519445095e,word/document.xml:outside_table_paragraph_7,body_note_or_auxiliary_story,（一）乘用车,
原件/免征目录/mf_batch50.doc,3810672d92621612507384960254de602e629e75a308df22ee2291519445095e,word/document.xml:outside_table_paragraph_477,body_note_or_auxiliary_story,（二）客车,
原件/免征目录/mf_batch50.doc,3810672d92621612507384960254de602e629e75a308df22ee2291519445095e,word/document.xml:outside_table_paragraph_731,body_note_or_auxiliary_story,（三）货车,
原件/免征目录/mf_batch50.doc,3810672d92621612507384960254de602e629e75a308df22ee2291519445095e,word/document.xml:outside_table_paragraph_1030,body_note_or_auxiliary_story,（四）专用车,
原件/免征目录/mf_batch50.doc,3810672d92621612507384960254de602e629e75a308df22ee2291519445095e,word/document.xml:outside_table_paragraph_1698,body_note_or_auxiliary_story,二、插电式混合动力汽车,
原件/免征目录/mf_batch50.doc,3810672d92621612507384960254de602e629e75a308df22ee2291519445095e,word/document.xml:outside_table_paragraph_1699,body_note_or_auxiliary_story,（一）乘用车,
原件/免征目录/mf_batch50.doc,3810672d92621612507384960254de602e629e75a308df22ee2291519445095e,word/document.xml:outside_table_paragraph_1964,body_note_or_auxiliary_story,注：插电式混合动力汽车燃料消耗量仅包括传统燃料/不含电能折算。,
原件/免征目录/mf_batch50.doc,3810672d92621612507384960254de602e629e75a308df22ee2291519445095e,word/document.xml:outside_table_paragraph_1966,body_note_or_auxiliary_story,（二）专用车,
原件/免征目录/mf_batch50.doc,3810672d92621612507384960254de602e629e75a308df22ee2291519445095e,word/document.xml:outside_table_paragraph_2022,body_note_or_auxiliary_story,注：插电式混合动力汽车燃料消耗量仅包括传统燃料/不含电能折算。,
原件/免征目录/mf_batch50.doc,3810672d92621612507384960254de602e629e75a308df22ee2291519445095e,word/document.xml:outside_table_paragraph_2023,body_note_or_auxiliary_story,三、燃料电池汽车,
原件/免征目录/mf_batch50.doc,3810672d92621612507384960254de602e629e75a308df22ee2291519445095e,word/document.xml:outside_table_paragraph_2024,body_note_or_auxiliary_story,（一）客车,
原件/免征目录/mf_batch50.doc,3810672d92621612507384960254de602e629e75a308df22ee2291519445095e,word/document.xml:outside_table_paragraph_2089,body_note_or_auxiliary_story,（二）货车,
原件/免征目录/mf_batch50.doc,3810672d92621612507384960254de602e629e75a308df22ee2291519445095e,word/document.xml:outside_table_paragraph_2136,body_note_or_auxiliary_story,（三）专用车,
原件/免征目录/mf_batch50.doc,3810672d92621612507384960254de602e629e75a308df22ee2291519445095e,word/document.xml:outside_table_paragraph_2174,body_note_or_auxiliary_story,四、汽车生产企业名称变更名单,
原件/免征目录/mf_batch50.doc,3810672d92621612507384960254de602e629e75a308df22ee2291519445095e,word/footer1.xml:outside_table_paragraph_1,body_note_or_auxiliary_story,1010,
原件/免征目录/mf_batch50.doc,3810672d92621612507384960254de602e629e75a308df22ee2291519445095e,word/footer1.xml:outside_table_paragraph_2,body_note_or_auxiliary_story,10,
原件/免征目录/mf_batch50.doc,3810672d92621612507384960254de602e629e75a308df22ee2291519445095e,word/footer1.xml:outside_table_paragraph_3,body_note_or_auxiliary_story,10,
原件/免征目录/mf_batch50.doc,3810672d92621612507384960254de602e629e75a308df22ee2291519445095e,word/footer2.xml:outside_table_paragraph_1,body_note_or_auxiliary_story,1212,
原件/免征目录/mf_batch50.doc,3810672d92621612507384960254de602e629e75a308df22ee2291519445095e,word/footer2.xml:outside_table_paragraph_2,body_note_or_auxiliary_story,12,
原件/免征目录/mf_batch50.doc,3810672d92621612507384960254de602e629e75a308df22ee2291519445095e,word/footer2.xml:outside_table_paragraph_3,body_note_or_auxiliary_story,12,
原件/免征目录/mf_batch50.doc,3810672d92621612507384960254de602e629e75a308df22ee2291519445095e,word/footer4.xml:outside_table_paragraph_1,body_note_or_auxiliary_story,1313,
原件/免征目录/mf_batch50.doc,3810672d92621612507384960254de602e629e75a308df22ee2291519445095e,word/footer4.xml:outside_table_paragraph_2,body_note_or_auxiliary_story,13,
原件/免征目录/mf_batch50.doc,3810672d92621612507384960254de602e629e75a308df22ee2291519445095e,word/footer4.xml:outside_table_paragraph_3,body_note_or_auxiliary_story,13,
原件/免征目录/mf_batch51.doc,35411ca0ab3ef42915600b148fca6fe76bcb86f5dc3812f71d74f3ebda125ce6,word/document.xml:table_0:row_0,physical_table_first_row_or_explicit_header,序号 | 汽车生产企业名称 | 车辆型号 | 通用名称 | 纯电动续驶里程(km) | 整车整备质量(kg) | 动力蓄电池组总质量(kg) | 动力蓄电池组总能量(kWh) | 备注,
原件/免征目录/mf_batch51.doc,35411ca0ab3ef42915600b148fca6fe76bcb86f5dc3812f71d74f3ebda125ce6,word/document.xml:table_1:row_0,physical_table_first_row_or_explicit_header,序号 | 汽车生产企业名称 | 车辆型号 | 产品名称 | 纯电动续驶里程(km) | 整车整备质量(kg) | 动力蓄电池组总质量(kg) | 动力蓄电池组总能量(kWh) | 备注,
原件/免征目录/mf_batch51.doc,35411ca0ab3ef42915600b148fca6fe76bcb86f5dc3812f71d74f3ebda125ce6,word/document.xml:table_2:row_0,physical_table_first_row_or_explicit_header,序号 | 汽车生产企业名称 | 车辆型号 | 产品名称 | 纯电动续驶里程(km) | 整车整备质量(kg) | 动力蓄电池组总质量(kg) | 动力蓄电池组总能量(kWh) | 备注,
原件/免征目录/mf_batch51.doc,35411ca0ab3ef42915600b148fca6fe76bcb86f5dc3812f71d74f3ebda125ce6,word/document.xml:table_3:row_0,physical_table_first_row_or_explicit_header,序号 | 汽车生产企业名称 | 车辆型号 | 产品名称 | 纯电动续驶里程(km) | 整车整备质量(kg) | 动力蓄电池组总质量(kg) | 动力蓄电池组总能量(kWh) | 备注,
原件/免征目录/mf_batch51.doc,35411ca0ab3ef42915600b148fca6fe76bcb86f5dc3812f71d74f3ebda125ce6,word/document.xml:table_4:row_0,physical_table_first_row_or_explicit_header,序号 | 汽车生产企业名称 | 车辆型号 | 通用名称 | 纯电动续驶里程(km) | 燃料消耗量(L/100km) | 发动机排量(mL) | 整车整备质量(kg) | 动力蓄电池组总质量(kg) | 动力蓄电池组总能量(kWh) | 备注,
原件/免征目录/mf_batch51.doc,35411ca0ab3ef42915600b148fca6fe76bcb86f5dc3812f71d74f3ebda125ce6,word/document.xml:table_5:row_0,physical_table_first_row_or_explicit_header,序号 | 汽车生产企业名称 | 车辆型号 | 产品名称 | 纯电动续驶里程(km) | 燃料消耗量(L/100km) | 发动机排量(mL) | 整车整备质量(kg) | 动力蓄电池组总质量(kg) | 动力蓄电池组总能量(kWh) | 备注,
原件/免征目录/mf_batch51.doc,35411ca0ab3ef42915600b148fca6fe76bcb86f5dc3812f71d74f3ebda125ce6,word/document.xml:table_6:row_0,physical_table_first_row_or_explicit_header,序号 | 汽车生产企业名称 | 车辆型号 | 产品名称 | 纯电动续驶里程(km) | 燃料消耗量(L/100km) | 发动机排量(mL) | 整车整备质量(kg) | 动力蓄电池组总质量(kg) | 动力蓄电池组总能量(kWh) | 备注,
原件/免征目录/mf_batch51.doc,35411ca0ab3ef42915600b148fca6fe76bcb86f5dc3812f71d74f3ebda125ce6,word/document.xml:table_7:row_0,physical_table_first_row_or_explicit_header,序号 | 汽车生产企业名称 | 车辆型号 | 产品名称 | 纯电动续驶里程(km) | 整车整备质量(kg) | 燃料电池系统额定功率(kW) | 驱动电机额定功率(kW) | 备注,
原件/免征目录/mf_batch51.doc,35411ca0ab3ef42915600b148fca6fe76bcb86f5dc3812f71d74f3ebda125ce6,word/document.xml:table_8:row_0,physical_table_first_row_or_explicit_header,序号 | 汽车生产企业名称 | 车辆型号 | 产品名称 | 纯电动续驶里程(km) | 整车整备质量(kg) | 燃料电池系统额定功率(kW) | 驱动电机额定功率(kW) | 备注,
原件/免征目录/mf_batch51.doc,35411ca0ab3ef42915600b148fca6fe76bcb86f5dc3812f71d74f3ebda125ce6,word/document.xml:table_9:row_0,physical_table_first_row_or_explicit_header,序号 | 汽车生产企业名称 | 车辆型号 | 产品名称 | 纯电动续驶里程(km) | 整车整备质量(kg) | 燃料电池系统额定功率(kW) | 驱动电机额定功率(kW) | 备注,
原件/免征目录/mf_batch51.doc,35411ca0ab3ef42915600b148fca6fe76bcb86f5dc3812f71d74f3ebda125ce6,word/document.xml:outside_table_paragraph_1,body_note_or_auxiliary_story,附件4,
原件/免征目录/mf_batch51.doc,35411ca0ab3ef42915600b148fca6fe76bcb86f5dc3812f71d74f3ebda125ce6,word/document.xml:outside_table_paragraph_3,body_note_or_auxiliary_story,免征车辆购置税的新能源汽车车型目录,
原件/免征目录/mf_batch51.doc,35411ca0ab3ef42915600b148fca6fe76bcb86f5dc3812f71d74f3ebda125ce6,word/document.xml:outside_table_paragraph_4,body_note_or_auxiliary_story,（第五十一批）,
原件/免征目录/mf_batch51.doc,35411ca0ab3ef42915600b148fca6fe76bcb86f5dc3812f71d74f3ebda125ce6,word/document.xml:outside_table_paragraph_6,body_note_or_auxiliary_story,一、纯电动汽车,
原件/免征目录/mf_batch51.doc,35411ca0ab3ef42915600b148fca6fe76bcb86f5dc3812f71d74f3ebda125ce6,word/document.xml:outside_table_paragraph_7,body_note_or_auxiliary_story,（一）乘用车,
原件/免征目录/mf_batch51.doc,35411ca0ab3ef42915600b148fca6fe76bcb86f5dc3812f71d74f3ebda125ce6,word/document.xml:outside_table_paragraph_234,body_note_or_auxiliary_story,（二）客车,
原件/免征目录/mf_batch51.doc,35411ca0ab3ef42915600b148fca6fe76bcb86f5dc3812f71d74f3ebda125ce6,word/document.xml:outside_table_paragraph_371,body_note_or_auxiliary_story,（三）货车,
原件/免征目录/mf_batch51.doc,35411ca0ab3ef42915600b148fca6fe76bcb86f5dc3812f71d74f3ebda125ce6,word/document.xml:outside_table_paragraph_598,body_note_or_auxiliary_story,（四）专用车,
原件/免征目录/mf_batch51.doc,35411ca0ab3ef42915600b148fca6fe76bcb86f5dc3812f71d74f3ebda125ce6,word/document.xml:outside_table_paragraph_1320,body_note_or_auxiliary_story,二、插电式混合动力汽车,
原件/免征目录/mf_batch51.doc,35411ca0ab3ef42915600b148fca6fe76bcb86f5dc3812f71d74f3ebda125ce6,word/document.xml:outside_table_paragraph_1321,body_note_or_auxiliary_story,（一）乘用车,
原件/免征目录/mf_batch51.doc,35411ca0ab3ef42915600b148fca6fe76bcb86f5dc3812f71d74f3ebda125ce6,word/document.xml:outside_table_paragraph_1388,body_note_or_auxiliary_story,注：插电式混合动力汽车燃料消耗量仅包括传统燃料/不含电能折算。,
原件/免征目录/mf_batch51.doc,35411ca0ab3ef42915600b148fca6fe76bcb86f5dc3812f71d74f3ebda125ce6,word/document.xml:outside_table_paragraph_1390,body_note_or_auxiliary_story,（二）客车,
原件/免征目录/mf_batch51.doc,35411ca0ab3ef42915600b148fca6fe76bcb86f5dc3812f71d74f3ebda125ce6,word/document.xml:outside_table_paragraph_1424,body_note_or_auxiliary_story,注：插电式混合动力汽车燃料消耗量仅包括传统燃料/不含电能折算。,
原件/免征目录/mf_batch51.doc,35411ca0ab3ef42915600b148fca6fe76bcb86f5dc3812f71d74f3ebda125ce6,word/document.xml:outside_table_paragraph_1426,body_note_or_auxiliary_story,（三）专用车,
原件/免征目录/mf_batch51.doc,35411ca0ab3ef42915600b148fca6fe76bcb86f5dc3812f71d74f3ebda125ce6,word/document.xml:outside_table_paragraph_1460,body_note_or_auxiliary_story,注：插电式混合动力汽车燃料消耗量仅包括传统燃料/不含电能折算。,
原件/免征目录/mf_batch51.doc,35411ca0ab3ef42915600b148fca6fe76bcb86f5dc3812f71d74f3ebda125ce6,word/document.xml:outside_table_paragraph_1462,body_note_or_auxiliary_story,三、燃料电池汽车,
原件/免征目录/mf_batch51.doc,35411ca0ab3ef42915600b148fca6fe76bcb86f5dc3812f71d74f3ebda125ce6,word/document.xml:outside_table_paragraph_1463,body_note_or_auxiliary_story,（一）客车,
原件/免征目录/mf_batch51.doc,35411ca0ab3ef42915600b148fca6fe76bcb86f5dc3812f71d74f3ebda125ce6,word/document.xml:outside_table_paragraph_1510,body_note_or_auxiliary_story,（二）货车,
原件/免征目录/mf_batch51.doc,35411ca0ab3ef42915600b148fca6fe76bcb86f5dc3812f71d74f3ebda125ce6,word/document.xml:outside_table_paragraph_1548,body_note_or_auxiliary_story,（三）专用车,
原件/免征目录/mf_batch51.doc,35411ca0ab3ef42915600b148fca6fe76bcb86f5dc3812f71d74f3ebda125ce6,word/footer1.xml:outside_table_paragraph_1,body_note_or_auxiliary_story,1010,
原件/免征目录/mf_batch51.doc,35411ca0ab3ef42915600b148fca6fe76bcb86f5dc3812f71d74f3ebda125ce6,word/footer1.xml:outside_table_paragraph_2,body_note_or_auxiliary_story,10,
原件/免征目录/mf_batch51.doc,35411ca0ab3ef42915600b148fca6fe76bcb86f5dc3812f71d74f3ebda125ce6,word/footer1.xml:outside_table_paragraph_3,body_note_or_auxiliary_story,10,
原件/免征目录/mf_batch52.doc,650a1430fd7c9a9139970f857a0382498bfd368fe64a95f24c17ca3f49dfa3cc,word/document.xml:table_0:row_0,physical_table_first_row_or_explicit_header,序号 | 汽车生产企业名称 | 车辆型号 | 通用名称 | 纯电动续驶里程(km) | 整车整备质量(kg) | 动力蓄电池组总质量(kg) | 动力蓄电池组总能量(kWh) | 备注,
原件/免征目录/mf_batch52.doc,650a1430fd7c9a9139970f857a0382498bfd368fe64a95f24c17ca3f49dfa3cc,word/document.xml:table_1:row_0,physical_table_first_row_or_explicit_header,序号 | 汽车生产企业名称 | 车辆型号 | 产品名称 | 纯电动续驶里程(km) | 整车整备质量(kg) | 动力蓄电池组总质量(kg) | 动力蓄电池组总能量(kWh) | 备注,
原件/免征目录/mf_batch52.doc,650a1430fd7c9a9139970f857a0382498bfd368fe64a95f24c17ca3f49dfa3cc,word/document.xml:table_2:row_0,physical_table_first_row_or_explicit_header,序号 | 汽车生产企业名称 | 车辆型号 | 产品名称 | 纯电动续驶里程(km) | 整车整备质量(kg) | 动力蓄电池组总质量(kg) | 动力蓄电池组总能量(kWh) | 备注,
原件/免征目录/mf_batch52.doc,650a1430fd7c9a9139970f857a0382498bfd368fe64a95f24c17ca3f49dfa3cc,word/document.xml:table_3:row_0,physical_table_first_row_or_explicit_header,序号 | 汽车生产企业名称 | 车辆型号 | 产品名称 | 纯电动续驶里程(km) | 整车整备质量(kg) | 动力蓄电池组总质量(kg) | 动力蓄电池组总能量(kWh) | 备注,
原件/免征目录/mf_batch52.doc,650a1430fd7c9a9139970f857a0382498bfd368fe64a95f24c17ca3f49dfa3cc,word/document.xml:table_4:row_0,physical_table_first_row_or_explicit_header,序号 | 汽车生产企业名称 | 车辆型号 | 通用名称 | 纯电动续驶里程(km) | 燃料消耗量(L/100km) | 发动机排量(mL) | 整车整备质量(kg) | 动力蓄电池组总质量(kg) | 动力蓄电池组总能量(kWh) | 备注,
原件/免征目录/mf_batch52.doc,650a1430fd7c9a9139970f857a0382498bfd368fe64a95f24c17ca3f49dfa3cc,word/document.xml:table_5:row_0,physical_table_first_row_or_explicit_header,序号 | 汽车生产企业名称 | 车辆型号 | 产品名称 | 纯电动续驶里程(km) | 燃料消耗量(L/100km) | 发动机排量(mL) | 整车整备质量(kg) | 动力蓄电池组总质量(kg) | 动力蓄电池组总能量(kWh) | 备注,
原件/免征目录/mf_batch52.doc,650a1430fd7c9a9139970f857a0382498bfd368fe64a95f24c17ca3f49dfa3cc,word/document.xml:table_6:row_0,physical_table_first_row_or_explicit_header,序号 | 汽车生产企业名称 | 车辆型号 | 产品名称 | 纯电动续驶里程(km) | 燃料消耗量(L/100km) | 发动机排量(mL) | 整车整备质量(kg) | 动力蓄电池组总质量(kg) | 动力蓄电池组总能量(kWh) | 备注,
原件/免征目录/mf_batch52.doc,650a1430fd7c9a9139970f857a0382498bfd368fe64a95f24c17ca3f49dfa3cc,word/document.xml:table_7:row_0,physical_table_first_row_or_explicit_header,序号 | 汽车生产企业名称 | 车辆型号 | 产品名称 | 纯电动续驶里程(km) | 燃料消耗量(L/100km) | 发动机排量(mL) | 整车整备质量(kg) | 动力蓄电池组总质量(kg) | 动力蓄电池组总能量(kWh) | 备注,
原件/免征目录/mf_batch52.doc,650a1430fd7c9a9139970f857a0382498bfd368fe64a95f24c17ca3f49dfa3cc,word/document.xml:table_8:row_0,physical_table_first_row_or_explicit_header,序号 | 汽车生产企业名称 | 车辆型号 | 产品名称 | 纯电动续驶里程(km) | 整车整备质量(kg) | 燃料电池系统额定功率(kW) | 驱动电机额定功率(kW) | 备注,
原件/免征目录/mf_batch52.doc,650a1430fd7c9a9139970f857a0382498bfd368fe64a95f24c17ca3f49dfa3cc,word/document.xml:table_9:row_0,physical_table_first_row_or_explicit_header,序号 | 汽车生产企业名称 | 车辆型号 | 产品名称 | 纯电动续驶里程(km) | 整车整备质量(kg) | 燃料电池系统额定功率(kW) | 驱动电机额定功率(kW) | 备注,
原件/免征目录/mf_batch52.doc,650a1430fd7c9a9139970f857a0382498bfd368fe64a95f24c17ca3f49dfa3cc,word/document.xml:table_10:row_0,physical_table_first_row_or_explicit_header,序号 | 汽车生产企业名称 | 车辆型号 | 产品名称 | 纯电动续驶里程(km) | 整车整备质量(kg) | 燃料电池系统额定功率(kW) | 驱动电机额定功率(kW) | 备注,
原件/免征目录/mf_batch52.doc,650a1430fd7c9a9139970f857a0382498bfd368fe64a95f24c17ca3f49dfa3cc,word/document.xml:outside_table_paragraph_1,body_note_or_auxiliary_story,附件4,
原件/免征目录/mf_batch52.doc,650a1430fd7c9a9139970f857a0382498bfd368fe64a95f24c17ca3f49dfa3cc,word/document.xml:outside_table_paragraph_3,body_note_or_auxiliary_story,免征车辆购置税的新能源汽车车型目录,
原件/免征目录/mf_batch52.doc,650a1430fd7c9a9139970f857a0382498bfd368fe64a95f24c17ca3f49dfa3cc,word/document.xml:outside_table_paragraph_4,body_note_or_auxiliary_story,（第五十二批）,
原件/免征目录/mf_batch52.doc,650a1430fd7c9a9139970f857a0382498bfd368fe64a95f24c17ca3f49dfa3cc,word/document.xml:outside_table_paragraph_6,body_note_or_auxiliary_story,一、纯电动汽车,
原件/免征目录/mf_batch52.doc,650a1430fd7c9a9139970f857a0382498bfd368fe64a95f24c17ca3f49dfa3cc,word/document.xml:outside_table_paragraph_7,body_note_or_auxiliary_story,（一）乘用车,
原件/免征目录/mf_batch52.doc,650a1430fd7c9a9139970f857a0382498bfd368fe64a95f24c17ca3f49dfa3cc,word/document.xml:outside_table_paragraph_198,body_note_or_auxiliary_story,（二）客车,
原件/免征目录/mf_batch52.doc,650a1430fd7c9a9139970f857a0382498bfd368fe64a95f24c17ca3f49dfa3cc,word/document.xml:outside_table_paragraph_470,body_note_or_auxiliary_story,（三）货车,
原件/免征目录/mf_batch52.doc,650a1430fd7c9a9139970f857a0382498bfd368fe64a95f24c17ca3f49dfa3cc,word/document.xml:outside_table_paragraph_697,body_note_or_auxiliary_story,（四）专用车,
原件/免征目录/mf_batch52.doc,650a1430fd7c9a9139970f857a0382498bfd368fe64a95f24c17ca3f49dfa3cc,word/document.xml:outside_table_paragraph_1446,body_note_or_auxiliary_story,二、插电式混合动力汽车,
原件/免征目录/mf_batch52.doc,650a1430fd7c9a9139970f857a0382498bfd368fe64a95f24c17ca3f49dfa3cc,word/document.xml:outside_table_paragraph_1447,body_note_or_auxiliary_story,（一）乘用车,
原件/免征目录/mf_batch52.doc,650a1430fd7c9a9139970f857a0382498bfd368fe64a95f24c17ca3f49dfa3cc,word/document.xml:outside_table_paragraph_1525,body_note_or_auxiliary_story,注：插电式混合动力汽车燃料消耗量仅包括传统燃料/不含电能折算。,
原件/免征目录/mf_batch52.doc,650a1430fd7c9a9139970f857a0382498bfd368fe64a95f24c17ca3f49dfa3cc,word/document.xml:outside_table_paragraph_1527,body_note_or_auxiliary_story,（二）客车,
原件/免征目录/mf_batch52.doc,650a1430fd7c9a9139970f857a0382498bfd368fe64a95f24c17ca3f49dfa3cc,word/document.xml:outside_table_paragraph_1550,body_note_or_auxiliary_story,注：插电式混合动力汽车燃料消耗量仅包括传统燃料/不含电能折算。,
原件/免征目录/mf_batch52.doc,650a1430fd7c9a9139970f857a0382498bfd368fe64a95f24c17ca3f49dfa3cc,word/document.xml:outside_table_paragraph_1552,body_note_or_auxiliary_story,（三）货车,
原件/免征目录/mf_batch52.doc,650a1430fd7c9a9139970f857a0382498bfd368fe64a95f24c17ca3f49dfa3cc,word/document.xml:outside_table_paragraph_1586,body_note_or_auxiliary_story,注：插电式混合动力汽车燃料消耗量仅包括传统燃料/不含电能折算。,
原件/免征目录/mf_batch52.doc,650a1430fd7c9a9139970f857a0382498bfd368fe64a95f24c17ca3f49dfa3cc,word/document.xml:outside_table_paragraph_1588,body_note_or_auxiliary_story,（四）专用车,
原件/免征目录/mf_batch52.doc,650a1430fd7c9a9139970f857a0382498bfd368fe64a95f24c17ca3f49dfa3cc,word/document.xml:outside_table_paragraph_1644,body_note_or_auxiliary_story,注：插电式混合动力汽车燃料消耗量仅包括传统燃料/不含电能折算。,
原件/免征目录/mf_batch52.doc,650a1430fd7c9a9139970f857a0382498bfd368fe64a95f24c17ca3f49dfa3cc,word/document.xml:outside_table_paragraph_1646,body_note_or_auxiliary_story,三、燃料电池汽车,
原件/免征目录/mf_batch52.doc,650a1430fd7c9a9139970f857a0382498bfd368fe64a95f24c17ca3f49dfa3cc,word/document.xml:outside_table_paragraph_1647,body_note_or_auxiliary_story,（一）客车,
原件/免征目录/mf_batch52.doc,650a1430fd7c9a9139970f857a0382498bfd368fe64a95f24c17ca3f49dfa3cc,word/document.xml:outside_table_paragraph_1685,body_note_or_auxiliary_story,（二）货车,
原件/免征目录/mf_batch52.doc,650a1430fd7c9a9139970f857a0382498bfd368fe64a95f24c17ca3f49dfa3cc,word/document.xml:outside_table_paragraph_1714,body_note_or_auxiliary_story,（三）专用车,
原件/免征目录/mf_batch52.doc,650a1430fd7c9a9139970f857a0382498bfd368fe64a95f24c17ca3f49dfa3cc,word/footer1.xml:outside_table_paragraph_1,body_note_or_auxiliary_story,1111,
原件/免征目录/mf_batch52.doc,650a1430fd7c9a9139970f857a0382498bfd368fe64a95f24c17ca3f49dfa3cc,word/footer1.xml:outside_table_paragraph_2,body_note_or_auxiliary_story,11,
原件/免征目录/mf_batch52.doc,650a1430fd7c9a9139970f857a0382498bfd368fe64a95f24c17ca3f49dfa3cc,word/footer1.xml:outside_table_paragraph_3,body_note_or_auxiliary_story,11,
原件/免征目录/mf_batch53.doc,a1f426ff77c80bce4d153fbfb6d01a7b6c6c87539f52ac4643edb7b060e21d2a,word/document.xml:table_0:row_0,physical_table_first_row_or_explicit_header,序号 | 汽车生产企业名称 | 车辆型号 | 通用名称 | 纯电动续驶里程(km) | 整车整备质量(kg) | 动力蓄电池组总质量(kg) | 动力蓄电池组总能量(kWh) | 备注,
原件/免征目录/mf_batch53.doc,a1f426ff77c80bce4d153fbfb6d01a7b6c6c87539f52ac4643edb7b060e21d2a,word/document.xml:table_1:row_0,physical_table_first_row_or_explicit_header,序号 | 汽车生产企业名称 | 车辆型号 | 产品名称 | 纯电动续驶里程(km) | 整车整备质量(kg) | 动力蓄电池组总质量(kg) | 动力蓄电池组总能量(kWh) | 备注,
原件/免征目录/mf_batch53.doc,a1f426ff77c80bce4d153fbfb6d01a7b6c6c87539f52ac4643edb7b060e21d2a,word/document.xml:table_2:row_0,physical_table_first_row_or_explicit_header,序号 | 汽车生产企业名称 | 车辆型号 | 产品名称 | 纯电动续驶里程(km) | 整车整备质量(kg) | 动力蓄电池组总质量(kg) | 动力蓄电池组总能量(kWh) | 备注,
原件/免征目录/mf_batch53.doc,a1f426ff77c80bce4d153fbfb6d01a7b6c6c87539f52ac4643edb7b060e21d2a,word/document.xml:table_3:row_0,physical_table_first_row_or_explicit_header,序号 | 汽车生产企业名称 | 车辆型号 | 产品名称 | 纯电动续驶里程(km) | 整车整备质量(kg) | 动力蓄电池组总质量(kg) | 动力蓄电池组总能量(kWh) | 备注,
原件/免征目录/mf_batch53.doc,a1f426ff77c80bce4d153fbfb6d01a7b6c6c87539f52ac4643edb7b060e21d2a,word/document.xml:table_4:row_0,physical_table_first_row_or_explicit_header,序号 | 汽车生产企业名称 | 车辆型号 | 通用名称 | 纯电动续驶里程(km) | 燃料消耗量(L/100km) | 发动机排量(mL) | 整车整备质量(kg) | 动力蓄电池组总质量(kg) | 动力蓄电池组总能量(kWh) | 备注,
原件/免征目录/mf_batch53.doc,a1f426ff77c80bce4d153fbfb6d01a7b6c6c87539f52ac4643edb7b060e21d2a,word/document.xml:table_5:row_0,physical_table_first_row_or_explicit_header,序号 | 汽车生产企业名称 | 车辆型号 | 产品名称 | 纯电动续驶里程(km) | 燃料消耗量(L/100km) | 发动机排量(mL) | 整车整备质量(kg) | 动力蓄电池组总质量(kg) | 动力蓄电池组总能量(kWh) | 备注,
原件/免征目录/mf_batch53.doc,a1f426ff77c80bce4d153fbfb6d01a7b6c6c87539f52ac4643edb7b060e21d2a,word/document.xml:table_6:row_0,physical_table_first_row_or_explicit_header,序号 | 汽车生产企业名称 | 车辆型号 | 产品名称 | 纯电动续驶里程(km) | 整车整备质量(kg) | 燃料电池系统额定功率(kW) | 驱动电机额定功率(kW) | 备注,
原件/免征目录/mf_batch53.doc,a1f426ff77c80bce4d153fbfb6d01a7b6c6c87539f52ac4643edb7b060e21d2a,word/document.xml:table_7:row_0,physical_table_first_row_or_explicit_header,序号 | 汽车生产企业名称 | 车辆型号 | 产品名称 | 纯电动续驶里程(km) | 整车整备质量(kg) | 燃料电池系统额定功率(kW) | 驱动电机额定功率(kW) | 备注,
原件/免征目录/mf_batch53.doc,a1f426ff77c80bce4d153fbfb6d01a7b6c6c87539f52ac4643edb7b060e21d2a,word/document.xml:table_8:row_0,physical_table_first_row_or_explicit_header,序号 | 汽车生产企业名称 | 车辆型号 | 产品名称 | 纯电动续驶里程(km) | 整车整备质量(kg) | 燃料电池系统额定功率(kW) | 驱动电机额定功率(kW) | 备注,
原件/免征目录/mf_batch53.doc,a1f426ff77c80bce4d153fbfb6d01a7b6c6c87539f52ac4643edb7b060e21d2a,word/document.xml:outside_table_paragraph_1,body_note_or_auxiliary_story,附件4,
原件/免征目录/mf_batch53.doc,a1f426ff77c80bce4d153fbfb6d01a7b6c6c87539f52ac4643edb7b060e21d2a,word/document.xml:outside_table_paragraph_3,body_note_or_auxiliary_story,免征车辆购置税的新能源汽车车型目录,
原件/免征目录/mf_batch53.doc,a1f426ff77c80bce4d153fbfb6d01a7b6c6c87539f52ac4643edb7b060e21d2a,word/document.xml:outside_table_paragraph_4,body_note_or_auxiliary_story,（第五十三批）,
原件/免征目录/mf_batch53.doc,a1f426ff77c80bce4d153fbfb6d01a7b6c6c87539f52ac4643edb7b060e21d2a,word/document.xml:outside_table_paragraph_6,body_note_or_auxiliary_story,一、纯电动汽车,
原件/免征目录/mf_batch53.doc,a1f426ff77c80bce4d153fbfb6d01a7b6c6c87539f52ac4643edb7b060e21d2a,word/document.xml:outside_table_paragraph_7,body_note_or_auxiliary_story,（一）乘用车,
原件/免征目录/mf_batch53.doc,a1f426ff77c80bce4d153fbfb6d01a7b6c6c87539f52ac4643edb7b060e21d2a,word/document.xml:outside_table_paragraph_333,body_note_or_auxiliary_story,（二）客车,
原件/免征目录/mf_batch53.doc,a1f426ff77c80bce4d153fbfb6d01a7b6c6c87539f52ac4643edb7b060e21d2a,word/document.xml:outside_table_paragraph_578,body_note_or_auxiliary_story,（三）货车,
原件/免征目录/mf_batch53.doc,a1f426ff77c80bce4d153fbfb6d01a7b6c6c87539f52ac4643edb7b060e21d2a,word/document.xml:outside_table_paragraph_922,body_note_or_auxiliary_story,（四）专用车,
原件/免征目录/mf_batch53.doc,a1f426ff77c80bce4d153fbfb6d01a7b6c6c87539f52ac4643edb7b060e21d2a,word/document.xml:outside_table_paragraph_1635,body_note_or_auxiliary_story,二、插电式混合动力汽车,
原件/免征目录/mf_batch53.doc,a1f426ff77c80bce4d153fbfb6d01a7b6c6c87539f52ac4643edb7b060e21d2a,word/document.xml:outside_table_paragraph_1636,body_note_or_auxiliary_story,（一）乘用车,
原件/免征目录/mf_batch53.doc,a1f426ff77c80bce4d153fbfb6d01a7b6c6c87539f52ac4643edb7b060e21d2a,word/document.xml:outside_table_paragraph_1714,body_note_or_auxiliary_story,注：插电式混合动力汽车燃料消耗量仅包括传统燃料/不含电能折算。,
原件/免征目录/mf_batch53.doc,a1f426ff77c80bce4d153fbfb6d01a7b6c6c87539f52ac4643edb7b060e21d2a,word/document.xml:outside_table_paragraph_1716,body_note_or_auxiliary_story,（二）专用车,
原件/免征目录/mf_batch53.doc,a1f426ff77c80bce4d153fbfb6d01a7b6c6c87539f52ac4643edb7b060e21d2a,word/document.xml:outside_table_paragraph_1761,body_note_or_auxiliary_story,注：插电式混合动力汽车燃料消耗量仅包括传统燃料/不含电能折算。,
原件/免征目录/mf_batch53.doc,a1f426ff77c80bce4d153fbfb6d01a7b6c6c87539f52ac4643edb7b060e21d2a,word/document.xml:outside_table_paragraph_1763,body_note_or_auxiliary_story,三、燃料电池汽车,
原件/免征目录/mf_batch53.doc,a1f426ff77c80bce4d153fbfb6d01a7b6c6c87539f52ac4643edb7b060e21d2a,word/document.xml:outside_table_paragraph_1764,body_note_or_auxiliary_story,（一）客车,
原件/免征目录/mf_batch53.doc,a1f426ff77c80bce4d153fbfb6d01a7b6c6c87539f52ac4643edb7b060e21d2a,word/document.xml:outside_table_paragraph_1820,body_note_or_auxiliary_story,（二）货车,
原件/免征目录/mf_batch53.doc,a1f426ff77c80bce4d153fbfb6d01a7b6c6c87539f52ac4643edb7b060e21d2a,word/document.xml:outside_table_paragraph_1858,body_note_or_auxiliary_story,（三）专用车,
原件/免征目录/mf_batch53.doc,a1f426ff77c80bce4d153fbfb6d01a7b6c6c87539f52ac4643edb7b060e21d2a,word/footer1.xml:outside_table_paragraph_1,body_note_or_auxiliary_story,1010,
原件/免征目录/mf_batch53.doc,a1f426ff77c80bce4d153fbfb6d01a7b6c6c87539f52ac4643edb7b060e21d2a,word/footer1.xml:outside_table_paragraph_2,body_note_or_auxiliary_story,10,
原件/免征目录/mf_batch53.doc,a1f426ff77c80bce4d153fbfb6d01a7b6c6c87539f52ac4643edb7b060e21d2a,word/footer1.xml:outside_table_paragraph_3,body_note_or_auxiliary_story,10,
原件/免征目录/mf_batch54.doc,e4ce106fc0fb21bc61cac40ff0de97e60dff2d18b5b7d24c494bb74873312fd7,word/document.xml:table_0:row_0,physical_table_first_row_or_explicit_header,序号 | 汽车生产企业名称 | 车辆型号 | 通用名称 | 纯电动续驶里程(km) | 整车整备质量(kg) | 动力蓄电池组总质量(kg) | 动力蓄电池组总能量(kWh) | 备注,
原件/免征目录/mf_batch54.doc,e4ce106fc0fb21bc61cac40ff0de97e60dff2d18b5b7d24c494bb74873312fd7,word/document.xml:table_1:row_0,physical_table_first_row_or_explicit_header,序号 | 汽车生产企业名称 | 车辆型号 | 产品名称 | 纯电动续驶里程(km) | 整车整备质量(kg) | 动力蓄电池组总质量(kg) | 动力蓄电池组总能量(kWh) | 备注,
原件/免征目录/mf_batch54.doc,e4ce106fc0fb21bc61cac40ff0de97e60dff2d18b5b7d24c494bb74873312fd7,word/document.xml:table_2:row_0,physical_table_first_row_or_explicit_header,序号 | 汽车生产企业名称 | 车辆型号 | 产品名称 | 纯电动续驶里程(km) | 整车整备质量(kg) | 动力蓄电池组总质量(kg) | 动力蓄电池组总能量(kWh) | 备注,
原件/免征目录/mf_batch54.doc,e4ce106fc0fb21bc61cac40ff0de97e60dff2d18b5b7d24c494bb74873312fd7,word/document.xml:table_3:row_0,physical_table_first_row_or_explicit_header,序号 | 汽车生产企业名称 | 车辆型号 | 产品名称 | 纯电动续驶里程(km) | 整车整备质量(kg) | 动力蓄电池组总质量(kg) | 动力蓄电池组总能量(kWh) | 备注,
原件/免征目录/mf_batch54.doc,e4ce106fc0fb21bc61cac40ff0de97e60dff2d18b5b7d24c494bb74873312fd7,word/document.xml:table_4:row_0,physical_table_first_row_or_explicit_header,序号 | 汽车生产企业名称 | 车辆型号 | 通用名称 | 纯电动续驶里程(km) | 燃料消耗量(L/100km) | 发动机排量(mL) | 整车整备质量(kg) | 动力蓄电池组总质量(kg) | 动力蓄电池组总能量(kWh) | 备注,
原件/免征目录/mf_batch54.doc,e4ce106fc0fb21bc61cac40ff0de97e60dff2d18b5b7d24c494bb74873312fd7,word/document.xml:table_5:row_0,physical_table_first_row_or_explicit_header,序号 | 汽车生产企业名称 | 车辆型号 | 产品名称 | 纯电动续驶里程(km) | 燃料消耗量(L/100km) | 发动机排量(mL) | 整车整备质量(kg) | 动力蓄电池组总质量(kg) | 动力蓄电池组总能量(kWh) | 备注,
原件/免征目录/mf_batch54.doc,e4ce106fc0fb21bc61cac40ff0de97e60dff2d18b5b7d24c494bb74873312fd7,word/document.xml:table_6:row_0,physical_table_first_row_or_explicit_header,序号 | 汽车生产企业名称 | 车辆型号 | 产品名称 | 纯电动续驶里程(km) | 燃料消耗量(L/100km) | 发动机排量(mL) | 整车整备质量(kg) | 动力蓄电池组总质量(kg) | 动力蓄电池组总能量(kWh) | 备注,
原件/免征目录/mf_batch54.doc,e4ce106fc0fb21bc61cac40ff0de97e60dff2d18b5b7d24c494bb74873312fd7,word/document.xml:table_7:row_0,physical_table_first_row_or_explicit_header,序号 | 汽车生产企业名称 | 车辆型号 | 产品名称 | 纯电动续驶里程(km) | 整车整备质量(kg) | 燃料电池系统额定功率(kW) | 驱动电机额定功率(kW) | 备注,
原件/免征目录/mf_batch54.doc,e4ce106fc0fb21bc61cac40ff0de97e60dff2d18b5b7d24c494bb74873312fd7,word/document.xml:table_8:row_0,physical_table_first_row_or_explicit_header,序号 | 汽车生产企业名称 | 车辆型号 | 产品名称 | 纯电动续驶里程(km) | 整车整备质量(kg) | 燃料电池系统额定功率(kW) | 驱动电机额定功率(kW) | 备注,
原件/免征目录/mf_batch54.doc,e4ce106fc0fb21bc61cac40ff0de97e60dff2d18b5b7d24c494bb74873312fd7,word/document.xml:table_9:row_0,physical_table_first_row_or_explicit_header,序号 | 汽车生产企业名称 | 车辆型号 | 产品名称 | 纯电动续驶里程(km) | 整车整备质量(kg) | 燃料电池系统额定功率(kW) | 驱动电机额定功率(kW) | 备注,
原件/免征目录/mf_batch54.doc,e4ce106fc0fb21bc61cac40ff0de97e60dff2d18b5b7d24c494bb74873312fd7,word/document.xml:outside_table_paragraph_1,body_note_or_auxiliary_story,附件4,
原件/免征目录/mf_batch54.doc,e4ce106fc0fb21bc61cac40ff0de97e60dff2d18b5b7d24c494bb74873312fd7,word/document.xml:outside_table_paragraph_3,body_note_or_auxiliary_story,免征车辆购置税的新能源汽车车型目录,
原件/免征目录/mf_batch54.doc,e4ce106fc0fb21bc61cac40ff0de97e60dff2d18b5b7d24c494bb74873312fd7,word/document.xml:outside_table_paragraph_4,body_note_or_auxiliary_story,（第五十四批）,
原件/免征目录/mf_batch54.doc,e4ce106fc0fb21bc61cac40ff0de97e60dff2d18b5b7d24c494bb74873312fd7,word/document.xml:outside_table_paragraph_6,body_note_or_auxiliary_story,一、纯电动汽车,
原件/免征目录/mf_batch54.doc,e4ce106fc0fb21bc61cac40ff0de97e60dff2d18b5b7d24c494bb74873312fd7,word/document.xml:outside_table_paragraph_7,body_note_or_auxiliary_story,（一）乘用车,
原件/免征目录/mf_batch54.doc,e4ce106fc0fb21bc61cac40ff0de97e60dff2d18b5b7d24c494bb74873312fd7,word/document.xml:outside_table_paragraph_506,body_note_or_auxiliary_story,（二）客车,
原件/免征目录/mf_batch54.doc,e4ce106fc0fb21bc61cac40ff0de97e60dff2d18b5b7d24c494bb74873312fd7,word/document.xml:outside_table_paragraph_796,body_note_or_auxiliary_story,（三）货车,
原件/免征目录/mf_batch54.doc,e4ce106fc0fb21bc61cac40ff0de97e60dff2d18b5b7d24c494bb74873312fd7,word/document.xml:outside_table_paragraph_1195,body_note_or_auxiliary_story,（四）专用车,
原件/免征目录/mf_batch54.doc,e4ce106fc0fb21bc61cac40ff0de97e60dff2d18b5b7d24c494bb74873312fd7,word/document.xml:outside_table_paragraph_2169,body_note_or_auxiliary_story,二、插电式混合动力汽车,
原件/免征目录/mf_batch54.doc,e4ce106fc0fb21bc61cac40ff0de97e60dff2d18b5b7d24c494bb74873312fd7,word/document.xml:outside_table_paragraph_2170,body_note_or_auxiliary_story,（一）乘用车,
原件/免征目录/mf_batch54.doc,e4ce106fc0fb21bc61cac40ff0de97e60dff2d18b5b7d24c494bb74873312fd7,word/document.xml:outside_table_paragraph_2248,body_note_or_auxiliary_story,注：插电式混合动力汽车燃料消耗量仅包括传统燃料/不含电能折算。,
原件/免征目录/mf_batch54.doc,e4ce106fc0fb21bc61cac40ff0de97e60dff2d18b5b7d24c494bb74873312fd7,word/document.xml:outside_table_paragraph_2250,body_note_or_auxiliary_story,（二）客车,
原件/免征目录/mf_batch54.doc,e4ce106fc0fb21bc61cac40ff0de97e60dff2d18b5b7d24c494bb74873312fd7,word/document.xml:outside_table_paragraph_2273,body_note_or_auxiliary_story,注：插电式混合动力汽车燃料消耗量仅包括传统燃料/不含电能折算。,
原件/免征目录/mf_batch54.doc,e4ce106fc0fb21bc61cac40ff0de97e60dff2d18b5b7d24c494bb74873312fd7,word/document.xml:outside_table_paragraph_2275,body_note_or_auxiliary_story,（三）专用车,
原件/免征目录/mf_batch54.doc,e4ce106fc0fb21bc61cac40ff0de97e60dff2d18b5b7d24c494bb74873312fd7,word/document.xml:outside_table_paragraph_2353,body_note_or_auxiliary_story,注：插电式混合动力汽车燃料消耗量仅包括传统燃料/不含电能折算。,
原件/免征目录/mf_batch54.doc,e4ce106fc0fb21bc61cac40ff0de97e60dff2d18b5b7d24c494bb74873312fd7,word/document.xml:outside_table_paragraph_2355,body_note_or_auxiliary_story,三、燃料电池汽车,
原件/免征目录/mf_batch54.doc,e4ce106fc0fb21bc61cac40ff0de97e60dff2d18b5b7d24c494bb74873312fd7,word/document.xml:outside_table_paragraph_2356,body_note_or_auxiliary_story,（一）客车,
原件/免征目录/mf_batch54.doc,e4ce106fc0fb21bc61cac40ff0de97e60dff2d18b5b7d24c494bb74873312fd7,word/document.xml:outside_table_paragraph_2421,body_note_or_auxiliary_story,（二）货车,
原件/免征目录/mf_batch54.doc,e4ce106fc0fb21bc61cac40ff0de97e60dff2d18b5b7d24c494bb74873312fd7,word/document.xml:outside_table_paragraph_2477,body_note_or_auxiliary_story,（三）专用车,
原件/免征目录/mf_batch54.doc,e4ce106fc0fb21bc61cac40ff0de97e60dff2d18b5b7d24c494bb74873312fd7,word/footer1.xml:outside_table_paragraph_1,body_note_or_auxiliary_story,1313,
原件/免征目录/mf_batch54.doc,e4ce106fc0fb21bc61cac40ff0de97e60dff2d18b5b7d24c494bb74873312fd7,word/footer1.xml:outside_table_paragraph_2,body_note_or_auxiliary_story,13,
原件/免征目录/mf_batch54.doc,e4ce106fc0fb21bc61cac40ff0de97e60dff2d18b5b7d24c494bb74873312fd7,word/footer1.xml:outside_table_paragraph_3,body_note_or_auxiliary_story,13,
原件/免征目录/mf_batch55.doc,0457d0430e9e7f114c91341a715405c3933dd4783762cd74b9871e4918ba887f,word/document.xml:table_0:row_0,physical_table_first_row_or_explicit_header,序号 | 汽车生产企业名称 | 车辆型号 | 通用名称 | 纯电动续驶里程(km) | 整车整备质量(kg) | 动力蓄电池组总质量(kg) | 动力蓄电池组总能量(kWh) | 备注,
原件/免征目录/mf_batch55.doc,0457d0430e9e7f114c91341a715405c3933dd4783762cd74b9871e4918ba887f,word/document.xml:table_1:row_0,physical_table_first_row_or_explicit_header,序号 | 汽车生产企业名称 | 车辆型号 | 产品名称 | 纯电动续驶里程(km) | 整车整备质量(kg) | 动力蓄电池组总质量(kg) | 动力蓄电池组总能量(kWh) | 备注,
原件/免征目录/mf_batch55.doc,0457d0430e9e7f114c91341a715405c3933dd4783762cd74b9871e4918ba887f,word/document.xml:table_2:row_0,physical_table_first_row_or_explicit_header,序号 | 汽车生产企业名称 | 车辆型号 | 产品名称 | 纯电动续驶里程(km) | 整车整备质量(kg) | 动力蓄电池组总质量(kg) | 动力蓄电池组总能量(kWh) | 备注,
原件/免征目录/mf_batch55.doc,0457d0430e9e7f114c91341a715405c3933dd4783762cd74b9871e4918ba887f,word/document.xml:table_3:row_0,physical_table_first_row_or_explicit_header,序号 | 汽车生产企业名称 | 车辆型号 | 产品名称 | 纯电动续驶里程(km) | 整车整备质量(kg) | 动力蓄电池组总质量(kg) | 动力蓄电池组总能量(kWh) | 备注,
原件/免征目录/mf_batch55.doc,0457d0430e9e7f114c91341a715405c3933dd4783762cd74b9871e4918ba887f,word/document.xml:table_4:row_0,physical_table_first_row_or_explicit_header,序号 | 汽车生产企业名称 | 车辆型号 | 通用名称 | 纯电动续驶里程(km) | 燃料消耗量(L/100km) | 发动机排量(mL) | 整车整备质量(kg) | 动力蓄电池组总质量(kg) | 动力蓄电池组总能量(kWh) | 备注,
原件/免征目录/mf_batch55.doc,0457d0430e9e7f114c91341a715405c3933dd4783762cd74b9871e4918ba887f,word/document.xml:table_5:row_0,physical_table_first_row_or_explicit_header,序号 | 汽车生产企业名称 | 车辆型号 | 产品名称 | 纯电动续驶里程(km) | 燃料消耗量(L/100km) | 发动机排量(mL) | 整车整备质量(kg) | 动力蓄电池组总质量(kg) | 动力蓄电池组总能量(kWh) | 备注,
原件/免征目录/mf_batch55.doc,0457d0430e9e7f114c91341a715405c3933dd4783762cd74b9871e4918ba887f,word/document.xml:table_6:row_0,physical_table_first_row_or_explicit_header,序号 | 汽车生产企业名称 | 车辆型号 | 产品名称 | 纯电动续驶里程(km) | 燃料消耗量(L/100km) | 发动机排量(mL) | 整车整备质量(kg) | 动力蓄电池组总质量(kg) | 动力蓄电池组总能量(kWh) | 备注,
原件/免征目录/mf_batch55.doc,0457d0430e9e7f114c91341a715405c3933dd4783762cd74b9871e4918ba887f,word/document.xml:table_7:row_0,physical_table_first_row_or_explicit_header,序号 | 汽车生产企业名称 | 车辆型号 | 产品名称 | 纯电动续驶里程(km) | 燃料消耗量(L/100km) | 发动机排量(mL) | 整车整备质量(kg) | 动力蓄电池组总质量(kg) | 动力蓄电池组总能量(kWh) | 备注,
原件/免征目录/mf_batch55.doc,0457d0430e9e7f114c91341a715405c3933dd4783762cd74b9871e4918ba887f,word/document.xml:table_8:row_0,physical_table_first_row_or_explicit_header,序号 | 汽车生产企业名称 | 车辆型号 | 产品名称 | 纯电动续驶里程(km) | 整车整备质量(kg) | 燃料电池系统额定功率(kW) | 驱动电机额定功率(kW) | 备注,
原件/免征目录/mf_batch55.doc,0457d0430e9e7f114c91341a715405c3933dd4783762cd74b9871e4918ba887f,word/document.xml:table_9:row_0,physical_table_first_row_or_explicit_header,序号 | 汽车生产企业名称 | 车辆型号 | 产品名称 | 纯电动续驶里程(km) | 整车整备质量(kg) | 燃料电池系统额定功率(kW) | 驱动电机额定功率(kW) | 备注,
原件/免征目录/mf_batch55.doc,0457d0430e9e7f114c91341a715405c3933dd4783762cd74b9871e4918ba887f,word/document.xml:outside_table_paragraph_1,body_note_or_auxiliary_story,附件4,
原件/免征目录/mf_batch55.doc,0457d0430e9e7f114c91341a715405c3933dd4783762cd74b9871e4918ba887f,word/document.xml:outside_table_paragraph_3,body_note_or_auxiliary_story,免征车辆购置税的新能源汽车车型目录,
原件/免征目录/mf_batch55.doc,0457d0430e9e7f114c91341a715405c3933dd4783762cd74b9871e4918ba887f,word/document.xml:outside_table_paragraph_4,body_note_or_auxiliary_story,（第五十五批）,
原件/免征目录/mf_batch55.doc,0457d0430e9e7f114c91341a715405c3933dd4783762cd74b9871e4918ba887f,word/document.xml:outside_table_paragraph_6,body_note_or_auxiliary_story,一、纯电动汽车,
原件/免征目录/mf_batch55.doc,0457d0430e9e7f114c91341a715405c3933dd4783762cd74b9871e4918ba887f,word/document.xml:outside_table_paragraph_7,body_note_or_auxiliary_story,（一）乘用车,
原件/免征目录/mf_batch55.doc,0457d0430e9e7f114c91341a715405c3933dd4783762cd74b9871e4918ba887f,word/document.xml:outside_table_paragraph_387,body_note_or_auxiliary_story,（二）客车,
原件/免征目录/mf_batch55.doc,0457d0430e9e7f114c91341a715405c3933dd4783762cd74b9871e4918ba887f,word/document.xml:outside_table_paragraph_560,body_note_or_auxiliary_story,（三）货车,
原件/免征目录/mf_batch55.doc,0457d0430e9e7f114c91341a715405c3933dd4783762cd74b9871e4918ba887f,word/document.xml:outside_table_paragraph_791,body_note_or_auxiliary_story,（四）专用车,
原件/免征目录/mf_batch55.doc,0457d0430e9e7f114c91341a715405c3933dd4783762cd74b9871e4918ba887f,word/document.xml:outside_table_paragraph_1585,body_note_or_auxiliary_story,二、插电式混合动力汽车,
原件/免征目录/mf_batch55.doc,0457d0430e9e7f114c91341a715405c3933dd4783762cd74b9871e4918ba887f,word/document.xml:outside_table_paragraph_1586,body_note_or_auxiliary_story,（一）乘用车,
原件/免征目录/mf_batch55.doc,0457d0430e9e7f114c91341a715405c3933dd4783762cd74b9871e4918ba887f,word/document.xml:outside_table_paragraph_1697,body_note_or_auxiliary_story,注：插电式混合动力汽车燃料消耗量仅包括传统燃料/不含电能折算。,
原件/免征目录/mf_batch55.doc,0457d0430e9e7f114c91341a715405c3933dd4783762cd74b9871e4918ba887f,word/document.xml:outside_table_paragraph_1699,body_note_or_auxiliary_story,（二）客车,
原件/免征目录/mf_batch55.doc,0457d0430e9e7f114c91341a715405c3933dd4783762cd74b9871e4918ba887f,word/document.xml:outside_table_paragraph_1733,body_note_or_auxiliary_story,注：插电式混合动力汽车燃料消耗量仅包括传统燃料/不含电能折算。,
原件/免征目录/mf_batch55.doc,0457d0430e9e7f114c91341a715405c3933dd4783762cd74b9871e4918ba887f,word/document.xml:outside_table_paragraph_1735,body_note_or_auxiliary_story,（三）货车,
原件/免征目录/mf_batch55.doc,0457d0430e9e7f114c91341a715405c3933dd4783762cd74b9871e4918ba887f,word/document.xml:outside_table_paragraph_1769,body_note_or_auxiliary_story,注：插电式混合动力汽车燃料消耗量仅包括传统燃料/不含电能折算。,
原件/免征目录/mf_batch55.doc,0457d0430e9e7f114c91341a715405c3933dd4783762cd74b9871e4918ba887f,word/document.xml:outside_table_paragraph_1771,body_note_or_auxiliary_story,（四）专用车,
原件/免征目录/mf_batch55.doc,0457d0430e9e7f114c91341a715405c3933dd4783762cd74b9871e4918ba887f,word/document.xml:outside_table_paragraph_1849,body_note_or_auxiliary_story,注：插电式混合动力汽车燃料消耗量仅包括传统燃料/不含电能折算。,
原件/免征目录/mf_batch55.doc,0457d0430e9e7f114c91341a715405c3933dd4783762cd74b9871e4918ba887f,word/document.xml:outside_table_paragraph_1851,body_note_or_auxiliary_story,三、燃料电池汽车,
原件/免征目录/mf_batch55.doc,0457d0430e9e7f114c91341a715405c3933dd4783762cd74b9871e4918ba887f,word/document.xml:outside_table_paragraph_1852,body_note_or_auxiliary_story,（一）货车,
原件/免征目录/mf_batch55.doc,0457d0430e9e7f114c91341a715405c3933dd4783762cd74b9871e4918ba887f,word/document.xml:outside_table_paragraph_1908,body_note_or_auxiliary_story,（二）专用车,
原件/免征目录/mf_batch55.doc,0457d0430e9e7f114c91341a715405c3933dd4783762cd74b9871e4918ba887f,word/footer1.xml:outside_table_paragraph_1,body_note_or_auxiliary_story,1010,
原件/免征目录/mf_batch55.doc,0457d0430e9e7f114c91341a715405c3933dd4783762cd74b9871e4918ba887f,word/footer1.xml:outside_table_paragraph_2,body_note_or_auxiliary_story,10,
原件/免征目录/mf_batch55.doc,0457d0430e9e7f114c91341a715405c3933dd4783762cd74b9871e4918ba887f,word/footer1.xml:outside_table_paragraph_3,body_note_or_auxiliary_story,10,
原件/免征目录/mf_batch56.doc,cbffdc0819640e8f18c11a2a277b26b2e043c81406533457ff225f4df1c6c068,word/document.xml:table_0:row_0,physical_table_first_row_or_explicit_header,序号 | 汽车生产企业名称 | 车辆型号 | 通用名称 | 纯电动续驶里程(km) | 整车整备质量(kg) | 动力蓄电池组总质量(kg) | 动力蓄电池组总能量(kWh) | 备注,
原件/免征目录/mf_batch56.doc,cbffdc0819640e8f18c11a2a277b26b2e043c81406533457ff225f4df1c6c068,word/document.xml:table_1:row_0,physical_table_first_row_or_explicit_header,序号 | 汽车生产企业名称 | 车辆型号 | 产品名称 | 纯电动续驶里程(km) | 整车整备质量(kg) | 动力蓄电池组总质量(kg) | 动力蓄电池组总能量(kWh) | 备注,
原件/免征目录/mf_batch56.doc,cbffdc0819640e8f18c11a2a277b26b2e043c81406533457ff225f4df1c6c068,word/document.xml:table_2:row_0,physical_table_first_row_or_explicit_header,序号 | 汽车生产企业名称 | 车辆型号 | 产品名称 | 纯电动续驶里程(km) | 整车整备质量(kg) | 动力蓄电池组总质量(kg) | 动力蓄电池组总能量(kWh) | 备注,
原件/免征目录/mf_batch56.doc,cbffdc0819640e8f18c11a2a277b26b2e043c81406533457ff225f4df1c6c068,word/document.xml:table_3:row_0,physical_table_first_row_or_explicit_header,序号 | 汽车生产企业名称 | 车辆型号 | 产品名称 | 纯电动续驶里程(km) | 整车整备质量(kg) | 动力蓄电池组总质量(kg) | 动力蓄电池组总能量(kWh) | 备注,
原件/免征目录/mf_batch56.doc,cbffdc0819640e8f18c11a2a277b26b2e043c81406533457ff225f4df1c6c068,word/document.xml:table_4:row_0,physical_table_first_row_or_explicit_header,序号 | 汽车生产企业名称 | 车辆型号 | 通用名称 | 纯电动续驶里程(km) | 燃料消耗量(L/100km) | 发动机排量(mL) | 整车整备质量(kg) | 动力蓄电池组总质量(kg) | 动力蓄电池组总能量(kWh) | 备注,
原件/免征目录/mf_batch56.doc,cbffdc0819640e8f18c11a2a277b26b2e043c81406533457ff225f4df1c6c068,word/document.xml:table_5:row_0,physical_table_first_row_or_explicit_header,序号 | 汽车生产企业名称 | 车辆型号 | 产品名称 | 纯电动续驶里程(km) | 燃料消耗量(L/100km) | 发动机排量(mL) | 整车整备质量(kg) | 动力蓄电池组总质量(kg) | 动力蓄电池组总能量(kWh) | 备注,
原件/免征目录/mf_batch56.doc,cbffdc0819640e8f18c11a2a277b26b2e043c81406533457ff225f4df1c6c068,word/document.xml:table_6:row_0,physical_table_first_row_or_explicit_header,序号 | 汽车生产企业名称 | 车辆型号 | 产品名称 | 纯电动续驶里程(km) | 燃料消耗量(L/100km) | 发动机排量(mL) | 整车整备质量(kg) | 动力蓄电池组总质量(kg) | 动力蓄电池组总能量(kWh) | 备注,
原件/免征目录/mf_batch56.doc,cbffdc0819640e8f18c11a2a277b26b2e043c81406533457ff225f4df1c6c068,word/document.xml:table_7:row_0,physical_table_first_row_or_explicit_header,序号 | 汽车生产企业名称 | 车辆型号 | 产品名称 | 纯电动续驶里程(km) | 燃料消耗量(L/100km) | 发动机排量(mL) | 整车整备质量(kg) | 动力蓄电池组总质量(kg) | 动力蓄电池组总能量(kWh) | 备注,
原件/免征目录/mf_batch56.doc,cbffdc0819640e8f18c11a2a277b26b2e043c81406533457ff225f4df1c6c068,word/document.xml:table_8:row_0,physical_table_first_row_or_explicit_header,序号 | 汽车生产企业名称 | 车辆型号 | 通用名称 | 纯电动续驶里程(km) | 整车整备质量(kg) | 燃料电池系统额定功率(kW) | 驱动电机额定功率(kW) | 备注,
原件/免征目录/mf_batch56.doc,cbffdc0819640e8f18c11a2a277b26b2e043c81406533457ff225f4df1c6c068,word/document.xml:table_9:row_0,physical_table_first_row_or_explicit_header,序号 | 汽车生产企业名称 | 车辆型号 | 产品名称 | 纯电动续驶里程(km) | 整车整备质量(kg) | 燃料电池系统额定功率(kW) | 驱动电机额定功率(kW) | 备注,
原件/免征目录/mf_batch56.doc,cbffdc0819640e8f18c11a2a277b26b2e043c81406533457ff225f4df1c6c068,word/document.xml:table_10:row_0,physical_table_first_row_or_explicit_header,序号 | 汽车生产企业名称 | 车辆型号 | 产品名称 | 纯电动续驶里程(km) | 整车整备质量(kg) | 燃料电池系统额定功率(kW) | 驱动电机额定功率(kW) | 备注,
原件/免征目录/mf_batch56.doc,cbffdc0819640e8f18c11a2a277b26b2e043c81406533457ff225f4df1c6c068,word/document.xml:table_11:row_0,physical_table_first_row_or_explicit_header,序号 | 汽车生产企业名称 | 车辆型号 | 产品名称 | 纯电动续驶里程(km) | 整车整备质量(kg) | 燃料电池系统额定功率(kW) | 驱动电机额定功率(kW) | 备注,
原件/免征目录/mf_batch56.doc,cbffdc0819640e8f18c11a2a277b26b2e043c81406533457ff225f4df1c6c068,word/document.xml:table_12:row_0,physical_table_first_row_or_explicit_header,序号 | 变更前汽车生产企业名称 | 变更后汽车生产企业名称,
原件/免征目录/mf_batch56.doc,cbffdc0819640e8f18c11a2a277b26b2e043c81406533457ff225f4df1c6c068,word/document.xml:outside_table_paragraph_1,body_note_or_auxiliary_story,附件4,
原件/免征目录/mf_batch56.doc,cbffdc0819640e8f18c11a2a277b26b2e043c81406533457ff225f4df1c6c068,word/document.xml:outside_table_paragraph_3,body_note_or_auxiliary_story,免征车辆购置税的新能源汽车车型目录,
原件/免征目录/mf_batch56.doc,cbffdc0819640e8f18c11a2a277b26b2e043c81406533457ff225f4df1c6c068,word/document.xml:outside_table_paragraph_4,body_note_or_auxiliary_story,（第五十六批）,
原件/免征目录/mf_batch56.doc,cbffdc0819640e8f18c11a2a277b26b2e043c81406533457ff225f4df1c6c068,word/document.xml:outside_table_paragraph_6,body_note_or_auxiliary_story,一、纯电动汽车,
原件/免征目录/mf_batch56.doc,cbffdc0819640e8f18c11a2a277b26b2e043c81406533457ff225f4df1c6c068,word/document.xml:outside_table_paragraph_7,body_note_or_auxiliary_story,（一）乘用车,
原件/免征目录/mf_batch56.doc,cbffdc0819640e8f18c11a2a277b26b2e043c81406533457ff225f4df1c6c068,word/document.xml:outside_table_paragraph_432,body_note_or_auxiliary_story,（二）客车,
原件/免征目录/mf_batch56.doc,cbffdc0819640e8f18c11a2a277b26b2e043c81406533457ff225f4df1c6c068,word/document.xml:outside_table_paragraph_596,body_note_or_auxiliary_story,（三）货车,
原件/免征目录/mf_batch56.doc,cbffdc0819640e8f18c11a2a277b26b2e043c81406533457ff225f4df1c6c068,word/document.xml:outside_table_paragraph_1075,body_note_or_auxiliary_story,（四）专用车,
原件/免征目录/mf_batch56.doc,cbffdc0819640e8f18c11a2a277b26b2e043c81406533457ff225f4df1c6c068,word/document.xml:outside_table_paragraph_2058,body_note_or_auxiliary_story,二、插电式混合动力汽车,
原件/免征目录/mf_batch56.doc,cbffdc0819640e8f18c11a2a277b26b2e043c81406533457ff225f4df1c6c068,word/document.xml:outside_table_paragraph_2059,body_note_or_auxiliary_story,（一）乘用车,
原件/免征目录/mf_batch56.doc,cbffdc0819640e8f18c11a2a277b26b2e043c81406533457ff225f4df1c6c068,word/document.xml:outside_table_paragraph_2192,body_note_or_auxiliary_story,注：插电式混合动力汽车燃料消耗量仅包括传统燃料/不含电能折算。,
原件/免征目录/mf_batch56.doc,cbffdc0819640e8f18c11a2a277b26b2e043c81406533457ff225f4df1c6c068,word/document.xml:outside_table_paragraph_2194,body_note_or_auxiliary_story,（二）客车,
原件/免征目录/mf_batch56.doc,cbffdc0819640e8f18c11a2a277b26b2e043c81406533457ff225f4df1c6c068,word/document.xml:outside_table_paragraph_2217,body_note_or_auxiliary_story,注：插电式混合动力汽车燃料消耗量仅包括传统燃料/不含电能折算。,
原件/免征目录/mf_batch56.doc,cbffdc0819640e8f18c11a2a277b26b2e043c81406533457ff225f4df1c6c068,word/document.xml:outside_table_paragraph_2219,body_note_or_auxiliary_story,（三）货车,
原件/免征目录/mf_batch56.doc,cbffdc0819640e8f18c11a2a277b26b2e043c81406533457ff225f4df1c6c068,word/document.xml:outside_table_paragraph_2242,body_note_or_auxiliary_story,注：插电式混合动力汽车燃料消耗量仅包括传统燃料/不含电能折算。,
原件/免征目录/mf_batch56.doc,cbffdc0819640e8f18c11a2a277b26b2e043c81406533457ff225f4df1c6c068,word/document.xml:outside_table_paragraph_2244,body_note_or_auxiliary_story,（四）专用车,
原件/免征目录/mf_batch56.doc,cbffdc0819640e8f18c11a2a277b26b2e043c81406533457ff225f4df1c6c068,word/document.xml:outside_table_paragraph_2344,body_note_or_auxiliary_story,注：插电式混合动力汽车燃料消耗量仅包括传统燃料/不含电能折算。,
原件/免征目录/mf_batch56.doc,cbffdc0819640e8f18c11a2a277b26b2e043c81406533457ff225f4df1c6c068,word/document.xml:outside_table_paragraph_2345,body_note_or_auxiliary_story,三、燃料电池汽车,
原件/免征目录/mf_batch56.doc,cbffdc0819640e8f18c11a2a277b26b2e043c81406533457ff225f4df1c6c068,word/document.xml:outside_table_paragraph_2346,body_note_or_auxiliary_story,（一）乘用车,
原件/免征目录/mf_batch56.doc,cbffdc0819640e8f18c11a2a277b26b2e043c81406533457ff225f4df1c6c068,word/document.xml:outside_table_paragraph_2366,body_note_or_auxiliary_story,（二）客车,
原件/免征目录/mf_batch56.doc,cbffdc0819640e8f18c11a2a277b26b2e043c81406533457ff225f4df1c6c068,word/document.xml:outside_table_paragraph_2404,body_note_or_auxiliary_story,（三）货车,
原件/免征目录/mf_batch56.doc,cbffdc0819640e8f18c11a2a277b26b2e043c81406533457ff225f4df1c6c068,word/document.xml:outside_table_paragraph_2487,body_note_or_auxiliary_story,（四）专用车,
原件/免征目录/mf_batch56.doc,cbffdc0819640e8f18c11a2a277b26b2e043c81406533457ff225f4df1c6c068,word/document.xml:outside_table_paragraph_2606,body_note_or_auxiliary_story,四、汽车生产企业名称变更名单,
原件/免征目录/mf_batch56.doc,cbffdc0819640e8f18c11a2a277b26b2e043c81406533457ff225f4df1c6c068,word/footer1.xml:outside_table_paragraph_1,body_note_or_auxiliary_story,99,
原件/免征目录/mf_batch56.doc,cbffdc0819640e8f18c11a2a277b26b2e043c81406533457ff225f4df1c6c068,word/footer1.xml:outside_table_paragraph_2,body_note_or_auxiliary_story,9,
原件/免征目录/mf_batch56.doc,cbffdc0819640e8f18c11a2a277b26b2e043c81406533457ff225f4df1c6c068,word/footer1.xml:outside_table_paragraph_3,body_note_or_auxiliary_story,9,
原件/免征目录/mf_batch56.doc,cbffdc0819640e8f18c11a2a277b26b2e043c81406533457ff225f4df1c6c068,word/footer2.xml:outside_table_paragraph_1,body_note_or_auxiliary_story,1111,
原件/免征目录/mf_batch56.doc,cbffdc0819640e8f18c11a2a277b26b2e043c81406533457ff225f4df1c6c068,word/footer2.xml:outside_table_paragraph_2,body_note_or_auxiliary_story,11,
原件/免征目录/mf_batch56.doc,cbffdc0819640e8f18c11a2a277b26b2e043c81406533457ff225f4df1c6c068,word/footer2.xml:outside_table_paragraph_3,body_note_or_auxiliary_story,11,
原件/免征目录/mf_batch56.doc,cbffdc0819640e8f18c11a2a277b26b2e043c81406533457ff225f4df1c6c068,word/footer4.xml:outside_table_paragraph_1,body_note_or_auxiliary_story,1313,
原件/免征目录/mf_batch56.doc,cbffdc0819640e8f18c11a2a277b26b2e043c81406533457ff225f4df1c6c068,word/footer4.xml:outside_table_paragraph_2,body_note_or_auxiliary_story,13,
原件/免征目录/mf_batch56.doc,cbffdc0819640e8f18c11a2a277b26b2e043c81406533457ff225f4df1c6c068,word/footer4.xml:outside_table_paragraph_3,body_note_or_auxiliary_story,13,
原件/免征目录/mf_batch56.doc,cbffdc0819640e8f18c11a2a277b26b2e043c81406533457ff225f4df1c6c068,word/footer6.xml:outside_table_paragraph_1,body_note_or_auxiliary_story,1414,
原件/免征目录/mf_batch56.doc,cbffdc0819640e8f18c11a2a277b26b2e043c81406533457ff225f4df1c6c068,word/footer6.xml:outside_table_paragraph_2,body_note_or_auxiliary_story,14,
原件/免征目录/mf_batch56.doc,cbffdc0819640e8f18c11a2a277b26b2e043c81406533457ff225f4df1c6c068,word/footer6.xml:outside_table_paragraph_3,body_note_or_auxiliary_story,14,
原件/免征目录/mf_batch57.doc,96d9708a19952b23d71fc40e9976a33ae30ca118226a032954a93ab36f355f21,word/document.xml:table_0:row_0,physical_table_first_row_or_explicit_header,序号 | 汽车生产企业名称 | 车辆型号 | 通用名称 | 纯电动续驶里程(km) | 整车整备质量(kg) | 动力蓄电池组总质量(kg) | 动力蓄电池组总能量(kWh) | 备注,
原件/免征目录/mf_batch57.doc,96d9708a19952b23d71fc40e9976a33ae30ca118226a032954a93ab36f355f21,word/document.xml:table_1:row_0,physical_table_first_row_or_explicit_header,序号 | 汽车生产企业名称 | 车辆型号 | 产品名称 | 纯电动续驶里程(km) | 整车整备质量(kg) | 动力蓄电池组总质量(kg) | 动力蓄电池组总能量(kWh) | 备注,
原件/免征目录/mf_batch57.doc,96d9708a19952b23d71fc40e9976a33ae30ca118226a032954a93ab36f355f21,word/document.xml:table_2:row_0,physical_table_first_row_or_explicit_header,序号 | 汽车生产企业名称 | 车辆型号 | 产品名称 | 纯电动续驶里程(km) | 整车整备质量(kg) | 动力蓄电池组总质量(kg) | 动力蓄电池组总能量(kWh) | 备注,
原件/免征目录/mf_batch57.doc,96d9708a19952b23d71fc40e9976a33ae30ca118226a032954a93ab36f355f21,word/document.xml:table_3:row_0,physical_table_first_row_or_explicit_header,序号 | 汽车生产企业名称 | 车辆型号 | 产品名称 | 纯电动续驶里程(km) | 整车整备质量(kg) | 动力蓄电池组总质量(kg) | 动力蓄电池组总能量(kWh) | 备注,
原件/免征目录/mf_batch57.doc,96d9708a19952b23d71fc40e9976a33ae30ca118226a032954a93ab36f355f21,word/document.xml:table_4:row_0,physical_table_first_row_or_explicit_header,序号 | 汽车生产企业名称 | 车辆型号 | 通用名称 | 纯电动续驶里程(km) | 燃料消耗量(L/100km) | 发动机排量(mL) | 整车整备质量(kg) | 动力蓄电池组总质量(kg) | 动力蓄电池组总能量(kWh) | 备注,
原件/免征目录/mf_batch57.doc,96d9708a19952b23d71fc40e9976a33ae30ca118226a032954a93ab36f355f21,word/document.xml:table_5:row_0,physical_table_first_row_or_explicit_header,序号 | 汽车生产企业名称 | 车辆型号 | 产品名称 | 纯电动续驶里程(km) | 燃料消耗量(L/100km) | 发动机排量(mL) | 整车整备质量(kg) | 动力蓄电池组总质量(kg) | 动力蓄电池组总能量(kWh） | 备注,
原件/免征目录/mf_batch57.doc,96d9708a19952b23d71fc40e9976a33ae30ca118226a032954a93ab36f355f21,word/document.xml:table_6:row_0,physical_table_first_row_or_explicit_header,序号 | 汽车生产企业名称 | 车辆型号 | 产品名称 | 纯电动续驶里程(km) | 燃料消耗量(L/100km) | 发动机排量(mL) | 整车整备质量(kg) | 动力蓄电池组总质量(kg) | 动力蓄电池组总能量(kWh) | 备注,
原件/免征目录/mf_batch57.doc,96d9708a19952b23d71fc40e9976a33ae30ca118226a032954a93ab36f355f21,word/document.xml:table_7:row_0,physical_table_first_row_or_explicit_header,序号 | 汽车生产企业名称 | 车辆型号 | 通用名称 | 纯电动续驶里程(km) | 整车整备质量(kg) | 燃料电池系统额定功率(kW) | 驱动电机额定功率(kW) | 备注,
原件/免征目录/mf_batch57.doc,96d9708a19952b23d71fc40e9976a33ae30ca118226a032954a93ab36f355f21,word/document.xml:table_8:row_0,physical_table_first_row_or_explicit_header,序号 | 汽车生产企业名称 | 车辆型号 | 产品名称 | 纯电动续驶里程(km) | 整车整备质量(kg) | 燃料电池系统额定功率(kW) | 驱动电机额定功率(kW) | 备注,
原件/免征目录/mf_batch57.doc,96d9708a19952b23d71fc40e9976a33ae30ca118226a032954a93ab36f355f21,word/document.xml:table_9:row_0,physical_table_first_row_or_explicit_header,序号 | 汽车生产企业名称 | 车辆型号 | 产品名称 | 纯电动续驶里程(km) | 整车整备质量(kg) | 燃料电池系统额定功率(kW) | 驱动电机额定功率(kW) | 备注,
原件/免征目录/mf_batch57.doc,96d9708a19952b23d71fc40e9976a33ae30ca118226a032954a93ab36f355f21,word/document.xml:table_10:row_0,physical_table_first_row_or_explicit_header,序号 | 汽车生产企业名称 | 车辆型号 | 产品名称 | 纯电动续驶里程(km) | 整车整备质量(kg) | 燃料电池系统额定功率(kW) | 驱动电机额定功率(kW) | 备注,
原件/免征目录/mf_batch57.doc,96d9708a19952b23d71fc40e9976a33ae30ca118226a032954a93ab36f355f21,word/document.xml:table_11:row_0,physical_table_first_row_or_explicit_header,序号 | 变更前汽车生产企业名称 | 变更后汽车生产企业名称,
原件/免征目录/mf_batch57.doc,96d9708a19952b23d71fc40e9976a33ae30ca118226a032954a93ab36f355f21,word/document.xml:outside_table_paragraph_1,body_note_or_auxiliary_story,附件4,
原件/免征目录/mf_batch57.doc,96d9708a19952b23d71fc40e9976a33ae30ca118226a032954a93ab36f355f21,word/document.xml:outside_table_paragraph_3,body_note_or_auxiliary_story,免征车辆购置税的新能源汽车车型目录,
原件/免征目录/mf_batch57.doc,96d9708a19952b23d71fc40e9976a33ae30ca118226a032954a93ab36f355f21,word/document.xml:outside_table_paragraph_4,body_note_or_auxiliary_story,（第五十七批）,
原件/免征目录/mf_batch57.doc,96d9708a19952b23d71fc40e9976a33ae30ca118226a032954a93ab36f355f21,word/document.xml:outside_table_paragraph_6,body_note_or_auxiliary_story,一、纯电动汽车,
原件/免征目录/mf_batch57.doc,96d9708a19952b23d71fc40e9976a33ae30ca118226a032954a93ab36f355f21,word/document.xml:outside_table_paragraph_7,body_note_or_auxiliary_story,（一）乘用车,
原件/免征目录/mf_batch57.doc,96d9708a19952b23d71fc40e9976a33ae30ca118226a032954a93ab36f355f21,word/document.xml:outside_table_paragraph_405,body_note_or_auxiliary_story,（二）客车,
原件/免征目录/mf_batch57.doc,96d9708a19952b23d71fc40e9976a33ae30ca118226a032954a93ab36f355f21,word/document.xml:outside_table_paragraph_650,body_note_or_auxiliary_story,（三）货车,
原件/免征目录/mf_batch57.doc,96d9708a19952b23d71fc40e9976a33ae30ca118226a032954a93ab36f355f21,word/document.xml:outside_table_paragraph_1012,body_note_or_auxiliary_story,（四）专用车,
原件/免征目录/mf_batch57.doc,96d9708a19952b23d71fc40e9976a33ae30ca118226a032954a93ab36f355f21,word/document.xml:outside_table_paragraph_2319,body_note_or_auxiliary_story,二、插电式混合动力汽车,
原件/免征目录/mf_batch57.doc,96d9708a19952b23d71fc40e9976a33ae30ca118226a032954a93ab36f355f21,word/document.xml:outside_table_paragraph_2320,body_note_or_auxiliary_story,（一）乘用车,
原件/免征目录/mf_batch57.doc,96d9708a19952b23d71fc40e9976a33ae30ca118226a032954a93ab36f355f21,word/document.xml:outside_table_paragraph_2409,body_note_or_auxiliary_story,注：插电式混合动力汽车燃料消耗量仅包括传统燃料/不含电能折算。,
原件/免征目录/mf_batch57.doc,96d9708a19952b23d71fc40e9976a33ae30ca118226a032954a93ab36f355f21,word/document.xml:outside_table_paragraph_2411,body_note_or_auxiliary_story,（二）货车,
原件/免征目录/mf_batch57.doc,96d9708a19952b23d71fc40e9976a33ae30ca118226a032954a93ab36f355f21,word/document.xml:outside_table_paragraph_2434,body_note_or_auxiliary_story,注：插电式混合动力汽车燃料消耗量仅包括传统燃料/不含电能折算。,
原件/免征目录/mf_batch57.doc,96d9708a19952b23d71fc40e9976a33ae30ca118226a032954a93ab36f355f21,word/document.xml:outside_table_paragraph_2436,body_note_or_auxiliary_story,（三）专用车,
原件/免征目录/mf_batch57.doc,96d9708a19952b23d71fc40e9976a33ae30ca118226a032954a93ab36f355f21,word/document.xml:outside_table_paragraph_2459,body_note_or_auxiliary_story,注：插电式混合动力汽车燃料消耗量仅包括传统燃料/不含电能折算。,
原件/免征目录/mf_batch57.doc,96d9708a19952b23d71fc40e9976a33ae30ca118226a032954a93ab36f355f21,word/document.xml:outside_table_paragraph_2461,body_note_or_auxiliary_story,三、燃料电池汽车,
原件/免征目录/mf_batch57.doc,96d9708a19952b23d71fc40e9976a33ae30ca118226a032954a93ab36f355f21,word/document.xml:outside_table_paragraph_2462,body_note_or_auxiliary_story,（一）乘用车,
原件/免征目录/mf_batch57.doc,96d9708a19952b23d71fc40e9976a33ae30ca118226a032954a93ab36f355f21,word/document.xml:outside_table_paragraph_2482,body_note_or_auxiliary_story,（二）客车,
原件/免征目录/mf_batch57.doc,96d9708a19952b23d71fc40e9976a33ae30ca118226a032954a93ab36f355f21,word/document.xml:outside_table_paragraph_2547,body_note_or_auxiliary_story,（三）货车,
原件/免征目录/mf_batch57.doc,96d9708a19952b23d71fc40e9976a33ae30ca118226a032954a93ab36f355f21,word/document.xml:outside_table_paragraph_2621,body_note_or_auxiliary_story,（四）专用车,
原件/免征目录/mf_batch57.doc,96d9708a19952b23d71fc40e9976a33ae30ca118226a032954a93ab36f355f21,word/document.xml:outside_table_paragraph_2785,body_note_or_auxiliary_story,四、汽车生产企业名称变更名单,
原件/免征目录/mf_batch57.doc,96d9708a19952b23d71fc40e9976a33ae30ca118226a032954a93ab36f355f21,word/footer1.xml:outside_table_paragraph_1,body_note_or_auxiliary_story,1515,
原件/免征目录/mf_batch57.doc,96d9708a19952b23d71fc40e9976a33ae30ca118226a032954a93ab36f355f21,word/footer1.xml:outside_table_paragraph_2,body_note_or_auxiliary_story,15,
原件/免征目录/mf_batch57.doc,96d9708a19952b23d71fc40e9976a33ae30ca118226a032954a93ab36f355f21,word/footer1.xml:outside_table_paragraph_3,body_note_or_auxiliary_story,15,
原件/免征目录/mf_batch57.doc,96d9708a19952b23d71fc40e9976a33ae30ca118226a032954a93ab36f355f21,word/footer2.xml:outside_table_paragraph_1,body_note_or_auxiliary_story,1616,
原件/免征目录/mf_batch57.doc,96d9708a19952b23d71fc40e9976a33ae30ca118226a032954a93ab36f355f21,word/footer2.xml:outside_table_paragraph_2,body_note_or_auxiliary_story,16,
原件/免征目录/mf_batch57.doc,96d9708a19952b23d71fc40e9976a33ae30ca118226a032954a93ab36f355f21,word/footer2.xml:outside_table_paragraph_3,body_note_or_auxiliary_story,16,
原件/免征目录/mf_batch58.doc,b642358bb3078d2dde909a798935c0c1fc75d90f22b33f7c48aa87209acc100d,word/document.xml:table_0:row_0,physical_table_first_row_or_explicit_header,序号 | 汽车生产企业名称 | 车辆型号 | 通用名称 | 纯电动续驶里程(km) | 整车整备质量(kg) | 动力蓄电池组总质量(kg) | 动力蓄电池组总能量(kWh) | 备注,
原件/免征目录/mf_batch58.doc,b642358bb3078d2dde909a798935c0c1fc75d90f22b33f7c48aa87209acc100d,word/document.xml:table_1:row_0,physical_table_first_row_or_explicit_header,序号 | 汽车生产企业名称 | 车辆型号 | 产品名称 | 纯电动续驶里程(km) | 整车整备质量(kg) | 动力蓄电池组总质量(kg) | 动力蓄电池组总能量(kWh) | 备注,
原件/免征目录/mf_batch58.doc,b642358bb3078d2dde909a798935c0c1fc75d90f22b33f7c48aa87209acc100d,word/document.xml:table_2:row_0,physical_table_first_row_or_explicit_header,序号 | 汽车生产企业名称 | 车辆型号 | 产品名称 | 纯电动续驶里程(km) | 整车整备质量(kg) | 动力蓄电池组总质量(kg) | 动力蓄电池组总能量(kWh) | 备注,
原件/免征目录/mf_batch58.doc,b642358bb3078d2dde909a798935c0c1fc75d90f22b33f7c48aa87209acc100d,word/document.xml:table_3:row_0,physical_table_first_row_or_explicit_header,序号 | 汽车生产企业名称 | 车辆型号 | 产品名称 | 纯电动续驶里程(km) | 整车整备质量(kg) | 动力蓄电池组总质量(kg) | 动力蓄电池组总能量(kWh) | 备注,
原件/免征目录/mf_batch58.doc,b642358bb3078d2dde909a798935c0c1fc75d90f22b33f7c48aa87209acc100d,word/document.xml:table_4:row_0,physical_table_first_row_or_explicit_header,序号 | 汽车生产企业名称 | 车辆型号 | 通用名称 | 纯电动续驶里程(km) | 燃料消耗量(L/100km) | 发动机排量(mL) | 整车整备质量(kg) | 动力蓄电池组总质量(kg) | 动力蓄电池组总能量(kWh) | 备注,
原件/免征目录/mf_batch58.doc,b642358bb3078d2dde909a798935c0c1fc75d90f22b33f7c48aa87209acc100d,word/document.xml:table_5:row_0,physical_table_first_row_or_explicit_header,序号 | 汽车生产企业名称 | 车辆型号 | 产品名称 | 纯电动续驶里程(km) | 燃料消耗量(L/100km) | 发动机排量(mL) | 整车整备质量(kg) | 动力蓄电池组总质量(kg) | 动力蓄电池组总能量(kWh) | 备注,
原件/免征目录/mf_batch58.doc,b642358bb3078d2dde909a798935c0c1fc75d90f22b33f7c48aa87209acc100d,word/document.xml:table_6:row_0,physical_table_first_row_or_explicit_header,序号 | 汽车生产企业名称 | 车辆型号 | 产品名称 | 纯电动续驶里程(km) | 整车整备质量(kg) | 燃料电池系统额定功率(kW) | 驱动电机额定功率(kW) | 备注,
原件/免征目录/mf_batch58.doc,b642358bb3078d2dde909a798935c0c1fc75d90f22b33f7c48aa87209acc100d,word/document.xml:table_7:row_0,physical_table_first_row_or_explicit_header,序号 | 汽车生产企业名称 | 车辆型号 | 产品名称 | 纯电动续驶里程(km) | 整车整备质量(kg) | 燃料电池系统额定功率(kW) | 驱动电机额定功率(kW) | 备注,
原件/免征目录/mf_batch58.doc,b642358bb3078d2dde909a798935c0c1fc75d90f22b33f7c48aa87209acc100d,word/document.xml:table_8:row_0,physical_table_first_row_or_explicit_header,序号 | 汽车生产企业名称 | 车辆型号 | 产品名称 | 纯电动续驶里程(km) | 整车整备质量(kg) | 燃料电池系统额定功率(kW) | 驱动电机额定功率(kW) | 备注,
原件/免征目录/mf_batch58.doc,b642358bb3078d2dde909a798935c0c1fc75d90f22b33f7c48aa87209acc100d,word/document.xml:table_9:row_0,physical_table_first_row_or_explicit_header,序号 | 变更前汽车生产企业名称 | 变更后汽车生产企业名称,
原件/免征目录/mf_batch58.doc,b642358bb3078d2dde909a798935c0c1fc75d90f22b33f7c48aa87209acc100d,word/document.xml:outside_table_paragraph_1,body_note_or_auxiliary_story,附件4,
原件/免征目录/mf_batch58.doc,b642358bb3078d2dde909a798935c0c1fc75d90f22b33f7c48aa87209acc100d,word/document.xml:outside_table_paragraph_3,body_note_or_auxiliary_story,免征车辆购置税的新能源汽车车型目录,
原件/免征目录/mf_batch58.doc,b642358bb3078d2dde909a798935c0c1fc75d90f22b33f7c48aa87209acc100d,word/document.xml:outside_table_paragraph_4,body_note_or_auxiliary_story,（第五十八批）,
原件/免征目录/mf_batch58.doc,b642358bb3078d2dde909a798935c0c1fc75d90f22b33f7c48aa87209acc100d,word/document.xml:outside_table_paragraph_6,body_note_or_auxiliary_story,一、纯电动汽车,
原件/免征目录/mf_batch58.doc,b642358bb3078d2dde909a798935c0c1fc75d90f22b33f7c48aa87209acc100d,word/document.xml:outside_table_paragraph_7,body_note_or_auxiliary_story,（一）乘用车,
原件/免征目录/mf_batch58.doc,b642358bb3078d2dde909a798935c0c1fc75d90f22b33f7c48aa87209acc100d,word/document.xml:outside_table_paragraph_225,body_note_or_auxiliary_story,（二）客车,
原件/免征目录/mf_batch58.doc,b642358bb3078d2dde909a798935c0c1fc75d90f22b33f7c48aa87209acc100d,word/document.xml:outside_table_paragraph_443,body_note_or_auxiliary_story,（三）货车,
原件/免征目录/mf_batch58.doc,b642358bb3078d2dde909a798935c0c1fc75d90f22b33f7c48aa87209acc100d,word/document.xml:outside_table_paragraph_715,body_note_or_auxiliary_story,（四）专用车,
原件/免征目录/mf_batch58.doc,b642358bb3078d2dde909a798935c0c1fc75d90f22b33f7c48aa87209acc100d,word/document.xml:outside_table_paragraph_1707,body_note_or_auxiliary_story,二、插电式混合动力汽车,
原件/免征目录/mf_batch58.doc,b642358bb3078d2dde909a798935c0c1fc75d90f22b33f7c48aa87209acc100d,word/document.xml:outside_table_paragraph_1708,body_note_or_auxiliary_story,（一）乘用车,
原件/免征目录/mf_batch58.doc,b642358bb3078d2dde909a798935c0c1fc75d90f22b33f7c48aa87209acc100d,word/document.xml:outside_table_paragraph_1786,body_note_or_auxiliary_story,注：插电式混合动力汽车燃料消耗量仅包括传统燃料/不含电能折算。,
原件/免征目录/mf_batch58.doc,b642358bb3078d2dde909a798935c0c1fc75d90f22b33f7c48aa87209acc100d,word/document.xml:outside_table_paragraph_1788,body_note_or_auxiliary_story,（二）货车,
原件/免征目录/mf_batch58.doc,b642358bb3078d2dde909a798935c0c1fc75d90f22b33f7c48aa87209acc100d,word/document.xml:outside_table_paragraph_1822,body_note_or_auxiliary_story,注：插电式混合动力汽车燃料消耗量仅包括传统燃料/不含电能折算。,
原件/免征目录/mf_batch58.doc,b642358bb3078d2dde909a798935c0c1fc75d90f22b33f7c48aa87209acc100d,word/document.xml:outside_table_paragraph_1824,body_note_or_auxiliary_story,三、燃料电池汽车,
原件/免征目录/mf_batch58.doc,b642358bb3078d2dde909a798935c0c1fc75d90f22b33f7c48aa87209acc100d,word/document.xml:outside_table_paragraph_1825,body_note_or_auxiliary_story,（一）客车,
原件/免征目录/mf_batch58.doc,b642358bb3078d2dde909a798935c0c1fc75d90f22b33f7c48aa87209acc100d,word/document.xml:outside_table_paragraph_1881,body_note_or_auxiliary_story,（二）货车,
原件/免征目录/mf_batch58.doc,b642358bb3078d2dde909a798935c0c1fc75d90f22b33f7c48aa87209acc100d,word/document.xml:outside_table_paragraph_1946,body_note_or_auxiliary_story,（三）专用车,
原件/免征目录/mf_batch58.doc,b642358bb3078d2dde909a798935c0c1fc75d90f22b33f7c48aa87209acc100d,word/document.xml:outside_table_paragraph_2083,body_note_or_auxiliary_story,四、汽车生产企业名称变更名单,
原件/免征目录/mf_batch58.doc,b642358bb3078d2dde909a798935c0c1fc75d90f22b33f7c48aa87209acc100d,word/footer1.xml:outside_table_paragraph_1,body_note_or_auxiliary_story,1010,
原件/免征目录/mf_batch58.doc,b642358bb3078d2dde909a798935c0c1fc75d90f22b33f7c48aa87209acc100d,word/footer1.xml:outside_table_paragraph_2,body_note_or_auxiliary_story,10,
原件/免征目录/mf_batch58.doc,b642358bb3078d2dde909a798935c0c1fc75d90f22b33f7c48aa87209acc100d,word/footer1.xml:outside_table_paragraph_3,body_note_or_auxiliary_story,10,
原件/免征目录/mf_batch58.doc,b642358bb3078d2dde909a798935c0c1fc75d90f22b33f7c48aa87209acc100d,word/footer2.xml:outside_table_paragraph_1,body_note_or_auxiliary_story,1111,
原件/免征目录/mf_batch58.doc,b642358bb3078d2dde909a798935c0c1fc75d90f22b33f7c48aa87209acc100d,word/footer2.xml:outside_table_paragraph_2,body_note_or_auxiliary_story,11,
原件/免征目录/mf_batch58.doc,b642358bb3078d2dde909a798935c0c1fc75d90f22b33f7c48aa87209acc100d,word/footer2.xml:outside_table_paragraph_3,body_note_or_auxiliary_story,11,
原件/免征目录/mf_batch59.doc,32738e2df847e0c74ff96d48b8a13e1dd9c31aee84b7c0a633e2d9c8a3e01f86,word/document.xml:table_0:row_0,physical_table_first_row_or_explicit_header,序号 | 汽车生产企业名称 | 车辆型号 | 通用名称 | 纯电动续驶里程(km) | 整车整备质量(kg) | 动力蓄电池组总质量(kg) | 动力蓄电池组总能量(kWh) | 备注,
原件/免征目录/mf_batch59.doc,32738e2df847e0c74ff96d48b8a13e1dd9c31aee84b7c0a633e2d9c8a3e01f86,word/document.xml:table_1:row_0,physical_table_first_row_or_explicit_header,序号 | 汽车生产企业名称 | 车辆型号 | 产品名称 | 纯电动续驶里程(km) | 整车整备质量(kg) | 动力蓄电池组总质量(kg) | 动力蓄电池组总能量(kWh) | 备注,
原件/免征目录/mf_batch59.doc,32738e2df847e0c74ff96d48b8a13e1dd9c31aee84b7c0a633e2d9c8a3e01f86,word/document.xml:table_2:row_0,physical_table_first_row_or_explicit_header,序号 | 汽车生产企业名称 | 车辆型号 | 产品名称 | 纯电动续驶里程(km) | 整车整备质量(kg) | 动力蓄电池组总质量(kg) | 动力蓄电池组总能量(kWh) | 备注,
原件/免征目录/mf_batch59.doc,32738e2df847e0c74ff96d48b8a13e1dd9c31aee84b7c0a633e2d9c8a3e01f86,word/document.xml:table_3:row_0,physical_table_first_row_or_explicit_header,序号 | 汽车生产企业名称 | 车辆型号 | 产品名称 | 纯电动续驶里程(km) | 整车整备质量(kg) | 动力蓄电池组总质量(kg) | 动力蓄电池组总能量(kWh) | 备注,
原件/免征目录/mf_batch59.doc,32738e2df847e0c74ff96d48b8a13e1dd9c31aee84b7c0a633e2d9c8a3e01f86,word/document.xml:table_4:row_0,physical_table_first_row_or_explicit_header,序号 | 汽车生产企业名称 | 车辆型号 | 通用名称 | 纯电动续驶里程(km) | 燃料消耗量(L/100km) | 发动机排量(mL) | 整车整备质量(kg) | 动力蓄电池组总质量(kg) | 动力蓄电池组总能量(kWh) | 备注,
原件/免征目录/mf_batch59.doc,32738e2df847e0c74ff96d48b8a13e1dd9c31aee84b7c0a633e2d9c8a3e01f86,word/document.xml:table_5:row_0,physical_table_first_row_or_explicit_header,序号 | 汽车生产企业名称 | 车辆型号 | 产品名称 | 纯电动续驶里程(km) | 燃料消耗量(L/100km) | 发动机排量(mL) | 整车整备质量(kg) | 动力蓄电池组总质量(kg) | 动力蓄电池组总能量(kWh) | 备注,
原件/免征目录/mf_batch59.doc,32738e2df847e0c74ff96d48b8a13e1dd9c31aee84b7c0a633e2d9c8a3e01f86,word/document.xml:table_6:row_0,physical_table_first_row_or_explicit_header,序号 | 汽车生产企业名称 | 车辆型号 | 产品名称 | 纯电动续驶里程(km) | 燃料消耗量(L/100km) | 发动机排量(mL) | 整车整备质量(kg) | 动力蓄电池组总质量(kg) | 动力蓄电池组总能量(kWh) | 备注,
原件/免征目录/mf_batch59.doc,32738e2df847e0c74ff96d48b8a13e1dd9c31aee84b7c0a633e2d9c8a3e01f86,word/document.xml:table_7:row_0,physical_table_first_row_or_explicit_header,序号 | 汽车生产企业名称 | 车辆型号 | 产品名称 | 纯电动续驶里程(km) | 整车整备质量(kg) | 燃料电池系统额定功率(kW) | 驱动电机额定功率(kW) | 备注,
原件/免征目录/mf_batch59.doc,32738e2df847e0c74ff96d48b8a13e1dd9c31aee84b7c0a633e2d9c8a3e01f86,word/document.xml:table_8:row_0,physical_table_first_row_or_explicit_header,序号 | 汽车生产企业名称 | 车辆型号 | 产品名称 | 纯电动续驶里程(km) | 整车整备质量(kg) | 燃料电池系统额定功率(kW) | 驱动电机额定功率(kW) | 备注,
原件/免征目录/mf_batch59.doc,32738e2df847e0c74ff96d48b8a13e1dd9c31aee84b7c0a633e2d9c8a3e01f86,word/document.xml:table_9:row_0,physical_table_first_row_or_explicit_header,序号 | 汽车生产企业名称 | 车辆型号 | 产品名称 | 纯电动续驶里程(km) | 整车整备质量(kg) | 燃料电池系统额定功率(kW) | 驱动电机额定功率(kW) | 备注,
原件/免征目录/mf_batch59.doc,32738e2df847e0c74ff96d48b8a13e1dd9c31aee84b7c0a633e2d9c8a3e01f86,word/document.xml:table_10:row_0,physical_table_first_row_or_explicit_header,序号 | 变更前汽车生产企业名称 | 变更后汽车生产企业名称,
原件/免征目录/mf_batch59.doc,32738e2df847e0c74ff96d48b8a13e1dd9c31aee84b7c0a633e2d9c8a3e01f86,word/document.xml:outside_table_paragraph_1,body_note_or_auxiliary_story,附件4,
原件/免征目录/mf_batch59.doc,32738e2df847e0c74ff96d48b8a13e1dd9c31aee84b7c0a633e2d9c8a3e01f86,word/document.xml:outside_table_paragraph_3,body_note_or_auxiliary_story,免征车辆购置税的新能源汽车车型目录,
原件/免征目录/mf_batch59.doc,32738e2df847e0c74ff96d48b8a13e1dd9c31aee84b7c0a633e2d9c8a3e01f86,word/document.xml:outside_table_paragraph_4,body_note_or_auxiliary_story,（第五十九批）,
原件/免征目录/mf_batch59.doc,32738e2df847e0c74ff96d48b8a13e1dd9c31aee84b7c0a633e2d9c8a3e01f86,word/document.xml:outside_table_paragraph_6,body_note_or_auxiliary_story,一、纯电动汽车,
原件/免征目录/mf_batch59.doc,32738e2df847e0c74ff96d48b8a13e1dd9c31aee84b7c0a633e2d9c8a3e01f86,word/document.xml:outside_table_paragraph_7,body_note_or_auxiliary_story,（一）乘用车,
原件/免征目录/mf_batch59.doc,32738e2df847e0c74ff96d48b8a13e1dd9c31aee84b7c0a633e2d9c8a3e01f86,word/document.xml:outside_table_paragraph_614,body_note_or_auxiliary_story,（二）客车,
原件/免征目录/mf_batch59.doc,32738e2df847e0c74ff96d48b8a13e1dd9c31aee84b7c0a633e2d9c8a3e01f86,word/document.xml:outside_table_paragraph_922,body_note_or_auxiliary_story,（三）货车,
原件/免征目录/mf_batch59.doc,32738e2df847e0c74ff96d48b8a13e1dd9c31aee84b7c0a633e2d9c8a3e01f86,word/document.xml:outside_table_paragraph_1322,body_note_or_auxiliary_story,（四）专用车,
原件/免征目录/mf_batch59.doc,32738e2df847e0c74ff96d48b8a13e1dd9c31aee84b7c0a633e2d9c8a3e01f86,word/document.xml:outside_table_paragraph_2234,body_note_or_auxiliary_story,二、插电式混合动力汽车,
原件/免征目录/mf_batch59.doc,32738e2df847e0c74ff96d48b8a13e1dd9c31aee84b7c0a633e2d9c8a3e01f86,word/document.xml:outside_table_paragraph_2235,body_note_or_auxiliary_story,（一）乘用车,
原件/免征目录/mf_batch59.doc,32738e2df847e0c74ff96d48b8a13e1dd9c31aee84b7c0a633e2d9c8a3e01f86,word/document.xml:outside_table_paragraph_2412,body_note_or_auxiliary_story,注：插电式混合动力汽车燃料消耗量仅包括传统燃料/不含电能折算。,
原件/免征目录/mf_batch59.doc,32738e2df847e0c74ff96d48b8a13e1dd9c31aee84b7c0a633e2d9c8a3e01f86,word/document.xml:outside_table_paragraph_2414,body_note_or_auxiliary_story,（二）货车,
原件/免征目录/mf_batch59.doc,32738e2df847e0c74ff96d48b8a13e1dd9c31aee84b7c0a633e2d9c8a3e01f86,word/document.xml:outside_table_paragraph_2437,body_note_or_auxiliary_story,注：插电式混合动力汽车燃料消耗量仅包括传统燃料/不含电能折算。,
原件/免征目录/mf_batch59.doc,32738e2df847e0c74ff96d48b8a13e1dd9c31aee84b7c0a633e2d9c8a3e01f86,word/document.xml:outside_table_paragraph_2439,body_note_or_auxiliary_story,（三）专用车,
原件/免征目录/mf_batch59.doc,32738e2df847e0c74ff96d48b8a13e1dd9c31aee84b7c0a633e2d9c8a3e01f86,word/document.xml:outside_table_paragraph_2484,body_note_or_auxiliary_story,注：插电式混合动力汽车燃料消耗量仅包括传统燃料/不含电能折算。,
原件/免征目录/mf_batch59.doc,32738e2df847e0c74ff96d48b8a13e1dd9c31aee84b7c0a633e2d9c8a3e01f86,word/document.xml:outside_table_paragraph_2486,body_note_or_auxiliary_story,三、燃料电池汽车,
原件/免征目录/mf_batch59.doc,32738e2df847e0c74ff96d48b8a13e1dd9c31aee84b7c0a633e2d9c8a3e01f86,word/document.xml:outside_table_paragraph_2487,body_note_or_auxiliary_story,（一）客车,
原件/免征目录/mf_batch59.doc,32738e2df847e0c74ff96d48b8a13e1dd9c31aee84b7c0a633e2d9c8a3e01f86,word/document.xml:outside_table_paragraph_2626,body_note_or_auxiliary_story,（二）货车,
原件/免征目录/mf_batch59.doc,32738e2df847e0c74ff96d48b8a13e1dd9c31aee84b7c0a633e2d9c8a3e01f86,word/document.xml:outside_table_paragraph_2700,body_note_or_auxiliary_story,（三）专用车,
原件/免征目录/mf_batch59.doc,32738e2df847e0c74ff96d48b8a13e1dd9c31aee84b7c0a633e2d9c8a3e01f86,word/document.xml:outside_table_paragraph_2858,body_note_or_auxiliary_story,四、汽车生产企业名称变更名单,
原件/免征目录/mf_batch59.doc,32738e2df847e0c74ff96d48b8a13e1dd9c31aee84b7c0a633e2d9c8a3e01f86,word/footer1.xml:outside_table_paragraph_1,body_note_or_auxiliary_story,1414,
原件/免征目录/mf_batch59.doc,32738e2df847e0c74ff96d48b8a13e1dd9c31aee84b7c0a633e2d9c8a3e01f86,word/footer1.xml:outside_table_paragraph_2,body_note_or_auxiliary_story,14,
原件/免征目录/mf_batch59.doc,32738e2df847e0c74ff96d48b8a13e1dd9c31aee84b7c0a633e2d9c8a3e01f86,word/footer1.xml:outside_table_paragraph_3,body_note_or_auxiliary_story,14,
原件/免征目录/mf_batch59.doc,32738e2df847e0c74ff96d48b8a13e1dd9c31aee84b7c0a633e2d9c8a3e01f86,word/footer2.xml:outside_table_paragraph_1,body_note_or_auxiliary_story,1515,
原件/免征目录/mf_batch59.doc,32738e2df847e0c74ff96d48b8a13e1dd9c31aee84b7c0a633e2d9c8a3e01f86,word/footer2.xml:outside_table_paragraph_2,body_note_or_auxiliary_story,15,
原件/免征目录/mf_batch59.doc,32738e2df847e0c74ff96d48b8a13e1dd9c31aee84b7c0a633e2d9c8a3e01f86,word/footer2.xml:outside_table_paragraph_3,body_note_or_auxiliary_story,15,
原件/免征目录/mf_batch60.doc,aabd19e9a0955380873798454b18b3bb15c87937dffcbb0ccfab2eae3bf3551b,word/document.xml:table_0:row_0,physical_table_first_row_or_explicit_header,序号 | 汽车生产企业名称 | 车辆型号 | 通用名称 | 纯电动续驶里程(km) | 整车整备质量(kg) | 动力蓄电池组总质量(kg) | 动力蓄电池组总能量(kWh) | 备注,
原件/免征目录/mf_batch60.doc,aabd19e9a0955380873798454b18b3bb15c87937dffcbb0ccfab2eae3bf3551b,word/document.xml:table_1:row_0,physical_table_first_row_or_explicit_header,序号 | 汽车生产企业名称 | 车辆型号 | 产品名称 | 纯电动续驶里程(km) | 整车整备质量(kg) | 动力蓄电池组总质量(kg) | 动力蓄电池组总能量(kWh) | 备注,
原件/免征目录/mf_batch60.doc,aabd19e9a0955380873798454b18b3bb15c87937dffcbb0ccfab2eae3bf3551b,word/document.xml:table_2:row_0,physical_table_first_row_or_explicit_header,序号 | 汽车生产企业名称 | 车辆型号 | 产品名称 | 纯电动续驶里程(km) | 整车整备质量(kg) | 动力蓄电池组总质量(kg) | 动力蓄电池组总能量(kWh) | 备注,
原件/免征目录/mf_batch60.doc,aabd19e9a0955380873798454b18b3bb15c87937dffcbb0ccfab2eae3bf3551b,word/document.xml:table_3:row_0,physical_table_first_row_or_explicit_header,序号 | 汽车生产企业名称 | 车辆型号 | 产品名称 | 纯电动续驶里程(km) | 整车整备质量(kg) | 动力蓄电池组总质量(kg) | 动力蓄电池组总能量(kWh) | 备注,
原件/免征目录/mf_batch60.doc,aabd19e9a0955380873798454b18b3bb15c87937dffcbb0ccfab2eae3bf3551b,word/document.xml:table_4:row_0,physical_table_first_row_or_explicit_header,序号 | 汽车生产企业名称 | 车辆型号 | 通用名称 | 纯电动续驶里程(km) | 燃料消耗量(L/100km) | 发动机排量(mL) | 整车整备质量(kg) | 动力蓄电池组总质量(kg) | 动力蓄电池组总能量(kWh) | 备注,
原件/免征目录/mf_batch60.doc,aabd19e9a0955380873798454b18b3bb15c87937dffcbb0ccfab2eae3bf3551b,word/document.xml:table_5:row_0,physical_table_first_row_or_explicit_header,序号 | 汽车生产企业名称 | 车辆型号 | 产品名称 | 纯电动续驶里程(km) | 燃料消耗量(L/100km) | 发动机排量(mL) | 整车整备质量(kg) | 动力蓄电池组总质量(kg) | 动力蓄电池组总能量(kWh) | 备注,
原件/免征目录/mf_batch60.doc,aabd19e9a0955380873798454b18b3bb15c87937dffcbb0ccfab2eae3bf3551b,word/document.xml:table_6:row_0,physical_table_first_row_or_explicit_header,序号 | 汽车生产企业名称 | 车辆型号 | 产品名称 | 纯电动续驶里程(km) | 燃料消耗量(L/100km) | 发动机排量(mL) | 整车整备质量(kg) | 动力蓄电池组总质量(kg) | 动力蓄电池组总能量(kWh) | 备注,
原件/免征目录/mf_batch60.doc,aabd19e9a0955380873798454b18b3bb15c87937dffcbb0ccfab2eae3bf3551b,word/document.xml:table_7:row_0,physical_table_first_row_or_explicit_header,序号 | 汽车生产企业名称 | 车辆型号 | 产品名称 | 纯电动续驶里程(km) | 燃料消耗量(L/100km) | 发动机排量(mL) | 整车整备质量(kg) | 动力蓄电池组总质量(kg) | 动力蓄电池组总能量(kWh) | 备注,
原件/免征目录/mf_batch60.doc,aabd19e9a0955380873798454b18b3bb15c87937dffcbb0ccfab2eae3bf3551b,word/document.xml:table_8:row_0,physical_table_first_row_or_explicit_header,序号 | 汽车生产企业名称 | 车辆型号 | 产品名称 | 纯电动续驶里程(km) | 整车整备质量(kg) | 燃料电池系统额定功率(kW) | 驱动电机额定功率(kW) | 备注,
原件/免征目录/mf_batch60.doc,aabd19e9a0955380873798454b18b3bb15c87937dffcbb0ccfab2eae3bf3551b,word/document.xml:table_9:row_0,physical_table_first_row_or_explicit_header,序号 | 汽车生产企业名称 | 车辆型号 | 产品名称 | 纯电动续驶里程(km) | 整车整备质量(kg) | 燃料电池系统额定功率(kW) | 驱动电机额定功率(kW) | 备注,
原件/免征目录/mf_batch60.doc,aabd19e9a0955380873798454b18b3bb15c87937dffcbb0ccfab2eae3bf3551b,word/document.xml:table_10:row_0,physical_table_first_row_or_explicit_header,序号 | 汽车生产企业名称 | 车辆型号 | 产品名称 | 纯电动续驶里程(km) | 整车整备质量(kg) | 燃料电池系统额定功率(kW) | 驱动电机额定功率(kW) | 备注,
原件/免征目录/mf_batch60.doc,aabd19e9a0955380873798454b18b3bb15c87937dffcbb0ccfab2eae3bf3551b,word/document.xml:outside_table_paragraph_1,body_note_or_auxiliary_story,附件4,
原件/免征目录/mf_batch60.doc,aabd19e9a0955380873798454b18b3bb15c87937dffcbb0ccfab2eae3bf3551b,word/document.xml:outside_table_paragraph_3,body_note_or_auxiliary_story,免征车辆购置税的新能源汽车车型目录,
原件/免征目录/mf_batch60.doc,aabd19e9a0955380873798454b18b3bb15c87937dffcbb0ccfab2eae3bf3551b,word/document.xml:outside_table_paragraph_4,body_note_or_auxiliary_story,（第六十批）,
原件/免征目录/mf_batch60.doc,aabd19e9a0955380873798454b18b3bb15c87937dffcbb0ccfab2eae3bf3551b,word/document.xml:outside_table_paragraph_6,body_note_or_auxiliary_story,一、纯电动汽车,
原件/免征目录/mf_batch60.doc,aabd19e9a0955380873798454b18b3bb15c87937dffcbb0ccfab2eae3bf3551b,word/document.xml:outside_table_paragraph_7,body_note_or_auxiliary_story,（一）乘用车,
原件/免征目录/mf_batch60.doc,aabd19e9a0955380873798454b18b3bb15c87937dffcbb0ccfab2eae3bf3551b,word/document.xml:outside_table_paragraph_324,body_note_or_auxiliary_story,（二）客车,
原件/免征目录/mf_batch60.doc,aabd19e9a0955380873798454b18b3bb15c87937dffcbb0ccfab2eae3bf3551b,word/document.xml:outside_table_paragraph_569,body_note_or_auxiliary_story,（三）货车,
原件/免征目录/mf_batch60.doc,aabd19e9a0955380873798454b18b3bb15c87937dffcbb0ccfab2eae3bf3551b,word/document.xml:outside_table_paragraph_852,body_note_or_auxiliary_story,（四）专用车,
原件/免征目录/mf_batch60.doc,aabd19e9a0955380873798454b18b3bb15c87937dffcbb0ccfab2eae3bf3551b,word/document.xml:outside_table_paragraph_1926,body_note_or_auxiliary_story,二、插电式混合动力汽车,
原件/免征目录/mf_batch60.doc,aabd19e9a0955380873798454b18b3bb15c87937dffcbb0ccfab2eae3bf3551b,word/document.xml:outside_table_paragraph_1927,body_note_or_auxiliary_story,（一）乘用车,
原件/免征目录/mf_batch60.doc,aabd19e9a0955380873798454b18b3bb15c87937dffcbb0ccfab2eae3bf3551b,word/document.xml:outside_table_paragraph_2093,body_note_or_auxiliary_story,注：插电式混合动力汽车燃料消耗量仅包括传统燃料/不含电能折算。,
原件/免征目录/mf_batch60.doc,aabd19e9a0955380873798454b18b3bb15c87937dffcbb0ccfab2eae3bf3551b,word/document.xml:outside_table_paragraph_2094,body_note_or_auxiliary_story,"勘误：《免征车辆购置税的新能源汽车车型目录》（第五十九批）二、插电式混合动力汽车，（一）乘用车部分,第5条东风本田汽车有限公司DHW6472R7HEV的燃料消耗量(L/100km)应为5.81/5.50；第6条东风小康汽车有限公司DXK6481ASPHEVH的燃料消耗量(L/100km)应为5.50。",
原件/免征目录/mf_batch60.doc,aabd19e9a0955380873798454b18b3bb15c87937dffcbb0ccfab2eae3bf3551b,word/document.xml:outside_table_paragraph_2096,body_note_or_auxiliary_story,（二）客车,
原件/免征目录/mf_batch60.doc,aabd19e9a0955380873798454b18b3bb15c87937dffcbb0ccfab2eae3bf3551b,word/document.xml:outside_table_paragraph_2141,body_note_or_auxiliary_story,注：插电式混合动力汽车燃料消耗量仅包括传统燃料/不含电能折算。,
原件/免征目录/mf_batch60.doc,aabd19e9a0955380873798454b18b3bb15c87937dffcbb0ccfab2eae3bf3551b,word/document.xml:outside_table_paragraph_2143,body_note_or_auxiliary_story,（三）货车,
原件/免征目录/mf_batch60.doc,aabd19e9a0955380873798454b18b3bb15c87937dffcbb0ccfab2eae3bf3551b,word/document.xml:outside_table_paragraph_2199,body_note_or_auxiliary_story,注：插电式混合动力汽车燃料消耗量仅包括传统燃料/不含电能折算。,
原件/免征目录/mf_batch60.doc,aabd19e9a0955380873798454b18b3bb15c87937dffcbb0ccfab2eae3bf3551b,word/document.xml:outside_table_paragraph_2201,body_note_or_auxiliary_story,（四）专用车,
原件/免征目录/mf_batch60.doc,aabd19e9a0955380873798454b18b3bb15c87937dffcbb0ccfab2eae3bf3551b,word/document.xml:outside_table_paragraph_2301,body_note_or_auxiliary_story,注：插电式混合动力汽车燃料消耗量仅包括传统燃料/不含电能折算。,
原件/免征目录/mf_batch60.doc,aabd19e9a0955380873798454b18b3bb15c87937dffcbb0ccfab2eae3bf3551b,word/document.xml:outside_table_paragraph_2303,body_note_or_auxiliary_story,三、燃料电池汽车,
原件/免征目录/mf_batch60.doc,aabd19e9a0955380873798454b18b3bb15c87937dffcbb0ccfab2eae3bf3551b,word/document.xml:outside_table_paragraph_2304,body_note_or_auxiliary_story,（一）客车,
原件/免征目录/mf_batch60.doc,aabd19e9a0955380873798454b18b3bb15c87937dffcbb0ccfab2eae3bf3551b,word/document.xml:outside_table_paragraph_2423,body_note_or_auxiliary_story,（二）货车,
原件/免征目录/mf_batch60.doc,aabd19e9a0955380873798454b18b3bb15c87937dffcbb0ccfab2eae3bf3551b,word/document.xml:outside_table_paragraph_2560,body_note_or_auxiliary_story,（三）专用车,
原件/免征目录/mf_batch60.doc,aabd19e9a0955380873798454b18b3bb15c87937dffcbb0ccfab2eae3bf3551b,word/footer1.xml:outside_table_paragraph_1,body_note_or_auxiliary_story,1414,
原件/免征目录/mf_batch60.doc,aabd19e9a0955380873798454b18b3bb15c87937dffcbb0ccfab2eae3bf3551b,word/footer1.xml:outside_table_paragraph_2,body_note_or_auxiliary_story,14,
原件/免征目录/mf_batch60.doc,aabd19e9a0955380873798454b18b3bb15c87937dffcbb0ccfab2eae3bf3551b,word/footer1.xml:outside_table_paragraph_3,body_note_or_auxiliary_story,14,
原件/免征目录/mf_batch61.doc,d360a77695ccf20f3c17a354a1dd02fc846a7ae8bd18b41492515881a7240b72,word/document.xml:table_0:row_0,physical_table_first_row_or_explicit_header,序号 | 汽车生产企业名称 | 车辆型号 | 通用名称 | 纯电动续驶里程(km) | 整车整备质量(kg) | 动力蓄电池组总质量(kg) | 动力蓄电池组总能量(kWh) | 备注,
原件/免征目录/mf_batch61.doc,d360a77695ccf20f3c17a354a1dd02fc846a7ae8bd18b41492515881a7240b72,word/document.xml:table_1:row_0,physical_table_first_row_or_explicit_header,序号 | 汽车生产企业名称 | 车辆型号 | 产品名称 | 纯电动续驶里程(km) | 整车整备质量(kg) | 动力蓄电池组总质量(kg) | 动力蓄电池组总能量(kWh) | 备注,
原件/免征目录/mf_batch61.doc,d360a77695ccf20f3c17a354a1dd02fc846a7ae8bd18b41492515881a7240b72,word/document.xml:table_2:row_0,physical_table_first_row_or_explicit_header,序号 | 汽车生产企业名称 | 车辆型号 | 产品名称 | 纯电动续驶里程(km) | 整车整备质量(kg) | 动力蓄电池组总质量(kg) | 动力蓄电池组总能量(kWh) | 备注,
原件/免征目录/mf_batch61.doc,d360a77695ccf20f3c17a354a1dd02fc846a7ae8bd18b41492515881a7240b72,word/document.xml:table_3:row_0,physical_table_first_row_or_explicit_header,序号 | 汽车生产企业名称 | 车辆型号 | 产品名称 | 纯电动续驶里程(km) | 整车整备质量(kg) | 动力蓄电池组总质量(kg) | 动力蓄电池组总能量(kWh) | 备注,
原件/免征目录/mf_batch61.doc,d360a77695ccf20f3c17a354a1dd02fc846a7ae8bd18b41492515881a7240b72,word/document.xml:table_4:row_0,physical_table_first_row_or_explicit_header,序号 | 汽车生产企业名称 | 车辆型号 | 通用名称 | 纯电动续驶里程(km) | 燃料消耗量(L/100km) | 发动机排量(mL) | 整车整备质量(kg) | 动力蓄电池组总质量(kg) | 动力蓄电池组总能量(kWh) | 备注,
原件/免征目录/mf_batch61.doc,d360a77695ccf20f3c17a354a1dd02fc846a7ae8bd18b41492515881a7240b72,word/document.xml:table_5:row_0,physical_table_first_row_or_explicit_header,序号 | 汽车生产企业名称 | 车辆型号 | 产品名称 | 纯电动续驶里程(km) | 燃料消耗量(L/100km) | 发动机排量(mL) | 整车整备质量(kg) | 动力蓄电池组总质量(kg) | 动力蓄电池组总能量(kWh) | 备注,
原件/免征目录/mf_batch61.doc,d360a77695ccf20f3c17a354a1dd02fc846a7ae8bd18b41492515881a7240b72,word/document.xml:table_6:row_0,physical_table_first_row_or_explicit_header,序号 | 汽车生产企业名称 | 车辆型号 | 产品名称 | 纯电动续驶里程(km) | 燃料消耗量(L/100km) | 发动机排量(mL) | 整车整备质量(kg) | 动力蓄电池组总质量(kg) | 动力蓄电池组总能量(kWh) | 备注,
原件/免征目录/mf_batch61.doc,d360a77695ccf20f3c17a354a1dd02fc846a7ae8bd18b41492515881a7240b72,word/document.xml:table_7:row_0,physical_table_first_row_or_explicit_header,序号 | 汽车生产企业名称 | 车辆型号 | 产品名称 | 纯电动续驶里程(km) | 燃料消耗量(L/100km) | 发动机排量(mL) | 整车整备质量(kg) | 动力蓄电池组总质量(kg) | 动力蓄电池组总能量(kWh) | 备注,
原件/免征目录/mf_batch61.doc,d360a77695ccf20f3c17a354a1dd02fc846a7ae8bd18b41492515881a7240b72,word/document.xml:table_8:row_0,physical_table_first_row_or_explicit_header,序号 | 汽车生产企业名称 | 车辆型号 | 产品名称 | 纯电动续驶里程(km) | 整车整备质量(kg) | 燃料电池系统额定功率(kW) | 驱动电机额定功率(kW) | 备注,
原件/免征目录/mf_batch61.doc,d360a77695ccf20f3c17a354a1dd02fc846a7ae8bd18b41492515881a7240b72,word/document.xml:table_9:row_0,physical_table_first_row_or_explicit_header,序号 | 汽车生产企业名称 | 车辆型号 | 产品名称 | 纯电动续驶里程(km) | 整车整备质量(kg) | 燃料电池系统额定功率(kW) | 驱动电机额定功率(kW) | 备注,
原件/免征目录/mf_batch61.doc,d360a77695ccf20f3c17a354a1dd02fc846a7ae8bd18b41492515881a7240b72,word/document.xml:table_10:row_0,physical_table_first_row_or_explicit_header,序号 | 汽车生产企业名称 | 车辆型号 | 产品名称 | 纯电动续驶里程(km) | 整车整备质量(kg) | 燃料电池系统额定功率(kW) | 驱动电机额定功率(kW) | 备注,
原件/免征目录/mf_batch61.doc,d360a77695ccf20f3c17a354a1dd02fc846a7ae8bd18b41492515881a7240b72,word/document.xml:table_11:row_0,physical_table_first_row_or_explicit_header,序号 | 变更前汽车生产企业名称 | 变更后汽车生产企业名称 | 备注,
原件/免征目录/mf_batch61.doc,d360a77695ccf20f3c17a354a1dd02fc846a7ae8bd18b41492515881a7240b72,word/document.xml:outside_table_paragraph_1,body_note_or_auxiliary_story,附件4,
原件/免征目录/mf_batch61.doc,d360a77695ccf20f3c17a354a1dd02fc846a7ae8bd18b41492515881a7240b72,word/document.xml:outside_table_paragraph_3,body_note_or_auxiliary_story,免征车辆购置税的新能源汽车车型目录,
原件/免征目录/mf_batch61.doc,d360a77695ccf20f3c17a354a1dd02fc846a7ae8bd18b41492515881a7240b72,word/document.xml:outside_table_paragraph_4,body_note_or_auxiliary_story,（第六十一批）,
原件/免征目录/mf_batch61.doc,d360a77695ccf20f3c17a354a1dd02fc846a7ae8bd18b41492515881a7240b72,word/document.xml:outside_table_paragraph_6,body_note_or_auxiliary_story,一、纯电动汽车,
原件/免征目录/mf_batch61.doc,d360a77695ccf20f3c17a354a1dd02fc846a7ae8bd18b41492515881a7240b72,word/document.xml:outside_table_paragraph_7,body_note_or_auxiliary_story,（一）乘用车,
原件/免征目录/mf_batch61.doc,d360a77695ccf20f3c17a354a1dd02fc846a7ae8bd18b41492515881a7240b72,word/document.xml:outside_table_paragraph_531,body_note_or_auxiliary_story,（二）客车,
原件/免征目录/mf_batch61.doc,d360a77695ccf20f3c17a354a1dd02fc846a7ae8bd18b41492515881a7240b72,word/document.xml:outside_table_paragraph_749,body_note_or_auxiliary_story,（三）货车,
原件/免征目录/mf_batch61.doc,d360a77695ccf20f3c17a354a1dd02fc846a7ae8bd18b41492515881a7240b72,word/document.xml:outside_table_paragraph_1130,body_note_or_auxiliary_story,（四）专用车,
原件/免征目录/mf_batch61.doc,d360a77695ccf20f3c17a354a1dd02fc846a7ae8bd18b41492515881a7240b72,word/document.xml:outside_table_paragraph_2556,body_note_or_auxiliary_story,二、插电式混合动力汽车,
原件/免征目录/mf_batch61.doc,d360a77695ccf20f3c17a354a1dd02fc846a7ae8bd18b41492515881a7240b72,word/document.xml:outside_table_paragraph_2557,body_note_or_auxiliary_story,（一）乘用车,
原件/免征目录/mf_batch61.doc,d360a77695ccf20f3c17a354a1dd02fc846a7ae8bd18b41492515881a7240b72,word/document.xml:outside_table_paragraph_2932,body_note_or_auxiliary_story,注：插电式混合动力汽车燃料消耗量仅包括传统燃料/不含电能折算。,
原件/免征目录/mf_batch61.doc,d360a77695ccf20f3c17a354a1dd02fc846a7ae8bd18b41492515881a7240b72,word/document.xml:outside_table_paragraph_2934,body_note_or_auxiliary_story,（二）客车,
原件/免征目录/mf_batch61.doc,d360a77695ccf20f3c17a354a1dd02fc846a7ae8bd18b41492515881a7240b72,word/document.xml:outside_table_paragraph_2958,body_note_or_auxiliary_story,注：插电式混合动力汽车燃料消耗量仅包括传统燃料/不含电能折算。,
原件/免征目录/mf_batch61.doc,d360a77695ccf20f3c17a354a1dd02fc846a7ae8bd18b41492515881a7240b72,word/document.xml:outside_table_paragraph_2960,body_note_or_auxiliary_story,（三）货车,
原件/免征目录/mf_batch61.doc,d360a77695ccf20f3c17a354a1dd02fc846a7ae8bd18b41492515881a7240b72,word/document.xml:outside_table_paragraph_3005,body_note_or_auxiliary_story,注：插电式混合动力汽车燃料消耗量仅包括传统燃料/不含电能折算。,
原件/免征目录/mf_batch61.doc,d360a77695ccf20f3c17a354a1dd02fc846a7ae8bd18b41492515881a7240b72,word/document.xml:outside_table_paragraph_3007,body_note_or_auxiliary_story,（四）专用车,
原件/免征目录/mf_batch61.doc,d360a77695ccf20f3c17a354a1dd02fc846a7ae8bd18b41492515881a7240b72,word/document.xml:outside_table_paragraph_3107,body_note_or_auxiliary_story,注：插电式混合动力汽车燃料消耗量仅包括传统燃料/不含电能折算。,
原件/免征目录/mf_batch61.doc,d360a77695ccf20f3c17a354a1dd02fc846a7ae8bd18b41492515881a7240b72,word/document.xml:outside_table_paragraph_3109,body_note_or_auxiliary_story,三、燃料电池汽车,
原件/免征目录/mf_batch61.doc,d360a77695ccf20f3c17a354a1dd02fc846a7ae8bd18b41492515881a7240b72,word/document.xml:outside_table_paragraph_3110,body_note_or_auxiliary_story,（一）客车,
原件/免征目录/mf_batch61.doc,d360a77695ccf20f3c17a354a1dd02fc846a7ae8bd18b41492515881a7240b72,word/document.xml:outside_table_paragraph_3247,body_note_or_auxiliary_story,（二）货车,
原件/免征目录/mf_batch61.doc,d360a77695ccf20f3c17a354a1dd02fc846a7ae8bd18b41492515881a7240b72,word/document.xml:outside_table_paragraph_3312,body_note_or_auxiliary_story,（三）专用车,
原件/免征目录/mf_batch61.doc,d360a77695ccf20f3c17a354a1dd02fc846a7ae8bd18b41492515881a7240b72,word/document.xml:outside_table_paragraph_3440,body_note_or_auxiliary_story,四、汽车生产企业名称变更名单,
原件/免征目录/mf_batch61.doc,d360a77695ccf20f3c17a354a1dd02fc846a7ae8bd18b41492515881a7240b72,word/footer1.xml:outside_table_paragraph_1,body_note_or_auxiliary_story,1616,
原件/免征目录/mf_batch61.doc,d360a77695ccf20f3c17a354a1dd02fc846a7ae8bd18b41492515881a7240b72,word/footer1.xml:outside_table_paragraph_2,body_note_or_auxiliary_story,16,
原件/免征目录/mf_batch61.doc,d360a77695ccf20f3c17a354a1dd02fc846a7ae8bd18b41492515881a7240b72,word/footer1.xml:outside_table_paragraph_3,body_note_or_auxiliary_story,16,
原件/免征目录/mf_batch62.doc,7694ac7207998b6af7c895cdd2c1d752421df436d4b28f83195261dd47f6509c,word/document.xml:table_0:row_0,physical_table_first_row_or_explicit_header,序号 | 汽车生产企业名称 | 车辆型号 | 通用名称 | 纯电动续驶里程(km) | 整车整备质量(kg) | 动力蓄电池组总质量(kg) | 动力蓄电池组总能量(kWh) | 备注,
原件/免征目录/mf_batch62.doc,7694ac7207998b6af7c895cdd2c1d752421df436d4b28f83195261dd47f6509c,word/document.xml:table_1:row_0,physical_table_first_row_or_explicit_header,序号 | 汽车生产企业名称 | 车辆型号 | 产品名称 | 纯电动续驶里程(km) | 整车整备质量(kg) | 动力蓄电池组总质量(kg) | 动力蓄电池组总能量(kWh) | 备注,
原件/免征目录/mf_batch62.doc,7694ac7207998b6af7c895cdd2c1d752421df436d4b28f83195261dd47f6509c,word/document.xml:table_2:row_0,physical_table_first_row_or_explicit_header,序号 | 汽车生产企业名称 | 车辆型号 | 产品名称 | 纯电动续驶里程(km) | 整车整备质量(kg) | 动力蓄电池组总质量(kg) | 动力蓄电池组总能量(kWh) | 备注,
原件/免征目录/mf_batch62.doc,7694ac7207998b6af7c895cdd2c1d752421df436d4b28f83195261dd47f6509c,word/document.xml:table_3:row_0,physical_table_first_row_or_explicit_header,序号 | 汽车生产企业名称 | 车辆型号 | 产品名称 | 纯电动续驶里程(km) | 整车整备质量(kg) | 动力蓄电池组总质量(kg) | 动力蓄电池组总能量(kWh) | 备注,
原件/免征目录/mf_batch62.doc,7694ac7207998b6af7c895cdd2c1d752421df436d4b28f83195261dd47f6509c,word/document.xml:table_4:row_0,physical_table_first_row_or_explicit_header,序号 | 汽车生产企业名称 | 车辆型号 | 通用名称 | 纯电动续驶里程(km) | 燃料消耗量(L/100km) | 发动机排量(mL) | 整车整备质量(kg) | 动力蓄电池组总质量(kg) | 动力蓄电池组总能量(kWh) | 备注,
原件/免征目录/mf_batch62.doc,7694ac7207998b6af7c895cdd2c1d752421df436d4b28f83195261dd47f6509c,word/document.xml:table_5:row_0,physical_table_first_row_or_explicit_header,序号 | 汽车生产企业名称 | 车辆型号 | 产品名称 | 纯电动续驶里程(km) | 燃料消耗量(L/100km) | 发动机排量(mL) | 整车整备质量(kg) | 动力蓄电池组总质量(kg) | 动力蓄电池组总能量(kWh) | 备注,
原件/免征目录/mf_batch62.doc,7694ac7207998b6af7c895cdd2c1d752421df436d4b28f83195261dd47f6509c,word/document.xml:table_6:row_0,physical_table_first_row_or_explicit_header,序号 | 汽车生产企业名称 | 车辆型号 | 产品名称 | 纯电动续驶里程(km) | 燃料消耗量(L/100km) | 发动机排量(mL) | 整车整备质量(kg) | 动力蓄电池组总质量(kg) | 动力蓄电池组总能量(kWh) | 备注,
原件/免征目录/mf_batch62.doc,7694ac7207998b6af7c895cdd2c1d752421df436d4b28f83195261dd47f6509c,word/document.xml:table_7:row_0,physical_table_first_row_or_explicit_header,序号 | 汽车生产企业名称 | 车辆型号 | 产品名称 | 纯电动续驶里程(km) | 整车整备质量(kg) | 燃料电池系统额定功率(kW) | 驱动电机额定功率(kW) | 备注,
原件/免征目录/mf_batch62.doc,7694ac7207998b6af7c895cdd2c1d752421df436d4b28f83195261dd47f6509c,word/document.xml:table_8:row_0,physical_table_first_row_or_explicit_header,序号 | 汽车生产企业名称 | 车辆型号 | 产品名称 | 纯电动续驶里程(km) | 整车整备质量(kg) | 燃料电池系统额定功率(kW) | 驱动电机额定功率(kW) | 备注,
原件/免征目录/mf_batch62.doc,7694ac7207998b6af7c895cdd2c1d752421df436d4b28f83195261dd47f6509c,word/document.xml:table_9:row_0,physical_table_first_row_or_explicit_header,序号 | 汽车生产企业名称 | 车辆型号 | 产品名称 | 纯电动续驶里程(km) | 整车整备质量(kg) | 燃料电池系统额定功率(kW) | 驱动电机额定功率(kW) | 备注,
原件/免征目录/mf_batch62.doc,7694ac7207998b6af7c895cdd2c1d752421df436d4b28f83195261dd47f6509c,word/document.xml:table_10:row_0,physical_table_first_row_or_explicit_header,序号 | 变更前汽车生产企业名称 | 变更后汽车生产企业名称,
原件/免征目录/mf_batch62.doc,7694ac7207998b6af7c895cdd2c1d752421df436d4b28f83195261dd47f6509c,word/document.xml:outside_table_paragraph_1,body_note_or_auxiliary_story,附件3,
原件/免征目录/mf_batch62.doc,7694ac7207998b6af7c895cdd2c1d752421df436d4b28f83195261dd47f6509c,word/document.xml:outside_table_paragraph_3,body_note_or_auxiliary_story,免征车辆购置税的新能源汽车车型目录,
原件/免征目录/mf_batch62.doc,7694ac7207998b6af7c895cdd2c1d752421df436d4b28f83195261dd47f6509c,word/document.xml:outside_table_paragraph_4,body_note_or_auxiliary_story,（第六十二批）,
原件/免征目录/mf_batch62.doc,7694ac7207998b6af7c895cdd2c1d752421df436d4b28f83195261dd47f6509c,word/document.xml:outside_table_paragraph_6,body_note_or_auxiliary_story,一、纯电动汽车,
原件/免征目录/mf_batch62.doc,7694ac7207998b6af7c895cdd2c1d752421df436d4b28f83195261dd47f6509c,word/document.xml:outside_table_paragraph_7,body_note_or_auxiliary_story,（一）乘用车,
原件/免征目录/mf_batch62.doc,7694ac7207998b6af7c895cdd2c1d752421df436d4b28f83195261dd47f6509c,word/document.xml:outside_table_paragraph_684,body_note_or_auxiliary_story,（二）客车,
原件/免征目录/mf_batch62.doc,7694ac7207998b6af7c895cdd2c1d752421df436d4b28f83195261dd47f6509c,word/document.xml:outside_table_paragraph_902,body_note_or_auxiliary_story,（三）货车,
原件/免征目录/mf_batch62.doc,7694ac7207998b6af7c895cdd2c1d752421df436d4b28f83195261dd47f6509c,word/document.xml:outside_table_paragraph_1480,body_note_or_auxiliary_story,（四）专用车,
原件/免征目录/mf_batch62.doc,7694ac7207998b6af7c895cdd2c1d752421df436d4b28f83195261dd47f6509c,word/document.xml:outside_table_paragraph_3642,body_note_or_auxiliary_story,二、插电式混合动力汽车,
原件/免征目录/mf_batch62.doc,7694ac7207998b6af7c895cdd2c1d752421df436d4b28f83195261dd47f6509c,word/document.xml:outside_table_paragraph_3643,body_note_or_auxiliary_story,（一）乘用车,
原件/免征目录/mf_batch62.doc,7694ac7207998b6af7c895cdd2c1d752421df436d4b28f83195261dd47f6509c,word/document.xml:outside_table_paragraph_4007,body_note_or_auxiliary_story,注：插电式混合动力汽车燃料消耗量仅包括传统燃料/不含电能折算。,
原件/免征目录/mf_batch62.doc,7694ac7207998b6af7c895cdd2c1d752421df436d4b28f83195261dd47f6509c,word/document.xml:outside_table_paragraph_4009,body_note_or_auxiliary_story,（二）货车,
原件/免征目录/mf_batch62.doc,7694ac7207998b6af7c895cdd2c1d752421df436d4b28f83195261dd47f6509c,word/document.xml:outside_table_paragraph_4076,body_note_or_auxiliary_story,注：插电式混合动力汽车燃料消耗量仅包括传统燃料/不含电能折算。,
原件/免征目录/mf_batch62.doc,7694ac7207998b6af7c895cdd2c1d752421df436d4b28f83195261dd47f6509c,word/document.xml:outside_table_paragraph_4078,body_note_or_auxiliary_story,（三）专用车,
原件/免征目录/mf_batch62.doc,7694ac7207998b6af7c895cdd2c1d752421df436d4b28f83195261dd47f6509c,word/document.xml:outside_table_paragraph_4277,body_note_or_auxiliary_story,注：插电式混合动力汽车燃料消耗量仅包括传统燃料/不含电能折算。,
原件/免征目录/mf_batch62.doc,7694ac7207998b6af7c895cdd2c1d752421df436d4b28f83195261dd47f6509c,word/document.xml:outside_table_paragraph_4278,body_note_or_auxiliary_story,三、燃料电池汽车,
原件/免征目录/mf_batch62.doc,7694ac7207998b6af7c895cdd2c1d752421df436d4b28f83195261dd47f6509c,word/document.xml:outside_table_paragraph_4279,body_note_or_auxiliary_story,（一）客车,
原件/免征目录/mf_batch62.doc,7694ac7207998b6af7c895cdd2c1d752421df436d4b28f83195261dd47f6509c,word/document.xml:outside_table_paragraph_4317,body_note_or_auxiliary_story,（二）货车,
原件/免征目录/mf_batch62.doc,7694ac7207998b6af7c895cdd2c1d752421df436d4b28f83195261dd47f6509c,word/document.xml:outside_table_paragraph_4409,body_note_or_auxiliary_story,（三）专用车,
原件/免征目录/mf_batch62.doc,7694ac7207998b6af7c895cdd2c1d752421df436d4b28f83195261dd47f6509c,word/document.xml:outside_table_paragraph_4600,body_note_or_auxiliary_story,四、汽车生产企业名称变更名单,
原件/免征目录/mf_batch62.doc,7694ac7207998b6af7c895cdd2c1d752421df436d4b28f83195261dd47f6509c,word/footer1.xml:outside_table_paragraph_1,body_note_or_auxiliary_story,1515,
原件/免征目录/mf_batch62.doc,7694ac7207998b6af7c895cdd2c1d752421df436d4b28f83195261dd47f6509c,word/footer1.xml:outside_table_paragraph_2,body_note_or_auxiliary_story,15,
原件/免征目录/mf_batch62.doc,7694ac7207998b6af7c895cdd2c1d752421df436d4b28f83195261dd47f6509c,word/footer1.xml:outside_table_paragraph_3,body_note_or_auxiliary_story,15,
原件/免征目录/mf_batch62.doc,7694ac7207998b6af7c895cdd2c1d752421df436d4b28f83195261dd47f6509c,word/footer2.xml:outside_table_paragraph_1,body_note_or_auxiliary_story,1818,
原件/免征目录/mf_batch62.doc,7694ac7207998b6af7c895cdd2c1d752421df436d4b28f83195261dd47f6509c,word/footer2.xml:outside_table_paragraph_2,body_note_or_auxiliary_story,18,
原件/免征目录/mf_batch62.doc,7694ac7207998b6af7c895cdd2c1d752421df436d4b28f83195261dd47f6509c,word/footer2.xml:outside_table_paragraph_3,body_note_or_auxiliary_story,18,
原件/免征目录/mf_batch62.doc,7694ac7207998b6af7c895cdd2c1d752421df436d4b28f83195261dd47f6509c,word/footer4.xml:outside_table_paragraph_1,body_note_or_auxiliary_story,2020,
原件/免征目录/mf_batch62.doc,7694ac7207998b6af7c895cdd2c1d752421df436d4b28f83195261dd47f6509c,word/footer4.xml:outside_table_paragraph_2,body_note_or_auxiliary_story,20,
原件/免征目录/mf_batch62.doc,7694ac7207998b6af7c895cdd2c1d752421df436d4b28f83195261dd47f6509c,word/footer4.xml:outside_table_paragraph_3,body_note_or_auxiliary_story,20,
原件/免征目录/mf_batch62.doc,7694ac7207998b6af7c895cdd2c1d752421df436d4b28f83195261dd47f6509c,word/footer6.xml:outside_table_paragraph_1,body_note_or_auxiliary_story,2121,
原件/免征目录/mf_batch62.doc,7694ac7207998b6af7c895cdd2c1d752421df436d4b28f83195261dd47f6509c,word/footer6.xml:outside_table_paragraph_2,body_note_or_auxiliary_story,21,
原件/免征目录/mf_batch62.doc,7694ac7207998b6af7c895cdd2c1d752421df436d4b28f83195261dd47f6509c,word/footer6.xml:outside_table_paragraph_3,body_note_or_auxiliary_story,21,
原件/免征目录/mf_batch63.doc,1d0f4bf9c7c1f67712e9efa3a5e3222c30d4e438653b9335aaff9714e65f8c05,word/document.xml:table_0:row_0,physical_table_first_row_or_explicit_header,序号 | 汽车生产企业名称 | 车辆型号 | 通用名称 | 纯电动续驶里程(km) | 整车整备质量(kg) | 动力蓄电池组总质量(kg) | 动力蓄电池组总能量(kWh) | 备注,
原件/免征目录/mf_batch63.doc,1d0f4bf9c7c1f67712e9efa3a5e3222c30d4e438653b9335aaff9714e65f8c05,word/document.xml:table_1:row_0,physical_table_first_row_or_explicit_header,序号 | 汽车生产企业名称 | 车辆型号 | 产品名称 | 纯电动续驶里程(km) | 整车整备质量(kg) | 动力蓄电池组总质量(kg) | 动力蓄电池组总能量(kWh) | 备注,
原件/免征目录/mf_batch63.doc,1d0f4bf9c7c1f67712e9efa3a5e3222c30d4e438653b9335aaff9714e65f8c05,word/document.xml:table_2:row_0,physical_table_first_row_or_explicit_header,序号 | 汽车生产企业名称 | 车辆型号 | 产品名称 | 纯电动续驶里程(km) | 整车整备质量(kg) | 动力蓄电池组总质量(kg) | 动力蓄电池组总能量(kWh) | 备注,
原件/免征目录/mf_batch63.doc,1d0f4bf9c7c1f67712e9efa3a5e3222c30d4e438653b9335aaff9714e65f8c05,word/document.xml:table_3:row_0,physical_table_first_row_or_explicit_header,序号 | 汽车生产企业名称 | 车辆型号 | 产品名称 | 纯电动续驶里程(km) | 整车整备质量(kg) | 动力蓄电池组总质量(kg) | 动力蓄电池组总能量(kWh) | 备注,
原件/免征目录/mf_batch63.doc,1d0f4bf9c7c1f67712e9efa3a5e3222c30d4e438653b9335aaff9714e65f8c05,word/document.xml:table_4:row_0,physical_table_first_row_or_explicit_header,序号 | 汽车生产企业名称 | 车辆型号 | 通用名称 | 纯电动续驶里程(km) | 燃料消耗量(L/100km) | 发动机排量(mL) | 整车整备质量(kg) | 动力蓄电池组总质量(kg) | 动力蓄电池组总能量(kWh) | 备注,
原件/免征目录/mf_batch63.doc,1d0f4bf9c7c1f67712e9efa3a5e3222c30d4e438653b9335aaff9714e65f8c05,word/document.xml:table_5:row_0,physical_table_first_row_or_explicit_header,序号 | 汽车生产企业名称 | 车辆型号 | 产品名称 | 纯电动续驶里程(km) | 燃料消耗量(L/100km) | 发动机排量(mL) | 整车整备质量(kg) | 动力蓄电池组总质量(kg) | 动力蓄电池组总能量(kWh) | 备注,
原件/免征目录/mf_batch63.doc,1d0f4bf9c7c1f67712e9efa3a5e3222c30d4e438653b9335aaff9714e65f8c05,word/document.xml:table_6:row_0,physical_table_first_row_or_explicit_header,序号 | 汽车生产企业名称 | 车辆型号 | 产品名称 | 纯电动续驶里程(km) | 整车整备质量(kg) | 燃料电池系统额定功率(kW) | 驱动电机额定功率(kW) | 备注,
原件/免征目录/mf_batch63.doc,1d0f4bf9c7c1f67712e9efa3a5e3222c30d4e438653b9335aaff9714e65f8c05,word/document.xml:table_7:row_0,physical_table_first_row_or_explicit_header,序号 | 汽车生产企业名称 | 车辆型号 | 产品名称 | 纯电动续驶里程(km) | 整车整备质量(kg) | 燃料电池系统额定功率(kW) | 驱动电机额定功率(kW) | 备注,
原件/免征目录/mf_batch63.doc,1d0f4bf9c7c1f67712e9efa3a5e3222c30d4e438653b9335aaff9714e65f8c05,word/document.xml:table_8:row_0,physical_table_first_row_or_explicit_header,序号 | 汽车生产企业名称 | 车辆型号 | 产品名称 | 纯电动续驶里程(km) | 整车整备质量(kg) | 燃料电池系统额定功率(kW) | 驱动电机额定功率(kW) | 备注,
原件/免征目录/mf_batch63.doc,1d0f4bf9c7c1f67712e9efa3a5e3222c30d4e438653b9335aaff9714e65f8c05,word/document.xml:outside_table_paragraph_1,body_note_or_auxiliary_story,附件3,
原件/免征目录/mf_batch63.doc,1d0f4bf9c7c1f67712e9efa3a5e3222c30d4e438653b9335aaff9714e65f8c05,word/document.xml:outside_table_paragraph_3,body_note_or_auxiliary_story,免征车辆购置税的新能源汽车车型目录,
原件/免征目录/mf_batch63.doc,1d0f4bf9c7c1f67712e9efa3a5e3222c30d4e438653b9335aaff9714e65f8c05,word/document.xml:outside_table_paragraph_4,body_note_or_auxiliary_story,（第六十三批）,
原件/免征目录/mf_batch63.doc,1d0f4bf9c7c1f67712e9efa3a5e3222c30d4e438653b9335aaff9714e65f8c05,word/document.xml:outside_table_paragraph_6,body_note_or_auxiliary_story,一、纯电动汽车,
原件/免征目录/mf_batch63.doc,1d0f4bf9c7c1f67712e9efa3a5e3222c30d4e438653b9335aaff9714e65f8c05,word/document.xml:outside_table_paragraph_7,body_note_or_auxiliary_story,（一）乘用车,
原件/免征目录/mf_batch63.doc,1d0f4bf9c7c1f67712e9efa3a5e3222c30d4e438653b9335aaff9714e65f8c05,word/document.xml:outside_table_paragraph_351,body_note_or_auxiliary_story,（二）客车,
原件/免征目录/mf_batch63.doc,1d0f4bf9c7c1f67712e9efa3a5e3222c30d4e438653b9335aaff9714e65f8c05,word/document.xml:outside_table_paragraph_452,body_note_or_auxiliary_story,（三）货车,
原件/免征目录/mf_batch63.doc,1d0f4bf9c7c1f67712e9efa3a5e3222c30d4e438653b9335aaff9714e65f8c05,word/document.xml:outside_table_paragraph_679,body_note_or_auxiliary_story,（四）专用车,
原件/免征目录/mf_batch63.doc,1d0f4bf9c7c1f67712e9efa3a5e3222c30d4e438653b9335aaff9714e65f8c05,word/document.xml:outside_table_paragraph_1698,body_note_or_auxiliary_story,二、插电式混合动力汽车,
原件/免征目录/mf_batch63.doc,1d0f4bf9c7c1f67712e9efa3a5e3222c30d4e438653b9335aaff9714e65f8c05,word/document.xml:outside_table_paragraph_1699,body_note_or_auxiliary_story,（一）乘用车,
原件/免征目录/mf_batch63.doc,1d0f4bf9c7c1f67712e9efa3a5e3222c30d4e438653b9335aaff9714e65f8c05,word/document.xml:outside_table_paragraph_1942,body_note_or_auxiliary_story,注：插电式混合动力汽车燃料消耗量仅包括传统燃料/不含电能折算。,
原件/免征目录/mf_batch63.doc,1d0f4bf9c7c1f67712e9efa3a5e3222c30d4e438653b9335aaff9714e65f8c05,word/document.xml:outside_table_paragraph_1944,body_note_or_auxiliary_story,（二）专用车,
原件/免征目录/mf_batch63.doc,1d0f4bf9c7c1f67712e9efa3a5e3222c30d4e438653b9335aaff9714e65f8c05,word/document.xml:outside_table_paragraph_2022,body_note_or_auxiliary_story,注：插电式混合动力汽车燃料消耗量仅包括传统燃料/不含电能折算。,
原件/免征目录/mf_batch63.doc,1d0f4bf9c7c1f67712e9efa3a5e3222c30d4e438653b9335aaff9714e65f8c05,word/document.xml:outside_table_paragraph_2024,body_note_or_auxiliary_story,三、燃料电池汽车,
原件/免征目录/mf_batch63.doc,1d0f4bf9c7c1f67712e9efa3a5e3222c30d4e438653b9335aaff9714e65f8c05,word/document.xml:outside_table_paragraph_2025,body_note_or_auxiliary_story,（一）客车,
原件/免征目录/mf_batch63.doc,1d0f4bf9c7c1f67712e9efa3a5e3222c30d4e438653b9335aaff9714e65f8c05,word/document.xml:outside_table_paragraph_2045,body_note_or_auxiliary_story,（二）货车,
原件/免征目录/mf_batch63.doc,1d0f4bf9c7c1f67712e9efa3a5e3222c30d4e438653b9335aaff9714e65f8c05,word/document.xml:outside_table_paragraph_2128,body_note_or_auxiliary_story,（三）专用车,
原件/免征目录/mf_batch63.doc,1d0f4bf9c7c1f67712e9efa3a5e3222c30d4e438653b9335aaff9714e65f8c05,word/footer1.xml:outside_table_paragraph_1,body_note_or_auxiliary_story,1212,
原件/免征目录/mf_batch63.doc,1d0f4bf9c7c1f67712e9efa3a5e3222c30d4e438653b9335aaff9714e65f8c05,word/footer1.xml:outside_table_paragraph_2,body_note_or_auxiliary_story,12,
原件/免征目录/mf_batch63.doc,1d0f4bf9c7c1f67712e9efa3a5e3222c30d4e438653b9335aaff9714e65f8c05,word/footer1.xml:outside_table_paragraph_3,body_note_or_auxiliary_story,12,
原件/免征目录/mf_batch64.doc,c4e238989e7e40ec2c3a6a899ead170b4a745bc72546ba6fd4a5731d8890c6cb,word/document.xml:table_0:row_0,physical_table_first_row_or_explicit_header,序号 | 汽车生产企业名称 | 车辆型号 | 通用名称 | 纯电动续驶里程(km) | 整车整备质量(kg) | 动力蓄电池组总质量(kg) | 动力蓄电池组总能量(kWh) | 备注,
原件/免征目录/mf_batch64.doc,c4e238989e7e40ec2c3a6a899ead170b4a745bc72546ba6fd4a5731d8890c6cb,word/document.xml:table_1:row_0,physical_table_first_row_or_explicit_header,序号 | 汽车生产企业名称 | 车辆型号 | 产品名称 | 纯电动续驶里程(km) | 整车整备质量(kg) | 动力蓄电池组总质量(kg) | 动力蓄电池组总能量(kWh) | 备注,
原件/免征目录/mf_batch64.doc,c4e238989e7e40ec2c3a6a899ead170b4a745bc72546ba6fd4a5731d8890c6cb,word/document.xml:table_2:row_0,physical_table_first_row_or_explicit_header,序号 | 汽车生产企业名称 | 车辆型号 | 产品名称 | 纯电动续驶里程(km) | 整车整备质量(kg) | 动力蓄电池组总质量(kg) | 动力蓄电池组总能量(kWh) | 备注,
原件/免征目录/mf_batch64.doc,c4e238989e7e40ec2c3a6a899ead170b4a745bc72546ba6fd4a5731d8890c6cb,word/document.xml:table_3:row_0,physical_table_first_row_or_explicit_header,序号 | 汽车生产企业名称 | 车辆型号 | 产品名称 | 纯电动续驶里程(km) | 整车整备质量(kg) | 动力蓄电池组总质量(kg) | 动力蓄电池组总能量(kWh) | 备注,
原件/免征目录/mf_batch64.doc,c4e238989e7e40ec2c3a6a899ead170b4a745bc72546ba6fd4a5731d8890c6cb,word/document.xml:table_4:row_0,physical_table_first_row_or_explicit_header,序号 | 汽车生产企业名称 | 车辆型号 | 通用名称 | 纯电动续驶里程(km) | 燃料消耗量(L/100km) | 发动机排量(mL) | 整车整备质量(kg) | 动力蓄电池组总质量(kg) | 动力蓄电池组总能量(kWh) | 备注,
原件/免征目录/mf_batch64.doc,c4e238989e7e40ec2c3a6a899ead170b4a745bc72546ba6fd4a5731d8890c6cb,word/document.xml:table_5:row_0,physical_table_first_row_or_explicit_header,序号 | 汽车生产企业名称 | 车辆型号 | 产品名称 | 纯电动续驶里程(km) | 燃料消耗量(L/100km) | 发动机排量(mL) | 整车整备质量(kg) | 动力蓄电池组总质量(kg) | 动力蓄电池组总能量(kWh) | 备注,
原件/免征目录/mf_batch64.doc,c4e238989e7e40ec2c3a6a899ead170b4a745bc72546ba6fd4a5731d8890c6cb,word/document.xml:table_6:row_0,physical_table_first_row_or_explicit_header,序号 | 汽车生产企业名称 | 车辆型号 | 产品名称 | 纯电动续驶里程(km) | 燃料消耗量(L/100km) | 发动机排量(mL) | 整车整备质量(kg) | 动力蓄电池组总质量(kg) | 动力蓄电池组总能量(kWh) | 备注,
原件/免征目录/mf_batch64.doc,c4e238989e7e40ec2c3a6a899ead170b4a745bc72546ba6fd4a5731d8890c6cb,word/document.xml:table_7:row_0,physical_table_first_row_or_explicit_header,序号 | 汽车生产企业名称 | 车辆型号 | 产品名称 | 纯电动续驶里程(km) | 整车整备质量(kg) | 燃料电池系统额定功率(kW) | 驱动电机额定功率(kW) | 备注,
原件/免征目录/mf_batch64.doc,c4e238989e7e40ec2c3a6a899ead170b4a745bc72546ba6fd4a5731d8890c6cb,word/document.xml:table_8:row_0,physical_table_first_row_or_explicit_header,序号 | 汽车生产企业名称 | 车辆型号 | 产品名称 | 纯电动续驶里程(km) | 整车整备质量(kg) | 燃料电池系统额定功率(kW) | 驱动电机额定功率(kW) | 备注,
原件/免征目录/mf_batch64.doc,c4e238989e7e40ec2c3a6a899ead170b4a745bc72546ba6fd4a5731d8890c6cb,word/document.xml:table_9:row_0,physical_table_first_row_or_explicit_header,序号 | 汽车生产企业名称 | 车辆型号 | 产品名称 | 纯电动续驶里程(km) | 整车整备质量(kg) | 燃料电池系统额定功率(kW) | 驱动电机额定功率(kW) | 备注,
原件/免征目录/mf_batch64.doc,c4e238989e7e40ec2c3a6a899ead170b4a745bc72546ba6fd4a5731d8890c6cb,word/document.xml:outside_table_paragraph_1,body_note_or_auxiliary_story,附件3,
原件/免征目录/mf_batch64.doc,c4e238989e7e40ec2c3a6a899ead170b4a745bc72546ba6fd4a5731d8890c6cb,word/document.xml:outside_table_paragraph_3,body_note_or_auxiliary_story,免征车辆购置税的新能源汽车车型目录,
原件/免征目录/mf_batch64.doc,c4e238989e7e40ec2c3a6a899ead170b4a745bc72546ba6fd4a5731d8890c6cb,word/document.xml:outside_table_paragraph_4,body_note_or_auxiliary_story,（第六十四批）,
原件/免征目录/mf_batch64.doc,c4e238989e7e40ec2c3a6a899ead170b4a745bc72546ba6fd4a5731d8890c6cb,word/document.xml:outside_table_paragraph_6,body_note_or_auxiliary_story,一、纯电动汽车,
原件/免征目录/mf_batch64.doc,c4e238989e7e40ec2c3a6a899ead170b4a745bc72546ba6fd4a5731d8890c6cb,word/document.xml:outside_table_paragraph_7,body_note_or_auxiliary_story,（一）乘用车,
原件/免征目录/mf_batch64.doc,c4e238989e7e40ec2c3a6a899ead170b4a745bc72546ba6fd4a5731d8890c6cb,word/document.xml:outside_table_paragraph_377,body_note_or_auxiliary_story,勘误：《免征车辆购置税的新能源汽车车型目录》（第六十二批）纯电动乘用车部分第6项，上汽通用汽车有限公司凯迪拉克(CADILLAC)牌SGM6500BEBEV纯电动多用途乘用车，纯电动续驶里程应为608km。,
原件/免征目录/mf_batch64.doc,c4e238989e7e40ec2c3a6a899ead170b4a745bc72546ba6fd4a5731d8890c6cb,word/document.xml:outside_table_paragraph_379,body_note_or_auxiliary_story,（二）客车,
原件/免征目录/mf_batch64.doc,c4e238989e7e40ec2c3a6a899ead170b4a745bc72546ba6fd4a5731d8890c6cb,word/document.xml:outside_table_paragraph_453,body_note_or_auxiliary_story,（三）货车,
原件/免征目录/mf_batch64.doc,c4e238989e7e40ec2c3a6a899ead170b4a745bc72546ba6fd4a5731d8890c6cb,word/document.xml:outside_table_paragraph_716,body_note_or_auxiliary_story,（四）专用车,
原件/免征目录/mf_batch64.doc,c4e238989e7e40ec2c3a6a899ead170b4a745bc72546ba6fd4a5731d8890c6cb,word/document.xml:outside_table_paragraph_1736,body_note_or_auxiliary_story,二、插电式混合动力汽车,
原件/免征目录/mf_batch64.doc,c4e238989e7e40ec2c3a6a899ead170b4a745bc72546ba6fd4a5731d8890c6cb,word/document.xml:outside_table_paragraph_1737,body_note_or_auxiliary_story,（一）乘用车,
原件/免征目录/mf_batch64.doc,c4e238989e7e40ec2c3a6a899ead170b4a745bc72546ba6fd4a5731d8890c6cb,word/document.xml:outside_table_paragraph_1914,body_note_or_auxiliary_story,注：插电式混合动力汽车燃料消耗量仅包括传统燃料/不含电能折算。,
原件/免征目录/mf_batch64.doc,c4e238989e7e40ec2c3a6a899ead170b4a745bc72546ba6fd4a5731d8890c6cb,word/document.xml:outside_table_paragraph_1915,body_note_or_auxiliary_story,勘误：《免征车辆购置税的新能源汽车车型目录》（第六十二批）插电式混合动力乘用车部分第4项，长城汽车股份有限公司魏牌牌CC6470AP02CPHEV插电式混合动力多用途乘用车，燃料消耗量应为5.4L/100km。,
原件/免征目录/mf_batch64.doc,c4e238989e7e40ec2c3a6a899ead170b4a745bc72546ba6fd4a5731d8890c6cb,word/document.xml:outside_table_paragraph_1917,body_note_or_auxiliary_story,（二）货车,
原件/免征目录/mf_batch64.doc,c4e238989e7e40ec2c3a6a899ead170b4a745bc72546ba6fd4a5731d8890c6cb,word/document.xml:outside_table_paragraph_1940,body_note_or_auxiliary_story,注：插电式混合动力汽车燃料消耗量仅包括传统燃料/不含电能折算。,
原件/免征目录/mf_batch64.doc,c4e238989e7e40ec2c3a6a899ead170b4a745bc72546ba6fd4a5731d8890c6cb,word/document.xml:outside_table_paragraph_1942,body_note_or_auxiliary_story,（三）专用车,
原件/免征目录/mf_batch64.doc,c4e238989e7e40ec2c3a6a899ead170b4a745bc72546ba6fd4a5731d8890c6cb,word/document.xml:outside_table_paragraph_2053,body_note_or_auxiliary_story,注：插电式混合动力汽车燃料消耗量仅包括传统燃料/不含电能折算。,
原件/免征目录/mf_batch64.doc,c4e238989e7e40ec2c3a6a899ead170b4a745bc72546ba6fd4a5731d8890c6cb,word/document.xml:outside_table_paragraph_2055,body_note_or_auxiliary_story,三、燃料电池汽车,
原件/免征目录/mf_batch64.doc,c4e238989e7e40ec2c3a6a899ead170b4a745bc72546ba6fd4a5731d8890c6cb,word/document.xml:outside_table_paragraph_2056,body_note_or_auxiliary_story,（一）客车,
原件/免征目录/mf_batch64.doc,c4e238989e7e40ec2c3a6a899ead170b4a745bc72546ba6fd4a5731d8890c6cb,word/document.xml:outside_table_paragraph_2103,body_note_or_auxiliary_story,（二）货车,
原件/免征目录/mf_batch64.doc,c4e238989e7e40ec2c3a6a899ead170b4a745bc72546ba6fd4a5731d8890c6cb,word/document.xml:outside_table_paragraph_2141,body_note_or_auxiliary_story,（三）专用车,
原件/免征目录/mf_batch64.doc,c4e238989e7e40ec2c3a6a899ead170b4a745bc72546ba6fd4a5731d8890c6cb,word/footer1.xml:outside_table_paragraph_1,body_note_or_auxiliary_story,1111,
原件/免征目录/mf_batch64.doc,c4e238989e7e40ec2c3a6a899ead170b4a745bc72546ba6fd4a5731d8890c6cb,word/footer1.xml:outside_table_paragraph_2,body_note_or_auxiliary_story,11,
原件/免征目录/mf_batch64.doc,c4e238989e7e40ec2c3a6a899ead170b4a745bc72546ba6fd4a5731d8890c6cb,word/footer1.xml:outside_table_paragraph_3,body_note_or_auxiliary_story,11,
原件/免征目录/mf_batch65.doc,06a6a578a9a60516a845bc92deac49954438a789e9e4a7cf3cd140f256d9b13d,word/document.xml:table_0:row_0,physical_table_first_row_or_explicit_header,序号 | 汽车生产企业名称 | 车辆型号 | 通用名称 | 纯电动续驶里程(km) | 整车整备质量(kg) | 动力蓄电池组总质量(kg) | 动力蓄电池组总能量（kWh） | 备注,
原件/免征目录/mf_batch65.doc,06a6a578a9a60516a845bc92deac49954438a789e9e4a7cf3cd140f256d9b13d,word/document.xml:table_1:row_0,physical_table_first_row_or_explicit_header,序号 | 汽车生产企业名称 | 车辆型号 | 产品名称 | 纯电动续驶里程(km) | 整车整备质量(kg) | 动力蓄电池组总质量(kg) | 动力蓄电池组总能量（kWh） | 备注,
原件/免征目录/mf_batch65.doc,06a6a578a9a60516a845bc92deac49954438a789e9e4a7cf3cd140f256d9b13d,word/document.xml:table_2:row_0,physical_table_first_row_or_explicit_header,序号 | 汽车生产企业名称 | 车辆型号 | 产品名称 | 纯电动续驶里程(km) | 整车整备质量(kg) | 动力蓄电池组总质量(kg) | 动力蓄电池组总能量（kWh） | 备注,
原件/免征目录/mf_batch65.doc,06a6a578a9a60516a845bc92deac49954438a789e9e4a7cf3cd140f256d9b13d,word/document.xml:table_3:row_0,physical_table_first_row_or_explicit_header,序号 | 汽车生产企业名称 | 车辆型号 | 产品名称 | 纯电动续驶里程(km) | 整车整备质量(kg) | 动力蓄电池组总质量(kg) | 动力蓄电池组总能量（kWh） | 备注,
原件/免征目录/mf_batch65.doc,06a6a578a9a60516a845bc92deac49954438a789e9e4a7cf3cd140f256d9b13d,word/document.xml:table_4:row_0,physical_table_first_row_or_explicit_header,序号 | 汽车生产企业名称 | 车辆型号 | 通用名称 | 纯电动续驶里程(km) | 燃料消耗量(L/100km) | 发动机排量(mL) | 整车整备质量(kg) | 动力蓄电池组总质量(kg) | 动力蓄电池组总能量（kWh） | 备注,
原件/免征目录/mf_batch65.doc,06a6a578a9a60516a845bc92deac49954438a789e9e4a7cf3cd140f256d9b13d,word/document.xml:table_5:row_0,physical_table_first_row_or_explicit_header,序号 | 汽车生产企业名称 | 车辆型号 | 产品名称 | 纯电动续驶里程(km) | 燃料消耗量(L/100km) | 发动机排量(mL) | 整车整备质量(kg) | 动力蓄电池组总质量(kg) | 动力蓄电池组总能量（kWh） | 备注,
原件/免征目录/mf_batch65.doc,06a6a578a9a60516a845bc92deac49954438a789e9e4a7cf3cd140f256d9b13d,word/document.xml:table_6:row_0,physical_table_first_row_or_explicit_header,序号 | 汽车生产企业名称 | 车辆型号 | 产品名称 | 纯电动续驶里程(km) | 燃料消耗量(L/100km) | 发动机排量(mL) | 整车整备质量(kg) | 动力蓄电池组总质量(kg) | 动力蓄电池组总能量（kWh） | 备注,
原件/免征目录/mf_batch65.doc,06a6a578a9a60516a845bc92deac49954438a789e9e4a7cf3cd140f256d9b13d,word/document.xml:table_7:row_0,physical_table_first_row_or_explicit_header,序号 | 汽车生产企业名称 | 车辆型号 | 产品名称 | 纯电动续驶里程(km) | 整车整备质量(kg) | 燃料电池系统额定功率(kW) | 驱动电机额定功率(kW) | 备注,
原件/免征目录/mf_batch65.doc,06a6a578a9a60516a845bc92deac49954438a789e9e4a7cf3cd140f256d9b13d,word/document.xml:table_8:row_0,physical_table_first_row_or_explicit_header,序号 | 汽车生产企业名称 | 车辆型号 | 产品名称 | 纯电动续驶里程(km) | 整车整备质量(kg) | 燃料电池系统额定功率(kW) | 驱动电机额定功率(kW) | 备注,
原件/免征目录/mf_batch65.doc,06a6a578a9a60516a845bc92deac49954438a789e9e4a7cf3cd140f256d9b13d,word/document.xml:table_9:row_0,physical_table_first_row_or_explicit_header,序号 | 汽车生产企业名称 | 车辆型号 | 产品名称 | 纯电动续驶里程(km) | 整车整备质量(kg) | 燃料电池系统额定功率(kW) | 驱动电机额定功率(kW) | 备注,
原件/免征目录/mf_batch65.doc,06a6a578a9a60516a845bc92deac49954438a789e9e4a7cf3cd140f256d9b13d,word/document.xml:outside_table_paragraph_1,body_note_or_auxiliary_story,附件3,
原件/免征目录/mf_batch65.doc,06a6a578a9a60516a845bc92deac49954438a789e9e4a7cf3cd140f256d9b13d,word/document.xml:outside_table_paragraph_3,body_note_or_auxiliary_story,免征车辆购置税的新能源汽车车型目录,
原件/免征目录/mf_batch65.doc,06a6a578a9a60516a845bc92deac49954438a789e9e4a7cf3cd140f256d9b13d,word/document.xml:outside_table_paragraph_4,body_note_or_auxiliary_story,（第六十五批）,
原件/免征目录/mf_batch65.doc,06a6a578a9a60516a845bc92deac49954438a789e9e4a7cf3cd140f256d9b13d,word/document.xml:outside_table_paragraph_6,body_note_or_auxiliary_story,一、纯电动汽车,
原件/免征目录/mf_batch65.doc,06a6a578a9a60516a845bc92deac49954438a789e9e4a7cf3cd140f256d9b13d,word/document.xml:outside_table_paragraph_7,body_note_or_auxiliary_story,（一）乘用车,
原件/免征目录/mf_batch65.doc,06a6a578a9a60516a845bc92deac49954438a789e9e4a7cf3cd140f256d9b13d,word/document.xml:outside_table_paragraph_459,body_note_or_auxiliary_story,（二）客车,
原件/免征目录/mf_batch65.doc,06a6a578a9a60516a845bc92deac49954438a789e9e4a7cf3cd140f256d9b13d,word/document.xml:outside_table_paragraph_641,body_note_or_auxiliary_story,（三）货车,
原件/免征目录/mf_batch65.doc,06a6a578a9a60516a845bc92deac49954438a789e9e4a7cf3cd140f256d9b13d,word/document.xml:outside_table_paragraph_1129,body_note_or_auxiliary_story,（四）专用车,
原件/免征目录/mf_batch65.doc,06a6a578a9a60516a845bc92deac49954438a789e9e4a7cf3cd140f256d9b13d,word/document.xml:outside_table_paragraph_2643,body_note_or_auxiliary_story,二、插电式混合动力汽车,
原件/免征目录/mf_batch65.doc,06a6a578a9a60516a845bc92deac49954438a789e9e4a7cf3cd140f256d9b13d,word/document.xml:outside_table_paragraph_2644,body_note_or_auxiliary_story,（一）乘用车,
原件/免征目录/mf_batch65.doc,06a6a578a9a60516a845bc92deac49954438a789e9e4a7cf3cd140f256d9b13d,word/document.xml:outside_table_paragraph_2777,body_note_or_auxiliary_story,注：插电式混合动力汽车燃料消耗量仅包括传统燃料/不含电能折算。,
原件/免征目录/mf_batch65.doc,06a6a578a9a60516a845bc92deac49954438a789e9e4a7cf3cd140f256d9b13d,word/document.xml:outside_table_paragraph_2779,body_note_or_auxiliary_story,（二）货车,
原件/免征目录/mf_batch65.doc,06a6a578a9a60516a845bc92deac49954438a789e9e4a7cf3cd140f256d9b13d,word/document.xml:outside_table_paragraph_2824,body_note_or_auxiliary_story,注：插电式混合动力汽车燃料消耗量仅包括传统燃料/不含电能折算。,
原件/免征目录/mf_batch65.doc,06a6a578a9a60516a845bc92deac49954438a789e9e4a7cf3cd140f256d9b13d,word/document.xml:outside_table_paragraph_2826,body_note_or_auxiliary_story,（三）专用车,
原件/免征目录/mf_batch65.doc,06a6a578a9a60516a845bc92deac49954438a789e9e4a7cf3cd140f256d9b13d,word/document.xml:outside_table_paragraph_2871,body_note_or_auxiliary_story,注：插电式混合动力汽车燃料消耗量仅包括传统燃料/不含电能折算。,
原件/免征目录/mf_batch65.doc,06a6a578a9a60516a845bc92deac49954438a789e9e4a7cf3cd140f256d9b13d,word/document.xml:outside_table_paragraph_2873,body_note_or_auxiliary_story,三、燃料电池汽车,
原件/免征目录/mf_batch65.doc,06a6a578a9a60516a845bc92deac49954438a789e9e4a7cf3cd140f256d9b13d,word/document.xml:outside_table_paragraph_2874,body_note_or_auxiliary_story,（一）客车,
原件/免征目录/mf_batch65.doc,06a6a578a9a60516a845bc92deac49954438a789e9e4a7cf3cd140f256d9b13d,word/document.xml:outside_table_paragraph_2930,body_note_or_auxiliary_story,（二）货车,
原件/免征目录/mf_batch65.doc,06a6a578a9a60516a845bc92deac49954438a789e9e4a7cf3cd140f256d9b13d,word/document.xml:outside_table_paragraph_2950,body_note_or_auxiliary_story,（三）专用车,
原件/免征目录/mf_batch65.doc,06a6a578a9a60516a845bc92deac49954438a789e9e4a7cf3cd140f256d9b13d,word/footer1.xml:outside_table_paragraph_1,body_note_or_auxiliary_story,1717,
原件/免征目录/mf_batch65.doc,06a6a578a9a60516a845bc92deac49954438a789e9e4a7cf3cd140f256d9b13d,word/footer1.xml:outside_table_paragraph_2,body_note_or_auxiliary_story,17,
原件/免征目录/mf_batch65.doc,06a6a578a9a60516a845bc92deac49954438a789e9e4a7cf3cd140f256d9b13d,word/footer1.xml:outside_table_paragraph_3,body_note_or_auxiliary_story,17,
原件/免征目录/mf_batch66.doc,05a5fce42de1c5412803fe6a7bb46d04c4d61cb71dc5d88a9b59a3e884350544,word/document.xml:table_0:row_0,physical_table_first_row_or_explicit_header,序号 | 汽车生产企业名称 | 车辆型号 | 通用名称 | 纯电动续驶里程(km) | 整车整备质量(kg) | 动力蓄电池组总质量(kg) | 动力蓄电池组总能量（kWh） | 备注,
原件/免征目录/mf_batch66.doc,05a5fce42de1c5412803fe6a7bb46d04c4d61cb71dc5d88a9b59a3e884350544,word/document.xml:table_1:row_0,physical_table_first_row_or_explicit_header,序号 | 汽车生产企业名称 | 车辆型号 | 产品名称 | 纯电动续驶里程(km) | 整车整备质量(kg) | 动力蓄电池组总质量(kg) | 动力蓄电池组总能量（kWh） | 备注,
原件/免征目录/mf_batch66.doc,05a5fce42de1c5412803fe6a7bb46d04c4d61cb71dc5d88a9b59a3e884350544,word/document.xml:table_2:row_0,physical_table_first_row_or_explicit_header,序号 | 汽车生产企业名称 | 车辆型号 | 产品名称 | 纯电动续驶里程(km) | 整车整备质量(kg) | 动力蓄电池组总质量(kg) | 动力蓄电池组总能量（kWh） | 备注,
原件/免征目录/mf_batch66.doc,05a5fce42de1c5412803fe6a7bb46d04c4d61cb71dc5d88a9b59a3e884350544,word/document.xml:table_3:row_0,physical_table_first_row_or_explicit_header,序号 | 汽车生产企业名称 | 车辆型号 | 产品名称 | 纯电动续驶里程(km) | 整车整备质量(kg) | 动力蓄电池组总质量(kg) | 动力蓄电池组总能量（kWh） | 备注,
原件/免征目录/mf_batch66.doc,05a5fce42de1c5412803fe6a7bb46d04c4d61cb71dc5d88a9b59a3e884350544,word/document.xml:table_4:row_0,physical_table_first_row_or_explicit_header,序号 | 汽车生产企业名称 | 车辆型号 | 通用名称 | 纯电动续驶里程(km) | 燃料消耗量(L/100km) | 发动机排量(mL) | 整车整备质量(kg) | 动力蓄电池组总质量(kg) | 动力蓄电池组总能量（kWh） | 备注,
原件/免征目录/mf_batch66.doc,05a5fce42de1c5412803fe6a7bb46d04c4d61cb71dc5d88a9b59a3e884350544,word/document.xml:table_5:row_0,physical_table_first_row_or_explicit_header,序号 | 汽车生产企业名称 | 车辆型号 | 产品名称 | 纯电动续驶里程(km) | 燃料消耗量(L/100km) | 发动机排量(mL) | 整车整备质量(kg) | 动力蓄电池组总质量(kg) | 动力蓄电池组总能量（kWh） | 备注,
原件/免征目录/mf_batch66.doc,05a5fce42de1c5412803fe6a7bb46d04c4d61cb71dc5d88a9b59a3e884350544,word/document.xml:table_6:row_0,physical_table_first_row_or_explicit_header,序号 | 汽车生产企业名称 | 车辆型号 | 产品名称 | 纯电动续驶里程(km) | 燃料消耗量(L/100km) | 发动机排量(mL) | 整车整备质量(kg) | 动力蓄电池组总质量(kg) | 动力蓄电池组总能量（kWh） | 备注,
原件/免征目录/mf_batch66.doc,05a5fce42de1c5412803fe6a7bb46d04c4d61cb71dc5d88a9b59a3e884350544,word/document.xml:table_7:row_0,physical_table_first_row_or_explicit_header,序号 | 汽车生产企业名称 | 车辆型号 | 产品名称 | 纯电动续驶里程(km) | 整车整备质量(kg) | 燃料电池系统额定功率(kW) | 驱动电机额定功率(kW) | 备注,
原件/免征目录/mf_batch66.doc,05a5fce42de1c5412803fe6a7bb46d04c4d61cb71dc5d88a9b59a3e884350544,word/document.xml:table_8:row_0,physical_table_first_row_or_explicit_header,序号 | 汽车生产企业名称 | 车辆型号 | 产品名称 | 纯电动续驶里程(km) | 整车整备质量(kg) | 燃料电池系统额定功率(kW) | 驱动电机额定功率(kW) | 备注,
原件/免征目录/mf_batch66.doc,05a5fce42de1c5412803fe6a7bb46d04c4d61cb71dc5d88a9b59a3e884350544,word/document.xml:table_9:row_0,physical_table_first_row_or_explicit_header,序号 | 汽车生产企业名称 | 车辆型号 | 产品名称 | 纯电动续驶里程(km) | 整车整备质量(kg) | 燃料电池系统额定功率(kW) | 驱动电机额定功率(kW) | 备注,
原件/免征目录/mf_batch66.doc,05a5fce42de1c5412803fe6a7bb46d04c4d61cb71dc5d88a9b59a3e884350544,word/document.xml:table_10:row_0,physical_table_first_row_or_explicit_header,序号 | 变更前汽车生产企业名称 | 变更后汽车生产企业名称 | 备注,
原件/免征目录/mf_batch66.doc,05a5fce42de1c5412803fe6a7bb46d04c4d61cb71dc5d88a9b59a3e884350544,word/document.xml:outside_table_paragraph_1,body_note_or_auxiliary_story,附件3,
原件/免征目录/mf_batch66.doc,05a5fce42de1c5412803fe6a7bb46d04c4d61cb71dc5d88a9b59a3e884350544,word/document.xml:outside_table_paragraph_3,body_note_or_auxiliary_story,免征车辆购置税的新能源汽车车型目录,
原件/免征目录/mf_batch66.doc,05a5fce42de1c5412803fe6a7bb46d04c4d61cb71dc5d88a9b59a3e884350544,word/document.xml:outside_table_paragraph_4,body_note_or_auxiliary_story,（第六十六批）,
原件/免征目录/mf_batch66.doc,05a5fce42de1c5412803fe6a7bb46d04c4d61cb71dc5d88a9b59a3e884350544,word/document.xml:outside_table_paragraph_6,body_note_or_auxiliary_story,一、纯电动汽车,
原件/免征目录/mf_batch66.doc,05a5fce42de1c5412803fe6a7bb46d04c4d61cb71dc5d88a9b59a3e884350544,word/document.xml:outside_table_paragraph_7,body_note_or_auxiliary_story,（一）乘用车,
原件/免征目录/mf_batch66.doc,05a5fce42de1c5412803fe6a7bb46d04c4d61cb71dc5d88a9b59a3e884350544,word/document.xml:outside_table_paragraph_333,body_note_or_auxiliary_story,（二）客车,
原件/免征目录/mf_batch66.doc,05a5fce42de1c5412803fe6a7bb46d04c4d61cb71dc5d88a9b59a3e884350544,word/document.xml:outside_table_paragraph_560,body_note_or_auxiliary_story,（三）货车,
原件/免征目录/mf_batch66.doc,05a5fce42de1c5412803fe6a7bb46d04c4d61cb71dc5d88a9b59a3e884350544,word/document.xml:outside_table_paragraph_1111,body_note_or_auxiliary_story,（四）专用车,
原件/免征目录/mf_batch66.doc,05a5fce42de1c5412803fe6a7bb46d04c4d61cb71dc5d88a9b59a3e884350544,word/document.xml:outside_table_paragraph_2751,body_note_or_auxiliary_story,二、插电式混合动力汽车,
原件/免征目录/mf_batch66.doc,05a5fce42de1c5412803fe6a7bb46d04c4d61cb71dc5d88a9b59a3e884350544,word/document.xml:outside_table_paragraph_2752,body_note_or_auxiliary_story,（一）乘用车,
原件/免征目录/mf_batch66.doc,05a5fce42de1c5412803fe6a7bb46d04c4d61cb71dc5d88a9b59a3e884350544,word/document.xml:outside_table_paragraph_2962,body_note_or_auxiliary_story,注：插电式混合动力汽车燃料消耗量仅包括传统燃料/不含电能折算。,
原件/免征目录/mf_batch66.doc,05a5fce42de1c5412803fe6a7bb46d04c4d61cb71dc5d88a9b59a3e884350544,word/document.xml:outside_table_paragraph_2964,body_note_or_auxiliary_story,（二）货车,
原件/免征目录/mf_batch66.doc,05a5fce42de1c5412803fe6a7bb46d04c4d61cb71dc5d88a9b59a3e884350544,word/document.xml:outside_table_paragraph_3009,body_note_or_auxiliary_story,注：插电式混合动力汽车燃料消耗量仅包括传统燃料/不含电能折算。,
原件/免征目录/mf_batch66.doc,05a5fce42de1c5412803fe6a7bb46d04c4d61cb71dc5d88a9b59a3e884350544,word/document.xml:outside_table_paragraph_3011,body_note_or_auxiliary_story,（三）专用车,
原件/免征目录/mf_batch66.doc,05a5fce42de1c5412803fe6a7bb46d04c4d61cb71dc5d88a9b59a3e884350544,word/document.xml:outside_table_paragraph_3067,body_note_or_auxiliary_story,注：插电式混合动力汽车燃料消耗量仅包括传统燃料/不含电能折算。,
原件/免征目录/mf_batch66.doc,05a5fce42de1c5412803fe6a7bb46d04c4d61cb71dc5d88a9b59a3e884350544,word/document.xml:outside_table_paragraph_3069,body_note_or_auxiliary_story,三、燃料电池汽车,
原件/免征目录/mf_batch66.doc,05a5fce42de1c5412803fe6a7bb46d04c4d61cb71dc5d88a9b59a3e884350544,word/document.xml:outside_table_paragraph_3070,body_note_or_auxiliary_story,（一）客车,
原件/免征目录/mf_batch66.doc,05a5fce42de1c5412803fe6a7bb46d04c4d61cb71dc5d88a9b59a3e884350544,word/document.xml:outside_table_paragraph_3126,body_note_or_auxiliary_story,（二）货车,
原件/免征目录/mf_batch66.doc,05a5fce42de1c5412803fe6a7bb46d04c4d61cb71dc5d88a9b59a3e884350544,word/document.xml:outside_table_paragraph_3191,body_note_or_auxiliary_story,（三）专用车,
原件/免征目录/mf_batch66.doc,05a5fce42de1c5412803fe6a7bb46d04c4d61cb71dc5d88a9b59a3e884350544,word/document.xml:outside_table_paragraph_3274,body_note_or_auxiliary_story,四、汽车生产企业名称变更名单,
原件/免征目录/mf_batch66.doc,05a5fce42de1c5412803fe6a7bb46d04c4d61cb71dc5d88a9b59a3e884350544,word/footer1.xml:outside_table_paragraph_1,body_note_or_auxiliary_story,2323,
原件/免征目录/mf_batch66.doc,05a5fce42de1c5412803fe6a7bb46d04c4d61cb71dc5d88a9b59a3e884350544,word/footer1.xml:outside_table_paragraph_2,body_note_or_auxiliary_story,23,
原件/免征目录/mf_batch66.doc,05a5fce42de1c5412803fe6a7bb46d04c4d61cb71dc5d88a9b59a3e884350544,word/footer1.xml:outside_table_paragraph_3,body_note_or_auxiliary_story,23,
原件/免征目录/mf_batch67.doc,963a02fcc1f361414f4f003c6d63e00b178d0b962134ed2206c38978f3118101,word/document.xml:table_0:row_0,physical_table_first_row_or_explicit_header,序号 | 汽车生产企业名称 | 车辆型号 | 通用名称 | 纯电动续驶里程(km) | 整车整备质量(kg) | 动力蓄电池组总质量(kg) | 动力蓄电池组总能量（kWh） | 备注,
原件/免征目录/mf_batch67.doc,963a02fcc1f361414f4f003c6d63e00b178d0b962134ed2206c38978f3118101,word/document.xml:table_1:row_0,physical_table_first_row_or_explicit_header,序号 | 汽车生产企业名称 | 车辆型号 | 产品名称 | 纯电动续驶里程(km) | 整车整备质量(kg) | 动力蓄电池组总质量(kg) | 动力蓄电池组总能量（kWh） | 备注,
原件/免征目录/mf_batch67.doc,963a02fcc1f361414f4f003c6d63e00b178d0b962134ed2206c38978f3118101,word/document.xml:table_2:row_0,physical_table_first_row_or_explicit_header,序号 | 汽车生产企业名称 | 车辆型号 | 产品名称 | 纯电动续驶里程(km) | 整车整备质量(kg) | 动力蓄电池组总质量(kg) | 动力蓄电池组总能量（kWh） | 备注,
原件/免征目录/mf_batch67.doc,963a02fcc1f361414f4f003c6d63e00b178d0b962134ed2206c38978f3118101,word/document.xml:table_3:row_0,physical_table_first_row_or_explicit_header,序号 | 汽车生产企业名称 | 车辆型号 | 产品名称 | 纯电动续驶里程(km) | 整车整备质量(kg) | 动力蓄电池组总质量(kg) | 动力蓄电池组总能量（kWh） | 备注,
原件/免征目录/mf_batch67.doc,963a02fcc1f361414f4f003c6d63e00b178d0b962134ed2206c38978f3118101,word/document.xml:table_4:row_0,physical_table_first_row_or_explicit_header,序号 | 汽车生产企业名称 | 车辆型号 | 通用名称 | 纯电动续驶里程(km) | 燃料消耗量(L/100km) | 发动机排量(mL) | 整车整备质量(kg) | 动力蓄电池组总质量(kg) | 动力蓄电池组总能量（kWh） | 备注,
原件/免征目录/mf_batch67.doc,963a02fcc1f361414f4f003c6d63e00b178d0b962134ed2206c38978f3118101,word/document.xml:table_5:row_0,physical_table_first_row_or_explicit_header,序号 | 汽车生产企业名称 | 车辆型号 | 产品名称 | 纯电动续驶里程(km) | 燃料消耗量(L/100km) | 发动机排量(mL) | 整车整备质量(kg) | 动力蓄电池组总质量(kg) | 动力蓄电池组总能量（kWh） | 备注,
原件/免征目录/mf_batch67.doc,963a02fcc1f361414f4f003c6d63e00b178d0b962134ed2206c38978f3118101,word/document.xml:table_6:row_0,physical_table_first_row_or_explicit_header,序号 | 汽车生产企业名称 | 车辆型号 | 产品名称 | 纯电动续驶里程(km) | 燃料消耗量(L/100km) | 发动机排量(mL) | 整车整备质量(kg) | 动力蓄电池组总质量(kg) | 动力蓄电池组总能量（kWh） | 备注,
原件/免征目录/mf_batch67.doc,963a02fcc1f361414f4f003c6d63e00b178d0b962134ed2206c38978f3118101,word/document.xml:table_7:row_0,physical_table_first_row_or_explicit_header,序号 | 汽车生产企业名称 | 车辆型号 | 产品名称 | 纯电动续驶里程(km) | 燃料消耗量(L/100km) | 发动机排量(mL) | 整车整备质量(kg) | 动力蓄电池组总质量(kg) | 动力蓄电池组总能量（kWh） | 备注,
原件/免征目录/mf_batch67.doc,963a02fcc1f361414f4f003c6d63e00b178d0b962134ed2206c38978f3118101,word/document.xml:table_8:row_0,physical_table_first_row_or_explicit_header,序号 | 汽车生产企业名称 | 车辆型号 | 产品名称 | 纯电动续驶里程(km) | 整车整备质量(kg) | 燃料电池系统额定功率(kW) | 驱动电机额定功率(kW) | 备注,
原件/免征目录/mf_batch67.doc,963a02fcc1f361414f4f003c6d63e00b178d0b962134ed2206c38978f3118101,word/document.xml:table_9:row_0,physical_table_first_row_or_explicit_header,序号 | 汽车生产企业名称 | 车辆型号 | 产品名称 | 纯电动续驶里程(km) | 整车整备质量(kg) | 燃料电池系统额定功率(kW) | 驱动电机额定功率(kW) | 备注,
原件/免征目录/mf_batch67.doc,963a02fcc1f361414f4f003c6d63e00b178d0b962134ed2206c38978f3118101,word/document.xml:table_10:row_0,physical_table_first_row_or_explicit_header,序号 | 汽车生产企业名称 | 车辆型号 | 产品名称 | 纯电动续驶里程(km) | 整车整备质量(kg) | 燃料电池系统额定功率(kW) | 驱动电机额定功率(kW) | 备注,
原件/免征目录/mf_batch67.doc,963a02fcc1f361414f4f003c6d63e00b178d0b962134ed2206c38978f3118101,word/document.xml:table_11:row_0,physical_table_first_row_or_explicit_header,序号 | 变更前汽车生产企业名称 | 变更后汽车生产企业名称 | 备注,
原件/免征目录/mf_batch67.doc,963a02fcc1f361414f4f003c6d63e00b178d0b962134ed2206c38978f3118101,word/document.xml:outside_table_paragraph_1,body_note_or_auxiliary_story,附件3,
原件/免征目录/mf_batch67.doc,963a02fcc1f361414f4f003c6d63e00b178d0b962134ed2206c38978f3118101,word/document.xml:outside_table_paragraph_3,body_note_or_auxiliary_story,免征车辆购置税的新能源汽车车型目录,
原件/免征目录/mf_batch67.doc,963a02fcc1f361414f4f003c6d63e00b178d0b962134ed2206c38978f3118101,word/document.xml:outside_table_paragraph_4,body_note_or_auxiliary_story,（第六十七批）,
原件/免征目录/mf_batch67.doc,963a02fcc1f361414f4f003c6d63e00b178d0b962134ed2206c38978f3118101,word/document.xml:outside_table_paragraph_6,body_note_or_auxiliary_story,一、纯电动汽车,
原件/免征目录/mf_batch67.doc,963a02fcc1f361414f4f003c6d63e00b178d0b962134ed2206c38978f3118101,word/document.xml:outside_table_paragraph_7,body_note_or_auxiliary_story,（一）乘用车,
原件/免征目录/mf_batch67.doc,963a02fcc1f361414f4f003c6d63e00b178d0b962134ed2206c38978f3118101,word/document.xml:outside_table_paragraph_324,body_note_or_auxiliary_story,（二）客车,
原件/免征目录/mf_batch67.doc,963a02fcc1f361414f4f003c6d63e00b178d0b962134ed2206c38978f3118101,word/document.xml:outside_table_paragraph_632,body_note_or_auxiliary_story,（三）货车,
原件/免征目录/mf_batch67.doc,963a02fcc1f361414f4f003c6d63e00b178d0b962134ed2206c38978f3118101,word/document.xml:outside_table_paragraph_1138,body_note_or_auxiliary_story,（四）专用车,
原件/免征目录/mf_batch67.doc,963a02fcc1f361414f4f003c6d63e00b178d0b962134ed2206c38978f3118101,word/document.xml:outside_table_paragraph_2814,body_note_or_auxiliary_story,二、插电式混合动力汽车,
原件/免征目录/mf_batch67.doc,963a02fcc1f361414f4f003c6d63e00b178d0b962134ed2206c38978f3118101,word/document.xml:outside_table_paragraph_2815,body_note_or_auxiliary_story,（一）乘用车,
原件/免征目录/mf_batch67.doc,963a02fcc1f361414f4f003c6d63e00b178d0b962134ed2206c38978f3118101,word/document.xml:outside_table_paragraph_3113,body_note_or_auxiliary_story,注：插电式混合动力汽车燃料消耗量仅包括传统燃料/不含电能折算。,
原件/免征目录/mf_batch67.doc,963a02fcc1f361414f4f003c6d63e00b178d0b962134ed2206c38978f3118101,word/document.xml:outside_table_paragraph_3115,body_note_or_auxiliary_story,（二）客车,
原件/免征目录/mf_batch67.doc,963a02fcc1f361414f4f003c6d63e00b178d0b962134ed2206c38978f3118101,word/document.xml:outside_table_paragraph_3138,body_note_or_auxiliary_story,注：插电式混合动力汽车燃料消耗量仅包括传统燃料/不含电能折算。,
原件/免征目录/mf_batch67.doc,963a02fcc1f361414f4f003c6d63e00b178d0b962134ed2206c38978f3118101,word/document.xml:outside_table_paragraph_3140,body_note_or_auxiliary_story,（三）货车,
原件/免征目录/mf_batch67.doc,963a02fcc1f361414f4f003c6d63e00b178d0b962134ed2206c38978f3118101,word/document.xml:outside_table_paragraph_3229,body_note_or_auxiliary_story,注：插电式混合动力汽车燃料消耗量仅包括传统燃料/不含电能折算。,
原件/免征目录/mf_batch67.doc,963a02fcc1f361414f4f003c6d63e00b178d0b962134ed2206c38978f3118101,word/document.xml:outside_table_paragraph_3231,body_note_or_auxiliary_story,（四）专用车,
原件/免征目录/mf_batch67.doc,963a02fcc1f361414f4f003c6d63e00b178d0b962134ed2206c38978f3118101,word/document.xml:outside_table_paragraph_3397,body_note_or_auxiliary_story,注：插电式混合动力汽车燃料消耗量仅包括传统燃料/不含电能折算。,
原件/免征目录/mf_batch67.doc,963a02fcc1f361414f4f003c6d63e00b178d0b962134ed2206c38978f3118101,word/document.xml:outside_table_paragraph_3399,body_note_or_auxiliary_story,三、燃料电池汽车,
原件/免征目录/mf_batch67.doc,963a02fcc1f361414f4f003c6d63e00b178d0b962134ed2206c38978f3118101,word/document.xml:outside_table_paragraph_3400,body_note_or_auxiliary_story,（一）客车,
原件/免征目录/mf_batch67.doc,963a02fcc1f361414f4f003c6d63e00b178d0b962134ed2206c38978f3118101,word/document.xml:outside_table_paragraph_3429,body_note_or_auxiliary_story,（二）货车,
原件/免征目录/mf_batch67.doc,963a02fcc1f361414f4f003c6d63e00b178d0b962134ed2206c38978f3118101,word/document.xml:outside_table_paragraph_3476,body_note_or_auxiliary_story,（三）专用车,
原件/免征目录/mf_batch67.doc,963a02fcc1f361414f4f003c6d63e00b178d0b962134ed2206c38978f3118101,word/document.xml:outside_table_paragraph_3550,body_note_or_auxiliary_story,四、汽车生产企业名称变更名单,
原件/免征目录/mf_batch67.doc,963a02fcc1f361414f4f003c6d63e00b178d0b962134ed2206c38978f3118101,word/footer1.xml:outside_table_paragraph_1,body_note_or_auxiliary_story,2222,
原件/免征目录/mf_batch67.doc,963a02fcc1f361414f4f003c6d63e00b178d0b962134ed2206c38978f3118101,word/footer1.xml:outside_table_paragraph_2,body_note_or_auxiliary_story,22,
原件/免征目录/mf_batch67.doc,963a02fcc1f361414f4f003c6d63e00b178d0b962134ed2206c38978f3118101,word/footer1.xml:outside_table_paragraph_3,body_note_or_auxiliary_story,22,
原件/免征目录/mf_batch68.doc,58113d08377020d08de0aeb0e08ff63c4a4411dbe35ad69cfdd6f82fdf0fcc77,word/document.xml:table_0:row_0,physical_table_first_row_or_explicit_header,序号 | 汽车生产企业名称 | 车辆型号 | 通用名称 | 纯电动续驶里程(km) | 整车整备质量(kg) | 动力蓄电池组总质量(kg) | 动力蓄电池组总能量（kWh） | 备注,
原件/免征目录/mf_batch68.doc,58113d08377020d08de0aeb0e08ff63c4a4411dbe35ad69cfdd6f82fdf0fcc77,word/document.xml:table_1:row_0,physical_table_first_row_or_explicit_header,序号 | 汽车生产企业名称 | 车辆型号 | 产品名称 | 纯电动续驶里程(km) | 整车整备质量(kg) | 动力蓄电池组总质量(kg) | 动力蓄电池组总能量（kWh） | 备注,
原件/免征目录/mf_batch68.doc,58113d08377020d08de0aeb0e08ff63c4a4411dbe35ad69cfdd6f82fdf0fcc77,word/document.xml:table_2:row_0,physical_table_first_row_or_explicit_header,序号 | 汽车生产企业名称 | 车辆型号 | 产品名称 | 纯电动续驶里程(km) | 整车整备质量(kg) | 动力蓄电池组总质量(kg) | 动力蓄电池组总能量（kWh） | 备注,
原件/免征目录/mf_batch68.doc,58113d08377020d08de0aeb0e08ff63c4a4411dbe35ad69cfdd6f82fdf0fcc77,word/document.xml:table_3:row_0,physical_table_first_row_or_explicit_header,序号 | 汽车生产企业名称 | 车辆型号 | 产品名称 | 纯电动续驶里程(km) | 整车整备质量(kg) | 动力蓄电池组总质量(kg) | 动力蓄电池组总能量（kWh） | 备注,
原件/免征目录/mf_batch68.doc,58113d08377020d08de0aeb0e08ff63c4a4411dbe35ad69cfdd6f82fdf0fcc77,word/document.xml:table_4:row_0,physical_table_first_row_or_explicit_header,序号 | 汽车生产企业名称 | 车辆型号 | 通用名称 | 纯电动续驶里程(km) | 燃料消耗量(L/100km) | 发动机排量(mL) | 整车整备质量(kg) | 动力蓄电池组总质量(kg) | 动力蓄电池组总能量（kWh） | 备注,
原件/免征目录/mf_batch68.doc,58113d08377020d08de0aeb0e08ff63c4a4411dbe35ad69cfdd6f82fdf0fcc77,word/document.xml:table_5:row_0,physical_table_first_row_or_explicit_header,序号 | 汽车生产企业名称 | 车辆型号 | 产品名称 | 纯电动续驶里程(km) | 燃料消耗量(L/100km) | 发动机排量(mL) | 整车整备质量(kg) | 动力蓄电池组总质量(kg) | 动力蓄电池组总能量（kWh） | 备注,
原件/免征目录/mf_batch68.doc,58113d08377020d08de0aeb0e08ff63c4a4411dbe35ad69cfdd6f82fdf0fcc77,word/document.xml:table_6:row_0,physical_table_first_row_or_explicit_header,序号 | 汽车生产企业名称 | 车辆型号 | 产品名称 | 纯电动续驶里程(km) | 燃料消耗量(L/100km) | 发动机排量(mL) | 整车整备质量(kg) | 动力蓄电池组总质量(kg) | 动力蓄电池组总能量（kWh） | 备注,
原件/免征目录/mf_batch68.doc,58113d08377020d08de0aeb0e08ff63c4a4411dbe35ad69cfdd6f82fdf0fcc77,word/document.xml:table_7:row_0,physical_table_first_row_or_explicit_header,序号 | 汽车生产企业名称 | 车辆型号 | 产品名称 | 纯电动续驶里程(km) | 整车整备质量(kg) | 燃料电池系统额定功率(kW) | 驱动电机额定功率(kW) | 备注,
原件/免征目录/mf_batch68.doc,58113d08377020d08de0aeb0e08ff63c4a4411dbe35ad69cfdd6f82fdf0fcc77,word/document.xml:table_8:row_0,physical_table_first_row_or_explicit_header,序号 | 汽车生产企业名称 | 车辆型号 | 产品名称 | 纯电动续驶里程(km) | 整车整备质量(kg) | 燃料电池系统额定功率(kW) | 驱动电机额定功率(kW) | 备注,
原件/免征目录/mf_batch68.doc,58113d08377020d08de0aeb0e08ff63c4a4411dbe35ad69cfdd6f82fdf0fcc77,word/document.xml:table_9:row_0,physical_table_first_row_or_explicit_header,序号 | 汽车生产企业名称 | 车辆型号 | 产品名称 | 纯电动续驶里程(km) | 整车整备质量(kg) | 燃料电池系统额定功率(kW) | 驱动电机额定功率(kW) | 备注,
原件/免征目录/mf_batch68.doc,58113d08377020d08de0aeb0e08ff63c4a4411dbe35ad69cfdd6f82fdf0fcc77,word/document.xml:table_10:row_0,physical_table_first_row_or_explicit_header,序号 | 变更前汽车生产企业名称 | 变更后汽车生产企业名称,
原件/免征目录/mf_batch68.doc,58113d08377020d08de0aeb0e08ff63c4a4411dbe35ad69cfdd6f82fdf0fcc77,word/document.xml:outside_table_paragraph_1,body_note_or_auxiliary_story,附件3,
原件/免征目录/mf_batch68.doc,58113d08377020d08de0aeb0e08ff63c4a4411dbe35ad69cfdd6f82fdf0fcc77,word/document.xml:outside_table_paragraph_3,body_note_or_auxiliary_story,免征车辆购置税的新能源汽车车型目录,
原件/免征目录/mf_batch68.doc,58113d08377020d08de0aeb0e08ff63c4a4411dbe35ad69cfdd6f82fdf0fcc77,word/document.xml:outside_table_paragraph_4,body_note_or_auxiliary_story,（第六十八批）,
原件/免征目录/mf_batch68.doc,58113d08377020d08de0aeb0e08ff63c4a4411dbe35ad69cfdd6f82fdf0fcc77,word/document.xml:outside_table_paragraph_6,body_note_or_auxiliary_story,    一、纯电动汽车,
原件/免征目录/mf_batch68.doc,58113d08377020d08de0aeb0e08ff63c4a4411dbe35ad69cfdd6f82fdf0fcc77,word/document.xml:outside_table_paragraph_7,body_note_or_auxiliary_story,    （一）乘用车,
原件/免征目录/mf_batch68.doc,58113d08377020d08de0aeb0e08ff63c4a4411dbe35ad69cfdd6f82fdf0fcc77,word/document.xml:outside_table_paragraph_396,body_note_or_auxiliary_story,    （二）客车,
原件/免征目录/mf_batch68.doc,58113d08377020d08de0aeb0e08ff63c4a4411dbe35ad69cfdd6f82fdf0fcc77,word/document.xml:outside_table_paragraph_569,body_note_or_auxiliary_story,    （三）货车,
原件/免征目录/mf_batch68.doc,58113d08377020d08de0aeb0e08ff63c4a4411dbe35ad69cfdd6f82fdf0fcc77,word/document.xml:outside_table_paragraph_814,body_note_or_auxiliary_story,    （四）专用车,
原件/免征目录/mf_batch68.doc,58113d08377020d08de0aeb0e08ff63c4a4411dbe35ad69cfdd6f82fdf0fcc77,word/document.xml:outside_table_paragraph_1869,body_note_or_auxiliary_story,    二、插电式混合动力汽车,
原件/免征目录/mf_batch68.doc,58113d08377020d08de0aeb0e08ff63c4a4411dbe35ad69cfdd6f82fdf0fcc77,word/document.xml:outside_table_paragraph_1870,body_note_or_auxiliary_story,    （一）乘用车,
原件/免征目录/mf_batch68.doc,58113d08377020d08de0aeb0e08ff63c4a4411dbe35ad69cfdd6f82fdf0fcc77,word/document.xml:outside_table_paragraph_2124,body_note_or_auxiliary_story,注：插电式混合动力汽车燃料消耗量仅包括传统燃料/不含电能折算。,
原件/免征目录/mf_batch68.doc,58113d08377020d08de0aeb0e08ff63c4a4411dbe35ad69cfdd6f82fdf0fcc77,word/document.xml:outside_table_paragraph_2126,body_note_or_auxiliary_story,    （二）货车,
原件/免征目录/mf_batch68.doc,58113d08377020d08de0aeb0e08ff63c4a4411dbe35ad69cfdd6f82fdf0fcc77,word/document.xml:outside_table_paragraph_2193,body_note_or_auxiliary_story,注：插电式混合动力汽车燃料消耗量仅包括传统燃料/不含电能折算。,
原件/免征目录/mf_batch68.doc,58113d08377020d08de0aeb0e08ff63c4a4411dbe35ad69cfdd6f82fdf0fcc77,word/document.xml:outside_table_paragraph_2195,body_note_or_auxiliary_story,    （三）专用车,
原件/免征目录/mf_batch68.doc,58113d08377020d08de0aeb0e08ff63c4a4411dbe35ad69cfdd6f82fdf0fcc77,word/document.xml:outside_table_paragraph_2372,body_note_or_auxiliary_story,注：插电式混合动力汽车燃料消耗量仅包括传统燃料/不含电能折算。,
原件/免征目录/mf_batch68.doc,58113d08377020d08de0aeb0e08ff63c4a4411dbe35ad69cfdd6f82fdf0fcc77,word/document.xml:outside_table_paragraph_2374,body_note_or_auxiliary_story,    三、燃料电池汽车,
原件/免征目录/mf_batch68.doc,58113d08377020d08de0aeb0e08ff63c4a4411dbe35ad69cfdd6f82fdf0fcc77,word/document.xml:outside_table_paragraph_2375,body_note_or_auxiliary_story,    （一）客车,
原件/免征目录/mf_batch68.doc,58113d08377020d08de0aeb0e08ff63c4a4411dbe35ad69cfdd6f82fdf0fcc77,word/document.xml:outside_table_paragraph_2404,body_note_or_auxiliary_story,    （二）货车,
原件/免征目录/mf_batch68.doc,58113d08377020d08de0aeb0e08ff63c4a4411dbe35ad69cfdd6f82fdf0fcc77,word/document.xml:outside_table_paragraph_2451,body_note_or_auxiliary_story,    （三）专用车,
原件/免征目录/mf_batch68.doc,58113d08377020d08de0aeb0e08ff63c4a4411dbe35ad69cfdd6f82fdf0fcc77,word/document.xml:outside_table_paragraph_2570,body_note_or_auxiliary_story,四、汽车生产企业名称变更名单,
原件/免征目录/mf_batch68.doc,58113d08377020d08de0aeb0e08ff63c4a4411dbe35ad69cfdd6f82fdf0fcc77,word/footer1.xml:outside_table_paragraph_1,body_note_or_auxiliary_story,1515,
原件/免征目录/mf_batch68.doc,58113d08377020d08de0aeb0e08ff63c4a4411dbe35ad69cfdd6f82fdf0fcc77,word/footer1.xml:outside_table_paragraph_2,body_note_or_auxiliary_story,15,
原件/免征目录/mf_batch68.doc,58113d08377020d08de0aeb0e08ff63c4a4411dbe35ad69cfdd6f82fdf0fcc77,word/footer1.xml:outside_table_paragraph_3,body_note_or_auxiliary_story,15,
原件/免征目录/mf_batch69.doc,357d61a16c94488c9fdd761f393edb7029b05394ab06117abaebcba1a1e45546,word/document.xml:table_0:row_0,physical_table_first_row_or_explicit_header,序号 | 汽车生产企业名称 | 车辆型号 | 通用名称 | 纯电动续驶里程(km) | 整车整备质量(kg) | 动力蓄电池组总质量(kg) | 动力蓄电池组总能量（kWh） | 备注,
原件/免征目录/mf_batch69.doc,357d61a16c94488c9fdd761f393edb7029b05394ab06117abaebcba1a1e45546,word/document.xml:table_1:row_0,physical_table_first_row_or_explicit_header,序号 | 汽车生产企业名称 | 车辆型号 | 产品名称 | 纯电动续驶里程(km) | 整车整备质量(kg) | 动力蓄电池组总质量(kg) | 动力蓄电池组总能量（kWh） | 备注,
原件/免征目录/mf_batch69.doc,357d61a16c94488c9fdd761f393edb7029b05394ab06117abaebcba1a1e45546,word/document.xml:table_2:row_0,physical_table_first_row_or_explicit_header,序号 | 汽车生产企业名称 | 车辆型号 | 产品名称 | 纯电动续驶里程(km) | 整车整备质量(kg) | 动力蓄电池组总质量(kg) | 动力蓄电池组总能量（kWh） | 备注,
原件/免征目录/mf_batch69.doc,357d61a16c94488c9fdd761f393edb7029b05394ab06117abaebcba1a1e45546,word/document.xml:table_3:row_0,physical_table_first_row_or_explicit_header,序号 | 汽车生产企业名称 | 车辆型号 | 产品名称 | 纯电动续驶里程(km) | 整车整备质量(kg) | 动力蓄电池组总质量(kg) | 动力蓄电池组总能量（kWh） | 备注,
原件/免征目录/mf_batch69.doc,357d61a16c94488c9fdd761f393edb7029b05394ab06117abaebcba1a1e45546,word/document.xml:table_4:row_0,physical_table_first_row_or_explicit_header,序号 | 汽车生产企业名称 | 车辆型号 | 通用名称 | 纯电动续驶里程(km) | 燃料消耗量(L/100km) | 发动机排量(mL) | 整车整备质量(kg) | 动力蓄电池组总质量(kg) | 动力蓄电池组总能量（kWh） | 备注,
原件/免征目录/mf_batch69.doc,357d61a16c94488c9fdd761f393edb7029b05394ab06117abaebcba1a1e45546,word/document.xml:table_5:row_0,physical_table_first_row_or_explicit_header,序号 | 汽车生产企业名称 | 车辆型号 | 产品名称 | 纯电动续驶里程(km) | 燃料消耗量(L/100km) | 发动机排量(mL) | 整车整备质量(kg) | 动力蓄电池组总质量(kg) | 动力蓄电池组总能量（kWh） | 备注,
原件/免征目录/mf_batch69.doc,357d61a16c94488c9fdd761f393edb7029b05394ab06117abaebcba1a1e45546,word/document.xml:table_6:row_0,physical_table_first_row_or_explicit_header,序号 | 汽车生产企业名称 | 车辆型号 | 产品名称 | 纯电动续驶里程(km) | 燃料消耗量(L/100km) | 发动机排量(mL) | 整车整备质量(kg) | 动力蓄电池组总质量(kg) | 动力蓄电池组总能量（kWh） | 备注,
原件/免征目录/mf_batch69.doc,357d61a16c94488c9fdd761f393edb7029b05394ab06117abaebcba1a1e45546,word/document.xml:table_7:row_0,physical_table_first_row_or_explicit_header,序号 | 汽车生产企业名称 | 车辆型号 | 产品名称 | 纯电动续驶里程(km) | 燃料消耗量(L/100km) | 发动机排量(mL) | 整车整备质量(kg) | 动力蓄电池组总质量(kg) | 动力蓄电池组总能量（kWh） | 备注,
原件/免征目录/mf_batch69.doc,357d61a16c94488c9fdd761f393edb7029b05394ab06117abaebcba1a1e45546,word/document.xml:table_8:row_0,physical_table_first_row_or_explicit_header,序号 | 汽车生产企业名称 | 车辆型号 | 产品名称 | 纯电动续驶里程(km) | 整车整备质量(kg) | 燃料电池系统额定功率(kW) | 驱动电机额定功率(kW) | 备注,
原件/免征目录/mf_batch69.doc,357d61a16c94488c9fdd761f393edb7029b05394ab06117abaebcba1a1e45546,word/document.xml:table_9:row_0,physical_table_first_row_or_explicit_header,序号 | 汽车生产企业名称 | 车辆型号 | 产品名称 | 纯电动续驶里程(km) | 整车整备质量(kg) | 燃料电池系统额定功率(kW) | 驱动电机额定功率(kW) | 备注,
原件/免征目录/mf_batch69.doc,357d61a16c94488c9fdd761f393edb7029b05394ab06117abaebcba1a1e45546,word/document.xml:outside_table_paragraph_1,body_note_or_auxiliary_story,附件3,
原件/免征目录/mf_batch69.doc,357d61a16c94488c9fdd761f393edb7029b05394ab06117abaebcba1a1e45546,word/document.xml:outside_table_paragraph_3,body_note_or_auxiliary_story,免征车辆购置税的新能源汽车车型目录,
原件/免征目录/mf_batch69.doc,357d61a16c94488c9fdd761f393edb7029b05394ab06117abaebcba1a1e45546,word/document.xml:outside_table_paragraph_4,body_note_or_auxiliary_story,（第六十九批）,
原件/免征目录/mf_batch69.doc,357d61a16c94488c9fdd761f393edb7029b05394ab06117abaebcba1a1e45546,word/document.xml:outside_table_paragraph_6,body_note_or_auxiliary_story,    一、纯电动汽车,
原件/免征目录/mf_batch69.doc,357d61a16c94488c9fdd761f393edb7029b05394ab06117abaebcba1a1e45546,word/document.xml:outside_table_paragraph_7,body_note_or_auxiliary_story,    （一）乘用车,
原件/免征目录/mf_batch69.doc,357d61a16c94488c9fdd761f393edb7029b05394ab06117abaebcba1a1e45546,word/document.xml:outside_table_paragraph_765,body_note_or_auxiliary_story,    （二）客车,
原件/免征目录/mf_batch69.doc,357d61a16c94488c9fdd761f393edb7029b05394ab06117abaebcba1a1e45546,word/document.xml:outside_table_paragraph_1046,body_note_or_auxiliary_story,    （三）货车,
原件/免征目录/mf_batch69.doc,357d61a16c94488c9fdd761f393edb7029b05394ab06117abaebcba1a1e45546,word/document.xml:outside_table_paragraph_1488,body_note_or_auxiliary_story," 变更：《免征车辆购置税的新能源汽车车型目录》（第六十三批）一、纯电动汽车，（三）货车部分,第22条山东雷驰新能源汽车有限公司HLD1040P1E5BEV的商标变更为“雷驰牌”。",
原件/免征目录/mf_batch69.doc,357d61a16c94488c9fdd761f393edb7029b05394ab06117abaebcba1a1e45546,word/document.xml:outside_table_paragraph_1490,body_note_or_auxiliary_story,    （四）专用车,
原件/免征目录/mf_batch69.doc,357d61a16c94488c9fdd761f393edb7029b05394ab06117abaebcba1a1e45546,word/document.xml:outside_table_paragraph_3066,body_note_or_auxiliary_story,"   变更：《免征车辆购置税的新能源汽车车型目录》（第六十三批）一、纯电动汽车，（四）专用车部分,第37条山东雷驰新能源汽车有限公司HLD5040XXYBEV的商标变更为“雷驰牌”。  ",
原件/免征目录/mf_batch69.doc,357d61a16c94488c9fdd761f393edb7029b05394ab06117abaebcba1a1e45546,word/document.xml:outside_table_paragraph_3067,body_note_or_auxiliary_story,    二、插电式混合动力汽车,
原件/免征目录/mf_batch69.doc,357d61a16c94488c9fdd761f393edb7029b05394ab06117abaebcba1a1e45546,word/document.xml:outside_table_paragraph_3068,body_note_or_auxiliary_story,    （一）乘用车,
原件/免征目录/mf_batch69.doc,357d61a16c94488c9fdd761f393edb7029b05394ab06117abaebcba1a1e45546,word/document.xml:outside_table_paragraph_3465,body_note_or_auxiliary_story,注：插电式混合动力汽车燃料消耗量仅包括传统燃料/不含电能折算。,
原件/免征目录/mf_batch69.doc,357d61a16c94488c9fdd761f393edb7029b05394ab06117abaebcba1a1e45546,word/document.xml:outside_table_paragraph_3467,body_note_or_auxiliary_story,    （二）客车,
原件/免征目录/mf_batch69.doc,357d61a16c94488c9fdd761f393edb7029b05394ab06117abaebcba1a1e45546,word/document.xml:outside_table_paragraph_3501,body_note_or_auxiliary_story,注：插电式混合动力汽车燃料消耗量仅包括传统燃料/不含电能折算。,
原件/免征目录/mf_batch69.doc,357d61a16c94488c9fdd761f393edb7029b05394ab06117abaebcba1a1e45546,word/document.xml:outside_table_paragraph_3503,body_note_or_auxiliary_story,    （三）货车,
原件/免征目录/mf_batch69.doc,357d61a16c94488c9fdd761f393edb7029b05394ab06117abaebcba1a1e45546,word/document.xml:outside_table_paragraph_3548,body_note_or_auxiliary_story,注：插电式混合动力汽车燃料消耗量仅包括传统燃料/不含电能折算。,
原件/免征目录/mf_batch69.doc,357d61a16c94488c9fdd761f393edb7029b05394ab06117abaebcba1a1e45546,word/document.xml:outside_table_paragraph_3550,body_note_or_auxiliary_story,    （四）专用车,
原件/免征目录/mf_batch69.doc,357d61a16c94488c9fdd761f393edb7029b05394ab06117abaebcba1a1e45546,word/document.xml:outside_table_paragraph_3639,body_note_or_auxiliary_story,注：插电式混合动力汽车燃料消耗量仅包括传统燃料/不含电能折算。,
原件/免征目录/mf_batch69.doc,357d61a16c94488c9fdd761f393edb7029b05394ab06117abaebcba1a1e45546,word/document.xml:outside_table_paragraph_3641,body_note_or_auxiliary_story,    三、燃料电池汽车,
原件/免征目录/mf_batch69.doc,357d61a16c94488c9fdd761f393edb7029b05394ab06117abaebcba1a1e45546,word/document.xml:outside_table_paragraph_3642,body_note_or_auxiliary_story,    （一）货车,
原件/免征目录/mf_batch69.doc,357d61a16c94488c9fdd761f393edb7029b05394ab06117abaebcba1a1e45546,word/document.xml:outside_table_paragraph_3725,body_note_or_auxiliary_story,    （二）专用车,
原件/免征目录/mf_batch69.doc,357d61a16c94488c9fdd761f393edb7029b05394ab06117abaebcba1a1e45546,word/footer1.xml:outside_table_paragraph_1,body_note_or_auxiliary_story,2222,
原件/免征目录/mf_batch69.doc,357d61a16c94488c9fdd761f393edb7029b05394ab06117abaebcba1a1e45546,word/footer1.xml:outside_table_paragraph_2,body_note_or_auxiliary_story,22,
原件/免征目录/mf_batch69.doc,357d61a16c94488c9fdd761f393edb7029b05394ab06117abaebcba1a1e45546,word/footer1.xml:outside_table_paragraph_3,body_note_or_auxiliary_story,22,
原件/免征目录/mf_batch70.doc,29b9f5df62602e114f0ed01426c185fdb15a654022cdf16d4df624bb736ed813,word/document.xml:table_0:row_0,physical_table_first_row_or_explicit_header,序号 | 汽车生产企业名称 | 车辆型号 | 通用名称 | 纯电动续驶里程(km) | 整车整备质量(kg) | 动力蓄电池组总质量(kg) | 动力蓄电池组总能量（kWh） | 备注,
原件/免征目录/mf_batch70.doc,29b9f5df62602e114f0ed01426c185fdb15a654022cdf16d4df624bb736ed813,word/document.xml:table_1:row_0,physical_table_first_row_or_explicit_header,序号 | 汽车生产企业名称 | 车辆型号 | 产品名称 | 纯电动续驶里程(km) | 整车整备质量(kg) | 动力蓄电池组总质量(kg) | 动力蓄电池组总能量（kWh） | 备注,
原件/免征目录/mf_batch70.doc,29b9f5df62602e114f0ed01426c185fdb15a654022cdf16d4df624bb736ed813,word/document.xml:table_2:row_0,physical_table_first_row_or_explicit_header,序号 | 汽车生产企业名称 | 车辆型号 | 产品名称 | 纯电动续驶里程(km) | 整车整备质量(kg) | 动力蓄电池组总质量(kg) | 动力蓄电池组总能量（kWh） | 备注,
原件/免征目录/mf_batch70.doc,29b9f5df62602e114f0ed01426c185fdb15a654022cdf16d4df624bb736ed813,word/document.xml:table_3:row_0,physical_table_first_row_or_explicit_header,序号 | 汽车生产企业名称 | 车辆型号 | 产品名称 | 纯电动续驶里程(km) | 整车整备质量(kg) | 动力蓄电池组总质量(kg) | 动力蓄电池组总能量（kWh） | 备注,
原件/免征目录/mf_batch70.doc,29b9f5df62602e114f0ed01426c185fdb15a654022cdf16d4df624bb736ed813,word/document.xml:table_4:row_0,physical_table_first_row_or_explicit_header,序号 | 汽车生产企业名称 | 车辆型号 | 通用名称 | 纯电动续驶里程(km) | 燃料消耗量(L/100km) | 发动机排量(mL) | 整车整备质量(kg) | 动力蓄电池组总质量(kg) | 动力蓄电池组总能量（kWh） | 备注,
原件/免征目录/mf_batch70.doc,29b9f5df62602e114f0ed01426c185fdb15a654022cdf16d4df624bb736ed813,word/document.xml:table_5:row_0,physical_table_first_row_or_explicit_header,序号 | 汽车生产企业名称 | 车辆型号 | 产品名称 | 纯电动续驶里程(km) | 燃料消耗量(L/100km) | 发动机排量(mL) | 整车整备质量(kg) | 动力蓄电池组总质量(kg) | 动力蓄电池组总能量（kWh） | 备注,
原件/免征目录/mf_batch70.doc,29b9f5df62602e114f0ed01426c185fdb15a654022cdf16d4df624bb736ed813,word/document.xml:table_6:row_0,physical_table_first_row_or_explicit_header,序号 | 汽车生产企业名称 | 车辆型号 | 产品名称 | 纯电动续驶里程(km) | 燃料消耗量(L/100km) | 发动机排量(mL) | 整车整备质量(kg) | 动力蓄电池组总质量(kg) | 动力蓄电池组总能量（kWh） | 备注,
原件/免征目录/mf_batch70.doc,29b9f5df62602e114f0ed01426c185fdb15a654022cdf16d4df624bb736ed813,word/document.xml:table_7:row_0,physical_table_first_row_or_explicit_header,序号 | 汽车生产企业名称 | 车辆型号 | 产品名称 | 纯电动续驶里程(km) | 燃料消耗量(L/100km) | 发动机排量(mL) | 整车整备质量(kg) | 动力蓄电池组总质量(kg) | 动力蓄电池组总能量（kWh） | 备注,
原件/免征目录/mf_batch70.doc,29b9f5df62602e114f0ed01426c185fdb15a654022cdf16d4df624bb736ed813,word/document.xml:table_8:row_0,physical_table_first_row_or_explicit_header,序号 | 汽车生产企业名称 | 车辆型号 | 产品名称 | 纯电动续驶里程(km) | 整车整备质量(kg) | 燃料电池系统额定功率(kW) | 驱动电机额定功率(kW) | 备注,
原件/免征目录/mf_batch70.doc,29b9f5df62602e114f0ed01426c185fdb15a654022cdf16d4df624bb736ed813,word/document.xml:table_9:row_0,physical_table_first_row_or_explicit_header,序号 | 汽车生产企业名称 | 车辆型号 | 产品名称 | 纯电动续驶里程(km) | 整车整备质量(kg) | 燃料电池系统额定功率(kW) | 驱动电机额定功率(kW) | 备注,
原件/免征目录/mf_batch70.doc,29b9f5df62602e114f0ed01426c185fdb15a654022cdf16d4df624bb736ed813,word/document.xml:table_10:row_0,physical_table_first_row_or_explicit_header,序号 | 汽车生产企业名称 | 车辆型号 | 产品名称 | 纯电动续驶里程(km) | 整车整备质量(kg) | 燃料电池系统额定功率(kW) | 驱动电机额定功率(kW) | 备注,
原件/免征目录/mf_batch70.doc,29b9f5df62602e114f0ed01426c185fdb15a654022cdf16d4df624bb736ed813,word/document.xml:table_11:row_0,physical_table_first_row_or_explicit_header,序号 | 变更前汽车生产企业名称 | 变更后汽车生产企业名称 | 备注,
原件/免征目录/mf_batch70.doc,29b9f5df62602e114f0ed01426c185fdb15a654022cdf16d4df624bb736ed813,word/document.xml:outside_table_paragraph_1,body_note_or_auxiliary_story,附件3,
原件/免征目录/mf_batch70.doc,29b9f5df62602e114f0ed01426c185fdb15a654022cdf16d4df624bb736ed813,word/document.xml:outside_table_paragraph_3,body_note_or_auxiliary_story,免征车辆购置税的新能源汽车车型目录,
原件/免征目录/mf_batch70.doc,29b9f5df62602e114f0ed01426c185fdb15a654022cdf16d4df624bb736ed813,word/document.xml:outside_table_paragraph_4,body_note_or_auxiliary_story,（第七十批）,
原件/免征目录/mf_batch70.doc,29b9f5df62602e114f0ed01426c185fdb15a654022cdf16d4df624bb736ed813,word/document.xml:outside_table_paragraph_6,body_note_or_auxiliary_story,一、纯电动汽车,
原件/免征目录/mf_batch70.doc,29b9f5df62602e114f0ed01426c185fdb15a654022cdf16d4df624bb736ed813,word/document.xml:outside_table_paragraph_7,body_note_or_auxiliary_story,（一）乘用车,
原件/免征目录/mf_batch70.doc,29b9f5df62602e114f0ed01426c185fdb15a654022cdf16d4df624bb736ed813,word/document.xml:outside_table_paragraph_432,body_note_or_auxiliary_story,（二）客车,
原件/免征目录/mf_batch70.doc,29b9f5df62602e114f0ed01426c185fdb15a654022cdf16d4df624bb736ed813,word/document.xml:outside_table_paragraph_596,body_note_or_auxiliary_story,（三）货车,
原件/免征目录/mf_batch70.doc,29b9f5df62602e114f0ed01426c185fdb15a654022cdf16d4df624bb736ed813,word/document.xml:outside_table_paragraph_931,body_note_or_auxiliary_story,（四）专用车,
原件/免征目录/mf_batch70.doc,29b9f5df62602e114f0ed01426c185fdb15a654022cdf16d4df624bb736ed813,word/document.xml:outside_table_paragraph_2580,body_note_or_auxiliary_story,二、插电式混合动力汽车,
原件/免征目录/mf_batch70.doc,29b9f5df62602e114f0ed01426c185fdb15a654022cdf16d4df624bb736ed813,word/document.xml:outside_table_paragraph_2581,body_note_or_auxiliary_story,（一）乘用车,
原件/免征目录/mf_batch70.doc,29b9f5df62602e114f0ed01426c185fdb15a654022cdf16d4df624bb736ed813,word/document.xml:outside_table_paragraph_2736,body_note_or_auxiliary_story,注：插电式混合动力汽车燃料消耗量仅包括传统燃料/不含电能折算。,
原件/免征目录/mf_batch70.doc,29b9f5df62602e114f0ed01426c185fdb15a654022cdf16d4df624bb736ed813,word/document.xml:outside_table_paragraph_2738,body_note_or_auxiliary_story,（二）客车,
原件/免征目录/mf_batch70.doc,29b9f5df62602e114f0ed01426c185fdb15a654022cdf16d4df624bb736ed813,word/document.xml:outside_table_paragraph_2761,body_note_or_auxiliary_story,注：插电式混合动力汽车燃料消耗量仅包括传统燃料/不含电能折算。,
原件/免征目录/mf_batch70.doc,29b9f5df62602e114f0ed01426c185fdb15a654022cdf16d4df624bb736ed813,word/document.xml:outside_table_paragraph_2763,body_note_or_auxiliary_story,（三）货车,
原件/免征目录/mf_batch70.doc,29b9f5df62602e114f0ed01426c185fdb15a654022cdf16d4df624bb736ed813,word/document.xml:outside_table_paragraph_2786,body_note_or_auxiliary_story,注：插电式混合动力汽车燃料消耗量仅包括传统燃料/不含电能折算。,
原件/免征目录/mf_batch70.doc,29b9f5df62602e114f0ed01426c185fdb15a654022cdf16d4df624bb736ed813,word/document.xml:outside_table_paragraph_2788,body_note_or_auxiliary_story,（四）专用车,
原件/免征目录/mf_batch70.doc,29b9f5df62602e114f0ed01426c185fdb15a654022cdf16d4df624bb736ed813,word/document.xml:outside_table_paragraph_2943,body_note_or_auxiliary_story,注：插电式混合动力汽车燃料消耗量仅包括传统燃料/不含电能折算。,
原件/免征目录/mf_batch70.doc,29b9f5df62602e114f0ed01426c185fdb15a654022cdf16d4df624bb736ed813,word/document.xml:outside_table_paragraph_2944,body_note_or_auxiliary_story,三、燃料电池汽车,
原件/免征目录/mf_batch70.doc,29b9f5df62602e114f0ed01426c185fdb15a654022cdf16d4df624bb736ed813,word/document.xml:outside_table_paragraph_2945,body_note_or_auxiliary_story,（一）客车,
原件/免征目录/mf_batch70.doc,29b9f5df62602e114f0ed01426c185fdb15a654022cdf16d4df624bb736ed813,word/document.xml:outside_table_paragraph_3010,body_note_or_auxiliary_story,（二）货车,
原件/免征目录/mf_batch70.doc,29b9f5df62602e114f0ed01426c185fdb15a654022cdf16d4df624bb736ed813,word/document.xml:outside_table_paragraph_3075,body_note_or_auxiliary_story,（三）专用车,
原件/免征目录/mf_batch70.doc,29b9f5df62602e114f0ed01426c185fdb15a654022cdf16d4df624bb736ed813,word/document.xml:outside_table_paragraph_3176,body_note_or_auxiliary_story,四、汽车生产企业名称变更名单,
原件/免征目录/mf_batch70.doc,29b9f5df62602e114f0ed01426c185fdb15a654022cdf16d4df624bb736ed813,word/footer1.xml:outside_table_paragraph_1,body_note_or_auxiliary_story,1717,
原件/免征目录/mf_batch70.doc,29b9f5df62602e114f0ed01426c185fdb15a654022cdf16d4df624bb736ed813,word/footer1.xml:outside_table_paragraph_2,body_note_or_auxiliary_story,17,
原件/免征目录/mf_batch70.doc,29b9f5df62602e114f0ed01426c185fdb15a654022cdf16d4df624bb736ed813,word/footer1.xml:outside_table_paragraph_3,body_note_or_auxiliary_story,17,
原件/免征目录/mf_batch71.doc,b37b78b64b8ef7e12e6e95d6fd27a4a6e364c0c83ba403ffcf3bca82c60e3460,word/document.xml:table_0:row_0,physical_table_first_row_or_explicit_header,序号 | 汽车生产企业名称 | 车辆型号 | 通用名称 | 纯电动续驶里程(km) | 整车整备质量(kg) | 动力蓄电池组总质量(kg) | 动力蓄电池组总能量（kWh） | 备注,
原件/免征目录/mf_batch71.doc,b37b78b64b8ef7e12e6e95d6fd27a4a6e364c0c83ba403ffcf3bca82c60e3460,word/document.xml:table_1:row_0,physical_table_first_row_or_explicit_header,序号 | 汽车生产企业名称 | 车辆型号 | 产品名称 | 纯电动续驶里程(km) | 整车整备质量(kg) | 动力蓄电池组总质量(kg) | 动力蓄电池组总能量（kWh） | 备注,
原件/免征目录/mf_batch71.doc,b37b78b64b8ef7e12e6e95d6fd27a4a6e364c0c83ba403ffcf3bca82c60e3460,word/document.xml:table_2:row_0,physical_table_first_row_or_explicit_header,序号 | 汽车生产企业名称 | 车辆型号 | 产品名称 | 纯电动续驶里程(km) | 整车整备质量(kg) | 动力蓄电池组总质量(kg) | 动力蓄电池组总能量（kWh） | 备注,
原件/免征目录/mf_batch71.doc,b37b78b64b8ef7e12e6e95d6fd27a4a6e364c0c83ba403ffcf3bca82c60e3460,word/document.xml:table_3:row_0,physical_table_first_row_or_explicit_header,序号 | 汽车生产企业名称 | 车辆型号 | 产品名称 | 纯电动续驶里程(km) | 整车整备质量(kg) | 动力蓄电池组总质量(kg) | 动力蓄电池组总能量（kWh） | 备注,
原件/免征目录/mf_batch71.doc,b37b78b64b8ef7e12e6e95d6fd27a4a6e364c0c83ba403ffcf3bca82c60e3460,word/document.xml:table_4:row_0,physical_table_first_row_or_explicit_header,序号 | 汽车生产企业名称 | 车辆型号 | 通用名称 | 纯电动续驶里程(km) | 燃料消耗量(L/100km) | 发动机排量(mL) | 整车整备质量(kg) | 动力蓄电池组总质量(kg) | 动力蓄电池组总能量（kWh） | 备注,
原件/免征目录/mf_batch71.doc,b37b78b64b8ef7e12e6e95d6fd27a4a6e364c0c83ba403ffcf3bca82c60e3460,word/document.xml:table_5:row_0,physical_table_first_row_or_explicit_header,序号 | 汽车生产企业名称 | 车辆型号 | 产品名称 | 纯电动续驶里程(km) | 燃料消耗量(L/100km) | 发动机排量(mL) | 整车整备质量(kg) | 动力蓄电池组总质量(kg) | 动力蓄电池组总能量（kWh） | 备注,
原件/免征目录/mf_batch71.doc,b37b78b64b8ef7e12e6e95d6fd27a4a6e364c0c83ba403ffcf3bca82c60e3460,word/document.xml:table_6:row_0,physical_table_first_row_or_explicit_header,序号 | 汽车生产企业名称 | 车辆型号 | 产品名称 | 纯电动续驶里程(km) | 燃料消耗量(L/100km) | 发动机排量(mL) | 整车整备质量(kg) | 动力蓄电池组总质量(kg) | 动力蓄电池组总能量（kWh） | 备注,
原件/免征目录/mf_batch71.doc,b37b78b64b8ef7e12e6e95d6fd27a4a6e364c0c83ba403ffcf3bca82c60e3460,word/document.xml:table_7:row_0,physical_table_first_row_or_explicit_header,序号 | 汽车生产企业名称 | 车辆型号 | 产品名称 | 纯电动续驶里程(km) | 整车整备质量(kg) | 燃料电池系统额定功率(kW) | 驱动电机额定功率(kW) | 备注,
原件/免征目录/mf_batch71.doc,b37b78b64b8ef7e12e6e95d6fd27a4a6e364c0c83ba403ffcf3bca82c60e3460,word/document.xml:table_8:row_0,physical_table_first_row_or_explicit_header,序号 | 汽车生产企业名称 | 车辆型号 | 产品名称 | 纯电动续驶里程(km) | 整车整备质量(kg) | 燃料电池系统额定功率(kW) | 驱动电机额定功率(kW) | 备注,
原件/免征目录/mf_batch71.doc,b37b78b64b8ef7e12e6e95d6fd27a4a6e364c0c83ba403ffcf3bca82c60e3460,word/document.xml:table_9:row_0,physical_table_first_row_or_explicit_header,序号 | 汽车生产企业名称 | 车辆型号 | 产品名称 | 纯电动续驶里程(km) | 整车整备质量(kg) | 燃料电池系统额定功率(kW) | 驱动电机额定功率(kW) | 备注,
原件/免征目录/mf_batch71.doc,b37b78b64b8ef7e12e6e95d6fd27a4a6e364c0c83ba403ffcf3bca82c60e3460,word/document.xml:outside_table_paragraph_1,body_note_or_auxiliary_story,附件3,
原件/免征目录/mf_batch71.doc,b37b78b64b8ef7e12e6e95d6fd27a4a6e364c0c83ba403ffcf3bca82c60e3460,word/document.xml:outside_table_paragraph_3,body_note_or_auxiliary_story,免征车辆购置税的新能源汽车车型目录,
原件/免征目录/mf_batch71.doc,b37b78b64b8ef7e12e6e95d6fd27a4a6e364c0c83ba403ffcf3bca82c60e3460,word/document.xml:outside_table_paragraph_4,body_note_or_auxiliary_story,（第七十一批）,
原件/免征目录/mf_batch71.doc,b37b78b64b8ef7e12e6e95d6fd27a4a6e364c0c83ba403ffcf3bca82c60e3460,word/document.xml:outside_table_paragraph_6,body_note_or_auxiliary_story,    一、纯电动汽车,
原件/免征目录/mf_batch71.doc,b37b78b64b8ef7e12e6e95d6fd27a4a6e364c0c83ba403ffcf3bca82c60e3460,word/document.xml:outside_table_paragraph_7,body_note_or_auxiliary_story,    （一）乘用车,
原件/免征目录/mf_batch71.doc,b37b78b64b8ef7e12e6e95d6fd27a4a6e364c0c83ba403ffcf3bca82c60e3460,word/document.xml:outside_table_paragraph_567,body_note_or_auxiliary_story,    （二）客车,
原件/免征目录/mf_batch71.doc,b37b78b64b8ef7e12e6e95d6fd27a4a6e364c0c83ba403ffcf3bca82c60e3460,word/document.xml:outside_table_paragraph_839,body_note_or_auxiliary_story,    （三）货车,
原件/免征目录/mf_batch71.doc,b37b78b64b8ef7e12e6e95d6fd27a4a6e364c0c83ba403ffcf3bca82c60e3460,word/document.xml:outside_table_paragraph_1192,body_note_or_auxiliary_story,    （四）专用车,
原件/免征目录/mf_batch71.doc,b37b78b64b8ef7e12e6e95d6fd27a4a6e364c0c83ba403ffcf3bca82c60e3460,word/document.xml:outside_table_paragraph_2517,body_note_or_auxiliary_story,    二、插电式混合动力汽车,
原件/免征目录/mf_batch71.doc,b37b78b64b8ef7e12e6e95d6fd27a4a6e364c0c83ba403ffcf3bca82c60e3460,word/document.xml:outside_table_paragraph_2518,body_note_or_auxiliary_story,    （一）乘用车,
原件/免征目录/mf_batch71.doc,b37b78b64b8ef7e12e6e95d6fd27a4a6e364c0c83ba403ffcf3bca82c60e3460,word/document.xml:outside_table_paragraph_2596,body_note_or_auxiliary_story,注：插电式混合动力汽车燃料消耗量仅包括传统燃料/不含电能折算。,
原件/免征目录/mf_batch71.doc,b37b78b64b8ef7e12e6e95d6fd27a4a6e364c0c83ba403ffcf3bca82c60e3460,word/document.xml:outside_table_paragraph_2598,body_note_or_auxiliary_story,    （二）货车,
原件/免征目录/mf_batch71.doc,b37b78b64b8ef7e12e6e95d6fd27a4a6e364c0c83ba403ffcf3bca82c60e3460,word/document.xml:outside_table_paragraph_2676,body_note_or_auxiliary_story,注：插电式混合动力汽车燃料消耗量仅包括传统燃料/不含电能折算。,
原件/免征目录/mf_batch71.doc,b37b78b64b8ef7e12e6e95d6fd27a4a6e364c0c83ba403ffcf3bca82c60e3460,word/document.xml:outside_table_paragraph_2678,body_note_or_auxiliary_story,    （三）专用车,
原件/免征目录/mf_batch71.doc,b37b78b64b8ef7e12e6e95d6fd27a4a6e364c0c83ba403ffcf3bca82c60e3460,word/document.xml:outside_table_paragraph_2723,body_note_or_auxiliary_story,注：插电式混合动力汽车燃料消耗量仅包括传统燃料/不含电能折算。,
原件/免征目录/mf_batch71.doc,b37b78b64b8ef7e12e6e95d6fd27a4a6e364c0c83ba403ffcf3bca82c60e3460,word/document.xml:outside_table_paragraph_2725,body_note_or_auxiliary_story,三、燃料电池汽车,
原件/免征目录/mf_batch71.doc,b37b78b64b8ef7e12e6e95d6fd27a4a6e364c0c83ba403ffcf3bca82c60e3460,word/document.xml:outside_table_paragraph_2726,body_note_or_auxiliary_story,    （一）客车,
原件/免征目录/mf_batch71.doc,b37b78b64b8ef7e12e6e95d6fd27a4a6e364c0c83ba403ffcf3bca82c60e3460,word/document.xml:outside_table_paragraph_2782,body_note_or_auxiliary_story,    （二）货车,
原件/免征目录/mf_batch71.doc,b37b78b64b8ef7e12e6e95d6fd27a4a6e364c0c83ba403ffcf3bca82c60e3460,word/document.xml:outside_table_paragraph_2856,body_note_or_auxiliary_story,    （三）专用车,
原件/免征目录/mf_batch71.doc,b37b78b64b8ef7e12e6e95d6fd27a4a6e364c0c83ba403ffcf3bca82c60e3460,word/footer1.xml:outside_table_paragraph_1,body_note_or_auxiliary_story,1616,
原件/免征目录/mf_batch71.doc,b37b78b64b8ef7e12e6e95d6fd27a4a6e364c0c83ba403ffcf3bca82c60e3460,word/footer1.xml:outside_table_paragraph_2,body_note_or_auxiliary_story,16,
原件/免征目录/mf_batch71.doc,b37b78b64b8ef7e12e6e95d6fd27a4a6e364c0c83ba403ffcf3bca82c60e3460,word/footer1.xml:outside_table_paragraph_3,body_note_or_auxiliary_story,16,
