file,bytes,sha256
README.md,2477,c0b4abd52125d53ccfbfc32297fbd0f7444d8eb894853daa2e38f5dc1bba181f
collect_matched_labels.py,23254,7f3460225fe50913513029a374df4bb880d4dfe2f46c1497bf8ab55dd8890123
collection_events.jsonl,450,32a760059e9a74b83c7feb4291d638953d95ec62d63265f814600654f941077e
extracted/003edd97cc09b10bda517e9b0bbe5135b788a19b7809d304b25b1dc65eb279dd.json,2339,42fcf15838100b821b2689a35654ef38c1a3c5a676d093183acfb7aabc273972
extracted/003edd97cc09b10bda517e9b0bbe5135b788a19b7809d304b25b1dc65eb279dd.txt,1251,f09f2f0f41eb57815a57ba783fb0c325b4793e10afeddcb16a42916aeba9265a
extracted/00582d126c6f7343bf5f41e7de5583755c4db3b0ab0488964a57f7410b8e55f0.json,2339,96bbdd3b2243f4e8895a19e9b1888a433a6308b789c95c100e4d852bea88bf33
extracted/00582d126c6f7343bf5f41e7de5583755c4db3b0ab0488964a57f7410b8e55f0.txt,1251,0813abcc2907774961cce5812f6413061bfea36f440f3a31916bd90115eb4d2e
extracted/00a223b22ede8d62772bd97072c379f0c4f6c523e808f1ab84f53b4b6d7c7196.json,2346,b6d9f3564b77d7905818bfcef7fb8401b85dd1efc0509488b0dd0461a15067f1
extracted/00a223b22ede8d62772bd97072c379f0c4f6c523e808f1ab84f53b4b6d7c7196.txt,1246,9c58e7f4d84251e7c8d724a3d322e7f64c3fc8b31ec08b6fa0b5637eba79188c
extracted/00c9476e2fd708529f11b1de18c80572c6d15be88f6fe649d0a0a19f39e3923c.json,2336,16e9d3cb7a9c6076d5babf80ca8834bd9ebe46d0598402dc3a330bc68b4f674f
extracted/00c9476e2fd708529f11b1de18c80572c6d15be88f6fe649d0a0a19f39e3923c.txt,1324,f013a071e0d7c2d3069092a1efc1af0862ca6aeb9842d58337b453cc67b2c1ea
extracted/01def048029907ee6042ada2dfb37df2a414dc1f5c964cfc9640f205e8eaf5c4.json,2345,334fcca80d1f29a6caede5719adadd21d69869240b88f7d92b099ff96f66a0ba
extracted/01def048029907ee6042ada2dfb37df2a414dc1f5c964cfc9640f205e8eaf5c4.txt,1246,5c764f4e2e5d8ed97fc97f86cf7e8a0e874c047c945aaac21514b80c8d87f434
extracted/0292db74d4cacef30d2bf5bf93150500f7ce42d602b082b9d7c41ebab5986d5f.json,2340,a4106270d4761cf4ab3b5e96ee594ffd5fbbb0908e242287196d6b58874c1317
extracted/0292db74d4cacef30d2bf5bf93150500f7ce42d602b082b9d7c41ebab5986d5f.txt,1252,51e712b9862adb43ea4490ccd797c6be44ab4b916d5968d89008c76cd1155954
extracted/02c8b9b42d32acd41df4140014577d91b52bdbd02a96fce48276e41712bdffbb.json,2338,ce10f0332857127792b1ad86bda548d7c99cc926d0dd61982083a4b3395191c1
extracted/02c8b9b42d32acd41df4140014577d91b52bdbd02a96fce48276e41712bdffbb.txt,1132,78440af40c705247225fa8f219e0ab67b8902f669a38f441996167302cf46e10
extracted/039271e8803c13bd96f0dc0e8f0f98d353d96114af24a13f9692dfc5f135c16e.json,2342,ca5ab907187d476819f3cc981db401f21155c7d39d69780f1565932d7b7ef875
extracted/039271e8803c13bd96f0dc0e8f0f98d353d96114af24a13f9692dfc5f135c16e.txt,1314,7845948f5de7b4a64855d8c32f3c855187eadef0bc0cb7123c9d4aa29eafc48d
extracted/0399bb95773458d88f40fdd11932a68259f31298ec87c628f8258b211aa62941.json,2338,c642f90b4533aacce9f47f62abe9b43f01a87e2b41bcafdc1b8a681e3db62c2e
extracted/0399bb95773458d88f40fdd11932a68259f31298ec87c628f8258b211aa62941.txt,1320,780f5b607880d7193debc06678f2d36e6514f0d89112e59feed5a19b85a9a4e3
extracted/04220ec12ff5d4b840637e448408b0b013840ab2491a9096c2b708bf63310ef9.json,2333,37818aef9b3c2b93f500d96eb15de0d521fcf956c8dd587ffabcc969b1c64e42
extracted/04220ec12ff5d4b840637e448408b0b013840ab2491a9096c2b708bf63310ef9.txt,1332,d503e4ddb933c46c2ca4dceed6cbfc43885738eac084fd2c6650a93ad4b6b406
extracted/04dfe5a20ed9f31b07e9141e798953a07222dadfe033d628cd3e365eccedef0f.json,2337,400c4a74b3cf491e91aa31c92ef9b49ae1967b9062a1b2ebf30e2f3e133b20f3
extracted/04dfe5a20ed9f31b07e9141e798953a07222dadfe033d628cd3e365eccedef0f.txt,1289,97c7f8456ebbc393797b897e393c16f2d1d78c2d899adfd1e05b8b03c3bd0e79
extracted/055cae1f8fb21437d4be7b9918bb2aa6b419fec96be36e532de2027f90771615.json,2339,a6df0c8765d4188fa91efbdcb3135280671da46841564b1d7032a2a832c586e2
extracted/055cae1f8fb21437d4be7b9918bb2aa6b419fec96be36e532de2027f90771615.txt,1242,5da72be26c426feeaafc34e7347bb73a7ebb90844515b818d7282ed2274fc817
extracted/071a9721d277f7776591b288dca2fdebd2b34351e8000a5997e0a36b34fdd41d.json,2333,6d5a0c93ee3db4c255662089759e6097f2feebf3cf021e3b3d7741f8e9b29cec
extracted/071a9721d277f7776591b288dca2fdebd2b34351e8000a5997e0a36b34fdd41d.txt,1241,6faf5569ee8cac13c58bb3b139e87b3c0756d0e4c70a7d46c7f5fdeb23e0e9c9
extracted/072e844ccc719d379e2bd714eddbf6a9ab035f396a943bed0c409c6539568c62.json,2339,8194749ca4f5115f28371e015d0cdfba2c2ffb45e846cc86bfb02068605faae4
extracted/072e844ccc719d379e2bd714eddbf6a9ab035f396a943bed0c409c6539568c62.txt,1242,33f0f25392842aa5cc901e60b26ed46481f94d49d22ef9f63a40b6b447e6cc09
extracted/0785068cfe14571a0a47018b6bd177846184b37a43ba6131a4677b28e4cfd609.json,2337,db04b1baff3877556b076582bbb2f6b5671fa899fb49cff093797eada62b5a0e
extracted/0785068cfe14571a0a47018b6bd177846184b37a43ba6131a4677b28e4cfd609.txt,1289,b41653e31055bbb858267bed7fcf396ae0ea46e48dfc00716a366fe9bb76adaa
extracted/0786560958598ea06f7beb4bf4b0c9703d8fae0680181cf4c6cfe781a758a88e.json,2331,c8b24917d84b2005bf5e02958d6b8af6be7d647ffcf49ac9f78058272ef28eab
extracted/0786560958598ea06f7beb4bf4b0c9703d8fae0680181cf4c6cfe781a758a88e.txt,1319,a01183d7045fb42bc2d95159076d18381c98220b0205f54d2db494c5a3c704fd
extracted/0878c10c9f641e34d7e9780ecaeae1b7592ef5192bdfb40e3c1a95875a569546.json,2342,deefece6e6fc36faa5596c0d525e0790c92232f0d2ddddaa7a719cc5a3f3eab6
extracted/0878c10c9f641e34d7e9780ecaeae1b7592ef5192bdfb40e3c1a95875a569546.txt,1243,93b56f0f86a631f396844f80dd6fd3f6f737c2049846327aba38474dbee2d30a
extracted/0890b7cd6b23f16304caa93c9a1d374a0e5aabdbe426b506a0a6bb5e655a1f8e.json,2333,82a38def90d1b015825c4970c8349274e227c55bf2dc7a0b9f7ad03b026eda2d
extracted/0890b7cd6b23f16304caa93c9a1d374a0e5aabdbe426b506a0a6bb5e655a1f8e.txt,1245,b25e30b7204a35f2a5d3f8ecae939ead5c12b2c5311a9112be7bef5005fb1099
extracted/092035bc51a123ab9c6715fbe79795838e2c0114fe7cabbb85d695f1309bc8fe.json,2340,89649251188b442bbbf804620402b8d6739a22ca7dcf02149970f85fd9fe0e0a
extracted/092035bc51a123ab9c6715fbe79795838e2c0114fe7cabbb85d695f1309bc8fe.txt,1247,ba51d2f1c3211f3184cf2409e24b90cb42703ddb2c858d00b9d423246223b337
extracted/094cc1fac365029409a36c410d426cb590ff5a4f6d31fd304be05e17c56e964b.json,2337,39c231c7b09b7f8c0a24f249faa7e25892593b297861657fdb64a78d4accdc87
extracted/094cc1fac365029409a36c410d426cb590ff5a4f6d31fd304be05e17c56e964b.txt,1246,c3ac32b68551f275d78ff6c60617d2e92b699558c592aa59fab6362a41e4f749
extracted/096b46ca96926fc0d7fbb3d7c4404d814639bc816e7df978e0568161aa0588bf.json,2337,5e8c3eb7acd3eef6a4b2bca3352f5dc754ce9e86f8792aa45930e307cfcb0e1c
extracted/096b46ca96926fc0d7fbb3d7c4404d814639bc816e7df978e0568161aa0588bf.txt,1326,6a37c0eb1633aabde38af95e0be7b61753cd8cb14791ebcf62638df9ed9eb2b1
extracted/09e01ee12c211dcd83c696730b7e3c7ad18cccc70f9f3e6a439023d208048d6a.json,2340,256d15ebb232ead73672ca4f167583bed70d7a6e226ee6647c346d5a3c9ef9b5
extracted/09e01ee12c211dcd83c696730b7e3c7ad18cccc70f9f3e6a439023d208048d6a.txt,1242,6576474629e53af53906336e2090530b5cf96fb9f0897e26112445b8e3a1ccad
extracted/0ab7a35b00971bbffea87912b01e4f4d9d3ce254b4eb544b0b3e4257a2ba9b24.json,2336,f29bcd8dd916211f33b0fa8cce513bc0f061407543276562f4b1583b98b48936
extracted/0ab7a35b00971bbffea87912b01e4f4d9d3ce254b4eb544b0b3e4257a2ba9b24.txt,1329,de266dd3028cdaa3dbd77506100964a9ac00197dce953313db8a9e0c336ea858
extracted/0bc69c10625960e656abeb506cdc650f3786de3f8fba424a325a23125dc76844.json,2335,03fb314db5a050806ef9bc60273adbf2cf8f131d8cad13cd8cc31a551f7ab44c
extracted/0bc69c10625960e656abeb506cdc650f3786de3f8fba424a325a23125dc76844.txt,1242,b10e7c46135fcdd8dda3f725f77a208ce36563ea73223ad6fa25db4022fbf185
extracted/0beb39d532ee36d79087a620cd4d2562f09f9220c28b741636c08d9feff61997.json,2340,702852d15a0fea66d9db740ca87b7aff79433973ea77c0fb9c3565dff043e90e
extracted/0beb39d532ee36d79087a620cd4d2562f09f9220c28b741636c08d9feff61997.txt,1243,ec3a30efe404d9d32d212ef1ae40ffb44d7d61b923ff4b93b1109a498d3f7855
extracted/0cf496fa2a18855719c784c64a80d2de38d3582e1e23ec95ffd0c5649a1c7f0e.json,2340,49f81cc2df808f1c117aa172546c812eeb9b7fe90f9beb4c6e277e5ed5b8dd35
extracted/0cf496fa2a18855719c784c64a80d2de38d3582e1e23ec95ffd0c5649a1c7f0e.txt,1242,cc603b7271ce2d946aa4ee191e0c6f745a1f80b8ddd6b04da662ec4ee719da72
extracted/0d218060303c95d8ee62d734289023c9fdf176162a25f9c58eeefc5cdedc9fb7.json,2333,07d068c7b06b6332e06742241245f0ffbb5bd58d19e16ae08490c4fa5233aefb
extracted/0d218060303c95d8ee62d734289023c9fdf176162a25f9c58eeefc5cdedc9fb7.txt,1239,cfd4b238c16d1f79ced4c2d2faed9bae4ce44952d525155421abe84b3173ebe2
extracted/0d485bcafd388f7fdf8ac15ac72fc5e9ae88f3d230fb34252a0a6727e4e4d888.json,2341,b4fbea00aeccaded1a4966625b2cad636663570fecbd0d2fd0be92baeef25320
extracted/0d485bcafd388f7fdf8ac15ac72fc5e9ae88f3d230fb34252a0a6727e4e4d888.txt,1249,392b2d19cfec47e49b814bc014d309c1d2e6b04adc273988736b0cb72814231a
extracted/0d95850af3ed51483c64d187ef103788ca9e7a99eaf25e093b5bc553766f328f.json,2342,19a985f170043e623e3ea06e253fde2ade6c6bf5f891b14960bb5458c44e4ea0
extracted/0d95850af3ed51483c64d187ef103788ca9e7a99eaf25e093b5bc553766f328f.txt,1314,590b2bd143c6573347c6cef3648010ff372dbf732b25a43dc45e09f2ec5bf30b
extracted/0de58ffb3954a1ec7f0c5de247eff657f881fdd413480c6b49800f638d649e39.json,2340,85db35c37e18fd3ac09aacbf5416cd4247cbbc5162ef02f8e3bc14ebfbcf72a2
extracted/0de58ffb3954a1ec7f0c5de247eff657f881fdd413480c6b49800f638d649e39.txt,1247,6edaaffe4198bdc4ab2748c575e6fa2854557db0bcf8d3d41d7c069f882a8ae6
extracted/0e39def9dbdc8f735c12272dfbfa320d1f289c773efc0856fa56f80dedb4c8ff.json,2340,260f7399c3ad94f8982ac36e026870862305d24905252f8faaa69559c0d927b7
extracted/0e39def9dbdc8f735c12272dfbfa320d1f289c773efc0856fa56f80dedb4c8ff.txt,1252,0e1c677f83949ea48701ea24a265ac0edd509fc99a51c7199ec8eebd7299dc1e
extracted/0e6d498012ad1bff9710a0e31a27e271266a8817b7c5dbd24765bc1f276075ee.json,2337,bbd6eaf4a32444abe9f09c7f16e945bd09a8dc0156a7d203cc145bab5c91b60f
extracted/0e6d498012ad1bff9710a0e31a27e271266a8817b7c5dbd24765bc1f276075ee.txt,1252,c1abb911f99300e0fa600531a2216cedbf04829639c8ed3103157138ce645a2f
extracted/0e71105e1ba3c60ff3fa295ad157d2c11bb109005679951b7bdd1a84ba2a216a.json,2336,603ab624e2208b13e114a9e92a6df2dfe6bd4038b93fb4254b53be0945f7366e
extracted/0e71105e1ba3c60ff3fa295ad157d2c11bb109005679951b7bdd1a84ba2a216a.txt,1325,57e66d0648408633c6887e347d430626319aa8a36ef7f9f6b8ac7dbcca88c902
extracted/0e915c15ae191ffcb070e87dccbb674d12d83a87b9da7253be5c64b5572ac549.json,2336,1f54cc867316c911011dc3c3a60e0dab5c161f7774689845abca3738ba7660a3
extracted/0e915c15ae191ffcb070e87dccbb674d12d83a87b9da7253be5c64b5572ac549.txt,1250,d6111d994178805194a0ce87bdbcce4112ae209ca3b34e9ec2598accedf22bbb
extracted/0ed18cb23c48d324582f515fc40daf88c3296a0518a216c5e0f5d755d31735b7.json,2340,b3a230975db422b6804f697746f0cbfedb9110d893e937608df6baa697ddbbc4
extracted/0ed18cb23c48d324582f515fc40daf88c3296a0518a216c5e0f5d755d31735b7.txt,1252,903ffc3b55a886e6249e793584fc7320720f11c35520bc77d4551b9cba2bcf2e
extracted/0edb64d963ff5c2bb6452eb33a98072266152892a2856c1947fe36c475a5db66.json,2336,3e522d6d28c91e49df421a16c444dace4d8b238df3afef456e4ae8d52c09a369
extracted/0edb64d963ff5c2bb6452eb33a98072266152892a2856c1947fe36c475a5db66.txt,1237,c70e1691e213b6cf2dbf9846b396d1ac9354c2b3b4fc5a215a9426a7549c2dc5
extracted/0ee979ed88fc25fa8a557da88e59e85d766bfb32f09bbd4017fea3d30ca488be.json,2336,0989e0e89ecd7304a67c92f13f6a4a28265c0bbbff640f046ee4acdc8d0a7088
extracted/0ee979ed88fc25fa8a557da88e59e85d766bfb32f09bbd4017fea3d30ca488be.txt,1246,bb0ee1473c361258c5e4d380b9be947d54ff95c2eac3a977189e7e51e4ae7dfb
extracted/0f6ccb91daafefac65978b306dee4c6387388369f95dba680c2ef2b8c24c4fdc.json,2334,83c195a5eb467a80bac763729e555972d65fa0f5da6c22606969c7ac50522e27
extracted/0f6ccb91daafefac65978b306dee4c6387388369f95dba680c2ef2b8c24c4fdc.txt,1242,2277cb52efba95c858d5facd50754a4f30384e31e7baaa0361125f04fe2e2515
extracted/0f818b3bf5693f5023105ab730c0601f6d8d570633540793112c0073f470f72a.json,2278,33740e749608e70ac21700378517a8bed31ce80284c408d2988ef17f952b7bf0
extracted/0f818b3bf5693f5023105ab730c0601f6d8d570633540793112c0073f470f72a.txt,1173,51d4904af4387999a16a57141300fda39fca51dc45fb6ffd984ccb9571e42eb4
extracted/0f9fb1ead516933e041212a8242db6bfc511f45f76b1c12b31b9fb828c03cd5e.json,2340,a3bae6106eded19b310aeec407bcc833b5661f6ecca08796c97c77dff316f952
extracted/0f9fb1ead516933e041212a8242db6bfc511f45f76b1c12b31b9fb828c03cd5e.txt,1319,7883c190fe69149862e40c4bec62e7c5af5dbac284358813a8a87d4cb4211be6
extracted/0fd2af7265eccc2d44bc5e01f1b851a7a66ca259c10a5f93cd6b5d2e46595002.json,2334,385b98847f5c248193a5bed4e333664185d30755b793271b4dc2341051908d4b
extracted/0fd2af7265eccc2d44bc5e01f1b851a7a66ca259c10a5f93cd6b5d2e46595002.txt,1238,d9c46df66bcfe1397edb3959dfc6c4384429339e49b0c2c665fc6cc4f0f17ef4
extracted/10005376fd1f7dafcc91ab348577f736602e52b0fc2945031f1f8fd2c8dde4ac.json,2336,05c4f889fa4577b8458d146b8d9a47333ed4e1b44310971890722adbeb0129c7
extracted/10005376fd1f7dafcc91ab348577f736602e52b0fc2945031f1f8fd2c8dde4ac.txt,1132,7d6ecc95eef3747146aa50b2232c50554498b7c09d1e5c9607623643dc456f63
extracted/104be2fa10bafd4d8d2ad3a000208bb25902c6fd70dd2631af37d0703c439ca1.json,2334,5a227f09d09fdc250ff852f7b278071ea5a5524c9d6ca4c86eccdbde320a25b4
extracted/104be2fa10bafd4d8d2ad3a000208bb25902c6fd70dd2631af37d0703c439ca1.txt,1251,6e50a883f260cc7c8e33472eef4d8cd3e79bf2c65b386a75de29ea463a1a5b69
extracted/10ae838208de7d99d1f254ffb0d2caedaada846c4b4f5e643ef18783e778628f.json,2340,f72ee240b047a7e6ecb62319c65a2a52bbe71f391a07b4a38611dd547b798931
extracted/10ae838208de7d99d1f254ffb0d2caedaada846c4b4f5e643ef18783e778628f.txt,1319,c49c6e6b4ee0e9a79e4d645cd6caf68852516b545f1cff4e5b7170f71088cc68
extracted/10c96f905608e546f6f87278d26cc3347f3b174e0cb4767312bf454889714731.json,2333,b8e7a40c9a2430ff47cec5da85a5f653c4b26418ec24852962e915e30076eb44
extracted/10c96f905608e546f6f87278d26cc3347f3b174e0cb4767312bf454889714731.txt,1245,df9408d51a857b818061ebf5a32305b727d79901eb6e08e3f50d260ed640c450
extracted/10d3f8e96e7169d1dac890b019ddc608adaa2eef223bed95e18490c818b5bc23.json,2332,bc501d8017c03daf460e396e76ee404f778556013eadbab45c9f06c0d4aea4e0
extracted/10d3f8e96e7169d1dac890b019ddc608adaa2eef223bed95e18490c818b5bc23.txt,1245,02378d7d908e7fb7151b3965dea07668eb643ce4bf3b9de1f74723a1ee17287e
extracted/1168eea3d9e520a3e2c43a25083bd4d3e1d72cc7889e0412a1f7038ce7407380.json,2339,3b18b2dc38d848ab38c7c65a7e82e4aba10db1ed459448fbcebf250201ad3174
extracted/1168eea3d9e520a3e2c43a25083bd4d3e1d72cc7889e0412a1f7038ce7407380.txt,1248,34103e96639427f0d30f74c639545888600e1e0a186e1af2989ab9e18e616975
extracted/11c7c79fb25484a69aa2cee0dcda6a2a27ab3b32af93e23961ff9fb2f56d3a53.json,2335,3ca0074c25a0401a74d2368f0a85b9a4b8b455c7c740b1cb1f8f4ea2958f2f1e
extracted/11c7c79fb25484a69aa2cee0dcda6a2a27ab3b32af93e23961ff9fb2f56d3a53.txt,1240,d1cea2cfb4fff28c11780d2fb18b4afc60df103529623ebf1bee6485f66cf64d
extracted/1237c1a24fc4e307a81d842103385a6a6a3533716cf7c907c32e7fbbc82231e1.json,2326,6c00f49a438d0bb222fe36407f3418b6f150fa708ee7c0131c43a30990708457
extracted/1237c1a24fc4e307a81d842103385a6a6a3533716cf7c907c32e7fbbc82231e1.txt,1225,fa2fa87f52cb2040cae58ba409a4c7f57ca3ed30886652cc9c34a05f0b47d968
extracted/133958f21aa2d08e2caae3dbac775929af3dcf72013021bc42caae54a55e05fe.json,2333,21d36e565409aceb4747fb8c311435f14fa846f3825e9b6f693850325fcccde8
extracted/133958f21aa2d08e2caae3dbac775929af3dcf72013021bc42caae54a55e05fe.txt,1245,8b7bfb3aadba42215960281e5136f7260bf852e46300efe8dbbfe5f9488c779b
extracted/13a4f7d5d0da411e6781b2f22e91076055f175d9fbafdd5caabfac0350327f91.json,2338,465921506c13eb998435be88401f940e19a59c60656b4ec690926426fa4f3995
extracted/13a4f7d5d0da411e6781b2f22e91076055f175d9fbafdd5caabfac0350327f91.txt,1269,dff2b31b52631c02c1c1e3c40f6b2d8f077189e260be64d7712b1a814cd78d3b
extracted/13ca18e949ac0dc6722f960b7223a2dfa64e7d1f1cefee2ccd463f60e9f74488.json,2336,5cb018c99f8c9bb1a91d371d00e60ff8644574ba20eed2914aefec9e955cb9af
extracted/13ca18e949ac0dc6722f960b7223a2dfa64e7d1f1cefee2ccd463f60e9f74488.txt,1329,2dc53ab2155fd3b89146d8ca1da8c8eb7f2f23d72b7c99d4b07c4eb36ebfcc79
extracted/1419bc1312196e234d61433759b8a927076f6e25626899d9cf26c2af36c0b230.json,2281,bed2d16278a6603b1aca46acd372b059c26345fe3acccb66ff41cb95d5f62375
extracted/1419bc1312196e234d61433759b8a927076f6e25626899d9cf26c2af36c0b230.txt,1149,156f68260c55da79f2b8eb131dca993c80532ad5e5da6a2790231377d60b4806
extracted/142648c3f0ef6e7d58972cbbe877c55fc0b880202767e345dfd37b45e92e4e4a.json,2331,05d5878c63a6a7381b274b22d63e3bb29bde3024deab13a0b9092e0e5eeebe45
extracted/142648c3f0ef6e7d58972cbbe877c55fc0b880202767e345dfd37b45e92e4e4a.txt,1242,c2b14859a3f6b42ae150bcc8deedeef0ea7900227443308ae3e3603fa410111b
extracted/14afa0e88b2f0d581cb929b9a73258d0873d5cb6c3a09588d2b03834c817f29b.json,2336,a7653613360c505d55cd81eda0abcd327446adfc93697ff529acef3f048f54c6
extracted/14afa0e88b2f0d581cb929b9a73258d0873d5cb6c3a09588d2b03834c817f29b.txt,1329,95020a197afe208fd13eddedcd462a0b70c45a73639837a9af9b07539ea28dc4
extracted/15e40707156482080a6e99d90dd09b4c3ee2828b3239eb95f3c339f011e2961a.json,2333,60979befa57b166feac6316c689752b55a908c33e6a9d851acdce162ab2257fc
extracted/15e40707156482080a6e99d90dd09b4c3ee2828b3239eb95f3c339f011e2961a.txt,1242,23f61dad9f35150ab71140f5adccf48d93b8ea18925c663b677c38349bf4af30
extracted/16546d5999277127efbf428c529f73af1659595daf72178798db3d009bf93004.json,2335,e98906a57a0292553b6d827424fbb01540206b6717989e213c11ec6e738c2978
extracted/16546d5999277127efbf428c529f73af1659595daf72178798db3d009bf93004.txt,1240,9f050c92e7f79c28b62c5458000e68e8d8fcdc2167694aa8eb5012e6a6628d88
extracted/165e45ff9190bcef039ebec7b56fc285fa3fec04a5b7b1482613c99823c4543b.json,2346,b5b73434377a3c504cf2866a3f795d460db2892d277c79a867f59a6972083ffc
extracted/165e45ff9190bcef039ebec7b56fc285fa3fec04a5b7b1482613c99823c4543b.txt,1246,63c7672591bdda83c590631d6fbd67fbe15ae7e1077847f804b8a833f4a92ac5
extracted/1672eb171839b78b523d39ca0804685ee68a85d6d4204182dd37d64b41430f0c.json,2335,feb143ce1eb45c195d7fa47f2fb9b95ee7b0bd24067dc53c5856730465984238
extracted/1672eb171839b78b523d39ca0804685ee68a85d6d4204182dd37d64b41430f0c.txt,1240,654a945285db2e3af551c7543b7018289c859e383d1ee1e90922208b50dfe930
extracted/16762644e484aa9f648a0a5e82b33ba214eadef267f7c3d24db03cf4e2fc6bb8.json,2338,5e24415ecf5473d163e26b2a66d3608fa8488a3d21a2948a54c2bc9535d1d84e
extracted/16762644e484aa9f648a0a5e82b33ba214eadef267f7c3d24db03cf4e2fc6bb8.txt,1317,9297dad459067e10e09ef01529058e89138a4d260c80dd506c0eaa40d155572b
extracted/16ddc587db92fd33629f267194732d77b8d16a06e37348397952fc8a5928994e.json,2339,afcc83bea1e413fd69e45a5b1ad36465a82e6b64bab1c7e1e1d6394c8b115d2e
extracted/16ddc587db92fd33629f267194732d77b8d16a06e37348397952fc8a5928994e.txt,1241,a9c0f5c2e75d52b1a3efb08459ef30acc58018a9d9172366dec8fd102489d6e8
extracted/16fed667c771285ff80c5dbfb579da7b2afc29d8f1fab656ccda9f41dc0779b5.json,2343,132aeb4ba18c4f93586b143552e4b516f4eddb2edcffca5c65397360f628457e
extracted/16fed667c771285ff80c5dbfb579da7b2afc29d8f1fab656ccda9f41dc0779b5.txt,1255,8c981ccd97f3d6d82a6e8a8b50e7d2993aef5729fc2b8d3194c0d57ba2f9feb2
extracted/172f0f8c6da74cc692a8a1ba7d4f31ae496e8241c6f0fdb8c2476091ebc98f07.json,2282,aede570dc828e7ad4e0dc6eebc0cdbe70aa2ab1a9bcca7b0e50867388183116b
extracted/172f0f8c6da74cc692a8a1ba7d4f31ae496e8241c6f0fdb8c2476091ebc98f07.txt,1174,57d6cfce0ddb27108dca01553ed1892f4135f46f4a4b8e94b45d7dd35a1f4ad0
extracted/174d58306cac6c0c69389442d35ab116811e587ca1d9d92429066a7539a6022b.json,2337,24ba43c435675a2a5a04cb7ff7b3a8b39a9442d79366377f63816e2a4e55a959
extracted/174d58306cac6c0c69389442d35ab116811e587ca1d9d92429066a7539a6022b.txt,1240,2ccefef5f66c7ced1f357b602f21b6a3db7698186eea0cd28e7327ca6df3dd2b
extracted/17f6472fa39bf656537a5363cf7e47a1f45f31f78ca88b11abd84fb217929fc9.json,2332,c28f5d2fc37862bad90c0023b3d5a673d3348b85b8117336d65577f9a279bc81
extracted/17f6472fa39bf656537a5363cf7e47a1f45f31f78ca88b11abd84fb217929fc9.txt,1249,fb1b2688b91b091388863cc215f9e41da4ac5d8500aba904766507cce5ae607b
extracted/17f98348d1fad6e43aa49d5224977f0256c56cfa6881cb73085a5150245910a5.json,2339,08117dd68a5a938fc714136f8c0ae0030ec21b98224aa592ec5d5dd4e2e03bcf
extracted/17f98348d1fad6e43aa49d5224977f0256c56cfa6881cb73085a5150245910a5.txt,1244,48e1f88eff96bb418121853fe86028e83c4591e8efddd27c8db36702fa0404a2
extracted/1824a200623c025b9e1c593f93e73be328290f7b23dcc73e5db2aafb5cef9c5e.json,2340,b3d4a582547760bc77d38aa453bf560a635eb19b57c7d4fd07c8eb9d72b25d56
extracted/1824a200623c025b9e1c593f93e73be328290f7b23dcc73e5db2aafb5cef9c5e.txt,1252,40d12fe36d03fa782b7c2de3acfa4dbe89b2751700d1751173580b67b9e0e4fe
extracted/18df589861062132bdc6e2c590311044671552c252fdf5496f5c4df8d983aadf.json,2338,a4e8f7055be43db7e75933cbe90317caa18b2cc6f19c859bbae7300637a42f3e
extracted/18df589861062132bdc6e2c590311044671552c252fdf5496f5c4df8d983aadf.txt,1250,47024f8ed4af50064937768bca1950fc90c6be1a4096c93e946afbda6aa3736f
extracted/18e46db6b9a197f2a46403776adc62f6978130acbbe3bc531bd67805124492d8.json,2278,ce6ee24be0036e5c2eb489019540c41ccf99615d57fc89289b7f91b9456e8144
extracted/18e46db6b9a197f2a46403776adc62f6978130acbbe3bc531bd67805124492d8.txt,1173,bc6a8a17b5c4cc62da2cc456efd8865e90d466adfbd423da781124f5b1aa993a
extracted/19904fb0cc170b5ad95404f499205a841455e8f84f1a68f48be45a1bd5999cda.json,2335,e13795799c49f43179ecdabaafbe8f48476c47a331d6530a1bbd36fe4bbcace1
extracted/19904fb0cc170b5ad95404f499205a841455e8f84f1a68f48be45a1bd5999cda.txt,1246,2bcad733d019c2d899d48553d8c4169133ef8200c5501e5f0f1b89b965c09a64
extracted/19a7c54aa68de829060e9ff8f72b8c6861ca154a9ae600a88d5f605e0835a020.json,2336,581a74857d9fe23fca201e9bbe468eb0530aef722ca2bcf134efd35143491288
extracted/19a7c54aa68de829060e9ff8f72b8c6861ca154a9ae600a88d5f605e0835a020.txt,1325,9ccd16c77fc1c78ec215bc469f511f05b41f8434de6441d267d7694af11b09c9
extracted/1a07870ca1d0cb881a69062141dc6fae7840c0a7245e2d23d4eda5881de7adcc.json,2336,fd718a2258e9c354bff0fe4fe75af5a77b945f543106de4a7063dfdedc6302b5
extracted/1a07870ca1d0cb881a69062141dc6fae7840c0a7245e2d23d4eda5881de7adcc.txt,1329,5b9f6defe28b606882d3f72b34798a0e01af1b8fdc47be0e7ed8b0da432edc18
extracted/1a831c6ef92832842eca0265c9aca55c900fb573cafb2cf63dff5a95b54f2df1.json,2328,762af32bfda5819d1cf86602773a99dcbdfda5d872eb684cc00b1a4eeb138ffb
extracted/1a831c6ef92832842eca0265c9aca55c900fb573cafb2cf63dff5a95b54f2df1.txt,1249,0b8264c4debabb3170b5af0a91d01ac42f921120b4fa01e05cd50ffea084c283
extracted/1a9c34697bfc0f22d633d5051a3497236888cafe02db1e19ed65640470b6df11.json,2339,bc3462aa9ae513baaf9b4c1286d04764f23e8e0c0a296421d004015c8d5fca66
extracted/1a9c34697bfc0f22d633d5051a3497236888cafe02db1e19ed65640470b6df11.txt,1238,a11fd01d82ec18bbc99f6b38dc0a6cc256cd3a767b0e8b7fd1468924ef748f13
extracted/1b488e301d3d98cf5f0391a1515f801c3151ea274ae3c5a9d291a6fd8b5c69f6.json,2334,c73767b3794e88d40da05603d109adeb5e278598d8d141500cc947522b91dd03
extracted/1b488e301d3d98cf5f0391a1515f801c3151ea274ae3c5a9d291a6fd8b5c69f6.txt,1239,3eaee30cd34e54c1da244193e42dcab7e066c1a977772ba1ceb924a07fbcc279
extracted/1b6d10e38a70e7240af462f136ce350076c03861c5165251a8503077b104b8a3.json,2333,fc1571c6b9a5c59337570f7d7079013b9c0f3f2b1f0b0ed62213a478ff354c79
extracted/1b6d10e38a70e7240af462f136ce350076c03861c5165251a8503077b104b8a3.txt,1240,b75895036f3f835b23af751ab64fdaa903c7cf068fbf5596d67c4b2de50e8a12
extracted/1b9141197af416c53e6d9d9c9cd2686f27e7a7573222a5181d85f3802c9ad9cf.json,2333,e7f4cd7e0d448622cf05b6d3a46078b34e6fba93c6da6af580401c26911e7235
extracted/1b9141197af416c53e6d9d9c9cd2686f27e7a7573222a5181d85f3802c9ad9cf.txt,1245,3e6fbb64dc56443746f218195cd482f9c2f9e851a342c35d10707a652100b537
extracted/1c2029203ce25876dcc14cf33834f01324249c40f019c5ec06ad74477df21090.json,2338,3b52a290c6fb85f09d70e3327edd946308b04657ee3067e57ed373783fb20bbc
extracted/1c2029203ce25876dcc14cf33834f01324249c40f019c5ec06ad74477df21090.txt,1244,dee1723d0f5192599df4f96318f7896c8289f5cc7b6cf2df7e70d616a1f32676
extracted/1c3adb7ce9dc2f75d7b85e3b1bea5a6291c652d12d07d6512b254b58bb638642.json,2335,e5e84aa3ab9de3ce381fb65c7463bd055ef6f0aaf8b7a4ca5d7cfd9935c5694e
extracted/1c3adb7ce9dc2f75d7b85e3b1bea5a6291c652d12d07d6512b254b58bb638642.txt,1242,96fef21fc0146a982b33b337ae6bfbe49cb57827fa6143efb1823403830aaa4d
extracted/1c3fb589d114fc9dca5b62bcfeb397f4ccfcbf80729f40654083743f4958474e.json,2335,d7cefae4e19376021d1488a27b83f57e0373b2f48f47074dc012e5892f43e5c8
extracted/1c3fb589d114fc9dca5b62bcfeb397f4ccfcbf80729f40654083743f4958474e.txt,1241,769ae86d4561b139171d3357153c49f236fdeee25546d204e4496b3c3cf70ccc
extracted/1d0412da12729890d997dcef68958a5928ad70446dc72c196fa1fffa3fd91d29.json,2328,ab9c7d82ceb29ee5109c97b354ca0c9de2aad5e43f440ef86ccc6e59428205fa
extracted/1d0412da12729890d997dcef68958a5928ad70446dc72c196fa1fffa3fd91d29.txt,1249,2461e9096fdb6838be2ccf55bb9b015c8d8eef442ae001f9001f7339dff19593
extracted/1d2299d357b2104a3b910ca954b954d751ee388b51de55a3089f80e04002990f.json,2335,a3810515c29b16ef8d5ef9010dda50bfc3ab096d4ef4f29406acf5aba25b8e7a
extracted/1d2299d357b2104a3b910ca954b954d751ee388b51de55a3089f80e04002990f.txt,1320,7b119f7745ae4d4eea072fff0d3c87528e389778c81519f984713d5fb6211732
extracted/1d4458a7e44620f45a76ae638391ab7857c639a20a9f1f21731a33a92d97bd66.json,2340,32ffed6ad8b72369c340380c156bc7c98120f34b589be6a37562a478be548a3f
extracted/1d4458a7e44620f45a76ae638391ab7857c639a20a9f1f21731a33a92d97bd66.txt,1243,99cf99f0ccbc945efe59e94d93f12cae944949ae0731ac473b7d3a998a322ade
extracted/1db4b5e152279078b0571700737718d0d7c2f477c15d143523a00bf98646ebd1.json,2282,79b4f66ad1151f6da009ef5221b78f403fcb1d0e2b8ccab430be8473611b0c3d
extracted/1db4b5e152279078b0571700737718d0d7c2f477c15d143523a00bf98646ebd1.txt,1144,eeb32becf74659ae33ad9587039563bb7b9b0c6fcb610f2171fdcc251a8aedb6
extracted/1e0c4e4c02a12454431b6c72c532e6c02942a49f5ffa0ac7cf58bb8b14c1e3aa.json,2333,880b8e6dca6e59e330825718fe6882ef3e99cb97423ba9615562163ccd58fc89
extracted/1e0c4e4c02a12454431b6c72c532e6c02942a49f5ffa0ac7cf58bb8b14c1e3aa.txt,1242,f9da1b73b18535197d95536f193deadeed12052792682e02c7e45f52a2850e62
extracted/1e15c6a7c745f1dfa91f193642f7b50c7cf89abe2e86d4c7af5edf49d42ac5d2.json,2339,f9cc42b199324abdfe9af24ea7a085cd13f76cc57f91811071342b5f48ea647e
extracted/1e15c6a7c745f1dfa91f193642f7b50c7cf89abe2e86d4c7af5edf49d42ac5d2.txt,1242,a8af34a73c7987ea7c65db00117ab5bec53c96f140995f86b53ffcd152c9e351
extracted/1ea119458d5c22a2a297b28228bbd6ec5a895510dc4de70884f56fd3afbcd60f.json,2340,fda53d7685ae796d2f2f854034f63dc8bc66287c53da16e91c683a43b24f16c1
extracted/1ea119458d5c22a2a297b28228bbd6ec5a895510dc4de70884f56fd3afbcd60f.txt,1243,0face66d69a4071109779aa5841ffc4b00e805052772ae22a206db7b9496d3d5
extracted/1ef1c0ed6dd0d762e1b07f319532fca0c025710edc0d443b5923e19f8ff50744.json,2328,ffc3cdec48d8ed00212e0fa4209bf5bfa077e003d95ff654856d093c064ee618
extracted/1ef1c0ed6dd0d762e1b07f319532fca0c025710edc0d443b5923e19f8ff50744.txt,1249,8feb52fec8e3c7f0753f07090d284950833391eaf1c73b8cde8fed762d7abbd6
extracted/1efa2924aae8d6ea6b4c243868d19193b9f5174349e9699cd73d8e8abdd532ed.json,2342,bca07a13dae29bdb9ef5d463c4c46c57e56c55b023cc45ea02dcd052f1eb4a0e
extracted/1efa2924aae8d6ea6b4c243868d19193b9f5174349e9699cd73d8e8abdd532ed.txt,1314,5eeef1b56996e6ebc17fe01eff77e8e016bfedeef343daa6655c0dd2d2ab8bee
extracted/2030e15c12b809be24a0b8b3cbd453d1cc0ee6cdea3412a825c972cc346796e0.json,2338,ecb8ea6f3f73ef724176c4976009238121c3d41e5487772c4140c8992a6f3d00
extracted/2030e15c12b809be24a0b8b3cbd453d1cc0ee6cdea3412a825c972cc346796e0.txt,1248,e55b2172ba2db97e7803db8f14f73f1dff65170f88037d31c56522a1ea4c4296
extracted/2064caadc3d1edf45fc852635c1fdd0c4d66a0fdcf45f5ab2b0278a385141134.json,2339,242304fe44d222f5bdb5e3a2c485d76818b31a6c83920491e32338503b5a8731
extracted/2064caadc3d1edf45fc852635c1fdd0c4d66a0fdcf45f5ab2b0278a385141134.txt,1242,89aaf3f57bb45f5a7916e489a799fdbfef450013bca7424c33fc1f3f18acb4b0
extracted/20c8b2b6bd8613034693148fd79fefdef8fb43bf480ca0575f0df569e1ac4f38.json,2337,d5eb9dd66eb171c025c059d6ca30cbfb7be8362d9e96663243e3fd06559b396e
extracted/20c8b2b6bd8613034693148fd79fefdef8fb43bf480ca0575f0df569e1ac4f38.txt,1253,513b815cb2aa1300188116c72d3dd50ce8bc1ac565e0fe49d8421ec93d3429c0
extracted/22584608ccdb9ad899429d5df21d41e6cf39294315cf7a2b0e86b04f06dfd824.json,2334,dba32c3f3380d254480c2c331a1d1c25077a140802a4f35c4023065641981e7f
extracted/22584608ccdb9ad899429d5df21d41e6cf39294315cf7a2b0e86b04f06dfd824.txt,1244,8d6c4b720ef46923b27f27ccd9ca3878b907b1facbd8c15aed1b0972be679f23
extracted/22d9b6d2aca87b7eae06823303ddc030686eb054469fd0dd3e7b4308adad1433.json,2280,f5a001ea974c444943060c610dbe37dd63eb40bdf9e18edc68231a9e2434a978
extracted/22d9b6d2aca87b7eae06823303ddc030686eb054469fd0dd3e7b4308adad1433.txt,1150,c05a888a38a99436f11d527eb53f55285c4c26a421dfb9c7eafe43956283ba4a
extracted/2304c4dd8227d66fc0332c4ae7061e8d526488f4d1f4f1cb88d2d564e9d4f77e.json,2328,527e50d2ea223a0ddc422e8401d02e9e3ac0f16922ab3320c06ae96e3fde61be
extracted/2304c4dd8227d66fc0332c4ae7061e8d526488f4d1f4f1cb88d2d564e9d4f77e.txt,1225,aff5482f55eebc180ba4f0f76ec680f8edd8a538015cabbdb808f45569d2c809
extracted/231521410725c9594706aeccd141e751691286b89865d950b4b095cdae99c87d.json,2334,e9d64908aece57e087c47fed41cc44e2671a162b685a98805d121882b9573623
extracted/231521410725c9594706aeccd141e751691286b89865d950b4b095cdae99c87d.txt,1244,aa0ecef6ae23466d56e406dbd31ffe8e89a1248e241349f44f546b84da177d31
extracted/232a00b9ac370a64ee980cb9c33bbd3b5bfe4f9507074d88845eb2ea39b6eefc.json,2334,1120ef1d1437b70ef523c3417901df28413756f0def15da77b3a895d00e51708
extracted/232a00b9ac370a64ee980cb9c33bbd3b5bfe4f9507074d88845eb2ea39b6eefc.txt,1238,fbdce6df1e4827ae99de1ad59ecf6a1de6c337d56b08e63db85d513e6f1943c6
extracted/237416819b5b8c0340d13d06f2dcfb3bb37d4c61a695d83f197326a93b8375ec.json,2334,ea254764ab1c4a4e15be7ca194af45427346fb47f70807e79f78e9d9aadeed84
extracted/237416819b5b8c0340d13d06f2dcfb3bb37d4c61a695d83f197326a93b8375ec.txt,1239,e145db7b5587ee9e0ddc48b65d3f5f83c1e26f57091b3f77b1966940b48d2bcb
extracted/23ee9598ac889c3f82200111b533786f0459218e6c4aa403f53a6361379ebd42.json,2338,0045dca92a3a03b7a8c5106a1660c15529e8e6bcbb4cd24b032c617503d51420
extracted/23ee9598ac889c3f82200111b533786f0459218e6c4aa403f53a6361379ebd42.txt,1248,cb9da6e0f04e5c465148bc8f519b14352b56c174b3475b74d2a5e40e80bd910f
extracted/246a953a672741f5f952ef80badf6efa9f1821c5cd756c712b63bf78a3336280.json,2340,4d73fde81fb1909373a64f458220123417b131bd405448c726cb4e7277868696
extracted/246a953a672741f5f952ef80badf6efa9f1821c5cd756c712b63bf78a3336280.txt,1243,d2569ec675484935a608a5fc3364ab1684cde0b7628596f0d43767ba56f39e71
extracted/24ad62aed7cc9c61ba04e4174d131686b5f0a7468da954271d759f6526dcbb20.json,2334,a7cd041de1632372ea2fba4fe2c8c2da4c6bb4560854923fdac3652c6bf40e44
extracted/24ad62aed7cc9c61ba04e4174d131686b5f0a7468da954271d759f6526dcbb20.txt,1244,caf6ce1dfcc6010eaa813eedda95d7c8317131f1e1a7a4154647bb158e7df0b5
extracted/24b357713494fdc1f379a21d00c7ef9af44c1e946ec3391cbfa0bcf716b13f78.json,2335,1a81990a5bd4c016c191be708f3429d5c8e13a02c01480422515799a9db904fa
extracted/24b357713494fdc1f379a21d00c7ef9af44c1e946ec3391cbfa0bcf716b13f78.txt,1255,1b63646a71bf9eb591cc0f9320494bdf2e92edfcc32e5ca41e07c1d9873e55fb
extracted/24c58296ca150b59bdf49508ccc420f7758bd6462f24157ad8e4db670c075332.json,2332,850ff59b6e0caa0a334c84ca0e7c1e1efbe417f31c22619ae9cbae504a7726ec
extracted/24c58296ca150b59bdf49508ccc420f7758bd6462f24157ad8e4db670c075332.txt,1249,9ec48476de51b59ca5efddf1f28e31b04c4a8fd87fffae1a8302e89ce2394747
extracted/255fc757210f7900086452aacd99777cfd44771d1d2139a43a7af160eff174c8.json,2336,4a63a23d961d62b34f4e58b76927da8dea70a253c3dbce95d77ace3b03b80c26
extracted/255fc757210f7900086452aacd99777cfd44771d1d2139a43a7af160eff174c8.txt,1246,d523087c6c3e36c982eec7d80b02908c52dc8f2008c5e9d1a3203ddc10db52a7
extracted/2700aa8df3d737b2852802fdd4a574b9d37e33e1edca7ec88629dc7bc028845a.json,2336,7be939588ee7f01d411536b4653ba17a243c9b04df695a371a47702bc52673ca
extracted/2700aa8df3d737b2852802fdd4a574b9d37e33e1edca7ec88629dc7bc028845a.txt,1246,aa4c44a69f9c1838fdde2001a6c38a74e9c8bdfbcebfc0d679a43fa2350406a9
extracted/27826d6a91e11884c2ed2ede14159df727553787427e2208eb426dc4f9cb54d0.json,2278,d399ab08b98c01c2e6a3ae246d8dfac9db497e87457f3942556b9918bcd40e99
extracted/27826d6a91e11884c2ed2ede14159df727553787427e2208eb426dc4f9cb54d0.txt,1173,730fbbaba4f5e9ae3d29495dc9dc40b3925fa04a4ebac968c1d85ae17aef5663
extracted/281ff5a3635dd27ab86de894db8027aed487f1220506b91c13861cf2cba783f2.json,2332,a7f4adce135381d17b442fdc9218440b1759d5fb337260a3eec8ec9aa26ecd25
extracted/281ff5a3635dd27ab86de894db8027aed487f1220506b91c13861cf2cba783f2.txt,1245,a1d5705566402161e2e237ad2cc269504e9760ca17f48ac65de5bf0151afc61b
extracted/28446dd432d7b970671e5e1b2759fcc383a594248a48a6290267ca10a5075873.json,2339,1b1463e92b11e6eccbcd79ed5eba43dddd04c9940a3860c73ba5e02aefb21a13
extracted/28446dd432d7b970671e5e1b2759fcc383a594248a48a6290267ca10a5075873.txt,1242,7e1121b599ea251ee40975348cd7539e139b00a0309ce7da2a96f10704399a41
extracted/28d25ec3b186748381ccc07c9a4896c8c68cb0cfcfc0cf647ba2a77674b3445a.json,2342,144d772f0b9c6f8e2fefdb7021352366f186dce0e6c4f508a7ea35e32b5eb0f6
extracted/28d25ec3b186748381ccc07c9a4896c8c68cb0cfcfc0cf647ba2a77674b3445a.txt,1314,57584559bfbfbd21b2338f4815ea3e30f9e8b694409ce32871189011f1bb8cfd
extracted/29939bd7ac431b1948a466fcf47e9839c8ea112537e40718251d3fccd422cf2b.json,2333,c33967c76d0f27d440e0b311f2b6d75d2310def90be9e54822cfe38668331bbe
extracted/29939bd7ac431b1948a466fcf47e9839c8ea112537e40718251d3fccd422cf2b.txt,1245,c033bd1854d376becc842e609841880999e382ce2ad7ea0cba439018e1bd96b8
extracted/2a068df01a6c9eb1ccd129df958c8a197cc8409918787120ab3a7c78a3045398.json,2339,2b4974278ac69738ac5c642eb09b428c809997a3fd30594151f12326d701137a
extracted/2a068df01a6c9eb1ccd129df958c8a197cc8409918787120ab3a7c78a3045398.txt,1252,1f4f4951fb349a839bb50e73da37a0b0b1d94c959805551b7173a6c65ba79f6b
extracted/2a1a9d8b66064d1c71d20649448807550902820d039f8a13aa219d48f8bc2d72.json,2339,d00388ccd2f5e35c94bca534a332c20c4db35d5dedb9e1c9cf8e92ef408cef0c
extracted/2a1a9d8b66064d1c71d20649448807550902820d039f8a13aa219d48f8bc2d72.txt,1248,df603e04463d84c1e5d6e9934fced09058ea82c1eee13e928f4c98c75c248baf
extracted/2a577ddb42021a18a3d05f26cde4190a74eba3249c40a8870ce45cab451e8a24.json,2334,1c162f0380d1e972df774335315d39e5cfd45d52b430981aa0d5a847a1624d04
extracted/2a577ddb42021a18a3d05f26cde4190a74eba3249c40a8870ce45cab451e8a24.txt,1244,f88fed89d232b073744c22601535431052a55674e206b77d1bb3fd4d5166418d
extracted/2a841b7a1d36514020c8532c089b13e1bbb3de0f181ba69f123368ad2d8caed8.json,2328,eb20adb382e82e8d9268d1bbed7c5000ecd2354841e764d1fd6a0d22807d3b2f
extracted/2a841b7a1d36514020c8532c089b13e1bbb3de0f181ba69f123368ad2d8caed8.txt,1249,7505f2f7e756d74c58428d0ff7cf904321dceaa2fd1efbc8f0115b605bec5efe
extracted/2ad3fc7fbc0733622c1a9d3b17aec581d7ca7e5c592a6c83c5bc7d4b3cff21e5.json,2336,ebfb50ea9867a8c9393f7392e2978006e03cd0c31495ad8547efd6597c7f355d
extracted/2ad3fc7fbc0733622c1a9d3b17aec581d7ca7e5c592a6c83c5bc7d4b3cff21e5.txt,1324,79a2ad56f66f90cb2e4502be434e439cc3fa5f06361e152462e234f0fa06c4df
extracted/2af331601a082ad815cf234a9998cbebc8ebb51faf7000620f94cb409e68882f.json,2336,0ac2491133b2431897db0c94f45eb7d79271656ab91ec34a033e802549054021
extracted/2af331601a082ad815cf234a9998cbebc8ebb51faf7000620f94cb409e68882f.txt,1325,62d33d54f5edc8bdb71f0ff590c55cf6aad482934aa9f19135bc4a21a70aeabb
extracted/2bcdc12a4a6709ee9f510d0cb8d16ab4b7aed04a50586be68fae8a1502c10229.json,2334,664e1d28b3ec7ce7dde516e721b2dc79b84282f2b3088e6fb35fbbb6fcc33b87
extracted/2bcdc12a4a6709ee9f510d0cb8d16ab4b7aed04a50586be68fae8a1502c10229.txt,1239,dccc4d12bb6c41574d8f8402f76cba21a7b5667f32ac2b032804a6c2cb8308aa
extracted/2be5a9bb8ccd49a0c7057141df1276f1aff14bde66fbe54dca747e1ff9e028fd.json,2346,ef73e1a7a1598020ae7aa62d983580b6534ac6270f37c292c979339aff5337e4
extracted/2be5a9bb8ccd49a0c7057141df1276f1aff14bde66fbe54dca747e1ff9e028fd.txt,1246,583661d813798459fa0fdcb3145b959fe27f01fb1b50796632bf269487f25538
extracted/2be8d6670e31782dcdc4353a36fceceb6aca55f5d6cdda5d33f5a3eeae5be608.json,2342,03a90baf558bb9fc6639c147b57c9d5a56fe74ab6a5b9c0b514c6ec58113c49c
extracted/2be8d6670e31782dcdc4353a36fceceb6aca55f5d6cdda5d33f5a3eeae5be608.txt,1315,8bce1c55cbb32461a0990da0e4d4d86886109546f90a3e330e25669ebfab1aa4
extracted/2cb553a0242aa2b4be67efe81fbcc4c131c8bef901d3709fbf6ccd7e6e2c7b5a.json,2281,c0ecb8b0bb0fa355fd96bfadd639a39d817785bc17a197fdd3e96f236d089d0f
extracted/2cb553a0242aa2b4be67efe81fbcc4c131c8bef901d3709fbf6ccd7e6e2c7b5a.txt,1174,af6e151d9dcca5d691a7134f27d09f2780fbc489dba03180f83644fe1147b164
extracted/2d38a3c1dfeab031b87b3bb7e59f07473e8cfd83793b067939d8a69cdfb63570.json,2334,c697d889e13d16adb2f3b29a9d430c08553be79442f4027670a1bcb2b2db44c5
extracted/2d38a3c1dfeab031b87b3bb7e59f07473e8cfd83793b067939d8a69cdfb63570.txt,1245,5c2980bbfbcca37b319d591a43ad21c18f40caffebcf7336fe0fd3a52b9d1134
extracted/2d3f2aea285771b37b1bcdba57ac6ba60f1e67fb8779ae12cc408c4326854fa2.json,2281,0b04c20a4f922079bd66e31a6e5ab64213deaa96f116b59384b6142f51b5f8fa
extracted/2d3f2aea285771b37b1bcdba57ac6ba60f1e67fb8779ae12cc408c4326854fa2.txt,1149,287f1f52aa6dbb9f0cd5741e88c906c654a38a4fffd43efdaaaab9fcb59fb097
extracted/2d9858dcff18c71ee04ad1be468b8e70a9a067c6cbdd8ca3d7090574de1b6acd.json,2335,031ad9fbf8babbbed4df94737a07f422903e076a316db3641a9f7f0bcb5938a2
extracted/2d9858dcff18c71ee04ad1be468b8e70a9a067c6cbdd8ca3d7090574de1b6acd.txt,1245,f2b84b5b34f07dbae0c2885a69f3644e75c80a82f71eec40dfeafcfcf9c77c6b
extracted/2db969b080f4e40c5276cb13ae9bd1f79d882e5712b3c20ffa6db141afa7cd06.json,2341,9f62616ead684369dcec0e5d078dae0d158343cdb17ea8c940f165b69d4319f1
extracted/2db969b080f4e40c5276cb13ae9bd1f79d882e5712b3c20ffa6db141afa7cd06.txt,1237,fc2f200945e9f8d1dd984d81cb605326b10b18f954cd8e7e238061bd1bcefe6b
extracted/2dc02e69061628292610e9ef62a13660120750e5977dca30e6f850e220951e07.json,2335,5e49d91febd5ddbcea5456c21796cf75cebcf6f3a97280a570f07fa1a3ffdc2f
extracted/2dc02e69061628292610e9ef62a13660120750e5977dca30e6f850e220951e07.txt,1320,e67ea02367c0678bf4392a915c8a104f5494449c8cd5e09663ef285322174b47
extracted/2e3ec2a2cb49dd2cdf589e47027e8f98341691e9ecc78a61ffb5e5bfb6d12926.json,2334,4dc2b89c4aa7f1526fa40f8e006aec1779bf76083001bdcb97cebaa807fc95cc
extracted/2e3ec2a2cb49dd2cdf589e47027e8f98341691e9ecc78a61ffb5e5bfb6d12926.txt,1238,36f8a664f07be80ec96c2fea02caf2b7708f449609945cacebde7e64eb2f7233
extracted/2eabcc097f5a454a4be8f816871afe5f9b60fe3cb095c712310abedb72322859.json,2337,8c944245aacdcc71556818e3b114fe6bd589e7708b5013006290964797f919b8
extracted/2eabcc097f5a454a4be8f816871afe5f9b60fe3cb095c712310abedb72322859.txt,1326,20a77df59a92ca61f31747db25de3cea924c70ff1bc35d63570e5d129970cb9e
extracted/2ebf82746fe393b6551f23c32512ee907830eab0e8899a844bd692bc74fd9b64.json,2337,0c237ae629aef4da81c014f119e7425e13c0cc7f09e479bf8d82903b90090919
extracted/2ebf82746fe393b6551f23c32512ee907830eab0e8899a844bd692bc74fd9b64.txt,1218,eaa317dcf8baab6f8adfb6e319ca5902eb467a1647254a5ad722113bf3b2a624
extracted/2f582fcd4abbf19f3cf1ff970abb5fe885c147bc2f88801cc770931ed0b00b6c.json,2338,7c087a9b1a18c34e411f08bbbc7f0f03b8dc10644e3312fa48554d591c29867c
extracted/2f582fcd4abbf19f3cf1ff970abb5fe885c147bc2f88801cc770931ed0b00b6c.txt,1244,33fbb1c7fcf41d54119e69cbd9832d957adfc24c1fe628a23e3b65035d139869
extracted/2f9c06d991c801e0af9b69b10a3b58af9a3f893028c9f3927d9b8eb5fcb902c5.json,2334,2d9145a8b01d04c6468e2da79f4a5f5492e106bfddd309dadf9ea3608c41901a
extracted/2f9c06d991c801e0af9b69b10a3b58af9a3f893028c9f3927d9b8eb5fcb902c5.txt,1238,86cd6e29345e6d131689f81b2d7aa30cdca092a20da648f47615bf775e035d3a
extracted/2fc48cf3cf4a146255c4f5fd45f00ddc194d69b1a999cd8753d77cffcc06f88f.json,2334,552b9c74e1becce1012e335f1b1f9f5352ae551be0ab9faed227ed48c62921a5
extracted/2fc48cf3cf4a146255c4f5fd45f00ddc194d69b1a999cd8753d77cffcc06f88f.txt,1238,6c52b06aed9d3e495dac47774b0214f0582087b5b15b56e69f1e1c796b0bd3a3
extracted/304ad3351a838d8235a6cc9dba31949f3044d7fa6abccaa36f00ac4edf8acf73.json,2336,6bb940a5182fe22b60af446cf75e639737a72bede9eb3bc9f1b22314a17a3f3e
extracted/304ad3351a838d8235a6cc9dba31949f3044d7fa6abccaa36f00ac4edf8acf73.txt,1132,bb56d3ff8a47716b4160983570457d7bd66924dd006f8970427fbfe1e262897a
extracted/3052dfa183afa72365576511277133991fddacfadcf302364f563823fa620dae.json,2339,9f9cc5dedb90a25d0669cd9e4b60e5cf790d752c8bd67a2b3ee6f0b3d8d69bac
extracted/3052dfa183afa72365576511277133991fddacfadcf302364f563823fa620dae.txt,1241,28ce514118a0a55305f7f02a9953730bde0289051a3ccffe28289c8bce9b4eb9
extracted/30695281bc3dc3b22dff457d45ca95960cc03adc25af95350e16c7b12b4ed217.json,2338,66166c1d76ecb796a5fdeee9511f541bdc12d6e8f2284b7a2cad0f2254d90e0d
extracted/30695281bc3dc3b22dff457d45ca95960cc03adc25af95350e16c7b12b4ed217.txt,1279,f6c88ce96ba2bcb298ddbeaa10cb0edda6b7ff55823978ac52c9a13eb64f9bfb
extracted/30a0a4b93c6ee58888a6e3fa3faf81b5ae537f832723fae915da42b449df8b6a.json,2337,a797dc1f1f0cd42faf2335e14516f2087bf9178738b97b7386e07169fd5ab4da
extracted/30a0a4b93c6ee58888a6e3fa3faf81b5ae537f832723fae915da42b449df8b6a.txt,1279,43ee42b16c2d17f1d22f03e2879d078d5e41a3cdc7399bb9b65857093690d860
extracted/31a4e3bb40e2c2349e59456289cd96f321d255bc2b453246395b87eb0dd74559.json,2339,ec5a9edc3e3172592adae9d5883ff96ddfc75cd17c91ca6524a7e1df89efc6e2
extracted/31a4e3bb40e2c2349e59456289cd96f321d255bc2b453246395b87eb0dd74559.txt,1251,3f213f437bb9920bba7822b40eba36e80d0f32ae8fa0889b469b0dea550d03c7
extracted/31a82ec88cbb78a42d36866e54b206e353425ef2d1804897f3d6f606177e2acf.json,2336,f5e177a6129144b1addf661596c41bd8c55ebe1016bcd373a3ef1285620d9699
extracted/31a82ec88cbb78a42d36866e54b206e353425ef2d1804897f3d6f606177e2acf.txt,1329,b8aa287e7fd3252762f2a5e3bd59fd177416beb98f5c27352e4c1509d721f8a6
extracted/31bbc942410d48ac151c514a0bdb02b2f3699da205f614081b444f06d87fa292.json,2333,e34d24444f5e7aa752c42774fc90dbabc981fff5f2a3598e046c4872950627a9
extracted/31bbc942410d48ac151c514a0bdb02b2f3699da205f614081b444f06d87fa292.txt,1245,f30fdcd58ed9f0cda76dddb6114f7df41c5dae290d557005c133b0f87129e02e
extracted/321dcf5ba63d6fbd0eb87798b3d84ecd62c158a0fa50539e7e45515555356972.json,2340,1a70460e1bc4f36bd6b7db32f49722b801e7f44b901902652246690c760557c7
extracted/321dcf5ba63d6fbd0eb87798b3d84ecd62c158a0fa50539e7e45515555356972.txt,1243,d66e12cbc750af798ce3ff2d24aee591e4ee9f808a08ab3a1d51b41489c68b29
extracted/324971280bd9a279122420e58183d2a6e3ba54f307d53da995bf6ddf47bee77d.json,2338,fa984769089dbe8e0200ae3f0a4977276da1d9f5c3938181d985d9e868b19ef7
extracted/324971280bd9a279122420e58183d2a6e3ba54f307d53da995bf6ddf47bee77d.txt,1321,86f8d731644ccb9e149e6ddbb923f6a1b7adc1542c1cfed578185c2bbd1f18f1
extracted/328605bc9beeefe979a2ee50ff0efb8e1cd16b0fcf48127ba45dee453a4d8e9d.json,2333,f17bf69811c56ed1f75cc870d7684af660b881252f49ac3fc5aad6bacaa0efb6
extracted/328605bc9beeefe979a2ee50ff0efb8e1cd16b0fcf48127ba45dee453a4d8e9d.txt,1329,23cb955e77c48af3facba1b6d4cdde2b9ab87c3d0d510bf29ec2d372a72e9098
extracted/32dbe02d36c1772d93dc6adba2e6d98f768501184897e4126b0a8a655fdab61a.json,2337,6010d4df3801307450efe8f199928437f38b6b92c8e99b8a8874e4b1622f0d17
extracted/32dbe02d36c1772d93dc6adba2e6d98f768501184897e4126b0a8a655fdab61a.txt,1326,3b46a5a93923d6a0c72b902760e6288efd6e2e8d562655394af571591a44a498
extracted/33747a556a090fc72bba70d6f00058d34492d863896ee5d2d8ccbe26c4ccd734.json,2333,097fe85bf49754d3fc9788c3e7129658c2c1cf30675e9658a6a1cac711f55276
extracted/33747a556a090fc72bba70d6f00058d34492d863896ee5d2d8ccbe26c4ccd734.txt,1242,24330531c320e053135154f755daf6fc2a307aa236eb3932dc4d67e1f8ec8910
extracted/337cb340e414b08179fa0173c926bc9936ab2fcbf1c6789e3b78e1fc32c808e1.json,2334,0f82c6218216603a4adc17472eecfc852348e66cc827ecbeeb0175bea269350a
extracted/337cb340e414b08179fa0173c926bc9936ab2fcbf1c6789e3b78e1fc32c808e1.txt,1244,d154569585303ac54c367f022209d0fa495df499f3471e640d59b6bd0f4231fe
extracted/3405beb03a8375caa4480b5296a995861c8a5137c30005b95f5880895def1a20.json,2328,97de149a8e5ed0b76fb011897fdda482bbf012942aa06e655e5dd370476bd0fe
extracted/3405beb03a8375caa4480b5296a995861c8a5137c30005b95f5880895def1a20.txt,1249,668a1d6697b9c16fefdd5c3e25d62a54edbaaaf4c4b9e8741865c7a586b5f50e
extracted/342af9781356f763dbe7d8c780d4e18f3efb06b933214866af19516b90d399ab.json,2339,8bdaeddeacaab0761e4b2c29beb112e5dc8f8b78cef4f500f67c3a6e699136b3
extracted/342af9781356f763dbe7d8c780d4e18f3efb06b933214866af19516b90d399ab.txt,1244,bbd97593e8c02c2a2c39c872310fda1766000e7e8be8dc52db418ae9a47f0afd
extracted/34e4f79fd436434b9a30f951b3e23aac69d3c46ed12d90c7405e55e0b642f1e2.json,2337,b3c197eff22b90a098640fdc8147f6c85ed4aec0b842679f3aeb652344887fdd
extracted/34e4f79fd436434b9a30f951b3e23aac69d3c46ed12d90c7405e55e0b642f1e2.txt,1243,d234ad3dddfdcd32814a920a707e2a32ff2db8f767c2b33e6d08b97f61031140
extracted/34f62638b9f873c8e9a08aace455eb8ba3738fc32724008cfadf0119bea64969.json,2336,25acaa8d06aa302959e3d70dc31ea4fa4e0731434089e28f38357a61137358ff
extracted/34f62638b9f873c8e9a08aace455eb8ba3738fc32724008cfadf0119bea64969.txt,1246,e286b4f7617ce5302578298e2f4905384ad6cfa23804a69d05dd1fd8fdfa1994
extracted/35489d253bdb78cc8207f7e734b10fdd0bbfac1de6a6e5f60b8284dfd670ff60.json,2337,ee355e6be99c6a4629c3184ca1c14b4f49a3e7796928712f4f33b18ef255130a
extracted/35489d253bdb78cc8207f7e734b10fdd0bbfac1de6a6e5f60b8284dfd670ff60.txt,1243,02a5f5d4d18ae6553ef68f5bbc4eeac951d0bac8902577692b5a3bb64414d102
extracted/3580b0af0fb1c7a7c57c301d2f0f0088082690577c9f1e10b77b86be894141a1.json,2333,beb91d42940c80ce1d71d1c7c29cc9dc120d89ab791fd2771c2e6bf63202a6fc
extracted/3580b0af0fb1c7a7c57c301d2f0f0088082690577c9f1e10b77b86be894141a1.txt,1329,a124e632dae532f1acaebe9c37ff3bd452a01bed5941a962283de788e3f8a647
extracted/35e34678e1ecc6f8ac9c171ccf41a4ea113cf30306bd6a6d87bd73faee90139a.json,2328,fe4ef3f8836d8b663af79cf92862b36a58711b229c3a08f536c7cc5b18de5f8c
extracted/35e34678e1ecc6f8ac9c171ccf41a4ea113cf30306bd6a6d87bd73faee90139a.txt,1241,95e55cbcdc7a30f1a453852b899e2676f8a09424b032c046e901f8cb80f8711b
extracted/35f57f695e30352a786f502694e44bb19d88ec44af14a41a144d9de69c345321.json,2340,02f17164f50bf921602edafa8e05705792af86a63cfb54594da4abbb3f35cb15
extracted/35f57f695e30352a786f502694e44bb19d88ec44af14a41a144d9de69c345321.txt,1242,254403bd62d997c3873d8247d244b666389e503ed7ae0e9cc47fb60e5b319bca
extracted/36220feadbac923ab0f57e464b2292d4cacc295543fb3a20e04f2c7c09591f19.json,2336,e0ad7e4c40898ace39a151faca6d20111467c11952a80f2e1f27f0b42761e567
extracted/36220feadbac923ab0f57e464b2292d4cacc295543fb3a20e04f2c7c09591f19.txt,1324,2c903258abccf53a6ec86e70a6482ed0b47b09ea8fe704e055b0af40f87362ce
extracted/369870c0d75baae3292b1b42814c1c6def7d0b8f88ce5c83c5e08c6f131f660d.json,2333,2e1aa2927fae34fa30af9d89a0973bcff35bc8b371971739e3614cd90235d21f
extracted/369870c0d75baae3292b1b42814c1c6def7d0b8f88ce5c83c5e08c6f131f660d.txt,1245,33a73ef8760a29e315085e5d3e5b7e8e98969ee6cb22a3ea911ea42fc427a5a2
extracted/36a3b73e0aad11476db299d22d552011198bedcbb3fee0af757443701ef6f504.json,2338,2ad1c1f0cd70ebb4f9e23398d546169c9e18782201368e5b2c8717c2148ba383
extracted/36a3b73e0aad11476db299d22d552011198bedcbb3fee0af757443701ef6f504.txt,1324,51623e3bd2029aef6d14c0b175cc3602d6ae8fd2bcba14cef33503aecf22d8b7
extracted/36d272f24e8a6eace9ee626aede6f65fda9df53a91ed646b38d478fdd00a3b11.json,2343,cca402245ffef708e890c1494351936846dae7e2f1c512d6d4a758cf76ccb637
extracted/36d272f24e8a6eace9ee626aede6f65fda9df53a91ed646b38d478fdd00a3b11.txt,1255,d3acaaff326cfaa23d743555b650943c7ed4a05f2a2874230762d72ea6b47966
extracted/36f4ee45c79e1df9c797ba5e2ea6c1c9d88758e27a7f7a93a8a0c0ac20c34c96.json,2332,fac26078d529d83628044501ad98046d91b2e9b97b6cf484d36672a33d14171e
extracted/36f4ee45c79e1df9c797ba5e2ea6c1c9d88758e27a7f7a93a8a0c0ac20c34c96.txt,1237,e55134820950ed77e9d56a3948433729ad71171ba996eb8bd66f6450c19c908e
extracted/3760548a8fa957e32c1823f71dcb0e799c1bcaa8b44d58751642b49fa5476a77.json,2339,70ea8d53350f1a89cd023f144d8568433bae716faa157127f62c8028973f8300
extracted/3760548a8fa957e32c1823f71dcb0e799c1bcaa8b44d58751642b49fa5476a77.txt,1327,36a307835865c4fc31a1ee7d26cd25e1a5c226cf7431ee39c93478ee868529ce
extracted/37aedda98e4d7fa6527ae9930eb234460a03c86f824842b6b8a46773a17f933f.json,2281,b2a73b9d2314b41682901a4c5625d13521501dc13a133fbab8cd13141a38f98e
extracted/37aedda98e4d7fa6527ae9930eb234460a03c86f824842b6b8a46773a17f933f.txt,1149,376b05836ec57da8d77cd1d79d31d7ae957ab1b9a98ecd88d5367d13b6da02e9
extracted/37fe864492ddf4b25a7f266ddad0c839c234fad85e31c21c61bc4697bf0709b4.json,2340,05ec9b3390e6d972d0a20daaf93f4c621c9e9538e39e9efa51840df6765ceeec
extracted/37fe864492ddf4b25a7f266ddad0c839c234fad85e31c21c61bc4697bf0709b4.txt,1256,b4a6fa9074b69a27a69e16a516e894846e528bf4204ebdc8513be0084b671702
extracted/380e1384c97e42c75f568d9f964d28c6e91a548beb58bc4a5efd7eb326a13ef6.json,2336,d0df63616909bc80c10017b5f6c1c664c4b69883f519004b9a3baa70382d7913
extracted/380e1384c97e42c75f568d9f964d28c6e91a548beb58bc4a5efd7eb326a13ef6.txt,1325,4953c0dd2311d773af535668c4230bf0298f5fbe9c3f5f6c8d89f128c5c3394e
extracted/38791c774908df7e4ad201be227e4e5126940af3d6989da30cf5e6792dcfabb2.json,2334,9bcf17039f564cf8c8592fff6f7a0d87dabbe52848bc4bee0935624097c474f2
extracted/38791c774908df7e4ad201be227e4e5126940af3d6989da30cf5e6792dcfabb2.txt,1238,6f1a4a815afb6ce7ccec8e46dcb7704de52e5bf48827f7a18a63cd9ce306280b
extracted/38ccc7dc4315767bb740dfd5e880fd3a8cb2ba9ee27d0ef504c22b37dd463501.json,2332,52e61834cda587771536601a48a60f734e72adbd8660d16abd7a8a74b6518cbe
extracted/38ccc7dc4315767bb740dfd5e880fd3a8cb2ba9ee27d0ef504c22b37dd463501.txt,1242,b28255bc6f4dc6410d7f4ffc5d989f9cae2d18d1184554bda493841498b61a3c
extracted/39633d4ac3a2c121e8705dc1c3acf01d63f200cd8abae343fa7fbbd4393d8201.json,2280,fd30e37f7a6522473d65f60d190d7cf467cdf1e79fe89fa56c287cee4ab27ea8
extracted/39633d4ac3a2c121e8705dc1c3acf01d63f200cd8abae343fa7fbbd4393d8201.txt,1150,07b3cbdc9691517800b28c881029a93710e837f65b8c09289cedeb17b1f0bc66
extracted/39a08570b09f90494f7d44db10e44e3ed6062cee0f92636fe3ecda4a68b3eafe.json,2335,b92a8d4a95289f8945a6f7cac760353ea30befc21bc84c67e6ffcd8f5c58910a
extracted/39a08570b09f90494f7d44db10e44e3ed6062cee0f92636fe3ecda4a68b3eafe.txt,1240,68dc004f9f28fd3e19c8ee67b23af29e2f5f1a74a0af3b60019c01f5233f0eb6
extracted/39d0739e63ef65fa8c768c6a25fbcc14a8250f92530c83e2c46459f82282017b.json,2333,181abf8d5441db97d214462272de3bb33e67d5e52b083dcb8b4ca1160fbe5126
extracted/39d0739e63ef65fa8c768c6a25fbcc14a8250f92530c83e2c46459f82282017b.txt,1245,bb231df848b84ca6431982b3fe7cc56f75d057f9c602e07fff2f010e966120a9
extracted/39e596b832c51d5582e820ddc52d11a010204392ff55ec1e7c7cff3ef1b42a3a.json,2333,d9dd816e9f56d6a2d7192e02711fd2db4c9ca509b1038520812a0d1027f39a96
extracted/39e596b832c51d5582e820ddc52d11a010204392ff55ec1e7c7cff3ef1b42a3a.txt,1245,6cd02c62558cdaf46570dc618a64fd446bf8e17609dbeee376aaffff1a7b1059
extracted/3ae86b31934b90bcc35ff0778f699559d056ac97ad8eb6a8561d9f6c5ea92635.json,2347,4acce26b182b7c6da20c429eea5690621e89212774e4fcc8679fe8dab51e25df
extracted/3ae86b31934b90bcc35ff0778f699559d056ac97ad8eb6a8561d9f6c5ea92635.txt,1245,73956734d7d1130851b8b2cf9757e6d5a369e973d1e5f94038e1727dd2dac720
extracted/3caa4bbe27bd17aa033f9007bc9bded178227b93a79690f4dc80c917479cc27a.json,2337,f34619bf6c5a83a6735d33e3c5ddf3088a04e6684426b1b623c21c95064a0f82
extracted/3caa4bbe27bd17aa033f9007bc9bded178227b93a79690f4dc80c917479cc27a.txt,1246,7f48aa2d8eeebf203f2205e3711aee8959301070d7415295d3f48d60a73f4045
extracted/3e9165721e1431d0fbd7af0be6551bca58d6ad8e780e3372b91c5ad3e7eb23b6.json,2335,da1df2311c8e772b476a344d22260a1f5e4610af08a2decece3c013b18f8f471
extracted/3e9165721e1431d0fbd7af0be6551bca58d6ad8e780e3372b91c5ad3e7eb23b6.txt,1240,738bd171e1cef1d8000ef08033fd781082a7847c96e892763cbc5fa218a7f8d6
extracted/3e99d660c29d358730c0bba73b26e1f5e5ccfe298b7e7baacee17219d9d24a8a.json,2335,aa5178928b702a7a1136670d33398dfac51983744e1adb0cb817803e20d354f2
extracted/3e99d660c29d358730c0bba73b26e1f5e5ccfe298b7e7baacee17219d9d24a8a.txt,1237,ea6d3077e31f153eaf276ae0451454df37a53d567ae57caf76f899437cf40e65
extracted/3f269b68aa3c8a612764db9b713e58735b8514ad9f00116930f44dd457b0f8d7.json,2335,ddd1f576cb04daf7d8f4da4924618ad4c7bc82e7ea1dbdc08f0c8591f24de41e
extracted/3f269b68aa3c8a612764db9b713e58735b8514ad9f00116930f44dd457b0f8d7.txt,1240,19354e6a0bd214a0a5ea3b59fefd0010a5f9b649367922114611ff590a4fd1cf
extracted/3fabc0a959151024e735e611f45f1e75adf239977e3a41410e8ef48b3dce1547.json,2340,2a01694484cad2d3338e7f75276c12091ff23b9dce941f89608946b407e65804
extracted/3fabc0a959151024e735e611f45f1e75adf239977e3a41410e8ef48b3dce1547.txt,1248,eb9ff43c170ab9253f11755c6c1e09bf7c24c51384b1f58513e51413dad81b17
extracted/40abcb50699ad1a055b7b2672dab32c1a6d33e24021844c915ad23f3e6ecf972.json,2338,926e75b35223032819dc3a57f90007da78ef8fda6c210a64636753a94efd1438
extracted/40abcb50699ad1a055b7b2672dab32c1a6d33e24021844c915ad23f3e6ecf972.txt,1248,7710d3bad5ffddd200c2909ce2c19a738a4ad9a45c95ed9200348d1e0ecf8486
extracted/40b9bcba30ae32036d3ba5a72656050a149f6fa4f4aa9125085f09ed58e4dcda.json,2339,6c1337fc47a15346a3a5925dbc0769bbf6f1feb0a30b9ccbe3579fc991e40d65
extracted/40b9bcba30ae32036d3ba5a72656050a149f6fa4f4aa9125085f09ed58e4dcda.txt,1247,4be72376b880a58ada94a55024ed3b962a863f34055d3a7331cb2952d1e9d085
extracted/4124ae759091b6cefcea10a9ce5c4b096d49098c56e14aa6a2d3e75c99b14bb6.json,2346,2b08daf6d5377bf562a82cd32a67e7ab4dd0632e9c55415e8706716ca714da66
extracted/4124ae759091b6cefcea10a9ce5c4b096d49098c56e14aa6a2d3e75c99b14bb6.txt,1319,503917851c5628483a9464c3183cd10872bd99bda7992e90d858927546fa15d3
extracted/41e49e48ae232b7e3f8ffa847898159726c12c881a275ee8092767e0b58ce148.json,2339,43f137a8eeff1cb7defddaeb5bdf71927d1572e3d99547fce3c116b5c72c802b
extracted/41e49e48ae232b7e3f8ffa847898159726c12c881a275ee8092767e0b58ce148.txt,1252,1083edaddc24e5482eaab3ac6de3001ce813e45c39febab96cd7953968a7015c
extracted/4207f0842c44994dfb385584b40c5f2861854f8a63ddae93e1b135b9656e7ba4.json,2339,0d206e6220a3cb5717ab9f812bb9fcb3a7c59f1a964db529908468e59281c9af
extracted/4207f0842c44994dfb385584b40c5f2861854f8a63ddae93e1b135b9656e7ba4.txt,1329,18346a3f3c2fd0d02b5d71d59d62bcdd11ba7e0f91874c035aff04a576526dc7
extracted/42700f7736738e213dc4fe20a51f9f52c17281d79032c39eb9ef23094caa8fa5.json,2343,3eda781c7ec308de280c31ec16c3b607283148c52f03bfcbb597677ed048afb4
extracted/42700f7736738e213dc4fe20a51f9f52c17281d79032c39eb9ef23094caa8fa5.txt,1244,0e9c22824a5b834c24bae681e55ddea1cab0c86df9a00ab9328627883a10cb8f
extracted/429a0ad909bc22141b37c6a786583390adbfc5764041ae88c3896eed47c51adf.json,2340,3033df1acb20d1b42a3899798d23f17e7c867c29d77f682598c37129633df55c
extracted/429a0ad909bc22141b37c6a786583390adbfc5764041ae88c3896eed47c51adf.txt,1243,7499fd9e023a71b774500dc2a1b85138e698c5fe5d98b917995610884e4a373f
extracted/42c2617757c789c21ea7925c62a7cd310e0c3cf2689b82ad41461af501e87db1.json,2338,0456f11ff904c9de276bf2620164e92cf66cb6c14d70453425c75f70014b84f0
extracted/42c2617757c789c21ea7925c62a7cd310e0c3cf2689b82ad41461af501e87db1.txt,1243,43fc0eadee80607e4c5f33b0edce5885e2b04fd6c6913013878de0241dfb78f9
extracted/435deccc8e19fbb85a6417fb21c9ca8c530fed032c4199a0f88ee29229bce626.json,2334,cac567a5477553801403d83bd0456853b6f5033245c290949e183b8b1b94fde9
extracted/435deccc8e19fbb85a6417fb21c9ca8c530fed032c4199a0f88ee29229bce626.txt,1242,a89d27c6bab55b50bfc2e90ec29ffef078d14985426623fa3d75cf144df438b2
extracted/43e85125dd18e626258b21937bda87588cdd281c2755b64fe66117c9f8da5830.json,2346,c71d6d48ec8213f40bd6b38027227e521362db9e3b47641820bdd71ac0855bf2
extracted/43e85125dd18e626258b21937bda87588cdd281c2755b64fe66117c9f8da5830.txt,1324,347c807dae26074c1d6d8e7a18a614b577e47edee1149eafc6ada5f4f69e7dce
extracted/440240d5698e7052547e161da7b7c49927061f79c1f410deffa47fcfb8c81afd.json,2285,a9669ef3f08a88763f1a114c106968478a63afd93762be820754cd9363f16f44
extracted/440240d5698e7052547e161da7b7c49927061f79c1f410deffa47fcfb8c81afd.txt,1143,6388c0b3ccabff7b70a177643a284058cf595f3d48ad21ad8cd2f0559fbfb54c
extracted/44648891c736afea51ba97dc3f41a5a9709d99875ae0e6c662ed7ed9eefe36c2.json,2278,ec9f04c999fe59d878a38132f2b7327b25121642ecb0660393bc2f0bda309acf
extracted/44648891c736afea51ba97dc3f41a5a9709d99875ae0e6c662ed7ed9eefe36c2.txt,1173,ec198235a9fa9f04f6303855d41be9bbf8c9fd05d6e955debd68d3873ed1ceba
extracted/44d8b8bffbd627a13321aaa502b89a986e4ddb0255a33e9e81def59b455df864.json,2339,c74bbd5701754c502bf742ad2e70441671ca504ae7ecf336fb68fabe6dbc276f
extracted/44d8b8bffbd627a13321aaa502b89a986e4ddb0255a33e9e81def59b455df864.txt,1242,12c1ff056980770cb97f9648f404edbb18127629a35d859718b155630c14d517
extracted/4574cae52f7e512de163d6d3fe94336db8c402fdee5665d09c3d26b768a224ee.json,2337,6a198299515c9db576cce38b6afef8d4de59fa93a436e7ba525e92f891e2b13a
extracted/4574cae52f7e512de163d6d3fe94336db8c402fdee5665d09c3d26b768a224ee.txt,1279,d5d24aeebdc8897f176f077f479d16f6e6c41c1f9edefd9ab0891382c4d86160
extracted/45a58f10ee4152997ecc75996e2842b69981d76acb7ae6b3aa5aa7b7e1047ef6.json,2335,759b960be74794c6170fb91a41e827a0bde77eb2b1e866a8b1818e74a188ebe7
extracted/45a58f10ee4152997ecc75996e2842b69981d76acb7ae6b3aa5aa7b7e1047ef6.txt,1253,bec601151a28664123bbe9a3d38f7c215c3efe6ed2000930174f8e0b3a4c06dd
extracted/45de1898148e484567494cd4ee64fe32877800e152087b40f6722096df7109a9.json,2332,cccc819151c57be1e43bf625e4376101d0c8ae5234640053a8db2363c9b23c84
extracted/45de1898148e484567494cd4ee64fe32877800e152087b40f6722096df7109a9.txt,1249,90f29a0c89ac75c2676ac314444c0ebe043e9087db8b2eb057436962cdc83a58
extracted/45ed6fe07e680e85843421e17ae5cc87a41a1f08f42a6d5d6161a2b1a226670c.json,2334,746a2069dbaeb43079da13463d38023c90461caed110b86a9fda71f0aa0126ea
extracted/45ed6fe07e680e85843421e17ae5cc87a41a1f08f42a6d5d6161a2b1a226670c.txt,1238,a3fb6540bd7531bd36833f28df12e913efccc26ba7184e373c3387a8350f90d4
extracted/46ddecd0f350bd19cae3e2119b7dc29f443884ff774debbcb45e1c60a1018062.json,2334,79023b4c52918292f262e08ba31c4d5f10458663abeccdd9e2b715b561715001
extracted/46ddecd0f350bd19cae3e2119b7dc29f443884ff774debbcb45e1c60a1018062.txt,1244,a3a19b66d2f887fb19f0ef4cc96780e7f9bdc930c43a9df14e5d18e24cc2a421
extracted/46e0a3bfad2fada720147f9899d8a0cb205cc34ba38f5457d6e6ad4b6b0a307c.json,2334,1aa8c00f55854d64d1fba2f158d40160f72acdc53e9c793893449995db1a014c
extracted/46e0a3bfad2fada720147f9899d8a0cb205cc34ba38f5457d6e6ad4b6b0a307c.txt,1238,45799e66f475bddbf8964407c3fea209a3278bd8b4c00f751c080fbf59f8691b
extracted/4716e1116d17a198aed1921b178ff9bd24dcf29ae39c3112e58b2354373a968f.json,2327,a822c5726233524183071235298dca342fa3e03d84f1c3d013489fadfcfacfb1
extracted/4716e1116d17a198aed1921b178ff9bd24dcf29ae39c3112e58b2354373a968f.txt,1308,96cea133d88f1e5ba338f46fcaf31b06fa6c7366477826478bed93cdcb02f528
extracted/472c804d23895b53931c759b8aa2e5dab842cf924b2766ee3d550d6164371cd2.json,2340,81f67896aa0ec14f1a001d77fe7494fbc79c1eab512422477602eab33701fe41
extracted/472c804d23895b53931c759b8aa2e5dab842cf924b2766ee3d550d6164371cd2.txt,1243,f53b373d0d9dcb9b25b3653b816ff93b6c101e77bf9745233c8b91642d533462
extracted/4786148f8643d22fe535f1ed795eac08c2b3f96caed9753969d5baf3ce0b4218.json,2341,de95e36bb0508bb18c08f0eb216260054b7fcfadb31e3ff1aa910e5ab4442b35
extracted/4786148f8643d22fe535f1ed795eac08c2b3f96caed9753969d5baf3ce0b4218.txt,1243,db732808fab4368588f7bcf89329e285e056ba5c18dcf868169543389a6c8a0e
extracted/47f66ca7fb72dbcfea816a56db1fa4e78aa9d96051003d3f83612d9e3fa37eae.json,2337,0d3518fd00fd0bb3ee5bc17b3e79be4d061e85c18f70dc9959af5e9c08b41707
extracted/47f66ca7fb72dbcfea816a56db1fa4e78aa9d96051003d3f83612d9e3fa37eae.txt,1330,f7503af520765cf0ad0e800b557c30bbaedd3ba6001f0b09310ed4a8ead9a9cf
extracted/485ce2c2e6ac8398cc58f147036cd2eb0d5782d5978b43fe727b36c6224753d9.json,2339,19ab8b380c0005b62137446ea67e6f0d3cf389866421a08cfb5d97a29bdeccb5
extracted/485ce2c2e6ac8398cc58f147036cd2eb0d5782d5978b43fe727b36c6224753d9.txt,1251,29ce15d1788664b5da67ac96487a6bf9f71e5e8aa84652f024a6fde3b8914331
extracted/48d08f456176bb302cdaec3598d4504e261cb6f89db0811e78eede5d5bafc48e.json,2338,8dee19e29180148a940fe046119496288e958f994849672b6bcb4b1e6f1ae1f5
extracted/48d08f456176bb302cdaec3598d4504e261cb6f89db0811e78eede5d5bafc48e.txt,1243,903b4b437e632a1652214d4c678a0203779983278c9928687603a622433f5967
extracted/48e6d5bec9c0368917070790d4f9c804e6ede3ee602a5cdee3f75e74b072592f.json,2328,dd7cd33ae57490e2b04da53a06b9c7c99f3df20087745eba091e8576956a9bce
extracted/48e6d5bec9c0368917070790d4f9c804e6ede3ee602a5cdee3f75e74b072592f.txt,1249,def996c0d660f25563d7b1aac14fb8c7d5e66e568f6121b0ede743c46f89d5a0
extracted/49451d5c5f4c43a4ffbc00936fd55faebbb5f87dd95c2699fc8f779919dd8f14.json,2339,89886ab7d37f364efb6e3ba38262ed3b7993d960a8be55f97b4c88bcaded1c46
extracted/49451d5c5f4c43a4ffbc00936fd55faebbb5f87dd95c2699fc8f779919dd8f14.txt,1324,a2738c92cf51e626b06362f0a39f6b008a2c852bee7eea0db14285159f90fcf6
extracted/498d6cd8d19b8fe1f868580e094065e4498cf70e14deb2cc70ebdf8cadf36db0.json,2339,1e665689095408a1a7416e6e3e21f394e02dffc2c21eb89cc61e821c4899635d
extracted/498d6cd8d19b8fe1f868580e094065e4498cf70e14deb2cc70ebdf8cadf36db0.txt,1242,425367c1c14e65b190d4a7929fa75c4a532c5ce0ddc8b9b9fcd4328e61ca65b0
extracted/4a78debbaa757e12f2415856bfb23769c60df4c3a0f850d68bc627a1a620cc8a.json,2336,fe575c44b773198d16d8cc442206d2b4115b88693ffe04b8e4fb8ae93086581c
extracted/4a78debbaa757e12f2415856bfb23769c60df4c3a0f850d68bc627a1a620cc8a.txt,1246,9af2e4ff7d9133b50ddbad722628e870ec8a089b83d14bacd16a0510250db0f8
extracted/4aebda2c43ae1b61c285972cb7b97fc150489fcebc39a876beb2321e7c46d19e.json,2342,69464d2bc64dad7524ab66687b176e44c02fa979b0b969ee3a169d72ed2a22e9
extracted/4aebda2c43ae1b61c285972cb7b97fc150489fcebc39a876beb2321e7c46d19e.txt,1314,2efd8d67a85a57d6ae4a9bd07c8023748895e910d34370f7299f05ecd1c6219f
extracted/4b40234d26bde19248488d3db0207d111711d4947850602c0ff50261bf21eb0e.json,2339,bf775d2735e0496f266155174a8f5387a09282d0773dd797eb84abf928c574a0
extracted/4b40234d26bde19248488d3db0207d111711d4947850602c0ff50261bf21eb0e.txt,1243,cd16b4d9e9f1c598481986bd604e872f296ebf359e4e23dfb4fcc488c8e2ff5e
extracted/4b58640eb88e15d423a5dadb8e265c9a121d1cac0dc16d1c86cf0ccd8aae7109.json,2280,5b181844862d965aea433c1562e977f5cc2b7fe811838bb9ef1116384e5bfdba
extracted/4b58640eb88e15d423a5dadb8e265c9a121d1cac0dc16d1c86cf0ccd8aae7109.txt,1150,d08fabccd9d1b702d28c18b26504531819ad65ab06263f68393cdf6a1c3dd318
extracted/4bc8a2171998e279d92c181bf439a57a759830ad45311a48b5cd3483b1987ed8.json,2333,dae242c1e67b1aa08ef5d5bbedcdeda0e878f8e3a4e7aa8a83908576832a50de
extracted/4bc8a2171998e279d92c181bf439a57a759830ad45311a48b5cd3483b1987ed8.txt,1239,a60df99e04b050c7c1eea585e571c85a123cd51f9624b5a66d73608641721488
extracted/4bda01d9c926ee915b10c98a245f4c0a1a94484e8fcbc72d16fc5451cec93a24.json,2334,c9a0ce9f3e973e9f06e16d6c1b01863b17dd4d2d7425d5d6961078435f564f02
extracted/4bda01d9c926ee915b10c98a245f4c0a1a94484e8fcbc72d16fc5451cec93a24.txt,1238,c26b77bdbf9fa850a30d85311c8c5685e59405bc2a28382fbb35895b6757aada
extracted/4c321e4f0bb690d33f717fd0e7dd55d2a791fbaabea876df6b31445cc26b8a20.json,2337,cb62a4c11b11aaed6af0ba1c75bc025b3dd61081dc8658c7bbbecdf5139b6ea8
extracted/4c321e4f0bb690d33f717fd0e7dd55d2a791fbaabea876df6b31445cc26b8a20.txt,1326,1a37d409b747c8cb857706fabe6ab7b3604b023606ea4992dd8261ac2881bf93
extracted/4c3d48811a27ee868f6c065bc552175aaad6fce80ea095017ac792b5caee6e4a.json,2338,f493baa374bc7c18bf50ee2746ab81caba9714e8b45743d64d34bb52a0c79281
extracted/4c3d48811a27ee868f6c065bc552175aaad6fce80ea095017ac792b5caee6e4a.txt,1279,d03baebb3d020f5f9e050dfa409c594fd26b4be51529a2d53435b2c70670a8a8
extracted/4cd408bfebea143fa3e8bfa78f476199324a8921a84cc6e55e8a83b35ed71a89.json,2327,3ba23eadf7449ff848b227d3de4276a304086f30257a0518d15057dfb20372b9
extracted/4cd408bfebea143fa3e8bfa78f476199324a8921a84cc6e55e8a83b35ed71a89.txt,1308,083ff26dfcb369b1af2112972aca79709ce5a2282c70da58c47ff28ea0c3bd7b
extracted/4dfe5271f5e585b75c76698ec263fc43d0aa7980fd97240b55a0849f411f8bf8.json,2337,e6aacb2208c343cc3281e92f620e47cadbfb795fb8643a21e44b172eb2558e63
extracted/4dfe5271f5e585b75c76698ec263fc43d0aa7980fd97240b55a0849f411f8bf8.txt,1279,360e5ad60f724f9ecd95ffc4e51817005d70006f96e0b5ebc1f180fe97f5a835
extracted/4e28521ca9d67866562cd5bc7b9f4f6b0497fe6337595eaf301fd3e678c5494a.json,2334,459bb80ae453139ae6c5ae4cc5abce22e49a4e56ad80dec43c793404a7cc2eed
extracted/4e28521ca9d67866562cd5bc7b9f4f6b0497fe6337595eaf301fd3e678c5494a.txt,1238,b0fe4d90737f03a53ede18224e364f1f9b6a925327578826f93567641495c5b9
extracted/4ed6c816d0de80e0e1f7eb362c6e38b90e54fb99b9ac71e944d90a173ed9b06d.json,2339,0edbf029e6662d0147a2fb72fd62d76658a819d0912273136d5e4347a354ac74
extracted/4ed6c816d0de80e0e1f7eb362c6e38b90e54fb99b9ac71e944d90a173ed9b06d.txt,1253,7eb776132d46193497bb52dd9402e0e6acf3e0d20b4659d5aba7a9cf0fdb84b6
extracted/4edab42049f1262088b3eda838202ea9e127814db1b6d8c2616282f532f07998.json,2335,fa9ba9f6dc533ff00027c62cf54bc8d013e9f4aa5fd136520cddb49fc8d0f0b8
extracted/4edab42049f1262088b3eda838202ea9e127814db1b6d8c2616282f532f07998.txt,1339,b54a39298136a1ff7603ece360f53e7a3a952557493ef5c8c9e55a4fa59481ac
extracted/4f02e289a5a08d3babc76045c2155c827f90e6a5d16b4c47a8e6a53c5ea1c6f7.json,2333,7526c955cbed35ce8ac6dc753f9e1897b877bf6cc79139f6c1f1688a01f4f5a4
extracted/4f02e289a5a08d3babc76045c2155c827f90e6a5d16b4c47a8e6a53c5ea1c6f7.txt,1242,087a774dce5c7d2ef5de9de8fbdb12585c229b91c15eb48c5ad65f380af6e45b
extracted/4f24d3a58ef17812f71ce202f44e45ff27a3eaa47a386441c58900eeb4dee1dd.json,2335,0c05e4126a86428a439e4160bc676a027587e40699f59747b2bb4a4edbd9fdfc
extracted/4f24d3a58ef17812f71ce202f44e45ff27a3eaa47a386441c58900eeb4dee1dd.txt,1320,29d1eb811acfbcf7ff400a6c8abd80ee7bb0a8b23d230088a3c64779c73b39e2
extracted/4f7f2be8386f8eeedd52f02a14f1d942a3f030b114cb5e15b03f06213c474601.json,2334,bf040e1eefcaed81a7a74b736641aea0e7aed06bb8f27a1cda4c29775b5ff4c6
extracted/4f7f2be8386f8eeedd52f02a14f1d942a3f030b114cb5e15b03f06213c474601.txt,1240,36baffe64741ea7033ed7b5c3e806c4310cfe92b1600d28c8cbc64a2cf3f33fa
extracted/4f811ea4e20356928bd3eab48c23c3d291203d82d84c88932c90f6f624d4df8f.json,2338,2afcf5d88ff07468e27e7ca2222231fdec24a0fda5416c4a7ba5202319c59c39
extracted/4f811ea4e20356928bd3eab48c23c3d291203d82d84c88932c90f6f624d4df8f.txt,1279,7666873bb373bdac5648d39c70730ac62ba495d8fcc181121c59e8f4aa95d053
extracted/4f89dc3932a620ddde96ddf131a091a1029695adf3c32b85c05a826d926b87ae.json,2340,f027c3c683de9a8dc566f7a1c625955b35c6c33fa9d29c555f3174358db32de0
extracted/4f89dc3932a620ddde96ddf131a091a1029695adf3c32b85c05a826d926b87ae.txt,1242,32c94c96f09f19b0c7b94b065a4acb3d6b108c65f6a233f26093121a32b4c1af
extracted/4ff54e609a850bbc6b71a0c685a563c2fc860550b65a4ee0284b8c60cf43f1c7.json,2333,f969d411c2a0752a5614e685db9f6081a350161b7f4ca847929d3c93f87caa20
extracted/4ff54e609a850bbc6b71a0c685a563c2fc860550b65a4ee0284b8c60cf43f1c7.txt,1245,2c3f90767a15e672c97bf736b59fdcbb5815d8333939e35155c723ce2bf95457
extracted/50630dd373d8dd67b2046ab2f4cf61d1602b3021fb0f3c3e8cdf39e91ec9c6c2.json,2342,aff5ae088473d65942a49a233bc2eedef73ae880ff0bddc7b0f38a7b88d8c9ef
extracted/50630dd373d8dd67b2046ab2f4cf61d1602b3021fb0f3c3e8cdf39e91ec9c6c2.txt,1314,13c22e7a2eaedd940003bc774fd3ceebf93da3b331369030f7f0ef8dc26f0d85
extracted/510eb3d2742b85126f6bb6491675b0f58b5bcaa48e13c09a21eebc37b7c2b60f.json,2337,579fc28172958b4da7b479e8f1817b1dfc50754fdabb2329d0ba598468e33aa4
extracted/510eb3d2742b85126f6bb6491675b0f58b5bcaa48e13c09a21eebc37b7c2b60f.txt,1253,7918bac04c19f1406544afd9212213d008d9a7d9b42d11f4791ecc160addd0f3
extracted/513d72a1b4b2379113a7cd54b7479914378e5f6d658651ad4aef2985e11c8891.json,2342,fead2188530db78fbff1de49075d6b1b0dd06a650f7c8aff2c647feea20a9bfd
extracted/513d72a1b4b2379113a7cd54b7479914378e5f6d658651ad4aef2985e11c8891.txt,1317,5363f98285b8dabcc43c5920212e2ae2cb4a0b9a420b59f493f08a3e18d4bb21
extracted/51ba4b14a80335e50687d3716234fbc3caf88dc84b9278a5df158b167904a9f4.json,2340,14c08c1d8a22230448514657fe32cf9c134f0deaba906ea1427b586e8ba57445
extracted/51ba4b14a80335e50687d3716234fbc3caf88dc84b9278a5df158b167904a9f4.txt,1243,1d4f103a6590fd6d81ed8c76bba249fc2a44d63b684101ba0674be72e63d7728
extracted/52081101e6c0a4439ec99c8d010af4b727218c115a6c535b5748605b9742580e.json,2335,69ba57ebe1a09bf4bf02b8b8fc082f4d75bed431c5b0e9cdb66c7882a7f35693
extracted/52081101e6c0a4439ec99c8d010af4b727218c115a6c535b5748605b9742580e.txt,1240,836ceac8d6c7daf86c58a0ace09a89847b8d648359c1713acd94d6b015774ceb
extracted/522437bd52cad93b355f4f0f9a87ef69b52f30449b2519206067c9e5ce122500.json,2338,fac2050a2fc7cb633cce4dab74db1aa50e7d5bdce75635c594e53b266e2c6f2c
extracted/522437bd52cad93b355f4f0f9a87ef69b52f30449b2519206067c9e5ce122500.txt,1141,c0e994158e8926bdaa416f610e54d7f052354b2496da2bcf11e194457345dd2c
extracted/52b19c796406bce37cbeab8d6b3d8d0b13ce67dc86468ca12bb105de8db476c6.json,2333,cd41e50fe758289a491a19b66c29d6fa8c10dbf542921fa934295a3926ace744
extracted/52b19c796406bce37cbeab8d6b3d8d0b13ce67dc86468ca12bb105de8db476c6.txt,1240,bdac17de4d3cdda795f39b52d5f58075e747dc694f5d3640e728894d61af7365
extracted/533281dd21815500c16ca948857677781c916f256b70cce41ea599a0d9721aca.json,2333,f62b3e740a2fde147463b3f7fc70872923a23cbc121cc799bc57c7ce1bc87c7a
extracted/533281dd21815500c16ca948857677781c916f256b70cce41ea599a0d9721aca.txt,1242,31a2f3920124a9ad49d5c5fc1bb12fb5890185576e25678c675d1cd76e96947a
extracted/5359c74baa2f63fdde713b3a0129ec7f344a7e4d4d69aab55b9b0971f69138a0.json,2333,adb5b068ea8d8c2256942ee0f82e3df2a2ad35d4750557c2aee10e8c051d5ad3
extracted/5359c74baa2f63fdde713b3a0129ec7f344a7e4d4d69aab55b9b0971f69138a0.txt,1244,599fb0166f77a937c06117a55b65d33abbbaae61f780d705f555e54633f59222
extracted/53abb484a262ffbda4481c86be57eb79b8f936b4f3c3daa0e3ef574b2de349bb.json,2335,8a039afe09c1eb0ce1a66197d330d624535a638184f4d6986b0aeb6f58e25118
extracted/53abb484a262ffbda4481c86be57eb79b8f936b4f3c3daa0e3ef574b2de349bb.txt,1340,94817edd346c96b7e484c45e8bfdb60f0eb58adb60c7da477e121e50ac439c94
extracted/53ad3a4c0481f9212096c3977c5b9cff1bc7e9171b25246371ae29f9a10badd0.json,2337,1b0c2879f4ad02c89de0ac10c2a0e103f795ecca0542a777c234f425c92e7791
extracted/53ad3a4c0481f9212096c3977c5b9cff1bc7e9171b25246371ae29f9a10badd0.txt,1279,2ee2ead330271343ce8d916ce8cec3489d62b0b59234fd43d72534854ace4f90
extracted/53d6315903d8116ec207d4583e4b124eaa95defa9feec44458ab1fa2dc4c7462.json,2336,173480f2862e8e0d28832825f4fca61ffcea2cbdcab335032f459c78c7a5f96d
extracted/53d6315903d8116ec207d4583e4b124eaa95defa9feec44458ab1fa2dc4c7462.txt,1246,9deee1580eb9a8d0bdd46cc8fd421afd2f98affbf5c90d9bb2299718a78f8999
extracted/53d92249a330849f64a24c69a0a4b3392366cb4cb21320e764e7f94e14c86f16.json,2285,c5c8ffffaa82b6cd5fc2972d368ac95071f011d349500b366799f733f159a751
extracted/53d92249a330849f64a24c69a0a4b3392366cb4cb21320e764e7f94e14c86f16.txt,1143,bf816ee237a783ca94a6cf08ae323f20773e9a03596fd07fca53d54d7431e1ef
extracted/55b40914c3d0d8e421c2895032291072175a91f574ac7aeeaef99fd3d61fda2f.json,2339,df45e3d04693f64076f2e3b09d72ac4cd721ec4e3b37a7f5020e656866fde31e
extracted/55b40914c3d0d8e421c2895032291072175a91f574ac7aeeaef99fd3d61fda2f.txt,1248,813d1dd6b3b59d7a4301427673d54545cf2a426aa1b28ee25a00989582c4c9a1
extracted/55ea51d39977e31db4feb12446dd4fb7e9bd72285ef6955f3d2a6916ba783df6.json,2339,7662ff8f0f1c206bceedcdf5633adcb0d92c3248071ae74a04a88ab4d5782eca
extracted/55ea51d39977e31db4feb12446dd4fb7e9bd72285ef6955f3d2a6916ba783df6.txt,1327,c05ebd4eed6a9da510886c25ccc06a3f21c72afc3426efe6e2d4209b5fe6ff56
extracted/562ffab481324f397c416c1c45a2b170f2c0935c5e5ec07dd211da0360aad9c2.json,2336,da4d4f0b229c13d5d5f858b20eb67c5600806ba9ac194a697fb0e2b2475b9096
extracted/562ffab481324f397c416c1c45a2b170f2c0935c5e5ec07dd211da0360aad9c2.txt,1245,d886fe08856296fa4b5b139609dbbe9639b6014eac5b1a2ad9a462e5d41f5b13
extracted/566dd193ec2321b1904ca5e2790be42033257382318766535209588839253833.json,2334,ef682bc469f4ba84467aad04f201b7ca1796dad0da46374d069037199f859753
extracted/566dd193ec2321b1904ca5e2790be42033257382318766535209588839253833.txt,1245,bd62464478f1c2e85832bc63778c87437321688192e8ba9e343633707cbb9e41
extracted/56acb366d4c4a13d5a0fa9fe290c172b454f056aee08608a65836c4b4c512c41.json,2339,eabe8d3c919f1ba31c8167547b014ae5784dc42658e6df7485d35d491a64d1ad
extracted/56acb366d4c4a13d5a0fa9fe290c172b454f056aee08608a65836c4b4c512c41.txt,1252,5c6630ffc91664180d1bfc9389cd16348c2d72e9b4d7ddd32fbcaf69ca16f230
extracted/56b128e1f4006f1262c04e59bd676ffbfa33a1ee380f2b50c1d1f42686e9f87f.json,2342,602a6b8365ae75144da6550f716bbea6ae5a7d341d84f38a7f6b346fc78f5600
extracted/56b128e1f4006f1262c04e59bd676ffbfa33a1ee380f2b50c1d1f42686e9f87f.txt,1314,867581b351e2dca2afb2d8bcb9423eb9ee28cf9cb6b4d7fbd78e10af100e3351
extracted/5769a095fbb47aea02eff5500eba0e7bb88fdf63e9c327454f8a78c0978266ba.json,2333,fa9824a6eb8d3cca41ad9c36a3f5d3e34f0d657d29df9bd44f89cee6b68c3f64
extracted/5769a095fbb47aea02eff5500eba0e7bb88fdf63e9c327454f8a78c0978266ba.txt,1242,7a4a74e960cb266cfe997310e92fcf19cf6395b92d0e2e7f09d859769a240bf9
extracted/58a8625c540a1e28456334158fbb910c682b2fa5b87ca0b4f9004a6f572e9489.json,2339,2f5fb8613c806413c574af9fc6082cdb831bb9ccefa944a83b70071a4c6840ad
extracted/58a8625c540a1e28456334158fbb910c682b2fa5b87ca0b4f9004a6f572e9489.txt,1251,1fb9261ff5ac3a0090db4115b4772137dc77c7fb4fd4a66d9e41cfc48a94eb1b
extracted/591b2dd49232995722a83ac76c59651ac530a4932c23b518ca1069b33f4e8d82.json,2339,aa0a0e588029fecb550c920abc5bf1327e38ab3a5aa644de9a06c214c92f8dff
extracted/591b2dd49232995722a83ac76c59651ac530a4932c23b518ca1069b33f4e8d82.txt,1327,2e6e6b6dc2c7e29c84ae1dcce93137861ac495f30b75a51ee804ab5ffae77902
extracted/5952c079e15ee774a943e988432b0d03d30de2390d12ab2bfb613728564987cb.json,2336,41f806ea786e3eda4e3b3eda8a09b130f131bbdc23b4de3607a17b5515b0cce1
extracted/5952c079e15ee774a943e988432b0d03d30de2390d12ab2bfb613728564987cb.txt,1268,fd8139b197fbfd17c0681e224f62ed383fa484747f8df4c0b5c7510a22b61102
extracted/5a28e09e4446a1ec6e655959314682085a74446edf15facfe7cb4013753404d7.json,2338,4c232d9fe001f16dc3efbc750bf4dfd495d44690c716a029d93a92fce9093d7e
extracted/5a28e09e4446a1ec6e655959314682085a74446edf15facfe7cb4013753404d7.txt,1247,d3acd1968b3dff4571df9bfa65565ce9a0fbe0b9e5e8cb99938beb116d77c814
extracted/5a298e7708e2679dcdc479542edf6fd03889072b010d43760cadaa1b616ba379.json,2336,82518ea57c17ea9ce0507d78a36c88161094a74aa7b8cf56e4459e893bbbe382
extracted/5a298e7708e2679dcdc479542edf6fd03889072b010d43760cadaa1b616ba379.txt,1325,ec14e78e399b9ae342d56d27fa24d33a7d77a99c7f8a1759d426fa5f2a06be11
extracted/5a76bfb54e61f1af1a714a10d993e7c3bf313ff685a70b82654f366f55ab6cf8.json,2335,13830fe20bbf5f3eaa3141c2fd1443fecc6523b3d70c76096ecc1658f9cda68e
extracted/5a76bfb54e61f1af1a714a10d993e7c3bf313ff685a70b82654f366f55ab6cf8.txt,1320,4a513ce0a64b9e142f9bf38579dc32e8368ec362db82ece122d0513c09852c95
extracted/5a7ca75245235b23446b97467da3b1e43b8a30c5cd2b0fd13c00dcb5577063e5.json,2336,e0cc17600ccb7e7d9715e79a9af1856abd1d8be1edb3e561a91dac032784e00d
extracted/5a7ca75245235b23446b97467da3b1e43b8a30c5cd2b0fd13c00dcb5577063e5.txt,1324,763e886612917616decae45acd05e6b83d0b1e97f9d1894e49dd83da856a31a0
extracted/5aa0e3d952208026288078e73df12c00654499a1271497b1c38fe94c8be01a8c.json,2340,b1ff60ff66ecec5d77a69a6ed10a43de1a3d2808532d06f6a8546e3ec23ea520
extracted/5aa0e3d952208026288078e73df12c00654499a1271497b1c38fe94c8be01a8c.txt,1247,e85f16298afecddb9af1956703d6ed5de736b6cffc557d632aaacab304440b50
extracted/5aa22f3126ed8201d8f6342f0282c903a0e2386aa5c855ac9d8f1154b65eaeee.json,2340,a88027491a14c5c04c8ef07aa88baaf1c320537bee1ed77b56427d1fc24432ff
extracted/5aa22f3126ed8201d8f6342f0282c903a0e2386aa5c855ac9d8f1154b65eaeee.txt,1252,169e0f2d8313f87f7c2ff56cc99b5e33bd887c57617a9b6043010bc5262e41b4
extracted/5ab8eae3d9c749c5e45a8a9560cc43d0aaa8a0afcc4dd3cf97af9ad066c5d358.json,2285,b82966ce0f87485e4f938aa31315059464297c86f12dcc939e8ce0c94caaf2e5
extracted/5ab8eae3d9c749c5e45a8a9560cc43d0aaa8a0afcc4dd3cf97af9ad066c5d358.txt,1143,7c0d2a681122c9ab3443be339420e8760e1e9617d89f7c2e089e86ba542362e8
extracted/5b156e714f0ba76623114481989bc60cf0284e24d53d41642a2b1d253bf0bfef.json,2282,8d9bb4c058deed286dd3004ca869a79b982dea6712e0e95dded40c724485a6ac
extracted/5b156e714f0ba76623114481989bc60cf0284e24d53d41642a2b1d253bf0bfef.txt,1173,2a4ece7b226a961a7e468ca9a3042bdbcb6b1d655a661aec10300c308a5be3d8
extracted/5bcb0293a05042c35c7a4997e5e2dcbdac4fdf221a0b382458fc5f84b0d5610c.json,2339,46f4a1eb38f905c3e0c9ff3974145cddb52cef94c5ca6928c479e07fafe0e145
extracted/5bcb0293a05042c35c7a4997e5e2dcbdac4fdf221a0b382458fc5f84b0d5610c.txt,1252,21917a4118c7b207b2ef19a3c2304cdbd798d468e7ac14f812ca7324f33e0939
extracted/5bddfd5e84d1eb21af234cc6f9cef7107dffc7403a3d462aa923d2b453534cd0.json,2337,1dc8c1092e0445df53d308418652b2e3c3029c26e2517072c1e8f1084d96bf8a
extracted/5bddfd5e84d1eb21af234cc6f9cef7107dffc7403a3d462aa923d2b453534cd0.txt,1247,ecc754e7ee64b04442369f7833634fa512d9168a9a99e2bb8b400d63c3095219
extracted/5c6a68eab0d151020e6c39b450f73b6ee3b074fbfb5822a4a642c7f3dff41ec4.json,2341,f1eddc92b616bebb1612c408e96b3721324c23b023d87a1c9571d38cc9a29f2f
extracted/5c6a68eab0d151020e6c39b450f73b6ee3b074fbfb5822a4a642c7f3dff41ec4.txt,1253,01ee2fa5a448d9a81b9d3f09783ea4e2b4396dc24c686f62af98a3a7a688d3fb
extracted/5c811e77a6b8b4acb3a52d3d965df137a270f5ab36560c943363c8221bc9362b.json,2334,8e60eb4f6cb1ee7a8eee62f541ec9790d121bfb31ecea278a11bec8b6f2c7b9a
extracted/5c811e77a6b8b4acb3a52d3d965df137a270f5ab36560c943363c8221bc9362b.txt,1245,45e466be1a085ca231613b75a971febfc1cc09515075bf74fb58a251178d024e
extracted/5c934f0992a2f403da17472838ff552b52ceda8258fec3999b63de68a794d022.json,2337,58d74eb5acc0b019ead96f82fdda272f2c15e20f21deba9636c01c9466821309
extracted/5c934f0992a2f403da17472838ff552b52ceda8258fec3999b63de68a794d022.txt,1253,b6382bf2f8062c792d4e9c64edeed876fa51d000992a96bdad59d6f6cda61006
extracted/5d183889cea6e277ecb0bc920adef68df16e7e344270d593932e741545109a6b.json,2334,8165ca961936e1ccf5892f31202c8030969d8059303d7fb864cd7e88e275ae65
extracted/5d183889cea6e277ecb0bc920adef68df16e7e344270d593932e741545109a6b.txt,1244,8fe8dfac8d93dffa86f457b399ab112640a455fd17708ad8ca6a903aaf27d047
extracted/5d5962737b83b6847d0316a4c7f9ca0170627537bbf56e593a2069560280bed3.json,2324,95efcf8f46b6539e13bc02ad072d5cc2e22d6b56a25819abbf84c79a8c8b6f02
extracted/5d5962737b83b6847d0316a4c7f9ca0170627537bbf56e593a2069560280bed3.txt,1225,252e0e258ec6ce994c3a3ffd6f703394189bc70f28215a3a88c8a967a241c1c8
extracted/5e52cad73127e29ca38399b34092fb8d7f2dbd4e29a943ce8e47897652fde125.json,2339,728358df7484735d9f3ff9458fd0869e3ac05009aab62b101fc6e3ccee841448
extracted/5e52cad73127e29ca38399b34092fb8d7f2dbd4e29a943ce8e47897652fde125.txt,1131,d4cc77408a90d6845c671988fc6a65b5a445492cde27e50a9d35e4dbfaaac06e
extracted/5eb40bb4a5e323d36f9b654b94c46bbbf0f60fe905d290983fd3394afce02db5.json,2340,679cf29c3068c2736c90f1453971eb755a7ed96b5552011285da680bc6da4326
extracted/5eb40bb4a5e323d36f9b654b94c46bbbf0f60fe905d290983fd3394afce02db5.txt,1319,e44aad2f8254dfe7c68ff48ca9c769d145033d86eb28ceaf29cd401ab07808c0
extracted/5f93bb7dedf4fa8937be2edde422444331301545e2588efdbb0bcc6ccce82d7f.json,2334,57897f2edc4d94883c5a142b8249ab082fd048711d9afa8ec62e2bb0c4d8ca06
extracted/5f93bb7dedf4fa8937be2edde422444331301545e2588efdbb0bcc6ccce82d7f.txt,1245,1e8ea2577770998be7137cf041071da9375ba034356be9529a41b6d4c5dd5f50
extracted/5ff5578522a5d54726d27fcd67340b1d4cdf5e4d7ee928cbd4d2eaa361911ffb.json,2338,23cd5261217184c4f37a70f257e8b9c9721cb58bbaec00a4862dc0a46bd951d1
extracted/5ff5578522a5d54726d27fcd67340b1d4cdf5e4d7ee928cbd4d2eaa361911ffb.txt,1250,9c8385bef728986691b3eea339b14deaaa0b95de2574d7d2fa1fa2a8283e99b5
extracted/607b08824a8bfd58e6a88553fdc9270c872b408ab5f3c2e7773a7588d13ab605.json,2333,3462db20e7550507bd8799b0a05196e61258df19a14a0ffa3e5b8d3e1e1a8330
extracted/607b08824a8bfd58e6a88553fdc9270c872b408ab5f3c2e7773a7588d13ab605.txt,1332,622aafcffec46d3a0714ad40b5d45b6238250326c80b7f62b86c79b705d80643
extracted/60b9ba2459255b8d6d64f9a586763bf341a035be2a7623fa7a6280e8b2258112.json,2342,b0d97e61f5fe716220ee247806638f3f3c89e8a2fbe8b382a7e7f3b1ca5ad8c9
extracted/60b9ba2459255b8d6d64f9a586763bf341a035be2a7623fa7a6280e8b2258112.txt,1253,ef49180608f67d76cd8db7c1dd832cfd43f6ff90a63b34e7f04d57173392ce3c
extracted/60c204b01ed140729feb71bf3afb268aae1363d4b7a9bcd9ac2fbd0732b48833.json,2336,3a96a27228066938f0a9931e46921cf5d6445bddf4a878122e6f3ea7bd9525a5
extracted/60c204b01ed140729feb71bf3afb268aae1363d4b7a9bcd9ac2fbd0732b48833.txt,1237,2e37acc604571eb8e01f73fb824f6f1d3591d921e5f191a3bdbae687d2224bf0
extracted/611127ee8025b468b181af028da1238758b1dee94e69052722ef91a0a4780970.json,2337,4636be6bd292e0dde0404c3f3324b0d2c32d92e0dcfd1b2a0c274d285e0d0642
extracted/611127ee8025b468b181af028da1238758b1dee94e69052722ef91a0a4780970.txt,1243,aaeb1ee3ef36607e996d6ea5f383b74d10a37e1c03cfd70ae2b6b22eea7f7648
extracted/6140915b478c848d0d5918458b0ccf4ad81da8e652d26c9c84596577c7359f1a.json,2281,c6e7de859b7c969eaa76ebd4e11e389afacc993bcf77a98d1e0224587b2b236b
extracted/6140915b478c848d0d5918458b0ccf4ad81da8e652d26c9c84596577c7359f1a.txt,1140,af5896be28ed025ed0e4ccc785d0b1c0b42932a7902103d949b7ac6272bd8c83
extracted/6233887a244e48fba82e548d81d1912b1f0f8ed5efd306ddd0a386a63038b7c0.json,2339,ac5f3d54fe41b763e066a30045da39bec74a1ffabcac7abf6efa2c70c9536940
extracted/6233887a244e48fba82e548d81d1912b1f0f8ed5efd306ddd0a386a63038b7c0.txt,1241,ef15353a1fa64fa1e0b661831abc1db0f3d0faa508d2d1f4af1035a3689f5c89
extracted/627739ea2ed9ea52c1d257b8f2e4a130a71a4e86d855674c20151de0831f87cf.json,2334,a5b4d9c544e5a2d2c84e0e30a295bce5148102cdaaf3b615b1e934a6e0451d54
extracted/627739ea2ed9ea52c1d257b8f2e4a130a71a4e86d855674c20151de0831f87cf.txt,1245,6a14cfafdd6e9086fb124a57a97e4cf47f338dd78d9ca696d23e0bd4897ee78f
extracted/62a2eda053af25ae2921b00ec53aa5b48827b3e453d2647c152cf5f3d8e2eaef.json,2337,4235ca866d2deb13ab55b704db877a3dbecd5736a5e8457778b5a1978b7fe480
extracted/62a2eda053af25ae2921b00ec53aa5b48827b3e453d2647c152cf5f3d8e2eaef.txt,1246,72169d59ebd06f5d80f0b9f7c076fc0cce870b592cfea6e9010b02d4e5fb8bd5
extracted/62b11535c7390bf936db9c3fab351ca5b8db805daba72869ad775a508aae1228.json,2338,171541f2a40aa7e13a6e6b5daf0207e62efba16aee5733b5d365368048ec57d9
extracted/62b11535c7390bf936db9c3fab351ca5b8db805daba72869ad775a508aae1228.txt,1250,083e41c31d16e2d854f8391aaaed4623fa5e8b58e585068a45d67940c1d94a0f
extracted/62fe293902a365842cae8bda06d074b3d8a2b3c6bda66a3f1aa3895b1f590066.json,2336,ac15403cb944f7eaa2e1a842323e97eae4dc3d650ed584e3d0daff8997c806e4
extracted/62fe293902a365842cae8bda06d074b3d8a2b3c6bda66a3f1aa3895b1f590066.txt,1325,f5a8f73aeb44f043d66cf8baa08bc21f6cb1d43f8f70b3f5363c571587e59ca8
extracted/630a59e63d506fd0ff710a0c175b339aa46e2fd6cb095b35ef338028bf791894.json,2335,e5f119ea406fd04af508d86c47e7e5ef2d7a659904c7a1b223478b22e4654186
extracted/630a59e63d506fd0ff710a0c175b339aa46e2fd6cb095b35ef338028bf791894.txt,1242,46bc1a3298a36675a1ec638197ee63de3f709e119536ba8691c6128adac57f1e
extracted/6316fbcb1e530266677539bb6998125dce105e18c6d7184db4b031beb1885184.json,2342,d659cf8679262a4f6cdc35386181cbfbc84c50269583526937fb2f0728da5263
extracted/6316fbcb1e530266677539bb6998125dce105e18c6d7184db4b031beb1885184.txt,1315,fd416617f351a8b060bcccde767583cae1fecb3ff3b0e43a1087ad49bc0f710a
extracted/64d2566ec8003d084d1e301ee792a959222800cabfef246358fae00f92ecc6de.json,2340,6c6006264c2285c7c070ee2910500322f8191631774baa2eb04b261e9c710aa3
extracted/64d2566ec8003d084d1e301ee792a959222800cabfef246358fae00f92ecc6de.txt,1243,e7ec383e3d83899d4f73be692470fd1e2015639f9f6074ffee222caa3d450b6e
extracted/64f0a8e24510d50dd4a5aa3f41e6d767c7709f649da02ccc62241367640bafef.json,2333,74239a55a32d5fad3b83fbf87223fd8e9cc00136eb00f6d0a68c04527ee8151f
extracted/64f0a8e24510d50dd4a5aa3f41e6d767c7709f649da02ccc62241367640bafef.txt,1245,964efccba422539425b782ff060b081aed22b9fabfd3496f6ea363849ae25f7c
extracted/6550c097b5eb173ed8cac3e0d25db16e0c53c2f4d6a356bed514e636eb0349c3.json,2336,6fc55e68c0de3a75ff905dbdc7b7eaf520c0b8965f0f80567acd17f9ea6a1036
extracted/6550c097b5eb173ed8cac3e0d25db16e0c53c2f4d6a356bed514e636eb0349c3.txt,1329,65d0c7fdfdb5aff2599130662d6a1a4dc48d9f93d1d490cc93c92018cdb44b42
extracted/655d256269abb1a913c82338cfbfafc8c776ac162b588fc08398da442ba0a9a0.json,2334,9eac984cb19e335a251bbd2372dad105f2bc8516c902bcc38e2a274ecf6db949
extracted/655d256269abb1a913c82338cfbfafc8c776ac162b588fc08398da442ba0a9a0.txt,1243,78207fd9710c60ec24b910d68c20522f4bfcf6ab80ab3443607aa482ce2c9daf
extracted/65df366efcf92a69327cb524cf4cf3e2248f02d37be073f474c1fe4de2305ebf.json,2337,820ec12f729b4b0ce5c4cb36fdc1f6721c31956763dcc4ddfdc4bc8889444c86
extracted/65df366efcf92a69327cb524cf4cf3e2248f02d37be073f474c1fe4de2305ebf.txt,1279,3871fe8710f3aec299e6718b53af3263474d761db241c301e9883bed1f96e86a
extracted/6656f6c45bb3ba366259b4e6692d136d40835b94b68980e19b7c986c34fb33a2.json,2335,0fdd2576d1871279e423ca79297d8beb7ec369b7385713a352d964e535ba6917
extracted/6656f6c45bb3ba366259b4e6692d136d40835b94b68980e19b7c986c34fb33a2.txt,1253,adadced24e0d0bc7af5da40115a57c2d807885b5bca018db78dde3d55f1a9202
extracted/66cd3eeafdd62ea3796b721ee172cbeb3af8da44e6987d69122122943f3c7d78.json,2340,aca95f21a159b06b9401f1671085a106724f8b70b13a79ba0969790288ca72f9
extracted/66cd3eeafdd62ea3796b721ee172cbeb3af8da44e6987d69122122943f3c7d78.txt,1252,9337893156f246c69766ed06faa05fc7e829c977b231137e8b54dead0425658e
extracted/677b2fc661c78c8fac40a90f2b504e6e953e22d9d3d78e5b1207d34b47c16343.json,2339,6a2facca731d1a22a1a42af1c47310adf6e352265810d5d9181c87f185c3025a
extracted/677b2fc661c78c8fac40a90f2b504e6e953e22d9d3d78e5b1207d34b47c16343.txt,1245,3476a00e67559f86cd78565070e23412441830ea73cae8b57081e4bbf8e9fec4
extracted/67ae324bc6e694b828eed5e5b99ee0aedffb9af6dff8a7bfd8d070e68f04dafb.json,2341,fc9339e50dd840584f39499efc693f33c737dd649e30c1814593093d632e1c38
extracted/67ae324bc6e694b828eed5e5b99ee0aedffb9af6dff8a7bfd8d070e68f04dafb.txt,1253,2eedb13060da0321444e870f8477ac4026eb80ab2a73bfd1ae6e0b07026bac7d
extracted/687437d43c542e2250f2790d9dfb6085113ee5aac294b2a19623c11c97998193.json,2339,1af3ff12b1fff100b2513b93c92c211a0d1d9c85f590e41e4a2b0a78ca9ef2c7
extracted/687437d43c542e2250f2790d9dfb6085113ee5aac294b2a19623c11c97998193.txt,1251,ccbfadb7589f8cd1c482fa5c07b0d761343b823caaf61d173345fd9f39cad53d
extracted/68b5c84fedc12f1dea53ca1f21a7ed22bb3a7a3180777b47938dcb54b75daaa7.json,2339,dfe76aacc42787bfbe10a2e79997ae93e53b4d8b66211ce85924c27c0df3a53b
extracted/68b5c84fedc12f1dea53ca1f21a7ed22bb3a7a3180777b47938dcb54b75daaa7.txt,1322,8dbd4daa2d9c380c56202f0bbf1374c858b93a3f619721c68846c075559a7b16
extracted/68e3a7c52f19363bbbed691ce2822912c5fbb01bfa4d58ec572e3b4559f62761.json,2283,ebb5f1a1b84c3f33f9a61949ef885824cb26dbe3cc934ea94b5b300d20647a79
extracted/68e3a7c52f19363bbbed691ce2822912c5fbb01bfa4d58ec572e3b4559f62761.txt,1174,4bc728e902118444f247c8e2a129acf5a27e68e449e303ce2609ef97ce00bfd8
extracted/692cf12155cff4ebdd988087b41e2b039574eb0b17623818ea46a1de2688aeee.json,2280,b4559a0101f71aefd062ce923eb890ec05096cca1d0012099a568dfac959e5ba
extracted/692cf12155cff4ebdd988087b41e2b039574eb0b17623818ea46a1de2688aeee.txt,1174,b33061900b8a09e4e425641cc3d16b9aa86fedfb888f3fbb6b6d091500344297
extracted/695a0fa881aab61a447b86230f2d67d504b1c1e2cff21b30bce61477c5f99b0b.json,2335,6dfd06d14f050391f5a970149fdf7e31c51c7977875867b53997514aeb570fab
extracted/695a0fa881aab61a447b86230f2d67d504b1c1e2cff21b30bce61477c5f99b0b.txt,1240,d621f96997c772a84291f5f84da1de6d42945353d593417b7855668a10935b60
extracted/69727579b6c95a9f9e048fc946b5c9e9ee93ea1cb5edcdffeaf384641b99a3ee.json,2345,29b88d3f9e43157698739ede09d621838f87001b20aa639a8fdd8f4c0413bb03
extracted/69727579b6c95a9f9e048fc946b5c9e9ee93ea1cb5edcdffeaf384641b99a3ee.txt,1240,33b020143b6304a8ef3a95924b15c56f335231a4991cb4f15d6ade1f96326878
extracted/69d4526a9bda0e4a3342ea1e7071944ca15c5aeb9e36376f7b88944f14320f3b.json,2335,22d1b35ff6bf557f721449e53eaee43b2aee3a50ce65dc160b6faf53dabc3bba
extracted/69d4526a9bda0e4a3342ea1e7071944ca15c5aeb9e36376f7b88944f14320f3b.txt,1256,e279aaa6fa376145212a53d94433f5cfe61f8ec66f81f4a6ce760e354196aeb0
extracted/6a1d5a521f29b7c1ac0d28cbdcc25ba303dceb87235eab12a6578729e05610a4.json,2339,972f4884e5fa4968c89c17551dbde1bb903d16dc1027e4785a35cd8acddca4d2
extracted/6a1d5a521f29b7c1ac0d28cbdcc25ba303dceb87235eab12a6578729e05610a4.txt,1329,5aba763dcd1fea74b272b8b12809cd7dfad2a3d7197f8aa69fc7f92638425b0a
extracted/6a3f410ab319d2923ce383515d73655bf4b6dde798c3be8f0043cbbf92aacd15.json,2333,093ba6f48086f9dab884ed17ba11a3716845d57ece5e32de2c1e0f563d3f615e
extracted/6a3f410ab319d2923ce383515d73655bf4b6dde798c3be8f0043cbbf92aacd15.txt,1329,248038e282df3f7e143f4c69dd4b19d6f9449e6a60a1a6a028cbaf6850ca7129
extracted/6aff2b467fa6956d599a945c5f05e4868b015ec3776d5107b6eeba16cdc8d07c.json,2334,fd5d34aaea4e2ab0562b17630ad4dc3d6835471f957b6fa8b5cac0761d96085e
extracted/6aff2b467fa6956d599a945c5f05e4868b015ec3776d5107b6eeba16cdc8d07c.txt,1238,2c44e48fa3149efc6ce787773f9a930b5f5bc9461b94f97bb384b534140116b0
extracted/6b06f01f774f64fe29c730f49ae0200b6b51c636fa3227a62c6ba38cd8787416.json,2281,947982746e81ab8067d4af42e1bd755a1e1b04ee11d700d8478698575a1a49e4
extracted/6b06f01f774f64fe29c730f49ae0200b6b51c636fa3227a62c6ba38cd8787416.txt,1149,d738a6b0e62f431593777e0d44ba35877a0647cff8cc87f680f54ea59e36f2b9
extracted/6bc0a51f3e8cadcbf844956a9fa3a5767d03294b60ab471dcc410cff81521ccb.json,2337,840a0b5c09ed7b5f82f7781fcf152895e60a9daf7345a2e62f082a46bc5ab121
extracted/6bc0a51f3e8cadcbf844956a9fa3a5767d03294b60ab471dcc410cff81521ccb.txt,1243,fb3ca48c9b62dbbb58db69b21a2a52f56f2e4434fa69340edbc6de1c346abf49
extracted/6c13a6da4a26dbd8732d3fa5f992e253ae10fc3424ce3a76c07f54544fb629e3.json,2328,cd3c922fe8e6be8d4733d8b71f164d9c6b81a5a46221589d65f79f2ac776637a
extracted/6c13a6da4a26dbd8732d3fa5f992e253ae10fc3424ce3a76c07f54544fb629e3.txt,1249,a9069aa95951298c9ca8e58b4c83bab5771e9ecda497df21fd487fd24481a356
extracted/6c267d3d06bb3e4d1a877128654a5acec0632009469ed7fa77cf9ff7aa9d6486.json,2343,75f808a4e0dbd8efa0ee19bbea69d8f155a1184de583c2ded0641145b1c8e1de
extracted/6c267d3d06bb3e4d1a877128654a5acec0632009469ed7fa77cf9ff7aa9d6486.txt,1250,db8295d7f48b35d79cfeeca8ee6791dcc388999ec2e4ac8528d4ea62adcbc3bf
extracted/6cbf89466ac090ae50cedb7fda54b5db1c93e134e35532f34e6a9a3fddaf5b6a.json,2335,74628780fc7328906622da16af510b9f3cdf16e27b1a2a207c19b1b5dfb511bc
extracted/6cbf89466ac090ae50cedb7fda54b5db1c93e134e35532f34e6a9a3fddaf5b6a.txt,1240,8bd30f863d9e474f897b0db43dceb5a46e0c435c087e6f4e3b603420ef3307ff
extracted/6cc796f92ae65b69a80330bfeb90af148b845e4ceeca731d2f703c364d65b0ef.json,2333,82fd640cabb7bbd2e98b7070e62ce02c9b477d329f3127b418be9d77491533dc
extracted/6cc796f92ae65b69a80330bfeb90af148b845e4ceeca731d2f703c364d65b0ef.txt,1242,ff87f6d5b1c83bef6523dca3f02f921d542d19af3805064a84dd04c216442fb8
extracted/6de5ee9c62fd2bee058e840736e295946688a73fbe0545d3956f49ea856c3f52.json,2284,af68940213d267d85bfe21c8daf7f788c6bcad34604dbbd117d2deec1d06846a
extracted/6de5ee9c62fd2bee058e840736e295946688a73fbe0545d3956f49ea856c3f52.txt,1102,721f3ae5036183f70c7b9da65d3e9bc86c271618dc0f79c25eccf8edc371fd4f
extracted/6e8f77db1cf245e105e9b1d5f26d8a93ab73325984026654e722ccb8025510c8.json,2342,6c63d106577bceb06920ebb9f623a579142da76a7e1070408977674b4c26083c
extracted/6e8f77db1cf245e105e9b1d5f26d8a93ab73325984026654e722ccb8025510c8.txt,1244,5d9e23488c806b12e07c7d00cae5b51f61acf190553d2066472f9fe012daea53
extracted/6f378ef3c0993962dc70a6d62ec16f1ce21389ff84db28aaf5428c8ad17ebfec.json,2278,80d021815922a7b074f63da69f5322e546b4bf919cb8bda5ce81452b71f22965
extracted/6f378ef3c0993962dc70a6d62ec16f1ce21389ff84db28aaf5428c8ad17ebfec.txt,1092,00081535fca420041ec594bd68a33c8e70257c8383957bef22b90adfce99b5bd
extracted/6f3c96b548f581cd72704fd4eee30bb9a127b50758d183a93900902c319adf27.json,2345,6315d0c698231a9d3c27aab16e1b62740b660b891716595696ef83a6d2108bd6
extracted/6f3c96b548f581cd72704fd4eee30bb9a127b50758d183a93900902c319adf27.txt,1240,0f6ea5298d54e336a6320bbca016bbe881acf54d74b54752a617d682f7ea4bbc
extracted/70368636bd1cdc10e3abd72d8ddab94950e4dedc83f9565ae0b7b556bd5ed77f.json,2335,6f9133726d27518e9050658fcaa2df4926f69a9e6261799001c64ae76dfbcc6d
extracted/70368636bd1cdc10e3abd72d8ddab94950e4dedc83f9565ae0b7b556bd5ed77f.txt,1240,8bae04769ddcfe2ff21af79268dbfb49a5da4411f92cfdccfef94c1d3c26e308
extracted/705a3ed370e7694fec662f508c8d0f94a27972ac29fed1bb4190e31220d888d4.json,2337,0f55bb73925ba4ab2892b39063c6b86e02345788b35c1eaef488c684f31ef4ee
extracted/705a3ed370e7694fec662f508c8d0f94a27972ac29fed1bb4190e31220d888d4.txt,1330,c1a9469e01f5f227797a9dd95a16158d968c1c34f058a7586d85d1ac2b1d7090
extracted/70e70018705c17778f8d883afadf121dc7c90c03fb5a2497e9f95f47178fa428.json,2335,04bdf39ecbe40b364dd8c87bdd2f06c0daff95295587aa2b95b2ee6367cba315
extracted/70e70018705c17778f8d883afadf121dc7c90c03fb5a2497e9f95f47178fa428.txt,1329,a39e775783db68f9a5a95051740ce08336e206cd531b4ac566cfcf992f07181d
extracted/714eaa8b4a912341f73da4984bc2ba63447c217e07cc9007bd3fe17bc43cd9d3.json,2281,d4bd1348a658e31cb4df52bfcadf6c0eeeaf31a413cd43c2b89b3e73ed09ba16
extracted/714eaa8b4a912341f73da4984bc2ba63447c217e07cc9007bd3fe17bc43cd9d3.txt,1149,19028260ce3606c17ce44b6f5e85b6cf73a07f7bc58656b7b1d0a560c6efb7cb
extracted/719833502532564b62363a79f239eb915ce864b2c7cc32f6dd53b84db77ea3f1.json,2339,e00096d23bb8f6a352d145dab776610c58bb2d9063152af5e48ce506206c15f1
extracted/719833502532564b62363a79f239eb915ce864b2c7cc32f6dd53b84db77ea3f1.txt,1252,6b959ef990f54bf72d61eb423a20995866077fdb7cf2bfc3dd5efa0fa2aa1915
extracted/71b2b324d4c4a470c53e04b7ea1ebf6cad4c07fd567f45c4934680f9210523b5.json,2332,2477e912a29d89f266808ad4b004acaf80d204c3e04b1cafa128cf2626064966
extracted/71b2b324d4c4a470c53e04b7ea1ebf6cad4c07fd567f45c4934680f9210523b5.txt,1245,bb7cfab946a191ea7f7c26c9cc3c745dbaada74dda2b6e9e6b860cf18cd0cba7
extracted/71e244b30ed41844c4b34786e8114810ce5c650243e02ff8512e58124fc73c2e.json,2339,d761c8c6f66497d7d7de4ce862b39eeaead98022bf35b5d8224fdf8f0c0dc934
extracted/71e244b30ed41844c4b34786e8114810ce5c650243e02ff8512e58124fc73c2e.txt,1248,56410ffcab44f780883fb3376f234a28f68756c13cd842fb360d7a05d805f174
extracted/7205d695fa5a6fe1933b1a581de4b92b9f286dfdb1d83efe1b72d4850ed46505.json,2285,8ed0134fcdc318689c57e9ce2031820d9f73c259f38f7ee8f566c063b9d33f3c
extracted/7205d695fa5a6fe1933b1a581de4b92b9f286dfdb1d83efe1b72d4850ed46505.txt,1143,f2f6a41e1be43dd1eeaaf156098e5fc67964d079054422f9b0dbb289134fb910
extracted/72188e87eac3694b36fe001de113f20b9fe5bb867fd07b4659858102dc7337a4.json,2336,f1a8d7ecad81a6fa90fe47922e87075121701ce5d09f56c6aaae51846f1f15fb
extracted/72188e87eac3694b36fe001de113f20b9fe5bb867fd07b4659858102dc7337a4.txt,1246,ffb2622cd8558a8602a40d7b7167d15f1d7715f93829837aa958178fa1f24341
extracted/722c4328bbee1940e2137e2b33a0230a9f8cd8d4031f216b877879ce222c36f8.json,2339,93c2c0eb8b80af5f0fd4d4a07c0763eb7395ee018afd9be0eafa25a1e3dc62b6
extracted/722c4328bbee1940e2137e2b33a0230a9f8cd8d4031f216b877879ce222c36f8.txt,1242,3d695ca1d79c93630d78b724de7e0469a1bc74b74e23f71cd52f36093bd6acc2
extracted/723a0fd0b4616cccea50b6f6fecdf70224d579949bb1f620313398048262da2a.json,2340,73823f182f05098d067abd6a2937d6993313b6fe58fb5af2f76fbdfa527d4e90
extracted/723a0fd0b4616cccea50b6f6fecdf70224d579949bb1f620313398048262da2a.txt,1242,c2ae1725cf6ab99bdf2f61af2acf60a2f99ecb0b1c10e30117d9a52642902af8
extracted/7254d539bb02628596e88e265939d29438a291ea5e70133be77b2fd12fdf43bb.json,2336,2b25c3404582e046d0ab7f71f00df06a5c46304550921fb082c16bf2ae02042e
extracted/7254d539bb02628596e88e265939d29438a291ea5e70133be77b2fd12fdf43bb.txt,1240,207915bdcc92a0f4b89af943e3761fbd9bb409ee0feb7a8313131e3af039d9cc
extracted/72df1a3a28e9f9542e3cf5f972c487bf7ecdd8a90256b47df43602a6fe63fc8c.json,2336,07acd371e083e2d4ca14801c03469d13a1ed1ebedc57fac5c3811f8943f685cc
extracted/72df1a3a28e9f9542e3cf5f972c487bf7ecdd8a90256b47df43602a6fe63fc8c.txt,1324,950ced7e2faa92dd6af41477d984b97edcb10cf5d4c91b638fe72d9d16136e5b
extracted/73196c7f3c5ebb9dd23cbed5e091842e72f67e019acd1a738e53a228c4459b69.json,2335,ca75a5ced3ba1ff59d316e6fa65ec6f83ad6eb93afdb2059845a9f961793c394
extracted/73196c7f3c5ebb9dd23cbed5e091842e72f67e019acd1a738e53a228c4459b69.txt,1240,122ba1c7d3e0a2a6d8e4a14a7cf997498eec3f6d05c40ae5a017155b35ead4c0
extracted/73867aa8bda3a27a46bb0d0de68dc3d467df9afec52254a53aa9003287baa721.json,2337,bed9a8ef36a1d4e7a97ae03b0e4ac25f01ab6c50b75c3b1abdeafb73d3317541
extracted/73867aa8bda3a27a46bb0d0de68dc3d467df9afec52254a53aa9003287baa721.txt,1253,0197dabfcd3cdf3e2d1ca31f1286e66bf00c48e09aa09c2c87b439bd5c9dd20d
extracted/7433799cf90548427984c425652cc766ef172bd3ad204a45b8c17be505e0e95c.json,2334,c8f11fbe2f346f4f36aaff6c21983cb12abb370eca0fc37254b8ebaf4071a051
extracted/7433799cf90548427984c425652cc766ef172bd3ad204a45b8c17be505e0e95c.txt,1238,56ca1a80b51c6541887d5ce143fb424bc417ffc557bfcbc17af5738e164a69ba
extracted/744bdc540c9c49a590fa2a50440fcf5c9ee8988f1381d0b94e261484e78dbfa0.json,2335,2e307bb47221c3f4c6c19b311612fc9e4d798e67de2dc94e054a133d95793ab1
extracted/744bdc540c9c49a590fa2a50440fcf5c9ee8988f1381d0b94e261484e78dbfa0.txt,1240,14e39e2c61026fe76544ea7fb0da89c5337a5826212d63477458ab6bb9b59e31
extracted/7474c2a99675d67c9b65f91f0b574fd8b6083ed28b1dec56b5b4813ee694ab50.json,2335,130364b83a4b40b16f1829c1f15ee18bdaceb9add76402c6ff1a48c10ebeba8d
extracted/7474c2a99675d67c9b65f91f0b574fd8b6083ed28b1dec56b5b4813ee694ab50.txt,1243,eb713123529ca2038baae2b8156ff668044df40616c9cb0093e4140e71ecf6cf
extracted/74a65affb8212f865c084981c12517626a88903a8aa9ebcce655c6c6adc9f1d1.json,2333,866b959ad8284966f4352e9591ee01b0d1420a8565059ca09f29165aed958471
extracted/74a65affb8212f865c084981c12517626a88903a8aa9ebcce655c6c6adc9f1d1.txt,1245,f516149e04e3bbb0f27a9a4812cf134d829cf8e79fe06cea8dba4c45328b277f
extracted/751faada348d4b5a7cb7d784e851c9f1ab30e2d1f28fb9d8433ab9550d43e953.json,2335,c7144cd415a109d256742036b7893c7f4c6c364253a2bbde461d9d9d1c6244ad
extracted/751faada348d4b5a7cb7d784e851c9f1ab30e2d1f28fb9d8433ab9550d43e953.txt,1244,09c8b1effa42f372322e0b5620a317108158954dc31eb1b7903aba8a5aa7e5ac
extracted/75b1f7feefd60eabff0297b3a4dbd0db3ef0ca7d6dc66c20db3e2dccdef53186.json,2334,3676be2577513c447f6f4a409edf136e422e63cd9a88cefc55c1f76ff626f1c8
extracted/75b1f7feefd60eabff0297b3a4dbd0db3ef0ca7d6dc66c20db3e2dccdef53186.txt,1242,a483a79d1b83e485e2659661dd09b530149d8c5bbc3c7a35e0d0f2edea9897c7
extracted/75d539061c2766c81a86fe539638201a58afefe08c37183a6a14eddf07553c49.json,2339,3e6034341d9ae6a69eb96257a8508911a9b6486d4acb78c33ef11a22905968e8
extracted/75d539061c2766c81a86fe539638201a58afefe08c37183a6a14eddf07553c49.txt,1245,b0f196a222b6ad4811059ce3748244716305b166eb3916355dcff0a72accfe4c
extracted/75e56ecebcd7f2aa3dc1ef24d07e50da1016a8faf30ea79bc4fad8d14eb819ff.json,2331,1d1a3bbdd405fa0d76d1178dd393906b954ab27d9fe8a43358bea671170c9560
extracted/75e56ecebcd7f2aa3dc1ef24d07e50da1016a8faf30ea79bc4fad8d14eb819ff.txt,1235,af2322bde900a384c77c205e113ff0cef25ae6a4aea2f4abd1ef202a9b498826
extracted/76161cdde4981d579fd10bfc8ce0e5eed16e969b7ee0dc345eda60f13853fa93.json,2284,4cb61b4b09b2eadff0086f835bf5ca474edd6283c651f72d436461fa9581ed02
extracted/76161cdde4981d579fd10bfc8ce0e5eed16e969b7ee0dc345eda60f13853fa93.txt,1102,594d41c896051a4e7955a034f004444097ad75f7d61d907a8162002d3d9359ae
extracted/76f36f512760ae0112d5d835adc147cc6c12c15a420e46a9ea32345b61730fcd.json,2333,7e5ddb68f95f1085a7be9daa94feab65fb3104c42c09a09eb942ad4b6a3f6f89
extracted/76f36f512760ae0112d5d835adc147cc6c12c15a420e46a9ea32345b61730fcd.txt,1239,7a61f451488226d70546b1e263a396c3a87271cf6b989a3a1b09e8a082ebd932
extracted/77005552386bb3f2645f1587fc74fb9f19307b6a79f7052598a00d25ac7f8f0c.json,2339,968c13e04b3c235baaf34280722c6d4ec1e818ad65cf98d956f32e563a557c67
extracted/77005552386bb3f2645f1587fc74fb9f19307b6a79f7052598a00d25ac7f8f0c.txt,1250,02f91e58664f17a79a64ee27d3e412bf90af634a324b7e30cc2ebc8adbe05ad9
extracted/772897d30ec91469477fb61c868b439cdb4e29b1aeb6188987537b36cf57c3f0.json,2333,5ac5c2efc6d1a6f1175ee9dd67dbd45bf990632580053d17a034f46812e83caf
extracted/772897d30ec91469477fb61c868b439cdb4e29b1aeb6188987537b36cf57c3f0.txt,1240,c37314c7574097c152b913b6a39eb55e3c4089273693809f0012572a0fcccd40
extracted/77a2f3acf04e95f556f4c488d99b39e9e6582489a8826f3851a2852b56406864.json,2339,52f2ce0dd9d9b146906a309c1e8e57de67ddc571951b88a0262613afb2a26de3
extracted/77a2f3acf04e95f556f4c488d99b39e9e6582489a8826f3851a2852b56406864.txt,1244,94a29c0e536ad7d52c1bf254c375f34d6fcf61cfbb73b63214b47501e95c5112
extracted/7856ac3aed26a1404e4cfc0b032e24161db10374c67e781be5f0514b6c420a6b.json,2336,544603e59fc3a7d8a2d5ada523c2e1915257843dcc0a3443be6132ef5826a245
extracted/7856ac3aed26a1404e4cfc0b032e24161db10374c67e781be5f0514b6c420a6b.txt,1329,f9112f36436949639ab57439300c577ec00e434b755915f908c169e06c5e20c4
extracted/78754f363b6b0230125516c9f5c4b860f8cc06593d53c6bf7e48072e80e0415f.json,2336,5074dfbc9c6324fafb0e3f6d05950f0ebaaafbc50c5b7a562d52c479a40c28cd
extracted/78754f363b6b0230125516c9f5c4b860f8cc06593d53c6bf7e48072e80e0415f.txt,1325,04aabf235f5b229f009a3c255050485defb59bbc58175f54d4b8525046e4ee45
extracted/78e6357fb9334d8e26695f8d3a8fa451fd7afcf61e8505031a4409e679ac9d7b.json,2340,60454623607e57f09a83271d64629c58987c037f1728c357d65e602f6cc60995
extracted/78e6357fb9334d8e26695f8d3a8fa451fd7afcf61e8505031a4409e679ac9d7b.txt,1242,c63cbf92cb04b5972fb46e16d0232ec764644f81da1e2bf580c76798decae856
extracted/7931ad71330bc97e888521b42874d802b5cfdb5b2675702c045dc44cf879c7d5.json,2334,c71e944c4904a94b051dbf77ba24f8d8bd9eb2df9ff37fafab0b2cb4ffa8b590
extracted/7931ad71330bc97e888521b42874d802b5cfdb5b2675702c045dc44cf879c7d5.txt,1244,c43a1dbc89dbb50befd6bc1c60881388ece97c4507a14fd0df5799156a812f0c
extracted/7ae185d0b96e83052b8ee172930c764be20ab36026500b2b358c4d7f1abaf3bb.json,2334,fddc5ddb282c10cb3543cf96648fbb34cde31d39559d10195d5f9eeac091dcbb
extracted/7ae185d0b96e83052b8ee172930c764be20ab36026500b2b358c4d7f1abaf3bb.txt,1238,9894ae1d6aa9bc9fd14d30d846054753565ce07a5fe510cbcc1579f9e54b0b92
extracted/7b87d51641991df97c727e0fd43d18c5ed985b9e1c32a034d88f861210f830a9.json,2335,e10209202973395e055853bb90e4d3d5f6591f97a3a7d5e49af77ace4ecf44ed
extracted/7b87d51641991df97c727e0fd43d18c5ed985b9e1c32a034d88f861210f830a9.txt,1238,2b329c5df56f15f3e2dd1263cabc2b1927751e0275009f845b61cb50ae4b93c8
extracted/7ba693b49d445125d465c435f8e1b5171705bda2b15b82a6fa5320642ae539fc.json,2282,62ec65fa38faeccf344f1fef2bd6dd76eba3e9eb0454572761ebb4c677df5e7e
extracted/7ba693b49d445125d465c435f8e1b5171705bda2b15b82a6fa5320642ae539fc.txt,1107,4eb2038452026942f4731c4d11f73ddb011a935f6707fad1f4247604c2e99a35
extracted/7bd9cfd9a1db37ee11ead28b04d84633b56c563cd0fa62c6183ea531d4778a10.json,2323,8918a8be5013f69c5b25d3c64f9af9ed5f6452243e7da06fb09b677e014eb23b
extracted/7bd9cfd9a1db37ee11ead28b04d84633b56c563cd0fa62c6183ea531d4778a10.txt,1228,e5fd9df603d7bb1174bea329c18f38095d870ee719a3c7703ec6d46f41885a7f
extracted/7c52f9352ddb2081cb4e9d18d43d936bbb99fc3e706ef010d5baa323ee317cd1.json,2334,91ec67cb92071bd3e3bbaa0d01af3eb893e5abb3431d0a03a4388146d4325693
extracted/7c52f9352ddb2081cb4e9d18d43d936bbb99fc3e706ef010d5baa323ee317cd1.txt,1249,1c83433f63a12a9479cd3d8d9092d426a87c866493ef2269e97772c8caa5245b
extracted/7cdf3f0750345fb9825ed4edd12e3f52b198c7f9cc8e1ed8e3684453233b1e96.json,2325,bfdc91a19315ff96fb11e708343e65d31b54161da9db8c36ad930737b0568aac
extracted/7cdf3f0750345fb9825ed4edd12e3f52b198c7f9cc8e1ed8e3684453233b1e96.txt,1244,259b5d72f7145371482b08edee7d0823fd9ae49ec0e3ba6d62a2138c90682a57
extracted/7d0479fe6128277b80bd00d55b20c0fb14a6b520d526029762afa1f0b840fa3e.json,2334,df8866f48c0eba7c85c71c795a216ceeada1efde604d6d8d94e7e6bc114dbf00
extracted/7d0479fe6128277b80bd00d55b20c0fb14a6b520d526029762afa1f0b840fa3e.txt,1239,af1a126a1657650cfd01a424bd8df6f77043b25d435177d98b334bc8ddb40468
extracted/7d150ad47a941eca4afbd1b7a64e67650f9801082b76a06e640d9f03ae7471ea.json,2346,6c2b520b50b95a320dcc6124ce5ce7e2acddbd2a0f0731d5c3a92ab8dc8b94f4
extracted/7d150ad47a941eca4afbd1b7a64e67650f9801082b76a06e640d9f03ae7471ea.txt,1246,9560e550d80352a3ad096e42fc08be376eb09a38a26e4de4a5eff3dc550bb201
extracted/7de2916b636429aabafe6c43da99c09f3f64132e5d4c4d24c19d0d61075c991b.json,2334,398a8ee92fb003b9e8d1d66be0915b284cd3ada7f76947f8d86dc94bd5c7c81d
extracted/7de2916b636429aabafe6c43da99c09f3f64132e5d4c4d24c19d0d61075c991b.txt,1241,b87e8460f9120288c2d2b07e47a367bb686542f6441b6a6620b24781f3f6362c
extracted/7e58cf24d47be06100e7d806c046c05f8fe21f5add6d26e5ff03b4546319144d.json,2340,edbb884d4aca11b53b4de27bc6a80aa0f78cb51a02ceb3cfbfd72187b75fd39c
extracted/7e58cf24d47be06100e7d806c046c05f8fe21f5add6d26e5ff03b4546319144d.txt,1243,540981d934fa10c4adafece1215b555c352c5c2eb47c7c167d010f2301716092
extracted/7e6a358d1b7a9577787c4985e88422251cf4beb729216f796129ba829ac56b00.json,2338,17ab2d0e844145ba73a6b835f580a124ec8920f24ffcb4aa2dd9f80a946583ce
extracted/7e6a358d1b7a9577787c4985e88422251cf4beb729216f796129ba829ac56b00.txt,1133,0c8f21aa5835329c9b246195541e9b0b7f010bd88565a61a11b6e335d54a3b04
extracted/7eb72c60dd07bcb8d0e32903c12b640d4a4de32f94d7ec5ed7c9bc45b56b5eff.json,2337,9982888629d7716f2817b9fa8c0ceb4dc07940b848390a77a6c749c2f6b2b8ba
extracted/7eb72c60dd07bcb8d0e32903c12b640d4a4de32f94d7ec5ed7c9bc45b56b5eff.txt,1289,f9c89d6cd5d495c4303f2a93b3a5dbd0b73f805a75f95c365795462755969130
extracted/7fc0cf86084e9eefa2415e7ff9362bb9d58b81a81e28175d2f06c8e56d63e8ac.json,2328,8335780ea097aa3cf7b0db1406df5b0dcce22622eeae561dbfeb896a49382cf5
extracted/7fc0cf86084e9eefa2415e7ff9362bb9d58b81a81e28175d2f06c8e56d63e8ac.txt,1249,ea5d2854ea3cb481f37a4e088d19e5e1d3462b4952bd20a5625059ac8b2f790f
extracted/80785f51dce28dce6c8f45f35deecaffef0d821bba4a55b6ae6976d9924da861.json,2333,042392b14d3b01121eeaf9f2e1d19880da583f761b66732fadb2ef13dd7971af
extracted/80785f51dce28dce6c8f45f35deecaffef0d821bba4a55b6ae6976d9924da861.txt,1245,4cdaa0766817a81c3a865fe63ff0a786ee556cab14507afdad80d0011ecc4ce5
extracted/8087af61c292fcfe48c0870dd90477e6f07e9f4cc74cd0330ee8251390c29318.json,2339,e7fc0bf137b7acdbae4a4e6f5db60381fd540e003f0e0d271805302a5d73894e
extracted/8087af61c292fcfe48c0870dd90477e6f07e9f4cc74cd0330ee8251390c29318.txt,1244,1e782eb29a0086828128b2c9ca31f35581f99d342e6607b328c0d9a19ee278cf
extracted/808a71f062a8880fb4cc2fa081f81a32b7798492bba67f2c0b305c774c2b4483.json,2332,3b638537290da428239de29a1a47780cd9d1874447e6cf1e807af055beb3d7f6
extracted/808a71f062a8880fb4cc2fa081f81a32b7798492bba67f2c0b305c774c2b4483.txt,1246,24d035d3b31d5ada5038b26eb8160b9060e28017a3dcfa6e1d7038763639c032
extracted/81665db143a8a9a83362776fd95cd877d867b1909f2f83f8dee1d1ede3a86584.json,2335,69e9bde33f666c8ea983ded1b37056bb32558b0f07a63c41fc3d60f12415b11e
extracted/81665db143a8a9a83362776fd95cd877d867b1909f2f83f8dee1d1ede3a86584.txt,1240,037bc414760e88bb5d71278228e101644ae38dce14e595d9d3810343369a9b01
extracted/81b9ac518dcde09d7619eaff1ec4612b3575507d9ed646dadf1cda1eade511d7.json,2334,101583898dc1e7ab75d3b3beafe51d792187ff59bbd01961379e4727ae05b722
extracted/81b9ac518dcde09d7619eaff1ec4612b3575507d9ed646dadf1cda1eade511d7.txt,1245,fd8a35fd32d001995c00edd35582f1c419b5a2c67f1bbf9d95d616bd80c44d87
extracted/820f15ab553bfa6de36ce5341ecf59d52f147a7809869cacd97be739daedff62.json,2333,531526ba33459500eaad32f2008aa50186787d88f5b8a00d242d6f190a87b462
extracted/820f15ab553bfa6de36ce5341ecf59d52f147a7809869cacd97be739daedff62.txt,1245,71466d4bd82a8d85a92bb0d175a707e43c8a6d4dec3a83dc4994e96587f1364c
extracted/82489a7dfa241f6ad0f390239995ddf40ffe82177f8671be9b50a1d55913a48b.json,2339,5e273044f88c97ebfdb4d2909c4f23a323637007acb360e817e6b9a4e2b25141
extracted/82489a7dfa241f6ad0f390239995ddf40ffe82177f8671be9b50a1d55913a48b.txt,1252,a04d55e764e5a99eb92cb9348c17d9313d611fffea0f9b111f83b8b0300de051
extracted/827d0b7f9ba40e444a57bd1c6b49586b3b3e5ab8ff497f3594d794c986218e8d.json,2337,b6771008f13277c4ace6017f5f2389f7ce8e32fffe1fc0ca747aa770e06c2a3f
extracted/827d0b7f9ba40e444a57bd1c6b49586b3b3e5ab8ff497f3594d794c986218e8d.txt,1279,527e4cdd6bd10d3792a78ed10151285859c16bb06812b2a02c33627057541ba3
extracted/827ec6683e1d0d7ea77e26e022aaa71986b1f2e615d915aa3e8e19913ffeb121.json,2341,2de280d62f17af44e7196e4df2096be17059a6c46cff719dd16912d5d6617eca
extracted/827ec6683e1d0d7ea77e26e022aaa71986b1f2e615d915aa3e8e19913ffeb121.txt,1252,bdb65795005a5810d01be343a5ae6f655114ec5842622d7d9657173bc7856852
extracted/82e13e3a8cc844662651e55208eae2bc8568916e0f79846a652d4171f5ebb3c1.json,2334,18bd5dd467d5f0a3fa058861f8d1c4fa6ddd3bd2ef78d00d30ded34719b42000
extracted/82e13e3a8cc844662651e55208eae2bc8568916e0f79846a652d4171f5ebb3c1.txt,1244,ff855766a4e398e3c687ff097f9b36009cf33abfd9ea248a436e721ef98c20e8
extracted/8441c041295ea867b8e2571b1a3397f43c002aab3befe739838e7638e7dd2937.json,2334,b65fcf6c70b9d7eb215df7b7b065ab9be1850a1d79edca21132635be20939210
extracted/8441c041295ea867b8e2571b1a3397f43c002aab3befe739838e7638e7dd2937.txt,1238,deb0eb5f0531c75babf52094651944dc62402c36a0a888c593099c9d727a4c57
extracted/8523fe32bddfe21e018d9b74b682509802a7fdb96873d769f1be383c5cab015d.json,2333,4ec05bf959b9c74a28bda2133c1ae43ebf841511b57c75bc64ae0d40762196c4
extracted/8523fe32bddfe21e018d9b74b682509802a7fdb96873d769f1be383c5cab015d.txt,1242,ae74c76c8ddaa5f8b807965de25433be2e6ff97cdc45bf5767e6214043cef823
extracted/8542298f100ef7994ad00435ad87f2b36e53582b8cb6936498890ae11435be90.json,2286,99d2d4544ee1c209d95ce269e0084b5bb542090b7c00a6882d6b83953daca0bf
extracted/8542298f100ef7994ad00435ad87f2b36e53582b8cb6936498890ae11435be90.txt,1109,c1eeb63e136a2802df402fb1baf4b6fcd22c75051928fe79337656a79f6a8f4a
extracted/85734bbe80dabd6a6634d50720555118ff623e84f0263180aed09e150de6e0b5.json,2338,906610e3c63d67cc5fd6ec46fde0a0394068530d4e2079eb9f77208ebe9f3674
extracted/85734bbe80dabd6a6634d50720555118ff623e84f0263180aed09e150de6e0b5.txt,1243,391e52c82085ed30d395844da58556a168f3d25f26e4e51699c7e8bba4c7a08f
extracted/85897d69d07899c73c2e6a96d77224000860d4313e7cae7ef12b414f9bcfbd09.json,2335,9ce9588dc6d827259f92f9064b75c24c8b350eebc06fa96609033026296fa04c
extracted/85897d69d07899c73c2e6a96d77224000860d4313e7cae7ef12b414f9bcfbd09.txt,1339,0d46c4028e8b6ef9cde5c9349e281407455e9fa419864d9377996a3a4342057d
extracted/86194d90cee6ec1e40539f4048be10d29d21b8196e41cda1235228a15e2dad7e.json,2339,2949f635e65dfd00d07f1241b70aa919741270875f81f2025b6e9d342257c416
extracted/86194d90cee6ec1e40539f4048be10d29d21b8196e41cda1235228a15e2dad7e.txt,1247,dc9b055a438f640b506d58c1d7fd3f8bba602a740533637f10fa2edfc4382ecb
extracted/8622b69e5adfcd640121a0257bdd65ea3a383d6d2526899280ce80ac812b2d32.json,2286,6dded8f422b2e03decea601738de8198f7eecf466089984eb50e3f6901b58c83
extracted/8622b69e5adfcd640121a0257bdd65ea3a383d6d2526899280ce80ac812b2d32.txt,1109,b421424356090f19f1fe358ee37ca302b36eae841057bb9e88cab77b619659c5
extracted/86755bcfbf3b535f0b1c227bb242d2afcc897d67db01665bf6311b964aff1991.json,2333,3182169c92133db4e915e563a5731032828e3e8b4885bc859d09d8dc99b87f1e
extracted/86755bcfbf3b535f0b1c227bb242d2afcc897d67db01665bf6311b964aff1991.txt,1245,605e3a24b9ca1e302c3f7c72a255b899301a0f2f4e406071feeeacb1535b3768
extracted/8684814d588bb34d7655dac0a621e1005fa9b8c850860696444b3832f549d8a7.json,2340,1cba5debe3bf40235035d2d6abafcfd2eb803b986376d3c991e57169b933cbca
extracted/8684814d588bb34d7655dac0a621e1005fa9b8c850860696444b3832f549d8a7.txt,1134,3d7ae0694349005d272d6bc388e2d46aa7684a1dc8d726872eeadbaee7c1a62b
extracted/86d18ba58644ed99619764905872b48e63bf89f6431ea025771e744ec9be561a.json,2335,88d25f5df071ae2f340ae5f161fcb2a883578726736f98cf8b2171f4ed73982d
extracted/86d18ba58644ed99619764905872b48e63bf89f6431ea025771e744ec9be561a.txt,1241,f2b976607e9f78d01527abcf01ebcc090a60f05f8688e175c37ae39d46b9e8e2
extracted/8802483cbaa8ccec067361a08b80d0a9cd18239c7082d2fc5f9631bac95525bf.json,2335,5a3d803a02e00360341d5415fddb5a24815f6abb517dab2a8b9be6356af01a47
extracted/8802483cbaa8ccec067361a08b80d0a9cd18239c7082d2fc5f9631bac95525bf.txt,1244,cb11f9d4b95ccb7aeffbd720ee33befa665b1646d1462769adb057143f3884c8
extracted/88304b73bfc0fdf30c490132dcd8e842c56a5f4ecc703c747a93b1f4c1f33055.json,2333,852d506afa31e7eabeb37a4db8b9f9211517e0799b2282d70e93f64554253b61
extracted/88304b73bfc0fdf30c490132dcd8e842c56a5f4ecc703c747a93b1f4c1f33055.txt,1242,c30b0d9ffba7aacd7a994bf6e27b9952047d761b9abf280c58ac56b8fbeea64c
extracted/8851720493bfac468cd55a31ab0cc7eb6b9f46b302a4cec43674b5a36963d644.json,2335,535cb7ec94dd6d34b0a84bfcf84fa6ccbc4c78cbc7fd757c689679cc3c58d019
extracted/8851720493bfac468cd55a31ab0cc7eb6b9f46b302a4cec43674b5a36963d644.txt,1244,4c2904b47441a367347474a85ad19f15cef2cbddb9cf2b872a24dfa897d6d294
extracted/889e5df3a3d355c226979facd44d0931b02940f8f0b1dd86b9375406bef773b6.json,2337,4f87bf48e58246ab2675f79dbf2264937bff9bbf615c9e033756ebe999264d63
extracted/889e5df3a3d355c226979facd44d0931b02940f8f0b1dd86b9375406bef773b6.txt,1246,9a9aecc6ec9d023de77ac74651bfc6e07b6154b6e260e399d70701f6c0a817de
extracted/8909c09a557d7daaf6ed376e97f6ab9509720c0f0c11afb0ddcc6b4da4091c45.json,2337,ff5de09e19ec6cf3d6dcb848ee26672e918a82ee4dd94fa8294cfc3924bc653e
extracted/8909c09a557d7daaf6ed376e97f6ab9509720c0f0c11afb0ddcc6b4da4091c45.txt,1253,a65c4450a3315e15e9e18bb989ae5a69cce4c39401a94ced102b4f20523e3875
extracted/89190a5dbdf37c42923941802e429d92ee4f766615c4a95c342f3689da2e61ca.json,2336,37f9e9667db3dbf3547f392b91abf5fbbc14d57c977617168abfbd2f91f69976
extracted/89190a5dbdf37c42923941802e429d92ee4f766615c4a95c342f3689da2e61ca.txt,1237,4ed2f41052ff133977c3d52db259dbe0a8f2d8055c9d483ad87cf484806016df
extracted/8940b828d65dfb15259cd8633c020e9002cc3094d5542d8a5917e6ec4fe5ee78.json,2333,1ebd4afcb790c4c5d9cc8cf9d9452e2de61bd0795fd30273cc6e49c57d1cf374
extracted/8940b828d65dfb15259cd8633c020e9002cc3094d5542d8a5917e6ec4fe5ee78.txt,1245,13ee51a9a101e48588f57675d3c14d07e39703e193a7947e9b4b2c3340b20f97
extracted/8a1cb3eadac8011f3049f29aa8fa8d9ed606702f8dfc4809b2dce22dcca9520d.json,2338,c8895ffc3e3eaf998dc8cb65f5120f0cab1b24e106dd433f37ba1dbc77dc9a0d
extracted/8a1cb3eadac8011f3049f29aa8fa8d9ed606702f8dfc4809b2dce22dcca9520d.txt,1269,afa6fde7f7d88fdabc4744d31da91c8844dcf69d576e72448bb6b49546b9bb26
extracted/8a534e8f76e7d251d20aaacae2013392e4f3e21042fc7c0da52ee83325a3d904.json,2339,f070a8b46420a0b6ce639b713e09142b2137d59eed4a4f5270da3a8abb7fc173
extracted/8a534e8f76e7d251d20aaacae2013392e4f3e21042fc7c0da52ee83325a3d904.txt,1242,9a5312df47df1e801fcd159cc1027de9bcf1e7d26e8f080e8b2b1f8072cea2d8
extracted/8aa04fa8a987316b96f76b941bcf8be5ec68426c46d6a642f8890bb4edb8900f.json,2337,d3af06dc208b3728c5ad472ae84d3541913a19e7441bf03bbaf356832de6be1e
extracted/8aa04fa8a987316b96f76b941bcf8be5ec68426c46d6a642f8890bb4edb8900f.txt,1279,ec625ef625f86d91c7cb9cedc3f32b40633e88fa8937096c5a57a4e0ca00ddc5
extracted/8aa1795c113692a4ebf3cfa5c45f5a03825cad87fcfa1369b097c37d29ad99b5.json,2282,654689a5c59c7b7df0dd93475edb472047ece399dea31e82c64b8bc7c041baa8
extracted/8aa1795c113692a4ebf3cfa5c45f5a03825cad87fcfa1369b097c37d29ad99b5.txt,1108,7480811378f55325c8c527249424945515a3b3197e1b0641e3e90f05777f3b07
extracted/8bc4ee4571e2784141d4dc29e839399419a18c22c734908b4c1adab7ec1c78e4.json,2336,077a5a64cc46cc17fd8373faf2a9c03a693af4d1df3249932db7e660f29e48bd
extracted/8bc4ee4571e2784141d4dc29e839399419a18c22c734908b4c1adab7ec1c78e4.txt,1324,b882b98e75c63284ccdaa2aa8b6b0f22830cf4687e6a2a7adb731c2270d5a779
extracted/8bf40b59c5b530fad72acab8ed7ff566a306a836ce74d5cdc934a6c09ab2d1ea.json,2339,cd2b1d34af4c989a617dffd33df05c80762c469ae486252f4edf4e4bd8b7ff36
extracted/8bf40b59c5b530fad72acab8ed7ff566a306a836ce74d5cdc934a6c09ab2d1ea.txt,1242,0697e2a4a73e216267ae59d71151df84140a77171e9199159315cdf50838e1e8
extracted/8bff183ee397c3a540929298e95001c3b0a262c82d30a7b9a488832c4c3a0542.json,2333,c7415d4da9bb0e59efabe969886c6538f4af7bbf1b357409a8a9a7436b32e5ce
extracted/8bff183ee397c3a540929298e95001c3b0a262c82d30a7b9a488832c4c3a0542.txt,1240,d4f06278b19ee0058eff27035d2fe4270da9a1faf04ef2d0e6f6159606404fe1
extracted/8c133ff5b4c13ad2af81e7d039d25b28e3049ad85ce74adfceb16abd090ade36.json,2334,22e8eb5a3cfda9ca370189f9c803ffe07a2eb6f7af69165c0beabac90f0206b8
extracted/8c133ff5b4c13ad2af81e7d039d25b28e3049ad85ce74adfceb16abd090ade36.txt,1245,d2500d62b338f2a07349b1826475a17b71bd30c1968cb2df1ea018d8b7b7fb66
extracted/8c44b6ff9906dca25167431de48055656a3c7a6ff7a806b9b86303f3bdcce60b.json,2282,5248701d8ca63b2076b3bcb9e4b146e7a034f3ae10ca194f0de263fe7ea7cdc3
extracted/8c44b6ff9906dca25167431de48055656a3c7a6ff7a806b9b86303f3bdcce60b.txt,1173,d4447ce1f1ce4fb8294963b2c4491032518f3553342d6cbb55b10ea8c29d2fac
extracted/8cc7b462e6fcc9ae4f3973622881dd32eb7dd206f5dcbff8c7060f197d021f50.json,2280,6daa6985cd83545a21a602ff9fca67db75ecf14d8cdb574f9d2ff9809a6b6b80
extracted/8cc7b462e6fcc9ae4f3973622881dd32eb7dd206f5dcbff8c7060f197d021f50.txt,1150,1cff601f861d48cdbcbaba5c381e1be7580a4c13b134eb31d4fa607ea48d609f
extracted/8d43d03820e119159813620ce07fe1aa64fc211099b8385809234b5b63a326e6.json,2333,875856c256a517f3facd4ada4b53dc795756e261658044f735fc4093d2910ea4
extracted/8d43d03820e119159813620ce07fe1aa64fc211099b8385809234b5b63a326e6.txt,1332,662ddb5a48be8b477b505fd14a73694777f064fbb27560b8bbf789321abb3ee8
extracted/8da05c3c92904cfd5726aac97683eb98fc1a1769205bfa45e8cf1baa093eec90.json,2340,d19d902829f33fe14a218d8deddd76ee14c690b485690a33b1838b79d7dae76c
extracted/8da05c3c92904cfd5726aac97683eb98fc1a1769205bfa45e8cf1baa093eec90.txt,1243,47dd9179dd9bb639b214bb5a5b01f0c6fa193be23ff37adb6f90e45a2f366107
extracted/8ddfcdd3140415fbb554a5961b62f99dd958942e105845d2b4210f283645fbe8.json,2328,9adcec51ba28aab9f0ad811b4e0868df997d07af66d9b5496a1634bcc11795a0
extracted/8ddfcdd3140415fbb554a5961b62f99dd958942e105845d2b4210f283645fbe8.txt,1249,a9849335f3be35c74abccc2b1a74020ed05b50ae4562901eebeb6a8be7ebf5a8
extracted/8e189532294e0bdf561d996673b015d74ea88675a4523b66ef77d912cd2913de.json,2338,dee35e5687ed4fa579054be1cf4b1b43ec51c99405afafeac9162228c17ead88
extracted/8e189532294e0bdf561d996673b015d74ea88675a4523b66ef77d912cd2913de.txt,1242,0caf33229d116abed32e68cc8b337dff4680a1eb750dcc2aca4b134e13f805ca
extracted/8f5bb49d97e83e4a87c613590f8163c5d6d21f848655bb482de9792ae1640222.json,2336,0d833a1b977e4c94dcb03b297804449e7c3f67a3557ebf0771d0f9b7c502b8f0
extracted/8f5bb49d97e83e4a87c613590f8163c5d6d21f848655bb482de9792ae1640222.txt,1246,643d389a0bbec26aeae3e9bdbe7be349ea140e98532ee2b8f3bd83853e23f5fd
extracted/8f8e930e3fff462e1d715e706abd135c5f2aef9abe849425dac9a052d7f38306.json,2340,8240589b2b2302d806e07e38a968906536db0d7b29613daecc16cddffd3184de
extracted/8f8e930e3fff462e1d715e706abd135c5f2aef9abe849425dac9a052d7f38306.txt,1242,3028c64d3c533f8da223d90a06df26cb51c3546081184c714212218b8d9f2b7d
extracted/8fbd4c70b16cc794142f9863dc0c8d3aa998cd9eee666caa6ae8eb98b0fc4197.json,2337,a1174c23b913b2da69c96175ace71cefb94e9321554acb87a809e6469497b8e6
extracted/8fbd4c70b16cc794142f9863dc0c8d3aa998cd9eee666caa6ae8eb98b0fc4197.txt,1279,c7303e5c42db12a77841af5e97b206c2c5ac7c567ba82a418bfb13999d12039c
extracted/8ff57eb3aa2d182b2f3f9dcc96360f4831fa740cbcba5c21e3be98de9815286f.json,2338,32c85da5f9411daf64b6fc4799253f63bd3c78cb9f55fd7b4a502080a6b44108
extracted/8ff57eb3aa2d182b2f3f9dcc96360f4831fa740cbcba5c21e3be98de9815286f.txt,1247,a9ac26b21b1e937e35729c820537f94042db3e247431c719fddad5e5f60d7a78
extracted/8ff5f91c3ef932237bce51c3466561e117c6d1ec134b920dcd78ef56865b5075.json,2330,635e90fe0f67d4ca8fada7848a737c37276bec65e8710c287124c6958d58e753
extracted/8ff5f91c3ef932237bce51c3466561e117c6d1ec134b920dcd78ef56865b5075.txt,1123,7136374b0a17742ba5788d2acd0e7c8f6a12bac55e0a5feaadbdc86d2b59ef7e
extracted/8ff6bbf9796375b34b13b5f5f3cad0fda9fe00a34174381fe7d257e4305adcde.json,2336,8fff622a66dfe1378c8719198cc866bd2c25b911d2fa580aa1b2e5a45a79e76b
extracted/8ff6bbf9796375b34b13b5f5f3cad0fda9fe00a34174381fe7d257e4305adcde.txt,1245,2d5197ee8a57ec31d3d8b48d6de1fbbd3d8baca19656d30ae4852d363de5c66e
extracted/90194ddbe96bed37cf6b53c27f75b7ec3140e093cb16a7e9330b50dfe35d63a7.json,2335,c4c5c3449ca9a1c645ca8a8589ae96d62316032785b11ec0665adb336e61b5c3
extracted/90194ddbe96bed37cf6b53c27f75b7ec3140e093cb16a7e9330b50dfe35d63a7.txt,1320,9cdada432301fb1a337dfd41e9b2a4edf03f3bb13b120464329a66e88209d675
extracted/90eed10fa29a88a43bfffa23a9f16359937b284d12bbf8f4da37ee2661ee2c48.json,2280,ca2746320d540bacce6a05080ce2630c1bf89e6204c44900c4e7e69a5a57236c
extracted/90eed10fa29a88a43bfffa23a9f16359937b284d12bbf8f4da37ee2661ee2c48.txt,1102,b65980989ab0e6514eeac376ebad6c4a1b924d9debb4fe34f1ade7fff5df9733
extracted/90f1a7a7effa0ecda565b7563ed2a90389118f95f910711d3a95efaaf1f30b91.json,2339,8356e3c42e84cb3f5151e898a65a705d07e93443a9bab9804aa3e282354c4e9d
extracted/90f1a7a7effa0ecda565b7563ed2a90389118f95f910711d3a95efaaf1f30b91.txt,1250,a6ad0dbfed8a66512ead975e4dd8b64a6cee53d1f4cc3c47c0bc774775b6e102
extracted/9114389980b74cfb57b3034fb28d395ec68106adf961768d869df7c05b1b5595.json,2334,d6eaa084e499df99803134d221e0cab11e0c23734ee7ddcbb07f0cf9b871d6e6
extracted/9114389980b74cfb57b3034fb28d395ec68106adf961768d869df7c05b1b5595.txt,1242,7216323e0be18c68b01d1fc801e175b05679932e3b378a2ccfa07f81c5a47711
extracted/919e6d34cdd156b205451c471440038d3735d21bec48c6ba0aa22fe5899c788d.json,2332,bb71afdd6ec7657f7b4e7f4da07de819430d33e1dc2b54ba7a4c668005ec91f9
extracted/919e6d34cdd156b205451c471440038d3735d21bec48c6ba0aa22fe5899c788d.txt,1245,b6ce50af9f2e2f8d90d3362446de369de3cc45073db8599977ec9f4ef1a70f67
extracted/9209c55993ae7a1631a78eb2c75cecb268fc3869249dd01335d6531b6476996d.json,2336,caf7b12a352265dc8305930a3fe084186636b7fbd1504fab609c7d2e20846f21
extracted/9209c55993ae7a1631a78eb2c75cecb268fc3869249dd01335d6531b6476996d.txt,1246,42519bd981c722ced0f9e3206868c21b0681034e2c864bde22f8c1ae21a41d8d
extracted/921c607ac24ccdb0609dea8b64c0b3c2a0e5b7b8366fa3c0a5a53717e80ecab4.json,2337,097bbf5618f1fd8f189d00ff02612ee96b5004dd32f5d083871904e37d606c6f
extracted/921c607ac24ccdb0609dea8b64c0b3c2a0e5b7b8366fa3c0a5a53717e80ecab4.txt,1326,c2ff49b5d521b5ec96b3ea22ad0b05bed41cd68262243d0fe6d267b525250e60
extracted/9242c51119168f4c90a3b724800c87b3c5b99812c466dd564f24708661b4dbac.json,2339,aedc1a8f3c4596258e6c6f03176fd6eb81eff8a40f9d8b5038b5bd252e8cb3c1
extracted/9242c51119168f4c90a3b724800c87b3c5b99812c466dd564f24708661b4dbac.txt,1244,62e30a354c5558586eee7fa07a3c6d59b87a1e44485542cae9d820d7732daa58
extracted/9332dca300028293bb8efb7b8559c488532761ffc2d06094e39ea9d3a4f88c29.json,2287,ead73055eb2d975d5d5ab5eaa4059ba031f1ef8aee4f69c9d0392d6a979b129b
extracted/9332dca300028293bb8efb7b8559c488532761ffc2d06094e39ea9d3a4f88c29.txt,1144,21d44009787192ce7c9fc182b13f28d041ab13c265c94b306fcf92df74564d42
extracted/93410b748c613d827f23b6afbed6fe52ff264ef611ae8ca2811bb930a3b34612.json,2340,c7918160b7864205381ed6f9e0ab45af2c3b9dc0fbe338ee3ab3077502bcedae
extracted/93410b748c613d827f23b6afbed6fe52ff264ef611ae8ca2811bb930a3b34612.txt,1252,10656c8e691c9843563f6f410c8bc244304cf21e1ce10ed796da4736120a37dc
extracted/94afdcbab60dafcf27176668c3e5fa361e6dfe650854b3be93df7e67a3b0d52b.json,2337,f915b8c39fe683e694ba465cd55a577fe8d84b3671fb2bca5e02656fa5093c8a
extracted/94afdcbab60dafcf27176668c3e5fa361e6dfe650854b3be93df7e67a3b0d52b.txt,1246,cfeab552b530769c6f653da65b6fcae7954764ef38078b96c08ae2b64e4d6092
extracted/94dab6b2128ad7dd80f853eb5b2652f1d0ea8b03fa53ccb23d485a759d831a47.json,2337,a6e691756b953a2726f952880aa5bc085cf56a029018dda567c9e34c76e2886d
extracted/94dab6b2128ad7dd80f853eb5b2652f1d0ea8b03fa53ccb23d485a759d831a47.txt,1279,5e9aa719d8dbb0ca6f31952a9d5017ce6421dbdb5528b3917b49d72e956a85fe
extracted/95a7e439e1cdd2d1381dbc1aaa598df79ad88c1fdd1aa14677ef4b0b6e4ae10c.json,2285,94c6865fa45d0d5b7d8d41228fa77f522a95ade0171e31a5b30a0b046883853d
extracted/95a7e439e1cdd2d1381dbc1aaa598df79ad88c1fdd1aa14677ef4b0b6e4ae10c.txt,1143,d43fa4cf976d04d52d09e5497b311a1f7f08a22c67ef107ee1e3fdcdf0d58575
extracted/95e22e6f5f658fb287a469ad45feda171e3f8c15e91938001e02df7008fef421.json,2339,68eb73eaa1801f63ce9bfcf992595143a32b8cc3144e622abe1c2152ac1de16c
extracted/95e22e6f5f658fb287a469ad45feda171e3f8c15e91938001e02df7008fef421.txt,1248,8bc635f8cc139820111202b8c464142df2952833016d17daeb4e94904f8781cd
extracted/963a70d59c4492f5f17bf018242b52b751131e801c8b6c09d682b78c60db8cc3.json,2333,ce352b94451923262a54c39d2fc8c92b57bebbe6a05c32415279ee3172e3eac2
extracted/963a70d59c4492f5f17bf018242b52b751131e801c8b6c09d682b78c60db8cc3.txt,1245,3e07029f69dba90d0c9fc48e892d8fc872248d745b66ab5076093d238b9594c7
extracted/9645d82bb94213b7c3617a3b8bf89b793f114c1785a25286727cd4290a1a7f8a.json,2329,f6b13f0311191e67713c764736a0e0a594384f730dc1c51134b0d107870ad331
extracted/9645d82bb94213b7c3617a3b8bf89b793f114c1785a25286727cd4290a1a7f8a.txt,1305,12c54797590f05fc2aaac5d79ad2368437564fe2146980113e9b56aec706655e
extracted/96b32681e22a968a89fec80e46630e8dc27550a5cdeffa415fe8f1da8c1fe71b.json,2334,aac8381fa2ee69304daa3c44347f5cd04ad7f15c62c232208cfc4e6141a66de1
extracted/96b32681e22a968a89fec80e46630e8dc27550a5cdeffa415fe8f1da8c1fe71b.txt,1245,36c94917b13bba9c06c5ef97f4e85fc3290896bc9ade104f1373013eb32bca0d
extracted/96cb8d5de9355dff1701cbaf2bafec9a47d96f3d3daaa1bdde1f8462e994faa9.json,2342,c71f503c0c304db18e04dd1977133a06008f253078383c851137f93fb92c04c9
extracted/96cb8d5de9355dff1701cbaf2bafec9a47d96f3d3daaa1bdde1f8462e994faa9.txt,1314,4779584fdf69f7fecb91255a61db74117d050f6db3d2b30c800b2f4ab4b0595a
extracted/971534e054a318466de6c84d7ff43c9a91f17871f4ceb23648ee77cf610092e8.json,2339,2c5ba201b64c2ba97168ebbb8f6416f4eb32c0bb22e212dae2bf2e691743340b
extracted/971534e054a318466de6c84d7ff43c9a91f17871f4ceb23648ee77cf610092e8.txt,1329,003efffa7a1e61ca183cbc0c3c769fd74090c04d9878ea2a0745dfd56d079b84
extracted/9716ff83e81b66064c2bb396a9e7318df87260d7d10994234fe53bbc66dbab0c.json,2338,332a21b019ab14ee600c19841e98368ed51df1bb730de1275417b0e6818e2ba1
extracted/9716ff83e81b66064c2bb396a9e7318df87260d7d10994234fe53bbc66dbab0c.txt,1248,592fa2231e9e5b048a9e0c8aba31415b8e78eb3a9891b8ac4ed4fc51a60ff589
extracted/9773328dbaaa1accdea9b7f1c5e7cd2cabf64cdb7a658645e80cfd916c636f2d.json,2333,35362b3c91c40f0dc1449ea8ce5cff3b4c79b6d19234875ba4389ea444c3a4cc
extracted/9773328dbaaa1accdea9b7f1c5e7cd2cabf64cdb7a658645e80cfd916c636f2d.txt,1245,5b2263159585abd632355f7f09bcd5b058f7490c89efe5e9d8abec535cac00a7
extracted/9814d65e68425c7b978a4e6a5940f7e3fcc5f6093cd1bddb0bc32aeb7c55c2fe.json,2334,c5d87153f4ab75a9385ecfcc312306cc8d6d00db1e934323396a5830dadbfc28
extracted/9814d65e68425c7b978a4e6a5940f7e3fcc5f6093cd1bddb0bc32aeb7c55c2fe.txt,1241,7d7d4682c1132297426a944942d5eb9c0f0a78f643328a6c34c81dca28bc45b3
extracted/9899d49065ff7c60daa4ac7c27b0c517f0bf3342aa5a5b8984bf1a33c85858cb.json,2338,e21d8f3dd3cfb2bedb3e4443375594ce3f9caf5fb670f442e782b5af44aa268e
extracted/9899d49065ff7c60daa4ac7c27b0c517f0bf3342aa5a5b8984bf1a33c85858cb.txt,1325,ec755247c2fd7dea6bb04e5fd4d0556101b78e5842c36fb586fc677b5ad3f806
extracted/9921244ab752c660d3e5de07b8115954cfa57f66b5fa151a31b8d6dff936d2ba.json,2342,485c47abdcd709c24b95b626e85fbe6ce583d1a7a92f48d220c002a791bd372a
extracted/9921244ab752c660d3e5de07b8115954cfa57f66b5fa151a31b8d6dff936d2ba.txt,1314,a92500545fde0e93179774bea1fe3bdb9045914aa9eb193cfba1c6a786357896
extracted/9ac1bed9bbd93c2fffaa70cc6e3bdbdeeb010604b5ad9cf3cd236302b355be06.json,2336,47262285601aa070356c6b4d7f50659d84b3f29ff2e7de39725795365e67a522
extracted/9ac1bed9bbd93c2fffaa70cc6e3bdbdeeb010604b5ad9cf3cd236302b355be06.txt,1325,0066eddf82267ee2b280de52b329197ca79ea68210252db11097cc6fe4cbabaa
extracted/9b514623e336d685c7b94d71f6e346aa33cc18f203f8e0a42a1ef87cc397d977.json,2337,5d964d11d3398459adb60e13bd200c4688ebc1ef510b185c81fb3d1b607ed483
extracted/9b514623e336d685c7b94d71f6e346aa33cc18f203f8e0a42a1ef87cc397d977.txt,1326,3c7b6ae3e1a9e006645cd7be914c2dad4ac2f729df71a368a6be74b2947bcb1c
extracted/9b7ddb1d9019bc5e5d5aff3233e6a1e8c0b3519e1a00ee85d592cac4d358ebef.json,2333,263220848701b6d5226fd941bbc560bbf16e98dd99d5c32c31e500a2d69598af
extracted/9b7ddb1d9019bc5e5d5aff3233e6a1e8c0b3519e1a00ee85d592cac4d358ebef.txt,1244,0613a7efdd35003481b1a13095005e8666afc77c38648b3fbef99e821ad3fd1f
extracted/9b8a701d0335a8fc0682317c9201b0b2a9a9dc80127168a075ad38258f472a96.json,2340,e67459c816fbb61dde39d524da1d5c0248df0cecaee23ea17ea1419bb55fb5d3
extracted/9b8a701d0335a8fc0682317c9201b0b2a9a9dc80127168a075ad38258f472a96.txt,1243,ce85f7db68e28b4ab158e0f0de6f504c51866cb5c314547045d602b1e82d9687
extracted/9bfa4315eecc666e6297a70c2eddea2462bfb427e3e8a09ad15bcdb85081af0f.json,2336,0dc1b40115ef8da1a626790d83952d74b541a24c6408daf14d1f7931838c8e32
extracted/9bfa4315eecc666e6297a70c2eddea2462bfb427e3e8a09ad15bcdb85081af0f.txt,1246,48a6e3ca2429d94554331e540b7d8fea58c4a2ea7fddd6ff0f33ace672a94ca4
extracted/9c33664e98336ed928afd5cb325d7136a90bc24f3c0514c5d5df30a98a7ec0d9.json,2333,158cb148b4616267b9357d5d3c66d4f660ca54639cc1ee60fc00c8e98375adaa
extracted/9c33664e98336ed928afd5cb325d7136a90bc24f3c0514c5d5df30a98a7ec0d9.txt,1242,9cc9f3f55287eebb5ea95489636fe9cf1bb4ed10f762d98bfec402272ff3855e
extracted/9caf63a6bc6bd5c2fbb8f634cbe46e6876e523e2178e6760d91a85ee0ffd68ec.json,2338,f03b960d8eb6b3c45ca67ab08765b4fcb6b27224c3d22e613526562afdc41fa8
extracted/9caf63a6bc6bd5c2fbb8f634cbe46e6876e523e2178e6760d91a85ee0ffd68ec.txt,1254,bb9e41126fb6a23b4ef3c73c8933139d4714223acf92ec5bd56871b0b280286a
extracted/9cdbc457087484563d6c5389321cd3cdaddb4fdbbacc1ad4917b76300a6ed37b.json,2338,62ea2d4b0a89e90076e614cbd0d829ccc5d3aade83eb6fca46d11b42e6058bcd
extracted/9cdbc457087484563d6c5389321cd3cdaddb4fdbbacc1ad4917b76300a6ed37b.txt,1317,b722ce9b7bef39fce5c097fec5e0947be3f83c9d27ce256e2a4df29be95aa1e9
extracted/9d0bd52d94095921910cafb71e93eec465d7a910883d787c2664ea3e81ad73c7.json,2331,68c7fccf703fe1197694dd7209ed343c07b82cf59fef25531e0c7a7034787291
extracted/9d0bd52d94095921910cafb71e93eec465d7a910883d787c2664ea3e81ad73c7.txt,1242,0177fe637536282753b9212316cd18c1cc4567a0539dbfb7a7f5a4b3bc6f2fac
extracted/9d2d61197bd96d2245c44b12cd5b1c17fc0afc9644f234bc9555c73d07caeab5.json,2342,81ce78a0f86bbb7edc9ceae35699157f6d52e5dce7f1bc90792db76eed0566d7
extracted/9d2d61197bd96d2245c44b12cd5b1c17fc0afc9644f234bc9555c73d07caeab5.txt,1314,0423cd79c9812cfe01371cd9dd7a8389b30bfa2cf8e4543bfa6cd465055a61c9
extracted/9e2eabb04f46e5e7ddc7d7268ffb762612c55b5bd4b6bc1b2814ec2a47fdb641.json,2338,5acd678124fe79e3db898e9f619d2a296ac18eac4929d2280b5dff4b015297dc
extracted/9e2eabb04f46e5e7ddc7d7268ffb762612c55b5bd4b6bc1b2814ec2a47fdb641.txt,1246,ca10d1120551d30e88a867df7db077d33baa7a995a8899b574c3b2f9c7214e5d
extracted/9ea1f6b4964c36a533051acb29433cfd3d7a3097531dac657fdacc2acfe531df.json,2333,1c8fc13f1f309223a9ca9a1faedf2d12f7bb705a2ef4bfd6091379b3a786e99a
extracted/9ea1f6b4964c36a533051acb29433cfd3d7a3097531dac657fdacc2acfe531df.txt,1245,11c347388cfc527c99fd5c817838bf60a9c9c1fc1298f37f2f5ccb23c14c7a4c
extracted/9ea9b3432da3260a33fc3238a80628fd24bc570113e9e3ddf3e8cee60cb670bd.json,2338,1bc436077e255678756db6f97d63d3235df909fdce22b38aadff2407ab3a814d
extracted/9ea9b3432da3260a33fc3238a80628fd24bc570113e9e3ddf3e8cee60cb670bd.txt,1325,56aa182a41b7cae5c78e674ad45f9cbef31798b643738459bb1bedac65d8b2d6
extracted/9ec6f52019c3407dd6764216e864cdb00768aa768b293b5147e572ff78855c7d.json,2339,0b162e8a73d11b1c6d3fed35c46a9e9c5a56cacfef2c37625a5207582f0b40cb
extracted/9ec6f52019c3407dd6764216e864cdb00768aa768b293b5147e572ff78855c7d.txt,1247,ee4c11b2625e9d27131099962430b730c82a4f697ef30fda9423143c79125c62
extracted/9f24017db9cf27e44713ba453e700230dc0333f654d826a4139334821a5228f8.json,2342,5027c42d496479194e4a39677077027b5cd963043f1e0d0dccc7d7f08908fa91
extracted/9f24017db9cf27e44713ba453e700230dc0333f654d826a4139334821a5228f8.txt,1314,7148ec9bee64af12438934d62bbf0f0676f8c486b6cada05b7f2219741e2ffc5
extracted/9f25f91a30e92fbb6228a5fea0c2062c79110c629923288fb7c16f8c750eab30.json,2334,59abac01195ef11f18f8205c865a530ce98c7355963944796e506a15269d5753
extracted/9f25f91a30e92fbb6228a5fea0c2062c79110c629923288fb7c16f8c750eab30.txt,1251,5e1b6cf4ba398b2c6c41ae772fdecf82b86305a5dee2985c0e55cd6d46528f78
extracted/9f809fce3247f19292ef957bccbd95488d546438ef70307375d47694ddcbf96a.json,2336,aaadedbbf556db5b9097a1d0e51faa8c489bd3df7f0ae7596e0b28347fe68ed0
extracted/9f809fce3247f19292ef957bccbd95488d546438ef70307375d47694ddcbf96a.txt,1245,832a63e2adddd81d40862d6305e2137349744cdd28f34cf24a7ae2cd5d2f609f
extracted/9f82b50f477fa0176588d968b4d02a1142b139a867f44fc8b42cc9a2256fa1cd.json,2340,05b441e37da5b877c5f8d3176ba7e68855b4b39cad0537d12c27dd0b16a60659
extracted/9f82b50f477fa0176588d968b4d02a1142b139a867f44fc8b42cc9a2256fa1cd.txt,1252,dfcd49f44c74eb40ed67b5a3424811cb90e3a0cc2ec29a6021d87dcec67e37dd
extracted/9f8da067a1bd61bce55bba73e246e132a85c13ad8041bea137a1b9d5265ce15f.json,2328,c6a9534839e83b7347784866c0febd54ff41de8e4c9e7e7f6de78839aae4c7ab
extracted/9f8da067a1bd61bce55bba73e246e132a85c13ad8041bea137a1b9d5265ce15f.txt,1249,07363e99cdef0f0da239c5507d9e9d98f9857ba24b9911fe87d8924d9020f662
extracted/9fa560718f036134d9eaa0a041bfece4b4eb5416f51a581732a0bdb69a9328c3.json,2339,e5076c836009840e3052264a4f5e6249bc1d7ca00bccfccab850f27f824295f9
extracted/9fa560718f036134d9eaa0a041bfece4b4eb5416f51a581732a0bdb69a9328c3.txt,1251,21d1d5f7d633a3d7bc74c916cbfa3a775962cdd0b4ae27040e805d6532480e5e
extracted/9fee613b0f58b63ec881b35e37d85ed0eb6b7f82bf0c2cc48e2446640e01a9e1.json,2342,2ed958abd5b906a888c19db33a093aef2f3e05fc8d6791938a47ec2b7abbd714
extracted/9fee613b0f58b63ec881b35e37d85ed0eb6b7f82bf0c2cc48e2446640e01a9e1.txt,1314,e977bc0247d4379b8a53f54544285de29a3b10457497460edafb698a7d7a5b8d
extracted/README.md,92,84394c01299ca91953d64b4ea2f8914965c9eb5edd53762da7f32331720320eb
extracted/a02bd5b7775ab66e865458c546e96bc0182244176357c16e195d59da840b3354.json,2339,f5adf24895646bd596581254f2ec344583c778711cc270787ca1d0e532551f1c
extracted/a02bd5b7775ab66e865458c546e96bc0182244176357c16e195d59da840b3354.txt,1245,a09dc84725cf2b1b3a2f086b39425fddc662eb8fd320990d81bd9259592de6f7
extracted/a0483d1294b1eca24efa59f64f195ab5c05b533aa8a50dc6d2dd70e7357274ad.json,2335,3c263ebcf9f52cc2b5637ee32e3f7183534fceb406840aa7f03acf37b8089408
extracted/a0483d1294b1eca24efa59f64f195ab5c05b533aa8a50dc6d2dd70e7357274ad.txt,1254,d81c7025625d23a49cd594152ebbe5b1556f1494b018e1cfe15e63e09a876122
extracted/a1649e1dcb50de3a4541a4c875a36082c6be419c328bfd26232cda6cb1bcca1c.json,2333,8550213f32c4c376433e4d1a840dd02af74d36658f120818b7c64e5ba839642f
extracted/a1649e1dcb50de3a4541a4c875a36082c6be419c328bfd26232cda6cb1bcca1c.txt,1332,5b5ac6e49142ad88548b61af99345dd26ae9592e9c0d049a75674fc5ef760018
extracted/a189018b1bdbea25ee81d91ca7dda72a6670077a299a4aa52f3ceb74d1ab61e1.json,2342,71a41a96e47761f49783686bf219c0ee9b09317b73fd8bf919f30683beb1702a
extracted/a189018b1bdbea25ee81d91ca7dda72a6670077a299a4aa52f3ceb74d1ab61e1.txt,1314,e75fa54174b2655286d1fdced21192956f5781093fa352c2e69fc5d96db1103f
extracted/a1b756342665a755c82aa3dbd642ec5111cf9521502fc6f9488b0894897f7172.json,2339,4d2296ebacf1f3900983eaacfee217078ba514e1051a210ba1aacd7753a17d72
extracted/a1b756342665a755c82aa3dbd642ec5111cf9521502fc6f9488b0894897f7172.txt,1252,9d11e5592b76df283205170d56410b0efbaf34f10e5e4074b7bb96973e523aed
extracted/a1f7bd1a443aa69cbee2d2bdf3ee7a485162020f43d3389757f511f5e1d7817e.json,2342,ac1e19b3c824f75afe86ca15e8b4762d8f7134b4caaa90541995d7dfbc16c89e
extracted/a1f7bd1a443aa69cbee2d2bdf3ee7a485162020f43d3389757f511f5e1d7817e.txt,1246,3b32885884fa5fdd06148769ed56cc71f1211cd0095abc954c2e3e06ecf05f6a
extracted/a2234f66b894f3ef5ac9e31e200b0f0028a19f00e2775362fefeec934323753f.json,2340,2ad09e302e1df8e5d5b2362221ca1e937d9580bb404a8812b490a79b085049f3
extracted/a2234f66b894f3ef5ac9e31e200b0f0028a19f00e2775362fefeec934323753f.txt,1242,c7a562ad9ac0317413736c022b6a032d948e2c17934e4f2d8d8881845e237cfa
extracted/a24e998dc7da6408ff3d16996bab7cb7667a401326ff87830e9853d98e9fb16d.json,2328,8fbecbc9c2b7eefa2c26489109af77cd4156558fa6cec4de86ae04a3f5dc7042
extracted/a24e998dc7da6408ff3d16996bab7cb7667a401326ff87830e9853d98e9fb16d.txt,1249,741de3655499cb3438869278a06ab54ff70e2b23e77622ceb18eb5ad5211d85d
extracted/a280317485c868eec3c9a96055a73abe4f184df7fbd4972e50f2b8c08cc6c6f0.json,2336,798001afb3286b8a71c63d38397572effbb45241a0634bfe71c536165da0f956
extracted/a280317485c868eec3c9a96055a73abe4f184df7fbd4972e50f2b8c08cc6c6f0.txt,1248,56461d8bdbc0e8ccd5fe70a4519301a975c66a98ddc4b8a7657bf1ca53832090
extracted/a2dc29465694a384fb2eaf2780b9d71c368b1d5940cc048e5637304b0ac414b7.json,2337,b62e80e4002615d9796c48ab52ad8792e8a0ca99b6e9478c91443886dbb03978
extracted/a2dc29465694a384fb2eaf2780b9d71c368b1d5940cc048e5637304b0ac414b7.txt,1289,219609782252718b2b47fa1c05df545e5db62caefd60b7f7bc8a61798f5f7d39
extracted/a3335baeb77fbd0df5807ddedb4637076e7f8c50136c9a54bb6fba0618fcff24.json,2333,219dc98e47778543d8bab50bf02f547222d780edd4577713c80d74dd029f751e
extracted/a3335baeb77fbd0df5807ddedb4637076e7f8c50136c9a54bb6fba0618fcff24.txt,1245,edcab7451c1321212ef6f6dfe385b44a7b4616fc6c614ab90eef3f96017f21a7
extracted/a3d591a85bb9b6d810ffdc825409418286962ef1d9660c11ee5820e6b90a62d3.json,2342,6aaf3dfde3dad8582f370965cc74f0b219fe87539c02e34269328a3e25475a5f
extracted/a3d591a85bb9b6d810ffdc825409418286962ef1d9660c11ee5820e6b90a62d3.txt,1247,36d2a0212942d3615be0472d2b74c2aec898c5c62c64ee53a160e24c5a3c1a1c
extracted/a43ccb3ae1f07d2c4c2f8d7897be7b35c67c5eb7e02f92ffde5fecc83d605ce9.json,2342,fbba7e2f0fb928892a07b74b53f783bbff96a6b9318dfddfaa73f2b8c2a7fcd9
extracted/a43ccb3ae1f07d2c4c2f8d7897be7b35c67c5eb7e02f92ffde5fecc83d605ce9.txt,1244,067d2dbf9b0548107d8781eccd3f276a1b47b9f751e06de1ea689f4d15200a88
extracted/a4785e7b22bfbd506d4d2910ff2d82269594370b1d1edf1ae6b0c3c2033508bc.json,2338,35e92f1f6e3d50da1df08abf10acdad6495b6571fe55f71cd979db2be267f143
extracted/a4785e7b22bfbd506d4d2910ff2d82269594370b1d1edf1ae6b0c3c2033508bc.txt,1324,782d9be9c834891481b8788621e27fa9f0ef9ca1c804629f14604eeb7e49fcab
extracted/a478b59fd5533316c024b6634c6d27f17271f680458111b534a8651df6be915f.json,2338,c68cf217e8b3d56310911b1586e1ead5c43af01afcfdafe82eb3895e7f923faf
extracted/a478b59fd5533316c024b6634c6d27f17271f680458111b534a8651df6be915f.txt,1251,d4e13f80fbf5d24b710aa1a05e6c07de50ebd367e416f38fbf46b99da40d7963
extracted/a533642a9adfe34e209f7a53a472df6c1470ef6db49efe81ab0b11fe42ab70d7.json,2334,9d752af2545280bfc97a9cc7780a35abc8773e67c4de01c2d35d7a906e70bc51
extracted/a533642a9adfe34e209f7a53a472df6c1470ef6db49efe81ab0b11fe42ab70d7.txt,1238,64408c643a3fb9ad1ebd88df543d5f30a73bc61f1cb26eb3f90262e22cc34194
extracted/a5a14164cf87675caced4ebbd748ca4bf4e9dc6b43ab23a2658f09dae64421c4.json,2331,1d861b94c579a4354034fdf8f7c89e5f68d60aafa937a51077b84e6aa9d5e52c
extracted/a5a14164cf87675caced4ebbd748ca4bf4e9dc6b43ab23a2658f09dae64421c4.txt,1123,70328ceb0c9381dbfdea4849e6a7b2bcfbd834473eda1863500c79754793bdc2
extracted/a5f88389d1b27b3aa9176ef18cd025479e4a13d9d9a4ffdd78e9dc92feee8e35.json,2334,933b4e8f084ef928148575d065f2d1e1d83b9afea629b2f57b82a3c174e9b585
extracted/a5f88389d1b27b3aa9176ef18cd025479e4a13d9d9a4ffdd78e9dc92feee8e35.txt,1241,6e8cee577c9c8bc050ee280a97112748ffcf5f51fbf773aa7d063225ab237c51
extracted/a656216a07fcbe8a83f78499f539614a7366288d45d631ba803cf5976a711934.json,2333,66677c7f30de02d4efc327980f732cd3575ef88e28521b25624dc1d18f793041
extracted/a656216a07fcbe8a83f78499f539614a7366288d45d631ba803cf5976a711934.txt,1242,116c5af11f200075b9ffa7ebe19d5bb5265f24d002747591c22a41e1f7081038
extracted/a65aae4f26b9363e9193f8e8cdfd8ac07739ef192292e02addfea81fc7f5a19b.json,2342,1b13db4ad12ce30dffb88230b8bbb8adb04f52e25b02caf290c75c7507af9074
extracted/a65aae4f26b9363e9193f8e8cdfd8ac07739ef192292e02addfea81fc7f5a19b.txt,1249,51751d6f94cacdebea4f21e3ee316a2114bfd0ddaf3d38d5a71848f8e01488da
extracted/a75635f56e96000e9c4d880513988b30ea7afe59fe5513f17ce52efd0d98c047.json,2335,e0a90a52dafbe19e667690bc41329b85da44894812589144596b606d44874f02
extracted/a75635f56e96000e9c4d880513988b30ea7afe59fe5513f17ce52efd0d98c047.txt,1238,829818a67f19af3bfad5cdb33b764e0d6737d44b34aaade86e4ac760bbf4e6d2
extracted/a76c85ee6f51fe7ae4baae4e3c74185655ecd77fd4e3be0e9fbda1c6290bcc21.json,2334,1ffa25e5f2ba5d3350ba45162652c13c5e31d89954298250a1aea405f9b8ee63
extracted/a76c85ee6f51fe7ae4baae4e3c74185655ecd77fd4e3be0e9fbda1c6290bcc21.txt,1238,056196271d267ef6048b71978832c0cab8d0bedae7737a9c4f8916d3079d22e9
extracted/a77e53a2ea32af42124287f8ec7ecf7c928c2f1593334d4263afbf27154f6645.json,2335,650a4874574cb9db856ffb093c6a813b0174c3e8a7adc115326b2c1726d7a0e6
extracted/a77e53a2ea32af42124287f8ec7ecf7c928c2f1593334d4263afbf27154f6645.txt,1340,7ec6946dd7f9e6c4695d4b4780bcf6ca315a87a2bbdf57bdca4f527ddeb8a5d9
extracted/a81f979b560c2f16a1ed5b9d3b30d109a72c8f4b9e3ef8915b1c6a3e55c49415.json,2335,abb632e89aefc118d33163a6ee73bb641070cc72d689d68e264df04dc5831e5c
extracted/a81f979b560c2f16a1ed5b9d3b30d109a72c8f4b9e3ef8915b1c6a3e55c49415.txt,1242,679c5752e0f8fbf3d723c89f47ddc8353178e10c61d2f92e824deeadb79f2eca
extracted/a85940d130e1c8c604f445f0b179930313c1a179fd007da2d5d2c088e2ff2f31.json,2335,7542c3db61079e3e2f2b4735bc7a1d1c3afc417aca0096d5ee5b779fa7cf7429
extracted/a85940d130e1c8c604f445f0b179930313c1a179fd007da2d5d2c088e2ff2f31.txt,1320,f97719c0376c6bfe06e7e930d50c8dac2f98871152f5f280f39d28ee0aa4b40e
extracted/a85ab0b8b45bdf84a76fd2f8359a7843cc2bca6fefe4a1b93175e57fce1c00d6.json,2339,00dc9118408d8d9717911ba5d1555c3b8736b92f7084a49b8751caecb6dafe8d
extracted/a85ab0b8b45bdf84a76fd2f8359a7843cc2bca6fefe4a1b93175e57fce1c00d6.txt,1242,7102f6c98f76362db206eb16b7d2183a3ee54e10e1507acd003c2e134f53733d
extracted/a86a0a8a56ddcf158c7459bc5ccf0b31447ceef96579fcda7471997fc520166d.json,2334,342ac5b857df79fe3d920a91c945b844b8c86d4d30ea7891ff2e57c5a225fbdb
extracted/a86a0a8a56ddcf158c7459bc5ccf0b31447ceef96579fcda7471997fc520166d.txt,1249,2f6d328b7bd8ebf25a21fa5e9ab9877ad8ac3b1c41e1b5a69e14740a24975dd8
extracted/a889530cbedb3322e3b70241bbe67d09832e516553d1fd1353acb258fb0a2ddb.json,2334,f4fedb1e53a449a6e6c7c79a0de880f515d5e5c74153ee5be60abadf46ae9707
extracted/a889530cbedb3322e3b70241bbe67d09832e516553d1fd1353acb258fb0a2ddb.txt,1245,dad12b1e6b30a16be25c0d1487db864989aff63e8bc63c6799752bc708398d25
extracted/a891baa601d8bb2558f917054b07d3cc6b59dab5eb81d52cfd04b3c9dfc5f520.json,2336,40fd683934bef54f87b1981665dc2b443bdd094bd2ea18c02764f8dff23a16cb
extracted/a891baa601d8bb2558f917054b07d3cc6b59dab5eb81d52cfd04b3c9dfc5f520.txt,1244,f9559c13e5aae3f338b0069008bf22a575bec37299a8066a3e5586dd6ff1d7ed
extracted/a8a351ed187029ee7a00340568ab582d39c6d67d8cb97d4c4878336394ab19d1.json,2342,bebb55937b10b5c878453cbd93799ee7e4d48965b085c06eeb4ceee7545dec5e
extracted/a8a351ed187029ee7a00340568ab582d39c6d67d8cb97d4c4878336394ab19d1.txt,1244,0c15e02ef1773bcf5a99e78ae627bfc36579b757516edf80564ae6855be2bf75
extracted/a8a473c1e7ec903d523b2c8c3db0fe0fd96d8f6090a96cc6054da6abf417ba4d.json,2339,00267fb2ccc57f0ea2074785b63e9fe3300e4da77770b310dab7a6dab670ca56
extracted/a8a473c1e7ec903d523b2c8c3db0fe0fd96d8f6090a96cc6054da6abf417ba4d.txt,1241,5a923c2d5312bf8b2c6b592f201ee6e108977c27cdbbdfbc60778ced5bb6f464
extracted/a8c492bb41e34df8c795622605523cb443003ac9b9f84b29857654d2ee2c422e.json,2328,34babcea403f27d96c744ff05bb1f803d0b73eec8842b723443c0ee2229e80cf
extracted/a8c492bb41e34df8c795622605523cb443003ac9b9f84b29857654d2ee2c422e.txt,1249,98cbfff841ebe354d39016c6b550d4b405d3f6ba53c8cd242fb099c14919004d
extracted/a927199bc8113681a643b697a6e89fb26fa1c313ab3e58bc62ecfae2befd1c58.json,2332,d10b422ffe8d000174045d76b511a2d413203a3dcf6daa39bc37fabd0f2682f6
extracted/a927199bc8113681a643b697a6e89fb26fa1c313ab3e58bc62ecfae2befd1c58.txt,1245,cb58a1a8e7dc9defd31130225c1a70cccb8a134081ec75bb4ea0892602c0f7e3
extracted/a97dd4928e9a7bf66d2d2c67bcc2c40d718b144243d97d5eadbd5ee2fd81b240.json,2346,ff80f209cdce4c188c46cdd9f645a3e8178e0a9a0354ecd6c8e741dcafba78d9
extracted/a97dd4928e9a7bf66d2d2c67bcc2c40d718b144243d97d5eadbd5ee2fd81b240.txt,1246,6092ac70419ac957df9147247bdeab5126be6d70db7a099b5ecd8116ef9b7e71
extracted/a9909644f1e0e3711e25fa52b8f9b5717ec387d8cf255fda33a5719b5a4326c6.json,2335,bce99258d38a26fe8fb72ce7e3e5850b8f7f02fcf38fc80ae0a4908c2b96f058
extracted/a9909644f1e0e3711e25fa52b8f9b5717ec387d8cf255fda33a5719b5a4326c6.txt,1256,cc1f492b5649969c653730fb0c061770fe1a3a23232a61ef459bc78a6208592c
extracted/aa080d0d66eff1df49e5616d846ad2e5c8551670e635118daa858c19639f74c1.json,2337,cdfbc167b7b6708994e3639f377753f1c88f849ca17b879a97a13396a1f93d74
extracted/aa080d0d66eff1df49e5616d846ad2e5c8551670e635118daa858c19639f74c1.txt,1230,3da7ff526970efe566315fe89dd19001903eb906d2da650e7b9146a6468c93ac
extracted/aa992c54c14deaaf712b61c14f4273201b8cb240200ca58195572eb37c33d612.json,2339,ca5f3de3c61d5518696f3a6b50a669f4a0f8c793743e7ad1b50a679ad4191e5c
extracted/aa992c54c14deaaf712b61c14f4273201b8cb240200ca58195572eb37c33d612.txt,1257,ac3d8796b50a9573eba703e9802c77981712498946f4b111cad1c2b2779a3808
extracted/aaad2a252ca6efd87c80d75cfb4e6e3e6c3de8e7be250e4a1a60fe353d542b6f.json,2333,12b86408a66f0f1994d1a6d013be782e0a10e4120af36ca5ac9490482f4ea129
extracted/aaad2a252ca6efd87c80d75cfb4e6e3e6c3de8e7be250e4a1a60fe353d542b6f.txt,1245,d259b3c098441b10dbec4eb146ff5d5ce7705fe0afbc3dc393c30dd636b2162e
extracted/aaca7af03c1e9a991845ccc93dc40f6bf30cf0b347313913a0eaf8a6dd16f23a.json,2335,53cf72e0b665500b6c9d1591900d8e489b317fd5cee1ae01fb3316cf39fbaf08
extracted/aaca7af03c1e9a991845ccc93dc40f6bf30cf0b347313913a0eaf8a6dd16f23a.txt,1242,2bef1994e80e98a1206a83e4d56b5ef7ba8a2944d01b98009e22df2de5b298b6
extracted/aae67021bf0ccfff3a0064eb9a0de8f284c7a83b18385c553a8f691f872e4f4c.json,2338,b8ce5f891e1d69b013792bfe59bf75cb13b8b88e1427326e65594afada028b4c
extracted/aae67021bf0ccfff3a0064eb9a0de8f284c7a83b18385c553a8f691f872e4f4c.txt,1243,1de3ea69a4e824908b5299a9473112d32dacf596326a7f4fc43fb1a475ff69c7
extracted/ab357674433cca78f0488143e54311281d5c0345da532b77296293402248a0e1.json,2332,e830547b089e2b4f6689bb78d350cdf6f2be461d7d61a723c9c18f0cc97111e0
extracted/ab357674433cca78f0488143e54311281d5c0345da532b77296293402248a0e1.txt,1245,e7fd891308d2c8e31a19827c387ef99e16599c545929e22f42bfb2b220486e1b
extracted/ab47d0eacb1a8d75db1326f8c078259be3ca176a967e8c57376f17f7b6e97e5e.json,2334,0caa6bf163e89ada8087bf4a8652bb0a0830e7ab53707890d300dab28bd0658e
extracted/ab47d0eacb1a8d75db1326f8c078259be3ca176a967e8c57376f17f7b6e97e5e.txt,1245,f82fb53fb3aed6c2a585c0a49ebef20ddf901aad9c88d1e631c34e483f588ba6
extracted/ab942f55a1e6ddb8dbd5c0a01071f73b06ea8f71616179223fe6138d1c81cc7f.json,2333,de5800764820ed486dabad44e746b3f58333318237cfa11c3abe1e718f975d7c
extracted/ab942f55a1e6ddb8dbd5c0a01071f73b06ea8f71616179223fe6138d1c81cc7f.txt,1245,ea42b5c339c78f09212c9dd2e9cdaf5710e224bead5938ef0fb0cf5e00fbbdfa
extracted/ab94c5392a1944e14560c218b25b8ce184733f753f98eef2eb6ab101d291f5fe.json,2333,ff050a7bec44a87d12f6c228b29f922a14cafd68fd6112d19c826b31c07249c3
extracted/ab94c5392a1944e14560c218b25b8ce184733f753f98eef2eb6ab101d291f5fe.txt,1245,09cd4b085a244d7e7c6f3d7e6882adcb482566cafac6f86b64f7b9ee3e730123
extracted/ac0f3d134de59e4940de3050517add3cd5135722ed55aeb42ae8c03d1e87774a.json,2338,6e7f58527bf14aaa0a4fd4388dde421655ebc19ad4a73e04168c86c249187164
extracted/ac0f3d134de59e4940de3050517add3cd5135722ed55aeb42ae8c03d1e87774a.txt,1325,7f2173b15e3384d00917c45455e4bcab3c2b8acdeb3fe07eb82f63db486d0ae2
extracted/ac71609f90a12d1d491e51a36a78dec08f008861fdd0eb654ca61aabc49146b2.json,2339,f0ee9b2a628441da6d8082fcce27115b36d02edbe62af7b5ad55db51f2eed526
extracted/ac71609f90a12d1d491e51a36a78dec08f008861fdd0eb654ca61aabc49146b2.txt,1238,e9f29aaeea6725b500d20c51f49b4c6f68d210501f4bf4e062278d9d71fe0712
extracted/acb505de021ec6197c35ab013baf95297a3f22577a5bdce37044ae1ab0eebd0b.json,2339,a669da862884e84a6c3654020cbea0f72c3ce50978b06731e61cb632d2db15e5
extracted/acb505de021ec6197c35ab013baf95297a3f22577a5bdce37044ae1ab0eebd0b.txt,1329,39944a2bd979c67e1f30e06a7ebb035584e0e21ecbda02ebf0a1ce66413d1287
extracted/adbfac2d699da725a6efbd07614375d9d2ecb07da3237a73ca27eb4dd57dfd6e.json,2337,4f68c169f960a0414ec8d1cd9b33214938c07330581e582d3dfce4f55f9b50ff
extracted/adbfac2d699da725a6efbd07614375d9d2ecb07da3237a73ca27eb4dd57dfd6e.txt,1253,7985f6637ab6ec581dc29293d80f85da22eb76bfb17f24087e34a84ae201ccf3
extracted/adf9e5726f7dcca95088f702e1cbf0c70de14fa4ce0865e98b2ceba2560ce818.json,2342,ea80557dd2d9dc922e29d91cb95ba6639dd18ab08fcbc26d40bb10ced38994ba
extracted/adf9e5726f7dcca95088f702e1cbf0c70de14fa4ce0865e98b2ceba2560ce818.txt,1314,1dd44f81ba0bfc0bf95b13c1dfc56fecec962efb076df9f180550251560df21f
extracted/ae4049700392e1f3c166632eba1d41a86140664ee0f60773b71baa05822caf3b.json,2332,391f402ad28618939017ee11b9088f88e2ed0cf0657cf392f9ef1e72eaa5a906
extracted/ae4049700392e1f3c166632eba1d41a86140664ee0f60773b71baa05822caf3b.txt,1249,1d77b41c09c98e01dec9ccb5af54a5f83e0dbfd2e17414c9e97f4234be1f351a
extracted/b03885a0469fa4583990c37c6e27f88d73530a9c5056910bf99f8960a2ed72f9.json,2281,5d7c502cdc4eb2aa3b89c38b619d9cf7a480db64bcb048683d9ebf0af2a6b8aa
extracted/b03885a0469fa4583990c37c6e27f88d73530a9c5056910bf99f8960a2ed72f9.txt,1149,869251076b80e44c59b5ecb073cb0b8050611d966cf341abb25fc17a312265ca
extracted/b0ec2bd360a8dace032f6d4bcb819393b7f21bec5fcf29c3f0cf51bf3a2d0c27.json,2336,eab994c87a2fce179264af635d2efed1e9d276e08a1cccfc6fa750934632c946
extracted/b0ec2bd360a8dace032f6d4bcb819393b7f21bec5fcf29c3f0cf51bf3a2d0c27.txt,1237,0df10874a09dd40c89eafe9604ca4a7ebe317e797ecf47f56b57586dea818cc0
extracted/b11001521910ae98e9ec7845549165006f94a29fceb7226fb3e0e7659070c18e.json,2333,133faf98309ab98d88f51ec70cd644ad03367b101e96d1963feb7381a95dfc94
extracted/b11001521910ae98e9ec7845549165006f94a29fceb7226fb3e0e7659070c18e.txt,1245,7b0597496b0492cd8292358636736dd952c41f7fac579922b2de36b3c05f2318
extracted/b1d2feb9b3fe679c109c44c746961ea0cb9f156c7aad146e564d06bb7d99c20f.json,2338,9f4b4215ffa752c091dbc956d8da22f5e787ecb276e66da03c5389912bac893f
extracted/b1d2feb9b3fe679c109c44c746961ea0cb9f156c7aad146e564d06bb7d99c20f.txt,1243,5eeab112204c3861ffa43c26773cfc24b6665a0ee0ad1089956b4349cf60908c
extracted/b21c0463be226af9557c6edf248b71f4376aba951c73394279ccea71a7f8ef3f.json,2333,8238264bdcee29c0adb359c4c086d7fee941e046b0b07e7695b7a4d1ed196bc3
extracted/b21c0463be226af9557c6edf248b71f4376aba951c73394279ccea71a7f8ef3f.txt,1332,516770d5721b2863913582d39a700ece9b86ef99a0393d4498dc724516e652d3
extracted/b23e8fde7f9a6ec5c8e9b849921c2966d2eb36113484f29ca2540d9b9374870a.json,2338,9ed8d177e1cb129278b17ab08df2bc7738320fae22a4b000011e595c99ddd260
extracted/b23e8fde7f9a6ec5c8e9b849921c2966d2eb36113484f29ca2540d9b9374870a.txt,1250,24eef2d4865d7b1d4f6cdfc07339815a0592f48c68a6f12b21d86c53fb132d29
extracted/b307a8d5260cec0aee6fc6d57417c29eb99248966b7205d572ae9d118f07fb92.json,2333,a54f1e6ebcc3aca39a4761680636b9438567b14b42708f37d5508a1ca98fc420
extracted/b307a8d5260cec0aee6fc6d57417c29eb99248966b7205d572ae9d118f07fb92.txt,1329,4c09c62aa7e3f18503e8014e2dedf6ee01c4841214112b97c6f359d29d870df1
extracted/b35df8f59edc8c0d4bd35db85c6ba6be402985412ae8cc83c934eedbec4fd900.json,2333,6372094d8184908170b2245779343dead3c34758f54366e005592917faebf6c3
extracted/b35df8f59edc8c0d4bd35db85c6ba6be402985412ae8cc83c934eedbec4fd900.txt,1332,0115af4bb828d151c1d89db2778821544b09f0596beff16bda09f9c5edcf75ce
extracted/b3c52978f391a6290ea5ffd6efad9d7c72d4f46295fe1f7ccc5d64fd8e46db0f.json,2338,44948cb2cca2c6d89264c16fc3835c72af99a190de03c65374f389e02a44d994
extracted/b3c52978f391a6290ea5ffd6efad9d7c72d4f46295fe1f7ccc5d64fd8e46db0f.txt,1325,4836e3a8f3ed9399ced0db2005bfbbdea87e2619da04f5943a0dec37f58da9af
extracted/b41fdbb8c378ba562a7a020f0a739b91d2d6eec59ec434fd3f3491e11bb2fe16.json,2336,c51dbfd0b0c2596cebabbd243e0c61ee899888d202f27297bae057c44fccd339
extracted/b41fdbb8c378ba562a7a020f0a739b91d2d6eec59ec434fd3f3491e11bb2fe16.txt,1325,720376998d7471ecfb71da09722505b8939bbc6eba3ca945d0d469700f78e4d9
extracted/b4337afd884009fc6bbd0ad6072709e313884ee0542b2163d8548ab531582267.json,2338,a185a011fb8054302e217e9b8cc518d95bab225d2b4364e954f0ccd0a80eafbe
extracted/b4337afd884009fc6bbd0ad6072709e313884ee0542b2163d8548ab531582267.txt,1325,2bba2faae8a35ec470804c596310335f33dcd1c5979a353c44f6a7ca0f137e89
extracted/b4937ac4394d093d6e5e85086f5bf51c5f8c8cf322590ce64d780da400dde660.json,2335,11840b1faf76e1278214c364f1c7a6fa55174cb9068d40f940a9131a46cad462
extracted/b4937ac4394d093d6e5e85086f5bf51c5f8c8cf322590ce64d780da400dde660.txt,1242,69cc06901812ad30ae6b253f9cf58ea3f86731cffeb4859cd1eabbc5e53f814a
extracted/b4b6b355c9c911437dc95807c359369a8f27bc530ff699dc76439b7ed1f2433a.json,2322,707687a602e278b1bbc0c2a416c467c8b05003cfae73e0339a49478523bfdec8
extracted/b4b6b355c9c911437dc95807c359369a8f27bc530ff699dc76439b7ed1f2433a.txt,1228,493847ab81a0d4de8c337bed516b57e9c8e9227c68007800dc1af0d262f7e262
extracted/b4ce76eddf4b2d16a89c4cf9ea63316414fe998617d6605e8cadd65430ad4b3a.json,2341,9667e428e733f34ccc0abcabb7da65db9dd78bf836bf838df369f929fa9d3985
extracted/b4ce76eddf4b2d16a89c4cf9ea63316414fe998617d6605e8cadd65430ad4b3a.txt,1327,c8ae64a93fb7eb4981438540925dab36af8f8bd5a659464a7b7cc0182a9d0084
extracted/b54bb58bb0bb48dd89b8986630f41b30d659ee7920f9f86a4584e0c8d2adf440.json,2342,1bf28d68a08a47a73c564a820a5b3f4532faff2390903b68d6a671ee67dcaab3
extracted/b54bb58bb0bb48dd89b8986630f41b30d659ee7920f9f86a4584e0c8d2adf440.txt,1314,99dda600cbc33996c5633d358ab958d03c130140e10fb6908dce75892e470524
extracted/b564ab87cde2fa014693b3a8fd62062042e782af07fc24bb1340b5e5b7918921.json,2345,4dc69e5abd05a9d9c423f98d8007345eff4b6e456defd7d7af53b159e8523302
extracted/b564ab87cde2fa014693b3a8fd62062042e782af07fc24bb1340b5e5b7918921.txt,1246,624921242368c11233a2c65619b6844d1af4c50d0fa17b93dddec184001ce829
extracted/b613dd3fdf07672bbd7bbefe18ba037ea351c107213ec409891600aed2cb0b65.json,2282,619a9b2d6734406af2a30b8ff06bc891852ae4c77a9ca2c814abdcafc60e8869
extracted/b613dd3fdf07672bbd7bbefe18ba037ea351c107213ec409891600aed2cb0b65.txt,1173,1312c5335e9b1605465a3b9da4c10811589aae3e31ba0eb56ac7ec635f448e6c
extracted/b773efdd2b2e376c46df48873f1a6b971a8f185dcc5e582d4246dd02fdb85aad.json,2332,79de767e10bc51748c80901b875ad05c57ed3f2c13c2b826e3e19bc3013c8ff9
extracted/b773efdd2b2e376c46df48873f1a6b971a8f185dcc5e582d4246dd02fdb85aad.txt,1245,92460dab18664ba5ba8a3b14cce29198edd67b418e25303c71e870c199a1239f
extracted/b792bf6f0956c06df589e44ab7aae5f606f1119e297e7077d1937f4355152d23.json,2335,9eb234ac1e9e436f805906551ff4f2c099c3b70110892366826bfc7ef2f6cf94
extracted/b792bf6f0956c06df589e44ab7aae5f606f1119e297e7077d1937f4355152d23.txt,1320,e8d2d94f415d68d6ac54e2fe2f2be5e7f4a707fcb1ffdce61ffdb25bbbbcf491
extracted/b794fb5d08f8a216e8a632e25de6636a2936e65a5cd66352a84e0bd7fe3f1645.json,2334,cf3fa4f7a59033dc300193c76dd5c80ce16aa0dd412df56cea276d73f25f1ea3
extracted/b794fb5d08f8a216e8a632e25de6636a2936e65a5cd66352a84e0bd7fe3f1645.txt,1238,7dbd41e2c68c1c61de994d2e57d3f1d06803576c59355e52db6a8ab1646dedf5
extracted/b84f8352b53d5f87ce76e12bb7c918b060d1a7393ff8c9f08faa61b381972d5b.json,2340,a10599a493163cd62912b568144f31b932d1400ffeada1546e48a2dcde61c456
extracted/b84f8352b53d5f87ce76e12bb7c918b060d1a7393ff8c9f08faa61b381972d5b.txt,1243,16f36352d2ff3fc9a5bb6f6b6e548a9989c684f70182fe83d48423163f078e3a
extracted/b86cebd5fd7a83e075b106b5cb5fc18025c5f32874233d8afc67db3e2fc1bc4d.json,2281,116f29e493e40b32dae271f2fd09de941ab9c433aba454f7be6d20db18407e8a
extracted/b86cebd5fd7a83e075b106b5cb5fc18025c5f32874233d8afc67db3e2fc1bc4d.txt,1149,9dfd5b1b181aff4f5920e1508e97b72a0ab739a565c6f56ed55ee59a1e8b8343
extracted/b8a926303b2c3ebf7252ead6cb40f185bade3c277c3d2afb0b548d549753a0d7.json,2337,81bcd4c1a483912183fea06e8ee368171c76d0dc658e121a225acc05607b7227
extracted/b8a926303b2c3ebf7252ead6cb40f185bade3c277c3d2afb0b548d549753a0d7.txt,1243,4f4328154e018e34610d4659120fcda768b2dcf86d52c3ff14f030e556efab30
extracted/b9655b710624356ba7efc094336920262a3f4fe6a9b5719b0b2f4090157385bd.json,2333,e6e9a183e97811d847571e3f3919b45c3f5eced51ccd66f7c00bc0393ae26700
extracted/b9655b710624356ba7efc094336920262a3f4fe6a9b5719b0b2f4090157385bd.txt,1240,ebfb0e8c5a38f886d339e884dbff78d6d3ebc28cd9617e761c9ea1152de3b3c2
extracted/b97869bbe773b8a9df857946127638c3d218f7fb01eb51b6ac498ba0e9f53af1.json,2340,4be0f49888577e969483628c163c937449a63aa054c97fd2874862dc43513957
extracted/b97869bbe773b8a9df857946127638c3d218f7fb01eb51b6ac498ba0e9f53af1.txt,1319,d0dcf989272145aaf6216012d3533bec461ca52ee73c89a0af7e63d9a771ebc8
extracted/b9e8ba722e5cab93571c61a1271d22a7dbec6f0e04267ca9e0a8296e032c0a29.json,2334,d882f947084d9879a89bb2f03277f83f6abf6c96420bc0ec251a43f1fd0a0dd9
extracted/b9e8ba722e5cab93571c61a1271d22a7dbec6f0e04267ca9e0a8296e032c0a29.txt,1238,589fe1b1baf5862ff5204c00bf0320d690b49cead8d3819f54e9cb4ab4dc3599
extracted/ba6041834215aa531690daf657d4491abfc0dbdd6e9b2590cd1137f536434738.json,2335,82f4905656c26751a373d996381e2e19583290f23d3f7a332e465710cfac6e87
extracted/ba6041834215aa531690daf657d4491abfc0dbdd6e9b2590cd1137f536434738.txt,1240,dbeb1e1eb9f019320970c004eb041e72fe7fc5de7af4d09a0262d00fcf64f0bd
extracted/bace0176d9cc82151f74dde3afba4f269a6b2d44186246642b604efef7dd75a5.json,2339,1da5ecd805b2ae3ddcd992337c5cf22031f978d37bbf0b27d5f481e4ed480cc2
extracted/bace0176d9cc82151f74dde3afba4f269a6b2d44186246642b604efef7dd75a5.txt,1241,171b77512630c9d687f55901a426cb90d2781dee061d3112c3c8bb1c60c38685
extracted/bc65401f9a13156f00f10acbb36126f6ceee279bec8f9551ea17382bf4740562.json,2322,8bfad2920edb0af6ad178bfd5db451914c329f8b42b5ef59828f077f5d0cdc64
extracted/bc65401f9a13156f00f10acbb36126f6ceee279bec8f9551ea17382bf4740562.txt,1228,897b656bb9e116a87683d047ed45b58519667d9e4480ce115094851ec0f1398a
extracted/bc7b1ced7102e8f8a74db757da48accb12ab44f5f9f0048b18416e7900b433af.json,2333,a68c9c7a376da381301e4dcbe4b225983379502970e28ff00ce0030be5850efa
extracted/bc7b1ced7102e8f8a74db757da48accb12ab44f5f9f0048b18416e7900b433af.txt,1244,5dedd66420e96087ea3d7c735f3b008f74fbd148a9c6ecdf56da39cf3453cef4
extracted/bd2f3d0db2593cfb09bae083fb39ef3b6d3613afce23b353807e3663a7d7bfeb.json,2336,6a7e7e7c9c2eede3114a65cec4da24ce9301b996ef293ef890c1b47e6e7f0826
extracted/bd2f3d0db2593cfb09bae083fb39ef3b6d3613afce23b353807e3663a7d7bfeb.txt,1329,8d73058514749544606c5eaabe3b0459978e16e9c14b37931ce1d6411e4bcbd4
extracted/bd3663c465758af161dc08bf116b5d240bb2b80ddaf8773c36df4036ced6603e.json,2333,44ad2cd5676ad2283600cb3d0b7093b9903e80630ebebfc625db7ebaa6709d17
extracted/bd3663c465758af161dc08bf116b5d240bb2b80ddaf8773c36df4036ced6603e.txt,1242,3116fefb0f31d51acea025a3636df204db48e0916c55129beee02c5858fdde4b
extracted/bd5477fb383be831b939492b9a4ed2d99a3636fe0cfd23a40c0198aae2bb2b9e.json,2342,d52fb63f21b558ecb4ae732da27e4ab8a3b96619bb9cc577466a1ecc7f1b9831
extracted/bd5477fb383be831b939492b9a4ed2d99a3636fe0cfd23a40c0198aae2bb2b9e.txt,1314,a5103de4ea11c2339651a14d14c33896a9cc0dd0e93f63ee8198a9737ca10b79
extracted/bd627c7b67d42272c1718b1cf9a0cccdb8e5cc283c824df9bc65f3e83a6eb8f4.json,2339,45d68ba1dca3b315632f4cd21e60901c3545e7b5ff3ea5bf1a0b4116dcb0bb7c
extracted/bd627c7b67d42272c1718b1cf9a0cccdb8e5cc283c824df9bc65f3e83a6eb8f4.txt,1244,ae5eff1a28717f829350013b8153ede80c94f564863154bf30c6bd5ddbca1eae
extracted/bd6c40dd64216cff95a58b102223b32231fe8cd669e71fcbbfee4c15840689bd.json,2340,c67e0788b610fbcfbea976e2bbf7ae91abd9f849c8214e1e3e40305cd478ca16
extracted/bd6c40dd64216cff95a58b102223b32231fe8cd669e71fcbbfee4c15840689bd.txt,1246,58ec354225f9715c37e1e02fb88fd1787816fa8b6b8746d3bea3c73940b11195
extracted/be022c5049df17aa2b2dd2d2f840d4ad6ff2d15259941a2480ba3b0736627db0.json,2340,081dca029d50a553f894f27024097eb9411f061a3eab93664b75e524be4a42e6
extracted/be022c5049df17aa2b2dd2d2f840d4ad6ff2d15259941a2480ba3b0736627db0.txt,1252,b2d778af4a7053a7fa32814f87c6a15893f608dcc92158ec31957c4c1362fef6
extracted/be1054e9592d89e6bdf9e9841ff41185741a2545a8554b774dd16e2a1e029650.json,2339,b5ef5ad5f879388baf1fc78ece9d1d5ef6ec020a56f374428201e70a7da6d4f3
extracted/be1054e9592d89e6bdf9e9841ff41185741a2545a8554b774dd16e2a1e029650.txt,1243,a9a9d7a3819f84f4aedef1f3cbc7f1e909070c7eff957ba9023c7bffc755f71c
extracted/be73eb990202555fa004def7f9bda93ea67d8649ccb04e22460af6da0e73fc1f.json,2342,8caa91e47e5a3fcbcea7be4f58a1b8dfa206f31da07c0d3e940428dd9755cd94
extracted/be73eb990202555fa004def7f9bda93ea67d8649ccb04e22460af6da0e73fc1f.txt,1244,690919ce245162d444fb3a7a2292d8c0636497fa73749e3a80829c86fe2c60df
extracted/bec71e16314ed376658c3cdb3acdedbda25156b83503b72a69b027027cb5f98f.json,2339,516d89316efff505853ed0600c4c23b143f57a7f7e26224702a38c9d040ebea2
extracted/bec71e16314ed376658c3cdb3acdedbda25156b83503b72a69b027027cb5f98f.txt,1250,759e306f7168a7fd60d01d1ff38f087a7f4b8c345b43fb61de2c8681ea49eb70
extracted/bef4dc1a4b6ed9d9656061aaff9f71023f5a9521e89c91a82ba51a67149f06c5.json,2326,149c195812cbac91f347f34cdbf8d2006a5ddbbbf4b0067adc57fdd74e2d951d
extracted/bef4dc1a4b6ed9d9656061aaff9f71023f5a9521e89c91a82ba51a67149f06c5.txt,1225,d532b077decba4fe491747b875edb2f787c50859f55b29c9c1579151c7d8035c
extracted/c04f420b89c0f2ace8ca1ed96335a77a8281ed613ff66fb368bb5e7e7aa525b0.json,2346,4b78587f408ef7303c336bcdaa49c8b317834cc1d650c49f5e98a348b0a26d46
extracted/c04f420b89c0f2ace8ca1ed96335a77a8281ed613ff66fb368bb5e7e7aa525b0.txt,1246,a9d7b3d461890eee0e09a49d1da23b3288f2fe3c1e0d1505e20ddec4d872dc6f
extracted/c05814d0374053935693748281ad8ec9101af85097ce03fdfb89fad887a30f3d.json,2338,d76ebb4c5efbc434b23216d330f41841ac6c090d2b40b123d2a55ad724086780
extracted/c05814d0374053935693748281ad8ec9101af85097ce03fdfb89fad887a30f3d.txt,1279,04359d3d86de353d8fb31d655f0b9db9fb891844692e4d4019919720e6b1ee4a
extracted/c064d7f4c5634fe1c0c4eb1c79c826d687ffffa007f78942bc5c31d3b3a5d3bd.json,2338,7392b3c4332e732ea9311cc2a71b01dd77e736884696ce720bb240c1d4aca819
extracted/c064d7f4c5634fe1c0c4eb1c79c826d687ffffa007f78942bc5c31d3b3a5d3bd.txt,1279,cdc3a499ec158705d05987c28d9207871a5879aa12e8cc50ec1ad5be723d8f0c
extracted/c095a96e700528fe5e3ec0f054f4540a7779dfc8d8f32ae003c3ed0f9babd80a.json,2339,872b07136f71f2439728d10b118afe7dca7d1791130f935c1afc50ab48ccdc84
extracted/c095a96e700528fe5e3ec0f054f4540a7779dfc8d8f32ae003c3ed0f9babd80a.txt,1132,eaecb823cf7f4ae26a9dd24c208c997450ca0d2ae37f857a11b84333fcaa945f
extracted/c1249011bf5b177931b072eb2badd697f2bd086a794ec2320aa9f5c272f65422.json,2333,d3e2e34a10e9300a04a8f1bbfbe9916ba111ff8706052fcfee9e26509ea29f8c
extracted/c1249011bf5b177931b072eb2badd697f2bd086a794ec2320aa9f5c272f65422.txt,1245,a904415ea955fc5d52e6af0f62ca64ace2efb1547d898c66fdb0a86686ea0ed0
extracted/c1372fc9566f24e3e05f605a0cc8eeb6f0c384de3cef9f8ed8f7c48e42fc4366.json,2338,0d3fefa257e14856babe596f58c3db7bc007b132419ddf175be6403702a837e4
extracted/c1372fc9566f24e3e05f605a0cc8eeb6f0c384de3cef9f8ed8f7c48e42fc4366.txt,1248,014a02d6551e86359b9deb97b89e60284aa3a5fd730071bca37081a64f867c19
extracted/c16685ce5dc7bb96d4fc166d587ffcb767ede6d1245b8aa15a2edd3220d231bb.json,2338,cd4acce40b377211d4ac8662b83a2250a6b78eb5772beba0d7876b2bd5e8aa8f
extracted/c16685ce5dc7bb96d4fc166d587ffcb767ede6d1245b8aa15a2edd3220d231bb.txt,1248,a4f3236b14f142aa75925fea1ec6c5aa5d11ac33f95818de48b21a7b62281bff
extracted/c1a1eace17d67984424a0457ea90a8648d929c30d80254efa4819357e5ae9271.json,2346,8d2c2b3c62ae895477441b508fca2da177e588d4dcf21a73c82892d49613ecb6
extracted/c1a1eace17d67984424a0457ea90a8648d929c30d80254efa4819357e5ae9271.txt,1246,72e7175d1a79337788d977278a45169f657bd51eaafa25ba79ac2ce9c56ad30e
extracted/c1bc825762dd642241627b0583dbd30dfcd56b8d30617c83ec33acdfbf24755d.json,2335,580281b67a5545f41abbeeed24540e7e52001404b76b3c71d4ada03e9bf8b406
extracted/c1bc825762dd642241627b0583dbd30dfcd56b8d30617c83ec33acdfbf24755d.txt,1240,a012c1ae03439616e5e12453c4489e7f7cedaf91d18680d81fbf5b404210a8dc
extracted/c1dc822dfd90d546dc92cd1259b3add5974290e6239d46f930a1454cd2fd5aa7.json,2333,1696e2df2ed1f14187cbb9aa44e597903e27dc7a2cdf8d729031819d1af5f43b
extracted/c1dc822dfd90d546dc92cd1259b3add5974290e6239d46f930a1454cd2fd5aa7.txt,1245,30fbbb2f8f7086c36993f39b770abe5535b209e78871255eb0ba1fc2117f377e
extracted/c2337fc8e45bc3dc383be24ae3378c0023278be45cc2c1295f7930e412a21be0.json,2333,c8a655d7206ce95d4d3df0bb10ad766fd85ac2f0595d26014eb529dce2b3fe6a
extracted/c2337fc8e45bc3dc383be24ae3378c0023278be45cc2c1295f7930e412a21be0.txt,1240,fb8f09b377da1cac9e60af2bee93ec5f49b467b229de0c5bc59baabe0fe88641
extracted/c23be55761ead12e83860d408a0003e1716ac04167d31cb5c3acf7f83cb53aa1.json,2342,7d3ebc4b4fbb3535caa11a701944f85d05303c7ddbfdd677231e1d11c82225ef
extracted/c23be55761ead12e83860d408a0003e1716ac04167d31cb5c3acf7f83cb53aa1.txt,1314,1ec627188eab1ffa29d0205475c7f721dd885b01efe744c5c942effe25892aa9
extracted/c2646e983e3351ffd91ab480d956fe12e336eec818cdd3a1a66a0db66a4a9f5b.json,2333,eda804bc962302df03a0c07966aa654aceb10680a5016c9075e4e5138e1b449a
extracted/c2646e983e3351ffd91ab480d956fe12e336eec818cdd3a1a66a0db66a4a9f5b.txt,1241,7849e3050d4d6af3d92a8f68ff6c66b74c5e4abb7a327fa2192c1b29a133b22e
extracted/c2903c29de65a887cf5b20e0df66fa64136bbd8644d91424a6c9b04860f1b0b4.json,2325,46083cd730edb32abf34ffa1e60d0a30b23710783f3d62ab474cc04c159e9f81
extracted/c2903c29de65a887cf5b20e0df66fa64136bbd8644d91424a6c9b04860f1b0b4.txt,1240,d26087c25321409090c2f31bacd44974525c2fc614f737722222d37b3ef187b1
extracted/c29ae216acc7fc9dbc747a2886e507abcdf7ac22bf8f99a848c0046f52b54b7e.json,2342,c4679a6c6cec754841bde97945afb670f683d5be7695c072803c020664728055
extracted/c29ae216acc7fc9dbc747a2886e507abcdf7ac22bf8f99a848c0046f52b54b7e.txt,1244,b32aa184a0fbca558613a0aba7c719d0921e9b875db76077697f110de5e31fda
extracted/c4d895c9c715a0beefa750ddfed9c52c804763992af0b8fceb80ffc35e01e2a5.json,2325,90b3df21ab2cb79aaafe2ff9b575964c6c606c06017b637fa5bc666eb4cc38fc
extracted/c4d895c9c715a0beefa750ddfed9c52c804763992af0b8fceb80ffc35e01e2a5.txt,1240,48abb0b7e737f8227e7bdd620fb52d2228382fd0acd11d3e04e96a71d1bf0aca
extracted/c4e89add00b277e6a123aa5516bf2be2dba95c8777f830449451b53e9a8fbf5f.json,2339,2111f1f167583b0973e77ee73fa76342718d45344be5015204caa44ae83345cc
extracted/c4e89add00b277e6a123aa5516bf2be2dba95c8777f830449451b53e9a8fbf5f.txt,1324,722166698771616c47778ac06d171099a6bd561f626bc5e249963f73d3bb9344
extracted/c4ea609121b489717c49c1c4311ad4259b682f40f95b9a1ea466f013be3bb241.json,2339,89520303ba7bb5b8584f2dd0b7ca6699eb12f0abba48019a7de2ec96c6871099
extracted/c4ea609121b489717c49c1c4311ad4259b682f40f95b9a1ea466f013be3bb241.txt,1242,3b89fd71d4fb3c4cdbd4e0e160056322fd5cdf0d2fb3c7f4a36f502d57208c3e
extracted/c4f525601360e261c46649416545774649b48d8deb546ffedb359ab0a359facc.json,2339,3b731a87636964af3764baf6db361d0e4856ac65b901d3d15beee4424b45be74
extracted/c4f525601360e261c46649416545774649b48d8deb546ffedb359ab0a359facc.txt,1241,049dcba39bb245eba716e16f56463cc8b2395d9afc8d68b11e541f96f970d380
extracted/c4f57c99e1fefb3477b8f23e53d40b369355f9ddab0bbb8e9c35c87b09df009d.json,2337,c16d8e2deabcafdabeb7a04b38994d55314131ebc4854a50a3f99388ced9f469
extracted/c4f57c99e1fefb3477b8f23e53d40b369355f9ddab0bbb8e9c35c87b09df009d.txt,1243,89ebc8cacdda8639916822b3bcf1eeaccee1981ad0c4ab5560fb30f3a5217c29
extracted/c555955b41eaaf5cda19a6854f465158794ab8a09a65c9c274213d7a150f1839.json,2334,a3ab0d5216ee02ea784fc1d7209ff95e9ec9383f7dcd60790f688ebcd853f810
extracted/c555955b41eaaf5cda19a6854f465158794ab8a09a65c9c274213d7a150f1839.txt,1240,51451d82b0bd1b430cd6af8420378136aa5f53dceeebad7d32ed40c70e2abd24
extracted/c573004c30eb6858efff9b190004a235956c9ce6042ca8c48b482dca82398eef.json,2335,667fcdfff68e994f0a9f4f3f2fae0043251a9adfbaeb4f1dd8969ed4b2e4c1a9
extracted/c573004c30eb6858efff9b190004a235956c9ce6042ca8c48b482dca82398eef.txt,1240,6d8bff1e425f0cadcec4dcefb713205cf36ebcd0be7bcfd9ec6a2976f274da57
extracted/c57a8ac549dfa224ceb665e6305748a643e79a64f98f64967219d369ba6eefba.json,2333,9d6d1873505ec6b8762447133e402d4485568ef5d508c904ed1c7257a29cf282
extracted/c57a8ac549dfa224ceb665e6305748a643e79a64f98f64967219d369ba6eefba.txt,1332,2f1f1a42cfbd7222b7a80788995e650fada45ff1ab7aa9562bf08925b0b316d2
extracted/c5e33bd7cafa8b1077725c06b93bb4b62c4093fbbdcfad214ab191ca2aff6e3b.json,2342,0c617c7e086888f6be327fbfa4735f2120249ba89e0833a675bb062175fd443e
extracted/c5e33bd7cafa8b1077725c06b93bb4b62c4093fbbdcfad214ab191ca2aff6e3b.txt,1249,6b9cb569243df4454cb065590b719b6a2a3a590a5d834089772c097876f61e14
extracted/c660f4f3c65cf275d31bd0387de1c7273717f5cbfce14cea1773d291a70f9119.json,2334,b2d615650f2bba525165c3e93afa6459a81e91588089b341c3945e867815f55f
extracted/c660f4f3c65cf275d31bd0387de1c7273717f5cbfce14cea1773d291a70f9119.txt,1240,b39cd4632306dc9dea21c3ca2a2083c550e6c04d8df6ae6fd08fe599f7c8a1b5
extracted/c6d966aded08ad3b0ce0170dfec5c527a4362d0d0898cc04ec1a6871a0646bc2.json,2282,a97b53cf5d0be3de8da548c5295a1907513c280c63fc177b344d46ab23fb7498
extracted/c6d966aded08ad3b0ce0170dfec5c527a4362d0d0898cc04ec1a6871a0646bc2.txt,1173,ab58cbc69fd4f05b6d74d3d9882be471271a6b746f3ff71e3f2d59ad9e62db86
extracted/c7b7a53edda1499eaffdf9f05167cbda4a9e78ec2d2b39a3b1bfe0661ee8d198.json,2283,99ff1b732e73343b5393f52e53932481ac7f2cafc4fcb527545660fd2457062c
extracted/c7b7a53edda1499eaffdf9f05167cbda4a9e78ec2d2b39a3b1bfe0661ee8d198.txt,1174,c6c9a5fcc49bcd3e84357923d4eeab4aa0255d892b9aaf51cbeb3492b11291b1
extracted/c8d10d15d582bb33e8b3f366b15a59f7027b42af432097fd8a67c8b18bcc1f71.json,2334,975b11f1688c72d4c8da300784aeeff97a68f8223363eaae8f70216488cbe381
extracted/c8d10d15d582bb33e8b3f366b15a59f7027b42af432097fd8a67c8b18bcc1f71.txt,1238,d17344f51bd8c823b2cacf969e887c560a6c3b8885981587312092a3c4a186df
extracted/c90f27d2d445b541073d6c83937dd6e702ed3c8e77567e39550600b2ae34a11d.json,2333,ad5803f85acc1a4930d18bd1e5ebd8e3fa875d1e847fcf0c4a920d4b69a55cf9
extracted/c90f27d2d445b541073d6c83937dd6e702ed3c8e77567e39550600b2ae34a11d.txt,1232,359f8a489411bcc8346b847c5c87fe7f947a6ad8aea40b81342d79ac699cc05c
extracted/c95955b4265aa30865915ebf8363356d7408a41d5c816032a02227a59f1e6019.json,2335,b4f6484548963f92261e79da1c35613f5744b8deec2904188eb5e80e8914b3bd
extracted/c95955b4265aa30865915ebf8363356d7408a41d5c816032a02227a59f1e6019.txt,1244,957113260c0a2e20ff8d6c3d11c6ac5c7acb6df2ec683fd7058d8eed2ebaec30
extracted/c963cdb0f1717a153beeeeaff3c3d54104ddf38571b2373ce7d5d1b8c461f118.json,2334,7a3de6fc769338b9be56c9847a48adb5d0d5bdbd15f7b305e15cf49d5ed7a552
extracted/c963cdb0f1717a153beeeeaff3c3d54104ddf38571b2373ce7d5d1b8c461f118.txt,1245,06889533bfe4ed4d4c28f9fd942c49f5c3d7574839651459807bedb32534a582
extracted/c9a80882d4cf623dc2ecd572f37a1a4ee4b633107acb6523694925ddb75c51b2.json,2335,1691e9e639230ee576295da56cb8759a410edfc8a16e3fbc8c14700638bfcff6
extracted/c9a80882d4cf623dc2ecd572f37a1a4ee4b633107acb6523694925ddb75c51b2.txt,1244,53eeea022d54944984094a7c5e28dff77598416c1e29ee5b9624b8643857b78e
extracted/c9b9eed85873308e2fff56f1edb107634c5b2979eaf63796ca8e061bcb9836c1.json,2337,34d3c52d5285e1d7dcaee1b6799e2c66440969b80784585a8ca4e2cb8f5b6944
extracted/c9b9eed85873308e2fff56f1edb107634c5b2979eaf63796ca8e061bcb9836c1.txt,1243,be7aadce9e875c02477bfd2cd2fe2649de0b6c6a95860829cd13dc73df20fcbd
extracted/c9df9f7a8e298a046d10279b56e6646817aaab5d71fd08035166a6c1e2f6d8bb.json,2333,2810f4fde914810b95b1996a48dbe52b9f6eaade42f8d403fc00edc5b2c26605
extracted/c9df9f7a8e298a046d10279b56e6646817aaab5d71fd08035166a6c1e2f6d8bb.txt,1232,7e4bf35d8c1995df76f43d2cabe2c1fa6a22a5916cbefb9b8650dc0afd113956
extracted/cb2774bfa62b1fd1a81974662269d53693eab7c007e08beac1ce37820cbaf95f.json,2338,3c8105aa054f0dab72f24a84ca2c26b1971fd6406c57b1b54035ecd1268a272f
extracted/cb2774bfa62b1fd1a81974662269d53693eab7c007e08beac1ce37820cbaf95f.txt,1231,e5301068cfcd9e501d4a6e9eb0aa246a95f172393ada9c46947b346d7f4c9313
extracted/cbc182e3f9acfe171747e2d3e70ddca1aac9c4ee10b252c04c0b19169548002d.json,2334,1cb16b07fa61d1c2389a8b2a4f09ae6a792d12f2d65bafccce512281e5234934
extracted/cbc182e3f9acfe171747e2d3e70ddca1aac9c4ee10b252c04c0b19169548002d.txt,1240,2a48a055113f916e55c142891dbe082b7d58093dbd2095faf925a7422093c0d8
extracted/cbcd5773959cf03ad0114934bcd8505a59b2986792614840c69eba91091231d6.json,2340,b1e13d5b2d697ea5c39f86b963e1b3538e70086b3a826025d3071ab68ad0c77e
extracted/cbcd5773959cf03ad0114934bcd8505a59b2986792614840c69eba91091231d6.txt,1256,ad9e45ccf149c924a44f60fe5e348e3ea40cb37eb7dfb0c6c71b51aadc8a3da1
extracted/cbda370d705a882686af71b74d47674ef7932b79ac01b22b51b92955c4d1f5a0.json,2337,b6de012dd1a0524e94444b203e267ec529ad4d18a36aa4db620516c645242a92
extracted/cbda370d705a882686af71b74d47674ef7932b79ac01b22b51b92955c4d1f5a0.txt,1246,80b74a48cfcde92c8186386edb78762ecfff32085dc36bb70e135bb946d544c3
extracted/cbde9abc9ac3e156bbf1396a363408e18486bb92802fb78fe85837ea7d84bacd.json,2331,bc908749e19028b3ff01da9690eee2abb10ad61bd1c956e412ef70d90992e886
extracted/cbde9abc9ac3e156bbf1396a363408e18486bb92802fb78fe85837ea7d84bacd.txt,1319,8b6de6c0ac35af3f18f69bae7d55f61a83659798e41d733586463619a55cbb0a
extracted/cc0ac81f43d9d8fe4129b91410272a0a797fcfeea1bbe108407d48eec97b4549.json,2333,c99ecb294b2c14fb71040fa9f9476b9ff8e90c4413adfc6a2e46212a2e7668fd
extracted/cc0ac81f43d9d8fe4129b91410272a0a797fcfeea1bbe108407d48eec97b4549.txt,1245,4f9779f06930d8dd9b105066f9fe5441d4c7fed1af77ab46460c596ddc560ba6
extracted/cc4e4d5ac0eb84264ac6699f85cb540069b99f2c6e5f98920b10e0de2be0682a.json,2338,6b5b54534b5e2a9fc062bfb2ed2a123d543f1abc113edd3ce5bc995196e93d3b
extracted/cc4e4d5ac0eb84264ac6699f85cb540069b99f2c6e5f98920b10e0de2be0682a.txt,1279,72dafef8240e62c4987781fabafeaa79113c9d65a856cad7b363d470c6aa1f44
extracted/cd34285b9fd2960b510909573a5dc411a0e5b02e19158fa0ec5416c96a0e05fc.json,2335,86f2bb21325c8eaa82e2c1c514c78867b51a5ef3df996edd95d6b5ca03cdf501
extracted/cd34285b9fd2960b510909573a5dc411a0e5b02e19158fa0ec5416c96a0e05fc.txt,1243,9c35235c2300caf918b497b04e4287eaaea9e8d6ea0ad45bdc1d937daa53b2ac
extracted/cd663bb9b413a965d9796a4b2b3dd97f4cef76fd023472a93de6dfaa60b592fb.json,2337,3b4779f45e49dbcd9d3845f824e961fc1a59fda797889b11b75a10bf60c49d19
extracted/cd663bb9b413a965d9796a4b2b3dd97f4cef76fd023472a93de6dfaa60b592fb.txt,1242,bdba5863f700f79cca2101820d806f3e39ceb450eb1cc7910b46a11ac45f2b45
extracted/cd6ba1bb16efd1a2a0abcae3e955a08784a4ab71faf5b10d3074f065261bbd1a.json,2336,e61ad4cb94d5f2428a218c6e272e45a03e31e50b9d92f2e1d227d6698e14a3bd
extracted/cd6ba1bb16efd1a2a0abcae3e955a08784a4ab71faf5b10d3074f065261bbd1a.txt,1246,3185b8b33c1c926d1c0f929343d42ac9e3e07d53817559ba9daecc64ffb63a00
extracted/cdafae5c9d4824ec460f649b9cc326174e39b6e3f602463ce024c52d427a5984.json,2342,a0d071fe33e378b9f12da001463504f9122d5248301e8f32a0b68491cc3e8788
extracted/cdafae5c9d4824ec460f649b9cc326174e39b6e3f602463ce024c52d427a5984.txt,1243,08ff58463e3ecae36067852802ef35246c931bee8e0ef0ba04e2536c86816f2f
extracted/ce2d7dc75902cb92b95afa5d9b2e3e97ddb6704dcb27204dbe44dc8c8a96f662.json,2338,ea3db759dfb78008755c326827013eb8bcbc415be1d10efb54c03191eaedf687
extracted/ce2d7dc75902cb92b95afa5d9b2e3e97ddb6704dcb27204dbe44dc8c8a96f662.txt,1325,ead9eae1afe49860d1c59e9d08c3b19f4aa341aff5cc450bf7d373e7a2973700
extracted/cea11ac31863192380e624810e66793045e9cee6186e355dc059e41b27104195.json,2338,d33b565354b329b834ea0b1bafd932b88bd7eb26823e7c10fa25f5191567f203
extracted/cea11ac31863192380e624810e66793045e9cee6186e355dc059e41b27104195.txt,1269,47a08a40aebabc171a4e13cc88fbb660a7e84175ab97336364f32ee406b0197c
extracted/cec84306c64bb78e5a76c476c15ff3d53aff0314d8f486152fa224e73e6722c7.json,2337,2e3485a7b41813e356ae6abd4d79c18a2d95bb7fe48978700b0c7f9c5a71ed65
extracted/cec84306c64bb78e5a76c476c15ff3d53aff0314d8f486152fa224e73e6722c7.txt,1243,c2168b3c0bd41fa4ed573c8c356f4ee2b3c3e69f548444506bddb666701660c9
extracted/cf015191b39f1c75aa3ddb48f54f06681d83722b9c82e9981df8eb382ea14f49.json,2342,17156ff5d187dcbb0cfd51204292ece58bfc6972c2706291a85120be47d3fb8f
extracted/cf015191b39f1c75aa3ddb48f54f06681d83722b9c82e9981df8eb382ea14f49.txt,1249,57da874ea0c35340767c1208c261eff2990d18c0870d0da2af95997fa21330ff
extracted/cf077d1d016ee7e73d4246e683e26254faa757180fca8b72cf18c6821c6008fe.json,2339,50df8bb16f324a8917d0a15c854105fd472f258cc90d89f04717826381bb5372
extracted/cf077d1d016ee7e73d4246e683e26254faa757180fca8b72cf18c6821c6008fe.txt,1324,f9d6692de9a168f835559c04331da2ac9a87f29ccbf65815ee5f678ad21687ff
extracted/cf49b05f20061c68812f26ca8b4f1bbc93d26dc98268ab1b8f412aca866e186b.json,2338,5f46fe526581b5aa4e9f3f706b2786f865a2d0584f54301df009b5536b69670c
extracted/cf49b05f20061c68812f26ca8b4f1bbc93d26dc98268ab1b8f412aca866e186b.txt,1254,a12f6462f1ea7f7f3f8505d9bcec82d1d051af6794586d1f5cde40278e64f577
extracted/cfac12fa4b1c36b206b82cfc99f0fa79d3a419458de8da44641f56cd72bd5b6e.json,2338,cdc634059b146bce98cad598b656a2745b752429ab73046aa03d9eeb713ab978
extracted/cfac12fa4b1c36b206b82cfc99f0fa79d3a419458de8da44641f56cd72bd5b6e.txt,1319,a77d2df087bdec6daaf3fa78f07ccc1930fa1461fb2b38b3185110721e570b66
extracted/cfb7a27384a0c0db8dba73e4e6f7cefef51f0243899cef381513b5df33eb82d3.json,2345,6fb67c38d49d2577abdebc8b5f4512b8242a2b22512462b81d50a12a0bf1bb52
extracted/cfb7a27384a0c0db8dba73e4e6f7cefef51f0243899cef381513b5df33eb82d3.txt,1246,aabd2aaa26852d985dc1001b8b03e1aa099958980810991c0de4079f09199849
extracted/d01d322d560534f71801cd3b5fbf57e3b166a74419b5d9f6b0c92916b897ecc4.json,2338,d84dec3eb7e5ed5108a714d3b5684b3b7d1cfa61e9707cb4508bb343b7ca51ba
extracted/d01d322d560534f71801cd3b5fbf57e3b166a74419b5d9f6b0c92916b897ecc4.txt,1248,45d2e842b813d55adcddfa6fe02032c207f83a4831da49c65b9bfbdd27c6b559
extracted/d0582b775e0bd4a3b87ab5fe130592083fe9bc4c499887bcf825ad4c0d1cc79b.json,2335,39d0e486ecf6763a8a31085c6d530cc0157ca732a4fd64763c1e15b2390e3198
extracted/d0582b775e0bd4a3b87ab5fe130592083fe9bc4c499887bcf825ad4c0d1cc79b.txt,1343,51d391d182959aa0d4837428c7764d359dbbfdb7e1f7bd5d0f8a11deb09ac6fe
extracted/d0597f76a25a0ac3ce987f4608596e2f8db86b2d580e4e8fc668bbdfc84715e9.json,2339,8c9c5881016749df778c74d7a84e937149b4f749fe1777e97540b7ee597217b6
extracted/d0597f76a25a0ac3ce987f4608596e2f8db86b2d580e4e8fc668bbdfc84715e9.txt,1242,32343ca926ab9cb0a3c74ce449b76c23bfa15f40f364e07caef6365973becb77
extracted/d08088adc8bc4d8544f83ab80ddb48a8f3bd448d89b433915f1d2652a71fd603.json,2333,5b5085c8bbf0edeebf7db2337b0d31132e22e5dd2d398d7adbf9139a16b58879
extracted/d08088adc8bc4d8544f83ab80ddb48a8f3bd448d89b433915f1d2652a71fd603.txt,1241,2cacd01020ab77f733b8f19b5b35e1a4955bde4dec56b7155cad58f47ea44b51
extracted/d1148e2a101ead3abdbf9cbe4e600bc4fc9759443a90d99dda9d952cc769d1a9.json,2333,e522c4507fed4a3cc3a3f2855ae1ad2651e569dbce16f55288453d023577d685
extracted/d1148e2a101ead3abdbf9cbe4e600bc4fc9759443a90d99dda9d952cc769d1a9.txt,1242,44c953bb6d59d830385658b26d60f219e64800d0433df87c8cfb8b33eadb761d
extracted/d1282157d9b959e4b023215edc64fac588a59c0e90bcacf842107fe3d6b6e54c.json,2339,95146c00ec3c6f0e8d4f91c1e6cdab907f8140d069949518a485d969378b9097
extracted/d1282157d9b959e4b023215edc64fac588a59c0e90bcacf842107fe3d6b6e54c.txt,1252,a1bd4ebb26ac08f3109e2e58ea0c6e5311fff6d893f761022063d626158ca30b
extracted/d12bba0e3624f2dc8691fd3d162ab312df03cfc7823545deb5a6a0b3ebe3ec03.json,2338,36345482753d1a89de90d31c540d09d1d8b963e84b4030df42d29f920c7e5046
extracted/d12bba0e3624f2dc8691fd3d162ab312df03cfc7823545deb5a6a0b3ebe3ec03.txt,1242,8ef72c362d8efc5f82a69f34a395383cdd7a99159b47f0de83da182237ff0bfb
extracted/d16dfb31beb672a461d1993eb279e262c651783e32d499fb0183af77cacb5110.json,2333,beb0b9f48ee7fc5b98b109fc34964ba8dcd1e64f18a27ff81a17d19e2ca9ca28
extracted/d16dfb31beb672a461d1993eb279e262c651783e32d499fb0183af77cacb5110.txt,1245,abc25740de925987b0cab5dc3cf35c8d6509ab06e489879498728795b5193c29
extracted/d1d92cec78f6ec9642c685d49fda458516afbab6b17b054cf13a8e1928289f78.json,2328,f9098c51048f95e287d423862898a0d15b21f98bb6aacf1bc6ae25bcd80b0766
extracted/d1d92cec78f6ec9642c685d49fda458516afbab6b17b054cf13a8e1928289f78.txt,1249,b1446b3aa5983be13c2a51efd36861f53a2b68ffbb5791b06c337cd834dabf77
extracted/d251bead1885b887778f713be4d6b95ddd1b17ba566605df3d4eed9d16938633.json,2328,55491e5e62a5686938d83b033060b1bf5aa92ce5abccfe028cbc087358ab6282
extracted/d251bead1885b887778f713be4d6b95ddd1b17ba566605df3d4eed9d16938633.txt,1225,5b2ae3f89bf08ab6da0227179d4c51313f7571cbcc2bc9056774d1a735587188
extracted/d273603bb6050b84e20f3ff9279ea253ea264b41574bcfea5d4c955b357b2744.json,2337,0bc82b0c1ce4faab99ca72073d4a019cef6e9d3cbb6b4704a8ed00356145c5f0
extracted/d273603bb6050b84e20f3ff9279ea253ea264b41574bcfea5d4c955b357b2744.txt,1240,fdddbdab8d1e7a7d5927815e89c93faf94ee49f3efb937d1ea3973d13773a6b1
extracted/d27519530d573a24a79f9084cb9ef0e6f76d621526fe926cc4f95e8f7659acfb.json,2280,78207a09168fee06221f1a45495074625f8dd7f3bf91cd409cff4715e079ed44
extracted/d27519530d573a24a79f9084cb9ef0e6f76d621526fe926cc4f95e8f7659acfb.txt,1150,ffd5f9324208605ee8d5431f09a201d13e0de3086a467335582920584d2304dc
extracted/d284f2e434610c8acf4c0c296ae899677ba88c87df6a69c34dd2f0dc346544fb.json,2336,ed1f961a10d0e5a0a69e615058426ecfbb0a1192610cd9d4da46ceca1d21bfec
extracted/d284f2e434610c8acf4c0c296ae899677ba88c87df6a69c34dd2f0dc346544fb.txt,1325,66c6536051be89bd5a25d7bf9e28d9e3e6332ff65fbab6a1fc8dc3010b0e1c72
extracted/d31fd8564cb1b32cbd088451fb27cc2e101b38529b1b9766f5da8b8128003b98.json,2335,9c7b61e7ee653989cb7f7c883dc7c7df4d48a45dab0f080eb5a5743d2f9533e8
extracted/d31fd8564cb1b32cbd088451fb27cc2e101b38529b1b9766f5da8b8128003b98.txt,1244,7bef00d4213201937192c463857468f97950b11c9a01c11cc943201052944ef4
extracted/d3dc7cc848fa627ca35f7abffa5d6d85876ab39fb797b3b96c87f760a6d8e533.json,2339,1c471ef604261e3e3238cf85e8fb8ff8c2ecc9bb41d536cba110083bfd75239a
extracted/d3dc7cc848fa627ca35f7abffa5d6d85876ab39fb797b3b96c87f760a6d8e533.txt,1248,cde665a6fdf7d45a8db729eb6b806dbcc1c6fbc0780a6487ecdf7caaa7bb4760
extracted/d41b33f5bf1a63de18fcc42daddc0754f170410211a4e540013fd338712036a8.json,2336,4e87e9fc42ad52e4e15fbe6d6c4e3bfb822de8c00df38198b1aa03cdfd04776a
extracted/d41b33f5bf1a63de18fcc42daddc0754f170410211a4e540013fd338712036a8.txt,1324,cddda74621b2bbe729275fe9c6a4b35a115ddca19ba3127fe795f235178364ce
extracted/d44e1de2c9757cb3acbacf8f6cb512f544aefc6d5aa7c433b243fc5fed3c1253.json,2335,ffd54637fc5d3d5fdeb509e5fc2c7290b75186c84f0f6f6b0e8b17d10f9c8803
extracted/d44e1de2c9757cb3acbacf8f6cb512f544aefc6d5aa7c433b243fc5fed3c1253.txt,1253,9f726a538c302037e1cb2f2a7123131d0ebd2e0f4a467e488fddfd48e6ac00b8
extracted/d4558e1c89d31171caf5b22e21245b923bb99dde335c1707c76f2deb1a21bdd2.json,2340,66a3233b2d48afd1c6d448a6d6119bfbaa9dce9977efa723f1d9cd2f018ef445
extracted/d4558e1c89d31171caf5b22e21245b923bb99dde335c1707c76f2deb1a21bdd2.txt,1244,6e5627117312c125abc673b11ff36d968c009291c3a4564819f300915acb6b1c
extracted/d4f496295daedb17c707e4ae1043f2652899645ffb6c8ecbae054e729ce17a55.json,2339,38ec46363b1818e9ad58b719626c0b938d6c2ac13ac674224b6b198a25b92d0c
extracted/d4f496295daedb17c707e4ae1043f2652899645ffb6c8ecbae054e729ce17a55.txt,1324,cb0a5090f29f9d988c4ac18ea28d3f07326c2744ee47959eb6d7c12dbec72b3b
extracted/d4f5a91121531f873b89649f443adcba7dc95b13db5d9e41289081d82415af09.json,2340,afdd5a8510d1f245d0fae3a3881034aa1586eeedb3f352d5f95590fa3a849e93
extracted/d4f5a91121531f873b89649f443adcba7dc95b13db5d9e41289081d82415af09.txt,1243,d669544dfaa50aec3cf65e2c38cf6faae839285e2bfb0bc1dcc7053ebc5fddce
extracted/d5a86aa391bc0e3de72acd6f4bb0df7565b8a118d1cb07d789b010720270f09a.json,2340,f3c8962b84a068a2285ac56438860c9863823c17cfed12c1aa3e873584f9e8c7
extracted/d5a86aa391bc0e3de72acd6f4bb0df7565b8a118d1cb07d789b010720270f09a.txt,1247,98fd35e8d9d5e075edfe2db55e346759b76641ffcc98897adf36deed7c3d60af
extracted/d5da2d2fccbb021107f92655e0bdc702dc75b39e7effc29cd435cd80f95b3cd6.json,2335,db98600dc5c1041866d84305bcaa7bc216f533d3872ecb8ab83127254af00143
extracted/d5da2d2fccbb021107f92655e0bdc702dc75b39e7effc29cd435cd80f95b3cd6.txt,1238,fc9f1e67a45acef17a7609404e4c32b41e8a6309061afcb1cad3bd61ab9d5baa
extracted/d6b3735bfd7500c769052d00bfe29a54087f64dd1bd0db5372aef5a8e1e2125a.json,2334,7e0902167126376235511b334c820d64348065c838bd01fb1038679dc40009ff
extracted/d6b3735bfd7500c769052d00bfe29a54087f64dd1bd0db5372aef5a8e1e2125a.txt,1245,b2fefde89c80593cf6e4afc03c7f3355a35b075715e28c7c4e3d782c9f3a57da
extracted/d6fd7d172378c035e63952672fd424827e8a2ddb555c24fa57f7b3a541c918d7.json,2342,6cba969ba695bca187e4f5b8b1ea13c1c9c2b2a07d7e9d5a4bcb134fe2f20dec
extracted/d6fd7d172378c035e63952672fd424827e8a2ddb555c24fa57f7b3a541c918d7.txt,1244,bde4a946955d48edbfff47efbf67b7c6b042bb264758618e3a04c416c0874938
extracted/d7402da4e7327f5c58a886d3da6805161a726e4135d900a7d7b365b51e471b78.json,2340,64b035909c187f46dd8107edcd137f150cd621285b6b5eb13423fa975e982e69
extracted/d7402da4e7327f5c58a886d3da6805161a726e4135d900a7d7b365b51e471b78.txt,1248,63b79a9e69ed3da2461972ff6639346be636e4b6749b14546b4e4e248f4b75c6
extracted/d792a0293ff020bed8d15f35a4398c154fa4a4d8920b877dd93d97867e379d6b.json,2336,ad9da9663d9ff17eb565b600b1daf740fba746d679353e85da9e10581695a119
extracted/d792a0293ff020bed8d15f35a4398c154fa4a4d8920b877dd93d97867e379d6b.txt,1240,997f357de68c1210a192e759f96f4fd9c79d0ab87aff6316fad4bfd81da1b697
extracted/d7dee9f9cace9b74a554319f26cfb3f89989225736334c09f2b482878adc16b5.json,2339,0fa90ae0edea5b339296b2295f09aca48b918fe5cca22021cd050194e75e333f
extracted/d7dee9f9cace9b74a554319f26cfb3f89989225736334c09f2b482878adc16b5.txt,1243,d44f9d429130cc8623e3064d6f1d15d83ec2cb04e36522d188a59f08bf88e20b
extracted/d7ee1ca87fc582aaea603ddf22825502bfabdac80b49f02192bcea24f1180b7c.json,2340,ad42c33bed71277d0a2af40e3a3514ab1af54d45d55c826de8a0ea2c798140f2
extracted/d7ee1ca87fc582aaea603ddf22825502bfabdac80b49f02192bcea24f1180b7c.txt,1257,9148ade1ac0bee3035777758b6f6730bd19104cc88b98466f16756fe0d186b44
extracted/d86f12e3c3814ef255b3b16b4e00b39c2ffba1fb284a2c280432fa089e68fa55.json,2339,5605b4ab91a0480f3a3357fef2a60637a8e5feab20749dc5e2a121ece1c121eb
extracted/d86f12e3c3814ef255b3b16b4e00b39c2ffba1fb284a2c280432fa089e68fa55.txt,1242,aed487a5dd8a5f3f28012f45c8053a9611488e903220d15b123e6f0b4e1e466b
extracted/da16540b71ae6f170c98c4e044e4a97e594b2d0f2aa70e11a8a3855744617389.json,2328,6ddfd1eeeec12581abeec5b67962df228be60b8f7ede3d588fedb9bf2e7fb6ab
extracted/da16540b71ae6f170c98c4e044e4a97e594b2d0f2aa70e11a8a3855744617389.txt,1249,b3262ae1bcc6a3a775b7e0698bb6e5ce8142f920d01a0c449845daa9ea654ab2
extracted/da1a20f7cc057979196eb715d4d2be9abbd481828197d154ded89d5762517f96.json,2340,365ee3b461fbc0c729c828ad8d690709ba79f57f6aa266336702af58b9d6ccdb
extracted/da1a20f7cc057979196eb715d4d2be9abbd481828197d154ded89d5762517f96.txt,1245,51be595407040e5f1666091297e66a4c6d9d065971a8441096b9ce9874f34976
extracted/da700f7a871bcf48cfaa56c35005df3aa2e79bebd94281528349ee84ba3890bd.json,2337,57dc8a989273aad40f0ab259132410a2187dc646fbadd291be272138987406a0
extracted/da700f7a871bcf48cfaa56c35005df3aa2e79bebd94281528349ee84ba3890bd.txt,1279,1148d71ccb4a54a75f9c1c6ccdda46ea0d32dc0b69cd4e04e765fb59f4e855e4
extracted/db483510daa476df9e2a9b745993d7e3b304dbf0f9eb56c39f71d9952dacacbe.json,2336,95e9a436857cf100b4b97d44ecd7da35dc314393df2a82a9eea18dd2f0e86340
extracted/db483510daa476df9e2a9b745993d7e3b304dbf0f9eb56c39f71d9952dacacbe.txt,1329,c3c9062b1783d7196f08542e4dd6d937c96c90204e85419c35c929e6d5c8b995
extracted/dc2e346da61c5ac93d53b118dadbeb1de43957aa0085ecbf31e3a5649068e951.json,2332,7bc9f07b7f358af87852b88ce580c57f5aac0e03ec5e0debb8066ad12b1bfcce
extracted/dc2e346da61c5ac93d53b118dadbeb1de43957aa0085ecbf31e3a5649068e951.txt,1242,a77c35391135250a473a73e2a7d7af35b7c60927a99191c073b580f7ac722c5a
extracted/dc81b4356119ad452b9081e3b446fe3040744184f042737b6bc66a7081512f6e.json,2340,2f3c3f5364c11fc4e31c1210605145ef7e31dbc5ef00e28550fc3ff577ab32bc
extracted/dc81b4356119ad452b9081e3b446fe3040744184f042737b6bc66a7081512f6e.txt,1242,876bdb7b3ef6eeea860f3c916acf8f2a975717472bb11fd708ccc41b154ae285
extracted/dc8fa0495d4c196b335a4fb10eea3a48f7643913dcf764e2173ebcdbbf7b5b29.json,2326,8494ea4306e60d56d9d7f377f9170cce35ecbff24c878e669cd3261f140a930d
extracted/dc8fa0495d4c196b335a4fb10eea3a48f7643913dcf764e2173ebcdbbf7b5b29.txt,1223,bb7a98a4e03d183b5885e68eeda3434406f78e93d9bdb6cab543fd4338445382
extracted/dcb63428fc21ba3f6b1a115aceba959f892c491de871cc1976889d546485b49f.json,2337,7e1075b623d126ccd3daa4ca77ec02475f1d6ee036aba007796dec5addcef3aa
extracted/dcb63428fc21ba3f6b1a115aceba959f892c491de871cc1976889d546485b49f.txt,1244,961029c5e326a0f3fe5e8060c7661942d13fa37e2b0dd26644bc228e203837fd
extracted/dd0e54d32dcaa4c5b37c62d3b67a8e526f372bd52d1af52ea57aacb3393c28a8.json,2338,711faab7dc647cbc5472b4cab67fa183134c3e247673ccd891aa465a519abca4
extracted/dd0e54d32dcaa4c5b37c62d3b67a8e526f372bd52d1af52ea57aacb3393c28a8.txt,1246,2472bee1adfe6d95f278a8e292cfb1430d1a8a18668e3fb4868a74d15b9fd493
extracted/dd26dba78f9809cb01bf1e000c51e8b0f4065fc8a72dfb73131c9dbb61b94ad7.json,2337,30f9c02724491090b929185d9f15176d972ff456ca4052ae6e65c8ac46cda9f0
extracted/dd26dba78f9809cb01bf1e000c51e8b0f4065fc8a72dfb73131c9dbb61b94ad7.txt,1218,07f86742757521ccc6367578894c3f62b271275ea85288271cfca38efc7bf62b
extracted/dd6b06306552455d7601378b9ffb34e3a5fdb7eae5821d377a6bbf57d4032d3d.json,2343,d98e09851b0d7e6b907341dc56e7dcc56bb53871a3f861074a55bcc7a21dea0e
extracted/dd6b06306552455d7601378b9ffb34e3a5fdb7eae5821d377a6bbf57d4032d3d.txt,1248,73158b6e8d65d5ec93f0a74639ac90cae1a0b16a32c4719e9a4369f6af07e1aa
extracted/dd6f582e59c99c38710cc9486c1de9a7f3f5e297fa1bb73d272be8aafcedd3c5.json,2340,121a3de9e98093cdcbc87f7be2037451339b81442671f3cc409412adb54c4e46
extracted/dd6f582e59c99c38710cc9486c1de9a7f3f5e297fa1bb73d272be8aafcedd3c5.txt,1252,19ffb5a41a1eb3ecbd4c33ae742d0ffc05ee101dc8a417a5c38c8570c2a66516
extracted/ddb88e32925d8a06ce021e7b77470c8be38e4191d765c5167ee6d346d39fe245.json,2336,30ead204526a02013324ed9caf4339196f2adfeb044b26eb159aae55262b0842
extracted/ddb88e32925d8a06ce021e7b77470c8be38e4191d765c5167ee6d346d39fe245.txt,1246,54a2b86de9748aeb981932b8683712a6a9182e2203d9a253680a1df7abda50cf
extracted/de0cef5b50d7238abe35488aeea1b18cb20a256fff6fd8756aa050fdd36673be.json,2278,e0c401f5d7277dbb4f23840ea085d36f80c7d9bb98786b8cce95ae85a8998c30
extracted/de0cef5b50d7238abe35488aeea1b18cb20a256fff6fd8756aa050fdd36673be.txt,1092,73ad35910a9ef9c6cf59135bc5f8f25ef5339dc245394e0b46e3c2d101a9d550
extracted/de9febf3111b7884aa41674c1ad1eb361a68e41cdc5e75011ce508d242ff32a5.json,2339,2f3ea9e637b1cf4ecc98b4b957a093d5551ff8f24098c46873ebf9f137338e53
extracted/de9febf3111b7884aa41674c1ad1eb361a68e41cdc5e75011ce508d242ff32a5.txt,1316,51321d9eb7d8446a5666c4f253c67be92d40cccbfb18aac7f80a82c6a527450c
extracted/ded9a35e3be291a3a261e47302e5ce8094af6d640e3388941364ea1b6745c802.json,2280,32dfaa7dedce67e987e902b0c759572172353e01901fc3079cd273e3aba3759b
extracted/ded9a35e3be291a3a261e47302e5ce8094af6d640e3388941364ea1b6745c802.txt,1144,ed497ee54e51ef52a9b0405c82bb95389898defa008cf28038ebeadcec0180cc
extracted/df37806ee59a39d3f92f3aac4fff8bf2d2f4708e369264e27a2c94cd8ce58034.json,2338,ce3b7c0515a5fd6c24c3749f53fa355e12aa39d3284f665c1da49c13245f84e1
extracted/df37806ee59a39d3f92f3aac4fff8bf2d2f4708e369264e27a2c94cd8ce58034.txt,1250,dbeda65e61e5475cd03f7888e5a4cfef2c3ca3e2216e7990e2b7dd6341deb27c
extracted/df4ec722492779fb8c6d143f5c64f32dfecde86bf8aef374aa353ec02abbbd3f.json,2337,0c69b0b141471ce5fbb0f7a7cc92e8f49599a5d04d26a60cc6bf77b5bfedde36
extracted/df4ec722492779fb8c6d143f5c64f32dfecde86bf8aef374aa353ec02abbbd3f.txt,1250,e35d6e3554c4480323ec8febf4f1cc0bbf9e068e7eb8a9242f5b1d3ca0ec7b18
extracted/df63e2fc545f7fec3cdf7830488b566781f213e03029960ca7b9c6affb841d5f.json,2328,6482783bd733e9449c0c27ed6f38cc8121249cd2f9eb4fb242d012570f95d021
extracted/df63e2fc545f7fec3cdf7830488b566781f213e03029960ca7b9c6affb841d5f.txt,1249,2ce08c630209edc20537209f55584dc4ff2b54d37d692960d68b4c0b4f0ef3a2
extracted/df78c9a3660fb3dcd034a1c56d28b6c8125ed5a1fac8afd8397f0941fb364914.json,2337,a7d7b6191bb489d84e694214fbc9024d0c366b841cf44448bbcd0209b56cb498
extracted/df78c9a3660fb3dcd034a1c56d28b6c8125ed5a1fac8afd8397f0941fb364914.txt,1279,08eeb08c22ed57cf1e549cc15a78e9d02b242ff415219a020b01bac5ac8ca68f
extracted/df8d60f572afe98a039aae609b9f1c80b72cc3904a55a8cab3ad86e460c6cdee.json,2280,83c2e6145c9aa91638426c915d5cfbedf0ae200fa4e31b23aa67bfe20099d47a
extracted/df8d60f572afe98a039aae609b9f1c80b72cc3904a55a8cab3ad86e460c6cdee.txt,1150,7ac1bd590609cecaa7b44d6d9f45fc608577e31541637aa3fdd5ffaf534c0603
extracted/e02ed44cb34dc8ad2982c4c2746db60706862527191c3e852d04f2c16865e5e5.json,2324,961583c36acae366c02828114d9c55ee5f2d5942cd1b9bfeb72c121f8f027fd5
extracted/e02ed44cb34dc8ad2982c4c2746db60706862527191c3e852d04f2c16865e5e5.txt,1225,fc63fa1b46ad15a67af8ffb208ef57bc97d255f71d2e69df662af3aac88b538b
extracted/e052e7b48b5483f4010115da0b99491b50363d7d9cc66a63316419acd2c2f621.json,2340,53a55f9e47cc885dbc1de281830eee8639447985ddf6e2adc53710c9abae1d50
extracted/e052e7b48b5483f4010115da0b99491b50363d7d9cc66a63316419acd2c2f621.txt,1242,2cd7b8632bfb5c4a64e7e28b26d29dd36e634b12efd32e7930a000213f5c0a11
extracted/e0cffb9daa9350795220361f95dc5718ba8665cc85061c4a4a4001951c9c9ed9.json,2333,024c38d3e3102077def10aae7bb8537d89fb8808e3efff246650c1a1bfa924c2
extracted/e0cffb9daa9350795220361f95dc5718ba8665cc85061c4a4a4001951c9c9ed9.txt,1245,d34edf97d70ea39c97d937ae30a2b38f2445a37d4e542d8fa4aa0f228a01bf52
extracted/e0fcee7aad0bb97b14185a39b9be20aadb5598262ebf0b9c0df12390f0706cf3.json,2336,df0d8228b19e65af829c4255f5c39def99919092afb6858cc3c8a9bb6ddea08e
extracted/e0fcee7aad0bb97b14185a39b9be20aadb5598262ebf0b9c0df12390f0706cf3.txt,1324,04002aec891a4e06f070819435c4c1f1f54a07063b76e0cf44cc50d12dc60ea5
extracted/e21a45317dc023ef991fcc2625547505ca3db6ed8a3529dc6c9e47af5c284bf9.json,2333,c05fcf18b5a0436c9ecb41873e6112c95392aa8e4c5d6b1ae534cfda08d9fe1e
extracted/e21a45317dc023ef991fcc2625547505ca3db6ed8a3529dc6c9e47af5c284bf9.txt,1239,fdb4e74bd6a968eb63eb85f36ef911a9981b9a0ced8a351e06ad70c6c1666b58
extracted/e253581ebfa2f5ed98514c5fe88c0f074294fbebbc4a24c8950f71b91c3fc962.json,2335,6dc146931a553b985c8a8660ea01d6e9d6888a30906033b9cb0359d86fa8cd13
extracted/e253581ebfa2f5ed98514c5fe88c0f074294fbebbc4a24c8950f71b91c3fc962.txt,1240,9fd0389885d342a9fe10148c0ed9bbfab3700fab2055d49dc397c038f2433733
extracted/e2840c7c096ec3e66b1b051157cc5f2f462d5f70710681d73276a51451a97b76.json,2335,9e866c35f0bfd94aa07ea190643a1f77ddb6bf06a4a0d8ee108906104ead5260
extracted/e2840c7c096ec3e66b1b051157cc5f2f462d5f70710681d73276a51451a97b76.txt,1320,29d52683a0cd33b4d33d39200c2b4c2edfaf5892bba3b3d15b67ba939ed5cdf1
extracted/e2e6f15f3b941af30ef30c192a2c068721c410c8ad456ccfa0e1eeaa71f5d402.json,2339,2f6ff4ba59bd76307906864d91a3196299cb1b016d15b0acf17c7c147a1eb8cb
extracted/e2e6f15f3b941af30ef30c192a2c068721c410c8ad456ccfa0e1eeaa71f5d402.txt,1242,615f7b5b1ced8ac64609d56527f99093592529ac4be8221de57ea64248211140
extracted/e33822fcc199466b50fdd0dd32b446f1968f54075873159066f827f63b5af54b.json,2340,5063cb955f980feff118a9ecd33c3fcca0e14395a6ad218d798abaf9900f3fec
extracted/e33822fcc199466b50fdd0dd32b446f1968f54075873159066f827f63b5af54b.txt,1247,1663332184f9d8a2c16c9e41efa9b411a7a3f1b75c53bbd711ff0377a6bda230
extracted/e357a74d23f73bb00ced614fbe1f0380e41b571da12ccdfc1277da0811f41cdb.json,2336,6c06a3d735cc2eeae29c0ad1c3d73bb7f51d0bad32ff2dea0084517c1f589831
extracted/e357a74d23f73bb00ced614fbe1f0380e41b571da12ccdfc1277da0811f41cdb.txt,1245,c0d28f5ccda68e3f1b2d7ec21de95ef4fb2aecbafb730b887b892832ce55be56
extracted/e37e362651e5d5a50ffd9d57e332041a69b0949315dae5a047718fd64eab6bae.json,2281,6b689cbac3a34f1154168ec12d4dfcfbdd677680ebc4549e92a707a2186a8c0f
extracted/e37e362651e5d5a50ffd9d57e332041a69b0949315dae5a047718fd64eab6bae.txt,1140,aa391d56c4d14cba3294e5cb0d69577966cd05eeb412b8ada2225fd2643460f3
extracted/e383657ed234ff756ab22f4a9ff68222a3adce86c701500fab682cfa06d64450.json,2328,2a31a9a7ea33955655915a5ff91cf832712ad08dfc94f6af07ba5a8ff9e652e8
extracted/e383657ed234ff756ab22f4a9ff68222a3adce86c701500fab682cfa06d64450.txt,1249,869c9fed0d594fbd24a8fc3fe3b0f93dcd003e50489c42376de5e3460129893d
extracted/e48f165a53b686a1107ab230674db5d533acf8f710e6666d081223c0fb5f6234.json,2334,0aa4001ba002de5db425901afbf453b05f5bf18549f71beb56ca8c765a9538e3
extracted/e48f165a53b686a1107ab230674db5d533acf8f710e6666d081223c0fb5f6234.txt,1245,7c0dbd7e99db5f409d4c5a264201cc191767663b61f40960a52a11a0f80d3782
extracted/e555d465a4e8d9f05b7b0abd414676f223b9e8d889f21655c0e539a1d921b9e6.json,2333,b9124a5398d6f0345cf6ab0f118f5b464015403dfe28aba8fe6485935ed9e24a
extracted/e555d465a4e8d9f05b7b0abd414676f223b9e8d889f21655c0e539a1d921b9e6.txt,1245,dda056612dc2e01c1bd8ea1beab33c8e594fa50aebf76373942d6075c68bd3ca
extracted/e64babff90f1be9e8e9c22d3b603036f748cbffa273e17ac49bc69fd66dde936.json,2281,768d8790cc6bc247b296bbdeda71f557128e476b4d0b5afc541699d7938aa164
extracted/e64babff90f1be9e8e9c22d3b603036f748cbffa273e17ac49bc69fd66dde936.txt,1149,30586ccee3f5639d666f20c2663395cf48b25df5b79a14e187f73f509a83fbcf
extracted/e67078b29416df609fe1c05570de3ddd8afd9102638a30dc19daef3cda1d0b5a.json,2340,3f67e0799a520b4a0d208b985fa8761931db89ebff18c4c47a697d37fe6163ce
extracted/e67078b29416df609fe1c05570de3ddd8afd9102638a30dc19daef3cda1d0b5a.txt,1242,1550d5af1e7c67930a1c62227b0fc1d9c0e7df2a7586a51e147a7a39ed294ea9
extracted/e6a3e629bd267abc8dd415a635b0257adc7d0286918facaaf9570c2cbb7a466e.json,2339,04496c1d09671095a5b541079808c202f9dd222818bdba8f71494c1c3697a8eb
extracted/e6a3e629bd267abc8dd415a635b0257adc7d0286918facaaf9570c2cbb7a466e.txt,1242,83e2a1751f5bd081beeccf200776ec0cef77aadcfa3a55aaf23eb25592cc96bb
extracted/e6ae228acaf06c5b39a48a4466b00f14032bf05a297dccbf8640d18cd7d73441.json,2333,107b2df7baed07116c191d0bf5e4f38c559b2170bf7091f9643750e9a903433b
extracted/e6ae228acaf06c5b39a48a4466b00f14032bf05a297dccbf8640d18cd7d73441.txt,1245,4e3a2b94b4f1a084a42fe9aa1ec62fe89fd35f8e49513e7988ffd0945b03bea9
extracted/e6c9492f50e45023bd9a8ef595fa74e4afd6bd8ae2f9664d958c085ba51ec41e.json,2338,dd05ae28f751998596647c1a3e446559cc62562b1b3f6421bd725d54ade19e2e
extracted/e6c9492f50e45023bd9a8ef595fa74e4afd6bd8ae2f9664d958c085ba51ec41e.txt,1325,109c4bad2dd0e8c405731a1d7147859f3b022bd4e810b0eb9bc5e7ca57f2ec08
extracted/e6ecbf8cf66a6fbca99aeb32f6ac76db15a035f12d7dff7ec359329c46a90861.json,2337,dec5aa21d1b209a2ed90c8491c70c756890f4228cbb5fcf41e30ef22fb91e7cc
extracted/e6ecbf8cf66a6fbca99aeb32f6ac76db15a035f12d7dff7ec359329c46a90861.txt,1253,92af7a4630006ec8e07e6ae7864acd8124d66bee1215f13ebe8acd1187b07c6c
extracted/e70e1eab1d6bd03882c0e4c45569b8d86433e96b2ccb0af3ded316557810ba3a.json,2334,d595b711b8694b33d4cef88e125dcc87bcc64ac2256cd85f5a17a64313332ee2
extracted/e70e1eab1d6bd03882c0e4c45569b8d86433e96b2ccb0af3ded316557810ba3a.txt,1245,a731c0684180d63a634a5a73ec43403ee9032773998b0b48abf74f5912f168ea
extracted/e7120fa13b6e57c995b44c692f2e83099348e464dfd82315477ccbdfe59519f3.json,2335,1fb71ed0ab44b4c884ecc56628a43268d566c2c58120e63b22b40d3a1e99f33b
extracted/e7120fa13b6e57c995b44c692f2e83099348e464dfd82315477ccbdfe59519f3.txt,1243,21692194fac84cbb8b3bd0cf87ce06100fed6a2531c9793d0e7ebbfa3f5cd71b
extracted/e714b28d6ca0c66ef0147574a28725380ed301b9641f1eecefa93586cc37f158.json,2339,3791196ea000545f77d526ad7786786f65e1c9a02cb38537722eeddc37290767
extracted/e714b28d6ca0c66ef0147574a28725380ed301b9641f1eecefa93586cc37f158.txt,1251,50075c8dc4dad0076a2a1b6528a68ce88210d27d08ffa9bed0bc9bddde5f6a09
extracted/e762e61f63bd04177f2e4164bdb400c67366f60d13001ed13f23ece92c0f521e.json,2337,60464893a6a365e6d3e3a78e049aa72ca5c7c2f67aa5b81bf353e789b3a1bb29
extracted/e762e61f63bd04177f2e4164bdb400c67366f60d13001ed13f23ece92c0f521e.txt,1246,f0269d857b9ab2be39334117780f55097cf3564b498a034ebd7d983b40bdddb2
extracted/e7b6bc520b582ebccd21450c5327eae1d84c155cf0941d1eb7c03498f77314a2.json,2335,5d64ed52b0c5e541bf9a14532b1898479222dc29e111f331ca324e1822200bd7
extracted/e7b6bc520b582ebccd21450c5327eae1d84c155cf0941d1eb7c03498f77314a2.txt,1245,08c76be0e4f0750de61ecf5e799ac44296c62a3840e40a7c135b1256377ba8cf
extracted/e7de71e4a14b654eed1e3f8c862f5a37f75a9f91e48d89d0f94af9c64a4e901c.json,2339,db7dff6f6133474c1228b607f18ad9f040d35bac6310f002e290eea23d700d09
extracted/e7de71e4a14b654eed1e3f8c862f5a37f75a9f91e48d89d0f94af9c64a4e901c.txt,1244,11f79ed3f757ac0b30de40d4f592c5df10410874741eb34789beedbab00a77c0
extracted/e86b3000ed438a5b64beb50b7380827067e707fbf8244b43be72576a514e243e.json,2339,54ba50212e491dc8ddffabcdbc2aacbacef94317e4234579d43aef01d0ea883c
extracted/e86b3000ed438a5b64beb50b7380827067e707fbf8244b43be72576a514e243e.txt,1324,88db99727c3ca3dcc6f3a1e7b2060380012356ccd91cafe82e616a26b56bed39
extracted/e870f7f9098c6d87602d84fb11ff6c72f0d3c495d7caacdb0806dcd7ca11b3e9.json,2336,e6d089242c23ac6039ccb261e9ee6eaebc88fea7506752d32fc04e427ec221dc
extracted/e870f7f9098c6d87602d84fb11ff6c72f0d3c495d7caacdb0806dcd7ca11b3e9.txt,1329,171f056f9cfa89d3656eed778373ed14f980850bfc2111d4a14e79cccfad99e9
extracted/e8a75dd9ba13bf70f587d15c229a30a53aa99e6c87bd7540b3c55f61c13d7caa.json,2333,3a18212a6242fd8c26f9479dbcf9cc2385c139b56a009b097561209bdfeb5694
extracted/e8a75dd9ba13bf70f587d15c229a30a53aa99e6c87bd7540b3c55f61c13d7caa.txt,1245,c8ff724801744ac943bfc151eb936120449ae554f9afd20e3bd2f261be4b722e
extracted/e8a8846549d15d0f3013f36e4a1f5b95dc9aecca0f5acb6cfbf6b78b36933cf8.json,2337,89cce55d0ffa405d36850d9963ebb3bc73e47d9d79c9f19338efa93fc25536c2
extracted/e8a8846549d15d0f3013f36e4a1f5b95dc9aecca0f5acb6cfbf6b78b36933cf8.txt,1253,cb729f6ce566eb53aa6af01bfb7ff6bf96040df0b44354935f553619616c9bb8
extracted/e90bcb57fb0b1b726994d3b6c0d463a2ab7c99e4c302ab4e03f986b6160b924c.json,2339,e6c5d31be1998d928bfdb13759468e1379e9485af44fe98c7aa5b53f81206230
extracted/e90bcb57fb0b1b726994d3b6c0d463a2ab7c99e4c302ab4e03f986b6160b924c.txt,1241,f07b54215ed3c34233589d261512c0f47ca51a456dc334c5412014e629842720
extracted/e945853b6c9c42e731c72aa85b53cc95cb5143101cd46650827389df2f7fea86.json,2346,3dce6cb974e67523813b8683876e3264edd937043780d6ea03a99b910a7d8423
extracted/e945853b6c9c42e731c72aa85b53cc95cb5143101cd46650827389df2f7fea86.txt,1246,e1d7ebe81fffbef65d657b5af3b648d280d40a92304a1be314a54c8a967ef0e4
extracted/e95211aa726b3490d527d10f794b381555cf58c8b6d9f0b127ba0afb2778d921.json,2338,2f76b6f6030d5567d38b334b7f8c753c3949a8595cb5967646e0c9284334bb39
extracted/e95211aa726b3490d527d10f794b381555cf58c8b6d9f0b127ba0afb2778d921.txt,1244,e19145e8549dbcd06d920e77fdc9cffbebe0fb9b4141323644cf2b363daef1e8
extracted/e9882d1ae37404dd5a661591a5d783f16348ceba4b54cedee418dc93f4e03093.json,2339,9b93f862751bdc7d78f293d9fa264b81ad4c811f03c960e780e2a4a57fcc76f3
extracted/e9882d1ae37404dd5a661591a5d783f16348ceba4b54cedee418dc93f4e03093.txt,1244,1d22e879f59518c96893f992d3908d154fd279b6a51fdf0d4b20c0f4fcf218ca
extracted/e9b269dc192faec0d1e0a3bbeba490304c85901f83a481c466da80ab81aab86d.json,2337,b42467705e2c2b0c1fb9b96a88c84648262c9f77ea92dbd5567e3030f4a27b97
extracted/e9b269dc192faec0d1e0a3bbeba490304c85901f83a481c466da80ab81aab86d.txt,1252,b5d63d423586c2dd11943c152aa7327520fd946b0e4c89b053f053f034f1876c
extracted/ea8cbb15dcc1560f88122484e906a4a62e3183606d057516b6836f1d30a608e5.json,2278,78dfc16ddaf96a8715efde06e9012b69cad46360d37dbb94facbbd261cbd6d80
extracted/ea8cbb15dcc1560f88122484e906a4a62e3183606d057516b6836f1d30a608e5.txt,1173,fd1a671cafa731bab2aa9535c391072742c87f4c76e1e54e0def540001c8ddc5
extracted/eaa359a3428853b6d655c37d3ab405fc659e934082bc56e0daa741cd706f59f3.json,2336,1453d5595fa39c48ddea2a4a6ab7279c006a8a05b108c3fa8ec181a5df66091b
extracted/eaa359a3428853b6d655c37d3ab405fc659e934082bc56e0daa741cd706f59f3.txt,1240,14ae38cec60ed4d59756aa605e86995a0fec4bc7fb45fd781fdc714ecdd48d68
extracted/eaacfc9dcfd4a71dd7323b9ae1ba75a9947625d7e2c62615b3e29fe5c95fdc9a.json,2335,27fca1587f05df77c237028f930767f91565b06595cf126840e3e64669cf1e94
extracted/eaacfc9dcfd4a71dd7323b9ae1ba75a9947625d7e2c62615b3e29fe5c95fdc9a.txt,1244,396d0bcc181b9b6a729c91f814d5dff92a6dc12990f0f3055a51d1ad7fa879f1
extracted/eb19ffed59db0fbc93dde95f00329e970b918ad417319c95bb81cbba183998f9.json,2333,845cc314af6c078ce9745ec6c591b23fa9ec0d91860f9bb3e23ac1c17d959b22
extracted/eb19ffed59db0fbc93dde95f00329e970b918ad417319c95bb81cbba183998f9.txt,1332,463054c700b66cd8edd9b33fa312f18979da056ace8f42c468992d914aa3d8cf
extracted/eb407cb3f321777c53bf55b943bc2b279fc4fa2f51d4aed2e16bd26e2238cdff.json,2337,f93664f402045ad284d50f9d6b7cb57f2e033e40196136ccd93665934beca5aa
extracted/eb407cb3f321777c53bf55b943bc2b279fc4fa2f51d4aed2e16bd26e2238cdff.txt,1330,437833c16570f7aff0c9eafbdbf077975acfb58acc896b1b905a89dce6c33b29
extracted/eb4a73db34390f79ce1eae6319aa0bf233f0eb24ca5054662f27e7909032d414.json,2337,549b7152022fc56dbd264376063d10fe4e9b9e6843529f4867f60edebc8bfc5f
extracted/eb4a73db34390f79ce1eae6319aa0bf233f0eb24ca5054662f27e7909032d414.txt,1248,5a85f69164644d2ed818f02a651153234f6a248d075423001abd41d337e44651
extracted/ebc444bf49382e2e6d40ed35b4e5e855b391c2d4eee7dd613cfbbc00633db016.json,2333,866c6756eba6173ace6de5f89b90ab2493c0c73713873eac61d88b9f0f29fb1a
extracted/ebc444bf49382e2e6d40ed35b4e5e855b391c2d4eee7dd613cfbbc00633db016.txt,1232,d6e900a95109e76fc906ed78b93a305a8ccfa07f8477e0f9d62527c4844c5968
extracted/ebd4b0501f555210badf56da9c06123b86440c7db7a1d9b1b400dffc5ac62c7e.json,2343,5243a8f1d7fd0bedc68f47725243b85bfdfceecf86b237bd190459bd1f7de6e1
extracted/ebd4b0501f555210badf56da9c06123b86440c7db7a1d9b1b400dffc5ac62c7e.txt,1245,a949cedec8c6093146c302936c32d4225008900ba37307d65d6df57711396f24
extracted/ec460ad78f1a8ae6d702c2638759474863a999844089acd7c1f21b6625a5a096.json,2336,c4eb0c84513433e7b4d1a9daa867022f789e56ec1ad362e66ffb7dcb89697e01
extracted/ec460ad78f1a8ae6d702c2638759474863a999844089acd7c1f21b6625a5a096.txt,1324,d88665a2af0598cd43bb07a7f8b2ae875bbb820aa9918ca740f58685da33bb66
extracted/ecb5f2e09d5106bac07ba872a0e384f7584378eed0541cd415c9dc3e2efe30b1.json,2329,8f0cab107e16e20afa3b1477fd6e2761885c7139075cd79b2aad1ba44415795f
extracted/ecb5f2e09d5106bac07ba872a0e384f7584378eed0541cd415c9dc3e2efe30b1.txt,1305,46f719fa7a94448c860e178eee35fcb50d147f3623b70b2df1b8908cf1ecae44
extracted/ecfce3fdc7b744dcff7e6144ace642667afeda7f1f19ca36f5e7191fbfceea88.json,2328,9b270d33ea44c1a9a09d937d72abb4c739417416535ef7e4d2dc74577e48fa7c
extracted/ecfce3fdc7b744dcff7e6144ace642667afeda7f1f19ca36f5e7191fbfceea88.txt,1249,4583518fcae78c1cbf90eb50709f1d6d660e383a41901017244fe2a77d04f6fd
extracted/ed014650ab0e47ef38acdc30b82e375da69c86b3075e5b283039f9d2ee5bb6b3.json,2342,ded1a3bd2dda98ac8da5d22ac779b2878eee3b1f790efc983549d7d1af58a538
extracted/ed014650ab0e47ef38acdc30b82e375da69c86b3075e5b283039f9d2ee5bb6b3.txt,1244,558b4d15880a2c7a4434508a5b9aa7c3ac49d88eff17cad355099f9040365315
extracted/edc8312e23575bc2a87bc5e5f192550335270cf5f1e779100ff035a0ba63ee96.json,2339,442d55ae6ea775e167f467253003144c2ec3fcbca0f7fff8b84391f6607c9365
extracted/edc8312e23575bc2a87bc5e5f192550335270cf5f1e779100ff035a0ba63ee96.txt,1244,d53b15cd7308245d07f03aac1e846cbebd35400b001a6ba6f93eb2c69a53abf0
extracted/ee2418644b7138cfac46b6fb020d8f4d03df5c5ce9fc9c3cbb5e040864f1c056.json,2333,4e0f126c84e37cdaaf97a7a3a5ebfdff208f95ae08f8152e54fb63e8578adc0b
extracted/ee2418644b7138cfac46b6fb020d8f4d03df5c5ce9fc9c3cbb5e040864f1c056.txt,1332,70d583118dec4702512799552e926b773b65936a98f418683b96aa388e31f02f
extracted/ee8a86d28b8249f7e1b19e6e60d695174675f8662cb8d74cac138ae3d2e768fb.json,2342,c00cf829986551d3132f77b3e5342c0bcfddbae51dc85bbebd957f0fa0e710fc
extracted/ee8a86d28b8249f7e1b19e6e60d695174675f8662cb8d74cac138ae3d2e768fb.txt,1319,1ea65bbb647809d0fd7eee582b5b7ba441e643e9eca0495b8c75274182df2d69
extracted/ef0ea809ac7cf26a1e5f30e4c6de331bec428be5ca3004c3bc7e497ae53c8cac.json,2334,67da622e6c18337893101eaa4f2856a333e14f3136ff0e2c9bce86721aef25fc
extracted/ef0ea809ac7cf26a1e5f30e4c6de331bec428be5ca3004c3bc7e497ae53c8cac.txt,1242,1c4b03564f384a29e55e18bc11e0364279f94a58eb547d4cc2035111f7c09ad4
extracted/ef1f32770224f70e4ff8f213ac066df8eaf5497a6e7c37de8f1865c634809ef2.json,2334,0881134ff3556ed3c92b5f39536d531667f304911a866dd54cd5487d6b024027
extracted/ef1f32770224f70e4ff8f213ac066df8eaf5497a6e7c37de8f1865c634809ef2.txt,1239,d7658dcb992f4c80d1785bbbb6a6cb988b9c6ff2524d459815a12ebe2f4be6ca
extracted/ef5257461711b8deabf54ad6c28dc433fcf4e167814561b035ef733fdb5cd963.json,2339,87914939c22a23bfc2d61eda3ac829e7e1810ac05fe72566ca5274bf4ba2abe0
extracted/ef5257461711b8deabf54ad6c28dc433fcf4e167814561b035ef733fdb5cd963.txt,1253,20762ee9789dfb94f0c045183b27e0bfcbb83157b7155f1943f590458ff346f4
extracted/ef594ed71601db407deffc158687638b5437c4271ea3cc49b88441c662574718.json,2347,4d75c6e25ec37c7bdb7fb6e7c3844a4a64642175f832f28abd8906c49395e98a
extracted/ef594ed71601db407deffc158687638b5437c4271ea3cc49b88441c662574718.txt,1245,83c16769203d57b58707aedfb1b3a95e9a62fe28a08a56230dbd0aae776b26d6
extracted/ef7078411098cc0ab4ef6b1a24029528ff827165b465128bf7e9c8ae5a0882a8.json,2339,aec0a2f64a55ffcfb632dea2fb42a50aa427dc5ccd823e5f2f65779ab711936f
extracted/ef7078411098cc0ab4ef6b1a24029528ff827165b465128bf7e9c8ae5a0882a8.txt,1252,2eee112eb79af0d71721ebb1a79dcefcf1dc501e02689c98d9503bc936839be8
extracted/f073ac00ff9d9ddc9aa036912929897210a4f62a60c9c2f1608b321803279ab2.json,2333,2d7cc4888c1dda07ac9d09aee22f2b987e9fb5293a92558805b19ff37ed14f4c
extracted/f073ac00ff9d9ddc9aa036912929897210a4f62a60c9c2f1608b321803279ab2.txt,1245,cc0e4f4b53c3b7553d19072658b08c74cdd607e8051f474d4fc38039553173a9
extracted/f0cdf3cb59856dea5c3d6f603c8640a1933c08cefb9e913e9ab663be64b854c2.json,2337,af2ba9d56c9fb321e4f0f85fc6732450bf2bf48711a062dba18f3fdb6096fc62
extracted/f0cdf3cb59856dea5c3d6f603c8640a1933c08cefb9e913e9ab663be64b854c2.txt,1243,0a387780bc96214c0eeca3f8c3b58f3054da5801062e2caa64754562ee1c1bcc
extracted/f0d3a6fbe5702f0fd830af1931132c902b3e79d3193078f4e2f4781ca48a1199.json,2328,4a25a296ad2498951d9bc3c84a6e673dee750b0a8c83fa9d0dd05378da2233de
extracted/f0d3a6fbe5702f0fd830af1931132c902b3e79d3193078f4e2f4781ca48a1199.txt,1241,bff0473ab38186534696c5046696e23d83452baa953070e32acfc75542d0dba8
extracted/f0e1b222ea3beae8f1b227af17aa1f2c971cec12ab564ed9c6ea704d4dd484b8.json,2332,01b7bc611fd5f821ebe164a3ed5935fa37adf4556e37194251ce4ae9c2430cf5
extracted/f0e1b222ea3beae8f1b227af17aa1f2c971cec12ab564ed9c6ea704d4dd484b8.txt,1235,25922bd43b37a867c71bb480042bb334937d2e9d174fb2b46564fc07e17e9796
extracted/f110260847e964c4d50900410952704b97d6ad77a87f9defd5520802387f1804.json,2341,4873a49b1d9fed55417c102fb41e4e27e7febb6727d0f0e397125470c7ac4695
extracted/f110260847e964c4d50900410952704b97d6ad77a87f9defd5520802387f1804.txt,1252,4575d2219870b74dc7d12b70791b2fad3f6e51ebaa1799c0bdb564f95df6f811
extracted/f11a05449bd1274b9cb1fdab9766a339c603fd5f8b07bdef21c097436f5e9f09.json,2342,96a39741235cf898b5813a970dd8e673fef5776a33f9390b17040776a529cb26
extracted/f11a05449bd1274b9cb1fdab9766a339c603fd5f8b07bdef21c097436f5e9f09.txt,1314,0023afce4596ee1b4765167400e7a9a02b0f9cef012932c376a973e83774665e
extracted/f1d8820a01167dbf7391c05ddc39048c25ac4543c5f8cfa24b6ec0c5d587584f.json,2341,210f4f3ef1a4640f88a15766b26a37535fb7ab5329d0d3c74a455ebe8c6b05b4
extracted/f1d8820a01167dbf7391c05ddc39048c25ac4543c5f8cfa24b6ec0c5d587584f.txt,1245,f18597b5be68364447e695f9ee5926bc5dd8408b85a7b9dd56cb636cb243b19e
extracted/f205726b9f5a8c11b5e5c1689290a67e4b4f008ee89c933939705a5c47d57342.json,2338,321fcb3a44ad3bf0ce0535d7e74df9e5cbe9031f79d2a0387a6252da174344f8
extracted/f205726b9f5a8c11b5e5c1689290a67e4b4f008ee89c933939705a5c47d57342.txt,1279,1326b8ee48ad561cddeeffb5e34cc3539f4319cfb070c6b5b877ef6f5ecdb89e
extracted/f295471827c1699f9b6991761fff8fe86f157b096a52b627fbdce31e0a43a3bf.json,2338,96d428d70536062008b80affcae07969a8d04c287c65cfaac41075625452ce8a
extracted/f295471827c1699f9b6991761fff8fe86f157b096a52b627fbdce31e0a43a3bf.txt,1249,7396e6598254f792a53d983aae8d6525f6a9ec8e3f587bcc364efc36b9387ad9
extracted/f2a582cd732c1fa8e68e79922b4abec52cc0c98e4d0a7c6baf93b73dc5b9912c.json,2338,665604fbb40eee8e6bb79b3340fed562c3c7f40092abe745d1a469ba7d6354b0
extracted/f2a582cd732c1fa8e68e79922b4abec52cc0c98e4d0a7c6baf93b73dc5b9912c.txt,1243,aae3cca2357d01327d2f1288dbebed0ab97e564bee30f295c102a01745f7adbb
extracted/f2c5f8b3f560bf63039114ac991672ecc6f6f65d932eecba1093e48965f0c1aa.json,2336,421f8871fb06cc6970ddf6809d12c3fee3ae1b4704b3e300edb411711dd602e2
extracted/f2c5f8b3f560bf63039114ac991672ecc6f6f65d932eecba1093e48965f0c1aa.txt,1246,c2a26d10ff389ce351978b951c1097660605fb3269250f7cecf0d62a03bdc122
extracted/f619d073f62c16ae92ae9b0db72d1349d9e5bf634b619cc120b937492079b9ab.json,2337,245cbddb37b4cacc3a68b328250ac087912f4a46f44fe95bd5cbe2bc84eb8c72
extracted/f619d073f62c16ae92ae9b0db72d1349d9e5bf634b619cc120b937492079b9ab.txt,1253,60a959451e24456a97d75c88dfd70a1b642911b7d23b0a3ea731c8b6812230dc
extracted/f673453b5e98ed028f21e94e45cc024008a284446e87dfb572fa69708a4e6c77.json,2339,8fb94614809034dc5301596ab25d845797248190f9a70318a202de7f57173872
extracted/f673453b5e98ed028f21e94e45cc024008a284446e87dfb572fa69708a4e6c77.txt,1131,c57fbc03de0c5b4e27e7328ae60ebaf661723597d8b211e13b42a4c687f7407f
extracted/f6a96952a1d90277869983ef46156e7597093eae117f85fc13adf83d8d75ec22.json,2338,6980ad88d7479e8bdcb8b6f4641ef15e6a6c55c943abfe5d8da17c7fae54ce2b
extracted/f6a96952a1d90277869983ef46156e7597093eae117f85fc13adf83d8d75ec22.txt,1229,77c3b24a8e596da642ff878f35edf46efb06feb1ce3b46e6422d1e36db122a91
extracted/f6c9117e6a6a6167550d35d38571c26c3835dd4ce55477b907aa87b413923181.json,2337,965f0048851b8a5f811185ae062bbefd4c7175b3fc587a38a399b0c84d7eb4a0
extracted/f6c9117e6a6a6167550d35d38571c26c3835dd4ce55477b907aa87b413923181.txt,1218,04de4bd52b48b382ec1a583bc38e4f6c3bf6536e9db4887f7b29fb203f0893aa
extracted/f6cfd0caae9ed3a5516c51925bda891a170a5cbf70fba26b10e6135902e13c91.json,2333,e22a1da07ef65476f737ad171bb82bafc69b285cb4e9130b6cdd3bd1fbddc885
extracted/f6cfd0caae9ed3a5516c51925bda891a170a5cbf70fba26b10e6135902e13c91.txt,1242,09d349a727ebbd2acccfe882b4e8d41a7f1ac0ff32ebe88aac12f2bf4c6e6923
extracted/f702a924cb9628cd669e4205453634c3ca5d1990a43b7ca84f8640e8b242547d.json,2332,37b50e30093e4c95e5cff02b2d5ac89831f62e56e90cb794666d47f5000dcf87
extracted/f702a924cb9628cd669e4205453634c3ca5d1990a43b7ca84f8640e8b242547d.txt,1332,be4a520761fb85d6b1f9de7e341a5d775bd0f2b8eb4dc9f5f54862286883fa3a
extracted/f718a9a68481480beefab5b7fce33cf19f36ea63678f08ef45b61af60ac01bb1.json,2337,62ae29facddb151c16bab7c2974259a82923b251d69993f26b333d9afaa88da8
extracted/f718a9a68481480beefab5b7fce33cf19f36ea63678f08ef45b61af60ac01bb1.txt,1240,e5722ff420bc5bfcc9139a75ced1ea90091a4a4468543aa69a4a2baac04a0288
extracted/f78a92627b4a6333a563a824b2819c206603d061a5751076d5e3270c6cdc7672.json,2339,4b13d2805baeb3f0b2b85cc8d138f12623eae873d248178f0bb1307ecd52acf4
extracted/f78a92627b4a6333a563a824b2819c206603d061a5751076d5e3270c6cdc7672.txt,1251,b28d87ae3e3f6ebd32e6a17c19e3e292ab94f0fcddc380b4214220ed1258e974
extracted/f886dea1f9a123082671280ac44664f172a8960a33d73efda8da1bd97ae34ed4.json,2340,94376afbf51ea014068f53737ca8619bcd4a001f6813f20aca6d2a52a858a3d8
extracted/f886dea1f9a123082671280ac44664f172a8960a33d73efda8da1bd97ae34ed4.txt,1253,92c8342b7f95342ea0c8488295a0fea74283d04d3d73277e6bf78ce4e7fffb2c
extracted/fa27386c5d710ad1261d7960a863f8308ed9f2984eb780e28592ebe5bd12727e.json,2281,4c07f9db7bdc4fe6612ea92a1eb8f5f9abdddfc5730229d7a66648c9a48e30d3
extracted/fa27386c5d710ad1261d7960a863f8308ed9f2984eb780e28592ebe5bd12727e.txt,1149,775caa54b1f8f71b665487b959fd4b097a49c48253426f690b70486c6e2fda9f
extracted/fb7dd05c7358c859ae03afd51ff0ab30724c4eb18b986eeaaf27befe7146864f.json,2342,682a6ea3117424c24001bf9b14f7c46478532c92ffb6e681607f18d28531de0c
extracted/fb7dd05c7358c859ae03afd51ff0ab30724c4eb18b986eeaaf27befe7146864f.txt,1319,3fcaebed3b924fd0586a0c1d774aff262e46a53096337256790cb492798dc7be
extracted/fbc3cf09310befe9edbffcc9d7d9c8e542cbe952e544181825d99deb8a692e09.json,2328,031f4d3082466527fe91b7606516361cc740f7e12f1fdea782824bb1cf58e282
extracted/fbc3cf09310befe9edbffcc9d7d9c8e542cbe952e544181825d99deb8a692e09.txt,1249,b8fb024aee74eab0b4b93f75b894e9a210dbbaedaed13ce37dc23294233fdc75
extracted/fc3d338160053bfce3e4f12c0142692efbea4c48d80f1d657079d18f44aacb1e.json,2338,af585a1c77b3b2d2af90e22e0eab1075c117d61cde9c79e09223f2093e09b2f0
extracted/fc3d338160053bfce3e4f12c0142692efbea4c48d80f1d657079d18f44aacb1e.txt,1243,58c1c5fbbcd1b86625b8c21384c920365d7e14d2e9cf6f2a75fbbaaa7db2689f
extracted/fc4c0090cbad589ed4d2afe424ed7ed48cea2e0f821af4f5bf675bc25d774aa8.json,2339,570efbbb9d3437ad3cdb92d957eb6cf458de16b3ebc3f2f58b35b0ba0ce36e24
extracted/fc4c0090cbad589ed4d2afe424ed7ed48cea2e0f821af4f5bf675bc25d774aa8.txt,1256,a908b8daf3d7774c45e3b40b5cf9b4148abf6f173a18d8b6aa20490295d725aa
extracted/fcba9890932aaaf49d032d5da40d1a820642db36ffc3c1cf19554fc98dcb1cb7.json,2338,88c150284d35bd35ffedb7a9aa3bff301378f777dd9aecd2cf436a8ae21fd94a
extracted/fcba9890932aaaf49d032d5da40d1a820642db36ffc3c1cf19554fc98dcb1cb7.txt,1329,c73d556aea1b31b8a011a4236daf64f88d4e3fc3ed99204f57b92ffd9309cb1a
extracted/fcd7ef7ff168a46227816982194df880d152792f916729cf3faa936838cf9519.json,2338,9f0a8655b7834bfe1f6e22072496772cd7649bdaf65fc4f2cdfbabae367b22e6
extracted/fcd7ef7ff168a46227816982194df880d152792f916729cf3faa936838cf9519.txt,1329,0fa289751747db58368c580320f1a1112c8707a53b592285640d98ea8414607d
extracted/fcfbec0e97e98961f5c9e91c7c3889e10f2643e9e03c9726e2bb69f43815f2a8.json,2338,ae69556379f735d81338236e5fa2127c06708541dbab6d2aec7b9152b80f9c07
extracted/fcfbec0e97e98961f5c9e91c7c3889e10f2643e9e03c9726e2bb69f43815f2a8.txt,1249,ec794b3cb27f139ec60111f231f449b75d0d7ecffa66181d926abe508324043e
extracted/fd33375d5b4a71611e3871ea72d4ef410556342757d1436402e597ee8de9d688.json,2338,0b40978dd8505ce20e97a32a8bfd78eb915ad6e8a943a7621e10d80716b1a898
extracted/fd33375d5b4a71611e3871ea72d4ef410556342757d1436402e597ee8de9d688.txt,1242,9369052311acad9a75454621829b36b12b6d14e3a3bb073ba585bd85f6b7308e
extracted/fd37f9b7307521699aa3f19870e3ff6b2219d03b6be0ac8323a3e18c7e9ac8dc.json,2280,0d9943c7f1aa2ac5157dbbeff0cf3e24c11aea8ab07f49939c07b662fc42e34a
extracted/fd37f9b7307521699aa3f19870e3ff6b2219d03b6be0ac8323a3e18c7e9ac8dc.txt,1150,565dd9b2831185a1483e9f8f483146ceadd670bc7c8a9e0416fc49af7bab9497
extracted/fd5d841eabe751d78b03f8a775f1b652eadb212a32c44a363529f4d23a7a2ef3.json,2336,7f2000c52792998d212fcd21dc9d5763bb273dcdef692f0c35839866d895ccf2
extracted/fd5d841eabe751d78b03f8a775f1b652eadb212a32c44a363529f4d23a7a2ef3.txt,1245,b5fe5afa7b25239dbc8796f8dae13c23d47c9e2e792996feb722b6305c0c8a65
extracted/fdeae88abe866b02c77bc8a9e3205c36e7a3abd57a0bccfc17d930acdcc56dd6.json,2333,0fdaf862d334f8862fb2f760ea1c9c00aa8b94186f63e872111847752f1940aa
extracted/fdeae88abe866b02c77bc8a9e3205c36e7a3abd57a0bccfc17d930acdcc56dd6.txt,1245,f238c3332351c3223c2a58ef61dfd0db15382501dcab158e10d35a1637162bb3
extracted/fe66c2f0036a87159e1dbf8efbd2668bbd1b3f97c56f0c26e1668aa100249bec.json,2334,4d16e4ac7f16279f53975ad07339146b7fbecfec640af0c6c287530d9e05e5c0
extracted/fe66c2f0036a87159e1dbf8efbd2668bbd1b3f97c56f0c26e1668aa100249bec.txt,1243,41dfde5d54f9b93499bd7550798d5b4be7a14fe4bcc57f03f759ee5ab9f2c24b
extracted/fe9dd524fdf4e9730f22e83f1dfe8b679d7de86a3f0f617f5dd5ce6f1cfd476d.json,2334,6b1797c6f38793199f9db4ab6daec05e39a82f82199a568f75b588497fdc6cd9
extracted/fe9dd524fdf4e9730f22e83f1dfe8b679d7de86a3f0f617f5dd5ce6f1cfd476d.txt,1238,e32036cca3b7dac30b665d289f608fe0aa24a3e4e79a55713a800579540aba69
extracted/feb1875d2611c45bfbafcc21b1667af9b912b27ef77dcbb77545a56c7899e907.json,2339,474316477bacef8e637b451a0983d2f692d6ec070f17af36f0fc4462bc76cfa3
extracted/feb1875d2611c45bfbafcc21b1667af9b912b27ef77dcbb77545a56c7899e907.txt,1247,d3f479442caec01c366d822e8387ef06f60826be065b3262d39a24364fd67865
extracted/fee7e2a057f89ea16348c594aee117311ed3390e797af847606d6a21259d3131.json,2340,46db7cda5c87236ed353f51909ad1f676ae6246b92b5c5e928fafea18704c7e3
extracted/fee7e2a057f89ea16348c594aee117311ed3390e797af847606d6a21259d3131.txt,1243,28d68a758313e9fe674326b4b5851cab5e9845cf50688ce385387cb1bb9dfaa4
extracted/ff1731a9b0becfec25e2c1a4e8c9fdd77bfa755c9a465a160ba2ea162a3447e0.json,2342,b14b3126a84a549b5d897fe3c643350fcddb5ed806cb0c43efa47fc45991aab7
extracted/ff1731a9b0becfec25e2c1a4e8c9fdd77bfa755c9a465a160ba2ea162a3447e0.txt,1244,edb1e21195281bd51483d4c6881e030ef1eed25e8d3a0916c3b9ebe1e4401314
extracted/ff1a8ad65c262eae00e49160877c191340b2dfa3bad6b49b17b4503eeb03e8eb.json,2338,7a42f496f6f65e551f9eaa71bf23a31ef2d6a85b7b2461a53e70502bc61498e0
extracted/ff1a8ad65c262eae00e49160877c191340b2dfa3bad6b49b17b4503eeb03e8eb.txt,1248,445d63b4fa2df1f80705b1c963a956b8528f4eb8df030e774f4e2804291084ab
extracted/ff78874825bda6744f54e9b00b7a5758b665cbcf713b6625e4abf5647b389ff4.json,2333,f019b70bc8fe54b288824fcd2b1454b21bcc18369adc59411b2be56e9bf28b6c
extracted/ff78874825bda6744f54e9b00b7a5758b665cbcf713b6625e4abf5647b389ff4.txt,1239,1f7cacb3901e36f180d5eca98a80cf35b4671808c761d914b9c27fb7f353fd99
extracted/ffc0e16a3dacd6c00875e4ee64226d788156d0af532646ff0263068f0ce91c74.json,2336,fbf7b1319cdd147df95932820d9911e770d98e55602be4d531976c7f8dc924c0
extracted/ffc0e16a3dacd6c00875e4ee64226d788156d0af532646ff0263068f0ce91c74.txt,1250,18cad34f2be6a3c4158522e254054c5c02dd9f2ea21ab1e8364dc61bc487fd5f
inputs/1233型号_旧库原文精确命中集合.csv,621314,a8368d31b0c56a2debc11f45aa52097c6d56eeffae90950abd38329d16ab15fb
inputs/2208型号_固定工况待核清单.csv,1472090,a438f95dd4e0f3cf1ada1d27bf53716896d13fceaad2b0e6f424750a84c20d21
inputs/README.md,285,b65ff94c1623f1b52e0ea70b2ebfbfd093e50c18f4f372bea5a9aaaaa4e05d27
label_checkpoint.json,1583,3fde132b0f5a3b76174a9473a8290445314d6bff2bf7b012f9025dc3c0d18598
label_download_queue.jsonl,1150918,e8890cdd7192ae0481ce4791c3b9543424d7523075eef31a17dd25fcae5323b2
label_phase_verification.json,1226,c12aff1920d5bb6f74ff0939d8c7b4ce3b4ece97d706554429bbde94416899bb
matched_record_sources.jsonl,3429433,5e12694762b6f8cbf2f857a468ae34313dd35969b27b4b71cd8077b1a729ad11
queue_summary.json,598,830268eb2ecdb790c2598c3e13f66431498251d26279a848f087fa68fed4f20a
receipts/003edd97cc09b10bda517e9b0bbe5135b788a19b7809d304b25b1dc65eb279dd_attempt01_receipt.json,1052,506568aa3e3b6e7a4e95c0e1ac68ef4fc18cac245ca7f5ca6e01d7466d3009ee
receipts/00582d126c6f7343bf5f41e7de5583755c4db3b0ab0488964a57f7410b8e55f0_attempt01_receipt.json,1052,44900fb9192f288b935fed2c0234c1dca12083244259ab022e5e627345de9659
receipts/00a223b22ede8d62772bd97072c379f0c4f6c523e808f1ab84f53b4b6d7c7196_attempt01_receipt.json,1052,c4d7f8e251f3ef06ac22611cf72dbf28b84fea702766960f0c19ece8c8ddf74a
receipts/00c9476e2fd708529f11b1de18c80572c6d15be88f6fe649d0a0a19f39e3923c_attempt01_receipt.json,1052,f2ac37dfc825cf492dd6f243759cf8ee9e2165fa255c7b485950b7f2c5eb120b
receipts/01def048029907ee6042ada2dfb37df2a414dc1f5c964cfc9640f205e8eaf5c4_attempt01_receipt.json,1056,e26fba4f0fb63864a090d302282d8f24222171d1a10ae0dc3e32c4330d284e03
receipts/0292db74d4cacef30d2bf5bf93150500f7ce42d602b082b9d7c41ebab5986d5f_attempt01_receipt.json,1052,7096868e41603c6180acb8f3a8a38ac8da029e6fca567a4a00ba09250314b759
receipts/02c8b9b42d32acd41df4140014577d91b52bdbd02a96fce48276e41712bdffbb_attempt01_receipt.json,1056,8b9914e348ae76ae58735a9faf2f63ad23a0b225f0057fc4ed29dc7dbfdc7ffd
receipts/039271e8803c13bd96f0dc0e8f0f98d353d96114af24a13f9692dfc5f135c16e_attempt01_receipt.json,1056,90977485adcc556778e3315970daea4be771a83e6094bf86435945395d53f94f
receipts/0399bb95773458d88f40fdd11932a68259f31298ec87c628f8258b211aa62941_attempt01_receipt.json,1056,2862f8b2b86940c2ccb43835803591319d55178d5a7991b673bf799f7eef327b
receipts/04220ec12ff5d4b840637e448408b0b013840ab2491a9096c2b708bf63310ef9_attempt01_receipt.json,1052,eb70084e6d54d90e526a1918c90b7d3bc299ce8bfa873f88c7400ebeddd71a5c
receipts/04dfe5a20ed9f31b07e9141e798953a07222dadfe033d628cd3e365eccedef0f_attempt01_receipt.json,1052,2e7b8945ff6d894294f2844f74cd26175b5bcd547fb131200a6bf898b2635b68
receipts/055cae1f8fb21437d4be7b9918bb2aa6b419fec96be36e532de2027f90771615_attempt01_receipt.json,1052,d98091208029214734bef47a8461a1303f58a6d5158e3f7e6f87d47929406d93
receipts/071a9721d277f7776591b288dca2fdebd2b34351e8000a5997e0a36b34fdd41d_attempt01_receipt.json,1052,f82cce2b8567016ee39f4ccd2d9a2da4d97bece2bb5a167b88a6a6d5ec0fad63
receipts/072e844ccc719d379e2bd714eddbf6a9ab035f396a943bed0c409c6539568c62_attempt01_receipt.json,1052,8c02239912ab595e2cca44d23df5f281ec7b4ed694e35775d885d7c2dbb0c857
receipts/0785068cfe14571a0a47018b6bd177846184b37a43ba6131a4677b28e4cfd609_attempt01_receipt.json,1052,9395fc11cadbbdad1924f28e0c5358781ef5ad10c58c348a86725017d0384906
receipts/0786560958598ea06f7beb4bf4b0c9703d8fae0680181cf4c6cfe781a758a88e_attempt01_receipt.json,1056,051eaf803b92341a4e74a85c5186a6f18d705e98b0d71f99096eaa6dc40780eb
receipts/0878c10c9f641e34d7e9780ecaeae1b7592ef5192bdfb40e3c1a95875a569546_attempt01_receipt.json,1052,a5150cf688ed40586371af314f3876b28ac4f77fb25f03c14795b7eaae807f6e
receipts/0890b7cd6b23f16304caa93c9a1d374a0e5aabdbe426b506a0a6bb5e655a1f8e_attempt01_receipt.json,1052,9b2bcfb9d8ffd63e792c57d8d1c1511876c320f2908abce892d66eeb6377f52a
receipts/092035bc51a123ab9c6715fbe79795838e2c0114fe7cabbb85d695f1309bc8fe_attempt01_receipt.json,1052,667981ddbb713e53cb412578ef155505629446745a96bd048522cb86acf7a857
receipts/094cc1fac365029409a36c410d426cb590ff5a4f6d31fd304be05e17c56e964b_attempt01_receipt.json,1052,3cf3915c9b78326042316fc355f50393d7c6a563e73308ccfaf35d441de78e91
receipts/096b46ca96926fc0d7fbb3d7c4404d814639bc816e7df978e0568161aa0588bf_attempt01_receipt.json,1052,352a5d8d3fd879288a180cfd814728b4744a638b0dffbd3d173b1943655e5406
receipts/09e01ee12c211dcd83c696730b7e3c7ad18cccc70f9f3e6a439023d208048d6a_attempt01_receipt.json,1052,ff89036a0e943e73ec893ac87c0c76676a0449eb187d5858a72e81f79e4cde71
receipts/0ab7a35b00971bbffea87912b01e4f4d9d3ce254b4eb544b0b3e4257a2ba9b24_attempt01_receipt.json,1052,b2d7dc75cdb4de238f3de4bc570bf3f9f6ff8c97d7cc4f57322296cde9a86409
receipts/0bc69c10625960e656abeb506cdc650f3786de3f8fba424a325a23125dc76844_attempt01_receipt.json,1052,04c2b9ef04e7072b92c88342f92882653c5fcd8360840b788e4578a2584fec9b
receipts/0beb39d532ee36d79087a620cd4d2562f09f9220c28b741636c08d9feff61997_attempt01_receipt.json,1052,750a51ba76dcc63009431896fbe27fe07d19bc8d782ed5e04fa45603d22a84ab
receipts/0cf496fa2a18855719c784c64a80d2de38d3582e1e23ec95ffd0c5649a1c7f0e_attempt01_receipt.json,1052,03292458cbb524b2e10adeeb28120a2820a66138af406a17562613171bcc8dd8
receipts/0d218060303c95d8ee62d734289023c9fdf176162a25f9c58eeefc5cdedc9fb7_attempt01_receipt.json,1052,898eb4d54e86e851583ff170684ad641731cc26484ceb19de1bc8f40f2f682e9
receipts/0d485bcafd388f7fdf8ac15ac72fc5e9ae88f3d230fb34252a0a6727e4e4d888_attempt01_receipt.json,1052,928f35f0a4cff2302b38368a95b042f1c43f23de14373f97bb3352ff931577ab
receipts/0d95850af3ed51483c64d187ef103788ca9e7a99eaf25e093b5bc553766f328f_attempt01_receipt.json,1056,e444fa12d00ec32d1ed04948c762245d24183f8ce5da7190440f88c1e4904d0b
receipts/0de58ffb3954a1ec7f0c5de247eff657f881fdd413480c6b49800f638d649e39_attempt01_receipt.json,1052,15bb31da1834f119ac472d7c7c7cea287dabbef75d5f3d35f6e30807ec02e963
receipts/0e39def9dbdc8f735c12272dfbfa320d1f289c773efc0856fa56f80dedb4c8ff_attempt01_receipt.json,1052,acf1f53359e6118da0114b7305cfdabbe920d610af5029f6084e080261c36ec0
receipts/0e6d498012ad1bff9710a0e31a27e271266a8817b7c5dbd24765bc1f276075ee_attempt01_receipt.json,1052,b9dc6c95228aa5e5c82286d9f7fe353e05c907f68b3c0c10a9b47ec0b24ecef8
receipts/0e71105e1ba3c60ff3fa295ad157d2c11bb109005679951b7bdd1a84ba2a216a_attempt01_receipt.json,1052,84df2ff87ce97a4bf2e6302802d580b85c7858182da076d49e93df918fd48e85
receipts/0e915c15ae191ffcb070e87dccbb674d12d83a87b9da7253be5c64b5572ac549_attempt01_receipt.json,1056,3b6d7ead77290f837318e2ed6007e3c68c68e687f90dfc0415173de6ae6309df
receipts/0ed18cb23c48d324582f515fc40daf88c3296a0518a216c5e0f5d755d31735b7_attempt01_receipt.json,1052,845db1d963c616a3be3318d35177965bd48ce811b9bc57736e17517b2acd556e
receipts/0edb64d963ff5c2bb6452eb33a98072266152892a2856c1947fe36c475a5db66_attempt01_receipt.json,1013,59030dc9e9a696c31e43a171b8313f1ad73f0d8dc81dbcb926ecf2987ab756f5
receipts/0edb64d963ff5c2bb6452eb33a98072266152892a2856c1947fe36c475a5db66_attempt02_receipt.json,1052,e8f91eed264b3df4f8961ddb1d4e85c86910c785f56b8ac095796ca57e7acf65
receipts/0ee979ed88fc25fa8a557da88e59e85d766bfb32f09bbd4017fea3d30ca488be_attempt01_receipt.json,1052,8b1ab5c3b091023e6df9250c63ba3ae17707413d1c736763634561f97489564d
receipts/0f6ccb91daafefac65978b306dee4c6387388369f95dba680c2ef2b8c24c4fdc_attempt01_receipt.json,1056,bde65ca05cbe2d62fb9e36517017e0de6f36972d8e998a7edad53f5ae458a695
receipts/0f818b3bf5693f5023105ab730c0601f6d8d570633540793112c0073f470f72a_attempt01_receipt.json,1052,ca063f4a0d87e79aae75e14712f08115e10953845f166ffba1b2c479df25da3c
receipts/0f9fb1ead516933e041212a8242db6bfc511f45f76b1c12b31b9fb828c03cd5e_attempt01_receipt.json,1052,c0d78cf5bec232fd0534ef89c9e38fa53036e2addec37e435b735e2c7486770a
receipts/0fd2af7265eccc2d44bc5e01f1b851a7a66ca259c10a5f93cd6b5d2e46595002_attempt01_receipt.json,1056,92f5a22e35ce463366c7aac2e2b1599a0b7802ad631bef0a662f090331e52cd5
receipts/10005376fd1f7dafcc91ab348577f736602e52b0fc2945031f1f8fd2c8dde4ac_attempt01_receipt.json,1052,6434eb881c0eeaf2ae767aeabdade74c651e626ac505400692eee35ff5f2f7fa
receipts/104be2fa10bafd4d8d2ad3a000208bb25902c6fd70dd2631af37d0703c439ca1_attempt01_receipt.json,1052,aea3bdac0f8eb9da1df1a3475ad6916acbd71887f30245138f6c7fdfd5352605
receipts/10ae838208de7d99d1f254ffb0d2caedaada846c4b4f5e643ef18783e778628f_attempt01_receipt.json,1052,586306312494167fb475af8a4c3d99fbe08bd223854c21e98ced3d7d9ca49a04
receipts/10c96f905608e546f6f87278d26cc3347f3b174e0cb4767312bf454889714731_attempt01_receipt.json,1052,c6b2c49b38989fc3e275cda664c2ccb0406584150c2b1c402a48dc65bb8ee926
receipts/10d3f8e96e7169d1dac890b019ddc608adaa2eef223bed95e18490c818b5bc23_attempt01_receipt.json,1052,dad8bfbc9add4ab57c2e3057d8db76e5b966370325c9878b98fd31c8aa186d1e
receipts/1168eea3d9e520a3e2c43a25083bd4d3e1d72cc7889e0412a1f7038ce7407380_attempt01_receipt.json,1052,977fe74b6a2b8bf538d64682969e6c9b92346b126f7ecbf18a5c9849a10c770c
receipts/11c7c79fb25484a69aa2cee0dcda6a2a27ab3b32af93e23961ff9fb2f56d3a53_attempt01_receipt.json,1052,ab3ad93582d7d7a4c8cb6b86beaf22c1e2c8cf66568f82f97b4ee9b6d718f00c
receipts/1237c1a24fc4e307a81d842103385a6a6a3533716cf7c907c32e7fbbc82231e1_attempt01_receipt.json,1056,e3515e314ceb1fda6fca08d67dfe2ac12f6a689c6bb1a50faee7079e774aa577
receipts/133958f21aa2d08e2caae3dbac775929af3dcf72013021bc42caae54a55e05fe_attempt01_receipt.json,1052,8c79fb7f662b617e02eb4d0ca7ae16e761b47cc5a748b9bec0d99a332d721bd9
receipts/13a4f7d5d0da411e6781b2f22e91076055f175d9fbafdd5caabfac0350327f91_attempt01_receipt.json,1056,55c2cf000d0497352422d2e62576719138676080ddf70f32a20379d474b0fde9
receipts/13ca18e949ac0dc6722f960b7223a2dfa64e7d1f1cefee2ccd463f60e9f74488_attempt01_receipt.json,1052,2fb3916847e0b2cdc1af8066ea491dddef758272fb894029552a687776d90cbe
receipts/1419bc1312196e234d61433759b8a927076f6e25626899d9cf26c2af36c0b230_attempt01_receipt.json,1052,1a80525c55dbe6aba0d14aeeb380ed107fa254a1c4e1d05adc0d704229e39c7f
receipts/142648c3f0ef6e7d58972cbbe877c55fc0b880202767e345dfd37b45e92e4e4a_attempt01_receipt.json,1052,226e2fa44240e6d3ee3a4ee6815c725f01ce98558c7ac14af5e1d5a7d1323870
receipts/14afa0e88b2f0d581cb929b9a73258d0873d5cb6c3a09588d2b03834c817f29b_attempt01_receipt.json,1052,103a12b7ace8d3fd71dbc4e0e2cab99cb66c039835bf88d15d2a5ba655f681fe
receipts/15e40707156482080a6e99d90dd09b4c3ee2828b3239eb95f3c339f011e2961a_attempt01_receipt.json,1052,56ce6ee95cd868a6fbf2af58663d855c683b20c21f40f1dbd58e79e048a01538
receipts/16546d5999277127efbf428c529f73af1659595daf72178798db3d009bf93004_attempt01_receipt.json,1052,afad747714882e3dcf7e4ca9073df3de59c388a424ab6aaf29df6bf5c471b0cd
receipts/165e45ff9190bcef039ebec7b56fc285fa3fec04a5b7b1482613c99823c4543b_attempt01_receipt.json,1052,e5f434a65287a347a0c4dc24f701bc3af39f6ddf28c15c1225efe48870950af2
receipts/1672eb171839b78b523d39ca0804685ee68a85d6d4204182dd37d64b41430f0c_attempt01_receipt.json,1052,01d7d5fd3f639c42e292799ed26a70e257b923246cfc08b08cda89916befa860
receipts/16762644e484aa9f648a0a5e82b33ba214eadef267f7c3d24db03cf4e2fc6bb8_attempt01_receipt.json,1056,386cee6220c5155e1a9539ce07b0ee2dff42129fc309275a47e90efb2bac623d
receipts/16ddc587db92fd33629f267194732d77b8d16a06e37348397952fc8a5928994e_attempt01_receipt.json,1052,fc9b64cda955c46863a7ab5021f9e93f857fa4694f04d27a00de9ed91edff3bf
receipts/16fed667c771285ff80c5dbfb579da7b2afc29d8f1fab656ccda9f41dc0779b5_attempt01_receipt.json,1060,88d9361bad2783b14c8d164db25863160349fbcbbc68a41eac400397a0c7fb6d
receipts/172f0f8c6da74cc692a8a1ba7d4f31ae496e8241c6f0fdb8c2476091ebc98f07_attempt01_receipt.json,1056,3979cc96bc8ec2c74c2a6ea3cdd2194f968ed701af1eb0801e8a611ae9595824
receipts/174d58306cac6c0c69389442d35ab116811e587ca1d9d92429066a7539a6022b_attempt01_receipt.json,1052,ea07d59e1954d9898159a9c205458d03e680da6446b53ccf83d1fee21b6de56a
receipts/17f6472fa39bf656537a5363cf7e47a1f45f31f78ca88b11abd84fb217929fc9_attempt01_receipt.json,1052,3709cd81616753418b1dd0c301e6e21120e0ac6a134f26c5b07bb69545d42c2d
receipts/17f98348d1fad6e43aa49d5224977f0256c56cfa6881cb73085a5150245910a5_attempt01_receipt.json,1052,46c9f81a68045f55ff08a94f54d5987dbd3fb782dfc5a9a87e3d911a7f4abca9
receipts/1824a200623c025b9e1c593f93e73be328290f7b23dcc73e5db2aafb5cef9c5e_attempt01_receipt.json,1052,1d403b5852d53546817313e12a033082e1311c2efccc251d2fb5ed92c6d1c5e0
receipts/18df589861062132bdc6e2c590311044671552c252fdf5496f5c4df8d983aadf_attempt01_receipt.json,1056,6a2988b8fdeef830042e2335f9d46dd9001c92e84f1d44cc4d8491706801f2a1
receipts/18e46db6b9a197f2a46403776adc62f6978130acbbe3bc531bd67805124492d8_attempt01_receipt.json,1052,8b2053f021eeec9b83a487c287fd5a10c7c8c7cd9ee8b9a40804b45ea030841f
receipts/19904fb0cc170b5ad95404f499205a841455e8f84f1a68f48be45a1bd5999cda_attempt01_receipt.json,1052,93fed96d6913bc979f9e4bdb6e314f77ecd4b0cca2ab71dfe55d5a251e37a46a
receipts/19a7c54aa68de829060e9ff8f72b8c6861ca154a9ae600a88d5f605e0835a020_attempt01_receipt.json,1052,b3f695dc29886e49c8e9ce84587444e3aaa2ccdf6bb29c9beb16814f5cbddefc
receipts/1a07870ca1d0cb881a69062141dc6fae7840c0a7245e2d23d4eda5881de7adcc_attempt01_receipt.json,1052,8f3375b49235543d4cd65b5097d07aa10790599273229106cfe5172b71e4a08c
receipts/1a831c6ef92832842eca0265c9aca55c900fb573cafb2cf63dff5a95b54f2df1_attempt01_receipt.json,1052,ac1a4a2ce11e5aa0c9b7a946cd8179ba08b81c50d6985903ba18eafba4718c94
receipts/1a9c34697bfc0f22d633d5051a3497236888cafe02db1e19ed65640470b6df11_attempt01_receipt.json,1056,d50b4b7d7fa8313455a27481fc8eb075db789307b3e5f5554e05a4b2f88abd7f
receipts/1b488e301d3d98cf5f0391a1515f801c3151ea274ae3c5a9d291a6fd8b5c69f6_attempt01_receipt.json,1052,13e5c5744afa3571d6a810c517e3605342e045be4c55ba5f4b62aa8824db22f1
receipts/1b6d10e38a70e7240af462f136ce350076c03861c5165251a8503077b104b8a3_attempt01_receipt.json,1052,99f5fa586df11f53a03b2b863eb7148bd1c23931080cea6c192691476a489393
receipts/1b9141197af416c53e6d9d9c9cd2686f27e7a7573222a5181d85f3802c9ad9cf_attempt01_receipt.json,1052,24ff7c634894d8b4a5b9b105a69f02e366a95275d82ba00a7b6e2b772f36825e
receipts/1c2029203ce25876dcc14cf33834f01324249c40f019c5ec06ad74477df21090_attempt01_receipt.json,1056,7b0a14b78dbe2d26651986b9dedb04f3152ceea87700f855ba13f9c0a584fa65
receipts/1c3adb7ce9dc2f75d7b85e3b1bea5a6291c652d12d07d6512b254b58bb638642_attempt01_receipt.json,1052,c4d5f9afb91d00218275672928fdefc531c4007b943d955faf2e600e15be7d01
receipts/1c3fb589d114fc9dca5b62bcfeb397f4ccfcbf80729f40654083743f4958474e_attempt01_receipt.json,1052,8df49660feacd5e1e35cf2aae8641ac44c0759adb18ec5f8e01e7e25e8b023d6
receipts/1d0412da12729890d997dcef68958a5928ad70446dc72c196fa1fffa3fd91d29_attempt01_receipt.json,1052,8a54fec25bc09d0b0714e0e276b2980be6564be1882a61c99e331d252b757399
receipts/1d2299d357b2104a3b910ca954b954d751ee388b51de55a3089f80e04002990f_attempt01_receipt.json,1052,500ab6490811fb519f4343a706716c2aeefcc3d8776fce9806defbcd400074d9
receipts/1d4458a7e44620f45a76ae638391ab7857c639a20a9f1f21731a33a92d97bd66_attempt01_receipt.json,1052,f39f421bbb3e5008392c3654fbc359022915c78c9961ff62b4515394b32e7763
receipts/1db4b5e152279078b0571700737718d0d7c2f477c15d143523a00bf98646ebd1_attempt01_receipt.json,1052,5690175826ad05b94d3e4279311cfd33cf3ce496e08118829e2ae4a05aa90f7f
receipts/1e0c4e4c02a12454431b6c72c532e6c02942a49f5ffa0ac7cf58bb8b14c1e3aa_attempt01_receipt.json,1052,cad6b122d994f10275f29842d91efb173da6ce4c147cde09be6cd9befec26244
receipts/1e15c6a7c745f1dfa91f193642f7b50c7cf89abe2e86d4c7af5edf49d42ac5d2_attempt01_receipt.json,1052,1311f867ec05472d03c96520b8ae3670d1f0c4ea32ba09cc4be5098f239b4f3c
receipts/1ea119458d5c22a2a297b28228bbd6ec5a895510dc4de70884f56fd3afbcd60f_attempt01_receipt.json,1052,91eb16b04daabe10e257751a222c390eeec0c81f835ba9f3f3e3ea413ba71120
receipts/1ef1c0ed6dd0d762e1b07f319532fca0c025710edc0d443b5923e19f8ff50744_attempt01_receipt.json,1052,d66f07ca59a530ec8a34f41fc5464f78504677ab5788c1950b78cac55e359858
receipts/1efa2924aae8d6ea6b4c243868d19193b9f5174349e9699cd73d8e8abdd532ed_attempt01_receipt.json,1056,4bd404c4b16f325c0bcb47bbd15747b4931e8ca15dd7497594849ad7b2e22985
receipts/2030e15c12b809be24a0b8b3cbd453d1cc0ee6cdea3412a825c972cc346796e0_attempt01_receipt.json,1052,e2b8d1d92c428a06ebf6d87c696521e865f54e2098adf5ca9c7b6a20a2897b88
receipts/2064caadc3d1edf45fc852635c1fdd0c4d66a0fdcf45f5ab2b0278a385141134_attempt01_receipt.json,1052,455964e3a0b327425906ca9d20d3c55eafef149d5933283340116c7cb4820b21
receipts/20c8b2b6bd8613034693148fd79fefdef8fb43bf480ca0575f0df569e1ac4f38_attempt01_receipt.json,1052,83b82eb573964d6264a178646110d6f6242f31cd4ed0d6b61964381f4c32f30e
receipts/22584608ccdb9ad899429d5df21d41e6cf39294315cf7a2b0e86b04f06dfd824_attempt01_receipt.json,1052,23c21c33e8d7ba16006e76256e3aeadefad3f5d60468ab8ca163a6f40f30ea68
receipts/22d9b6d2aca87b7eae06823303ddc030686eb054469fd0dd3e7b4308adad1433_attempt01_receipt.json,1052,658223cb7c97c0a43eab2a8f2aa16c500755a45175dd72baf8d3ff80d5d0485c
receipts/2304c4dd8227d66fc0332c4ae7061e8d526488f4d1f4f1cb88d2d564e9d4f77e_attempt01_receipt.json,1052,ea1dd96c772726e8c77ec3b8a6ad8f31e8f2250e258a88276f3bea909b53d87e
receipts/231521410725c9594706aeccd141e751691286b89865d950b4b095cdae99c87d_attempt01_receipt.json,1052,d43cb65f6e7289b158d9d92b8f4f2bb03cbb0bc7653067b7483f8f1f241fdddb
receipts/232a00b9ac370a64ee980cb9c33bbd3b5bfe4f9507074d88845eb2ea39b6eefc_attempt01_receipt.json,1056,32728ce5ee39a794ae2a55ae71ca45003cf0094b71556b4b04daa02cdcb6700f
receipts/237416819b5b8c0340d13d06f2dcfb3bb37d4c61a695d83f197326a93b8375ec_attempt01_receipt.json,1056,cff8938bcd864bcefab87f2fc02ce6241d475927503642c50b61b79bd582c3fb
receipts/23ee9598ac889c3f82200111b533786f0459218e6c4aa403f53a6361379ebd42_attempt01_receipt.json,1056,28b762e1651b37a7fb192783c7ba5a09d11783f0ff8c89edf8e3885792bd4075
receipts/246a953a672741f5f952ef80badf6efa9f1821c5cd756c712b63bf78a3336280_attempt01_receipt.json,1052,a6aa4bf926b6d6ec24e80cbac8f7d5b547d30eb0aba7be0c06fe1c2bb6e6c8e1
receipts/24ad62aed7cc9c61ba04e4174d131686b5f0a7468da954271d759f6526dcbb20_attempt01_receipt.json,1052,9228c441fb181dc1a46ebc213a147233568a6c34a7e346bfe6d38793497df9e1
receipts/24b357713494fdc1f379a21d00c7ef9af44c1e946ec3391cbfa0bcf716b13f78_attempt01_receipt.json,1052,53c19be1c6260d890e78f06d8a9073d75d29b4cc299b5372435e0a9350f24853
receipts/24c58296ca150b59bdf49508ccc420f7758bd6462f24157ad8e4db670c075332_attempt01_receipt.json,1052,5ffdeaab4007ed55a88a6183e27b29584efe0700010b0fba0029eeb7fc5091dd
receipts/255fc757210f7900086452aacd99777cfd44771d1d2139a43a7af160eff174c8_attempt01_receipt.json,1056,a4431dc21084aedda43196fb9540ad29ae87ae213e96a3a9eab38caaf54b4943
receipts/2700aa8df3d737b2852802fdd4a574b9d37e33e1edca7ec88629dc7bc028845a_attempt01_receipt.json,1056,de074600d4623bce440544096ed923f4f2b429743659c9ed385408b6d8ad99bb
receipts/27826d6a91e11884c2ed2ede14159df727553787427e2208eb426dc4f9cb54d0_attempt01_receipt.json,1052,d9a5711de56a41b45949c5870c598d13c34a302907add590c10011f69282ef63
receipts/281ff5a3635dd27ab86de894db8027aed487f1220506b91c13861cf2cba783f2_attempt01_receipt.json,1052,96a8621f893d39be973f102d47c9ffc02cbd5b0d6dc554687dbaf134147b5434
receipts/28446dd432d7b970671e5e1b2759fcc383a594248a48a6290267ca10a5075873_attempt01_receipt.json,1052,39a364e69d4378d9a1dcf155be8d07f664ff1493a90f532b622dac181879b73f
receipts/28d25ec3b186748381ccc07c9a4896c8c68cb0cfcfc0cf647ba2a77674b3445a_attempt01_receipt.json,1056,774b87fcebf56e6285fb24c4a40f807d8b0e0ff707c90ab0304f1f07734f25e5
receipts/29939bd7ac431b1948a466fcf47e9839c8ea112537e40718251d3fccd422cf2b_attempt01_receipt.json,1052,7d115c8e51e5b4b38f20bbdc54a176741fcd751f776e25b1f742811c155adf0d
receipts/2a068df01a6c9eb1ccd129df958c8a197cc8409918787120ab3a7c78a3045398_attempt01_receipt.json,1052,007f93312093624bacc359588bc444eb64cf94f9cd2bf37fbc1634527b704b71
receipts/2a1a9d8b66064d1c71d20649448807550902820d039f8a13aa219d48f8bc2d72_attempt01_receipt.json,1056,741cac330a31fe3ea6a9296a0b1a8e4d9366022ad5401070dd626b24b3581db1
receipts/2a577ddb42021a18a3d05f26cde4190a74eba3249c40a8870ce45cab451e8a24_attempt01_receipt.json,1052,be07d69ab9ae341e1c8cd7a3373e4b0149e04fa1055e78cd7c8aba1c57e9c037
receipts/2a841b7a1d36514020c8532c089b13e1bbb3de0f181ba69f123368ad2d8caed8_attempt01_receipt.json,1052,22578dce25469a8a85ec8284dc9839ac0065539c13f00226ee51cf0e462140a5
receipts/2ad3fc7fbc0733622c1a9d3b17aec581d7ca7e5c592a6c83c5bc7d4b3cff21e5_attempt01_receipt.json,1052,3ed525a77aa4c58204d7cd7ec12999db2d32e7958afc525555e07f4964b15a79
receipts/2af331601a082ad815cf234a9998cbebc8ebb51faf7000620f94cb409e68882f_attempt01_receipt.json,1052,2b32f3be918327ddd76d8d1fd1ac3052d7404c8834514b7d80b509a2ff0a41e6
receipts/2bcdc12a4a6709ee9f510d0cb8d16ab4b7aed04a50586be68fae8a1502c10229_attempt01_receipt.json,1056,183ce4facc8cb1b373fa4b3d9104ff7a39a4e37c77917ceaa97429da7a20e218
receipts/2be5a9bb8ccd49a0c7057141df1276f1aff14bde66fbe54dca747e1ff9e028fd_attempt01_receipt.json,1052,d971513778d5311d57dcfa63f9b9be29c62db4fb42b28a27d9ce643174bbab89
receipts/2be8d6670e31782dcdc4353a36fceceb6aca55f5d6cdda5d33f5a3eeae5be608_attempt01_receipt.json,1056,3ee79921a197e158a5a04f1dc9551e6224961f4622021babf09940fac62e1c08
receipts/2cb553a0242aa2b4be67efe81fbcc4c131c8bef901d3709fbf6ccd7e6e2c7b5a_attempt01_receipt.json,1056,531106fd2a4da5aa2fe3dc6d925f82c13c98de3f61bb9f3893667beb6e2d7c98
receipts/2d38a3c1dfeab031b87b3bb7e59f07473e8cfd83793b067939d8a69cdfb63570_attempt01_receipt.json,1052,e61805564aa07c8c813b255e75b869bb585f1770d0d1e0911ce5e641bfb9d0e8
receipts/2d3f2aea285771b37b1bcdba57ac6ba60f1e67fb8779ae12cc408c4326854fa2_attempt01_receipt.json,1052,82ec832a98894f5a587234a278151c2d85ea9df34f3771ddca2324aa08032e5b
receipts/2d9858dcff18c71ee04ad1be468b8e70a9a067c6cbdd8ca3d7090574de1b6acd_attempt01_receipt.json,1052,f68de1dc1bb8a7c3154171d273bce368c6ed4de575643b92ca2e5d707576e207
receipts/2db969b080f4e40c5276cb13ae9bd1f79d882e5712b3c20ffa6db141afa7cd06_attempt01_receipt.json,1056,bc06cb04128fefab712fdeb00815a950b4db1a8f826301a1bff3a54801d7e529
receipts/2dc02e69061628292610e9ef62a13660120750e5977dca30e6f850e220951e07_attempt01_receipt.json,1052,591ec8036bc7fe04a67abc9572f5b1be97d1d1cb888a11029c30aec4cac7e672
receipts/2e3ec2a2cb49dd2cdf589e47027e8f98341691e9ecc78a61ffb5e5bfb6d12926_attempt01_receipt.json,1052,34646189e0283601ee06ec0316ec01e0464528fe9b5f114205cc919e8a2f8899
receipts/2eabcc097f5a454a4be8f816871afe5f9b60fe3cb095c712310abedb72322859_attempt01_receipt.json,1052,1b4a6b78c0c46113e85790424fcdebe98aa92a1920cf019b68e00d1c857cc289
receipts/2ebf82746fe393b6551f23c32512ee907830eab0e8899a844bd692bc74fd9b64_attempt01_receipt.json,1052,f07c9e27f450e1bc3ce291db35f7bf266a65e952d92f201169b9bfb51414d98e
receipts/2f582fcd4abbf19f3cf1ff970abb5fe885c147bc2f88801cc770931ed0b00b6c_attempt01_receipt.json,1052,cd204fa4194b97e685120ccaf7a2596607180b8545ec7d1bfff50bddce3de618
receipts/2f9c06d991c801e0af9b69b10a3b58af9a3f893028c9f3927d9b8eb5fcb902c5_attempt01_receipt.json,1056,0148ffca4e2e8b43f9db968bddc9a19c274aaa268f9f657111b78fa8f2c903bd
receipts/2fc48cf3cf4a146255c4f5fd45f00ddc194d69b1a999cd8753d77cffcc06f88f_attempt01_receipt.json,1056,835c480c6e2e7d4af1f45f2b1764869829c1f570d8c2f134936bd11974b8ed32
receipts/304ad3351a838d8235a6cc9dba31949f3044d7fa6abccaa36f00ac4edf8acf73_attempt01_receipt.json,1052,7b3a94a836591f89a44b4441e68ac2bbd384a3a1fed8474fced45b54fdec5fd4
receipts/3052dfa183afa72365576511277133991fddacfadcf302364f563823fa620dae_attempt01_receipt.json,1052,2472a9a488ab57fc9a7d5dd8f8552f0f2233269ee29b27e5d17a5100963d7120
receipts/30695281bc3dc3b22dff457d45ca95960cc03adc25af95350e16c7b12b4ed217_attempt01_receipt.json,1052,9c793b2b4111def0b4a83b5699f50ef36b169f9c938281879ce1e0ce3bac7541
receipts/30a0a4b93c6ee58888a6e3fa3faf81b5ae537f832723fae915da42b449df8b6a_attempt01_receipt.json,1052,855d4354bbf476cb9329e2f94ce66fed9f512cb59b94b01f5080b971c0790692
receipts/31a4e3bb40e2c2349e59456289cd96f321d255bc2b453246395b87eb0dd74559_attempt01_receipt.json,1052,9235a7f9c9171950e7f0eecc8643bda7b59d3b2f2955f9772da48ca3cd83191e
receipts/31a82ec88cbb78a42d36866e54b206e353425ef2d1804897f3d6f606177e2acf_attempt01_receipt.json,1052,fea43ec9754b081f9726592cc9cd023b72b03cebbccb6fe6195a0ef7aead193c
receipts/31bbc942410d48ac151c514a0bdb02b2f3699da205f614081b444f06d87fa292_attempt01_receipt.json,1052,b3ce36440fb55671c74e5c0d0801c7de2a9b4268ae56fd3888d966fed5fb2851
receipts/321dcf5ba63d6fbd0eb87798b3d84ecd62c158a0fa50539e7e45515555356972_attempt01_receipt.json,1052,85e4f79efe1758e5109ceb5049793ebe53287d97f0faf7044a3262acf2642ff2
receipts/324971280bd9a279122420e58183d2a6e3ba54f307d53da995bf6ddf47bee77d_attempt01_receipt.json,1056,27d9e0b7f697d4f0abe9e4a5c458da97277d766e7bafa5deb577e284d046be1f
receipts/328605bc9beeefe979a2ee50ff0efb8e1cd16b0fcf48127ba45dee453a4d8e9d_attempt01_receipt.json,1052,24c67ef3159c99164bec3449575b127a3921a0da9cb87c863a3c46e4dd74ad4e
receipts/32dbe02d36c1772d93dc6adba2e6d98f768501184897e4126b0a8a655fdab61a_attempt01_receipt.json,1052,5c099ddc529418f1fae38d34098e5d591395c2c06c321c2f2976fbe4fd936efb
receipts/33747a556a090fc72bba70d6f00058d34492d863896ee5d2d8ccbe26c4ccd734_attempt01_receipt.json,1052,a04684e2064b1973b8ddad49d0215d92e885945575956ab1c1ec234f0603664e
receipts/337cb340e414b08179fa0173c926bc9936ab2fcbf1c6789e3b78e1fc32c808e1_attempt01_receipt.json,1052,2f25b5de12aea55be2db0abb7607a3c721a476689d85b88a011aa63564ad2439
receipts/3405beb03a8375caa4480b5296a995861c8a5137c30005b95f5880895def1a20_attempt01_receipt.json,1052,42064fd405ea61182ce419efd07dce88820102c0f75c763c5dedb5931c79027b
receipts/342af9781356f763dbe7d8c780d4e18f3efb06b933214866af19516b90d399ab_attempt01_receipt.json,1052,b2ee5f8b60af97c332d3cde1dc82f91a9ef463457f326456ad7b7a107f591515
receipts/34e4f79fd436434b9a30f951b3e23aac69d3c46ed12d90c7405e55e0b642f1e2_attempt01_receipt.json,1052,7b06c880b295d958480c64ad274fca92bc9e978490d922c2aa8786335a9ffecc
receipts/34f62638b9f873c8e9a08aace455eb8ba3738fc32724008cfadf0119bea64969_attempt01_receipt.json,1056,39c0ac7e0ed48223683651d1e38c7fbd98572d7484de01d2d1b69b24f555bd2e
receipts/35489d253bdb78cc8207f7e734b10fdd0bbfac1de6a6e5f60b8284dfd670ff60_attempt01_receipt.json,1052,7dba41aeeec46b3fdcdb4867806839fcc0a7d801dabad21969cf29ef1731da29
receipts/3580b0af0fb1c7a7c57c301d2f0f0088082690577c9f1e10b77b86be894141a1_attempt01_receipt.json,1052,9d44359dc71b8248192120e887c90395706c04338b28dfc2ad2ad62f4b1b2cb6
receipts/35e34678e1ecc6f8ac9c171ccf41a4ea113cf30306bd6a6d87bd73faee90139a_attempt01_receipt.json,1052,f21a7266014da0bfe9baa282de4e221a298930d696cc0c352a78700dda92a376
receipts/35f57f695e30352a786f502694e44bb19d88ec44af14a41a144d9de69c345321_attempt01_receipt.json,1052,e3135e960c77f073e42c6b6372d801bb02809a02dd29e03755e320a0252fca07
receipts/36220feadbac923ab0f57e464b2292d4cacc295543fb3a20e04f2c7c09591f19_attempt01_receipt.json,1052,a95de5593d3416740c9e8d544d9c97a0ef9b5ad9780d635d124d5a08de0c1b6d
receipts/369870c0d75baae3292b1b42814c1c6def7d0b8f88ce5c83c5e08c6f131f660d_attempt01_receipt.json,1052,a690a1f1c926841f7f805fa215e672ed558a53e4c6feecf2ecb5460d208491ea
receipts/36a3b73e0aad11476db299d22d552011198bedcbb3fee0af757443701ef6f504_attempt01_receipt.json,1056,71dcc080034bb879b49e69e0177a2855267d2bdd1d1f61efef223d55c7e0252f
receipts/36d272f24e8a6eace9ee626aede6f65fda9df53a91ed646b38d478fdd00a3b11_attempt01_receipt.json,1060,b37374b5778acbe97bdbeabca9267dc5bb5f6421c3a0ebccad465f9c585895f6
receipts/36f4ee45c79e1df9c797ba5e2ea6c1c9d88758e27a7f7a93a8a0c0ac20c34c96_attempt01_receipt.json,1052,0cb1d7dacd5b00c11ef43ade624cc7ac91477a8ccce9341086c97101ee878e07
receipts/3760548a8fa957e32c1823f71dcb0e799c1bcaa8b44d58751642b49fa5476a77_attempt01_receipt.json,1052,2ae51b20de8a640ed02e274e069d4080b6fef1b613bb807d388e80c5146e8e17
receipts/37aedda98e4d7fa6527ae9930eb234460a03c86f824842b6b8a46773a17f933f_attempt01_receipt.json,1052,0dc6194cbcdc4906571013e6c8c8e7238cf554f8f6ee1c9464b6dc694261db83
receipts/37fe864492ddf4b25a7f266ddad0c839c234fad85e31c21c61bc4697bf0709b4_attempt01_receipt.json,1052,aa12aeda7bca798ee310f170ab82e725ce55488ef0f59116a40f230795300bf2
receipts/380e1384c97e42c75f568d9f964d28c6e91a548beb58bc4a5efd7eb326a13ef6_attempt01_receipt.json,1052,495e2ed7b41baf4bf693971639e82a04d6a9b1e8a0f0cecfd484b51fe5bb816e
receipts/38791c774908df7e4ad201be227e4e5126940af3d6989da30cf5e6792dcfabb2_attempt01_receipt.json,1052,c4ee3249b1697f6f75a70b9b1f5f908b18100a9cb64c2b200818a396243c2260
receipts/38ccc7dc4315767bb740dfd5e880fd3a8cb2ba9ee27d0ef504c22b37dd463501_attempt01_receipt.json,1052,be443d2de658e9dd448a73e30c8c09507e2caa4666b2a7749ec827fb9b8e08f6
receipts/39633d4ac3a2c121e8705dc1c3acf01d63f200cd8abae343fa7fbbd4393d8201_attempt01_receipt.json,1052,7adba04156e6955edcfb4b89a4ff3303b35e3218e9d5c7bc8b8db911784b5d35
receipts/39a08570b09f90494f7d44db10e44e3ed6062cee0f92636fe3ecda4a68b3eafe_attempt01_receipt.json,1052,34a2f9ada34cfcaada16af169f4a81906ac11f18b8f27d7639fa7e2444b6d881
receipts/39d0739e63ef65fa8c768c6a25fbcc14a8250f92530c83e2c46459f82282017b_attempt01_receipt.json,1052,cce3ecb717c77f87be839266cb0de3dd91dc728c98654cd9ee2bdb47a18b97f4
receipts/39e596b832c51d5582e820ddc52d11a010204392ff55ec1e7c7cff3ef1b42a3a_attempt01_receipt.json,1052,7e512ca433c1032abdacf02888061d5b8dfef7808b8af93e19503dc9f799a3ec
receipts/3ae86b31934b90bcc35ff0778f699559d056ac97ad8eb6a8561d9f6c5ea92635_attempt01_receipt.json,1052,e8f7949ad8bf741fc917cd9170a7765fecbec0a114841ae69a7c1d33c476674d
receipts/3caa4bbe27bd17aa033f9007bc9bded178227b93a79690f4dc80c917479cc27a_attempt01_receipt.json,1052,ed7a976521d6e340240ef26c5143279fe4b56422e10ed783d56ce1739757051b
receipts/3e9165721e1431d0fbd7af0be6551bca58d6ad8e780e3372b91c5ad3e7eb23b6_attempt01_receipt.json,1052,ca720a080587fecf4ff2d93dfd890d5f7f0803ffb22fe236ecb6b4defa400579
receipts/3e99d660c29d358730c0bba73b26e1f5e5ccfe298b7e7baacee17219d9d24a8a_attempt01_receipt.json,1052,ed618d20d72d68bd65d196d9cea46b62b1710c5189b15282ff97d9318b7ba2b5
receipts/3f269b68aa3c8a612764db9b713e58735b8514ad9f00116930f44dd457b0f8d7_attempt01_receipt.json,1052,3a3212db8de659064fae874c987267fc7cd75ed39637dc536cbaaebe93429522
receipts/3fabc0a959151024e735e611f45f1e75adf239977e3a41410e8ef48b3dce1547_attempt01_receipt.json,1052,0ddb65c46be1880098e7a6c3ceaa117ccdd90b7e71fad5216b21c748c018ac85
receipts/40abcb50699ad1a055b7b2672dab32c1a6d33e24021844c915ad23f3e6ecf972_attempt01_receipt.json,1056,d3ed3d3a743d280ffd4a27e616b0b4b03e9f980a2d6e24885203158b1605a26b
receipts/40b9bcba30ae32036d3ba5a72656050a149f6fa4f4aa9125085f09ed58e4dcda_attempt01_receipt.json,1052,368530d5088e32e379a0be246ce1e3c62ecf80563b9574b0bd579a245c25d4a6
receipts/4124ae759091b6cefcea10a9ce5c4b096d49098c56e14aa6a2d3e75c99b14bb6_attempt01_receipt.json,1052,edf7d9a7f333b7b4308763fb491dd93a26493a33221772ca6f4f9821d580d1ed
receipts/41e49e48ae232b7e3f8ffa847898159726c12c881a275ee8092767e0b58ce148_attempt01_receipt.json,1060,99550f3ff9b00fca61ebafab1c468f7a47d0004937f1a717d1e7a8be64e7a074
receipts/4207f0842c44994dfb385584b40c5f2861854f8a63ddae93e1b135b9656e7ba4_attempt01_receipt.json,1056,effa8a72574b57f032bf4de9a10dad955cf7bc192ee701083603dcbecd6f8266
receipts/42700f7736738e213dc4fe20a51f9f52c17281d79032c39eb9ef23094caa8fa5_attempt01_receipt.json,1056,0419c7b37bf212eb09dc0b22b27ce92df35b88c5749d7d74361b8ad83a1401a2
receipts/429a0ad909bc22141b37c6a786583390adbfc5764041ae88c3896eed47c51adf_attempt01_receipt.json,1052,e691b886b7a2877fd0f3ed9acebf93a9334b9ef81efd17342d40289069a1e061
receipts/42c2617757c789c21ea7925c62a7cd310e0c3cf2689b82ad41461af501e87db1_attempt01_receipt.json,1052,9ace34842bbfedb8fa8e0eae13be1527fa5ab260402fc995e1364bd09c13beef
receipts/435deccc8e19fbb85a6417fb21c9ca8c530fed032c4199a0f88ee29229bce626_attempt01_receipt.json,1052,71a18756affd109077f806a8dedc913637db349a3fde6624703ac3f728d15f29
receipts/43e85125dd18e626258b21937bda87588cdd281c2755b64fe66117c9f8da5830_attempt01_receipt.json,1056,121195019b35293f7757594343dd8c351551921e2ace4d4484168676a4ef4310
receipts/440240d5698e7052547e161da7b7c49927061f79c1f410deffa47fcfb8c81afd_attempt01_receipt.json,1052,6e34ff9df47ac14f53a615f1cf79fea24f33c236212081aab5cc7a8818068fae
receipts/44648891c736afea51ba97dc3f41a5a9709d99875ae0e6c662ed7ed9eefe36c2_attempt01_receipt.json,1052,b671443d0b6ba8de0206671213a1868b48e2d0b08adabf8fd64898bdb359c14b
receipts/44d8b8bffbd627a13321aaa502b89a986e4ddb0255a33e9e81def59b455df864_attempt01_receipt.json,1052,7ac1937bd305aacc7028e32ce7158227c13342c6916ce39aab9023317d5dff5e
receipts/4574cae52f7e512de163d6d3fe94336db8c402fdee5665d09c3d26b768a224ee_attempt01_receipt.json,1052,c962f6e47f4503f586bc0a0b7d7f1c4ec384b540644573113d9bc25214b24af4
receipts/45a58f10ee4152997ecc75996e2842b69981d76acb7ae6b3aa5aa7b7e1047ef6_attempt01_receipt.json,1052,26f9543548a50143274f84b18a48500b3b71a40ed0da1539ad6a232b356b9857
receipts/45de1898148e484567494cd4ee64fe32877800e152087b40f6722096df7109a9_attempt01_receipt.json,1052,2d55252b6ca65c741253b1455231d683b31c709a811841dfaa9fa41dcd7c34fb
receipts/45ed6fe07e680e85843421e17ae5cc87a41a1f08f42a6d5d6161a2b1a226670c_attempt01_receipt.json,1056,9d79b783e1fc6e9a40b9be8f88436b7c0674c81b950fca7cf7240c4f06fe0b4e
receipts/46ddecd0f350bd19cae3e2119b7dc29f443884ff774debbcb45e1c60a1018062_attempt01_receipt.json,1052,3c1662ee3ac28f1bc092b75daa54d2b5e360100a874c8fadb19a4adc148c0aa5
receipts/46e0a3bfad2fada720147f9899d8a0cb205cc34ba38f5457d6e6ad4b6b0a307c_attempt01_receipt.json,1052,6af03d5abf215af3324cfd46f62d311d094dc6949871bf7d389458bb6b874587
receipts/4716e1116d17a198aed1921b178ff9bd24dcf29ae39c3112e58b2354373a968f_attempt01_receipt.json,1056,6313ac0ee59e97770d213591d637c704ab660299821eedb04b4e63403e9c5c13
receipts/472c804d23895b53931c759b8aa2e5dab842cf924b2766ee3d550d6164371cd2_attempt01_receipt.json,1052,8f7edbf0e6476dcb9e0be4d415951459882158c6eb45e8ab60292305a75f16de
receipts/4786148f8643d22fe535f1ed795eac08c2b3f96caed9753969d5baf3ce0b4218_attempt01_receipt.json,1056,d0f10e410293b35bd6adf98ea902e46b5731152935e7479892b5593a7eff01e4
receipts/47f66ca7fb72dbcfea816a56db1fa4e78aa9d96051003d3f83612d9e3fa37eae_attempt01_receipt.json,1052,58d1d949815655b9dca8444cc3fcd67701487da65ddb209ef847290a51bf69ea
receipts/485ce2c2e6ac8398cc58f147036cd2eb0d5782d5978b43fe727b36c6224753d9_attempt01_receipt.json,1052,903c3eb28d346054ad80aca157c606c6336a91d1077d9dd7895ec8ca2ae847cd
receipts/48d08f456176bb302cdaec3598d4504e261cb6f89db0811e78eede5d5bafc48e_attempt01_receipt.json,1052,8ee52a227a1c2b6e8df3fcd58cf59d23ef080fa664f9d95686a6f764d7b7ce71
receipts/48e6d5bec9c0368917070790d4f9c804e6ede3ee602a5cdee3f75e74b072592f_attempt01_receipt.json,1052,45ec55318a4642db0ab99609593480e97350591c0362204b38c454efe2aa6ac4
receipts/49451d5c5f4c43a4ffbc00936fd55faebbb5f87dd95c2699fc8f779919dd8f14_attempt01_receipt.json,1056,460aca910349196eda04ecc5b7141ba8b429ed3243c6828c9dbfdbc99ec2cb48
receipts/498d6cd8d19b8fe1f868580e094065e4498cf70e14deb2cc70ebdf8cadf36db0_attempt01_receipt.json,1052,b41957b971ca18ab7dde86b8946180b5aeaa154c8a445d6729694f2321dff9d8
receipts/4a78debbaa757e12f2415856bfb23769c60df4c3a0f850d68bc627a1a620cc8a_attempt01_receipt.json,1056,ee326f0ac9feeed3f93d58a37f57524d3f9b58a1a6cc4eddedb2004b94a11622
receipts/4aebda2c43ae1b61c285972cb7b97fc150489fcebc39a876beb2321e7c46d19e_attempt01_receipt.json,1056,847369e57aa050267b8721d95ccd2d8faa87e49a8730b1db26a1bccf6b04a563
receipts/4b40234d26bde19248488d3db0207d111711d4947850602c0ff50261bf21eb0e_attempt01_receipt.json,1052,14fd317b785cf02f8d426c79e2ddb3de2a1b71882f9abba1fce103f30612ee4f
receipts/4b58640eb88e15d423a5dadb8e265c9a121d1cac0dc16d1c86cf0ccd8aae7109_attempt01_receipt.json,1052,73232f8a281af0cc1c32b6c818e6d63bd10a617c4f3aa8b3357539f9873fa03a
receipts/4bc8a2171998e279d92c181bf439a57a759830ad45311a48b5cd3483b1987ed8_attempt01_receipt.json,1052,3e577b9f684edea56ba317d05badf62d313b97a77f82e3a3de244a1603b47e22
receipts/4bda01d9c926ee915b10c98a245f4c0a1a94484e8fcbc72d16fc5451cec93a24_attempt01_receipt.json,1056,2623b2b288d6f4a144b3d429543d1d5cc0161dfff081e61c173579f1327dd48a
receipts/4c321e4f0bb690d33f717fd0e7dd55d2a791fbaabea876df6b31445cc26b8a20_attempt01_receipt.json,1052,244780e2d211838fef9d30e4869509ce8baeb3544f13dfe67eb1d065c5925691
receipts/4c3d48811a27ee868f6c065bc552175aaad6fce80ea095017ac792b5caee6e4a_attempt01_receipt.json,1052,6541c1a70ba1d0022a397150a591b1031e9cfcb2ee4bd9b250f66e5144756611
receipts/4cd408bfebea143fa3e8bfa78f476199324a8921a84cc6e55e8a83b35ed71a89_attempt01_receipt.json,1056,a975c7c89abac263b81efcd3bcdcde6d2c7b4f6d7885905364b6adb2b38dd79d
receipts/4dfe5271f5e585b75c76698ec263fc43d0aa7980fd97240b55a0849f411f8bf8_attempt01_receipt.json,1052,f1a0ae520f2637c3bd327ccd5c31808c8d0919cf9a2ca82b26058d63371fe202
receipts/4e28521ca9d67866562cd5bc7b9f4f6b0497fe6337595eaf301fd3e678c5494a_attempt01_receipt.json,1052,4dbb9c3c6414054ed3707511af6792821ecd4c7b753b8813a073b8aec5eabba8
receipts/4ed6c816d0de80e0e1f7eb362c6e38b90e54fb99b9ac71e944d90a173ed9b06d_attempt01_receipt.json,1052,f10ba83a17c8b67478c59587a8c80de56b54a7b2e9d7048a7f96ef9a9fbaace6
receipts/4edab42049f1262088b3eda838202ea9e127814db1b6d8c2616282f532f07998_attempt01_receipt.json,1052,e6a9a9e1bf7424db575d12d8f953a91557e64e3e1e4bbf7e6f242def152da720
receipts/4f02e289a5a08d3babc76045c2155c827f90e6a5d16b4c47a8e6a53c5ea1c6f7_attempt01_receipt.json,1052,6e2fad3203b701e21be9cf5139eb7b7768444e8c47369e10a5ed02e00a92a7ed
receipts/4f24d3a58ef17812f71ce202f44e45ff27a3eaa47a386441c58900eeb4dee1dd_attempt01_receipt.json,1052,14814d358730d20dca7182e07f423644720412750982d0cef52a9c90aecf5dc7
receipts/4f7f2be8386f8eeedd52f02a14f1d942a3f030b114cb5e15b03f06213c474601_attempt01_receipt.json,1052,24e2f891e4914d6b64443799a0736155668bc54bd568e0cd3744594ae0b11cee
receipts/4f811ea4e20356928bd3eab48c23c3d291203d82d84c88932c90f6f624d4df8f_attempt01_receipt.json,1052,90b96af770d12ba9254a6e81f21f4a5c05e7a360f09f7ea7fb1c34e513e85c36
receipts/4f89dc3932a620ddde96ddf131a091a1029695adf3c32b85c05a826d926b87ae_attempt01_receipt.json,1052,71399c6472281be4ec5753441eadc6fe4c8cfccb644afb89cb27fb9aa112a62a
receipts/4ff54e609a850bbc6b71a0c685a563c2fc860550b65a4ee0284b8c60cf43f1c7_attempt01_receipt.json,1052,19214d5f0651cfa8240bc9b95a2ebc97a80583b97d1e43031fff8f3b2b4435f9
receipts/50630dd373d8dd67b2046ab2f4cf61d1602b3021fb0f3c3e8cdf39e91ec9c6c2_attempt01_receipt.json,1056,d8c1e81d9c5dd15832f9049b32c28bc8a85e840313068c07535a9443a0221a5b
receipts/510eb3d2742b85126f6bb6491675b0f58b5bcaa48e13c09a21eebc37b7c2b60f_attempt01_receipt.json,1052,a842993779f9c28c6bd843d9fa05b332254d2112c78fa9475ed7ab37ccd2026a
receipts/513d72a1b4b2379113a7cd54b7479914378e5f6d658651ad4aef2985e11c8891_attempt01_receipt.json,1056,a406f9b041fa7d4cb7b92dad16ac5e774523f2478790bdc771150f8a7570ac93
receipts/51ba4b14a80335e50687d3716234fbc3caf88dc84b9278a5df158b167904a9f4_attempt01_receipt.json,1052,2b09f6c3905c97ab6604d52090825965d7fe0a1786e56bf2c082dd6f7c6a90dc
receipts/52081101e6c0a4439ec99c8d010af4b727218c115a6c535b5748605b9742580e_attempt01_receipt.json,1052,e5573c421a7d28089e6df88d588ac9acb03f5ef0c7b7cd7840cc94bc8774d989
receipts/522437bd52cad93b355f4f0f9a87ef69b52f30449b2519206067c9e5ce122500_attempt01_receipt.json,1056,b25dbbcbc35cf765df170af33e5552ff6c1222308cb38bfcf19b9a67f58e36f8
receipts/52b19c796406bce37cbeab8d6b3d8d0b13ce67dc86468ca12bb105de8db476c6_attempt01_receipt.json,1052,4d6d651ac5e0ffe341c5938a36c161029b61f54cc9e966daa9c08738b517b868
receipts/533281dd21815500c16ca948857677781c916f256b70cce41ea599a0d9721aca_attempt01_receipt.json,1052,af5b2125697ab85dfce00ade106ee230944d2223887ab4bb0633dbe0ec367abd
receipts/5359c74baa2f63fdde713b3a0129ec7f344a7e4d4d69aab55b9b0971f69138a0_attempt01_receipt.json,1052,3d6f37216d35bc8dd0c971990764da7f2e89c933cc68ac23030503980799863d
receipts/53abb484a262ffbda4481c86be57eb79b8f936b4f3c3daa0e3ef574b2de349bb_attempt01_receipt.json,1052,4295bcc8608db7516342c2e663e21728ff3c06433276a0a9f08a9fb56d07c8c7
receipts/53ad3a4c0481f9212096c3977c5b9cff1bc7e9171b25246371ae29f9a10badd0_attempt01_receipt.json,1052,96f59e71f88628cda2c22f14df13579be19b1bdddd70e207a54764c19cf57689
receipts/53d6315903d8116ec207d4583e4b124eaa95defa9feec44458ab1fa2dc4c7462_attempt01_receipt.json,1056,c2929bcd6e285633468105bb2be14212013aa1c5aff7503b198ca0f2af6d2c77
receipts/53d92249a330849f64a24c69a0a4b3392366cb4cb21320e764e7f94e14c86f16_attempt01_receipt.json,1052,75c5a644c4230d297c24058315f2d930323942edebc8ea2615e4e2e2a9ae58f4
receipts/55b40914c3d0d8e421c2895032291072175a91f574ac7aeeaef99fd3d61fda2f_attempt01_receipt.json,1056,33b905b2456e9737519adb03d2028d21f0984fe227953da726689f0737fcac66
receipts/55ea51d39977e31db4feb12446dd4fb7e9bd72285ef6955f3d2a6916ba783df6_attempt01_receipt.json,1052,8a26f27bddb3b83eedc207d0f5ed016bb9026d0ba3fe9a692674507d5053c650
receipts/562ffab481324f397c416c1c45a2b170f2c0935c5e5ec07dd211da0360aad9c2_attempt01_receipt.json,1052,aa5f9ec6d364a931a9076918c894ba3f933faaeb4d0e9f5c939d3f49cbac3de7
receipts/566dd193ec2321b1904ca5e2790be42033257382318766535209588839253833_attempt01_receipt.json,1052,c24c55b5c17d25c6d5623d87f26362821956cab4b514ed4206df514f56338dbd
receipts/56acb366d4c4a13d5a0fa9fe290c172b454f056aee08608a65836c4b4c512c41_attempt01_receipt.json,1052,beafe4ef09125b254cb0df48cbf0e27d7ab978cdce570d6212c2bfc7b3d5ed38
receipts/56b128e1f4006f1262c04e59bd676ffbfa33a1ee380f2b50c1d1f42686e9f87f_attempt01_receipt.json,1056,457b0119092f9f6947abbd396ebab7b8e5affd73d4d7b265a57d9cb0fc4b73ef
receipts/5769a095fbb47aea02eff5500eba0e7bb88fdf63e9c327454f8a78c0978266ba_attempt01_receipt.json,1052,1da48a93af7be3cb54edd1b8c95589bb968252a61a1060c9a5a8b8ab292ee9f0
receipts/58a8625c540a1e28456334158fbb910c682b2fa5b87ca0b4f9004a6f572e9489_attempt01_receipt.json,1052,908e97805c538688f123bd668f5cf9666fc39ea90878f04ce7a70b0baf35ac54
receipts/591b2dd49232995722a83ac76c59651ac530a4932c23b518ca1069b33f4e8d82_attempt01_receipt.json,1052,e9240b5648554e5620918e51422d97794a5f07338a358157a2a7e7cf7da9dd6a
receipts/5952c079e15ee774a943e988432b0d03d30de2390d12ab2bfb613728564987cb_attempt01_receipt.json,1056,19481c9f77a1bee7927612935dc8292c32fbe24bc0f9fc9c18a2300c9870b3e1
receipts/5a28e09e4446a1ec6e655959314682085a74446edf15facfe7cb4013753404d7_attempt01_receipt.json,1052,d022d804590a3e9dc0c51d43b9aa37d13cbdb72ec4262c697787de4d3a7abfd4
receipts/5a298e7708e2679dcdc479542edf6fd03889072b010d43760cadaa1b616ba379_attempt01_receipt.json,1052,2dac85be6df38c0ce73837ec8b132b2fde4974d5e354062b344a9343e61574dc
receipts/5a76bfb54e61f1af1a714a10d993e7c3bf313ff685a70b82654f366f55ab6cf8_attempt01_receipt.json,1052,50c6789633619e742e649d6c86e1f77d4225e4299b74d646ee4506e5025c3c15
receipts/5a7ca75245235b23446b97467da3b1e43b8a30c5cd2b0fd13c00dcb5577063e5_attempt01_receipt.json,1052,c665dac09259e267a3af5f929358a714e236d356271cf6a788a7b19dcc65ac61
receipts/5aa0e3d952208026288078e73df12c00654499a1271497b1c38fe94c8be01a8c_attempt01_receipt.json,1052,53d21709369f8a351472e9fb1d0c85d0aec41bd1a441d622e627e1fd31541a6d
receipts/5aa22f3126ed8201d8f6342f0282c903a0e2386aa5c855ac9d8f1154b65eaeee_attempt01_receipt.json,1052,ec90bf8f83f90b68836f75ecaebb9c0ccbc4485eef2bf64a8902e55f0d2e9423
receipts/5ab8eae3d9c749c5e45a8a9560cc43d0aaa8a0afcc4dd3cf97af9ad066c5d358_attempt01_receipt.json,1052,6d872cf76ded57cab3728d392bb6f6ae7df7f5c4b6ef33026ab648460edb0c0c
receipts/5b156e714f0ba76623114481989bc60cf0284e24d53d41642a2b1d253bf0bfef_attempt01_receipt.json,1056,93df6894dc2f76ec27fab8eece89370f04cd5b941022b142383c995e52eec5f7
receipts/5bcb0293a05042c35c7a4997e5e2dcbdac4fdf221a0b382458fc5f84b0d5610c_attempt01_receipt.json,1060,04e2bf6fec6bd290b6a7351b8e5b9d4b686f2ada70210dee637177c9b38aa7b6
receipts/5bddfd5e84d1eb21af234cc6f9cef7107dffc7403a3d462aa923d2b453534cd0_attempt01_receipt.json,1052,e253961ba9cab77ce60d64b2efc8d9efd1d0b35c04109922fb7d186e175265cc
receipts/5c6a68eab0d151020e6c39b450f73b6ee3b074fbfb5822a4a642c7f3dff41ec4_attempt01_receipt.json,1060,53e2eda9f7d5ba5cfabae3f65149b3e981688dd5b5aafc648dd1480c69a15df7
receipts/5c811e77a6b8b4acb3a52d3d965df137a270f5ab36560c943363c8221bc9362b_attempt01_receipt.json,1052,d84c637bde3f07fb9869a19fbc5ec13461a21c7e835444dd606585fea61980e8
receipts/5c934f0992a2f403da17472838ff552b52ceda8258fec3999b63de68a794d022_attempt01_receipt.json,1052,0d1c09fc60381cc8c9f8e09175b54abc5fa0cad2fc50169714bf7d95e6c43416
receipts/5d183889cea6e277ecb0bc920adef68df16e7e344270d593932e741545109a6b_attempt01_receipt.json,1052,be451747fba76468304d7f84d60866788118661fb6b0c798b5f5381d9dc25f65
receipts/5d5962737b83b6847d0316a4c7f9ca0170627537bbf56e593a2069560280bed3_attempt01_receipt.json,1056,732ea716a26478be5e252d40e7cba73e4a5b3e44cea6ad48ddef8aa729f727ce
receipts/5e52cad73127e29ca38399b34092fb8d7f2dbd4e29a943ce8e47897652fde125_attempt01_receipt.json,1056,c9a37ef46f00e87b20720041d84b0d8a6209be9c7f831918515d78dd39dcc4b5
receipts/5eb40bb4a5e323d36f9b654b94c46bbbf0f60fe905d290983fd3394afce02db5_attempt01_receipt.json,1052,70413bf39e8e4e20904498268e7272c31e2fc72a6adf86a6b1b47eb87201349e
receipts/5f93bb7dedf4fa8937be2edde422444331301545e2588efdbb0bcc6ccce82d7f_attempt01_receipt.json,1052,d6217e0226666fbf0d61ff8352432a798f54a520270c7f3202e49788b31bafcf
receipts/5ff5578522a5d54726d27fcd67340b1d4cdf5e4d7ee928cbd4d2eaa361911ffb_attempt01_receipt.json,1056,844ab301fa49711c2406d2122a2512f08d2e4ce5ec0cb075031908e5930b1a9c
receipts/607b08824a8bfd58e6a88553fdc9270c872b408ab5f3c2e7773a7588d13ab605_attempt01_receipt.json,1052,9c7fc723a0433f68cbbf3f311ad47f9e93c43a43e1abcff1aa71e638119c9533
receipts/60b9ba2459255b8d6d64f9a586763bf341a035be2a7623fa7a6280e8b2258112_attempt01_receipt.json,1060,e4a253db6fd9b1d7dbd424d7e2d7b155eca0521636b1f7a303c6540d6a22a81b
receipts/60c204b01ed140729feb71bf3afb268aae1363d4b7a9bcd9ac2fbd0732b48833_attempt01_receipt.json,1052,6471c76ef6b523c0b0a1cd9a83c11a9d8ee6b1fd593110de8e1183c4a0bba58f
receipts/611127ee8025b468b181af028da1238758b1dee94e69052722ef91a0a4780970_attempt01_receipt.json,1052,dfa97fae365e9be0969b225b3738476f7dcfd2c4135639230391008202b1b5c3
receipts/6140915b478c848d0d5918458b0ccf4ad81da8e652d26c9c84596577c7359f1a_attempt01_receipt.json,1052,69ceeb1c0859a0815b74a98d28e1b749478d804083aa6da175de596177a0f936
receipts/6233887a244e48fba82e548d81d1912b1f0f8ed5efd306ddd0a386a63038b7c0_attempt01_receipt.json,1052,8667e0b0ece8accb7e017f100f97fed0530b7a8cf4a5131347c34a4b5b644f14
receipts/627739ea2ed9ea52c1d257b8f2e4a130a71a4e86d855674c20151de0831f87cf_attempt01_receipt.json,1052,29d66e5eb90d57f31c2487b5a499ab7729e9a8a8d39994936f68a570b9d1cdd7
receipts/62a2eda053af25ae2921b00ec53aa5b48827b3e453d2647c152cf5f3d8e2eaef_attempt01_receipt.json,1052,66e5fe0e7c7c73daf3d65a6d3a5ace54ab44b614dbb48b069ea76e9104dd33b9
receipts/62b11535c7390bf936db9c3fab351ca5b8db805daba72869ad775a508aae1228_attempt01_receipt.json,1056,5374c2616472f9c8c985ae1043789cbff86726102eb405ca69b3ca1290678b58
receipts/62fe293902a365842cae8bda06d074b3d8a2b3c6bda66a3f1aa3895b1f590066_attempt01_receipt.json,1052,68d5672f794885568e0b86d690682976b4b6731a3d98fbff0d93ec801c32adee
receipts/630a59e63d506fd0ff710a0c175b339aa46e2fd6cb095b35ef338028bf791894_attempt01_receipt.json,1052,122c207237610a5faa9c06a836849ff33d6daa290fc9e4ab66651f83d55106af
receipts/6316fbcb1e530266677539bb6998125dce105e18c6d7184db4b031beb1885184_attempt01_receipt.json,1056,63151f1a22bd26a8e150591fe83082e03391d788b11682b4fac5d666531bf4c6
receipts/64d2566ec8003d084d1e301ee792a959222800cabfef246358fae00f92ecc6de_attempt01_receipt.json,1052,1c17df65b74983904fc3efc983b8918d748f602719cae81ccee18ca1c3e04396
receipts/64f0a8e24510d50dd4a5aa3f41e6d767c7709f649da02ccc62241367640bafef_attempt01_receipt.json,1052,f80729abe3d27c8d495bb10f2f7ecd3237fbc463113e6bd0a9b1a3bf5b87781d
receipts/6550c097b5eb173ed8cac3e0d25db16e0c53c2f4d6a356bed514e636eb0349c3_attempt01_receipt.json,1052,7381ac7a4f5580ac6e610165111173ed3e6d18e71e3fd9a6a7161d33870ecbd3
receipts/655d256269abb1a913c82338cfbfafc8c776ac162b588fc08398da442ba0a9a0_attempt01_receipt.json,1052,4c52b60177a0bd67b17c6adc4846b1ef8faa6ce71a530ba60a5f2fb6bfab3f37
receipts/65df366efcf92a69327cb524cf4cf3e2248f02d37be073f474c1fe4de2305ebf_attempt01_receipt.json,1052,f87fda2bf2a5a77813f21b1d06fecac96ab63027b0c032c6b837a9147d6145ec
receipts/6656f6c45bb3ba366259b4e6692d136d40835b94b68980e19b7c986c34fb33a2_attempt01_receipt.json,1052,cc8c6170654ad09ddc3b280d31317acaa3accc9e40f876473a2ee4948b461c4f
receipts/66cd3eeafdd62ea3796b721ee172cbeb3af8da44e6987d69122122943f3c7d78_attempt01_receipt.json,1052,041f2e1af375603296a112ff1ec06f7f67a83e6575cecd667b716da69a9d7892
receipts/677b2fc661c78c8fac40a90f2b504e6e953e22d9d3d78e5b1207d34b47c16343_attempt01_receipt.json,1052,c31171ab8f74cde41c941fb5e79de7e3949058f1c13a6f14a8a8dc07c43ed80b
receipts/67ae324bc6e694b828eed5e5b99ee0aedffb9af6dff8a7bfd8d070e68f04dafb_attempt01_receipt.json,1060,c311e99d557e27844a4b4899843d3c5a1d9f997fb0cd074077bfe6e70cb538cf
receipts/687437d43c542e2250f2790d9dfb6085113ee5aac294b2a19623c11c97998193_attempt01_receipt.json,1052,f6599e227d30737b0b6c27130ecb9a2ec2c176d25fb892edd463e106339f1b70
receipts/68b5c84fedc12f1dea53ca1f21a7ed22bb3a7a3180777b47938dcb54b75daaa7_attempt01_receipt.json,1056,968cdbee5d1cf5534ca9634dd787d07ec245fb7a155adf22455be1efe52ce9ca
receipts/68e3a7c52f19363bbbed691ce2822912c5fbb01bfa4d58ec572e3b4559f62761_attempt01_receipt.json,1056,f4d8cd0cdce845ace09a7312b075bee6d4f1bc1ac303ec8c4511cf80c270d254
receipts/692cf12155cff4ebdd988087b41e2b039574eb0b17623818ea46a1de2688aeee_attempt01_receipt.json,1052,7bbfb890fb823a6aee1692c4cd362c5263b35949db29b749eb380c53f177b9d9
receipts/695a0fa881aab61a447b86230f2d67d504b1c1e2cff21b30bce61477c5f99b0b_attempt01_receipt.json,1052,185b6c9e6bd0d2ff928ceb4517563d3c508fce98dcbd236dc3551aacff745de9
receipts/69727579b6c95a9f9e048fc946b5c9e9ee93ea1cb5edcdffeaf384641b99a3ee_attempt01_receipt.json,1052,6dc4e47d4eb49c2cf1517d47bf65adea2e31f7971d933bf8e757ec3a1f8c9086
receipts/69d4526a9bda0e4a3342ea1e7071944ca15c5aeb9e36376f7b88944f14320f3b_attempt01_receipt.json,1052,5ef3f9ebce91e1eb82cffef704611f019c5f183ec801476ad9d1d5adb215991c
receipts/6a1d5a521f29b7c1ac0d28cbdcc25ba303dceb87235eab12a6578729e05610a4_attempt01_receipt.json,1056,f180dfd8d88a4d2588dbc924041c2b5010a64a5d95108e460cfc09dbd4839927
receipts/6a3f410ab319d2923ce383515d73655bf4b6dde798c3be8f0043cbbf92aacd15_attempt01_receipt.json,1052,b200bbcd8c7fe74ccbf30f22d64ec2aa6cffd6f73947160f4e7906068c4b03a5
receipts/6aff2b467fa6956d599a945c5f05e4868b015ec3776d5107b6eeba16cdc8d07c_attempt01_receipt.json,1056,cad680ed9b98792df3997b267f25f67b5f6842a7f08a7a1e4657ac66858c94ae
receipts/6b06f01f774f64fe29c730f49ae0200b6b51c636fa3227a62c6ba38cd8787416_attempt01_receipt.json,1052,348aa463133867d74adefaceb0dbb068f05251609f8cda6781956b9fc34ed624
receipts/6b593a6719ffce451a037818c46166ec2284f0fb5282e71481187941d5a68d8b_attempt01_receipt.json,1105,1b2721863935cf6167cddb1aad1a5f02886bf56631920029bfae93596d2bb359
receipts/6bc0a51f3e8cadcbf844956a9fa3a5767d03294b60ab471dcc410cff81521ccb_attempt01_receipt.json,1052,1b484dfbe4c09766de80659b8e7c6f68a8948249236f9c1fd37112670bc798a4
receipts/6c13a6da4a26dbd8732d3fa5f992e253ae10fc3424ce3a76c07f54544fb629e3_attempt01_receipt.json,1052,406c9b371a2e019c8b3242b69d9d48006f920c541ee9f55a769a09930ca2cccd
receipts/6c267d3d06bb3e4d1a877128654a5acec0632009469ed7fa77cf9ff7aa9d6486_attempt01_receipt.json,1056,bf3ad003face7c3c8e52f9ed67392345a01ebb45427c7c6746774f341877554c
receipts/6cbf89466ac090ae50cedb7fda54b5db1c93e134e35532f34e6a9a3fddaf5b6a_attempt01_receipt.json,1052,ef008024179e0431426e6d777e49e554ae9d9dbb6f125b1a09a62840bd1f72c0
receipts/6cc796f92ae65b69a80330bfeb90af148b845e4ceeca731d2f703c364d65b0ef_attempt01_receipt.json,1052,94c8ac1f915c481f144ae2afb9041371705086f03f3e2f69b490f62fbf658508
receipts/6de5ee9c62fd2bee058e840736e295946688a73fbe0545d3956f49ea856c3f52_attempt01_receipt.json,1052,ccaa59fea88b3d2f8b23a26bbb90eed276ed955af70c615c662371bf410d2dfe
receipts/6e8f77db1cf245e105e9b1d5f26d8a93ab73325984026654e722ccb8025510c8_attempt01_receipt.json,1052,c619cda4fc4ab62784f61f8eda6d63ac027e1dd55cbcc09823b8a4ed7f5bde9d
receipts/6f378ef3c0993962dc70a6d62ec16f1ce21389ff84db28aaf5428c8ad17ebfec_attempt01_receipt.json,1052,b158df0d0628d1494a0d27c82a3e2d47f643f4351cb31b016139ca15f27f174f
receipts/6f3c96b548f581cd72704fd4eee30bb9a127b50758d183a93900902c319adf27_attempt01_receipt.json,1052,83f3b9abac8f852dc091b11fbd31f6593b61bfe2123a773814616946c6510f86
receipts/70368636bd1cdc10e3abd72d8ddab94950e4dedc83f9565ae0b7b556bd5ed77f_attempt01_receipt.json,1052,1124bfed7eaaf5484d32df9a82ecc889b5b84d70a863816b4eaea929703ce03b
receipts/705a3ed370e7694fec662f508c8d0f94a27972ac29fed1bb4190e31220d888d4_attempt01_receipt.json,1052,5eb3fb0c1d4c4f451acba4a86e2f1e629a5a0ce43f899c50cbc4805bc7a63fc7
receipts/70e70018705c17778f8d883afadf121dc7c90c03fb5a2497e9f95f47178fa428_attempt01_receipt.json,1052,710a720cd9a36ae54ec52fea6dfb0dca142d601c152fc0812bd51ad40557ccb2
receipts/714eaa8b4a912341f73da4984bc2ba63447c217e07cc9007bd3fe17bc43cd9d3_attempt01_receipt.json,1052,061f778971411e00f6f3b5e7e5cf4542af978c639dc963fbd787013d3107c8d5
receipts/719833502532564b62363a79f239eb915ce864b2c7cc32f6dd53b84db77ea3f1_attempt01_receipt.json,1052,6beb219b99e7165e81717be0d0417cb18ab212988c58c96ac25387a85b54fd01
receipts/71b2b324d4c4a470c53e04b7ea1ebf6cad4c07fd567f45c4934680f9210523b5_attempt01_receipt.json,1052,5046d8359f74433cf2f39e3250a2086a41e2ec2327a86788422aef541b0c7b59
receipts/71e244b30ed41844c4b34786e8114810ce5c650243e02ff8512e58124fc73c2e_attempt01_receipt.json,1052,4fd6e06369ccccfb57c029be7c551b9fb9ce0762ce21c993398863167e2b2d22
receipts/7205d695fa5a6fe1933b1a581de4b92b9f286dfdb1d83efe1b72d4850ed46505_attempt01_receipt.json,1052,4c3e39602c658f57cda7215697cf80677f3274aa88fe27527dfd4acf0f8104b6
receipts/72188e87eac3694b36fe001de113f20b9fe5bb867fd07b4659858102dc7337a4_attempt01_receipt.json,1052,f949237af749a9ada3fa206f0c12146906b422c33147a56f4965b0ef8c4d6006
receipts/722c4328bbee1940e2137e2b33a0230a9f8cd8d4031f216b877879ce222c36f8_attempt01_receipt.json,1052,5f1388f635c9bd54171e459561ed2675a878bf80e345c823b21040ea6d81dde5
receipts/723a0fd0b4616cccea50b6f6fecdf70224d579949bb1f620313398048262da2a_attempt01_receipt.json,1052,451f471d37ab4acddca292b376b02eb9ca1014fb4ac1f25f8bc1b9fb874919ce
receipts/7254d539bb02628596e88e265939d29438a291ea5e70133be77b2fd12fdf43bb_attempt01_receipt.json,1052,fb48a98987df693c10e9d423a02883448a2df17034036f81334241173b1610de
receipts/72df1a3a28e9f9542e3cf5f972c487bf7ecdd8a90256b47df43602a6fe63fc8c_attempt01_receipt.json,1052,38342a9b08c8b5b95a935f2cdc8c8d2288fed12aa90afde86866c22f1457d67d
receipts/73196c7f3c5ebb9dd23cbed5e091842e72f67e019acd1a738e53a228c4459b69_attempt01_receipt.json,1052,6207610e10bc584e255ef0173cca416c414f67dcd029a1a136295c535735e1d6
receipts/73867aa8bda3a27a46bb0d0de68dc3d467df9afec52254a53aa9003287baa721_attempt01_receipt.json,1052,a60106cf92ff0551ee869e8f5c8cff0cd32032935b5f78af4d6aa7ac77cef6a3
receipts/7433799cf90548427984c425652cc766ef172bd3ad204a45b8c17be505e0e95c_attempt01_receipt.json,1056,3dd7b9b17b6670a8ba0c48253f2637025d9755109057d3027ebf31fb4030dbc7
receipts/744bdc540c9c49a590fa2a50440fcf5c9ee8988f1381d0b94e261484e78dbfa0_attempt01_receipt.json,1052,8260611e8617b3825526cca81e10924da0418d582a52e8b08d24bc4de14c86db
receipts/7474c2a99675d67c9b65f91f0b574fd8b6083ed28b1dec56b5b4813ee694ab50_attempt01_receipt.json,1052,950c15b00ba2ceb29e0389e531135c80dc7315b1922895e96983eab5a1e86f21
receipts/74a65affb8212f865c084981c12517626a88903a8aa9ebcce655c6c6adc9f1d1_attempt01_receipt.json,1052,51fb22a63dca3249d48d8facb452ec3f269c4254d9f17d52d639fd4e3e0dea11
receipts/751faada348d4b5a7cb7d784e851c9f1ab30e2d1f28fb9d8433ab9550d43e953_attempt01_receipt.json,1056,b15e32b159781c7120c91e8a5f75000d5163ee123b0e4bb96c602e224bf2cd53
receipts/75b1f7feefd60eabff0297b3a4dbd0db3ef0ca7d6dc66c20db3e2dccdef53186_attempt01_receipt.json,1056,a13c5235d897d9854861512999b1a46ab28d318bd16c6c103a8e79bf04e1798b
receipts/75d539061c2766c81a86fe539638201a58afefe08c37183a6a14eddf07553c49_attempt01_receipt.json,1052,f2ba9c90f82df1702533a551ec108bff45c9fb733d122cbfcf83d66a7652de79
receipts/75e56ecebcd7f2aa3dc1ef24d07e50da1016a8faf30ea79bc4fad8d14eb819ff_attempt01_receipt.json,1052,84bf3364e3545994d2ba67c4db546fd060df94ae222525c33046feebe6d893b1
receipts/76161cdde4981d579fd10bfc8ce0e5eed16e969b7ee0dc345eda60f13853fa93_attempt01_receipt.json,1052,20a8a727aa61770b335957463660f3c9966fdb20f150a0b331dc8a3e58a0629b
receipts/76f36f512760ae0112d5d835adc147cc6c12c15a420e46a9ea32345b61730fcd_attempt01_receipt.json,1052,a797c9a6c57d68db522aaa21984d08e2696a9670e6da35ce5f7ddd2a8e5fe456
receipts/77005552386bb3f2645f1587fc74fb9f19307b6a79f7052598a00d25ac7f8f0c_attempt01_receipt.json,1052,26e54e9ae8ff5853dd38d3bac1dcaab8f1001ed2ae8c908820cdafaf0bcb2308
receipts/772897d30ec91469477fb61c868b439cdb4e29b1aeb6188987537b36cf57c3f0_attempt01_receipt.json,1052,fab124e425b6037d6aa849ed0026d8482ddaf16aba12f5ec8adabcf098a448a1
receipts/77a2f3acf04e95f556f4c488d99b39e9e6582489a8826f3851a2852b56406864_attempt01_receipt.json,1016,0d1f7ab605b25b0dab3063dff5a62f966e9d28211257650ac65a9424a156df93
receipts/77a2f3acf04e95f556f4c488d99b39e9e6582489a8826f3851a2852b56406864_attempt02_receipt.json,1056,2e6a8ea917a9527eff4e35fc3706a0b5617825477f5692c4cf91c4dfe27f077f
receipts/7856ac3aed26a1404e4cfc0b032e24161db10374c67e781be5f0514b6c420a6b_attempt01_receipt.json,1052,97fde9b8adc274c22fb80107f2858083b9f61fdb62b104c956134fe455fbb41a
receipts/78754f363b6b0230125516c9f5c4b860f8cc06593d53c6bf7e48072e80e0415f_attempt01_receipt.json,1052,1c922b2ca7ea3854dc870d9d19880dfeac6df1b6a06259327ad89b7c86e65172
receipts/78e6357fb9334d8e26695f8d3a8fa451fd7afcf61e8505031a4409e679ac9d7b_attempt01_receipt.json,1052,da6c361bc492cf738c72e0c776e31163b6f8289974dae793d56044d924c4df6a
receipts/7931ad71330bc97e888521b42874d802b5cfdb5b2675702c045dc44cf879c7d5_attempt01_receipt.json,1052,b78057823dab0f295293c1f74f5f47f8940d099f9d4e7f47f55427fcd3d0df42
receipts/7ae185d0b96e83052b8ee172930c764be20ab36026500b2b358c4d7f1abaf3bb_attempt01_receipt.json,1052,aa0c54446f9ba6e6a91af99e1ab22c9a5480b35716f0a8b2ae9ef9f39f054d0f
receipts/7b87d51641991df97c727e0fd43d18c5ed985b9e1c32a034d88f861210f830a9_attempt01_receipt.json,1052,2e3f7e73be03ba65ea3d7b49dd28d43bee352d11d73eb71d97938a099b1c8655
receipts/7ba693b49d445125d465c435f8e1b5171705bda2b15b82a6fa5320642ae539fc_attempt01_receipt.json,1052,309134e0a4fca9baa8c25a94fa8c70ddb47e56a144a1a47b4e4601eb4d536736
receipts/7bd9cfd9a1db37ee11ead28b04d84633b56c563cd0fa62c6183ea531d4778a10_attempt01_receipt.json,1056,d670ab7019b94c926b286857dcab7802fe4178eeb6368c55ab344d69e0164627
receipts/7c52f9352ddb2081cb4e9d18d43d936bbb99fc3e706ef010d5baa323ee317cd1_attempt01_receipt.json,1052,21542c74191aac85958082f75e0ffcc9232c216e51faff039fe5b7ce3dbfba07
receipts/7cdf3f0750345fb9825ed4edd12e3f52b198c7f9cc8e1ed8e3684453233b1e96_attempt01_receipt.json,1052,9a64dcf7ec8e9bc72082c094e51a4760b0fe6a490ca080f555893b93ca03735d
receipts/7d0479fe6128277b80bd00d55b20c0fb14a6b520d526029762afa1f0b840fa3e_attempt01_receipt.json,1052,0f331460b912c1f92427aaaf76bafc58d31d72db87c93005c54341a3736de8bb
receipts/7d150ad47a941eca4afbd1b7a64e67650f9801082b76a06e640d9f03ae7471ea_attempt01_receipt.json,1052,5bc373ea043150f664513e4e91465cd4fd7547da7ad0629a47e3840e4b5bc703
receipts/7de2916b636429aabafe6c43da99c09f3f64132e5d4c4d24c19d0d61075c991b_attempt01_receipt.json,1052,8b17daba3d7bdcf3b3327147e83c798796993ac3a8f1549c48b9cacc8b33dd68
receipts/7e58cf24d47be06100e7d806c046c05f8fe21f5add6d26e5ff03b4546319144d_attempt01_receipt.json,1052,20e0adcf3639818573d338be45c27433c12123163242379a460ff88d22865f02
receipts/7e6a358d1b7a9577787c4985e88422251cf4beb729216f796129ba829ac56b00_attempt01_receipt.json,1052,53656abf1bb0186bf7ca865f3b39fd79b79a08d28f5d16e9d85e3d9ae61a7733
receipts/7eb72c60dd07bcb8d0e32903c12b640d4a4de32f94d7ec5ed7c9bc45b56b5eff_attempt01_receipt.json,1052,b68d725d937c91b24f7fa2527c3263eb4d83192fdb2d1ef7c940f784fab2905b
receipts/7fc0cf86084e9eefa2415e7ff9362bb9d58b81a81e28175d2f06c8e56d63e8ac_attempt01_receipt.json,1052,58848ea1c1ac16096ee21e5b6438ef86be66dfa8501141e6a0d1e66eba6bba76
receipts/80785f51dce28dce6c8f45f35deecaffef0d821bba4a55b6ae6976d9924da861_attempt01_receipt.json,1052,a44a08383cfd23bd267ac410a3726852d578dbc370a57236541c07be35dfa57f
receipts/8087af61c292fcfe48c0870dd90477e6f07e9f4cc74cd0330ee8251390c29318_attempt01_receipt.json,1052,dd470b130bd886cf20c6384e6fbc42b84c73e9e33e42114f45ac062260a34211
receipts/808a71f062a8880fb4cc2fa081f81a32b7798492bba67f2c0b305c774c2b4483_attempt01_receipt.json,1052,72f697920c5f126807e463a6bf7e860706ee3bc4c70bce47107e57dd03293a51
receipts/81665db143a8a9a83362776fd95cd877d867b1909f2f83f8dee1d1ede3a86584_attempt01_receipt.json,1052,b7c630bd9738cd80e98d33fd2dc8e49b4100f43a4b564cfa60d651f2d10e075b
receipts/81b9ac518dcde09d7619eaff1ec4612b3575507d9ed646dadf1cda1eade511d7_attempt01_receipt.json,1052,3fcb9eaf324e676515468114459a279ce2240e8be5e63f15eb8dad0ba002205f
receipts/820f15ab553bfa6de36ce5341ecf59d52f147a7809869cacd97be739daedff62_attempt01_receipt.json,1052,763835bf02d676119def65deefd0a23ebe72affb8a79b4c7cb899820ee697c7a
receipts/82489a7dfa241f6ad0f390239995ddf40ffe82177f8671be9b50a1d55913a48b_attempt01_receipt.json,1052,36ae98910c2443b9cb3c1b31283cc507afafcafbbbf122a8021ce7ab7bbda628
receipts/827d0b7f9ba40e444a57bd1c6b49586b3b3e5ab8ff497f3594d794c986218e8d_attempt01_receipt.json,1052,705a8dba14ea2423db16702a106762405bb925927fab8ce65d1d940eb04f5480
receipts/827ec6683e1d0d7ea77e26e022aaa71986b1f2e615d915aa3e8e19913ffeb121_attempt01_receipt.json,1060,f634e4704dab67f9a43a645cd9427002b006db546172d3ab55d13668be2061dd
receipts/82e13e3a8cc844662651e55208eae2bc8568916e0f79846a652d4171f5ebb3c1_attempt01_receipt.json,1052,8e17882cc7f5c5e5fd108a76c06eee3befc019140538b57486d72d3c23110a37
receipts/8441c041295ea867b8e2571b1a3397f43c002aab3befe739838e7638e7dd2937_attempt01_receipt.json,1052,140d4009279c1cfe11a25e9a1f0725bf902f1a7ace25bddac423bcb905902f77
receipts/8523fe32bddfe21e018d9b74b682509802a7fdb96873d769f1be383c5cab015d_attempt01_receipt.json,1052,9c68f06809c771116f496ef039f27182d476ed34c31585b103e339d043d50cf9
receipts/8542298f100ef7994ad00435ad87f2b36e53582b8cb6936498890ae11435be90_attempt01_receipt.json,1052,427819b2665109cf57511406ba6006bf1776d4debe68d96b9834dea0fe86f42d
receipts/85734bbe80dabd6a6634d50720555118ff623e84f0263180aed09e150de6e0b5_attempt01_receipt.json,1052,9dad06cab57fe311177142f26cb754b28a18993ca3337ffe004555b7ceb8f9b8
receipts/85897d69d07899c73c2e6a96d77224000860d4313e7cae7ef12b414f9bcfbd09_attempt01_receipt.json,1052,b09e88e40d6ce3b567af02a1d71f34374a3f92bea6e6a78f34d79e989dce8005
receipts/86194d90cee6ec1e40539f4048be10d29d21b8196e41cda1235228a15e2dad7e_attempt01_receipt.json,1052,5c2dcac92615f11ceca71671ed116686fbfc0b8a2b344671146d4951e8463ddc
receipts/8622b69e5adfcd640121a0257bdd65ea3a383d6d2526899280ce80ac812b2d32_attempt01_receipt.json,1052,7343937119cf6ed3deebc64cfcd6bc3d17ba0d86c64e2a58ccfdc2cf7d58f4f0
receipts/86755bcfbf3b535f0b1c227bb242d2afcc897d67db01665bf6311b964aff1991_attempt01_receipt.json,1052,c5cf1100f582dfb7d77bf80343afb6318f08c36cdc1250917b44bb1f89ec58d1
receipts/8684814d588bb34d7655dac0a621e1005fa9b8c850860696444b3832f549d8a7_attempt01_receipt.json,1052,409f879be0ffba11042c10457fa95345ee37668c832bc6b998bd26e57372afc0
receipts/86d18ba58644ed99619764905872b48e63bf89f6431ea025771e744ec9be561a_attempt01_receipt.json,1052,40bd20bf5e1b90f0827514ea927e9ab7b9de56f04f8b6b4a5b7f0da9e997e881
receipts/8802483cbaa8ccec067361a08b80d0a9cd18239c7082d2fc5f9631bac95525bf_attempt01_receipt.json,1056,4ff3f289d0fc966a7c78aad02b25dbab944f0080cb9e6569b43234657eca9d14
receipts/88304b73bfc0fdf30c490132dcd8e842c56a5f4ecc703c747a93b1f4c1f33055_attempt01_receipt.json,1052,19ce6d1ecd86ce66ff1ad2e4af083c4849b2ba19a1f2ac18176728a9b79d965b
receipts/8851720493bfac468cd55a31ab0cc7eb6b9f46b302a4cec43674b5a36963d644_attempt01_receipt.json,1056,4ede3c9a587f7f5872ea3f1e3ed69f6a9a89522fc38114423180c53325ba120f
receipts/889e5df3a3d355c226979facd44d0931b02940f8f0b1dd86b9375406bef773b6_attempt01_receipt.json,1052,13ce36030ab985951d7911cf0f86c16ce549b9489b3e3859642e3f615204ebf4
receipts/8909c09a557d7daaf6ed376e97f6ab9509720c0f0c11afb0ddcc6b4da4091c45_attempt01_receipt.json,1052,6962d4d938af909665d362e36ad0f86f0286c0c2e24efc8e121e83132bbf1aa8
receipts/89190a5dbdf37c42923941802e429d92ee4f766615c4a95c342f3689da2e61ca_attempt01_receipt.json,1052,3e95a84992894fdcea5ef8f291e304a4c0ea75932bc1de2e48f4f5ccc1d528a4
receipts/8940b828d65dfb15259cd8633c020e9002cc3094d5542d8a5917e6ec4fe5ee78_attempt01_receipt.json,1052,3fe46ef95d8648d55883d90940a322a0eff6aa5c8078b92352741aeae21e5f19
receipts/8a1cb3eadac8011f3049f29aa8fa8d9ed606702f8dfc4809b2dce22dcca9520d_attempt01_receipt.json,1056,4e4359ee11c0f524b60dde42cb6d74217d1dd4ad302a0e8f8c5160af8e5941a8
receipts/8a534e8f76e7d251d20aaacae2013392e4f3e21042fc7c0da52ee83325a3d904_attempt01_receipt.json,1052,51cad70503d8c60c50edadfcc55afee0c5a2a3b6dd86dccbb96fdb51cdfe822e
receipts/8aa04fa8a987316b96f76b941bcf8be5ec68426c46d6a642f8890bb4edb8900f_attempt01_receipt.json,1052,d8ee5f7981e9c5158ecefc45d7574df68471c60fbb87386bf76c5456acee0488
receipts/8aa1795c113692a4ebf3cfa5c45f5a03825cad87fcfa1369b097c37d29ad99b5_attempt01_receipt.json,1052,9bf1ff40ad4f53a97d2e98c70881d3466fbde2565316bc3cd0068199b3dd6291
receipts/8bc4ee4571e2784141d4dc29e839399419a18c22c734908b4c1adab7ec1c78e4_attempt01_receipt.json,1052,9068eaa697833cad2aec893eb6b1e66e6be33a6e1f8a0803f8b65484c10ba260
receipts/8bf40b59c5b530fad72acab8ed7ff566a306a836ce74d5cdc934a6c09ab2d1ea_attempt01_receipt.json,1052,9f635fd389009490e5963f2af4892fd94a35f4c791ab2fd09d92a7f88707215d
receipts/8bff183ee397c3a540929298e95001c3b0a262c82d30a7b9a488832c4c3a0542_attempt01_receipt.json,1052,35fa6125ac30411fa7fa23db96ee07221c4f2eae33cfd717d4a1f73f7b4df4d7
receipts/8c133ff5b4c13ad2af81e7d039d25b28e3049ad85ce74adfceb16abd090ade36_attempt01_receipt.json,1052,bb466bddfd9f7f8eb0b15397c15ca6d826bea863f4d61e68e2530462e982cd23
receipts/8c44b6ff9906dca25167431de48055656a3c7a6ff7a806b9b86303f3bdcce60b_attempt01_receipt.json,1056,6c6c37ba9a809638176d78c6493621a05e310fe98f82543f90f5fe7bce8ed0a3
receipts/8cc7b462e6fcc9ae4f3973622881dd32eb7dd206f5dcbff8c7060f197d021f50_attempt01_receipt.json,1052,7a057668a64f1227e61269d71ef8adb4afd374e37e5388c187a54fce783cb87e
receipts/8d43d03820e119159813620ce07fe1aa64fc211099b8385809234b5b63a326e6_attempt01_receipt.json,1052,1882de67960b13400fc24b67f836aaed1b3ec361d81c1b4ded713af2dce04535
receipts/8da05c3c92904cfd5726aac97683eb98fc1a1769205bfa45e8cf1baa093eec90_attempt01_receipt.json,1052,74e33aa44c5b5bae03673a9436e135a7f3020e8a8b881789a8f191008edaafb6
receipts/8ddfcdd3140415fbb554a5961b62f99dd958942e105845d2b4210f283645fbe8_attempt01_receipt.json,1052,f488c3cf309b15cfbbb7e3b118b39896320d134d077c026bee47bbd740041890
receipts/8e189532294e0bdf561d996673b015d74ea88675a4523b66ef77d912cd2913de_attempt01_receipt.json,1052,672db6720830298327b55443a469fbbaf80d185cd545cd0689ba2e4a86a59ee6
receipts/8f5bb49d97e83e4a87c613590f8163c5d6d21f848655bb482de9792ae1640222_attempt01_receipt.json,1052,692e86f743b29a1bd131db836a7fc76bd189131e4d727f795dcc7a2a56ae4186
receipts/8f8e930e3fff462e1d715e706abd135c5f2aef9abe849425dac9a052d7f38306_attempt01_receipt.json,1052,bec4dd13fc961652cd35e7404db47c754fad79559ed25e37a91e09d57f3ea3c7
receipts/8fbd4c70b16cc794142f9863dc0c8d3aa998cd9eee666caa6ae8eb98b0fc4197_attempt01_receipt.json,1052,e6893398f828b38745ca7b58190caee458f63493e3b14d8c12509ad8e836a939
receipts/8ff57eb3aa2d182b2f3f9dcc96360f4831fa740cbcba5c21e3be98de9815286f_attempt01_receipt.json,1052,2e618a19877a5a519c2dd73698bf4008c49af3865a474c5bbf33d850746e4c1c
receipts/8ff5f91c3ef932237bce51c3466561e117c6d1ec134b920dcd78ef56865b5075_attempt01_receipt.json,1052,3427b2903d104ee3968d1e1bad47e65d28fc525dbdfa92599043f3027cb941a2
receipts/8ff6bbf9796375b34b13b5f5f3cad0fda9fe00a34174381fe7d257e4305adcde_attempt01_receipt.json,1052,09f96f75631555b7d43033db9f51c6874e63da4f1b6830eb350b5ddfa0094e33
receipts/90194ddbe96bed37cf6b53c27f75b7ec3140e093cb16a7e9330b50dfe35d63a7_attempt01_receipt.json,1052,806e17f8829be83a6ec6e5209275a6fc2c0eec8e8d6fe005067ec29b0bb02f34
receipts/90eed10fa29a88a43bfffa23a9f16359937b284d12bbf8f4da37ee2661ee2c48_attempt01_receipt.json,1052,0dab0447c1cd8f97db34688164721995a1d234476ca91c3926e975acd8a8afa4
receipts/90f1a7a7effa0ecda565b7563ed2a90389118f95f910711d3a95efaaf1f30b91_attempt01_receipt.json,1052,e0e1f6b6720e9d646e6b797dfcf584e1e88d0dded282347cda833a2f1362cb2b
receipts/9114389980b74cfb57b3034fb28d395ec68106adf961768d869df7c05b1b5595_attempt01_receipt.json,1056,379cde06de6330043e78b5fecc641c328446e939be933d12a28a72f860c18710
receipts/919e6d34cdd156b205451c471440038d3735d21bec48c6ba0aa22fe5899c788d_attempt01_receipt.json,1052,7e9f63b3525644e70ec7b9858ddd328449cd0f9a82445286cee762c26ab35366
receipts/9209c55993ae7a1631a78eb2c75cecb268fc3869249dd01335d6531b6476996d_attempt01_receipt.json,1056,671238e42d0a527e1a4988794d66089351d603e58fdf161878d7467e2ba2a68f
receipts/921c607ac24ccdb0609dea8b64c0b3c2a0e5b7b8366fa3c0a5a53717e80ecab4_attempt01_receipt.json,1052,8dc3d4d39760488aeb26010e1042f79eaf6bb0b82971a81bf1699d0e30d98150
receipts/9242c51119168f4c90a3b724800c87b3c5b99812c466dd564f24708661b4dbac_attempt01_receipt.json,1052,6867c4d0a0902c7d1617d6f4a95af82ae27b90df183c2341f41065ee6d63e084
receipts/9332dca300028293bb8efb7b8559c488532761ffc2d06094e39ea9d3a4f88c29_attempt01_receipt.json,1052,1e0ab78cecd16016a86a1cfdf94db44c24a1aebfeb20f88c5d0c5b319a7f129c
receipts/93410b748c613d827f23b6afbed6fe52ff264ef611ae8ca2811bb930a3b34612_attempt01_receipt.json,1052,d7fea5b5df8b0905f0512fa7bd88a7fe6b96e54b69ef2508b12c65ba607cd080
receipts/94afdcbab60dafcf27176668c3e5fa361e6dfe650854b3be93df7e67a3b0d52b_attempt01_receipt.json,1052,ebff930ae846892017cac03b485df7028b48217df8d29131aae5f9946d0f79f6
receipts/94dab6b2128ad7dd80f853eb5b2652f1d0ea8b03fa53ccb23d485a759d831a47_attempt01_receipt.json,1052,e01d7eea7af30596d4519f91efebf292c70870b21a1b374f697752e1b24a3236
receipts/95a7e439e1cdd2d1381dbc1aaa598df79ad88c1fdd1aa14677ef4b0b6e4ae10c_attempt01_receipt.json,1052,b5e872fd241f6cf89656a79909ea9f3e6f6ed5e4c092abc254376fe815d2a44d
receipts/95e22e6f5f658fb287a469ad45feda171e3f8c15e91938001e02df7008fef421_attempt01_receipt.json,1056,19d92ef292c0433f6397bef2b3d534199d03786c9201fe2c5b8676f1401c0bec
receipts/963a70d59c4492f5f17bf018242b52b751131e801c8b6c09d682b78c60db8cc3_attempt01_receipt.json,1052,d878b8a8a267d21835888a61be8eb661dcf2e1e0022e76872c15729c3e284f21
receipts/9645d82bb94213b7c3617a3b8bf89b793f114c1785a25286727cd4290a1a7f8a_attempt01_receipt.json,1056,02d6b8875691d34fa1c814869ded3076d3e9af72f98b8555d264879ef849ed45
receipts/96b32681e22a968a89fec80e46630e8dc27550a5cdeffa415fe8f1da8c1fe71b_attempt01_receipt.json,1052,882d9aecfd02e95fcd299e7033a1a91e4ae41992b0dc133b6a58a052187d77f1
receipts/96cb8d5de9355dff1701cbaf2bafec9a47d96f3d3daaa1bdde1f8462e994faa9_attempt01_receipt.json,1056,5d798c371fd3e8e9a15f278bbda2e0791796200f6d3116eb119349fa04d158e5
receipts/971534e054a318466de6c84d7ff43c9a91f17871f4ceb23648ee77cf610092e8_attempt01_receipt.json,1056,4f3f74352a6ae183a89ba596ad0c0951dd65aeb1e9408a86a30314497fc055c1
receipts/9716ff83e81b66064c2bb396a9e7318df87260d7d10994234fe53bbc66dbab0c_attempt01_receipt.json,1052,31e09e48b14da22b80dd1499f57be244a8616409d5e7e11563dbed08105d8aa8
receipts/9773328dbaaa1accdea9b7f1c5e7cd2cabf64cdb7a658645e80cfd916c636f2d_attempt01_receipt.json,1052,b1f9f9a5121abe10e09b05059b72d7f6dfbaefce1cc311b1f02c096d53b2bcab
receipts/9814d65e68425c7b978a4e6a5940f7e3fcc5f6093cd1bddb0bc32aeb7c55c2fe_attempt01_receipt.json,1052,bc94defb49373800df6e536811aad4a0f8cbccb3911433951c5e3f547b7a1dfe
receipts/9899d49065ff7c60daa4ac7c27b0c517f0bf3342aa5a5b8984bf1a33c85858cb_attempt01_receipt.json,1056,b8bf5521b99a6f8f306b43e35654fdba2002d29aa88b472feca49bedc70ec1cd
receipts/9921244ab752c660d3e5de07b8115954cfa57f66b5fa151a31b8d6dff936d2ba_attempt01_receipt.json,1056,739426b39758d62d5b1526a28384ed93f8791ed0368f9800f9ca930cfeff9ef8
receipts/9ac1bed9bbd93c2fffaa70cc6e3bdbdeeb010604b5ad9cf3cd236302b355be06_attempt01_receipt.json,1052,7c753f8a73b6fdb2b502aa10a5b50cb4fe1e346b886175d05e5756a5191b2e88
receipts/9b514623e336d685c7b94d71f6e346aa33cc18f203f8e0a42a1ef87cc397d977_attempt01_receipt.json,1052,13971ebce003136b3da52dee12c5a4f12ed0e51311d7f3c9ce158e428c94d272
receipts/9b7ddb1d9019bc5e5d5aff3233e6a1e8c0b3519e1a00ee85d592cac4d358ebef_attempt01_receipt.json,1052,36e55de10b2eb625e7d43c227a552c83071b113c8badb680a2afb11703952bf2
receipts/9b8a701d0335a8fc0682317c9201b0b2a9a9dc80127168a075ad38258f472a96_attempt01_receipt.json,1052,4c1896819696ca7bb01310368356ba364d53acac65ff30cb309098ac094d45f0
receipts/9bfa4315eecc666e6297a70c2eddea2462bfb427e3e8a09ad15bcdb85081af0f_attempt01_receipt.json,1056,33b350f142e796e162ef4bc1529e3fb937abf9822e79e7a21fee23d5e3b835c1
receipts/9c33664e98336ed928afd5cb325d7136a90bc24f3c0514c5d5df30a98a7ec0d9_attempt01_receipt.json,1052,7bc53ec7d875e486a9c259c9a16d2abdc787ad5cd0e1c992a54b851533443737
receipts/9caf63a6bc6bd5c2fbb8f634cbe46e6876e523e2178e6760d91a85ee0ffd68ec_attempt01_receipt.json,1056,ccc7b73ee669b6658129d4e5a72606931db62637c8283998c8b805b61a238941
receipts/9cdbc457087484563d6c5389321cd3cdaddb4fdbbacc1ad4917b76300a6ed37b_attempt01_receipt.json,1056,e1e3e09906a9b204c61d6947eefee470f21d7adc3610d89e1f6373f3a1930aa5
receipts/9d0bd52d94095921910cafb71e93eec465d7a910883d787c2664ea3e81ad73c7_attempt01_receipt.json,1052,5da98955e9a9ae79f4179925efb26189ce854a43de3aa5d338b50ba1a0fc78f8
receipts/9d2d61197bd96d2245c44b12cd5b1c17fc0afc9644f234bc9555c73d07caeab5_attempt01_receipt.json,1056,ddf114f9b01903481336053cbf9233259a9ebb23754ec76e459d559118157d52
receipts/9e2eabb04f46e5e7ddc7d7268ffb762612c55b5bd4b6bc1b2814ec2a47fdb641_attempt01_receipt.json,1052,6388fb4fedbae1f6103dada53387fea04ea898edc7aa931dcaeefb3c55ac653a
receipts/9ea1f6b4964c36a533051acb29433cfd3d7a3097531dac657fdacc2acfe531df_attempt01_receipt.json,1052,697ace399347e8395baff94bc363c930899c11f9ff21e1ec3bb324c09f73d9b4
receipts/9ea9b3432da3260a33fc3238a80628fd24bc570113e9e3ddf3e8cee60cb670bd_attempt01_receipt.json,1056,c798a654968599b8f4d33e81e6da33a59d600943b782234a4e9c6c6cfb3e591e
receipts/9ec6f52019c3407dd6764216e864cdb00768aa768b293b5147e572ff78855c7d_attempt01_receipt.json,1052,f1e199d4522b69890329d53decf3e5e0451f28b1c69c4b7d0845d76e743fb2f1
receipts/9f24017db9cf27e44713ba453e700230dc0333f654d826a4139334821a5228f8_attempt01_receipt.json,1056,5b33ab150e535bb955216a9b8d67e6062276d1033fac80de16d04ab384f8518b
receipts/9f25f91a30e92fbb6228a5fea0c2062c79110c629923288fb7c16f8c750eab30_attempt01_receipt.json,1052,269b7f5afdd0d27a1e699c6024d492a8b4c5dfcaa880d4d2fd5e7c00b30edd39
receipts/9f809fce3247f19292ef957bccbd95488d546438ef70307375d47694ddcbf96a_attempt01_receipt.json,1052,2f57c57c890561bdc9a362a4761d198c046714f5654a9cc5e5297c2feb234b48
receipts/9f82b50f477fa0176588d968b4d02a1142b139a867f44fc8b42cc9a2256fa1cd_attempt01_receipt.json,1052,0bd1ac14210ac200666eaff518d52ab118fe369c2f1abd85b3804defc9341da9
receipts/9f8da067a1bd61bce55bba73e246e132a85c13ad8041bea137a1b9d5265ce15f_attempt01_receipt.json,1052,11379dfcb877529bc1dd738e1d80c159e2847ea1f0df8426f05c70df29e441f1
receipts/9fa560718f036134d9eaa0a041bfece4b4eb5416f51a581732a0bdb69a9328c3_attempt01_receipt.json,1052,a79bd273ec06e032b61e08a3ab8739cfffacdd685920f7b7ad5000a55f7a9541
receipts/9fee613b0f58b63ec881b35e37d85ed0eb6b7f82bf0c2cc48e2446640e01a9e1_attempt01_receipt.json,1056,7f7ed655bfe84dd26b8c8ab150f103f6254e85c1af9b455b48d4096cbff2da35
receipts/README.md,92,e758484423e6724e406e2e60f6051b1c5afafc11b65ba22555f34f92406cbae2
receipts/a02bd5b7775ab66e865458c546e96bc0182244176357c16e195d59da840b3354_attempt01_receipt.json,1052,25015268a7cf3a6988b13114d37d2ef131c47af3b9732e88d2b68306f6bb46ca
receipts/a0483d1294b1eca24efa59f64f195ab5c05b533aa8a50dc6d2dd70e7357274ad_attempt01_receipt.json,1052,11410ad666dd3e1e6db5830b6312246eb18de0dfc27daac1b1073614ad55379a
receipts/a1649e1dcb50de3a4541a4c875a36082c6be419c328bfd26232cda6cb1bcca1c_attempt01_receipt.json,1052,ae001260af974edffdd757fb524e565f79a48687c8d5fda6b8214012ce36e7e8
receipts/a189018b1bdbea25ee81d91ca7dda72a6670077a299a4aa52f3ceb74d1ab61e1_attempt01_receipt.json,1056,8798cc267e28a71e832fa4e3a08f9536f1b929347ad3c98c07784c83a1a38320
receipts/a1b756342665a755c82aa3dbd642ec5111cf9521502fc6f9488b0894897f7172_attempt01_receipt.json,1052,037701bc28f934c23704066f36c0a2628123f9abf2752c15d88961d9cf411f23
receipts/a1f7bd1a443aa69cbee2d2bdf3ee7a485162020f43d3389757f511f5e1d7817e_attempt01_receipt.json,1056,08a34bd8d85665bbd4d3d7019702cf1c79d0d186b9437e9314c014c120f08212
receipts/a2234f66b894f3ef5ac9e31e200b0f0028a19f00e2775362fefeec934323753f_attempt01_receipt.json,1052,4e71ed1d56039518a722bbe99e01d5f51de4678b07b95afd9f09429e4fdd1dea
receipts/a24e998dc7da6408ff3d16996bab7cb7667a401326ff87830e9853d98e9fb16d_attempt01_receipt.json,1052,45870069c8d56716ab2516639c308f1c9f2deb074f3e9c63755167538c4ff902
receipts/a280317485c868eec3c9a96055a73abe4f184df7fbd4972e50f2b8c08cc6c6f0_attempt01_receipt.json,1052,b58c9d205420a9cd975674d9680996f248b7fc7a772fa5a3608111b73690eb49
receipts/a2dc29465694a384fb2eaf2780b9d71c368b1d5940cc048e5637304b0ac414b7_attempt01_receipt.json,1052,9627089362e29d405ff0c20e6327a5320f50b4e299565794003ac1bc9b4adcc2
receipts/a3335baeb77fbd0df5807ddedb4637076e7f8c50136c9a54bb6fba0618fcff24_attempt01_receipt.json,1052,d5e7a9e413f4d8a284480d414b8da456f8ac6b07e84626fe6a9511f4f73db9c0
receipts/a3d591a85bb9b6d810ffdc825409418286962ef1d9660c11ee5820e6b90a62d3_attempt01_receipt.json,1056,683744dd430ae553624e6f83db97dba38f2c663b3f65fa6dcbb257ae52747728
receipts/a43ccb3ae1f07d2c4c2f8d7897be7b35c67c5eb7e02f92ffde5fecc83d605ce9_attempt01_receipt.json,1052,38f84c2489a658db79ffe07ae5a76090bc18a77b310470befbfb55f62afb91e8
receipts/a4785e7b22bfbd506d4d2910ff2d82269594370b1d1edf1ae6b0c3c2033508bc_attempt01_receipt.json,1056,9dabbe0720b738e35faff1f281d2dcb793b240ea758d3f63c1fa4cc56d62af71
receipts/a478b59fd5533316c024b6634c6d27f17271f680458111b534a8651df6be915f_attempt01_receipt.json,1052,99b842ed1105a12364b3d8ebda90532c04bc6404c3794de9184852adead6b353
receipts/a533642a9adfe34e209f7a53a472df6c1470ef6db49efe81ab0b11fe42ab70d7_attempt01_receipt.json,1052,11bd9ced1bf4bb2e1bad687f54fbf28111f7f4b444d1dc2e672b31be5ee4e44a
receipts/a5a14164cf87675caced4ebbd748ca4bf4e9dc6b43ab23a2658f09dae64421c4_attempt01_receipt.json,1052,de119b7f93c7b3ebf010998cb52831bb2d2c05c1b44f0b8cdb717116c244e0f1
receipts/a5f88389d1b27b3aa9176ef18cd025479e4a13d9d9a4ffdd78e9dc92feee8e35_attempt01_receipt.json,1052,3bddaddb8526e9a683d66a762933076e7b3bd3d79708164e1311f2e41b5da016
receipts/a656216a07fcbe8a83f78499f539614a7366288d45d631ba803cf5976a711934_attempt01_receipt.json,1052,d7262237b021571e54b3fb6649e07d3ab2adf5c88e91bb890ed56b6f6828034f
receipts/a65aae4f26b9363e9193f8e8cdfd8ac07739ef192292e02addfea81fc7f5a19b_attempt01_receipt.json,1052,1f6fcce7e2b2923e441648a7580645ed6219f2794038bb7f68551ea5c9342f1a
receipts/a75635f56e96000e9c4d880513988b30ea7afe59fe5513f17ce52efd0d98c047_attempt01_receipt.json,1052,a420678b5465debae9dfe139989a2e125de6a3ab023ceab64bb5fc38005d8ce7
receipts/a76c85ee6f51fe7ae4baae4e3c74185655ecd77fd4e3be0e9fbda1c6290bcc21_attempt01_receipt.json,1052,4e276838e3e67468d07c3469e9ea59c5209b90e6f69a2dd398af24e536fc6826
receipts/a77e53a2ea32af42124287f8ec7ecf7c928c2f1593334d4263afbf27154f6645_attempt01_receipt.json,1052,fa75451f3bb98057818e9631c19471fc7f57219f8c073b7029fafb37e1fe0619
receipts/a81f979b560c2f16a1ed5b9d3b30d109a72c8f4b9e3ef8915b1c6a3e55c49415_attempt01_receipt.json,1052,fd0d30bd9eaa7db2c0b7cb5d4cd50f3c2c55e8a5511901b02206e0fa0820badb
receipts/a85940d130e1c8c604f445f0b179930313c1a179fd007da2d5d2c088e2ff2f31_attempt01_receipt.json,1052,ba063ea7b11c609a00d4250274d23f93c61ae263ad76af8ce898815533942d8a
receipts/a85ab0b8b45bdf84a76fd2f8359a7843cc2bca6fefe4a1b93175e57fce1c00d6_attempt01_receipt.json,1052,0341ef7dd0adf855382b1fbebcbb313f0c8b20a49c8d665a9fc241c9c36dd7b6
receipts/a86a0a8a56ddcf158c7459bc5ccf0b31447ceef96579fcda7471997fc520166d_attempt01_receipt.json,1052,1cbbd39eaddcf9054523d34a7af2fc94240dfaeb7c06edee5f3e050aee436ad7
receipts/a889530cbedb3322e3b70241bbe67d09832e516553d1fd1353acb258fb0a2ddb_attempt01_receipt.json,1052,bca88f9d28440a60e001bc0cbe8b10820db9d251de690e92c53eac1f5caef3ce
receipts/a891baa601d8bb2558f917054b07d3cc6b59dab5eb81d52cfd04b3c9dfc5f520_attempt01_receipt.json,1052,d8e5816750bb26a5496afc8d1fe48fab438c052762c4342f76ae157463f1a091
receipts/a8a351ed187029ee7a00340568ab582d39c6d67d8cb97d4c4878336394ab19d1_attempt01_receipt.json,1052,778b7b91a7af0bbafdfca79c4cd2e9d4ca4678b22d228f6a044fcf8d9854c9a1
receipts/a8a473c1e7ec903d523b2c8c3db0fe0fd96d8f6090a96cc6054da6abf417ba4d_attempt01_receipt.json,1052,7c791e26dfcb706cd7c294b5b7c35a199b0b5a19747e01ae7b8a10d8134af85a
receipts/a8c492bb41e34df8c795622605523cb443003ac9b9f84b29857654d2ee2c422e_attempt01_receipt.json,1052,6f88384b524befae35014aacc022744e36ba3d7aeb9b00fdcd2ef0ad333e4209
receipts/a927199bc8113681a643b697a6e89fb26fa1c313ab3e58bc62ecfae2befd1c58_attempt01_receipt.json,1052,9e4a475149e4a726c2ad6efee93f377ec26f56492533be9611c22ed4fc84b742
receipts/a97dd4928e9a7bf66d2d2c67bcc2c40d718b144243d97d5eadbd5ee2fd81b240_attempt01_receipt.json,1052,8fc743a2100c9f96702d7362dd15fb813fafbbeb02c5998c62210c1c2930b8e2
receipts/a9909644f1e0e3711e25fa52b8f9b5717ec387d8cf255fda33a5719b5a4326c6_attempt01_receipt.json,1052,7fba6ddae86ae471b8b1e4160261c35f3cf9eb8fc8046df6f0d5183e32b04149
receipts/aa080d0d66eff1df49e5616d846ad2e5c8551670e635118daa858c19639f74c1_attempt01_receipt.json,1052,74694da203dabe859e543843b6eecf936977aaaa6b5fc66485a5ff1353926430
receipts/aa992c54c14deaaf712b61c14f4273201b8cb240200ca58195572eb37c33d612_attempt01_receipt.json,1052,dd75ef545f1d229017515d9d337db273bbe80dfb6a146e7a7041597e70992cad
receipts/aaad2a252ca6efd87c80d75cfb4e6e3e6c3de8e7be250e4a1a60fe353d542b6f_attempt01_receipt.json,1052,4cc8c6ed22ab634fc8f5cb46260878418d7d9f3955a8692488f02b01920b138c
receipts/aaca7af03c1e9a991845ccc93dc40f6bf30cf0b347313913a0eaf8a6dd16f23a_attempt01_receipt.json,1052,d3938563f8308873e011affa3bee083742149207c131b6cf07610693e48733da
receipts/aae67021bf0ccfff3a0064eb9a0de8f284c7a83b18385c553a8f691f872e4f4c_attempt01_receipt.json,1052,e2b9cc81c169f6d61befaf1b400ef07facd6495eab7310fcfa58871084bf1945
receipts/ab357674433cca78f0488143e54311281d5c0345da532b77296293402248a0e1_attempt01_receipt.json,1052,bd7cac9eb7b5468ce3a9fed9173d246829f469c24acc31e165834ff0af4de748
receipts/ab47d0eacb1a8d75db1326f8c078259be3ca176a967e8c57376f17f7b6e97e5e_attempt01_receipt.json,1056,2d141c8f04d3914931460667b8be8b84430a234d4b026613876d35b263beeca6
receipts/ab942f55a1e6ddb8dbd5c0a01071f73b06ea8f71616179223fe6138d1c81cc7f_attempt01_receipt.json,1052,65bb8cfb77074ae0114a6135ab513cf38917406bc45fc443d657b66110e5d6f2
receipts/ab94c5392a1944e14560c218b25b8ce184733f753f98eef2eb6ab101d291f5fe_attempt01_receipt.json,1052,d6fb1f10faef996538955fa7c53db17a41a55aeb5c9ea8aa07a52ea1f879e688
receipts/ac0f3d134de59e4940de3050517add3cd5135722ed55aeb42ae8c03d1e87774a_attempt01_receipt.json,1056,e35df438170eac91fbd3e82539519503f05483a5ff9992fa49c6838edd47b8b7
receipts/ac71609f90a12d1d491e51a36a78dec08f008861fdd0eb654ca61aabc49146b2_attempt01_receipt.json,1056,8e1e75a1ae02fb2c02316e6e8ae12ab83b688de6967c589193eaa41dc54158dd
receipts/acb505de021ec6197c35ab013baf95297a3f22577a5bdce37044ae1ab0eebd0b_attempt01_receipt.json,1056,93b670bbcbec7e5572c55c168c0ab7797e963c3e5df65099b67a0d334d27d0dc
receipts/adbfac2d699da725a6efbd07614375d9d2ecb07da3237a73ca27eb4dd57dfd6e_attempt01_receipt.json,1052,f3aee0a3e7d7ad6a658f4e0a2c80dc5c3c539c2885328d719af8d1e1eb0626f6
receipts/adf9e5726f7dcca95088f702e1cbf0c70de14fa4ce0865e98b2ceba2560ce818_attempt01_receipt.json,1056,a90073c9034a7235f1989c00c73145ba2ce291fe4ded5e69acb66594335c87ab
receipts/ae4049700392e1f3c166632eba1d41a86140664ee0f60773b71baa05822caf3b_attempt01_receipt.json,1052,a337c3707643cfbfb440874480b8d6c5f539eeb687835802ae55743292b4bbca
receipts/b03885a0469fa4583990c37c6e27f88d73530a9c5056910bf99f8960a2ed72f9_attempt01_receipt.json,1052,7a31a2f5c7ca5eb33e358142d274cf9c77611b31a7a3d7e5b4ecdd45e4b5817e
receipts/b0ec2bd360a8dace032f6d4bcb819393b7f21bec5fcf29c3f0cf51bf3a2d0c27_attempt01_receipt.json,1052,aae6156c62a6bdb7f22f64877c300b440748a270300ecec16b6312613bcd2036
receipts/b11001521910ae98e9ec7845549165006f94a29fceb7226fb3e0e7659070c18e_attempt01_receipt.json,1052,e793d28f5ff8ae9c78907b2c2098b5a869c0eb054a366bd3f10cecabc53b475c
receipts/b1d2feb9b3fe679c109c44c746961ea0cb9f156c7aad146e564d06bb7d99c20f_attempt01_receipt.json,1052,e3e8769a877df3f52594315268a7a6ede479c2c2f74820e8ce4ad31cd35be577
receipts/b21c0463be226af9557c6edf248b71f4376aba951c73394279ccea71a7f8ef3f_attempt01_receipt.json,1052,4da58a01176502b41089ca2d0348ab65ca83f3c1ea8f2a6f78a789e361eb7283
receipts/b23e8fde7f9a6ec5c8e9b849921c2966d2eb36113484f29ca2540d9b9374870a_attempt01_receipt.json,1052,773dac1ca94c4a67b21f5c7a1d94355fddc4bf649fc62987e722c64acaec6230
receipts/b307a8d5260cec0aee6fc6d57417c29eb99248966b7205d572ae9d118f07fb92_attempt01_receipt.json,1052,e8e8387236a884d4b5986369e8e881c581b84cf02ae4a119d9cf91c29d434e9d
receipts/b35df8f59edc8c0d4bd35db85c6ba6be402985412ae8cc83c934eedbec4fd900_attempt01_receipt.json,1052,4f7bb05d72bd0dd52b8591eab4325ef2142ae1d1c86bec3f59153e2a22d7ca55
receipts/b3c52978f391a6290ea5ffd6efad9d7c72d4f46295fe1f7ccc5d64fd8e46db0f_attempt01_receipt.json,1056,f9c8524e558fd387564e794874fb7af11115ba820f7d163dd03e5fe9f074324c
receipts/b41fdbb8c378ba562a7a020f0a739b91d2d6eec59ec434fd3f3491e11bb2fe16_attempt01_receipt.json,1052,958c6244075cb0d1d4db622da210ef1c4002a5d2e8a62da59ce7b1964f7795dc
receipts/b4337afd884009fc6bbd0ad6072709e313884ee0542b2163d8548ab531582267_attempt01_receipt.json,1056,c87b983015a9dd1d1e5ac476475afe9f551def6a49c63a342a75d5f002fc5788
receipts/b4937ac4394d093d6e5e85086f5bf51c5f8c8cf322590ce64d780da400dde660_attempt01_receipt.json,1052,a069a1ab33f0e67388a16cdd5150420212aa89672e631f939e8b6f43d3698d63
receipts/b4b6b355c9c911437dc95807c359369a8f27bc530ff699dc76439b7ed1f2433a_attempt01_receipt.json,1056,c876584d8de0c67bc84389822fd6fa466622eef9f1ebcac2dd9cea326e7e4332
receipts/b4ce76eddf4b2d16a89c4cf9ea63316414fe998617d6605e8cadd65430ad4b3a_attempt01_receipt.json,1060,df47df3f982e51eee497bb5e3acfc9ea515a95dad2c6b7de566eac37acf1b20b
receipts/b54bb58bb0bb48dd89b8986630f41b30d659ee7920f9f86a4584e0c8d2adf440_attempt01_receipt.json,1056,fa262c5cccaa26065a9a3a5fef987ae37d008b3e0ba49de0072bda81de09b60a
receipts/b564ab87cde2fa014693b3a8fd62062042e782af07fc24bb1340b5e5b7918921_attempt01_receipt.json,1056,d4d26ab007aed4e0b22f7655feab64bc63131a70c0fc4932f24be0cfc6e4e6ff
receipts/b613dd3fdf07672bbd7bbefe18ba037ea351c107213ec409891600aed2cb0b65_attempt01_receipt.json,1056,4e20d83274490ff9e66dfc8ddad9693b82f16ed84bb9160a73417535cdfefba9
receipts/b773efdd2b2e376c46df48873f1a6b971a8f185dcc5e582d4246dd02fdb85aad_attempt01_receipt.json,1052,e96b2eb37388bdb4e973eb096d4a1d8a7f92969a2dc605c92f9bcfaf83fd842a
receipts/b792bf6f0956c06df589e44ab7aae5f606f1119e297e7077d1937f4355152d23_attempt01_receipt.json,1052,ac4e5b36bb436056cb138169e92489d07d09d34fedc70e67239915ccec3029c3
receipts/b794fb5d08f8a216e8a632e25de6636a2936e65a5cd66352a84e0bd7fe3f1645_attempt01_receipt.json,1052,30f4431ff39fb533a33182adddad5c7611546ff5f53c0f808797ae1e1626ab8c
receipts/b84f8352b53d5f87ce76e12bb7c918b060d1a7393ff8c9f08faa61b381972d5b_attempt01_receipt.json,1052,cc596b807da4ce554ad3959a14c3b242ac6f79583f943f4f7642aff3eddae24b
receipts/b86cebd5fd7a83e075b106b5cb5fc18025c5f32874233d8afc67db3e2fc1bc4d_attempt01_receipt.json,1052,a7ca38f4d8375bb4d29151a4c6b54f0c5f8f8b3af55c048c52a55ea6bd3c1d21
receipts/b8a926303b2c3ebf7252ead6cb40f185bade3c277c3d2afb0b548d549753a0d7_attempt01_receipt.json,1052,a0bb670d4a65164b30efdaf61476d27db0ddbd430bf4cbaa20fdd959a4f48d6b
receipts/b9655b710624356ba7efc094336920262a3f4fe6a9b5719b0b2f4090157385bd_attempt01_receipt.json,1052,08ed2b8eed50d6a00a040897da968562e00e6bf88e4caeec54cd121b702a6a15
receipts/b97869bbe773b8a9df857946127638c3d218f7fb01eb51b6ac498ba0e9f53af1_attempt01_receipt.json,1052,9add0d887455ca041abfe15102849c76fd1ac7b0f7596ff127ed9e8fad954224
receipts/b9e8ba722e5cab93571c61a1271d22a7dbec6f0e04267ca9e0a8296e032c0a29_attempt01_receipt.json,1052,98511635c84c0eda4b02a7a8bee7ced9918596e53493e7fc3dacf8be52668a36
receipts/ba6041834215aa531690daf657d4491abfc0dbdd6e9b2590cd1137f536434738_attempt01_receipt.json,1052,f1fa93419356135ddd6b06bfad06aa4307a3b30e9bf0fa7650610aa693486ee4
receipts/bace0176d9cc82151f74dde3afba4f269a6b2d44186246642b604efef7dd75a5_attempt01_receipt.json,1052,c0b6f65b26c2db448d012f0beac2c8b99d191b78b38a8deed830e1d7abdc4849
receipts/bc65401f9a13156f00f10acbb36126f6ceee279bec8f9551ea17382bf4740562_attempt01_receipt.json,1056,8ea57f14769b3daa75d453c58cb585874fe0efebcfe1ea39a707242543d17679
receipts/bc7b1ced7102e8f8a74db757da48accb12ab44f5f9f0048b18416e7900b433af_attempt01_receipt.json,1052,690b3cf69dcfd3ef44c883ec22a6e5c1504d495f6d94f0b2ce724d1bda5c082e
receipts/bd2f3d0db2593cfb09bae083fb39ef3b6d3613afce23b353807e3663a7d7bfeb_attempt01_receipt.json,1052,d0230d29e81b62de71d60adf8eb9e11949cfcff617369f5cceee302b9b141f91
receipts/bd3663c465758af161dc08bf116b5d240bb2b80ddaf8773c36df4036ced6603e_attempt01_receipt.json,1052,1aa710554c79af73135bb2bba314f7bcf83a37c213538b3cd21cecee08f18491
receipts/bd5477fb383be831b939492b9a4ed2d99a3636fe0cfd23a40c0198aae2bb2b9e_attempt01_receipt.json,1056,68ab76e20cb8f5b89092528bb5024781deae9f635cbc283b7ee60015b079be37
receipts/bd627c7b67d42272c1718b1cf9a0cccdb8e5cc283c824df9bc65f3e83a6eb8f4_attempt01_receipt.json,1052,2c90cf1d3d49726cde348bcde0ccee9b40f61676fde665c91fc270b59e658216
receipts/bd6c40dd64216cff95a58b102223b32231fe8cd669e71fcbbfee4c15840689bd_attempt01_receipt.json,1052,1fb1943c80bc2df23204ba7e8ba23460d65d7663f42aceb82fabeae3b84abd6c
receipts/be022c5049df17aa2b2dd2d2f840d4ad6ff2d15259941a2480ba3b0736627db0_attempt01_receipt.json,1052,3b2e075db099fe137dfccee6a60c90039d6561202ec8f1be67d977d964d93fcd
receipts/be1054e9592d89e6bdf9e9841ff41185741a2545a8554b774dd16e2a1e029650_attempt01_receipt.json,1056,26943867cec464af2665d8b71c54e5c5d6e807ed84fbbae8e8bcef797c5a2d4b
receipts/be73eb990202555fa004def7f9bda93ea67d8649ccb04e22460af6da0e73fc1f_attempt01_receipt.json,1052,3457ef692c125b1b105cf15eacaefdaeb5eabd8ec983c39623eade7fb15a8bbd
receipts/bec71e16314ed376658c3cdb3acdedbda25156b83503b72a69b027027cb5f98f_attempt01_receipt.json,1052,defe7a49bbe54d72b351ae4075de015f54390607c7f73c46643b97ac2fa9d7ea
receipts/bef4dc1a4b6ed9d9656061aaff9f71023f5a9521e89c91a82ba51a67149f06c5_attempt01_receipt.json,1056,690ba891b25ee82910f9524f9b09e4ff8026638eae24b307c7dfabb7c6c05db9
receipts/c04f420b89c0f2ace8ca1ed96335a77a8281ed613ff66fb368bb5e7e7aa525b0_attempt01_receipt.json,1052,05aa0182f0060bcea9f6a91e5650634f1b62e83e6e7da5200553c0389de02163
receipts/c05814d0374053935693748281ad8ec9101af85097ce03fdfb89fad887a30f3d_attempt01_receipt.json,1052,b83aaa5310661d52ea9390d345650fd5070b1ff1af38f8fdd72c13afee382a5f
receipts/c064d7f4c5634fe1c0c4eb1c79c826d687ffffa007f78942bc5c31d3b3a5d3bd_attempt01_receipt.json,1052,c8ed499db8964d0f7a7ff300903313b66c26a1103b0500763e475fa7ece548d5
receipts/c095a96e700528fe5e3ec0f054f4540a7779dfc8d8f32ae003c3ed0f9babd80a_attempt01_receipt.json,1056,707ffe443198b0c02414b1e14608372b5338865830682a29c97b37fc32f0c736
receipts/c1249011bf5b177931b072eb2badd697f2bd086a794ec2320aa9f5c272f65422_attempt01_receipt.json,1052,9dc55d5b0ba0174cf5cdee45d7987c21cd51410080334ab5a79873fdb0f57c9b
receipts/c1372fc9566f24e3e05f605a0cc8eeb6f0c384de3cef9f8ed8f7c48e42fc4366_attempt01_receipt.json,1052,63e74eaa5ddc22f786585e77766bfd752b997f1fb13ab29cc5197ebb15bc14ee
receipts/c16685ce5dc7bb96d4fc166d587ffcb767ede6d1245b8aa15a2edd3220d231bb_attempt01_receipt.json,1052,b3cbb0d4c103bfb586df1c0da0207b4560cb77d303ba367ae03668fb5852f0a9
receipts/c1a1eace17d67984424a0457ea90a8648d929c30d80254efa4819357e5ae9271_attempt01_receipt.json,1052,576aca2a4700c4dd1014af92891421354f0a535a8d171f5b86d48c1af23b209d
receipts/c1bc825762dd642241627b0583dbd30dfcd56b8d30617c83ec33acdfbf24755d_attempt01_receipt.json,1052,a1a37447626d699636d3e8766802e5366b640b0cb02b3cb96a537b327e077d8c
receipts/c1dc822dfd90d546dc92cd1259b3add5974290e6239d46f930a1454cd2fd5aa7_attempt01_receipt.json,1052,bad776964a5735710a6fa76947ffa466235d4e9091db789b0a60920552dc17a6
receipts/c2337fc8e45bc3dc383be24ae3378c0023278be45cc2c1295f7930e412a21be0_attempt01_receipt.json,1052,1c38b48aff9a62bc4c42a769e217ea8c05314f001c7f17e5f57007ee104deb8a
receipts/c23be55761ead12e83860d408a0003e1716ac04167d31cb5c3acf7f83cb53aa1_attempt01_receipt.json,1056,d1440d7c645cfe20759b4e260f405b232cb2e396b7810a2b70c0b47621a91a74
receipts/c2646e983e3351ffd91ab480d956fe12e336eec818cdd3a1a66a0db66a4a9f5b_attempt01_receipt.json,1052,af6c41b94b5b5e91e0e6b3cd11ad95edce02fe1e4e39b09f0193b50aa34ae90d
receipts/c2903c29de65a887cf5b20e0df66fa64136bbd8644d91424a6c9b04860f1b0b4_attempt01_receipt.json,1052,99610fe65c0b3f509522d3107a10ee827a82f997f5e7f665e395aebc2be84fa3
receipts/c29ae216acc7fc9dbc747a2886e507abcdf7ac22bf8f99a848c0046f52b54b7e_attempt01_receipt.json,1052,bcbf3743bae517b9a8a6b62c0f9d246605f861e3980f850453002af86bd275ba
receipts/c4d895c9c715a0beefa750ddfed9c52c804763992af0b8fceb80ffc35e01e2a5_attempt01_receipt.json,1052,028a9ffc59de7022d605bb82cb7b93212d1e44ab250bd0cd9799901c82dff160
receipts/c4e89add00b277e6a123aa5516bf2be2dba95c8777f830449451b53e9a8fbf5f_attempt01_receipt.json,1056,9b01c6fda0a7e397f9d958deabb4df6d3a5cbe3eb80e5676c10774d3ae5e258b
receipts/c4ea609121b489717c49c1c4311ad4259b682f40f95b9a1ea466f013be3bb241_attempt01_receipt.json,1052,b028625692dac256933123997a09f3937ff9a15a2554f3dc6bc2265e7eaa9ecb
receipts/c4f525601360e261c46649416545774649b48d8deb546ffedb359ab0a359facc_attempt01_receipt.json,1052,cf3dae6fcd8ad542a18e997642b010aa4207eb1ce781bd3cf10323be58e75227
receipts/c4f57c99e1fefb3477b8f23e53d40b369355f9ddab0bbb8e9c35c87b09df009d_attempt01_receipt.json,1052,5f0caaefd6f6d9df856b2bfef0a5fa90865e2774a9e0261bcc182808fefc728d
receipts/c555955b41eaaf5cda19a6854f465158794ab8a09a65c9c274213d7a150f1839_attempt01_receipt.json,1052,1def1c20c4fb885031a4d48a60594f51356a8d0a16944463ddcc43ef4b9028eb
receipts/c573004c30eb6858efff9b190004a235956c9ce6042ca8c48b482dca82398eef_attempt01_receipt.json,1052,0604f8478b062ee5353a125e6bf99c69c8fe044c71f18f18ab471b287766adbd
receipts/c57a8ac549dfa224ceb665e6305748a643e79a64f98f64967219d369ba6eefba_attempt01_receipt.json,1052,2f31600621eb9ab42e2fafd85c66163e40c98f8daa6461fb455165fc43abe1ab
receipts/c5e33bd7cafa8b1077725c06b93bb4b62c4093fbbdcfad214ab191ca2aff6e3b_attempt01_receipt.json,1052,c438578144d8ae4664aec730e83e692bbd7251ed5957ecb5e6ca360cf69580c6
receipts/c660f4f3c65cf275d31bd0387de1c7273717f5cbfce14cea1773d291a70f9119_attempt01_receipt.json,1052,15135d13697c1195390c4b470ccca1253dd7d8ddb2bddb289ac096b9065ddd59
receipts/c6d966aded08ad3b0ce0170dfec5c527a4362d0d0898cc04ec1a6871a0646bc2_attempt01_receipt.json,1056,63f335a2fa14ce2902e7d9fa85318cf541eb01b64399a73b254cd54505f9cc0f
receipts/c7b7a53edda1499eaffdf9f05167cbda4a9e78ec2d2b39a3b1bfe0661ee8d198_attempt01_receipt.json,1056,137cba2c61ef5d9bd463627577714beddd38fbfe6548f28beaa4d089c72a067e
receipts/c8d10d15d582bb33e8b3f366b15a59f7027b42af432097fd8a67c8b18bcc1f71_attempt01_receipt.json,1052,a4305b3f2b36d3aa9bef98ca36c365d40a6a26930dcb13764c42fd85df889edb
receipts/c90f27d2d445b541073d6c83937dd6e702ed3c8e77567e39550600b2ae34a11d_attempt01_receipt.json,1052,1b951291d42a16e1ad6a3d35929147f8004abca8105512bd86e532da26d7fbd9
receipts/c95955b4265aa30865915ebf8363356d7408a41d5c816032a02227a59f1e6019_attempt01_receipt.json,1056,82e8d44a2e929dca39294682bd64031378e621354b3ccfd30e32bc0478a0e089
receipts/c963cdb0f1717a153beeeeaff3c3d54104ddf38571b2373ce7d5d1b8c461f118_attempt01_receipt.json,1052,7c5e298f450a5923181266d18a815b2c651a495a3190f1cc7c675836e9dd37cb
receipts/c9a80882d4cf623dc2ecd572f37a1a4ee4b633107acb6523694925ddb75c51b2_attempt01_receipt.json,1056,697fb6151cdfa7e706a3b7b446ec4fab93c4739185316e9700f773ee4eaf4c7a
receipts/c9b9eed85873308e2fff56f1edb107634c5b2979eaf63796ca8e061bcb9836c1_attempt01_receipt.json,1052,39281c937a43df49bf0fd7b6a800b24a8cc141267bcd2a35369c9ff90ea3153c
receipts/c9df9f7a8e298a046d10279b56e6646817aaab5d71fd08035166a6c1e2f6d8bb_attempt01_receipt.json,1052,0e621a143d3b88e97ae8c8071cb717e3042800f03d9606b5048d691576fc98ef
receipts/cb2774bfa62b1fd1a81974662269d53693eab7c007e08beac1ce37820cbaf95f_attempt01_receipt.json,1052,6749e5361bdd1d0f9a703d728ec5a24eee0ed61f9ccecee53dd5ca890c0464ef
receipts/cbc182e3f9acfe171747e2d3e70ddca1aac9c4ee10b252c04c0b19169548002d_attempt01_receipt.json,1052,5bc204f06fe87acfb01b020d017e18cd06b1c0ea6bed7954fc236d04801de199
receipts/cbcd5773959cf03ad0114934bcd8505a59b2986792614840c69eba91091231d6_attempt01_receipt.json,1052,45924e86392ebb452dd61abeb37ad56d863491d7faa7c46a955d42b9336718ed
receipts/cbda370d705a882686af71b74d47674ef7932b79ac01b22b51b92955c4d1f5a0_attempt01_receipt.json,1052,f776e45f3d28d6d424d470eb39450844ac8f1ba61fa374e4e4cc14cdc9e83260
receipts/cbde9abc9ac3e156bbf1396a363408e18486bb92802fb78fe85837ea7d84bacd_attempt01_receipt.json,1056,7b4c6147c3e4238cd6d51cc12c773f10b70e3a89b9fd3121f1fff483873c3b00
receipts/cc0ac81f43d9d8fe4129b91410272a0a797fcfeea1bbe108407d48eec97b4549_attempt01_receipt.json,1052,13a6d591553fc9b4efe397527bf10bdf4c5b4389424ab294ae0fcf46404c343c
receipts/cc4e4d5ac0eb84264ac6699f85cb540069b99f2c6e5f98920b10e0de2be0682a_attempt01_receipt.json,1052,60ca80274aa3185edc85b0e6aaeace94f1f43f912dbe0493be4299f76975e1d6
receipts/cd34285b9fd2960b510909573a5dc411a0e5b02e19158fa0ec5416c96a0e05fc_attempt01_receipt.json,1052,f424f08297a1aa28fc21267a051664f6729f88a916247951877fa17c8a15c4c7
receipts/cd663bb9b413a965d9796a4b2b3dd97f4cef76fd023472a93de6dfaa60b592fb_attempt01_receipt.json,1052,ee8dc12f058b26cf6b5a7511212f6defec85fb1fd613f2cf13a237452a5262b4
receipts/cd6ba1bb16efd1a2a0abcae3e955a08784a4ab71faf5b10d3074f065261bbd1a_attempt01_receipt.json,1056,34d6eff1a5c25c848dc6777c5253b346ea7f789796c3deb7ee49290f2bfd78bf
receipts/cdafae5c9d4824ec460f649b9cc326174e39b6e3f602463ce024c52d427a5984_attempt01_receipt.json,1052,18efbd06124d8ad3cacda3168b5791d997cb01b5cf126cf86127293b02b67986
receipts/ce2d7dc75902cb92b95afa5d9b2e3e97ddb6704dcb27204dbe44dc8c8a96f662_attempt01_receipt.json,1056,9933bdf24db6ee7b449fd026751ad2cf89ce4709cfffe5f3d3bf93b5c368c536
receipts/cea11ac31863192380e624810e66793045e9cee6186e355dc059e41b27104195_attempt01_receipt.json,1056,f236b56ee25cd700e1244127695f7932d32fec5937f8a0fea0518475ba00a03d
receipts/cec84306c64bb78e5a76c476c15ff3d53aff0314d8f486152fa224e73e6722c7_attempt01_receipt.json,1052,7e2fcf0b1ae338af3facf4da6fa503a5cd22ec836859ad38586dc8df194cc67a
receipts/cf015191b39f1c75aa3ddb48f54f06681d83722b9c82e9981df8eb382ea14f49_attempt01_receipt.json,1052,d0491d52817ceea530ffde3af1c97c88529069175bf65de953bff3a0d049d601
receipts/cf077d1d016ee7e73d4246e683e26254faa757180fca8b72cf18c6821c6008fe_attempt01_receipt.json,1056,89538e2505ecd0b257c79bb33cd170fbb0e356ad1d9ec52d2d0c99b5e77fb9ed
receipts/cf49b05f20061c68812f26ca8b4f1bbc93d26dc98268ab1b8f412aca866e186b_attempt01_receipt.json,1056,f7b498de346f79e959f2ab48db29a011451399b90edc550522c8095e471aae89
receipts/cfac12fa4b1c36b206b82cfc99f0fa79d3a419458de8da44641f56cd72bd5b6e_attempt01_receipt.json,1056,8ebba2e365921dfe46e88aecff81c86f7da1cc5cc1d8e6eca3576e4308443b28
receipts/cfb7a27384a0c0db8dba73e4e6f7cefef51f0243899cef381513b5df33eb82d3_attempt01_receipt.json,1056,2e49be7fdf0edc87b8a8f204c33b50e1ecf4360cca87d7c7e6d9e3e0c9168419
receipts/d01d322d560534f71801cd3b5fbf57e3b166a74419b5d9f6b0c92916b897ecc4_attempt01_receipt.json,1056,23ac44ec53ec1ff028684d983f3210b540028279efee719def55718190b6e277
receipts/d0582b775e0bd4a3b87ab5fe130592083fe9bc4c499887bcf825ad4c0d1cc79b_attempt01_receipt.json,1052,ac667d3cfa0913fb1656eba11d3f507f55473cbfc6c753090acc5d25a42a5614
receipts/d0597f76a25a0ac3ce987f4608596e2f8db86b2d580e4e8fc668bbdfc84715e9_attempt01_receipt.json,1052,98f08959f1ec0926f7beca9a65250fae430072eafd8148e674d06fd87b09aaf8
receipts/d08088adc8bc4d8544f83ab80ddb48a8f3bd448d89b433915f1d2652a71fd603_attempt01_receipt.json,1052,b540be1f24d61ce8f1cb2ea8f871d51df24af175b6aa14184f5e53e1bb586080
receipts/d1148e2a101ead3abdbf9cbe4e600bc4fc9759443a90d99dda9d952cc769d1a9_attempt01_receipt.json,1052,4cc465fd305a435133c92e57f91baa5f17b63d3aac72ce1c85304131fa6ff61e
receipts/d1282157d9b959e4b023215edc64fac588a59c0e90bcacf842107fe3d6b6e54c_attempt01_receipt.json,1052,a5a844c04bfee8cddcc5c4b16499e505948d21a7de09a251307b95ed0acc519c
receipts/d12bba0e3624f2dc8691fd3d162ab312df03cfc7823545deb5a6a0b3ebe3ec03_attempt01_receipt.json,1052,b5461c193e063cd39252c767b01829a3a43a5ee64a5d4b3c148bfe02ca83063a
receipts/d16dfb31beb672a461d1993eb279e262c651783e32d499fb0183af77cacb5110_attempt01_receipt.json,1052,0f7911438af4bf810fcef8d33db31395bdcb19e619574d96cd3386a572975fd2
receipts/d1d92cec78f6ec9642c685d49fda458516afbab6b17b054cf13a8e1928289f78_attempt01_receipt.json,1052,42994ec6b01395f8edb5518aaaaa64e7451a89792476c38e0444a80aa6227dfd
receipts/d251bead1885b887778f713be4d6b95ddd1b17ba566605df3d4eed9d16938633_attempt01_receipt.json,1052,e8924a58329ddd2719f265406ddd8db373ebebebf47525c8b1611b44d609d467
receipts/d273603bb6050b84e20f3ff9279ea253ea264b41574bcfea5d4c955b357b2744_attempt01_receipt.json,1052,dd73a9a4390d5d012f5b7d7ee63e6a82364bcc88dda4c54df45b0edd2a7f93f8
receipts/d27519530d573a24a79f9084cb9ef0e6f76d621526fe926cc4f95e8f7659acfb_attempt01_receipt.json,1052,a52ee2e589dcd7dc873e994fd00f96f1a6ff4ba38ccf2d89c90780068e3b0b82
receipts/d284f2e434610c8acf4c0c296ae899677ba88c87df6a69c34dd2f0dc346544fb_attempt01_receipt.json,1052,9e8fd0d82fdfa4eb14493b69555c1daa800268e5299d5614740cde24b80b043a
receipts/d31fd8564cb1b32cbd088451fb27cc2e101b38529b1b9766f5da8b8128003b98_attempt01_receipt.json,1056,68e1bbdfa961797b9cc9b1679543a220e9d41fa9c50fad6ea766ba46683f6ebf
receipts/d3dc7cc848fa627ca35f7abffa5d6d85876ab39fb797b3b96c87f760a6d8e533_attempt01_receipt.json,1056,5c601cf90182b533ba6eb923682b711e6bb494dd09c7c6508bb5df2230d8de93
receipts/d41b33f5bf1a63de18fcc42daddc0754f170410211a4e540013fd338712036a8_attempt01_receipt.json,1052,2b12018ce885099e4b96d14db9717b0a20c33d43508684ef2a3d4aa01faaccc6
receipts/d44e1de2c9757cb3acbacf8f6cb512f544aefc6d5aa7c433b243fc5fed3c1253_attempt01_receipt.json,1052,a88fb0eb68983e0d4f5c300c5a95935be27990080421db4f6d9b2be2bc3ae5b8
receipts/d4558e1c89d31171caf5b22e21245b923bb99dde335c1707c76f2deb1a21bdd2_attempt01_receipt.json,1052,6a9d4d0038bee29fc15581cb3bc5a97e0d22eaab359add988a77da9e0512dee9
receipts/d4f496295daedb17c707e4ae1043f2652899645ffb6c8ecbae054e729ce17a55_attempt01_receipt.json,1056,9da6ad251418872871392d15c833bba32d743fb9882c7dcafe8820c1af64eea7
receipts/d4f5a91121531f873b89649f443adcba7dc95b13db5d9e41289081d82415af09_attempt01_receipt.json,1052,df18a0fa3d3b5026e723ecb312250f53cfacc42204d1b143b0eb64137c4d90a6
receipts/d5a86aa391bc0e3de72acd6f4bb0df7565b8a118d1cb07d789b010720270f09a_attempt01_receipt.json,1052,0f4e1b1f2a0876a9773e924a81d767c41fb5d6dc5944b57ccd26679559d88980
receipts/d5da2d2fccbb021107f92655e0bdc702dc75b39e7effc29cd435cd80f95b3cd6_attempt01_receipt.json,1052,30ef46bab8adefc4eadbf669dc7023054ccafa5e46911bd8c2cafed65833afa5
receipts/d6b3735bfd7500c769052d00bfe29a54087f64dd1bd0db5372aef5a8e1e2125a_attempt01_receipt.json,1052,0af414e2564367862ec91bb897833f6679f5f08badab6d13e50a28a7c061cf8e
receipts/d6fd7d172378c035e63952672fd424827e8a2ddb555c24fa57f7b3a541c918d7_attempt01_receipt.json,1052,5e676567e8bb8f800743b17954ec0f9f6b52a551836d25f3b5fdeb1ca8c0954e
receipts/d7402da4e7327f5c58a886d3da6805161a726e4135d900a7d7b365b51e471b78_attempt01_receipt.json,1052,ef3a78c34a841c7bbf6fb137129d074c99dace5dcc0b0a2948653bed1669861f
receipts/d792a0293ff020bed8d15f35a4398c154fa4a4d8920b877dd93d97867e379d6b_attempt01_receipt.json,1052,f8c6efaf2a1cddd026c11432d64f4d94f1f37cd3363ae34f8cdfc461c892781f
receipts/d7dee9f9cace9b74a554319f26cfb3f89989225736334c09f2b482878adc16b5_attempt01_receipt.json,1056,00c9bc69ca2e4c9cfeb1783fad79b24d7b4cb89dbcb6ee471e8c2e68f3d5a6c5
receipts/d7ee1ca87fc582aaea603ddf22825502bfabdac80b49f02192bcea24f1180b7c_attempt01_receipt.json,1052,82530ff7d7481c61c09471ccf5488c7af8a8475955ebb449000a8783aacd9141
receipts/d86f12e3c3814ef255b3b16b4e00b39c2ffba1fb284a2c280432fa089e68fa55_attempt01_receipt.json,1052,093e44014dfe9ea2d5a8b47cb9120d8b69f331e693e189c2d4fff04416585b58
receipts/da16540b71ae6f170c98c4e044e4a97e594b2d0f2aa70e11a8a3855744617389_attempt01_receipt.json,1052,462414b5acf179f6d530725f1ba633d632dfbeb85e3413438e7765621abf0a77
receipts/da1a20f7cc057979196eb715d4d2be9abbd481828197d154ded89d5762517f96_attempt01_receipt.json,1052,241b4cff714845cf10b44d4b98abdd4a9ed27af859e9d661b3fba685f4fb6d12
receipts/da700f7a871bcf48cfaa56c35005df3aa2e79bebd94281528349ee84ba3890bd_attempt01_receipt.json,1052,d1bf0ddd981598ed221d488f11f57ec0019a05084506059d97fd083fd05d03e3
receipts/db483510daa476df9e2a9b745993d7e3b304dbf0f9eb56c39f71d9952dacacbe_attempt01_receipt.json,1052,542a390ba1a9757022eb0af7013705a5179657b096c0aa73823705bdc92dc58b
receipts/dc2e346da61c5ac93d53b118dadbeb1de43957aa0085ecbf31e3a5649068e951_attempt01_receipt.json,1052,cef190ac5ac2fe9abc5a971963447a3a7bbc49b8f3c3fe59f7cf62086008b12c
receipts/dc81b4356119ad452b9081e3b446fe3040744184f042737b6bc66a7081512f6e_attempt01_receipt.json,1052,3d2f5aa3e9eaedcbf77c87e0aeb4e1cbcc40c3a0f3c83035f56e7428295cbaf0
receipts/dc8fa0495d4c196b335a4fb10eea3a48f7643913dcf764e2173ebcdbbf7b5b29_attempt01_receipt.json,1052,6e7e2c78c3313144330b6a5e7235d790021a921dc2555b123e7c8d96c2f6f62c
receipts/dcb63428fc21ba3f6b1a115aceba959f892c491de871cc1976889d546485b49f_attempt01_receipt.json,1052,931f9d7ff9a077976b9282a23a7c5b77780778270fe036b3eb5641c634a6d375
receipts/dd0e54d32dcaa4c5b37c62d3b67a8e526f372bd52d1af52ea57aacb3393c28a8_attempt01_receipt.json,1052,8fed3ce3df7290035d9c936b6729a0ad4ad1e32f49a1ad3bcb1700b308a84cda
receipts/dd26dba78f9809cb01bf1e000c51e8b0f4065fc8a72dfb73131c9dbb61b94ad7_attempt01_receipt.json,1052,fb8f8a5b0ebebc1957f53c8f465287e31f7228d8d1bd3ccffa3be7f096f9bbe2
receipts/dd6b06306552455d7601378b9ffb34e3a5fdb7eae5821d377a6bbf57d4032d3d_attempt01_receipt.json,1056,f31d215cd0ae5f37f6df681162a4cc34bf70275f3a0274f0c0d649f80e2f3d22
receipts/dd6f582e59c99c38710cc9486c1de9a7f3f5e297fa1bb73d272be8aafcedd3c5_attempt01_receipt.json,1052,4dcda7c96a8bed141edb2d47dc347eb93f07059278ff66962a17dff8de09d9a0
receipts/ddb88e32925d8a06ce021e7b77470c8be38e4191d765c5167ee6d346d39fe245_attempt01_receipt.json,1056,3083565fbfc3057999eab23c7e7190bcaeab43d2a057fbe88f0a1cf6eeb1357a
receipts/de0cef5b50d7238abe35488aeea1b18cb20a256fff6fd8756aa050fdd36673be_attempt01_receipt.json,1052,77046ec1297509196fa7fecf4727f6538ade9bce87475d1853e4e9a784bd91d3
receipts/de9febf3111b7884aa41674c1ad1eb361a68e41cdc5e75011ce508d242ff32a5_attempt01_receipt.json,1056,cad4f748e689b40c3404c587e56e00ef0776128e1ac2e91d76285c9339d2d50f
receipts/ded9a35e3be291a3a261e47302e5ce8094af6d640e3388941364ea1b6745c802_attempt01_receipt.json,1052,f2268620d85afefc3cebb2d4405b8b3c9a5be25aa87f5174c758ff54eae0ee5d
receipts/df37806ee59a39d3f92f3aac4fff8bf2d2f4708e369264e27a2c94cd8ce58034_attempt01_receipt.json,1056,2679dc2c68bfef79a4a7cca781ad174a3d32786ce7287dc292b1b68256588739
receipts/df4ec722492779fb8c6d143f5c64f32dfecde86bf8aef374aa353ec02abbbd3f_attempt01_receipt.json,1052,e40c671458d81cb4c4e7aad25d5094d17ea9cde252b1620ad5e14f0c31768399
receipts/df63e2fc545f7fec3cdf7830488b566781f213e03029960ca7b9c6affb841d5f_attempt01_receipt.json,1052,26207b9fed04cec65268ff6bf06ec1a6e6dd1ddc85edb9e4b14fddec07fc16d2
receipts/df78c9a3660fb3dcd034a1c56d28b6c8125ed5a1fac8afd8397f0941fb364914_attempt01_receipt.json,1052,e57e906af58cdfb838043bbd9cdfc0bbb8651afb54229d0bde0affb180349159
receipts/df8d60f572afe98a039aae609b9f1c80b72cc3904a55a8cab3ad86e460c6cdee_attempt01_receipt.json,1052,7a820ff781e85b03beebdacc7e40c572c3c77aed05f2c7a13b1745a86521fef3
receipts/e02ed44cb34dc8ad2982c4c2746db60706862527191c3e852d04f2c16865e5e5_attempt01_receipt.json,1056,8a272128e42e5d8e81b4d49810a962e2d5773a7ce8a9ba07339c0609c574701a
receipts/e052e7b48b5483f4010115da0b99491b50363d7d9cc66a63316419acd2c2f621_attempt01_receipt.json,1052,f1bbd186c50d7a8c2db6c5266696243477a8d92b052bcb77b3221f1d72bc73c0
receipts/e0cffb9daa9350795220361f95dc5718ba8665cc85061c4a4a4001951c9c9ed9_attempt01_receipt.json,1052,344df41f64e855802b6188b96085da3d3459f9b13e5cd9d829fcbe9432b86bae
receipts/e0fcee7aad0bb97b14185a39b9be20aadb5598262ebf0b9c0df12390f0706cf3_attempt01_receipt.json,1052,4b380fa24e37dfb71337511d99078aa042c65fa0cd2f94cfae4b181ed636b985
receipts/e21a45317dc023ef991fcc2625547505ca3db6ed8a3529dc6c9e47af5c284bf9_attempt01_receipt.json,1052,4a5d20507cb30c97309e6caffa47591d7e6855db5b6ae8a5787469423b315e09
receipts/e253581ebfa2f5ed98514c5fe88c0f074294fbebbc4a24c8950f71b91c3fc962_attempt01_receipt.json,1052,bc654b1a3f83a0f8576cce074e802c971e7825a7de7e60c40a259c7e735696bd
receipts/e2840c7c096ec3e66b1b051157cc5f2f462d5f70710681d73276a51451a97b76_attempt01_receipt.json,1052,54b401bf1e5ed961165e9e1ddb4b54b2528d266cebbef4dd2401672fb2542285
receipts/e2e6f15f3b941af30ef30c192a2c068721c410c8ad456ccfa0e1eeaa71f5d402_attempt01_receipt.json,1052,cc35f65e02c50c010da474db64635b5d60493f5ee53cef1a8f0cf29c5ad8a6a0
receipts/e33822fcc199466b50fdd0dd32b446f1968f54075873159066f827f63b5af54b_attempt01_receipt.json,1052,78dbec7b9d091751830206d1ddd9adc8d6a16458d96c74909ee6ebab61a1b6f9
receipts/e357a74d23f73bb00ced614fbe1f0380e41b571da12ccdfc1277da0811f41cdb_attempt01_receipt.json,1052,448dc6e377dfa09fe673fc7ae137424a663d5b0f02e2aa7273c6dfb8e8825f75
receipts/e37e362651e5d5a50ffd9d57e332041a69b0949315dae5a047718fd64eab6bae_attempt01_receipt.json,1052,d4d54b50b9dba213352b48ea5b58fd4dc927b17a997e87550a83b99dd5014038
receipts/e383657ed234ff756ab22f4a9ff68222a3adce86c701500fab682cfa06d64450_attempt01_receipt.json,1052,48efade8d8b810bda298e91b928378bc36f4e85f487f0da92f6efc26ab64e238
receipts/e48f165a53b686a1107ab230674db5d533acf8f710e6666d081223c0fb5f6234_attempt01_receipt.json,1052,f55bae70dd68204d236a03d4ff60473deda5a309951a1b60180b71f50a66fb09
receipts/e555d465a4e8d9f05b7b0abd414676f223b9e8d889f21655c0e539a1d921b9e6_attempt01_receipt.json,1052,6390ebec57a958142ed85e555fe0f7bb2e6ec7677ab1745308fb44c6c8f05809
receipts/e64babff90f1be9e8e9c22d3b603036f748cbffa273e17ac49bc69fd66dde936_attempt01_receipt.json,1052,a09dda8c57563da37fe377b5eb03f2e984bc6c12814777012c61909e199b3cf0
receipts/e67078b29416df609fe1c05570de3ddd8afd9102638a30dc19daef3cda1d0b5a_attempt01_receipt.json,1052,d3d4b8354503b11a793b9415bc1309955120738356a1d95a164b0fd2caa0145d
receipts/e6a3e629bd267abc8dd415a635b0257adc7d0286918facaaf9570c2cbb7a466e_attempt01_receipt.json,1052,5097d8c6f64ae2a9d6bb0dcdbf4dc694290de77ce4faf7317bfbe27f40494d35
receipts/e6ae228acaf06c5b39a48a4466b00f14032bf05a297dccbf8640d18cd7d73441_attempt01_receipt.json,1052,a44717a38a8c666e6543098c2f0ebf61eb9fd52284abd2e751c52f41473a5bd7
receipts/e6c9492f50e45023bd9a8ef595fa74e4afd6bd8ae2f9664d958c085ba51ec41e_attempt01_receipt.json,1056,e85b011ca8787f81c85b2edce65c760b1c8c0e7340b4ad04597f23d3dbba787f
receipts/e6ecbf8cf66a6fbca99aeb32f6ac76db15a035f12d7dff7ec359329c46a90861_attempt01_receipt.json,1052,af26f7967c4d85522dca91fe0f8d948b778fddc6a0051cf84952f1adddde74ac
receipts/e70e1eab1d6bd03882c0e4c45569b8d86433e96b2ccb0af3ded316557810ba3a_attempt01_receipt.json,1016,bbbe4e9d9bcc9d93c534c51ed93d3342d0e1689ade655864b9a1966622f33376
receipts/e70e1eab1d6bd03882c0e4c45569b8d86433e96b2ccb0af3ded316557810ba3a_attempt02_receipt.json,1056,83ea7ca75d9a3d9ed6c51c156e22b3b9a72923a4f5f146b0158f637eed4f2af1
receipts/e7120fa13b6e57c995b44c692f2e83099348e464dfd82315477ccbdfe59519f3_attempt01_receipt.json,1052,d9047020c3b586b6bd7021c46634a72bc8a87ecfb26b0d3ae7475abe842f25d2
receipts/e714b28d6ca0c66ef0147574a28725380ed301b9641f1eecefa93586cc37f158_attempt01_receipt.json,1052,5bfb6c183898fe2443a8b141f392327278a006c319c086db913ea576254c40a9
receipts/e762e61f63bd04177f2e4164bdb400c67366f60d13001ed13f23ece92c0f521e_attempt01_receipt.json,1052,7c467ac1592c960b3e10621f974a39cd54dfb7472e059a168bf8070eba7ea2aa
receipts/e7b6bc520b582ebccd21450c5327eae1d84c155cf0941d1eb7c03498f77314a2_attempt01_receipt.json,1052,b41a08523552784fb201c69068b952d523e3e4f1075871b1ed70e705e3a15741
receipts/e7de71e4a14b654eed1e3f8c862f5a37f75a9f91e48d89d0f94af9c64a4e901c_attempt01_receipt.json,1052,7ddbe941c16c612a25e91647871af7953df536ed6981bc6f88b5294666395445
receipts/e86b3000ed438a5b64beb50b7380827067e707fbf8244b43be72576a514e243e_attempt01_receipt.json,1056,8d48b3cfc695427c21d60ffeba58918be0928ea8679b52b1e4d2eb2397299b1e
receipts/e870f7f9098c6d87602d84fb11ff6c72f0d3c495d7caacdb0806dcd7ca11b3e9_attempt01_receipt.json,1052,22ef3f4b96878a7374e734c9e4ead7f7ac01d46b4037bea1d62a76e5963e7dba
receipts/e8a75dd9ba13bf70f587d15c229a30a53aa99e6c87bd7540b3c55f61c13d7caa_attempt01_receipt.json,1052,8c4ece70748f14d62b4314a03d96f5e22d80be11128a166ee8b3b6b30e724799
receipts/e8a8846549d15d0f3013f36e4a1f5b95dc9aecca0f5acb6cfbf6b78b36933cf8_attempt01_receipt.json,1052,59d55963f405fa5e7f37a2fd0d2923b5b44d77061d90f266270800b680dc8d02
receipts/e90bcb57fb0b1b726994d3b6c0d463a2ab7c99e4c302ab4e03f986b6160b924c_attempt01_receipt.json,1052,a36721f31f264e752f5a997768247cb564d4308ff7fe047d2267436de2c156c3
receipts/e945853b6c9c42e731c72aa85b53cc95cb5143101cd46650827389df2f7fea86_attempt01_receipt.json,1052,b8697324ba5d0b26b37f56740193d7ab1bdae43d572fb246e8430041dbbdc34d
receipts/e95211aa726b3490d527d10f794b381555cf58c8b6d9f0b127ba0afb2778d921_attempt01_receipt.json,1056,0d2d78c99d2229f052c3f6c380b8c82480d2abc12b220b0b51c0d8ed8db0b4ae
receipts/e9882d1ae37404dd5a661591a5d783f16348ceba4b54cedee418dc93f4e03093_attempt01_receipt.json,1013,e1ae0c13a0a6ae16e0c91c7d59cf78ede4294e8ae897a8550a78dcab1f02ab4f
receipts/e9882d1ae37404dd5a661591a5d783f16348ceba4b54cedee418dc93f4e03093_attempt02_receipt.json,1052,ea460290cd3ffb37dd191eabcdc35bbe793923c4777c84c43aa13d4b2231ef38
receipts/e9b269dc192faec0d1e0a3bbeba490304c85901f83a481c466da80ab81aab86d_attempt01_receipt.json,1052,6b4781bca3737fc9bb75ff866da2f8855b63aa6f05af3e07379d6c604460bfe6
receipts/ea8cbb15dcc1560f88122484e906a4a62e3183606d057516b6836f1d30a608e5_attempt01_receipt.json,1052,4035ac406e325dacfb80311c207c2006be353fdd81b925574ae02299cce6054e
receipts/eaa359a3428853b6d655c37d3ab405fc659e934082bc56e0daa741cd706f59f3_attempt01_receipt.json,1052,29c7a91bd75cab088d99b43b75e4c194e5215944392b7326a5500779587e0f32
receipts/eaacfc9dcfd4a71dd7323b9ae1ba75a9947625d7e2c62615b3e29fe5c95fdc9a_attempt01_receipt.json,1056,62efe20e6efd406b3ce5e8f9ae8cb68c614a4d839d30c6e4c26dd414762a1875
receipts/eb19ffed59db0fbc93dde95f00329e970b918ad417319c95bb81cbba183998f9_attempt01_receipt.json,1052,d59b94f0cb30291903260ac18224b020eacca3fe5740c1434e5b3352b04ecfa1
receipts/eb407cb3f321777c53bf55b943bc2b279fc4fa2f51d4aed2e16bd26e2238cdff_attempt01_receipt.json,1052,365eb24091e05bd78a51c3a2837b8ff721449c2608e5f2754f169ca4490ed68d
receipts/eb4a73db34390f79ce1eae6319aa0bf233f0eb24ca5054662f27e7909032d414_attempt01_receipt.json,1052,a96752caf4d0d4c05acc18bc355aea3e255396f43a72b8af800e4bd76cd7ac41
receipts/ebc444bf49382e2e6d40ed35b4e5e855b391c2d4eee7dd613cfbbc00633db016_attempt01_receipt.json,1052,5d99473e6751fefe73b987a09cedda54a450980cc884419333686c383622615d
receipts/ebd4b0501f555210badf56da9c06123b86440c7db7a1d9b1b400dffc5ac62c7e_attempt01_receipt.json,1056,0b1930fb565cdcd072a530b06c8f8e0ff3c46eace6f4bd981577395f7fcb0dd2
receipts/ec460ad78f1a8ae6d702c2638759474863a999844089acd7c1f21b6625a5a096_attempt01_receipt.json,1052,30e26109e84849149243e09c7b14cfb66acae8018e1b26e7ecf4555748afa971
receipts/ecb5f2e09d5106bac07ba872a0e384f7584378eed0541cd415c9dc3e2efe30b1_attempt01_receipt.json,1056,1f92a29861c1008eda5c134dba959fc689f9df1512ef022cffae2c9d83a060ce
receipts/ecfce3fdc7b744dcff7e6144ace642667afeda7f1f19ca36f5e7191fbfceea88_attempt01_receipt.json,1052,77c32efb466e0b7872ba82f350ae4612db39c1eeed1aae84daa5122a19920062
receipts/ed014650ab0e47ef38acdc30b82e375da69c86b3075e5b283039f9d2ee5bb6b3_attempt01_receipt.json,1052,227abad6aefdb1201c9e0f4e3ec20c240daed05f0798cd14226ba5a0462c1524
receipts/edc8312e23575bc2a87bc5e5f192550335270cf5f1e779100ff035a0ba63ee96_attempt01_receipt.json,1052,78ad3336cc2a95a1ec66562d8093d1dd46e1928f1271ddef47923d3c4c9d6080
receipts/ee2418644b7138cfac46b6fb020d8f4d03df5c5ce9fc9c3cbb5e040864f1c056_attempt01_receipt.json,1052,7b529768153a9cd68b66a0178d73028d722424ca1d8d69cf198c55492574e3d5
receipts/ee8a86d28b8249f7e1b19e6e60d695174675f8662cb8d74cac138ae3d2e768fb_attempt01_receipt.json,1056,658920957b3e440e68552e454a47d70f8c645f74a7a0b67aff3e296be8ea6c39
receipts/ef0ea809ac7cf26a1e5f30e4c6de331bec428be5ca3004c3bc7e497ae53c8cac_attempt01_receipt.json,1052,10e8d4e988cb5c1fbb0029e863cb77036f61a4b54345d96bed2f66ddc3d8d08f
receipts/ef1f32770224f70e4ff8f213ac066df8eaf5497a6e7c37de8f1865c634809ef2_attempt01_receipt.json,1052,0efc5ea13d1e431776bef47371c41d16da396d4fe81d2e3f3a5d597f36b536a7
receipts/ef5257461711b8deabf54ad6c28dc433fcf4e167814561b035ef733fdb5cd963_attempt01_receipt.json,1052,107760ed2e3577b45bd8fb65b8fbb9e673f1522a8bda41d4e2fb0bc6a138d993
receipts/ef594ed71601db407deffc158687638b5437c4271ea3cc49b88441c662574718_attempt01_receipt.json,1052,182875b1ae7393f0ff61d7b8c2a72c141614c59ff77d7b3a6017b7c0da734e31
receipts/ef7078411098cc0ab4ef6b1a24029528ff827165b465128bf7e9c8ae5a0882a8_attempt01_receipt.json,1060,ea7135839828e5b87134445de573947e41f3d4269d28d230b5ffe73a2d36aeab
receipts/f073ac00ff9d9ddc9aa036912929897210a4f62a60c9c2f1608b321803279ab2_attempt01_receipt.json,1052,10ef04992df9a11ed8b73a82d6327df8bb8e0befad6fadffc8a18e532bb7b782
receipts/f0cdf3cb59856dea5c3d6f603c8640a1933c08cefb9e913e9ab663be64b854c2_attempt01_receipt.json,1052,5973fb1f6821b63173af2b85a12233d851236437b8d3ffbf4d2b5190b0379f1d
receipts/f0d3a6fbe5702f0fd830af1931132c902b3e79d3193078f4e2f4781ca48a1199_attempt01_receipt.json,1052,e143b8c1407c900460971a1ef93aa6576d7fd596dcc4d95734c04483760dd96b
receipts/f0e1b222ea3beae8f1b227af17aa1f2c971cec12ab564ed9c6ea704d4dd484b8_attempt01_receipt.json,1052,42b4923e04fb3948648327602401884c65b23a80e737b4196b77a58c6f1b74a0
receipts/f110260847e964c4d50900410952704b97d6ad77a87f9defd5520802387f1804_attempt01_receipt.json,1060,57c3814df84017bf0e4a272d1b8dd7dc97b9a919ff4167f1c40667532b1e7e72
receipts/f11a05449bd1274b9cb1fdab9766a339c603fd5f8b07bdef21c097436f5e9f09_attempt01_receipt.json,1056,12a135b5ff17bbee9c751925151781746627a14f9e5d1ec334a8c838858cb033
receipts/f1d8820a01167dbf7391c05ddc39048c25ac4543c5f8cfa24b6ec0c5d587584f_attempt01_receipt.json,1056,f980d147d77adefa11c595ef9472a8a82698c8b60443a0f50972b53e46634a03
receipts/f205726b9f5a8c11b5e5c1689290a67e4b4f008ee89c933939705a5c47d57342_attempt01_receipt.json,1052,468df6366acabc5abef3fab9342db440399b764a844383bb6dd6d8d5eab932be
receipts/f295471827c1699f9b6991761fff8fe86f157b096a52b627fbdce31e0a43a3bf_attempt01_receipt.json,1056,a667eb4d86a405287b9005e021ff467a9777256395f986f1abc1cfdd337d8678
receipts/f2a582cd732c1fa8e68e79922b4abec52cc0c98e4d0a7c6baf93b73dc5b9912c_attempt01_receipt.json,1052,06e0ebd78c89b0066e5aab860c3033e00385433abce6c82d70483056dcdbdff0
receipts/f2c5f8b3f560bf63039114ac991672ecc6f6f65d932eecba1093e48965f0c1aa_attempt01_receipt.json,1052,12069761e58b39f6cd4d097e706ec465cd303b65bb11fc2a409dcf15d4cc9a28
receipts/f619d073f62c16ae92ae9b0db72d1349d9e5bf634b619cc120b937492079b9ab_attempt01_receipt.json,1052,2a61ea932fa7061e497f17acc8f71e6441c700cb1f9a2844bb5f56e0a8d96bd8
receipts/f673453b5e98ed028f21e94e45cc024008a284446e87dfb572fa69708a4e6c77_attempt01_receipt.json,1056,cecde6aec0b7c4f88e4d41c505b7c720338708c7a63dd9ae7d995347ebd53f87
receipts/f6a96952a1d90277869983ef46156e7597093eae117f85fc13adf83d8d75ec22_attempt01_receipt.json,1052,4cc9e331bfd88fb3a462c87491cde93c976fc5a95b44dd7c0798cc164fdbb202
receipts/f6c9117e6a6a6167550d35d38571c26c3835dd4ce55477b907aa87b413923181_attempt01_receipt.json,1052,07b978919cfcdcef2a161fc5076c5f65a0997fee70c95f16c035238727f2790c
receipts/f6cfd0caae9ed3a5516c51925bda891a170a5cbf70fba26b10e6135902e13c91_attempt01_receipt.json,1052,413532f9042a25a9510b2a66c166ccfe14f35816a580436aafc16924c8102da2
receipts/f702a924cb9628cd669e4205453634c3ca5d1990a43b7ca84f8640e8b242547d_attempt01_receipt.json,1052,b8ab2f12e16fba1196ae916650d044d4b154e986f2cfa006e397147a6223df3e
receipts/f718a9a68481480beefab5b7fce33cf19f36ea63678f08ef45b61af60ac01bb1_attempt01_receipt.json,1052,f88ca143aec25ffc4a8b516e8e1e3c944d5b18d8439bf7b9eef3ad3f361e2df4
receipts/f78a92627b4a6333a563a824b2819c206603d061a5751076d5e3270c6cdc7672_attempt01_receipt.json,1052,def4681b27382d2897210662b73ae6fcf6cc79cb503a64571a4715e204045eba
receipts/f886dea1f9a123082671280ac44664f172a8960a33d73efda8da1bd97ae34ed4_attempt01_receipt.json,1052,a6bd48f3863734444b35b5f7f255a057ea56a1a09d34d76c311ad71039ed5c57
receipts/fa27386c5d710ad1261d7960a863f8308ed9f2984eb780e28592ebe5bd12727e_attempt01_receipt.json,1052,0589747c32d353ff9cf98bbe4dc8a54fec72c5ac161935c2cbb82b96208147a6
receipts/fb7dd05c7358c859ae03afd51ff0ab30724c4eb18b986eeaaf27befe7146864f_attempt01_receipt.json,1056,6fa141220255eded14e4ac93e13b1307fdc660eab8dcd2b20f63e57907ad8c5a
receipts/fbc3cf09310befe9edbffcc9d7d9c8e542cbe952e544181825d99deb8a692e09_attempt01_receipt.json,1052,f28b3234182a955b3381be6a8326d0a069361aeb00cc8fb47dfbe09505b1c1a7
receipts/fc3d338160053bfce3e4f12c0142692efbea4c48d80f1d657079d18f44aacb1e_attempt01_receipt.json,1052,ddca7a9d29e48555e8f073c9729c9745dda9d0047d923c97addb9b746d0a67a0
receipts/fc4c0090cbad589ed4d2afe424ed7ed48cea2e0f821af4f5bf675bc25d774aa8_attempt01_receipt.json,1052,909ad486d09b6a680047d03b5c6d37e327cb86a33e85c09e02d6162c3314a747
receipts/fcba9890932aaaf49d032d5da40d1a820642db36ffc3c1cf19554fc98dcb1cb7_attempt01_receipt.json,1056,9d58f5d7c7e96cd4d1ee0d7c7bf826c6b2cbe744a56ba52cc466c7d152103b4f
receipts/fcd7ef7ff168a46227816982194df880d152792f916729cf3faa936838cf9519_attempt01_receipt.json,1056,c121cf927b29766d5db5ec815439304b96533f80d114853655393d6419bbe2c2
receipts/fcfbec0e97e98961f5c9e91c7c3889e10f2643e9e03c9726e2bb69f43815f2a8_attempt01_receipt.json,1056,88dbfbbf0d7f626ebdb17c6264310a5541b61fb2096ca61f694f2bf1ce876d91
receipts/fd33375d5b4a71611e3871ea72d4ef410556342757d1436402e597ee8de9d688_attempt01_receipt.json,1052,f052e854a13786b6c5a2bff160919b428dd3e4aecb27d8765ee33103eea3b6d8
receipts/fd37f9b7307521699aa3f19870e3ff6b2219d03b6be0ac8323a3e18c7e9ac8dc_attempt01_receipt.json,1052,0bc75720c2b8d70537a22663abe44f652c705aed6da6953fe681661779fb4042
receipts/fd5d841eabe751d78b03f8a775f1b652eadb212a32c44a363529f4d23a7a2ef3_attempt01_receipt.json,1052,ef335f9eeb838172e5b1b6ce6b4df7c8a9e1414b758a4c57e0073ddd82f14473
receipts/fdeae88abe866b02c77bc8a9e3205c36e7a3abd57a0bccfc17d930acdcc56dd6_attempt01_receipt.json,1052,c14af18aebbd0267ba618249d3631c99210ebafaad7783cb205651af465763a4
receipts/fe66c2f0036a87159e1dbf8efbd2668bbd1b3f97c56f0c26e1668aa100249bec_attempt01_receipt.json,1052,3a1cc86ac383044a4d97633c9ffd7e1c0b7879789fa53466d44fc634978ce9be
receipts/fe9dd524fdf4e9730f22e83f1dfe8b679d7de86a3f0f617f5dd5ce6f1cfd476d_attempt01_receipt.json,1056,1bc5f0e57755591900487a5102182627a9aa9fa650b71f3979a1cf2ecb219e23
receipts/feb1875d2611c45bfbafcc21b1667af9b912b27ef77dcbb77545a56c7899e907_attempt01_receipt.json,1052,b7d6fb133b158fe648a7cefec2255cdd05d7be7a7f3ec4a55b1a7461d82d025f
receipts/fee7e2a057f89ea16348c594aee117311ed3390e797af847606d6a21259d3131_attempt01_receipt.json,1052,42728a228718e1bca857135a3d4da9ae2c465a5aaaf3926221b6c11bb3bd6d0c
receipts/ff1731a9b0becfec25e2c1a4e8c9fdd77bfa755c9a465a160ba2ea162a3447e0_attempt01_receipt.json,1052,dd2c0d85c0bb3900880288147e20d817ba29e1fc7170d1a230c06bcdbf40e0a7
receipts/ff1a8ad65c262eae00e49160877c191340b2dfa3bad6b49b17b4503eeb03e8eb_attempt01_receipt.json,1056,6012c56243942b7134bf4109ddc85f5fa0d7d415f2887ca5a707c29f97f20887
receipts/ff78874825bda6744f54e9b00b7a5758b665cbcf713b6625e4abf5647b389ff4_attempt01_receipt.json,1052,97094ccf3ee9b903c1881a1be25e79627df5c61377ae524773225187c1a666a9
receipts/ffc0e16a3dacd6c00875e4ee64226d788156d0af532646ff0263068f0ce91c74_attempt01_receipt.json,1052,1e9e951c20339837482c6bf74dbb01b10152d59199ee5e811f63b5231ff19160
remaining_label_download_queue.jsonl,1001377,1d95d32467fe3f342b93853dee502dbf5ee89d73fc82fc20597e6a0e9dc7b9d8
responses/003edd97cc09b10bda517e9b0bbe5135b788a19b7809d304b25b1dc65eb279dd_attempt01.pdf,51502,a109a3a6a502836692fdfbd19b2c78b80f315ba8456e181c93180b3ce465c4f4
responses/00582d126c6f7343bf5f41e7de5583755c4db3b0ab0488964a57f7410b8e55f0_attempt01.pdf,51499,410f9b45ee8ccaf60b1c55bc03152e5ec8f3e295d57b8e6f1964b09cb3811c43
responses/00a223b22ede8d62772bd97072c379f0c4f6c523e808f1ab84f53b4b6d7c7196_attempt01.pdf,47562,c03cc0a8a0454c0111e711e35f6c8e5266e263007e4130924cd5aa807e47b949
responses/00c9476e2fd708529f11b1de18c80572c6d15be88f6fe649d0a0a19f39e3923c_attempt01.pdf,58620,d965708212730c088b3b0a7246f596749ea6e5cf7909b05d9a9ad186e257c21a
responses/01def048029907ee6042ada2dfb37df2a414dc1f5c964cfc9640f205e8eaf5c4_attempt01.pdf,144095,e433173b25f285e6777897b66f4dcc2d8f4ab2b460a359209cb2394b8038cb59
responses/0292db74d4cacef30d2bf5bf93150500f7ce42d602b082b9d7c41ebab5986d5f_attempt01.pdf,48855,d4fec12ca6ca0957dac334ae6bdf990896d276e6cad346eee0ad7a4fb9be4d08
responses/02c8b9b42d32acd41df4140014577d91b52bdbd02a96fce48276e41712bdffbb_attempt01.pdf,144837,4a4199ad7a7ae276056833b32add03697b14f2ee2ede64904fee567485dd88c1
responses/039271e8803c13bd96f0dc0e8f0f98d353d96114af24a13f9692dfc5f135c16e_attempt01.pdf,139401,2066cc92387b970f297acf1ed9ddc6b95069c49d431b632d192893fd1a4fd4dc
responses/0399bb95773458d88f40fdd11932a68259f31298ec87c628f8258b211aa62941_attempt01.pdf,180732,06abd9ed2dc63f07bd96adfa703d373b0e08449bc22c47e455693b01c76c0214
responses/04220ec12ff5d4b840637e448408b0b013840ab2491a9096c2b708bf63310ef9_attempt01.pdf,52464,4267aa66f1976c5c1e0cbb5086324609c3a44a3c50edf46cf1322be7d560a221
responses/04dfe5a20ed9f31b07e9141e798953a07222dadfe033d628cd3e365eccedef0f_attempt01.pdf,53328,443dacdf09fddcce4bebc17a2c14a60f3f8992a2c957fa38efaceb33bc35ff83
responses/055cae1f8fb21437d4be7b9918bb2aa6b419fec96be36e532de2027f90771615_attempt01.pdf,55774,cfc32fb4a710946500bf900e7b11dc6e7bd240b1398f30c4dc59b1b59f76b0e4
responses/071a9721d277f7776591b288dca2fdebd2b34351e8000a5997e0a36b34fdd41d_attempt01.pdf,67423,bf41c5a31dca2a87df6ef7303a337be0ae9e4cfdddbbe723a0cdb86d7fb0f945
responses/072e844ccc719d379e2bd714eddbf6a9ab035f396a943bed0c409c6539568c62_attempt01.pdf,55704,e51a881c3f87e4d787e5400a18167b6907e1f8eb9da4bd3f305a42b26949e247
responses/0785068cfe14571a0a47018b6bd177846184b37a43ba6131a4677b28e4cfd609_attempt01.pdf,53318,2eb1830ffb129163d436e6ab1adee9e5bda7cccd4006462170b228497c148b66
responses/0786560958598ea06f7beb4bf4b0c9703d8fae0680181cf4c6cfe781a758a88e_attempt01.pdf,180716,56aec200241fec9c0d029c031a615be2ac4af465a130f82fca7eca71f1fa6cfa
responses/0878c10c9f641e34d7e9780ecaeae1b7592ef5192bdfb40e3c1a95875a569546_attempt01.pdf,51396,1916878ffd93cf5c9bb26695b2a2ea352776f1a5c401a9a991a89a3c32d414f9
responses/0890b7cd6b23f16304caa93c9a1d374a0e5aabdbe426b506a0a6bb5e655a1f8e_attempt01.pdf,66584,834bdaaf9ceb1afedf5ef6c7cc201241917be53c96a61c98ae7c2147273090b0
responses/092035bc51a123ab9c6715fbe79795838e2c0114fe7cabbb85d695f1309bc8fe_attempt01.pdf,48740,a7d79532b74a0ecd1543a7555f7f07211c1665a9d9233ba2ac43c52d29e7e352
responses/094cc1fac365029409a36c410d426cb590ff5a4f6d31fd304be05e17c56e964b_attempt01.pdf,61622,6b51ac678879fa19624cf03c22c69bdc2cd3c803d70ed2d78a53c99bc4e17748
responses/096b46ca96926fc0d7fbb3d7c4404d814639bc816e7df978e0568161aa0588bf_attempt01.pdf,87840,9b53cc69d595fbf74ff9d2940ad35d686b48217680429106350bdae9035179dc
responses/09e01ee12c211dcd83c696730b7e3c7ad18cccc70f9f3e6a439023d208048d6a_attempt01.pdf,66608,dce6f557dd75865a049ea4bcf30f1bbe7d44cc8eac7bbd28c923a8c54b992657
responses/0ab7a35b00971bbffea87912b01e4f4d9d3ce254b4eb544b0b3e4257a2ba9b24_attempt01.pdf,57882,ea9490f845b49390439c7b79cb4dd91770378b6079726f43074ed36b5be93832
responses/0bc69c10625960e656abeb506cdc650f3786de3f8fba424a325a23125dc76844_attempt01.pdf,47861,dc03561e51e451f0b7a0fb17d3e33954220add9098fad3bb09d986f8766804c0
responses/0beb39d532ee36d79087a620cd4d2562f09f9220c28b741636c08d9feff61997_attempt01.pdf,73596,e0aae4d1506584691487c02dfe8a3aea9b9ec01879c6dfce779bae3474858b47
responses/0cf496fa2a18855719c784c64a80d2de38d3582e1e23ec95ffd0c5649a1c7f0e_attempt01.pdf,55764,b7d5666cfa93adca65a6e22eee9277205f2502fbf50b744b7e1d53ff73f49132
responses/0d218060303c95d8ee62d734289023c9fdf176162a25f9c58eeefc5cdedc9fb7_attempt01.pdf,73695,f97e0477c8d9ba17f05960343dad273e01cfbf20428f76124f3e5576a119353b
responses/0d485bcafd388f7fdf8ac15ac72fc5e9ae88f3d230fb34252a0a6727e4e4d888_attempt01.pdf,51500,446374d5b6044dc5ddf9eb6f8b939c61bed7123eba702edbdb46200b91130632
responses/0d95850af3ed51483c64d187ef103788ca9e7a99eaf25e093b5bc553766f328f_attempt01.pdf,139409,1767e28d137ffe9825dd863bdcaf3f2242a887142f36d9c9c528a97ab8b1da58
responses/0de58ffb3954a1ec7f0c5de247eff657f881fdd413480c6b49800f638d649e39_attempt01.pdf,48118,1bdd80121de1c319ba1321a67ec14449f31c568e79510472f2673d7318f78a8e
responses/0e39def9dbdc8f735c12272dfbfa320d1f289c773efc0856fa56f80dedb4c8ff_attempt01.pdf,95477,ca39714f2c290bc69ec3a01ee68f755116571c13965c628f30f822caff5e83cc
responses/0e6d498012ad1bff9710a0e31a27e271266a8817b7c5dbd24765bc1f276075ee_attempt01.pdf,51462,e749f47998097e032757fde7d93c3605e01e89cd6ccaeb652ac9e9d3541b3b8b
responses/0e71105e1ba3c60ff3fa295ad157d2c11bb109005679951b7bdd1a84ba2a216a_attempt01.pdf,57874,249e3d4a47b539ac59dd47e355f9cfda123245f18e62ec41aefedd1fc6e5550f
responses/0e915c15ae191ffcb070e87dccbb674d12d83a87b9da7253be5c64b5572ac549_attempt01.pdf,144147,3c09e4474df69ff82586a58625fb60db9dfc80201cbefc4da90f5b6a1aa8946b
responses/0ed18cb23c48d324582f515fc40daf88c3296a0518a216c5e0f5d755d31735b7_attempt01.pdf,48862,c56b33456d1587ae9d782d5fd2e2bccdae3d2b8a213ffa4e93c9552f6bd70975
responses/0edb64d963ff5c2bb6452eb33a98072266152892a2856c1947fe36c475a5db66_attempt01.bin,95,9deff96f9b5925fa5081257849ace321304b382d64cfb67d90a21a3c7cbf2925
responses/0edb64d963ff5c2bb6452eb33a98072266152892a2856c1947fe36c475a5db66_attempt02.pdf,94139,24cf2232a8ec82fe40707bab9e08f7a82cc7b5643730bef6d512776e750cacf6
responses/0ee979ed88fc25fa8a557da88e59e85d766bfb32f09bbd4017fea3d30ca488be_attempt01.pdf,60642,5119777e4a1a32b53c65f1749804d1118e6664a11c181f3f8674be1a5886b0ab
responses/0f6ccb91daafefac65978b306dee4c6387388369f95dba680c2ef2b8c24c4fdc_attempt01.pdf,116401,143caaa8d85082b45573a4a6a72563df18b433268c545ac6e20ddac78491f827
responses/0f818b3bf5693f5023105ab730c0601f6d8d570633540793112c0073f470f72a_attempt01.pdf,63341,ffe9274134a4f8976376d707b62943d214237f53c423e58aa174ae6af74a7026
responses/0f9fb1ead516933e041212a8242db6bfc511f45f76b1c12b31b9fb828c03cd5e_attempt01.pdf,49375,a13dc8a0c718ff7439889ed20d3ba2c44c3114d457b78e509303baa7750123ec
responses/0fd2af7265eccc2d44bc5e01f1b851a7a66ca259c10a5f93cd6b5d2e46595002_attempt01.pdf,116347,d9ea04bdbe3fe157b6ec2b90968038604e6b8e81d61cde2375eda177b69dcce7
responses/10005376fd1f7dafcc91ab348577f736602e52b0fc2945031f1f8fd2c8dde4ac_attempt01.pdf,91307,eb50dfbedcdd66ebab6e824a895ec35a4430fcffe28d94c7da7914b2d4facf85
responses/104be2fa10bafd4d8d2ad3a000208bb25902c6fd70dd2631af37d0703c439ca1_attempt01.pdf,69820,1ee490b5820ef4998703833a7c69212d45d86607a82e5887f8afde95818e73e2
responses/10ae838208de7d99d1f254ffb0d2caedaada846c4b4f5e643ef18783e778628f_attempt01.pdf,49390,aa26c4b4c65c14a7a3cbd95d6adb251d9d7563918298f60ef68ee3b3ecf4ecbb
responses/10c96f905608e546f6f87278d26cc3347f3b174e0cb4767312bf454889714731_attempt01.pdf,66637,fb2dad560219bfeea26e6b18f0ceb09ec3617578f855db3ad93387bbe2f36f0c
responses/10d3f8e96e7169d1dac890b019ddc608adaa2eef223bed95e18490c818b5bc23_attempt01.pdf,82529,749885c5713a2065ba83f8406a1b24a197acf373c3210fd74d5a7a160734de54
responses/1168eea3d9e520a3e2c43a25083bd4d3e1d72cc7889e0412a1f7038ce7407380_attempt01.pdf,48743,a173b7f0555d96a6685850fdc129cd1a69358b3ebfbff4c865b616952667b86e
responses/11c7c79fb25484a69aa2cee0dcda6a2a27ab3b32af93e23961ff9fb2f56d3a53_attempt01.pdf,76780,616c50e5aa7e3df1d7c719b33fc97316acac944dd4d627fb0e1e7f07605821c1
responses/1237c1a24fc4e307a81d842103385a6a6a3533716cf7c907c32e7fbbc82231e1_attempt01.pdf,248771,57768a3dcc37322d5801153df5cd3c2a5e2017f9b692c89cc8165b83d335b993
responses/133958f21aa2d08e2caae3dbac775929af3dcf72013021bc42caae54a55e05fe_attempt01.pdf,66584,690e4376a282abfdc39ceb2acf1c6c5d902fd1bfb3dddec1daa8e6c377b9551d
responses/13a4f7d5d0da411e6781b2f22e91076055f175d9fbafdd5caabfac0350327f91_attempt01.pdf,108645,e0d90a90e445a20e27022c0aac876655620133128e8d331a94d26ce7411e3f6e
responses/13ca18e949ac0dc6722f960b7223a2dfa64e7d1f1cefee2ccd463f60e9f74488_attempt01.pdf,57801,e6506b415f07025e6c8d05d5ed37bda345ed3ebc404b8d9d5cd3848b6902a72c
responses/1419bc1312196e234d61433759b8a927076f6e25626899d9cf26c2af36c0b230_attempt01.pdf,50404,6189365d3ea05f42739191d6e6dea6aaea7b532d34f6cb1abab984711c1e873f
responses/142648c3f0ef6e7d58972cbbe877c55fc0b880202767e345dfd37b45e92e4e4a_attempt01.pdf,98956,bd5d0404acd02abc63b2a157326d40f852dcad87f213c616fa01bd420c4866a8
responses/14afa0e88b2f0d581cb929b9a73258d0873d5cb6c3a09588d2b03834c817f29b_attempt01.pdf,57876,4c6830ad654dccfb9840822028f822fa254e32fa80065b59ae7828e1da63f170
responses/15e40707156482080a6e99d90dd09b4c3ee2828b3239eb95f3c339f011e2961a_attempt01.pdf,57702,0406c2e263dd2b58abecbebc29022f4b6a408bf5ed56c8fe03ba01e6c1c350df
responses/16546d5999277127efbf428c529f73af1659595daf72178798db3d009bf93004_attempt01.pdf,76859,065a07c9b3b4e3a770af66b16f934b07b87e4a00cf9792dbb70a8fe94e4db7b5
responses/165e45ff9190bcef039ebec7b56fc285fa3fec04a5b7b1482613c99823c4543b_attempt01.pdf,47559,fe7c9a7507f28f9ed64f1361bd52d58a60e232988e6f58933b642168d62ca8c8
responses/1672eb171839b78b523d39ca0804685ee68a85d6d4204182dd37d64b41430f0c_attempt01.pdf,76851,d6fcc5519c69b71f31c2e52d4bb6d594be34e7ba8a3a237760ee6753c87db2d7
responses/16762644e484aa9f648a0a5e82b33ba214eadef267f7c3d24db03cf4e2fc6bb8_attempt01.pdf,180442,28d834933b27132709913589b922cca03b82193a55cd1b9bcdb4e86db2d0e6c8
responses/16ddc587db92fd33629f267194732d77b8d16a06e37348397952fc8a5928994e_attempt01.pdf,55790,00a3aabd0a97742c508b1aac4713fe0861231be5bdd298584cbd93f90b9e76e5
responses/16fed667c771285ff80c5dbfb579da7b2afc29d8f1fab656ccda9f41dc0779b5_attempt01.pdf,2075370,ac9c01a6662833c25ad956266bd5aceaf93ff9a7e5565d4d9a4ceb0c6b46baf4
responses/172f0f8c6da74cc692a8a1ba7d4f31ae496e8241c6f0fdb8c2476091ebc98f07_attempt01.pdf,144817,45047929931c8283eaa5ff40582fc4aeeac67280e817789a8efca257f4b653f7
responses/174d58306cac6c0c69389442d35ab116811e587ca1d9d92429066a7539a6022b_attempt01.pdf,52794,d1d32899a8111a42924bf9a186595b5dbc66f813617ab6ec4540f365c5d5a15a
responses/17f6472fa39bf656537a5363cf7e47a1f45f31f78ca88b11abd84fb217929fc9_attempt01.pdf,58801,3f352bbb1e89ce2601ad0fcc94c7b69b957b3cff63218d7794b9a8e54bd3d2f2
responses/17f98348d1fad6e43aa49d5224977f0256c56cfa6881cb73085a5150245910a5_attempt01.pdf,88935,a7d809f45d229d9049b4cf39fd1efd498c41fe378f23fe97379e047a56404d2b
responses/1824a200623c025b9e1c593f93e73be328290f7b23dcc73e5db2aafb5cef9c5e_attempt01.pdf,48867,3ef48f048bac24cf8ba743bea2b71e53db16475ac6fedb235a896f54c8a3fae4
responses/18df589861062132bdc6e2c590311044671552c252fdf5496f5c4df8d983aadf_attempt01.pdf,175853,d6aa5d2c7448cbb132ec1616aa9c542dda41cb38727571e1dc105b85ff851e46
responses/18e46db6b9a197f2a46403776adc62f6978130acbbe3bc531bd67805124492d8_attempt01.pdf,63347,a26bbac2b718e61d21f9b00d51f57e2840b97420abc6a66b8844cd39ab3e6449
responses/19904fb0cc170b5ad95404f499205a841455e8f84f1a68f48be45a1bd5999cda_attempt01.pdf,60744,5eaebfc8e6adf58f5d16927ff992dda0ce66c735e714f48d6e5400145feb2203
responses/19a7c54aa68de829060e9ff8f72b8c6861ca154a9ae600a88d5f605e0835a020_attempt01.pdf,56666,47fa398fb5ecb52cf29055592af3edae357e0e7e8a1758ee7ff75c0ec542ecd9
responses/1a07870ca1d0cb881a69062141dc6fae7840c0a7245e2d23d4eda5881de7adcc_attempt01.pdf,56684,5656253150ebde35c0467918199b4311313ffc059a2cf4cdd04089b0e4c453ed
responses/1a831c6ef92832842eca0265c9aca55c900fb573cafb2cf63dff5a95b54f2df1_attempt01.pdf,66099,36a5e56df1feac94b0a5974943efa0e30b87bdbb87bcbc6059c4ad87dd659b24
responses/1a9c34697bfc0f22d633d5051a3497236888cafe02db1e19ed65640470b6df11_attempt01.pdf,179431,d660ae7b797454c60fbcd90a996841a96455369f53b6762985e4337facfc2535
responses/1b488e301d3d98cf5f0391a1515f801c3151ea274ae3c5a9d291a6fd8b5c69f6_attempt01.pdf,73765,8e422384565a8d619bf4beac252f6015653aff3d3828f6ae1840d337fbc517cc
responses/1b6d10e38a70e7240af462f136ce350076c03861c5165251a8503077b104b8a3_attempt01.pdf,67412,0c141d81bde9beb402a92c49ecfb13969f84bae36c23bf6fffebf1715deadcdf
responses/1b9141197af416c53e6d9d9c9cd2686f27e7a7573222a5181d85f3802c9ad9cf_attempt01.pdf,66646,f2aada7c26d793b4c1c76b98e44d3a52d71648066f23b2d6035b79075f73a1dd
responses/1c2029203ce25876dcc14cf33834f01324249c40f019c5ec06ad74477df21090_attempt01.pdf,147064,48b48f7886f41e905e9d7f35606e5c5209ce695227ba659d790c4c1df7ca9a13
responses/1c3adb7ce9dc2f75d7b85e3b1bea5a6291c652d12d07d6512b254b58bb638642_attempt01.pdf,47778,a7c502f739354ae5aacb915becfc87e2d842be3da17821244e631b3829eac8df
responses/1c3fb589d114fc9dca5b62bcfeb397f4ccfcbf80729f40654083743f4958474e_attempt01.pdf,76869,b7946ef2a3e1315169ac3f6416d3f847346326c5a37f91d4f189de9ffacce2c1
responses/1d0412da12729890d997dcef68958a5928ad70446dc72c196fa1fffa3fd91d29_attempt01.pdf,66096,37350e667480bddcf09b8328d9bbe8872a1bfbc05fb3ab3870ecbf5310e4777e
responses/1d2299d357b2104a3b910ca954b954d751ee388b51de55a3089f80e04002990f_attempt01.pdf,66345,5ab3b0b1ebc8881495b260e0f9a5cc1312f3bd63f243232eb6704cbab0c7e009
responses/1d4458a7e44620f45a76ae638391ab7857c639a20a9f1f21731a33a92d97bd66_attempt01.pdf,49528,58df2f81d07e02f31d35d2df93cdcd441955f2d02f4f998e47cc1cbcc7cf5023
responses/1db4b5e152279078b0571700737718d0d7c2f477c15d143523a00bf98646ebd1_attempt01.pdf,61901,a6da453b94e8d8cb9cc6072b552b9a082f357409aa8d6ecb2732ae5ab12cc74e
responses/1e0c4e4c02a12454431b6c72c532e6c02942a49f5ffa0ac7cf58bb8b14c1e3aa_attempt01.pdf,57693,36771bf4bef689560c168dba5366194bc4a560e1b97600f1deefeb84eb9108a0
responses/1e15c6a7c745f1dfa91f193642f7b50c7cf89abe2e86d4c7af5edf49d42ac5d2_attempt01.pdf,55685,71dea8f62a4abbf79ddc3b578a26d2619d07a97a75d48c8b19a97a6928f9c63d
responses/1ea119458d5c22a2a297b28228bbd6ec5a895510dc4de70884f56fd3afbcd60f_attempt01.pdf,49529,854c67970ce4bd5a3124c8a39a04176fe72ff4dd72c2e4ddedf1a5abf3b86a81
responses/1ef1c0ed6dd0d762e1b07f319532fca0c025710edc0d443b5923e19f8ff50744_attempt01.pdf,66086,cb83816555ee353a8ba01214056a39f980f172253eca35946b537371ff26cdc7
responses/1efa2924aae8d6ea6b4c243868d19193b9f5174349e9699cd73d8e8abdd532ed_attempt01.pdf,139401,417b5301eb16adcd8763566c72ef19ff583b9b07869705ddd8e33bbc816f75cc
responses/2030e15c12b809be24a0b8b3cbd453d1cc0ee6cdea3412a825c972cc346796e0_attempt01.pdf,59685,487c963c48025b0ecd8d649728167b4b82aaecf24422707fb2c4398c9b7dc20e
responses/2064caadc3d1edf45fc852635c1fdd0c4d66a0fdcf45f5ab2b0278a385141134_attempt01.pdf,55764,4b4570f3c73cdfe82320b77fa4c9951a0b38ea0b4f34a13b25186c278b68affb
responses/20c8b2b6bd8613034693148fd79fefdef8fb43bf480ca0575f0df569e1ac4f38_attempt01.pdf,51475,4e157b92506981351c98944b62f76db4dd87cdbe91734217950dcf925e3bcdef
responses/22584608ccdb9ad899429d5df21d41e6cf39294315cf7a2b0e86b04f06dfd824_attempt01.pdf,73690,3c7e53c5585af5a8a4637ad7c1a7013b55e08bb96838f2a528677a7a6790c60a
responses/22d9b6d2aca87b7eae06823303ddc030686eb054469fd0dd3e7b4308adad1433_attempt01.pdf,55270,567a2f1df3a09215acacf45305223c79549797270873bfec6f955ae245a0cd84
responses/2304c4dd8227d66fc0332c4ae7061e8d526488f4d1f4f1cb88d2d564e9d4f77e_attempt01.pdf,73731,2659b2d4f3f65d0a9a38d05cb42f3cbb7372af047085140e76d133b6521fe312
responses/231521410725c9594706aeccd141e751691286b89865d950b4b095cdae99c87d_attempt01.pdf,73775,6cc3f489d148ae13c281a1ee6901f7db0a0d38d5a9bf5af97ab0a31bf80c4536
responses/232a00b9ac370a64ee980cb9c33bbd3b5bfe4f9507074d88845eb2ea39b6eefc_attempt01.pdf,116392,7c2ef05645bf5359529ee00690d3b0a73bc68c0795dd39343550ca2f778c4fff
responses/237416819b5b8c0340d13d06f2dcfb3bb37d4c61a695d83f197326a93b8375ec_attempt01.pdf,116370,0830b9662a79f3986066de32c1711e9fbb05d8626b606cebd790cf1b04043436
responses/23ee9598ac889c3f82200111b533786f0459218e6c4aa403f53a6361379ebd42_attempt01.pdf,144146,4f0adedd3dd8753dd8e60ef52dcd58135c81b1cff28a8e88be6d58741dc1abe7
responses/246a953a672741f5f952ef80badf6efa9f1821c5cd756c712b63bf78a3336280_attempt01.pdf,49536,0811697387a016da1dc5b4170fb93c3c98d71064517e14601ee2160cf8790321
responses/24ad62aed7cc9c61ba04e4174d131686b5f0a7468da954271d759f6526dcbb20_attempt01.pdf,73785,df394956be2459620e67f51ef082e18747948262d59d173fd8e9f3c2a875e08e
responses/24b357713494fdc1f379a21d00c7ef9af44c1e946ec3391cbfa0bcf716b13f78_attempt01.pdf,48697,c2b44d004446dbcc04222acde94cda7a0c98ca265342778655e7422ede826783
responses/24c58296ca150b59bdf49508ccc420f7758bd6462f24157ad8e4db670c075332_attempt01.pdf,58793,f9432e009c490e41fbecc57624cd7de08093a0dd1e79617132bb1b3ed38ec5f2
responses/255fc757210f7900086452aacd99777cfd44771d1d2139a43a7af160eff174c8_attempt01.pdf,144110,314dbc58b77c35bd245004949a17623ba7e75d52dfa9ad239721ea514b91cf92
responses/2700aa8df3d737b2852802fdd4a574b9d37e33e1edca7ec88629dc7bc028845a_attempt01.pdf,144097,25fdbcfcdc024413209f6a03bcc6e8b71a97af423e7a94122fbae4da907be053
responses/27826d6a91e11884c2ed2ede14159df727553787427e2208eb426dc4f9cb54d0_attempt01.pdf,63261,5ad029c7a2e969f9a298925bc6bacf4cc0f8e4cae1f35628ff9131f528fd4d7f
responses/281ff5a3635dd27ab86de894db8027aed487f1220506b91c13861cf2cba783f2_attempt01.pdf,58691,e76ae8c7d41d1efa06a3bdfc942c7123544b3504fe5315ab95462eed46804b70
responses/28446dd432d7b970671e5e1b2759fcc383a594248a48a6290267ca10a5075873_attempt01.pdf,48124,00fb75805b5353e8f5d59bffc5bb17b5da0846516776fd76c70bb9845b2cf9b5
responses/28d25ec3b186748381ccc07c9a4896c8c68cb0cfcfc0cf647ba2a77674b3445a_attempt01.pdf,139393,86a97f239bf207f7a8dfde641e4b4c509a4918f63641dfa1237efadd699acaee
responses/29939bd7ac431b1948a466fcf47e9839c8ea112537e40718251d3fccd422cf2b_attempt01.pdf,66647,88146c79673426556603f493e327dff09907380cbfb8dc0625ce29edbeb39feb
responses/2a068df01a6c9eb1ccd129df958c8a197cc8409918787120ab3a7c78a3045398_attempt01.pdf,91977,33d9bfb9f261b3aaa7526d939eb948add97e2f992b57be108b13e134e7cace59
responses/2a1a9d8b66064d1c71d20649448807550902820d039f8a13aa219d48f8bc2d72_attempt01.pdf,144172,29b6a9624e83b404063d9b036080bf7c522c9616d28b2f1b452572338046fe3c
responses/2a577ddb42021a18a3d05f26cde4190a74eba3249c40a8870ce45cab451e8a24_attempt01.pdf,73767,6d89ebe900baf3068f79a76ca2b8c01e7129e8c948e2af5460caabc9d2f38dce
responses/2a841b7a1d36514020c8532c089b13e1bbb3de0f181ba69f123368ad2d8caed8_attempt01.pdf,66094,a358595d53fb07c6cb8a0ef597049662529ebaef67642ef45ec5272d37d2b3f7
responses/2ad3fc7fbc0733622c1a9d3b17aec581d7ca7e5c592a6c83c5bc7d4b3cff21e5_attempt01.pdf,57873,9202600a903d4bc9b0d23f5d5ef4953b7c5f7ab41069de7ad3cdc0c73c568d11
responses/2af331601a082ad815cf234a9998cbebc8ebb51faf7000620f94cb409e68882f_attempt01.pdf,57863,1539bce3c4e005a7296bebd1d6a63615e41562dda437cefb87ddefc48aea038a
responses/2bcdc12a4a6709ee9f510d0cb8d16ab4b7aed04a50586be68fae8a1502c10229_attempt01.pdf,116359,8d5ba282b01966c7d20212b03e8022ebad6638adaa8f0b83ff878a8861cd3467
responses/2be5a9bb8ccd49a0c7057141df1276f1aff14bde66fbe54dca747e1ff9e028fd_attempt01.pdf,47484,e835589e3c8a7c9ce26bb27fd1b7374c385793c1a6902fcf0635d6c7292bc941
responses/2be8d6670e31782dcdc4353a36fceceb6aca55f5d6cdda5d33f5a3eeae5be608_attempt01.pdf,139322,9dba6c374e03eb2a9c0d06100dc736d834151c4e745a82ebc97ac4f7e1f1c8b6
responses/2cb553a0242aa2b4be67efe81fbcc4c131c8bef901d3709fbf6ccd7e6e2c7b5a_attempt01.pdf,144819,8f8c907e72e50619a7b813ee5e558b4b81d410bb62d7d1b103fa2485c74c1664
responses/2d38a3c1dfeab031b87b3bb7e59f07473e8cfd83793b067939d8a69cdfb63570_attempt01.pdf,58794,da652e82ce6044bcff869fb4b584f8a59a529fe1e8d6c739e31df05d6608438c
responses/2d3f2aea285771b37b1bcdba57ac6ba60f1e67fb8779ae12cc408c4326854fa2_attempt01.pdf,50400,836556b0dcf2df921a84b3dcb8bb923a63f6ddf6bd369a4eb94205616625d2ef
responses/2d9858dcff18c71ee04ad1be468b8e70a9a067c6cbdd8ca3d7090574de1b6acd_attempt01.pdf,76862,edee496c0f318d300f53effc16327b1bf380e86bd9f6733d1059b4bf5264299c
responses/2db969b080f4e40c5276cb13ae9bd1f79d882e5712b3c20ffa6db141afa7cd06_attempt01.pdf,138069,45e2148709922af4b3c9a9b4f85687b91d21c043e20a4d9e889922ba5bad85d9
responses/2dc02e69061628292610e9ef62a13660120750e5977dca30e6f850e220951e07_attempt01.pdf,61495,d4ef58987409c266ed1f85c65f02f895a98206b994fb45126e62edb59c9287ac
responses/2e3ec2a2cb49dd2cdf589e47027e8f98341691e9ecc78a61ffb5e5bfb6d12926_attempt01.pdf,66084,fc6b7f44fcbbceafb22482458cf9a51952430cc1eaae7c259649916530728f0d
responses/2eabcc097f5a454a4be8f816871afe5f9b60fe3cb095c712310abedb72322859_attempt01.pdf,87834,8f7fb4500d52cc5bc12351fb1ee542b5c066f3e238e44b2887eccf0ff9c59977
responses/2ebf82746fe393b6551f23c32512ee907830eab0e8899a844bd692bc74fd9b64_attempt01.pdf,50290,2a571cd1aa52845cd34777c4f58df06d143d6837854be562dc5195aaf3bdb461
responses/2f582fcd4abbf19f3cf1ff970abb5fe885c147bc2f88801cc770931ed0b00b6c_attempt01.pdf,52734,f2c4635933e707bdb766aec98c955751e721883102087dd738a7ff2e2aa86f8f
responses/2f9c06d991c801e0af9b69b10a3b58af9a3f893028c9f3927d9b8eb5fcb902c5_attempt01.pdf,116394,7a1681fbe9c0363138f15692ea7ee3d3b4b32055823b2df98b398e45110033a0
responses/2fc48cf3cf4a146255c4f5fd45f00ddc194d69b1a999cd8753d77cffcc06f88f_attempt01.pdf,116345,b775d6b399bce01dfd6531021908498b14cdd324ef2d317f889f9f1a596675f3
responses/304ad3351a838d8235a6cc9dba31949f3044d7fa6abccaa36f00ac4edf8acf73_attempt01.pdf,91306,34fb057e77f07f410c4fdeb2a98e8067522f097ed670abd1f2250b2b149d098c
responses/3052dfa183afa72365576511277133991fddacfadcf302364f563823fa620dae_attempt01.pdf,55787,6b3bc0f5e4ce44ee564d8d4dd2570ff4ec7c2766fb8a87641ae2a8bdfaabfe91
responses/30695281bc3dc3b22dff457d45ca95960cc03adc25af95350e16c7b12b4ed217_attempt01.pdf,64898,7f9db1cc97f58bc9d4f669b6a205d19f3d97f39e94646b9014f89ec18bcc9c0a
responses/30a0a4b93c6ee58888a6e3fa3faf81b5ae537f832723fae915da42b449df8b6a_attempt01.pdf,64881,63993398b5f09ad08df8ad3561466384f53c12526337b5850db83754b574ab4f
responses/31a4e3bb40e2c2349e59456289cd96f321d255bc2b453246395b87eb0dd74559_attempt01.pdf,51495,07f32cd74b33c790077432527e817efd1081ebc15e6362788bf3ea138e223b16
responses/31a82ec88cbb78a42d36866e54b206e353425ef2d1804897f3d6f606177e2acf_attempt01.pdf,57878,1e28d90f5d509febc0fb6493f706f7dc36fd720a55ea2c25710a14ccd729be46
responses/31bbc942410d48ac151c514a0bdb02b2f3699da205f614081b444f06d87fa292_attempt01.pdf,66651,d28446b75de1ff03f92ee417d71bd48db1cade99f2c0ef9231140420a67ed660
responses/321dcf5ba63d6fbd0eb87798b3d84ecd62c158a0fa50539e7e45515555356972_attempt01.pdf,49455,8bf2a9d4e40af42243b9c20e8a6fe0397cb4c90bddd35f5514ce019d68f40ebb
responses/324971280bd9a279122420e58183d2a6e3ba54f307d53da995bf6ddf47bee77d_attempt01.pdf,745757,5142443a7f06d8469da12c32aaf9bdd4eef9e706607fb580aa07f85714828c30
responses/328605bc9beeefe979a2ee50ff0efb8e1cd16b0fcf48127ba45dee453a4d8e9d_attempt01.pdf,52462,11a4d15dd9730acc6ba1ff8eaeb23e3d300e9dd65be21fb2fc314334a6717d6d
responses/32dbe02d36c1772d93dc6adba2e6d98f768501184897e4126b0a8a655fdab61a_attempt01.pdf,87848,8a72c9694e09061d97e56dc42bcb1a82cfb9ebcceb3e430a7c48387878b3c621
responses/33747a556a090fc72bba70d6f00058d34492d863896ee5d2d8ccbe26c4ccd734_attempt01.pdf,57696,27e2e255524fe58bce06c91355f53a0bb5851f30b212923cc09e018d64adb230
responses/337cb340e414b08179fa0173c926bc9936ab2fcbf1c6789e3b78e1fc32c808e1_attempt01.pdf,73785,219018f8712975f080b898247952fe02a71d0e8c939a1b4a59d5efb2341b6c71
responses/3405beb03a8375caa4480b5296a995861c8a5137c30005b95f5880895def1a20_attempt01.pdf,66097,3211f3a5c143c5d0448ac3dff61820d6d60b559017233994bf5be2f60589ea0d
responses/342af9781356f763dbe7d8c780d4e18f3efb06b933214866af19516b90d399ab_attempt01.pdf,89004,c449675a4d4eefa7467ffb0cfc8d5340eed1231f7e4c7cefffa14049dcc8b2cf
responses/34e4f79fd436434b9a30f951b3e23aac69d3c46ed12d90c7405e55e0b642f1e2_attempt01.pdf,51419,47cb8f909c53b914c0cb86346d21a7e692c36d8eddf38ab2724a4fae91278bcf
responses/34f62638b9f873c8e9a08aace455eb8ba3738fc32724008cfadf0119bea64969_attempt01.pdf,144095,9ba2a5896bd560928b2410a7cbb4257bce93e077135bffb9e646ff096e98026f
responses/35489d253bdb78cc8207f7e734b10fdd0bbfac1de6a6e5f60b8284dfd670ff60_attempt01.pdf,80965,86a9d2cd5575cb7d9d4d102f6ee3d8cb493905fb717a9ad55a524216ecb4167e
responses/3580b0af0fb1c7a7c57c301d2f0f0088082690577c9f1e10b77b86be894141a1_attempt01.pdf,52472,97c196fbd0f5e5599a899a1c550063ddf0793ce121c9e5fd7f6635a429001ea1
responses/35e34678e1ecc6f8ac9c171ccf41a4ea113cf30306bd6a6d87bd73faee90139a_attempt01.pdf,57671,18c4285c48213b11e33a98ceed516fedd2ff8c099c2b8a0f771dd1696794d019
responses/35f57f695e30352a786f502694e44bb19d88ec44af14a41a144d9de69c345321_attempt01.pdf,66563,6aead0bdbe87164a69bc76731c5addf8819c3cb93ba5fe0a16955af23b331f30
responses/36220feadbac923ab0f57e464b2292d4cacc295543fb3a20e04f2c7c09591f19_attempt01.pdf,59023,a56a222efb627c562747e3b39990fbf2e41b0b2d0d0f99c2b5198e2464930aa9
responses/369870c0d75baae3292b1b42814c1c6def7d0b8f88ce5c83c5e08c6f131f660d_attempt01.pdf,66644,4a1ae393982ab635d2c5739fcb9a0f3569ddfa0dc9aefbe0de37237bd426c9f4
responses/36a3b73e0aad11476db299d22d552011198bedcbb3fee0af757443701ef6f504_attempt01.pdf,180671,2d8f176947fde1ae4b3a1bf9d9f525ebeecafaaedf3bf8a53c08b4c6aba911c2
responses/36d272f24e8a6eace9ee626aede6f65fda9df53a91ed646b38d478fdd00a3b11_attempt01.pdf,2075379,48c447cb762f988013222e6c47ea6a1432209d1b8e5849ab2b096f1407073e0a
responses/36f4ee45c79e1df9c797ba5e2ea6c1c9d88758e27a7f7a93a8a0c0ac20c34c96_attempt01.pdf,94133,ad22e4bb6383910cc09fdead350cf08acdd5fd484db20b00785766228211de5f
responses/3760548a8fa957e32c1823f71dcb0e799c1bcaa8b44d58751642b49fa5476a77_attempt01.pdf,87834,9f84fa68e7ef987537cbe42b67653b80fa920052e6e1df215f3e20575665ed06
responses/37aedda98e4d7fa6527ae9930eb234460a03c86f824842b6b8a46773a17f933f_attempt01.pdf,50410,942b07563dfc502e6342ca494f9a0370f9c5e5919066a28f217a899b26a1c564
responses/37fe864492ddf4b25a7f266ddad0c839c234fad85e31c21c61bc4697bf0709b4_attempt01.pdf,48783,bb2eeeff56340c29b43225485e4239e63438d25f02bce0466a937918b970cb4c
responses/380e1384c97e42c75f568d9f964d28c6e91a548beb58bc4a5efd7eb326a13ef6_attempt01.pdf,56655,1b87cd9b62afcfe1aa9199b1c1a494394dadd0cecffba884fd411f8a2c19c301
responses/38791c774908df7e4ad201be227e4e5126940af3d6989da30cf5e6792dcfabb2_attempt01.pdf,66083,3598c63a7b2e7172ba23950e6578fe9e2769f261d1abd621e5ff18b93e5ae1a6
responses/38ccc7dc4315767bb740dfd5e880fd3a8cb2ba9ee27d0ef504c22b37dd463501_attempt01.pdf,51730,3936f08d4356f5750d60e4fcf9b4f7a43a7aa29d3ad2d1dbf205e73c8bf08ad5
responses/39633d4ac3a2c121e8705dc1c3acf01d63f200cd8abae343fa7fbbd4393d8201_attempt01.pdf,55174,0db3660278c6755a9d81521f90f8a8d978fe48b530a6a5f8e396678c5254fc88
responses/39a08570b09f90494f7d44db10e44e3ed6062cee0f92636fe3ecda4a68b3eafe_attempt01.pdf,76857,adbcaa992cdd5b1a37bb7b45d00763685267aa271b950ef0f5760d86090e227b
responses/39d0739e63ef65fa8c768c6a25fbcc14a8250f92530c83e2c46459f82282017b_attempt01.pdf,66561,209ac3c4e3696eca8d54797cc72216cbcd6dde76e1afbe63bf932afe5c59fdcb
responses/39e596b832c51d5582e820ddc52d11a010204392ff55ec1e7c7cff3ef1b42a3a_attempt01.pdf,66643,002928f8b46d8a207f361ba02d0c8c14b928fc0b0b67a262e6da235140c4eb75
responses/3ae86b31934b90bcc35ff0778f699559d056ac97ad8eb6a8561d9f6c5ea92635_attempt01.pdf,52802,18177434f033f714a12afaafc3036f37b32f9841f19f94de3351cbc12146bfd1
responses/3caa4bbe27bd17aa033f9007bc9bded178227b93a79690f4dc80c917479cc27a_attempt01.pdf,61618,b556447b442f80bc8648dba2d0fa134496ee39c965c229002622f46f47126a9b
responses/3e9165721e1431d0fbd7af0be6551bca58d6ad8e780e3372b91c5ad3e7eb23b6_attempt01.pdf,57627,be6cde4195cba44547e77db78b94501dddcb0fd47c0e9707bfbe7b8820df4abc
responses/3e99d660c29d358730c0bba73b26e1f5e5ccfe298b7e7baacee17219d9d24a8a_attempt01.pdf,94223,4a0d5c1fda643a6476b68b01dd21ad695eb0f98cccefc0a12b7b56b2b3ccac94
responses/3f269b68aa3c8a612764db9b713e58735b8514ad9f00116930f44dd457b0f8d7_attempt01.pdf,76851,58f6ac2a1293ab37a3206cc8eb8b0028570d505b7f65eaeeba6aeb93e24981b2
responses/3fabc0a959151024e735e611f45f1e75adf239977e3a41410e8ef48b3dce1547_attempt01.pdf,95541,a0220bb7deedf197d6e96c289c6c81a7582e686944b6e20fad136ec29d35199c
responses/40abcb50699ad1a055b7b2672dab32c1a6d33e24021844c915ad23f3e6ecf972_attempt01.pdf,144148,c1fbe213b184c120582c35216d5d1c49b5874d4274ef12774414d986fddba6a9
responses/40b9bcba30ae32036d3ba5a72656050a149f6fa4f4aa9125085f09ed58e4dcda_attempt01.pdf,48733,3fafde6ee79876057aec51ce5d6bd34d81db99251347bd27d848da4e72da21e1
responses/4124ae759091b6cefcea10a9ce5c4b096d49098c56e14aa6a2d3e75c99b14bb6_attempt01.pdf,54237,5ccae70b1d7a54e0f96c14d8acf2cc4585da7352eaf7c9d21c7be24b780da04b
responses/41e49e48ae232b7e3f8ffa847898159726c12c881a275ee8092767e0b58ce148_attempt01.pdf,2075365,7cfb95669b4d925137ca8070d386046fbb2a057e8418af988c15ce73472da558
responses/4207f0842c44994dfb385584b40c5f2861854f8a63ddae93e1b135b9656e7ba4_attempt01.pdf,264873,f8b89df819e1c70755fbcb2a1d5f825195784257f7d73d73be785e188dd64fac
responses/42700f7736738e213dc4fe20a51f9f52c17281d79032c39eb9ef23094caa8fa5_attempt01.pdf,100792,3d1f4e45899528b898df25d4c1ce495fe84cb0760b1f6aa271b5fe59f0e30a82
responses/429a0ad909bc22141b37c6a786583390adbfc5764041ae88c3896eed47c51adf_attempt01.pdf,49525,6c917648f40c53f68cdb7c50f4634737d66f7d4ac1dce49cfc50b5e9020697dd
responses/42c2617757c789c21ea7925c62a7cd310e0c3cf2689b82ad41461af501e87db1_attempt01.pdf,51452,eb2695e1cb199934b0965e204050a8618be562177e31e99eaf916a0008723b78
responses/435deccc8e19fbb85a6417fb21c9ca8c530fed032c4199a0f88ee29229bce626_attempt01.pdf,94188,1d098f1552f923b3a89b721b9fcb5b83ed8aaeb73b961ef065cf276e10797c5d
responses/43e85125dd18e626258b21937bda87588cdd281c2755b64fe66117c9f8da5830_attempt01.pdf,180606,bc57165483d04340c5b7468a83d890423cf7412d66b5742e12ee4c5e522b5471
responses/440240d5698e7052547e161da7b7c49927061f79c1f410deffa47fcfb8c81afd_attempt01.pdf,62655,07ad61b8b9c3f8008de1fdeaff8dbe25489a49a8c1b861a9c5a219420f52685a
responses/44648891c736afea51ba97dc3f41a5a9709d99875ae0e6c662ed7ed9eefe36c2_attempt01.pdf,63335,b62fee0f0e910260e097807de908d0093f18c2fb5b31885276ce0223b4c54eb3
responses/44d8b8bffbd627a13321aaa502b89a986e4ddb0255a33e9e81def59b455df864_attempt01.pdf,55766,609047c74cf044594ff55522531e0eb3bbc283f40ca1f718cbefbffb84864f94
responses/4574cae52f7e512de163d6d3fe94336db8c402fdee5665d09c3d26b768a224ee_attempt01.pdf,64897,05e5f61c6d0155ea72e826c84571d3458261841ac431a0bc67743becfe8bd6ee
responses/45a58f10ee4152997ecc75996e2842b69981d76acb7ae6b3aa5aa7b7e1047ef6_attempt01.pdf,48765,b966fc0343a4b7a64a1785e09c16bc41ca496d5f15a33a04fec4e36324f40a0c
responses/45de1898148e484567494cd4ee64fe32877800e152087b40f6722096df7109a9_attempt01.pdf,58801,3ec89d35818bb26a10605de07fc71f319069461e6b0170530211a48a7f037428
responses/45ed6fe07e680e85843421e17ae5cc87a41a1f08f42a6d5d6161a2b1a226670c_attempt01.pdf,116366,97b1c7840c56d7d28e32e777d1a6a515c0e9aa84165775208626e72c7fd85e55
responses/46ddecd0f350bd19cae3e2119b7dc29f443884ff774debbcb45e1c60a1018062_attempt01.pdf,73694,a894821a7381d88d06c88de482ebcbb94ea42cb1205000af72a988d64907c905
responses/46e0a3bfad2fada720147f9899d8a0cb205cc34ba38f5457d6e6ad4b6b0a307c_attempt01.pdf,66086,5c6ee800f4e9e42835c730771ab5ae23099f779e2a81afe2b68eb269a084f5a8
responses/4716e1116d17a198aed1921b178ff9bd24dcf29ae39c3112e58b2354373a968f_attempt01.pdf,249996,33911c66f067827c19867d72f7f58bcdb917088c9626f21c06bf5401206457c7
responses/472c804d23895b53931c759b8aa2e5dab842cf924b2766ee3d550d6164371cd2_attempt01.pdf,49532,4e4d1c5c1469c302b04103c321cb443bcd3467f1f3fd48e559fe0d8a1c416379
responses/4786148f8643d22fe535f1ed795eac08c2b3f96caed9753969d5baf3ce0b4218_attempt01.pdf,100786,b3d7500202061b0335dd32cb99b3f0e6341362c90ddd9d5393819cda91532416
responses/47f66ca7fb72dbcfea816a56db1fa4e78aa9d96051003d3f83612d9e3fa37eae_attempt01.pdf,52512,0ff20c214d056a181bf8b251654a074073c1dd0b561348579ae1c130bb0b91e4
responses/485ce2c2e6ac8398cc58f147036cd2eb0d5782d5978b43fe727b36c6224753d9_attempt01.pdf,51538,bba4fa868df27c0002481f2657975f0522799edffc1abf6f16d30df2a1985f53
responses/48d08f456176bb302cdaec3598d4504e261cb6f89db0811e78eede5d5bafc48e_attempt01.pdf,51452,dad8514e66f67e9fd297f1ba8ad53a9d4421c2d1bd045468b769a1b8afde894a
responses/48e6d5bec9c0368917070790d4f9c804e6ede3ee602a5cdee3f75e74b072592f_attempt01.pdf,66098,24315eb5611c297be3825df983473d2b8998b50042be2c314f021749eaeae48d
responses/49451d5c5f4c43a4ffbc00936fd55faebbb5f87dd95c2699fc8f779919dd8f14_attempt01.pdf,180722,2438cfbe4475a00c4774fbbd2b6fc3edb45f68156f1c94134dce4fbec8a0471d
responses/498d6cd8d19b8fe1f868580e094065e4498cf70e14deb2cc70ebdf8cadf36db0_attempt01.pdf,55762,f0431c324d67c418fd81632913db982fcd56355d3bffb064d87d92aedc89497e
responses/4a78debbaa757e12f2415856bfb23769c60df4c3a0f850d68bc627a1a620cc8a_attempt01.pdf,144036,a8db57c7b0b75193d76243094d7986e621e7f415843ff743441120e6f6d21904
responses/4aebda2c43ae1b61c285972cb7b97fc150489fcebc39a876beb2321e7c46d19e_attempt01.pdf,139405,03126b34ba80870d14faff804b656b241d7dfbedc5aff846e8a68bc60b673acd
responses/4b40234d26bde19248488d3db0207d111711d4947850602c0ff50261bf21eb0e_attempt01.pdf,48736,fac137fb6c5f0352f18fb2a520a34ec233fbfca2a78c21cbb2a84e56266bfc54
responses/4b58640eb88e15d423a5dadb8e265c9a121d1cac0dc16d1c86cf0ccd8aae7109_attempt01.pdf,55271,a7a7d3b3d8be4776559fe2d262af6d7c19a9ab21ecf0f1e65e6567da469ef83e
responses/4bc8a2171998e279d92c181bf439a57a759830ad45311a48b5cd3483b1987ed8_attempt01.pdf,73689,5445f776ddc19575216535c94566b86869efc48574d85c2f60a7a8b24a352721
responses/4bda01d9c926ee915b10c98a245f4c0a1a94484e8fcbc72d16fc5451cec93a24_attempt01.pdf,116377,63f650f964c0f648826b76c8847c6b5136556146ff7b99dfb902d6f382630c8d
responses/4c321e4f0bb690d33f717fd0e7dd55d2a791fbaabea876df6b31445cc26b8a20_attempt01.pdf,87835,b0005818d0bb5fbb894726c2f47754d1880d985c7be0a23e701026d0c4de6829
responses/4c3d48811a27ee868f6c065bc552175aaad6fce80ea095017ac792b5caee6e4a_attempt01.pdf,64908,16fc665c958ef0b4aba97cc98b766c286567c50d97179d5987b5dd59e8701f27
responses/4cd408bfebea143fa3e8bfa78f476199324a8921a84cc6e55e8a83b35ed71a89_attempt01.pdf,249964,f25c160fbf34452c871597bb960fb3d1a90c675dcf11921bb9c40bd110cc9d30
responses/4dfe5271f5e585b75c76698ec263fc43d0aa7980fd97240b55a0849f411f8bf8_attempt01.pdf,64904,bbb9b28f090f68b40c766262e652129133748a37e1552450fb3e817e2b2e6e36
responses/4e28521ca9d67866562cd5bc7b9f4f6b0497fe6337595eaf301fd3e678c5494a_attempt01.pdf,66086,573fbf239f4a433d8ed729bbc77e4246a8a1966dffec25c8f25a4a722f9b86ab
responses/4ed6c816d0de80e0e1f7eb362c6e38b90e54fb99b9ac71e944d90a173ed9b06d_attempt01.pdf,95549,42e09b6890abbb988068f156cd3aef57aa61f0cfd4b86798287f9e56b9903aa3
responses/4edab42049f1262088b3eda838202ea9e127814db1b6d8c2616282f532f07998_attempt01.pdf,49480,ef8a8bd10f1bf583e612538f9aee697388b61b091f6b06dcc7ae537bc0eebe86
responses/4f02e289a5a08d3babc76045c2155c827f90e6a5d16b4c47a8e6a53c5ea1c6f7_attempt01.pdf,57700,f20b5e451b93cd603af6d2f76699fac852ae49171741ec83c7409c1a16b37da1
responses/4f24d3a58ef17812f71ce202f44e45ff27a3eaa47a386441c58900eeb4dee1dd_attempt01.pdf,61375,6eecd62a41616f133396ebaaeec2575af7acacb054134c43524ad5eda4c53295
responses/4f7f2be8386f8eeedd52f02a14f1d942a3f030b114cb5e15b03f06213c474601_attempt01.pdf,67440,a56a99339200d8e025279bea1336eba3e1e0c8e11eefa0409d10ba4b00160e51
responses/4f811ea4e20356928bd3eab48c23c3d291203d82d84c88932c90f6f624d4df8f_attempt01.pdf,64889,c0195917a7785f04bf60638fc83e1f047401ed73126dee3386573956aa597169
responses/4f89dc3932a620ddde96ddf131a091a1029695adf3c32b85c05a826d926b87ae_attempt01.pdf,49524,68f5bbe74bce88bda2672a58347d1bdf502fba19ec25e87e4843ff7d85dfee28
responses/4ff54e609a850bbc6b71a0c685a563c2fc860550b65a4ee0284b8c60cf43f1c7_attempt01.pdf,66585,9be22e9f0b086dc1a2c063c98717fe52848bb1005aa88e86048705b671522164
responses/50630dd373d8dd67b2046ab2f4cf61d1602b3021fb0f3c3e8cdf39e91ec9c6c2_attempt01.pdf,139393,733f44c31a900e920523a24810c319411fd30039e5160ad5837829f101df7cab
responses/510eb3d2742b85126f6bb6491675b0f58b5bcaa48e13c09a21eebc37b7c2b60f_attempt01.pdf,51466,f07fac783b9a599ce06dd8c74519701afda2bc9ff743b8e88dc68f20baed3052
responses/513d72a1b4b2379113a7cd54b7479914378e5f6d658651ad4aef2985e11c8891_attempt01.pdf,139357,15ce0b6bd59f8867eda3949b5603d72f89bd500633983458d82cfc6d4ee51922
responses/51ba4b14a80335e50687d3716234fbc3caf88dc84b9278a5df158b167904a9f4_attempt01.pdf,49528,685cc6192fab6f9dd2e88aed0f72fefaffc234a26f22f807c2179242628f2391
responses/52081101e6c0a4439ec99c8d010af4b727218c115a6c535b5748605b9742580e_attempt01.pdf,76796,f277940edc6e22104849890569dc496b56be64a644086ca8c31c0dffb8311eca
responses/522437bd52cad93b355f4f0f9a87ef69b52f30449b2519206067c9e5ce122500_attempt01.pdf,144732,5ff29f8b17c74661470e90994e2b40e4e315a10cdc5164162db1090b4ef0fa2c
responses/52b19c796406bce37cbeab8d6b3d8d0b13ce67dc86468ca12bb105de8db476c6_attempt01.pdf,54783,15d7a3cbfdebfd05f47fa13bf2e3f56e938efb006a4b5579de8808a25f4b2223
responses/533281dd21815500c16ca948857677781c916f256b70cce41ea599a0d9721aca_attempt01.pdf,57692,e9acf0fd7bd13e18088e4295f5c44fe3b55cf456d769a1c8d91446d074a3aae6
responses/5359c74baa2f63fdde713b3a0129ec7f344a7e4d4d69aab55b9b0971f69138a0_attempt01.pdf,73686,006834ae76bb8d0288696987a45527458f3719baa34cc84ef865fa5de5468e19
responses/53abb484a262ffbda4481c86be57eb79b8f936b4f3c3daa0e3ef574b2de349bb_attempt01.pdf,49566,7532c17d13e41a0e34a6b43bf7b1cf1759ebceac611270b3ad8b7bdb90374ab8
responses/53ad3a4c0481f9212096c3977c5b9cff1bc7e9171b25246371ae29f9a10badd0_attempt01.pdf,64897,e7846282c95d7138ed501365b5b495c9f1edd533db772335652d23fa3a548c3e
responses/53d6315903d8116ec207d4583e4b124eaa95defa9feec44458ab1fa2dc4c7462_attempt01.pdf,144105,e0893bc079ea6fb8f42d48820b7adbf280697de756274e9fbbc8aa7daec38b77
responses/53d92249a330849f64a24c69a0a4b3392366cb4cb21320e764e7f94e14c86f16_attempt01.pdf,62687,19132042775d61d972b82a78aa549432be9e74d14e1ca2ac48b4c86bf3c7a6c2
responses/55b40914c3d0d8e421c2895032291072175a91f574ac7aeeaef99fd3d61fda2f_attempt01.pdf,144145,67c81f519532ff05217c17fd42acefb0aeb0edd6a639283f3e46b228cdef9297
responses/55ea51d39977e31db4feb12446dd4fb7e9bd72285ef6955f3d2a6916ba783df6_attempt01.pdf,87834,e8607766ec91f287bd2d7ea258c41cb88658f2a8e686f1852a8f8c445af33a00
responses/562ffab481324f397c416c1c45a2b170f2c0935c5e5ec07dd211da0360aad9c2_attempt01.pdf,60746,61438bdcd3612a72338fe4a194ee51e9f46da3470a7421b190c9129ba2e9fea8
responses/566dd193ec2321b1904ca5e2790be42033257382318766535209588839253833_attempt01.pdf,58780,4b42e5cfed370b154674aae79624809d69ca27f39928f033393a9d46a3c5ba91
responses/56acb366d4c4a13d5a0fa9fe290c172b454f056aee08608a65836c4b4c512c41_attempt01.pdf,92036,c28727c186ddf6c12d183d2e603507a0671de1eb11db91e188046669daf9d8dd
responses/56b128e1f4006f1262c04e59bd676ffbfa33a1ee380f2b50c1d1f42686e9f87f_attempt01.pdf,139400,1d1128379cb96b0fd353dabd11fe6a0515b519e679b7c3777a94aada33850450
responses/5769a095fbb47aea02eff5500eba0e7bb88fdf63e9c327454f8a78c0978266ba_attempt01.pdf,57699,e038fe26c341af8b1466a3b3bbbb8997043e1b44f21521202cb0e5e3c9bb22d3
responses/58a8625c540a1e28456334158fbb910c682b2fa5b87ca0b4f9004a6f572e9489_attempt01.pdf,51505,439a37cbc967cc341e4b68ba54142965f673a9da23b4c92fd098b52815d8aa25
responses/591b2dd49232995722a83ac76c59651ac530a4932c23b518ca1069b33f4e8d82_attempt01.pdf,87832,503fee0d92445a553c6fef96ab14cdcde84414f5287ef2b99cdaf1b7bc459e53
responses/5952c079e15ee774a943e988432b0d03d30de2390d12ab2bfb613728564987cb_attempt01.pdf,123188,f4cc9c3a2774bdaadbc7be9f4c38b907f3f158b6c3e93309636540ee74e7c994
responses/5a28e09e4446a1ec6e655959314682085a74446edf15facfe7cb4013753404d7_attempt01.pdf,50288,c609fd4846d4ae7620335a2eacb45e059d0b3277e2ab4f1686b51ee84f52e616
responses/5a298e7708e2679dcdc479542edf6fd03889072b010d43760cadaa1b616ba379_attempt01.pdf,57866,d63cc6c659df4197dc66d4ae14197f66062b3808440c0116a3383c5a6b7604c5
responses/5a76bfb54e61f1af1a714a10d993e7c3bf313ff685a70b82654f366f55ab6cf8_attempt01.pdf,66359,d8865c407463b19a935d1a0582c02c85a2d1b24abd81106dfdf92a497d60bce3
responses/5a7ca75245235b23446b97467da3b1e43b8a30c5cd2b0fd13c00dcb5577063e5_attempt01.pdf,56670,9eb958a2dd5f19919322f34dee23af7c397cf4aa7b65a43a5bf62ee699cafdf6
responses/5aa0e3d952208026288078e73df12c00654499a1271497b1c38fe94c8be01a8c_attempt01.pdf,48661,f5304bdbf760223e9c5a5e093d4345543daa09c00c24d7cef9d45c19f7fd0fed
responses/5aa22f3126ed8201d8f6342f0282c903a0e2386aa5c855ac9d8f1154b65eaeee_attempt01.pdf,48856,92461ae48bcebfc227af193ffc9d01463be033474fde923cc99c36ba5ee2b7ac
responses/5ab8eae3d9c749c5e45a8a9560cc43d0aaa8a0afcc4dd3cf97af9ad066c5d358_attempt01.pdf,62669,7644bb241481cdc5f994a5a9958c53b9acb73f49e2adeb13431a27ad35a8263a
responses/5b156e714f0ba76623114481989bc60cf0284e24d53d41642a2b1d253bf0bfef_attempt01.pdf,144813,747cfd62d43d58666df7acab8b0c1291904c9a8d601a28f6d669ba3c0f58dfa3
responses/5bcb0293a05042c35c7a4997e5e2dcbdac4fdf221a0b382458fc5f84b0d5610c_attempt01.pdf,2075302,770d91a188f930c56341e247e9298d66da946c48fc8f6c497adeb1b01f34b3ef
responses/5bddfd5e84d1eb21af234cc6f9cef7107dffc7403a3d462aa923d2b453534cd0_attempt01.pdf,50217,52ed4b2d6e06168a3693bbd09a86d4cf9f5e03b020fad11c5068ee2b768aa31e
responses/5c6a68eab0d151020e6c39b450f73b6ee3b074fbfb5822a4a642c7f3dff41ec4_attempt01.pdf,2075375,8e52483b3e8eee80a3503bc71b3f7eac6694b9837100b2777eef9518b13ce355
responses/5c811e77a6b8b4acb3a52d3d965df137a270f5ab36560c943363c8221bc9362b_attempt01.pdf,58777,153c53df973f22ccdaf2983c3c9d4439324ea3e0eb10453b5b70c793811b5d96
responses/5c934f0992a2f403da17472838ff552b52ceda8258fec3999b63de68a794d022_attempt01.pdf,51461,7d5375eefc89dd687e411ec27e12898d60b0b5c62fe867787d695b0e521e5447
responses/5d183889cea6e277ecb0bc920adef68df16e7e344270d593932e741545109a6b_attempt01.pdf,73781,909085fe4c168ee74190c93fc342016ddaef5c8214e77ef8076d75745b11ee59
responses/5d5962737b83b6847d0316a4c7f9ca0170627537bbf56e593a2069560280bed3_attempt01.pdf,248859,94483934af561b06a7afb1d4d5fc0329dd1b945f536a391e693c36600a36c5e6
responses/5e52cad73127e29ca38399b34092fb8d7f2dbd4e29a943ce8e47897652fde125_attempt01.pdf,144834,e997e99148cb1e043782ecd8041df1a239b0c2df487c771c5164d8e921bb0c7f
responses/5eb40bb4a5e323d36f9b654b94c46bbbf0f60fe905d290983fd3394afce02db5_attempt01.pdf,49386,7f1f8b7a9c0bdd44613a60d740eee73b42923c189ceaaaab4d54c8da376ae93f
responses/5f93bb7dedf4fa8937be2edde422444331301545e2588efdbb0bcc6ccce82d7f_attempt01.pdf,58774,86ac983fa64d37db1a1c9422230bc99c7d1f0fb506f1479d4573b6a2e7526295
responses/5ff5578522a5d54726d27fcd67340b1d4cdf5e4d7ee928cbd4d2eaa361911ffb_attempt01.pdf,175855,00b4c0a5c98c11bc3370f1a042cf67fe8b599ca7e40a3d67856264b89eb2bb4a
responses/607b08824a8bfd58e6a88553fdc9270c872b408ab5f3c2e7773a7588d13ab605_attempt01.pdf,52470,66d190af0792dd8fd71e6088abcd816c3b98423efc57884991c02f038a49eb1e
responses/60b9ba2459255b8d6d64f9a586763bf341a035be2a7623fa7a6280e8b2258112_attempt01.pdf,2075363,7031de36e80a9c4903e9ea0dde05851e3be5a22931de4e89198dfe898ac6cff5
responses/60c204b01ed140729feb71bf3afb268aae1363d4b7a9bcd9ac2fbd0732b48833_attempt01.pdf,94224,b66d66359a464417ef8e3885a5c4bd1b54beacf316adeef28b891f0a43ec3ef7
responses/611127ee8025b468b181af028da1238758b1dee94e69052722ef91a0a4780970_attempt01.pdf,88999,691c214ad8097975a4fece770326391ec53bd67569848ea3420aab4c607091d7
responses/6140915b478c848d0d5918458b0ccf4ad81da8e652d26c9c84596577c7359f1a_attempt01.pdf,62004,d948190f8067edc6d5b587bd05a76384c39b856d51dc9b5aa636127e3c906513
responses/6233887a244e48fba82e548d81d1912b1f0f8ed5efd306ddd0a386a63038b7c0_attempt01.pdf,55772,0b3eb93535d9567150ccd65f9a978422299b05099d59e69de4eba6ddfb1c6d91
responses/627739ea2ed9ea52c1d257b8f2e4a130a71a4e86d855674c20151de0831f87cf_attempt01.pdf,58784,b04fc25919052297ccf6b8ec6917f80ab1a713afbfba74ed4f83ecae323dece3
responses/62a2eda053af25ae2921b00ec53aa5b48827b3e453d2647c152cf5f3d8e2eaef_attempt01.pdf,61616,040048b0264c5ca0a540137600348194c56f852754fc0612399fa95814274332
responses/62b11535c7390bf936db9c3fab351ca5b8db805daba72869ad775a508aae1228_attempt01.pdf,175850,60acc0c7575fff4a0d5ede369af35a0f1ad03728d926af292fe61f013e69d25c
responses/62fe293902a365842cae8bda06d074b3d8a2b3c6bda66a3f1aa3895b1f590066_attempt01.pdf,57867,23d72b60091a759e6760ac6fe4881fe66d8cc3b46d4c50486ed7b4607b0dffcd
responses/630a59e63d506fd0ff710a0c175b339aa46e2fd6cb095b35ef338028bf791894_attempt01.pdf,80833,11826c5cd19023f1ce7e9aaafbafd4da65cb23ddab651cb45f395f554be7a55f
responses/6316fbcb1e530266677539bb6998125dce105e18c6d7184db4b031beb1885184_attempt01.pdf,139329,801f25368fa57db18634eed9aef2aef456f1a3e379bbdffec5d4dc5499c08104
responses/64d2566ec8003d084d1e301ee792a959222800cabfef246358fae00f92ecc6de_attempt01.pdf,49526,6c2aaf6651050004e3ee98036d71b48debf44cac0d18c5fb967e9bcd871af9f9
responses/64f0a8e24510d50dd4a5aa3f41e6d767c7709f649da02ccc62241367640bafef_attempt01.pdf,66658,2374f302f991797907b0123f54df03f748e73d64f46ff7083585d1da09566d46
responses/6550c097b5eb173ed8cac3e0d25db16e0c53c2f4d6a356bed514e636eb0349c3_attempt01.pdf,58611,642c621edb6daa1ea763b55df298db7cfbe3633f132d527a3704561c70f3557d
responses/655d256269abb1a913c82338cfbfafc8c776ac162b588fc08398da442ba0a9a0_attempt01.pdf,51776,f4d7df4d223989fa3f7319b80d4d6d2baa24bf1aceca260df4b3b97987fc2f14
responses/65df366efcf92a69327cb524cf4cf3e2248f02d37be073f474c1fe4de2305ebf_attempt01.pdf,64892,03362fffe83a1d6775109160134e04c96d07a90651d8f8b955189098994505c4
responses/6656f6c45bb3ba366259b4e6692d136d40835b94b68980e19b7c986c34fb33a2_attempt01.pdf,48784,7dd662bba36c75cfc175abe4c88bfacfae6b88346a587e71e37f5d6f746c7437
responses/66cd3eeafdd62ea3796b721ee172cbeb3af8da44e6987d69122122943f3c7d78_attempt01.pdf,48848,17260f24835874fd5303d8b066fedb899c147e4fc85c2a11603f2ae57cacd884
responses/677b2fc661c78c8fac40a90f2b504e6e953e22d9d3d78e5b1207d34b47c16343_attempt01.pdf,52796,44e7301073b375c09a4aa02c343b8348c91c73ad1e9214ebb6500c09461a6e58
responses/67ae324bc6e694b828eed5e5b99ee0aedffb9af6dff8a7bfd8d070e68f04dafb_attempt01.pdf,2075363,ea44727f0bf2fc053fb3a5618bd26666874ebdf2932d7b54c1fdf8dcaf2b5b8f
responses/687437d43c542e2250f2790d9dfb6085113ee5aac294b2a19623c11c97998193_attempt01.pdf,51540,68baa67d879f86563fb3589f3ca1d0692ce101d8fcdafce0ac387963bb3ad6b9
responses/68b5c84fedc12f1dea53ca1f21a7ed22bb3a7a3180777b47938dcb54b75daaa7_attempt01.pdf,180704,299c688f1d2fbb5ef5da73b2fc7624a8f1be756073988fde6038aa36e0337210
responses/68e3a7c52f19363bbbed691ce2822912c5fbb01bfa4d58ec572e3b4559f62761_attempt01.pdf,144838,3540f515dd856eb7be25387bc5050ecd2a6d434fe73a589d6836752634bb1770
responses/692cf12155cff4ebdd988087b41e2b039574eb0b17623818ea46a1de2688aeee_attempt01.pdf,63361,85624e0629ea6483838c6b52059e544f894692188e06441cbb360855047f7dce
responses/695a0fa881aab61a447b86230f2d67d504b1c1e2cff21b30bce61477c5f99b0b_attempt01.pdf,76863,8277daf4e166068f2bcc5253bd3d4c9246c645e6a81bc0fe40e8c48b245c1872
responses/69727579b6c95a9f9e048fc946b5c9e9ee93ea1cb5edcdffeaf384641b99a3ee_attempt01.pdf,52790,9a344e4a5cea83874113a55e7cf457ecca4298848c5618764ab7466cdb93f942
responses/69d4526a9bda0e4a3342ea1e7071944ca15c5aeb9e36376f7b88944f14320f3b_attempt01.pdf,48766,1e202d9e621254dfe76f68c44309f1bc22dcf3ade29222c7a063b0b034f32306
responses/6a1d5a521f29b7c1ac0d28cbdcc25ba303dceb87235eab12a6578729e05610a4_attempt01.pdf,264871,05aedc5bb9779729acff17b97303ab42aedc283531670cda9759405713ad5c5d
responses/6a3f410ab319d2923ce383515d73655bf4b6dde798c3be8f0043cbbf92aacd15_attempt01.pdf,52475,7f7be4c50ca75efff08e4cc6bb3252054fd20a269d3e627be890cffb3feb2427
responses/6aff2b467fa6956d599a945c5f05e4868b015ec3776d5107b6eeba16cdc8d07c_attempt01.pdf,116364,dec46da927dd4a88a434aff7cca5f834d45d1bd1228958c3f10c2b2267248da2
responses/6b06f01f774f64fe29c730f49ae0200b6b51c636fa3227a62c6ba38cd8787416_attempt01.pdf,50416,7763a6da73ba242ac5d2fc1ce93653702de5bcdc201023e3f55553f58b469de4
responses/6b593a6719ffce451a037818c46166ec2284f0fb5282e71481187941d5a68d8b_attempt01.pdf,231317,70b207a1a8cb5b8a7610599db3b4cdcdd9ba888ad31a989b3336ec121ab14847
responses/6bc0a51f3e8cadcbf844956a9fa3a5767d03294b60ab471dcc410cff81521ccb_attempt01.pdf,80962,5704bf3bf62e9be35592dabc41a85e212bd18568551f9971a3ad5428fb0895f3
responses/6c13a6da4a26dbd8732d3fa5f992e253ae10fc3424ce3a76c07f54544fb629e3_attempt01.pdf,66103,68fade21dd4bde044883f0a53a25f30a26ba56c51ac3145fa7b6d7c570c04f49
responses/6c267d3d06bb3e4d1a877128654a5acec0632009469ed7fa77cf9ff7aa9d6486_attempt01.pdf,144146,b5eb4581ad6aa3bfc7f7e616b53a5c71ca0f7b28a678bb34f2854c160b016cb3
responses/6cbf89466ac090ae50cedb7fda54b5db1c93e134e35532f34e6a9a3fddaf5b6a_attempt01.pdf,76848,f53816d8541f02bec752955c1176a733a70d475d547103d77035d71f6e108ebc
responses/6cc796f92ae65b69a80330bfeb90af148b845e4ceeca731d2f703c364d65b0ef_attempt01.pdf,57703,19ccf56688401193d4de1481fffc4c40f19c7c8901cdaa6f714cbd0d50335ced
responses/6de5ee9c62fd2bee058e840736e295946688a73fbe0545d3956f49ea856c3f52_attempt01.pdf,63664,defd538a95f6ea3921a2a74af27a763662ed77a3714e57697a2ef0faca23d66d
responses/6e8f77db1cf245e105e9b1d5f26d8a93ab73325984026654e722ccb8025510c8_attempt01.pdf,51336,7b72f021c2fe403747d83f9caeb09a525bfd1de11ddb06c1751244ee007e3bc0
responses/6f378ef3c0993962dc70a6d62ec16f1ce21389ff84db28aaf5428c8ad17ebfec_attempt01.pdf,46811,5ec9d2ed845da688b23285b6a232c7ca159682322fa88ad8f2f6cbeec849454f
responses/6f3c96b548f581cd72704fd4eee30bb9a127b50758d183a93900902c319adf27_attempt01.pdf,52789,702a9b36900cbaf038a30cfdd51d3c57035bd203af885317008bffdf9b54a206
responses/70368636bd1cdc10e3abd72d8ddab94950e4dedc83f9565ae0b7b556bd5ed77f_attempt01.pdf,76783,df3df731931dbc5b407d39d58745e2361f2cfd349fb18065d16e071b0489311b
responses/705a3ed370e7694fec662f508c8d0f94a27972ac29fed1bb4190e31220d888d4_attempt01.pdf,52466,d78640b27b6cbcf48620cc5d3cfb7348a32c3ebfd8341d7b2e48efeb2b27c45d
responses/70e70018705c17778f8d883afadf121dc7c90c03fb5a2497e9f95f47178fa428_attempt01.pdf,57883,2bc8da1218c25a3ea4c497c56f0b297890dffd01732c818cbd874684d1508822
responses/714eaa8b4a912341f73da4984bc2ba63447c217e07cc9007bd3fe17bc43cd9d3_attempt01.pdf,50432,885647aa957bb6e5153689e115cb250dca90cd4d7788dcb2de4f3ecc17b99d0a
responses/719833502532564b62363a79f239eb915ce864b2c7cc32f6dd53b84db77ea3f1_attempt01.pdf,80211,6be75b76e4ba184a5ff76ade9e33402fc9651de42e0a5dfe753e5f1bb1452fc3
responses/71b2b324d4c4a470c53e04b7ea1ebf6cad4c07fd567f45c4934680f9210523b5_attempt01.pdf,58708,c6fef54fa682922e7ec229388bef0832fd8c32c7b22429e93e4f9f460273402b
responses/71e244b30ed41844c4b34786e8114810ce5c650243e02ff8512e58124fc73c2e_attempt01.pdf,48732,bdbcca8bb3285c2f15c783b960a05e3dffb330fcfe4af90adf2c9c99583f9fc5
responses/7205d695fa5a6fe1933b1a581de4b92b9f286dfdb1d83efe1b72d4850ed46505_attempt01.pdf,62675,83bacc2a96cfbca6d0f81d2f69e9524c254562c97d56809fdebe766a6e4b62c3
responses/72188e87eac3694b36fe001de113f20b9fe5bb867fd07b4659858102dc7337a4_attempt01.pdf,60748,4029f898a88ea7c643dae3d8da715abd4dc7a2546f959b28020ea93b8d10d117
responses/722c4328bbee1940e2137e2b33a0230a9f8cd8d4031f216b877879ce222c36f8_attempt01.pdf,55697,ebf40a94f7da242efa71647552ca36de0a49b6050a5256bfcb60909bd1517c0d
responses/723a0fd0b4616cccea50b6f6fecdf70224d579949bb1f620313398048262da2a_attempt01.pdf,48130,faa46dec96ff4230fe14db65d142307ae07e70a0ac951501c543c2f8fb709dd9
responses/7254d539bb02628596e88e265939d29438a291ea5e70133be77b2fd12fdf43bb_attempt01.pdf,65836,21e83bd2084f0b5367797f69dba05c55695096d07553ed89072cac66356b0472
responses/72df1a3a28e9f9542e3cf5f972c487bf7ecdd8a90256b47df43602a6fe63fc8c_attempt01.pdf,57876,b5ca8c7761d6ee08f8e6384d472bf4108671de9d4a9a854f33676618bac0710b
responses/73196c7f3c5ebb9dd23cbed5e091842e72f67e019acd1a738e53a228c4459b69_attempt01.pdf,57628,b895d5012568bcae515e30e34d63377662a711185399b9468598463ab3e0a09d
responses/73867aa8bda3a27a46bb0d0de68dc3d467df9afec52254a53aa9003287baa721_attempt01.pdf,51452,0e7ff8b3c320632152120b7d6de282960965ba4778890ee7d1075335c03e1324
responses/7433799cf90548427984c425652cc766ef172bd3ad204a45b8c17be505e0e95c_attempt01.pdf,116359,2c5dc95e9da05f4e98a8a2df5eadb66af36a1d986a95e1feebd158a325d03232
responses/744bdc540c9c49a590fa2a50440fcf5c9ee8988f1381d0b94e261484e78dbfa0_attempt01.pdf,57519,284edf85a52ebe078a9d67ed8008b65d9e06093dee9dc805dfb0f79ad9d897a1
responses/7474c2a99675d67c9b65f91f0b574fd8b6083ed28b1dec56b5b4813ee694ab50_attempt01.pdf,76879,9c0125ac0bde42a161656f07fa72d40f2754945d955a4d53e06358fe2300ee13
responses/74a65affb8212f865c084981c12517626a88903a8aa9ebcce655c6c6adc9f1d1_attempt01.pdf,66564,52b1e898cbb2f2188a6732d9e9e431ac6deca64dac520f67f4523b52ae4ba7f6
responses/751faada348d4b5a7cb7d784e851c9f1ab30e2d1f28fb9d8433ab9550d43e953_attempt01.pdf,144059,fdd3271006cdd0644e232690249009723f5f48eb244b7c460bdc0b2aee004c81
responses/75b1f7feefd60eabff0297b3a4dbd0db3ef0ca7d6dc66c20db3e2dccdef53186_attempt01.pdf,116367,a3692cc497a63b89d84396707878f3081b58681423a9685cd8491eecbcb4dd2c
responses/75d539061c2766c81a86fe539638201a58afefe08c37183a6a14eddf07553c49_attempt01.pdf,52799,87219cf6fe0d9f55257f1a772a3911940931234550c0aa1be7cdcc74f76b1801
responses/75e56ecebcd7f2aa3dc1ef24d07e50da1016a8faf30ea79bc4fad8d14eb819ff_attempt01.pdf,62167,d7e754ccf3a3a54c843a89792119943f4834ca75e17a0cc7824e0cab36625186
responses/76161cdde4981d579fd10bfc8ce0e5eed16e969b7ee0dc345eda60f13853fa93_attempt01.pdf,63657,9b7c629becfc6da420422dfbe3c798130dca6ae83d7f7cac6efe9c4f7d8d43a1
responses/76f36f512760ae0112d5d835adc147cc6c12c15a420e46a9ea32345b61730fcd_attempt01.pdf,66093,57c8d2cda25538582210ac216a8a91d7e2b18ba7a718960a54489d7ec782aba2
responses/77005552386bb3f2645f1587fc74fb9f19307b6a79f7052598a00d25ac7f8f0c_attempt01.pdf,51499,2c7544b1935a8d85fad3097e75ef5fdb52b4acac0e996dde33e1c2d8dcf127c7
responses/772897d30ec91469477fb61c868b439cdb4e29b1aeb6188987537b36cf57c3f0_attempt01.pdf,65148,d8edf7f6d44f49b193df2155b096e212c4499ee6203bff4dbc4fb11973ff41c2
responses/77a2f3acf04e95f556f4c488d99b39e9e6582489a8826f3851a2852b56406864_attempt01.bin,95,9deff96f9b5925fa5081257849ace321304b382d64cfb67d90a21a3c7cbf2925
responses/77a2f3acf04e95f556f4c488d99b39e9e6582489a8826f3851a2852b56406864_attempt02.pdf,147070,4c47f6e450a1f96331db481db124f2960faa26ed361e6c2d44d778af1624fec0
responses/7856ac3aed26a1404e4cfc0b032e24161db10374c67e781be5f0514b6c420a6b_attempt01.pdf,57890,b7ba47bdac0f515f5b26b5164b6742411e733bbf4291005fcf6c4493d0aed1bb
responses/78754f363b6b0230125516c9f5c4b860f8cc06593d53c6bf7e48072e80e0415f_attempt01.pdf,56662,544013f03e7801f355b357195c0a9ea20e2ce50b0419c10e145051981dcde87c
responses/78e6357fb9334d8e26695f8d3a8fa451fd7afcf61e8505031a4409e679ac9d7b_attempt01.pdf,66593,3468900318b9f3f920a57ed2f2b4bcb79edc4ada6521032058cb15a3152bffbd
responses/7931ad71330bc97e888521b42874d802b5cfdb5b2675702c045dc44cf879c7d5_attempt01.pdf,73778,7f2538ff553ab8cce56e534205112c86b74ea704da5b5ef96ae43a8f4129394d
responses/7ae185d0b96e83052b8ee172930c764be20ab36026500b2b358c4d7f1abaf3bb_attempt01.pdf,66084,d4286c58d7c6b6516701edeee44711014aab23dc9c89a454b544b7c54f4d2d95
responses/7b87d51641991df97c727e0fd43d18c5ed985b9e1c32a034d88f861210f830a9_attempt01.pdf,52791,c11dea83275f3b35133bca438741ad39f19f06026288881c0a8896b9bbce7d51
responses/7ba693b49d445125d465c435f8e1b5171705bda2b15b82a6fa5320642ae539fc_attempt01.pdf,47376,3ed4a2b5543ca25e502c790326909d3e6221b1af8e6c3542ca02b403a6ce6587
responses/7bd9cfd9a1db37ee11ead28b04d84633b56c563cd0fa62c6183ea531d4778a10_attempt01.pdf,248594,1fb4a2dc380dabf2bde237e185dbc0e1e365b5638609b9b3ebefe74343ede1a8
responses/7c52f9352ddb2081cb4e9d18d43d936bbb99fc3e706ef010d5baa323ee317cd1_attempt01.pdf,58771,a6eee18a1eb9dc5e7c2fad78fc86da5b65c42a282d556af782f2d1feaab9ae3e
responses/7cdf3f0750345fb9825ed4edd12e3f52b198c7f9cc8e1ed8e3684453233b1e96_attempt01.pdf,66087,53b596f2a0cdc9477f0102b76f95108dc3b12ebb9b628c96951d9767a6779091
responses/7d0479fe6128277b80bd00d55b20c0fb14a6b520d526029762afa1f0b840fa3e_attempt01.pdf,48218,a4ef326aa30645dfbf2c97c6f5abcdfdf4d1769787d2fe79cc4ee0c76049b185
responses/7d150ad47a941eca4afbd1b7a64e67650f9801082b76a06e640d9f03ae7471ea_attempt01.pdf,47486,855a8de7da6af00816ff4b135116d4320b4f62d250af363ca30b7f537ba8c870
responses/7de2916b636429aabafe6c43da99c09f3f64132e5d4c4d24c19d0d61075c991b_attempt01.pdf,67406,d64f444800a5e2013609206be70dfe078c345f5864ed3343d9c9ef2642007154
responses/7e58cf24d47be06100e7d806c046c05f8fe21f5add6d26e5ff03b4546319144d_attempt01.pdf,49541,cf04587f8e64de203ad7dc30541cd804cc00779ae77f820f2db95a6a2a86a4d6
responses/7e6a358d1b7a9577787c4985e88422251cf4beb729216f796129ba829ac56b00_attempt01.pdf,91309,18d8bc7d5e2595f867a7d3be93f42e67c45d616d6446fe038cdd6ed7fcfb474f
responses/7eb72c60dd07bcb8d0e32903c12b640d4a4de32f94d7ec5ed7c9bc45b56b5eff_attempt01.pdf,53322,d75d160e85e9aad935eaa5ddb7d70cae70580c3433f7e2cf08b3ce5542fa13ea
responses/7fc0cf86084e9eefa2415e7ff9362bb9d58b81a81e28175d2f06c8e56d63e8ac_attempt01.pdf,66018,e8fd530d91379cdacd428854773cda3de36a925f02e1c793287f236e8ec055ee
responses/80785f51dce28dce6c8f45f35deecaffef0d821bba4a55b6ae6976d9924da861_attempt01.pdf,66643,fa57385d92f8a391044d996c8bb7e17fd93130619cc45819494100bfe2297e46
responses/8087af61c292fcfe48c0870dd90477e6f07e9f4cc74cd0330ee8251390c29318_attempt01.pdf,89001,ec57aa324f310750a7e29654632b267e668256040a26d39616bf270946d0ea27
responses/808a71f062a8880fb4cc2fa081f81a32b7798492bba67f2c0b305c774c2b4483_attempt01.pdf,59908,652a0ce516b2a3823547cd314e3f86fdda7adce3519cee6b41711f8887b25b4d
responses/81665db143a8a9a83362776fd95cd877d867b1909f2f83f8dee1d1ede3a86584_attempt01.pdf,76788,543d3e8e9ce2821c22d21d8976e0009da1cff9af5b8e1df48de8f3872f199ef2
responses/81b9ac518dcde09d7619eaff1ec4612b3575507d9ed646dadf1cda1eade511d7_attempt01.pdf,67419,f5bf77b1e16aada37a08a5723b627dcf7522b94161bcedc64cf94292a8e9112c
responses/820f15ab553bfa6de36ce5341ecf59d52f147a7809869cacd97be739daedff62_attempt01.pdf,66567,1177e28c4fb66f32d41c9240be1b40e1c724e1fe1a9e6444dc317bdaa4554750
responses/82489a7dfa241f6ad0f390239995ddf40ffe82177f8671be9b50a1d55913a48b_attempt01.pdf,92064,75c878c08fc5c76d6916c0b93f03e0446202fbcd12a2e2a289bf529e5dceacbc
responses/827d0b7f9ba40e444a57bd1c6b49586b3b3e5ab8ff497f3594d794c986218e8d_attempt01.pdf,64897,37b060a851392fccaa416206acba3989a748bd5b832661881cd0f5ad9dada550
responses/827ec6683e1d0d7ea77e26e022aaa71986b1f2e615d915aa3e8e19913ffeb121_attempt01.pdf,2075368,bf1f99b29d8cc8b870191192b5231a90d8e18912265252974e6d649ce3416764
responses/82e13e3a8cc844662651e55208eae2bc8568916e0f79846a652d4171f5ebb3c1_attempt01.pdf,73773,744dbd2b17e1d101af659b95ed75cbeb1a4cb71dcef74f85176d128a0af942c0
responses/8441c041295ea867b8e2571b1a3397f43c002aab3befe739838e7638e7dd2937_attempt01.pdf,66088,f0cfdc1e3489bde7929cd7f7ff6136901340fb98c3398156bcaa279f8b893dca
responses/8523fe32bddfe21e018d9b74b682509802a7fdb96873d769f1be383c5cab015d_attempt01.pdf,57693,499b14c78ebdd009747dc6a93e5c44b44d9cd8bc1c567b1f94c387315c41a725
responses/8542298f100ef7994ad00435ad87f2b36e53582b8cb6936498890ae11435be90_attempt01.pdf,63794,5a4a04741dff239d7a8863db11acdee7ac9bc8d8af87cbdddeefc31d8cab95fc
responses/85734bbe80dabd6a6634d50720555118ff623e84f0263180aed09e150de6e0b5_attempt01.pdf,51451,42f971ba84a6265a9f0ef4960bb9b2c2791f1234a6bede75b8a935200174851d
responses/85897d69d07899c73c2e6a96d77224000860d4313e7cae7ef12b414f9bcfbd09_attempt01.pdf,49559,12fd7bc28e41bb2a908240b8e7770873deb78300a57b5cb11688825cbb38a609
responses/86194d90cee6ec1e40539f4048be10d29d21b8196e41cda1235228a15e2dad7e_attempt01.pdf,48757,7ae63239f6b7c2848d6a43510cae03a28e96528ab8c9112d262147b150f55763
responses/8622b69e5adfcd640121a0257bdd65ea3a383d6d2526899280ce80ac812b2d32_attempt01.pdf,63815,21ee0b5d14087b3dd55942f64bef8c49e2408e2fa718cfad7fb6fbfc1b3e27c8
responses/86755bcfbf3b535f0b1c227bb242d2afcc897d67db01665bf6311b964aff1991_attempt01.pdf,66559,6ea039fe441ec908d48955a4083f3f7652ce66a3d9f0f2f81361a718c84718b0
responses/8684814d588bb34d7655dac0a621e1005fa9b8c850860696444b3832f549d8a7_attempt01.pdf,91310,2969be7c8332f388ac63bd5196007133c435e6b1f22d074a5b7aa64c18b37b87
responses/86d18ba58644ed99619764905872b48e63bf89f6431ea025771e744ec9be561a_attempt01.pdf,76856,9859b4a3d8ca96e486f5e9d808e5663bbea3295e32e90fdb4cd524a815f01404
responses/8802483cbaa8ccec067361a08b80d0a9cd18239c7082d2fc5f9631bac95525bf_attempt01.pdf,144055,0545e94e4477a4565821b2bc9074379e27310348e670eff3e636dfcc3757d936
responses/88304b73bfc0fdf30c490132dcd8e842c56a5f4ecc703c747a93b1f4c1f33055_attempt01.pdf,57693,828bd3931153d94af3c3851032c9eff9e5214d3428a14b8bfcc587cc38ec334c
responses/8851720493bfac468cd55a31ab0cc7eb6b9f46b302a4cec43674b5a36963d644_attempt01.pdf,144056,6a5a8cad51bed949932f105501b0890011279ff0a777c65697fea60abd6de526
responses/889e5df3a3d355c226979facd44d0931b02940f8f0b1dd86b9375406bef773b6_attempt01.pdf,61620,a0e0f0759cb2751d18cc6343035efb77086ad06626829c9c8732b76232a860e5
responses/8909c09a557d7daaf6ed376e97f6ab9509720c0f0c11afb0ddcc6b4da4091c45_attempt01.pdf,51463,18d3f6f927ddd89d157704411d98b5f3e8213de30ca938777c0b71eb0f7e258e
responses/89190a5dbdf37c42923941802e429d92ee4f766615c4a95c342f3689da2e61ca_attempt01.pdf,94215,092cc229be26c239657dc2e14d4049d83a188bfeb3fe584b203505d85653599d
responses/8940b828d65dfb15259cd8633c020e9002cc3094d5542d8a5917e6ec4fe5ee78_attempt01.pdf,66566,463253e2a966e1086ebeadeb26377f875e44683949d8d3acd2ef020d9fe3430e
responses/8a1cb3eadac8011f3049f29aa8fa8d9ed606702f8dfc4809b2dce22dcca9520d_attempt01.pdf,108638,3b95752ba9c8e5ead307503254b9cb363580f9a2fb1a539dbec8c46485592ba0
responses/8a534e8f76e7d251d20aaacae2013392e4f3e21042fc7c0da52ee83325a3d904_attempt01.pdf,55763,f52a23f75454166a305c9be9b1477aa39bb3f2d4c8915c7b6c2a3617dd4a1629
responses/8aa04fa8a987316b96f76b941bcf8be5ec68426c46d6a642f8890bb4edb8900f_attempt01.pdf,64888,57ba9f7c738e2b96355a8f71e9806e72c233a06098ea598fab533f697756308d
responses/8aa1795c113692a4ebf3cfa5c45f5a03825cad87fcfa1369b097c37d29ad99b5_attempt01.pdf,47365,8dace93f3dc2918effe5da5e26e76a3fbb5a56ce3b9698f9d907e4c3e8917fd2
responses/8bc4ee4571e2784141d4dc29e839399419a18c22c734908b4c1adab7ec1c78e4_attempt01.pdf,59028,1f661bbfbefd58967850a855ff6633a7366278d5592f388536d6e88a8d9a8ec0
responses/8bf40b59c5b530fad72acab8ed7ff566a306a836ce74d5cdc934a6c09ab2d1ea_attempt01.pdf,55767,26b79494c8be2d7d0bb03f29f494fd192605cd45ef5c58b4f87d6fe79227fb4c
responses/8bff183ee397c3a540929298e95001c3b0a262c82d30a7b9a488832c4c3a0542_attempt01.pdf,65152,ff4e32e452c7b8cc5515ae2c368688a11c6c0c3eb77820b9ee949e5f4817c4d7
responses/8c133ff5b4c13ad2af81e7d039d25b28e3049ad85ce74adfceb16abd090ade36_attempt01.pdf,58781,30132d2c10e83ea53df4351ae8808da9846f7775cc86c14943b4e8afe7863bf7
responses/8c44b6ff9906dca25167431de48055656a3c7a6ff7a806b9b86303f3bdcce60b_attempt01.pdf,144816,fbbd0dba46e78df52bb49fdd431f411f6173bec7ba3261ef3c7a62c2a24c8731
responses/8cc7b462e6fcc9ae4f3973622881dd32eb7dd206f5dcbff8c7060f197d021f50_attempt01.pdf,53987,3747dd92a040e373617d875cc070eeff4c2de416eb546a695d9f4e28bcbea792
responses/8d43d03820e119159813620ce07fe1aa64fc211099b8385809234b5b63a326e6_attempt01.pdf,52467,925dc9353b859d0cd8a9801e900599de74586e9228c07f71b67cc291397f418a
responses/8da05c3c92904cfd5726aac97683eb98fc1a1769205bfa45e8cf1baa093eec90_attempt01.pdf,49533,5d98d88e1ef6f648d3a975db426ad21b5d4b346567219b6b072c7ee163015b52
responses/8ddfcdd3140415fbb554a5961b62f99dd958942e105845d2b4210f283645fbe8_attempt01.pdf,66096,e2fb4956675d5b850b77fe9ec1c9a7d23408e9d159defbd93ed5906abe487e8a
responses/8e189532294e0bdf561d996673b015d74ea88675a4523b66ef77d912cd2913de_attempt01.pdf,55749,1c5538012516ec2b4d1f3ba721bbb1413feb3ac864887d525708b4a41a17002d
responses/8f5bb49d97e83e4a87c613590f8163c5d6d21f848655bb482de9792ae1640222_attempt01.pdf,60742,2ea044acff278e64ff646f6a78b8529547d4e01e3bd972f00e6153986a97c79b
responses/8f8e930e3fff462e1d715e706abd135c5f2aef9abe849425dac9a052d7f38306_attempt01.pdf,55769,a5979f97178b599bfaacf267b950e868698cae4a067c85c0d9909482c84f65a8
responses/8fbd4c70b16cc794142f9863dc0c8d3aa998cd9eee666caa6ae8eb98b0fc4197_attempt01.pdf,64884,9071be28ee04697bcf886ced25a5b9bbfce7d601e9153f710e6b5d7aa1047186
responses/8ff57eb3aa2d182b2f3f9dcc96360f4831fa740cbcba5c21e3be98de9815286f_attempt01.pdf,50280,9ccd4d5c3efd4a2bd8dfade79be97d94024c00995130e758cb048f87b67073eb
responses/8ff5f91c3ef932237bce51c3466561e117c6d1ec134b920dcd78ef56865b5075_attempt01.pdf,59942,76d2c8a536bd7e5e64d1de322277cf484d82670e66245e8224bc6bea6b75fb6f
responses/8ff6bbf9796375b34b13b5f5f3cad0fda9fe00a34174381fe7d257e4305adcde_attempt01.pdf,65837,eefa27c9dd1a0d3c5c1021e14c62a83e47d1eb75f3548b90d21e1eff35231b71
responses/90194ddbe96bed37cf6b53c27f75b7ec3140e093cb16a7e9330b50dfe35d63a7_attempt01.pdf,61462,50644e1aac652b4060ae9bbbfbedf43bf9b2e9032259080a143551ca4d8982f5
responses/90eed10fa29a88a43bfffa23a9f16359937b284d12bbf8f4da37ee2661ee2c48_attempt01.pdf,63502,5c9e405f4032d98ca4fbfb9ff16e5527bf6e62ea06c7fa00c7fee9bb0b35c520
responses/90f1a7a7effa0ecda565b7563ed2a90389118f95f910711d3a95efaaf1f30b91_attempt01.pdf,51486,87c13240b3b26964afe6d57272f179300563182d2db7e86f97b4ab37d72e33bd
responses/9114389980b74cfb57b3034fb28d395ec68106adf961768d869df7c05b1b5595_attempt01.pdf,116398,869609ad142f6c1d52be2752bb5dd0b0ccd00d5a732ae279b3ec00ebb62a4bf0
responses/919e6d34cdd156b205451c471440038d3735d21bec48c6ba0aa22fe5899c788d_attempt01.pdf,58694,4127229a1a939ae7482cb34c09e7e20e5693e2ff75f49b392592be8b6195ec68
responses/9209c55993ae7a1631a78eb2c75cecb268fc3869249dd01335d6531b6476996d_attempt01.pdf,144115,0ffe3331b6b0d19e1995e5f8a86f359af552a18a0859b55c5ee483458f96530e
responses/921c607ac24ccdb0609dea8b64c0b3c2a0e5b7b8366fa3c0a5a53717e80ecab4_attempt01.pdf,87844,753b32f33c60e70ff5d47cc8ea69dd004721f99ff09cc0acc1528a55210ef6ea
responses/9242c51119168f4c90a3b724800c87b3c5b99812c466dd564f24708661b4dbac_attempt01.pdf,80957,5cbc6559aa39742b7e1a55d063fb3646d59327658e93588f8ced0878689fd8e9
responses/9332dca300028293bb8efb7b8559c488532761ffc2d06094e39ea9d3a4f88c29_attempt01.pdf,62680,bef5503590c963f810a20a5d9785db5f637795266043d85214b6e3fe2485af03
responses/93410b748c613d827f23b6afbed6fe52ff264ef611ae8ca2811bb930a3b34612_attempt01.pdf,48853,efcd3c4a5b4b2b6a663b0b71c6b38a7342696f1b449d118708909a08ae2ea3b4
responses/94afdcbab60dafcf27176668c3e5fa361e6dfe650854b3be93df7e67a3b0d52b_attempt01.pdf,61622,30a891094afad03de73a828676822242a7e699985173d61faecb5d7ac8bfff6d
responses/94dab6b2128ad7dd80f853eb5b2652f1d0ea8b03fa53ccb23d485a759d831a47_attempt01.pdf,64893,a44a2c9ed41a82f9d7c22160ca4fbeb602e64ebf27d489efdcb58ec24f3642eb
responses/95a7e439e1cdd2d1381dbc1aaa598df79ad88c1fdd1aa14677ef4b0b6e4ae10c_attempt01.pdf,62656,baa5f6074e6edc62b25521e5fb919c985b0cba4e9bcf4f9c21fa3fe67578042d
responses/95e22e6f5f658fb287a469ad45feda171e3f8c15e91938001e02df7008fef421_attempt01.pdf,144149,79940fdf35b0165f9a4ae3ee464c38addf059945f7632a3453d82549dc9c587f
responses/963a70d59c4492f5f17bf018242b52b751131e801c8b6c09d682b78c60db8cc3_attempt01.pdf,66637,c5b24ab9787ae4cf719622ec0ab1a34ecaa450d5ad571e241a776bd0248619d4
responses/9645d82bb94213b7c3617a3b8bf89b793f114c1785a25286727cd4290a1a7f8a_attempt01.pdf,249953,165e795ba2f557c67891507af68dd665a874cede57e0126c6c777ccc1ec15ee1
responses/96b32681e22a968a89fec80e46630e8dc27550a5cdeffa415fe8f1da8c1fe71b_attempt01.pdf,58786,417379dd2bfb9f6c3324613154fa70a0dffd310a18c995c13e7399818b1d6bea
responses/96cb8d5de9355dff1701cbaf2bafec9a47d96f3d3daaa1bdde1f8462e994faa9_attempt01.pdf,139411,e7bd33a061aa0a4cd7d84895bca1d9b609e075adbf966725faec5858a0081c7a
responses/971534e054a318466de6c84d7ff43c9a91f17871f4ceb23648ee77cf610092e8_attempt01.pdf,264864,ab0db95d7341a10763cb5c6b63af79c7e8dbabdb3543547057b456f7c9a14023
responses/9716ff83e81b66064c2bb396a9e7318df87260d7d10994234fe53bbc66dbab0c_attempt01.pdf,48659,4461de42103d0f9ac98809b257a5edd90fdb21da2df22cef7ea380669ecafaab
responses/9773328dbaaa1accdea9b7f1c5e7cd2cabf64cdb7a658645e80cfd916c636f2d_attempt01.pdf,51430,e07b962330394e65470e46411a72f3f308fc968e6e9a56bdaafaf02c322e60a4
responses/9814d65e68425c7b978a4e6a5940f7e3fcc5f6093cd1bddb0bc32aeb7c55c2fe_attempt01.pdf,67452,54c666e7ee7c372fbb985e38359dd85324feef33f4d37e87ac34d65e7106b775
responses/9899d49065ff7c60daa4ac7c27b0c517f0bf3342aa5a5b8984bf1a33c85858cb_attempt01.pdf,264898,db25ff04d1bf18ed621bf55cee17c8b972bf3a709dbdc3a6969644ce067cfc9f
responses/9921244ab752c660d3e5de07b8115954cfa57f66b5fa151a31b8d6dff936d2ba_attempt01.pdf,139405,4d896239c20d72c7d8ba840ccc0cee4e9ad56537a8d03eee897ae485d87497f6
responses/9ac1bed9bbd93c2fffaa70cc6e3bdbdeeb010604b5ad9cf3cd236302b355be06_attempt01.pdf,57876,69c232eb883f75229d85ec598ec9578549e0aeae360dad479fd59ac5283fd985
responses/9b514623e336d685c7b94d71f6e346aa33cc18f203f8e0a42a1ef87cc397d977_attempt01.pdf,87828,7104fb1b4cdd2160c49aaacf5e2a4d8a50e2ddbbb8fc34a563e1a757c28d689a
responses/9b7ddb1d9019bc5e5d5aff3233e6a1e8c0b3519e1a00ee85d592cac4d358ebef_attempt01.pdf,73773,19016b1bdf8a9da1f12e171a667cef5e03f3ed53e3b228f861bdebe6029d36f9
responses/9b8a701d0335a8fc0682317c9201b0b2a9a9dc80127168a075ad38258f472a96_attempt01.pdf,51141,c7ada7f6c8e43548aecc5d76e6827b5d042366c15f17b634365fdb01d64a2f89
responses/9bfa4315eecc666e6297a70c2eddea2462bfb427e3e8a09ad15bcdb85081af0f_attempt01.pdf,144104,899a5bf88aea5979f717ad36976740830c926f4c62863ed1c3f0c324eabc5693
responses/9c33664e98336ed928afd5cb325d7136a90bc24f3c0514c5d5df30a98a7ec0d9_attempt01.pdf,57699,195d02b8d36ca3dad63048360b5ba4d7148359702fd48aedd11b64256a6c71e5
responses/9caf63a6bc6bd5c2fbb8f634cbe46e6876e523e2178e6760d91a85ee0ffd68ec_attempt01.pdf,175905,b775a6298275017e53df922a102ea21b2b71c4d0b69f71ed8093c7cbbde05a6e
responses/9cdbc457087484563d6c5389321cd3cdaddb4fdbbacc1ad4917b76300a6ed37b_attempt01.pdf,180441,0c5d79aa05f8b06948074b77a1dbac7428caaa341750bbacd4e4f53e5db6d92f
responses/9d0bd52d94095921910cafb71e93eec465d7a910883d787c2664ea3e81ad73c7_attempt01.pdf,51730,5b1cb2cd64a209e7894df8511092ffb4477e7da3757b33fd99ba988ef7337f3e
responses/9d2d61197bd96d2245c44b12cd5b1c17fc0afc9644f234bc9555c73d07caeab5_attempt01.pdf,139398,af1ee66d887a2430e6cb01681a44403a103491800b556d15e28d2b65f747f802
responses/9e2eabb04f46e5e7ddc7d7268ffb762612c55b5bd4b6bc1b2814ec2a47fdb641_attempt01.pdf,61610,14ddf0e8443976aa5450014440c6122e1764684e345e8b9c317681336d134444
responses/9ea1f6b4964c36a533051acb29433cfd3d7a3097531dac657fdacc2acfe531df_attempt01.pdf,58767,5527d80c9097c9339b8cc34e6204edb7df5d829e9a855bbdc9b56cf24d985149
responses/9ea9b3432da3260a33fc3238a80628fd24bc570113e9e3ddf3e8cee60cb670bd_attempt01.pdf,264902,15db9beb8a101fee07fc1a1bab2301011809084018502aa8cb05b50c90e91fee
responses/9ec6f52019c3407dd6764216e864cdb00768aa768b293b5147e572ff78855c7d_attempt01.pdf,48654,60a9aa602e346e877bbe951558e81e81e634204d6a7dade7b751b9e607854053
responses/9f24017db9cf27e44713ba453e700230dc0333f654d826a4139334821a5228f8_attempt01.pdf,139388,b43666f57570cb412c32c9dfc0608de40b011864770ec1d4934ba05e8a147d42
responses/9f25f91a30e92fbb6228a5fea0c2062c79110c629923288fb7c16f8c750eab30_attempt01.pdf,69735,48bbbacea46678ce573879b8e2feeac7465c73dfe19669acbd9163ee2e4a650b
responses/9f809fce3247f19292ef957bccbd95488d546438ef70307375d47694ddcbf96a_attempt01.pdf,60728,0ed658cc889cc62744a02c797b56014a6671c5510172158029a1af963c524ce5
responses/9f82b50f477fa0176588d968b4d02a1142b139a867f44fc8b42cc9a2256fa1cd_attempt01.pdf,48856,6e5409166d1a59b907bc4a69aee9c2d5ad9084b9f96fb7fa8fe01f9ced093ab9
responses/9f8da067a1bd61bce55bba73e246e132a85c13ad8041bea137a1b9d5265ce15f_attempt01.pdf,66090,edb1aea5be53efec4978a50ccd368caf9ae63b88a730bb42cc8f1eeaff2d30f9
responses/9fa560718f036134d9eaa0a041bfece4b4eb5416f51a581732a0bdb69a9328c3_attempt01.pdf,51529,887adff2d78c8f807b02449410832c34923dcc9a1e674ac26074881c1601c0f7
responses/9fee613b0f58b63ec881b35e37d85ed0eb6b7f82bf0c2cc48e2446640e01a9e1_attempt01.pdf,139389,cd7eef12881521a9797b828b10c07279b993471cadc9cae7745e1d8e6e1dbffa
responses/README.md,95,ce7f1884a91e601e61b2ba26156a0f51c9fecb8c5c6d4c7f61c0260600a8b459
responses/a02bd5b7775ab66e865458c546e96bc0182244176357c16e195d59da840b3354_attempt01.pdf,52805,4368f805aa53a08ffe7b53cb8ec4314eaacb17140eb51ee2bd2ef2e0a7a9ba91
responses/a0483d1294b1eca24efa59f64f195ab5c05b533aa8a50dc6d2dd70e7357274ad_attempt01.pdf,49342,2ccdb1c19fb12245683ded37bcf3a960570b5a57c394d3a9b948c329658fe9e6
responses/a1649e1dcb50de3a4541a4c875a36082c6be419c328bfd26232cda6cb1bcca1c_attempt01.pdf,52479,5e4f730a734a1ab648f5d04e58acfa8208af8b156760e41455ec370f892deb06
responses/a189018b1bdbea25ee81d91ca7dda72a6670077a299a4aa52f3ceb74d1ab61e1_attempt01.pdf,139394,6acc34e96fb5e5ba8d36c8a1fc79d7449dc77ebe98cf0d8d272a74f954a5819d
responses/a1b756342665a755c82aa3dbd642ec5111cf9521502fc6f9488b0894897f7172_attempt01.pdf,80210,f1ae4040f7022ab3e03f8b82634877c56a0495ad9213891f55937ee0fb4c6942
responses/a1f7bd1a443aa69cbee2d2bdf3ee7a485162020f43d3389757f511f5e1d7817e_attempt01.pdf,116952,ff3de35a4f5a3cefde7aa4581f3bc6acbcbe0dd7fc750c7f8eaf9b94e3614990
responses/a2234f66b894f3ef5ac9e31e200b0f0028a19f00e2775362fefeec934323753f_attempt01.pdf,48127,2d708e72217f88963c4d86c97834a8a21a06680a91b28fbf9fb324984495c41f
responses/a24e998dc7da6408ff3d16996bab7cb7667a401326ff87830e9853d98e9fb16d_attempt01.pdf,66101,75b2789ed9020c65b5b6aaa7ad7631fef156c0e92afb577ffce9e51d8094732e
responses/a280317485c868eec3c9a96055a73abe4f184df7fbd4972e50f2b8c08cc6c6f0_attempt01.pdf,59673,b0248bf35a6d53691f65a53f7603bf849093a920652fbf28adeaed67f424c3a9
responses/a2dc29465694a384fb2eaf2780b9d71c368b1d5940cc048e5637304b0ac414b7_attempt01.pdf,53327,5bccb90de1c09a74064f958fd9db7670d4b329c9fc4388f5c6378ffb322379b9
responses/a3335baeb77fbd0df5807ddedb4637076e7f8c50136c9a54bb6fba0618fcff24_attempt01.pdf,66645,df34b2c6dc8c28ac616a7348b12c4b7608af849bd5afb30524d10133d5c0c666
responses/a3d591a85bb9b6d810ffdc825409418286962ef1d9660c11ee5820e6b90a62d3_attempt01.pdf,100796,8acfb2d820a39cf14813ebb94723444e088c23c957eb5b4b25c00b89e66874c8
responses/a43ccb3ae1f07d2c4c2f8d7897be7b35c67c5eb7e02f92ffde5fecc83d605ce9_attempt01.pdf,51394,c387a6829ee3eb2ecd45eb99ab0839fec80ab69421b4eeb849891e219b1a653c
responses/a4785e7b22bfbd506d4d2910ff2d82269594370b1d1edf1ae6b0c3c2033508bc_attempt01.pdf,264864,d50735ffcfaaa9e57321141281f5315e4248e48a188769797d443e8eae2d3e73
responses/a478b59fd5533316c024b6634c6d27f17271f680458111b534a8651df6be915f_attempt01.pdf,48846,1626de9b5ad1c5b253f2fe2de73ca80a31278232a932171fe4ace51299d3b64d
responses/a533642a9adfe34e209f7a53a472df6c1470ef6db49efe81ab0b11fe42ab70d7_attempt01.pdf,66091,0987bea864cabcef5626521bb3c00cb9a0548451d57b55e96ab9a1d4981cfcc9
responses/a5a14164cf87675caced4ebbd748ca4bf4e9dc6b43ab23a2658f09dae64421c4_attempt01.pdf,59936,9df4341faadc1765ec4171e8e535eaa2c9b630b34b526c7264faf1f424593722
responses/a5f88389d1b27b3aa9176ef18cd025479e4a13d9d9a4ffdd78e9dc92feee8e35_attempt01.pdf,94263,c711ba3056fd80498fe30a2d2e2620573d5920b07b679f1d049ceab1f7588615
responses/a656216a07fcbe8a83f78499f539614a7366288d45d631ba803cf5976a711934_attempt01.pdf,57686,8f2b7280cbc6429eae9652f6fe5682a9bab2e435dfe08a1c251c4785f4c74b67
responses/a65aae4f26b9363e9193f8e8cdfd8ac07739ef192292e02addfea81fc7f5a19b_attempt01.pdf,51495,d780af83e9bf1469564620f81b37c8fe2a48285ff4c004270d0b202155bb08d1
responses/a75635f56e96000e9c4d880513988b30ea7afe59fe5513f17ce52efd0d98c047_attempt01.pdf,94214,22695842e5c3f7bcac5cb45312c4c1a09c70e7e2c768955edfbc7503be00be43
responses/a76c85ee6f51fe7ae4baae4e3c74185655ecd77fd4e3be0e9fbda1c6290bcc21_attempt01.pdf,66087,0713031e3f33ea5746f22de96f588f4369d03ed7ba7450b68a8637f8a1a89cdf
responses/a77e53a2ea32af42124287f8ec7ecf7c928c2f1593334d4263afbf27154f6645_attempt01.pdf,49547,62d556226b6d8265d8ab215ba1fded393363e0da4529cc13327a8656f619f5d4
responses/a81f979b560c2f16a1ed5b9d3b30d109a72c8f4b9e3ef8915b1c6a3e55c49415_attempt01.pdf,47782,d9d1b39c0411294e7158419a51e8e7d45e28de3c6230c065029dfa7f974e4b56
responses/a85940d130e1c8c604f445f0b179930313c1a179fd007da2d5d2c088e2ff2f31_attempt01.pdf,61494,97c8e5c1de3629524a346f9e8bb282fce8d5d9bddf3e14125061517b9b78b2b2
responses/a85ab0b8b45bdf84a76fd2f8359a7843cc2bca6fefe4a1b93175e57fce1c00d6_attempt01.pdf,55765,6be3979c5df6f680e4b6542edfe0c010cc0758ca16539af6aa7f9ad14c9472b3
responses/a86a0a8a56ddcf158c7459bc5ccf0b31447ceef96579fcda7471997fc520166d_attempt01.pdf,58779,d4ee466558bf2ef2635338d1cb82659c3c6740e932f5e29ed350839b30dcf357
responses/a889530cbedb3322e3b70241bbe67d09832e516553d1fd1353acb258fb0a2ddb_attempt01.pdf,67420,87b2457f51791cf97f031312ad20a3adaf152df8d6bcfe665730eaf2fe459e9f
responses/a891baa601d8bb2558f917054b07d3cc6b59dab5eb81d52cfd04b3c9dfc5f520_attempt01.pdf,55470,93203d99b494f085ac853cde27f53903537ed07d291c0c996a96535c75781390
responses/a8a351ed187029ee7a00340568ab582d39c6d67d8cb97d4c4878336394ab19d1_attempt01.pdf,51393,e353e53a635367f45e5d50bef8a84b1e394213676ff1d5a6ebf6260c8fe4fc62
responses/a8a473c1e7ec903d523b2c8c3db0fe0fd96d8f6090a96cc6054da6abf417ba4d_attempt01.pdf,55872,ad4bcaa069e7e7e3125df784eeb95152bc4e7cfc68356f207e5916a9c16cab36
responses/a8c492bb41e34df8c795622605523cb443003ac9b9f84b29857654d2ee2c422e_attempt01.pdf,66008,6e0eee080b181f148489e2a4eae04f91686b8e54e20f3c26e287100ea3acc755
responses/a927199bc8113681a643b697a6e89fb26fa1c313ab3e58bc62ecfae2befd1c58_attempt01.pdf,82530,d7679b90edec7af93f3a0354250e1fa072ec66865217e4b760f370fa4e4b6d93
responses/a97dd4928e9a7bf66d2d2c67bcc2c40d718b144243d97d5eadbd5ee2fd81b240_attempt01.pdf,47578,ddb4b3055f35bb1907d4d58b8bda0541bbeb03521ee61d4846f33a98ac563fe0
responses/a9909644f1e0e3711e25fa52b8f9b5717ec387d8cf255fda33a5719b5a4326c6_attempt01.pdf,48807,2378bd3d53259a1f877462da56448b976dbb491771297edb301a858708063995
responses/aa080d0d66eff1df49e5616d846ad2e5c8551670e635118daa858c19639f74c1_attempt01.pdf,59668,428f5391cad8575d3f3314d52e334f7ff4c7493da5493e72ec103c65752a7f9a
responses/aa992c54c14deaaf712b61c14f4273201b8cb240200ca58195572eb37c33d612_attempt01.pdf,80221,d47f70342a34d031e00346fd938bde58020a1e9b32fa3f5619bc1f6c74cf679b
responses/aaad2a252ca6efd87c80d75cfb4e6e3e6c3de8e7be250e4a1a60fe353d542b6f_attempt01.pdf,58774,c70c83cb57429ea3673f30ac9d4ac1eb1eeb85407d2bc32bb84c0d511e1a01be
responses/aaca7af03c1e9a991845ccc93dc40f6bf30cf0b347313913a0eaf8a6dd16f23a_attempt01.pdf,94224,dff7d3ffe73bb72eec7d5fa7bf5c72c4a8e2654c49176da09b3f41f39763d777
responses/aae67021bf0ccfff3a0064eb9a0de8f284c7a83b18385c553a8f691f872e4f4c_attempt01.pdf,51390,9744a58037b9fe7965dc0adc33232ed4dfe7d703e6b7fbc0a0bf73950bbf0ee6
responses/ab357674433cca78f0488143e54311281d5c0345da532b77296293402248a0e1_attempt01.pdf,82538,20a40543c09c752049065dcdaf8bd15294c9d571eacf40c8b4d43b97373fadf8
responses/ab47d0eacb1a8d75db1326f8c078259be3ca176a967e8c57376f17f7b6e97e5e_attempt01.pdf,144105,b645c48aa7e0ce991f51d0fd3907a02763506d992adcc62e427762ec1be2e4cf
responses/ab942f55a1e6ddb8dbd5c0a01071f73b06ea8f71616179223fe6138d1c81cc7f_attempt01.pdf,66645,5e0d0867ac8b0c41ecd92f2ef42a711a28294620be2aae38923f24f313ca3755
responses/ab94c5392a1944e14560c218b25b8ce184733f753f98eef2eb6ab101d291f5fe_attempt01.pdf,66651,fa9406d729a5ec1bd7741b55c12dd0a808641db82348d41c6ce34e2a2c8210c0
responses/ac0f3d134de59e4940de3050517add3cd5135722ed55aeb42ae8c03d1e87774a_attempt01.pdf,180687,a83c7e6f3acdc2795aa358757be9cfe28c3fe29dbd5377fa0229fbaa42aa7ba9
responses/ac71609f90a12d1d491e51a36a78dec08f008861fdd0eb654ca61aabc49146b2_attempt01.pdf,179434,a989e8d3f380b0980b91684c308c893fea4f06f11af70f1a87eb3740203a3095
responses/acb505de021ec6197c35ab013baf95297a3f22577a5bdce37044ae1ab0eebd0b_attempt01.pdf,264865,451aba36062855d5c169e721330cae80049b01ef781a0fe46d9da10567b452e9
responses/adbfac2d699da725a6efbd07614375d9d2ecb07da3237a73ca27eb4dd57dfd6e_attempt01.pdf,51471,90367c6ad7c226d1d9c3fbee2f83f324ad98272b0a7de14c8c2e440dd0fcc52a
responses/adf9e5726f7dcca95088f702e1cbf0c70de14fa4ce0865e98b2ceba2560ce818_attempt01.pdf,139398,e50b27bec8a996c1b7503ccf2fade563fd6f5a800b596c6be195fe72c878d9bd
responses/ae4049700392e1f3c166632eba1d41a86140664ee0f60773b71baa05822caf3b_attempt01.pdf,58802,4a7b83ce307c4bceccc129fecb27477c9eb142363adbc5f0894e708fe142a70e
responses/b03885a0469fa4583990c37c6e27f88d73530a9c5056910bf99f8960a2ed72f9_attempt01.pdf,50420,10d61f4c7a0b7b68c68379dac6c96545ae17dd442f0e1c6cd49ea1e9baf8cd95
responses/b0ec2bd360a8dace032f6d4bcb819393b7f21bec5fcf29c3f0cf51bf3a2d0c27_attempt01.pdf,94215,ceba7bd3089e128f5ce5e6a6bb77ff7c4d186e05e0f9918e09bda53993ce3efd
responses/b11001521910ae98e9ec7845549165006f94a29fceb7226fb3e0e7659070c18e_attempt01.pdf,66645,930015ae7c0cf7e4c2184d439855b4955acfbd9b118035ebe6ada610391d2815
responses/b1d2feb9b3fe679c109c44c746961ea0cb9f156c7aad146e564d06bb7d99c20f_attempt01.pdf,89001,950ec4b18d0de1da02c5a076aab19dfc273a9f9ff3dbbaca80c76d8a466cf224
responses/b21c0463be226af9557c6edf248b71f4376aba951c73394279ccea71a7f8ef3f_attempt01.pdf,52384,bf91a6e60230b41cc20f34b2466c3af081f7b9cbdedb1c46623387dd2d481f28
responses/b23e8fde7f9a6ec5c8e9b849921c2966d2eb36113484f29ca2540d9b9374870a_attempt01.pdf,86900,b7e63e4a2b20ac4e54682b208f382fe40fdf6be0cdfd81588f7dbf5e2c32a8a6
responses/b307a8d5260cec0aee6fc6d57417c29eb99248966b7205d572ae9d118f07fb92_attempt01.pdf,52470,7ee5809f4e2e47d9d2687e379997cc52e30ed94757deed55013273ed1cbf6cc6
responses/b35df8f59edc8c0d4bd35db85c6ba6be402985412ae8cc83c934eedbec4fd900_attempt01.pdf,52472,65fbe6ba67ec4e04be5309ef61c3af8214cfd333d427426f1fbf97111062823e
responses/b3c52978f391a6290ea5ffd6efad9d7c72d4f46295fe1f7ccc5d64fd8e46db0f_attempt01.pdf,180669,354f0186d6bfaa4feebb9e6de225f5c56466150fe2e9c3d05f43c90bfc33fffa
responses/b41fdbb8c378ba562a7a020f0a739b91d2d6eec59ec434fd3f3491e11bb2fe16_attempt01.pdf,56660,6e4a5d836eae38f98f3a76bab53ad2d6443acc055b750aefeceef46aafd0fd95
responses/b4337afd884009fc6bbd0ad6072709e313884ee0542b2163d8548ab531582267_attempt01.pdf,264775,0f9bee134cbb7d4bcf360edb10eca1bf99725fc7e136c7ca2207e821eb1e8eff
responses/b4937ac4394d093d6e5e85086f5bf51c5f8c8cf322590ce64d780da400dde660_attempt01.pdf,47867,5201d218256709707913095cb059abad3434b5cd20b48f9a3c60f9f4b6de8b22
responses/b4b6b355c9c911437dc95807c359369a8f27bc530ff699dc76439b7ed1f2433a_attempt01.pdf,248821,f03f9d6323c1d31e16caa87a4813cae86cf44fd8da5cf05e86029c0efa36f504
responses/b4ce76eddf4b2d16a89c4cf9ea63316414fe998617d6605e8cadd65430ad4b3a_attempt01.pdf,2076377,113128f6ac8a5f2127dfe1b2ef61773e67075f1219a7f035adff53b15270f6f0
responses/b54bb58bb0bb48dd89b8986630f41b30d659ee7920f9f86a4584e0c8d2adf440_attempt01.pdf,139399,0df034b14325ec0438d18495143e1223be7c40b318cfdc976eee1e74b4201444
responses/b564ab87cde2fa014693b3a8fd62062042e782af07fc24bb1340b5e5b7918921_attempt01.pdf,144109,f83b82c47164e96824398c1c5b09c4b8eed62092aabfb151f85da0d87824708e
responses/b613dd3fdf07672bbd7bbefe18ba037ea351c107213ec409891600aed2cb0b65_attempt01.pdf,144815,10cdd72d68ebb47c3cd72c8990cd92a2fc7f9ff94e66ee4ab5b51d9340b26e95
responses/b773efdd2b2e376c46df48873f1a6b971a8f185dcc5e582d4246dd02fdb85aad_attempt01.pdf,58695,b8b55b4e35c69fd360bd24b7378ea86a0a1bb11632ef4352e0666684f650253f
responses/b792bf6f0956c06df589e44ab7aae5f606f1119e297e7077d1937f4355152d23_attempt01.pdf,61478,110f612ac714d2c13bae129ef8c90090b55b2ce1fc651083c658f925aaca2e8f
responses/b794fb5d08f8a216e8a632e25de6636a2936e65a5cd66352a84e0bd7fe3f1645_attempt01.pdf,66089,53a9ee77ca9469e45662e7caf182aa795799e11dc05169fd6d66085dd5eaec13
responses/b84f8352b53d5f87ce76e12bb7c918b060d1a7393ff8c9f08faa61b381972d5b_attempt01.pdf,55680,290dd7a296c54b360060083eb51f59ac196aa2adb8b4c1eeedabb58ac8147b3d
responses/b86cebd5fd7a83e075b106b5cb5fc18025c5f32874233d8afc67db3e2fc1bc4d_attempt01.pdf,50404,41ab9e9c2cdcb84065b1d75fa9d082694237a8ab3a1c9ee151f26fde20723e08
responses/b8a926303b2c3ebf7252ead6cb40f185bade3c277c3d2afb0b548d549753a0d7_attempt01.pdf,51407,45efb028d5b9ac58f241ca0a3bca607fa5ea2d55a54fc91e3ead555fe146fc83
responses/b9655b710624356ba7efc094336920262a3f4fe6a9b5719b0b2f4090157385bd_attempt01.pdf,54791,946ad9d77fee67c30118ea90036733f1afe616890929304d1db3a9ccec0394fe
responses/b97869bbe773b8a9df857946127638c3d218f7fb01eb51b6ac498ba0e9f53af1_attempt01.pdf,49397,be482ccc829d242c7187fc695b1a0c8540d95ed1ea9e47b648598d953aa844d5
responses/b9e8ba722e5cab93571c61a1271d22a7dbec6f0e04267ca9e0a8296e032c0a29_attempt01.pdf,66073,922a7e6b87aee1ae3473c760e1bbc1b937892134563afd4a1c2b420d8cdc0e10
responses/ba6041834215aa531690daf657d4491abfc0dbdd6e9b2590cd1137f536434738_attempt01.pdf,76864,9c0adba67722ea0a4e294a14c226782a399b9400abc6756314d7bcf0291add44
responses/bace0176d9cc82151f74dde3afba4f269a6b2d44186246642b604efef7dd75a5_attempt01.pdf,55785,7d99cf4fa22304aeb6be54b010907eebcba109cc5adec0fffe63fd6684e8fea0
responses/bc65401f9a13156f00f10acbb36126f6ceee279bec8f9551ea17382bf4740562_attempt01.pdf,248839,bcb6407489ad9ccdd26e4e5479f404820890fa738bcb26e9902c898ccb5c51c6
responses/bc7b1ced7102e8f8a74db757da48accb12ab44f5f9f0048b18416e7900b433af_attempt01.pdf,73780,80ff15fadc396318a46d4c84452f48f623a439b321165a0e710e77cdefe6bb58
responses/bd2f3d0db2593cfb09bae083fb39ef3b6d3613afce23b353807e3663a7d7bfeb_attempt01.pdf,56677,d057aaae0e38b3fbd71da221b32e88cee5e83a0416cdef2fa4de147aa4565ed3
responses/bd3663c465758af161dc08bf116b5d240bb2b80ddaf8773c36df4036ced6603e_attempt01.pdf,57693,2f6d11a3f37afaade7c1c798d84daf86db85d75423313ca1acddea30bdd6d17a
responses/bd5477fb383be831b939492b9a4ed2d99a3636fe0cfd23a40c0198aae2bb2b9e_attempt01.pdf,139403,25f9382889c551a5d4aaff8190eeb9bf05c2582a7da1952ff16c3daea5a923e0
responses/bd627c7b67d42272c1718b1cf9a0cccdb8e5cc283c824df9bc65f3e83a6eb8f4_attempt01.pdf,89002,4c1a66494e09f77e975e91adb4206f6639560e20aaabc06696195f6a241b47c8
responses/bd6c40dd64216cff95a58b102223b32231fe8cd669e71fcbbfee4c15840689bd_attempt01.pdf,48141,198be2e5cd8a99837d15a71fa97ec00f13cc02d9b8d60f3485a350955d699b37
responses/be022c5049df17aa2b2dd2d2f840d4ad6ff2d15259941a2480ba3b0736627db0_attempt01.pdf,80215,3a41420e788f3c9cb4a6c6807c14cac747f264932652492fedf7d6dd37963e3a
responses/be1054e9592d89e6bdf9e9841ff41185741a2545a8554b774dd16e2a1e029650_attempt01.pdf,147062,4eb928ea9e808dfe2fdf4affca0fa6ac3bd25d8e17c38814bae42bdb864f3514
responses/be73eb990202555fa004def7f9bda93ea67d8649ccb04e22460af6da0e73fc1f_attempt01.pdf,51337,d05a2f8c1c8b9dcbc0a84de4f8892aea81b969344a430697dfec6489714818a7
responses/bec71e16314ed376658c3cdb3acdedbda25156b83503b72a69b027027cb5f98f_attempt01.pdf,51426,ff9d3b22f0a8a79351cc2ad58d77140a1a5a9208c2b531f95b7a04e053655a1d
responses/bef4dc1a4b6ed9d9656061aaff9f71023f5a9521e89c91a82ba51a67149f06c5_attempt01.pdf,248790,2a1df77fea9ca69b50d62b2e525547e7d2acc101a7bdb0e0b3b6fbe4d80f4641
responses/c04f420b89c0f2ace8ca1ed96335a77a8281ed613ff66fb368bb5e7e7aa525b0_attempt01.pdf,47601,9076af177e9f9df4303555e3f1887d4b66be606aab37f5094c9b39ab233c244c
responses/c05814d0374053935693748281ad8ec9101af85097ce03fdfb89fad887a30f3d_attempt01.pdf,64898,7457d78128225e272554435bf28f40d086707df171682ab85799c7fb4d31b410
responses/c064d7f4c5634fe1c0c4eb1c79c826d687ffffa007f78942bc5c31d3b3a5d3bd_attempt01.pdf,64899,1351757c80ce01987264fa220d49b255ee471f97fc1f72a66462150a0d04c79c
responses/c095a96e700528fe5e3ec0f054f4540a7779dfc8d8f32ae003c3ed0f9babd80a_attempt01.pdf,144837,10977d73347a9e11bc2529f999cafea1cf1bcc69be6063fc1cfbf9593178f1da
responses/c1249011bf5b177931b072eb2badd697f2bd086a794ec2320aa9f5c272f65422_attempt01.pdf,66631,62bbe2263a89a62ccbadc426a6c9caa3bec39d04bd47c98e459eeec2ccb1b4c1
responses/c1372fc9566f24e3e05f605a0cc8eeb6f0c384de3cef9f8ed8f7c48e42fc4366_attempt01.pdf,59682,1de2bea03cef9dd9204043884a84e0011aff6c73e1adb926ff16a5fe8f128b70
responses/c16685ce5dc7bb96d4fc166d587ffcb767ede6d1245b8aa15a2edd3220d231bb_attempt01.pdf,50284,fa59ec7927122ad3241564456d6631204d5aea267a753d826bb69b6e0a3f36dd
responses/c1a1eace17d67984424a0457ea90a8648d929c30d80254efa4819357e5ae9271_attempt01.pdf,47570,2e83fb64a443ea60b107d8b7fc590dcabbcdac3bff7111ed7032775fcd9cc853
responses/c1bc825762dd642241627b0583dbd30dfcd56b8d30617c83ec33acdfbf24755d_attempt01.pdf,57603,5a5f3fa8dc2eb047c07b04b588f9c3c9b46c12d019baa14a2cac501b23819a5c
responses/c1dc822dfd90d546dc92cd1259b3add5974290e6239d46f930a1454cd2fd5aa7_attempt01.pdf,66650,6c9add202a5e7ce7d96e48bc56f07211b9e745ff5706a90bb6d998b36018a411
responses/c2337fc8e45bc3dc383be24ae3378c0023278be45cc2c1295f7930e412a21be0_attempt01.pdf,54792,90f8b9fbb1a580ca9e7ff277f531c53f1e01e8645b8f917ec021b4a1d5c68d3b
responses/c23be55761ead12e83860d408a0003e1716ac04167d31cb5c3acf7f83cb53aa1_attempt01.pdf,139401,fc9da6c5fd306aad1bd34a570835353877dd30cbc8aceb63e652e866b8079f0d
responses/c2646e983e3351ffd91ab480d956fe12e336eec818cdd3a1a66a0db66a4a9f5b_attempt01.pdf,67416,ac7bff9541c6d37b09687f1d0dc95b390dbe5c59febcb8e7d6d323eacb51899c
responses/c2903c29de65a887cf5b20e0df66fa64136bbd8644d91424a6c9b04860f1b0b4_attempt01.pdf,66083,975da974f0337a86d42d86d4b2e87fc18dc4dca1e975b1da31769314ab2efac4
responses/c29ae216acc7fc9dbc747a2886e507abcdf7ac22bf8f99a848c0046f52b54b7e_attempt01.pdf,51337,abe7608f854aa5ed8d9a6ef120d027a745c7e886a18cf7e9c87856306ae8ab42
responses/c4d895c9c715a0beefa750ddfed9c52c804763992af0b8fceb80ffc35e01e2a5_attempt01.pdf,66070,69caa13d88ce5a996b7ff78f28a4fb0109bb378cdf94b844fe37b32d3a2f98a7
responses/c4e89add00b277e6a123aa5516bf2be2dba95c8777f830449451b53e9a8fbf5f_attempt01.pdf,180659,b1c14084a687bc4dcaf7d20cd71527beaa19199c574337d18bc4ccce098cd52e
responses/c4ea609121b489717c49c1c4311ad4259b682f40f95b9a1ea466f013be3bb241_attempt01.pdf,48125,5cea9d1f3ed2f96df42f67f094c884382ae1121c756f996daa0d905301b6ab22
responses/c4f525601360e261c46649416545774649b48d8deb546ffedb359ab0a359facc_attempt01.pdf,55773,c65a45a5bad61d2d8908efe91ca02a46f1d17f88cc4bed75a4b8f8a8d0fbf178
responses/c4f57c99e1fefb3477b8f23e53d40b369355f9ddab0bbb8e9c35c87b09df009d_attempt01.pdf,80950,939ceafe1ba803372df292e95466c315ef87e9082a32f0813764f5767810fa1a
responses/c555955b41eaaf5cda19a6854f465158794ab8a09a65c9c274213d7a150f1839_attempt01.pdf,67406,c4534f66fbffd753bbd8bb80f2ee9cbd9cf6386207052202769160e948b3875d
responses/c573004c30eb6858efff9b190004a235956c9ce6042ca8c48b482dca82398eef_attempt01.pdf,76895,d531763ed46befac2237cb06e56949c7dfccd3250074de01702b6fe7ab60be86
responses/c57a8ac549dfa224ceb665e6305748a643e79a64f98f64967219d369ba6eefba_attempt01.pdf,52475,a6cd12f50497c02ea9823c977c6f7bf088baf6ad53814531b2c5bb77081dfe42
responses/c5e33bd7cafa8b1077725c06b93bb4b62c4093fbbdcfad214ab191ca2aff6e3b_attempt01.pdf,92094,29ca00060a22d7d102b1f9947cdbc0c76520dc957edf4b40f45a830fbffc8d20
responses/c660f4f3c65cf275d31bd0387de1c7273717f5cbfce14cea1773d291a70f9119_attempt01.pdf,67412,f75fa828473f8b00d60878194d54aa3620e117dac55cea3c2ca9cd015330bb6e
responses/c6d966aded08ad3b0ce0170dfec5c527a4362d0d0898cc04ec1a6871a0646bc2_attempt01.pdf,144824,b710f5e766ac76c17624555d399eda31083ef5cf54858ff3bb5686a171a1d1d9
responses/c7b7a53edda1499eaffdf9f05167cbda4a9e78ec2d2b39a3b1bfe0661ee8d198_attempt01.pdf,144836,64f81f185608aececdf33e5e4aec6e4391af40b1a0657f5bda644d6b2f17ed44
responses/c8d10d15d582bb33e8b3f366b15a59f7027b42af432097fd8a67c8b18bcc1f71_attempt01.pdf,66084,110885458f0b538a4ab4eff4845043fd81383e011e9eb077800827d66ce621e9
responses/c90f27d2d445b541073d6c83937dd6e702ed3c8e77567e39550600b2ae34a11d_attempt01.pdf,49707,8a25c358d1a4d82cd6931cefc629a3bf6c5bbfa876991fdeb866efd6ffdfaf51
responses/c95955b4265aa30865915ebf8363356d7408a41d5c816032a02227a59f1e6019_attempt01.pdf,144062,2eb4455750ddb21cd3bd1d8a00853380442bdcf1925a20de8cc7a1dd5b1a6cd6
responses/c963cdb0f1717a153beeeeaff3c3d54104ddf38571b2373ce7d5d1b8c461f118_attempt01.pdf,58790,3444ea6d53d5a3d2375bd667cec71edc290345b3ab2a4691a9d8f542e37edac1
responses/c9a80882d4cf623dc2ecd572f37a1a4ee4b633107acb6523694925ddb75c51b2_attempt01.pdf,144089,2db31a32f6f9ff16df1da87798d4659d403b586ffbd49c7b362fe3d67ad18339
responses/c9b9eed85873308e2fff56f1edb107634c5b2979eaf63796ca8e061bcb9836c1_attempt01.pdf,88933,be5e70278f02a7125c546882482ed3e5790b3621341f1e320d0d4107a2086f06
responses/c9df9f7a8e298a046d10279b56e6646817aaab5d71fd08035166a6c1e2f6d8bb_attempt01.pdf,49708,9a93a3be16abba470e075ed101cfd94f306989f563ec7a0f6ba25db21fc5ae7d
responses/cb2774bfa62b1fd1a81974662269d53693eab7c007e08beac1ce37820cbaf95f_attempt01.pdf,59696,d01c74d7c6be3834193c7dee8ec50ea0c0ba29c859249d6aeca81da770242da9
responses/cbc182e3f9acfe171747e2d3e70ddca1aac9c4ee10b252c04c0b19169548002d_attempt01.pdf,67409,b3a500beac62ffd474cd718f131f6549f922dcfd4f400a6a633761a38ffebf79
responses/cbcd5773959cf03ad0114934bcd8505a59b2986792614840c69eba91091231d6_attempt01.pdf,48866,7f18be3add4ddf5a23dbcecdaa7775822ec79e10feef1a1780d16cd30fbe775e
responses/cbda370d705a882686af71b74d47674ef7932b79ac01b22b51b92955c4d1f5a0_attempt01.pdf,61628,6c359f8fefbf7d09a3acd60e81c0f1feed8480179923bcecbf9dcbd4d717c2dd
responses/cbde9abc9ac3e156bbf1396a363408e18486bb92802fb78fe85837ea7d84bacd_attempt01.pdf,180716,86b785bc1cffc21b365860f987d9acb019d164d46904b02e9d6a91bf30cb9c2b
responses/cc0ac81f43d9d8fe4129b91410272a0a797fcfeea1bbe108407d48eec97b4549_attempt01.pdf,66561,d025be7e9df1fcc9f5dc7d58043dd0b31dbe5a3c05fce21d1ea64ed805f99351
responses/cc4e4d5ac0eb84264ac6699f85cb540069b99f2c6e5f98920b10e0de2be0682a_attempt01.pdf,64900,33f4663f34b2dc057623a1eba4b5dbe1973345606233944c39cc29545732abcc
responses/cd34285b9fd2960b510909573a5dc411a0e5b02e19158fa0ec5416c96a0e05fc_attempt01.pdf,76869,a673ae4cd2fffe2acf8dffe6cbca0a15b779eaada90bdb796b9316261080838f
responses/cd663bb9b413a965d9796a4b2b3dd97f4cef76fd023472a93de6dfaa60b592fb_attempt01.pdf,53223,9b836ddd3ed7296f1bbb0f8dfc625440a53ad7923dc81434cb9101b12a358511
responses/cd6ba1bb16efd1a2a0abcae3e955a08784a4ab71faf5b10d3074f065261bbd1a_attempt01.pdf,144096,777f308f1326eeefdd83f2a1f7fc538d430b72af48a187d4c35afbc8585e2a0e
responses/cdafae5c9d4824ec460f649b9cc326174e39b6e3f602463ce024c52d427a5984_attempt01.pdf,51384,84dee34f89938eca0e5e7b53bd0ab78d3a8d618abc9bc9e968c712dd8941b5aa
responses/ce2d7dc75902cb92b95afa5d9b2e3e97ddb6704dcb27204dbe44dc8c8a96f662_attempt01.pdf,264900,827bb0c23476dfda16b62d6d23334d38ffae2f27970cc11a56da7ac7e8cfa1cd
responses/cea11ac31863192380e624810e66793045e9cee6186e355dc059e41b27104195_attempt01.pdf,108640,398b79d6bc4e388fbf7eb4fcd8eb3e4a846109c4d5a0f73a4aaf1f8a2b00f94d
responses/cec84306c64bb78e5a76c476c15ff3d53aff0314d8f486152fa224e73e6722c7_attempt01.pdf,88940,99e06efc4311ab64fcb67d1a0f29c8d6dd8432edf458f4a70d9aa799f5377d55
responses/cf015191b39f1c75aa3ddb48f54f06681d83722b9c82e9981df8eb382ea14f49_attempt01.pdf,66714,4cba9f7ddb5ed383b2e36c6592cbe7eade7bd2ea258e96f5bf71875d7ae99a3a
responses/cf077d1d016ee7e73d4246e683e26254faa757180fca8b72cf18c6821c6008fe_attempt01.pdf,180661,27e48f70ce19a5297aa63d7d3d16082148ddab0aec304f13edfab96d7fe0fb49
responses/cf49b05f20061c68812f26ca8b4f1bbc93d26dc98268ab1b8f412aca866e186b_attempt01.pdf,175909,b6430732bfa5d17b74e7e22a1881924f3e126417241789960afbbec21f7fd70f
responses/cfac12fa4b1c36b206b82cfc99f0fa79d3a419458de8da44641f56cd72bd5b6e_attempt01.pdf,126226,969964259a54b15e3bc2c4df2ff4efff43133349fcd59b211d9398a498e0f3e8
responses/cfb7a27384a0c0db8dba73e4e6f7cefef51f0243899cef381513b5df33eb82d3_attempt01.pdf,144099,e0e7a9c4abd900c3ecbb3e1357b8ec8b6a3a0da191b394425d9eb92727f00e79
responses/d01d322d560534f71801cd3b5fbf57e3b166a74419b5d9f6b0c92916b897ecc4_attempt01.pdf,144178,4e3f960871edba288489b02e7b96e7e3aae26f83931f9cbaedd91a8e5b49f2cb
responses/d0582b775e0bd4a3b87ab5fe130592083fe9bc4c499887bcf825ad4c0d1cc79b_attempt01.pdf,49569,968ba0e8999d013b0a671e9cdf41a3897fa65c4f8688321260c2e95d42a5957b
responses/d0597f76a25a0ac3ce987f4608596e2f8db86b2d580e4e8fc668bbdfc84715e9_attempt01.pdf,48133,4ff1afbf616d4d51f10af3c7829e084c4037886adb72843a831aa1875265b1ba
responses/d08088adc8bc4d8544f83ab80ddb48a8f3bd448d89b433915f1d2652a71fd603_attempt01.pdf,88877,316ea536a27f33e009686a95900fe37a2e943236a4e4a9595074fef3f4f00bf8
responses/d1148e2a101ead3abdbf9cbe4e600bc4fc9759443a90d99dda9d952cc769d1a9_attempt01.pdf,57696,3392867f0920c954a8728e0e23ebe2c5064360ca8455b158b67c3d0e92e416c6
responses/d1282157d9b959e4b023215edc64fac588a59c0e90bcacf842107fe3d6b6e54c_attempt01.pdf,91998,b8597c646a87c2407d572dfc9fd916bf45dab5eb0e764eee5ba0f7c9696d24e2
responses/d12bba0e3624f2dc8691fd3d162ab312df03cfc7823545deb5a6a0b3ebe3ec03_attempt01.pdf,55758,916875842bc374e629c971ee28b082d86015afa7c55da1630ec0422b8a03430e
responses/d16dfb31beb672a461d1993eb279e262c651783e32d499fb0183af77cacb5110_attempt01.pdf,66576,5b1909e5732e43abb4736100269d7c4dbdcd3dfdec24a90cd22e49d4125f7960
responses/d1d92cec78f6ec9642c685d49fda458516afbab6b17b054cf13a8e1928289f78_attempt01.pdf,66008,de48cbec63d5a0d569700624c20e7951fe3ac23b77618049a5ccbde36355abba
responses/d251bead1885b887778f713be4d6b95ddd1b17ba566605df3d4eed9d16938633_attempt01.pdf,73823,4d5b1e46cf54c8c12ac60cc3143069162550a2a5fcd8499bb9ab2fe0d1773041
responses/d273603bb6050b84e20f3ff9279ea253ea264b41574bcfea5d4c955b357b2744_attempt01.pdf,55930,e5090e40a69c0d24f4a73ef95d6e576079c97a0a5bbf75a9d82f9bc897225a93
responses/d27519530d573a24a79f9084cb9ef0e6f76d621526fe926cc4f95e8f7659acfb_attempt01.pdf,54065,d3199d886337a5beda17c5f92ed6132fb07b7e4a6d0658eeeb4fc9e57bf1be37
responses/d284f2e434610c8acf4c0c296ae899677ba88c87df6a69c34dd2f0dc346544fb_attempt01.pdf,57880,bca307ee96e1ab1bbbaa2b1ea7653ba80038839fb3147bfd796a0f1f3bd82c32
responses/d31fd8564cb1b32cbd088451fb27cc2e101b38529b1b9766f5da8b8128003b98_attempt01.pdf,144060,92b867cf6d606c6cfafa87dd3b11ce30841c6d8c7a53c1ce2db248339cfa66ab
responses/d3dc7cc848fa627ca35f7abffa5d6d85876ab39fb797b3b96c87f760a6d8e533_attempt01.pdf,144147,d9e747102b26c9b38bb192a3f339f580182e5dbd0b66239aae99f06d0e257d1a
responses/d41b33f5bf1a63de18fcc42daddc0754f170410211a4e540013fd338712036a8_attempt01.pdf,57867,3114127c90f59f8b04169855e1aea10b608971cae49de6c810a31a4fde7b9a75
responses/d44e1de2c9757cb3acbacf8f6cb512f544aefc6d5aa7c433b243fc5fed3c1253_attempt01.pdf,48777,308ced8379ad59a0c23f4cb21edc56ba2f1edb37d16c434a07c3825b6f0f4f5b
responses/d4558e1c89d31171caf5b22e21245b923bb99dde335c1707c76f2deb1a21bdd2_attempt01.pdf,89005,8b227b4a60580c890e5c39ae65ea677507596885160087767bdd927b559592c0
responses/d4f496295daedb17c707e4ae1043f2652899645ffb6c8ecbae054e729ce17a55_attempt01.pdf,180604,e5ccc2d1a8c816f17de6afa963f13ed0cc9732c901c2504ce365be3ed51aaeab
responses/d4f5a91121531f873b89649f443adcba7dc95b13db5d9e41289081d82415af09_attempt01.pdf,51143,fb49b68e38a86801b9e3e35a30b16c7d4783523dd0f59a3bdab573317af9f4b5
responses/d5a86aa391bc0e3de72acd6f4bb0df7565b8a118d1cb07d789b010720270f09a_attempt01.pdf,48737,2785a1bd2330849e2a8e7874f5f33bb4ddd0751d69a8252f70e2a7f28cd25a57
responses/d5da2d2fccbb021107f92655e0bdc702dc75b39e7effc29cd435cd80f95b3cd6_attempt01.pdf,94218,3257ca65b01815707b467aaf1ecbbe01e533dfefa34560e81e13310021395bf5
responses/d6b3735bfd7500c769052d00bfe29a54087f64dd1bd0db5372aef5a8e1e2125a_attempt01.pdf,58786,4fb1b9c0b500dae5d5347981f2fe37796a52e74458dc5e6021e20b9ca30fb965
responses/d6fd7d172378c035e63952672fd424827e8a2ddb555c24fa57f7b3a541c918d7_attempt01.pdf,51392,6e9bd9bfb2e73460f674a0c338eb4391f17e24bf9ca716638338b36cb3d94d1e
responses/d7402da4e7327f5c58a886d3da6805161a726e4135d900a7d7b365b51e471b78_attempt01.pdf,95553,211ff692b25c0a01130726bf0b6acee3fd36aafa3fa0c27dec804999167f5b4f
responses/d792a0293ff020bed8d15f35a4398c154fa4a4d8920b877dd93d97867e379d6b_attempt01.pdf,52791,75eb0fe965586253949a63e942868406b9d2a1540d63e38ef1fb04f3d62292b8
responses/d7dee9f9cace9b74a554319f26cfb3f89989225736334c09f2b482878adc16b5_attempt01.pdf,147058,47fa9ddceb1d975dbd8af04915db47be64b4291104d30d979eaa4a913371871e
responses/d7ee1ca87fc582aaea603ddf22825502bfabdac80b49f02192bcea24f1180b7c_attempt01.pdf,48860,861168fb8cb53980c5856e60aa62ba0a4a275c55287c17613fc74a2b9a84e3ca
responses/d86f12e3c3814ef255b3b16b4e00b39c2ffba1fb284a2c280432fa089e68fa55_attempt01.pdf,55764,e0cb87b47254dfe2f5cedad9d0df28ef2e2fd52bc7936c3b434f5e5627298d91
responses/da16540b71ae6f170c98c4e044e4a97e594b2d0f2aa70e11a8a3855744617389_attempt01.pdf,66102,db0b6747e120b2905ad352790dd421473061ca9b7672d80e159e91727377f03a
responses/da1a20f7cc057979196eb715d4d2be9abbd481828197d154ded89d5762517f96_attempt01.pdf,52813,b1bed67e4e1869550d0f239d9956cf942fca306fac3ae3d0cfedbce15519cd23
responses/da700f7a871bcf48cfaa56c35005df3aa2e79bebd94281528349ee84ba3890bd_attempt01.pdf,64901,3f894a5683cb478bf5125fc2b1a226b7581f145afbaaa47fe1e255a50612588c
responses/db483510daa476df9e2a9b745993d7e3b304dbf0f9eb56c39f71d9952dacacbe_attempt01.pdf,56686,8480cb5ded25ef7994306a209a5a1bdba08bac48fb7d3f4fbe1b01b0000c3b78
responses/dc2e346da61c5ac93d53b118dadbeb1de43957aa0085ecbf31e3a5649068e951_attempt01.pdf,51648,43da3d02f5d3ede032ec3c2670d7e54623cfd9845ef634bff0cc665b81964a6d
responses/dc81b4356119ad452b9081e3b446fe3040744184f042737b6bc66a7081512f6e_attempt01.pdf,48134,5f95c07bde00834990660cf448f28438a56766f8dc0b87ce6993adb0a7f0d11a
responses/dc8fa0495d4c196b335a4fb10eea3a48f7643913dcf764e2173ebcdbbf7b5b29_attempt01.pdf,73830,38bdb70c3576563bfac65880262122cc67ee341665513bc90a27e9b0740a3059
responses/dcb63428fc21ba3f6b1a115aceba959f892c491de871cc1976889d546485b49f_attempt01.pdf,52810,89fa0cc45cc80a6bb5d584955f857275f78a70da5b5256c1fa2430a8e4ee7ab0
responses/dd0e54d32dcaa4c5b37c62d3b67a8e526f372bd52d1af52ea57aacb3393c28a8_attempt01.pdf,61656,03ffa6db8c83108d9346296fc9bc3536af1c9aaac58af97f6c6792c401f548cf
responses/dd26dba78f9809cb01bf1e000c51e8b0f4065fc8a72dfb73131c9dbb61b94ad7_attempt01.pdf,50281,135216a0a88821cfd84622c6c3e7ced9fb58d909696f201575dbbdeec4883f55
responses/dd6b06306552455d7601378b9ffb34e3a5fdb7eae5821d377a6bbf57d4032d3d_attempt01.pdf,100784,e7a5afc225617381252bd5cbd6dc854a0b07b01bea4c09d277cd3445ad8894c5
responses/dd6f582e59c99c38710cc9486c1de9a7f3f5e297fa1bb73d272be8aafcedd3c5_attempt01.pdf,48853,ccd1759a600c366228fac6489fe0842deb2fbca90a9b2d03fc4e1bf3b08302f0
responses/ddb88e32925d8a06ce021e7b77470c8be38e4191d765c5167ee6d346d39fe245_attempt01.pdf,144104,4b69fbc0378ad1bc1fadb47814e2bc7593140b0220d43f13185a3ee830ce952c
responses/de0cef5b50d7238abe35488aeea1b18cb20a256fff6fd8756aa050fdd36673be_attempt01.pdf,46812,bc54318c4f1cfb407aaea9d4f038722d88d9da64f51ccde6716655ac334a6a6d
responses/de9febf3111b7884aa41674c1ad1eb361a68e41cdc5e75011ce508d242ff32a5_attempt01.pdf,180372,53a1d6e32a47a741ad9d62911bb1aeef742dd8ce17c5ba478471d40f71817aa0
responses/ded9a35e3be291a3a261e47302e5ce8094af6d640e3388941364ea1b6745c802_attempt01.pdf,61994,80008a1c5554bb03ec2f7c990b129042628d42addb7c620ee2348d759bfcf077
responses/df37806ee59a39d3f92f3aac4fff8bf2d2f4708e369264e27a2c94cd8ce58034_attempt01.pdf,175852,c70423eff62d80de56abcf21c27071f11cbe20537144a404190041f9adba7c05
responses/df4ec722492779fb8c6d143f5c64f32dfecde86bf8aef374aa353ec02abbbd3f_attempt01.pdf,48845,2f0ecdc3b6566cf3efa5fbd265827b65d4b917b215e9d9aa893ff769ce67dfe9
responses/df63e2fc545f7fec3cdf7830488b566781f213e03029960ca7b9c6affb841d5f_attempt01.pdf,66111,fdb3fbead85457b5db7ad7430cf1371c1f7bfd56a3d0c401b8a2da616e6941b4
responses/df78c9a3660fb3dcd034a1c56d28b6c8125ed5a1fac8afd8397f0941fb364914_attempt01.pdf,64821,b50217cb840a27d3a8f5510fb2f2279db02b6d1e7587200d352a5d2b06c366a6
responses/df8d60f572afe98a039aae609b9f1c80b72cc3904a55a8cab3ad86e460c6cdee_attempt01.pdf,55145,f2c394bece4531077d8781607dc404d2d74ce27d66d660e5a132b533b062f8ff
responses/e02ed44cb34dc8ad2982c4c2746db60706862527191c3e852d04f2c16865e5e5_attempt01.pdf,248812,1a08ef0cef91bcf479f30fce6a1f52723ae33019c43dec11256ff4ab54f84d16
responses/e052e7b48b5483f4010115da0b99491b50363d7d9cc66a63316419acd2c2f621_attempt01.pdf,66576,6208b39b3ddc50bfc50105965b079cda1f7413cb0d164409e012b9f82cc63442
responses/e0cffb9daa9350795220361f95dc5718ba8665cc85061c4a4a4001951c9c9ed9_attempt01.pdf,66666,049d2485bcff57217256168e1c59c0448934404f75d47ec1c629f31eebc67123
responses/e0fcee7aad0bb97b14185a39b9be20aadb5598262ebf0b9c0df12390f0706cf3_attempt01.pdf,58616,7b01556259cfcdd8cc85468deed9ffdc8822eff9e0aafa2b42fa4323ed61d0e3
responses/e21a45317dc023ef991fcc2625547505ca3db6ed8a3529dc6c9e47af5c284bf9_attempt01.pdf,74353,4206d974043c56a533180943eb5b1b009332dbf9730a98721c0150972e9055b2
responses/e253581ebfa2f5ed98514c5fe88c0f074294fbebbc4a24c8950f71b91c3fc962_attempt01.pdf,76760,c50ec7bbab0202920e30a1a8dda3ec523f096336dd1bfe8018b31d293ffbe4a6
responses/e2840c7c096ec3e66b1b051157cc5f2f462d5f70710681d73276a51451a97b76_attempt01.pdf,66358,de3050f965aee8c940ad6711e3444469d511e23215ae71ef564806e4e6c85e8b
responses/e2e6f15f3b941af30ef30c192a2c068721c410c8ad456ccfa0e1eeaa71f5d402_attempt01.pdf,55696,30ac0c07f898af616c7f110a6413274855ac17ac8e9bdb7aae513cde48cfb48b
responses/e33822fcc199466b50fdd0dd32b446f1968f54075873159066f827f63b5af54b_attempt01.pdf,48741,114cc54ee043aa3a31f986d80e44e82a0e2353dee384e8df20d09145e92aa843
responses/e357a74d23f73bb00ced614fbe1f0380e41b571da12ccdfc1277da0811f41cdb_attempt01.pdf,60748,6287a33040e3a4de546420764b90d978aa5242a3fdba5f37bf78a6ed98d5173a
responses/e37e362651e5d5a50ffd9d57e332041a69b0949315dae5a047718fd64eab6bae_attempt01.pdf,61891,8cf93faba415344e4c768bbe520dadec27f0ff77b8824952804a899eebb7e042
responses/e383657ed234ff756ab22f4a9ff68222a3adce86c701500fab682cfa06d64450_attempt01.pdf,66093,694689d88945b05da4b93db37279d4b1e76037da08a2ba55e4ad7e36ae318bb1
responses/e48f165a53b686a1107ab230674db5d533acf8f710e6666d081223c0fb5f6234_attempt01.pdf,58781,56635fcac25a307c7884c4b69fb9ba24c1ec4e506df4947178ac883ba492eb6e
responses/e555d465a4e8d9f05b7b0abd414676f223b9e8d889f21655c0e539a1d921b9e6_attempt01.pdf,66566,2e51bacd7e19144069b99ff4472c73ff53b8b86bab084412361812f49fbbe283
responses/e64babff90f1be9e8e9c22d3b603036f748cbffa273e17ac49bc69fd66dde936_attempt01.pdf,50419,9b4664f13984357592bb35ba7f931fe6d8324f1dd1801143865192709921ceae
responses/e67078b29416df609fe1c05570de3ddd8afd9102638a30dc19daef3cda1d0b5a_attempt01.pdf,48131,622b2b0e0a6233d4c4117989e136cc061c71fea78ac5dfaba20bcfbc3dee5bc7
responses/e6a3e629bd267abc8dd415a635b0257adc7d0286918facaaf9570c2cbb7a466e_attempt01.pdf,55764,69383444088c3b24e234d3e742b10fc22bfa6cc06d27a6fd081cd8272a48dfda
responses/e6ae228acaf06c5b39a48a4466b00f14032bf05a297dccbf8640d18cd7d73441_attempt01.pdf,66560,aa799f313216789508b63aa56fa5df2f017d04b457e9ae6665b9881549e1fffa
responses/e6c9492f50e45023bd9a8ef595fa74e4afd6bd8ae2f9664d958c085ba51ec41e_attempt01.pdf,180679,93a4c609e097a268caf0b3d1469a2aa90fd0064ab0685a3cb519fb06d3801748
responses/e6ecbf8cf66a6fbca99aeb32f6ac76db15a035f12d7dff7ec359329c46a90861_attempt01.pdf,51467,e952370d763abe3c53d3d43bac40b8abefddde9ad53cd5a20e7686846f9091f7
responses/e70e1eab1d6bd03882c0e4c45569b8d86433e96b2ccb0af3ded316557810ba3a_attempt01.bin,91,2f85832e31ca57711e6107af6b142363351ae516adb71c69afc643fac26be7f6
responses/e70e1eab1d6bd03882c0e4c45569b8d86433e96b2ccb0af3ded316557810ba3a_attempt02.pdf,144107,df3196682f3e06cbeaa869e6219a6f41e02ebac54320612d726fa7fb1422bdee
responses/e7120fa13b6e57c995b44c692f2e83099348e464dfd82315477ccbdfe59519f3_attempt01.pdf,76880,867a5f9bdda9120a4cbbe3eed205297ed75cac9cfa2eb2af0c02a1d67556173a
responses/e714b28d6ca0c66ef0147574a28725380ed301b9641f1eecefa93586cc37f158_attempt01.pdf,51481,d7f7732aeeb3ed0612550a0a1e0a84d51d34793bc6ebe96b0833fb392995301c
responses/e762e61f63bd04177f2e4164bdb400c67366f60d13001ed13f23ece92c0f521e_attempt01.pdf,61576,c10ceb8506a9f9d53d110f97869ee4965c0cc940c86650e2ccd8a3ea2eddf58c
responses/e7b6bc520b582ebccd21450c5327eae1d84c155cf0941d1eb7c03498f77314a2_attempt01.pdf,76866,b28a5ed0fa840adcbc2bdbe5bd25d0c8d850b280f675abe6365c08146cf44250
responses/e7de71e4a14b654eed1e3f8c862f5a37f75a9f91e48d89d0f94af9c64a4e901c_attempt01.pdf,88999,bbda713ef1b2a91410addf8ab5ce01a72140344f4cf1282f58b4df0a25aafdd1
responses/e86b3000ed438a5b64beb50b7380827067e707fbf8244b43be72576a514e243e_attempt01.pdf,264850,6e4103ee99b6ffa2683beedf24aa0840a97a09f476c3af611dd38e81bc430c71
responses/e870f7f9098c6d87602d84fb11ff6c72f0d3c495d7caacdb0806dcd7ca11b3e9_attempt01.pdf,57870,1ac6fcf87da70c8ac26b3583a520c8523626c4f5768e012398b44311fb18e6b2
responses/e8a75dd9ba13bf70f587d15c229a30a53aa99e6c87bd7540b3c55f61c13d7caa_attempt01.pdf,66632,7d50cdcb14ed4d778e0dbbcfa95a9b1acd00adbcd20fabdea48f559577b45648
responses/e8a8846549d15d0f3013f36e4a1f5b95dc9aecca0f5acb6cfbf6b78b36933cf8_attempt01.pdf,51462,8c438bec91968d83fb8da1508499276aa6b67f14ac49cd18fd76f4af97f252f7
responses/e90bcb57fb0b1b726994d3b6c0d463a2ab7c99e4c302ab4e03f986b6160b924c_attempt01.pdf,55780,f527e5dd0841277de12a3ec8d702a65e178cd2a3d6eba10c8103a357eafacae4
responses/e945853b6c9c42e731c72aa85b53cc95cb5143101cd46650827389df2f7fea86_attempt01.pdf,47570,4aec01f12004f7ae66d9ab9eb2f581ea20fede8da6ebc0a97edc4c8b37ff64d8
responses/e95211aa726b3490d527d10f794b381555cf58c8b6d9f0b127ba0afb2778d921_attempt01.pdf,147061,afb3691e6373fd6b62f6458527538699c903353c814710a6acd59545f212eca2
responses/e9882d1ae37404dd5a661591a5d783f16348ceba4b54cedee418dc93f4e03093_attempt01.bin,95,9deff96f9b5925fa5081257849ace321304b382d64cfb67d90a21a3c7cbf2925
responses/e9882d1ae37404dd5a661591a5d783f16348ceba4b54cedee418dc93f4e03093_attempt02.pdf,89003,e422bf6dcd015cd1093325a49edb08bf1f6d12e2423118e6b497c5ab8ea50bb5
responses/e9b269dc192faec0d1e0a3bbeba490304c85901f83a481c466da80ab81aab86d_attempt01.pdf,51477,c465317d25a4691ba9edc659749ecdeb394b2209193429db56bf4aba34dcb397
responses/ea8cbb15dcc1560f88122484e906a4a62e3183606d057516b6836f1d30a608e5_attempt01.pdf,63272,e5b2133d4ef2cb725e24bcbfbdc5062b67da91f92bfca631190939d053bb3ebc
responses/eaa359a3428853b6d655c37d3ab405fc659e934082bc56e0daa741cd706f59f3_attempt01.pdf,65892,7558a84456b15c1522bd97c484548d6c9d33f9cb42128651a0def351d28c904b
responses/eaacfc9dcfd4a71dd7323b9ae1ba75a9947625d7e2c62615b3e29fe5c95fdc9a_attempt01.pdf,144069,e71cdf6a83373f192f9adbff6d80db5b99b4697c0b80900b22c445ba9c236a4f
responses/eb19ffed59db0fbc93dde95f00329e970b918ad417319c95bb81cbba183998f9_attempt01.pdf,52475,99adc12c98df828e18ea2ee646c101fb7f9c0a045d45d1413917d40037009374
responses/eb407cb3f321777c53bf55b943bc2b279fc4fa2f51d4aed2e16bd26e2238cdff_attempt01.pdf,52519,53197b8b94c7821f1e51b6582fe95d03c27927152536668036bdb1c6a2c33b7c
responses/eb4a73db34390f79ce1eae6319aa0bf233f0eb24ca5054662f27e7909032d414_attempt01.pdf,51449,27cc61aec44b827946e598103fe339500d387c8ff1416e19ee4265a5763087a1
responses/ebc444bf49382e2e6d40ed35b4e5e855b391c2d4eee7dd613cfbbc00633db016_attempt01.pdf,49716,39938e67dea44cab1c05283598ce9a8cbd19dfe094862149f6fe3c7c4b7050b5
responses/ebd4b0501f555210badf56da9c06123b86440c7db7a1d9b1b400dffc5ac62c7e_attempt01.pdf,144017,cb4e9f93300a97022be053546721639a12197be2805a375896fa313625044320
responses/ec460ad78f1a8ae6d702c2638759474863a999844089acd7c1f21b6625a5a096_attempt01.pdf,59035,5880e8b578b814d0bac8927221f65f242f1ed83b1dd83fed3316ae8fb0305ba1
responses/ecb5f2e09d5106bac07ba872a0e384f7584378eed0541cd415c9dc3e2efe30b1_attempt01.pdf,249995,35ea27792c37272dd9ee34200cfcaa785ef20efeec4b46e1c3fb1549b82592a5
responses/ecfce3fdc7b744dcff7e6144ace642667afeda7f1f19ca36f5e7191fbfceea88_attempt01.pdf,66099,f53856f9806eb4d46699701fd40d57e3a39bc4baffa7fba84a12276f966d0640
responses/ed014650ab0e47ef38acdc30b82e375da69c86b3075e5b283039f9d2ee5bb6b3_attempt01.pdf,51459,5bb54f315cac86669fd42d82b7d2dadb517cad522f3f0f7efec8950e4c66d2f7
responses/edc8312e23575bc2a87bc5e5f192550335270cf5f1e779100ff035a0ba63ee96_attempt01.pdf,88940,7206c46713eb0cee61f1d25e48895c0a051c0b947406c4558be585100c066aac
responses/ee2418644b7138cfac46b6fb020d8f4d03df5c5ce9fc9c3cbb5e040864f1c056_attempt01.pdf,52386,ce013348ceabbdb205dd0fc03cf757bebd9ebf73956988ec4d143d2dbf45844d
responses/ee8a86d28b8249f7e1b19e6e60d695174675f8662cb8d74cac138ae3d2e768fb_attempt01.pdf,139417,aad8778a7ddf80bbd188712f7b80638d83d9cf40e2220cb96ca9e1b1039762ee
responses/ef0ea809ac7cf26a1e5f30e4c6de331bec428be5ca3004c3bc7e497ae53c8cac_attempt01.pdf,57750,b3959b411191558b2b2758a319649745a4d5b98aa5b62eb7bb16edfebeacbf6a
responses/ef1f32770224f70e4ff8f213ac066df8eaf5497a6e7c37de8f1865c634809ef2_attempt01.pdf,73764,c04601ede3fe18963d69dd75b55eebe24d0737f59728aa090dbaf4b2aa72f42d
responses/ef5257461711b8deabf54ad6c28dc433fcf4e167814561b035ef733fdb5cd963_attempt01.pdf,80224,fb52f535fa1165277645fd7a4426ae18368bb00138b632d12833183b21e2ec1d
responses/ef594ed71601db407deffc158687638b5437c4271ea3cc49b88441c662574718_attempt01.pdf,52805,2475e5e88154358087303dde205d03c8893b18277e014d54a80f6edbea39e731
responses/ef7078411098cc0ab4ef6b1a24029528ff827165b465128bf7e9c8ae5a0882a8_attempt01.pdf,2075366,b1c571be185822cdc77b57a79f227389936535e3a99806e900345e59aa6ae3c5
responses/f073ac00ff9d9ddc9aa036912929897210a4f62a60c9c2f1608b321803279ab2_attempt01.pdf,66661,682e5f97fc780bb32125de0a8df47b897c9370073d3ba7fc44107fab7b15846c
responses/f0cdf3cb59856dea5c3d6f603c8640a1933c08cefb9e913e9ab663be64b854c2_attempt01.pdf,51428,50dc2bc7ddbaf3d150c305f95413945410b8aa224f4ff6a367acc8728a29a03b
responses/f0d3a6fbe5702f0fd830af1931132c902b3e79d3193078f4e2f4781ca48a1199_attempt01.pdf,57665,867271422b36a4e72620ba316d75532871b946a7fb2695b1f2f1737c52485dc3
responses/f0e1b222ea3beae8f1b227af17aa1f2c971cec12ab564ed9c6ea704d4dd484b8_attempt01.pdf,62158,3b885d30918944c7fbd6cae2ac23398a64ffb20d27d7b714d6b67076c3f9b864
responses/f110260847e964c4d50900410952704b97d6ad77a87f9defd5520802387f1804_attempt01.pdf,2075362,50c9f0e348cd41ac3736959453c5d3425e668aadc97c8825cfbe5b25e39a6d9f
responses/f11a05449bd1274b9cb1fdab9766a339c603fd5f8b07bdef21c097436f5e9f09_attempt01.pdf,139409,a4823588b5ab6bf534ae7e1cdf7749512bb085e3188f8e65666f95727c09c3c3
responses/f1d8820a01167dbf7391c05ddc39048c25ac4543c5f8cfa24b6ec0c5d587584f_attempt01.pdf,144103,2f612fa746b92afb2d48ee2d5b67e48de1a14bf6faec731ac9812f0fba0396fb
responses/f205726b9f5a8c11b5e5c1689290a67e4b4f008ee89c933939705a5c47d57342_attempt01.pdf,64899,2dff265ec2a4711dd4fda72cc648ba61805ebb866b57ebbe90ed3b10231317e3
responses/f295471827c1699f9b6991761fff8fe86f157b096a52b627fbdce31e0a43a3bf_attempt01.pdf,175857,6d8987c9a77ddd57ff6afa5506aeb91f42fd2188e2f68c393806efc0fc00b92e
responses/f2a582cd732c1fa8e68e79922b4abec52cc0c98e4d0a7c6baf93b73dc5b9912c_attempt01.pdf,51432,57bd1ec7fd8a2c6b9919cb420e06ac59ef8ae5cbb0b407cccac99e99a4ccb0f0
responses/f2c5f8b3f560bf63039114ac991672ecc6f6f65d932eecba1093e48965f0c1aa_attempt01.pdf,60741,491275f99fc8587befef8bed8c466b56531b94cd051d29de72dc431ee497610c
responses/f619d073f62c16ae92ae9b0db72d1349d9e5bf634b619cc120b937492079b9ab_attempt01.pdf,51465,c5a2dd4fe277668b66609335a8638301aebbb2355e2d0651c91121d6e50bafda
responses/f673453b5e98ed028f21e94e45cc024008a284446e87dfb572fa69708a4e6c77_attempt01.pdf,144832,1a5436c3cfb92f4eda84f341c792529327253d7abf5335bd6f9e4c03fc7363fa
responses/f6a96952a1d90277869983ef46156e7597093eae117f85fc13adf83d8d75ec22_attempt01.pdf,59686,a1b8305d85c111a30290dfc3ba03d7aa850c537103848de55da4ff38b4dbe0f7
responses/f6c9117e6a6a6167550d35d38571c26c3835dd4ce55477b907aa87b413923181_attempt01.pdf,50246,65d1980a99e88b21685e3df516bb0e324af9c90168604e9644270654855ed172
responses/f6cfd0caae9ed3a5516c51925bda891a170a5cbf70fba26b10e6135902e13c91_attempt01.pdf,57700,18e5b7cc41100a78c744bfda917a634b4d84c6d24773ce2deeb1509286992044
responses/f702a924cb9628cd669e4205453634c3ca5d1990a43b7ca84f8640e8b242547d_attempt01.pdf,52477,25e22e5fedd50f77868c29269a598a86af70e0604efcd38be4f03865a09c5f17
responses/f718a9a68481480beefab5b7fce33cf19f36ea63678f08ef45b61af60ac01bb1_attempt01.pdf,52788,645845bb7e24b14d789caf1b5ee3b93d44b08f49623870921c4b52961971efdd
responses/f78a92627b4a6333a563a824b2819c206603d061a5751076d5e3270c6cdc7672_attempt01.pdf,51486,9f592579d824426dbd4246cb95491b1468738f771a75c731ca6d05be3329fa25
responses/f886dea1f9a123082671280ac44664f172a8960a33d73efda8da1bd97ae34ed4_attempt01.pdf,48863,4947beab86df552d0b2e2c983d7e0f1aa048eaae1b552c6e652352d47add4fa9
responses/fa27386c5d710ad1261d7960a863f8308ed9f2984eb780e28592ebe5bd12727e_attempt01.pdf,50400,91a4d2b52409de55270f822bb5835278180270129323895567dae289e3e2833f
responses/fb7dd05c7358c859ae03afd51ff0ab30724c4eb18b986eeaaf27befe7146864f_attempt01.pdf,139400,1d26f04482241831ab5146c4b3669bbdfac5b3406b42726f0ad205356ad712b0
responses/fbc3cf09310befe9edbffcc9d7d9c8e542cbe952e544181825d99deb8a692e09_attempt01.pdf,66090,742a42abf1c0fb8b636b98961dad3d0915beaffb373734a3ffdaf3162fdfa0f6
responses/fc3d338160053bfce3e4f12c0142692efbea4c48d80f1d657079d18f44aacb1e_attempt01.pdf,51389,3ce9fce46773194719236b9e03ac209eb265f7935ea681637dea030d7e9ce2aa
responses/fc4c0090cbad589ed4d2afe424ed7ed48cea2e0f821af4f5bf675bc25d774aa8_attempt01.pdf,80212,137c169e452109224f86d4d585132b5532fc89a33f9599ad554ef6339b33a016
responses/fcba9890932aaaf49d032d5da40d1a820642db36ffc3c1cf19554fc98dcb1cb7_attempt01.pdf,264860,b2590ff0826c33cbb0a47780e8ee21f2726cbe3f73ce905835eab8108cfbfd20
responses/fcd7ef7ff168a46227816982194df880d152792f916729cf3faa936838cf9519_attempt01.pdf,264867,37b87a393c39129fcb21115c657d70f55f11150f9899a165a278967155cde916
responses/fcfbec0e97e98961f5c9e91c7c3889e10f2643e9e03c9726e2bb69f43815f2a8_attempt01.pdf,175843,8befa0dea46c081987cfaf2f85759a1bf230e1a0d5677ab0f4385c24da5ca3d1
responses/fd33375d5b4a71611e3871ea72d4ef410556342757d1436402e597ee8de9d688_attempt01.pdf,55764,66c0d25e092957da751f87ba231e9961c05f52eeb2acb7634d35a17766c29b8b
responses/fd37f9b7307521699aa3f19870e3ff6b2219d03b6be0ac8323a3e18c7e9ac8dc_attempt01.pdf,55236,3ed64ca9e36525e5f66237b15939a2736750a4c7a4a4b48189e63727890b8c71
responses/fd5d841eabe751d78b03f8a775f1b652eadb212a32c44a363529f4d23a7a2ef3_attempt01.pdf,60665,518f94ceb58f04f7f67437c9f9551401985cfede4463b03686143b6124679746
responses/fdeae88abe866b02c77bc8a9e3205c36e7a3abd57a0bccfc17d930acdcc56dd6_attempt01.pdf,66652,6267ab6ba45a65ac065c4b2f4ae66d3df1c44f05811f4d279c9d0161ac6fd56c
responses/fe66c2f0036a87159e1dbf8efbd2668bbd1b3f97c56f0c26e1668aa100249bec_attempt01.pdf,51709,a993678a6a36bf8045be9a415f3cbd5abfbccce04a580eb0399d617549b678bb
responses/fe9dd524fdf4e9730f22e83f1dfe8b679d7de86a3f0f617f5dd5ce6f1cfd476d_attempt01.pdf,116335,a31f2bd289e449aada18c525c292edfd268966e516fe5d457f2f7caa87ef9fe8
responses/feb1875d2611c45bfbafcc21b1667af9b912b27ef77dcbb77545a56c7899e907_attempt01.pdf,48733,0183f6df28dcbc249d61bb04656bf43758946a49ad62e6e362a15461796b01d3
responses/fee7e2a057f89ea16348c594aee117311ed3390e797af847606d6a21259d3131_attempt01.pdf,51142,d232a32f09f40c22a39383a9b702a55c74a6f4ce4102071ee3d5eb07a1b3e2dc
responses/ff1731a9b0becfec25e2c1a4e8c9fdd77bfa755c9a465a160ba2ea162a3447e0_attempt01.pdf,51446,dba5c15d1b02f7b48842f5015250098dedc42d5c76ef3781f48a84239b3ef557
responses/ff1a8ad65c262eae00e49160877c191340b2dfa3bad6b49b17b4503eeb03e8eb_attempt01.pdf,144147,d7bd205c5908ec9ef1780239e3bff19ee140ee964901b8247de04909228f9778
responses/ff78874825bda6744f54e9b00b7a5758b665cbcf713b6625e4abf5647b389ff4_attempt01.pdf,74341,3e829518d250ef72f5988bd75e35bba3d879664d4619732a453e92f1054eca1b
responses/ffc0e16a3dacd6c00875e4ee64226d788156d0af532646ff0263068f0ce91c74_attempt01.pdf,48829,384b82a4e62e35612828435ea48b6b0fb6b52a7a11bc6312e031e8b9459847e1
summary.json,2098,63264f95cddc7ddbf59050548c0ea4de057c230ac9e17deda458945fdbdf204f
verify_label_phase.py,7199,0bab05dea3756267e3d4bf168fc72ef5f263894f68f205e8bb831f2f7a3cbacf
whitespace_candidates/README.md,1513,654aef39361bc447d0a2a2f2dc9fc81ca771f521009260d68fa7d4b1ccb85bc9
whitespace_candidates/extracted/80a72871bc002f6cf681039e0ab5b7a7db55df52473586737a92828f108044d4.json,2312,271f498611efde22500e5ba76d84ef3ed4cf5de3d04e909218e632924d4e55e0
whitespace_candidates/extracted/80a72871bc002f6cf681039e0ab5b7a7db55df52473586737a92828f108044d4.txt,1246,47aa4eddc73fdf6c14110842e474dd95058b0c4b0df3aebeb081e00538765698
whitespace_candidates/extracted/README.md,92,84394c01299ca91953d64b4ea2f8914965c9eb5edd53762da7f32331720320eb
whitespace_candidates/extracted/f0e61db9e1065a31d98cf27afff12474783c3920c1fdc7a6b3b06b2ba33e5b87.json,2312,b316403061b412aeacb6cdfdb22f163fbd7281bf97cf5f33c2c3b7bb46b5aeea
whitespace_candidates/extracted/f0e61db9e1065a31d98cf27afff12474783c3920c1fdc7a6b3b06b2ba33e5b87.txt,1246,1003f94e977f0f25f28b93adf5876cbfc3e18840cb0436af4640e01575f3e65c
whitespace_candidates/label_checkpoint.json,449,d08d67725421d9ef212659ff993d7342bb3421246ce01715ee019cf2a500386e
whitespace_candidates/label_download_queue.jsonl,2406,ba4db20328ab5297cd05db7e06790699d77bf048f8ea972134c8e8113cfa6dfd
whitespace_candidates/label_phase_verification.json,1032,f1b1555b9fab9f93fd96d1ace34f056cb7b53d689f681c7afb07116e0807e381
whitespace_candidates/matched_record_sources.jsonl,7277,c963efb76529b14bce6537b9078631572eb1bafdfd9a9caec62453340e1e14c8
whitespace_candidates/queue_summary.json,582,383e5006086278d0516e75ece19a102c59ebd85def60a937ed88d264b7241be3
whitespace_candidates/receipts/80a72871bc002f6cf681039e0ab5b7a7db55df52473586737a92828f108044d4_attempt01_receipt.json,1052,575a522298fb8b2b6a5ee0cf2dbec52016af390b377a0678547400f08c569892
whitespace_candidates/receipts/README.md,92,e758484423e6724e406e2e60f6051b1c5afafc11b65ba22555f34f92406cbae2
whitespace_candidates/receipts/f0e61db9e1065a31d98cf27afff12474783c3920c1fdc7a6b3b06b2ba33e5b87_attempt01_receipt.json,1052,085733d227064f29710ef6f3e4fac5cf27742035cfeae71c03973e2303338790
whitespace_candidates/remaining_label_download_queue.jsonl,0,e3b0c44298fc1c149afbf4c8996fb92427ae41e4649b934ca495991b7852b855
whitespace_candidates/responses/80a72871bc002f6cf681039e0ab5b7a7db55df52473586737a92828f108044d4_attempt01.pdf,67415,5b752abca67fd80f56cff5ba3785b0e14e615196999f85f19dfc6ab0f9eb7d08
whitespace_candidates/responses/README.md,95,ce7f1884a91e601e61b2ba26156a0f51c9fecb8c5c6d4c7f61c0260600a8b459
whitespace_candidates/responses/f0e61db9e1065a31d98cf27afff12474783c3920c1fdc7a6b3b06b2ba33e5b87_attempt01.pdf,67422,a8300bea42881323b4ea1617d5f703f798ebeff4b9a2dc1913309fdd1139b778
whitespace_candidates/summary.json,951,90ebcb088a2534af01bd376c76aa8a2452f836aaeed62e008c3293be10a6db52
whitespace_candidates/已获标签_PDF与来源行逐项复核.csv,565,01a660ef8daf6031fae844912d9c532bd8c8636783eda55483db20e0f2748729
whitespace_candidates/文件_SHA256.csv,2547,74251e1874842f2f20b69b0dbcbf051f88e06eb3d1044b794994e4da5b6fce13
whitespace_candidates/精确命中记录_标签原件与标准原句_只读旁表.csv,3391,248e361e4f4a78629637fe1827f5c90884a120fbcca65249d00ae79e2f86e5fd
已获标签_PDF与来源行逐项复核.csv,20853,9328a34d6e09b555cf4787f4cf2d8ca52ed402f4eaeefb0cca0f878992ac5bf1
精确命中记录_标签原件与标准原句_只读旁表.csv,1154411,28f846fe991fed5176fa399f7546c256737bc2d475c0999205b3928c35364e92
首100原件阶段说明.md,3163,d91b7709de27a9e4b981e6c7b5aaf21e4e582bd923cff03d06c75fa191ef6492
