model_key,source_kind,source_id,source_file,source_sha256,source_public_date,source_location,firm_raw,product_name_raw,explicit_bev_passenger_name,raw_text_original_verified,full_configuration_match_verified,entity_register_identity_verified
BJ6480A603BEV,推荐目录官方PDF,rec2022_12,/workspace/purchase_tax_audit/round3/technical/rec2022_12_original.pdf,dae8aac7e9ccbe9c046bc0be62323deddcb91e52ed3fb3202e0fbe0e5e7993e7,2022-12-30,heading pages 4; configuration table first page 4,北汽蓝谷麦格纳汽车有限公司,纯电动多用途乘用车,1,1,0,0
BJ6480A604BEV,推荐目录官方PDF,rec2022_12,/workspace/purchase_tax_audit/round3/technical/rec2022_12_original.pdf,dae8aac7e9ccbe9c046bc0be62323deddcb91e52ed3fb3202e0fbe0e5e7993e7,2022-12-30,heading pages 4; configuration table first page 4,北汽蓝谷麦格纳汽车有限公司,纯电动多用途乘用车,1,1,0,0
BJ6480A605BEV,推荐目录官方PDF,rec2022_12,/workspace/purchase_tax_audit/round3/technical/rec2022_12_original.pdf,dae8aac7e9ccbe9c046bc0be62323deddcb91e52ed3fb3202e0fbe0e5e7993e7,2022-12-30,heading pages 5; configuration table first page 5,北汽蓝谷麦格纳汽车有限公司,纯电动多用途乘用车,1,1,0,0
BJ7001A617BEV,推荐目录官方PDF,rec2022_12,/workspace/purchase_tax_audit/round3/technical/rec2022_12_original.pdf,dae8aac7e9ccbe9c046bc0be62323deddcb91e52ed3fb3202e0fbe0e5e7993e7,2022-12-30,heading pages 5; configuration table first page 5,北汽蓝谷麦格纳汽车有限公司,纯电动轿车,1,1,0,0
BJ7001A618BEV,推荐目录官方PDF,rec2022_12,/workspace/purchase_tax_audit/round3/technical/rec2022_12_original.pdf,dae8aac7e9ccbe9c046bc0be62323deddcb91e52ed3fb3202e0fbe0e5e7993e7,2022-12-30,heading pages 5; configuration table first page 5,北汽蓝谷麦格纳汽车有限公司,纯电动轿车,1,1,0,0
LTS6510H1BEV,推荐目录官方PDF,rec2022_12,/workspace/purchase_tax_audit/round3/technical/rec2022_12_original.pdf,dae8aac7e9ccbe9c046bc0be62323deddcb91e52ed3fb3202e0fbe0e5e7993e7,2022-12-30,heading pages 6; configuration table first page 6,浙江吉利汽车有限公司,纯电动多用途乘用车,1,1,0,0
LTS6510H1BEV,推荐目录官方PDF,rec2022_12,/workspace/purchase_tax_audit/round3/technical/rec2022_12_original.pdf,dae8aac7e9ccbe9c046bc0be62323deddcb91e52ed3fb3202e0fbe0e5e7993e7,2022-12-30,heading pages 6; configuration table first page 6,浙江吉利汽车有限公司,纯电动多用途乘用车,1,1,0,0
LTS6510H2BEV,推荐目录官方PDF,rec2022_12,/workspace/purchase_tax_audit/round3/technical/rec2022_12_original.pdf,dae8aac7e9ccbe9c046bc0be62323deddcb91e52ed3fb3202e0fbe0e5e7993e7,2022-12-30,heading pages 6; configuration table first page 6,浙江吉利汽车有限公司,纯电动多用途乘用车,1,1,0,0
LTS6510H2BEV,推荐目录官方PDF,rec2022_12,/workspace/purchase_tax_audit/round3/technical/rec2022_12_original.pdf,dae8aac7e9ccbe9c046bc0be62323deddcb91e52ed3fb3202e0fbe0e5e7993e7,2022-12-30,heading pages 6; configuration table first page 6,浙江吉利汽车有限公司,纯电动多用途乘用车,1,1,0,0
LTS6510H3BEV,推荐目录官方PDF,rec2022_12,/workspace/purchase_tax_audit/round3/technical/rec2022_12_original.pdf,dae8aac7e9ccbe9c046bc0be62323deddcb91e52ed3fb3202e0fbe0e5e7993e7,2022-12-30,heading pages 7; configuration table first page 7,浙江吉利汽车有限公司,纯电动多用途乘用车,1,1,0,0
LTS6510H3BEV,推荐目录官方PDF,rec2022_12,/workspace/purchase_tax_audit/round3/technical/rec2022_12_original.pdf,dae8aac7e9ccbe9c046bc0be62323deddcb91e52ed3fb3202e0fbe0e5e7993e7,2022-12-30,heading pages 7; configuration table first page 7,浙江吉利汽车有限公司,纯电动多用途乘用车,1,1,0,0
HFC6512ECSEV1-W,推荐目录官方PDF,rec2022_12,/workspace/purchase_tax_audit/round3/technical/rec2022_12_original.pdf,dae8aac7e9ccbe9c046bc0be62323deddcb91e52ed3fb3202e0fbe0e5e7993e7,2022-12-30,heading pages 8; configuration table first page 8,安徽江淮汽车集团股份有限公司,换电式纯电动多用途乘用车,1,1,0,0
HFC6512ECSEV1-W,推荐目录官方PDF,rec2022_12,/workspace/purchase_tax_audit/round3/technical/rec2022_12_original.pdf,dae8aac7e9ccbe9c046bc0be62323deddcb91e52ed3fb3202e0fbe0e5e7993e7,2022-12-30,heading pages 8; configuration table first page 8,安徽江淮汽车集团股份有限公司,换电式纯电动多用途乘用车,1,1,0,0
HFC6512ECSEV1-W,推荐目录官方PDF,rec2022_12,/workspace/purchase_tax_audit/round3/technical/rec2022_12_original.pdf,dae8aac7e9ccbe9c046bc0be62323deddcb91e52ed3fb3202e0fbe0e5e7993e7,2022-12-30,heading pages 8; configuration table first page 8,安徽江淮汽车集团股份有限公司,换电式纯电动多用途乘用车,1,1,0,0
HFC6512ECSEV1-W,推荐目录官方PDF,rec2022_12,/workspace/purchase_tax_audit/round3/technical/rec2022_12_original.pdf,dae8aac7e9ccbe9c046bc0be62323deddcb91e52ed3fb3202e0fbe0e5e7993e7,2022-12-30,heading pages 8; configuration table first page 8,安徽江淮汽车集团股份有限公司,换电式纯电动多用途乘用车,1,1,0,0
HFC6512ECSEV1-W,推荐目录官方PDF,rec2022_12,/workspace/purchase_tax_audit/round3/technical/rec2022_12_original.pdf,dae8aac7e9ccbe9c046bc0be62323deddcb91e52ed3fb3202e0fbe0e5e7993e7,2022-12-30,heading pages 8; configuration table first page 8,安徽江淮汽车集团股份有限公司,换电式纯电动多用途乘用车,1,1,0,0
HFC6512ECSEV1-W,推荐目录官方PDF,rec2022_12,/workspace/purchase_tax_audit/round3/technical/rec2022_12_original.pdf,dae8aac7e9ccbe9c046bc0be62323deddcb91e52ed3fb3202e0fbe0e5e7993e7,2022-12-30,heading pages 8; configuration table first page 8,安徽江淮汽车集团股份有限公司,换电式纯电动多用途乘用车,1,1,0,0
HFC6512ECSEV1-W,推荐目录官方PDF,rec2022_12,/workspace/purchase_tax_audit/round3/technical/rec2022_12_original.pdf,dae8aac7e9ccbe9c046bc0be62323deddcb91e52ed3fb3202e0fbe0e5e7993e7,2022-12-30,heading pages 8; configuration table first page 8,安徽江淮汽车集团股份有限公司,换电式纯电动多用途乘用车,1,1,0,0
BYD6470MBEV3,推荐目录官方PDF,rec2022_12,/workspace/purchase_tax_audit/round3/technical/rec2022_12_original.pdf,dae8aac7e9ccbe9c046bc0be62323deddcb91e52ed3fb3202e0fbe0e5e7993e7,2022-12-30,heading pages 13; configuration table first page 13,比亚迪汽车工业有限公司,纯电动多用途乘用车,1,1,0,0
JNJ7000EVF,推荐目录官方PDF,rec2022_12,/workspace/purchase_tax_audit/round3/technical/rec2022_12_original.pdf,dae8aac7e9ccbe9c046bc0be62323deddcb91e52ed3fb3202e0fbe0e5e7993e7,2022-12-30,heading pages 15;51; configuration table first page 15,湖南江南汽车制造有限公司,纯电动轿车,1,1,0,0
JNJ7000EVF2,推荐目录官方PDF,rec2022_12,/workspace/purchase_tax_audit/round3/technical/rec2022_12_original.pdf,dae8aac7e9ccbe9c046bc0be62323deddcb91e52ed3fb3202e0fbe0e5e7993e7,2022-12-30,heading pages 15; configuration table first page 16,湖南江南汽车制造有限公司,纯电动轿车,1,1,0,0
CAF6470B5BEV,推荐目录官方PDF,rec2022_12,/workspace/purchase_tax_audit/round3/technical/rec2022_12_original.pdf,dae8aac7e9ccbe9c046bc0be62323deddcb91e52ed3fb3202e0fbe0e5e7993e7,2022-12-30,heading pages 16; configuration table first page 16,长安福特汽车有限公司,纯电动多用途乘用车,1,1,0,0
SC6471EACBEV,推荐目录官方PDF,rec2022_12,/workspace/purchase_tax_audit/round3/technical/rec2022_12_original.pdf,dae8aac7e9ccbe9c046bc0be62323deddcb91e52ed3fb3202e0fbe0e5e7993e7,2022-12-30,heading pages 17; configuration table first page 17,重庆长安汽车股份有限公司,纯电动多用途乘用车,1,1,0,0
SC6471EACBEV,推荐目录官方PDF,rec2022_12,/workspace/purchase_tax_audit/round3/technical/rec2022_12_original.pdf,dae8aac7e9ccbe9c046bc0be62323deddcb91e52ed3fb3202e0fbe0e5e7993e7,2022-12-30,heading pages 17; configuration table first page 17,重庆长安汽车股份有限公司,纯电动多用途乘用车,1,1,0,0
SC6471EAEBEV,推荐目录官方PDF,rec2022_12,/workspace/purchase_tax_audit/round3/technical/rec2022_12_original.pdf,dae8aac7e9ccbe9c046bc0be62323deddcb91e52ed3fb3202e0fbe0e5e7993e7,2022-12-30,heading pages 17; configuration table first page 17,重庆长安汽车股份有限公司,纯电动多用途乘用车,1,1,0,0
CSA6501LBEV3,推荐目录官方PDF,rec2022_12,/workspace/purchase_tax_audit/round3/technical/rec2022_12_original.pdf,dae8aac7e9ccbe9c046bc0be62323deddcb91e52ed3fb3202e0fbe0e5e7993e7,2022-12-30,heading pages 20; configuration table first page 20,上海汽车集团股份有限公司,纯电动多用途乘用车,1,1,0,0
CSA7005DBEV4,推荐目录官方PDF,rec2022_12,/workspace/purchase_tax_audit/round3/technical/rec2022_12_original.pdf,dae8aac7e9ccbe9c046bc0be62323deddcb91e52ed3fb3202e0fbe0e5e7993e7,2022-12-30,heading pages 21; configuration table first page 21,上海汽车集团股份有限公司,纯电动轿车,1,1,0,0
CSA7005DBEV5,推荐目录官方PDF,rec2022_12,/workspace/purchase_tax_audit/round3/technical/rec2022_12_original.pdf,dae8aac7e9ccbe9c046bc0be62323deddcb91e52ed3fb3202e0fbe0e5e7993e7,2022-12-30,heading pages 21; configuration table first page 21,上海汽车集团股份有限公司,纯电动轿车,1,1,0,0
CSA7005DSEV2,推荐目录官方PDF,rec2022_12,/workspace/purchase_tax_audit/round3/technical/rec2022_12_original.pdf,dae8aac7e9ccbe9c046bc0be62323deddcb91e52ed3fb3202e0fbe0e5e7993e7,2022-12-30,heading pages 21; configuration table first page 21,上海汽车集团股份有限公司,换电式纯电动轿车,1,1,0,0
CSA7005DSEV3,推荐目录官方PDF,rec2022_12,/workspace/purchase_tax_audit/round3/technical/rec2022_12_original.pdf,dae8aac7e9ccbe9c046bc0be62323deddcb91e52ed3fb3202e0fbe0e5e7993e7,2022-12-30,heading pages 21; configuration table first page 21,上海汽车集团股份有限公司,换电式纯电动轿车,1,1,0,0
THZ7000BEVS11M,推荐目录官方PDF,rec2022_12,/workspace/purchase_tax_audit/round3/technical/rec2022_12_original.pdf,dae8aac7e9ccbe9c046bc0be62323deddcb91e52ed3fb3202e0fbe0e5e7993e7,2022-12-30,heading pages 26; configuration table first page 26,合众新能源汽车有限公司,纯电动轿车,1,1,0,0
THZ7000BEVS361,推荐目录官方PDF,rec2022_12,/workspace/purchase_tax_audit/round3/technical/rec2022_12_original.pdf,dae8aac7e9ccbe9c046bc0be62323deddcb91e52ed3fb3202e0fbe0e5e7993e7,2022-12-30,heading pages 27; configuration table first page 27,合众新能源汽车有限公司,纯电动轿车,1,1,0,0
THZ7000BEVS362,推荐目录官方PDF,rec2022_12,/workspace/purchase_tax_audit/round3/technical/rec2022_12_original.pdf,dae8aac7e9ccbe9c046bc0be62323deddcb91e52ed3fb3202e0fbe0e5e7993e7,2022-12-30,heading pages 27; configuration table first page 27,合众新能源汽车有限公司,纯电动轿车,1,1,0,0
THZ7000BEVS363,推荐目录官方PDF,rec2022_12,/workspace/purchase_tax_audit/round3/technical/rec2022_12_original.pdf,dae8aac7e9ccbe9c046bc0be62323deddcb91e52ed3fb3202e0fbe0e5e7993e7,2022-12-30,heading pages 27; configuration table first page 27,合众新能源汽车有限公司,纯电动轿车,1,1,0,0
BAW6521MA51BEV,推荐目录官方PDF,rec2022_12,/workspace/purchase_tax_audit/round3/technical/rec2022_12_original.pdf,dae8aac7e9ccbe9c046bc0be62323deddcb91e52ed3fb3202e0fbe0e5e7993e7,2022-12-30,heading pages 45; configuration table first page 45,北京汽车制造厂有限公司,纯电动多用途乘用车,1,1,0,0
BRX6490DB5X0BEV,推荐目录官方PDF,rec2022_12,/workspace/purchase_tax_audit/round3/technical/rec2022_12_original.pdf,dae8aac7e9ccbe9c046bc0be62323deddcb91e52ed3fb3202e0fbe0e5e7993e7,2022-12-30,heading pages 45; configuration table first page 45,北汽瑞翔汽车有限公司,纯电动多用途乘用车,1,1,0,0
LTS6510H4BEV,推荐目录官方PDF,rec2022_12,/workspace/purchase_tax_audit/round3/technical/rec2022_12_original.pdf,dae8aac7e9ccbe9c046bc0be62323deddcb91e52ed3fb3202e0fbe0e5e7993e7,2022-12-30,heading pages 48; configuration table first page 48,浙江吉利汽车有限公司,纯电动多用途乘用车,1,1,0,0
LTS6510H4BEV,推荐目录官方PDF,rec2022_12,/workspace/purchase_tax_audit/round3/technical/rec2022_12_original.pdf,dae8aac7e9ccbe9c046bc0be62323deddcb91e52ed3fb3202e0fbe0e5e7993e7,2022-12-30,heading pages 48; configuration table first page 48,浙江吉利汽车有限公司,纯电动多用途乘用车,1,1,0,0
LTS6510H5BEV,推荐目录官方PDF,rec2022_12,/workspace/purchase_tax_audit/round3/technical/rec2022_12_original.pdf,dae8aac7e9ccbe9c046bc0be62323deddcb91e52ed3fb3202e0fbe0e5e7993e7,2022-12-30,heading pages 48; configuration table first page 48,浙江吉利汽车有限公司,纯电动多用途乘用车,1,1,0,0
LTS6510H5BEV,推荐目录官方PDF,rec2022_12,/workspace/purchase_tax_audit/round3/technical/rec2022_12_original.pdf,dae8aac7e9ccbe9c046bc0be62323deddcb91e52ed3fb3202e0fbe0e5e7993e7,2022-12-30,heading pages 48; configuration table first page 48,浙江吉利汽车有限公司,纯电动多用途乘用车,1,1,0,0
LTS6510H6BEV,推荐目录官方PDF,rec2022_12,/workspace/purchase_tax_audit/round3/technical/rec2022_12_original.pdf,dae8aac7e9ccbe9c046bc0be62323deddcb91e52ed3fb3202e0fbe0e5e7993e7,2022-12-30,heading pages 48; configuration table first page 48,浙江吉利汽车有限公司,纯电动多用途乘用车,1,1,0,0
LTS6510H6BEV,推荐目录官方PDF,rec2022_12,/workspace/purchase_tax_audit/round3/technical/rec2022_12_original.pdf,dae8aac7e9ccbe9c046bc0be62323deddcb91e52ed3fb3202e0fbe0e5e7993e7,2022-12-30,heading pages 48; configuration table first page 48,浙江吉利汽车有限公司,纯电动多用途乘用车,1,1,0,0
JNJ7000EVF4,推荐目录官方PDF,rec2022_12,/workspace/purchase_tax_audit/round3/technical/rec2022_12_original.pdf,dae8aac7e9ccbe9c046bc0be62323deddcb91e52ed3fb3202e0fbe0e5e7993e7,2022-12-30,heading pages 51; configuration table first page 51,湖南江南汽车制造有限公司,纯电动轿车,1,1,0,0
DFL7000NA69BEV,推荐目录官方PDF,rec2022_12,/workspace/purchase_tax_audit/round3/technical/rec2022_12_original.pdf,dae8aac7e9ccbe9c046bc0be62323deddcb91e52ed3fb3202e0fbe0e5e7993e7,2022-12-30,heading pages 58; configuration table first page 58,东风汽车有限公司,纯电动轿车,1,1,0,0
YQZ6520BEVHIPHI1A,推荐目录官方PDF,rec2022_12,/workspace/purchase_tax_audit/round3/technical/rec2022_12_original.pdf,dae8aac7e9ccbe9c046bc0be62323deddcb91e52ed3fb3202e0fbe0e5e7993e7,2022-12-30,heading pages 60; configuration table first page 60,江苏悦达起亚汽车有限公司,纯电动多用途乘用车,1,1,0,0
YQZ6520BEVHIPHI1A,推荐目录官方PDF,rec2022_12,/workspace/purchase_tax_audit/round3/technical/rec2022_12_original.pdf,dae8aac7e9ccbe9c046bc0be62323deddcb91e52ed3fb3202e0fbe0e5e7993e7,2022-12-30,heading pages 60; configuration table first page 60,江苏悦达起亚汽车有限公司,纯电动多用途乘用车,1,1,0,0
YQZ6520BEVHIPHI1A,推荐目录官方PDF,rec2022_12,/workspace/purchase_tax_audit/round3/technical/rec2022_12_original.pdf,dae8aac7e9ccbe9c046bc0be62323deddcb91e52ed3fb3202e0fbe0e5e7993e7,2022-12-30,heading pages 60; configuration table first page 60,江苏悦达起亚汽车有限公司,纯电动多用途乘用车,1,1,0,0
YQZ6520BEVHIPHI1A,推荐目录官方PDF,rec2022_12,/workspace/purchase_tax_audit/round3/technical/rec2022_12_original.pdf,dae8aac7e9ccbe9c046bc0be62323deddcb91e52ed3fb3202e0fbe0e5e7993e7,2022-12-30,heading pages 60; configuration table first page 60,江苏悦达起亚汽车有限公司,纯电动多用途乘用车,1,1,0,0
YQZ6520BEVHIPHI1A,推荐目录官方PDF,rec2022_12,/workspace/purchase_tax_audit/round3/technical/rec2022_12_original.pdf,dae8aac7e9ccbe9c046bc0be62323deddcb91e52ed3fb3202e0fbe0e5e7993e7,2022-12-30,heading pages 60; configuration table first page 60,江苏悦达起亚汽车有限公司,纯电动多用途乘用车,1,1,0,0
JL7001SEV02,推荐目录官方PDF,rec2022_12,/workspace/purchase_tax_audit/round3/technical/rec2022_12_original.pdf,dae8aac7e9ccbe9c046bc0be62323deddcb91e52ed3fb3202e0fbe0e5e7993e7,2022-12-30,heading pages 61; configuration table first page 61,浙江豪情汽车制造有限公司,换电式纯电动轿车,1,1,0,0
JL7001SEV02,推荐目录官方PDF,rec2022_12,/workspace/purchase_tax_audit/round3/technical/rec2022_12_original.pdf,dae8aac7e9ccbe9c046bc0be62323deddcb91e52ed3fb3202e0fbe0e5e7993e7,2022-12-30,heading pages 61; configuration table first page 61,浙江豪情汽车制造有限公司,换电式纯电动轿车,1,1,0,0
JL7001SEV02,推荐目录官方PDF,rec2022_12,/workspace/purchase_tax_audit/round3/technical/rec2022_12_original.pdf,dae8aac7e9ccbe9c046bc0be62323deddcb91e52ed3fb3202e0fbe0e5e7993e7,2022-12-30,heading pages 61; configuration table first page 61,浙江豪情汽车制造有限公司,换电式纯电动轿车,1,1,0,0
JL7001SEV02,推荐目录官方PDF,rec2022_12,/workspace/purchase_tax_audit/round3/technical/rec2022_12_original.pdf,dae8aac7e9ccbe9c046bc0be62323deddcb91e52ed3fb3202e0fbe0e5e7993e7,2022-12-30,heading pages 61; configuration table first page 61,浙江豪情汽车制造有限公司,换电式纯电动轿车,1,1,0,0
HFC6483ECSEV-W,推荐目录官方PDF,rec2022_12,/workspace/purchase_tax_audit/round3/technical/rec2022_12_original.pdf,dae8aac7e9ccbe9c046bc0be62323deddcb91e52ed3fb3202e0fbe0e5e7993e7,2022-12-30,heading pages 62; configuration table first page 62,安徽江淮汽车集团股份有限公司,换电式纯电动多用途乘用车,1,1,0,0
HFC6483ECSEV-W,推荐目录官方PDF,rec2022_12,/workspace/purchase_tax_audit/round3/technical/rec2022_12_original.pdf,dae8aac7e9ccbe9c046bc0be62323deddcb91e52ed3fb3202e0fbe0e5e7993e7,2022-12-30,heading pages 62; configuration table first page 62,安徽江淮汽车集团股份有限公司,换电式纯电动多用途乘用车,1,1,0,0
HFC6483ECSEV-W,推荐目录官方PDF,rec2022_12,/workspace/purchase_tax_audit/round3/technical/rec2022_12_original.pdf,dae8aac7e9ccbe9c046bc0be62323deddcb91e52ed3fb3202e0fbe0e5e7993e7,2022-12-30,heading pages 62; configuration table first page 62,安徽江淮汽车集团股份有限公司,换电式纯电动多用途乘用车,1,1,0,0
HFC6483ECSEV-W,推荐目录官方PDF,rec2022_12,/workspace/purchase_tax_audit/round3/technical/rec2022_12_original.pdf,dae8aac7e9ccbe9c046bc0be62323deddcb91e52ed3fb3202e0fbe0e5e7993e7,2022-12-30,heading pages 62; configuration table first page 62,安徽江淮汽车集团股份有限公司,换电式纯电动多用途乘用车,1,1,0,0
HFC6483ECSEV-W,推荐目录官方PDF,rec2022_12,/workspace/purchase_tax_audit/round3/technical/rec2022_12_original.pdf,dae8aac7e9ccbe9c046bc0be62323deddcb91e52ed3fb3202e0fbe0e5e7993e7,2022-12-30,heading pages 62; configuration table first page 62,安徽江淮汽车集团股份有限公司,换电式纯电动多用途乘用车,1,1,0,0
HFC6483ECSEV-W,推荐目录官方PDF,rec2022_12,/workspace/purchase_tax_audit/round3/technical/rec2022_12_original.pdf,dae8aac7e9ccbe9c046bc0be62323deddcb91e52ed3fb3202e0fbe0e5e7993e7,2022-12-30,heading pages 62; configuration table first page 62,安徽江淮汽车集团股份有限公司,换电式纯电动多用途乘用车,1,1,0,0
HFC6483ECSEV2-W,推荐目录官方PDF,rec2022_12,/workspace/purchase_tax_audit/round3/technical/rec2022_12_original.pdf,dae8aac7e9ccbe9c046bc0be62323deddcb91e52ed3fb3202e0fbe0e5e7993e7,2022-12-30,heading pages 62; configuration table first page 62,安徽江淮汽车集团股份有限公司,换电式纯电动多用途乘用车,1,1,0,0
HFC6483ECSEV2-W,推荐目录官方PDF,rec2022_12,/workspace/purchase_tax_audit/round3/technical/rec2022_12_original.pdf,dae8aac7e9ccbe9c046bc0be62323deddcb91e52ed3fb3202e0fbe0e5e7993e7,2022-12-30,heading pages 62; configuration table first page 62,安徽江淮汽车集团股份有限公司,换电式纯电动多用途乘用车,1,1,0,0
HFC6483ECSEV2-W,推荐目录官方PDF,rec2022_12,/workspace/purchase_tax_audit/round3/technical/rec2022_12_original.pdf,dae8aac7e9ccbe9c046bc0be62323deddcb91e52ed3fb3202e0fbe0e5e7993e7,2022-12-30,heading pages 62; configuration table first page 62,安徽江淮汽车集团股份有限公司,换电式纯电动多用途乘用车,1,1,0,0
HFC6483ECSEV2-W,推荐目录官方PDF,rec2022_12,/workspace/purchase_tax_audit/round3/technical/rec2022_12_original.pdf,dae8aac7e9ccbe9c046bc0be62323deddcb91e52ed3fb3202e0fbe0e5e7993e7,2022-12-30,heading pages 62; configuration table first page 62,安徽江淮汽车集团股份有限公司,换电式纯电动多用途乘用车,1,1,0,0
HFC6483ECSEV2-W,推荐目录官方PDF,rec2022_12,/workspace/purchase_tax_audit/round3/technical/rec2022_12_original.pdf,dae8aac7e9ccbe9c046bc0be62323deddcb91e52ed3fb3202e0fbe0e5e7993e7,2022-12-30,heading pages 62; configuration table first page 62,安徽江淮汽车集团股份有限公司,换电式纯电动多用途乘用车,1,1,0,0
HFC6483ECSEV2-W,推荐目录官方PDF,rec2022_12,/workspace/purchase_tax_audit/round3/technical/rec2022_12_original.pdf,dae8aac7e9ccbe9c046bc0be62323deddcb91e52ed3fb3202e0fbe0e5e7993e7,2022-12-30,heading pages 62; configuration table first page 62,安徽江淮汽车集团股份有限公司,换电式纯电动多用途乘用车,1,1,0,0
HFC6483ECSEV2-W,推荐目录官方PDF,rec2022_12,/workspace/purchase_tax_audit/round3/technical/rec2022_12_original.pdf,dae8aac7e9ccbe9c046bc0be62323deddcb91e52ed3fb3202e0fbe0e5e7993e7,2022-12-30,heading pages 62; configuration table first page 62,安徽江淮汽车集团股份有限公司,换电式纯电动多用途乘用车,1,1,0,0
HFC6483ECSEV6-W,推荐目录官方PDF,rec2022_12,/workspace/purchase_tax_audit/round3/technical/rec2022_12_original.pdf,dae8aac7e9ccbe9c046bc0be62323deddcb91e52ed3fb3202e0fbe0e5e7993e7,2022-12-30,heading pages 63; configuration table first page 63,安徽江淮汽车集团股份有限公司,换电式纯电动多用途乘用车,1,1,0,0
HFC6483ECSEV6-W,推荐目录官方PDF,rec2022_12,/workspace/purchase_tax_audit/round3/technical/rec2022_12_original.pdf,dae8aac7e9ccbe9c046bc0be62323deddcb91e52ed3fb3202e0fbe0e5e7993e7,2022-12-30,heading pages 63; configuration table first page 63,安徽江淮汽车集团股份有限公司,换电式纯电动多用途乘用车,1,1,0,0
HFC6483ECSEV6-W,推荐目录官方PDF,rec2022_12,/workspace/purchase_tax_audit/round3/technical/rec2022_12_original.pdf,dae8aac7e9ccbe9c046bc0be62323deddcb91e52ed3fb3202e0fbe0e5e7993e7,2022-12-30,heading pages 63; configuration table first page 63,安徽江淮汽车集团股份有限公司,换电式纯电动多用途乘用车,1,1,0,0
HFC6483ECSEV6-W,推荐目录官方PDF,rec2022_12,/workspace/purchase_tax_audit/round3/technical/rec2022_12_original.pdf,dae8aac7e9ccbe9c046bc0be62323deddcb91e52ed3fb3202e0fbe0e5e7993e7,2022-12-30,heading pages 63; configuration table first page 63,安徽江淮汽车集团股份有限公司,换电式纯电动多用途乘用车,1,1,0,0
HFC6483ECSEV6-W,推荐目录官方PDF,rec2022_12,/workspace/purchase_tax_audit/round3/technical/rec2022_12_original.pdf,dae8aac7e9ccbe9c046bc0be62323deddcb91e52ed3fb3202e0fbe0e5e7993e7,2022-12-30,heading pages 63; configuration table first page 63,安徽江淮汽车集团股份有限公司,换电式纯电动多用途乘用车,1,1,0,0
HFC6483ECSEV6-W,推荐目录官方PDF,rec2022_12,/workspace/purchase_tax_audit/round3/technical/rec2022_12_original.pdf,dae8aac7e9ccbe9c046bc0be62323deddcb91e52ed3fb3202e0fbe0e5e7993e7,2022-12-30,heading pages 63; configuration table first page 63,安徽江淮汽车集团股份有限公司,换电式纯电动多用途乘用车,1,1,0,0
HFC6494ECSEV1-W,推荐目录官方PDF,rec2022_12,/workspace/purchase_tax_audit/round3/technical/rec2022_12_original.pdf,dae8aac7e9ccbe9c046bc0be62323deddcb91e52ed3fb3202e0fbe0e5e7993e7,2022-12-30,heading pages 63; configuration table first page 63,安徽江淮汽车集团股份有限公司,换电式纯电动多用途乘用车,1,1,0,0
HFC6494ECSEV1-W,推荐目录官方PDF,rec2022_12,/workspace/purchase_tax_audit/round3/technical/rec2022_12_original.pdf,dae8aac7e9ccbe9c046bc0be62323deddcb91e52ed3fb3202e0fbe0e5e7993e7,2022-12-30,heading pages 63; configuration table first page 63,安徽江淮汽车集团股份有限公司,换电式纯电动多用途乘用车,1,1,0,0
HFC6494ECSEV1-W,推荐目录官方PDF,rec2022_12,/workspace/purchase_tax_audit/round3/technical/rec2022_12_original.pdf,dae8aac7e9ccbe9c046bc0be62323deddcb91e52ed3fb3202e0fbe0e5e7993e7,2022-12-30,heading pages 63; configuration table first page 63,安徽江淮汽车集团股份有限公司,换电式纯电动多用途乘用车,1,1,0,0
HFC6494ECSEV1-W,推荐目录官方PDF,rec2022_12,/workspace/purchase_tax_audit/round3/technical/rec2022_12_original.pdf,dae8aac7e9ccbe9c046bc0be62323deddcb91e52ed3fb3202e0fbe0e5e7993e7,2022-12-30,heading pages 63; configuration table first page 63,安徽江淮汽车集团股份有限公司,换电式纯电动多用途乘用车,1,1,0,0
HFC6494ECSEV1-W,推荐目录官方PDF,rec2022_12,/workspace/purchase_tax_audit/round3/technical/rec2022_12_original.pdf,dae8aac7e9ccbe9c046bc0be62323deddcb91e52ed3fb3202e0fbe0e5e7993e7,2022-12-30,heading pages 63; configuration table first page 63,安徽江淮汽车集团股份有限公司,换电式纯电动多用途乘用车,1,1,0,0
HFC6494ECSEV1-W,推荐目录官方PDF,rec2022_12,/workspace/purchase_tax_audit/round3/technical/rec2022_12_original.pdf,dae8aac7e9ccbe9c046bc0be62323deddcb91e52ed3fb3202e0fbe0e5e7993e7,2022-12-30,heading pages 63; configuration table first page 63,安徽江淮汽车集团股份有限公司,换电式纯电动多用途乘用车,1,1,0,0
HFC6494ECSEV1-W,推荐目录官方PDF,rec2022_12,/workspace/purchase_tax_audit/round3/technical/rec2022_12_original.pdf,dae8aac7e9ccbe9c046bc0be62323deddcb91e52ed3fb3202e0fbe0e5e7993e7,2022-12-30,heading pages 63; configuration table first page 63,安徽江淮汽车集团股份有限公司,换电式纯电动多用途乘用车,1,1,0,0
HFC6502ECSEV5-W,推荐目录官方PDF,rec2022_12,/workspace/purchase_tax_audit/round3/technical/rec2022_12_original.pdf,dae8aac7e9ccbe9c046bc0be62323deddcb91e52ed3fb3202e0fbe0e5e7993e7,2022-12-30,heading pages 63; configuration table first page 63,安徽江淮汽车集团股份有限公司,换电式纯电动多用途乘用车,1,1,0,0
HFC6502ECSEV5-W,推荐目录官方PDF,rec2022_12,/workspace/purchase_tax_audit/round3/technical/rec2022_12_original.pdf,dae8aac7e9ccbe9c046bc0be62323deddcb91e52ed3fb3202e0fbe0e5e7993e7,2022-12-30,heading pages 63; configuration table first page 63,安徽江淮汽车集团股份有限公司,换电式纯电动多用途乘用车,1,1,0,0
HFC6502ECSEV5-W,推荐目录官方PDF,rec2022_12,/workspace/purchase_tax_audit/round3/technical/rec2022_12_original.pdf,dae8aac7e9ccbe9c046bc0be62323deddcb91e52ed3fb3202e0fbe0e5e7993e7,2022-12-30,heading pages 63; configuration table first page 63,安徽江淮汽车集团股份有限公司,换电式纯电动多用途乘用车,1,1,0,0
HFC6502ECSEV5-W,推荐目录官方PDF,rec2022_12,/workspace/purchase_tax_audit/round3/technical/rec2022_12_original.pdf,dae8aac7e9ccbe9c046bc0be62323deddcb91e52ed3fb3202e0fbe0e5e7993e7,2022-12-30,heading pages 63; configuration table first page 63,安徽江淮汽车集团股份有限公司,换电式纯电动多用途乘用车,1,1,0,0
HFC7002CSEV1-W,推荐目录官方PDF,rec2022_12,/workspace/purchase_tax_audit/round3/technical/rec2022_12_original.pdf,dae8aac7e9ccbe9c046bc0be62323deddcb91e52ed3fb3202e0fbe0e5e7993e7,2022-12-30,heading pages 64; configuration table first page 64,安徽江淮汽车集团股份有限公司,换电式纯电动轿车,1,1,0,0
HFC7002CSEV1-W,推荐目录官方PDF,rec2022_12,/workspace/purchase_tax_audit/round3/technical/rec2022_12_original.pdf,dae8aac7e9ccbe9c046bc0be62323deddcb91e52ed3fb3202e0fbe0e5e7993e7,2022-12-30,heading pages 64; configuration table first page 64,安徽江淮汽车集团股份有限公司,换电式纯电动轿车,1,1,0,0
HFC7002CSEV1-W,推荐目录官方PDF,rec2022_12,/workspace/purchase_tax_audit/round3/technical/rec2022_12_original.pdf,dae8aac7e9ccbe9c046bc0be62323deddcb91e52ed3fb3202e0fbe0e5e7993e7,2022-12-30,heading pages 64; configuration table first page 64,安徽江淮汽车集团股份有限公司,换电式纯电动轿车,1,1,0,0
HFC7002CSEV1-W,推荐目录官方PDF,rec2022_12,/workspace/purchase_tax_audit/round3/technical/rec2022_12_original.pdf,dae8aac7e9ccbe9c046bc0be62323deddcb91e52ed3fb3202e0fbe0e5e7993e7,2022-12-30,heading pages 64; configuration table first page 64,安徽江淮汽车集团股份有限公司,换电式纯电动轿车,1,1,0,0
HFC7002CSEV1-W,推荐目录官方PDF,rec2022_12,/workspace/purchase_tax_audit/round3/technical/rec2022_12_original.pdf,dae8aac7e9ccbe9c046bc0be62323deddcb91e52ed3fb3202e0fbe0e5e7993e7,2022-12-30,heading pages 64; configuration table first page 64,安徽江淮汽车集团股份有限公司,换电式纯电动轿车,1,1,0,0
HFC7002CSEV1-W,推荐目录官方PDF,rec2022_12,/workspace/purchase_tax_audit/round3/technical/rec2022_12_original.pdf,dae8aac7e9ccbe9c046bc0be62323deddcb91e52ed3fb3202e0fbe0e5e7993e7,2022-12-30,heading pages 64; configuration table first page 64,安徽江淮汽车集团股份有限公司,换电式纯电动轿车,1,1,0,0
HFC7002CSEV1-W,推荐目录官方PDF,rec2022_12,/workspace/purchase_tax_audit/round3/technical/rec2022_12_original.pdf,dae8aac7e9ccbe9c046bc0be62323deddcb91e52ed3fb3202e0fbe0e5e7993e7,2022-12-30,heading pages 64; configuration table first page 64,安徽江淮汽车集团股份有限公司,换电式纯电动轿车,1,1,0,0
HFC7002CSEV1-W,推荐目录官方PDF,rec2022_12,/workspace/purchase_tax_audit/round3/technical/rec2022_12_original.pdf,dae8aac7e9ccbe9c046bc0be62323deddcb91e52ed3fb3202e0fbe0e5e7993e7,2022-12-30,heading pages 64; configuration table first page 64,安徽江淮汽车集团股份有限公司,换电式纯电动轿车,1,1,0,0
HFC7003CSEV1-W,推荐目录官方PDF,rec2022_12,/workspace/purchase_tax_audit/round3/technical/rec2022_12_original.pdf,dae8aac7e9ccbe9c046bc0be62323deddcb91e52ed3fb3202e0fbe0e5e7993e7,2022-12-30,heading pages 64; configuration table first page 64,安徽江淮汽车集团股份有限公司,换电式纯电动轿车,1,1,0,0
HFC7003CSEV1-W,推荐目录官方PDF,rec2022_12,/workspace/purchase_tax_audit/round3/technical/rec2022_12_original.pdf,dae8aac7e9ccbe9c046bc0be62323deddcb91e52ed3fb3202e0fbe0e5e7993e7,2022-12-30,heading pages 64; configuration table first page 64,安徽江淮汽车集团股份有限公司,换电式纯电动轿车,1,1,0,0
HFC7003CSEV1-W,推荐目录官方PDF,rec2022_12,/workspace/purchase_tax_audit/round3/technical/rec2022_12_original.pdf,dae8aac7e9ccbe9c046bc0be62323deddcb91e52ed3fb3202e0fbe0e5e7993e7,2022-12-30,heading pages 64; configuration table first page 64,安徽江淮汽车集团股份有限公司,换电式纯电动轿车,1,1,0,0
HFC7003CSEV1-W,推荐目录官方PDF,rec2022_12,/workspace/purchase_tax_audit/round3/technical/rec2022_12_original.pdf,dae8aac7e9ccbe9c046bc0be62323deddcb91e52ed3fb3202e0fbe0e5e7993e7,2022-12-30,heading pages 64; configuration table first page 64,安徽江淮汽车集团股份有限公司,换电式纯电动轿车,1,1,0,0
HFC7003CSEV1-W,推荐目录官方PDF,rec2022_12,/workspace/purchase_tax_audit/round3/technical/rec2022_12_original.pdf,dae8aac7e9ccbe9c046bc0be62323deddcb91e52ed3fb3202e0fbe0e5e7993e7,2022-12-30,heading pages 64; configuration table first page 64,安徽江淮汽车集团股份有限公司,换电式纯电动轿车,1,1,0,0
HFC7003CSEV1-W,推荐目录官方PDF,rec2022_12,/workspace/purchase_tax_audit/round3/technical/rec2022_12_original.pdf,dae8aac7e9ccbe9c046bc0be62323deddcb91e52ed3fb3202e0fbe0e5e7993e7,2022-12-30,heading pages 64; configuration table first page 64,安徽江淮汽车集团股份有限公司,换电式纯电动轿车,1,1,0,0
HFC7003CSEV1-W,推荐目录官方PDF,rec2022_12,/workspace/purchase_tax_audit/round3/technical/rec2022_12_original.pdf,dae8aac7e9ccbe9c046bc0be62323deddcb91e52ed3fb3202e0fbe0e5e7993e7,2022-12-30,heading pages 64; configuration table first page 64,安徽江淮汽车集团股份有限公司,换电式纯电动轿车,1,1,0,0
BYD7004BEV6,推荐目录官方PDF,rec2022_12,/workspace/purchase_tax_audit/round3/technical/rec2022_12_original.pdf,dae8aac7e9ccbe9c046bc0be62323deddcb91e52ed3fb3202e0fbe0e5e7993e7,2022-12-30,heading pages 66; configuration table first page 66,比亚迪汽车工业有限公司,纯电动轿车,1,1,0,0
BYD7004BEV7,推荐目录官方PDF,rec2022_12,/workspace/purchase_tax_audit/round3/technical/rec2022_12_original.pdf,dae8aac7e9ccbe9c046bc0be62323deddcb91e52ed3fb3202e0fbe0e5e7993e7,2022-12-30,heading pages 66; configuration table first page 66,比亚迪汽车工业有限公司,纯电动轿车,1,1,0,0
CSA7005DBEV2,推荐目录官方PDF,rec2022_12,/workspace/purchase_tax_audit/round3/technical/rec2022_12_original.pdf,dae8aac7e9ccbe9c046bc0be62323deddcb91e52ed3fb3202e0fbe0e5e7993e7,2022-12-30,heading pages 69; configuration table first page 69,上海汽车集团股份有限公司,纯电动轿车,1,1,0,0
CSA7005DBEV2,推荐目录官方PDF,rec2022_12,/workspace/purchase_tax_audit/round3/technical/rec2022_12_original.pdf,dae8aac7e9ccbe9c046bc0be62323deddcb91e52ed3fb3202e0fbe0e5e7993e7,2022-12-30,heading pages 69; configuration table first page 69,上海汽车集团股份有限公司,纯电动轿车,1,1,0,0
CSA7005DBEV3,推荐目录官方PDF,rec2022_12,/workspace/purchase_tax_audit/round3/technical/rec2022_12_original.pdf,dae8aac7e9ccbe9c046bc0be62323deddcb91e52ed3fb3202e0fbe0e5e7993e7,2022-12-30,heading pages 69; configuration table first page 69,上海汽车集团股份有限公司,纯电动轿车,1,1,0,0
CSA7005DBEV3,推荐目录官方PDF,rec2022_12,/workspace/purchase_tax_audit/round3/technical/rec2022_12_original.pdf,dae8aac7e9ccbe9c046bc0be62323deddcb91e52ed3fb3202e0fbe0e5e7993e7,2022-12-30,heading pages 69; configuration table first page 69,上海汽车集团股份有限公司,纯电动轿车,1,1,0,0
CSA7005DSEV1,推荐目录官方PDF,rec2022_12,/workspace/purchase_tax_audit/round3/technical/rec2022_12_original.pdf,dae8aac7e9ccbe9c046bc0be62323deddcb91e52ed3fb3202e0fbe0e5e7993e7,2022-12-30,heading pages 69; configuration table first page 69,上海汽车集团股份有限公司,换电式纯电动轿车,1,1,0,0
CSA7005DSEV1,推荐目录官方PDF,rec2022_12,/workspace/purchase_tax_audit/round3/technical/rec2022_12_original.pdf,dae8aac7e9ccbe9c046bc0be62323deddcb91e52ed3fb3202e0fbe0e5e7993e7,2022-12-30,heading pages 69; configuration table first page 69,上海汽车集团股份有限公司,换电式纯电动轿车,1,1,0,0
CSA7005DSEV1,推荐目录官方PDF,rec2022_12,/workspace/purchase_tax_audit/round3/technical/rec2022_12_original.pdf,dae8aac7e9ccbe9c046bc0be62323deddcb91e52ed3fb3202e0fbe0e5e7993e7,2022-12-30,heading pages 69; configuration table first page 69,上海汽车集团股份有限公司,换电式纯电动轿车,1,1,0,0
CSA7005DSEV1,推荐目录官方PDF,rec2022_12,/workspace/purchase_tax_audit/round3/technical/rec2022_12_original.pdf,dae8aac7e9ccbe9c046bc0be62323deddcb91e52ed3fb3202e0fbe0e5e7993e7,2022-12-30,heading pages 69; configuration table first page 69,上海汽车集团股份有限公司,换电式纯电动轿车,1,1,0,0
JX7001ERABEV,推荐目录官方PDF,rec2022_12,/workspace/purchase_tax_audit/round3/technical/rec2022_12_original.pdf,dae8aac7e9ccbe9c046bc0be62323deddcb91e52ed3fb3202e0fbe0e5e7993e7,2022-12-30,heading pages 70; configuration table first page 70,江西江铃集团新能源汽车有限公司,纯电动轿车,1,1,0,0
NEQ6460BEVS61D,推荐目录官方PDF,rec2022_12,/workspace/purchase_tax_audit/round3/technical/rec2022_12_original.pdf,dae8aac7e9ccbe9c046bc0be62323deddcb91e52ed3fb3202e0fbe0e5e7993e7,2022-12-30,heading pages 72; configuration table first page 72,奇瑞新能源汽车股份有限公司,纯电动多用途乘用车,1,1,0,0
NEQ6460BEVS61E,推荐目录官方PDF,rec2022_12,/workspace/purchase_tax_audit/round3/technical/rec2022_12_original.pdf,dae8aac7e9ccbe9c046bc0be62323deddcb91e52ed3fb3202e0fbe0e5e7993e7,2022-12-30,heading pages 72; configuration table first page 72,奇瑞新能源汽车股份有限公司,纯电动多用途乘用车,1,1,0,0
NEQ7000BEVJ60E,推荐目录官方PDF,rec2022_12,/workspace/purchase_tax_audit/round3/technical/rec2022_12_original.pdf,dae8aac7e9ccbe9c046bc0be62323deddcb91e52ed3fb3202e0fbe0e5e7993e7,2022-12-30,heading pages 73; configuration table first page 73,奇瑞新能源汽车股份有限公司,纯电动轿车,1,1,0,0
NEQ7000BEVJ721,推荐目录官方PDF,rec2022_12,/workspace/purchase_tax_audit/round3/technical/rec2022_12_original.pdf,dae8aac7e9ccbe9c046bc0be62323deddcb91e52ed3fb3202e0fbe0e5e7993e7,2022-12-30,heading pages 73; configuration table first page 73,奇瑞新能源汽车股份有限公司,纯电动轿车,1,1,0,0
NEQ7000BEVJ721,推荐目录官方PDF,rec2022_12,/workspace/purchase_tax_audit/round3/technical/rec2022_12_original.pdf,dae8aac7e9ccbe9c046bc0be62323deddcb91e52ed3fb3202e0fbe0e5e7993e7,2022-12-30,heading pages 73; configuration table first page 73,奇瑞新能源汽车股份有限公司,纯电动轿车,1,1,0,0
NEQ7000BEVJ72U,推荐目录官方PDF,rec2022_12,/workspace/purchase_tax_audit/round3/technical/rec2022_12_original.pdf,dae8aac7e9ccbe9c046bc0be62323deddcb91e52ed3fb3202e0fbe0e5e7993e7,2022-12-30,heading pages 73; configuration table first page 73,奇瑞新能源汽车股份有限公司,纯电动轿车,1,1,0,0
NEQ7000BEVJ72W,推荐目录官方PDF,rec2022_12,/workspace/purchase_tax_audit/round3/technical/rec2022_12_original.pdf,dae8aac7e9ccbe9c046bc0be62323deddcb91e52ed3fb3202e0fbe0e5e7993e7,2022-12-30,heading pages 73; configuration table first page 73,奇瑞新能源汽车股份有限公司,纯电动轿车,1,1,0,0
FV6494AA1BEV,推荐目录官方PDF,rec2022_12,/workspace/purchase_tax_audit/round3/technical/rec2022_12_original.pdf,dae8aac7e9ccbe9c046bc0be62323deddcb91e52ed3fb3202e0fbe0e5e7993e7,2022-12-30,heading pages 77; configuration table first page 77,一汽-大众汽车有限公司,纯电动多用途乘用车,1,1,0,0
BAW7000UB44BEV,推荐目录官方PDF,rec2022_12,/workspace/purchase_tax_audit/round3/technical/rec2022_12_original.pdf,dae8aac7e9ccbe9c046bc0be62323deddcb91e52ed3fb3202e0fbe0e5e7993e7,2022-12-30,heading pages 78; configuration table first page 78,北京汽车制造厂有限公司,纯电动轿车,1,1,0,0
BAW7000UB44BEV,推荐目录官方PDF,rec2022_12,/workspace/purchase_tax_audit/round3/technical/rec2022_12_original.pdf,dae8aac7e9ccbe9c046bc0be62323deddcb91e52ed3fb3202e0fbe0e5e7993e7,2022-12-30,heading pages 78; configuration table first page 78,北京汽车制造厂有限公司,纯电动轿车,1,1,0,0
BAW7000UL47BEV,推荐目录官方PDF,rec2022_12,/workspace/purchase_tax_audit/round3/technical/rec2022_12_original.pdf,dae8aac7e9ccbe9c046bc0be62323deddcb91e52ed3fb3202e0fbe0e5e7993e7,2022-12-30,heading pages 78; configuration table first page 78,北京汽车制造厂有限公司,纯电动轿车,1,1,0,0
BAW7000UL47BEV,推荐目录官方PDF,rec2022_12,/workspace/purchase_tax_audit/round3/technical/rec2022_12_original.pdf,dae8aac7e9ccbe9c046bc0be62323deddcb91e52ed3fb3202e0fbe0e5e7993e7,2022-12-30,heading pages 78; configuration table first page 78,北京汽车制造厂有限公司,纯电动轿车,1,1,0,0
BAW7000UL47BEV,推荐目录官方PDF,rec2022_12,/workspace/purchase_tax_audit/round3/technical/rec2022_12_original.pdf,dae8aac7e9ccbe9c046bc0be62323deddcb91e52ed3fb3202e0fbe0e5e7993e7,2022-12-30,heading pages 78; configuration table first page 78,北京汽车制造厂有限公司,纯电动轿车,1,1,0,0
BAW7000UL47BEV,推荐目录官方PDF,rec2022_12,/workspace/purchase_tax_audit/round3/technical/rec2022_12_original.pdf,dae8aac7e9ccbe9c046bc0be62323deddcb91e52ed3fb3202e0fbe0e5e7993e7,2022-12-30,heading pages 78; configuration table first page 78,北京汽车制造厂有限公司,纯电动轿车,1,1,0,0
BAW7000UL47BEV,推荐目录官方PDF,rec2022_12,/workspace/purchase_tax_audit/round3/technical/rec2022_12_original.pdf,dae8aac7e9ccbe9c046bc0be62323deddcb91e52ed3fb3202e0fbe0e5e7993e7,2022-12-30,heading pages 78; configuration table first page 78,北京汽车制造厂有限公司,纯电动轿车,1,1,0,0
BAW7000UL47BEV,推荐目录官方PDF,rec2022_12,/workspace/purchase_tax_audit/round3/technical/rec2022_12_original.pdf,dae8aac7e9ccbe9c046bc0be62323deddcb91e52ed3fb3202e0fbe0e5e7993e7,2022-12-30,heading pages 78; configuration table first page 78,北京汽车制造厂有限公司,纯电动轿车,1,1,0,0
BJ7003NBEV1,推荐目录官方PDF,rec2022_12,/workspace/purchase_tax_audit/round3/technical/rec2022_12_original.pdf,dae8aac7e9ccbe9c046bc0be62323deddcb91e52ed3fb3202e0fbe0e5e7993e7,2022-12-30,heading pages 78; configuration table first page 78,北京奔驰汽车有限公司,纯电动轿车,1,1,0,0
BJ7003NBEV1,推荐目录官方PDF,rec2022_12,/workspace/purchase_tax_audit/round3/technical/rec2022_12_original.pdf,dae8aac7e9ccbe9c046bc0be62323deddcb91e52ed3fb3202e0fbe0e5e7993e7,2022-12-30,heading pages 78; configuration table first page 78,北京奔驰汽车有限公司,纯电动轿车,1,1,0,0
BJ7003NBEV2,推荐目录官方PDF,rec2022_12,/workspace/purchase_tax_audit/round3/technical/rec2022_12_original.pdf,dae8aac7e9ccbe9c046bc0be62323deddcb91e52ed3fb3202e0fbe0e5e7993e7,2022-12-30,heading pages 79; configuration table first page 79,北京奔驰汽车有限公司,纯电动轿车,1,1,0,0
BJ7003NBEV2,推荐目录官方PDF,rec2022_12,/workspace/purchase_tax_audit/round3/technical/rec2022_12_original.pdf,dae8aac7e9ccbe9c046bc0be62323deddcb91e52ed3fb3202e0fbe0e5e7993e7,2022-12-30,heading pages 79; configuration table first page 79,北京奔驰汽车有限公司,纯电动轿车,1,1,0,0
QTE7000BEV02,推荐目录官方PDF,rec2022_12,/workspace/purchase_tax_audit/round3/technical/rec2022_12_original.pdf,dae8aac7e9ccbe9c046bc0be62323deddcb91e52ed3fb3202e0fbe0e5e7993e7,2022-12-30,heading pages 82; configuration table first page 82,前途汽车(苏州)有限公司,纯电动轿车,1,1,0,0
NEQ7000BEVJH11G,推荐目录官方PDF,rec2022_12,/workspace/purchase_tax_audit/round3/technical/rec2022_12_original.pdf,dae8aac7e9ccbe9c046bc0be62323deddcb91e52ed3fb3202e0fbe0e5e7993e7,2022-12-30,heading pages 83; configuration table first page 83,奇瑞新能源汽车股份有限公司,纯电动轿车,1,1,0,0
DFL7000NA63BEV,推荐目录官方PDF,rec2020_04,/workspace/purchase_tax_audit/round3/technical/rec2020_04_original.pdf,ec5b42f7c8cdcea71f0fdecdee67b8d4a161f2389527f41ee3e4ed431cbd2736,2020-04-01,heading pages 1; configuration table first page 1,东风汽车有限公司,纯电动轿车,1,1,0,0
BJ7000C5DB-BEV,推荐目录官方PDF,rec2020_04,/workspace/purchase_tax_audit/round3/technical/rec2020_04_original.pdf,ec5b42f7c8cdcea71f0fdecdee67b8d4a161f2389527f41ee3e4ed431cbd2736,2020-04-01,heading pages 2; configuration table first page 2,北京汽车股份有限公司,纯电动轿车,1,1,0,0
SZS6460A33BEV,推荐目录官方PDF,rec2020_04,/workspace/purchase_tax_audit/round3/technical/rec2020_04_original.pdf,ec5b42f7c8cdcea71f0fdecdee67b8d4a161f2389527f41ee3e4ed431cbd2736,2020-04-01,heading pages 3; configuration table first page 3,威马汽车制造温州有限公司,纯电动多用 途乘用车,1,1,0,0
SZS6480A08BEV,推荐目录官方PDF,rec2020_04,/workspace/purchase_tax_audit/round3/technical/rec2020_04_original.pdf,ec5b42f7c8cdcea71f0fdecdee67b8d4a161f2389527f41ee3e4ed431cbd2736,2020-04-01,heading pages 3; configuration table first page 3,威马汽车制造温州有限公司,纯电动多用 途乘用车,1,1,0,0
BYD7002BEV7,推荐目录官方PDF,rec2020_04,/workspace/purchase_tax_audit/round3/technical/rec2020_04_original.pdf,ec5b42f7c8cdcea71f0fdecdee67b8d4a161f2389527f41ee3e4ed431cbd2736,2020-04-01,heading pages 15; configuration table first page 15,比亚迪汽车工业有限公司,纯电动轿车,1,1,0,0
BYD7009BEV2,推荐目录官方PDF,rec2020_04,/workspace/purchase_tax_audit/round3/technical/rec2020_04_original.pdf,ec5b42f7c8cdcea71f0fdecdee67b8d4a161f2389527f41ee3e4ed431cbd2736,2020-04-01,heading pages 15; configuration table first page 15,比亚迪汽车工业有限公司,纯电动轿车,1,1,0,0
GAM6460BEVC0E,推荐目录官方PDF,rec2020_04,/workspace/purchase_tax_audit/round3/technical/rec2020_04_original.pdf,ec5b42f7c8cdcea71f0fdecdee67b8d4a161f2389527f41ee3e4ed431cbd2736,2020-04-01,heading pages 17; configuration table first page 17,广汽乘用车有限公司,纯电动多用 途乘用车,1,1,0,0
GAM6460BEVC0F,推荐目录官方PDF,rec2020_04,/workspace/purchase_tax_audit/round3/technical/rec2020_04_original.pdf,ec5b42f7c8cdcea71f0fdecdee67b8d4a161f2389527f41ee3e4ed431cbd2736,2020-04-01,heading pages 18; configuration table first page 18,广汽乘用车有限公司,纯电动多用 途乘用车,1,1,0,0
GAM7000BEVA0L,推荐目录官方PDF,rec2020_04,/workspace/purchase_tax_audit/round3/technical/rec2020_04_original.pdf,ec5b42f7c8cdcea71f0fdecdee67b8d4a161f2389527f41ee3e4ed431cbd2736,2020-04-01,heading pages 18; configuration table first page 18,广汽乘用车有限公司,纯电动轿 车,1,1,0,0
CSA6471FBEV3,推荐目录官方PDF,rec2020_04,/workspace/purchase_tax_audit/round3/technical/rec2020_04_original.pdf,ec5b42f7c8cdcea71f0fdecdee67b8d4a161f2389527f41ee3e4ed431cbd2736,2020-04-01,heading pages 23; configuration table first page 23,上海汽车集团股份有限公司,纯电动多用途乘用 车,1,1,0,0
CSA7002FBEV7,推荐目录官方PDF,rec2020_04,/workspace/purchase_tax_audit/round3/technical/rec2020_04_original.pdf,ec5b42f7c8cdcea71f0fdecdee67b8d4a161f2389527f41ee3e4ed431cbd2736,2020-04-01,heading pages 23; configuration table first page 23,上海汽车集团股份有限公司,纯电动轿车,1,1,0,0
BAW7000UB42BEV,推荐目录官方PDF,rec2020_04,/workspace/purchase_tax_audit/round3/technical/rec2020_04_original.pdf,ec5b42f7c8cdcea71f0fdecdee67b8d4a161f2389527f41ee3e4ed431cbd2736,2020-04-01,heading pages 45; configuration table first page 45,北京汽车制造厂有限公司,纯电动轿车,1,1,0,0
LZW7004EVJDAG,推荐目录官方PDF,rec2020_04,/workspace/purchase_tax_audit/round3/technical/rec2020_04_original.pdf,ec5b42f7c8cdcea71f0fdecdee67b8d4a161f2389527f41ee3e4ed431cbd2736,2020-04-01,heading pages 47; configuration table first page 47,上汽通用五菱汽车股份有限公司,纯电动轿车,1,1,0,0
LZW7004EVJDAG,推荐目录官方PDF,rec2020_04,/workspace/purchase_tax_audit/round3/technical/rec2020_04_original.pdf,ec5b42f7c8cdcea71f0fdecdee67b8d4a161f2389527f41ee3e4ed431cbd2736,2020-04-01,heading pages 47; configuration table first page 47,上汽通用五菱汽车股份有限公司,纯电动轿车,1,1,0,0
LZW7004EVJDJ,推荐目录官方PDF,rec2020_04,/workspace/purchase_tax_audit/round3/technical/rec2020_04_original.pdf,ec5b42f7c8cdcea71f0fdecdee67b8d4a161f2389527f41ee3e4ed431cbd2736,2020-04-01,heading pages 47; configuration table first page 47,上汽通用五菱汽车股份有限公司,纯电动轿车,1,1,0,0
LZW7004EVJDJ,推荐目录官方PDF,rec2020_04,/workspace/purchase_tax_audit/round3/technical/rec2020_04_original.pdf,ec5b42f7c8cdcea71f0fdecdee67b8d4a161f2389527f41ee3e4ed431cbd2736,2020-04-01,heading pages 47; configuration table first page 47,上汽通用五菱汽车股份有限公司,纯电动轿车,1,1,0,0
TV7001BEV,推荐目录官方PDF,rec2020_04,/workspace/purchase_tax_audit/round3/technical/rec2020_04_original.pdf,ec5b42f7c8cdcea71f0fdecdee67b8d4a161f2389527f41ee3e4ed431cbd2736,2020-04-01,heading pages 54; configuration table first page 54,天津一汽丰田汽车有限公司,纯电动轿 车,1,1,0,0
TV7001BEV,推荐目录官方PDF,rec2020_04,/workspace/purchase_tax_audit/round3/technical/rec2020_04_original.pdf,ec5b42f7c8cdcea71f0fdecdee67b8d4a161f2389527f41ee3e4ed431cbd2736,2020-04-01,heading pages 54; configuration table first page 54,天津一汽丰田汽车有限公司,纯电动轿 车,1,1,0,0
GTM7000XBEV,推荐目录官方PDF,rec2020_04,/workspace/purchase_tax_audit/round3/technical/rec2020_04_original.pdf,ec5b42f7c8cdcea71f0fdecdee67b8d4a161f2389527f41ee3e4ed431cbd2736,2020-04-01,heading pages 55; configuration table first page 55,广汽丰田汽车有限公司,纯电动轿 车,1,1,0,0
GTM7000XBEV,推荐目录官方PDF,rec2020_04,/workspace/purchase_tax_audit/round3/technical/rec2020_04_original.pdf,ec5b42f7c8cdcea71f0fdecdee67b8d4a161f2389527f41ee3e4ed431cbd2736,2020-04-01,heading pages 55; configuration table first page 55,广汽丰田汽车有限公司,纯电动轿 车,1,1,0,0
LZ7004SLAEV,推荐目录官方PDF,rec2020_04,/workspace/purchase_tax_audit/round3/technical/rec2020_04_original.pdf,ec5b42f7c8cdcea71f0fdecdee67b8d4a161f2389527f41ee3e4ed431cbd2736,2020-04-01,heading pages 56; configuration table first page 56,东风柳州汽车有限公司,纯电动轿车,1,1,0,0
CSA7001KBEV2,推荐目录官方PDF,rec2020_04,/workspace/purchase_tax_audit/round3/technical/rec2020_04_original.pdf,ec5b42f7c8cdcea71f0fdecdee67b8d4a161f2389527f41ee3e4ed431cbd2736,2020-04-01,heading pages 57; configuration table first page 57,上海汽车集团股份有限公司,纯电动轿 车,1,1,0,0
CSA7001KBEV2,推荐目录官方PDF,rec2020_04,/workspace/purchase_tax_audit/round3/technical/rec2020_04_original.pdf,ec5b42f7c8cdcea71f0fdecdee67b8d4a161f2389527f41ee3e4ed431cbd2736,2020-04-01,heading pages 57; configuration table first page 57,上海汽车集团股份有限公司,纯电动轿 车,1,1,0,0
CSA7001KBEV1,推荐目录官方PDF,rec2020_04,/workspace/purchase_tax_audit/round3/technical/rec2020_04_original.pdf,ec5b42f7c8cdcea71f0fdecdee67b8d4a161f2389527f41ee3e4ed431cbd2736,2020-04-01,heading pages 57; configuration table first page 57,上海汽车集团股份有限公司,纯电动轿 车,1,1,0,0
CSA7001KBEV1,推荐目录官方PDF,rec2020_04,/workspace/purchase_tax_audit/round3/technical/rec2020_04_original.pdf,ec5b42f7c8cdcea71f0fdecdee67b8d4a161f2389527f41ee3e4ed431cbd2736,2020-04-01,heading pages 57; configuration table first page 57,上海汽车集团股份有限公司,纯电动轿 车,1,1,0,0
DFL6460NAU1BEV,推荐目录官方PDF,rec2022_04,/workspace/purchase_tax_audit/round3/technical/rec2022_04_original.pdf,022b14b038c2f782fc35988b08756c262187f1dccaeccd65edef82af8566a4d2,2022-05-12,heading pages 1; configuration table first page 1,东风汽车有限公司,纯电动多用途乘用车,1,1,0,0
DFL6460NAU2BEV,推荐目录官方PDF,rec2022_04,/workspace/purchase_tax_audit/round3/technical/rec2022_04_original.pdf,022b14b038c2f782fc35988b08756c262187f1dccaeccd65edef82af8566a4d2,2022-05-12,heading pages 1; configuration table first page 1,东风汽车有限公司,纯电动多用途乘用车,1,1,0,0
DFL6460NEU1BEV,推荐目录官方PDF,rec2022_04,/workspace/purchase_tax_audit/round3/technical/rec2022_04_original.pdf,022b14b038c2f782fc35988b08756c262187f1dccaeccd65edef82af8566a4d2,2022-05-12,heading pages 1; configuration table first page 1,东风汽车有限公司,纯电动多用途乘用车,1,1,0,0
DXK6460HF4BEV,推荐目录官方PDF,rec2022_04,/workspace/purchase_tax_audit/round3/technical/rec2022_04_original.pdf,022b14b038c2f782fc35988b08756c262187f1dccaeccd65edef82af8566a4d2,2022-05-12,heading pages 6; configuration table first page 6,东风小康汽车有限公司,纯电动多用途乘用车,1,1,0,0
DFM7002G1F8BEV,推荐目录官方PDF,rec2022_04,/workspace/purchase_tax_audit/round3/technical/rec2022_04_original.pdf,022b14b038c2f782fc35988b08756c262187f1dccaeccd65edef82af8566a4d2,2022-05-12,heading pages 6; configuration table first page 6,东风汽车集团有限公司,纯电动轿车,1,1,0,0
DFM7002G1F9BEV,推荐目录官方PDF,rec2022_04,/workspace/purchase_tax_audit/round3/technical/rec2022_04_original.pdf,022b14b038c2f782fc35988b08756c262187f1dccaeccd65edef82af8566a4d2,2022-05-12,heading pages 7; configuration table first page 7,东风汽车集团有限公司,纯电动轿车,1,1,0,0
DFM7002G1FABEV,推荐目录官方PDF,rec2022_04,/workspace/purchase_tax_audit/round3/technical/rec2022_04_original.pdf,022b14b038c2f782fc35988b08756c262187f1dccaeccd65edef82af8566a4d2,2022-05-12,heading pages 7; configuration table first page 7,东风汽车集团有限公司,纯电动轿车,1,1,0,0
CC6470CA22ABEV,推荐目录官方PDF,rec2022_04,/workspace/purchase_tax_audit/round3/technical/rec2022_04_original.pdf,022b14b038c2f782fc35988b08756c262187f1dccaeccd65edef82af8566a4d2,2022-05-12,heading pages 9; configuration table first page 9,长城汽车股份有限公司,纯电动多用途乘用车,1,1,0,0
CC7000BJ01JBEV,推荐目录官方PDF,rec2022_04,/workspace/purchase_tax_audit/round3/technical/rec2022_04_original.pdf,022b14b038c2f782fc35988b08756c262187f1dccaeccd65edef82af8566a4d2,2022-05-12,heading pages 9; configuration table first page 9,长城汽车股份有限公司,纯电动轿车,1,1,0,0
CC7000CG00FBEV,推荐目录官方PDF,rec2022_04,/workspace/purchase_tax_audit/round3/technical/rec2022_04_original.pdf,022b14b038c2f782fc35988b08756c262187f1dccaeccd65edef82af8566a4d2,2022-05-12,heading pages 9; configuration table first page 9,长城汽车股份有限公司,纯电动轿车,1,1,0,0
FZ6480BEV13,推荐目录官方PDF,rec2022_04,/workspace/purchase_tax_audit/round3/technical/rec2022_04_original.pdf,022b14b038c2f782fc35988b08756c262187f1dccaeccd65edef82af8566a4d2,2022-05-12,heading pages 14; configuration table first page 14,零跑汽车有限公司,纯电动多用途乘用车,1,1,0,0
BYD7009BEV8,推荐目录官方PDF,rec2022_04,/workspace/purchase_tax_audit/round3/technical/rec2022_04_original.pdf,022b14b038c2f782fc35988b08756c262187f1dccaeccd65edef82af8566a4d2,2022-05-12,heading pages 19; configuration table first page 19,比亚迪汽车工业有限公司,纯电动轿车,1,1,0,0
GTM6470BFBEV,推荐目录官方PDF,rec2022_04,/workspace/purchase_tax_audit/round3/technical/rec2022_04_original.pdf,022b14b038c2f782fc35988b08756c262187f1dccaeccd65edef82af8566a4d2,2022-05-12,heading pages 21; configuration table first page 21,广汽丰田汽车有限公司,纯电动多用途乘用车,1,1,0,0
GTM6470BFBEV,推荐目录官方PDF,rec2022_04,/workspace/purchase_tax_audit/round3/technical/rec2022_04_original.pdf,022b14b038c2f782fc35988b08756c262187f1dccaeccd65edef82af8566a4d2,2022-05-12,heading pages 21; configuration table first page 21,广汽丰田汽车有限公司,纯电动多用途乘用车,1,1,0,0
GTM6470BFEBEV,推荐目录官方PDF,rec2022_04,/workspace/purchase_tax_audit/round3/technical/rec2022_04_original.pdf,022b14b038c2f782fc35988b08756c262187f1dccaeccd65edef82af8566a4d2,2022-05-12,heading pages 21;65; configuration table first page 21,广汽丰田汽车有限公司,纯电动多用途乘用车,1,1,0,0
GTM6470BWBEV,推荐目录官方PDF,rec2022_04,/workspace/purchase_tax_audit/round3/technical/rec2022_04_original.pdf,022b14b038c2f782fc35988b08756c262187f1dccaeccd65edef82af8566a4d2,2022-05-12,heading pages 22; configuration table first page 22,广汽丰田汽车有限公司,纯电动多用途乘用车,1,1,0,0
GTM6470BWBEV,推荐目录官方PDF,rec2022_04,/workspace/purchase_tax_audit/round3/technical/rec2022_04_original.pdf,022b14b038c2f782fc35988b08756c262187f1dccaeccd65edef82af8566a4d2,2022-05-12,heading pages 22; configuration table first page 22,广汽丰田汽车有限公司,纯电动多用途乘用车,1,1,0,0
GAH6460BEVS0A,推荐目录官方PDF,rec2022_04,/workspace/purchase_tax_audit/round3/technical/rec2022_04_original.pdf,022b14b038c2f782fc35988b08756c262187f1dccaeccd65edef82af8566a4d2,2022-05-12,heading pages 22; configuration table first page 22,广汽乘用车(杭州)有限公司,纯电动多用途乘用车,1,1,0,0
GAH6460BEVS0B,推荐目录官方PDF,rec2022_04,/workspace/purchase_tax_audit/round3/technical/rec2022_04_original.pdf,022b14b038c2f782fc35988b08756c262187f1dccaeccd65edef82af8566a4d2,2022-05-12,heading pages 22; configuration table first page 22,广汽乘用车(杭州)有限公司,纯电动多用途乘用车,1,1,0,0
GAH6460BEVS0C,推荐目录官方PDF,rec2022_04,/workspace/purchase_tax_audit/round3/technical/rec2022_04_original.pdf,022b14b038c2f782fc35988b08756c262187f1dccaeccd65edef82af8566a4d2,2022-05-12,heading pages 22; configuration table first page 22,广汽乘用车(杭州)有限公司,纯电动多用途乘用车,1,1,0,0
GAH6460BEVS0E,推荐目录官方PDF,rec2022_04,/workspace/purchase_tax_audit/round3/technical/rec2022_04_original.pdf,022b14b038c2f782fc35988b08756c262187f1dccaeccd65edef82af8566a4d2,2022-05-12,heading pages 23; configuration table first page 23,广汽乘用车(杭州)有限公司,纯电动多用途乘用车,1,1,0,0
GAH7001BEVN0A,推荐目录官方PDF,rec2022_04,/workspace/purchase_tax_audit/round3/technical/rec2022_04_original.pdf,022b14b038c2f782fc35988b08756c262187f1dccaeccd65edef82af8566a4d2,2022-05-12,heading pages 23; configuration table first page 23,广汽乘用车(杭州)有限公司,纯电动轿车,1,1,0,0
LZW7005EVA5DBKA,推荐目录官方PDF,rec2022_04,/workspace/purchase_tax_audit/round3/technical/rec2022_04_original.pdf,022b14b038c2f782fc35988b08756c262187f1dccaeccd65edef82af8566a4d2,2022-05-12,heading pages 25; configuration table first page 25,上汽通用五菱汽车股份有限公司,纯电动轿车,1,1,0,0
LZW7005EVA5DBKA,推荐目录官方PDF,rec2022_04,/workspace/purchase_tax_audit/round3/technical/rec2022_04_original.pdf,022b14b038c2f782fc35988b08756c262187f1dccaeccd65edef82af8566a4d2,2022-05-12,heading pages 25; configuration table first page 25,上汽通用五菱汽车股份有限公司,纯电动轿车,1,1,0,0
LZW7005EVA5DBKA,推荐目录官方PDF,rec2022_04,/workspace/purchase_tax_audit/round3/technical/rec2022_04_original.pdf,022b14b038c2f782fc35988b08756c262187f1dccaeccd65edef82af8566a4d2,2022-05-12,heading pages 25; configuration table first page 25,上汽通用五菱汽车股份有限公司,纯电动轿车,1,1,0,0
LZW7005EVA5EBK,推荐目录官方PDF,rec2022_04,/workspace/purchase_tax_audit/round3/technical/rec2022_04_original.pdf,022b14b038c2f782fc35988b08756c262187f1dccaeccd65edef82af8566a4d2,2022-05-12,heading pages 25; configuration table first page 25,上汽通用五菱汽车股份有限公司,纯电动轿车,1,1,0,0
LZW7005EVC1DBKA,推荐目录官方PDF,rec2022_04,/workspace/purchase_tax_audit/round3/technical/rec2022_04_original.pdf,022b14b038c2f782fc35988b08756c262187f1dccaeccd65edef82af8566a4d2,2022-05-12,heading pages 25; configuration table first page 25,上汽通用五菱汽车股份有限公司,纯电动轿车,1,1,0,0
LZW7005EVC1DBKA,推荐目录官方PDF,rec2022_04,/workspace/purchase_tax_audit/round3/technical/rec2022_04_original.pdf,022b14b038c2f782fc35988b08756c262187f1dccaeccd65edef82af8566a4d2,2022-05-12,heading pages 25; configuration table first page 25,上汽通用五菱汽车股份有限公司,纯电动轿车,1,1,0,0
LZW7005EVC1DBKA,推荐目录官方PDF,rec2022_04,/workspace/purchase_tax_audit/round3/technical/rec2022_04_original.pdf,022b14b038c2f782fc35988b08756c262187f1dccaeccd65edef82af8566a4d2,2022-05-12,heading pages 25; configuration table first page 25,上汽通用五菱汽车股份有限公司,纯电动轿车,1,1,0,0
LZW7005EVC1HBKA,推荐目录官方PDF,rec2022_04,/workspace/purchase_tax_audit/round3/technical/rec2022_04_original.pdf,022b14b038c2f782fc35988b08756c262187f1dccaeccd65edef82af8566a4d2,2022-05-12,heading pages 26; configuration table first page 26,上汽通用五菱汽车股份有限公司,纯电动轿车,1,1,0,0
LZW7005EVC1HBKA,推荐目录官方PDF,rec2022_04,/workspace/purchase_tax_audit/round3/technical/rec2022_04_original.pdf,022b14b038c2f782fc35988b08756c262187f1dccaeccd65edef82af8566a4d2,2022-05-12,heading pages 26; configuration table first page 26,上汽通用五菱汽车股份有限公司,纯电动轿车,1,1,0,0
LZW7005EVC2CBM,推荐目录官方PDF,rec2022_04,/workspace/purchase_tax_audit/round3/technical/rec2022_04_original.pdf,022b14b038c2f782fc35988b08756c262187f1dccaeccd65edef82af8566a4d2,2022-05-12,heading pages 26; configuration table first page 26,上汽通用五菱汽车股份有限公司,纯电动轿车,1,1,0,0
SC7001FAKBEV,推荐目录官方PDF,rec2022_04,/workspace/purchase_tax_audit/round3/technical/rec2022_04_original.pdf,022b14b038c2f782fc35988b08756c262187f1dccaeccd65edef82af8566a4d2,2022-05-12,heading pages 26; configuration table first page 26,重庆长安汽车股份有限公司,纯电动轿车,1,1,0,0
SC7001FAKBEV,推荐目录官方PDF,rec2022_04,/workspace/purchase_tax_audit/round3/technical/rec2022_04_original.pdf,022b14b038c2f782fc35988b08756c262187f1dccaeccd65edef82af8566a4d2,2022-05-12,heading pages 26; configuration table first page 26,重庆长安汽车股份有限公司,纯电动轿车,1,1,0,0
CGC7000BEV2J5,推荐目录官方PDF,rec2022_04,/workspace/purchase_tax_audit/round3/technical/rec2022_04_original.pdf,022b14b038c2f782fc35988b08756c262187f1dccaeccd65edef82af8566a4d2,2022-05-12,heading pages 27; configuration table first page 27,成都大运汽车集团有限公司,纯电动轿车,1,1,0,0
YZ7001BEV2,推荐目录官方PDF,rec2022_04,/workspace/purchase_tax_audit/round3/technical/rec2022_04_original.pdf,022b14b038c2f782fc35988b08756c262187f1dccaeccd65edef82af8566a4d2,2022-05-12,heading pages 28; configuration table first page 28,重汽(重庆)轻型汽车有限公司,纯电动轿车,1,1,0,0
CSA6493YBEV1,推荐目录官方PDF,rec2022_04,/workspace/purchase_tax_audit/round3/technical/rec2022_04_original.pdf,022b14b038c2f782fc35988b08756c262187f1dccaeccd65edef82af8566a4d2,2022-05-12,heading pages 31; configuration table first page 31,上海汽车集团股份有限公司,纯电动多用途乘用车,1,1,0,0
CSA6493YBEV2,推荐目录官方PDF,rec2022_04,/workspace/purchase_tax_audit/round3/technical/rec2022_04_original.pdf,022b14b038c2f782fc35988b08756c262187f1dccaeccd65edef82af8566a4d2,2022-05-12,heading pages 31; configuration table first page 31,上海汽车集团股份有限公司,纯电动多用途乘用车,1,1,0,0
CSA6493YBEV3,推荐目录官方PDF,rec2022_04,/workspace/purchase_tax_audit/round3/technical/rec2022_04_original.pdf,022b14b038c2f782fc35988b08756c262187f1dccaeccd65edef82af8566a4d2,2022-05-12,heading pages 32; configuration table first page 32,上海汽车集团股份有限公司,纯电动多用途乘用车,1,1,0,0
CSA6493YSEV1,推荐目录官方PDF,rec2022_04,/workspace/purchase_tax_audit/round3/technical/rec2022_04_original.pdf,022b14b038c2f782fc35988b08756c262187f1dccaeccd65edef82af8566a4d2,2022-05-12,heading pages 32; configuration table first page 32,上海汽车集团股份有限公司,换电式纯电动多用途乘用车,1,1,0,0
CSA6493YSEV1,推荐目录官方PDF,rec2022_04,/workspace/purchase_tax_audit/round3/technical/rec2022_04_original.pdf,022b14b038c2f782fc35988b08756c262187f1dccaeccd65edef82af8566a4d2,2022-05-12,heading pages 32; configuration table first page 32,上海汽车集团股份有限公司,换电式纯电动多用途乘用车,1,1,0,0
CSA6493YSEV2,推荐目录官方PDF,rec2022_04,/workspace/purchase_tax_audit/round3/technical/rec2022_04_original.pdf,022b14b038c2f782fc35988b08756c262187f1dccaeccd65edef82af8566a4d2,2022-05-12,heading pages 32; configuration table first page 32,上海汽车集团股份有限公司,换电式纯电动多用途乘用车,1,1,0,0
NHQ7000BEVDH,推荐目录官方PDF,rec2022_04,/workspace/purchase_tax_audit/round3/technical/rec2022_04_original.pdf,022b14b038c2f782fc35988b08756c262187f1dccaeccd65edef82af8566a4d2,2022-05-12,heading pages 36; configuration table first page 36,肇庆小鹏新能源投资有限公司,纯电动轿车,1,1,0,0
NHQ7000BEVDH,推荐目录官方PDF,rec2022_04,/workspace/purchase_tax_audit/round3/technical/rec2022_04_original.pdf,022b14b038c2f782fc35988b08756c262187f1dccaeccd65edef82af8566a4d2,2022-05-12,heading pages 36; configuration table first page 36,肇庆小鹏新能源投资有限公司,纯电动轿车,1,1,0,0
NHQ7000BEVDH,推荐目录官方PDF,rec2022_04,/workspace/purchase_tax_audit/round3/technical/rec2022_04_original.pdf,022b14b038c2f782fc35988b08756c262187f1dccaeccd65edef82af8566a4d2,2022-05-12,heading pages 36; configuration table first page 36,肇庆小鹏新能源投资有限公司,纯电动轿车,1,1,0,0
NHQ7000BEVDH,推荐目录官方PDF,rec2022_04,/workspace/purchase_tax_audit/round3/technical/rec2022_04_original.pdf,022b14b038c2f782fc35988b08756c262187f1dccaeccd65edef82af8566a4d2,2022-05-12,heading pages 36; configuration table first page 36,肇庆小鹏新能源投资有限公司,纯电动轿车,1,1,0,0
JKC6450A0X0BEV,推荐目录官方PDF,rec2022_04,/workspace/purchase_tax_audit/round3/technical/rec2022_04_original.pdf,022b14b038c2f782fc35988b08756c262187f1dccaeccd65edef82af8566a4d2,2022-05-12,heading pages 38; configuration table first page 38,华晨鑫源重庆汽车有限公司,纯电动多用途乘用车,1,1,0,0
NEQ7000BEVJ72X,推荐目录官方PDF,rec2022_04,/workspace/purchase_tax_audit/round3/technical/rec2022_04_original.pdf,022b14b038c2f782fc35988b08756c262187f1dccaeccd65edef82af8566a4d2,2022-05-12,heading pages 41; configuration table first page 41,奇瑞新能源汽车股份有限公司,纯电动轿车,1,1,0,0
NEQ7000BEVJ72Y,推荐目录官方PDF,rec2022_04,/workspace/purchase_tax_audit/round3/technical/rec2022_04_original.pdf,022b14b038c2f782fc35988b08756c262187f1dccaeccd65edef82af8566a4d2,2022-05-12,heading pages 41; configuration table first page 41,奇瑞新能源汽车股份有限公司,纯电动轿车,1,1,0,0
DXK7001RD2BEV,推荐目录官方PDF,rec2022_04,/workspace/purchase_tax_audit/round3/technical/rec2022_04_original.pdf,022b14b038c2f782fc35988b08756c262187f1dccaeccd65edef82af8566a4d2,2022-05-12,heading pages 59; configuration table first page 59,东风小康汽车有限公司,纯电动轿车,1,1,0,0
DXK7001RD5BEV,推荐目录官方PDF,rec2022_04,/workspace/purchase_tax_audit/round3/technical/rec2022_04_original.pdf,022b14b038c2f782fc35988b08756c262187f1dccaeccd65edef82af8566a4d2,2022-05-12,heading pages 60; configuration table first page 60,东风小康汽车有限公司,纯电动轿车,1,1,0,0
BJ7003NBEV1,推荐目录官方PDF,rec2022_04,/workspace/purchase_tax_audit/round3/technical/rec2022_04_original.pdf,022b14b038c2f782fc35988b08756c262187f1dccaeccd65edef82af8566a4d2,2022-05-12,heading pages 60; configuration table first page 60,北京奔驰汽车有限公司,纯电动轿车,1,1,0,0
BJ7003NBEV2,推荐目录官方PDF,rec2022_04,/workspace/purchase_tax_audit/round3/technical/rec2022_04_original.pdf,022b14b038c2f782fc35988b08756c262187f1dccaeccd65edef82af8566a4d2,2022-05-12,heading pages 61; configuration table first page 61,北京奔驰汽车有限公司,纯电动轿车,1,1,0,0
SC6453BBABEV,推荐目录官方PDF,rec2022_04,/workspace/purchase_tax_audit/round3/technical/rec2022_04_original.pdf,022b14b038c2f782fc35988b08756c262187f1dccaeccd65edef82af8566a4d2,2022-05-12,heading pages 62; configuration table first page 62,河北长安汽车有限公司,纯电动多用途乘用车,1,1,0,0
SC6453BBBBEV,推荐目录官方PDF,rec2022_04,/workspace/purchase_tax_audit/round3/technical/rec2022_04_original.pdf,022b14b038c2f782fc35988b08756c262187f1dccaeccd65edef82af8566a4d2,2022-05-12,heading pages 62; configuration table first page 62,河北长安汽车有限公司,纯电动多用途乘用车,1,1,0,0
SC6483ABABEV,推荐目录官方PDF,rec2022_04,/workspace/purchase_tax_audit/round3/technical/rec2022_04_original.pdf,022b14b038c2f782fc35988b08756c262187f1dccaeccd65edef82af8566a4d2,2022-05-12,heading pages 62; configuration table first page 62,河北长安汽车有限公司,纯电动多用途乘用车,1,1,0,0
SC6483ABBBEV,推荐目录官方PDF,rec2022_04,/workspace/purchase_tax_audit/round3/technical/rec2022_04_original.pdf,022b14b038c2f782fc35988b08756c262187f1dccaeccd65edef82af8566a4d2,2022-05-12,heading pages 62; configuration table first page 62,河北长安汽车有限公司,纯电动多用途乘用车,1,1,0,0
GTM6470BFEBEV,推荐目录官方PDF,rec2022_04,/workspace/purchase_tax_audit/round3/technical/rec2022_04_original.pdf,022b14b038c2f782fc35988b08756c262187f1dccaeccd65edef82af8566a4d2,2022-05-12,heading pages 21;65; configuration table first page 65,广汽丰田汽车有限公司,纯电动多用途乘用车,1,1,0,0
LZW7004EVPKAMB,推荐目录官方PDF,rec2022_04,/workspace/purchase_tax_audit/round3/technical/rec2022_04_original.pdf,022b14b038c2f782fc35988b08756c262187f1dccaeccd65edef82af8566a4d2,2022-05-12,heading pages 65; configuration table first page 65,上汽通用五菱汽车股份有限公司,纯电动轿车,1,1,0,0
LZW7004EVPKAMB,推荐目录官方PDF,rec2022_04,/workspace/purchase_tax_audit/round3/technical/rec2022_04_original.pdf,022b14b038c2f782fc35988b08756c262187f1dccaeccd65edef82af8566a4d2,2022-05-12,heading pages 65; configuration table first page 65,上汽通用五菱汽车股份有限公司,纯电动轿车,1,1,0,0
LZW7004EVPKAMB,推荐目录官方PDF,rec2022_04,/workspace/purchase_tax_audit/round3/technical/rec2022_04_original.pdf,022b14b038c2f782fc35988b08756c262187f1dccaeccd65edef82af8566a4d2,2022-05-12,heading pages 65; configuration table first page 65,上汽通用五菱汽车股份有限公司,纯电动轿车,1,1,0,0
LZW7005EVA5KBJA,推荐目录官方PDF,rec2022_04,/workspace/purchase_tax_audit/round3/technical/rec2022_04_original.pdf,022b14b038c2f782fc35988b08756c262187f1dccaeccd65edef82af8566a4d2,2022-05-12,heading pages 65; configuration table first page 65,上汽通用五菱汽车股份有限公司,纯电动轿车,1,1,0,0
LZW7005EVC1EBJ,推荐目录官方PDF,rec2022_04,/workspace/purchase_tax_audit/round3/technical/rec2022_04_original.pdf,022b14b038c2f782fc35988b08756c262187f1dccaeccd65edef82af8566a4d2,2022-05-12,heading pages 65; configuration table first page 65,上汽通用五菱汽车股份有限公司,纯电动轿车,1,1,0,0
SC7001FAEBEV,推荐目录官方PDF,rec2022_04,/workspace/purchase_tax_audit/round3/technical/rec2022_04_original.pdf,022b14b038c2f782fc35988b08756c262187f1dccaeccd65edef82af8566a4d2,2022-05-12,heading pages 66; configuration table first page 66,重庆长安汽车股份有限公司,纯电动轿车,1,1,0,0
SC7001FAEBEV,推荐目录官方PDF,rec2022_04,/workspace/purchase_tax_audit/round3/technical/rec2022_04_original.pdf,022b14b038c2f782fc35988b08756c262187f1dccaeccd65edef82af8566a4d2,2022-05-12,heading pages 66; configuration table first page 66,重庆长安汽车股份有限公司,纯电动轿车,1,1,0,0
SC7001FAEBEV,推荐目录官方PDF,rec2022_04,/workspace/purchase_tax_audit/round3/technical/rec2022_04_original.pdf,022b14b038c2f782fc35988b08756c262187f1dccaeccd65edef82af8566a4d2,2022-05-12,heading pages 66; configuration table first page 66,重庆长安汽车股份有限公司,纯电动轿车,1,1,0,0
SC7001FAEBEV,推荐目录官方PDF,rec2022_04,/workspace/purchase_tax_audit/round3/technical/rec2022_04_original.pdf,022b14b038c2f782fc35988b08756c262187f1dccaeccd65edef82af8566a4d2,2022-05-12,heading pages 66; configuration table first page 66,重庆长安汽车股份有限公司,纯电动轿车,1,1,0,0
SQJ7001YAC1BEV,推荐目录官方PDF,rec2022_04,/workspace/purchase_tax_audit/round3/technical/rec2022_04_original.pdf,022b14b038c2f782fc35988b08756c262187f1dccaeccd65edef82af8566a4d2,2022-05-12,heading pages 67; configuration table first page 67,四川野马汽车股份有限公司,纯电动轿车,1,1,0,0
SQJ7002YAC1BEV,推荐目录官方PDF,rec2022_04,/workspace/purchase_tax_audit/round3/technical/rec2022_04_original.pdf,022b14b038c2f782fc35988b08756c262187f1dccaeccd65edef82af8566a4d2,2022-05-12,heading pages 67; configuration table first page 67,四川野马汽车股份有限公司,纯电动轿车,1,1,0,0
SQJ7002YACBEV,推荐目录官方PDF,rec2022_04,/workspace/purchase_tax_audit/round3/technical/rec2022_04_original.pdf,022b14b038c2f782fc35988b08756c262187f1dccaeccd65edef82af8566a4d2,2022-05-12,heading pages 67; configuration table first page 67,四川野马汽车股份有限公司,纯电动轿车,1,1,0,0
HXK7000BEVA13,推荐目录官方PDF,rec2022_04,/workspace/purchase_tax_audit/round3/technical/rec2022_04_original.pdf,022b14b038c2f782fc35988b08756c262187f1dccaeccd65edef82af8566a4d2,2022-05-12,heading pages 69; configuration table first page 69,江苏吉麦新能源车业有限公司,纯电动轿车,1,1,0,0
HXK7000BEVA13,推荐目录官方PDF,rec2022_04,/workspace/purchase_tax_audit/round3/technical/rec2022_04_original.pdf,022b14b038c2f782fc35988b08756c262187f1dccaeccd65edef82af8566a4d2,2022-05-12,heading pages 69; configuration table first page 69,江苏吉麦新能源车业有限公司,纯电动轿车,1,1,0,0
JX7004ESABEV,推荐目录官方PDF,rec2022_04,/workspace/purchase_tax_audit/round3/technical/rec2022_04_original.pdf,022b14b038c2f782fc35988b08756c262187f1dccaeccd65edef82af8566a4d2,2022-05-12,heading pages 69; configuration table first page 69,江西江铃集团新能源汽车有限公司,纯电动轿车,1,1,0,0
SVW6451AEV,推荐目录官方PDF,rec2022_04,/workspace/purchase_tax_audit/round3/technical/rec2022_04_original.pdf,022b14b038c2f782fc35988b08756c262187f1dccaeccd65edef82af8566a4d2,2022-05-12,heading pages 74; configuration table first page 74,上汽大众汽车有限公司,纯电动多用途乘用车,1,1,0,0
SVW7005AEV,推荐目录官方PDF,rec2022_04,/workspace/purchase_tax_audit/round3/technical/rec2022_04_original.pdf,022b14b038c2f782fc35988b08756c262187f1dccaeccd65edef82af8566a4d2,2022-05-12,heading pages 74; configuration table first page 75,上汽大众汽车有限公司,纯电动轿车,1,1,0,0
CC7000ZM00BBEV,推荐目录官方PDF,rec2022_04,/workspace/purchase_tax_audit/round3/technical/rec2022_04_original.pdf,022b14b038c2f782fc35988b08756c262187f1dccaeccd65edef82af8566a4d2,2022-05-12,heading pages 75; configuration table first page 75,长城汽车股份有限公司,纯电动轿车,1,1,0,0
CC7000ZM00CBEV,推荐目录官方PDF,rec2022_04,/workspace/purchase_tax_audit/round3/technical/rec2022_04_original.pdf,022b14b038c2f782fc35988b08756c262187f1dccaeccd65edef82af8566a4d2,2022-05-12,heading pages 75; configuration table first page 75,长城汽车股份有限公司,纯电动轿车,1,1,0,0
CC7000ZM00EBEV,推荐目录官方PDF,rec2022_04,/workspace/purchase_tax_audit/round3/technical/rec2022_04_original.pdf,022b14b038c2f782fc35988b08756c262187f1dccaeccd65edef82af8566a4d2,2022-05-12,heading pages 75; configuration table first page 75,长城汽车股份有限公司,纯电动轿车,1,1,0,0
CC7000ZM00FBEV,推荐目录官方PDF,rec2022_04,/workspace/purchase_tax_audit/round3/technical/rec2022_04_original.pdf,022b14b038c2f782fc35988b08756c262187f1dccaeccd65edef82af8566a4d2,2022-05-12,heading pages 76; configuration table first page 76,长城汽车股份有限公司,纯电动轿车,1,1,0,0
CC7000ZM02CBEV,推荐目录官方PDF,rec2022_04,/workspace/purchase_tax_audit/round3/technical/rec2022_04_original.pdf,022b14b038c2f782fc35988b08756c262187f1dccaeccd65edef82af8566a4d2,2022-05-12,heading pages 76; configuration table first page 76,长城汽车股份有限公司,纯电动轿车,1,1,0,0
CC7000ZM02DBEV,推荐目录官方PDF,rec2022_04,/workspace/purchase_tax_audit/round3/technical/rec2022_04_original.pdf,022b14b038c2f782fc35988b08756c262187f1dccaeccd65edef82af8566a4d2,2022-05-12,heading pages 76; configuration table first page 76,长城汽车股份有限公司,纯电动轿车,1,1,0,0
CC7000ZM02GBEV,推荐目录官方PDF,rec2022_04,/workspace/purchase_tax_audit/round3/technical/rec2022_04_original.pdf,022b14b038c2f782fc35988b08756c262187f1dccaeccd65edef82af8566a4d2,2022-05-12,heading pages 77; configuration table first page 77,长城汽车股份有限公司,纯电动轿车,1,1,0,0
CC7000ZM05ABEV,推荐目录官方PDF,rec2022_04,/workspace/purchase_tax_audit/round3/technical/rec2022_04_original.pdf,022b14b038c2f782fc35988b08756c262187f1dccaeccd65edef82af8566a4d2,2022-05-12,heading pages 77; configuration table first page 77,长城汽车股份有限公司,纯电动轿车,1,1,0,0
CC7001ZM00BBEV,推荐目录官方PDF,rec2022_04,/workspace/purchase_tax_audit/round3/technical/rec2022_04_original.pdf,022b14b038c2f782fc35988b08756c262187f1dccaeccd65edef82af8566a4d2,2022-05-12,heading pages 77; configuration table first page 77,长城汽车股份有限公司,纯电动轿车,1,1,0,0
CC7001ZM00EBEV,推荐目录官方PDF,rec2022_04,/workspace/purchase_tax_audit/round3/technical/rec2022_04_original.pdf,022b14b038c2f782fc35988b08756c262187f1dccaeccd65edef82af8566a4d2,2022-05-12,heading pages 77; configuration table first page 77,长城汽车股份有限公司,纯电动轿车,1,1,0,0
CC7001ZM01BBEV,推荐目录官方PDF,rec2022_04,/workspace/purchase_tax_audit/round3/technical/rec2022_04_original.pdf,022b14b038c2f782fc35988b08756c262187f1dccaeccd65edef82af8566a4d2,2022-05-12,heading pages 78; configuration table first page 78,长城汽车股份有限公司,纯电动轿车,1,1,0,0
CC7001ZM01BEV,推荐目录官方PDF,rec2022_04,/workspace/purchase_tax_audit/round3/technical/rec2022_04_original.pdf,022b14b038c2f782fc35988b08756c262187f1dccaeccd65edef82af8566a4d2,2022-05-12,heading pages 78; configuration table first page 78,长城汽车股份有限公司,纯电动轿车,1,1,0,0
CC7001ZM02CBEV,推荐目录官方PDF,rec2022_04,/workspace/purchase_tax_audit/round3/technical/rec2022_04_original.pdf,022b14b038c2f782fc35988b08756c262187f1dccaeccd65edef82af8566a4d2,2022-05-12,heading pages 78; configuration table first page 78,长城汽车股份有限公司,纯电动轿车,1,1,0,0
BJ6480BSA-BEV,推荐目录官方PDF,rec2022_04,/workspace/purchase_tax_audit/round3/technical/rec2022_04_original.pdf,022b14b038c2f782fc35988b08756c262187f1dccaeccd65edef82af8566a4d2,2022-05-12,heading pages 79; configuration table first page 79,北汽蓝谷麦格纳汽车有限公司,纯电动多用途乘用车,1,1,0,0
BJ6480BSA5-BEV,推荐目录官方PDF,rec2022_04,/workspace/purchase_tax_audit/round3/technical/rec2022_04_original.pdf,022b14b038c2f782fc35988b08756c262187f1dccaeccd65edef82af8566a4d2,2022-05-12,heading pages 79; configuration table first page 79,北汽蓝谷麦格纳汽车有限公司,纯电动多用途乘用车 （2020 年第11批发布推荐车型）,1,1,0,0
BJ6480BSA6-BEV,推荐目录官方PDF,rec2022_04,/workspace/purchase_tax_audit/round3/technical/rec2022_04_original.pdf,022b14b038c2f782fc35988b08756c262187f1dccaeccd65edef82af8566a4d2,2022-05-12,heading pages 80; configuration table first page 80,北汽蓝谷麦格纳汽车有限公司,纯电动多用途乘用车 （2020 年第8批发布推荐车型）,1,1,0,0
BJ7001AUA1-BEV,推荐目录官方PDF,rec2022_04,/workspace/purchase_tax_audit/round3/technical/rec2022_04_original.pdf,022b14b038c2f782fc35988b08756c262187f1dccaeccd65edef82af8566a4d2,2022-05-12,heading pages 80; configuration table first page 80,北汽蓝谷麦格纳汽车有限公司,纯电动轿车,1,1,0,0
BJ7001AUA7-BEV,推荐目录官方PDF,rec2022_04,/workspace/purchase_tax_audit/round3/technical/rec2022_04_original.pdf,022b14b038c2f782fc35988b08756c262187f1dccaeccd65edef82af8566a4d2,2022-05-12,heading pages 80; configuration table first page 80,北汽蓝谷麦格纳汽车有限公司,纯电动轿车,1,1,0,0
BJ7001AUA9-BEV,推荐目录官方PDF,rec2022_04,/workspace/purchase_tax_audit/round3/technical/rec2022_04_original.pdf,022b14b038c2f782fc35988b08756c262187f1dccaeccd65edef82af8566a4d2,2022-05-12,heading pages 81; configuration table first page 81,北汽蓝谷麦格纳汽车有限公司,纯电动轿车,1,1,0,0
HQ7002BEV67,推荐目录官方PDF,rec2022_04,/workspace/purchase_tax_audit/round3/technical/rec2022_04_original.pdf,022b14b038c2f782fc35988b08756c262187f1dccaeccd65edef82af8566a4d2,2022-05-12,heading pages 81; configuration table first page 81,浙江豪情汽车制造有限公司,纯电动轿车,1,1,0,0
HQ7002BEV67,推荐目录官方PDF,rec2022_04,/workspace/purchase_tax_audit/round3/technical/rec2022_04_original.pdf,022b14b038c2f782fc35988b08756c262187f1dccaeccd65edef82af8566a4d2,2022-05-12,heading pages 81; configuration table first page 81,浙江豪情汽车制造有限公司,纯电动轿车,1,1,0,0
HQ7003BEV01,推荐目录官方PDF,rec2022_04,/workspace/purchase_tax_audit/round3/technical/rec2022_04_original.pdf,022b14b038c2f782fc35988b08756c262187f1dccaeccd65edef82af8566a4d2,2022-05-12,heading pages 82; configuration table first page 82,浙江豪情汽车制造有限公司,纯电动轿车,1,1,0,0
HQ7003BEV01,推荐目录官方PDF,rec2022_04,/workspace/purchase_tax_audit/round3/technical/rec2022_04_original.pdf,022b14b038c2f782fc35988b08756c262187f1dccaeccd65edef82af8566a4d2,2022-05-12,heading pages 82; configuration table first page 82,浙江豪情汽车制造有限公司,纯电动轿车,1,1,0,0
JL7001SEV02,推荐目录官方PDF,rec2022_04,/workspace/purchase_tax_audit/round3/technical/rec2022_04_original.pdf,022b14b038c2f782fc35988b08756c262187f1dccaeccd65edef82af8566a4d2,2022-05-12,heading pages 82; configuration table first page 82,浙江豪情汽车制造有限公司,换电式纯电动轿车,1,1,0,0
JL7001SEV02,推荐目录官方PDF,rec2022_04,/workspace/purchase_tax_audit/round3/technical/rec2022_04_original.pdf,022b14b038c2f782fc35988b08756c262187f1dccaeccd65edef82af8566a4d2,2022-05-12,heading pages 82; configuration table first page 82,浙江豪情汽车制造有限公司,换电式纯电动轿车,1,1,0,0
JL7001SEV02,推荐目录官方PDF,rec2022_04,/workspace/purchase_tax_audit/round3/technical/rec2022_04_original.pdf,022b14b038c2f782fc35988b08756c262187f1dccaeccd65edef82af8566a4d2,2022-05-12,heading pages 82; configuration table first page 82,浙江豪情汽车制造有限公司,换电式纯电动轿车,1,1,0,0
JL7001SEV02,推荐目录官方PDF,rec2022_04,/workspace/purchase_tax_audit/round3/technical/rec2022_04_original.pdf,022b14b038c2f782fc35988b08756c262187f1dccaeccd65edef82af8566a4d2,2022-05-12,heading pages 82; configuration table first page 82,浙江豪情汽车制造有限公司,换电式纯电动轿车,1,1,0,0
GAM7001BEVA0D,推荐目录官方PDF,rec2022_04,/workspace/purchase_tax_audit/round3/technical/rec2022_04_original.pdf,022b14b038c2f782fc35988b08756c262187f1dccaeccd65edef82af8566a4d2,2022-05-12,heading pages 87; configuration table first page 87,广汽乘用车有限公司,纯电动轿车,1,1,0,0
GTM700035BEV,推荐目录官方PDF,rec2022_04,/workspace/purchase_tax_audit/round3/technical/rec2022_04_original.pdf,022b14b038c2f782fc35988b08756c262187f1dccaeccd65edef82af8566a4d2,2022-05-12,heading pages 88; configuration table first page 88,广汽丰田汽车有限公司,纯电动轿车,1,1,0,0
SC7003AGCBEV,推荐目录官方PDF,rec2022_04,/workspace/purchase_tax_audit/round3/technical/rec2022_04_original.pdf,022b14b038c2f782fc35988b08756c262187f1dccaeccd65edef82af8566a4d2,2022-05-12,heading pages 90; configuration table first page 90,合肥长安汽车有限公司,纯电动轿车,1,1,0,0
CGC7000BEV2J3,推荐目录官方PDF,rec2022_04,/workspace/purchase_tax_audit/round3/technical/rec2022_04_original.pdf,022b14b038c2f782fc35988b08756c262187f1dccaeccd65edef82af8566a4d2,2022-05-12,heading pages 91; configuration table first page 91,成都大运汽车集团有限公司,纯电动轿车,1,1,0,0
CSA7001KBEV6,推荐目录官方PDF,rec2022_04,/workspace/purchase_tax_audit/round3/technical/rec2022_04_original.pdf,022b14b038c2f782fc35988b08756c262187f1dccaeccd65edef82af8566a4d2,2022-05-12,heading pages 93; configuration table first page 93,上海汽车集团股份有限公司,纯电动轿车,1,1,0,0
CSA7001KBEV6,推荐目录官方PDF,rec2022_04,/workspace/purchase_tax_audit/round3/technical/rec2022_04_original.pdf,022b14b038c2f782fc35988b08756c262187f1dccaeccd65edef82af8566a4d2,2022-05-12,heading pages 93; configuration table first page 93,上海汽车集团股份有限公司,纯电动轿车,1,1,0,0
NEQ7000BEVJ72P,推荐目录官方PDF,rec2022_04,/workspace/purchase_tax_audit/round3/technical/rec2022_04_original.pdf,022b14b038c2f782fc35988b08756c262187f1dccaeccd65edef82af8566a4d2,2022-05-12,heading pages 101; configuration table first page 101,奇瑞新能源汽车股份有限公司,纯电动轿车,1,1,0,0
NEQ7000BEVJ72P,推荐目录官方PDF,rec2022_04,/workspace/purchase_tax_audit/round3/technical/rec2022_04_original.pdf,022b14b038c2f782fc35988b08756c262187f1dccaeccd65edef82af8566a4d2,2022-05-12,heading pages 101; configuration table first page 101,奇瑞新能源汽车股份有限公司,纯电动轿车,1,1,0,0
NEQ7000BEVJ72Q,推荐目录官方PDF,rec2022_04,/workspace/purchase_tax_audit/round3/technical/rec2022_04_original.pdf,022b14b038c2f782fc35988b08756c262187f1dccaeccd65edef82af8566a4d2,2022-05-12,heading pages 101; configuration table first page 101,奇瑞新能源汽车股份有限公司,纯电动轿车,1,1,0,0
NEQ7000BEVJ72Q,推荐目录官方PDF,rec2022_04,/workspace/purchase_tax_audit/round3/technical/rec2022_04_original.pdf,022b14b038c2f782fc35988b08756c262187f1dccaeccd65edef82af8566a4d2,2022-05-12,heading pages 101; configuration table first page 101,奇瑞新能源汽车股份有限公司,纯电动轿车,1,1,0,0
NEQ7000BEVJ72T,推荐目录官方PDF,rec2022_04,/workspace/purchase_tax_audit/round3/technical/rec2022_04_original.pdf,022b14b038c2f782fc35988b08756c262187f1dccaeccd65edef82af8566a4d2,2022-05-12,heading pages 101; configuration table first page 101,奇瑞新能源汽车股份有限公司,纯电动轿车,1,1,0,0
NEQ7000BEVJ72U,推荐目录官方PDF,rec2022_04,/workspace/purchase_tax_audit/round3/technical/rec2022_04_original.pdf,022b14b038c2f782fc35988b08756c262187f1dccaeccd65edef82af8566a4d2,2022-05-12,heading pages 101; configuration table first page 101,奇瑞新能源汽车股份有限公司,纯电动轿车,1,1,0,0
TSL6480BEVAR2,推荐目录官方PDF,rec2022_04,/workspace/purchase_tax_audit/round3/technical/rec2022_04_original.pdf,022b14b038c2f782fc35988b08756c262187f1dccaeccd65edef82af8566a4d2,2022-05-12,heading pages 103; configuration table first page 103,特斯拉(上海)有限公司,纯电动多用途乘用车,1,1,0,0
TSL6480BEVAR2,推荐目录官方PDF,rec2022_04,/workspace/purchase_tax_audit/round3/technical/rec2022_04_original.pdf,022b14b038c2f782fc35988b08756c262187f1dccaeccd65edef82af8566a4d2,2022-05-12,heading pages 103; configuration table first page 103,特斯拉(上海)有限公司,纯电动多用途乘用车,1,1,0,0
TSL6480BEVAR2,推荐目录官方PDF,rec2022_04,/workspace/purchase_tax_audit/round3/technical/rec2022_04_original.pdf,022b14b038c2f782fc35988b08756c262187f1dccaeccd65edef82af8566a4d2,2022-05-12,heading pages 103; configuration table first page 103,特斯拉(上海)有限公司,纯电动多用途乘用车,1,1,0,0
TSL7000BEVAR5,推荐目录官方PDF,rec2022_04,/workspace/purchase_tax_audit/round3/technical/rec2022_04_original.pdf,022b14b038c2f782fc35988b08756c262187f1dccaeccd65edef82af8566a4d2,2022-05-12,heading pages 104; configuration table first page 104,特斯拉(上海)有限公司,纯电动轿车,1,1,0,0
TSL7000BEVAR5,推荐目录官方PDF,rec2022_04,/workspace/purchase_tax_audit/round3/technical/rec2022_04_original.pdf,022b14b038c2f782fc35988b08756c262187f1dccaeccd65edef82af8566a4d2,2022-05-12,heading pages 104; configuration table first page 104,特斯拉(上海)有限公司,纯电动轿车,1,1,0,0
TSL7000BEVAR5,推荐目录官方PDF,rec2022_04,/workspace/purchase_tax_audit/round3/technical/rec2022_04_original.pdf,022b14b038c2f782fc35988b08756c262187f1dccaeccd65edef82af8566a4d2,2022-05-12,heading pages 104; configuration table first page 104,特斯拉(上海)有限公司,纯电动轿车,1,1,0,0
TSL7000BEVAR6,推荐目录官方PDF,rec2022_04,/workspace/purchase_tax_audit/round3/technical/rec2022_04_original.pdf,022b14b038c2f782fc35988b08756c262187f1dccaeccd65edef82af8566a4d2,2022-05-12,heading pages 104; configuration table first page 104,特斯拉(上海)有限公司,纯电动轿车,1,1,0,0
TSL7000BEVAR6,推荐目录官方PDF,rec2022_04,/workspace/purchase_tax_audit/round3/technical/rec2022_04_original.pdf,022b14b038c2f782fc35988b08756c262187f1dccaeccd65edef82af8566a4d2,2022-05-12,heading pages 104; configuration table first page 104,特斯拉(上海)有限公司,纯电动轿车,1,1,0,0
TSL7000BEVAR6,推荐目录官方PDF,rec2022_04,/workspace/purchase_tax_audit/round3/technical/rec2022_04_original.pdf,022b14b038c2f782fc35988b08756c262187f1dccaeccd65edef82af8566a4d2,2022-05-12,heading pages 104; configuration table first page 104,特斯拉(上海)有限公司,纯电动轿车,1,1,0,0
BMW6475ABEV,推荐目录官方PDF,rec2022_04,/workspace/purchase_tax_audit/round3/technical/rec2022_04_original.pdf,022b14b038c2f782fc35988b08756c262187f1dccaeccd65edef82af8566a4d2,2022-05-12,heading pages 106; configuration table first page 106,华晨宝马汽车有限公司,纯电动多用途乘用车,1,1,0,0
BMW6475ACEV,推荐目录官方PDF,rec2022_04,/workspace/purchase_tax_audit/round3/technical/rec2022_04_original.pdf,022b14b038c2f782fc35988b08756c262187f1dccaeccd65edef82af8566a4d2,2022-05-12,heading pages 106; configuration table first page 106,华晨宝马汽车有限公司,纯电动多用途乘用车,1,1,0,0
NEQ7000BEVJH11A,推荐目录官方PDF,rec2022_04,/workspace/purchase_tax_audit/round3/technical/rec2022_04_original.pdf,022b14b038c2f782fc35988b08756c262187f1dccaeccd65edef82af8566a4d2,2022-05-12,heading pages 107; configuration table first page 107,奇瑞新能源汽车股份有限公司,纯电动轿车,1,1,0,0
NEQ7000BEVJH11D,推荐目录官方PDF,rec2022_04,/workspace/purchase_tax_audit/round3/technical/rec2022_04_original.pdf,022b14b038c2f782fc35988b08756c262187f1dccaeccd65edef82af8566a4d2,2022-05-12,heading pages 108; configuration table first page 108,奇瑞新能源汽车股份有限公司,纯电动轿车,1,1,0,0
CA7000H0SEVA,官方不符合技术要求清单PDF,official_nonconforming_20240118,/workspace/purchase_tax_audit/compact_input_20261008/购置税项目_必要数据精简包_20261008/原件/20240118_不符合技术要求的车型清单.pdf,96dfba8ba2f57eb5633ce8e1ea1cfa48e6a81f1edc9988b9bc660b2bd9e7443e,2024-01-18,page 1; seq 1,中国第一汽车集团有限公司,换电式纯电动轿车,1,1,0,0
CA7007BSEVC,官方不符合技术要求清单PDF,official_nonconforming_20240118,/workspace/purchase_tax_audit/compact_input_20261008/购置税项目_必要数据精简包_20261008/原件/20240118_不符合技术要求的车型清单.pdf,96dfba8ba2f57eb5633ce8e1ea1cfa48e6a81f1edc9988b9bc660b2bd9e7443e,2024-01-18,page 1; seq 2,中国第一汽车集团有限公司,换电式纯电动轿车,1,1,0,0
CA7007BEVH,官方不符合技术要求清单PDF,official_nonconforming_20240118,/workspace/purchase_tax_audit/compact_input_20261008/购置税项目_必要数据精简包_20261008/原件/20240118_不符合技术要求的车型清单.pdf,96dfba8ba2f57eb5633ce8e1ea1cfa48e6a81f1edc9988b9bc660b2bd9e7443e,2024-01-18,page 1; seq 3,中国第一汽车集团有限公司,换电式纯电动轿车,1,1,0,0
CA7007BEVA,官方不符合技术要求清单PDF,official_nonconforming_20240118,/workspace/purchase_tax_audit/compact_input_20261008/购置税项目_必要数据精简包_20261008/原件/20240118_不符合技术要求的车型清单.pdf,96dfba8ba2f57eb5633ce8e1ea1cfa48e6a81f1edc9988b9bc660b2bd9e7443e,2024-01-18,page 1; seq 4,中国第一汽车集团有限公司,换电式纯电动轿车,1,1,0,0
CA7000H0SEV,官方不符合技术要求清单PDF,official_nonconforming_20240118,/workspace/purchase_tax_audit/compact_input_20261008/购置税项目_必要数据精简包_20261008/原件/20240118_不符合技术要求的车型清单.pdf,96dfba8ba2f57eb5633ce8e1ea1cfa48e6a81f1edc9988b9bc660b2bd9e7443e,2024-01-18,page 1; seq 5,中国第一汽车集团有限公司,换电式纯电动轿车,1,1,0,0
CA6467BSEVA,官方不符合技术要求清单PDF,official_nonconforming_20240118,/workspace/purchase_tax_audit/compact_input_20261008/购置税项目_必要数据精简包_20261008/原件/20240118_不符合技术要求的车型清单.pdf,96dfba8ba2f57eb5633ce8e1ea1cfa48e6a81f1edc9988b9bc660b2bd9e7443e,2024-01-18,page 1; seq 6,中国第一汽车集团有限公司,换电式纯电动多用途乘用车,1,1,0,0
DFM7002G1FBBEV,官方不符合技术要求清单PDF,official_nonconforming_20240118,/workspace/purchase_tax_audit/compact_input_20261008/购置税项目_必要数据精简包_20261008/原件/20240118_不符合技术要求的车型清单.pdf,96dfba8ba2f57eb5633ce8e1ea1cfa48e6a81f1edc9988b9bc660b2bd9e7443e,2024-01-18,page 1; seq 7,东风汽车集团有限公司,换电式纯电动轿车,1,1,0,0
DFM7001G1F7BEV,官方不符合技术要求清单PDF,official_nonconforming_20240118,/workspace/purchase_tax_audit/compact_input_20261008/购置税项目_必要数据精简包_20261008/原件/20240118_不符合技术要求的车型清单.pdf,96dfba8ba2f57eb5633ce8e1ea1cfa48e6a81f1edc9988b9bc660b2bd9e7443e,2024-01-18,page 1; seq 8,东风汽车集团有限公司,换电式纯电动轿车,1,1,0,0
DFA7000A1FESEV,官方不符合技术要求清单PDF,official_nonconforming_20240118,/workspace/purchase_tax_audit/compact_input_20261008/购置税项目_必要数据精简包_20261008/原件/20240118_不符合技术要求的车型清单.pdf,96dfba8ba2f57eb5633ce8e1ea1cfa48e6a81f1edc9988b9bc660b2bd9e7443e,2024-01-18,page 1; seq 9,东风汽车集团有限公司,换电式纯电动轿车,1,1,0,0
DFM7001G1F3BEV,官方不符合技术要求清单PDF,official_nonconforming_20240118,/workspace/purchase_tax_audit/compact_input_20261008/购置税项目_必要数据精简包_20261008/原件/20240118_不符合技术要求的车型清单.pdf,96dfba8ba2f57eb5633ce8e1ea1cfa48e6a81f1edc9988b9bc660b2bd9e7443e,2024-01-18,page 1; seq 10,东风汽车集团有限公司,换电式纯电动轿车,1,1,0,0
DFL7000NA64SEV,官方不符合技术要求清单PDF,official_nonconforming_20240118,/workspace/purchase_tax_audit/compact_input_20261008/购置税项目_必要数据精简包_20261008/原件/20240118_不符合技术要求的车型清单.pdf,96dfba8ba2f57eb5633ce8e1ea1cfa48e6a81f1edc9988b9bc660b2bd9e7443e,2024-01-18,page 1; seq 11,东风汽车有限公司,换电式纯电动轿车,1,1,0,0
DFL7001NAZ1SEV,官方不符合技术要求清单PDF,official_nonconforming_20240118,/workspace/purchase_tax_audit/compact_input_20261008/购置税项目_必要数据精简包_20261008/原件/20240118_不符合技术要求的车型清单.pdf,96dfba8ba2f57eb5633ce8e1ea1cfa48e6a81f1edc9988b9bc660b2bd9e7443e,2024-01-18,page 1; seq 12,东风汽车有限公司,换电式纯电动轿车,1,1,0,0
DXK6460HF6BEV,官方不符合技术要求清单PDF,official_nonconforming_20240118,/workspace/purchase_tax_audit/compact_input_20261008/购置税项目_必要数据精简包_20261008/原件/20240118_不符合技术要求的车型清单.pdf,96dfba8ba2f57eb5633ce8e1ea1cfa48e6a81f1edc9988b9bc660b2bd9e7443e,2024-01-18,page 1; seq 13,东风小康汽车有限公司,换电式纯电动多用途乘用车,1,1,0,0
DC7006XAAXBEVM,官方不符合技术要求清单PDF,official_nonconforming_20240118,/workspace/purchase_tax_audit/compact_input_20261008/购置税项目_必要数据精简包_20261008/原件/20240118_不符合技术要求的车型清单.pdf,96dfba8ba2f57eb5633ce8e1ea1cfa48e6a81f1edc9988b9bc660b2bd9e7443e,2024-01-18,page 1; seq 14,神龙汽车有限公司,换电式纯电动轿车,1,1,0,0
BAW6521MAK1BEV,官方不符合技术要求清单PDF,official_nonconforming_20240118,/workspace/purchase_tax_audit/compact_input_20261008/购置税项目_必要数据精简包_20261008/原件/20240118_不符合技术要求的车型清单.pdf,96dfba8ba2f57eb5633ce8e1ea1cfa48e6a81f1edc9988b9bc660b2bd9e7443e,2024-01-18,page 1; seq 15,北京汽车制造厂有限公司,换电式纯电动多用途乘用车,1,1,0,0
BAW6521MAK2BEV,官方不符合技术要求清单PDF,official_nonconforming_20240118,/workspace/purchase_tax_audit/compact_input_20261008/购置税项目_必要数据精简包_20261008/原件/20240118_不符合技术要求的车型清单.pdf,96dfba8ba2f57eb5633ce8e1ea1cfa48e6a81f1edc9988b9bc660b2bd9e7443e,2024-01-18,page 1; seq 16,北京汽车制造厂有限公司,换电式纯电动多用途乘用车,1,1,0,0
BJ7000C5DES-SEV,官方不符合技术要求清单PDF,official_nonconforming_20240118,/workspace/purchase_tax_audit/compact_input_20261008/购置税项目_必要数据精简包_20261008/原件/20240118_不符合技术要求的车型清单.pdf,96dfba8ba2f57eb5633ce8e1ea1cfa48e6a81f1edc9988b9bc660b2bd9e7443e,2024-01-18,page 1; seq 17,北京新能源汽车股份有限公司,换电式纯电动轿车,1,1,0,0
BQ6460N1BEV,官方不符合技术要求清单PDF,official_nonconforming_20240118,/workspace/purchase_tax_audit/compact_input_20261008/购置税项目_必要数据精简包_20261008/原件/20240118_不符合技术要求的车型清单.pdf,96dfba8ba2f57eb5633ce8e1ea1cfa48e6a81f1edc9988b9bc660b2bd9e7443e,2024-01-18,page 1; seq 18,河北中兴汽车制造有限公司,换电式纯电动多用途乘用车,1,1,0,0
HX7004BEV,官方不符合技术要求清单PDF,official_nonconforming_20240118,/workspace/purchase_tax_audit/compact_input_20261008/购置税项目_必要数据精简包_20261008/原件/20240118_不符合技术要求的车型清单.pdf,96dfba8ba2f57eb5633ce8e1ea1cfa48e6a81f1edc9988b9bc660b2bd9e7443e,2024-01-18,page 1; seq 19,河北红星汽车制造有限公司,换电式纯电动轿车,1,1,0,0
SZS6460A57BEV,官方不符合技术要求清单PDF,official_nonconforming_20240118,/workspace/purchase_tax_audit/compact_input_20261008/购置税项目_必要数据精简包_20261008/原件/20240118_不符合技术要求的车型清单.pdf,96dfba8ba2f57eb5633ce8e1ea1cfa48e6a81f1edc9988b9bc660b2bd9e7443e,2024-01-18,page 1; seq 20,威马汽车制造温州有限公司,换电式纯电动多用途乘用车,1,1,0,0
SZS6460A54BEV,官方不符合技术要求清单PDF,official_nonconforming_20240118,/workspace/purchase_tax_audit/compact_input_20261008/购置税项目_必要数据精简包_20261008/原件/20240118_不符合技术要求的车型清单.pdf,96dfba8ba2f57eb5633ce8e1ea1cfa48e6a81f1edc9988b9bc660b2bd9e7443e,2024-01-18,page 1; seq 21,威马汽车制造温州有限公司,换电式纯电动多用途乘用车,1,1,0,0
SH6491N1SEV-9,官方不符合技术要求清单PDF,official_nonconforming_20240118,/workspace/purchase_tax_audit/compact_input_20261008/购置税项目_必要数据精简包_20261008/原件/20240118_不符合技术要求的车型清单.pdf,96dfba8ba2f57eb5633ce8e1ea1cfa48e6a81f1edc9988b9bc660b2bd9e7443e,2024-01-18,page 1; seq 22,上汽大通汽车有限公司,换电式纯电动多用途乘用车,1,1,0,0
SH6531T1SEV-9,官方不符合技术要求清单PDF,official_nonconforming_20240118,/workspace/purchase_tax_audit/compact_input_20261008/购置税项目_必要数据精简包_20261008/原件/20240118_不符合技术要求的车型清单.pdf,96dfba8ba2f57eb5633ce8e1ea1cfa48e6a81f1edc9988b9bc660b2bd9e7443e,2024-01-18,page 1; seq 23,上汽大通汽车有限公司,换电式纯电动多用途乘用车,1,1,0,0
JL7001SEV03,官方不符合技术要求清单PDF,official_nonconforming_20240118,/workspace/purchase_tax_audit/compact_input_20261008/购置税项目_必要数据精简包_20261008/原件/20240118_不符合技术要求的车型清单.pdf,96dfba8ba2f57eb5633ce8e1ea1cfa48e6a81f1edc9988b9bc660b2bd9e7443e,2024-01-18,page 1; seq 24,浙江豪情汽车制造有限公司,换电式纯电动轿车,1,1,0,0
JL7001SEV01,官方不符合技术要求清单PDF,official_nonconforming_20240118,/workspace/purchase_tax_audit/compact_input_20261008/购置税项目_必要数据精简包_20261008/原件/20240118_不符合技术要求的车型清单.pdf,96dfba8ba2f57eb5633ce8e1ea1cfa48e6a81f1edc9988b9bc660b2bd9e7443e,2024-01-18,page 1; seq 25,浙江豪情汽车制造有限公司,换电式纯电动轿车,1,1,0,0
JL7001SEV02,官方不符合技术要求清单PDF,official_nonconforming_20240118,/workspace/purchase_tax_audit/compact_input_20261008/购置税项目_必要数据精简包_20261008/原件/20240118_不符合技术要求的车型清单.pdf,96dfba8ba2f57eb5633ce8e1ea1cfa48e6a81f1edc9988b9bc660b2bd9e7443e,2024-01-18,page 1; seq 26,浙江豪情汽车制造有限公司,换电式纯电动轿车,1,1,0,0
JL6471SEV03,官方不符合技术要求清单PDF,official_nonconforming_20240118,/workspace/purchase_tax_audit/compact_input_20261008/购置税项目_必要数据精简包_20261008/原件/20240118_不符合技术要求的车型清单.pdf,96dfba8ba2f57eb5633ce8e1ea1cfa48e6a81f1edc9988b9bc660b2bd9e7443e,2024-01-18,page 1; seq 27,浙江豪情汽车制造有限公司,换电式纯电动多用途乘用车,1,1,0,0
JL6471SEV02,官方不符合技术要求清单PDF,official_nonconforming_20240118,/workspace/purchase_tax_audit/compact_input_20261008/购置税项目_必要数据精简包_20261008/原件/20240118_不符合技术要求的车型清单.pdf,96dfba8ba2f57eb5633ce8e1ea1cfa48e6a81f1edc9988b9bc660b2bd9e7443e,2024-01-18,page 1; seq 28,浙江豪情汽车制造有限公司,换电式纯电动多用途乘用车,1,1,0,0
JL6471SEV01,官方不符合技术要求清单PDF,official_nonconforming_20240118,/workspace/purchase_tax_audit/compact_input_20261008/购置税项目_必要数据精简包_20261008/原件/20240118_不符合技术要求的车型清单.pdf,96dfba8ba2f57eb5633ce8e1ea1cfa48e6a81f1edc9988b9bc660b2bd9e7443e,2024-01-18,page 1; seq 29,浙江豪情汽车制造有限公司,换电式纯电动多用途乘用车,1,1,0,0
MR7001SEV04,官方不符合技术要求清单PDF,official_nonconforming_20240118,/workspace/purchase_tax_audit/compact_input_20261008/购置税项目_必要数据精简包_20261008/原件/20240118_不符合技术要求的车型清单.pdf,96dfba8ba2f57eb5633ce8e1ea1cfa48e6a81f1edc9988b9bc660b2bd9e7443e,2024-01-18,page 1; seq 30,浙江吉利汽车有限公司,换电式纯电动轿车,1,1,0,0
MR7001SEV02,官方不符合技术要求清单PDF,official_nonconforming_20240118,/workspace/purchase_tax_audit/compact_input_20261008/购置税项目_必要数据精简包_20261008/原件/20240118_不符合技术要求的车型清单.pdf,96dfba8ba2f57eb5633ce8e1ea1cfa48e6a81f1edc9988b9bc660b2bd9e7443e,2024-01-18,page 1; seq 31,浙江吉利汽车有限公司,换电式纯电动轿车,1,1,0,0
MR7001SEV03,官方不符合技术要求清单PDF,official_nonconforming_20240118,/workspace/purchase_tax_audit/compact_input_20261008/购置税项目_必要数据精简包_20261008/原件/20240118_不符合技术要求的车型清单.pdf,96dfba8ba2f57eb5633ce8e1ea1cfa48e6a81f1edc9988b9bc660b2bd9e7443e,2024-01-18,page 1; seq 32,浙江吉利汽车有限公司,换电式纯电动轿车,1,1,0,0
MR6490SEV02,官方不符合技术要求清单PDF,official_nonconforming_20240118,/workspace/purchase_tax_audit/compact_input_20261008/购置税项目_必要数据精简包_20261008/原件/20240118_不符合技术要求的车型清单.pdf,96dfba8ba2f57eb5633ce8e1ea1cfa48e6a81f1edc9988b9bc660b2bd9e7443e,2024-01-18,page 1; seq 33,浙江吉利汽车有限公司,换电式纯电动福祉多用途乘用车,1,1,0,0
MR6490SEV01,官方不符合技术要求清单PDF,official_nonconforming_20240118,/workspace/purchase_tax_audit/compact_input_20261008/购置税项目_必要数据精简包_20261008/原件/20240118_不符合技术要求的车型清单.pdf,96dfba8ba2f57eb5633ce8e1ea1cfa48e6a81f1edc9988b9bc660b2bd9e7443e,2024-01-18,page 1; seq 34,浙江吉利汽车有限公司,换电式纯电动福祉多用途乘用车,1,1,0,0
MR6490SEV04,官方不符合技术要求清单PDF,official_nonconforming_20240118,/workspace/purchase_tax_audit/compact_input_20261008/购置税项目_必要数据精简包_20261008/原件/20240118_不符合技术要求的车型清单.pdf,96dfba8ba2f57eb5633ce8e1ea1cfa48e6a81f1edc9988b9bc660b2bd9e7443e,2024-01-18,page 1; seq 35,浙江吉利汽车有限公司,换电式纯电动多用途乘用车,1,1,0,0
HFC7002BSEV2,官方不符合技术要求清单PDF,official_nonconforming_20240118,/workspace/purchase_tax_audit/compact_input_20261008/购置税项目_必要数据精简包_20261008/原件/20240118_不符合技术要求的车型清单.pdf,96dfba8ba2f57eb5633ce8e1ea1cfa48e6a81f1edc9988b9bc660b2bd9e7443e,2024-01-18,page 1; seq 36,安徽江淮汽车集团股份有限公司,换电式纯电动轿车,1,1,0,0
HFC7004CSEV1-W,官方不符合技术要求清单PDF,official_nonconforming_20240118,/workspace/purchase_tax_audit/compact_input_20261008/购置税项目_必要数据精简包_20261008/原件/20240118_不符合技术要求的车型清单.pdf,96dfba8ba2f57eb5633ce8e1ea1cfa48e6a81f1edc9988b9bc660b2bd9e7443e,2024-01-18,page 1; seq 37,安徽江淮汽车集团股份有限公司,换电式纯电动轿车,1,1,0,0
HFC7002BSEV1,官方不符合技术要求清单PDF,official_nonconforming_20240118,/workspace/purchase_tax_audit/compact_input_20261008/购置税项目_必要数据精简包_20261008/原件/20240118_不符合技术要求的车型清单.pdf,96dfba8ba2f57eb5633ce8e1ea1cfa48e6a81f1edc9988b9bc660b2bd9e7443e,2024-01-18,page 1; seq 38,安徽江淮汽车集团股份有限公司,换电式纯电动轿车,1,1,0,0
HFC7003CSEV1-W,官方不符合技术要求清单PDF,official_nonconforming_20240118,/workspace/purchase_tax_audit/compact_input_20261008/购置税项目_必要数据精简包_20261008/原件/20240118_不符合技术要求的车型清单.pdf,96dfba8ba2f57eb5633ce8e1ea1cfa48e6a81f1edc9988b9bc660b2bd9e7443e,2024-01-18,page 1; seq 39,安徽江淮汽车集团股份有限公司,换电式纯电动轿车,1,1,0,0
HFC7002CSEV1-W,官方不符合技术要求清单PDF,official_nonconforming_20240118,/workspace/purchase_tax_audit/compact_input_20261008/购置税项目_必要数据精简包_20261008/原件/20240118_不符合技术要求的车型清单.pdf,96dfba8ba2f57eb5633ce8e1ea1cfa48e6a81f1edc9988b9bc660b2bd9e7443e,2024-01-18,page 1; seq 40,安徽江淮汽车集团股份有限公司,换电式纯电动轿车,1,1,0,0
HFC7000BEV11,官方不符合技术要求清单PDF,official_nonconforming_20240118,/workspace/purchase_tax_audit/compact_input_20261008/购置税项目_必要数据精简包_20261008/原件/20240118_不符合技术要求的车型清单.pdf,96dfba8ba2f57eb5633ce8e1ea1cfa48e6a81f1edc9988b9bc660b2bd9e7443e,2024-01-18,page 1; seq 41,安徽江淮汽车集团股份有限公司,换电式纯电动轿车,1,1,0,0
HFC6511RSEV2C7,官方不符合技术要求清单PDF,official_nonconforming_20240118,/workspace/purchase_tax_audit/compact_input_20261008/购置税项目_必要数据精简包_20261008/原件/20240118_不符合技术要求的车型清单.pdf,96dfba8ba2f57eb5633ce8e1ea1cfa48e6a81f1edc9988b9bc660b2bd9e7443e,2024-01-18,page 1; seq 42,安徽江淮汽车集团股份有限公司,换电式纯电动多用途乘用车,1,1,0,0
HFC6483EC1SEV1-W,官方不符合技术要求清单PDF,official_nonconforming_20240118,/workspace/purchase_tax_audit/compact_input_20261008/购置税项目_必要数据精简包_20261008/原件/20240118_不符合技术要求的车型清单.pdf,96dfba8ba2f57eb5633ce8e1ea1cfa48e6a81f1edc9988b9bc660b2bd9e7443e,2024-01-18,page 1; seq 43,安徽江淮汽车集团股份有限公司,换电式纯电动多用途乘用车,1,1,0,0
HFC6494ECSEV2-W,官方不符合技术要求清单PDF,official_nonconforming_20240118,/workspace/purchase_tax_audit/compact_input_20261008/购置税项目_必要数据精简包_20261008/原件/20240118_不符合技术要求的车型清单.pdf,96dfba8ba2f57eb5633ce8e1ea1cfa48e6a81f1edc9988b9bc660b2bd9e7443e,2024-01-18,page 1; seq 44,安徽江淮汽车集团股份有限公司,换电式纯电动多用途乘用车,1,1,0,0
HFC6512ECSEV1-W,官方不符合技术要求清单PDF,official_nonconforming_20240118,/workspace/purchase_tax_audit/compact_input_20261008/购置税项目_必要数据精简包_20261008/原件/20240118_不符合技术要求的车型清单.pdf,96dfba8ba2f57eb5633ce8e1ea1cfa48e6a81f1edc9988b9bc660b2bd9e7443e,2024-01-18,page 1; seq 45,安徽江淮汽车集团股份有限公司,换电式纯电动多用途乘用车,1,1,0,0
HFC6493EC1SEV1-W,官方不符合技术要求清单PDF,official_nonconforming_20240118,/workspace/purchase_tax_audit/compact_input_20261008/购置税项目_必要数据精简包_20261008/原件/20240118_不符合技术要求的车型清单.pdf,96dfba8ba2f57eb5633ce8e1ea1cfa48e6a81f1edc9988b9bc660b2bd9e7443e,2024-01-18,page 1; seq 46,安徽江淮汽车集团股份有限公司,换电式纯电动多用途乘用车,1,1,0,0
HFC6494ECSEV1-W,官方不符合技术要求清单PDF,official_nonconforming_20240118,/workspace/purchase_tax_audit/compact_input_20261008/购置税项目_必要数据精简包_20261008/原件/20240118_不符合技术要求的车型清单.pdf,96dfba8ba2f57eb5633ce8e1ea1cfa48e6a81f1edc9988b9bc660b2bd9e7443e,2024-01-18,page 1; seq 47,安徽江淮汽车集团股份有限公司,换电式纯电动多用途乘用车,1,1,0,0
HFC6502ECSEV9-W,官方不符合技术要求清单PDF,official_nonconforming_20240118,/workspace/purchase_tax_audit/compact_input_20261008/购置税项目_必要数据精简包_20261008/原件/20240118_不符合技术要求的车型清单.pdf,96dfba8ba2f57eb5633ce8e1ea1cfa48e6a81f1edc9988b9bc660b2bd9e7443e,2024-01-18,page 1; seq 48,安徽江淮汽车集团股份有限公司,换电式纯电动多用途乘用车,1,1,0,0
HFC6483ECSEV5-W,官方不符合技术要求清单PDF,official_nonconforming_20240118,/workspace/purchase_tax_audit/compact_input_20261008/购置税项目_必要数据精简包_20261008/原件/20240118_不符合技术要求的车型清单.pdf,96dfba8ba2f57eb5633ce8e1ea1cfa48e6a81f1edc9988b9bc660b2bd9e7443e,2024-01-18,page 1; seq 49,安徽江淮汽车集团股份有限公司,换电式纯电动多用途乘用车,1,1,0,0
HFC6483ECSEV6-W,官方不符合技术要求清单PDF,official_nonconforming_20240118,/workspace/purchase_tax_audit/compact_input_20261008/购置税项目_必要数据精简包_20261008/原件/20240118_不符合技术要求的车型清单.pdf,96dfba8ba2f57eb5633ce8e1ea1cfa48e6a81f1edc9988b9bc660b2bd9e7443e,2024-01-18,page 1; seq 50,安徽江淮汽车集团股份有限公司,换电式纯电动多用途乘用车,1,1,0,0
HFC6483ECSEV-W,官方不符合技术要求清单PDF,official_nonconforming_20240118,/workspace/purchase_tax_audit/compact_input_20261008/购置税项目_必要数据精简包_20261008/原件/20240118_不符合技术要求的车型清单.pdf,96dfba8ba2f57eb5633ce8e1ea1cfa48e6a81f1edc9988b9bc660b2bd9e7443e,2024-01-18,page 1; seq 51,安徽江淮汽车集团股份有限公司,换电式纯电动多用途乘用车,1,1,0,0
HFC6483ECSEV2-W,官方不符合技术要求清单PDF,official_nonconforming_20240118,/workspace/purchase_tax_audit/compact_input_20261008/购置税项目_必要数据精简包_20261008/原件/20240118_不符合技术要求的车型清单.pdf,96dfba8ba2f57eb5633ce8e1ea1cfa48e6a81f1edc9988b9bc660b2bd9e7443e,2024-01-18,page 1; seq 52,安徽江淮汽车集团股份有限公司,换电式纯电动多用途乘用车,1,1,0,0
HFC6502ECSEV5-W,官方不符合技术要求清单PDF,official_nonconforming_20240118,/workspace/purchase_tax_audit/compact_input_20261008/购置税项目_必要数据精简包_20261008/原件/20240118_不符合技术要求的车型清单.pdf,96dfba8ba2f57eb5633ce8e1ea1cfa48e6a81f1edc9988b9bc660b2bd9e7443e,2024-01-18,page 1; seq 53,安徽江淮汽车集团股份有限公司,换电式纯电动多用途乘用车,1,1,0,0
DN6530MBEV5,官方不符合技术要求清单PDF,official_nonconforming_20240118,/workspace/purchase_tax_audit/compact_input_20261008/购置税项目_必要数据精简包_20261008/原件/20240118_不符合技术要求的车型清单.pdf,96dfba8ba2f57eb5633ce8e1ea1cfa48e6a81f1edc9988b9bc660b2bd9e7443e,2024-01-18,page 2; seq 54,东南(福建)汽车工业股份有限公司,换电式纯电动多用途乘用车,1,1,0,0
JNJ7000EVF7,官方不符合技术要求清单PDF,official_nonconforming_20240118,/workspace/purchase_tax_audit/compact_input_20261008/购置税项目_必要数据精简包_20261008/原件/20240118_不符合技术要求的车型清单.pdf,96dfba8ba2f57eb5633ce8e1ea1cfa48e6a81f1edc9988b9bc660b2bd9e7443e,2024-01-18,page 2; seq 55,湖南江南汽车制造有限公司,换电式纯电动轿车,1,1,0,0
GAM7000BEVE0E,官方不符合技术要求清单PDF,official_nonconforming_20240118,/workspace/purchase_tax_audit/compact_input_20261008/购置税项目_必要数据精简包_20261008/原件/20240118_不符合技术要求的车型清单.pdf,96dfba8ba2f57eb5633ce8e1ea1cfa48e6a81f1edc9988b9bc660b2bd9e7443e,2024-01-18,page 2; seq 56,广汽乘用车有限公司,换电式纯电动轿车,1,1,0,0
GAM6490BEVH0G,官方不符合技术要求清单PDF,official_nonconforming_20240118,/workspace/purchase_tax_audit/compact_input_20261008/购置税项目_必要数据精简包_20261008/原件/20240118_不符合技术要求的车型清单.pdf,96dfba8ba2f57eb5633ce8e1ea1cfa48e6a81f1edc9988b9bc660b2bd9e7443e,2024-01-18,page 2; seq 57,广汽乘用车有限公司,换电式纯电动多用途乘用车,1,1,0,0
LZ7000SKD6EV,官方不符合技术要求清单PDF,official_nonconforming_20240118,/workspace/purchase_tax_audit/compact_input_20261008/购置税项目_必要数据精简包_20261008/原件/20240118_不符合技术要求的车型清单.pdf,96dfba8ba2f57eb5633ce8e1ea1cfa48e6a81f1edc9988b9bc660b2bd9e7443e,2024-01-18,page 2; seq 58,东风柳州汽车有限公司,换电式纯电动轿车,1,1,0,0
LZ7008SLAEV,官方不符合技术要求清单PDF,official_nonconforming_20240118,/workspace/purchase_tax_audit/compact_input_20261008/购置税项目_必要数据精简包_20261008/原件/20240118_不符合技术要求的车型清单.pdf,96dfba8ba2f57eb5633ce8e1ea1cfa48e6a81f1edc9988b9bc660b2bd9e7443e,2024-01-18,page 2; seq 59,东风柳州汽车有限公司,换电式纯电动轿车,1,1,0,0
LF7001SEV2,官方不符合技术要求清单PDF,official_nonconforming_20240118,/workspace/purchase_tax_audit/compact_input_20261008/购置税项目_必要数据精简包_20261008/原件/20240118_不符合技术要求的车型清单.pdf,96dfba8ba2f57eb5633ce8e1ea1cfa48e6a81f1edc9988b9bc660b2bd9e7443e,2024-01-18,page 2; seq 60,重庆睿蓝汽车制造有限公司,换电式纯电动轿车,1,1,0,0
LF7001SEV1,官方不符合技术要求清单PDF,official_nonconforming_20240118,/workspace/purchase_tax_audit/compact_input_20261008/购置税项目_必要数据精简包_20261008/原件/20240118_不符合技术要求的车型清单.pdf,96dfba8ba2f57eb5633ce8e1ea1cfa48e6a81f1edc9988b9bc660b2bd9e7443e,2024-01-18,page 2; seq 61,重庆睿蓝汽车制造有限公司,换电式纯电动轿车,1,1,0,0
LF6462SEV01,官方不符合技术要求清单PDF,official_nonconforming_20240118,/workspace/purchase_tax_audit/compact_input_20261008/购置税项目_必要数据精简包_20261008/原件/20240118_不符合技术要求的车型清单.pdf,96dfba8ba2f57eb5633ce8e1ea1cfa48e6a81f1edc9988b9bc660b2bd9e7443e,2024-01-18,page 2; seq 62,重庆睿蓝汽车制造有限公司,换电式纯电动多用途乘用车,1,1,0,0
LF6461SEV01,官方不符合技术要求清单PDF,official_nonconforming_20240118,/workspace/purchase_tax_audit/compact_input_20261008/购置税项目_必要数据精简包_20261008/原件/20240118_不符合技术要求的车型清单.pdf,96dfba8ba2f57eb5633ce8e1ea1cfa48e6a81f1edc9988b9bc660b2bd9e7443e,2024-01-18,page 2; seq 63,重庆睿蓝汽车制造有限公司,换电式纯电动多用途乘用车,1,1,0,0
LF6470SEV02,官方不符合技术要求清单PDF,official_nonconforming_20240118,/workspace/purchase_tax_audit/compact_input_20261008/购置税项目_必要数据精简包_20261008/原件/20240118_不符合技术要求的车型清单.pdf,96dfba8ba2f57eb5633ce8e1ea1cfa48e6a81f1edc9988b9bc660b2bd9e7443e,2024-01-18,page 2; seq 64,重庆睿蓝汽车制造有限公司,换电式纯电动多用途乘用车,1,1,0,0
LF6470SEV01,官方不符合技术要求清单PDF,official_nonconforming_20240118,/workspace/purchase_tax_audit/compact_input_20261008/购置税项目_必要数据精简包_20261008/原件/20240118_不符合技术要求的车型清单.pdf,96dfba8ba2f57eb5633ce8e1ea1cfa48e6a81f1edc9988b9bc660b2bd9e7443e,2024-01-18,page 2; seq 65,重庆睿蓝汽车制造有限公司,换电式纯电动多用途乘用车,1,1,0,0
LF6480SEV01,官方不符合技术要求清单PDF,official_nonconforming_20240118,/workspace/purchase_tax_audit/compact_input_20261008/购置税项目_必要数据精简包_20261008/原件/20240118_不符合技术要求的车型清单.pdf,96dfba8ba2f57eb5633ce8e1ea1cfa48e6a81f1edc9988b9bc660b2bd9e7443e,2024-01-18,page 2; seq 66,重庆睿蓝汽车制造有限公司,换电式纯电动多用途乘用车,1,1,0,0
LF6473SEV1,官方不符合技术要求清单PDF,official_nonconforming_20240118,/workspace/purchase_tax_audit/compact_input_20261008/购置税项目_必要数据精简包_20261008/原件/20240118_不符合技术要求的车型清单.pdf,96dfba8ba2f57eb5633ce8e1ea1cfa48e6a81f1edc9988b9bc660b2bd9e7443e,2024-01-18,page 2; seq 67,重庆睿蓝汽车制造有限公司,换电式纯电动多用途乘用车,1,1,0,0
LF6473SEV,官方不符合技术要求清单PDF,official_nonconforming_20240118,/workspace/purchase_tax_audit/compact_input_20261008/购置税项目_必要数据精简包_20261008/原件/20240118_不符合技术要求的车型清单.pdf,96dfba8ba2f57eb5633ce8e1ea1cfa48e6a81f1edc9988b9bc660b2bd9e7443e,2024-01-18,page 2; seq 68,重庆睿蓝汽车制造有限公司,换电式纯电动多用途乘用车,1,1,0,0
RX6490SEV02,官方不符合技术要求清单PDF,official_nonconforming_20240118,/workspace/purchase_tax_audit/compact_input_20261008/购置税项目_必要数据精简包_20261008/原件/20240118_不符合技术要求的车型清单.pdf,96dfba8ba2f57eb5633ce8e1ea1cfa48e6a81f1edc9988b9bc660b2bd9e7443e,2024-01-18,page 2; seq 69,成都高原汽车工业有限公司,换电式纯电动福祉多用途乘用车,1,1,0,0
RX6490SEV01,官方不符合技术要求清单PDF,official_nonconforming_20240118,/workspace/purchase_tax_audit/compact_input_20261008/购置税项目_必要数据精简包_20261008/原件/20240118_不符合技术要求的车型清单.pdf,96dfba8ba2f57eb5633ce8e1ea1cfa48e6a81f1edc9988b9bc660b2bd9e7443e,2024-01-18,page 2; seq 70,成都高原汽车工业有限公司,换电式纯电动福祉多用途乘用车,1,1,0,0
BJ7000C5DEK-BEV,官方不符合技术要求清单PDF,official_nonconforming_20240118,/workspace/purchase_tax_audit/compact_input_20261008/购置税项目_必要数据精简包_20261008/原件/20240118_不符合技术要求的车型清单.pdf,96dfba8ba2f57eb5633ce8e1ea1cfa48e6a81f1edc9988b9bc660b2bd9e7443e,2024-01-18,page 2; seq 71,北汽云南瑞丽汽车有限公司,换电式纯电动轿车,1,1,0,0
SQR6481BEVF11,官方不符合技术要求清单PDF,official_nonconforming_20240118,/workspace/purchase_tax_audit/compact_input_20261008/购置税项目_必要数据精简包_20261008/原件/20240118_不符合技术要求的车型清单.pdf,96dfba8ba2f57eb5633ce8e1ea1cfa48e6a81f1edc9988b9bc660b2bd9e7443e,2024-01-18,page 2; seq 72,奇瑞商用车(安徽)有限公司,换电式纯电动多用途乘用车,1,1,0,0
JX6475USEV,官方不符合技术要求清单PDF,official_nonconforming_20240118,/workspace/purchase_tax_audit/compact_input_20261008/购置税项目_必要数据精简包_20261008/原件/20240118_不符合技术要求的车型清单.pdf,96dfba8ba2f57eb5633ce8e1ea1cfa48e6a81f1edc9988b9bc660b2bd9e7443e,2024-01-18,page 2; seq 73,江铃控股有限公司,换电式纯电动多用途乘用车,1,1,0,0
CSA7005DSEV2,官方不符合技术要求清单PDF,official_nonconforming_20240118,/workspace/purchase_tax_audit/compact_input_20261008/购置税项目_必要数据精简包_20261008/原件/20240118_不符合技术要求的车型清单.pdf,96dfba8ba2f57eb5633ce8e1ea1cfa48e6a81f1edc9988b9bc660b2bd9e7443e,2024-01-18,page 2; seq 74,上海汽车集团股份有限公司,换电式纯电动轿车,1,1,0,0
CSA7005DSEV3,官方不符合技术要求清单PDF,official_nonconforming_20240118,/workspace/purchase_tax_audit/compact_input_20261008/购置税项目_必要数据精简包_20261008/原件/20240118_不符合技术要求的车型清单.pdf,96dfba8ba2f57eb5633ce8e1ea1cfa48e6a81f1edc9988b9bc660b2bd9e7443e,2024-01-18,page 2; seq 75,上海汽车集团股份有限公司,换电式纯电动轿车,1,1,0,0
CSA7005DSEV1,官方不符合技术要求清单PDF,official_nonconforming_20240118,/workspace/purchase_tax_audit/compact_input_20261008/购置税项目_必要数据精简包_20261008/原件/20240118_不符合技术要求的车型清单.pdf,96dfba8ba2f57eb5633ce8e1ea1cfa48e6a81f1edc9988b9bc660b2bd9e7443e,2024-01-18,page 2; seq 76,上海汽车集团股份有限公司,换电式纯电动轿车,1,1,0,0
CSA7002FSEV1,官方不符合技术要求清单PDF,official_nonconforming_20240118,/workspace/purchase_tax_audit/compact_input_20261008/购置税项目_必要数据精简包_20261008/原件/20240118_不符合技术要求的车型清单.pdf,96dfba8ba2f57eb5633ce8e1ea1cfa48e6a81f1edc9988b9bc660b2bd9e7443e,2024-01-18,page 2; seq 77,上海汽车集团股份有限公司,换电式纯电动轿车,1,1,0,0
CSA7002FSEV2,官方不符合技术要求清单PDF,official_nonconforming_20240118,/workspace/purchase_tax_audit/compact_input_20261008/购置税项目_必要数据精简包_20261008/原件/20240118_不符合技术要求的车型清单.pdf,96dfba8ba2f57eb5633ce8e1ea1cfa48e6a81f1edc9988b9bc660b2bd9e7443e,2024-01-18,page 2; seq 78,上海汽车集团股份有限公司,换电式纯电动轿车,1,1,0,0
CSA7005DSEV4,官方不符合技术要求清单PDF,official_nonconforming_20240118,/workspace/purchase_tax_audit/compact_input_20261008/购置税项目_必要数据精简包_20261008/原件/20240118_不符合技术要求的车型清单.pdf,96dfba8ba2f57eb5633ce8e1ea1cfa48e6a81f1edc9988b9bc660b2bd9e7443e,2024-01-18,page 2; seq 79,上海汽车集团股份有限公司,换电式纯电动轿车,1,1,0,0
CSA7005DSEV5,官方不符合技术要求清单PDF,official_nonconforming_20240118,/workspace/purchase_tax_audit/compact_input_20261008/购置税项目_必要数据精简包_20261008/原件/20240118_不符合技术要求的车型清单.pdf,96dfba8ba2f57eb5633ce8e1ea1cfa48e6a81f1edc9988b9bc660b2bd9e7443e,2024-01-18,page 2; seq 80,上海汽车集团股份有限公司,换电式纯电动轿车,1,1,0,0
CSA6493YSEV2,官方不符合技术要求清单PDF,official_nonconforming_20240118,/workspace/purchase_tax_audit/compact_input_20261008/购置税项目_必要数据精简包_20261008/原件/20240118_不符合技术要求的车型清单.pdf,96dfba8ba2f57eb5633ce8e1ea1cfa48e6a81f1edc9988b9bc660b2bd9e7443e,2024-01-18,page 2; seq 81,上海汽车集团股份有限公司,换电式纯电动多用途乘用车,1,1,0,0
CSA6493YSEV1,官方不符合技术要求清单PDF,official_nonconforming_20240118,/workspace/purchase_tax_audit/compact_input_20261008/购置税项目_必要数据精简包_20261008/原件/20240118_不符合技术要求的车型清单.pdf,96dfba8ba2f57eb5633ce8e1ea1cfa48e6a81f1edc9988b9bc660b2bd9e7443e,2024-01-18,page 2; seq 82,上海汽车集团股份有限公司,换电式纯电动多用途乘用车,1,1,0,0
NJL6471BEV500,官方不符合技术要求清单PDF,official_nonconforming_20240118,/workspace/purchase_tax_audit/compact_input_20261008/购置税项目_必要数据精简包_20261008/原件/20240118_不符合技术要求的车型清单.pdf,96dfba8ba2f57eb5633ce8e1ea1cfa48e6a81f1edc9988b9bc660b2bd9e7443e,2024-01-18,page 2; seq 83,南京金龙客车制造有限公司,换电式纯电动多用途乘用车,1,1,0,0
JX6480EUABEV,官方不符合技术要求清单PDF,official_nonconforming_20240118,/workspace/purchase_tax_audit/compact_input_20261008/购置税项目_必要数据精简包_20261008/原件/20240118_不符合技术要求的车型清单.pdf,96dfba8ba2f57eb5633ce8e1ea1cfa48e6a81f1edc9988b9bc660b2bd9e7443e,2024-01-18,page 2; seq 84,江西江铃集团新能源汽车有限公司,换电式纯电动多用途乘用车,1,1,0,0
NEQ7000SEVJ60,官方不符合技术要求清单PDF,official_nonconforming_20240118,/workspace/purchase_tax_audit/compact_input_20261008/购置税项目_必要数据精简包_20261008/原件/20240118_不符合技术要求的车型清单.pdf,96dfba8ba2f57eb5633ce8e1ea1cfa48e6a81f1edc9988b9bc660b2bd9e7443e,2024-01-18,page 2; seq 85,奇瑞新能源汽车股份有限公司,换电式纯电动轿车,1,1,0,0
JWT6470SEV01,官方不符合技术要求清单PDF,official_nonconforming_20240118,/workspace/purchase_tax_audit/compact_input_20261008/购置税项目_必要数据精简包_20261008/原件/20240118_不符合技术要求的车型清单.pdf,96dfba8ba2f57eb5633ce8e1ea1cfa48e6a81f1edc9988b9bc660b2bd9e7443e,2024-01-18,page 2; seq 86,枫盛汽车(江苏)有限公司,换电型纯电动多用途乘用车,1,1,0,0
JWT7001SEV01,官方不符合技术要求清单PDF,official_nonconforming_20240118,/workspace/purchase_tax_audit/compact_input_20261008/购置税项目_必要数据精简包_20261008/原件/20240118_不符合技术要求的车型清单.pdf,96dfba8ba2f57eb5633ce8e1ea1cfa48e6a81f1edc9988b9bc660b2bd9e7443e,2024-01-18,page 2; seq 87,枫盛汽车(江苏)有限公司,换电式纯电动轿车,1,1,0,0
JWT6470SEV04,官方不符合技术要求清单PDF,official_nonconforming_20240118,/workspace/purchase_tax_audit/compact_input_20261008/购置税项目_必要数据精简包_20261008/原件/20240118_不符合技术要求的车型清单.pdf,96dfba8ba2f57eb5633ce8e1ea1cfa48e6a81f1edc9988b9bc660b2bd9e7443e,2024-01-18,page 2; seq 88,枫盛汽车(江苏)有限公司,换电式纯电动多用途乘用车,1,1,0,0
JWT6470SEV03,官方不符合技术要求清单PDF,official_nonconforming_20240118,/workspace/purchase_tax_audit/compact_input_20261008/购置税项目_必要数据精简包_20261008/原件/20240118_不符合技术要求的车型清单.pdf,96dfba8ba2f57eb5633ce8e1ea1cfa48e6a81f1edc9988b9bc660b2bd9e7443e,2024-01-18,page 2; seq 89,枫盛汽车(江苏)有限公司,换电式纯电动多用途乘用车,1,1,0,0
JWT6470SEV02,官方不符合技术要求清单PDF,official_nonconforming_20240118,/workspace/purchase_tax_audit/compact_input_20261008/购置税项目_必要数据精简包_20261008/原件/20240118_不符合技术要求的车型清单.pdf,96dfba8ba2f57eb5633ce8e1ea1cfa48e6a81f1edc9988b9bc660b2bd9e7443e,2024-01-18,page 2; seq 90,枫盛汽车(江苏)有限公司,换电式纯电动多用途乘用车,1,1,0,0
THZ6450SEVS30M,官方不符合技术要求清单PDF,official_nonconforming_20240118,/workspace/purchase_tax_audit/compact_input_20261008/购置税项目_必要数据精简包_20261008/原件/20240118_不符合技术要求的车型清单.pdf,96dfba8ba2f57eb5633ce8e1ea1cfa48e6a81f1edc9988b9bc660b2bd9e7443e,2024-01-18,page 2; seq 91,合众新能源汽车股份有限公司,换电式纯电动多用途乘用车,1,1,0,0
THZ6450SEVS302,官方不符合技术要求清单PDF,official_nonconforming_20240118,/workspace/purchase_tax_audit/compact_input_20261008/购置税项目_必要数据精简包_20261008/原件/20240118_不符合技术要求的车型清单.pdf,96dfba8ba2f57eb5633ce8e1ea1cfa48e6a81f1edc9988b9bc660b2bd9e7443e,2024-01-18,page 2; seq 92,合众新能源汽车股份有限公司,换电式纯电动多用途乘用车,1,1,0,0
THZ6450SEVS301,官方不符合技术要求清单PDF,official_nonconforming_20240118,/workspace/purchase_tax_audit/compact_input_20261008/购置税项目_必要数据精简包_20261008/原件/20240118_不符合技术要求的车型清单.pdf,96dfba8ba2f57eb5633ce8e1ea1cfa48e6a81f1edc9988b9bc660b2bd9e7443e,2024-01-18,page 2; seq 93,合众新能源汽车股份有限公司,换电式纯电动多用途乘用车,1,1,0,0
CA7000BEVC,官方不符合技术要求清单PDF,official_nonconforming_20240118,/workspace/purchase_tax_audit/compact_input_20261008/购置税项目_必要数据精简包_20261008/原件/20240118_不符合技术要求的车型清单.pdf,96dfba8ba2f57eb5633ce8e1ea1cfa48e6a81f1edc9988b9bc660b2bd9e7443e,2024-01-18,page 2; seq 94,中国第一汽车集团有限公司,纯电动轿车,1,1,0,0
CA7000BEVB,官方不符合技术要求清单PDF,official_nonconforming_20240118,/workspace/purchase_tax_audit/compact_input_20261008/购置税项目_必要数据精简包_20261008/原件/20240118_不符合技术要求的车型清单.pdf,96dfba8ba2f57eb5633ce8e1ea1cfa48e6a81f1edc9988b9bc660b2bd9e7443e,2024-01-18,page 2; seq 95,中国第一汽车集团有限公司,纯电动轿车,1,1,0,0
CA7000BEVA,官方不符合技术要求清单PDF,official_nonconforming_20240118,/workspace/purchase_tax_audit/compact_input_20261008/购置税项目_必要数据精简包_20261008/原件/20240118_不符合技术要求的车型清单.pdf,96dfba8ba2f57eb5633ce8e1ea1cfa48e6a81f1edc9988b9bc660b2bd9e7443e,2024-01-18,page 2; seq 96,中国第一汽车集团有限公司,纯电动轿车,1,1,0,0
CA7000H0EVB,官方不符合技术要求清单PDF,official_nonconforming_20240118,/workspace/purchase_tax_audit/compact_input_20261008/购置税项目_必要数据精简包_20261008/原件/20240118_不符合技术要求的车型清单.pdf,96dfba8ba2f57eb5633ce8e1ea1cfa48e6a81f1edc9988b9bc660b2bd9e7443e,2024-01-18,page 2; seq 97,中国第一汽车集团有限公司,纯电动轿车,1,1,0,0
CA7001BEV,官方不符合技术要求清单PDF,official_nonconforming_20240118,/workspace/purchase_tax_audit/compact_input_20261008/购置税项目_必要数据精简包_20261008/原件/20240118_不符合技术要求的车型清单.pdf,96dfba8ba2f57eb5633ce8e1ea1cfa48e6a81f1edc9988b9bc660b2bd9e7443e,2024-01-18,page 2; seq 98,中国第一汽车集团有限公司,纯电动轿车,1,1,0,0
CA7006BEV,官方不符合技术要求清单PDF,official_nonconforming_20240118,/workspace/purchase_tax_audit/compact_input_20261008/购置税项目_必要数据精简包_20261008/原件/20240118_不符合技术要求的车型清单.pdf,96dfba8ba2f57eb5633ce8e1ea1cfa48e6a81f1edc9988b9bc660b2bd9e7443e,2024-01-18,page 2; seq 99,中国第一汽车集团有限公司,纯电动轿车,1,1,0,0
CA7001EVA,官方不符合技术要求清单PDF,official_nonconforming_20240118,/workspace/purchase_tax_audit/compact_input_20261008/购置税项目_必要数据精简包_20261008/原件/20240118_不符合技术要求的车型清单.pdf,96dfba8ba2f57eb5633ce8e1ea1cfa48e6a81f1edc9988b9bc660b2bd9e7443e,2024-01-18,page 2; seq 100,中国第一汽车集团有限公司,纯电动轿车,1,1,0,0
CA6520H0EVXN,官方不符合技术要求清单PDF,official_nonconforming_20240118,/workspace/purchase_tax_audit/compact_input_20261008/购置税项目_必要数据精简包_20261008/原件/20240118_不符合技术要求的车型清单.pdf,96dfba8ba2f57eb5633ce8e1ea1cfa48e6a81f1edc9988b9bc660b2bd9e7443e,2024-01-18,page 2; seq 101,中国第一汽车集团有限公司,纯电动多用途乘用车,1,1,0,0
CA6520H0EVXK,官方不符合技术要求清单PDF,official_nonconforming_20240118,/workspace/purchase_tax_audit/compact_input_20261008/购置税项目_必要数据精简包_20261008/原件/20240118_不符合技术要求的车型清单.pdf,96dfba8ba2f57eb5633ce8e1ea1cfa48e6a81f1edc9988b9bc660b2bd9e7443e,2024-01-18,page 2; seq 102,中国第一汽车集团有限公司,纯电动多用途乘用车,1,1,0,0
CA6520H0EVXM,官方不符合技术要求清单PDF,official_nonconforming_20240118,/workspace/purchase_tax_audit/compact_input_20261008/购置税项目_必要数据精简包_20261008/原件/20240118_不符合技术要求的车型清单.pdf,96dfba8ba2f57eb5633ce8e1ea1cfa48e6a81f1edc9988b9bc660b2bd9e7443e,2024-01-18,page 2; seq 103,中国第一汽车集团有限公司,纯电动多用途乘用车,1,1,0,0
CA7007REV,官方不符合技术要求清单PDF,official_nonconforming_20240118,/workspace/purchase_tax_audit/compact_input_20261008/购置税项目_必要数据精简包_20261008/原件/20240118_不符合技术要求的车型清单.pdf,96dfba8ba2f57eb5633ce8e1ea1cfa48e6a81f1edc9988b9bc660b2bd9e7443e,2024-01-18,page 2; seq 104,一汽吉林汽车有限公司,纯电动轿车,1,1,0,0
FV70010AABEV,官方不符合技术要求清单PDF,official_nonconforming_20240118,/workspace/purchase_tax_audit/compact_input_20261008/购置税项目_必要数据精简包_20261008/原件/20240118_不符合技术要求的车型清单.pdf,96dfba8ba2f57eb5633ce8e1ea1cfa48e6a81f1edc9988b9bc660b2bd9e7443e,2024-01-18,page 2; seq 105,一汽-大众汽车有限公司,纯电动轿车,1,1,0,0
FV7002AABEV,官方不符合技术要求清单PDF,official_nonconforming_20240118,/workspace/purchase_tax_audit/compact_input_20261008/购置税项目_必要数据精简包_20261008/原件/20240118_不符合技术要求的车型清单.pdf,96dfba8ba2f57eb5633ce8e1ea1cfa48e6a81f1edc9988b9bc660b2bd9e7443e,2024-01-18,page 2; seq 106,一汽-大众汽车有限公司,纯电动轿车,1,1,0,0
FV7004AABEV,官方不符合技术要求清单PDF,official_nonconforming_20240118,/workspace/purchase_tax_audit/compact_input_20261008/购置税项目_必要数据精简包_20261008/原件/20240118_不符合技术要求的车型清单.pdf,96dfba8ba2f57eb5633ce8e1ea1cfa48e6a81f1edc9988b9bc660b2bd9e7443e,2024-01-18,page 2; seq 107,一汽-大众汽车有限公司,纯电动轿车,1,1,0,0
EQ2040RMVBEV,官方不符合技术要求清单PDF,official_nonconforming_20240118,/workspace/purchase_tax_audit/compact_input_20261008/购置税项目_必要数据精简包_20261008/原件/20240118_不符合技术要求的车型清单.pdf,96dfba8ba2f57eb5633ce8e1ea1cfa48e6a81f1edc9988b9bc660b2bd9e7443e,2024-01-18,page 2; seq 108,东风汽车集团有限公司,纯电动越野乘用车,1,1,0,0
EQ7000AL1F2BEV,官方不符合技术要求清单PDF,official_nonconforming_20240118,/workspace/purchase_tax_audit/compact_input_20261008/购置税项目_必要数据精简包_20261008/原件/20240118_不符合技术要求的车型清单.pdf,96dfba8ba2f57eb5633ce8e1ea1cfa48e6a81f1edc9988b9bc660b2bd9e7443e,2024-01-18,page 3; seq 109,东风汽车集团有限公司,纯电动轿车,1,1,0,0
EQ7000FD2F3BEV,官方不符合技术要求清单PDF,official_nonconforming_20240118,/workspace/purchase_tax_audit/compact_input_20261008/购置税项目_必要数据精简包_20261008/原件/20240118_不符合技术要求的车型清单.pdf,96dfba8ba2f57eb5633ce8e1ea1cfa48e6a81f1edc9988b9bc660b2bd9e7443e,2024-01-18,page 3; seq 110,东风汽车集团有限公司,纯电动轿车,1,1,0,0
EQ7001AL1F2BEV,官方不符合技术要求清单PDF,official_nonconforming_20240118,/workspace/purchase_tax_audit/compact_input_20261008/购置税项目_必要数据精简包_20261008/原件/20240118_不符合技术要求的车型清单.pdf,96dfba8ba2f57eb5633ce8e1ea1cfa48e6a81f1edc9988b9bc660b2bd9e7443e,2024-01-18,page 3; seq 111,东风汽车集团有限公司,纯电动轿车,1,1,0,0
DFM7003G1F1BEV,官方不符合技术要求清单PDF,official_nonconforming_20240118,/workspace/purchase_tax_audit/compact_input_20261008/购置税项目_必要数据精简包_20261008/原件/20240118_不符合技术要求的车型清单.pdf,96dfba8ba2f57eb5633ce8e1ea1cfa48e6a81f1edc9988b9bc660b2bd9e7443e,2024-01-18,page 3; seq 112,东风汽车集团有限公司,纯电动轿车,1,1,0,0
DFM7002G1F2BEV,官方不符合技术要求清单PDF,official_nonconforming_20240118,/workspace/purchase_tax_audit/compact_input_20261008/购置税项目_必要数据精简包_20261008/原件/20240118_不符合技术要求的车型清单.pdf,96dfba8ba2f57eb5633ce8e1ea1cfa48e6a81f1edc9988b9bc660b2bd9e7443e,2024-01-18,page 3; seq 113,东风汽车集团有限公司,纯电动轿车,1,1,0,0
DFM7000G1A3BEV,官方不符合技术要求清单PDF,official_nonconforming_20240118,/workspace/purchase_tax_audit/compact_input_20261008/购置税项目_必要数据精简包_20261008/原件/20240118_不符合技术要求的车型清单.pdf,96dfba8ba2f57eb5633ce8e1ea1cfa48e6a81f1edc9988b9bc660b2bd9e7443e,2024-01-18,page 3; seq 114,东风汽车集团有限公司,纯电动轿车,1,1,0,0
DFM7000G1A1BEV,官方不符合技术要求清单PDF,official_nonconforming_20240118,/workspace/purchase_tax_audit/compact_input_20261008/购置税项目_必要数据精简包_20261008/原件/20240118_不符合技术要求的车型清单.pdf,96dfba8ba2f57eb5633ce8e1ea1cfa48e6a81f1edc9988b9bc660b2bd9e7443e,2024-01-18,page 3; seq 115,东风汽车集团有限公司,纯电动轿车,1,1,0,0
DFA7000C1A4BEV,官方不符合技术要求清单PDF,official_nonconforming_20240118,/workspace/purchase_tax_audit/compact_input_20261008/购置税项目_必要数据精简包_20261008/原件/20240118_不符合技术要求的车型清单.pdf,96dfba8ba2f57eb5633ce8e1ea1cfa48e6a81f1edc9988b9bc660b2bd9e7443e,2024-01-18,page 3; seq 116,东风汽车集团有限公司,纯电动轿车,1,1,0,0
DFA7000C1A5BEV,官方不符合技术要求清单PDF,official_nonconforming_20240118,/workspace/purchase_tax_audit/compact_input_20261008/购置税项目_必要数据精简包_20261008/原件/20240118_不符合技术要求的车型清单.pdf,96dfba8ba2f57eb5633ce8e1ea1cfa48e6a81f1edc9988b9bc660b2bd9e7443e,2024-01-18,page 3; seq 117,东风汽车集团有限公司,纯电动轿车,1,1,0,0
DFA7000L2ABEV4,官方不符合技术要求清单PDF,official_nonconforming_20240118,/workspace/purchase_tax_audit/compact_input_20261008/购置税项目_必要数据精简包_20261008/原件/20240118_不符合技术要求的车型清单.pdf,96dfba8ba2f57eb5633ce8e1ea1cfa48e6a81f1edc9988b9bc660b2bd9e7443e,2024-01-18,page 3; seq 118,东风汽车集团有限公司,纯电动轿车,1,1,0,0
DFM7000G1F6BEV,官方不符合技术要求清单PDF,official_nonconforming_20240118,/workspace/purchase_tax_audit/compact_input_20261008/购置税项目_必要数据精简包_20261008/原件/20240118_不符合技术要求的车型清单.pdf,96dfba8ba2f57eb5633ce8e1ea1cfa48e6a81f1edc9988b9bc660b2bd9e7443e,2024-01-18,page 3; seq 119,东风汽车集团有限公司,纯电动轿车,1,1,0,0
EQ7000LS1F1BEV,官方不符合技术要求清单PDF,official_nonconforming_20240118,/workspace/purchase_tax_audit/compact_input_20261008/购置税项目_必要数据精简包_20261008/原件/20240118_不符合技术要求的车型清单.pdf,96dfba8ba2f57eb5633ce8e1ea1cfa48e6a81f1edc9988b9bc660b2bd9e7443e,2024-01-18,page 3; seq 120,东风汽车集团有限公司,纯电动轿车,1,1,0,0
EQ6530AL5F2BEV,官方不符合技术要求清单PDF,official_nonconforming_20240118,/workspace/purchase_tax_audit/compact_input_20261008/购置税项目_必要数据精简包_20261008/原件/20240118_不符合技术要求的车型清单.pdf,96dfba8ba2f57eb5633ce8e1ea1cfa48e6a81f1edc9988b9bc660b2bd9e7443e,2024-01-18,page 3; seq 121,东风汽车集团有限公司,纯电动多用途乘用车,1,1,0,0
EQ6531AL5F2BEV,官方不符合技术要求清单PDF,official_nonconforming_20240118,/workspace/purchase_tax_audit/compact_input_20261008/购置税项目_必要数据精简包_20261008/原件/20240118_不符合技术要求的车型清单.pdf,96dfba8ba2f57eb5633ce8e1ea1cfa48e6a81f1edc9988b9bc660b2bd9e7443e,2024-01-18,page 3; seq 122,东风汽车集团有限公司,纯电动多用途乘用车,1,1,0,0
EQ6491AL5F2BEV,官方不符合技术要求清单PDF,official_nonconforming_20240118,/workspace/purchase_tax_audit/compact_input_20261008/购置税项目_必要数据精简包_20261008/原件/20240118_不符合技术要求的车型清单.pdf,96dfba8ba2f57eb5633ce8e1ea1cfa48e6a81f1edc9988b9bc660b2bd9e7443e,2024-01-18,page 3; seq 123,东风汽车集团有限公司,纯电动多用途乘用车,1,1,0,0
DFL7003NNY3BEV,官方不符合技术要求清单PDF,official_nonconforming_20240118,/workspace/purchase_tax_audit/compact_input_20261008/购置税项目_必要数据精简包_20261008/原件/20240118_不符合技术要求的车型清单.pdf,96dfba8ba2f57eb5633ce8e1ea1cfa48e6a81f1edc9988b9bc660b2bd9e7443e,2024-01-18,page 3; seq 124,东风汽车有限公司,纯电动轿车,1,1,0,0
DFL7002NNY4BEV,官方不符合技术要求清单PDF,official_nonconforming_20240118,/workspace/purchase_tax_audit/compact_input_20261008/购置税项目_必要数据精简包_20261008/原件/20240118_不符合技术要求的车型清单.pdf,96dfba8ba2f57eb5633ce8e1ea1cfa48e6a81f1edc9988b9bc660b2bd9e7443e,2024-01-18,page 3; seq 125,东风汽车有限公司,纯电动轿车,1,1,0,0
DFL7002NNY3BEV,官方不符合技术要求清单PDF,official_nonconforming_20240118,/workspace/purchase_tax_audit/compact_input_20261008/购置税项目_必要数据精简包_20261008/原件/20240118_不符合技术要求的车型清单.pdf,96dfba8ba2f57eb5633ce8e1ea1cfa48e6a81f1edc9988b9bc660b2bd9e7443e,2024-01-18,page 3; seq 126,东风汽车有限公司,纯电动轿车,1,1,0,0
DFL7001NNY1BEV,官方不符合技术要求清单PDF,official_nonconforming_20240118,/workspace/purchase_tax_audit/compact_input_20261008/购置税项目_必要数据精简包_20261008/原件/20240118_不符合技术要求的车型清单.pdf,96dfba8ba2f57eb5633ce8e1ea1cfa48e6a81f1edc9988b9bc660b2bd9e7443e,2024-01-18,page 3; seq 127,东风汽车有限公司,纯电动轿车,1,1,0,0
DFL7001NNY3BEV,官方不符合技术要求清单PDF,official_nonconforming_20240118,/workspace/purchase_tax_audit/compact_input_20261008/购置税项目_必要数据精简包_20261008/原件/20240118_不符合技术要求的车型清单.pdf,96dfba8ba2f57eb5633ce8e1ea1cfa48e6a81f1edc9988b9bc660b2bd9e7443e,2024-01-18,page 3; seq 128,东风汽车有限公司,纯电动轿车,1,1,0,0
DFL7001NNY2BEV,官方不符合技术要求清单PDF,official_nonconforming_20240118,/workspace/purchase_tax_audit/compact_input_20261008/购置税项目_必要数据精简包_20261008/原件/20240118_不符合技术要求的车型清单.pdf,96dfba8ba2f57eb5633ce8e1ea1cfa48e6a81f1edc9988b9bc660b2bd9e7443e,2024-01-18,page 3; seq 129,东风汽车有限公司,纯电动轿车,1,1,0,0
DXK7001RD18BEV,官方不符合技术要求清单PDF,official_nonconforming_20240118,/workspace/purchase_tax_audit/compact_input_20261008/购置税项目_必要数据精简包_20261008/原件/20240118_不符合技术要求的车型清单.pdf,96dfba8ba2f57eb5633ce8e1ea1cfa48e6a81f1edc9988b9bc660b2bd9e7443e,2024-01-18,page 3; seq 130,东风小康汽车有限公司,纯电动轿车,1,1,0,0
DXK7001RD19BEV,官方不符合技术要求清单PDF,official_nonconforming_20240118,/workspace/purchase_tax_audit/compact_input_20261008/购置税项目_必要数据精简包_20261008/原件/20240118_不符合技术要求的车型清单.pdf,96dfba8ba2f57eb5633ce8e1ea1cfa48e6a81f1edc9988b9bc660b2bd9e7443e,2024-01-18,page 3; seq 131,东风小康汽车有限公司,纯电动轿车,1,1,0,0
DXK7001RD20BEV,官方不符合技术要求清单PDF,official_nonconforming_20240118,/workspace/purchase_tax_audit/compact_input_20261008/购置税项目_必要数据精简包_20261008/原件/20240118_不符合技术要求的车型清单.pdf,96dfba8ba2f57eb5633ce8e1ea1cfa48e6a81f1edc9988b9bc660b2bd9e7443e,2024-01-18,page 3; seq 132,东风小康汽车有限公司,纯电动轿车,1,1,0,0
DXK7001RD15BEV,官方不符合技术要求清单PDF,official_nonconforming_20240118,/workspace/purchase_tax_audit/compact_input_20261008/购置税项目_必要数据精简包_20261008/原件/20240118_不符合技术要求的车型清单.pdf,96dfba8ba2f57eb5633ce8e1ea1cfa48e6a81f1edc9988b9bc660b2bd9e7443e,2024-01-18,page 3; seq 133,东风小康汽车有限公司,纯电动轿车,1,1,0,0
DXK7001RD1BEV,官方不符合技术要求清单PDF,official_nonconforming_20240118,/workspace/purchase_tax_audit/compact_input_20261008/购置税项目_必要数据精简包_20261008/原件/20240118_不符合技术要求的车型清单.pdf,96dfba8ba2f57eb5633ce8e1ea1cfa48e6a81f1edc9988b9bc660b2bd9e7443e,2024-01-18,page 3; seq 134,东风小康汽车有限公司,纯电动轿车,1,1,0,0
DXK7001RD2BEV,官方不符合技术要求清单PDF,official_nonconforming_20240118,/workspace/purchase_tax_audit/compact_input_20261008/购置税项目_必要数据精简包_20261008/原件/20240118_不符合技术要求的车型清单.pdf,96dfba8ba2f57eb5633ce8e1ea1cfa48e6a81f1edc9988b9bc660b2bd9e7443e,2024-01-18,page 3; seq 135,东风小康汽车有限公司,纯电动轿车,1,1,0,0
DXK7001RD5BEV,官方不符合技术要求清单PDF,official_nonconforming_20240118,/workspace/purchase_tax_audit/compact_input_20261008/购置税项目_必要数据精简包_20261008/原件/20240118_不符合技术要求的车型清单.pdf,96dfba8ba2f57eb5633ce8e1ea1cfa48e6a81f1edc9988b9bc660b2bd9e7443e,2024-01-18,page 3; seq 136,东风小康汽车有限公司,纯电动轿车,1,1,0,0
DXK7001RD11BEV,官方不符合技术要求清单PDF,official_nonconforming_20240118,/workspace/purchase_tax_audit/compact_input_20261008/购置税项目_必要数据精简包_20261008/原件/20240118_不符合技术要求的车型清单.pdf,96dfba8ba2f57eb5633ce8e1ea1cfa48e6a81f1edc9988b9bc660b2bd9e7443e,2024-01-18,page 3; seq 137,东风小康汽车有限公司,纯电动轿车,1,1,0,0
DXK7001RD4BEV,官方不符合技术要求清单PDF,official_nonconforming_20240118,/workspace/purchase_tax_audit/compact_input_20261008/购置税项目_必要数据精简包_20261008/原件/20240118_不符合技术要求的车型清单.pdf,96dfba8ba2f57eb5633ce8e1ea1cfa48e6a81f1edc9988b9bc660b2bd9e7443e,2024-01-18,page 3; seq 138,东风小康汽车有限公司,纯电动轿车,1,1,0,0
DXK7001RD9BEV,官方不符合技术要求清单PDF,official_nonconforming_20240118,/workspace/purchase_tax_audit/compact_input_20261008/购置税项目_必要数据精简包_20261008/原件/20240118_不符合技术要求的车型清单.pdf,96dfba8ba2f57eb5633ce8e1ea1cfa48e6a81f1edc9988b9bc660b2bd9e7443e,2024-01-18,page 3; seq 139,东风小康汽车有限公司,纯电动轿车,1,1,0,0
DXK7001RD7BEV,官方不符合技术要求清单PDF,official_nonconforming_20240118,/workspace/purchase_tax_audit/compact_input_20261008/购置税项目_必要数据精简包_20261008/原件/20240118_不符合技术要求的车型清单.pdf,96dfba8ba2f57eb5633ce8e1ea1cfa48e6a81f1edc9988b9bc660b2bd9e7443e,2024-01-18,page 3; seq 140,东风小康汽车有限公司,纯电动轿车,1,1,0,0
DXK7001RD10BEV,官方不符合技术要求清单PDF,official_nonconforming_20240118,/workspace/purchase_tax_audit/compact_input_20261008/购置税项目_必要数据精简包_20261008/原件/20240118_不符合技术要求的车型清单.pdf,96dfba8ba2f57eb5633ce8e1ea1cfa48e6a81f1edc9988b9bc660b2bd9e7443e,2024-01-18,page 3; seq 141,东风小康汽车有限公司,纯电动轿车,1,1,0,0
DXK7001RDBEV,官方不符合技术要求清单PDF,official_nonconforming_20240118,/workspace/purchase_tax_audit/compact_input_20261008/购置税项目_必要数据精简包_20261008/原件/20240118_不符合技术要求的车型清单.pdf,96dfba8ba2f57eb5633ce8e1ea1cfa48e6a81f1edc9988b9bc660b2bd9e7443e,2024-01-18,page 3; seq 142,东风小康汽车有限公司,纯电动轿车,1,1,0,0
DC7002XAAXBEVR,官方不符合技术要求清单PDF,official_nonconforming_20240118,/workspace/purchase_tax_audit/compact_input_20261008/购置税项目_必要数据精简包_20261008/原件/20240118_不符合技术要求的车型清单.pdf,96dfba8ba2f57eb5633ce8e1ea1cfa48e6a81f1edc9988b9bc660b2bd9e7443e,2024-01-18,page 3; seq 143,神龙汽车有限公司,纯电动轿车,1,1,0,0
SVW7002AEV,官方不符合技术要求清单PDF,official_nonconforming_20240118,/workspace/purchase_tax_audit/compact_input_20261008/购置税项目_必要数据精简包_20261008/原件/20240118_不符合技术要求的车型清单.pdf,96dfba8ba2f57eb5633ce8e1ea1cfa48e6a81f1edc9988b9bc660b2bd9e7443e,2024-01-18,page 3; seq 144,上汽大众汽车有限公司,纯电动轿车,1,1,0,0
SVW7001AEV,官方不符合技术要求清单PDF,official_nonconforming_20240118,/workspace/purchase_tax_audit/compact_input_20261008/购置税项目_必要数据精简包_20261008/原件/20240118_不符合技术要求的车型清单.pdf,96dfba8ba2f57eb5633ce8e1ea1cfa48e6a81f1edc9988b9bc660b2bd9e7443e,2024-01-18,page 3; seq 145,上汽大众汽车有限公司,纯电动轿车,1,1,0,0
BAW6330CA41BEV,官方不符合技术要求清单PDF,official_nonconforming_20240118,/workspace/purchase_tax_audit/compact_input_20261008/购置税项目_必要数据精简包_20261008/原件/20240118_不符合技术要求的车型清单.pdf,96dfba8ba2f57eb5633ce8e1ea1cfa48e6a81f1edc9988b9bc660b2bd9e7443e,2024-01-18,page 3; seq 146,北京汽车制造厂有限公司,纯电动运动型乘用车,1,1,0,0
BAW7000UL48BEV,官方不符合技术要求清单PDF,official_nonconforming_20240118,/workspace/purchase_tax_audit/compact_input_20261008/购置税项目_必要数据精简包_20261008/原件/20240118_不符合技术要求的车型清单.pdf,96dfba8ba2f57eb5633ce8e1ea1cfa48e6a81f1edc9988b9bc660b2bd9e7443e,2024-01-18,page 3; seq 147,北京汽车制造厂有限公司,纯电动轿车,1,1,0,0
BAW7000UB43BEV,官方不符合技术要求清单PDF,official_nonconforming_20240118,/workspace/purchase_tax_audit/compact_input_20261008/购置税项目_必要数据精简包_20261008/原件/20240118_不符合技术要求的车型清单.pdf,96dfba8ba2f57eb5633ce8e1ea1cfa48e6a81f1edc9988b9bc660b2bd9e7443e,2024-01-18,page 3; seq 148,北京汽车制造厂有限公司,纯电动轿车,1,1,0,0
BAW7000UB44BEV,官方不符合技术要求清单PDF,official_nonconforming_20240118,/workspace/purchase_tax_audit/compact_input_20261008/购置税项目_必要数据精简包_20261008/原件/20240118_不符合技术要求的车型清单.pdf,96dfba8ba2f57eb5633ce8e1ea1cfa48e6a81f1edc9988b9bc660b2bd9e7443e,2024-01-18,page 3; seq 149,北京汽车制造厂有限公司,纯电动轿车,1,1,0,0
BAW7000UL47BEV,官方不符合技术要求清单PDF,official_nonconforming_20240118,/workspace/purchase_tax_audit/compact_input_20261008/购置税项目_必要数据精简包_20261008/原件/20240118_不符合技术要求的车型清单.pdf,96dfba8ba2f57eb5633ce8e1ea1cfa48e6a81f1edc9988b9bc660b2bd9e7443e,2024-01-18,page 3; seq 150,北京汽车制造厂有限公司,纯电动轿车,1,1,0,0
BAW7000UL46BEV,官方不符合技术要求清单PDF,official_nonconforming_20240118,/workspace/purchase_tax_audit/compact_input_20261008/购置税项目_必要数据精简包_20261008/原件/20240118_不符合技术要求的车型清单.pdf,96dfba8ba2f57eb5633ce8e1ea1cfa48e6a81f1edc9988b9bc660b2bd9e7443e,2024-01-18,page 3; seq 151,北京汽车制造厂有限公司,纯电动轿车,1,1,0,0
BAW7000UL44BEV,官方不符合技术要求清单PDF,official_nonconforming_20240118,/workspace/purchase_tax_audit/compact_input_20261008/购置税项目_必要数据精简包_20261008/原件/20240118_不符合技术要求的车型清单.pdf,96dfba8ba2f57eb5633ce8e1ea1cfa48e6a81f1edc9988b9bc660b2bd9e7443e,2024-01-18,page 3; seq 152,北京汽车制造厂有限公司,纯电动轿车,1,1,0,0
BAW7000UL42BEV,官方不符合技术要求清单PDF,official_nonconforming_20240118,/workspace/purchase_tax_audit/compact_input_20261008/购置税项目_必要数据精简包_20261008/原件/20240118_不符合技术要求的车型清单.pdf,96dfba8ba2f57eb5633ce8e1ea1cfa48e6a81f1edc9988b9bc660b2bd9e7443e,2024-01-18,page 3; seq 153,北京汽车制造厂有限公司,纯电动轿车,1,1,0,0
BAW7000UB42BEV,官方不符合技术要求清单PDF,official_nonconforming_20240118,/workspace/purchase_tax_audit/compact_input_20261008/购置税项目_必要数据精简包_20261008/原件/20240118_不符合技术要求的车型清单.pdf,96dfba8ba2f57eb5633ce8e1ea1cfa48e6a81f1edc9988b9bc660b2bd9e7443e,2024-01-18,page 3; seq 154,北京汽车制造厂有限公司,纯电动轿车,1,1,0,0
BAW7000UL41BEV,官方不符合技术要求清单PDF,official_nonconforming_20240118,/workspace/purchase_tax_audit/compact_input_20261008/购置税项目_必要数据精简包_20261008/原件/20240118_不符合技术要求的车型清单.pdf,96dfba8ba2f57eb5633ce8e1ea1cfa48e6a81f1edc9988b9bc660b2bd9e7443e,2024-01-18,page 3; seq 155,北京汽车制造厂有限公司,纯电动轿车,1,1,0,0
BAW7000UB45BEV,官方不符合技术要求清单PDF,official_nonconforming_20240118,/workspace/purchase_tax_audit/compact_input_20261008/购置税项目_必要数据精简包_20261008/原件/20240118_不符合技术要求的车型清单.pdf,96dfba8ba2f57eb5633ce8e1ea1cfa48e6a81f1edc9988b9bc660b2bd9e7443e,2024-01-18,page 3; seq 156,北京汽车制造厂有限公司,纯电动轿车,1,1,0,0
BAW6521MAJBEV,官方不符合技术要求清单PDF,official_nonconforming_20240118,/workspace/purchase_tax_audit/compact_input_20261008/购置税项目_必要数据精简包_20261008/原件/20240118_不符合技术要求的车型清单.pdf,96dfba8ba2f57eb5633ce8e1ea1cfa48e6a81f1edc9988b9bc660b2bd9e7443e,2024-01-18,page 3; seq 157,北京汽车制造厂有限公司,纯电动多用途乘用车,1,1,0,0
BAW6521MAJ1BEV,官方不符合技术要求清单PDF,official_nonconforming_20240118,/workspace/purchase_tax_audit/compact_input_20261008/购置税项目_必要数据精简包_20261008/原件/20240118_不符合技术要求的车型清单.pdf,96dfba8ba2f57eb5633ce8e1ea1cfa48e6a81f1edc9988b9bc660b2bd9e7443e,2024-01-18,page 3; seq 158,北京汽车制造厂有限公司,纯电动多用途乘用车,1,1,0,0
BJ6455EVAA2,官方不符合技术要求清单PDF,official_nonconforming_20240118,/workspace/purchase_tax_audit/compact_input_20261008/购置税项目_必要数据精简包_20261008/原件/20240118_不符合技术要求的车型清单.pdf,96dfba8ba2f57eb5633ce8e1ea1cfa48e6a81f1edc9988b9bc660b2bd9e7443e,2024-01-18,page 3; seq 159,北汽福田汽车股份有限公司,纯电动多用途乘用车,1,1,0,0
BJ6552EVAA,官方不符合技术要求清单PDF,official_nonconforming_20240118,/workspace/purchase_tax_audit/compact_input_20261008/购置税项目_必要数据精简包_20261008/原件/20240118_不符合技术要求的车型清单.pdf,96dfba8ba2f57eb5633ce8e1ea1cfa48e6a81f1edc9988b9bc660b2bd9e7443e,2024-01-18,page 3; seq 160,北汽福田汽车股份有限公司,纯电动多用途乘用车,1,1,0,0
BJ6552EVAA1,官方不符合技术要求清单PDF,official_nonconforming_20240118,/workspace/purchase_tax_audit/compact_input_20261008/购置税项目_必要数据精简包_20261008/原件/20240118_不符合技术要求的车型清单.pdf,96dfba8ba2f57eb5633ce8e1ea1cfa48e6a81f1edc9988b9bc660b2bd9e7443e,2024-01-18,page 3; seq 161,北汽福田汽车股份有限公司,纯电动多用途乘用车,1,1,0,0
BJ7000C5D2-BEV,官方不符合技术要求清单PDF,official_nonconforming_20240118,/workspace/purchase_tax_audit/compact_input_20261008/购置税项目_必要数据精简包_20261008/原件/20240118_不符合技术要求的车型清单.pdf,96dfba8ba2f57eb5633ce8e1ea1cfa48e6a81f1edc9988b9bc660b2bd9e7443e,2024-01-18,page 3; seq 162,北京汽车股份有限公司,纯电动轿车,1,1,0,0
BJ7000C5D3-BEV,官方不符合技术要求清单PDF,official_nonconforming_20240118,/workspace/purchase_tax_audit/compact_input_20261008/购置税项目_必要数据精简包_20261008/原件/20240118_不符合技术要求的车型清单.pdf,96dfba8ba2f57eb5633ce8e1ea1cfa48e6a81f1edc9988b9bc660b2bd9e7443e,2024-01-18,page 3; seq 163,北京汽车股份有限公司,纯电动轿车,1,1,0,0
BJ7001U5E2-BEV,官方不符合技术要求清单PDF,official_nonconforming_20240118,/workspace/purchase_tax_audit/compact_input_20261008/购置税项目_必要数据精简包_20261008/原件/20240118_不符合技术要求的车型清单.pdf,96dfba8ba2f57eb5633ce8e1ea1cfa48e6a81f1edc9988b9bc660b2bd9e7443e,2024-01-18,page 4; seq 164,北京汽车股份有限公司,纯电动轿车,1,1,0,0
BJ7000C5E6-BEV,官方不符合技术要求清单PDF,official_nonconforming_20240118,/workspace/purchase_tax_audit/compact_input_20261008/购置税项目_必要数据精简包_20261008/原件/20240118_不符合技术要求的车型清单.pdf,96dfba8ba2f57eb5633ce8e1ea1cfa48e6a81f1edc9988b9bc660b2bd9e7443e,2024-01-18,page 4; seq 165,北京汽车股份有限公司,纯电动轿车,1,1,0,0
BJ7000C5E7-BEV,官方不符合技术要求清单PDF,official_nonconforming_20240118,/workspace/purchase_tax_audit/compact_input_20261008/购置税项目_必要数据精简包_20261008/原件/20240118_不符合技术要求的车型清单.pdf,96dfba8ba2f57eb5633ce8e1ea1cfa48e6a81f1edc9988b9bc660b2bd9e7443e,2024-01-18,page 4; seq 166,北京汽车股份有限公司,纯电动轿车,1,1,0,0
BH7000BEVDBA,官方不符合技术要求清单PDF,official_nonconforming_20240118,/workspace/purchase_tax_audit/compact_input_20261008/购置税项目_必要数据精简包_20261008/原件/20240118_不符合技术要求的车型清单.pdf,96dfba8ba2f57eb5633ce8e1ea1cfa48e6a81f1edc9988b9bc660b2bd9e7443e,2024-01-18,page 4; seq 167,北京现代汽车有限公司,纯电动轿车,1,1,0,0
BH7000BEVCAA,官方不符合技术要求清单PDF,official_nonconforming_20240118,/workspace/purchase_tax_audit/compact_input_20261008/购置税项目_必要数据精简包_20261008/原件/20240118_不符合技术要求的车型清单.pdf,96dfba8ba2f57eb5633ce8e1ea1cfa48e6a81f1edc9988b9bc660b2bd9e7443e,2024-01-18,page 4; seq 168,北京现代汽车有限公司,纯电动轿车,1,1,0,0
BH7000BEVSCA,官方不符合技术要求清单PDF,official_nonconforming_20240118,/workspace/purchase_tax_audit/compact_input_20261008/购置税项目_必要数据精简包_20261008/原件/20240118_不符合技术要求的车型清单.pdf,96dfba8ba2f57eb5633ce8e1ea1cfa48e6a81f1edc9988b9bc660b2bd9e7443e,2024-01-18,page 4; seq 169,北京现代汽车有限公司,纯电动轿车,1,1,0,0
BJ7001BPHG-BEV,官方不符合技术要求清单PDF,official_nonconforming_20240118,/workspace/purchase_tax_audit/compact_input_20261008/购置税项目_必要数据精简包_20261008/原件/20240118_不符合技术要求的车型清单.pdf,96dfba8ba2f57eb5633ce8e1ea1cfa48e6a81f1edc9988b9bc660b2bd9e7443e,2024-01-18,page 4; seq 170,北京新能源汽车股份有限公司,纯电动轿车,1,1,0,0
BJ7001BPHJ-BEV,官方不符合技术要求清单PDF,official_nonconforming_20240118,/workspace/purchase_tax_audit/compact_input_20261008/购置税项目_必要数据精简包_20261008/原件/20240118_不符合技术要求的车型清单.pdf,96dfba8ba2f57eb5633ce8e1ea1cfa48e6a81f1edc9988b9bc660b2bd9e7443e,2024-01-18,page 4; seq 171,北京新能源汽车股份有限公司,纯电动轿车,1,1,0,0
BJ7000USD-BEV,官方不符合技术要求清单PDF,official_nonconforming_20240118,/workspace/purchase_tax_audit/compact_input_20261008/购置税项目_必要数据精简包_20261008/原件/20240118_不符合技术要求的车型清单.pdf,96dfba8ba2f57eb5633ce8e1ea1cfa48e6a81f1edc9988b9bc660b2bd9e7443e,2024-01-18,page 4; seq 172,北京新能源汽车股份有限公司,纯电动轿车,1,1,0,0
BRX6490DB5X0BEV,官方不符合技术要求清单PDF,official_nonconforming_20240118,/workspace/purchase_tax_audit/compact_input_20261008/购置税项目_必要数据精简包_20261008/原件/20240118_不符合技术要求的车型清单.pdf,96dfba8ba2f57eb5633ce8e1ea1cfa48e6a81f1edc9988b9bc660b2bd9e7443e,2024-01-18,page 4; seq 173,北汽瑞翔汽车有限公司,纯电动多用途乘用车,1,1,0,0
BJ6490DMN5XBEV,官方不符合技术要求清单PDF,official_nonconforming_20240118,/workspace/purchase_tax_audit/compact_input_20261008/购置税项目_必要数据精简包_20261008/原件/20240118_不符合技术要求的车型清单.pdf,96dfba8ba2f57eb5633ce8e1ea1cfa48e6a81f1edc9988b9bc660b2bd9e7443e,2024-01-18,page 4; seq 174,北汽瑞翔汽车有限公司,纯电动多用途乘用车,1,1,0,0
CC7001CE02ABEV,官方不符合技术要求清单PDF,official_nonconforming_20240118,/workspace/purchase_tax_audit/compact_input_20261008/购置税项目_必要数据精简包_20261008/原件/20240118_不符合技术要求的车型清单.pdf,96dfba8ba2f57eb5633ce8e1ea1cfa48e6a81f1edc9988b9bc660b2bd9e7443e,2024-01-18,page 4; seq 175,长城汽车股份有限公司,纯电动轿车,1,1,0,0
TV6470BEVFFE,官方不符合技术要求清单PDF,official_nonconforming_20240118,/workspace/purchase_tax_audit/compact_input_20261008/购置税项目_必要数据精简包_20261008/原件/20240118_不符合技术要求的车型清单.pdf,96dfba8ba2f57eb5633ce8e1ea1cfa48e6a81f1edc9988b9bc660b2bd9e7443e,2024-01-18,page 4; seq 176,一汽丰田汽车有限公司,纯电动多用途乘用车,1,1,0,0
BQ7000N2BEV,官方不符合技术要求清单PDF,official_nonconforming_20240118,/workspace/purchase_tax_audit/compact_input_20261008/购置税项目_必要数据精简包_20261008/原件/20240118_不符合技术要求的车型清单.pdf,96dfba8ba2f57eb5633ce8e1ea1cfa48e6a81f1edc9988b9bc660b2bd9e7443e,2024-01-18,page 4; seq 177,河北中兴汽车制造有限公司,纯电动轿车,1,1,0,0
HX7003BEV,官方不符合技术要求清单PDF,official_nonconforming_20240118,/workspace/purchase_tax_audit/compact_input_20261008/购置税项目_必要数据精简包_20261008/原件/20240118_不符合技术要求的车型清单.pdf,96dfba8ba2f57eb5633ce8e1ea1cfa48e6a81f1edc9988b9bc660b2bd9e7443e,2024-01-18,page 4; seq 178,河北红星汽车制造有限公司,纯电动轿车,1,1,0,0
SC6483ABEBEV,官方不符合技术要求清单PDF,official_nonconforming_20240118,/workspace/purchase_tax_audit/compact_input_20261008/购置税项目_必要数据精简包_20261008/原件/20240118_不符合技术要求的车型清单.pdf,96dfba8ba2f57eb5633ce8e1ea1cfa48e6a81f1edc9988b9bc660b2bd9e7443e,2024-01-18,page 4; seq 179,河北长安汽车有限公司,纯电动多用途乘用车,1,1,0,0
SC6453BBDBEV,官方不符合技术要求清单PDF,official_nonconforming_20240118,/workspace/purchase_tax_audit/compact_input_20261008/购置税项目_必要数据精简包_20261008/原件/20240118_不符合技术要求的车型清单.pdf,96dfba8ba2f57eb5633ce8e1ea1cfa48e6a81f1edc9988b9bc660b2bd9e7443e,2024-01-18,page 4; seq 180,河北长安汽车有限公司,纯电动多用途乘用车,1,1,0,0
SC6453BAABEV,官方不符合技术要求清单PDF,official_nonconforming_20240118,/workspace/purchase_tax_audit/compact_input_20261008/购置税项目_必要数据精简包_20261008/原件/20240118_不符合技术要求的车型清单.pdf,96dfba8ba2f57eb5633ce8e1ea1cfa48e6a81f1edc9988b9bc660b2bd9e7443e,2024-01-18,page 4; seq 181,河北长安汽车有限公司,纯电动多用途乘用车,1,1,0,0
DD7000BEVWRA1,官方不符合技术要求清单PDF,official_nonconforming_20240118,/workspace/purchase_tax_audit/compact_input_20261008/购置税项目_必要数据精简包_20261008/原件/20240118_不符合技术要求的车型清单.pdf,96dfba8ba2f57eb5633ce8e1ea1cfa48e6a81f1edc9988b9bc660b2bd9e7443e,2024-01-18,page 4; seq 182,丹东黄海汽车有限责任公司,纯电动轿车,1,1,0,0
DD7000BEVWRA,官方不符合技术要求清单PDF,official_nonconforming_20240118,/workspace/purchase_tax_audit/compact_input_20261008/购置税项目_必要数据精简包_20261008/原件/20240118_不符合技术要求的车型清单.pdf,96dfba8ba2f57eb5633ce8e1ea1cfa48e6a81f1edc9988b9bc660b2bd9e7443e,2024-01-18,page 4; seq 183,丹东黄海汽车有限责任公司,纯电动轿车,1,1,0,0
SY6470BEVD1AL,官方不符合技术要求清单PDF,official_nonconforming_20240118,/workspace/purchase_tax_audit/compact_input_20261008/购置税项目_必要数据精简包_20261008/原件/20240118_不符合技术要求的车型清单.pdf,96dfba8ba2f57eb5633ce8e1ea1cfa48e6a81f1edc9988b9bc660b2bd9e7443e,2024-01-18,page 4; seq 184,华晨雷诺金杯汽车有限公司,纯电动多用途乘用车,1,1,0,0
SZS6460A05BEV,官方不符合技术要求清单PDF,official_nonconforming_20240118,/workspace/purchase_tax_audit/compact_input_20261008/购置税项目_必要数据精简包_20261008/原件/20240118_不符合技术要求的车型清单.pdf,96dfba8ba2f57eb5633ce8e1ea1cfa48e6a81f1edc9988b9bc660b2bd9e7443e,2024-01-18,page 4; seq 185,威马汽车制造温州有限公司,纯电动多用途乘用车,1,1,0,0
SZS6460A06BEV,官方不符合技术要求清单PDF,official_nonconforming_20240118,/workspace/purchase_tax_audit/compact_input_20261008/购置税项目_必要数据精简包_20261008/原件/20240118_不符合技术要求的车型清单.pdf,96dfba8ba2f57eb5633ce8e1ea1cfa48e6a81f1edc9988b9bc660b2bd9e7443e,2024-01-18,page 4; seq 186,威马汽车制造温州有限公司,纯电动多用途乘用车,1,1,0,0
SH6551J2BEV-4,官方不符合技术要求清单PDF,official_nonconforming_20240118,/workspace/purchase_tax_audit/compact_input_20261008/购置税项目_必要数据精简包_20261008/原件/20240118_不符合技术要求的车型清单.pdf,96dfba8ba2f57eb5633ce8e1ea1cfa48e6a81f1edc9988b9bc660b2bd9e7443e,2024-01-18,page 4; seq 187,上汽大通汽车有限公司,纯电动多用途乘用车,1,1,0,0
SH6491A1BEV-5,官方不符合技术要求清单PDF,official_nonconforming_20240118,/workspace/purchase_tax_audit/compact_input_20261008/购置税项目_必要数据精简包_20261008/原件/20240118_不符合技术要求的车型清单.pdf,96dfba8ba2f57eb5633ce8e1ea1cfa48e6a81f1edc9988b9bc660b2bd9e7443e,2024-01-18,page 4; seq 188,上汽大通汽车有限公司,纯电动多用途乘用车,1,1,0,0
SH6551J1BEV-4,官方不符合技术要求清单PDF,official_nonconforming_20240118,/workspace/purchase_tax_audit/compact_input_20261008/购置税项目_必要数据精简包_20261008/原件/20240118_不符合技术要求的车型清单.pdf,96dfba8ba2f57eb5633ce8e1ea1cfa48e6a81f1edc9988b9bc660b2bd9e7443e,2024-01-18,page 4; seq 189,上汽大通汽车有限公司,纯电动多用途乘用车,1,1,0,0
NJ6540FBEV81,官方不符合技术要求清单PDF,official_nonconforming_20240118,/workspace/purchase_tax_audit/compact_input_20261008/购置税项目_必要数据精简包_20261008/原件/20240118_不符合技术要求的车型清单.pdf,96dfba8ba2f57eb5633ce8e1ea1cfa48e6a81f1edc9988b9bc660b2bd9e7443e,2024-01-18,page 4; seq 190,南京汽车集团有限公司,纯电动多用途乘用车,1,1,0,0
NJ6540FBEV71,官方不符合技术要求清单PDF,official_nonconforming_20240118,/workspace/purchase_tax_audit/compact_input_20261008/购置税项目_必要数据精简包_20261008/原件/20240118_不符合技术要求的车型清单.pdf,96dfba8ba2f57eb5633ce8e1ea1cfa48e6a81f1edc9988b9bc660b2bd9e7443e,2024-01-18,page 4; seq 191,南京汽车集团有限公司,纯电动多用途乘用车,1,1,0,0
NJ6540FBEV71T,官方不符合技术要求清单PDF,official_nonconforming_20240118,/workspace/purchase_tax_audit/compact_input_20261008/购置税项目_必要数据精简包_20261008/原件/20240118_不符合技术要求的车型清单.pdf,96dfba8ba2f57eb5633ce8e1ea1cfa48e6a81f1edc9988b9bc660b2bd9e7443e,2024-01-18,page 4; seq 192,南京汽车集团有限公司,纯电动多用途乘用车,1,1,0,0
NJ6540FBEV82T,官方不符合技术要求清单PDF,official_nonconforming_20240118,/workspace/purchase_tax_audit/compact_input_20261008/购置税项目_必要数据精简包_20261008/原件/20240118_不符合技术要求的车型清单.pdf,96dfba8ba2f57eb5633ce8e1ea1cfa48e6a81f1edc9988b9bc660b2bd9e7443e,2024-01-18,page 4; seq 193,南京汽车集团有限公司,纯电动多用途乘用车,1,1,0,0
NJ6557EEVM,官方不符合技术要求清单PDF,official_nonconforming_20240118,/workspace/purchase_tax_audit/compact_input_20261008/购置税项目_必要数据精简包_20261008/原件/20240118_不符合技术要求的车型清单.pdf,96dfba8ba2f57eb5633ce8e1ea1cfa48e6a81f1edc9988b9bc660b2bd9e7443e,2024-01-18,page 4; seq 194,南京汽车集团有限公司,纯电动多用途乘用车,1,1,0,0
NJ6500FBEV71,官方不符合技术要求清单PDF,official_nonconforming_20240118,/workspace/purchase_tax_audit/compact_input_20261008/购置税项目_必要数据精简包_20261008/原件/20240118_不符合技术要求的车型清单.pdf,96dfba8ba2f57eb5633ce8e1ea1cfa48e6a81f1edc9988b9bc660b2bd9e7443e,2024-01-18,page 4; seq 195,南京汽车集团有限公司,纯电动多用途乘用车,1,1,0,0
NJ6500FBEV51,官方不符合技术要求清单PDF,official_nonconforming_20240118,/workspace/purchase_tax_audit/compact_input_20261008/购置税项目_必要数据精简包_20261008/原件/20240118_不符合技术要求的车型清单.pdf,96dfba8ba2f57eb5633ce8e1ea1cfa48e6a81f1edc9988b9bc660b2bd9e7443e,2024-01-18,page 4; seq 196,南京汽车集团有限公司,纯电动多用途乘用车,1,1,0,0
BJ7000KPC4C-BEV,官方不符合技术要求清单PDF,official_nonconforming_20240118,/workspace/purchase_tax_audit/compact_input_20261008/购置税项目_必要数据精简包_20261008/原件/20240118_不符合技术要求的车型清单.pdf,96dfba8ba2f57eb5633ce8e1ea1cfa48e6a81f1edc9988b9bc660b2bd9e7443e,2024-01-18,page 4; seq 197,北汽新能源汽车常州有限公司,纯电动轿车,1,1,0,0
YQZ6460BEV,官方不符合技术要求清单PDF,official_nonconforming_20240118,/workspace/purchase_tax_audit/compact_input_20261008/购置税项目_必要数据精简包_20261008/原件/20240118_不符合技术要求的车型清单.pdf,96dfba8ba2f57eb5633ce8e1ea1cfa48e6a81f1edc9988b9bc660b2bd9e7443e,2024-01-18,page 4; seq 198,江苏悦达起亚汽车有限公司,纯电动多用途乘用车,1,1,0,0
CVEV2WD,官方不符合技术要求清单PDF,official_nonconforming_20240118,/workspace/purchase_tax_audit/compact_input_20261008/购置税项目_必要数据精简包_20261008/原件/20240118_不符合技术要求的车型清单.pdf,96dfba8ba2f57eb5633ce8e1ea1cfa48e6a81f1edc9988b9bc660b2bd9e7443e,2024-01-18,page 4; seq 199,江苏悦达起亚汽车有限公司,纯电动乘用车,1,1,0,0
JL7007BEV07,官方不符合技术要求清单PDF,official_nonconforming_20240118,/workspace/purchase_tax_audit/compact_input_20261008/购置税项目_必要数据精简包_20261008/原件/20240118_不符合技术要求的车型清单.pdf,96dfba8ba2f57eb5633ce8e1ea1cfa48e6a81f1edc9988b9bc660b2bd9e7443e,2024-01-18,page 4; seq 200,浙江豪情汽车制造有限公司,纯电动轿车,1,1,0,0
JL7007BEV08,官方不符合技术要求清单PDF,official_nonconforming_20240118,/workspace/purchase_tax_audit/compact_input_20261008/购置税项目_必要数据精简包_20261008/原件/20240118_不符合技术要求的车型清单.pdf,96dfba8ba2f57eb5633ce8e1ea1cfa48e6a81f1edc9988b9bc660b2bd9e7443e,2024-01-18,page 4; seq 201,浙江豪情汽车制造有限公司,纯电动轿车,1,1,0,0
JL7007BEV05,官方不符合技术要求清单PDF,official_nonconforming_20240118,/workspace/purchase_tax_audit/compact_input_20261008/购置税项目_必要数据精简包_20261008/原件/20240118_不符合技术要求的车型清单.pdf,96dfba8ba2f57eb5633ce8e1ea1cfa48e6a81f1edc9988b9bc660b2bd9e7443e,2024-01-18,page 4; seq 202,浙江豪情汽车制造有限公司,纯电动轿车,1,1,0,0
JL7007BEV06,官方不符合技术要求清单PDF,official_nonconforming_20240118,/workspace/purchase_tax_audit/compact_input_20261008/购置税项目_必要数据精简包_20261008/原件/20240118_不符合技术要求的车型清单.pdf,96dfba8ba2f57eb5633ce8e1ea1cfa48e6a81f1edc9988b9bc660b2bd9e7443e,2024-01-18,page 4; seq 203,浙江豪情汽车制造有限公司,纯电动轿车,1,1,0,0
JL7007BEV02,官方不符合技术要求清单PDF,official_nonconforming_20240118,/workspace/purchase_tax_audit/compact_input_20261008/购置税项目_必要数据精简包_20261008/原件/20240118_不符合技术要求的车型清单.pdf,96dfba8ba2f57eb5633ce8e1ea1cfa48e6a81f1edc9988b9bc660b2bd9e7443e,2024-01-18,page 4; seq 204,浙江豪情汽车制造有限公司,纯电动轿车,1,1,0,0
JL7007BEV04,官方不符合技术要求清单PDF,official_nonconforming_20240118,/workspace/purchase_tax_audit/compact_input_20261008/购置税项目_必要数据精简包_20261008/原件/20240118_不符合技术要求的车型清单.pdf,96dfba8ba2f57eb5633ce8e1ea1cfa48e6a81f1edc9988b9bc660b2bd9e7443e,2024-01-18,page 4; seq 205,浙江豪情汽车制造有限公司,纯电动轿车,1,1,0,0
JL7007BEV03,官方不符合技术要求清单PDF,official_nonconforming_20240118,/workspace/purchase_tax_audit/compact_input_20261008/购置税项目_必要数据精简包_20261008/原件/20240118_不符合技术要求的车型清单.pdf,96dfba8ba2f57eb5633ce8e1ea1cfa48e6a81f1edc9988b9bc660b2bd9e7443e,2024-01-18,page 4; seq 206,浙江豪情汽车制造有限公司,纯电动轿车,1,1,0,0
JL7007BEV01,官方不符合技术要求清单PDF,official_nonconforming_20240118,/workspace/purchase_tax_audit/compact_input_20261008/购置税项目_必要数据精简包_20261008/原件/20240118_不符合技术要求的车型清单.pdf,96dfba8ba2f57eb5633ce8e1ea1cfa48e6a81f1edc9988b9bc660b2bd9e7443e,2024-01-18,page 4; seq 207,浙江豪情汽车制造有限公司,纯电动轿车,1,1,0,0
HQ7004BEV01,官方不符合技术要求清单PDF,official_nonconforming_20240118,/workspace/purchase_tax_audit/compact_input_20261008/购置税项目_必要数据精简包_20261008/原件/20240118_不符合技术要求的车型清单.pdf,96dfba8ba2f57eb5633ce8e1ea1cfa48e6a81f1edc9988b9bc660b2bd9e7443e,2024-01-18,page 4; seq 208,浙江豪情汽车制造有限公司,纯电动轿车,1,1,0,0
VCC7003F04XBEV,官方不符合技术要求清单PDF,official_nonconforming_20240118,/workspace/purchase_tax_audit/compact_input_20261008/购置税项目_必要数据精简包_20261008/原件/20240118_不符合技术要求的车型清单.pdf,96dfba8ba2f57eb5633ce8e1ea1cfa48e6a81f1edc9988b9bc660b2bd9e7443e,2024-01-18,page 4; seq 209,浙江豪情汽车制造有限公司,纯电动轿车,1,1,0,0
VCC7003F01XBEV,官方不符合技术要求清单PDF,official_nonconforming_20240118,/workspace/purchase_tax_audit/compact_input_20261008/购置税项目_必要数据精简包_20261008/原件/20240118_不符合技术要求的车型清单.pdf,96dfba8ba2f57eb5633ce8e1ea1cfa48e6a81f1edc9988b9bc660b2bd9e7443e,2024-01-18,page 4; seq 210,浙江豪情汽车制造有限公司,纯电动轿车,1,1,0,0
VCC7002F01VBEV,官方不符合技术要求清单PDF,official_nonconforming_20240118,/workspace/purchase_tax_audit/compact_input_20261008/购置税项目_必要数据精简包_20261008/原件/20240118_不符合技术要求的车型清单.pdf,96dfba8ba2f57eb5633ce8e1ea1cfa48e6a81f1edc9988b9bc660b2bd9e7443e,2024-01-18,page 4; seq 211,浙江豪情汽车制造有限公司,纯电动轿车,1,1,0,0
HQ7002BEV12,官方不符合技术要求清单PDF,official_nonconforming_20240118,/workspace/purchase_tax_audit/compact_input_20261008/购置税项目_必要数据精简包_20261008/原件/20240118_不符合技术要求的车型清单.pdf,96dfba8ba2f57eb5633ce8e1ea1cfa48e6a81f1edc9988b9bc660b2bd9e7443e,2024-01-18,page 4; seq 212,浙江豪情汽车制造有限公司,纯电动轿车,1,1,0,0
HQ7002BEV05,官方不符合技术要求清单PDF,official_nonconforming_20240118,/workspace/purchase_tax_audit/compact_input_20261008/购置税项目_必要数据精简包_20261008/原件/20240118_不符合技术要求的车型清单.pdf,96dfba8ba2f57eb5633ce8e1ea1cfa48e6a81f1edc9988b9bc660b2bd9e7443e,2024-01-18,page 4; seq 213,浙江豪情汽车制造有限公司,纯电动轿车,1,1,0,0
HQ7002BEV15,官方不符合技术要求清单PDF,official_nonconforming_20240118,/workspace/purchase_tax_audit/compact_input_20261008/购置税项目_必要数据精简包_20261008/原件/20240118_不符合技术要求的车型清单.pdf,96dfba8ba2f57eb5633ce8e1ea1cfa48e6a81f1edc9988b9bc660b2bd9e7443e,2024-01-18,page 4; seq 214,浙江豪情汽车制造有限公司,纯电动轿车,1,1,0,0
MR7001BEV35,官方不符合技术要求清单PDF,official_nonconforming_20240118,/workspace/purchase_tax_audit/compact_input_20261008/购置税项目_必要数据精简包_20261008/原件/20240118_不符合技术要求的车型清单.pdf,96dfba8ba2f57eb5633ce8e1ea1cfa48e6a81f1edc9988b9bc660b2bd9e7443e,2024-01-18,page 4; seq 215,浙江吉利汽车有限公司,纯电动轿车,1,1,0,0
LTS7000H2BEV,官方不符合技术要求清单PDF,official_nonconforming_20240118,/workspace/purchase_tax_audit/compact_input_20261008/购置税项目_必要数据精简包_20261008/原件/20240118_不符合技术要求的车型清单.pdf,96dfba8ba2f57eb5633ce8e1ea1cfa48e6a81f1edc9988b9bc660b2bd9e7443e,2024-01-18,page 4; seq 216,浙江吉利汽车有限公司,纯电动轿车,1,1,0,0
MR7002BEV03,官方不符合技术要求清单PDF,official_nonconforming_20240118,/workspace/purchase_tax_audit/compact_input_20261008/购置税项目_必要数据精简包_20261008/原件/20240118_不符合技术要求的车型清单.pdf,96dfba8ba2f57eb5633ce8e1ea1cfa48e6a81f1edc9988b9bc660b2bd9e7443e,2024-01-18,page 4; seq 217,浙江吉利汽车有限公司,纯电动轿车,1,1,0,0
LTS6510H6BEV,官方不符合技术要求清单PDF,official_nonconforming_20240118,/workspace/purchase_tax_audit/compact_input_20261008/购置税项目_必要数据精简包_20261008/原件/20240118_不符合技术要求的车型清单.pdf,96dfba8ba2f57eb5633ce8e1ea1cfa48e6a81f1edc9988b9bc660b2bd9e7443e,2024-01-18,page 4; seq 218,浙江吉利汽车有限公司,纯电动多用途乘用车,1,1,0,0
LTS6510H4BEV,官方不符合技术要求清单PDF,official_nonconforming_20240118,/workspace/purchase_tax_audit/compact_input_20261008/购置税项目_必要数据精简包_20261008/原件/20240118_不符合技术要求的车型清单.pdf,96dfba8ba2f57eb5633ce8e1ea1cfa48e6a81f1edc9988b9bc660b2bd9e7443e,2024-01-18,page 5; seq 219,浙江吉利汽车有限公司,纯电动多用途乘用车,1,1,0,0
LTS6510H5BEV,官方不符合技术要求清单PDF,official_nonconforming_20240118,/workspace/purchase_tax_audit/compact_input_20261008/购置税项目_必要数据精简包_20261008/原件/20240118_不符合技术要求的车型清单.pdf,96dfba8ba2f57eb5633ce8e1ea1cfa48e6a81f1edc9988b9bc660b2bd9e7443e,2024-01-18,page 5; seq 220,浙江吉利汽车有限公司,纯电动多用途乘用车,1,1,0,0
HFC7000WEV16,官方不符合技术要求清单PDF,official_nonconforming_20240118,/workspace/purchase_tax_audit/compact_input_20261008/购置税项目_必要数据精简包_20261008/原件/20240118_不符合技术要求的车型清单.pdf,96dfba8ba2f57eb5633ce8e1ea1cfa48e6a81f1edc9988b9bc660b2bd9e7443e,2024-01-18,page 5; seq 221,安徽江淮汽车集团股份有限公司,纯电动轿车,1,1,0,0
HFC7000WEV9,官方不符合技术要求清单PDF,official_nonconforming_20240118,/workspace/purchase_tax_audit/compact_input_20261008/购置税项目_必要数据精简包_20261008/原件/20240118_不符合技术要求的车型清单.pdf,96dfba8ba2f57eb5633ce8e1ea1cfa48e6a81f1edc9988b9bc660b2bd9e7443e,2024-01-18,page 5; seq 222,安徽江淮汽车集团股份有限公司,纯电动轿车,1,1,0,0
HFC7000WEV2,官方不符合技术要求清单PDF,official_nonconforming_20240118,/workspace/purchase_tax_audit/compact_input_20261008/购置税项目_必要数据精简包_20261008/原件/20240118_不符合技术要求的车型清单.pdf,96dfba8ba2f57eb5633ce8e1ea1cfa48e6a81f1edc9988b9bc660b2bd9e7443e,2024-01-18,page 5; seq 223,安徽江淮汽车集团股份有限公司,纯电动轿车,1,1,0,0
HFC7001CEV,官方不符合技术要求清单PDF,official_nonconforming_20240118,/workspace/purchase_tax_audit/compact_input_20261008/购置税项目_必要数据精简包_20261008/原件/20240118_不符合技术要求的车型清单.pdf,96dfba8ba2f57eb5633ce8e1ea1cfa48e6a81f1edc9988b9bc660b2bd9e7443e,2024-01-18,page 5; seq 224,安徽江淮汽车集团股份有限公司,纯电动轿车,1,1,0,0
HFC7002MEV,官方不符合技术要求清单PDF,official_nonconforming_20240118,/workspace/purchase_tax_audit/compact_input_20261008/购置税项目_必要数据精简包_20261008/原件/20240118_不符合技术要求的车型清单.pdf,96dfba8ba2f57eb5633ce8e1ea1cfa48e6a81f1edc9988b9bc660b2bd9e7443e,2024-01-18,page 5; seq 225,安徽江淮汽车集团股份有限公司,纯电动轿车,1,1,0,0
HFC7002MEV1,官方不符合技术要求清单PDF,official_nonconforming_20240118,/workspace/purchase_tax_audit/compact_input_20261008/购置税项目_必要数据精简包_20261008/原件/20240118_不符合技术要求的车型清单.pdf,96dfba8ba2f57eb5633ce8e1ea1cfa48e6a81f1edc9988b9bc660b2bd9e7443e,2024-01-18,page 5; seq 226,安徽江淮汽车集团股份有限公司,纯电动轿车,1,1,0,0
HFC7002MEV2,官方不符合技术要求清单PDF,official_nonconforming_20240118,/workspace/purchase_tax_audit/compact_input_20261008/购置税项目_必要数据精简包_20261008/原件/20240118_不符合技术要求的车型清单.pdf,96dfba8ba2f57eb5633ce8e1ea1cfa48e6a81f1edc9988b9bc660b2bd9e7443e,2024-01-18,page 5; seq 227,安徽江淮汽车集团股份有限公司,纯电动轿车,1,1,0,0
HFC7000EWEV4,官方不符合技术要求清单PDF,official_nonconforming_20240118,/workspace/purchase_tax_audit/compact_input_20261008/购置税项目_必要数据精简包_20261008/原件/20240118_不符合技术要求的车型清单.pdf,96dfba8ba2f57eb5633ce8e1ea1cfa48e6a81f1edc9988b9bc660b2bd9e7443e,2024-01-18,page 5; seq 228,安徽江淮汽车集团股份有限公司,纯电动轿车,1,1,0,0
HFC7001AEV3,官方不符合技术要求清单PDF,official_nonconforming_20240118,/workspace/purchase_tax_audit/compact_input_20261008/购置税项目_必要数据精简包_20261008/原件/20240118_不符合技术要求的车型清单.pdf,96dfba8ba2f57eb5633ce8e1ea1cfa48e6a81f1edc9988b9bc660b2bd9e7443e,2024-01-18,page 5; seq 229,安徽江淮汽车集团股份有限公司,纯电动轿车,1,1,0,0
HFC7000BEV6,官方不符合技术要求清单PDF,official_nonconforming_20240118,/workspace/purchase_tax_audit/compact_input_20261008/购置税项目_必要数据精简包_20261008/原件/20240118_不符合技术要求的车型清单.pdf,96dfba8ba2f57eb5633ce8e1ea1cfa48e6a81f1edc9988b9bc660b2bd9e7443e,2024-01-18,page 5; seq 230,安徽江淮汽车集团股份有限公司,纯电动轿车,1,1,0,0
HFC7001AEV2,官方不符合技术要求清单PDF,official_nonconforming_20240118,/workspace/purchase_tax_audit/compact_input_20261008/购置税项目_必要数据精简包_20261008/原件/20240118_不符合技术要求的车型清单.pdf,96dfba8ba2f57eb5633ce8e1ea1cfa48e6a81f1edc9988b9bc660b2bd9e7443e,2024-01-18,page 5; seq 231,安徽江淮汽车集团股份有限公司,纯电动轿车,1,1,0,0
HFC7001EAEV5,官方不符合技术要求清单PDF,official_nonconforming_20240118,/workspace/purchase_tax_audit/compact_input_20261008/购置税项目_必要数据精简包_20261008/原件/20240118_不符合技术要求的车型清单.pdf,96dfba8ba2f57eb5633ce8e1ea1cfa48e6a81f1edc9988b9bc660b2bd9e7443e,2024-01-18,page 5; seq 232,安徽江淮汽车集团股份有限公司,纯电动轿车,1,1,0,0
HFC7000BEV5,官方不符合技术要求清单PDF,official_nonconforming_20240118,/workspace/purchase_tax_audit/compact_input_20261008/购置税项目_必要数据精简包_20261008/原件/20240118_不符合技术要求的车型清单.pdf,96dfba8ba2f57eb5633ce8e1ea1cfa48e6a81f1edc9988b9bc660b2bd9e7443e,2024-01-18,page 5; seq 233,安徽江淮汽车集团股份有限公司,纯电动轿车,1,1,0,0
HFC7001EAEV6,官方不符合技术要求清单PDF,official_nonconforming_20240118,/workspace/purchase_tax_audit/compact_input_20261008/购置税项目_必要数据精简包_20261008/原件/20240118_不符合技术要求的车型清单.pdf,96dfba8ba2f57eb5633ce8e1ea1cfa48e6a81f1edc9988b9bc660b2bd9e7443e,2024-01-18,page 5; seq 234,安徽江淮汽车集团股份有限公司,纯电动轿车,1,1,0,0
HFC7000WEV1,官方不符合技术要求清单PDF,official_nonconforming_20240118,/workspace/purchase_tax_audit/compact_input_20261008/购置税项目_必要数据精简包_20261008/原件/20240118_不符合技术要求的车型清单.pdf,96dfba8ba2f57eb5633ce8e1ea1cfa48e6a81f1edc9988b9bc660b2bd9e7443e,2024-01-18,page 5; seq 235,安徽江淮汽车集团股份有限公司,纯电动轿车,1,1,0,0
HFC7000EWEV3,官方不符合技术要求清单PDF,official_nonconforming_20240118,/workspace/purchase_tax_audit/compact_input_20261008/购置税项目_必要数据精简包_20261008/原件/20240118_不符合技术要求的车型清单.pdf,96dfba8ba2f57eb5633ce8e1ea1cfa48e6a81f1edc9988b9bc660b2bd9e7443e,2024-01-18,page 5; seq 236,安徽江淮汽车集团股份有限公司,纯电动轿车,1,1,0,0
HFC7001E1AEV,官方不符合技术要求清单PDF,official_nonconforming_20240118,/workspace/purchase_tax_audit/compact_input_20261008/购置税项目_必要数据精简包_20261008/原件/20240118_不符合技术要求的车型清单.pdf,96dfba8ba2f57eb5633ce8e1ea1cfa48e6a81f1edc9988b9bc660b2bd9e7443e,2024-01-18,page 5; seq 237,安徽江淮汽车集团股份有限公司,纯电动轿车,1,1,0,0
HFC7001EAEV4,官方不符合技术要求清单PDF,official_nonconforming_20240118,/workspace/purchase_tax_audit/compact_input_20261008/购置税项目_必要数据精简包_20261008/原件/20240118_不符合技术要求的车型清单.pdf,96dfba8ba2f57eb5633ce8e1ea1cfa48e6a81f1edc9988b9bc660b2bd9e7443e,2024-01-18,page 5; seq 238,安徽江淮汽车集团股份有限公司,纯电动轿车,1,1,0,0
HFC7000BEV1,官方不符合技术要求清单PDF,official_nonconforming_20240118,/workspace/purchase_tax_audit/compact_input_20261008/购置税项目_必要数据精简包_20261008/原件/20240118_不符合技术要求的车型清单.pdf,96dfba8ba2f57eb5633ce8e1ea1cfa48e6a81f1edc9988b9bc660b2bd9e7443e,2024-01-18,page 5; seq 239,安徽江淮汽车集团股份有限公司,纯电动轿车,1,1,0,0
HFC7000BEV,官方不符合技术要求清单PDF,official_nonconforming_20240118,/workspace/purchase_tax_audit/compact_input_20261008/购置税项目_必要数据精简包_20261008/原件/20240118_不符合技术要求的车型清单.pdf,96dfba8ba2f57eb5633ce8e1ea1cfa48e6a81f1edc9988b9bc660b2bd9e7443e,2024-01-18,page 5; seq 240,安徽江淮汽车集团股份有限公司,纯电动轿车,1,1,0,0
HFC7000BEV2,官方不符合技术要求清单PDF,official_nonconforming_20240118,/workspace/purchase_tax_audit/compact_input_20261008/购置税项目_必要数据精简包_20261008/原件/20240118_不符合技术要求的车型清单.pdf,96dfba8ba2f57eb5633ce8e1ea1cfa48e6a81f1edc9988b9bc660b2bd9e7443e,2024-01-18,page 5; seq 241,安徽江淮汽车集团股份有限公司,纯电动轿车,1,1,0,0
HFC7000WEV,官方不符合技术要求清单PDF,official_nonconforming_20240118,/workspace/purchase_tax_audit/compact_input_20261008/购置税项目_必要数据精简包_20261008/原件/20240118_不符合技术要求的车型清单.pdf,96dfba8ba2f57eb5633ce8e1ea1cfa48e6a81f1edc9988b9bc660b2bd9e7443e,2024-01-18,page 5; seq 242,安徽江淮汽车集团股份有限公司,纯电动轿车,1,1,0,0
HFC6521EV2C8G,官方不符合技术要求清单PDF,official_nonconforming_20240118,/workspace/purchase_tax_audit/compact_input_20261008/购置税项目_必要数据精简包_20261008/原件/20240118_不符合技术要求的车型清单.pdf,96dfba8ba2f57eb5633ce8e1ea1cfa48e6a81f1edc9988b9bc660b2bd9e7443e,2024-01-18,page 5; seq 243,安徽江淮汽车集团股份有限公司,纯电动多用途乘用车,1,1,0,0
HFC6521EV2C8,官方不符合技术要求清单PDF,official_nonconforming_20240118,/workspace/purchase_tax_audit/compact_input_20261008/购置税项目_必要数据精简包_20261008/原件/20240118_不符合技术要求的车型清单.pdf,96dfba8ba2f57eb5633ce8e1ea1cfa48e6a81f1edc9988b9bc660b2bd9e7443e,2024-01-18,page 5; seq 244,安徽江淮汽车集团股份有限公司,纯电动多用途乘用车,1,1,0,0
HFC6502ECEV4-W,官方不符合技术要求清单PDF,official_nonconforming_20240118,/workspace/purchase_tax_audit/compact_input_20261008/购置税项目_必要数据精简包_20261008/原件/20240118_不符合技术要求的车型清单.pdf,96dfba8ba2f57eb5633ce8e1ea1cfa48e6a81f1edc9988b9bc660b2bd9e7443e,2024-01-18,page 5; seq 245,安徽江淮汽车集团股份有限公司,纯电动多用途乘用车,1,1,0,0
HFC6502ECEV3-W,官方不符合技术要求清单PDF,official_nonconforming_20240118,/workspace/purchase_tax_audit/compact_input_20261008/购置税项目_必要数据精简包_20261008/原件/20240118_不符合技术要求的车型清单.pdf,96dfba8ba2f57eb5633ce8e1ea1cfa48e6a81f1edc9988b9bc660b2bd9e7443e,2024-01-18,page 5; seq 246,安徽江淮汽车集团股份有限公司,纯电动多用途乘用车,1,1,0,0
HFC6502ECEV2-W,官方不符合技术要求清单PDF,official_nonconforming_20240118,/workspace/purchase_tax_audit/compact_input_20261008/购置税项目_必要数据精简包_20261008/原件/20240118_不符合技术要求的车型清单.pdf,96dfba8ba2f57eb5633ce8e1ea1cfa48e6a81f1edc9988b9bc660b2bd9e7443e,2024-01-18,page 5; seq 247,安徽江淮汽车集团股份有限公司,纯电动多用途乘用车,1,1,0,0
HFC6502ECEV1-W,官方不符合技术要求清单PDF,official_nonconforming_20240118,/workspace/purchase_tax_audit/compact_input_20261008/购置税项目_必要数据精简包_20261008/原件/20240118_不符合技术要求的车型清单.pdf,96dfba8ba2f57eb5633ce8e1ea1cfa48e6a81f1edc9988b9bc660b2bd9e7443e,2024-01-18,page 5; seq 248,安徽江淮汽车集团股份有限公司,纯电动多用途乘用车,1,1,0,0
HFC6502ECEV-W,官方不符合技术要求清单PDF,official_nonconforming_20240118,/workspace/purchase_tax_audit/compact_input_20261008/购置税项目_必要数据精简包_20261008/原件/20240118_不符合技术要求的车型清单.pdf,96dfba8ba2f57eb5633ce8e1ea1cfa48e6a81f1edc9988b9bc660b2bd9e7443e,2024-01-18,page 5; seq 249,安徽江淮汽车集团股份有限公司,纯电动多用途乘用车,1,1,0,0
DN7007HBEVS3,官方不符合技术要求清单PDF,official_nonconforming_20240118,/workspace/purchase_tax_audit/compact_input_20261008/购置税项目_必要数据精简包_20261008/原件/20240118_不符合技术要求的车型清单.pdf,96dfba8ba2f57eb5633ce8e1ea1cfa48e6a81f1edc9988b9bc660b2bd9e7443e,2024-01-18,page 5; seq 250,东南(福建)汽车工业股份有限公司,纯电动轿车,1,1,0,0
DN7007MBEVS3,官方不符合技术要求清单PDF,official_nonconforming_20240118,/workspace/purchase_tax_audit/compact_input_20261008/购置税项目_必要数据精简包_20261008/原件/20240118_不符合技术要求的车型清单.pdf,96dfba8ba2f57eb5633ce8e1ea1cfa48e6a81f1edc9988b9bc660b2bd9e7443e,2024-01-18,page 5; seq 251,东南(福建)汽车工业股份有限公司,纯电动轿车,1,1,0,0
FZ7000BEVC01G,官方不符合技术要求清单PDF,official_nonconforming_20240118,/workspace/purchase_tax_audit/compact_input_20261008/购置税项目_必要数据精简包_20261008/原件/20240118_不符合技术要求的车型清单.pdf,96dfba8ba2f57eb5633ce8e1ea1cfa48e6a81f1edc9988b9bc660b2bd9e7443e,2024-01-18,page 5; seq 252,零跑汽车有限公司,纯电动轿车,1,1,0,0
FZ7000BEVC01H,官方不符合技术要求清单PDF,official_nonconforming_20240118,/workspace/purchase_tax_audit/compact_input_20261008/购置税项目_必要数据精简包_20261008/原件/20240118_不符合技术要求的车型清单.pdf,96dfba8ba2f57eb5633ce8e1ea1cfa48e6a81f1edc9988b9bc660b2bd9e7443e,2024-01-18,page 5; seq 253,零跑汽车有限公司,纯电动轿车,1,1,0,0
FZ7000BEV15,官方不符合技术要求清单PDF,official_nonconforming_20240118,/workspace/purchase_tax_audit/compact_input_20261008/购置税项目_必要数据精简包_20261008/原件/20240118_不符合技术要求的车型清单.pdf,96dfba8ba2f57eb5633ce8e1ea1cfa48e6a81f1edc9988b9bc660b2bd9e7443e,2024-01-18,page 5; seq 254,零跑汽车有限公司,纯电动轿车,1,1,0,0
YDE7000BEV1V,官方不符合技术要求清单PDF,official_nonconforming_20240118,/workspace/purchase_tax_audit/compact_input_20261008/购置税项目_必要数据精简包_20261008/原件/20240118_不符合技术要求的车型清单.pdf,96dfba8ba2f57eb5633ce8e1ea1cfa48e6a81f1edc9988b9bc660b2bd9e7443e,2024-01-18,page 5; seq 255,云度新能源汽车有限公司,纯电动轿车,1,1,0,0
YDE7000BEV1F1,官方不符合技术要求清单PDF,official_nonconforming_20240118,/workspace/purchase_tax_audit/compact_input_20261008/购置税项目_必要数据精简包_20261008/原件/20240118_不符合技术要求的车型清单.pdf,96dfba8ba2f57eb5633ce8e1ea1cfa48e6a81f1edc9988b9bc660b2bd9e7443e,2024-01-18,page 5; seq 256,云度新能源汽车有限公司,纯电动轿车,1,1,0,0
YDE7000BEV1H,官方不符合技术要求清单PDF,official_nonconforming_20240118,/workspace/purchase_tax_audit/compact_input_20261008/购置税项目_必要数据精简包_20261008/原件/20240118_不符合技术要求的车型清单.pdf,96dfba8ba2f57eb5633ce8e1ea1cfa48e6a81f1edc9988b9bc660b2bd9e7443e,2024-01-18,page 5; seq 257,云度新能源汽车有限公司,纯电动轿车,1,1,0,0
YDE7000BEV2H,官方不符合技术要求清单PDF,official_nonconforming_20240118,/workspace/purchase_tax_audit/compact_input_20261008/购置税项目_必要数据精简包_20261008/原件/20240118_不符合技术要求的车型清单.pdf,96dfba8ba2f57eb5633ce8e1ea1cfa48e6a81f1edc9988b9bc660b2bd9e7443e,2024-01-18,page 5; seq 258,云度新能源汽车有限公司,纯电动轿车,1,1,0,0
YDE7000BEV2D,官方不符合技术要求清单PDF,official_nonconforming_20240118,/workspace/purchase_tax_audit/compact_input_20261008/购置税项目_必要数据精简包_20261008/原件/20240118_不符合技术要求的车型清单.pdf,96dfba8ba2f57eb5633ce8e1ea1cfa48e6a81f1edc9988b9bc660b2bd9e7443e,2024-01-18,page 5; seq 259,云度新能源汽车有限公司,纯电动轿车,1,1,0,0
YDE7000BEV2C,官方不符合技术要求清单PDF,official_nonconforming_20240118,/workspace/purchase_tax_audit/compact_input_20261008/购置税项目_必要数据精简包_20261008/原件/20240118_不符合技术要求的车型清单.pdf,96dfba8ba2f57eb5633ce8e1ea1cfa48e6a81f1edc9988b9bc660b2bd9e7443e,2024-01-18,page 5; seq 260,云度新能源汽车有限公司,纯电动轿车,1,1,0,0
YDE7000BEV2B,官方不符合技术要求清单PDF,official_nonconforming_20240118,/workspace/purchase_tax_audit/compact_input_20261008/购置税项目_必要数据精简包_20261008/原件/20240118_不符合技术要求的车型清单.pdf,96dfba8ba2f57eb5633ce8e1ea1cfa48e6a81f1edc9988b9bc660b2bd9e7443e,2024-01-18,page 5; seq 261,云度新能源汽车有限公司,纯电动轿车,1,1,0,0
YDE7000BEV1D,官方不符合技术要求清单PDF,official_nonconforming_20240118,/workspace/purchase_tax_audit/compact_input_20261008/购置税项目_必要数据精简包_20261008/原件/20240118_不符合技术要求的车型清单.pdf,96dfba8ba2f57eb5633ce8e1ea1cfa48e6a81f1edc9988b9bc660b2bd9e7443e,2024-01-18,page 5; seq 262,云度新能源汽车有限公司,纯电动轿车,1,1,0,0
YDE7000BEV2A,官方不符合技术要求清单PDF,official_nonconforming_20240118,/workspace/purchase_tax_audit/compact_input_20261008/购置税项目_必要数据精简包_20261008/原件/20240118_不符合技术要求的车型清单.pdf,96dfba8ba2f57eb5633ce8e1ea1cfa48e6a81f1edc9988b9bc660b2bd9e7443e,2024-01-18,page 5; seq 263,云度新能源汽车有限公司,纯电动轿车,1,1,0,0
YDE7000BEV1B,官方不符合技术要求清单PDF,official_nonconforming_20240118,/workspace/purchase_tax_audit/compact_input_20261008/购置税项目_必要数据精简包_20261008/原件/20240118_不符合技术要求的车型清单.pdf,96dfba8ba2f57eb5633ce8e1ea1cfa48e6a81f1edc9988b9bc660b2bd9e7443e,2024-01-18,page 5; seq 264,云度新能源汽车有限公司,纯电动轿车,1,1,0,0
YDE7000BEV1C,官方不符合技术要求清单PDF,official_nonconforming_20240118,/workspace/purchase_tax_audit/compact_input_20261008/购置税项目_必要数据精简包_20261008/原件/20240118_不符合技术要求的车型清单.pdf,96dfba8ba2f57eb5633ce8e1ea1cfa48e6a81f1edc9988b9bc660b2bd9e7443e,2024-01-18,page 5; seq 265,云度新能源汽车有限公司,纯电动轿车,1,1,0,0
CH7000BEVFA3B5,官方不符合技术要求清单PDF,official_nonconforming_20240118,/workspace/purchase_tax_audit/compact_input_20261008/购置税项目_必要数据精简包_20261008/原件/20240118_不符合技术要求的车型清单.pdf,96dfba8ba2f57eb5633ce8e1ea1cfa48e6a81f1edc9988b9bc660b2bd9e7443e,2024-01-18,page 5; seq 266,江西昌河汽车有限责任公司,纯电动轿车,1,1,0,0
CH7005BEVC3CB,官方不符合技术要求清单PDF,official_nonconforming_20240118,/workspace/purchase_tax_audit/compact_input_20261008/购置税项目_必要数据精简包_20261008/原件/20240118_不符合技术要求的车型清单.pdf,96dfba8ba2f57eb5633ce8e1ea1cfa48e6a81f1edc9988b9bc660b2bd9e7443e,2024-01-18,page 5; seq 267,江西昌河汽车有限责任公司,纯电动轿车,1,1,0,0
CH7005BEVC3CA,官方不符合技术要求清单PDF,official_nonconforming_20240118,/workspace/purchase_tax_audit/compact_input_20261008/购置税项目_必要数据精简包_20261008/原件/20240118_不符合技术要求的车型清单.pdf,96dfba8ba2f57eb5633ce8e1ea1cfa48e6a81f1edc9988b9bc660b2bd9e7443e,2024-01-18,page 5; seq 268,江西昌河汽车有限责任公司,纯电动轿车,1,1,0,0
CH7005BEVFC2B1,官方不符合技术要求清单PDF,official_nonconforming_20240118,/workspace/purchase_tax_audit/compact_input_20261008/购置税项目_必要数据精简包_20261008/原件/20240118_不符合技术要求的车型清单.pdf,96dfba8ba2f57eb5633ce8e1ea1cfa48e6a81f1edc9988b9bc660b2bd9e7443e,2024-01-18,page 5; seq 269,江西志骋汽车有限责任公司,纯电动轿车,1,1,0,0
CH7000BEVFA2BA,官方不符合技术要求清单PDF,official_nonconforming_20240118,/workspace/purchase_tax_audit/compact_input_20261008/购置税项目_必要数据精简包_20261008/原件/20240118_不符合技术要求的车型清单.pdf,96dfba8ba2f57eb5633ce8e1ea1cfa48e6a81f1edc9988b9bc660b2bd9e7443e,2024-01-18,page 5; seq 270,江西志骋汽车有限责任公司,纯电动轿车,1,1,0,0
JML7000BEV02,官方不符合技术要求清单PDF,official_nonconforming_20240118,/workspace/purchase_tax_audit/compact_input_20261008/购置税项目_必要数据精简包_20261008/原件/20240118_不符合技术要求的车型清单.pdf,96dfba8ba2f57eb5633ce8e1ea1cfa48e6a81f1edc9988b9bc660b2bd9e7443e,2024-01-18,page 5; seq 271,江西大乘汽车有限公司,纯电动轿车,1,1,0,0
JX6526TA-L6BEV,官方不符合技术要求清单PDF,official_nonconforming_20240118,/workspace/purchase_tax_audit/compact_input_20261008/购置税项目_必要数据精简包_20261008/原件/20240118_不符合技术要求的车型清单.pdf,96dfba8ba2f57eb5633ce8e1ea1cfa48e6a81f1edc9988b9bc660b2bd9e7443e,2024-01-18,page 5; seq 272,江铃汽车股份有限公司,纯电动多用途乘用车,1,1,0,0
JX6556TA-M6BEV,官方不符合技术要求清单PDF,official_nonconforming_20240118,/workspace/purchase_tax_audit/compact_input_20261008/购置税项目_必要数据精简包_20261008/原件/20240118_不符合技术要求的车型清单.pdf,96dfba8ba2f57eb5633ce8e1ea1cfa48e6a81f1edc9988b9bc660b2bd9e7443e,2024-01-18,page 5; seq 273,江铃汽车股份有限公司,纯电动多用途乘用车,1,1,0,0
JX6556TC-M6BEV,官方不符合技术要求清单PDF,official_nonconforming_20240118,/workspace/purchase_tax_audit/compact_input_20261008/购置税项目_必要数据精简包_20261008/原件/20240118_不符合技术要求的车型清单.pdf,96dfba8ba2f57eb5633ce8e1ea1cfa48e6a81f1edc9988b9bc660b2bd9e7443e,2024-01-18,page 6; seq 274,江铃汽车股份有限公司,纯电动多用途乘用车,1,1,0,0
JX6556T-M6BEV,官方不符合技术要求清单PDF,official_nonconforming_20240118,/workspace/purchase_tax_audit/compact_input_20261008/购置税项目_必要数据精简包_20261008/原件/20240118_不符合技术要求的车型清单.pdf,96dfba8ba2f57eb5633ce8e1ea1cfa48e6a81f1edc9988b9bc660b2bd9e7443e,2024-01-18,page 6; seq 275,江铃汽车股份有限公司,纯电动多用途乘用车,1,1,0,0
JX6556TB-M6BEV,官方不符合技术要求清单PDF,official_nonconforming_20240118,/workspace/purchase_tax_audit/compact_input_20261008/购置税项目_必要数据精简包_20261008/原件/20240118_不符合技术要求的车型清单.pdf,96dfba8ba2f57eb5633ce8e1ea1cfa48e6a81f1edc9988b9bc660b2bd9e7443e,2024-01-18,page 6; seq 276,江铃汽车股份有限公司,纯电动多用途乘用车,1,1,0,0
JX6550TA-M5BEV,官方不符合技术要求清单PDF,official_nonconforming_20240118,/workspace/purchase_tax_audit/compact_input_20261008/购置税项目_必要数据精简包_20261008/原件/20240118_不符合技术要求的车型清单.pdf,96dfba8ba2f57eb5633ce8e1ea1cfa48e6a81f1edc9988b9bc660b2bd9e7443e,2024-01-18,page 6; seq 277,江铃汽车股份有限公司,纯电动多用途乘用车,1,1,0,0
JX6510PA5BEV,官方不符合技术要求清单PDF,official_nonconforming_20240118,/workspace/purchase_tax_audit/compact_input_20261008/购置税项目_必要数据精简包_20261008/原件/20240118_不符合技术要求的车型清单.pdf,96dfba8ba2f57eb5633ce8e1ea1cfa48e6a81f1edc9988b9bc660b2bd9e7443e,2024-01-18,page 6; seq 278,江铃汽车股份有限公司,纯电动多用途乘用车,1,1,0,0
JX6550T-M5BEV,官方不符合技术要求清单PDF,official_nonconforming_20240118,/workspace/purchase_tax_audit/compact_input_20261008/购置税项目_必要数据精简包_20261008/原件/20240118_不符合技术要求的车型清单.pdf,96dfba8ba2f57eb5633ce8e1ea1cfa48e6a81f1edc9988b9bc660b2bd9e7443e,2024-01-18,page 6; seq 279,江铃汽车股份有限公司,纯电动多用途乘用车,1,1,0,0
JMV6550QRBEV,官方不符合技术要求清单PDF,official_nonconforming_20240118,/workspace/purchase_tax_audit/compact_input_20261008/购置税项目_必要数据精简包_20261008/原件/20240118_不符合技术要求的车型清单.pdf,96dfba8ba2f57eb5633ce8e1ea1cfa48e6a81f1edc9988b9bc660b2bd9e7443e,2024-01-18,page 6; seq 280,江西江铃集团晶马汽车有限公司,纯电动多用途乘用车,1,1,0,0
ZN6497H2YBEV,官方不符合技术要求清单PDF,official_nonconforming_20240118,/workspace/purchase_tax_audit/compact_input_20261008/购置税项目_必要数据精简包_20261008/原件/20240118_不符合技术要求的车型清单.pdf,96dfba8ba2f57eb5633ce8e1ea1cfa48e6a81f1edc9988b9bc660b2bd9e7443e,2024-01-18,page 6; seq 281,郑州日产汽车有限公司,纯电动多用途乘用车,1,1,0,0
ZN6496H2YBEV,官方不符合技术要求清单PDF,official_nonconforming_20240118,/workspace/purchase_tax_audit/compact_input_20261008/购置税项目_必要数据精简包_20261008/原件/20240118_不符合技术要求的车型清单.pdf,96dfba8ba2f57eb5633ce8e1ea1cfa48e6a81f1edc9988b9bc660b2bd9e7443e,2024-01-18,page 6; seq 282,郑州日产汽车有限公司,纯电动多用途乘用车,1,1,0,0
ZN6495H2YBEV,官方不符合技术要求清单PDF,official_nonconforming_20240118,/workspace/purchase_tax_audit/compact_input_20261008/购置税项目_必要数据精简包_20261008/原件/20240118_不符合技术要求的车型清单.pdf,96dfba8ba2f57eb5633ce8e1ea1cfa48e6a81f1edc9988b9bc660b2bd9e7443e,2024-01-18,page 6; seq 283,郑州日产汽车有限公司,纯电动多用途乘用车,1,1,0,0
QCJ7007BEV3,官方不符合技术要求清单PDF,official_nonconforming_20240118,/workspace/purchase_tax_audit/compact_input_20261008/购置税项目_必要数据精简包_20261008/原件/20240118_不符合技术要求的车型清单.pdf,96dfba8ba2f57eb5633ce8e1ea1cfa48e6a81f1edc9988b9bc660b2bd9e7443e,2024-01-18,page 6; seq 284,比亚迪汽车工业有限公司,纯电动轿车,1,1,0,0
BYD7003BEV,官方不符合技术要求清单PDF,official_nonconforming_20240118,/workspace/purchase_tax_audit/compact_input_20261008/购置税项目_必要数据精简包_20261008/原件/20240118_不符合技术要求的车型清单.pdf,96dfba8ba2f57eb5633ce8e1ea1cfa48e6a81f1edc9988b9bc660b2bd9e7443e,2024-01-18,page 6; seq 285,比亚迪汽车工业有限公司,纯电动轿车,1,1,0,0
BYD7006BEVG,官方不符合技术要求清单PDF,official_nonconforming_20240118,/workspace/purchase_tax_audit/compact_input_20261008/购置税项目_必要数据精简包_20261008/原件/20240118_不符合技术要求的车型清单.pdf,96dfba8ba2f57eb5633ce8e1ea1cfa48e6a81f1edc9988b9bc660b2bd9e7443e,2024-01-18,page 6; seq 286,比亚迪汽车工业有限公司,纯电动轿车,1,1,0,0
QCJ7007BEV2,官方不符合技术要求清单PDF,official_nonconforming_20240118,/workspace/purchase_tax_audit/compact_input_20261008/购置税项目_必要数据精简包_20261008/原件/20240118_不符合技术要求的车型清单.pdf,96dfba8ba2f57eb5633ce8e1ea1cfa48e6a81f1edc9988b9bc660b2bd9e7443e,2024-01-18,page 6; seq 287,比亚迪汽车工业有限公司,纯电动轿车,1,1,0,0
QCJ7007BEV1,官方不符合技术要求清单PDF,official_nonconforming_20240118,/workspace/purchase_tax_audit/compact_input_20261008/购置税项目_必要数据精简包_20261008/原件/20240118_不符合技术要求的车型清单.pdf,96dfba8ba2f57eb5633ce8e1ea1cfa48e6a81f1edc9988b9bc660b2bd9e7443e,2024-01-18,page 6; seq 288,比亚迪汽车工业有限公司,纯电动轿车,1,1,0,0
JNJ7000EVF6,官方不符合技术要求清单PDF,official_nonconforming_20240118,/workspace/purchase_tax_audit/compact_input_20261008/购置税项目_必要数据精简包_20261008/原件/20240118_不符合技术要求的车型清单.pdf,96dfba8ba2f57eb5633ce8e1ea1cfa48e6a81f1edc9988b9bc660b2bd9e7443e,2024-01-18,page 6; seq 289,湖南江南汽车制造有限公司,纯电动轿车,1,1,0,0
JNJ7000EVF4,官方不符合技术要求清单PDF,official_nonconforming_20240118,/workspace/purchase_tax_audit/compact_input_20261008/购置税项目_必要数据精简包_20261008/原件/20240118_不符合技术要求的车型清单.pdf,96dfba8ba2f57eb5633ce8e1ea1cfa48e6a81f1edc9988b9bc660b2bd9e7443e,2024-01-18,page 6; seq 290,湖南江南汽车制造有限公司,纯电动轿车,1,1,0,0
JNJ7000EVC4,官方不符合技术要求清单PDF,official_nonconforming_20240118,/workspace/purchase_tax_audit/compact_input_20261008/购置税项目_必要数据精简包_20261008/原件/20240118_不符合技术要求的车型清单.pdf,96dfba8ba2f57eb5633ce8e1ea1cfa48e6a81f1edc9988b9bc660b2bd9e7443e,2024-01-18,page 6; seq 291,湖南江南汽车制造有限公司,纯电动轿车,1,1,0,0
JNJ7000EVK9,官方不符合技术要求清单PDF,official_nonconforming_20240118,/workspace/purchase_tax_audit/compact_input_20261008/购置税项目_必要数据精简包_20261008/原件/20240118_不符合技术要求的车型清单.pdf,96dfba8ba2f57eb5633ce8e1ea1cfa48e6a81f1edc9988b9bc660b2bd9e7443e,2024-01-18,page 6; seq 292,湖南江南汽车制造有限公司,纯电动轿车,1,1,0,0
JNJ7000EVX21,官方不符合技术要求清单PDF,official_nonconforming_20240118,/workspace/purchase_tax_audit/compact_input_20261008/购置税项目_必要数据精简包_20261008/原件/20240118_不符合技术要求的车型清单.pdf,96dfba8ba2f57eb5633ce8e1ea1cfa48e6a81f1edc9988b9bc660b2bd9e7443e,2024-01-18,page 6; seq 293,湖南江南汽车制造有限公司,纯电动轿车,1,1,0,0
JNJ7000EVB,官方不符合技术要求清单PDF,official_nonconforming_20240118,/workspace/purchase_tax_audit/compact_input_20261008/购置税项目_必要数据精简包_20261008/原件/20240118_不符合技术要求的车型清单.pdf,96dfba8ba2f57eb5633ce8e1ea1cfa48e6a81f1edc9988b9bc660b2bd9e7443e,2024-01-18,page 6; seq 294,湖南江南汽车制造有限公司,纯电动轿车,1,1,0,0
JNJ7000EVX22,官方不符合技术要求清单PDF,official_nonconforming_20240118,/workspace/purchase_tax_audit/compact_input_20261008/购置税项目_必要数据精简包_20261008/原件/20240118_不符合技术要求的车型清单.pdf,96dfba8ba2f57eb5633ce8e1ea1cfa48e6a81f1edc9988b9bc660b2bd9e7443e,2024-01-18,page 6; seq 295,湖南江南汽车制造有限公司,纯电动轿车,1,1,0,0
JNJ7000EVX20,官方不符合技术要求清单PDF,official_nonconforming_20240118,/workspace/purchase_tax_audit/compact_input_20261008/购置税项目_必要数据精简包_20261008/原件/20240118_不符合技术要求的车型清单.pdf,96dfba8ba2f57eb5633ce8e1ea1cfa48e6a81f1edc9988b9bc660b2bd9e7443e,2024-01-18,page 6; seq 296,湖南江南汽车制造有限公司,纯电动轿车,1,1,0,0
JNJ7000EVX18,官方不符合技术要求清单PDF,official_nonconforming_20240118,/workspace/purchase_tax_audit/compact_input_20261008/购置税项目_必要数据精简包_20261008/原件/20240118_不符合技术要求的车型清单.pdf,96dfba8ba2f57eb5633ce8e1ea1cfa48e6a81f1edc9988b9bc660b2bd9e7443e,2024-01-18,page 6; seq 297,湖南江南汽车制造有限公司,纯电动轿车,1,1,0,0
JNJ7000EVX16,官方不符合技术要求清单PDF,official_nonconforming_20240118,/workspace/purchase_tax_audit/compact_input_20261008/购置税项目_必要数据精简包_20261008/原件/20240118_不符合技术要求的车型清单.pdf,96dfba8ba2f57eb5633ce8e1ea1cfa48e6a81f1edc9988b9bc660b2bd9e7443e,2024-01-18,page 6; seq 298,湖南江南汽车制造有限公司,纯电动轿车,1,1,0,0
JNJ7000EVX14,官方不符合技术要求清单PDF,official_nonconforming_20240118,/workspace/purchase_tax_audit/compact_input_20261008/购置税项目_必要数据精简包_20261008/原件/20240118_不符合技术要求的车型清单.pdf,96dfba8ba2f57eb5633ce8e1ea1cfa48e6a81f1edc9988b9bc660b2bd9e7443e,2024-01-18,page 6; seq 299,湖南江南汽车制造有限公司,纯电动轿车,1,1,0,0
JNJ7000EVX12,官方不符合技术要求清单PDF,official_nonconforming_20240118,/workspace/purchase_tax_audit/compact_input_20261008/购置税项目_必要数据精简包_20261008/原件/20240118_不符合技术要求的车型清单.pdf,96dfba8ba2f57eb5633ce8e1ea1cfa48e6a81f1edc9988b9bc660b2bd9e7443e,2024-01-18,page 6; seq 300,湖南江南汽车制造有限公司,纯电动轿车,1,1,0,0
JNJ7000EVX13,官方不符合技术要求清单PDF,official_nonconforming_20240118,/workspace/purchase_tax_audit/compact_input_20261008/购置税项目_必要数据精简包_20261008/原件/20240118_不符合技术要求的车型清单.pdf,96dfba8ba2f57eb5633ce8e1ea1cfa48e6a81f1edc9988b9bc660b2bd9e7443e,2024-01-18,page 6; seq 301,湖南江南汽车制造有限公司,纯电动轿车,1,1,0,0
JNJ7000EVX9,官方不符合技术要求清单PDF,official_nonconforming_20240118,/workspace/purchase_tax_audit/compact_input_20261008/购置税项目_必要数据精简包_20261008/原件/20240118_不符合技术要求的车型清单.pdf,96dfba8ba2f57eb5633ce8e1ea1cfa48e6a81f1edc9988b9bc660b2bd9e7443e,2024-01-18,page 6; seq 302,湖南江南汽车制造有限公司,纯电动轿车,1,1,0,0
JNJ6491EV,官方不符合技术要求清单PDF,official_nonconforming_20240118,/workspace/purchase_tax_audit/compact_input_20261008/购置税项目_必要数据精简包_20261008/原件/20240118_不符合技术要求的车型清单.pdf,96dfba8ba2f57eb5633ce8e1ea1cfa48e6a81f1edc9988b9bc660b2bd9e7443e,2024-01-18,page 6; seq 303,湖南江南汽车制造有限公司,纯电动多用途乘用车,1,1,0,0
HMC7000NS0BEV,官方不符合技术要求清单PDF,official_nonconforming_20240118,/workspace/purchase_tax_audit/compact_input_20261008/购置税项目_必要数据精简包_20261008/原件/20240118_不符合技术要求的车型清单.pdf,96dfba8ba2f57eb5633ce8e1ea1cfa48e6a81f1edc9988b9bc660b2bd9e7443e,2024-01-18,page 6; seq 304,海南海马汽车有限公司,纯电动轿车,1,1,0,0
GHA7000PAN0ABEV,官方不符合技术要求清单PDF,official_nonconforming_20240118,/workspace/purchase_tax_audit/compact_input_20261008/购置税项目_必要数据精简包_20261008/原件/20240118_不符合技术要求的车型清单.pdf,96dfba8ba2f57eb5633ce8e1ea1cfa48e6a81f1edc9988b9bc660b2bd9e7443e,2024-01-18,page 6; seq 305,广汽本田汽车有限公司,纯电动轿车,1,1,0,0
GAH7000BEVH0B,官方不符合技术要求清单PDF,official_nonconforming_20240118,/workspace/purchase_tax_audit/compact_input_20261008/购置税项目_必要数据精简包_20261008/原件/20240118_不符合技术要求的车型清单.pdf,96dfba8ba2f57eb5633ce8e1ea1cfa48e6a81f1edc9988b9bc660b2bd9e7443e,2024-01-18,page 6; seq 306,广汽乘用车(杭州)有限公司,纯电动轿车,1,1,0,0
GAH7000BEVH0A,官方不符合技术要求清单PDF,official_nonconforming_20240118,/workspace/purchase_tax_audit/compact_input_20261008/购置税项目_必要数据精简包_20261008/原件/20240118_不符合技术要求的车型清单.pdf,96dfba8ba2f57eb5633ce8e1ea1cfa48e6a81f1edc9988b9bc660b2bd9e7443e,2024-01-18,page 6; seq 307,广汽乘用车(杭州)有限公司,纯电动轿车,1,1,0,0
GAM7001BEVA1D,官方不符合技术要求清单PDF,official_nonconforming_20240118,/workspace/purchase_tax_audit/compact_input_20261008/购置税项目_必要数据精简包_20261008/原件/20240118_不符合技术要求的车型清单.pdf,96dfba8ba2f57eb5633ce8e1ea1cfa48e6a81f1edc9988b9bc660b2bd9e7443e,2024-01-18,page 6; seq 308,广汽乘用车有限公司,纯电动轿车,1,1,0,0
GAC7000BEVH0A,官方不符合技术要求清单PDF,official_nonconforming_20240118,/workspace/purchase_tax_audit/compact_input_20261008/购置税项目_必要数据精简包_20261008/原件/20240118_不符合技术要求的车型清单.pdf,96dfba8ba2f57eb5633ce8e1ea1cfa48e6a81f1edc9988b9bc660b2bd9e7443e,2024-01-18,page 6; seq 309,广汽乘用车有限公司,纯电动轿车,1,1,0,0
GAM6460BEVC0L,官方不符合技术要求清单PDF,official_nonconforming_20240118,/workspace/purchase_tax_audit/compact_input_20261008/购置税项目_必要数据精简包_20261008/原件/20240118_不符合技术要求的车型清单.pdf,96dfba8ba2f57eb5633ce8e1ea1cfa48e6a81f1edc9988b9bc660b2bd9e7443e,2024-01-18,page 6; seq 310,广汽乘用车有限公司,纯电动多用途乘用车,1,1,0,0
GTM6470BFEBEV,官方不符合技术要求清单PDF,official_nonconforming_20240118,/workspace/purchase_tax_audit/compact_input_20261008/购置税项目_必要数据精简包_20261008/原件/20240118_不符合技术要求的车型清单.pdf,96dfba8ba2f57eb5633ce8e1ea1cfa48e6a81f1edc9988b9bc660b2bd9e7443e,2024-01-18,page 6; seq 311,广汽丰田汽车有限公司,纯电动多用途乘用车,1,1,0,0
GMC7000BEV,官方不符合技术要求清单PDF,official_nonconforming_20240118,/workspace/purchase_tax_audit/compact_input_20261008/购置税项目_必要数据精简包_20261008/原件/20240118_不符合技术要求的车型清单.pdf,96dfba8ba2f57eb5633ce8e1ea1cfa48e6a81f1edc9988b9bc660b2bd9e7443e,2024-01-18,page 6; seq 312,广汽三菱汽车有限公司,纯电动轿车,1,1,0,0
LZ7000SLAEV,官方不符合技术要求清单PDF,official_nonconforming_20240118,/workspace/purchase_tax_audit/compact_input_20261008/购置税项目_必要数据精简包_20261008/原件/20240118_不符合技术要求的车型清单.pdf,96dfba8ba2f57eb5633ce8e1ea1cfa48e6a81f1edc9988b9bc660b2bd9e7443e,2024-01-18,page 6; seq 313,东风柳州汽车有限公司,纯电动轿车,1,1,0,0
LZ7001SLAEV,官方不符合技术要求清单PDF,official_nonconforming_20240118,/workspace/purchase_tax_audit/compact_input_20261008/购置税项目_必要数据精简包_20261008/原件/20240118_不符合技术要求的车型清单.pdf,96dfba8ba2f57eb5633ce8e1ea1cfa48e6a81f1edc9988b9bc660b2bd9e7443e,2024-01-18,page 6; seq 314,东风柳州汽车有限公司,纯电动轿车,1,1,0,0
LZ6510NEB0EV,官方不符合技术要求清单PDF,official_nonconforming_20240118,/workspace/purchase_tax_audit/compact_input_20261008/购置税项目_必要数据精简包_20261008/原件/20240118_不符合技术要求的车型清单.pdf,96dfba8ba2f57eb5633ce8e1ea1cfa48e6a81f1edc9988b9bc660b2bd9e7443e,2024-01-18,page 6; seq 315,东风柳州汽车有限公司,纯电动多用途乘用车,1,1,0,0
LZ6462MLAEV,官方不符合技术要求清单PDF,official_nonconforming_20240118,/workspace/purchase_tax_audit/compact_input_20261008/购置税项目_必要数据精简包_20261008/原件/20240118_不符合技术要求的车型清单.pdf,96dfba8ba2f57eb5633ce8e1ea1cfa48e6a81f1edc9988b9bc660b2bd9e7443e,2024-01-18,page 6; seq 316,东风柳州汽车有限公司,纯电动多用途乘用车,1,1,0,0
LZ6463MLAEV,官方不符合技术要求清单PDF,official_nonconforming_20240118,/workspace/purchase_tax_audit/compact_input_20261008/购置税项目_必要数据精简包_20261008/原件/20240118_不符合技术要求的车型清单.pdf,96dfba8ba2f57eb5633ce8e1ea1cfa48e6a81f1edc9988b9bc660b2bd9e7443e,2024-01-18,page 6; seq 317,东风柳州汽车有限公司,纯电动多用途乘用车,1,1,0,0
LZW7004EVA5,官方不符合技术要求清单PDF,official_nonconforming_20240118,/workspace/purchase_tax_audit/compact_input_20261008/购置税项目_必要数据精简包_20261008/原件/20240118_不符合技术要求的车型清单.pdf,96dfba8ba2f57eb5633ce8e1ea1cfa48e6a81f1edc9988b9bc660b2bd9e7443e,2024-01-18,page 6; seq 318,上汽通用五菱汽车股份有限公司,纯电动轿车,1,1,0,0
LZW7004EVA3,官方不符合技术要求清单PDF,official_nonconforming_20240118,/workspace/purchase_tax_audit/compact_input_20261008/购置税项目_必要数据精简包_20261008/原件/20240118_不符合技术要求的车型清单.pdf,96dfba8ba2f57eb5633ce8e1ea1cfa48e6a81f1edc9988b9bc660b2bd9e7443e,2024-01-18,page 6; seq 319,上汽通用五菱汽车股份有限公司,纯电动轿车,1,1,0,0
LZW7004EVA2,官方不符合技术要求清单PDF,official_nonconforming_20240118,/workspace/purchase_tax_audit/compact_input_20261008/购置税项目_必要数据精简包_20261008/原件/20240118_不符合技术要求的车型清单.pdf,96dfba8ba2f57eb5633ce8e1ea1cfa48e6a81f1edc9988b9bc660b2bd9e7443e,2024-01-18,page 6; seq 320,上汽通用五菱汽车股份有限公司,纯电动轿车,1,1,0,0
LZW7004EVA1,官方不符合技术要求清单PDF,official_nonconforming_20240118,/workspace/purchase_tax_audit/compact_input_20261008/购置税项目_必要数据精简包_20261008/原件/20240118_不符合技术要求的车型清单.pdf,96dfba8ba2f57eb5633ce8e1ea1cfa48e6a81f1edc9988b9bc660b2bd9e7443e,2024-01-18,page 6; seq 321,上汽通用五菱汽车股份有限公司,纯电动轿车,1,1,0,0
LZW7004EVA4,官方不符合技术要求清单PDF,official_nonconforming_20240118,/workspace/purchase_tax_audit/compact_input_20261008/购置税项目_必要数据精简包_20261008/原件/20240118_不符合技术要求的车型清单.pdf,96dfba8ba2f57eb5633ce8e1ea1cfa48e6a81f1edc9988b9bc660b2bd9e7443e,2024-01-18,page 6; seq 322,上汽通用五菱汽车股份有限公司,纯电动轿车,1,1,0,0
LZW7005EVA1,官方不符合技术要求清单PDF,official_nonconforming_20240118,/workspace/purchase_tax_audit/compact_input_20261008/购置税项目_必要数据精简包_20261008/原件/20240118_不符合技术要求的车型清单.pdf,96dfba8ba2f57eb5633ce8e1ea1cfa48e6a81f1edc9988b9bc660b2bd9e7443e,2024-01-18,page 6; seq 323,上汽通用五菱汽车股份有限公司,纯电动轿车,1,1,0,0
LZW7007EVA1,官方不符合技术要求清单PDF,official_nonconforming_20240118,/workspace/purchase_tax_audit/compact_input_20261008/购置税项目_必要数据精简包_20261008/原件/20240118_不符合技术要求的车型清单.pdf,96dfba8ba2f57eb5633ce8e1ea1cfa48e6a81f1edc9988b9bc660b2bd9e7443e,2024-01-18,page 6; seq 324,上汽通用五菱汽车股份有限公司,纯电动轿车,1,1,0,0
LZW7007EVC1KBJB,官方不符合技术要求清单PDF,official_nonconforming_20240118,/workspace/purchase_tax_audit/compact_input_20261008/购置税项目_必要数据精简包_20261008/原件/20240118_不符合技术要求的车型清单.pdf,96dfba8ba2f57eb5633ce8e1ea1cfa48e6a81f1edc9988b9bc660b2bd9e7443e,2024-01-18,page 6; seq 325,上汽通用五菱汽车股份有限公司,纯电动轿车,1,1,0,0
LZW7004EVJECD,官方不符合技术要求清单PDF,official_nonconforming_20240118,/workspace/purchase_tax_audit/compact_input_20261008/购置税项目_必要数据精简包_20261008/原件/20240118_不符合技术要求的车型清单.pdf,96dfba8ba2f57eb5633ce8e1ea1cfa48e6a81f1edc9988b9bc660b2bd9e7443e,2024-01-18,page 6; seq 326,上汽通用五菱汽车股份有限公司,纯电动轿车,1,1,0,0
LZW7004EVJUCD,官方不符合技术要求清单PDF,official_nonconforming_20240118,/workspace/purchase_tax_audit/compact_input_20261008/购置税项目_必要数据精简包_20261008/原件/20240118_不符合技术要求的车型清单.pdf,96dfba8ba2f57eb5633ce8e1ea1cfa48e6a81f1edc9988b9bc660b2bd9e7443e,2024-01-18,page 6; seq 327,上汽通用五菱汽车股份有限公司,纯电动轿车,1,1,0,0
LZW7004EVPUCD,官方不符合技术要求清单PDF,official_nonconforming_20240118,/workspace/purchase_tax_audit/compact_input_20261008/购置税项目_必要数据精简包_20261008/原件/20240118_不符合技术要求的车型清单.pdf,96dfba8ba2f57eb5633ce8e1ea1cfa48e6a81f1edc9988b9bc660b2bd9e7443e,2024-01-18,page 6; seq 328,上汽通用五菱汽车股份有限公司,纯电动轿车,1,1,0,0
LZW7004EVC1UBJ,官方不符合技术要求清单PDF,official_nonconforming_20240118,/workspace/purchase_tax_audit/compact_input_20261008/购置税项目_必要数据精简包_20261008/原件/20240118_不符合技术要求的车型清单.pdf,96dfba8ba2f57eb5633ce8e1ea1cfa48e6a81f1edc9988b9bc660b2bd9e7443e,2024-01-18,page 7; seq 329,上汽通用五菱汽车股份有限公司,纯电动轿车,1,1,0,0
LZW7007EVC1KBJ,官方不符合技术要求清单PDF,official_nonconforming_20240118,/workspace/purchase_tax_audit/compact_input_20261008/购置税项目_必要数据精简包_20261008/原件/20240118_不符合技术要求的车型清单.pdf,96dfba8ba2f57eb5633ce8e1ea1cfa48e6a81f1edc9988b9bc660b2bd9e7443e,2024-01-18,page 7; seq 330,上汽通用五菱汽车股份有限公司,纯电动轿车,1,1,0,0
LZW7004EVPUAMB,官方不符合技术要求清单PDF,official_nonconforming_20240118,/workspace/purchase_tax_audit/compact_input_20261008/购置税项目_必要数据精简包_20261008/原件/20240118_不符合技术要求的车型清单.pdf,96dfba8ba2f57eb5633ce8e1ea1cfa48e6a81f1edc9988b9bc660b2bd9e7443e,2024-01-18,page 7; seq 331,上汽通用五菱汽车股份有限公司,纯电动轿车,1,1,0,0
LZW7004EVPWCB,官方不符合技术要求清单PDF,official_nonconforming_20240118,/workspace/purchase_tax_audit/compact_input_20261008/购置税项目_必要数据精简包_20261008/原件/20240118_不符合技术要求的车型清单.pdf,96dfba8ba2f57eb5633ce8e1ea1cfa48e6a81f1edc9988b9bc660b2bd9e7443e,2024-01-18,page 7; seq 332,上汽通用五菱汽车股份有限公司,纯电动轿车,1,1,0,0
LZW7004EVPUAM,官方不符合技术要求清单PDF,official_nonconforming_20240118,/workspace/purchase_tax_audit/compact_input_20261008/购置税项目_必要数据精简包_20261008/原件/20240118_不符合技术要求的车型清单.pdf,96dfba8ba2f57eb5633ce8e1ea1cfa48e6a81f1edc9988b9bc660b2bd9e7443e,2024-01-18,page 7; seq 333,上汽通用五菱汽车股份有限公司,纯电动轿车,1,1,0,0
LZW7004EVPKAMB,官方不符合技术要求清单PDF,official_nonconforming_20240118,/workspace/purchase_tax_audit/compact_input_20261008/购置税项目_必要数据精简包_20261008/原件/20240118_不符合技术要求的车型清单.pdf,96dfba8ba2f57eb5633ce8e1ea1cfa48e6a81f1edc9988b9bc660b2bd9e7443e,2024-01-18,page 7; seq 334,上汽通用五菱汽车股份有限公司,纯电动轿车,1,1,0,0
LZW7005EVA5KBJA,官方不符合技术要求清单PDF,official_nonconforming_20240118,/workspace/purchase_tax_audit/compact_input_20261008/购置税项目_必要数据精简包_20261008/原件/20240118_不符合技术要求的车型清单.pdf,96dfba8ba2f57eb5633ce8e1ea1cfa48e6a81f1edc9988b9bc660b2bd9e7443e,2024-01-18,page 7; seq 335,上汽通用五菱汽车股份有限公司,纯电动轿车,1,1,0,0
LZW7005EVC1EBJ,官方不符合技术要求清单PDF,official_nonconforming_20240118,/workspace/purchase_tax_audit/compact_input_20261008/购置税项目_必要数据精简包_20261008/原件/20240118_不符合技术要求的车型清单.pdf,96dfba8ba2f57eb5633ce8e1ea1cfa48e6a81f1edc9988b9bc660b2bd9e7443e,2024-01-18,page 7; seq 336,上汽通用五菱汽车股份有限公司,纯电动轿车,1,1,0,0
LZW7004EVJHBU,官方不符合技术要求清单PDF,official_nonconforming_20240118,/workspace/purchase_tax_audit/compact_input_20261008/购置税项目_必要数据精简包_20261008/原件/20240118_不符合技术要求的车型清单.pdf,96dfba8ba2f57eb5633ce8e1ea1cfa48e6a81f1edc9988b9bc660b2bd9e7443e,2024-01-18,page 7; seq 337,上汽通用五菱汽车股份有限公司,纯电动轿车,1,1,0,0
LZW7004EVPKBW,官方不符合技术要求清单PDF,official_nonconforming_20240118,/workspace/purchase_tax_audit/compact_input_20261008/购置税项目_必要数据精简包_20261008/原件/20240118_不符合技术要求的车型清单.pdf,96dfba8ba2f57eb5633ce8e1ea1cfa48e6a81f1edc9988b9bc660b2bd9e7443e,2024-01-18,page 7; seq 338,上汽通用五菱汽车股份有限公司,纯电动轿车,1,1,0,0
LZW7004EVA5KBJ,官方不符合技术要求清单PDF,official_nonconforming_20240118,/workspace/purchase_tax_audit/compact_input_20261008/购置税项目_必要数据精简包_20261008/原件/20240118_不符合技术要求的车型清单.pdf,96dfba8ba2f57eb5633ce8e1ea1cfa48e6a81f1edc9988b9bc660b2bd9e7443e,2024-01-18,page 7; seq 339,上汽通用五菱汽车股份有限公司,纯电动轿车,1,1,0,0
LZW7004EVC1EBJ,官方不符合技术要求清单PDF,official_nonconforming_20240118,/workspace/purchase_tax_audit/compact_input_20261008/购置税项目_必要数据精简包_20261008/原件/20240118_不符合技术要求的车型清单.pdf,96dfba8ba2f57eb5633ce8e1ea1cfa48e6a81f1edc9988b9bc660b2bd9e7443e,2024-01-18,page 7; seq 340,上汽通用五菱汽车股份有限公司,纯电动轿车,1,1,0,0
LZW7004EVB9KBJ,官方不符合技术要求清单PDF,official_nonconforming_20240118,/workspace/purchase_tax_audit/compact_input_20261008/购置税项目_必要数据精简包_20261008/原件/20240118_不符合技术要求的车型清单.pdf,96dfba8ba2f57eb5633ce8e1ea1cfa48e6a81f1edc9988b9bc660b2bd9e7443e,2024-01-18,page 7; seq 341,上汽通用五菱汽车股份有限公司,纯电动轿车,1,1,0,0
LZW7004EVB8EBJ,官方不符合技术要求清单PDF,official_nonconforming_20240118,/workspace/purchase_tax_audit/compact_input_20261008/购置税项目_必要数据精简包_20261008/原件/20240118_不符合技术要求的车型清单.pdf,96dfba8ba2f57eb5633ce8e1ea1cfa48e6a81f1edc9988b9bc660b2bd9e7443e,2024-01-18,page 7; seq 342,上汽通用五菱汽车股份有限公司,纯电动轿车,1,1,0,0
LZW7004EVPCBH,官方不符合技术要求清单PDF,official_nonconforming_20240118,/workspace/purchase_tax_audit/compact_input_20261008/购置税项目_必要数据精简包_20261008/原件/20240118_不符合技术要求的车型清单.pdf,96dfba8ba2f57eb5633ce8e1ea1cfa48e6a81f1edc9988b9bc660b2bd9e7443e,2024-01-18,page 7; seq 343,上汽通用五菱汽车股份有限公司,纯电动轿车,1,1,0,0
LZW7004EVPCBC,官方不符合技术要求清单PDF,official_nonconforming_20240118,/workspace/purchase_tax_audit/compact_input_20261008/购置税项目_必要数据精简包_20261008/原件/20240118_不符合技术要求的车型清单.pdf,96dfba8ba2f57eb5633ce8e1ea1cfa48e6a81f1edc9988b9bc660b2bd9e7443e,2024-01-18,page 7; seq 344,上汽通用五菱汽车股份有限公司,纯电动轿车,1,1,0,0
LZW7004EVJDBD,官方不符合技术要求清单PDF,official_nonconforming_20240118,/workspace/purchase_tax_audit/compact_input_20261008/购置税项目_必要数据精简包_20261008/原件/20240118_不符合技术要求的车型清单.pdf,96dfba8ba2f57eb5633ce8e1ea1cfa48e6a81f1edc9988b9bc660b2bd9e7443e,2024-01-18,page 7; seq 345,上汽通用五菱汽车股份有限公司,纯电动轿车,1,1,0,0
LZW7004EVPHBG,官方不符合技术要求清单PDF,official_nonconforming_20240118,/workspace/purchase_tax_audit/compact_input_20261008/购置税项目_必要数据精简包_20261008/原件/20240118_不符合技术要求的车型清单.pdf,96dfba8ba2f57eb5633ce8e1ea1cfa48e6a81f1edc9988b9bc660b2bd9e7443e,2024-01-18,page 7; seq 346,上汽通用五菱汽车股份有限公司,纯电动轿车,1,1,0,0
LZW7004EVB2DBD,官方不符合技术要求清单PDF,official_nonconforming_20240118,/workspace/purchase_tax_audit/compact_input_20261008/购置税项目_必要数据精简包_20261008/原件/20240118_不符合技术要求的车型清单.pdf,96dfba8ba2f57eb5633ce8e1ea1cfa48e6a81f1edc9988b9bc660b2bd9e7443e,2024-01-18,page 7; seq 347,上汽通用五菱汽车股份有限公司,纯电动轿车,1,1,0,0
LZW7004EVJCBC,官方不符合技术要求清单PDF,official_nonconforming_20240118,/workspace/purchase_tax_audit/compact_input_20261008/购置税项目_必要数据精简包_20261008/原件/20240118_不符合技术要求的车型清单.pdf,96dfba8ba2f57eb5633ce8e1ea1cfa48e6a81f1edc9988b9bc660b2bd9e7443e,2024-01-18,page 7; seq 348,上汽通用五菱汽车股份有限公司,纯电动轿车,1,1,0,0
LZW7004EVJKAM,官方不符合技术要求清单PDF,official_nonconforming_20240118,/workspace/purchase_tax_audit/compact_input_20261008/购置税项目_必要数据精简包_20261008/原件/20240118_不符合技术要求的车型清单.pdf,96dfba8ba2f57eb5633ce8e1ea1cfa48e6a81f1edc9988b9bc660b2bd9e7443e,2024-01-18,page 7; seq 349,上汽通用五菱汽车股份有限公司,纯电动轿车,1,1,0,0
LZW7004EVJEAMA,官方不符合技术要求清单PDF,official_nonconforming_20240118,/workspace/purchase_tax_audit/compact_input_20261008/购置税项目_必要数据精简包_20261008/原件/20240118_不符合技术要求的车型清单.pdf,96dfba8ba2f57eb5633ce8e1ea1cfa48e6a81f1edc9988b9bc660b2bd9e7443e,2024-01-18,page 7; seq 350,上汽通用五菱汽车股份有限公司,纯电动轿车,1,1,0,0
LZW7004EVJDBB,官方不符合技术要求清单PDF,official_nonconforming_20240118,/workspace/purchase_tax_audit/compact_input_20261008/购置税项目_必要数据精简包_20261008/原件/20240118_不符合技术要求的车型清单.pdf,96dfba8ba2f57eb5633ce8e1ea1cfa48e6a81f1edc9988b9bc660b2bd9e7443e,2024-01-18,page 7; seq 351,上汽通用五菱汽车股份有限公司,纯电动轿车,1,1,0,0
LZW7004EVJEAM,官方不符合技术要求清单PDF,official_nonconforming_20240118,/workspace/purchase_tax_audit/compact_input_20261008/购置税项目_必要数据精简包_20261008/原件/20240118_不符合技术要求的车型清单.pdf,96dfba8ba2f57eb5633ce8e1ea1cfa48e6a81f1edc9988b9bc660b2bd9e7443e,2024-01-18,page 7; seq 352,上汽通用五菱汽车股份有限公司,纯电动轿车,1,1,0,0
LZW7004EVPHAK,官方不符合技术要求清单PDF,official_nonconforming_20240118,/workspace/purchase_tax_audit/compact_input_20261008/购置税项目_必要数据精简包_20261008/原件/20240118_不符合技术要求的车型清单.pdf,96dfba8ba2f57eb5633ce8e1ea1cfa48e6a81f1edc9988b9bc660b2bd9e7443e,2024-01-18,page 7; seq 353,上汽通用五菱汽车股份有限公司,纯电动轿车,1,1,0,0
LZW7004EVA4KAK,官方不符合技术要求清单PDF,official_nonconforming_20240118,/workspace/purchase_tax_audit/compact_input_20261008/购置税项目_必要数据精简包_20261008/原件/20240118_不符合技术要求的车型清单.pdf,96dfba8ba2f57eb5633ce8e1ea1cfa48e6a81f1edc9988b9bc660b2bd9e7443e,2024-01-18,page 7; seq 354,上汽通用五菱汽车股份有限公司,纯电动轿车,1,1,0,0
LZW7004EVA4CAM,官方不符合技术要求清单PDF,official_nonconforming_20240118,/workspace/purchase_tax_audit/compact_input_20261008/购置税项目_必要数据精简包_20261008/原件/20240118_不符合技术要求的车型清单.pdf,96dfba8ba2f57eb5633ce8e1ea1cfa48e6a81f1edc9988b9bc660b2bd9e7443e,2024-01-18,page 7; seq 355,上汽通用五菱汽车股份有限公司,纯电动轿车,1,1,0,0
LZW7004EVJCAM,官方不符合技术要求清单PDF,official_nonconforming_20240118,/workspace/purchase_tax_audit/compact_input_20261008/购置税项目_必要数据精简包_20261008/原件/20240118_不符合技术要求的车型清单.pdf,96dfba8ba2f57eb5633ce8e1ea1cfa48e6a81f1edc9988b9bc660b2bd9e7443e,2024-01-18,page 7; seq 356,上汽通用五菱汽车股份有限公司,纯电动轿车,1,1,0,0
LZW7004EVPCAK,官方不符合技术要求清单PDF,official_nonconforming_20240118,/workspace/purchase_tax_audit/compact_input_20261008/购置税项目_必要数据精简包_20261008/原件/20240118_不符合技术要求的车型清单.pdf,96dfba8ba2f57eb5633ce8e1ea1cfa48e6a81f1edc9988b9bc660b2bd9e7443e,2024-01-18,page 7; seq 357,上汽通用五菱汽车股份有限公司,纯电动轿车,1,1,0,0
LZW7004EVPEAK,官方不符合技术要求清单PDF,official_nonconforming_20240118,/workspace/purchase_tax_audit/compact_input_20261008/购置税项目_必要数据精简包_20261008/原件/20240118_不符合技术要求的车型清单.pdf,96dfba8ba2f57eb5633ce8e1ea1cfa48e6a81f1edc9988b9bc660b2bd9e7443e,2024-01-18,page 7; seq 358,上汽通用五菱汽车股份有限公司,纯电动轿车,1,1,0,0
LZW7004EVWEAW,官方不符合技术要求清单PDF,official_nonconforming_20240118,/workspace/purchase_tax_audit/compact_input_20261008/购置税项目_必要数据精简包_20261008/原件/20240118_不符合技术要求的车型清单.pdf,96dfba8ba2f57eb5633ce8e1ea1cfa48e6a81f1edc9988b9bc660b2bd9e7443e,2024-01-18,page 7; seq 359,上汽通用五菱汽车股份有限公司,纯电动轿车,1,1,0,0
LZW7004EVPDBA,官方不符合技术要求清单PDF,official_nonconforming_20240118,/workspace/purchase_tax_audit/compact_input_20261008/购置税项目_必要数据精简包_20261008/原件/20240118_不符合技术要求的车型清单.pdf,96dfba8ba2f57eb5633ce8e1ea1cfa48e6a81f1edc9988b9bc660b2bd9e7443e,2024-01-18,page 7; seq 360,上汽通用五菱汽车股份有限公司,纯电动轿车,1,1,0,0
LZW7004EVPDBB,官方不符合技术要求清单PDF,official_nonconforming_20240118,/workspace/purchase_tax_audit/compact_input_20261008/购置税项目_必要数据精简包_20261008/原件/20240118_不符合技术要求的车型清单.pdf,96dfba8ba2f57eb5633ce8e1ea1cfa48e6a81f1edc9988b9bc660b2bd9e7443e,2024-01-18,page 7; seq 361,上汽通用五菱汽车股份有限公司,纯电动轿车,1,1,0,0
LZW7004EVPHAM,官方不符合技术要求清单PDF,official_nonconforming_20240118,/workspace/purchase_tax_audit/compact_input_20261008/购置税项目_必要数据精简包_20261008/原件/20240118_不符合技术要求的车型清单.pdf,96dfba8ba2f57eb5633ce8e1ea1cfa48e6a81f1edc9988b9bc660b2bd9e7443e,2024-01-18,page 7; seq 362,上汽通用五菱汽车股份有限公司,纯电动轿车,1,1,0,0
LZW7004EVPKAK,官方不符合技术要求清单PDF,official_nonconforming_20240118,/workspace/purchase_tax_audit/compact_input_20261008/购置税项目_必要数据精简包_20261008/原件/20240118_不符合技术要求的车型清单.pdf,96dfba8ba2f57eb5633ce8e1ea1cfa48e6a81f1edc9988b9bc660b2bd9e7443e,2024-01-18,page 7; seq 363,上汽通用五菱汽车股份有限公司,纯电动轿车,1,1,0,0
LZW7004EVPCAM,官方不符合技术要求清单PDF,official_nonconforming_20240118,/workspace/purchase_tax_audit/compact_input_20261008/购置税项目_必要数据精简包_20261008/原件/20240118_不符合技术要求的车型清单.pdf,96dfba8ba2f57eb5633ce8e1ea1cfa48e6a81f1edc9988b9bc660b2bd9e7443e,2024-01-18,page 7; seq 364,上汽通用五菱汽车股份有限公司,纯电动轿车,1,1,0,0
LZW7004EVPDAG,官方不符合技术要求清单PDF,official_nonconforming_20240118,/workspace/purchase_tax_audit/compact_input_20261008/购置税项目_必要数据精简包_20261008/原件/20240118_不符合技术要求的车型清单.pdf,96dfba8ba2f57eb5633ce8e1ea1cfa48e6a81f1edc9988b9bc660b2bd9e7443e,2024-01-18,page 7; seq 365,上汽通用五菱汽车股份有限公司,纯电动轿车,1,1,0,0
LZW7004EVPDAK,官方不符合技术要求清单PDF,official_nonconforming_20240118,/workspace/purchase_tax_audit/compact_input_20261008/购置税项目_必要数据精简包_20261008/原件/20240118_不符合技术要求的车型清单.pdf,96dfba8ba2f57eb5633ce8e1ea1cfa48e6a81f1edc9988b9bc660b2bd9e7443e,2024-01-18,page 7; seq 366,上汽通用五菱汽车股份有限公司,纯电动轿车,1,1,0,0
LZW7004EVPDJ,官方不符合技术要求清单PDF,official_nonconforming_20240118,/workspace/purchase_tax_audit/compact_input_20261008/购置税项目_必要数据精简包_20261008/原件/20240118_不符合技术要求的车型清单.pdf,96dfba8ba2f57eb5633ce8e1ea1cfa48e6a81f1edc9988b9bc660b2bd9e7443e,2024-01-18,page 7; seq 367,上汽通用五菱汽车股份有限公司,纯电动轿车,1,1,0,0
LZW7004EVPKAM,官方不符合技术要求清单PDF,official_nonconforming_20240118,/workspace/purchase_tax_audit/compact_input_20261008/购置税项目_必要数据精简包_20261008/原件/20240118_不符合技术要求的车型清单.pdf,96dfba8ba2f57eb5633ce8e1ea1cfa48e6a81f1edc9988b9bc660b2bd9e7443e,2024-01-18,page 7; seq 368,上汽通用五菱汽车股份有限公司,纯电动轿车,1,1,0,0
LZW7004EVQEAW,官方不符合技术要求清单PDF,official_nonconforming_20240118,/workspace/purchase_tax_audit/compact_input_20261008/购置税项目_必要数据精简包_20261008/原件/20240118_不符合技术要求的车型清单.pdf,96dfba8ba2f57eb5633ce8e1ea1cfa48e6a81f1edc9988b9bc660b2bd9e7443e,2024-01-18,page 7; seq 369,上汽通用五菱汽车股份有限公司,纯电动轿车,1,1,0,0
LZW7001EVPEAD,官方不符合技术要求清单PDF,official_nonconforming_20240118,/workspace/purchase_tax_audit/compact_input_20261008/购置税项目_必要数据精简包_20261008/原件/20240118_不符合技术要求的车型清单.pdf,96dfba8ba2f57eb5633ce8e1ea1cfa48e6a81f1edc9988b9bc660b2bd9e7443e,2024-01-18,page 7; seq 370,上汽通用五菱汽车股份有限公司,纯电动轿车,1,1,0,0
LZW7004EVJDAK,官方不符合技术要求清单PDF,official_nonconforming_20240118,/workspace/purchase_tax_audit/compact_input_20261008/购置税项目_必要数据精简包_20261008/原件/20240118_不符合技术要求的车型清单.pdf,96dfba8ba2f57eb5633ce8e1ea1cfa48e6a81f1edc9988b9bc660b2bd9e7443e,2024-01-18,page 7; seq 371,上汽通用五菱汽车股份有限公司,纯电动轿车,1,1,0,0
LZW7004EVJDAM,官方不符合技术要求清单PDF,official_nonconforming_20240118,/workspace/purchase_tax_audit/compact_input_20261008/购置税项目_必要数据精简包_20261008/原件/20240118_不符合技术要求的车型清单.pdf,96dfba8ba2f57eb5633ce8e1ea1cfa48e6a81f1edc9988b9bc660b2bd9e7443e,2024-01-18,page 7; seq 372,上汽通用五菱汽车股份有限公司,纯电动轿车,1,1,0,0
LZW7004EVJDAG,官方不符合技术要求清单PDF,official_nonconforming_20240118,/workspace/purchase_tax_audit/compact_input_20261008/购置税项目_必要数据精简包_20261008/原件/20240118_不符合技术要求的车型清单.pdf,96dfba8ba2f57eb5633ce8e1ea1cfa48e6a81f1edc9988b9bc660b2bd9e7443e,2024-01-18,page 7; seq 373,上汽通用五菱汽车股份有限公司,纯电动轿车,1,1,0,0
LZW7004EVJDJ,官方不符合技术要求清单PDF,official_nonconforming_20240118,/workspace/purchase_tax_audit/compact_input_20261008/购置税项目_必要数据精简包_20261008/原件/20240118_不符合技术要求的车型清单.pdf,96dfba8ba2f57eb5633ce8e1ea1cfa48e6a81f1edc9988b9bc660b2bd9e7443e,2024-01-18,page 7; seq 374,上汽通用五菱汽车股份有限公司,纯电动轿车,1,1,0,0
LZW7003EVMET,官方不符合技术要求清单PDF,official_nonconforming_20240118,/workspace/purchase_tax_audit/compact_input_20261008/购置税项目_必要数据精简包_20261008/原件/20240118_不符合技术要求的车型清单.pdf,96dfba8ba2f57eb5633ce8e1ea1cfa48e6a81f1edc9988b9bc660b2bd9e7443e,2024-01-18,page 7; seq 375,上汽通用五菱汽车股份有限公司,纯电动轿车,1,1,0,0
LZW7001EVDEP,官方不符合技术要求清单PDF,official_nonconforming_20240118,/workspace/purchase_tax_audit/compact_input_20261008/购置税项目_必要数据精简包_20261008/原件/20240118_不符合技术要求的车型清单.pdf,96dfba8ba2f57eb5633ce8e1ea1cfa48e6a81f1edc9988b9bc660b2bd9e7443e,2024-01-18,page 7; seq 376,上汽通用五菱汽车股份有限公司,纯电动轿车,1,1,0,0
LZW7001EVACP,官方不符合技术要求清单PDF,official_nonconforming_20240118,/workspace/purchase_tax_audit/compact_input_20261008/购置税项目_必要数据精简包_20261008/原件/20240118_不符合技术要求的车型清单.pdf,96dfba8ba2f57eb5633ce8e1ea1cfa48e6a81f1edc9988b9bc660b2bd9e7443e,2024-01-18,page 7; seq 377,上汽通用五菱汽车股份有限公司,纯电动轿车,1,1,0,0
LZW7002EVCEP,官方不符合技术要求清单PDF,official_nonconforming_20240118,/workspace/purchase_tax_audit/compact_input_20261008/购置税项目_必要数据精简包_20261008/原件/20240118_不符合技术要求的车型清单.pdf,96dfba8ba2f57eb5633ce8e1ea1cfa48e6a81f1edc9988b9bc660b2bd9e7443e,2024-01-18,page 7; seq 378,上汽通用五菱汽车股份有限公司,纯电动轿车,1,1,0,0
LZW7001EVABP,官方不符合技术要求清单PDF,official_nonconforming_20240118,/workspace/purchase_tax_audit/compact_input_20261008/购置税项目_必要数据精简包_20261008/原件/20240118_不符合技术要求的车型清单.pdf,96dfba8ba2f57eb5633ce8e1ea1cfa48e6a81f1edc9988b9bc660b2bd9e7443e,2024-01-18,page 7; seq 379,上汽通用五菱汽车股份有限公司,纯电动轿车,1,1,0,0
LZW7002EVBBP,官方不符合技术要求清单PDF,official_nonconforming_20240118,/workspace/purchase_tax_audit/compact_input_20261008/购置税项目_必要数据精简包_20261008/原件/20240118_不符合技术要求的车型清单.pdf,96dfba8ba2f57eb5633ce8e1ea1cfa48e6a81f1edc9988b9bc660b2bd9e7443e,2024-01-18,page 7; seq 380,上汽通用五菱汽车股份有限公司,纯电动轿车,1,1,0,0
LZW7002EVBHW,官方不符合技术要求清单PDF,official_nonconforming_20240118,/workspace/purchase_tax_audit/compact_input_20261008/购置税项目_必要数据精简包_20261008/原件/20240118_不符合技术要求的车型清单.pdf,96dfba8ba2f57eb5633ce8e1ea1cfa48e6a81f1edc9988b9bc660b2bd9e7443e,2024-01-18,page 7; seq 381,上汽通用五菱汽车股份有限公司,纯电动轿车,1,1,0,0
LZW7001EVAEP,官方不符合技术要求清单PDF,official_nonconforming_20240118,/workspace/purchase_tax_audit/compact_input_20261008/购置税项目_必要数据精简包_20261008/原件/20240118_不符合技术要求的车型清单.pdf,96dfba8ba2f57eb5633ce8e1ea1cfa48e6a81f1edc9988b9bc660b2bd9e7443e,2024-01-18,page 7; seq 382,上汽通用五菱汽车股份有限公司,纯电动轿车,1,1,0,0
LZW7002EVBCP,官方不符合技术要求清单PDF,official_nonconforming_20240118,/workspace/purchase_tax_audit/compact_input_20261008/购置税项目_必要数据精简包_20261008/原件/20240118_不符合技术要求的车型清单.pdf,96dfba8ba2f57eb5633ce8e1ea1cfa48e6a81f1edc9988b9bc660b2bd9e7443e,2024-01-18,page 7; seq 383,上汽通用五菱汽车股份有限公司,纯电动轿车,1,1,0,0
LZW7002EVBEP,官方不符合技术要求清单PDF,official_nonconforming_20240118,/workspace/purchase_tax_audit/compact_input_20261008/购置税项目_必要数据精简包_20261008/原件/20240118_不符合技术要求的车型清单.pdf,96dfba8ba2f57eb5633ce8e1ea1cfa48e6a81f1edc9988b9bc660b2bd9e7443e,2024-01-18,page 8; seq 384,上汽通用五菱汽车股份有限公司,纯电动轿车,1,1,0,0
LZW7002EVBHH,官方不符合技术要求清单PDF,official_nonconforming_20240118,/workspace/purchase_tax_audit/compact_input_20261008/购置税项目_必要数据精简包_20261008/原件/20240118_不符合技术要求的车型清单.pdf,96dfba8ba2f57eb5633ce8e1ea1cfa48e6a81f1edc9988b9bc660b2bd9e7443e,2024-01-18,page 8; seq 385,上汽通用五菱汽车股份有限公司,纯电动轿车,1,1,0,0
LZW7002EVBBG,官方不符合技术要求清单PDF,official_nonconforming_20240118,/workspace/purchase_tax_audit/compact_input_20261008/购置税项目_必要数据精简包_20261008/原件/20240118_不符合技术要求的车型清单.pdf,96dfba8ba2f57eb5633ce8e1ea1cfa48e6a81f1edc9988b9bc660b2bd9e7443e,2024-01-18,page 8; seq 386,上汽通用五菱汽车股份有限公司,纯电动轿车,1,1,0,0
LZW7002EVBDH,官方不符合技术要求清单PDF,official_nonconforming_20240118,/workspace/purchase_tax_audit/compact_input_20261008/购置税项目_必要数据精简包_20261008/原件/20240118_不符合技术要求的车型清单.pdf,96dfba8ba2f57eb5633ce8e1ea1cfa48e6a81f1edc9988b9bc660b2bd9e7443e,2024-01-18,page 8; seq 387,上汽通用五菱汽车股份有限公司,纯电动轿车,1,1,0,0
LZW7001EVABD,官方不符合技术要求清单PDF,official_nonconforming_20240118,/workspace/purchase_tax_audit/compact_input_20261008/购置税项目_必要数据精简包_20261008/原件/20240118_不符合技术要求的车型清单.pdf,96dfba8ba2f57eb5633ce8e1ea1cfa48e6a81f1edc9988b9bc660b2bd9e7443e,2024-01-18,page 8; seq 388,上汽通用五菱汽车股份有限公司,纯电动轿车,1,1,0,0
LZW7001EVADH,官方不符合技术要求清单PDF,official_nonconforming_20240118,/workspace/purchase_tax_audit/compact_input_20261008/购置税项目_必要数据精简包_20261008/原件/20240118_不符合技术要求的车型清单.pdf,96dfba8ba2f57eb5633ce8e1ea1cfa48e6a81f1edc9988b9bc660b2bd9e7443e,2024-01-18,page 8; seq 389,上汽通用五菱汽车股份有限公司,纯电动轿车,1,1,0,0
LZW7001EVABA,官方不符合技术要求清单PDF,official_nonconforming_20240118,/workspace/purchase_tax_audit/compact_input_20261008/购置税项目_必要数据精简包_20261008/原件/20240118_不符合技术要求的车型清单.pdf,96dfba8ba2f57eb5633ce8e1ea1cfa48e6a81f1edc9988b9bc660b2bd9e7443e,2024-01-18,page 8; seq 390,上汽通用五菱汽车股份有限公司,纯电动轿车,1,1,0,0
LZW7001EVABE,官方不符合技术要求清单PDF,official_nonconforming_20240118,/workspace/purchase_tax_audit/compact_input_20261008/购置税项目_必要数据精简包_20261008/原件/20240118_不符合技术要求的车型清单.pdf,96dfba8ba2f57eb5633ce8e1ea1cfa48e6a81f1edc9988b9bc660b2bd9e7443e,2024-01-18,page 8; seq 391,上汽通用五菱汽车股份有限公司,纯电动轿车,1,1,0,0
LZW7001EVAA,官方不符合技术要求清单PDF,official_nonconforming_20240118,/workspace/purchase_tax_audit/compact_input_20261008/购置税项目_必要数据精简包_20261008/原件/20240118_不符合技术要求的车型清单.pdf,96dfba8ba2f57eb5633ce8e1ea1cfa48e6a81f1edc9988b9bc660b2bd9e7443e,2024-01-18,page 8; seq 392,上汽通用五菱汽车股份有限公司,纯电动轿车,1,1,0,0
LZW7000EVA,官方不符合技术要求清单PDF,official_nonconforming_20240118,/workspace/purchase_tax_audit/compact_input_20261008/购置税项目_必要数据精简包_20261008/原件/20240118_不符合技术要求的车型清单.pdf,96dfba8ba2f57eb5633ce8e1ea1cfa48e6a81f1edc9988b9bc660b2bd9e7443e,2024-01-18,page 8; seq 393,上汽通用五菱汽车股份有限公司,纯电动轿车,1,1,0,0
LZW7001EVA,官方不符合技术要求清单PDF,official_nonconforming_20240118,/workspace/purchase_tax_audit/compact_input_20261008/购置税项目_必要数据精简包_20261008/原件/20240118_不符合技术要求的车型清单.pdf,96dfba8ba2f57eb5633ce8e1ea1cfa48e6a81f1edc9988b9bc660b2bd9e7443e,2024-01-18,page 8; seq 394,上汽通用五菱汽车股份有限公司,纯电动轿车,1,1,0,0
LZW7004EVA6,官方不符合技术要求清单PDF,official_nonconforming_20240118,/workspace/purchase_tax_audit/compact_input_20261008/购置税项目_必要数据精简包_20261008/原件/20240118_不符合技术要求的车型清单.pdf,96dfba8ba2f57eb5633ce8e1ea1cfa48e6a81f1edc9988b9bc660b2bd9e7443e,2024-01-18,page 8; seq 395,上汽通用五菱汽车股份有限公司,纯电动轿车,1,1,0,0
LZW6450EVA1,官方不符合技术要求清单PDF,official_nonconforming_20240118,/workspace/purchase_tax_audit/compact_input_20261008/购置税项目_必要数据精简包_20261008/原件/20240118_不符合技术要求的车型清单.pdf,96dfba8ba2f57eb5633ce8e1ea1cfa48e6a81f1edc9988b9bc660b2bd9e7443e,2024-01-18,page 8; seq 396,上汽通用五菱汽车股份有限公司,纯电动多用途乘用车,1,1,0,0
LZW6450EVHEAB,官方不符合技术要求清单PDF,official_nonconforming_20240118,/workspace/purchase_tax_audit/compact_input_20261008/购置税项目_必要数据精简包_20261008/原件/20240118_不符合技术要求的车型清单.pdf,96dfba8ba2f57eb5633ce8e1ea1cfa48e6a81f1edc9988b9bc660b2bd9e7443e,2024-01-18,page 8; seq 397,上汽通用五菱汽车股份有限公司,纯电动多用途乘用车,1,1,0,0
LZW6450EVHEAC,官方不符合技术要求清单PDF,official_nonconforming_20240118,/workspace/purchase_tax_audit/compact_input_20261008/购置税项目_必要数据精简包_20261008/原件/20240118_不符合技术要求的车型清单.pdf,96dfba8ba2f57eb5633ce8e1ea1cfa48e6a81f1edc9988b9bc660b2bd9e7443e,2024-01-18,page 8; seq 398,上汽通用五菱汽车股份有限公司,纯电动多用途乘用车,1,1,0,0
LF7002PEV,官方不符合技术要求清单PDF,official_nonconforming_20240118,/workspace/purchase_tax_audit/compact_input_20261008/购置税项目_必要数据精简包_20261008/原件/20240118_不符合技术要求的车型清单.pdf,96dfba8ba2f57eb5633ce8e1ea1cfa48e6a81f1edc9988b9bc660b2bd9e7443e,2024-01-18,page 8; seq 399,重庆睿蓝汽车制造有限公司,纯电动轿车,1,1,0,0
SC7001FARBEV,官方不符合技术要求清单PDF,official_nonconforming_20240118,/workspace/purchase_tax_audit/compact_input_20261008/购置税项目_必要数据精简包_20261008/原件/20240118_不符合技术要求的车型清单.pdf,96dfba8ba2f57eb5633ce8e1ea1cfa48e6a81f1edc9988b9bc660b2bd9e7443e,2024-01-18,page 8; seq 400,合肥长安汽车有限公司,纯电动轿车,1,1,0,0
SC7001FALBEV,官方不符合技术要求清单PDF,official_nonconforming_20240118,/workspace/purchase_tax_audit/compact_input_20261008/购置税项目_必要数据精简包_20261008/原件/20240118_不符合技术要求的车型清单.pdf,96dfba8ba2f57eb5633ce8e1ea1cfa48e6a81f1edc9988b9bc660b2bd9e7443e,2024-01-18,page 8; seq 401,合肥长安汽车有限公司,纯电动轿车,1,1,0,0
SC7001ATBEV,官方不符合技术要求清单PDF,official_nonconforming_20240118,/workspace/purchase_tax_audit/compact_input_20261008/购置税项目_必要数据精简包_20261008/原件/20240118_不符合技术要求的车型清单.pdf,96dfba8ba2f57eb5633ce8e1ea1cfa48e6a81f1edc9988b9bc660b2bd9e7443e,2024-01-18,page 8; seq 402,重庆铃耀汽车有限公司,纯电动轿车,1,1,0,0
SC7001FATBEV,官方不符合技术要求清单PDF,official_nonconforming_20240118,/workspace/purchase_tax_audit/compact_input_20261008/购置税项目_必要数据精简包_20261008/原件/20240118_不符合技术要求的车型清单.pdf,96dfba8ba2f57eb5633ce8e1ea1cfa48e6a81f1edc9988b9bc660b2bd9e7443e,2024-01-18,page 8; seq 403,重庆长安汽车股份有限公司,纯电动轿车,1,1,0,0
SC7001FAABEV,官方不符合技术要求清单PDF,official_nonconforming_20240118,/workspace/purchase_tax_audit/compact_input_20261008/购置税项目_必要数据精简包_20261008/原件/20240118_不符合技术要求的车型清单.pdf,96dfba8ba2f57eb5633ce8e1ea1cfa48e6a81f1edc9988b9bc660b2bd9e7443e,2024-01-18,page 8; seq 404,重庆长安汽车股份有限公司,纯电动轿车,1,1,0,0
SC7001ABEBEV,官方不符合技术要求清单PDF,official_nonconforming_20240118,/workspace/purchase_tax_audit/compact_input_20261008/购置税项目_必要数据精简包_20261008/原件/20240118_不符合技术要求的车型清单.pdf,96dfba8ba2f57eb5633ce8e1ea1cfa48e6a81f1edc9988b9bc660b2bd9e7443e,2024-01-18,page 8; seq 405,重庆长安汽车股份有限公司,纯电动轿车,1,1,0,0
SC7001BABEV,官方不符合技术要求清单PDF,official_nonconforming_20240118,/workspace/purchase_tax_audit/compact_input_20261008/购置税项目_必要数据精简包_20261008/原件/20240118_不符合技术要求的车型清单.pdf,96dfba8ba2f57eb5633ce8e1ea1cfa48e6a81f1edc9988b9bc660b2bd9e7443e,2024-01-18,page 8; seq 406,重庆长安汽车股份有限公司,纯电动轿车,1,1,0,0
SC7003AEBEV,官方不符合技术要求清单PDF,official_nonconforming_20240118,/workspace/purchase_tax_audit/compact_input_20261008/购置税项目_必要数据精简包_20261008/原件/20240118_不符合技术要求的车型清单.pdf,96dfba8ba2f57eb5633ce8e1ea1cfa48e6a81f1edc9988b9bc660b2bd9e7443e,2024-01-18,page 8; seq 407,重庆长安汽车股份有限公司,纯电动轿车,1,1,0,0
SC6450VQ6B8BEV,官方不符合技术要求清单PDF,official_nonconforming_20240118,/workspace/purchase_tax_audit/compact_input_20261008/购置税项目_必要数据精简包_20261008/原件/20240118_不符合技术要求的车型清单.pdf,96dfba8ba2f57eb5633ce8e1ea1cfa48e6a81f1edc9988b9bc660b2bd9e7443e,2024-01-18,page 8; seq 408,重庆长安汽车股份有限公司,纯电动多用途乘用车,1,1,0,0
SC6480PQ6B1BEV,官方不符合技术要求清单PDF,official_nonconforming_20240118,/workspace/purchase_tax_audit/compact_input_20261008/购置税项目_必要数据精简包_20261008/原件/20240118_不符合技术要求的车型清单.pdf,96dfba8ba2f57eb5633ce8e1ea1cfa48e6a81f1edc9988b9bc660b2bd9e7443e,2024-01-18,page 8; seq 409,重庆长安汽车股份有限公司,纯电动多用途乘用车,1,1,0,0
SC6450VQ6B7BEV,官方不符合技术要求清单PDF,official_nonconforming_20240118,/workspace/purchase_tax_audit/compact_input_20261008/购置税项目_必要数据精简包_20261008/原件/20240118_不符合技术要求的车型清单.pdf,96dfba8ba2f57eb5633ce8e1ea1cfa48e6a81f1edc9988b9bc660b2bd9e7443e,2024-01-18,page 8; seq 410,重庆长安汽车股份有限公司,纯电动多用途乘用车,1,1,0,0
SC6450VQ6B5BEV,官方不符合技术要求清单PDF,official_nonconforming_20240118,/workspace/purchase_tax_audit/compact_input_20261008/购置税项目_必要数据精简包_20261008/原件/20240118_不符合技术要求的车型清单.pdf,96dfba8ba2f57eb5633ce8e1ea1cfa48e6a81f1edc9988b9bc660b2bd9e7443e,2024-01-18,page 8; seq 411,重庆长安汽车股份有限公司,纯电动多用途乘用车,1,1,0,0
SC6480PQ6B2BEV,官方不符合技术要求清单PDF,official_nonconforming_20240118,/workspace/purchase_tax_audit/compact_input_20261008/购置税项目_必要数据精简包_20261008/原件/20240118_不符合技术要求的车型清单.pdf,96dfba8ba2f57eb5633ce8e1ea1cfa48e6a81f1edc9988b9bc660b2bd9e7443e,2024-01-18,page 8; seq 412,重庆长安汽车股份有限公司,纯电动多用途乘用车,1,1,0,0
SQJ7002YAC4BEV,官方不符合技术要求清单PDF,official_nonconforming_20240118,/workspace/purchase_tax_audit/compact_input_20261008/购置税项目_必要数据精简包_20261008/原件/20240118_不符合技术要求的车型清单.pdf,96dfba8ba2f57eb5633ce8e1ea1cfa48e6a81f1edc9988b9bc660b2bd9e7443e,2024-01-18,page 8; seq 413,四川野马汽车股份有限公司,纯电动轿车,1,1,0,0
SQJ7002YAC3BEV,官方不符合技术要求清单PDF,official_nonconforming_20240118,/workspace/purchase_tax_audit/compact_input_20261008/购置税项目_必要数据精简包_20261008/原件/20240118_不符合技术要求的车型清单.pdf,96dfba8ba2f57eb5633ce8e1ea1cfa48e6a81f1edc9988b9bc660b2bd9e7443e,2024-01-18,page 8; seq 414,四川野马汽车股份有限公司,纯电动轿车,1,1,0,0
SQJ7002YAC2BEV,官方不符合技术要求清单PDF,official_nonconforming_20240118,/workspace/purchase_tax_audit/compact_input_20261008/购置税项目_必要数据精简包_20261008/原件/20240118_不符合技术要求的车型清单.pdf,96dfba8ba2f57eb5633ce8e1ea1cfa48e6a81f1edc9988b9bc660b2bd9e7443e,2024-01-18,page 8; seq 415,四川野马汽车股份有限公司,纯电动轿车,1,1,0,0
SQJ7001YAC2BEV,官方不符合技术要求清单PDF,official_nonconforming_20240118,/workspace/purchase_tax_audit/compact_input_20261008/购置税项目_必要数据精简包_20261008/原件/20240118_不符合技术要求的车型清单.pdf,96dfba8ba2f57eb5633ce8e1ea1cfa48e6a81f1edc9988b9bc660b2bd9e7443e,2024-01-18,page 8; seq 416,四川野马汽车股份有限公司,纯电动轿车,1,1,0,0
SQJ7002YACBEV,官方不符合技术要求清单PDF,official_nonconforming_20240118,/workspace/purchase_tax_audit/compact_input_20261008/购置税项目_必要数据精简包_20261008/原件/20240118_不符合技术要求的车型清单.pdf,96dfba8ba2f57eb5633ce8e1ea1cfa48e6a81f1edc9988b9bc660b2bd9e7443e,2024-01-18,page 8; seq 417,四川野马汽车股份有限公司,纯电动轿车,1,1,0,0
SQJ7001YAC1BEV,官方不符合技术要求清单PDF,official_nonconforming_20240118,/workspace/purchase_tax_audit/compact_input_20261008/购置税项目_必要数据精简包_20261008/原件/20240118_不符合技术要求的车型清单.pdf,96dfba8ba2f57eb5633ce8e1ea1cfa48e6a81f1edc9988b9bc660b2bd9e7443e,2024-01-18,page 8; seq 418,四川野马汽车股份有限公司,纯电动轿车,1,1,0,0
SQJ7002YAC1BEV,官方不符合技术要求清单PDF,official_nonconforming_20240118,/workspace/purchase_tax_audit/compact_input_20261008/购置税项目_必要数据精简包_20261008/原件/20240118_不符合技术要求的车型清单.pdf,96dfba8ba2f57eb5633ce8e1ea1cfa48e6a81f1edc9988b9bc660b2bd9e7443e,2024-01-18,page 8; seq 419,四川野马汽车股份有限公司,纯电动轿车,1,1,0,0
SQJ7001A7BEV,官方不符合技术要求清单PDF,official_nonconforming_20240118,/workspace/purchase_tax_audit/compact_input_20261008/购置税项目_必要数据精简包_20261008/原件/20240118_不符合技术要求的车型清单.pdf,96dfba8ba2f57eb5633ce8e1ea1cfa48e6a81f1edc9988b9bc660b2bd9e7443e,2024-01-18,page 8; seq 420,四川野马汽车股份有限公司,纯电动轿车,1,1,0,0
SQJ7001A5BEV,官方不符合技术要求清单PDF,official_nonconforming_20240118,/workspace/purchase_tax_audit/compact_input_20261008/购置税项目_必要数据精简包_20261008/原件/20240118_不符合技术要求的车型清单.pdf,96dfba8ba2f57eb5633ce8e1ea1cfa48e6a81f1edc9988b9bc660b2bd9e7443e,2024-01-18,page 8; seq 421,四川野马汽车股份有限公司,纯电动轿车,1,1,0,0
SQJ7001A8BEV,官方不符合技术要求清单PDF,official_nonconforming_20240118,/workspace/purchase_tax_audit/compact_input_20261008/购置税项目_必要数据精简包_20261008/原件/20240118_不符合技术要求的车型清单.pdf,96dfba8ba2f57eb5633ce8e1ea1cfa48e6a81f1edc9988b9bc660b2bd9e7443e,2024-01-18,page 8; seq 422,四川野马汽车股份有限公司,纯电动轿车,1,1,0,0
SQJ7001A4BEV,官方不符合技术要求清单PDF,official_nonconforming_20240118,/workspace/purchase_tax_audit/compact_input_20261008/购置税项目_必要数据精简包_20261008/原件/20240118_不符合技术要求的车型清单.pdf,96dfba8ba2f57eb5633ce8e1ea1cfa48e6a81f1edc9988b9bc660b2bd9e7443e,2024-01-18,page 8; seq 423,四川野马汽车股份有限公司,纯电动轿车,1,1,0,0
SQJ7001A1BEV,官方不符合技术要求清单PDF,official_nonconforming_20240118,/workspace/purchase_tax_audit/compact_input_20261008/购置税项目_必要数据精简包_20261008/原件/20240118_不符合技术要求的车型清单.pdf,96dfba8ba2f57eb5633ce8e1ea1cfa48e6a81f1edc9988b9bc660b2bd9e7443e,2024-01-18,page 8; seq 424,四川野马汽车股份有限公司,纯电动轿车,1,1,0,0
SQJ7001SC5BEV,官方不符合技术要求清单PDF,official_nonconforming_20240118,/workspace/purchase_tax_audit/compact_input_20261008/购置税项目_必要数据精简包_20261008/原件/20240118_不符合技术要求的车型清单.pdf,96dfba8ba2f57eb5633ce8e1ea1cfa48e6a81f1edc9988b9bc660b2bd9e7443e,2024-01-18,page 8; seq 425,四川野马汽车股份有限公司,纯电动轿车,1,1,0,0
SQJ7001SC1BEV,官方不符合技术要求清单PDF,official_nonconforming_20240118,/workspace/purchase_tax_audit/compact_input_20261008/购置税项目_必要数据精简包_20261008/原件/20240118_不符合技术要求的车型清单.pdf,96dfba8ba2f57eb5633ce8e1ea1cfa48e6a81f1edc9988b9bc660b2bd9e7443e,2024-01-18,page 8; seq 426,四川野马汽车股份有限公司,纯电动轿车,1,1,0,0
SQJ7001SC3BEV,官方不符合技术要求清单PDF,official_nonconforming_20240118,/workspace/purchase_tax_audit/compact_input_20261008/购置税项目_必要数据精简包_20261008/原件/20240118_不符合技术要求的车型清单.pdf,96dfba8ba2f57eb5633ce8e1ea1cfa48e6a81f1edc9988b9bc660b2bd9e7443e,2024-01-18,page 8; seq 427,四川野马汽车股份有限公司,纯电动轿车,1,1,0,0
SQJ6460M3BEV,官方不符合技术要求清单PDF,official_nonconforming_20240118,/workspace/purchase_tax_audit/compact_input_20261008/购置税项目_必要数据精简包_20261008/原件/20240118_不符合技术要求的车型清单.pdf,96dfba8ba2f57eb5633ce8e1ea1cfa48e6a81f1edc9988b9bc660b2bd9e7443e,2024-01-18,page 8; seq 428,四川野马汽车股份有限公司,纯电动多用途乘用车,1,1,0,0
SQJ6460M1BEV,官方不符合技术要求清单PDF,official_nonconforming_20240118,/workspace/purchase_tax_audit/compact_input_20261008/购置税项目_必要数据精简包_20261008/原件/20240118_不符合技术要求的车型清单.pdf,96dfba8ba2f57eb5633ce8e1ea1cfa48e6a81f1edc9988b9bc660b2bd9e7443e,2024-01-18,page 8; seq 429,四川野马汽车股份有限公司,纯电动多用途乘用车,1,1,0,0
SQJ6460B5BEV,官方不符合技术要求清单PDF,official_nonconforming_20240118,/workspace/purchase_tax_audit/compact_input_20261008/购置税项目_必要数据精简包_20261008/原件/20240118_不符合技术要求的车型清单.pdf,96dfba8ba2f57eb5633ce8e1ea1cfa48e6a81f1edc9988b9bc660b2bd9e7443e,2024-01-18,page 8; seq 430,四川野马汽车股份有限公司,纯电动乘用车,1,1,0,0
SQJ6460B7BEV,官方不符合技术要求清单PDF,official_nonconforming_20240118,/workspace/purchase_tax_audit/compact_input_20261008/购置税项目_必要数据精简包_20261008/原件/20240118_不符合技术要求的车型清单.pdf,96dfba8ba2f57eb5633ce8e1ea1cfa48e6a81f1edc9988b9bc660b2bd9e7443e,2024-01-18,page 8; seq 431,四川野马汽车股份有限公司,纯电动乘用车,1,1,0,0
SQJ6460B2BEV,官方不符合技术要求清单PDF,official_nonconforming_20240118,/workspace/purchase_tax_audit/compact_input_20261008/购置税项目_必要数据精简包_20261008/原件/20240118_不符合技术要求的车型清单.pdf,96dfba8ba2f57eb5633ce8e1ea1cfa48e6a81f1edc9988b9bc660b2bd9e7443e,2024-01-18,page 8; seq 432,四川野马汽车股份有限公司,纯电动乘用车,1,1,0,0
SQJ6460B1BEV,官方不符合技术要求清单PDF,official_nonconforming_20240118,/workspace/purchase_tax_audit/compact_input_20261008/购置税项目_必要数据精简包_20261008/原件/20240118_不符合技术要求的车型清单.pdf,96dfba8ba2f57eb5633ce8e1ea1cfa48e6a81f1edc9988b9bc660b2bd9e7443e,2024-01-18,page 8; seq 433,四川野马汽车股份有限公司,纯电动乘用车,1,1,0,0
YZ6450BEV,官方不符合技术要求清单PDF,official_nonconforming_20240118,/workspace/purchase_tax_audit/compact_input_20261008/购置税项目_必要数据精简包_20261008/原件/20240118_不符合技术要求的车型清单.pdf,96dfba8ba2f57eb5633ce8e1ea1cfa48e6a81f1edc9988b9bc660b2bd9e7443e,2024-01-18,page 8; seq 434,重汽(重庆)轻型汽车有限公司,纯电动多用途乘用车,1,1,0,0
BJ7000URDK-BEV,官方不符合技术要求清单PDF,official_nonconforming_20240118,/workspace/purchase_tax_audit/compact_input_20261008/购置税项目_必要数据精简包_20261008/原件/20240118_不符合技术要求的车型清单.pdf,96dfba8ba2f57eb5633ce8e1ea1cfa48e6a81f1edc9988b9bc660b2bd9e7443e,2024-01-18,page 8; seq 435,北汽云南瑞丽汽车有限公司,纯电动轿车,1,1,0,0
BYD7008BEVA,官方不符合技术要求清单PDF,official_nonconforming_20240118,/workspace/purchase_tax_audit/compact_input_20261008/购置税项目_必要数据精简包_20261008/原件/20240118_不符合技术要求的车型清单.pdf,96dfba8ba2f57eb5633ce8e1ea1cfa48e6a81f1edc9988b9bc660b2bd9e7443e,2024-01-18,page 8; seq 436,比亚迪汽车有限公司,纯电动轿车,1,1,0,0
BYD7005BEV1,官方不符合技术要求清单PDF,official_nonconforming_20240118,/workspace/purchase_tax_audit/compact_input_20261008/购置税项目_必要数据精简包_20261008/原件/20240118_不符合技术要求的车型清单.pdf,96dfba8ba2f57eb5633ce8e1ea1cfa48e6a81f1edc9988b9bc660b2bd9e7443e,2024-01-18,page 8; seq 437,比亚迪汽车有限公司,纯电动轿车,1,1,0,0
BYD7008BEV3,官方不符合技术要求清单PDF,official_nonconforming_20240118,/workspace/purchase_tax_audit/compact_input_20261008/购置税项目_必要数据精简包_20261008/原件/20240118_不符合技术要求的车型清单.pdf,96dfba8ba2f57eb5633ce8e1ea1cfa48e6a81f1edc9988b9bc660b2bd9e7443e,2024-01-18,page 8; seq 438,比亚迪汽车有限公司,纯电动轿车,1,1,0,0
BYD6460SBEV7,官方不符合技术要求清单PDF,official_nonconforming_20240118,/workspace/purchase_tax_audit/compact_input_20261008/购置税项目_必要数据精简包_20261008/原件/20240118_不符合技术要求的车型清单.pdf,96dfba8ba2f57eb5633ce8e1ea1cfa48e6a81f1edc9988b9bc660b2bd9e7443e,2024-01-18,page 9; seq 439,比亚迪汽车有限公司,纯电动多用途乘用车,1,1,0,0
STJ6408EV,官方不符合技术要求清单PDF,official_nonconforming_20240118,/workspace/purchase_tax_audit/compact_input_20261008/购置税项目_必要数据精简包_20261008/原件/20240118_不符合技术要求的车型清单.pdf,96dfba8ba2f57eb5633ce8e1ea1cfa48e6a81f1edc9988b9bc660b2bd9e7443e,2024-01-18,page 9; seq 440,陕西通家汽车股份有限公司,纯电动多用途乘用车,1,1,0,0
QAL70015A3BEV,官方不符合技术要求清单PDF,official_nonconforming_20240118,/workspace/purchase_tax_audit/compact_input_20261008/购置税项目_必要数据精简包_20261008/原件/20240118_不符合技术要求的车型清单.pdf,96dfba8ba2f57eb5633ce8e1ea1cfa48e6a81f1edc9988b9bc660b2bd9e7443e,2024-01-18,page 9; seq 441,观致汽车有限公司,纯电动轿车,1,1,0,0
SQR7000BEVJ604,官方不符合技术要求清单PDF,official_nonconforming_20240118,/workspace/purchase_tax_audit/compact_input_20261008/购置税项目_必要数据精简包_20261008/原件/20240118_不符合技术要求的车型清单.pdf,96dfba8ba2f57eb5633ce8e1ea1cfa48e6a81f1edc9988b9bc660b2bd9e7443e,2024-01-18,page 9; seq 442,奇瑞汽车股份有限公司,纯电动轿车,1,1,0,0
SQR7000BEVJ728,官方不符合技术要求清单PDF,official_nonconforming_20240118,/workspace/purchase_tax_audit/compact_input_20261008/购置税项目_必要数据精简包_20261008/原件/20240118_不符合技术要求的车型清单.pdf,96dfba8ba2f57eb5633ce8e1ea1cfa48e6a81f1edc9988b9bc660b2bd9e7443e,2024-01-18,page 9; seq 443,奇瑞汽车股份有限公司,纯电动轿车,1,1,0,0
SQR7000BEVJ692,官方不符合技术要求清单PDF,official_nonconforming_20240118,/workspace/purchase_tax_audit/compact_input_20261008/购置税项目_必要数据精简包_20261008/原件/20240118_不符合技术要求的车型清单.pdf,96dfba8ba2f57eb5633ce8e1ea1cfa48e6a81f1edc9988b9bc660b2bd9e7443e,2024-01-18,page 9; seq 444,奇瑞汽车股份有限公司,纯电动轿车,1,1,0,0
SQR7000BEVJ694,官方不符合技术要求清单PDF,official_nonconforming_20240118,/workspace/purchase_tax_audit/compact_input_20261008/购置税项目_必要数据精简包_20261008/原件/20240118_不符合技术要求的车型清单.pdf,96dfba8ba2f57eb5633ce8e1ea1cfa48e6a81f1edc9988b9bc660b2bd9e7443e,2024-01-18,page 9; seq 445,奇瑞汽车股份有限公司,纯电动轿车,1,1,0,0
SQR7003BEVJ51,官方不符合技术要求清单PDF,official_nonconforming_20240118,/workspace/purchase_tax_audit/compact_input_20261008/购置税项目_必要数据精简包_20261008/原件/20240118_不符合技术要求的车型清单.pdf,96dfba8ba2f57eb5633ce8e1ea1cfa48e6a81f1edc9988b9bc660b2bd9e7443e,2024-01-18,page 9; seq 446,奇瑞汽车股份有限公司,纯电动轿车,1,1,0,0
SQR7000BEVJ602,官方不符合技术要求清单PDF,official_nonconforming_20240118,/workspace/purchase_tax_audit/compact_input_20261008/购置税项目_必要数据精简包_20261008/原件/20240118_不符合技术要求的车型清单.pdf,96dfba8ba2f57eb5633ce8e1ea1cfa48e6a81f1edc9988b9bc660b2bd9e7443e,2024-01-18,page 9; seq 447,奇瑞汽车股份有限公司,纯电动轿车,1,1,0,0
SQR7000BEVJ72,官方不符合技术要求清单PDF,official_nonconforming_20240118,/workspace/purchase_tax_audit/compact_input_20261008/购置税项目_必要数据精简包_20261008/原件/20240118_不符合技术要求的车型清单.pdf,96dfba8ba2f57eb5633ce8e1ea1cfa48e6a81f1edc9988b9bc660b2bd9e7443e,2024-01-18,page 9; seq 448,奇瑞汽车股份有限公司,纯电动轿车,1,1,0,0
SQR6461BEVK09,官方不符合技术要求清单PDF,official_nonconforming_20240118,/workspace/purchase_tax_audit/compact_input_20261008/购置税项目_必要数据精简包_20261008/原件/20240118_不符合技术要求的车型清单.pdf,96dfba8ba2f57eb5633ce8e1ea1cfa48e6a81f1edc9988b9bc660b2bd9e7443e,2024-01-18,page 9; seq 449,奇瑞商用车(安徽)有限公司,纯电动多用途乘用车,1,1,0,0
SQR6460BEVK09,官方不符合技术要求清单PDF,official_nonconforming_20240118,/workspace/purchase_tax_audit/compact_input_20261008/购置税项目_必要数据精简包_20261008/原件/20240118_不符合技术要求的车型清单.pdf,96dfba8ba2f57eb5633ce8e1ea1cfa48e6a81f1edc9988b9bc660b2bd9e7443e,2024-01-18,page 9; seq 450,奇瑞商用车(安徽)有限公司,纯电动多用途乘用车,1,1,0,0
JX70034BEV,官方不符合技术要求清单PDF,official_nonconforming_20240118,/workspace/purchase_tax_audit/compact_input_20261008/购置税项目_必要数据精简包_20261008/原件/20240118_不符合技术要求的车型清单.pdf,96dfba8ba2f57eb5633ce8e1ea1cfa48e6a81f1edc9988b9bc660b2bd9e7443e,2024-01-18,page 9; seq 451,江铃控股有限公司,纯电动轿车,1,1,0,0
CSA6456BEV2,官方不符合技术要求清单PDF,official_nonconforming_20240118,/workspace/purchase_tax_audit/compact_input_20261008/购置税项目_必要数据精简包_20261008/原件/20240118_不符合技术要求的车型清单.pdf,96dfba8ba2f57eb5633ce8e1ea1cfa48e6a81f1edc9988b9bc660b2bd9e7443e,2024-01-18,page 9; seq 452,上海汽车集团股份有限公司,纯电动运动型乘用车,1,1,0,0
CSA6456BEV1,官方不符合技术要求清单PDF,official_nonconforming_20240118,/workspace/purchase_tax_audit/compact_input_20261008/购置税项目_必要数据精简包_20261008/原件/20240118_不符合技术要求的车型清单.pdf,96dfba8ba2f57eb5633ce8e1ea1cfa48e6a81f1edc9988b9bc660b2bd9e7443e,2024-01-18,page 9; seq 453,上海汽车集团股份有限公司,纯电动运动型乘用车,1,1,0,0
CSA7002FBEV1,官方不符合技术要求清单PDF,official_nonconforming_20240118,/workspace/purchase_tax_audit/compact_input_20261008/购置税项目_必要数据精简包_20261008/原件/20240118_不符合技术要求的车型清单.pdf,96dfba8ba2f57eb5633ce8e1ea1cfa48e6a81f1edc9988b9bc660b2bd9e7443e,2024-01-18,page 9; seq 454,上海汽车集团股份有限公司,纯电动轿车,1,1,0,0
CSA6461FBEV3,官方不符合技术要求清单PDF,official_nonconforming_20240118,/workspace/purchase_tax_audit/compact_input_20261008/购置税项目_必要数据精简包_20261008/原件/20240118_不符合技术要求的车型清单.pdf,96dfba8ba2f57eb5633ce8e1ea1cfa48e6a81f1edc9988b9bc660b2bd9e7443e,2024-01-18,page 9; seq 455,上海汽车集团股份有限公司,纯电动多用途乘用车,1,1,0,0
CSA6461FBEV2,官方不符合技术要求清单PDF,official_nonconforming_20240118,/workspace/purchase_tax_audit/compact_input_20261008/购置税项目_必要数据精简包_20261008/原件/20240118_不符合技术要求的车型清单.pdf,96dfba8ba2f57eb5633ce8e1ea1cfa48e6a81f1edc9988b9bc660b2bd9e7443e,2024-01-18,page 9; seq 456,上海汽车集团股份有限公司,纯电动多用途乘用车,1,1,0,0
CSA6461FBEV1,官方不符合技术要求清单PDF,official_nonconforming_20240118,/workspace/purchase_tax_audit/compact_input_20261008/购置税项目_必要数据精简包_20261008/原件/20240118_不符合技术要求的车型清单.pdf,96dfba8ba2f57eb5633ce8e1ea1cfa48e6a81f1edc9988b9bc660b2bd9e7443e,2024-01-18,page 9; seq 457,上海汽车集团股份有限公司,纯电动多用途乘用车,1,1,0,0
HMA7000ABBEV,官方不符合技术要求清单PDF,official_nonconforming_20240118,/workspace/purchase_tax_audit/compact_input_20261008/购置税项目_必要数据精简包_20261008/原件/20240118_不符合技术要求的车型清单.pdf,96dfba8ba2f57eb5633ce8e1ea1cfa48e6a81f1edc9988b9bc660b2bd9e7443e,2024-01-18,page 9; seq 458,海马汽车有限公司,纯电动轿车,1,1,0,0
HMA7000ADBEV,官方不符合技术要求清单PDF,official_nonconforming_20240118,/workspace/purchase_tax_audit/compact_input_20261008/购置税项目_必要数据精简包_20261008/原件/20240118_不符合技术要求的车型清单.pdf,96dfba8ba2f57eb5633ce8e1ea1cfa48e6a81f1edc9988b9bc660b2bd9e7443e,2024-01-18,page 9; seq 459,海马汽车有限公司,纯电动轿车,1,1,0,0
HMA7000AEBEV,官方不符合技术要求清单PDF,official_nonconforming_20240118,/workspace/purchase_tax_audit/compact_input_20261008/购置税项目_必要数据精简包_20261008/原件/20240118_不符合技术要求的车型清单.pdf,96dfba8ba2f57eb5633ce8e1ea1cfa48e6a81f1edc9988b9bc660b2bd9e7443e,2024-01-18,page 9; seq 460,海马汽车有限公司,纯电动轿车,1,1,0,0
HMA7000AFBEV,官方不符合技术要求清单PDF,official_nonconforming_20240118,/workspace/purchase_tax_audit/compact_input_20261008/购置税项目_必要数据精简包_20261008/原件/20240118_不符合技术要求的车型清单.pdf,96dfba8ba2f57eb5633ce8e1ea1cfa48e6a81f1edc9988b9bc660b2bd9e7443e,2024-01-18,page 9; seq 461,海马汽车有限公司,纯电动轿车,1,1,0,0
HMA7003S201BEV,官方不符合技术要求清单PDF,official_nonconforming_20240118,/workspace/purchase_tax_audit/compact_input_20261008/购置税项目_必要数据精简包_20261008/原件/20240118_不符合技术要求的车型清单.pdf,96dfba8ba2f57eb5633ce8e1ea1cfa48e6a81f1edc9988b9bc660b2bd9e7443e,2024-01-18,page 9; seq 462,海马汽车有限公司,纯电动轿车,1,1,0,0
HMA7002S302BEV,官方不符合技术要求清单PDF,official_nonconforming_20240118,/workspace/purchase_tax_audit/compact_input_20261008/购置税项目_必要数据精简包_20261008/原件/20240118_不符合技术要求的车型清单.pdf,96dfba8ba2f57eb5633ce8e1ea1cfa48e6a81f1edc9988b9bc660b2bd9e7443e,2024-01-18,page 9; seq 463,海马汽车有限公司,纯电动轿车,1,1,0,0
HRQ7000BEV01,官方不符合技术要求清单PDF,official_nonconforming_20240118,/workspace/purchase_tax_audit/compact_input_20261008/购置税项目_必要数据精简包_20261008/原件/20240118_不符合技术要求的车型清单.pdf,96dfba8ba2f57eb5633ce8e1ea1cfa48e6a81f1edc9988b9bc660b2bd9e7443e,2024-01-18,page 9; seq 464,湖南恒润汽车有限公司,纯电动轿车,1,1,0,0
MJC7000BEV1,官方不符合技术要求清单PDF,official_nonconforming_20240118,/workspace/purchase_tax_audit/compact_input_20261008/购置税项目_必要数据精简包_20261008/原件/20240118_不符合技术要求的车型清单.pdf,96dfba8ba2f57eb5633ce8e1ea1cfa48e6a81f1edc9988b9bc660b2bd9e7443e,2024-01-18,page 9; seq 465,明君汽车有限公司,纯电动轿车,1,1,0,0
YGM7000BEVBD1,官方不符合技术要求清单PDF,official_nonconforming_20240118,/workspace/purchase_tax_audit/compact_input_20261008/购置税项目_必要数据精简包_20261008/原件/20240118_不符合技术要求的车型清单.pdf,96dfba8ba2f57eb5633ce8e1ea1cfa48e6a81f1edc9988b9bc660b2bd9e7443e,2024-01-18,page 9; seq 466,领途汽车有限公司,纯电动轿车,1,1,0,0
YGM7002BEVB2,官方不符合技术要求清单PDF,official_nonconforming_20240118,/workspace/purchase_tax_audit/compact_input_20261008/购置税项目_必要数据精简包_20261008/原件/20240118_不符合技术要求的车型清单.pdf,96dfba8ba2f57eb5633ce8e1ea1cfa48e6a81f1edc9988b9bc660b2bd9e7443e,2024-01-18,page 9; seq 467,领途汽车有限公司,纯电动轿车,1,1,0,0
YGM7007BEVA4,官方不符合技术要求清单PDF,official_nonconforming_20240118,/workspace/purchase_tax_audit/compact_input_20261008/购置税项目_必要数据精简包_20261008/原件/20240118_不符合技术要求的车型清单.pdf,96dfba8ba2f57eb5633ce8e1ea1cfa48e6a81f1edc9988b9bc660b2bd9e7443e,2024-01-18,page 9; seq 468,领途汽车有限公司,纯电动轿车,1,1,0,0
YGM7002BEVB5,官方不符合技术要求清单PDF,official_nonconforming_20240118,/workspace/purchase_tax_audit/compact_input_20261008/购置税项目_必要数据精简包_20261008/原件/20240118_不符合技术要求的车型清单.pdf,96dfba8ba2f57eb5633ce8e1ea1cfa48e6a81f1edc9988b9bc660b2bd9e7443e,2024-01-18,page 9; seq 469,领途汽车有限公司,纯电动轿车,1,1,0,0
YGM7002BEVB3,官方不符合技术要求清单PDF,official_nonconforming_20240118,/workspace/purchase_tax_audit/compact_input_20261008/购置税项目_必要数据精简包_20261008/原件/20240118_不符合技术要求的车型清单.pdf,96dfba8ba2f57eb5633ce8e1ea1cfa48e6a81f1edc9988b9bc660b2bd9e7443e,2024-01-18,page 9; seq 470,领途汽车有限公司,纯电动轿车,1,1,0,0
YGM7008BEVA2,官方不符合技术要求清单PDF,official_nonconforming_20240118,/workspace/purchase_tax_audit/compact_input_20261008/购置税项目_必要数据精简包_20261008/原件/20240118_不符合技术要求的车型清单.pdf,96dfba8ba2f57eb5633ce8e1ea1cfa48e6a81f1edc9988b9bc660b2bd9e7443e,2024-01-18,page 9; seq 471,领途汽车有限公司,纯电动轿车,1,1,0,0
YGM7008BEVA3,官方不符合技术要求清单PDF,official_nonconforming_20240118,/workspace/purchase_tax_audit/compact_input_20261008/购置税项目_必要数据精简包_20261008/原件/20240118_不符合技术要求的车型清单.pdf,96dfba8ba2f57eb5633ce8e1ea1cfa48e6a81f1edc9988b9bc660b2bd9e7443e,2024-01-18,page 9; seq 472,领途汽车有限公司,纯电动轿车,1,1,0,0
YGM7002BEVB4,官方不符合技术要求清单PDF,official_nonconforming_20240118,/workspace/purchase_tax_audit/compact_input_20261008/购置税项目_必要数据精简包_20261008/原件/20240118_不符合技术要求的车型清单.pdf,96dfba8ba2f57eb5633ce8e1ea1cfa48e6a81f1edc9988b9bc660b2bd9e7443e,2024-01-18,page 9; seq 473,领途汽车有限公司,纯电动轿车,1,1,0,0
YGM7002BEVB7,官方不符合技术要求清单PDF,official_nonconforming_20240118,/workspace/purchase_tax_audit/compact_input_20261008/购置税项目_必要数据精简包_20261008/原件/20240118_不符合技术要求的车型清单.pdf,96dfba8ba2f57eb5633ce8e1ea1cfa48e6a81f1edc9988b9bc660b2bd9e7443e,2024-01-18,page 9; seq 474,领途汽车有限公司,纯电动轿车,1,1,0,0
YGM7002BEVB6,官方不符合技术要求清单PDF,official_nonconforming_20240118,/workspace/purchase_tax_audit/compact_input_20261008/购置税项目_必要数据精简包_20261008/原件/20240118_不符合技术要求的车型清单.pdf,96dfba8ba2f57eb5633ce8e1ea1cfa48e6a81f1edc9988b9bc660b2bd9e7443e,2024-01-18,page 9; seq 475,领途汽车有限公司,纯电动轿车,1,1,0,0
YGM7007BEVA3,官方不符合技术要求清单PDF,official_nonconforming_20240118,/workspace/purchase_tax_audit/compact_input_20261008/购置税项目_必要数据精简包_20261008/原件/20240118_不符合技术要求的车型清单.pdf,96dfba8ba2f57eb5633ce8e1ea1cfa48e6a81f1edc9988b9bc660b2bd9e7443e,2024-01-18,page 9; seq 476,领途汽车有限公司,纯电动轿车,1,1,0,0
YGM7002BEVB1,官方不符合技术要求清单PDF,official_nonconforming_20240118,/workspace/purchase_tax_audit/compact_input_20261008/购置税项目_必要数据精简包_20261008/原件/20240118_不符合技术要求的车型清单.pdf,96dfba8ba2f57eb5633ce8e1ea1cfa48e6a81f1edc9988b9bc660b2bd9e7443e,2024-01-18,page 9; seq 477,领途汽车有限公司,纯电动轿车,1,1,0,0
YGM7002BEVB,官方不符合技术要求清单PDF,official_nonconforming_20240118,/workspace/purchase_tax_audit/compact_input_20261008/购置税项目_必要数据精简包_20261008/原件/20240118_不符合技术要求的车型清单.pdf,96dfba8ba2f57eb5633ce8e1ea1cfa48e6a81f1edc9988b9bc660b2bd9e7443e,2024-01-18,page 9; seq 478,领途汽车有限公司,纯电动轿车,1,1,0,0
YGM7008BEVA1,官方不符合技术要求清单PDF,official_nonconforming_20240118,/workspace/purchase_tax_audit/compact_input_20261008/购置税项目_必要数据精简包_20261008/原件/20240118_不符合技术要求的车型清单.pdf,96dfba8ba2f57eb5633ce8e1ea1cfa48e6a81f1edc9988b9bc660b2bd9e7443e,2024-01-18,page 9; seq 479,领途汽车有限公司,纯电动轿车,1,1,0,0
YGM7008BEVA,官方不符合技术要求清单PDF,official_nonconforming_20240118,/workspace/purchase_tax_audit/compact_input_20261008/购置税项目_必要数据精简包_20261008/原件/20240118_不符合技术要求的车型清单.pdf,96dfba8ba2f57eb5633ce8e1ea1cfa48e6a81f1edc9988b9bc660b2bd9e7443e,2024-01-18,page 9; seq 480,领途汽车有限公司,纯电动轿车,1,1,0,0
YGM7007BEVA2,官方不符合技术要求清单PDF,official_nonconforming_20240118,/workspace/purchase_tax_audit/compact_input_20261008/购置税项目_必要数据精简包_20261008/原件/20240118_不符合技术要求的车型清单.pdf,96dfba8ba2f57eb5633ce8e1ea1cfa48e6a81f1edc9988b9bc660b2bd9e7443e,2024-01-18,page 9; seq 481,领途汽车有限公司,纯电动轿车,1,1,0,0
YGM7007BEVA1,官方不符合技术要求清单PDF,official_nonconforming_20240118,/workspace/purchase_tax_audit/compact_input_20261008/购置税项目_必要数据精简包_20261008/原件/20240118_不符合技术要求的车型清单.pdf,96dfba8ba2f57eb5633ce8e1ea1cfa48e6a81f1edc9988b9bc660b2bd9e7443e,2024-01-18,page 9; seq 482,领途汽车有限公司,纯电动轿车,1,1,0,0
YGM7000BEVA4,官方不符合技术要求清单PDF,official_nonconforming_20240118,/workspace/purchase_tax_audit/compact_input_20261008/购置税项目_必要数据精简包_20261008/原件/20240118_不符合技术要求的车型清单.pdf,96dfba8ba2f57eb5633ce8e1ea1cfa48e6a81f1edc9988b9bc660b2bd9e7443e,2024-01-18,page 9; seq 483,领途汽车有限公司,纯电动轿车,1,1,0,0
ZHT7000KD01EV,官方不符合技术要求清单PDF,official_nonconforming_20240118,/workspace/purchase_tax_audit/compact_input_20261008/购置税项目_必要数据精简包_20261008/原件/20240118_不符合技术要求的车型清单.pdf,96dfba8ba2f57eb5633ce8e1ea1cfa48e6a81f1edc9988b9bc660b2bd9e7443e,2024-01-18,page 9; seq 484,国机智骏汽车有限公司,纯电动轿车,1,1,0,0
WHJ7000BEVHH111,官方不符合技术要求清单PDF,official_nonconforming_20240118,/workspace/purchase_tax_audit/compact_input_20261008/购置税项目_必要数据精简包_20261008/原件/20240118_不符合技术要求的车型清单.pdf,96dfba8ba2f57eb5633ce8e1ea1cfa48e6a81f1edc9988b9bc660b2bd9e7443e,2024-01-18,page 9; seq 485,宜宾凯翼汽车有限公司,纯电动轿车,1,1,0,0
NHQ6480BEVFA,官方不符合技术要求清单PDF,official_nonconforming_20240118,/workspace/purchase_tax_audit/compact_input_20261008/购置税项目_必要数据精简包_20261008/原件/20240118_不符合技术要求的车型清单.pdf,96dfba8ba2f57eb5633ce8e1ea1cfa48e6a81f1edc9988b9bc660b2bd9e7443e,2024-01-18,page 9; seq 486,肇庆小鹏新能源投资有限公司,纯电动多用途乘用车,1,1,0,0
HKL7001BEV,官方不符合技术要求清单PDF,official_nonconforming_20240118,/workspace/purchase_tax_audit/compact_input_20261008/购置税项目_必要数据精简包_20261008/原件/20240118_不符合技术要求的车型清单.pdf,96dfba8ba2f57eb5633ce8e1ea1cfa48e6a81f1edc9988b9bc660b2bd9e7443e,2024-01-18,page 9; seq 487,江苏九龙汽车制造有限公司,纯电动轿车,1,1,0,0
HKL6540MBEV,官方不符合技术要求清单PDF,official_nonconforming_20240118,/workspace/purchase_tax_audit/compact_input_20261008/购置税项目_必要数据精简包_20261008/原件/20240118_不符合技术要求的车型清单.pdf,96dfba8ba2f57eb5633ce8e1ea1cfa48e6a81f1edc9988b9bc660b2bd9e7443e,2024-01-18,page 9; seq 488,江苏九龙汽车制造有限公司,纯电动多用途乘用车,1,1,0,0
NJL6450EV,官方不符合技术要求清单PDF,official_nonconforming_20240118,/workspace/purchase_tax_audit/compact_input_20261008/购置税项目_必要数据精简包_20261008/原件/20240118_不符合技术要求的车型清单.pdf,96dfba8ba2f57eb5633ce8e1ea1cfa48e6a81f1edc9988b9bc660b2bd9e7443e,2024-01-18,page 9; seq 489,南京金龙客车制造有限公司,纯电动多用途乘用车,1,1,0,0
NJL6420EV9,官方不符合技术要求清单PDF,official_nonconforming_20240118,/workspace/purchase_tax_audit/compact_input_20261008/购置税项目_必要数据精简包_20261008/原件/20240118_不符合技术要求的车型清单.pdf,96dfba8ba2f57eb5633ce8e1ea1cfa48e6a81f1edc9988b9bc660b2bd9e7443e,2024-01-18,page 9; seq 490,南京金龙客车制造有限公司,纯电动多用途乘用车,1,1,0,0
JNQ6340BEV2,官方不符合技术要求清单PDF,official_nonconforming_20240118,/workspace/purchase_tax_audit/compact_input_20261008/购置税项目_必要数据精简包_20261008/原件/20240118_不符合技术要求的车型清单.pdf,96dfba8ba2f57eb5633ce8e1ea1cfa48e6a81f1edc9988b9bc660b2bd9e7443e,2024-01-18,page 9; seq 491,江苏华梓车业有限公司,纯电动运动型乘用车,1,1,0,0
JNQ6340BEV1,官方不符合技术要求清单PDF,official_nonconforming_20240118,/workspace/purchase_tax_audit/compact_input_20261008/购置税项目_必要数据精简包_20261008/原件/20240118_不符合技术要求的车型清单.pdf,96dfba8ba2f57eb5633ce8e1ea1cfa48e6a81f1edc9988b9bc660b2bd9e7443e,2024-01-18,page 9; seq 492,江苏华梓车业有限公司,纯电动运动型乘用车,1,1,0,0
JNQ6270BEV,官方不符合技术要求清单PDF,official_nonconforming_20240118,/workspace/purchase_tax_audit/compact_input_20261008/购置税项目_必要数据精简包_20261008/原件/20240118_不符合技术要求的车型清单.pdf,96dfba8ba2f57eb5633ce8e1ea1cfa48e6a81f1edc9988b9bc660b2bd9e7443e,2024-01-18,page 9; seq 493,江苏华梓车业有限公司,纯电动运动型乘用车,1,1,0,0
JNQ6450BEV,官方不符合技术要求清单PDF,official_nonconforming_20240118,/workspace/purchase_tax_audit/compact_input_20261008/购置税项目_必要数据精简包_20261008/原件/20240118_不符合技术要求的车型清单.pdf,96dfba8ba2f57eb5633ce8e1ea1cfa48e6a81f1edc9988b9bc660b2bd9e7443e,2024-01-18,page 10; seq 494,江苏华梓车业有限公司,纯电动多用途乘用车,1,1,0,0
JNQ6460BEV3,官方不符合技术要求清单PDF,official_nonconforming_20240118,/workspace/purchase_tax_audit/compact_input_20261008/购置税项目_必要数据精简包_20261008/原件/20240118_不符合技术要求的车型清单.pdf,96dfba8ba2f57eb5633ce8e1ea1cfa48e6a81f1edc9988b9bc660b2bd9e7443e,2024-01-18,page 10; seq 495,江苏华梓车业有限公司,纯电动多用途乘用车,1,1,0,0
GXQ6450BEVT1,官方不符合技术要求清单PDF,official_nonconforming_20240118,/workspace/purchase_tax_audit/compact_input_20261008/购置税项目_必要数据精简包_20261008/原件/20240118_不符合技术要求的车型清单.pdf,96dfba8ba2f57eb5633ce8e1ea1cfa48e6a81f1edc9988b9bc660b2bd9e7443e,2024-01-18,page 10; seq 496,汉腾汽车有限公司,纯电动多用途乘用车,1,1,0,0
GXQ6450BEVT,官方不符合技术要求清单PDF,official_nonconforming_20240118,/workspace/purchase_tax_audit/compact_input_20261008/购置税项目_必要数据精简包_20261008/原件/20240118_不符合技术要求的车型清单.pdf,96dfba8ba2f57eb5633ce8e1ea1cfa48e6a81f1edc9988b9bc660b2bd9e7443e,2024-01-18,page 10; seq 497,汉腾汽车有限公司,纯电动多用途乘用车,1,1,0,0
LBA7004AABEV,官方不符合技术要求清单PDF,official_nonconforming_20240118,/workspace/purchase_tax_audit/compact_input_20261008/购置税项目_必要数据精简包_20261008/原件/20240118_不符合技术要求的车型清单.pdf,96dfba8ba2f57eb5633ce8e1ea1cfa48e6a81f1edc9988b9bc660b2bd9e7443e,2024-01-18,page 10; seq 498,湖南猎豹汽车股份有限公司,纯电动轿车,1,1,0,0
LBA7000BABEV,官方不符合技术要求清单PDF,official_nonconforming_20240118,/workspace/purchase_tax_audit/compact_input_20261008/购置税项目_必要数据精简包_20261008/原件/20240118_不符合技术要求的车型清单.pdf,96dfba8ba2f57eb5633ce8e1ea1cfa48e6a81f1edc9988b9bc660b2bd9e7443e,2024-01-18,page 10; seq 499,湖南猎豹汽车股份有限公司,纯电动轿车,1,1,0,0
HXK7000BEVC01,官方不符合技术要求清单PDF,official_nonconforming_20240118,/workspace/purchase_tax_audit/compact_input_20261008/购置税项目_必要数据精简包_20261008/原件/20240118_不符合技术要求的车型清单.pdf,96dfba8ba2f57eb5633ce8e1ea1cfa48e6a81f1edc9988b9bc660b2bd9e7443e,2024-01-18,page 10; seq 500,江苏吉麦新能源车业有限公司,纯电动轿车,1,1,0,0
HXK7000BEVA16,官方不符合技术要求清单PDF,official_nonconforming_20240118,/workspace/purchase_tax_audit/compact_input_20261008/购置税项目_必要数据精简包_20261008/原件/20240118_不符合技术要求的车型清单.pdf,96dfba8ba2f57eb5633ce8e1ea1cfa48e6a81f1edc9988b9bc660b2bd9e7443e,2024-01-18,page 10; seq 501,江苏吉麦新能源车业有限公司,纯电动轿车,1,1,0,0
HXK7000BEVD00,官方不符合技术要求清单PDF,official_nonconforming_20240118,/workspace/purchase_tax_audit/compact_input_20261008/购置税项目_必要数据精简包_20261008/原件/20240118_不符合技术要求的车型清单.pdf,96dfba8ba2f57eb5633ce8e1ea1cfa48e6a81f1edc9988b9bc660b2bd9e7443e,2024-01-18,page 10; seq 502,江苏吉麦新能源车业有限公司,纯电动轿车,1,1,0,0
HXK7000BEVB03,官方不符合技术要求清单PDF,official_nonconforming_20240118,/workspace/purchase_tax_audit/compact_input_20261008/购置税项目_必要数据精简包_20261008/原件/20240118_不符合技术要求的车型清单.pdf,96dfba8ba2f57eb5633ce8e1ea1cfa48e6a81f1edc9988b9bc660b2bd9e7443e,2024-01-18,page 10; seq 503,江苏吉麦新能源车业有限公司,纯电动轿车,1,1,0,0
HXK7000BEVC00,官方不符合技术要求清单PDF,official_nonconforming_20240118,/workspace/purchase_tax_audit/compact_input_20261008/购置税项目_必要数据精简包_20261008/原件/20240118_不符合技术要求的车型清单.pdf,96dfba8ba2f57eb5633ce8e1ea1cfa48e6a81f1edc9988b9bc660b2bd9e7443e,2024-01-18,page 10; seq 504,江苏吉麦新能源车业有限公司,纯电动轿车,1,1,0,0
HXK7000BEVA14,官方不符合技术要求清单PDF,official_nonconforming_20240118,/workspace/purchase_tax_audit/compact_input_20261008/购置税项目_必要数据精简包_20261008/原件/20240118_不符合技术要求的车型清单.pdf,96dfba8ba2f57eb5633ce8e1ea1cfa48e6a81f1edc9988b9bc660b2bd9e7443e,2024-01-18,page 10; seq 505,江苏吉麦新能源车业有限公司,纯电动轿车,1,1,0,0
HXK7000BEVB02,官方不符合技术要求清单PDF,official_nonconforming_20240118,/workspace/purchase_tax_audit/compact_input_20261008/购置税项目_必要数据精简包_20261008/原件/20240118_不符合技术要求的车型清单.pdf,96dfba8ba2f57eb5633ce8e1ea1cfa48e6a81f1edc9988b9bc660b2bd9e7443e,2024-01-18,page 10; seq 506,江苏吉麦新能源车业有限公司,纯电动轿车,1,1,0,0
HXK7000BEVA13,官方不符合技术要求清单PDF,official_nonconforming_20240118,/workspace/purchase_tax_audit/compact_input_20261008/购置税项目_必要数据精简包_20261008/原件/20240118_不符合技术要求的车型清单.pdf,96dfba8ba2f57eb5633ce8e1ea1cfa48e6a81f1edc9988b9bc660b2bd9e7443e,2024-01-18,page 10; seq 507,江苏吉麦新能源车业有限公司,纯电动轿车,1,1,0,0
HXK7000BEVB01,官方不符合技术要求清单PDF,official_nonconforming_20240118,/workspace/purchase_tax_audit/compact_input_20261008/购置税项目_必要数据精简包_20261008/原件/20240118_不符合技术要求的车型清单.pdf,96dfba8ba2f57eb5633ce8e1ea1cfa48e6a81f1edc9988b9bc660b2bd9e7443e,2024-01-18,page 10; seq 508,江苏吉麦新能源车业有限公司,纯电动轿车,1,1,0,0
HXK7000BEVB00,官方不符合技术要求清单PDF,official_nonconforming_20240118,/workspace/purchase_tax_audit/compact_input_20261008/购置税项目_必要数据精简包_20261008/原件/20240118_不符合技术要求的车型清单.pdf,96dfba8ba2f57eb5633ce8e1ea1cfa48e6a81f1edc9988b9bc660b2bd9e7443e,2024-01-18,page 10; seq 509,江苏吉麦新能源车业有限公司,纯电动轿车,1,1,0,0
HXK7000BEVA11,官方不符合技术要求清单PDF,official_nonconforming_20240118,/workspace/purchase_tax_audit/compact_input_20261008/购置税项目_必要数据精简包_20261008/原件/20240118_不符合技术要求的车型清单.pdf,96dfba8ba2f57eb5633ce8e1ea1cfa48e6a81f1edc9988b9bc660b2bd9e7443e,2024-01-18,page 10; seq 510,江苏吉麦新能源车业有限公司,纯电动轿车,1,1,0,0
HXK7000BEVA7,官方不符合技术要求清单PDF,official_nonconforming_20240118,/workspace/purchase_tax_audit/compact_input_20261008/购置税项目_必要数据精简包_20261008/原件/20240118_不符合技术要求的车型清单.pdf,96dfba8ba2f57eb5633ce8e1ea1cfa48e6a81f1edc9988b9bc660b2bd9e7443e,2024-01-18,page 10; seq 511,江苏吉麦新能源车业有限公司,纯电动轿车,1,1,0,0
HXK7000BEVA8,官方不符合技术要求清单PDF,official_nonconforming_20240118,/workspace/purchase_tax_audit/compact_input_20261008/购置税项目_必要数据精简包_20261008/原件/20240118_不符合技术要求的车型清单.pdf,96dfba8ba2f57eb5633ce8e1ea1cfa48e6a81f1edc9988b9bc660b2bd9e7443e,2024-01-18,page 10; seq 512,江苏吉麦新能源车业有限公司,纯电动轿车,1,1,0,0
HXK7000BEVA10,官方不符合技术要求清单PDF,official_nonconforming_20240118,/workspace/purchase_tax_audit/compact_input_20261008/购置税项目_必要数据精简包_20261008/原件/20240118_不符合技术要求的车型清单.pdf,96dfba8ba2f57eb5633ce8e1ea1cfa48e6a81f1edc9988b9bc660b2bd9e7443e,2024-01-18,page 10; seq 513,江苏吉麦新能源车业有限公司,纯电动轿车,1,1,0,0
HXK7000BEVA9,官方不符合技术要求清单PDF,official_nonconforming_20240118,/workspace/purchase_tax_audit/compact_input_20261008/购置税项目_必要数据精简包_20261008/原件/20240118_不符合技术要求的车型清单.pdf,96dfba8ba2f57eb5633ce8e1ea1cfa48e6a81f1edc9988b9bc660b2bd9e7443e,2024-01-18,page 10; seq 514,江苏吉麦新能源车业有限公司,纯电动轿车,1,1,0,0
HXK7000BEVA6,官方不符合技术要求清单PDF,official_nonconforming_20240118,/workspace/purchase_tax_audit/compact_input_20261008/购置税项目_必要数据精简包_20261008/原件/20240118_不符合技术要求的车型清单.pdf,96dfba8ba2f57eb5633ce8e1ea1cfa48e6a81f1edc9988b9bc660b2bd9e7443e,2024-01-18,page 10; seq 515,江苏吉麦新能源车业有限公司,纯电动轿车,1,1,0,0
HXK7000BEVA2,官方不符合技术要求清单PDF,official_nonconforming_20240118,/workspace/purchase_tax_audit/compact_input_20261008/购置税项目_必要数据精简包_20261008/原件/20240118_不符合技术要求的车型清单.pdf,96dfba8ba2f57eb5633ce8e1ea1cfa48e6a81f1edc9988b9bc660b2bd9e7443e,2024-01-18,page 10; seq 516,江苏吉麦新能源车业有限公司,纯电动轿车,1,1,0,0
HXK7000BEVA3,官方不符合技术要求清单PDF,official_nonconforming_20240118,/workspace/purchase_tax_audit/compact_input_20261008/购置税项目_必要数据精简包_20261008/原件/20240118_不符合技术要求的车型清单.pdf,96dfba8ba2f57eb5633ce8e1ea1cfa48e6a81f1edc9988b9bc660b2bd9e7443e,2024-01-18,page 10; seq 517,江苏吉麦新能源车业有限公司,纯电动轿车,1,1,0,0
HXK7000BEVA1,官方不符合技术要求清单PDF,official_nonconforming_20240118,/workspace/purchase_tax_audit/compact_input_20261008/购置税项目_必要数据精简包_20261008/原件/20240118_不符合技术要求的车型清单.pdf,96dfba8ba2f57eb5633ce8e1ea1cfa48e6a81f1edc9988b9bc660b2bd9e7443e,2024-01-18,page 10; seq 518,江苏吉麦新能源车业有限公司,纯电动轿车,1,1,0,0
HXK7000BEVA0,官方不符合技术要求清单PDF,official_nonconforming_20240118,/workspace/purchase_tax_audit/compact_input_20261008/购置税项目_必要数据精简包_20261008/原件/20240118_不符合技术要求的车型清单.pdf,96dfba8ba2f57eb5633ce8e1ea1cfa48e6a81f1edc9988b9bc660b2bd9e7443e,2024-01-18,page 10; seq 519,江苏吉麦新能源车业有限公司,纯电动轿车,1,1,0,0
JX7001ESMBEV,官方不符合技术要求清单PDF,official_nonconforming_20240118,/workspace/purchase_tax_audit/compact_input_20261008/购置税项目_必要数据精简包_20261008/原件/20240118_不符合技术要求的车型清单.pdf,96dfba8ba2f57eb5633ce8e1ea1cfa48e6a81f1edc9988b9bc660b2bd9e7443e,2024-01-18,page 10; seq 520,江西江铃集团新能源汽车有限公司,纯电动轿车,1,1,0,0
JX7004ESBBEV,官方不符合技术要求清单PDF,official_nonconforming_20240118,/workspace/purchase_tax_audit/compact_input_20261008/购置税项目_必要数据精简包_20261008/原件/20240118_不符合技术要求的车型清单.pdf,96dfba8ba2f57eb5633ce8e1ea1cfa48e6a81f1edc9988b9bc660b2bd9e7443e,2024-01-18,page 10; seq 521,江西江铃集团新能源汽车有限公司,纯电动轿车,1,1,0,0
JX7004ESABEV,官方不符合技术要求清单PDF,official_nonconforming_20240118,/workspace/purchase_tax_audit/compact_input_20261008/购置税项目_必要数据精简包_20261008/原件/20240118_不符合技术要求的车型清单.pdf,96dfba8ba2f57eb5633ce8e1ea1cfa48e6a81f1edc9988b9bc660b2bd9e7443e,2024-01-18,page 10; seq 522,江西江铃集团新能源汽车有限公司,纯电动轿车,1,1,0,0
JX7003ESABEV,官方不符合技术要求清单PDF,official_nonconforming_20240118,/workspace/purchase_tax_audit/compact_input_20261008/购置税项目_必要数据精简包_20261008/原件/20240118_不符合技术要求的车型清单.pdf,96dfba8ba2f57eb5633ce8e1ea1cfa48e6a81f1edc9988b9bc660b2bd9e7443e,2024-01-18,page 10; seq 523,江西江铃集团新能源汽车有限公司,纯电动轿车,1,1,0,0
LZD7001BEV19,官方不符合技术要求清单PDF,official_nonconforming_20240118,/workspace/purchase_tax_audit/compact_input_20261008/购置税项目_必要数据精简包_20261008/原件/20240118_不符合技术要求的车型清单.pdf,96dfba8ba2f57eb5633ce8e1ea1cfa48e6a81f1edc9988b9bc660b2bd9e7443e,2024-01-18,page 10; seq 524,兰州知豆电动汽车有限公司,纯电动轿车,1,1,0,0
LZD7001BEV15,官方不符合技术要求清单PDF,official_nonconforming_20240118,/workspace/purchase_tax_audit/compact_input_20261008/购置税项目_必要数据精简包_20261008/原件/20240118_不符合技术要求的车型清单.pdf,96dfba8ba2f57eb5633ce8e1ea1cfa48e6a81f1edc9988b9bc660b2bd9e7443e,2024-01-18,page 10; seq 525,兰州知豆电动汽车有限公司,纯电动轿车,1,1,0,0
LZD7001BEV07,官方不符合技术要求清单PDF,official_nonconforming_20240118,/workspace/purchase_tax_audit/compact_input_20261008/购置税项目_必要数据精简包_20261008/原件/20240118_不符合技术要求的车型清单.pdf,96dfba8ba2f57eb5633ce8e1ea1cfa48e6a81f1edc9988b9bc660b2bd9e7443e,2024-01-18,page 10; seq 526,兰州知豆电动汽车有限公司,纯电动轿车,1,1,0,0
LZD7001BEV02,官方不符合技术要求清单PDF,official_nonconforming_20240118,/workspace/purchase_tax_audit/compact_input_20261008/购置税项目_必要数据精简包_20261008/原件/20240118_不符合技术要求的车型清单.pdf,96dfba8ba2f57eb5633ce8e1ea1cfa48e6a81f1edc9988b9bc660b2bd9e7443e,2024-01-18,page 10; seq 527,兰州知豆电动汽车有限公司,纯电动轿车,1,1,0,0
LZD7001BEV08,官方不符合技术要求清单PDF,official_nonconforming_20240118,/workspace/purchase_tax_audit/compact_input_20261008/购置税项目_必要数据精简包_20261008/原件/20240118_不符合技术要求的车型清单.pdf,96dfba8ba2f57eb5633ce8e1ea1cfa48e6a81f1edc9988b9bc660b2bd9e7443e,2024-01-18,page 10; seq 528,兰州知豆电动汽车有限公司,纯电动轿车,1,1,0,0
LZD7001BEV05,官方不符合技术要求清单PDF,official_nonconforming_20240118,/workspace/purchase_tax_audit/compact_input_20261008/购置税项目_必要数据精简包_20261008/原件/20240118_不符合技术要求的车型清单.pdf,96dfba8ba2f57eb5633ce8e1ea1cfa48e6a81f1edc9988b9bc660b2bd9e7443e,2024-01-18,page 10; seq 529,兰州知豆电动汽车有限公司,纯电动轿车,1,1,0,0
LZD7001BEV01,官方不符合技术要求清单PDF,official_nonconforming_20240118,/workspace/purchase_tax_audit/compact_input_20261008/购置税项目_必要数据精简包_20261008/原件/20240118_不符合技术要求的车型清单.pdf,96dfba8ba2f57eb5633ce8e1ea1cfa48e6a81f1edc9988b9bc660b2bd9e7443e,2024-01-18,page 10; seq 530,兰州知豆电动汽车有限公司,纯电动轿车,1,1,0,0
FDH7000BEV04,官方不符合技术要求清单PDF,official_nonconforming_20240118,/workspace/purchase_tax_audit/compact_input_20261008/购置税项目_必要数据精简包_20261008/原件/20240118_不符合技术要求的车型清单.pdf,96dfba8ba2f57eb5633ce8e1ea1cfa48e6a81f1edc9988b9bc660b2bd9e7443e,2024-01-18,page 10; seq 531,杭州长江乘用车有限公司,纯电动轿车,1,1,0,0
QTE7000BEV02,官方不符合技术要求清单PDF,official_nonconforming_20240118,/workspace/purchase_tax_audit/compact_input_20261008/购置税项目_必要数据精简包_20261008/原件/20240118_不符合技术要求的车型清单.pdf,96dfba8ba2f57eb5633ce8e1ea1cfa48e6a81f1edc9988b9bc660b2bd9e7443e,2024-01-18,page 10; seq 532,前途汽车(苏州)有限公司,纯电动轿车,1,1,0,0
NEQ7000BEVJH11P,官方不符合技术要求清单PDF,official_nonconforming_20240118,/workspace/purchase_tax_audit/compact_input_20261008/购置税项目_必要数据精简包_20261008/原件/20240118_不符合技术要求的车型清单.pdf,96dfba8ba2f57eb5633ce8e1ea1cfa48e6a81f1edc9988b9bc660b2bd9e7443e,2024-01-18,page 10; seq 533,奇瑞新能源汽车股份有限公司,纯电动轿车,1,1,0,0
NEQ7000BEVJH11N,官方不符合技术要求清单PDF,official_nonconforming_20240118,/workspace/purchase_tax_audit/compact_input_20261008/购置税项目_必要数据精简包_20261008/原件/20240118_不符合技术要求的车型清单.pdf,96dfba8ba2f57eb5633ce8e1ea1cfa48e6a81f1edc9988b9bc660b2bd9e7443e,2024-01-18,page 10; seq 534,奇瑞新能源汽车股份有限公司,纯电动轿车,1,1,0,0
NEQ7000BEVJH11M,官方不符合技术要求清单PDF,official_nonconforming_20240118,/workspace/purchase_tax_audit/compact_input_20261008/购置税项目_必要数据精简包_20261008/原件/20240118_不符合技术要求的车型清单.pdf,96dfba8ba2f57eb5633ce8e1ea1cfa48e6a81f1edc9988b9bc660b2bd9e7443e,2024-01-18,page 10; seq 535,奇瑞新能源汽车股份有限公司,纯电动轿车,1,1,0,0
NEQ7000BEVJH11L,官方不符合技术要求清单PDF,official_nonconforming_20240118,/workspace/purchase_tax_audit/compact_input_20261008/购置税项目_必要数据精简包_20261008/原件/20240118_不符合技术要求的车型清单.pdf,96dfba8ba2f57eb5633ce8e1ea1cfa48e6a81f1edc9988b9bc660b2bd9e7443e,2024-01-18,page 10; seq 536,奇瑞新能源汽车股份有限公司,纯电动轿车,1,1,0,0
NEQ7000BEVJH11K,官方不符合技术要求清单PDF,official_nonconforming_20240118,/workspace/purchase_tax_audit/compact_input_20261008/购置税项目_必要数据精简包_20261008/原件/20240118_不符合技术要求的车型清单.pdf,96dfba8ba2f57eb5633ce8e1ea1cfa48e6a81f1edc9988b9bc660b2bd9e7443e,2024-01-18,page 10; seq 537,奇瑞新能源汽车股份有限公司,纯电动轿车,1,1,0,0
NEQ7001BEVJ72B,官方不符合技术要求清单PDF,official_nonconforming_20240118,/workspace/purchase_tax_audit/compact_input_20261008/购置税项目_必要数据精简包_20261008/原件/20240118_不符合技术要求的车型清单.pdf,96dfba8ba2f57eb5633ce8e1ea1cfa48e6a81f1edc9988b9bc660b2bd9e7443e,2024-01-18,page 10; seq 538,奇瑞新能源汽车股份有限公司,纯电动轿车,1,1,0,0
NEQ7000BEVSH61,官方不符合技术要求清单PDF,official_nonconforming_20240118,/workspace/purchase_tax_audit/compact_input_20261008/购置税项目_必要数据精简包_20261008/原件/20240118_不符合技术要求的车型清单.pdf,96dfba8ba2f57eb5633ce8e1ea1cfa48e6a81f1edc9988b9bc660b2bd9e7443e,2024-01-18,page 10; seq 539,奇瑞新能源汽车股份有限公司,纯电动轿车,1,1,0,0
NEQ7000BEVJ728,官方不符合技术要求清单PDF,official_nonconforming_20240118,/workspace/purchase_tax_audit/compact_input_20261008/购置税项目_必要数据精简包_20261008/原件/20240118_不符合技术要求的车型清单.pdf,96dfba8ba2f57eb5633ce8e1ea1cfa48e6a81f1edc9988b9bc660b2bd9e7443e,2024-01-18,page 10; seq 540,奇瑞新能源汽车股份有限公司,纯电动轿车,1,1,0,0
NEQ7000BEVJH11J,官方不符合技术要求清单PDF,official_nonconforming_20240118,/workspace/purchase_tax_audit/compact_input_20261008/购置税项目_必要数据精简包_20261008/原件/20240118_不符合技术要求的车型清单.pdf,96dfba8ba2f57eb5633ce8e1ea1cfa48e6a81f1edc9988b9bc660b2bd9e7443e,2024-01-18,page 10; seq 541,奇瑞新能源汽车股份有限公司,纯电动轿车,1,1,0,0
NEQ7000BEVJH11H,官方不符合技术要求清单PDF,official_nonconforming_20240118,/workspace/purchase_tax_audit/compact_input_20261008/购置税项目_必要数据精简包_20261008/原件/20240118_不符合技术要求的车型清单.pdf,96dfba8ba2f57eb5633ce8e1ea1cfa48e6a81f1edc9988b9bc660b2bd9e7443e,2024-01-18,page 10; seq 542,奇瑞新能源汽车股份有限公司,纯电动轿车,1,1,0,0
NEQ7000BEVJH11G,官方不符合技术要求清单PDF,official_nonconforming_20240118,/workspace/purchase_tax_audit/compact_input_20261008/购置税项目_必要数据精简包_20261008/原件/20240118_不符合技术要求的车型清单.pdf,96dfba8ba2f57eb5633ce8e1ea1cfa48e6a81f1edc9988b9bc660b2bd9e7443e,2024-01-18,page 10; seq 543,奇瑞新能源汽车股份有限公司,纯电动轿车,1,1,0,0
NEQ7000BEVJH11F,官方不符合技术要求清单PDF,official_nonconforming_20240118,/workspace/purchase_tax_audit/compact_input_20261008/购置税项目_必要数据精简包_20261008/原件/20240118_不符合技术要求的车型清单.pdf,96dfba8ba2f57eb5633ce8e1ea1cfa48e6a81f1edc9988b9bc660b2bd9e7443e,2024-01-18,page 10; seq 544,奇瑞新能源汽车股份有限公司,纯电动轿车,1,1,0,0
NEQ7000BEVJH11E,官方不符合技术要求清单PDF,official_nonconforming_20240118,/workspace/purchase_tax_audit/compact_input_20261008/购置税项目_必要数据精简包_20261008/原件/20240118_不符合技术要求的车型清单.pdf,96dfba8ba2f57eb5633ce8e1ea1cfa48e6a81f1edc9988b9bc660b2bd9e7443e,2024-01-18,page 10; seq 545,奇瑞新能源汽车股份有限公司,纯电动轿车,1,1,0,0
NEQ7000BEVJH11B,官方不符合技术要求清单PDF,official_nonconforming_20240118,/workspace/purchase_tax_audit/compact_input_20261008/购置税项目_必要数据精简包_20261008/原件/20240118_不符合技术要求的车型清单.pdf,96dfba8ba2f57eb5633ce8e1ea1cfa48e6a81f1edc9988b9bc660b2bd9e7443e,2024-01-18,page 10; seq 546,奇瑞新能源汽车股份有限公司,纯电动轿车,1,1,0,0
NEQ7000BEVJH11A,官方不符合技术要求清单PDF,official_nonconforming_20240118,/workspace/purchase_tax_audit/compact_input_20261008/购置税项目_必要数据精简包_20261008/原件/20240118_不符合技术要求的车型清单.pdf,96dfba8ba2f57eb5633ce8e1ea1cfa48e6a81f1edc9988b9bc660b2bd9e7443e,2024-01-18,page 10; seq 547,奇瑞新能源汽车股份有限公司,纯电动轿车,1,1,0,0
NEQ7000BEVJH11D,官方不符合技术要求清单PDF,official_nonconforming_20240118,/workspace/purchase_tax_audit/compact_input_20261008/购置税项目_必要数据精简包_20261008/原件/20240118_不符合技术要求的车型清单.pdf,96dfba8ba2f57eb5633ce8e1ea1cfa48e6a81f1edc9988b9bc660b2bd9e7443e,2024-01-18,page 10; seq 548,奇瑞新能源汽车股份有限公司,纯电动轿车,1,1,0,0
NEQ7000BEVJH11C,官方不符合技术要求清单PDF,official_nonconforming_20240118,/workspace/purchase_tax_audit/compact_input_20261008/购置税项目_必要数据精简包_20261008/原件/20240118_不符合技术要求的车型清单.pdf,96dfba8ba2f57eb5633ce8e1ea1cfa48e6a81f1edc9988b9bc660b2bd9e7443e,2024-01-18,page 11; seq 549,奇瑞新能源汽车股份有限公司,纯电动轿车,1,1,0,0
NEQ7000BEVQL01,官方不符合技术要求清单PDF,official_nonconforming_20240118,/workspace/purchase_tax_audit/compact_input_20261008/购置税项目_必要数据精简包_20261008/原件/20240118_不符合技术要求的车型清单.pdf,96dfba8ba2f57eb5633ce8e1ea1cfa48e6a81f1edc9988b9bc660b2bd9e7443e,2024-01-18,page 11; seq 550,奇瑞新能源汽车股份有限公司,纯电动轿车,1,1,0,0
NEQ7000BEVQL01A,官方不符合技术要求清单PDF,official_nonconforming_20240118,/workspace/purchase_tax_audit/compact_input_20261008/购置税项目_必要数据精简包_20261008/原件/20240118_不符合技术要求的车型清单.pdf,96dfba8ba2f57eb5633ce8e1ea1cfa48e6a81f1edc9988b9bc660b2bd9e7443e,2024-01-18,page 11; seq 551,奇瑞新能源汽车股份有限公司,纯电动轿车,1,1,0,0
NEQ7000BEVQL01B,官方不符合技术要求清单PDF,official_nonconforming_20240118,/workspace/purchase_tax_audit/compact_input_20261008/购置税项目_必要数据精简包_20261008/原件/20240118_不符合技术要求的车型清单.pdf,96dfba8ba2f57eb5633ce8e1ea1cfa48e6a81f1edc9988b9bc660b2bd9e7443e,2024-01-18,page 11; seq 552,奇瑞新能源汽车股份有限公司,纯电动轿车,1,1,0,0
NEQ7000BEVQL01C,官方不符合技术要求清单PDF,official_nonconforming_20240118,/workspace/purchase_tax_audit/compact_input_20261008/购置税项目_必要数据精简包_20261008/原件/20240118_不符合技术要求的车型清单.pdf,96dfba8ba2f57eb5633ce8e1ea1cfa48e6a81f1edc9988b9bc660b2bd9e7443e,2024-01-18,page 11; seq 553,奇瑞新能源汽车股份有限公司,纯电动轿车,1,1,0,0
NEQ7000BEVJ72M,官方不符合技术要求清单PDF,official_nonconforming_20240118,/workspace/purchase_tax_audit/compact_input_20261008/购置税项目_必要数据精简包_20261008/原件/20240118_不符合技术要求的车型清单.pdf,96dfba8ba2f57eb5633ce8e1ea1cfa48e6a81f1edc9988b9bc660b2bd9e7443e,2024-01-18,page 11; seq 554,奇瑞新能源汽车股份有限公司,纯电动轿车,1,1,0,0
SKE7002BEVF,官方不符合技术要求清单PDF,official_nonconforming_20240118,/workspace/purchase_tax_audit/compact_input_20261008/购置税项目_必要数据精简包_20261008/原件/20240118_不符合技术要求的车型清单.pdf,96dfba8ba2f57eb5633ce8e1ea1cfa48e6a81f1edc9988b9bc660b2bd9e7443e,2024-01-18,page 11; seq 555,赛力斯汽车有限公司,纯电动轿车,1,1,0,0
SKE7000BEVF,官方不符合技术要求清单PDF,official_nonconforming_20240118,/workspace/purchase_tax_audit/compact_input_20261008/购置税项目_必要数据精简包_20261008/原件/20240118_不符合技术要求的车型清单.pdf,96dfba8ba2f57eb5633ce8e1ea1cfa48e6a81f1edc9988b9bc660b2bd9e7443e,2024-01-18,page 11; seq 556,赛力斯汽车有限公司,纯电动轿车,1,1,0,0
SKE7001BEVF,官方不符合技术要求清单PDF,official_nonconforming_20240118,/workspace/purchase_tax_audit/compact_input_20261008/购置税项目_必要数据精简包_20261008/原件/20240118_不符合技术要求的车型清单.pdf,96dfba8ba2f57eb5633ce8e1ea1cfa48e6a81f1edc9988b9bc660b2bd9e7443e,2024-01-18,page 11; seq 557,赛力斯汽车有限公司,纯电动轿车,1,1,0,0
SKE6470SBEVR1,官方不符合技术要求清单PDF,official_nonconforming_20240118,/workspace/purchase_tax_audit/compact_input_20261008/购置税项目_必要数据精简包_20261008/原件/20240118_不符合技术要求的车型清单.pdf,96dfba8ba2f57eb5633ce8e1ea1cfa48e6a81f1edc9988b9bc660b2bd9e7443e,2024-01-18,page 11; seq 558,赛力斯汽车有限公司,纯电动多用途乘用车,1,1,0,0
MA7002BEVA,官方不符合技术要求清单PDF,official_nonconforming_20240118,/workspace/purchase_tax_audit/compact_input_20261008/购置税项目_必要数据精简包_20261008/原件/20240118_不符合技术要求的车型清单.pdf,96dfba8ba2f57eb5633ce8e1ea1cfa48e6a81f1edc9988b9bc660b2bd9e7443e,2024-01-18,page 11; seq 559,江苏敏安电动汽车有限公司,纯电动轿车,1,1,0,0
JWT7001BEV,官方不符合技术要求清单PDF,official_nonconforming_20240118,/workspace/purchase_tax_audit/compact_input_20261008/购置税项目_必要数据精简包_20261008/原件/20240118_不符合技术要求的车型清单.pdf,96dfba8ba2f57eb5633ce8e1ea1cfa48e6a81f1edc9988b9bc660b2bd9e7443e,2024-01-18,page 11; seq 560,枫盛汽车(江苏)有限公司,纯电动轿车,1,1,0,0
JWT6470BEV02,官方不符合技术要求清单PDF,official_nonconforming_20240118,/workspace/purchase_tax_audit/compact_input_20261008/购置税项目_必要数据精简包_20261008/原件/20240118_不符合技术要求的车型清单.pdf,96dfba8ba2f57eb5633ce8e1ea1cfa48e6a81f1edc9988b9bc660b2bd9e7443e,2024-01-18,page 11; seq 561,枫盛汽车(江苏)有限公司,纯电动多用途乘用车,1,1,0,0
I31Z61,官方不符合技术要求清单PDF,official_nonconforming_20240118,/workspace/purchase_tax_audit/compact_input_20261008/购置税项目_必要数据精简包_20261008/原件/20240118_不符合技术要求的车型清单.pdf,96dfba8ba2f57eb5633ce8e1ea1cfa48e6a81f1edc9988b9bc660b2bd9e7443e,2024-01-18,page 11; seq 562,宝马（中国）汽车贸易有限公司,-,0,1,0,0
I31Z21,官方不符合技术要求清单PDF,official_nonconforming_20240118,/workspace/purchase_tax_audit/compact_input_20261008/购置税项目_必要数据精简包_20261008/原件/20240118_不符合技术要求的车型清单.pdf,96dfba8ba2f57eb5633ce8e1ea1cfa48e6a81f1edc9988b9bc660b2bd9e7443e,2024-01-18,page 11; seq 563,宝马（中国）汽车贸易有限公司,-,0,1,0,0
TAYCAN4SC111,官方不符合技术要求清单PDF,official_nonconforming_20240118,/workspace/purchase_tax_audit/compact_input_20261008/购置税项目_必要数据精简包_20261008/原件/20240118_不符合技术要求的车型清单.pdf,96dfba8ba2f57eb5633ce8e1ea1cfa48e6a81f1edc9988b9bc660b2bd9e7443e,2024-01-18,page 11; seq 564,保时捷（中国）汽车销售有限公司,纯电动轿车,1,1,0,0
TAYCANC111,官方不符合技术要求清单PDF,official_nonconforming_20240118,/workspace/purchase_tax_audit/compact_input_20261008/购置税项目_必要数据精简包_20261008/原件/20240118_不符合技术要求的车型清单.pdf,96dfba8ba2f57eb5633ce8e1ea1cfa48e6a81f1edc9988b9bc660b2bd9e7443e,2024-01-18,page 11; seq 565,保时捷（中国）汽车销售有限公司,纯电动乘用车(新能源汽车),1,1,0,0
TAYCAN4SD112,官方不符合技术要求清单PDF,official_nonconforming_20240118,/workspace/purchase_tax_audit/compact_input_20261008/购置税项目_必要数据精简包_20261008/原件/20240118_不符合技术要求的车型清单.pdf,96dfba8ba2f57eb5633ce8e1ea1cfa48e6a81f1edc9988b9bc660b2bd9e7443e,2024-01-18,page 11; seq 566,保时捷（中国）汽车销售有限公司,纯电动乘用车（新能源汽车）,1,1,0,0
TAYCAN4SD111,官方不符合技术要求清单PDF,official_nonconforming_20240118,/workspace/purchase_tax_audit/compact_input_20261008/购置税项目_必要数据精简包_20261008/原件/20240118_不符合技术要求的车型清单.pdf,96dfba8ba2f57eb5633ce8e1ea1cfa48e6a81f1edc9988b9bc660b2bd9e7443e,2024-01-18,page 11; seq 567,保时捷（中国）汽车销售有限公司,纯电动乘用车（新能源汽车）,1,1,0,0
TAYCAN4D112,官方不符合技术要求清单PDF,official_nonconforming_20240118,/workspace/purchase_tax_audit/compact_input_20261008/购置税项目_必要数据精简包_20261008/原件/20240118_不符合技术要求的车型清单.pdf,96dfba8ba2f57eb5633ce8e1ea1cfa48e6a81f1edc9988b9bc660b2bd9e7443e,2024-01-18,page 11; seq 568,保时捷（中国）汽车销售有限公司,纯电动乘用车（新能源汽车）,1,1,0,0
TAYCAND111,官方不符合技术要求清单PDF,official_nonconforming_20240118,/workspace/purchase_tax_audit/compact_input_20261008/购置税项目_必要数据精简包_20261008/原件/20240118_不符合技术要求的车型清单.pdf,96dfba8ba2f57eb5633ce8e1ea1cfa48e6a81f1edc9988b9bc660b2bd9e7443e,2024-01-18,page 11; seq 569,保时捷（中国）汽车销售有限公司,纯电动乘用车(新能源汽车),1,1,0,0
UJZKX,官方不符合技术要求清单PDF,official_nonconforming_20240118,/workspace/purchase_tax_audit/compact_input_20261008/购置税项目_必要数据精简包_20261008/原件/20240118_不符合技术要求的车型清单.pdf,96dfba8ba2f57eb5633ce8e1ea1cfa48e6a81f1edc9988b9bc660b2bd9e7443e,2024-01-18,page 11; seq 570,标致雪铁龙（上海）管理有限公司,纯电动乘用车,1,1,0,0
ELECTRICUPEABAFA1001,官方不符合技术要求清单PDF,official_nonconforming_20240118,/workspace/purchase_tax_audit/compact_input_20261008/购置税项目_必要数据精简包_20261008/原件/20240118_不符合技术要求的车型清单.pdf,96dfba8ba2f57eb5633ce8e1ea1cfa48e6a81f1edc9988b9bc660b2bd9e7443e,2024-01-18,page 11; seq 571,大众汽车(中国)销售有限公司,-,0,1,0,0
GOLFEEAZAFA1001,官方不符合技术要求清单PDF,official_nonconforming_20240118,/workspace/purchase_tax_audit/compact_input_20261008/购置税项目_必要数据精简包_20261008/原件/20240118_不符合技术要求的车型清单.pdf,96dfba8ba2f57eb5633ce8e1ea1cfa48e6a81f1edc9988b9bc660b2bd9e7443e,2024-01-18,page 11; seq 572,大众汽车(中国)销售有限公司,纯电动高尔夫,0,1,0,0
XEBM15L-AWDBSC2,官方不符合技术要求清单PDF,official_nonconforming_20240118,/workspace/purchase_tax_audit/compact_input_20261008/购置税项目_必要数据精简包_20261008/原件/20240118_不符合技术要求的车型清单.pdf,96dfba8ba2f57eb5633ce8e1ea1cfa48e6a81f1edc9988b9bc660b2bd9e7443e,2024-01-18,page 11; seq 573,丰田汽车(中国)投资有限公司,纯电动多用途乘用车,1,1,0,0
XEBM15L-AWDCSC2,官方不符合技术要求清单PDF,official_nonconforming_20240118,/workspace/purchase_tax_audit/compact_input_20261008/购置税项目_必要数据精简包_20261008/原件/20240118_不符合技术要求的车型清单.pdf,96dfba8ba2f57eb5633ce8e1ea1cfa48e6a81f1edc9988b9bc660b2bd9e7443e,2024-01-18,page 11; seq 574,丰田汽车(中国)投资有限公司,纯电动多用途乘用车,1,1,0,0
XEBM15L-AWDLSC2,官方不符合技术要求清单PDF,official_nonconforming_20240118,/workspace/purchase_tax_audit/compact_input_20261008/购置税项目_必要数据精简包_20261008/原件/20240118_不符合技术要求的车型清单.pdf,96dfba8ba2f57eb5633ce8e1ea1cfa48e6a81f1edc9988b9bc660b2bd9e7443e,2024-01-18,page 11; seq 575,丰田汽车(中国)投资有限公司,纯电动多用途乘用车,1,1,0,0
THZ7000BEVS11W,官方不符合技术要求清单PDF,official_nonconforming_20240118,/workspace/purchase_tax_audit/compact_input_20261008/购置税项目_必要数据精简包_20261008/原件/20240118_不符合技术要求的车型清单.pdf,96dfba8ba2f57eb5633ce8e1ea1cfa48e6a81f1edc9988b9bc660b2bd9e7443e,2024-01-18,page 11; seq 576,合众新能源汽车股份有限公司,纯电动轿车,1,1,0,0
THZ7001BEVS00J,官方不符合技术要求清单PDF,official_nonconforming_20240118,/workspace/purchase_tax_audit/compact_input_20261008/购置税项目_必要数据精简包_20261008/原件/20240118_不符合技术要求的车型清单.pdf,96dfba8ba2f57eb5633ce8e1ea1cfa48e6a81f1edc9988b9bc660b2bd9e7443e,2024-01-18,page 11; seq 577,合众新能源汽车股份有限公司,纯电动轿车,1,1,0,0
THZ7001BEVS001,官方不符合技术要求清单PDF,official_nonconforming_20240118,/workspace/purchase_tax_audit/compact_input_20261008/购置税项目_必要数据精简包_20261008/原件/20240118_不符合技术要求的车型清单.pdf,96dfba8ba2f57eb5633ce8e1ea1cfa48e6a81f1edc9988b9bc660b2bd9e7443e,2024-01-18,page 11; seq 578,合众新能源汽车股份有限公司,纯电动轿车,1,1,0,0
THZ7001BEVS004,官方不符合技术要求清单PDF,official_nonconforming_20240118,/workspace/purchase_tax_audit/compact_input_20261008/购置税项目_必要数据精简包_20261008/原件/20240118_不符合技术要求的车型清单.pdf,96dfba8ba2f57eb5633ce8e1ea1cfa48e6a81f1edc9988b9bc660b2bd9e7443e,2024-01-18,page 11; seq 579,合众新能源汽车股份有限公司,纯电动轿车,1,1,0,0
THZ7001BEVS005,官方不符合技术要求清单PDF,official_nonconforming_20240118,/workspace/purchase_tax_audit/compact_input_20261008/购置税项目_必要数据精简包_20261008/原件/20240118_不符合技术要求的车型清单.pdf,96dfba8ba2f57eb5633ce8e1ea1cfa48e6a81f1edc9988b9bc660b2bd9e7443e,2024-01-18,page 11; seq 580,合众新能源汽车股份有限公司,纯电动轿车,1,1,0,0
THZ7000BEVS003,官方不符合技术要求清单PDF,official_nonconforming_20240118,/workspace/purchase_tax_audit/compact_input_20261008/购置税项目_必要数据精简包_20261008/原件/20240118_不符合技术要求的车型清单.pdf,96dfba8ba2f57eb5633ce8e1ea1cfa48e6a81f1edc9988b9bc660b2bd9e7443e,2024-01-18,page 11; seq 581,合众新能源汽车股份有限公司,纯电动轿车,1,1,0,0
THZ7000BEVS004,官方不符合技术要求清单PDF,official_nonconforming_20240118,/workspace/purchase_tax_audit/compact_input_20261008/购置税项目_必要数据精简包_20261008/原件/20240118_不符合技术要求的车型清单.pdf,96dfba8ba2f57eb5633ce8e1ea1cfa48e6a81f1edc9988b9bc660b2bd9e7443e,2024-01-18,page 11; seq 582,合众新能源汽车股份有限公司,纯电动轿车,1,1,0,0
THZ7000BEVS005,官方不符合技术要求清单PDF,official_nonconforming_20240118,/workspace/purchase_tax_audit/compact_input_20261008/购置税项目_必要数据精简包_20261008/原件/20240118_不符合技术要求的车型清单.pdf,96dfba8ba2f57eb5633ce8e1ea1cfa48e6a81f1edc9988b9bc660b2bd9e7443e,2024-01-18,page 11; seq 583,合众新能源汽车股份有限公司,纯电动轿车,1,1,0,0
MSP2P,官方不符合技术要求清单PDF,official_nonconforming_20240118,/workspace/purchase_tax_audit/compact_input_20261008/购置税项目_必要数据精简包_20261008/原件/20240118_不符合技术要求的车型清单.pdf,96dfba8ba2f57eb5633ce8e1ea1cfa48e6a81f1edc9988b9bc660b2bd9e7443e,2024-01-18,page 11; seq 584,特斯拉汽车（北京）有限公司,纯电动轿车,1,1,0,0
MSP2LR,官方不符合技术要求清单PDF,official_nonconforming_20240118,/workspace/purchase_tax_audit/compact_input_20261008/购置税项目_必要数据精简包_20261008/原件/20240118_不符合技术要求的车型清单.pdf,96dfba8ba2f57eb5633ce8e1ea1cfa48e6a81f1edc9988b9bc660b2bd9e7443e,2024-01-18,page 11; seq 585,特斯拉汽车（北京）有限公司,纯电动轿车,1,1,0,0
MXP2P,官方不符合技术要求清单PDF,official_nonconforming_20240118,/workspace/purchase_tax_audit/compact_input_20261008/购置税项目_必要数据精简包_20261008/原件/20240118_不符合技术要求的车型清单.pdf,96dfba8ba2f57eb5633ce8e1ea1cfa48e6a81f1edc9988b9bc660b2bd9e7443e,2024-01-18,page 11; seq 586,特斯拉汽车（北京）有限公司,纯电动多用途乘用车,1,1,0,0
MXP2LR,官方不符合技术要求清单PDF,official_nonconforming_20240118,/workspace/purchase_tax_audit/compact_input_20261008/购置税项目_必要数据精简包_20261008/原件/20240118_不符合技术要求的车型清单.pdf,96dfba8ba2f57eb5633ce8e1ea1cfa48e6a81f1edc9988b9bc660b2bd9e7443e,2024-01-18,page 11; seq 587,特斯拉汽车（北京）有限公司,纯电动多用途乘用车,1,1,0,0
JKC6451AXBEV,官方不符合技术要求清单PDF,official_nonconforming_20240118,/workspace/purchase_tax_audit/compact_input_20261008/购置税项目_必要数据精简包_20261008/原件/20240118_不符合技术要求的车型清单.pdf,96dfba8ba2f57eb5633ce8e1ea1cfa48e6a81f1edc9988b9bc660b2bd9e7443e,2024-01-18,page 11; seq 588,鑫源汽车有限公司,纯电动多用途乘用车,1,1,0,0
ETRONGT60FWSBD2VQ6C2,官方不符合技术要求清单PDF,official_nonconforming_20240118,/workspace/purchase_tax_audit/compact_input_20261008/购置税项目_必要数据精简包_20261008/原件/20240118_不符合技术要求的车型清单.pdf,96dfba8ba2f57eb5633ce8e1ea1cfa48e6a81f1edc9988b9bc660b2bd9e7443e,2024-01-18,page 11; seq 589,中国第一汽车集团进出口有限公司,纯电动乘用车(奥迪E创GT) (新能源汽车),1,1,0,0
ETRONGT60FWSBD2VQ6C1,官方不符合技术要求清单PDF,official_nonconforming_20240118,/workspace/purchase_tax_audit/compact_input_20261008/购置税项目_必要数据精简包_20261008/原件/20240118_不符合技术要求的车型清单.pdf,96dfba8ba2f57eb5633ce8e1ea1cfa48e6a81f1edc9988b9bc660b2bd9e7443e,2024-01-18,page 11; seq 590,中国第一汽车集团进出口有限公司,纯电动乘用车(奥迪E创GT) (新能源汽车),1,1,0,0
RSETRONGTFWSBL1WQ6C0,官方不符合技术要求清单PDF,official_nonconforming_20240118,/workspace/purchase_tax_audit/compact_input_20261008/购置税项目_必要数据精简包_20261008/原件/20240118_不符合技术要求的车型清单.pdf,96dfba8ba2f57eb5633ce8e1ea1cfa48e6a81f1edc9988b9bc660b2bd9e7443e,2024-01-18,page 11; seq 591,中国第一汽车集团进出口有限公司,纯电动乘用车(奥迪E创GT) (新能源汽车),1,1,0,0
