request_file,receipt_file,retrieved_utc,url,final_url,purpose,query,target_models,status,http_status,bytes,response_sha256,evidence_scope,error
controls/lowtemp_fullparams.json,controls/lowtemp_fullparams.json.receipt.json,2026-10-09T07:45:15.538299+00:00,https://www.miit.gov.cn/search-front-server/api/search/info?websiteid=110000000000000&scope=basic&q=%E4%BD%8E%E6%B8%A9&pg=40&p=1&cateid=47&pos=title_text%2Ctitlepy%2Cinfocontent%2Cfilenumbername%2Ckeyword%2Ccontentdescribe&selectFields=title%2Ccontent%2Cdeploytime%2C_index%2Curl%2Ccdate%2Cinfoextends%2Cinfocontentattribute%2Ckeyword%2Ccontentdescribe%2Csectitle%2Cpicpath%2Ccolumnname%2Cthemename%2Cpublishgroupname%2Cpublishtime%2Cmetaid%2Cbexxgk%2Ccolumnid%2Cinfocontenthashcode&group=distinct&level=6&sortFields=%5B%7B%22name%22%3A%22deploytime%22%2C%22type%22%3A%22desc%22%7D%5D,https://www.miit.gov.cn/search-front-server/api/search/info?websiteid=110000000000000&scope=basic&q=%E4%BD%8E%E6%B8%A9&pg=40&p=1&cateid=47&pos=title_text%2Ctitlepy%2Cinfocontent%2Cfilenumbername%2Ckeyword%2Ccontentdescribe&selectFields=title%2Ccontent%2Cdeploytime%2C_index%2Curl%2Ccdate%2Cinfoextends%2Cinfocontentattribute%2Ckeyword%2Ccontentdescribe%2Csectitle%2Cpicpath%2Ccolumnname%2Cthemename%2Cpublishgroupname%2Cpublishtime%2Cmetaid%2Cbexxgk%2Ccolumnid%2Cinfocontenthashcode&group=distinct&level=6&sortFields=%5B%7B%22name%22%3A%22deploytime%22%2C%22type%22%3A%22desc%22%7D%5D,此前有效的完整参数查询复核,低温,,ok,200,1219453,dd5e10e075aadfc3d2b15ce33f0c028bd7c41f72ee7931044feb326a316908e4,原始HTTP观察；未据状态推断完整报告取得,
controls/newenergy_fullparams.json,controls/newenergy_fullparams.json.receipt.json,2026-10-09T07:45:21.186056+00:00,https://www.miit.gov.cn/search-front-server/api/search/info?websiteid=110000000000000&scope=basic&q=%E6%96%B0%E8%83%BD%E6%BA%90%E6%B1%BD%E8%BD%A6&pg=40&p=1&cateid=47&pos=title_text%2Ctitlepy%2Cinfocontent%2Cfilenumbername%2Ckeyword%2Ccontentdescribe&selectFields=title%2Ccontent%2Cdeploytime%2C_index%2Curl%2Ccdate%2Cinfoextends%2Cinfocontentattribute%2Ckeyword%2Ccontentdescribe%2Csectitle%2Cpicpath%2Ccolumnname%2Cthemename%2Cpublishgroupname%2Cpublishtime%2Cmetaid%2Cbexxgk%2Ccolumnid%2Cinfocontenthashcode&group=distinct&level=6&sortFields=%5B%7B%22name%22%3A%22deploytime%22%2C%22type%22%3A%22desc%22%7D%5D,https://www.miit.gov.cn/search-front-server/api/search/info?websiteid=110000000000000&scope=basic&q=%E6%96%B0%E8%83%BD%E6%BA%90%E6%B1%BD%E8%BD%A6&pg=40&p=1&cateid=47&pos=title_text%2Ctitlepy%2Cinfocontent%2Cfilenumbername%2Ckeyword%2Ccontentdescribe&selectFields=title%2Ccontent%2Cdeploytime%2C_index%2Curl%2Ccdate%2Cinfoextends%2Cinfocontentattribute%2Ckeyword%2Ccontentdescribe%2Csectitle%2Cpicpath%2Ccolumnname%2Cthemename%2Cpublishgroupname%2Cpublishtime%2Cmetaid%2Cbexxgk%2Ccolumnid%2Cinfocontenthashcode&group=distinct&level=6&sortFields=%5B%7B%22name%22%3A%22deploytime%22%2C%22type%22%3A%22desc%22%7D%5D,此前有效的完整参数查询复核,新能源汽车,,ok,200,424419,b48308591b456eba6d05d580c2bdec583a0c1eeed889130f95288808abdb701d,原始HTTP观察；未据状态推断完整报告取得,
controls/prior_working_control.json,controls/prior_working_control.json.receipt.json,2026-10-09T07:45:09.957525+00:00,https://www.miit.gov.cn/search-front-server/api/search/info?websiteid=110000000000000&scope=basic&q=%E7%89%B9%E9%A1%BAEV&pg=40&p=1&cateid=47&pos=title_text%2Ctitlepy%2Cinfocontent%2Cfilenumbername%2Ckeyword%2Ccontentdescribe&selectFields=title%2Ccontent%2Cdeploytime%2C_index%2Curl%2Ccdate%2Cinfoextends%2Cinfocontentattribute%2Ckeyword%2Ccontentdescribe%2Csectitle%2Cpicpath%2Ccolumnname%2Cthemename%2Cpublishgroupname%2Cpublishtime%2Cmetaid%2Cbexxgk%2Ccolumnid%2Cinfocontenthashcode&group=distinct&level=6&sortFields=%5B%7B%22name%22%3A%22deploytime%22%2C%22type%22%3A%22desc%22%7D%5D,https://www.miit.gov.cn/search-front-server/api/search/info?websiteid=110000000000000&scope=basic&q=%E7%89%B9%E9%A1%BAEV&pg=40&p=1&cateid=47&pos=title_text%2Ctitlepy%2Cinfocontent%2Cfilenumbername%2Ckeyword%2Ccontentdescribe&selectFields=title%2Ccontent%2Cdeploytime%2C_index%2Curl%2Ccdate%2Cinfoextends%2Cinfocontentattribute%2Ckeyword%2Ccontentdescribe%2Csectitle%2Cpicpath%2Ccolumnname%2Cthemename%2Cpublishgroupname%2Cpublishtime%2Cmetaid%2Cbexxgk%2Ccolumnid%2Cinfocontenthashcode&group=distinct&level=6&sortFields=%5B%7B%22name%22%3A%22deploytime%22%2C%22type%22%3A%22desc%22%7D%5D,此前有效的完整参数查询复核,特顺EV,,ok,200,12723848,8809d3993c72aa77e369a0fb2dfb0437a17fc2be5edb54eafb15f946a48385f2,原始HTTP观察；未据状态推断完整报告取得,
institution_queries/gatc_18386.1.html,institution_queries/gatc_18386.1.html.receipt.json,2026-10-09T07:47:36.091674+00:00,https://www.gatc.ac.cn/search/?title=18386.1&model=article%2Cpic&navlist=329,https://www.gatc.ac.cn/search/?title=18386.1&model=article%2Cpic&navlist=329,广州检验中心官网可见GET搜索表单查询,18386.1,,ok,200,19928,01705984165f79c5775d58a5b1a81fb13fd7ad935d077caec1995640bf8518d6,原始HTTP观察；未据状态推断完整报告取得,
institution_queries/gatc_BAW7000UB44BEV.html,institution_queries/gatc_BAW7000UB44BEV.html.receipt.json,2026-10-09T07:47:16.412907+00:00,https://www.gatc.ac.cn/search/?title=BAW7000UB44BEV&model=article%2Cpic&navlist=329,https://www.gatc.ac.cn/search/?title=BAW7000UB44BEV&model=article%2Cpic&navlist=329,广州检验中心官网可见GET搜索表单查询,BAW7000UB44BEV,BAW7000UB44BEV,http_error,403,33,beb861eaa39f786b701fafe0c93827f91c26b4fd7bda29668712515b031e2569,原始HTTP观察；未据状态推断完整报告取得,HTTP Error 403: Forbidden
institution_queries/gatc_BAW7000UL47BEV.html,institution_queries/gatc_BAW7000UL47BEV.html.receipt.json,2026-10-09T07:47:16.411999+00:00,https://www.gatc.ac.cn/search/?title=BAW7000UL47BEV&model=article%2Cpic&navlist=329,,广州检验中心官网可见GET搜索表单查询,BAW7000UL47BEV,BAW7000UL47BEV,fetch_error,,,,原始HTTP观察；未据状态推断完整报告取得,URLError(OSError('Tunnel connection failed: 403 Forbidden'))
institution_queries/gatc_DXK7001RD2BEV.html,institution_queries/gatc_DXK7001RD2BEV.html.receipt.json,2026-10-09T07:47:16.562965+00:00,https://www.gatc.ac.cn/search/?title=DXK7001RD2BEV&model=article%2Cpic&navlist=329,,广州检验中心官网可见GET搜索表单查询,DXK7001RD2BEV,DXK7001RD2BEV,fetch_error,,,,原始HTTP观察；未据状态推断完整报告取得,URLError(OSError('Tunnel connection failed: 403 Forbidden'))
institution_queries/gatc_DXK7001RD5BEV.html,institution_queries/gatc_DXK7001RD5BEV.html.receipt.json,2026-10-09T07:47:17.382476+00:00,https://www.gatc.ac.cn/search/?title=DXK7001RD5BEV&model=article%2Cpic&navlist=329,,广州检验中心官网可见GET搜索表单查询,DXK7001RD5BEV,DXK7001RD5BEV,fetch_error,,,,原始HTTP观察；未据状态推断完整报告取得,URLError(OSError('Tunnel connection failed: 403 Forbidden'))
institution_queries/gatc_GTM6470BFEBEV.html,institution_queries/gatc_GTM6470BFEBEV.html.receipt.json,2026-10-09T07:47:23.190062+00:00,https://www.gatc.ac.cn/search/?title=GTM6470BFEBEV&model=article%2Cpic&navlist=329,https://www.gatc.ac.cn/search/?title=GTM6470BFEBEV&model=article%2Cpic&navlist=329,广州检验中心官网可见GET搜索表单查询,GTM6470BFEBEV,GTM6470BFEBEV,http_error,403,33,beb861eaa39f786b701fafe0c93827f91c26b4fd7bda29668712515b031e2569,原始HTTP观察；未据状态推断完整报告取得,HTTP Error 403: Forbidden
institution_queries/gatc_HXK7000BEVA13.html,institution_queries/gatc_HXK7000BEVA13.html.receipt.json,2026-10-09T07:47:24.064931+00:00,https://www.gatc.ac.cn/search/?title=HXK7000BEVA13&model=article%2Cpic&navlist=329,https://www.gatc.ac.cn/search/?title=HXK7000BEVA13&model=article%2Cpic&navlist=329,广州检验中心官网可见GET搜索表单查询,HXK7000BEVA13,HXK7000BEVA13,http_error,403,33,beb861eaa39f786b701fafe0c93827f91c26b4fd7bda29668712515b031e2569,原始HTTP观察；未据状态推断完整报告取得,HTTP Error 403: Forbidden
institution_queries/gatc_JNJ7000EVF4.html,institution_queries/gatc_JNJ7000EVF4.html.receipt.json,2026-10-09T07:47:24.397229+00:00,https://www.gatc.ac.cn/search/?title=JNJ7000EVF4&model=article%2Cpic&navlist=329,,广州检验中心官网可见GET搜索表单查询,JNJ7000EVF4,,fetch_error,,,,原始HTTP观察；未据状态推断完整报告取得,URLError(OSError('Tunnel connection failed: 403 Forbidden'))
institution_queries/gatc_JX7004ESABEV.html,institution_queries/gatc_JX7004ESABEV.html.receipt.json,2026-10-09T07:47:24.875505+00:00,https://www.gatc.ac.cn/search/?title=JX7004ESABEV&model=article%2Cpic&navlist=329,https://www.gatc.ac.cn/search/?title=JX7004ESABEV&model=article%2Cpic&navlist=329,广州检验中心官网可见GET搜索表单查询,JX7004ESABEV,JX7004ESABEV,ok,200,19943,8ed0e06ca966dcaf194e45740cce66aba9ac186005230deb048694f297968cfe,原始HTTP观察；未据状态推断完整报告取得,
institution_queries/gatc_LZW7005EVA5KBJA.html,institution_queries/gatc_LZW7005EVA5KBJA.html.receipt.json,2026-10-09T07:47:28.572205+00:00,https://www.gatc.ac.cn/search/?title=LZW7005EVA5KBJA&model=article%2Cpic&navlist=329,https://www.gatc.ac.cn/search/?title=LZW7005EVA5KBJA&model=article%2Cpic&navlist=329,广州检验中心官网可见GET搜索表单查询,LZW7005EVA5KBJA,,ok,200,19952,b2529e8fae910c1f92fdc5a4e91c681a8dc412eb4d75aecd84abc57740329a19,原始HTTP观察；未据状态推断完整报告取得,
institution_queries/gatc_LZW7005EVC1EBJ.html,institution_queries/gatc_LZW7005EVC1EBJ.html.receipt.json,2026-10-09T07:47:30.160442+00:00,https://www.gatc.ac.cn/search/?title=LZW7005EVC1EBJ&model=article%2Cpic&navlist=329,,广州检验中心官网可见GET搜索表单查询,LZW7005EVC1EBJ,,fetch_error,,,,原始HTTP观察；未据状态推断完整报告取得,URLError(OSError('Tunnel connection failed: 403 Forbidden'))
institution_queries/gatc_SQJ7002YAC1BEV.html,institution_queries/gatc_SQJ7002YAC1BEV.html.receipt.json,2026-10-09T07:47:30.595720+00:00,https://www.gatc.ac.cn/search/?title=SQJ7002YAC1BEV&model=article%2Cpic&navlist=329,https://www.gatc.ac.cn/search/?title=SQJ7002YAC1BEV&model=article%2Cpic&navlist=329,广州检验中心官网可见GET搜索表单查询,SQJ7002YAC1BEV,SQJ7002YAC1BEV,ok,200,19949,a06b84ba46e4a6957bb20042aa870252b501999b9bcd8a767ebe6f7bb8e980da,原始HTTP观察；未据状态推断完整报告取得,
institution_queries/gatc_SQJ7002YACBEV.html,institution_queries/gatc_SQJ7002YACBEV.html.receipt.json,2026-10-09T07:47:33.673593+00:00,https://www.gatc.ac.cn/search/?title=SQJ7002YACBEV&model=article%2Cpic&navlist=329,,广州检验中心官网可见GET搜索表单查询,SQJ7002YACBEV,SQJ7002YACBEV,fetch_error,,,,原始HTTP观察；未据状态推断完整报告取得,URLError(OSError('Tunnel connection failed: 403 Forbidden'))
institution_queries/gatc_低温.html,institution_queries/gatc_低温.html.receipt.json,2026-10-09T07:47:34.597336+00:00,https://www.gatc.ac.cn/search/?title=%E4%BD%8E%E6%B8%A9&model=article%2Cpic&navlist=329,https://www.gatc.ac.cn/search/?title=%E4%BD%8E%E6%B8%A9&model=article%2Cpic&navlist=329,广州检验中心官网可见GET搜索表单查询,低温,,ok,200,23588,6864122730a6e8162bba7f134370bd96ab68623ca7c9153a81371cd9fab11055,原始HTTP观察；未据状态推断完整报告取得,
institution_queries/smvic_18386.1.html,institution_queries/smvic_18386.1.html.receipt.json,2026-10-09T07:47:36.598276+00:00,https://hss.smvic.com.cn/indexsearch?search=18386.1,https://hss.smvic.com.cn/indexsearch/?search=18386.1,SMVIC认证平台可见GET搜索表单查询，不能用CCC证书替代附录A报告,18386.1,,ok,200,106248,c0be958c62537c89e9039d8b9c82a39718b72a6ffcc529680aa068866806637d,原始HTTP观察；未据状态推断完整报告取得,
institution_queries/smvic_BAW7000UB44BEV.html,institution_queries/smvic_BAW7000UB44BEV.html.receipt.json,2026-10-09T07:47:16.412743+00:00,https://hss.smvic.com.cn/indexsearch?search=BAW7000UB44BEV,https://hss.smvic.com.cn/indexsearch/?search=BAW7000UB44BEV,SMVIC认证平台可见GET搜索表单查询，不能用CCC证书替代附录A报告,BAW7000UB44BEV,BAW7000UB44BEV,ok,200,105434,ac34cb698d8d7b80e13faf69759de63a4d9a9f674be1f90a843e17edc116a5d1,原始HTTP观察；未据状态推断完整报告取得,
institution_queries/smvic_BAW7000UL47BEV.html,institution_queries/smvic_BAW7000UL47BEV.html.receipt.json,2026-10-09T07:47:16.412825+00:00,https://hss.smvic.com.cn/indexsearch?search=BAW7000UL47BEV,https://hss.smvic.com.cn/indexsearch?search=BAW7000UL47BEV,SMVIC认证平台可见GET搜索表单查询，不能用CCC证书替代附录A报告,BAW7000UL47BEV,BAW7000UL47BEV,http_error,503,91,2f85832e31ca57711e6107af6b142363351ae516adb71c69afc643fac26be7f6,原始HTTP观察；未据状态推断完整报告取得,HTTP Error 503: Service Unavailable
institution_queries/smvic_DXK7001RD2BEV.html,institution_queries/smvic_DXK7001RD2BEV.html.receipt.json,2026-10-09T07:47:16.758414+00:00,https://hss.smvic.com.cn/indexsearch?search=DXK7001RD2BEV,https://hss.smvic.com.cn/indexsearch?search=DXK7001RD2BEV,SMVIC认证平台可见GET搜索表单查询，不能用CCC证书替代附录A报告,DXK7001RD2BEV,DXK7001RD2BEV,http_error,503,91,2f85832e31ca57711e6107af6b142363351ae516adb71c69afc643fac26be7f6,原始HTTP观察；未据状态推断完整报告取得,HTTP Error 503: Service Unavailable
institution_queries/smvic_DXK7001RD5BEV.html,institution_queries/smvic_DXK7001RD5BEV.html.receipt.json,2026-10-09T07:47:18.458748+00:00,https://hss.smvic.com.cn/indexsearch?search=DXK7001RD5BEV,https://hss.smvic.com.cn/indexsearch/?search=DXK7001RD5BEV,SMVIC认证平台可见GET搜索表单查询，不能用CCC证书替代附录A报告,DXK7001RD5BEV,DXK7001RD5BEV,ok,200,105432,857f1e75a115dbff220c1ec9649d68ac866d294e35c280941b50bfc2d13dfbdc,原始HTTP观察；未据状态推断完整报告取得,
institution_queries/smvic_GTM6470BFEBEV.html,institution_queries/smvic_GTM6470BFEBEV.html.receipt.json,2026-10-09T07:47:23.823475+00:00,https://hss.smvic.com.cn/indexsearch?search=GTM6470BFEBEV,https://hss.smvic.com.cn/indexsearch/?search=GTM6470BFEBEV,SMVIC认证平台可见GET搜索表单查询，不能用CCC证书替代附录A报告,GTM6470BFEBEV,GTM6470BFEBEV,ok,200,105432,14b9ad7b12b333fce9db7a7794f5012313daf3b1493f373c7959520f07fa3df3,原始HTTP观察；未据状态推断完整报告取得,
institution_queries/smvic_HXK7000BEVA13.html,institution_queries/smvic_HXK7000BEVA13.html.receipt.json,2026-10-09T07:47:24.226267+00:00,https://hss.smvic.com.cn/indexsearch?search=HXK7000BEVA13,https://hss.smvic.com.cn/indexsearch?search=HXK7000BEVA13,SMVIC认证平台可见GET搜索表单查询，不能用CCC证书替代附录A报告,HXK7000BEVA13,HXK7000BEVA13,http_error,503,91,2f85832e31ca57711e6107af6b142363351ae516adb71c69afc643fac26be7f6,原始HTTP观察；未据状态推断完整报告取得,HTTP Error 503: Service Unavailable
institution_queries/smvic_JNJ7000EVF4.html,institution_queries/smvic_JNJ7000EVF4.html.receipt.json,2026-10-09T07:47:24.541089+00:00,https://hss.smvic.com.cn/indexsearch?search=JNJ7000EVF4,https://hss.smvic.com.cn/indexsearch/?search=JNJ7000EVF4,SMVIC认证平台可见GET搜索表单查询，不能用CCC证书替代附录A报告,JNJ7000EVF4,,http_error,503,91,2f85832e31ca57711e6107af6b142363351ae516adb71c69afc643fac26be7f6,原始HTTP观察；未据状态推断完整报告取得,HTTP Error 503: Service Unavailable
institution_queries/smvic_JX7004ESABEV.html,institution_queries/smvic_JX7004ESABEV.html.receipt.json,2026-10-09T07:47:26.982049+00:00,https://hss.smvic.com.cn/indexsearch?search=JX7004ESABEV,https://hss.smvic.com.cn/indexsearch/?search=JX7004ESABEV,SMVIC认证平台可见GET搜索表单查询，不能用CCC证书替代附录A报告,JX7004ESABEV,JX7004ESABEV,ok,200,105430,cb4f0675aae6f386b946aaf016d31f7f892c23bb7e1d74c5ca01a2541066534e,原始HTTP观察；未据状态推断完整报告取得,
institution_queries/smvic_LZW7005EVA5KBJA.html,institution_queries/smvic_LZW7005EVA5KBJA.html.receipt.json,2026-10-09T07:47:29.806293+00:00,https://hss.smvic.com.cn/indexsearch?search=LZW7005EVA5KBJA,https://hss.smvic.com.cn/indexsearch?search=LZW7005EVA5KBJA,SMVIC认证平台可见GET搜索表单查询，不能用CCC证书替代附录A报告,LZW7005EVA5KBJA,,http_error,503,91,2f85832e31ca57711e6107af6b142363351ae516adb71c69afc643fac26be7f6,原始HTTP观察；未据状态推断完整报告取得,HTTP Error 503: Service Unavailable
institution_queries/smvic_LZW7005EVC1EBJ.html,institution_queries/smvic_LZW7005EVC1EBJ.html.receipt.json,2026-10-09T07:47:30.310968+00:00,https://hss.smvic.com.cn/indexsearch?search=LZW7005EVC1EBJ,https://hss.smvic.com.cn/indexsearch/?search=LZW7005EVC1EBJ,SMVIC认证平台可见GET搜索表单查询，不能用CCC证书替代附录A报告,LZW7005EVC1EBJ,,http_error,503,91,2f85832e31ca57711e6107af6b142363351ae516adb71c69afc643fac26be7f6,原始HTTP观察；未据状态推断完整报告取得,HTTP Error 503: Service Unavailable
institution_queries/smvic_SQJ7002YAC1BEV.html,institution_queries/smvic_SQJ7002YAC1BEV.html.receipt.json,2026-10-09T07:47:30.930033+00:00,https://hss.smvic.com.cn/indexsearch?search=SQJ7002YAC1BEV,https://hss.smvic.com.cn/indexsearch/?search=SQJ7002YAC1BEV,SMVIC认证平台可见GET搜索表单查询，不能用CCC证书替代附录A报告,SQJ7002YAC1BEV,SQJ7002YAC1BEV,ok,200,105434,f8214bf3db0b9b1bcf9bf853da84934eb35867440a0e02decc7cdcfd04829dfd,原始HTTP观察；未据状态推断完整报告取得,
institution_queries/smvic_SQJ7002YACBEV.html,institution_queries/smvic_SQJ7002YACBEV.html.receipt.json,2026-10-09T07:47:34.080167+00:00,https://hss.smvic.com.cn/indexsearch?search=SQJ7002YACBEV,https://hss.smvic.com.cn/indexsearch/?search=SQJ7002YACBEV,SMVIC认证平台可见GET搜索表单查询，不能用CCC证书替代附录A报告,SQJ7002YACBEV,SQJ7002YACBEV,ok,200,105432,0f4af3c618e52f92e6028f12bb7cba29f0ae5821879b3bf326dc3fd2e4e5b215,原始HTTP观察；未据状态推断完整报告取得,
institution_queries/smvic_低温.html,institution_queries/smvic_低温.html.receipt.json,2026-10-09T07:47:35.258002+00:00,https://hss.smvic.com.cn/indexsearch?search=%E4%BD%8E%E6%B8%A9,https://hss.smvic.com.cn/indexsearch/?search=%E4%BD%8E%E6%B8%A9,SMVIC认证平台可见GET搜索表单查询，不能用CCC证书替代附录A报告,低温,,ok,200,105418,94eff7b4243f9cf4a7cc2ca6bbd5f9bef6966957ef750fe384016772146aaa1c,原始HTTP观察；未据状态推断完整报告取得,
portals/baw.html,portals/baw.html.receipt.json,2026-10-09T07:43:07.532894+00:00,https://www.baw.com.cn/,https://www.baw.com.cn/,北京汽车制造厂公共官网入口,,BAW7000UB44BEV|BAW7000UL47BEV,ok,200,13295,41fe44b368be85cbc29b85c7322ea60c189613710e299f51c02bda9adda56266,原始HTTP观察；未据状态推断完整报告取得,
portals/caeri.html,portals/caeri.html.receipt.json,2026-10-09T07:43:09.433336+00:00,https://www.caeri.com.cn/,https://www.caeri.com.cn/,中国汽研公开检测/认证入口,,,ok,200,91936,3b22b4b7ef743fdadff1c1a5577dba9215b02eea2ac96911a8cdea267171d3ce,原始HTTP观察；未据状态推断完整报告取得,
portals/catarc.html,portals/catarc.html.receipt.json,2026-10-09T07:43:08.458880+00:00,https://www.catarc.ac.cn/,https://www.catarc.ac.cn/,中汽中心公开检测/认证入口,,,ok,200,89445,4ce804b7e75cbe4a690ffbd8e6a9923560607839fb79d5fae2835b9cc09d9c6e,原始HTTP观察；未据状态推断完整报告取得,
portals/cqc.html,portals/cqc.html.receipt.json,2026-10-09T07:43:11.341696+00:00,https://www.cqc.com.cn/,https://www.cqc.com.cn/,中国质量认证中心公开认证入口；CCC不能替代附录A报告,,,ok,200,158,10b519c75dc1ea6986ee974f5504671887ef1e1a49ff97e891886bd3bb5b07a2,原始HTTP观察；未据状态推断完整报告取得,
portals/dfxiaokang.html,portals/dfxiaokang.html.receipt.json,2026-10-09T07:43:07.532967+00:00,https://www.dfxiaokang.com/,,东风小康公共官网入口,,DXK7001RD2BEV|DXK7001RD5BEV,fetch_error,,,,原始HTTP观察；未据状态推断完整报告取得,URLError(OSError('Tunnel connection failed: 403 Forbidden'))
portals/gac_toyota.html,portals/gac_toyota.html.receipt.json,2026-10-09T07:43:07.538464+00:00,https://www.gac-toyota.com.cn/,https://www.gac-toyota.com.cn/,广汽丰田公共官网入口,,GTM6470BFEBEV,ok,200,16376,8aef40403e2082252cee07184b1e3054a8996017e40f77709c518bb0358bd03f,原始HTTP观察；未据状态推断完整报告取得,
portals/jmev.html,portals/jmev.html.receipt.json,2026-10-09T07:43:08.147726+00:00,https://www.jmev.com/,https://www.jmev.com/,江铃集团新能源公共官网入口,,JX7004ESABEV,ok,200,22893,12664d266f5cbdba5fbd55862066d2171527a39b40073aa0611a1b7f8320e9f3,原始HTTP观察；未据状态推断完整报告取得,
portals/sgmw.html,portals/sgmw.html.receipt.json,2026-10-09T07:43:07.532282+00:00,https://www.sgmw.com.cn/,https://www.sgmw.com.cn/,上汽通用五菱公共官网入口,,LZW7005EVA5KBJA|LZW7005EVC1EBJ,ok,200,92973,264c27e63f1d779aa63db21e7c413b2ac029e468cecf73a331566718b902d91d,原始HTTP观察；未据状态推断完整报告取得,
portals/smvic.html,portals/smvic.html.receipt.json,2026-10-09T07:43:10.994188+00:00,https://www.smvic.com.cn/,https://www.smvic.com.cn:443/pages/index.html,上海机动车检测认证技术研究中心公开入口,,,ok,200,12985,bec383a3ddc955ae537590e0bbdd62f829c2bc1a617143a623b81b57adbec34e,原始HTTP观察；未据状态推断完整报告取得,
portals/yema.html,portals/yema.html.receipt.json,2026-10-09T07:43:07.643203+00:00,https://www.yemacar.com/,,野马汽车候选官网入口，须核实站点身份,,SQJ7002YAC1BEV|SQJ7002YACBEV,fetch_error,,,,原始HTTP观察；未据状态推断完整报告取得,URLError(OSError('Tunnel connection failed: 403 Forbidden'))
search/annex_A.json,search/annex_A.json.receipt.json,2026-10-09T07:43:06.313699+00:00,https://www.miit.gov.cn/search-front-server/api/search/info?websiteid=110000000000000&scope=basic&q=%E9%99%84%E5%BD%95A+18386.1&pg=10&p=1&cateid=47&pos=title_text%2Ctitlepy%2Cinfocontent%2Cfilenumbername%2Ckeyword%2Ccontentdescribe&selectFields=title%2Curl%2Ccontent%2Cdeploytime%2Ccolumnname&group=distinct&level=6,https://www.miit.gov.cn/search-front-server/api/search/info?websiteid=110000000000000&scope=basic&q=%E9%99%84%E5%BD%95A+18386.1&pg=10&p=1&cateid=47&pos=title_text%2Ctitlepy%2Cinfocontent%2Cfilenumbername%2Ckeyword%2Ccontentdescribe&selectFields=title%2Curl%2Ccontent%2Cdeploytime%2Ccolumnname&group=distinct&level=6,工信部公共全文搜索：查同型号/配置公开低温检测证据,附录A 18386.1,,ok,200,225,eea84ce681cbd1d6c7d3b077e760c9fb83d8792ec212dc3c982c9759b0b01456,初版简化selectFields接口阳性对照失败，不用于任何阴性结论,
search/config_NC016943.json,search/config_NC016943.json.receipt.json,2026-10-09T07:43:03.135450+00:00,https://www.miit.gov.cn/search-front-server/api/search/info?websiteid=110000000000000&scope=basic&q=NC016943&pg=10&p=1&cateid=47&pos=title_text%2Ctitlepy%2Cinfocontent%2Cfilenumbername%2Ckeyword%2Ccontentdescribe&selectFields=title%2Curl%2Ccontent%2Cdeploytime%2Ccolumnname&group=distinct&level=6,https://www.miit.gov.cn/search-front-server/api/search/info?websiteid=110000000000000&scope=basic&q=NC016943&pg=10&p=1&cateid=47&pos=title_text%2Ctitlepy%2Cinfocontent%2Cfilenumbername%2Ckeyword%2Ccontentdescribe&selectFields=title%2Curl%2Ccontent%2Cdeploytime%2Ccolumnname&group=distinct&level=6,工信部公共全文搜索：查同型号/配置公开低温检测证据,NC016943,GTM6470BFEBEV,ok,200,225,5bf7a121d2ee60e80cff3a6ca35c2901f9ea5f212c475a5a1975658f203a2004,初版简化selectFields接口阳性对照失败，不用于任何阴性结论,
search/config_NC017071.json,search/config_NC017071.json.receipt.json,2026-10-09T07:43:03.137252+00:00,https://www.miit.gov.cn/search-front-server/api/search/info?websiteid=110000000000000&scope=basic&q=NC017071&pg=10&p=1&cateid=47&pos=title_text%2Ctitlepy%2Cinfocontent%2Cfilenumbername%2Ckeyword%2Ccontentdescribe&selectFields=title%2Curl%2Ccontent%2Cdeploytime%2Ccolumnname&group=distinct&level=6,https://www.miit.gov.cn/search-front-server/api/search/info?websiteid=110000000000000&scope=basic&q=NC017071&pg=10&p=1&cateid=47&pos=title_text%2Ctitlepy%2Cinfocontent%2Cfilenumbername%2Ckeyword%2Ccontentdescribe&selectFields=title%2Curl%2Ccontent%2Cdeploytime%2Ccolumnname&group=distinct&level=6,工信部公共全文搜索：查同型号/配置公开低温检测证据,NC017071,LZW7005EVA5KBJA,ok,200,225,e1299fbeb0d40a65424ed3b62de6c920730ee1584378deacf9746af434bde5ab,初版简化selectFields接口阳性对照失败，不用于任何阴性结论,
search/config_NC017128.json,search/config_NC017128.json.receipt.json,2026-10-09T07:43:02.577883+00:00,https://www.miit.gov.cn/search-front-server/api/search/info?websiteid=110000000000000&scope=basic&q=NC017128&pg=10&p=1&cateid=47&pos=title_text%2Ctitlepy%2Cinfocontent%2Cfilenumbername%2Ckeyword%2Ccontentdescribe&selectFields=title%2Curl%2Ccontent%2Cdeploytime%2Ccolumnname&group=distinct&level=6,https://www.miit.gov.cn/search-front-server/api/search/info?websiteid=110000000000000&scope=basic&q=NC017128&pg=10&p=1&cateid=47&pos=title_text%2Ctitlepy%2Cinfocontent%2Cfilenumbername%2Ckeyword%2Ccontentdescribe&selectFields=title%2Curl%2Ccontent%2Cdeploytime%2Ccolumnname&group=distinct&level=6,工信部公共全文搜索：查同型号/配置公开低温检测证据,NC017128,DXK7001RD5BEV,ok,200,225,a0ac328a645e5bdc28619cbe5652df96854d0a1781f62b31145dd16312e94e94,初版简化selectFields接口阳性对照失败，不用于任何阴性结论,
search/config_NC017138.json,search/config_NC017138.json.receipt.json,2026-10-09T07:43:02.129157+00:00,https://www.miit.gov.cn/search-front-server/api/search/info?websiteid=110000000000000&scope=basic&q=NC017138&pg=10&p=1&cateid=47&pos=title_text%2Ctitlepy%2Cinfocontent%2Cfilenumbername%2Ckeyword%2Ccontentdescribe&selectFields=title%2Curl%2Ccontent%2Cdeploytime%2Ccolumnname&group=distinct&level=6,https://www.miit.gov.cn/search-front-server/api/search/info?websiteid=110000000000000&scope=basic&q=NC017138&pg=10&p=1&cateid=47&pos=title_text%2Ctitlepy%2Cinfocontent%2Cfilenumbername%2Ckeyword%2Ccontentdescribe&selectFields=title%2Curl%2Ccontent%2Cdeploytime%2Ccolumnname&group=distinct&level=6,工信部公共全文搜索：查同型号/配置公开低温检测证据,NC017138,DXK7001RD2BEV,ok,200,225,358a6df914a0eb4c83dcbf4575c6dd1b3300d65720fb9137dfb332899adab4e3,初版简化selectFields接口阳性对照失败，不用于任何阴性结论,
search/config_NC017148.json,search/config_NC017148.json.receipt.json,2026-10-09T07:43:04.433109+00:00,https://www.miit.gov.cn/search-front-server/api/search/info?websiteid=110000000000000&scope=basic&q=NC017148&pg=10&p=1&cateid=47&pos=title_text%2Ctitlepy%2Cinfocontent%2Cfilenumbername%2Ckeyword%2Ccontentdescribe&selectFields=title%2Curl%2Ccontent%2Cdeploytime%2Ccolumnname&group=distinct&level=6,https://www.miit.gov.cn/search-front-server/api/search/info?websiteid=110000000000000&scope=basic&q=NC017148&pg=10&p=1&cateid=47&pos=title_text%2Ctitlepy%2Cinfocontent%2Cfilenumbername%2Ckeyword%2Ccontentdescribe&selectFields=title%2Curl%2Ccontent%2Cdeploytime%2Ccolumnname&group=distinct&level=6,工信部公共全文搜索：查同型号/配置公开低温检测证据,NC017148,SQJ7002YACBEV,ok,200,225,d82ffd3b059f6a644988c806a53e54bd06dc38fa9743298d0d900b68a10847ab,初版简化selectFields接口阳性对照失败，不用于任何阴性结论,
search/config_NC017291.json,search/config_NC017291.json.receipt.json,2026-10-09T07:43:03.552220+00:00,https://www.miit.gov.cn/search-front-server/api/search/info?websiteid=110000000000000&scope=basic&q=NC017291&pg=10&p=1&cateid=47&pos=title_text%2Ctitlepy%2Cinfocontent%2Cfilenumbername%2Ckeyword%2Ccontentdescribe&selectFields=title%2Curl%2Ccontent%2Cdeploytime%2Ccolumnname&group=distinct&level=6,https://www.miit.gov.cn/search-front-server/api/search/info?websiteid=110000000000000&scope=basic&q=NC017291&pg=10&p=1&cateid=47&pos=title_text%2Ctitlepy%2Cinfocontent%2Cfilenumbername%2Ckeyword%2Ccontentdescribe&selectFields=title%2Curl%2Ccontent%2Cdeploytime%2Ccolumnname&group=distinct&level=6,工信部公共全文搜索：查同型号/配置公开低温检测证据,NC017291,LZW7005EVC1EBJ,ok,200,225,d9f3dc226dc8242fb92931cd846b790c13e0149ee8b494ef9bc88a7e9f5b01ab,初版简化selectFields接口阳性对照失败，不用于任何阴性结论,
search/config_NC017425.json,search/config_NC017425.json.receipt.json,2026-10-09T07:43:04.637754+00:00,https://www.miit.gov.cn/search-front-server/api/search/info?websiteid=110000000000000&scope=basic&q=NC017425&pg=10&p=1&cateid=47&pos=title_text%2Ctitlepy%2Cinfocontent%2Cfilenumbername%2Ckeyword%2Ccontentdescribe&selectFields=title%2Curl%2Ccontent%2Cdeploytime%2Ccolumnname&group=distinct&level=6,https://www.miit.gov.cn/search-front-server/api/search/info?websiteid=110000000000000&scope=basic&q=NC017425&pg=10&p=1&cateid=47&pos=title_text%2Ctitlepy%2Cinfocontent%2Cfilenumbername%2Ckeyword%2Ccontentdescribe&selectFields=title%2Curl%2Ccontent%2Cdeploytime%2Ccolumnname&group=distinct&level=6,工信部公共全文搜索：查同型号/配置公开低温检测证据,NC017425,HXK7000BEVA13,ok,200,225,0da379e732c676db788849e090907bc96693add062411557475f187d3e0f6d02,初版简化selectFields接口阳性对照失败，不用于任何阴性结论,
search/config_NC017433.json,search/config_NC017433.json.receipt.json,2026-10-09T07:43:04.710043+00:00,https://www.miit.gov.cn/search-front-server/api/search/info?websiteid=110000000000000&scope=basic&q=NC017433&pg=10&p=1&cateid=47&pos=title_text%2Ctitlepy%2Cinfocontent%2Cfilenumbername%2Ckeyword%2Ccontentdescribe&selectFields=title%2Curl%2Ccontent%2Cdeploytime%2Ccolumnname&group=distinct&level=6,https://www.miit.gov.cn/search-front-server/api/search/info?websiteid=110000000000000&scope=basic&q=NC017433&pg=10&p=1&cateid=47&pos=title_text%2Ctitlepy%2Cinfocontent%2Cfilenumbername%2Ckeyword%2Ccontentdescribe&selectFields=title%2Curl%2Ccontent%2Cdeploytime%2Ccolumnname&group=distinct&level=6,工信部公共全文搜索：查同型号/配置公开低温检测证据,NC017433,HXK7000BEVA13,ok,200,225,d551cc4385417b8bcfb4c34f8f7c4127eb2e3d0e4c133da11ecd4cd141b5d5f9,初版简化selectFields接口阳性对照失败，不用于任何阴性结论,
search/config_NC017511.json,search/config_NC017511.json.receipt.json,2026-10-09T07:43:03.645954+00:00,https://www.miit.gov.cn/search-front-server/api/search/info?websiteid=110000000000000&scope=basic&q=NC017511&pg=10&p=1&cateid=47&pos=title_text%2Ctitlepy%2Cinfocontent%2Cfilenumbername%2Ckeyword%2Ccontentdescribe&selectFields=title%2Curl%2Ccontent%2Cdeploytime%2Ccolumnname&group=distinct&level=6,https://www.miit.gov.cn/search-front-server/api/search/info?websiteid=110000000000000&scope=basic&q=NC017511&pg=10&p=1&cateid=47&pos=title_text%2Ctitlepy%2Cinfocontent%2Cfilenumbername%2Ckeyword%2Ccontentdescribe&selectFields=title%2Curl%2Ccontent%2Cdeploytime%2Ccolumnname&group=distinct&level=6,工信部公共全文搜索：查同型号/配置公开低温检测证据,NC017511,SQJ7002YAC1BEV,ok,200,225,34dfbb2f94fdb31db49724b0a8b08b96d3a454ce2819d5903459734983f7f02f,初版简化selectFields接口阳性对照失败，不用于任何阴性结论,
search/config_NC017645.json,search/config_NC017645.json.receipt.json,2026-10-09T07:43:05.672418+00:00,https://www.miit.gov.cn/search-front-server/api/search/info?websiteid=110000000000000&scope=basic&q=NC017645&pg=10&p=1&cateid=47&pos=title_text%2Ctitlepy%2Cinfocontent%2Cfilenumbername%2Ckeyword%2Ccontentdescribe&selectFields=title%2Curl%2Ccontent%2Cdeploytime%2Ccolumnname&group=distinct&level=6,https://www.miit.gov.cn/search-front-server/api/search/info?websiteid=110000000000000&scope=basic&q=NC017645&pg=10&p=1&cateid=47&pos=title_text%2Ctitlepy%2Cinfocontent%2Cfilenumbername%2Ckeyword%2Ccontentdescribe&selectFields=title%2Curl%2Ccontent%2Cdeploytime%2Ccolumnname&group=distinct&level=6,工信部公共全文搜索：查同型号/配置公开低温检测证据,NC017645,JX7004ESABEV,ok,200,225,42119ac094b2578e619690a83dfe585cac8ab4b511f2bce4776419441d3c621d,初版简化selectFields接口阳性对照失败，不用于任何阴性结论,
search/config_NC019146.json,search/config_NC019146.json.receipt.json,2026-10-09T07:42:59.687695+00:00,https://www.miit.gov.cn/search-front-server/api/search/info?websiteid=110000000000000&scope=basic&q=NC019146&pg=10&p=1&cateid=47&pos=title_text%2Ctitlepy%2Cinfocontent%2Cfilenumbername%2Ckeyword%2Ccontentdescribe&selectFields=title%2Curl%2Ccontent%2Cdeploytime%2Ccolumnname&group=distinct&level=6,https://www.miit.gov.cn/search-front-server/api/search/info?websiteid=110000000000000&scope=basic&q=NC019146&pg=10&p=1&cateid=47&pos=title_text%2Ctitlepy%2Cinfocontent%2Cfilenumbername%2Ckeyword%2Ccontentdescribe&selectFields=title%2Curl%2Ccontent%2Cdeploytime%2Ccolumnname&group=distinct&level=6,工信部公共全文搜索：查同型号/配置公开低温检测证据,NC019146,BAW7000UL47BEV,ok,200,225,b3290479b2e957bc75b74ed2b983854af0a4c7c827e930a2067ae745ccfce1ff,初版简化selectFields接口阳性对照失败，不用于任何阴性结论,
search/config_NC019150.json,search/config_NC019150.json.receipt.json,2026-10-09T07:42:59.881643+00:00,https://www.miit.gov.cn/search-front-server/api/search/info?websiteid=110000000000000&scope=basic&q=NC019150&pg=10&p=1&cateid=47&pos=title_text%2Ctitlepy%2Cinfocontent%2Cfilenumbername%2Ckeyword%2Ccontentdescribe&selectFields=title%2Curl%2Ccontent%2Cdeploytime%2Ccolumnname&group=distinct&level=6,https://www.miit.gov.cn/search-front-server/api/search/info?websiteid=110000000000000&scope=basic&q=NC019150&pg=10&p=1&cateid=47&pos=title_text%2Ctitlepy%2Cinfocontent%2Cfilenumbername%2Ckeyword%2Ccontentdescribe&selectFields=title%2Curl%2Ccontent%2Cdeploytime%2Ccolumnname&group=distinct&level=6,工信部公共全文搜索：查同型号/配置公开低温检测证据,NC019150,BAW7000UL47BEV,ok,200,225,404467cdb02be393f93c94a8704603ed75f9940d3b777e0b1228a242706d60fa,初版简化selectFields接口阳性对照失败，不用于任何阴性结论,
search/config_NC020342.json,search/config_NC020342.json.receipt.json,2026-10-09T07:42:59.369086+00:00,https://www.miit.gov.cn/search-front-server/api/search/info?websiteid=110000000000000&scope=basic&q=NC020342&pg=10&p=1&cateid=47&pos=title_text%2Ctitlepy%2Cinfocontent%2Cfilenumbername%2Ckeyword%2Ccontentdescribe&selectFields=title%2Curl%2Ccontent%2Cdeploytime%2Ccolumnname&group=distinct&level=6,https://www.miit.gov.cn/search-front-server/api/search/info?websiteid=110000000000000&scope=basic&q=NC020342&pg=10&p=1&cateid=47&pos=title_text%2Ctitlepy%2Cinfocontent%2Cfilenumbername%2Ckeyword%2Ccontentdescribe&selectFields=title%2Curl%2Ccontent%2Cdeploytime%2Ccolumnname&group=distinct&level=6,工信部公共全文搜索：查同型号/配置公开低温检测证据,NC020342,BAW7000UB44BEV,ok,200,225,efc98ce0e34699c44634b71cb1cfddecdb8cf984800ede3874c7b007f3ef6ed5,初版简化selectFields接口阳性对照失败，不用于任何阴性结论,
search/config_NC022413.json,search/config_NC022413.json.receipt.json,2026-10-09T07:43:00.310779+00:00,https://www.miit.gov.cn/search-front-server/api/search/info?websiteid=110000000000000&scope=basic&q=NC022413&pg=10&p=1&cateid=47&pos=title_text%2Ctitlepy%2Cinfocontent%2Cfilenumbername%2Ckeyword%2Ccontentdescribe&selectFields=title%2Curl%2Ccontent%2Cdeploytime%2Ccolumnname&group=distinct&level=6,https://www.miit.gov.cn/search-front-server/api/search/info?websiteid=110000000000000&scope=basic&q=NC022413&pg=10&p=1&cateid=47&pos=title_text%2Ctitlepy%2Cinfocontent%2Cfilenumbername%2Ckeyword%2Ccontentdescribe&selectFields=title%2Curl%2Ccontent%2Cdeploytime%2Ccolumnname&group=distinct&level=6,工信部公共全文搜索：查同型号/配置公开低温检测证据,NC022413,BAW7000UL47BEV,ok,200,225,5b8c85714ad40e7a9d488a7052d62b3902e182261a41c4a7186c59e47733af8e,初版简化selectFields接口阳性对照失败，不用于任何阴性结论,
search/config_NC022414.json,search/config_NC022414.json.receipt.json,2026-10-09T07:43:01.574027+00:00,https://www.miit.gov.cn/search-front-server/api/search/info?websiteid=110000000000000&scope=basic&q=NC022414&pg=10&p=1&cateid=47&pos=title_text%2Ctitlepy%2Cinfocontent%2Cfilenumbername%2Ckeyword%2Ccontentdescribe&selectFields=title%2Curl%2Ccontent%2Cdeploytime%2Ccolumnname&group=distinct&level=6,https://www.miit.gov.cn/search-front-server/api/search/info?websiteid=110000000000000&scope=basic&q=NC022414&pg=10&p=1&cateid=47&pos=title_text%2Ctitlepy%2Cinfocontent%2Cfilenumbername%2Ckeyword%2Ccontentdescribe&selectFields=title%2Curl%2Ccontent%2Cdeploytime%2Ccolumnname&group=distinct&level=6,工信部公共全文搜索：查同型号/配置公开低温检测证据,NC022414,BAW7000UL47BEV,ok,200,225,75a76654d106ca76067a6f1d001e4568b82850ee9fe7802e106580abcd00d2da,初版简化selectFields接口阳性对照失败，不用于任何阴性结论,
search/config_NC024135.json,search/config_NC024135.json.receipt.json,2026-10-09T07:42:58.888833+00:00,https://www.miit.gov.cn/search-front-server/api/search/info?websiteid=110000000000000&scope=basic&q=NC024135&pg=10&p=1&cateid=47&pos=title_text%2Ctitlepy%2Cinfocontent%2Cfilenumbername%2Ckeyword%2Ccontentdescribe&selectFields=title%2Curl%2Ccontent%2Cdeploytime%2Ccolumnname&group=distinct&level=6,https://www.miit.gov.cn/search-front-server/api/search/info?websiteid=110000000000000&scope=basic&q=NC024135&pg=10&p=1&cateid=47&pos=title_text%2Ctitlepy%2Cinfocontent%2Cfilenumbername%2Ckeyword%2Ccontentdescribe&selectFields=title%2Curl%2Ccontent%2Cdeploytime%2Ccolumnname&group=distinct&level=6,工信部公共全文搜索：查同型号/配置公开低温检测证据,NC024135,JNJ7000EVF4,ok,200,225,8853577395d3c9a09e532e9f45c637cd4e37f3c5bc8ff1b792a310c803dd6546,初版简化selectFields接口阳性对照失败，不用于任何阴性结论,
search/config_NC025122.json,search/config_NC025122.json.receipt.json,2026-10-09T07:42:59.349492+00:00,https://www.miit.gov.cn/search-front-server/api/search/info?websiteid=110000000000000&scope=basic&q=NC025122&pg=10&p=1&cateid=47&pos=title_text%2Ctitlepy%2Cinfocontent%2Cfilenumbername%2Ckeyword%2Ccontentdescribe&selectFields=title%2Curl%2Ccontent%2Cdeploytime%2Ccolumnname&group=distinct&level=6,https://www.miit.gov.cn/search-front-server/api/search/info?websiteid=110000000000000&scope=basic&q=NC025122&pg=10&p=1&cateid=47&pos=title_text%2Ctitlepy%2Cinfocontent%2Cfilenumbername%2Ckeyword%2Ccontentdescribe&selectFields=title%2Curl%2Ccontent%2Cdeploytime%2Ccolumnname&group=distinct&level=6,工信部公共全文搜索：查同型号/配置公开低温检测证据,NC025122,BAW7000UB44BEV,ok,200,225,5123836364754b6f533088183a8d0c12d828fcc778c1f038b4a10539009b2ca0,初版简化selectFields接口阳性对照失败，不用于任何阴性结论,
search/config_NC027157.json,search/config_NC027157.json.receipt.json,2026-10-09T07:43:01.600248+00:00,https://www.miit.gov.cn/search-front-server/api/search/info?websiteid=110000000000000&scope=basic&q=NC027157&pg=10&p=1&cateid=47&pos=title_text%2Ctitlepy%2Cinfocontent%2Cfilenumbername%2Ckeyword%2Ccontentdescribe&selectFields=title%2Curl%2Ccontent%2Cdeploytime%2Ccolumnname&group=distinct&level=6,https://www.miit.gov.cn/search-front-server/api/search/info?websiteid=110000000000000&scope=basic&q=NC027157&pg=10&p=1&cateid=47&pos=title_text%2Ctitlepy%2Cinfocontent%2Cfilenumbername%2Ckeyword%2Ccontentdescribe&selectFields=title%2Curl%2Ccontent%2Cdeploytime%2Ccolumnname&group=distinct&level=6,工信部公共全文搜索：查同型号/配置公开低温检测证据,NC027157,BAW7000UL47BEV,ok,200,225,fbe9014d93490fab8ca3e0a1a1248fc5a55605d3fb44e0fc56d5663a68ea6f5f,初版简化selectFields接口阳性对照失败，不用于任何阴性结论,
search/config_NC027158.json,search/config_NC027158.json.receipt.json,2026-10-09T07:43:02.079999+00:00,https://www.miit.gov.cn/search-front-server/api/search/info?websiteid=110000000000000&scope=basic&q=NC027158&pg=10&p=1&cateid=47&pos=title_text%2Ctitlepy%2Cinfocontent%2Cfilenumbername%2Ckeyword%2Ccontentdescribe&selectFields=title%2Curl%2Ccontent%2Cdeploytime%2Ccolumnname&group=distinct&level=6,https://www.miit.gov.cn/search-front-server/api/search/info?websiteid=110000000000000&scope=basic&q=NC027158&pg=10&p=1&cateid=47&pos=title_text%2Ctitlepy%2Cinfocontent%2Cfilenumbername%2Ckeyword%2Ccontentdescribe&selectFields=title%2Curl%2Ccontent%2Cdeploytime%2Ccolumnname&group=distinct&level=6,工信部公共全文搜索：查同型号/配置公开低温检测证据,NC027158,BAW7000UL47BEV,ok,200,225,98724fa8864661a2b9b0ca35a8d476074eb7dd147384bf60594f2a0e7e9bd96b,初版简化selectFields接口阳性对照失败，不用于任何阴性结论,
search/lowtemp_broad.json,search/lowtemp_broad.json.receipt.json,2026-10-09T07:44:20.375222+00:00,https://www.miit.gov.cn/search-front-server/api/search/info?websiteid=110000000000000&scope=basic&q=%E4%BD%8E%E6%B8%A9&pg=10&p=1&cateid=47&pos=title_text%2Ctitlepy%2Cinfocontent%2Cfilenumbername%2Ckeyword%2Ccontentdescribe&selectFields=title%2Curl%2Ccontent%2Cdeploytime%2Ccolumnname&group=distinct&level=6,https://www.miit.gov.cn/search-front-server/api/search/info?websiteid=110000000000000&scope=basic&q=%E4%BD%8E%E6%B8%A9&pg=10&p=1&cateid=47&pos=title_text%2Ctitlepy%2Cinfocontent%2Cfilenumbername%2Ckeyword%2Ccontentdescribe&selectFields=title%2Curl%2Ccontent%2Cdeploytime%2Ccolumnname&group=distinct&level=6,工信部公共全文搜索：查同型号/配置公开低温检测证据,低温,,ok,200,225,769735ba641fa19a25e42745658633c3efd30efee165d7b197aed13e065752e3,初版简化selectFields接口阳性对照失败，不用于任何阴性结论,
search/lowtemp_degradation.json,search/lowtemp_degradation.json.receipt.json,2026-10-09T07:43:06.319329+00:00,https://www.miit.gov.cn/search-front-server/api/search/info?websiteid=110000000000000&scope=basic&q=%E4%BD%8E%E6%B8%A9%E7%BB%AD%E9%A9%B6%E9%87%8C%E7%A8%8B%E8%A1%B0%E5%87%8F%E7%8E%87&pg=10&p=1&cateid=47&pos=title_text%2Ctitlepy%2Cinfocontent%2Cfilenumbername%2Ckeyword%2Ccontentdescribe&selectFields=title%2Curl%2Ccontent%2Cdeploytime%2Ccolumnname&group=distinct&level=6,https://www.miit.gov.cn/search-front-server/api/search/info?websiteid=110000000000000&scope=basic&q=%E4%BD%8E%E6%B8%A9%E7%BB%AD%E9%A9%B6%E9%87%8C%E7%A8%8B%E8%A1%B0%E5%87%8F%E7%8E%87&pg=10&p=1&cateid=47&pos=title_text%2Ctitlepy%2Cinfocontent%2Cfilenumbername%2Ckeyword%2Ccontentdescribe&selectFields=title%2Curl%2Ccontent%2Cdeploytime%2Ccolumnname&group=distinct&level=6,工信部公共全文搜索：查同型号/配置公开低温检测证据,低温续驶里程衰减率,,ok,200,225,d5a7def46ce2b1592414703022a4a8f97043299e95390b1102526d277f4c4070,初版简化selectFields接口阳性对照失败，不用于任何阴性结论,
search/lowtemp_reports.json,search/lowtemp_reports.json.receipt.json,2026-10-09T07:43:06.273842+00:00,https://www.miit.gov.cn/search-front-server/api/search/info?websiteid=110000000000000&scope=basic&q=%E6%96%B0%E8%83%BD%E6%BA%90%E6%B1%BD%E8%BD%A6+%E4%BD%8E%E6%B8%A9+%E6%A3%80%E6%B5%8B%E6%8A%A5%E5%91%8A&pg=10&p=1&cateid=47&pos=title_text%2Ctitlepy%2Cinfocontent%2Cfilenumbername%2Ckeyword%2Ccontentdescribe&selectFields=title%2Curl%2Ccontent%2Cdeploytime%2Ccolumnname&group=distinct&level=6,https://www.miit.gov.cn/search-front-server/api/search/info?websiteid=110000000000000&scope=basic&q=%E6%96%B0%E8%83%BD%E6%BA%90%E6%B1%BD%E8%BD%A6+%E4%BD%8E%E6%B8%A9+%E6%A3%80%E6%B5%8B%E6%8A%A5%E5%91%8A&pg=10&p=1&cateid=47&pos=title_text%2Ctitlepy%2Cinfocontent%2Cfilenumbername%2Ckeyword%2Ccontentdescribe&selectFields=title%2Curl%2Ccontent%2Cdeploytime%2Ccolumnname&group=distinct&level=6,工信部公共全文搜索：查同型号/配置公开低温检测证据,新能源汽车 低温 检测报告,,ok,200,225,3ae47a8c3e224c426eb23ee31ab44b840267ad5bc17108d47a3b429c4d421a67,初版简化selectFields接口阳性对照失败，不用于任何阴性结论,
search/model_BAW7000UB44BEV.json,search/model_BAW7000UB44BEV.json.receipt.json,2026-10-09T07:42:52.045368+00:00,https://www.miit.gov.cn/search-front-server/api/search/info?websiteid=110000000000000&scope=basic&q=BAW7000UB44BEV&pg=10&p=1&cateid=47&pos=title_text%2Ctitlepy%2Cinfocontent%2Cfilenumbername%2Ckeyword%2Ccontentdescribe&selectFields=title%2Curl%2Ccontent%2Cdeploytime%2Ccolumnname&group=distinct&level=6,https://www.miit.gov.cn/search-front-server/api/search/info?websiteid=110000000000000&scope=basic&q=BAW7000UB44BEV&pg=10&p=1&cateid=47&pos=title_text%2Ctitlepy%2Cinfocontent%2Cfilenumbername%2Ckeyword%2Ccontentdescribe&selectFields=title%2Curl%2Ccontent%2Cdeploytime%2Ccolumnname&group=distinct&level=6,工信部公共全文搜索：查同型号/配置公开低温检测证据,BAW7000UB44BEV,BAW7000UB44BEV,ok,200,225,8360876468bdf211710dcba9a1a0086833a81bf429e20afcaf79ed31922e3778,初版简化selectFields接口阳性对照失败，不用于任何阴性结论,
search/model_BAW7000UL47BEV.json,search/model_BAW7000UL47BEV.json.receipt.json,2026-10-09T07:42:52.044657+00:00,https://www.miit.gov.cn/search-front-server/api/search/info?websiteid=110000000000000&scope=basic&q=BAW7000UL47BEV&pg=10&p=1&cateid=47&pos=title_text%2Ctitlepy%2Cinfocontent%2Cfilenumbername%2Ckeyword%2Ccontentdescribe&selectFields=title%2Curl%2Ccontent%2Cdeploytime%2Ccolumnname&group=distinct&level=6,https://www.miit.gov.cn/search-front-server/api/search/info?websiteid=110000000000000&scope=basic&q=BAW7000UL47BEV&pg=10&p=1&cateid=47&pos=title_text%2Ctitlepy%2Cinfocontent%2Cfilenumbername%2Ckeyword%2Ccontentdescribe&selectFields=title%2Curl%2Ccontent%2Cdeploytime%2Ccolumnname&group=distinct&level=6,工信部公共全文搜索：查同型号/配置公开低温检测证据,BAW7000UL47BEV,BAW7000UL47BEV,ok,200,225,ef3adfd1952310146f041601ffa36bf75943072d6176b120f175646d4c5a76d4,初版简化selectFields接口阳性对照失败，不用于任何阴性结论,
search/model_DXK7001RD2BEV.json,search/model_DXK7001RD2BEV.json.receipt.json,2026-10-09T07:42:52.045716+00:00,https://www.miit.gov.cn/search-front-server/api/search/info?websiteid=110000000000000&scope=basic&q=DXK7001RD2BEV&pg=10&p=1&cateid=47&pos=title_text%2Ctitlepy%2Cinfocontent%2Cfilenumbername%2Ckeyword%2Ccontentdescribe&selectFields=title%2Curl%2Ccontent%2Cdeploytime%2Ccolumnname&group=distinct&level=6,https://www.miit.gov.cn/search-front-server/api/search/info?websiteid=110000000000000&scope=basic&q=DXK7001RD2BEV&pg=10&p=1&cateid=47&pos=title_text%2Ctitlepy%2Cinfocontent%2Cfilenumbername%2Ckeyword%2Ccontentdescribe&selectFields=title%2Curl%2Ccontent%2Cdeploytime%2Ccolumnname&group=distinct&level=6,工信部公共全文搜索：查同型号/配置公开低温检测证据,DXK7001RD2BEV,DXK7001RD2BEV,ok,200,225,4caf783e3e712648ff8c81e26080c82f8f135ea1ec2f5f30e130817e191bf7d3,初版简化selectFields接口阳性对照失败，不用于任何阴性结论,
search/model_DXK7001RD5BEV.json,search/model_DXK7001RD5BEV.json.receipt.json,2026-10-09T07:42:52.045780+00:00,https://www.miit.gov.cn/search-front-server/api/search/info?websiteid=110000000000000&scope=basic&q=DXK7001RD5BEV&pg=10&p=1&cateid=47&pos=title_text%2Ctitlepy%2Cinfocontent%2Cfilenumbername%2Ckeyword%2Ccontentdescribe&selectFields=title%2Curl%2Ccontent%2Cdeploytime%2Ccolumnname&group=distinct&level=6,https://www.miit.gov.cn/search-front-server/api/search/info?websiteid=110000000000000&scope=basic&q=DXK7001RD5BEV&pg=10&p=1&cateid=47&pos=title_text%2Ctitlepy%2Cinfocontent%2Cfilenumbername%2Ckeyword%2Ccontentdescribe&selectFields=title%2Curl%2Ccontent%2Cdeploytime%2Ccolumnname&group=distinct&level=6,工信部公共全文搜索：查同型号/配置公开低温检测证据,DXK7001RD5BEV,DXK7001RD5BEV,ok,200,225,162922dfe309b4e515a108cd24711b6f96bb182a9866c249120b813921bc7b6f,初版简化selectFields接口阳性对照失败，不用于任何阴性结论,
search/model_GTM6470BFEBEV.json,search/model_GTM6470BFEBEV.json.receipt.json,2026-10-09T07:42:56.169398+00:00,https://www.miit.gov.cn/search-front-server/api/search/info?websiteid=110000000000000&scope=basic&q=GTM6470BFEBEV&pg=10&p=1&cateid=47&pos=title_text%2Ctitlepy%2Cinfocontent%2Cfilenumbername%2Ckeyword%2Ccontentdescribe&selectFields=title%2Curl%2Ccontent%2Cdeploytime%2Ccolumnname&group=distinct&level=6,https://www.miit.gov.cn/search-front-server/api/search/info?websiteid=110000000000000&scope=basic&q=GTM6470BFEBEV&pg=10&p=1&cateid=47&pos=title_text%2Ctitlepy%2Cinfocontent%2Cfilenumbername%2Ckeyword%2Ccontentdescribe&selectFields=title%2Curl%2Ccontent%2Cdeploytime%2Ccolumnname&group=distinct&level=6,工信部公共全文搜索：查同型号/配置公开低温检测证据,GTM6470BFEBEV,GTM6470BFEBEV,ok,200,225,2923c1e03ba3e23b661075ae4ffb0e94ab1138bec43438f68dbbdf26d46c332b,初版简化selectFields接口阳性对照失败，不用于任何阴性结论,
search/model_HXK7000BEVA13.json,search/model_HXK7000BEVA13.json.receipt.json,2026-10-09T07:42:56.319344+00:00,https://www.miit.gov.cn/search-front-server/api/search/info?websiteid=110000000000000&scope=basic&q=HXK7000BEVA13&pg=10&p=1&cateid=47&pos=title_text%2Ctitlepy%2Cinfocontent%2Cfilenumbername%2Ckeyword%2Ccontentdescribe&selectFields=title%2Curl%2Ccontent%2Cdeploytime%2Ccolumnname&group=distinct&level=6,https://www.miit.gov.cn/search-front-server/api/search/info?websiteid=110000000000000&scope=basic&q=HXK7000BEVA13&pg=10&p=1&cateid=47&pos=title_text%2Ctitlepy%2Cinfocontent%2Cfilenumbername%2Ckeyword%2Ccontentdescribe&selectFields=title%2Curl%2Ccontent%2Cdeploytime%2Ccolumnname&group=distinct&level=6,工信部公共全文搜索：查同型号/配置公开低温检测证据,HXK7000BEVA13,HXK7000BEVA13,ok,200,225,6850d19a82274bdfec3c95389c87a25e12554dafff29043949e3ff970ec77aba,初版简化selectFields接口阳性对照失败，不用于任何阴性结论,
search/model_JNJ7000EVF4.json,search/model_JNJ7000EVF4.json.receipt.json,2026-10-09T07:42:56.436662+00:00,https://www.miit.gov.cn/search-front-server/api/search/info?websiteid=110000000000000&scope=basic&q=JNJ7000EVF4&pg=10&p=1&cateid=47&pos=title_text%2Ctitlepy%2Cinfocontent%2Cfilenumbername%2Ckeyword%2Ccontentdescribe&selectFields=title%2Curl%2Ccontent%2Cdeploytime%2Ccolumnname&group=distinct&level=6,https://www.miit.gov.cn/search-front-server/api/search/info?websiteid=110000000000000&scope=basic&q=JNJ7000EVF4&pg=10&p=1&cateid=47&pos=title_text%2Ctitlepy%2Cinfocontent%2Cfilenumbername%2Ckeyword%2Ccontentdescribe&selectFields=title%2Curl%2Ccontent%2Cdeploytime%2Ccolumnname&group=distinct&level=6,工信部公共全文搜索：查同型号/配置公开低温检测证据,JNJ7000EVF4,JNJ7000EVF4,ok,200,225,2d174dd74392503259f9c0e22f13a5ba9d4f59882869750db0bd5320d6718d8f,初版简化selectFields接口阳性对照失败，不用于任何阴性结论,
search/model_JX7004ESABEV.json,search/model_JX7004ESABEV.json.receipt.json,2026-10-09T07:42:56.589462+00:00,https://www.miit.gov.cn/search-front-server/api/search/info?websiteid=110000000000000&scope=basic&q=JX7004ESABEV&pg=10&p=1&cateid=47&pos=title_text%2Ctitlepy%2Cinfocontent%2Cfilenumbername%2Ckeyword%2Ccontentdescribe&selectFields=title%2Curl%2Ccontent%2Cdeploytime%2Ccolumnname&group=distinct&level=6,https://www.miit.gov.cn/search-front-server/api/search/info?websiteid=110000000000000&scope=basic&q=JX7004ESABEV&pg=10&p=1&cateid=47&pos=title_text%2Ctitlepy%2Cinfocontent%2Cfilenumbername%2Ckeyword%2Ccontentdescribe&selectFields=title%2Curl%2Ccontent%2Cdeploytime%2Ccolumnname&group=distinct&level=6,工信部公共全文搜索：查同型号/配置公开低温检测证据,JX7004ESABEV,JX7004ESABEV,ok,200,225,db7c9687ac5bd93b17ec792595ef681eb95d1a3b1f12c7ff76d29e5b70cc845a,初版简化selectFields接口阳性对照失败，不用于任何阴性结论,
search/model_LZW7005EVA5KBJA.json,search/model_LZW7005EVA5KBJA.json.receipt.json,2026-10-09T07:42:57.464629+00:00,https://www.miit.gov.cn/search-front-server/api/search/info?websiteid=110000000000000&scope=basic&q=LZW7005EVA5KBJA&pg=10&p=1&cateid=47&pos=title_text%2Ctitlepy%2Cinfocontent%2Cfilenumbername%2Ckeyword%2Ccontentdescribe&selectFields=title%2Curl%2Ccontent%2Cdeploytime%2Ccolumnname&group=distinct&level=6,https://www.miit.gov.cn/search-front-server/api/search/info?websiteid=110000000000000&scope=basic&q=LZW7005EVA5KBJA&pg=10&p=1&cateid=47&pos=title_text%2Ctitlepy%2Cinfocontent%2Cfilenumbername%2Ckeyword%2Ccontentdescribe&selectFields=title%2Curl%2Ccontent%2Cdeploytime%2Ccolumnname&group=distinct&level=6,工信部公共全文搜索：查同型号/配置公开低温检测证据,LZW7005EVA5KBJA,LZW7005EVA5KBJA,ok,200,225,ea43677a84fc59b2b9cdc055c25d0719722bd78029ac2649c9b76e03f6019eac,初版简化selectFields接口阳性对照失败，不用于任何阴性结论,
search/model_LZW7005EVC1EBJ.json,search/model_LZW7005EVC1EBJ.json.receipt.json,2026-10-09T07:42:57.545913+00:00,https://www.miit.gov.cn/search-front-server/api/search/info?websiteid=110000000000000&scope=basic&q=LZW7005EVC1EBJ&pg=10&p=1&cateid=47&pos=title_text%2Ctitlepy%2Cinfocontent%2Cfilenumbername%2Ckeyword%2Ccontentdescribe&selectFields=title%2Curl%2Ccontent%2Cdeploytime%2Ccolumnname&group=distinct&level=6,https://www.miit.gov.cn/search-front-server/api/search/info?websiteid=110000000000000&scope=basic&q=LZW7005EVC1EBJ&pg=10&p=1&cateid=47&pos=title_text%2Ctitlepy%2Cinfocontent%2Cfilenumbername%2Ckeyword%2Ccontentdescribe&selectFields=title%2Curl%2Ccontent%2Cdeploytime%2Ccolumnname&group=distinct&level=6,工信部公共全文搜索：查同型号/配置公开低温检测证据,LZW7005EVC1EBJ,LZW7005EVC1EBJ,ok,200,225,30b8b8169f65504b124a5b070f2e58a18a02bcca3a4b2e1ef7719a1ba237a7f3,初版简化selectFields接口阳性对照失败，不用于任何阴性结论,
search/model_SQJ7002YAC1BEV.json,search/model_SQJ7002YAC1BEV.json.receipt.json,2026-10-09T07:42:58.377777+00:00,https://www.miit.gov.cn/search-front-server/api/search/info?websiteid=110000000000000&scope=basic&q=SQJ7002YAC1BEV&pg=10&p=1&cateid=47&pos=title_text%2Ctitlepy%2Cinfocontent%2Cfilenumbername%2Ckeyword%2Ccontentdescribe&selectFields=title%2Curl%2Ccontent%2Cdeploytime%2Ccolumnname&group=distinct&level=6,https://www.miit.gov.cn/search-front-server/api/search/info?websiteid=110000000000000&scope=basic&q=SQJ7002YAC1BEV&pg=10&p=1&cateid=47&pos=title_text%2Ctitlepy%2Cinfocontent%2Cfilenumbername%2Ckeyword%2Ccontentdescribe&selectFields=title%2Curl%2Ccontent%2Cdeploytime%2Ccolumnname&group=distinct&level=6,工信部公共全文搜索：查同型号/配置公开低温检测证据,SQJ7002YAC1BEV,SQJ7002YAC1BEV,ok,200,225,6178231c332ed597870cc1d60ee93647187e3549b08cbabc270f8524ca2ce652,初版简化selectFields接口阳性对照失败，不用于任何阴性结论,
search/model_SQJ7002YACBEV.json,search/model_SQJ7002YACBEV.json.receipt.json,2026-10-09T07:42:58.655441+00:00,https://www.miit.gov.cn/search-front-server/api/search/info?websiteid=110000000000000&scope=basic&q=SQJ7002YACBEV&pg=10&p=1&cateid=47&pos=title_text%2Ctitlepy%2Cinfocontent%2Cfilenumbername%2Ckeyword%2Ccontentdescribe&selectFields=title%2Curl%2Ccontent%2Cdeploytime%2Ccolumnname&group=distinct&level=6,https://www.miit.gov.cn/search-front-server/api/search/info?websiteid=110000000000000&scope=basic&q=SQJ7002YACBEV&pg=10&p=1&cateid=47&pos=title_text%2Ctitlepy%2Cinfocontent%2Cfilenumbername%2Ckeyword%2Ccontentdescribe&selectFields=title%2Curl%2Ccontent%2Cdeploytime%2Ccolumnname&group=distinct&level=6,工信部公共全文搜索：查同型号/配置公开低温检测证据,SQJ7002YACBEV,SQJ7002YACBEV,ok,200,225,efde6f1ce5a049ddb72cf5e95897e4d568e9561ab9df92d574af6f5b472ec488,初版简化selectFields接口阳性对照失败，不用于任何阴性结论,
search/positive_control.json,search/positive_control.json.receipt.json,2026-10-09T07:44:20.374563+00:00,https://www.miit.gov.cn/search-front-server/api/search/info?websiteid=110000000000000&scope=basic&q=%E6%96%B0%E8%83%BD%E6%BA%90%E6%B1%BD%E8%BD%A6&pg=10&p=1&cateid=47&pos=title_text%2Ctitlepy%2Cinfocontent%2Cfilenumbername%2Ckeyword%2Ccontentdescribe&selectFields=title%2Curl%2Ccontent%2Cdeploytime%2Ccolumnname&group=distinct&level=6,https://www.miit.gov.cn/search-front-server/api/search/info?websiteid=110000000000000&scope=basic&q=%E6%96%B0%E8%83%BD%E6%BA%90%E6%B1%BD%E8%BD%A6&pg=10&p=1&cateid=47&pos=title_text%2Ctitlepy%2Cinfocontent%2Cfilenumbername%2Ckeyword%2Ccontentdescribe&selectFields=title%2Curl%2Ccontent%2Cdeploytime%2Ccolumnname&group=distinct&level=6,工信部公共全文搜索：查同型号/配置公开低温检测证据,新能源汽车,,ok,200,225,89739c4a4abaf302e640f4838ab8cfbf23e2c0527a79fec052e7d02c267babef,初版简化selectFields接口阳性对照失败，不用于任何阴性结论,
search/test_reports_broad.json,search/test_reports_broad.json.receipt.json,2026-10-09T07:44:20.375742+00:00,https://www.miit.gov.cn/search-front-server/api/search/info?websiteid=110000000000000&scope=basic&q=%E6%A3%80%E6%B5%8B%E6%8A%A5%E5%91%8A&pg=10&p=1&cateid=47&pos=title_text%2Ctitlepy%2Cinfocontent%2Cfilenumbername%2Ckeyword%2Ccontentdescribe&selectFields=title%2Curl%2Ccontent%2Cdeploytime%2Ccolumnname&group=distinct&level=6,https://www.miit.gov.cn/search-front-server/api/search/info?websiteid=110000000000000&scope=basic&q=%E6%A3%80%E6%B5%8B%E6%8A%A5%E5%91%8A&pg=10&p=1&cateid=47&pos=title_text%2Ctitlepy%2Cinfocontent%2Cfilenumbername%2Ckeyword%2Ccontentdescribe&selectFields=title%2Curl%2Ccontent%2Cdeploytime%2Ccolumnname&group=distinct&level=6,工信部公共全文搜索：查同型号/配置公开低温检测证据,检测报告,,ok,200,225,f155bfbc772efb3d970d60ded93afd9b42cb70269c5c1ba9f28bcbc281e96675,初版简化selectFields接口阳性对照失败，不用于任何阴性结论,
search_validated/annex_A.json,search_validated/annex_A.json.receipt.json,2026-10-09T07:46:02.637338+00:00,https://www.miit.gov.cn/search-front-server/api/search/info?websiteid=110000000000000&scope=basic&q=%E9%99%84%E5%BD%95A+18386.1&pg=10&p=1&cateid=47&pos=title_text%2Ctitlepy%2Cinfocontent%2Cfilenumbername%2Ckeyword%2Ccontentdescribe&selectFields=title%2Ccontent%2Cdeploytime%2C_index%2Curl%2Ccdate%2Cinfoextends%2Cinfocontentattribute%2Ckeyword%2Ccontentdescribe%2Csectitle%2Cpicpath%2Ccolumnname%2Cthemename%2Cpublishgroupname%2Cpublishtime%2Cmetaid%2Cbexxgk%2Ccolumnid%2Cinfocontenthashcode&group=distinct&level=6&sortFields=%5B%7B%22name%22%3A%22deploytime%22%2C%22type%22%3A%22desc%22%7D%5D,https://www.miit.gov.cn/search-front-server/api/search/info?websiteid=110000000000000&scope=basic&q=%E9%99%84%E5%BD%95A+18386.1&pg=10&p=1&cateid=47&pos=title_text%2Ctitlepy%2Cinfocontent%2Cfilenumbername%2Ckeyword%2Ccontentdescribe&selectFields=title%2Ccontent%2Cdeploytime%2C_index%2Curl%2Ccdate%2Cinfoextends%2Cinfocontentattribute%2Ckeyword%2Ccontentdescribe%2Csectitle%2Cpicpath%2Ccolumnname%2Cthemename%2Cpublishgroupname%2Cpublishtime%2Cmetaid%2Cbexxgk%2Ccolumnid%2Cinfocontenthashcode&group=distinct&level=6&sortFields=%5B%7B%22name%22%3A%22deploytime%22%2C%22type%22%3A%22desc%22%7D%5D,工信部公共全文搜索：查同型号/配置公开低温检测证据（完整有效接口参数）,附录A 18386.1,,ok,200,225,4057604904f02f350bcc3d20ce7afa6f598ed5729ddea3dbe19bdc919ab586ac,完整接口参数已用有结果的政策查询/特顺EV阳性对照验证；仅覆盖公开全文索引,
search_validated/config_NC016943.json,search_validated/config_NC016943.json.receipt.json,2026-10-09T07:46:00.581539+00:00,https://www.miit.gov.cn/search-front-server/api/search/info?websiteid=110000000000000&scope=basic&q=NC016943&pg=10&p=1&cateid=47&pos=title_text%2Ctitlepy%2Cinfocontent%2Cfilenumbername%2Ckeyword%2Ccontentdescribe&selectFields=title%2Ccontent%2Cdeploytime%2C_index%2Curl%2Ccdate%2Cinfoextends%2Cinfocontentattribute%2Ckeyword%2Ccontentdescribe%2Csectitle%2Cpicpath%2Ccolumnname%2Cthemename%2Cpublishgroupname%2Cpublishtime%2Cmetaid%2Cbexxgk%2Ccolumnid%2Cinfocontenthashcode&group=distinct&level=6&sortFields=%5B%7B%22name%22%3A%22deploytime%22%2C%22type%22%3A%22desc%22%7D%5D,https://www.miit.gov.cn/search-front-server/api/search/info?websiteid=110000000000000&scope=basic&q=NC016943&pg=10&p=1&cateid=47&pos=title_text%2Ctitlepy%2Cinfocontent%2Cfilenumbername%2Ckeyword%2Ccontentdescribe&selectFields=title%2Ccontent%2Cdeploytime%2C_index%2Curl%2Ccdate%2Cinfoextends%2Cinfocontentattribute%2Ckeyword%2Ccontentdescribe%2Csectitle%2Cpicpath%2Ccolumnname%2Cthemename%2Cpublishgroupname%2Cpublishtime%2Cmetaid%2Cbexxgk%2Ccolumnid%2Cinfocontenthashcode&group=distinct&level=6&sortFields=%5B%7B%22name%22%3A%22deploytime%22%2C%22type%22%3A%22desc%22%7D%5D,工信部公共全文搜索：查同型号/配置公开低温检测证据（完整有效接口参数）,NC016943,GTM6470BFEBEV,ok,200,225,2ea93c6474ca1042eeebc8a000532335f4f3f7f173d6b6d76f0cf654adfe4f5b,完整接口参数已用有结果的政策查询/特顺EV阳性对照验证；仅覆盖公开全文索引,
search_validated/config_NC017071.json,search_validated/config_NC017071.json.receipt.json,2026-10-09T07:46:01.016344+00:00,https://www.miit.gov.cn/search-front-server/api/search/info?websiteid=110000000000000&scope=basic&q=NC017071&pg=10&p=1&cateid=47&pos=title_text%2Ctitlepy%2Cinfocontent%2Cfilenumbername%2Ckeyword%2Ccontentdescribe&selectFields=title%2Ccontent%2Cdeploytime%2C_index%2Curl%2Ccdate%2Cinfoextends%2Cinfocontentattribute%2Ckeyword%2Ccontentdescribe%2Csectitle%2Cpicpath%2Ccolumnname%2Cthemename%2Cpublishgroupname%2Cpublishtime%2Cmetaid%2Cbexxgk%2Ccolumnid%2Cinfocontenthashcode&group=distinct&level=6&sortFields=%5B%7B%22name%22%3A%22deploytime%22%2C%22type%22%3A%22desc%22%7D%5D,https://www.miit.gov.cn/search-front-server/api/search/info?websiteid=110000000000000&scope=basic&q=NC017071&pg=10&p=1&cateid=47&pos=title_text%2Ctitlepy%2Cinfocontent%2Cfilenumbername%2Ckeyword%2Ccontentdescribe&selectFields=title%2Ccontent%2Cdeploytime%2C_index%2Curl%2Ccdate%2Cinfoextends%2Cinfocontentattribute%2Ckeyword%2Ccontentdescribe%2Csectitle%2Cpicpath%2Ccolumnname%2Cthemename%2Cpublishgroupname%2Cpublishtime%2Cmetaid%2Cbexxgk%2Ccolumnid%2Cinfocontenthashcode&group=distinct&level=6&sortFields=%5B%7B%22name%22%3A%22deploytime%22%2C%22type%22%3A%22desc%22%7D%5D,工信部公共全文搜索：查同型号/配置公开低温检测证据（完整有效接口参数）,NC017071,LZW7005EVA5KBJA,ok,200,225,5b6a8e10f023867e3fe77746e148ae6c1a1b8384e2e40036693aac6f44e32f1b,完整接口参数已用有结果的政策查询/特顺EV阳性对照验证；仅覆盖公开全文索引,
search_validated/config_NC017128.json,search_validated/config_NC017128.json.receipt.json,2026-10-09T07:45:59.927236+00:00,https://www.miit.gov.cn/search-front-server/api/search/info?websiteid=110000000000000&scope=basic&q=NC017128&pg=10&p=1&cateid=47&pos=title_text%2Ctitlepy%2Cinfocontent%2Cfilenumbername%2Ckeyword%2Ccontentdescribe&selectFields=title%2Ccontent%2Cdeploytime%2C_index%2Curl%2Ccdate%2Cinfoextends%2Cinfocontentattribute%2Ckeyword%2Ccontentdescribe%2Csectitle%2Cpicpath%2Ccolumnname%2Cthemename%2Cpublishgroupname%2Cpublishtime%2Cmetaid%2Cbexxgk%2Ccolumnid%2Cinfocontenthashcode&group=distinct&level=6&sortFields=%5B%7B%22name%22%3A%22deploytime%22%2C%22type%22%3A%22desc%22%7D%5D,https://www.miit.gov.cn/search-front-server/api/search/info?websiteid=110000000000000&scope=basic&q=NC017128&pg=10&p=1&cateid=47&pos=title_text%2Ctitlepy%2Cinfocontent%2Cfilenumbername%2Ckeyword%2Ccontentdescribe&selectFields=title%2Ccontent%2Cdeploytime%2C_index%2Curl%2Ccdate%2Cinfoextends%2Cinfocontentattribute%2Ckeyword%2Ccontentdescribe%2Csectitle%2Cpicpath%2Ccolumnname%2Cthemename%2Cpublishgroupname%2Cpublishtime%2Cmetaid%2Cbexxgk%2Ccolumnid%2Cinfocontenthashcode&group=distinct&level=6&sortFields=%5B%7B%22name%22%3A%22deploytime%22%2C%22type%22%3A%22desc%22%7D%5D,工信部公共全文搜索：查同型号/配置公开低温检测证据（完整有效接口参数）,NC017128,DXK7001RD5BEV,ok,200,225,4b31e30c9d986984482de15d909ba1c8d6995a4fbed20daa464931848511cd27,完整接口参数已用有结果的政策查询/特顺EV阳性对照验证；仅覆盖公开全文索引,
search_validated/config_NC017138.json,search_validated/config_NC017138.json.receipt.json,2026-10-09T07:45:59.879806+00:00,https://www.miit.gov.cn/search-front-server/api/search/info?websiteid=110000000000000&scope=basic&q=NC017138&pg=10&p=1&cateid=47&pos=title_text%2Ctitlepy%2Cinfocontent%2Cfilenumbername%2Ckeyword%2Ccontentdescribe&selectFields=title%2Ccontent%2Cdeploytime%2C_index%2Curl%2Ccdate%2Cinfoextends%2Cinfocontentattribute%2Ckeyword%2Ccontentdescribe%2Csectitle%2Cpicpath%2Ccolumnname%2Cthemename%2Cpublishgroupname%2Cpublishtime%2Cmetaid%2Cbexxgk%2Ccolumnid%2Cinfocontenthashcode&group=distinct&level=6&sortFields=%5B%7B%22name%22%3A%22deploytime%22%2C%22type%22%3A%22desc%22%7D%5D,https://www.miit.gov.cn/search-front-server/api/search/info?websiteid=110000000000000&scope=basic&q=NC017138&pg=10&p=1&cateid=47&pos=title_text%2Ctitlepy%2Cinfocontent%2Cfilenumbername%2Ckeyword%2Ccontentdescribe&selectFields=title%2Ccontent%2Cdeploytime%2C_index%2Curl%2Ccdate%2Cinfoextends%2Cinfocontentattribute%2Ckeyword%2Ccontentdescribe%2Csectitle%2Cpicpath%2Ccolumnname%2Cthemename%2Cpublishgroupname%2Cpublishtime%2Cmetaid%2Cbexxgk%2Ccolumnid%2Cinfocontenthashcode&group=distinct&level=6&sortFields=%5B%7B%22name%22%3A%22deploytime%22%2C%22type%22%3A%22desc%22%7D%5D,工信部公共全文搜索：查同型号/配置公开低温检测证据（完整有效接口参数）,NC017138,DXK7001RD2BEV,ok,200,225,82320ef4cf61c66ce09a87ad3fa2703c31ecfcd2e9ad2b5f490021078daca028,完整接口参数已用有结果的政策查询/特顺EV阳性对照验证；仅覆盖公开全文索引,
search_validated/config_NC017148.json,search_validated/config_NC017148.json.receipt.json,2026-10-09T07:46:01.979001+00:00,https://www.miit.gov.cn/search-front-server/api/search/info?websiteid=110000000000000&scope=basic&q=NC017148&pg=10&p=1&cateid=47&pos=title_text%2Ctitlepy%2Cinfocontent%2Cfilenumbername%2Ckeyword%2Ccontentdescribe&selectFields=title%2Ccontent%2Cdeploytime%2C_index%2Curl%2Ccdate%2Cinfoextends%2Cinfocontentattribute%2Ckeyword%2Ccontentdescribe%2Csectitle%2Cpicpath%2Ccolumnname%2Cthemename%2Cpublishgroupname%2Cpublishtime%2Cmetaid%2Cbexxgk%2Ccolumnid%2Cinfocontenthashcode&group=distinct&level=6&sortFields=%5B%7B%22name%22%3A%22deploytime%22%2C%22type%22%3A%22desc%22%7D%5D,https://www.miit.gov.cn/search-front-server/api/search/info?websiteid=110000000000000&scope=basic&q=NC017148&pg=10&p=1&cateid=47&pos=title_text%2Ctitlepy%2Cinfocontent%2Cfilenumbername%2Ckeyword%2Ccontentdescribe&selectFields=title%2Ccontent%2Cdeploytime%2C_index%2Curl%2Ccdate%2Cinfoextends%2Cinfocontentattribute%2Ckeyword%2Ccontentdescribe%2Csectitle%2Cpicpath%2Ccolumnname%2Cthemename%2Cpublishgroupname%2Cpublishtime%2Cmetaid%2Cbexxgk%2Ccolumnid%2Cinfocontenthashcode&group=distinct&level=6&sortFields=%5B%7B%22name%22%3A%22deploytime%22%2C%22type%22%3A%22desc%22%7D%5D,工信部公共全文搜索：查同型号/配置公开低温检测证据（完整有效接口参数）,NC017148,SQJ7002YACBEV,ok,200,225,c88356d47f64f7fc491e92230d1d57b7a45cf5a8a74f2054e3a26402c4d1e2e9,完整接口参数已用有结果的政策查询/特顺EV阳性对照验证；仅覆盖公开全文索引,
search_validated/config_NC017291.json,search_validated/config_NC017291.json.receipt.json,2026-10-09T07:46:01.155699+00:00,https://www.miit.gov.cn/search-front-server/api/search/info?websiteid=110000000000000&scope=basic&q=NC017291&pg=10&p=1&cateid=47&pos=title_text%2Ctitlepy%2Cinfocontent%2Cfilenumbername%2Ckeyword%2Ccontentdescribe&selectFields=title%2Ccontent%2Cdeploytime%2C_index%2Curl%2Ccdate%2Cinfoextends%2Cinfocontentattribute%2Ckeyword%2Ccontentdescribe%2Csectitle%2Cpicpath%2Ccolumnname%2Cthemename%2Cpublishgroupname%2Cpublishtime%2Cmetaid%2Cbexxgk%2Ccolumnid%2Cinfocontenthashcode&group=distinct&level=6&sortFields=%5B%7B%22name%22%3A%22deploytime%22%2C%22type%22%3A%22desc%22%7D%5D,https://www.miit.gov.cn/search-front-server/api/search/info?websiteid=110000000000000&scope=basic&q=NC017291&pg=10&p=1&cateid=47&pos=title_text%2Ctitlepy%2Cinfocontent%2Cfilenumbername%2Ckeyword%2Ccontentdescribe&selectFields=title%2Ccontent%2Cdeploytime%2C_index%2Curl%2Ccdate%2Cinfoextends%2Cinfocontentattribute%2Ckeyword%2Ccontentdescribe%2Csectitle%2Cpicpath%2Ccolumnname%2Cthemename%2Cpublishgroupname%2Cpublishtime%2Cmetaid%2Cbexxgk%2Ccolumnid%2Cinfocontenthashcode&group=distinct&level=6&sortFields=%5B%7B%22name%22%3A%22deploytime%22%2C%22type%22%3A%22desc%22%7D%5D,工信部公共全文搜索：查同型号/配置公开低温检测证据（完整有效接口参数）,NC017291,LZW7005EVC1EBJ,ok,200,225,fc633537175e35ae01174b2e921ab9f7ef8ce7c0375f7d8bd8674d1146b12739,完整接口参数已用有结果的政策查询/特顺EV阳性对照验证；仅覆盖公开全文索引,
search_validated/config_NC017425.json,search_validated/config_NC017425.json.receipt.json,2026-10-09T07:46:02.129100+00:00,https://www.miit.gov.cn/search-front-server/api/search/info?websiteid=110000000000000&scope=basic&q=NC017425&pg=10&p=1&cateid=47&pos=title_text%2Ctitlepy%2Cinfocontent%2Cfilenumbername%2Ckeyword%2Ccontentdescribe&selectFields=title%2Ccontent%2Cdeploytime%2C_index%2Curl%2Ccdate%2Cinfoextends%2Cinfocontentattribute%2Ckeyword%2Ccontentdescribe%2Csectitle%2Cpicpath%2Ccolumnname%2Cthemename%2Cpublishgroupname%2Cpublishtime%2Cmetaid%2Cbexxgk%2Ccolumnid%2Cinfocontenthashcode&group=distinct&level=6&sortFields=%5B%7B%22name%22%3A%22deploytime%22%2C%22type%22%3A%22desc%22%7D%5D,https://www.miit.gov.cn/search-front-server/api/search/info?websiteid=110000000000000&scope=basic&q=NC017425&pg=10&p=1&cateid=47&pos=title_text%2Ctitlepy%2Cinfocontent%2Cfilenumbername%2Ckeyword%2Ccontentdescribe&selectFields=title%2Ccontent%2Cdeploytime%2C_index%2Curl%2Ccdate%2Cinfoextends%2Cinfocontentattribute%2Ckeyword%2Ccontentdescribe%2Csectitle%2Cpicpath%2Ccolumnname%2Cthemename%2Cpublishgroupname%2Cpublishtime%2Cmetaid%2Cbexxgk%2Ccolumnid%2Cinfocontenthashcode&group=distinct&level=6&sortFields=%5B%7B%22name%22%3A%22deploytime%22%2C%22type%22%3A%22desc%22%7D%5D,工信部公共全文搜索：查同型号/配置公开低温检测证据（完整有效接口参数）,NC017425,HXK7000BEVA13,ok,200,225,147df70a6b4b30475722bb7fd4c596e2f23ffb211038f99c9000fbd0385ee457,完整接口参数已用有结果的政策查询/特顺EV阳性对照验证；仅覆盖公开全文索引,
search_validated/config_NC017433.json,search_validated/config_NC017433.json.receipt.json,2026-10-09T07:46:02.295920+00:00,https://www.miit.gov.cn/search-front-server/api/search/info?websiteid=110000000000000&scope=basic&q=NC017433&pg=10&p=1&cateid=47&pos=title_text%2Ctitlepy%2Cinfocontent%2Cfilenumbername%2Ckeyword%2Ccontentdescribe&selectFields=title%2Ccontent%2Cdeploytime%2C_index%2Curl%2Ccdate%2Cinfoextends%2Cinfocontentattribute%2Ckeyword%2Ccontentdescribe%2Csectitle%2Cpicpath%2Ccolumnname%2Cthemename%2Cpublishgroupname%2Cpublishtime%2Cmetaid%2Cbexxgk%2Ccolumnid%2Cinfocontenthashcode&group=distinct&level=6&sortFields=%5B%7B%22name%22%3A%22deploytime%22%2C%22type%22%3A%22desc%22%7D%5D,https://www.miit.gov.cn/search-front-server/api/search/info?websiteid=110000000000000&scope=basic&q=NC017433&pg=10&p=1&cateid=47&pos=title_text%2Ctitlepy%2Cinfocontent%2Cfilenumbername%2Ckeyword%2Ccontentdescribe&selectFields=title%2Ccontent%2Cdeploytime%2C_index%2Curl%2Ccdate%2Cinfoextends%2Cinfocontentattribute%2Ckeyword%2Ccontentdescribe%2Csectitle%2Cpicpath%2Ccolumnname%2Cthemename%2Cpublishgroupname%2Cpublishtime%2Cmetaid%2Cbexxgk%2Ccolumnid%2Cinfocontenthashcode&group=distinct&level=6&sortFields=%5B%7B%22name%22%3A%22deploytime%22%2C%22type%22%3A%22desc%22%7D%5D,工信部公共全文搜索：查同型号/配置公开低温检测证据（完整有效接口参数）,NC017433,HXK7000BEVA13,ok,200,225,ab8c85086d831d833fd11c8188b744e89cd410722f41fd6aab4962c651564c3d,完整接口参数已用有结果的政策查询/特顺EV阳性对照验证；仅覆盖公开全文索引,
search_validated/config_NC017511.json,search_validated/config_NC017511.json.receipt.json,2026-10-09T07:46:01.186796+00:00,https://www.miit.gov.cn/search-front-server/api/search/info?websiteid=110000000000000&scope=basic&q=NC017511&pg=10&p=1&cateid=47&pos=title_text%2Ctitlepy%2Cinfocontent%2Cfilenumbername%2Ckeyword%2Ccontentdescribe&selectFields=title%2Ccontent%2Cdeploytime%2C_index%2Curl%2Ccdate%2Cinfoextends%2Cinfocontentattribute%2Ckeyword%2Ccontentdescribe%2Csectitle%2Cpicpath%2Ccolumnname%2Cthemename%2Cpublishgroupname%2Cpublishtime%2Cmetaid%2Cbexxgk%2Ccolumnid%2Cinfocontenthashcode&group=distinct&level=6&sortFields=%5B%7B%22name%22%3A%22deploytime%22%2C%22type%22%3A%22desc%22%7D%5D,https://www.miit.gov.cn/search-front-server/api/search/info?websiteid=110000000000000&scope=basic&q=NC017511&pg=10&p=1&cateid=47&pos=title_text%2Ctitlepy%2Cinfocontent%2Cfilenumbername%2Ckeyword%2Ccontentdescribe&selectFields=title%2Ccontent%2Cdeploytime%2C_index%2Curl%2Ccdate%2Cinfoextends%2Cinfocontentattribute%2Ckeyword%2Ccontentdescribe%2Csectitle%2Cpicpath%2Ccolumnname%2Cthemename%2Cpublishgroupname%2Cpublishtime%2Cmetaid%2Cbexxgk%2Ccolumnid%2Cinfocontenthashcode&group=distinct&level=6&sortFields=%5B%7B%22name%22%3A%22deploytime%22%2C%22type%22%3A%22desc%22%7D%5D,工信部公共全文搜索：查同型号/配置公开低温检测证据（完整有效接口参数）,NC017511,SQJ7002YAC1BEV,ok,200,225,ee68cb8fa463c5aa4af7dc72b47c09b0d57b4e70615d95e0fed601191a84d19f,完整接口参数已用有结果的政策查询/特顺EV阳性对照验证；仅覆盖公开全文索引,
search_validated/config_NC017645.json,search_validated/config_NC017645.json.receipt.json,2026-10-09T07:46:02.396226+00:00,https://www.miit.gov.cn/search-front-server/api/search/info?websiteid=110000000000000&scope=basic&q=NC017645&pg=10&p=1&cateid=47&pos=title_text%2Ctitlepy%2Cinfocontent%2Cfilenumbername%2Ckeyword%2Ccontentdescribe&selectFields=title%2Ccontent%2Cdeploytime%2C_index%2Curl%2Ccdate%2Cinfoextends%2Cinfocontentattribute%2Ckeyword%2Ccontentdescribe%2Csectitle%2Cpicpath%2Ccolumnname%2Cthemename%2Cpublishgroupname%2Cpublishtime%2Cmetaid%2Cbexxgk%2Ccolumnid%2Cinfocontenthashcode&group=distinct&level=6&sortFields=%5B%7B%22name%22%3A%22deploytime%22%2C%22type%22%3A%22desc%22%7D%5D,https://www.miit.gov.cn/search-front-server/api/search/info?websiteid=110000000000000&scope=basic&q=NC017645&pg=10&p=1&cateid=47&pos=title_text%2Ctitlepy%2Cinfocontent%2Cfilenumbername%2Ckeyword%2Ccontentdescribe&selectFields=title%2Ccontent%2Cdeploytime%2C_index%2Curl%2Ccdate%2Cinfoextends%2Cinfocontentattribute%2Ckeyword%2Ccontentdescribe%2Csectitle%2Cpicpath%2Ccolumnname%2Cthemename%2Cpublishgroupname%2Cpublishtime%2Cmetaid%2Cbexxgk%2Ccolumnid%2Cinfocontenthashcode&group=distinct&level=6&sortFields=%5B%7B%22name%22%3A%22deploytime%22%2C%22type%22%3A%22desc%22%7D%5D,工信部公共全文搜索：查同型号/配置公开低温检测证据（完整有效接口参数）,NC017645,JX7004ESABEV,ok,200,225,1c528b81114a4b27c8c4fc6dff513b186052f14a3a383a80237d9715bd67ebb7,完整接口参数已用有结果的政策查询/特顺EV阳性对照验证；仅覆盖公开全文索引,
search_validated/config_NC019146.json,search_validated/config_NC019146.json.receipt.json,2026-10-09T07:45:58.208664+00:00,https://www.miit.gov.cn/search-front-server/api/search/info?websiteid=110000000000000&scope=basic&q=NC019146&pg=10&p=1&cateid=47&pos=title_text%2Ctitlepy%2Cinfocontent%2Cfilenumbername%2Ckeyword%2Ccontentdescribe&selectFields=title%2Ccontent%2Cdeploytime%2C_index%2Curl%2Ccdate%2Cinfoextends%2Cinfocontentattribute%2Ckeyword%2Ccontentdescribe%2Csectitle%2Cpicpath%2Ccolumnname%2Cthemename%2Cpublishgroupname%2Cpublishtime%2Cmetaid%2Cbexxgk%2Ccolumnid%2Cinfocontenthashcode&group=distinct&level=6&sortFields=%5B%7B%22name%22%3A%22deploytime%22%2C%22type%22%3A%22desc%22%7D%5D,https://www.miit.gov.cn/search-front-server/api/search/info?websiteid=110000000000000&scope=basic&q=NC019146&pg=10&p=1&cateid=47&pos=title_text%2Ctitlepy%2Cinfocontent%2Cfilenumbername%2Ckeyword%2Ccontentdescribe&selectFields=title%2Ccontent%2Cdeploytime%2C_index%2Curl%2Ccdate%2Cinfoextends%2Cinfocontentattribute%2Ckeyword%2Ccontentdescribe%2Csectitle%2Cpicpath%2Ccolumnname%2Cthemename%2Cpublishgroupname%2Cpublishtime%2Cmetaid%2Cbexxgk%2Ccolumnid%2Cinfocontenthashcode&group=distinct&level=6&sortFields=%5B%7B%22name%22%3A%22deploytime%22%2C%22type%22%3A%22desc%22%7D%5D,工信部公共全文搜索：查同型号/配置公开低温检测证据（完整有效接口参数）,NC019146,BAW7000UL47BEV,ok,200,225,732502b7372fb5b7303afac81e487f98002a58f7cf37b6bbb92414049a0dc821,完整接口参数已用有结果的政策查询/特顺EV阳性对照验证；仅覆盖公开全文索引,
search_validated/config_NC019150.json,search_validated/config_NC019150.json.receipt.json,2026-10-09T07:45:58.399531+00:00,https://www.miit.gov.cn/search-front-server/api/search/info?websiteid=110000000000000&scope=basic&q=NC019150&pg=10&p=1&cateid=47&pos=title_text%2Ctitlepy%2Cinfocontent%2Cfilenumbername%2Ckeyword%2Ccontentdescribe&selectFields=title%2Ccontent%2Cdeploytime%2C_index%2Curl%2Ccdate%2Cinfoextends%2Cinfocontentattribute%2Ckeyword%2Ccontentdescribe%2Csectitle%2Cpicpath%2Ccolumnname%2Cthemename%2Cpublishgroupname%2Cpublishtime%2Cmetaid%2Cbexxgk%2Ccolumnid%2Cinfocontenthashcode&group=distinct&level=6&sortFields=%5B%7B%22name%22%3A%22deploytime%22%2C%22type%22%3A%22desc%22%7D%5D,https://www.miit.gov.cn/search-front-server/api/search/info?websiteid=110000000000000&scope=basic&q=NC019150&pg=10&p=1&cateid=47&pos=title_text%2Ctitlepy%2Cinfocontent%2Cfilenumbername%2Ckeyword%2Ccontentdescribe&selectFields=title%2Ccontent%2Cdeploytime%2C_index%2Curl%2Ccdate%2Cinfoextends%2Cinfocontentattribute%2Ckeyword%2Ccontentdescribe%2Csectitle%2Cpicpath%2Ccolumnname%2Cthemename%2Cpublishgroupname%2Cpublishtime%2Cmetaid%2Cbexxgk%2Ccolumnid%2Cinfocontenthashcode&group=distinct&level=6&sortFields=%5B%7B%22name%22%3A%22deploytime%22%2C%22type%22%3A%22desc%22%7D%5D,工信部公共全文搜索：查同型号/配置公开低温检测证据（完整有效接口参数）,NC019150,BAW7000UL47BEV,ok,200,225,d5935c57f425572da8b4f59e28e308e461daf24422b3c9508b2873e1d3fa81fa,完整接口参数已用有结果的政策查询/特顺EV阳性对照验证；仅覆盖公开全文索引,
search_validated/config_NC020342.json,search_validated/config_NC020342.json.receipt.json,2026-10-09T07:45:58.020014+00:00,https://www.miit.gov.cn/search-front-server/api/search/info?websiteid=110000000000000&scope=basic&q=NC020342&pg=10&p=1&cateid=47&pos=title_text%2Ctitlepy%2Cinfocontent%2Cfilenumbername%2Ckeyword%2Ccontentdescribe&selectFields=title%2Ccontent%2Cdeploytime%2C_index%2Curl%2Ccdate%2Cinfoextends%2Cinfocontentattribute%2Ckeyword%2Ccontentdescribe%2Csectitle%2Cpicpath%2Ccolumnname%2Cthemename%2Cpublishgroupname%2Cpublishtime%2Cmetaid%2Cbexxgk%2Ccolumnid%2Cinfocontenthashcode&group=distinct&level=6&sortFields=%5B%7B%22name%22%3A%22deploytime%22%2C%22type%22%3A%22desc%22%7D%5D,https://www.miit.gov.cn/search-front-server/api/search/info?websiteid=110000000000000&scope=basic&q=NC020342&pg=10&p=1&cateid=47&pos=title_text%2Ctitlepy%2Cinfocontent%2Cfilenumbername%2Ckeyword%2Ccontentdescribe&selectFields=title%2Ccontent%2Cdeploytime%2C_index%2Curl%2Ccdate%2Cinfoextends%2Cinfocontentattribute%2Ckeyword%2Ccontentdescribe%2Csectitle%2Cpicpath%2Ccolumnname%2Cthemename%2Cpublishgroupname%2Cpublishtime%2Cmetaid%2Cbexxgk%2Ccolumnid%2Cinfocontenthashcode&group=distinct&level=6&sortFields=%5B%7B%22name%22%3A%22deploytime%22%2C%22type%22%3A%22desc%22%7D%5D,工信部公共全文搜索：查同型号/配置公开低温检测证据（完整有效接口参数）,NC020342,BAW7000UB44BEV,ok,200,225,64fdacc049843b733355abc13d21666833696e217be836545835fc1ecb83f0e3,完整接口参数已用有结果的政策查询/特顺EV阳性对照验证；仅覆盖公开全文索引,
search_validated/config_NC022413.json,search_validated/config_NC022413.json.receipt.json,2026-10-09T07:45:58.524446+00:00,https://www.miit.gov.cn/search-front-server/api/search/info?websiteid=110000000000000&scope=basic&q=NC022413&pg=10&p=1&cateid=47&pos=title_text%2Ctitlepy%2Cinfocontent%2Cfilenumbername%2Ckeyword%2Ccontentdescribe&selectFields=title%2Ccontent%2Cdeploytime%2C_index%2Curl%2Ccdate%2Cinfoextends%2Cinfocontentattribute%2Ckeyword%2Ccontentdescribe%2Csectitle%2Cpicpath%2Ccolumnname%2Cthemename%2Cpublishgroupname%2Cpublishtime%2Cmetaid%2Cbexxgk%2Ccolumnid%2Cinfocontenthashcode&group=distinct&level=6&sortFields=%5B%7B%22name%22%3A%22deploytime%22%2C%22type%22%3A%22desc%22%7D%5D,https://www.miit.gov.cn/search-front-server/api/search/info?websiteid=110000000000000&scope=basic&q=NC022413&pg=10&p=1&cateid=47&pos=title_text%2Ctitlepy%2Cinfocontent%2Cfilenumbername%2Ckeyword%2Ccontentdescribe&selectFields=title%2Ccontent%2Cdeploytime%2C_index%2Curl%2Ccdate%2Cinfoextends%2Cinfocontentattribute%2Ckeyword%2Ccontentdescribe%2Csectitle%2Cpicpath%2Ccolumnname%2Cthemename%2Cpublishgroupname%2Cpublishtime%2Cmetaid%2Cbexxgk%2Ccolumnid%2Cinfocontenthashcode&group=distinct&level=6&sortFields=%5B%7B%22name%22%3A%22deploytime%22%2C%22type%22%3A%22desc%22%7D%5D,工信部公共全文搜索：查同型号/配置公开低温检测证据（完整有效接口参数）,NC022413,BAW7000UL47BEV,ok,200,225,c0a03e514816b5ecede1e8ab39f81c5f83240b916febbe33f67aa8f12be722b9,完整接口参数已用有结果的政策查询/特顺EV阳性对照验证；仅覆盖公开全文索引,
search_validated/config_NC022414.json,search_validated/config_NC022414.json.receipt.json,2026-10-09T07:45:58.590219+00:00,https://www.miit.gov.cn/search-front-server/api/search/info?websiteid=110000000000000&scope=basic&q=NC022414&pg=10&p=1&cateid=47&pos=title_text%2Ctitlepy%2Cinfocontent%2Cfilenumbername%2Ckeyword%2Ccontentdescribe&selectFields=title%2Ccontent%2Cdeploytime%2C_index%2Curl%2Ccdate%2Cinfoextends%2Cinfocontentattribute%2Ckeyword%2Ccontentdescribe%2Csectitle%2Cpicpath%2Ccolumnname%2Cthemename%2Cpublishgroupname%2Cpublishtime%2Cmetaid%2Cbexxgk%2Ccolumnid%2Cinfocontenthashcode&group=distinct&level=6&sortFields=%5B%7B%22name%22%3A%22deploytime%22%2C%22type%22%3A%22desc%22%7D%5D,https://www.miit.gov.cn/search-front-server/api/search/info?websiteid=110000000000000&scope=basic&q=NC022414&pg=10&p=1&cateid=47&pos=title_text%2Ctitlepy%2Cinfocontent%2Cfilenumbername%2Ckeyword%2Ccontentdescribe&selectFields=title%2Ccontent%2Cdeploytime%2C_index%2Curl%2Ccdate%2Cinfoextends%2Cinfocontentattribute%2Ckeyword%2Ccontentdescribe%2Csectitle%2Cpicpath%2Ccolumnname%2Cthemename%2Cpublishgroupname%2Cpublishtime%2Cmetaid%2Cbexxgk%2Ccolumnid%2Cinfocontenthashcode&group=distinct&level=6&sortFields=%5B%7B%22name%22%3A%22deploytime%22%2C%22type%22%3A%22desc%22%7D%5D,工信部公共全文搜索：查同型号/配置公开低温检测证据（完整有效接口参数）,NC022414,BAW7000UL47BEV,ok,200,225,843d3694144e0b70e5f4989e372d45a79576153607876bc6441b70e3805582d7,完整接口参数已用有结果的政策查询/特顺EV阳性对照验证；仅覆盖公开全文索引,
search_validated/config_NC024135.json,search_validated/config_NC024135.json.receipt.json,2026-10-09T07:45:57.219175+00:00,https://www.miit.gov.cn/search-front-server/api/search/info?websiteid=110000000000000&scope=basic&q=NC024135&pg=10&p=1&cateid=47&pos=title_text%2Ctitlepy%2Cinfocontent%2Cfilenumbername%2Ckeyword%2Ccontentdescribe&selectFields=title%2Ccontent%2Cdeploytime%2C_index%2Curl%2Ccdate%2Cinfoextends%2Cinfocontentattribute%2Ckeyword%2Ccontentdescribe%2Csectitle%2Cpicpath%2Ccolumnname%2Cthemename%2Cpublishgroupname%2Cpublishtime%2Cmetaid%2Cbexxgk%2Ccolumnid%2Cinfocontenthashcode&group=distinct&level=6&sortFields=%5B%7B%22name%22%3A%22deploytime%22%2C%22type%22%3A%22desc%22%7D%5D,https://www.miit.gov.cn/search-front-server/api/search/info?websiteid=110000000000000&scope=basic&q=NC024135&pg=10&p=1&cateid=47&pos=title_text%2Ctitlepy%2Cinfocontent%2Cfilenumbername%2Ckeyword%2Ccontentdescribe&selectFields=title%2Ccontent%2Cdeploytime%2C_index%2Curl%2Ccdate%2Cinfoextends%2Cinfocontentattribute%2Ckeyword%2Ccontentdescribe%2Csectitle%2Cpicpath%2Ccolumnname%2Cthemename%2Cpublishgroupname%2Cpublishtime%2Cmetaid%2Cbexxgk%2Ccolumnid%2Cinfocontenthashcode&group=distinct&level=6&sortFields=%5B%7B%22name%22%3A%22deploytime%22%2C%22type%22%3A%22desc%22%7D%5D,工信部公共全文搜索：查同型号/配置公开低温检测证据（完整有效接口参数）,NC024135,JNJ7000EVF4,ok,200,225,17c2330c8a4bad630f547e1bc239dceb1169d0d81177b035ef27d9d039f56f20,完整接口参数已用有结果的政策查询/特顺EV阳性对照验证；仅覆盖公开全文索引,
search_validated/config_NC025122.json,search_validated/config_NC025122.json.receipt.json,2026-10-09T07:45:57.907718+00:00,https://www.miit.gov.cn/search-front-server/api/search/info?websiteid=110000000000000&scope=basic&q=NC025122&pg=10&p=1&cateid=47&pos=title_text%2Ctitlepy%2Cinfocontent%2Cfilenumbername%2Ckeyword%2Ccontentdescribe&selectFields=title%2Ccontent%2Cdeploytime%2C_index%2Curl%2Ccdate%2Cinfoextends%2Cinfocontentattribute%2Ckeyword%2Ccontentdescribe%2Csectitle%2Cpicpath%2Ccolumnname%2Cthemename%2Cpublishgroupname%2Cpublishtime%2Cmetaid%2Cbexxgk%2Ccolumnid%2Cinfocontenthashcode&group=distinct&level=6&sortFields=%5B%7B%22name%22%3A%22deploytime%22%2C%22type%22%3A%22desc%22%7D%5D,https://www.miit.gov.cn/search-front-server/api/search/info?websiteid=110000000000000&scope=basic&q=NC025122&pg=10&p=1&cateid=47&pos=title_text%2Ctitlepy%2Cinfocontent%2Cfilenumbername%2Ckeyword%2Ccontentdescribe&selectFields=title%2Ccontent%2Cdeploytime%2C_index%2Curl%2Ccdate%2Cinfoextends%2Cinfocontentattribute%2Ckeyword%2Ccontentdescribe%2Csectitle%2Cpicpath%2Ccolumnname%2Cthemename%2Cpublishgroupname%2Cpublishtime%2Cmetaid%2Cbexxgk%2Ccolumnid%2Cinfocontenthashcode&group=distinct&level=6&sortFields=%5B%7B%22name%22%3A%22deploytime%22%2C%22type%22%3A%22desc%22%7D%5D,工信部公共全文搜索：查同型号/配置公开低温检测证据（完整有效接口参数）,NC025122,BAW7000UB44BEV,ok,200,225,a1b4d080595c5f2a1d52cc400d39f72a5138d5b886d69660229ac86fb7e7b927,完整接口参数已用有结果的政策查询/特顺EV阳性对照验证；仅覆盖公开全文索引,
search_validated/config_NC027157.json,search_validated/config_NC027157.json.receipt.json,2026-10-09T07:45:59.395378+00:00,https://www.miit.gov.cn/search-front-server/api/search/info?websiteid=110000000000000&scope=basic&q=NC027157&pg=10&p=1&cateid=47&pos=title_text%2Ctitlepy%2Cinfocontent%2Cfilenumbername%2Ckeyword%2Ccontentdescribe&selectFields=title%2Ccontent%2Cdeploytime%2C_index%2Curl%2Ccdate%2Cinfoextends%2Cinfocontentattribute%2Ckeyword%2Ccontentdescribe%2Csectitle%2Cpicpath%2Ccolumnname%2Cthemename%2Cpublishgroupname%2Cpublishtime%2Cmetaid%2Cbexxgk%2Ccolumnid%2Cinfocontenthashcode&group=distinct&level=6&sortFields=%5B%7B%22name%22%3A%22deploytime%22%2C%22type%22%3A%22desc%22%7D%5D,https://www.miit.gov.cn/search-front-server/api/search/info?websiteid=110000000000000&scope=basic&q=NC027157&pg=10&p=1&cateid=47&pos=title_text%2Ctitlepy%2Cinfocontent%2Cfilenumbername%2Ckeyword%2Ccontentdescribe&selectFields=title%2Ccontent%2Cdeploytime%2C_index%2Curl%2Ccdate%2Cinfoextends%2Cinfocontentattribute%2Ckeyword%2Ccontentdescribe%2Csectitle%2Cpicpath%2Ccolumnname%2Cthemename%2Cpublishgroupname%2Cpublishtime%2Cmetaid%2Cbexxgk%2Ccolumnid%2Cinfocontenthashcode&group=distinct&level=6&sortFields=%5B%7B%22name%22%3A%22deploytime%22%2C%22type%22%3A%22desc%22%7D%5D,工信部公共全文搜索：查同型号/配置公开低温检测证据（完整有效接口参数）,NC027157,BAW7000UL47BEV,ok,200,225,8922b52d8a8af70b7f79a7950087c55b04ecab7f29ccc3297ad29a5c3dcf49b3,完整接口参数已用有结果的政策查询/特顺EV阳性对照验证；仅覆盖公开全文索引,
search_validated/config_NC027158.json,search_validated/config_NC027158.json.receipt.json,2026-10-09T07:45:59.573146+00:00,https://www.miit.gov.cn/search-front-server/api/search/info?websiteid=110000000000000&scope=basic&q=NC027158&pg=10&p=1&cateid=47&pos=title_text%2Ctitlepy%2Cinfocontent%2Cfilenumbername%2Ckeyword%2Ccontentdescribe&selectFields=title%2Ccontent%2Cdeploytime%2C_index%2Curl%2Ccdate%2Cinfoextends%2Cinfocontentattribute%2Ckeyword%2Ccontentdescribe%2Csectitle%2Cpicpath%2Ccolumnname%2Cthemename%2Cpublishgroupname%2Cpublishtime%2Cmetaid%2Cbexxgk%2Ccolumnid%2Cinfocontenthashcode&group=distinct&level=6&sortFields=%5B%7B%22name%22%3A%22deploytime%22%2C%22type%22%3A%22desc%22%7D%5D,https://www.miit.gov.cn/search-front-server/api/search/info?websiteid=110000000000000&scope=basic&q=NC027158&pg=10&p=1&cateid=47&pos=title_text%2Ctitlepy%2Cinfocontent%2Cfilenumbername%2Ckeyword%2Ccontentdescribe&selectFields=title%2Ccontent%2Cdeploytime%2C_index%2Curl%2Ccdate%2Cinfoextends%2Cinfocontentattribute%2Ckeyword%2Ccontentdescribe%2Csectitle%2Cpicpath%2Ccolumnname%2Cthemename%2Cpublishgroupname%2Cpublishtime%2Cmetaid%2Cbexxgk%2Ccolumnid%2Cinfocontenthashcode&group=distinct&level=6&sortFields=%5B%7B%22name%22%3A%22deploytime%22%2C%22type%22%3A%22desc%22%7D%5D,工信部公共全文搜索：查同型号/配置公开低温检测证据（完整有效接口参数）,NC027158,BAW7000UL47BEV,ok,200,225,26acf04aa8dd3ce7c3917e0e39cd2fff3dad485fe7b699af59fe47593546d0dc,完整接口参数已用有结果的政策查询/特顺EV阳性对照验证；仅覆盖公开全文索引,
search_validated/lowtemp_degradation.json,search_validated/lowtemp_degradation.json.receipt.json,2026-10-09T07:46:03.320860+00:00,https://www.miit.gov.cn/search-front-server/api/search/info?websiteid=110000000000000&scope=basic&q=%E4%BD%8E%E6%B8%A9%E7%BB%AD%E9%A9%B6%E9%87%8C%E7%A8%8B%E8%A1%B0%E5%87%8F%E7%8E%87&pg=10&p=1&cateid=47&pos=title_text%2Ctitlepy%2Cinfocontent%2Cfilenumbername%2Ckeyword%2Ccontentdescribe&selectFields=title%2Ccontent%2Cdeploytime%2C_index%2Curl%2Ccdate%2Cinfoextends%2Cinfocontentattribute%2Ckeyword%2Ccontentdescribe%2Csectitle%2Cpicpath%2Ccolumnname%2Cthemename%2Cpublishgroupname%2Cpublishtime%2Cmetaid%2Cbexxgk%2Ccolumnid%2Cinfocontenthashcode&group=distinct&level=6&sortFields=%5B%7B%22name%22%3A%22deploytime%22%2C%22type%22%3A%22desc%22%7D%5D,https://www.miit.gov.cn/search-front-server/api/search/info?websiteid=110000000000000&scope=basic&q=%E4%BD%8E%E6%B8%A9%E7%BB%AD%E9%A9%B6%E9%87%8C%E7%A8%8B%E8%A1%B0%E5%87%8F%E7%8E%87&pg=10&p=1&cateid=47&pos=title_text%2Ctitlepy%2Cinfocontent%2Cfilenumbername%2Ckeyword%2Ccontentdescribe&selectFields=title%2Ccontent%2Cdeploytime%2C_index%2Curl%2Ccdate%2Cinfoextends%2Cinfocontentattribute%2Ckeyword%2Ccontentdescribe%2Csectitle%2Cpicpath%2Ccolumnname%2Cthemename%2Cpublishgroupname%2Cpublishtime%2Cmetaid%2Cbexxgk%2Ccolumnid%2Cinfocontenthashcode&group=distinct&level=6&sortFields=%5B%7B%22name%22%3A%22deploytime%22%2C%22type%22%3A%22desc%22%7D%5D,工信部公共全文搜索：查同型号/配置公开低温检测证据（完整有效接口参数）,低温续驶里程衰减率,,ok,200,1332657,2244a40f6597e8d60d8914a4a91e42f318a789a6677fcbe0ef0b27d26a62198e,完整接口参数已用有结果的政策查询/特顺EV阳性对照验证；仅覆盖公开全文索引,
search_validated/lowtemp_reports.json,search_validated/lowtemp_reports.json.receipt.json,2026-10-09T07:46:02.485017+00:00,https://www.miit.gov.cn/search-front-server/api/search/info?websiteid=110000000000000&scope=basic&q=%E6%96%B0%E8%83%BD%E6%BA%90%E6%B1%BD%E8%BD%A6+%E4%BD%8E%E6%B8%A9+%E6%A3%80%E6%B5%8B%E6%8A%A5%E5%91%8A&pg=10&p=1&cateid=47&pos=title_text%2Ctitlepy%2Cinfocontent%2Cfilenumbername%2Ckeyword%2Ccontentdescribe&selectFields=title%2Ccontent%2Cdeploytime%2C_index%2Curl%2Ccdate%2Cinfoextends%2Cinfocontentattribute%2Ckeyword%2Ccontentdescribe%2Csectitle%2Cpicpath%2Ccolumnname%2Cthemename%2Cpublishgroupname%2Cpublishtime%2Cmetaid%2Cbexxgk%2Ccolumnid%2Cinfocontenthashcode&group=distinct&level=6&sortFields=%5B%7B%22name%22%3A%22deploytime%22%2C%22type%22%3A%22desc%22%7D%5D,https://www.miit.gov.cn/search-front-server/api/search/info?websiteid=110000000000000&scope=basic&q=%E6%96%B0%E8%83%BD%E6%BA%90%E6%B1%BD%E8%BD%A6+%E4%BD%8E%E6%B8%A9+%E6%A3%80%E6%B5%8B%E6%8A%A5%E5%91%8A&pg=10&p=1&cateid=47&pos=title_text%2Ctitlepy%2Cinfocontent%2Cfilenumbername%2Ckeyword%2Ccontentdescribe&selectFields=title%2Ccontent%2Cdeploytime%2C_index%2Curl%2Ccdate%2Cinfoextends%2Cinfocontentattribute%2Ckeyword%2Ccontentdescribe%2Csectitle%2Cpicpath%2Ccolumnname%2Cthemename%2Cpublishgroupname%2Cpublishtime%2Cmetaid%2Cbexxgk%2Ccolumnid%2Cinfocontenthashcode&group=distinct&level=6&sortFields=%5B%7B%22name%22%3A%22deploytime%22%2C%22type%22%3A%22desc%22%7D%5D,工信部公共全文搜索：查同型号/配置公开低温检测证据（完整有效接口参数）,新能源汽车 低温 检测报告,,ok,200,8545544,c62917081a47631de8dac70a7cc85bae19304c366e0e0c2778b51a27d5658692,完整接口参数已用有结果的政策查询/特顺EV阳性对照验证；仅覆盖公开全文索引,
search_validated/model_BAW7000UB44BEV.json,search_validated/model_BAW7000UB44BEV.json.receipt.json,2026-10-09T07:45:51.650348+00:00,https://www.miit.gov.cn/search-front-server/api/search/info?websiteid=110000000000000&scope=basic&q=BAW7000UB44BEV&pg=10&p=1&cateid=47&pos=title_text%2Ctitlepy%2Cinfocontent%2Cfilenumbername%2Ckeyword%2Ccontentdescribe&selectFields=title%2Ccontent%2Cdeploytime%2C_index%2Curl%2Ccdate%2Cinfoextends%2Cinfocontentattribute%2Ckeyword%2Ccontentdescribe%2Csectitle%2Cpicpath%2Ccolumnname%2Cthemename%2Cpublishgroupname%2Cpublishtime%2Cmetaid%2Cbexxgk%2Ccolumnid%2Cinfocontenthashcode&group=distinct&level=6&sortFields=%5B%7B%22name%22%3A%22deploytime%22%2C%22type%22%3A%22desc%22%7D%5D,https://www.miit.gov.cn/search-front-server/api/search/info?websiteid=110000000000000&scope=basic&q=BAW7000UB44BEV&pg=10&p=1&cateid=47&pos=title_text%2Ctitlepy%2Cinfocontent%2Cfilenumbername%2Ckeyword%2Ccontentdescribe&selectFields=title%2Ccontent%2Cdeploytime%2C_index%2Curl%2Ccdate%2Cinfoextends%2Cinfocontentattribute%2Ckeyword%2Ccontentdescribe%2Csectitle%2Cpicpath%2Ccolumnname%2Cthemename%2Cpublishgroupname%2Cpublishtime%2Cmetaid%2Cbexxgk%2Ccolumnid%2Cinfocontenthashcode&group=distinct&level=6&sortFields=%5B%7B%22name%22%3A%22deploytime%22%2C%22type%22%3A%22desc%22%7D%5D,工信部公共全文搜索：查同型号/配置公开低温检测证据（完整有效接口参数）,BAW7000UB44BEV,BAW7000UB44BEV,ok,200,225,43c21f4dce5266513f7e838a649dba6dc4ea1f5f8eab53962c1aef3677603d31,完整接口参数已用有结果的政策查询/特顺EV阳性对照验证；仅覆盖公开全文索引,
search_validated/model_BAW7000UL47BEV.json,search_validated/model_BAW7000UL47BEV.json.receipt.json,2026-10-09T07:45:51.651073+00:00,https://www.miit.gov.cn/search-front-server/api/search/info?websiteid=110000000000000&scope=basic&q=BAW7000UL47BEV&pg=10&p=1&cateid=47&pos=title_text%2Ctitlepy%2Cinfocontent%2Cfilenumbername%2Ckeyword%2Ccontentdescribe&selectFields=title%2Ccontent%2Cdeploytime%2C_index%2Curl%2Ccdate%2Cinfoextends%2Cinfocontentattribute%2Ckeyword%2Ccontentdescribe%2Csectitle%2Cpicpath%2Ccolumnname%2Cthemename%2Cpublishgroupname%2Cpublishtime%2Cmetaid%2Cbexxgk%2Ccolumnid%2Cinfocontenthashcode&group=distinct&level=6&sortFields=%5B%7B%22name%22%3A%22deploytime%22%2C%22type%22%3A%22desc%22%7D%5D,https://www.miit.gov.cn/search-front-server/api/search/info?websiteid=110000000000000&scope=basic&q=BAW7000UL47BEV&pg=10&p=1&cateid=47&pos=title_text%2Ctitlepy%2Cinfocontent%2Cfilenumbername%2Ckeyword%2Ccontentdescribe&selectFields=title%2Ccontent%2Cdeploytime%2C_index%2Curl%2Ccdate%2Cinfoextends%2Cinfocontentattribute%2Ckeyword%2Ccontentdescribe%2Csectitle%2Cpicpath%2Ccolumnname%2Cthemename%2Cpublishgroupname%2Cpublishtime%2Cmetaid%2Cbexxgk%2Ccolumnid%2Cinfocontenthashcode&group=distinct&level=6&sortFields=%5B%7B%22name%22%3A%22deploytime%22%2C%22type%22%3A%22desc%22%7D%5D,工信部公共全文搜索：查同型号/配置公开低温检测证据（完整有效接口参数）,BAW7000UL47BEV,BAW7000UL47BEV,ok,200,225,f50534fd8f284863cb3169972d82add2de99169e3cd38a97a3df41f69894bf02,完整接口参数已用有结果的政策查询/特顺EV阳性对照验证；仅覆盖公开全文索引,
search_validated/model_DXK7001RD2BEV.json,search_validated/model_DXK7001RD2BEV.json.receipt.json,2026-10-09T07:45:51.651763+00:00,https://www.miit.gov.cn/search-front-server/api/search/info?websiteid=110000000000000&scope=basic&q=DXK7001RD2BEV&pg=10&p=1&cateid=47&pos=title_text%2Ctitlepy%2Cinfocontent%2Cfilenumbername%2Ckeyword%2Ccontentdescribe&selectFields=title%2Ccontent%2Cdeploytime%2C_index%2Curl%2Ccdate%2Cinfoextends%2Cinfocontentattribute%2Ckeyword%2Ccontentdescribe%2Csectitle%2Cpicpath%2Ccolumnname%2Cthemename%2Cpublishgroupname%2Cpublishtime%2Cmetaid%2Cbexxgk%2Ccolumnid%2Cinfocontenthashcode&group=distinct&level=6&sortFields=%5B%7B%22name%22%3A%22deploytime%22%2C%22type%22%3A%22desc%22%7D%5D,https://www.miit.gov.cn/search-front-server/api/search/info?websiteid=110000000000000&scope=basic&q=DXK7001RD2BEV&pg=10&p=1&cateid=47&pos=title_text%2Ctitlepy%2Cinfocontent%2Cfilenumbername%2Ckeyword%2Ccontentdescribe&selectFields=title%2Ccontent%2Cdeploytime%2C_index%2Curl%2Ccdate%2Cinfoextends%2Cinfocontentattribute%2Ckeyword%2Ccontentdescribe%2Csectitle%2Cpicpath%2Ccolumnname%2Cthemename%2Cpublishgroupname%2Cpublishtime%2Cmetaid%2Cbexxgk%2Ccolumnid%2Cinfocontenthashcode&group=distinct&level=6&sortFields=%5B%7B%22name%22%3A%22deploytime%22%2C%22type%22%3A%22desc%22%7D%5D,工信部公共全文搜索：查同型号/配置公开低温检测证据（完整有效接口参数）,DXK7001RD2BEV,DXK7001RD2BEV,ok,200,225,6b9308aff251c10981cf3f599e5dee767f21775aefe788c5dde91437dd6e7bb0,完整接口参数已用有结果的政策查询/特顺EV阳性对照验证；仅覆盖公开全文索引,
search_validated/model_DXK7001RD5BEV.json,search_validated/model_DXK7001RD5BEV.json.receipt.json,2026-10-09T07:45:51.652101+00:00,https://www.miit.gov.cn/search-front-server/api/search/info?websiteid=110000000000000&scope=basic&q=DXK7001RD5BEV&pg=10&p=1&cateid=47&pos=title_text%2Ctitlepy%2Cinfocontent%2Cfilenumbername%2Ckeyword%2Ccontentdescribe&selectFields=title%2Ccontent%2Cdeploytime%2C_index%2Curl%2Ccdate%2Cinfoextends%2Cinfocontentattribute%2Ckeyword%2Ccontentdescribe%2Csectitle%2Cpicpath%2Ccolumnname%2Cthemename%2Cpublishgroupname%2Cpublishtime%2Cmetaid%2Cbexxgk%2Ccolumnid%2Cinfocontenthashcode&group=distinct&level=6&sortFields=%5B%7B%22name%22%3A%22deploytime%22%2C%22type%22%3A%22desc%22%7D%5D,https://www.miit.gov.cn/search-front-server/api/search/info?websiteid=110000000000000&scope=basic&q=DXK7001RD5BEV&pg=10&p=1&cateid=47&pos=title_text%2Ctitlepy%2Cinfocontent%2Cfilenumbername%2Ckeyword%2Ccontentdescribe&selectFields=title%2Ccontent%2Cdeploytime%2C_index%2Curl%2Ccdate%2Cinfoextends%2Cinfocontentattribute%2Ckeyword%2Ccontentdescribe%2Csectitle%2Cpicpath%2Ccolumnname%2Cthemename%2Cpublishgroupname%2Cpublishtime%2Cmetaid%2Cbexxgk%2Ccolumnid%2Cinfocontenthashcode&group=distinct&level=6&sortFields=%5B%7B%22name%22%3A%22deploytime%22%2C%22type%22%3A%22desc%22%7D%5D,工信部公共全文搜索：查同型号/配置公开低温检测证据（完整有效接口参数）,DXK7001RD5BEV,DXK7001RD5BEV,ok,200,225,1aebf6c2fb13a67752528222ec46d237d4c499911f1617611e72a509b58d725d,完整接口参数已用有结果的政策查询/特顺EV阳性对照验证；仅覆盖公开全文索引,
search_validated/model_GTM6470BFEBEV.json,search_validated/model_GTM6470BFEBEV.json.receipt.json,2026-10-09T07:45:53.787777+00:00,https://www.miit.gov.cn/search-front-server/api/search/info?websiteid=110000000000000&scope=basic&q=GTM6470BFEBEV&pg=10&p=1&cateid=47&pos=title_text%2Ctitlepy%2Cinfocontent%2Cfilenumbername%2Ckeyword%2Ccontentdescribe&selectFields=title%2Ccontent%2Cdeploytime%2C_index%2Curl%2Ccdate%2Cinfoextends%2Cinfocontentattribute%2Ckeyword%2Ccontentdescribe%2Csectitle%2Cpicpath%2Ccolumnname%2Cthemename%2Cpublishgroupname%2Cpublishtime%2Cmetaid%2Cbexxgk%2Ccolumnid%2Cinfocontenthashcode&group=distinct&level=6&sortFields=%5B%7B%22name%22%3A%22deploytime%22%2C%22type%22%3A%22desc%22%7D%5D,https://www.miit.gov.cn/search-front-server/api/search/info?websiteid=110000000000000&scope=basic&q=GTM6470BFEBEV&pg=10&p=1&cateid=47&pos=title_text%2Ctitlepy%2Cinfocontent%2Cfilenumbername%2Ckeyword%2Ccontentdescribe&selectFields=title%2Ccontent%2Cdeploytime%2C_index%2Curl%2Ccdate%2Cinfoextends%2Cinfocontentattribute%2Ckeyword%2Ccontentdescribe%2Csectitle%2Cpicpath%2Ccolumnname%2Cthemename%2Cpublishgroupname%2Cpublishtime%2Cmetaid%2Cbexxgk%2Ccolumnid%2Cinfocontenthashcode&group=distinct&level=6&sortFields=%5B%7B%22name%22%3A%22deploytime%22%2C%22type%22%3A%22desc%22%7D%5D,工信部公共全文搜索：查同型号/配置公开低温检测证据（完整有效接口参数）,GTM6470BFEBEV,GTM6470BFEBEV,ok,200,225,e6e209535969a92d15e27fd7826d958deb95493a22d5b834dd34ecb0e81cf13b,完整接口参数已用有结果的政策查询/特顺EV阳性对照验证；仅覆盖公开全文索引,
search_validated/model_HXK7000BEVA13.json,search_validated/model_HXK7000BEVA13.json.receipt.json,2026-10-09T07:45:54.053551+00:00,https://www.miit.gov.cn/search-front-server/api/search/info?websiteid=110000000000000&scope=basic&q=HXK7000BEVA13&pg=10&p=1&cateid=47&pos=title_text%2Ctitlepy%2Cinfocontent%2Cfilenumbername%2Ckeyword%2Ccontentdescribe&selectFields=title%2Ccontent%2Cdeploytime%2C_index%2Curl%2Ccdate%2Cinfoextends%2Cinfocontentattribute%2Ckeyword%2Ccontentdescribe%2Csectitle%2Cpicpath%2Ccolumnname%2Cthemename%2Cpublishgroupname%2Cpublishtime%2Cmetaid%2Cbexxgk%2Ccolumnid%2Cinfocontenthashcode&group=distinct&level=6&sortFields=%5B%7B%22name%22%3A%22deploytime%22%2C%22type%22%3A%22desc%22%7D%5D,https://www.miit.gov.cn/search-front-server/api/search/info?websiteid=110000000000000&scope=basic&q=HXK7000BEVA13&pg=10&p=1&cateid=47&pos=title_text%2Ctitlepy%2Cinfocontent%2Cfilenumbername%2Ckeyword%2Ccontentdescribe&selectFields=title%2Ccontent%2Cdeploytime%2C_index%2Curl%2Ccdate%2Cinfoextends%2Cinfocontentattribute%2Ckeyword%2Ccontentdescribe%2Csectitle%2Cpicpath%2Ccolumnname%2Cthemename%2Cpublishgroupname%2Cpublishtime%2Cmetaid%2Cbexxgk%2Ccolumnid%2Cinfocontenthashcode&group=distinct&level=6&sortFields=%5B%7B%22name%22%3A%22deploytime%22%2C%22type%22%3A%22desc%22%7D%5D,工信部公共全文搜索：查同型号/配置公开低温检测证据（完整有效接口参数）,HXK7000BEVA13,HXK7000BEVA13,ok,200,225,55bba1900bd41202fa0dd592e94485ee9afa02638ca2b53f45f3225347646ea6,完整接口参数已用有结果的政策查询/特顺EV阳性对照验证；仅覆盖公开全文索引,
search_validated/model_JNJ7000EVF4.json,search_validated/model_JNJ7000EVF4.json.receipt.json,2026-10-09T07:45:54.187638+00:00,https://www.miit.gov.cn/search-front-server/api/search/info?websiteid=110000000000000&scope=basic&q=JNJ7000EVF4&pg=10&p=1&cateid=47&pos=title_text%2Ctitlepy%2Cinfocontent%2Cfilenumbername%2Ckeyword%2Ccontentdescribe&selectFields=title%2Ccontent%2Cdeploytime%2C_index%2Curl%2Ccdate%2Cinfoextends%2Cinfocontentattribute%2Ckeyword%2Ccontentdescribe%2Csectitle%2Cpicpath%2Ccolumnname%2Cthemename%2Cpublishgroupname%2Cpublishtime%2Cmetaid%2Cbexxgk%2Ccolumnid%2Cinfocontenthashcode&group=distinct&level=6&sortFields=%5B%7B%22name%22%3A%22deploytime%22%2C%22type%22%3A%22desc%22%7D%5D,https://www.miit.gov.cn/search-front-server/api/search/info?websiteid=110000000000000&scope=basic&q=JNJ7000EVF4&pg=10&p=1&cateid=47&pos=title_text%2Ctitlepy%2Cinfocontent%2Cfilenumbername%2Ckeyword%2Ccontentdescribe&selectFields=title%2Ccontent%2Cdeploytime%2C_index%2Curl%2Ccdate%2Cinfoextends%2Cinfocontentattribute%2Ckeyword%2Ccontentdescribe%2Csectitle%2Cpicpath%2Ccolumnname%2Cthemename%2Cpublishgroupname%2Cpublishtime%2Cmetaid%2Cbexxgk%2Ccolumnid%2Cinfocontenthashcode&group=distinct&level=6&sortFields=%5B%7B%22name%22%3A%22deploytime%22%2C%22type%22%3A%22desc%22%7D%5D,工信部公共全文搜索：查同型号/配置公开低温检测证据（完整有效接口参数）,JNJ7000EVF4,JNJ7000EVF4,ok,200,225,39d8642a1185122ef6e1fccc4ee28c0656f55d683c5e37ac90d6ec267edfe9f0,完整接口参数已用有结果的政策查询/特顺EV阳性对照验证；仅覆盖公开全文索引,
search_validated/model_JX7004ESABEV.json,search_validated/model_JX7004ESABEV.json.receipt.json,2026-10-09T07:45:54.776897+00:00,https://www.miit.gov.cn/search-front-server/api/search/info?websiteid=110000000000000&scope=basic&q=JX7004ESABEV&pg=10&p=1&cateid=47&pos=title_text%2Ctitlepy%2Cinfocontent%2Cfilenumbername%2Ckeyword%2Ccontentdescribe&selectFields=title%2Ccontent%2Cdeploytime%2C_index%2Curl%2Ccdate%2Cinfoextends%2Cinfocontentattribute%2Ckeyword%2Ccontentdescribe%2Csectitle%2Cpicpath%2Ccolumnname%2Cthemename%2Cpublishgroupname%2Cpublishtime%2Cmetaid%2Cbexxgk%2Ccolumnid%2Cinfocontenthashcode&group=distinct&level=6&sortFields=%5B%7B%22name%22%3A%22deploytime%22%2C%22type%22%3A%22desc%22%7D%5D,https://www.miit.gov.cn/search-front-server/api/search/info?websiteid=110000000000000&scope=basic&q=JX7004ESABEV&pg=10&p=1&cateid=47&pos=title_text%2Ctitlepy%2Cinfocontent%2Cfilenumbername%2Ckeyword%2Ccontentdescribe&selectFields=title%2Ccontent%2Cdeploytime%2C_index%2Curl%2Ccdate%2Cinfoextends%2Cinfocontentattribute%2Ckeyword%2Ccontentdescribe%2Csectitle%2Cpicpath%2Ccolumnname%2Cthemename%2Cpublishgroupname%2Cpublishtime%2Cmetaid%2Cbexxgk%2Ccolumnid%2Cinfocontenthashcode&group=distinct&level=6&sortFields=%5B%7B%22name%22%3A%22deploytime%22%2C%22type%22%3A%22desc%22%7D%5D,工信部公共全文搜索：查同型号/配置公开低温检测证据（完整有效接口参数）,JX7004ESABEV,JX7004ESABEV,ok,200,225,f00ec9f2508512b34cc81b899516204070cd5306b6d23376669962c50b209d4b,完整接口参数已用有结果的政策查询/特顺EV阳性对照验证；仅覆盖公开全文索引,
search_validated/model_LZW7005EVA5KBJA.json,search_validated/model_LZW7005EVA5KBJA.json.receipt.json,2026-10-09T07:45:54.940628+00:00,https://www.miit.gov.cn/search-front-server/api/search/info?websiteid=110000000000000&scope=basic&q=LZW7005EVA5KBJA&pg=10&p=1&cateid=47&pos=title_text%2Ctitlepy%2Cinfocontent%2Cfilenumbername%2Ckeyword%2Ccontentdescribe&selectFields=title%2Ccontent%2Cdeploytime%2C_index%2Curl%2Ccdate%2Cinfoextends%2Cinfocontentattribute%2Ckeyword%2Ccontentdescribe%2Csectitle%2Cpicpath%2Ccolumnname%2Cthemename%2Cpublishgroupname%2Cpublishtime%2Cmetaid%2Cbexxgk%2Ccolumnid%2Cinfocontenthashcode&group=distinct&level=6&sortFields=%5B%7B%22name%22%3A%22deploytime%22%2C%22type%22%3A%22desc%22%7D%5D,https://www.miit.gov.cn/search-front-server/api/search/info?websiteid=110000000000000&scope=basic&q=LZW7005EVA5KBJA&pg=10&p=1&cateid=47&pos=title_text%2Ctitlepy%2Cinfocontent%2Cfilenumbername%2Ckeyword%2Ccontentdescribe&selectFields=title%2Ccontent%2Cdeploytime%2C_index%2Curl%2Ccdate%2Cinfoextends%2Cinfocontentattribute%2Ckeyword%2Ccontentdescribe%2Csectitle%2Cpicpath%2Ccolumnname%2Cthemename%2Cpublishgroupname%2Cpublishtime%2Cmetaid%2Cbexxgk%2Ccolumnid%2Cinfocontenthashcode&group=distinct&level=6&sortFields=%5B%7B%22name%22%3A%22deploytime%22%2C%22type%22%3A%22desc%22%7D%5D,工信部公共全文搜索：查同型号/配置公开低温检测证据（完整有效接口参数）,LZW7005EVA5KBJA,LZW7005EVA5KBJA,ok,200,225,d474b6bbf36e50492427b1a6ff113c15d45f851ff3b18628a14697f0aa90f51f,完整接口参数已用有结果的政策查询/特顺EV阳性对照验证；仅覆盖公开全文索引,
search_validated/model_LZW7005EVC1EBJ.json,search_validated/model_LZW7005EVC1EBJ.json.receipt.json,2026-10-09T07:45:55.195741+00:00,https://www.miit.gov.cn/search-front-server/api/search/info?websiteid=110000000000000&scope=basic&q=LZW7005EVC1EBJ&pg=10&p=1&cateid=47&pos=title_text%2Ctitlepy%2Cinfocontent%2Cfilenumbername%2Ckeyword%2Ccontentdescribe&selectFields=title%2Ccontent%2Cdeploytime%2C_index%2Curl%2Ccdate%2Cinfoextends%2Cinfocontentattribute%2Ckeyword%2Ccontentdescribe%2Csectitle%2Cpicpath%2Ccolumnname%2Cthemename%2Cpublishgroupname%2Cpublishtime%2Cmetaid%2Cbexxgk%2Ccolumnid%2Cinfocontenthashcode&group=distinct&level=6&sortFields=%5B%7B%22name%22%3A%22deploytime%22%2C%22type%22%3A%22desc%22%7D%5D,https://www.miit.gov.cn/search-front-server/api/search/info?websiteid=110000000000000&scope=basic&q=LZW7005EVC1EBJ&pg=10&p=1&cateid=47&pos=title_text%2Ctitlepy%2Cinfocontent%2Cfilenumbername%2Ckeyword%2Ccontentdescribe&selectFields=title%2Ccontent%2Cdeploytime%2C_index%2Curl%2Ccdate%2Cinfoextends%2Cinfocontentattribute%2Ckeyword%2Ccontentdescribe%2Csectitle%2Cpicpath%2Ccolumnname%2Cthemename%2Cpublishgroupname%2Cpublishtime%2Cmetaid%2Cbexxgk%2Ccolumnid%2Cinfocontenthashcode&group=distinct&level=6&sortFields=%5B%7B%22name%22%3A%22deploytime%22%2C%22type%22%3A%22desc%22%7D%5D,工信部公共全文搜索：查同型号/配置公开低温检测证据（完整有效接口参数）,LZW7005EVC1EBJ,LZW7005EVC1EBJ,ok,200,225,c239e5e5a92130a27b572e37d962de9a3249e4fd1a48d66876312aa775c001c5,完整接口参数已用有结果的政策查询/特顺EV阳性对照验证；仅覆盖公开全文索引,
search_validated/model_SQJ7002YAC1BEV.json,search_validated/model_SQJ7002YAC1BEV.json.receipt.json,2026-10-09T07:45:55.627607+00:00,https://www.miit.gov.cn/search-front-server/api/search/info?websiteid=110000000000000&scope=basic&q=SQJ7002YAC1BEV&pg=10&p=1&cateid=47&pos=title_text%2Ctitlepy%2Cinfocontent%2Cfilenumbername%2Ckeyword%2Ccontentdescribe&selectFields=title%2Ccontent%2Cdeploytime%2C_index%2Curl%2Ccdate%2Cinfoextends%2Cinfocontentattribute%2Ckeyword%2Ccontentdescribe%2Csectitle%2Cpicpath%2Ccolumnname%2Cthemename%2Cpublishgroupname%2Cpublishtime%2Cmetaid%2Cbexxgk%2Ccolumnid%2Cinfocontenthashcode&group=distinct&level=6&sortFields=%5B%7B%22name%22%3A%22deploytime%22%2C%22type%22%3A%22desc%22%7D%5D,https://www.miit.gov.cn/search-front-server/api/search/info?websiteid=110000000000000&scope=basic&q=SQJ7002YAC1BEV&pg=10&p=1&cateid=47&pos=title_text%2Ctitlepy%2Cinfocontent%2Cfilenumbername%2Ckeyword%2Ccontentdescribe&selectFields=title%2Ccontent%2Cdeploytime%2C_index%2Curl%2Ccdate%2Cinfoextends%2Cinfocontentattribute%2Ckeyword%2Ccontentdescribe%2Csectitle%2Cpicpath%2Ccolumnname%2Cthemename%2Cpublishgroupname%2Cpublishtime%2Cmetaid%2Cbexxgk%2Ccolumnid%2Cinfocontenthashcode&group=distinct&level=6&sortFields=%5B%7B%22name%22%3A%22deploytime%22%2C%22type%22%3A%22desc%22%7D%5D,工信部公共全文搜索：查同型号/配置公开低温检测证据（完整有效接口参数）,SQJ7002YAC1BEV,SQJ7002YAC1BEV,ok,200,225,a6a73e6362dd15d58788856f8d1b411f0b4cbd2d0d51182c2043ec7d83da779e,完整接口参数已用有结果的政策查询/特顺EV阳性对照验证；仅覆盖公开全文索引,
search_validated/model_SQJ7002YACBEV.json,search_validated/model_SQJ7002YACBEV.json.receipt.json,2026-10-09T07:45:56.006481+00:00,https://www.miit.gov.cn/search-front-server/api/search/info?websiteid=110000000000000&scope=basic&q=SQJ7002YACBEV&pg=10&p=1&cateid=47&pos=title_text%2Ctitlepy%2Cinfocontent%2Cfilenumbername%2Ckeyword%2Ccontentdescribe&selectFields=title%2Ccontent%2Cdeploytime%2C_index%2Curl%2Ccdate%2Cinfoextends%2Cinfocontentattribute%2Ckeyword%2Ccontentdescribe%2Csectitle%2Cpicpath%2Ccolumnname%2Cthemename%2Cpublishgroupname%2Cpublishtime%2Cmetaid%2Cbexxgk%2Ccolumnid%2Cinfocontenthashcode&group=distinct&level=6&sortFields=%5B%7B%22name%22%3A%22deploytime%22%2C%22type%22%3A%22desc%22%7D%5D,https://www.miit.gov.cn/search-front-server/api/search/info?websiteid=110000000000000&scope=basic&q=SQJ7002YACBEV&pg=10&p=1&cateid=47&pos=title_text%2Ctitlepy%2Cinfocontent%2Cfilenumbername%2Ckeyword%2Ccontentdescribe&selectFields=title%2Ccontent%2Cdeploytime%2C_index%2Curl%2Ccdate%2Cinfoextends%2Cinfocontentattribute%2Ckeyword%2Ccontentdescribe%2Csectitle%2Cpicpath%2Ccolumnname%2Cthemename%2Cpublishgroupname%2Cpublishtime%2Cmetaid%2Cbexxgk%2Ccolumnid%2Cinfocontenthashcode&group=distinct&level=6&sortFields=%5B%7B%22name%22%3A%22deploytime%22%2C%22type%22%3A%22desc%22%7D%5D,工信部公共全文搜索：查同型号/配置公开低温检测证据（完整有效接口参数）,SQJ7002YACBEV,SQJ7002YACBEV,ok,200,225,3381b18a9ae8e6ba6e340b3502f4b86b0e143c9fa69c4df16f4fb48c21a78cdc,完整接口参数已用有结果的政策查询/特顺EV阳性对照验证；仅覆盖公开全文索引,
test_portals/catarc_cert.html,test_portals/catarc_cert.html.receipt.json,2026-10-09T07:44:29.867345+00:00,http://www.catarc-cert.cn/,https://www.catarc-cert.cn/,中汽中心官网链接的认证业务,,,ok,200,6031,c70cb41e9a3cac90f8b9fb088beb0e68e3e73f0cf7ed91e37a9883f8546d7e91,原始HTTP观察；未据状态推断完整报告取得,
test_portals/catarc_nb.html,test_portals/catarc_nb.html.receipt.json,2026-10-09T07:44:28.491101+00:00,http://www.catarc-nb.cn/,http://www.catarc-nb.cn/,中汽中心官网链接的宁波检验中心,,,ok,200,85063,1ebc8f2aa5c7d64c910bc55c2a8d80c0b40a0a37e76d25af3b484c61351c7fcd,原始HTTP观察；未据状态推断完整报告取得,
test_portals/catarc_wh.html,test_portals/catarc_wh.html.receipt.json,2026-10-09T07:44:28.488362+00:00,http://www.catarc-wh.cn/,https://www.catarc-wh.cn/,中汽中心官网链接的武汉检验中心,,,ok,200,753,65ab5dbef6d218dce6430fd9118ced4bd8a7608e8d4f70f215657cf55c67f1dc,原始HTTP观察；未据状态推断完整报告取得,
test_portals/cmvic.html,test_portals/cmvic.html.receipt.json,2026-10-09T07:44:30.761907+00:00,https://www.cmvic.com/#/index/index/,,中国汽研官网链接的国家机动车质量检验检测中心（重庆）,,,fetch_error,,,,原始HTTP观察；未据状态推断完整报告取得,TimeoutError('The read operation timed out')
test_portals/cqc_full.html,test_portals/cqc_full.html.receipt.json,2026-10-09T07:44:32.924516+00:00,https://www.cqc.com.cn/www/chinese/,https://www.cqc.com.cn/www/chinese/,中国质量认证中心完整中文站；CCC证书不能替代低温报告,,,ok,200,186,4e2f17e80ed62a4b7eb9b16699d7824469ef8840eb1188802c9fda7d29ca7af8,原始HTTP观察；未据状态推断完整报告取得,
test_portals/cqc_index_actual.html,test_portals/cqc_index_actual.html.receipt.json,2026-10-09T07:46:40.279462+00:00,https://www.cqc.com.cn/www/index.html,https://www.cqc.com.cn/www/index.html,官网JavaScript明确指向的公开入口,,,ok,200,0,e3b0c44298fc1c149afbf4c8996fb92427ae41e4649b934ca495991b7852b855,HTTP200但正文为空；未取得可核内容,
test_portals/gatc.html,test_portals/gatc.html.receipt.json,2026-10-09T07:44:28.488063+00:00,http://www.gatc.ac.cn/,http://www.gatc.ac.cn/,中汽中心官网链接的广州检验中心,,,http_error,403,33,beb861eaa39f786b701fafe0c93827f91c26b4fd7bda29668712515b031e2569,原始HTTP观察；未据状态推断完整报告取得,HTTP Error 403: Forbidden
test_portals/gatc_contact.html,test_portals/gatc_contact.html.receipt.json,2026-10-09T07:46:37.542221+00:00,https://www.gatc.ac.cn/n-344/,https://www.gatc.ac.cn/n-344/,官网链接的联系方式,,,http_error,403,33,beb861eaa39f786b701fafe0c93827f91c26b4fd7bda29668712515b031e2569,原始HTTP观察；未据状态推断完整报告取得,HTTP Error 403: Forbidden
test_portals/gatc_https.html,test_portals/gatc_https.html.receipt.json,2026-10-09T07:44:49.329436+00:00,https://www.gatc.ac.cn/,https://www.gatc.ac.cn/,中汽中心官网链接的广州检验中心（同站HTTPS入口）,,,ok,200,69963,a183307910b2ea810ed6e25a312062c95f7215c33e9bd67d4cbaf4efb707fa1a,原始HTTP观察；未据状态推断完整报告取得,
test_portals/gatc_lowtemp_service_20240726.html,test_portals/gatc_lowtemp_service_20240726.html.receipt.json,2026-10-09T07:48:40.241955+00:00,https://www.gatc.ac.cn/n-337/3856.html,https://www.gatc.ac.cn/n-337/3856.html,公开极寒测试服务说明；并非19配置低温报告,,,http_error,403,33,beb861eaa39f786b701fafe0c93827f91c26b4fd7bda29668712515b031e2569,原始HTTP观察；未据状态推断完整报告取得,HTTP Error 403: Forbidden
test_portals/gatc_search_form.html,test_portals/gatc_search_form.html.receipt.json,2026-10-09T07:46:37.542169+00:00,"https://www.gatc.ac.cn/search/?model=article,pic","https://www.gatc.ac.cn/search/?model=article,pic",官网链接的公开搜索表单,,,ok,200,19423,db96f1fcc34273b3927ebb170a5d722dbb17b13cc490ddcbeb46a8b45e2177cf,原始HTTP观察；未据状态推断完整报告取得,
test_portals/miit_lowtemp_policy_interpretation.html,test_portals/miit_lowtemp_policy_interpretation.html.receipt.json,2026-10-09T07:48:40.243527+00:00,https://www.miit.gov.cn/zwgk/zcjd/art/2023/art_907c636158d249d886a2ce661bcc4278.html,https://www.miit.gov.cn/zwgk/zcjd/art/2023/art_907c636158d249d886a2ce661bcc4278.html,工信部低温减免例外解释；政策条件不是目标配置试验观察,,,ok,200,16110,2c92c89c8720e728f6b89eb53ba6d93de7b003c515804052936ce25e20e51d40,原始HTTP观察；未据状态推断完整报告取得,
test_portals/nb_contact.html,test_portals/nb_contact.html.receipt.json,2026-10-09T07:46:39.024156+00:00,http://www.catarc-nb.cn/p/contact,http://www.catarc-nb.cn/p/contact,官网链接的联系方式,,,ok,200,22407,2582608d21c8a4c6b92ca6d6175cea654dcf99beb4b4814c5c3ce0ed8098aa87,原始HTTP观察；未据状态推断完整报告取得,
test_portals/smvic_cert.html,test_portals/smvic_cert.html.receipt.json,2026-10-09T07:44:32.254658+00:00,https://hss.smvic.com.cn/,https://hss.smvic.com.cn/,上海机动车检测认证技术研究中心官网链接的认证服务,,,ok,200,591944,78f79e65f3c0186ccac7bd9c1c0edd5d6eaed4d3d5c8dd62fc93970898730d9d,原始HTTP观察；未据状态推断完整报告取得,
test_portals/smvic_contacts.html,test_portals/smvic_contacts.html.receipt.json,2026-10-09T07:46:39.609438+00:00,https://hss.smvic.com.cn/indexquotation/?t=%E4%B8%9A%E5%8A%A1%E8%81%94%E7%B3%BB,https://hss.smvic.com.cn/indexquotation/?t=%E4%B8%9A%E5%8A%A1%E8%81%94%E7%B3%BB,认证平台公开业务联系；报告应向原机构确认,,,http_error,503,91,2f85832e31ca57711e6107af6b142363351ae516adb71c69afc643fac26be7f6,原始HTTP观察；未据状态推断完整报告取得,HTTP Error 503: Service Unavailable
test_portals/smvic_standard_amendment_clue.html,test_portals/smvic_standard_amendment_clue.html.receipt.json,2026-10-09T07:48:40.242323+00:00,https://hss.smvic.com.cn/indexnews/1384,https://hss.smvic.com.cn/indexnews/1384,机构平台2026修改单线索；须另核官方公告、不得回填历史标准版本,,,ok,200,107443,6c0b7784fb8c2ddced5457c081d0e7a1022d72a8c702f5fbfaf750f6a6eb7788,原始HTTP观察；未据状态推断完整报告取得,
test_portals/smvic_standard_entry.html,test_portals/smvic_standard_entry.html.receipt.json,2026-10-09T07:48:40.242574+00:00,https://hss.smvic.com.cn/indexnews/330,https://hss.smvic.com.cn/indexnews/330,机构平台标准条目；标准文本不能替代配置试验报告,,,http_error,503,91,2f85832e31ca57711e6107af6b142363351ae516adb71c69afc643fac26be7f6,原始HTTP观察；未据状态推断完整报告取得,HTTP Error 503: Service Unavailable
test_portals/tatc.html,test_portals/tatc.html.receipt.json,2026-10-09T07:44:28.487550+00:00,http://www.tatc.com.cn/,https://www.tatc.com.cn/,中汽中心官网链接的天津检验中心,,,ok,200,19340,ec6b861b8c7e519473ecc1d1d58d8c40e4ee25c30d61aa3f1dde6f97d0a84d27,原始HTTP观察；未据状态推断完整报告取得,
test_portals/tatc_capabilities.html,test_portals/tatc_capabilities.html.receipt.json,2026-10-09T07:46:37.541073+00:00,https://www.tatc.com.cn/jcnl,https://www.tatc.com.cn/jcnl,公开检测能力，不能替代目标报告,,,ok,200,6475,0d728e52cedd9512adf7b6002944f07f9e835ff538afdd5f1c2fc3fbaa7325e3,原始HTTP观察；未据状态推断完整报告取得,
test_portals/tatc_commission_form.docx,test_portals/tatc_commission_form.docx.receipt.json,2026-10-09T07:46:37.541969+00:00,https://www.tatc.com.cn/member/files/645504855661707264.docx,https://www.tatc.com.cn/member/files/645504855661707264.docx,官网链接的公开委托单，只提供询证渠道,,,ok,200,19876,8975b0ce8c3a9e0e1c31f6dec2a3cfd4c113cad67b32bf66ceaddc0dcc1165ff,原始HTTP观察；未据状态推断完整报告取得,
test_portals/tatc_public_contact.json,test_portals/tatc_public_contact.json.receipt.json,2026-10-09T07:50:21.376743+00:00,https://www.tatc.com.cn/commonContactUs,https://www.tatc.com.cn/commonContactUs,官网页脚JavaScript实际调用的公开联系信息接口,,,ok,200,1112,bda7beee4f0dead434db0ac5dd6a015c0ed41d04760da18711b9614b2caac240,原始HTTP观察；未据状态推断完整报告取得,
