model_key,cutoff,numeric_input_ready,range_point_km,density_proxy_point_Wh_per_kg,range_cycle_explicit,possible_latest_record_ids,numeric_layer,raw_threshold_predicate,raw_threshold_matches_exposure_layer,insufficient_reason,full_technical_conformity_certified,configuration_identity_certified
BAW6330CA41BEV,2023-12-10,1,112,101.3513513513513513513513514,,old-33-Word97--0-8,两项数值低于常规阈值,numeric_input_ready=1; range_point < 200: 1; density_proxy_point < 125: 1,1,,0,0
BAW6451MA4BEV,2023-12-10,0,301,,,old-35-Word97--0-15,单值不足,numeric_input_ready != 1；保持未知，不以0替代缺值,1,两项单值暴露不足,0,0
BAW6490MA51BEV,2023-12-10,0,260,,,old-62-Word97--0-10,单值不足,numeric_input_ready != 1；保持未知，不以0替代缺值,1,两项单值暴露不足,0,0
BAW6490MA5BEV,2023-12-10,0,260,,,old-61-Word97--0-45,单值不足,numeric_input_ready != 1；保持未知，不以0替代缺值,1,两项单值暴露不足,0,0
BAW6521MA51BEV,2023-12-10,0,280,,,old-62-Word97--0-11,单值不足,numeric_input_ready != 1；保持未知，不以0替代缺值,1,两项单值暴露不足,0,0
BAW6521MA5BEV,2023-12-10,0,280,,,old-60-Word97--0-33,单值不足,numeric_input_ready != 1；保持未知，不以0替代缺值,1,两项单值暴露不足,0,0
BAW6521MAJ1BEV,2023-12-10,0,330,,,old-67-Word97--0-5,单值不足,numeric_input_ready != 1；保持未知，不以0替代缺值,1,两项单值暴露不足,0,0
BAW6521MAJBEV,2023-12-10,0,251,,,old-69-Word97--0-11,单值不足,numeric_input_ready != 1；保持未知，不以0替代缺值,1,两项单值暴露不足,0,0
BAW6521MAK1BEV,2023-12-10,0,260,,,old-71-Word97--0-28,单值不足,numeric_input_ready != 1；保持未知，不以0替代缺值,1,两项单值暴露不足,0,0
BAW6521MAK2BEV,2023-12-10,0,330,,,old-71-Word97--0-29,单值不足,numeric_input_ready != 1；保持未知，不以0替代缺值,1,两项单值暴露不足,0,0
BAW6521MAKBEV,2023-12-10,0,401,,,old-66-Word97--0-3,单值不足,numeric_input_ready != 1；保持未知，不以0替代缺值,1,两项单值暴露不足,0,0
BAW7000UB42BEV,2023-12-10,1,131,110.3448275862068965517241379,,old-31-Word97--0-3,两项数值低于常规阈值,numeric_input_ready=1; range_point < 200: 1; density_proxy_point < 125: 1,1,,0,0
BAW7000UB43BEV,2023-12-10,1,122,102.6415094339622641509433962,,old-60-Word97--0-34,两项数值低于常规阈值,numeric_input_ready=1; range_point < 200: 1; density_proxy_point < 125: 1,1,,0,0
BAW7000UB44BEV,2023-12-10,1,172,114.5454545454545454545454545,,old-59-Word97--0-61,两项数值低于常规阈值,numeric_input_ready=1; range_point < 200: 1; density_proxy_point < 125: 1,1,,0,0
BAW7000UL41BEV,2023-12-10,1,108,113.6363636363636363636363636,,old-31-Word97--0-4,两项数值低于常规阈值,numeric_input_ready=1; range_point < 200: 1; density_proxy_point < 125: 1,1,,0,0
BAW7000UL42BEV,2023-12-10,1,120,111.9277108433734939759036145,,old-43-Word97--0-2,两项数值低于常规阈值,numeric_input_ready=1; range_point < 200: 1; density_proxy_point < 125: 1,1,,0,0
BAW7000UL44BEV,2023-12-10,1,121,100,,old-55-Word97--0-40,两项数值低于常规阈值,numeric_input_ready=1; range_point < 200: 1; density_proxy_point < 125: 1,1,,0,0
BAW7000UL46BEV,2023-12-10,1,172,113.3333333333333333333333333,,old-55-Word97--0-39,两项数值低于常规阈值,numeric_input_ready=1; range_point < 200: 1; density_proxy_point < 125: 1,1,,0,0
BAW7000UL47BEV,2023-12-10,1,172,114.1666666666666666666666667,,old-56-Word97--0-39,两项数值低于常规阈值,numeric_input_ready=1; range_point < 200: 1; density_proxy_point < 125: 1,1,,0,0
BAW7000UL48BEV,2023-12-10,1,220,121.6901408450704225352112676,,old-63-Word97--0-6,密度代理单项低于常规阈值,numeric_input_ready=1; range_point < 200: 0; density_proxy_point < 125: 1,1,,0,0
BAW7003UB53BEV,2023-12-10,0,610,,,old-43-Word97--0-3,单值不足,numeric_input_ready != 1；保持未知，不以0替代缺值,1,两项单值暴露不足,0,0
BAW7003UB54BEV,2023-12-10,0,420,,,old-44-Word97--0-3,单值不足,numeric_input_ready != 1；保持未知，不以0替代缺值,1,两项单值暴露不足,0,0
BBA7000EV(ZINORO1E),2023-12-10,1,150,50.52631578947368421052631579,,old-02-PDF-grid-2-0-2,两项数值低于常规阈值,numeric_input_ready=1; range_point < 200: 1; density_proxy_point < 125: 1,1,,0,0
BH7000BEVAA,2023-12-10,1,160,86.68730650154798761609907121,,old-02-PDF-grid-1-0-9,两项数值低于常规阈值,numeric_input_ready=1; range_point < 200: 1; density_proxy_point < 125: 1,1,,0,0
BH7000BEVBA,2023-12-10,0,270,,,old-10-PDF-grid-1-0-7,单值不足,numeric_input_ready != 1；保持未知，不以0替代缺值,1,两项单值暴露不足,0,0
BH7000BEVCAA,2023-12-10,1,490,133.8028169014084507042253521,,old-26-DOCX--0-14,两项数值均达到常规阈值,numeric_input_ready=1; range_point < 200: 0; density_proxy_point < 125: 0,1,,0,0
BH7000BEVDBA,2023-12-10,1,520,133.8028169014084507042253521,,old-36-Word97--0-2,两项数值均达到常规阈值,numeric_input_ready=1; range_point < 200: 0; density_proxy_point < 125: 0,1,,0,0
BH7000BEVSCA,2023-12-10,1,500,136.7521367521367521367521368,,old-25-Word97--0-16,两项数值均达到常规阈值,numeric_input_ready=1; range_point < 200: 0; density_proxy_point < 125: 0,1,,0,0
BH7001BEVBA,2023-12-10,1,310,108.5714285714285714285714286,,old-16-Word97--0-7,密度代理单项低于常规阈值,numeric_input_ready=1; range_point < 200: 0; density_proxy_point < 125: 1,1,,0,0
BJ6330CA41BEV,2023-12-10,1,112,101.3513513513513513513513514,,old-22-Word97--0-9,两项数值低于常规阈值,numeric_input_ready=1; range_point < 200: 1; density_proxy_point < 125: 1,1,,0,0
BJ6410U3DX-BEV,2023-12-10,1,250,114.7058823529411764705882353,,old-13-PDF-grid-1-0-5,密度代理单项低于常规阈值,numeric_input_ready=1; range_point < 200: 0; density_proxy_point < 125: 1,1,,0,0
BJ6410UC4EV,2023-12-10,1,250,114.7058823529411764705882353,,old-09-PDF-grid-1-0-15,密度代理单项低于常规阈值,numeric_input_ready=1; range_point < 200: 0; density_proxy_point < 125: 1,1,,0,0
BJ6420MA41BEV,2023-12-10,1,200,100,,old-11-PDF-grid-1-0-7,密度代理单项低于常规阈值,numeric_input_ready=1; range_point < 200: 0; density_proxy_point < 125: 1,1,,0,0
BJ6420MA42BEV,2023-12-10,1,200,104.7619047619047619047619048,,old-11-PDF-grid-1-0-6,密度代理单项低于常规阈值,numeric_input_ready=1; range_point < 200: 0; density_proxy_point < 125: 1,1,,0,0
BJ6425EVAA1,2023-12-10,0,251,,,old-11-PDF-grid-1-0-10,单值不足,numeric_input_ready != 1；保持未知，不以0替代缺值,1,两项单值暴露不足,0,0
BJ6425EVAA2,2023-12-10,1,185,102.6490066225165562913907285,,old-12-PDF-grid-1-0-5,两项数值低于常规阈值,numeric_input_ready=1; range_point < 200: 1; density_proxy_point < 125: 1,1,,0,0
BJ6438EV3-1,2023-12-10,1,160,120,,old-02-PDF-grid-1-0-10,两项数值低于常规阈值,numeric_input_ready=1; range_point < 200: 1; density_proxy_point < 125: 1,1,,0,0
BJ6450D46BEV,2023-12-10,1,500,135.172413793103448275862069,CLTC,old-65-Word97--0-19,两项数值均达到常规阈值,numeric_input_ready=1; range_point < 200: 0; density_proxy_point < 125: 0,1,,0,0
BJ6450JJN6XBEV,2023-12-10,1,180,120.8791208791208791208791209,,old-13-PDF-grid-1-0-4,两项数值低于常规阈值,numeric_input_ready=1; range_point < 200: 1; density_proxy_point < 125: 1,1,,0,0
BJ6450L3R-BEV,2023-12-10,1,150,83.70044052863436123348017621,,old-02-PDF-grid-1-0-2,两项数值低于常规阈值,numeric_input_ready=1; range_point < 200: 1; density_proxy_point < 125: 1,1,,0,0
BJ6450UD4EV,2023-12-10,1,415,137.7777777777777777777777778,,old-22-Word97--0-17,两项数值均达到常规阈值,numeric_input_ready=1; range_point < 200: 0; density_proxy_point < 125: 0,1,,0,0
BJ6455EVAA2,2023-12-10,0,360,,,old-18-Word97--0-7,单值不足,numeric_input_ready != 1；保持未知，不以0替代缺值,1,两项单值暴露不足,0,0
BJ6470A501BEV,2023-12-10,1,660,168.5106382978723404255319149,,old-68-Word97--0-6,两项数值均达到常规阈值,numeric_input_ready=1; range_point < 200: 0; density_proxy_point < 125: 0,1,,0,0
BJ6470A502BEV,2023-12-10,1,520,135.1351351351351351351351351,,old-68-Word97--0-7,两项数值均达到常规阈值,numeric_input_ready=1; range_point < 200: 0; density_proxy_point < 125: 0,1,,0,0
BJ6470A503BEV,2023-12-10,1,710,173.3333333333333333333333333,CLTC,old-71-Word97--0-35,两项数值均达到常规阈值,numeric_input_ready=1; range_point < 200: 0; density_proxy_point < 125: 0,1,,0,0
BJ6470A50BEV,2023-12-10,1,660,173.3333333333333333333333333,CLTC,old-62-Word97--0-22,两项数值均达到常规阈值,numeric_input_ready=1; range_point < 200: 0; density_proxy_point < 125: 0,1,,0,0
BJ6471NABEV1,2023-12-10,1,512,187.9795396419437340153452685,CLTC,old-44-Word97--0-20,两项数值均达到常规阈值,numeric_input_ready=1; range_point < 200: 0; density_proxy_point < 125: 0,1,,0,0
BJ6471NBEV1,2023-12-10,1,600,187.9795396419437340153452685,CLTC,old-49-Word97--0-12,两项数值均达到常规阈值,numeric_input_ready=1; range_point < 200: 0; density_proxy_point < 125: 0,1,,0,0
BJ6480A602BEV,2023-12-10,1,480,139.2638036809815950920245399,CLTC,old-60-Word97--0-25,两项数值均达到常规阈值,numeric_input_ready=1; range_point < 200: 0; density_proxy_point < 125: 0,1,,0,0
BJ6480A603BEV,2023-12-10,1,688,182.7852998065764023210831721,CLTC,old-62-Word97--0-21,两项数值均达到常规阈值,numeric_input_ready=1; range_point < 200: 0; density_proxy_point < 125: 0,1,,0,0
BJ6480A604BEV,2023-12-10,1,688,175.9067844390152227024995302,CLTC,old-62-Word97--0-17,两项数值均达到常规阈值,numeric_input_ready=1; range_point < 200: 0; density_proxy_point < 125: 0,1,,0,0
BJ6480A605BEV,2023-12-10,1,688,182.7852998065764023210831721,CLTC,old-62-Word97--0-20,两项数值均达到常规阈值,numeric_input_ready=1; range_point < 200: 0; density_proxy_point < 125: 0,1,,0,0
BJ6480A606BEV,2023-12-10,1,500,136.2683438155136268343815514,CLTC,old-70-Word97--0-15,两项数值均达到常规阈值,numeric_input_ready=1; range_point < 200: 0; density_proxy_point < 125: 0,1,,0,0
BJ6480A607BEV,2023-12-10,1,618,166.6666666666666666666666667,CLTC,old-68-Word97--0-5,两项数值均达到常规阈值,numeric_input_ready=1; range_point < 200: 0; density_proxy_point < 125: 0,1,,0,0
BJ6480A60BEV,2023-12-10,1,653,173.0129390018484288354898336,CLTC,old-55-Word97--0-26,两项数值均达到常规阈值,numeric_input_ready=1; range_point < 200: 0; density_proxy_point < 125: 0,1,,0,0
BJ6480BSA-BEV,2023-12-10,1,480,168.3417085427135678391959799,,old-32-Word97--0-13,两项数值均达到常规阈值,numeric_input_ready=1; range_point < 200: 0; density_proxy_point < 125: 0,1,,0,0
BJ6480BSA1-BEV,2023-12-10,1,653,176.6917293233082706766917293,,old-32-Word97--0-14,两项数值均达到常规阈值,numeric_input_ready=1; range_point < 200: 0; density_proxy_point < 125: 0,1,,0,0
BJ6480BSA2-BEV,2023-12-10,1,600,173.752310536044362292051756,,old-33-Word97--0-22,两项数值均达到常规阈值,numeric_input_ready=1; range_point < 200: 0; density_proxy_point < 125: 0,1,,0,0
BJ6480BSA4-BEV,2023-12-10,1,653,176.6917293233082706766917293,,old-36-Word97--0-5,两项数值均达到常规阈值,numeric_input_ready=1; range_point < 200: 0; density_proxy_point < 125: 0,1,,0,0
BJ6480BSA5-BEV,2023-12-10,1,480,168.7657430730478589420654912,,old-36-Word97--0-6,两项数值均达到常规阈值,numeric_input_ready=1; range_point < 200: 0; density_proxy_point < 125: 0,1,,0,0
BJ6480BSA6-BEV,2023-12-10,1,480,176.4705882352941176470588235,,old-34-Word97--0-24,两项数值均达到常规阈值,numeric_input_ready=1; range_point < 200: 0; density_proxy_point < 125: 0,1,,0,0
BJ6480BSA7-BEV,2023-12-10,1,480,175.4010695187165775401069519,,old-38-Word97--0-10,两项数值均达到常规阈值,numeric_input_ready=1; range_point < 200: 0; density_proxy_point < 125: 0,1,,0,0
BJ6480BSA8-BEV,2023-12-10,1,653,182.7852998065764023210831721,CLTC,old-48-Word97--0-28,两项数值均达到常规阈值,numeric_input_ready=1; range_point < 200: 0; density_proxy_point < 125: 0,1,,0,0
BJ6480BSA9-BEV,2023-12-10,1,653,182.7852998065764023210831721,CLTC,old-47-Word97--0-17,两项数值均达到常规阈值,numeric_input_ready=1; range_point < 200: 0; density_proxy_point < 125: 0,1,,0,0
BJ6480BSAA-BEV,2023-12-10,1,600,181.7307692307692307692307692,CLTC,old-47-Word97--0-16,两项数值均达到常规阈值,numeric_input_ready=1; range_point < 200: 0; density_proxy_point < 125: 0,1,,0,0
BJ6480BSAB-BEV,2023-12-10,1,653,173.0129390018484288354898336,CLTC,old-55-Word97--0-27,两项数值均达到常规阈值,numeric_input_ready=1; range_point < 200: 0; density_proxy_point < 125: 0,1,,0,0
BJ6480LABEV,2023-12-10,1,415,124.6056782334384858044164038,,old-26-DOCX--0-3,密度代理单项低于常规阈值,numeric_input_ready=1; range_point < 200: 0; density_proxy_point < 125: 1,1,,0,0
BJ6480LABEV1,2023-12-10,1,415,124.6056782334384858044164038,,old-25-Word97--0-3,密度代理单项低于常规阈值,numeric_input_ready=1; range_point < 200: 0; density_proxy_point < 125: 1,1,,0,0
BJ6480LABEV2,2023-12-10,1,408,124.6056782334384858044164038,,old-25-Word97--0-4,密度代理单项低于常规阈值,numeric_input_ready=1; range_point < 200: 0; density_proxy_point < 125: 1,1,,0,0
BJ6480LABEV3,2023-12-10,1,408,124.6056782334384858044164038,,old-26-DOCX--0-4,密度代理单项低于常规阈值,numeric_input_ready=1; range_point < 200: 0; density_proxy_point < 125: 1,1,,0,0
BJ6490DMN5XBEV,2023-12-10,0,240,,,old-46-Word97--0-28,单值不足,numeric_input_ready != 1；保持未知，不以0替代缺值,1,两项单值暴露不足,0,0
BJ6493PABEV1,2023-12-10,1,613,158.5034013605442176870748299,CLTC,old-61-Word97--0-3,两项数值均达到常规阈值,numeric_input_ready=1; range_point < 200: 0; density_proxy_point < 125: 0,1,,0,0
BJ6493PABEV2,2023-12-10,1,595,158.5034013605442176870748299,CLTC,old-61-Word97--0-6,两项数值均达到常规阈值,numeric_input_ready=1; range_point < 200: 0; density_proxy_point < 125: 0,1,,0,0
BJ6493PABEV3,2023-12-10,1,609,172.5314183123877917414721724,CLTC,old-61-Word97--0-4,两项数值均达到常规阈值,numeric_input_ready=1; range_point < 200: 0; density_proxy_point < 125: 0,1,,0,0
BJ6526EVAA1,2023-12-10,0,280,,,old-61-Word97--0-44,单值不足,numeric_input_ready != 1；保持未知，不以0替代缺值,1,两项单值暴露不足,0,0
BJ6533EVCA1,2023-12-10,0,305,,,old-19-DOCX--0-9,单值不足,numeric_input_ready != 1；保持未知，不以0替代缺值,1,两项单值暴露不足,0,0
BJ6533EVCA2,2023-12-10,0,500,,,old-44-Word97--0-2,单值不足,numeric_input_ready != 1；保持未知，不以0替代缺值,1,两项单值暴露不足,0,0
BJ6539EVAA1,2023-12-10,0,,,,old-55-Word97--0-38,单值不足,numeric_input_ready != 1；保持未知，不以0替代缺值,1,两项单值暴露不足,0,0
BJ6539EVAA2,2023-12-10,0,,,,old-57-Word97--0-40,单值不足,numeric_input_ready != 1；保持未知，不以0替代缺值,1,两项单值暴露不足,0,0
BJ6608EVAA1,2023-12-10,1,341.5,140.2105263157894736842105263,,old-42-Word97--0-2,两项数值均达到常规阈值,numeric_input_ready=1; range_point < 200: 0; density_proxy_point < 125: 0,1,,0,0
BJ7000B3D-BEV,2023-12-10,1,150,84.55882352941176470588235294,,old-02-PDF-grid-1-0-4,两项数值低于常规阈值,numeric_input_ready=1; range_point < 200: 1; density_proxy_point < 125: 1,1,,0,0
BJ7000B3D1-BEV,2023-12-10,1,160,91.22807017543859649122807018,,old-01-PDF-grid-1-0-3,两项数值低于常规阈值,numeric_input_ready=1; range_point < 200: 1; density_proxy_point < 125: 1,1,,0,0
BJ7000B3D2-BEV,2023-12-10,1,150,101.0830324909747292418772563,,old-02-PDF-grid-1-0-3,两项数值低于常规阈值,numeric_input_ready=1; range_point < 200: 1; density_proxy_point < 125: 1,1,,0,0
BJ7000B3D5-BEV,2023-12-10,1,160,91.22807017543859649122807018,,old-03-PDF-grid-1-0-7,两项数值低于常规阈值,numeric_input_ready=1; range_point < 200: 1; density_proxy_point < 125: 1,1,,0,0
BJ7000B3D6-BEV,2023-12-10,1,150,85.24590163934426229508196721,,old-03-PDF-grid-1-0-6,两项数值低于常规阈值,numeric_input_ready=1; range_point < 200: 1; density_proxy_point < 125: 1,1,,0,0
BJ7000B3D7-BEV,2023-12-10,1,150,76.36363636363636363636363636,,old-05-PDF-grid-1-0-2,两项数值低于常规阈值,numeric_input_ready=1; range_point < 200: 1; density_proxy_point < 125: 1,1,,0,0
BJ7000B3DA-BEV,2023-12-10,1,180,96.21993127147766323024054983,,old-08-PDF-grid-1-0-5,两项数值低于常规阈值,numeric_input_ready=1; range_point < 200: 1; density_proxy_point < 125: 1,1,,0,0
BJ7000BRDA-BEV,2023-12-10,1,150,87.71929824561403508771929825,,old-08-PDF-grid-1-0-8,两项数值低于常规阈值,numeric_input_ready=1; range_point < 200: 1; density_proxy_point < 125: 1,1,,0,0
BJ7000BRDB-BEV,2023-12-10,1,150,97.95918367346938775510204082,,old-09-PDF-grid-1-0-11,两项数值低于常规阈值,numeric_input_ready=1; range_point < 200: 1; density_proxy_point < 125: 1,1,,0,0
BJ7000BRDFC-BEV,2023-12-10,1,301,123.4939759036144578313253012,,old-16-Word97--0-11,密度代理单项低于常规阈值,numeric_input_ready=1; range_point < 200: 0; density_proxy_point < 125: 1,1,,0,0
BJ7000C5D2-BEV,2023-12-10,1,460,141.1764705882352941176470588,,old-18-Word97--0-9,两项数值均达到常规阈值,numeric_input_ready=1; range_point < 200: 0; density_proxy_point < 125: 0,1,,0,0
BJ7000C5D3-BEV,2023-12-10,1,416,142.1052631578947368421052632,,old-17-PDF-grid-1-0-6,两项数值均达到常规阈值,numeric_input_ready=1; range_point < 200: 0; density_proxy_point < 125: 0,1,,0,0
BJ7000C5D3K-BEV,2023-12-10,1,416,142.1052631578947368421052632,,old-30-Word97--0-8,两项数值均达到常规阈值,numeric_input_ready=1; range_point < 200: 0; density_proxy_point < 125: 0,1,,0,0
BJ7000C5D4-BEV,2023-12-10,1,501,141.1764705882352941176470588,,old-24-Word97--0-15,两项数值均达到常规阈值,numeric_input_ready=1; range_point < 200: 0; density_proxy_point < 125: 0,1,,0,0
BJ7000C5D5-BEV,2023-12-10,1,452,142.1052631578947368421052632,,old-24-Word97--0-16,两项数值均达到常规阈值,numeric_input_ready=1; range_point < 200: 0; density_proxy_point < 125: 0,1,,0,0
BJ7000C5D7-BEV,2023-12-10,1,416,159.375,,old-25-Word97--0-15,两项数值均达到常规阈值,numeric_input_ready=1; range_point < 200: 0; density_proxy_point < 125: 0,1,,0,0
BJ7000C5DA-BEV,2023-12-10,1,401,161.2903225806451612903225806,,old-30-Word97--0-12,两项数值均达到常规阈值,numeric_input_ready=1; range_point < 200: 0; density_proxy_point < 125: 0,1,,0,0
BJ7000C5DAK-BEV,2023-12-10,1,401,161.2903225806451612903225806,,old-33-Word97--0-47,两项数值均达到常规阈值,numeric_input_ready=1; range_point < 200: 0; density_proxy_point < 125: 0,1,,0,0
BJ7000C5DB-BEV,2023-12-10,1,350,122.9050279329608938547486034,,old-32-Word97--0-9,密度代理单项低于常规阈值,numeric_input_ready=1; range_point < 200: 0; density_proxy_point < 125: 1,1,,0,0
BJ7000C5DBK-BEV,2023-12-10,1,350,122.9050279329608938547486034,,old-35-Word97--0-17,密度代理单项低于常规阈值,numeric_input_ready=1; range_point < 200: 0; density_proxy_point < 125: 1,1,,0,0
BJ7000C5DC-BEV,2023-12-10,1,401,169.4915254237288135593220339,,old-32-Word97--0-10,两项数值均达到常规阈值,numeric_input_ready=1; range_point < 200: 0; density_proxy_point < 125: 0,1,,0,0
BJ7000C5DD-BEV,2023-12-10,1,401,161.2903225806451612903225806,,old-35-Word97--0-16,两项数值均达到常规阈值,numeric_input_ready=1; range_point < 200: 0; density_proxy_point < 125: 0,1,,0,0
BJ7000C5DDK-BEV,2023-12-10,1,401,160,CLTC,old-60-Word97--0-8,两项数值均达到常规阈值,numeric_input_ready=1; range_point < 200: 0; density_proxy_point < 125: 0,1,,0,0
BJ7000C5DE-BEV,2023-12-10,1,350,122.9050279329608938547486034,,old-34-Word97--0-15,密度代理单项低于常规阈值,numeric_input_ready=1; range_point < 200: 0; density_proxy_point < 125: 1,1,,0,0
BJ7000C5DEK-BEV,2023-12-10,1,350,122.9050279329608938547486034,,old-37-Word97--0-13,密度代理单项低于常规阈值,numeric_input_ready=1; range_point < 200: 0; density_proxy_point < 125: 1,1,,0,0
BJ7000C5DES-SEV,2023-12-10,1,350,123.1843575418994413407821229,CLTC,old-58-Word97--0-4,密度代理单项低于常规阈值,numeric_input_ready=1; range_point < 200: 0; density_proxy_point < 125: 1,1,,0,0
BJ7000C5DF-BEV,2023-12-10,1,501,184.8484848484848484848484848,,old-34-Word97--0-16,两项数值均达到常规阈值,numeric_input_ready=1; range_point < 200: 0; density_proxy_point < 125: 0,1,,0,0
BJ7000C5DFK-BEV,2023-12-10,1,501,183.9393939393939393939393939,CLTC,old-49-Word97--0-15,两项数值均达到常规阈值,numeric_input_ready=1; range_point < 200: 0; density_proxy_point < 125: 0,1,,0,0
BJ7000C5DH-BEV,2023-12-10,1,416,161.2903225806451612903225806,,old-34-Word97--0-17,两项数值均达到常规阈值,numeric_input_ready=1; range_point < 200: 0; density_proxy_point < 125: 0,1,,0,0
BJ7000C5DHK-BEV,2023-12-10,1,416,160,CLTC,old-49-Word97--0-14,两项数值均达到常规阈值,numeric_input_ready=1; range_point < 200: 0; density_proxy_point < 125: 0,1,,0,0
BJ7000C5E1-BEV,2023-12-10,1,200,96.20253164556962025316455696,,old-04-PDF-grid-1-0-2,密度代理单项低于常规阈值,numeric_input_ready=1; range_point < 200: 0; density_proxy_point < 125: 1,1,,0,0
BJ7000C5E2-BEV,2023-12-10,1,252,96.20253164556962025316455696,,old-09-PDF-grid-1-0-3,密度代理单项低于常规阈值,numeric_input_ready=1; range_point < 200: 0; density_proxy_point < 125: 1,1,,0,0
BJ7000C5E2G-BEV,2023-12-10,1,252,96.20253164556962025316455696,,old-09-PDF-grid-1-0-13,密度代理单项低于常规阈值,numeric_input_ready=1; range_point < 200: 0; density_proxy_point < 125: 1,1,,0,0
BJ7000C5E3-BEV,2023-12-10,1,300,112.5,,old-09-PDF-grid-1-0-9,密度代理单项低于常规阈值,numeric_input_ready=1; range_point < 200: 0; density_proxy_point < 125: 1,1,,0,0
BJ7000C5E4-BEV,2023-12-10,1,360,115.1385927505330490405117271,,old-09-PDF-grid-1-0-4,密度代理单项低于常规阈值,numeric_input_ready=1; range_point < 200: 0; density_proxy_point < 125: 1,1,,0,0
BJ7000C5E6-BEV,2023-12-10,1,300,121.6216216216216216216216216,,old-14-Word97--0-4,密度代理单项低于常规阈值,numeric_input_ready=1; range_point < 200: 0; density_proxy_point < 125: 1,1,,0,0
BJ7000C5E7-BEV,2023-12-10,1,300,121.6216216216216216216216216,,old-10-PDF-grid-1-0-5,密度代理单项低于常规阈值,numeric_input_ready=1; range_point < 200: 0; density_proxy_point < 125: 1,1,,0,0
BJ7000C5E7G-BEV,2023-12-10,1,300,121.6216216216216216216216216,,old-20-DOCX--0-3,密度代理单项低于常规阈值,numeric_input_ready=1; range_point < 200: 0; density_proxy_point < 125: 1,1,,0,0
BJ7000C5E8-BEV,2023-12-10,1,300,127.027027027027027027027027,,old-11-PDF-grid-1-0-5,两项数值均达到常规阈值,numeric_input_ready=1; range_point < 200: 0; density_proxy_point < 125: 0,1,,0,0
BJ7000C5E9-BEV,2023-12-10,1,300,101.265822784810126582278481,,old-16-Word97--0-4,密度代理单项低于常规阈值,numeric_input_ready=1; range_point < 200: 0; density_proxy_point < 125: 1,1,,0,0
BJ7000C5EB-BEV,2023-12-10,1,305,136.222910216718266253869969,,old-25-Word97--0-11,两项数值均达到常规阈值,numeric_input_ready=1; range_point < 200: 0; density_proxy_point < 125: 0,1,,0,0
BJ7000C5EBK-BEV,2023-12-10,1,305,136.222910216718266253869969,,old-34-Word97--0-46,两项数值均达到常规阈值,numeric_input_ready=1; range_point < 200: 0; density_proxy_point < 125: 0,1,,0,0
BJ7000C5EC-BEV,2023-12-10,1,321,137.1428571428571428571428571,,old-25-Word97--0-12,两项数值均达到常规阈值,numeric_input_ready=1; range_point < 200: 0; density_proxy_point < 125: 0,1,,0,0
BJ7000C5ED-BEV,2023-12-10,1,321,137.1428571428571428571428571,,old-25-Word97--0-13,两项数值均达到常规阈值,numeric_input_ready=1; range_point < 200: 0; density_proxy_point < 125: 0,1,,0,0
BJ7000C5EDK-BEV,2023-12-10,1,321,137.1428571428571428571428571,,old-30-Word97--0-9,两项数值均达到常规阈值,numeric_input_ready=1; range_point < 200: 0; density_proxy_point < 125: 0,1,,0,0
BJ7000C5EE-BEV,2023-12-10,1,300,122.0238095238095238095238095,,old-32-Word97--0-8,密度代理单项低于常规阈值,numeric_input_ready=1; range_point < 200: 0; density_proxy_point < 125: 1,1,,0,0
BJ7000C5FBEV,2023-12-10,1,451,141.1764705882352941176470588,,old-24-Word97--2-17,两项数值均达到常规阈值,numeric_input_ready=1; range_point < 200: 0; density_proxy_point < 125: 0,1,,0,0
BJ7000C5FK-BEV,2023-12-10,1,451,141.1764705882352941176470588,,old-33-Word97--0-48,两项数值均达到常规阈值,numeric_input_ready=1; range_point < 200: 0; density_proxy_point < 125: 0,1,,0,0
BJ7000C7H1-BEV,2023-12-10,1,170,101.3333333333333333333333333,,old-01-PDF-grid-1-0-4,两项数值低于常规阈值,numeric_input_ready=1; range_point < 200: 1; density_proxy_point < 125: 1,1,,0,0
BJ7000C7H3-BEV,2023-12-10,1,170,111.4369501466275659824046921,,old-01-PDF-grid-1-0-5,两项数值低于常规阈值,numeric_input_ready=1; range_point < 200: 1; density_proxy_point < 125: 1,1,,0,0
BJ7000C8G-BEV,2023-12-10,1,300,117.0212765957446808510638298,,old-08-PDF-grid-1-0-6,密度代理单项低于常规阈值,numeric_input_ready=1; range_point < 200: 0; density_proxy_point < 125: 1,1,,0,0
BJ7000CTD-BEV,2023-12-10,1,416,142.1052631578947368421052632,,old-27-Word97--0-9,两项数值均达到常规阈值,numeric_input_ready=1; range_point < 200: 0; density_proxy_point < 125: 0,1,,0,0
BJ7000CTD1-BEV,2023-12-10,1,401,161.2903225806451612903225806,,old-34-Word97--0-10,两项数值均达到常规阈值,numeric_input_ready=1; range_point < 200: 0; density_proxy_point < 125: 0,1,,0,0
BJ7000CTD2-BEV,2023-12-10,1,401,161.2903225806451612903225806,,old-34-Word97--0-11,两项数值均达到常规阈值,numeric_input_ready=1; range_point < 200: 0; density_proxy_point < 125: 0,1,,0,0
BJ7000KPC4C-BEV,2023-12-10,1,301,136.1702127659574468085106383,,old-21-DOCX--0-3,两项数值均达到常规阈值,numeric_input_ready=1; range_point < 200: 0; density_proxy_point < 125: 0,1,,0,0
BJ7000KPCC-BEV,2023-12-10,1,150,119.7183098591549295774647887,,old-10-PDF-grid-1-0-9,两项数值低于常规阈值,numeric_input_ready=1; range_point < 200: 1; density_proxy_point < 125: 1,1,,0,0
BJ7000U3D-BEV,2023-12-10,1,200,96.21993127147766323024054983,,old-08-PDF-grid-1-0-3,密度代理单项低于常规阈值,numeric_input_ready=1; range_point < 200: 0; density_proxy_point < 125: 1,1,,0,0
BJ7000U3D2-BEV,2023-12-10,1,250,114.7058823529411764705882353,,old-09-PDF-grid-1-0-8,密度代理单项低于常规阈值,numeric_input_ready=1; range_point < 200: 0; density_proxy_point < 125: 1,1,,0,0
BJ7000U3D7-BEV,2023-12-10,1,318,121.5189873417721518987341772,,old-13-PDF-grid-1-0-3,密度代理单项低于常规阈值,numeric_input_ready=1; range_point < 200: 0; density_proxy_point < 125: 1,1,,0,0
BJ7000U3D7G-BEV,2023-12-10,1,318,121.5189873417721518987341772,,old-21-DOCX--0-2,密度代理单项低于常规阈值,numeric_input_ready=1; range_point < 200: 0; density_proxy_point < 125: 1,1,,0,0
BJ7000URD4C-BEV,2023-12-10,1,318,121.5189873417721518987341772,,old-16-Word97--0-10,密度代理单项低于常规阈值,numeric_input_ready=1; range_point < 200: 0; density_proxy_point < 125: 1,1,,0,0
BJ7000URDK-BEV,2023-12-10,1,318,121.5189873417721518987341772,,old-30-Word97--0-10,密度代理单项低于常规阈值,numeric_input_ready=1; range_point < 200: 0; density_proxy_point < 125: 1,1,,0,0
BJ7000USD-BEV,2023-12-10,1,476,142.5233644859813084112149533,,old-19-DOCX--0-8,两项数值均达到常规阈值,numeric_input_ready=1; range_point < 200: 0; density_proxy_point < 125: 0,1,,0,0
BJ7000USD1-BEV,2023-12-10,1,501,155.21628498727735368956743,,old-23-Word97--0-2,两项数值均达到常规阈值,numeric_input_ready=1; range_point < 200: 0; density_proxy_point < 125: 0,1,,0,0
BJ7000USD2-BEV,2023-12-10,1,421,140.5835543766578249336870027,,old-24-Word97--0-13,两项数值均达到常规阈值,numeric_input_ready=1; range_point < 200: 0; density_proxy_point < 125: 0,1,,0,0
BJ7000USD3-BEV,2023-12-10,1,312,134.4827586206896551724137931,,old-34-Word97--0-12,两项数值均达到常规阈值,numeric_input_ready=1; range_point < 200: 0; density_proxy_point < 125: 0,1,,0,0
BJ7000USD4-BEV,2023-12-10,1,416,161.2903225806451612903225806,,old-34-Word97--0-13,两项数值均达到常规阈值,numeric_input_ready=1; range_point < 200: 0; density_proxy_point < 125: 0,1,,0,0
BJ7000USD5-BEV,2023-12-10,1,501,184.8484848484848484848484848,,old-34-Word97--0-14,两项数值均达到常规阈值,numeric_input_ready=1; range_point < 200: 0; density_proxy_point < 125: 0,1,,0,0
BJ7000USD6-BEV,2023-12-10,1,410,159.375,,old-31-Word97--0-5,两项数值均达到常规阈值,numeric_input_ready=1; range_point < 200: 0; density_proxy_point < 125: 0,1,,0,0
BJ7000USD8-BEV,2023-12-10,1,470,200.952380952380952380952381,,old-40-Word97--0-10,两项数值均达到常规阈值,numeric_input_ready=1; range_point < 200: 0; density_proxy_point < 125: 0,1,,0,0
BJ7001A512BEV,2023-12-10,1,560,135.1351351351351351351351351,CLTC,old-69-Word97--0-27,两项数值均达到常规阈值,numeric_input_ready=1; range_point < 200: 0; density_proxy_point < 125: 0,1,,0,0
BJ7001A612BEV,2023-12-10,1,708,173.0129390018484288354898336,CLTC,old-55-Word97--0-25,两项数值均达到常规阈值,numeric_input_ready=1; range_point < 200: 0; density_proxy_point < 125: 0,1,,0,0
BJ7001A615BEV,2023-12-10,1,525,139.2638036809815950920245399,CLTC,old-60-Word97--0-24,两项数值均达到常规阈值,numeric_input_ready=1; range_point < 200: 0; density_proxy_point < 125: 0,1,,0,0
BJ7001A616BEV,2023-12-10,1,650,172,CLTC,old-64-Word97--0-14,两项数值均达到常规阈值,numeric_input_ready=1; range_point < 200: 0; density_proxy_point < 125: 0,1,,0,0
BJ7001A617BEV,2023-12-10,1,735,175.9067844390152227024995302,CLTC,old-62-Word97--0-18,两项数值均达到常规阈值,numeric_input_ready=1; range_point < 200: 0; density_proxy_point < 125: 0,1,,0,0
BJ7001A618BEV,2023-12-10,1,735,182.7852998065764023210831721,CLTC,old-62-Word97--0-19,两项数值均达到常规阈值,numeric_input_ready=1; range_point < 200: 0; density_proxy_point < 125: 0,1,,0,0
BJ7001A619BEV,2023-12-10,1,735,182.7852998065764023210831721,CLTC,old-62-Word97--0-16,两项数值均达到常规阈值,numeric_input_ready=1; range_point < 200: 0; density_proxy_point < 125: 0,1,,0,0
BJ7001A61EBEV,2023-12-10,1,525,136.2683438155136268343815514,CLTC,old-71-Word97--0-34,两项数值均达到常规阈值,numeric_input_ready=1; range_point < 200: 0; density_proxy_point < 125: 0,1,,0,0
BJ7001A61FBEV,2023-12-10,1,650,166.6666666666666666666666667,CLTC,old-68-Word97--0-4,两项数值均达到常规阈值,numeric_input_ready=1; range_point < 200: 0; density_proxy_point < 125: 0,1,,0,0
BJ7001A61GBEV,2023-12-10,1,582,173.2558139534883720930232558,CLTC,old-71-Word97--0-36,两项数值均达到常规阈值,numeric_input_ready=1; range_point < 200: 0; density_proxy_point < 125: 0,1,,0,0
BJ7001AUA1-BEV,2023-12-10,1,525,168.3417085427135678391959799,,old-34-Word97--0-25,两项数值均达到常规阈值,numeric_input_ready=1; range_point < 200: 0; density_proxy_point < 125: 0,1,,0,0
BJ7001AUA3-BEV,2023-12-10,1,708,176.6917293233082706766917293,,old-34-Word97--0-26,两项数值均达到常规阈值,numeric_input_ready=1; range_point < 200: 0; density_proxy_point < 125: 0,1,,0,0
BJ7001AUA5-BEV,2023-12-10,1,603,173.752310536044362292051756,,old-34-Word97--0-27,两项数值均达到常规阈值,numeric_input_ready=1; range_point < 200: 0; density_proxy_point < 125: 0,1,,0,0
BJ7001AUA6-BEV,2023-12-10,1,500,173.2558139534883720930232558,,old-44-Word97--0-21,两项数值均达到常规阈值,numeric_input_ready=1; range_point < 200: 0; density_proxy_point < 125: 0,1,,0,0
BJ7001AUA7-BEV,2023-12-10,1,525,168.3417085427135678391959799,,old-37-Word97--0-14,两项数值均达到常规阈值,numeric_input_ready=1; range_point < 200: 0; density_proxy_point < 125: 0,1,,0,0
BJ7001AUA8-BEV,2023-12-10,1,708,176.6917293233082706766917293,,old-37-Word97--0-15,两项数值均达到常规阈值,numeric_input_ready=1; range_point < 200: 0; density_proxy_point < 125: 0,1,,0,0
BJ7001AUA9-BEV,2023-12-10,1,525,176.4705882352941176470588235,,old-37-Word97--0-16,两项数值均达到常规阈值,numeric_input_ready=1; range_point < 200: 0; density_proxy_point < 125: 0,1,,0,0
BJ7001AUAA-BEV,2023-12-10,1,525,176.4705882352941176470588235,,old-37-Word97--0-17,两项数值均达到常规阈值,numeric_input_ready=1; range_point < 200: 0; density_proxy_point < 125: 0,1,,0,0
BJ7001AUAB-BEV,2023-12-10,1,708,182.7852998065764023210831721,CLTC,old-47-Word97--0-14,两项数值均达到常规阈值,numeric_input_ready=1; range_point < 200: 0; density_proxy_point < 125: 0,1,,0,0
BJ7001AUAC-BEV,2023-12-10,1,708,182.7852998065764023210831721,CLTC,old-48-Word97--0-29,两项数值均达到常规阈值,numeric_input_ready=1; range_point < 200: 0; density_proxy_point < 125: 0,1,,0,0
BJ7001AUAD-BEV,2023-12-10,1,603,181.7307692307692307692307692,CLTC,old-47-Word97--0-15,两项数值均达到常规阈值,numeric_input_ready=1; range_point < 200: 0; density_proxy_point < 125: 0,1,,0,0
BJ7001AUAF-BEV,2023-12-10,1,708,175.9067844390152227024995302,CLTC,old-58-Word97--0-11,两项数值均达到常规阈值,numeric_input_ready=1; range_point < 200: 0; density_proxy_point < 125: 0,1,,0,0
BJ7001B3D2-BEV,2023-12-10,1,200,103.092783505154639175257732,,old-02-PDF-grid-1-0-7,密度代理单项低于常规阈值,numeric_input_ready=1; range_point < 200: 0; density_proxy_point < 125: 1,1,,0,0
BJ7001BPH1-BEV,2023-12-10,1,156,101.010101010101010101010101,,old-09-PDF-grid-1-0-12,两项数值低于常规阈值,numeric_input_ready=1; range_point < 200: 1; density_proxy_point < 125: 1,1,,0,0
BJ7001BPH1C-BEV,2023-12-10,1,156,101.010101010101010101010101,,old-11-PDF-grid-1-0-15,两项数值低于常规阈值,numeric_input_ready=1; range_point < 200: 1; density_proxy_point < 125: 1,1,,0,0
BJ7001BPH2-BEV,2023-12-10,1,156,100.502512562814070351758794,,old-09-PDF-grid-1-0-10,两项数值低于常规阈值,numeric_input_ready=1; range_point < 200: 1; density_proxy_point < 125: 1,1,,0,0
BJ7001BPH2C-BEV,2023-12-10,1,156,100.502512562814070351758794,,old-11-PDF-grid-1-0-12,两项数值低于常规阈值,numeric_input_ready=1; range_point < 200: 1; density_proxy_point < 125: 1,1,,0,0
BJ7001BPH5-BEV,2023-12-10,1,162,125.7485029940119760479041916,,old-10-PDF-grid-1-0-8,续航单项低于常规阈值,numeric_input_ready=1; range_point < 200: 1; density_proxy_point < 125: 0,1,,0,0
BJ7001BPH6-BEV,2023-12-10,1,261,140.271493212669683257918552,,old-17-PDF-grid-1-0-8,两项数值均达到常规阈值,numeric_input_ready=1; range_point < 200: 0; density_proxy_point < 125: 0,1,,0,0
BJ7001BPH7-BEV,2023-12-10,1,170,129.4117647058823529411764706,,old-11-PDF-grid-1-0-8,续航单项低于常规阈值,numeric_input_ready=1; range_point < 200: 1; density_proxy_point < 125: 0,1,,0,0
BJ7001BPH8-BEV,2023-12-10,1,156,106.796116504854368932038835,,old-12-PDF-grid-1-0-4,两项数值低于常规阈值,numeric_input_ready=1; range_point < 200: 1; density_proxy_point < 125: 1,1,,0,0
BJ7001BPH9-BEV,2023-12-10,1,171,125.7485029940119760479041916,,old-16-Word97--0-9,续航单项低于常规阈值,numeric_input_ready=1; range_point < 200: 1; density_proxy_point < 125: 0,1,,0,0
BJ7001BPHA-BEV,2023-12-10,1,206,112.8205128205128205128205128,,old-16-Word97--0-8,密度代理单项低于常规阈值,numeric_input_ready=1; range_point < 200: 0; density_proxy_point < 125: 1,1,,0,0
BJ7001BPHB-BEV,2023-12-10,1,270,140.271493212669683257918552,,old-17-PDF-grid-1-0-9,两项数值均达到常规阈值,numeric_input_ready=1; range_point < 200: 0; density_proxy_point < 125: 0,1,,0,0
BJ7001BPHD-BEV,2023-12-10,1,301,140.271493212669683257918552,,old-22-Word97--0-10,两项数值均达到常规阈值,numeric_input_ready=1; range_point < 200: 0; density_proxy_point < 125: 0,1,,0,0
BJ7001BPHF-BEV,2023-12-10,1,330,136.5461847389558232931726908,,old-25-Word97--0-14,两项数值均达到常规阈值,numeric_input_ready=1; range_point < 200: 0; density_proxy_point < 125: 0,1,,0,0
BJ7001BPHG-BEV,2023-12-10,1,167,117.551020408163265306122449,,old-45-Word97--0-15,两项数值低于常规阈值,numeric_input_ready=1; range_point < 200: 1; density_proxy_point < 125: 1,1,,0,0
BJ7001BPHH-BEV,2023-12-10,1,301,136.5461847389558232931726908,,old-33-Word97--0-9,两项数值均达到常规阈值,numeric_input_ready=1; range_point < 200: 0; density_proxy_point < 125: 0,1,,0,0
BJ7001BPHJ-BEV,2023-12-10,0,170,,,old-42-Word97--0-27,单值不足,numeric_input_ready != 1；保持未知，不以0替代缺值,1,两项单值暴露不足,0,0
BJ7001C5FBEV,2023-12-10,1,451,183.9393939393939393939393939,,old-39-Word97--0-13,两项数值均达到常规阈值,numeric_input_ready=1; range_point < 200: 0; density_proxy_point < 125: 0,1,,0,0
BJ7001C5FK-BEV,2023-12-10,1,475,183.9393939393939393939393939,,old-45-Word97--0-16,两项数值均达到常规阈值,numeric_input_ready=1; range_point < 200: 0; density_proxy_point < 125: 0,1,,0,0
BJ7001U3D3K-BEV,2023-12-10,1,403,135.977337110481586402266289,,old-36-Word97--0-27,两项数值均达到常规阈值,numeric_input_ready=1; range_point < 200: 0; density_proxy_point < 125: 0,1,,0,0
BJ7001U5E2-BEV,2023-12-10,1,415,137.7777777777777777777777778,,old-17-PDF-grid-1-0-7,两项数值均达到常规阈值,numeric_input_ready=1; range_point < 200: 0; density_proxy_point < 125: 0,1,,0,0
BJ7002B3D2-BEV,2023-12-10,1,200,103.092783505154639175257732,,old-03-PDF-grid-1-0-5,密度代理单项低于常规阈值,numeric_input_ready=1; range_point < 200: 0; density_proxy_point < 125: 1,1,,0,0
BJ7002B3D4-BEV,2023-12-10,1,150,76.36363636363636363636363636,,old-05-PDF-grid-1-0-4,两项数值低于常规阈值,numeric_input_ready=1; range_point < 200: 1; density_proxy_point < 125: 1,1,,0,0
BJ7002NABEV1,2023-12-10,1,537,187.9795396419437340153452685,CLTC,old-44-Word97--0-19,两项数值均达到常规阈值,numeric_input_ready=1; range_point < 200: 0; density_proxy_point < 125: 0,1,,0,0
BJ7002NBEV1,2023-12-10,1,619,187.9795396419437340153452685,CLTC,old-49-Word97--0-13,两项数值均达到常规阈值,numeric_input_ready=1; range_point < 200: 0; density_proxy_point < 125: 0,1,,0,0
BJ7003NBEV1,2023-12-10,1,752,172.5314183123877917414721724,CLTC,old-54-Word97--0-4,两项数值均达到常规阈值,numeric_input_ready=1; range_point < 200: 0; density_proxy_point < 125: 0,1,,0,0
BJ7003NBEV2,2023-12-10,1,717,172.5314183123877917414721724,CLTC,old-54-Word97--0-5,两项数值均达到常规阈值,numeric_input_ready=1; range_point < 200: 0; density_proxy_point < 125: 0,1,,0,0
BJ7003PABEV1,2023-12-10,1,646,172.5314183123877917414721724,CLTC,old-61-Word97--0-5,两项数值均达到常规阈值,numeric_input_ready=1; range_point < 200: 0; density_proxy_point < 125: 0,1,,0,0
BJ7003U3D2-BEV,2023-12-10,1,415,135.977337110481586402266289,,old-24-Word97--0-17,两项数值均达到常规阈值,numeric_input_ready=1; range_point < 200: 0; density_proxy_point < 125: 0,1,,0,0
BJ7003U3D3-BEV,2023-12-10,1,403,135.977337110481586402266289,,old-24-Word97--0-18,两项数值均达到常规阈值,numeric_input_ready=1; range_point < 200: 0; density_proxy_point < 125: 0,1,,0,0
BJ7003URD4C-BEV,2023-12-10,1,403,135.977337110481586402266289,,old-25-Word97--0-72,两项数值均达到常规阈值,numeric_input_ready=1; range_point < 200: 0; density_proxy_point < 125: 0,1,,0,0
BMW6462AAEV,2023-12-10,1,450,148.3258928571428571428571429,,old-67-Word97--0-7,两项数值均达到常规阈值,numeric_input_ready=1; range_point < 200: 0; density_proxy_point < 125: 0,1,,0,0
BMW6462ABEV,2023-12-10,1,450,148.3258928571428571428571429,,old-66-Word97--0-7,两项数值均达到常规阈值,numeric_input_ready=1; range_point < 200: 0; density_proxy_point < 125: 0,1,,0,0
BMW6475AAEV,2023-12-10,1,500,154.4401544401544401544401544,,old-33-Word97--0-18,两项数值均达到常规阈值,numeric_input_ready=1; range_point < 200: 0; density_proxy_point < 125: 0,1,,0,0
BMW6475ABEV,2023-12-10,1,490,154.4401544401544401544401544,,old-33-Word97--0-19,两项数值均达到常规阈值,numeric_input_ready=1; range_point < 200: 0; density_proxy_point < 125: 0,1,,0,0
BMW6475ACEV,2023-12-10,1,500,154.4401544401544401544401544,,old-43-Word97--0-7,两项数值均达到常规阈值,numeric_input_ready=1; range_point < 200: 0; density_proxy_point < 125: 0,1,,0,0
BMW6475ADEV,2023-12-10,1,490,154.4401544401544401544401544,,old-43-Word97--0-6,两项数值均达到常规阈值,numeric_input_ready=1; range_point < 200: 0; density_proxy_point < 125: 0,1,,0,0
BMW6475AEEV,2023-12-10,1,540,154.4401544401544401544401544,,old-69-Word97--0-15,两项数值均达到常规阈值,numeric_input_ready=1; range_point < 200: 0; density_proxy_point < 125: 0,1,,0,0
BMW6475AFEV,2023-12-10,1,530,154.4401544401544401544401544,,old-69-Word97--0-13,两项数值均达到常规阈值,numeric_input_ready=1; range_point < 200: 0; density_proxy_point < 125: 0,1,,0,0
BMW7000AAEV,2023-12-10,1,526,137.5146771037181996086105675,,old-50-Word97--0-32,两项数值均达到常规阈值,numeric_input_ready=1; range_point < 200: 0; density_proxy_point < 125: 0,1,,0,0
BMW7000ABEV,2023-12-10,1,592,140.4085257548845470692717584,,old-59-Word97--0-43,两项数值均达到常规阈值,numeric_input_ready=1; range_point < 200: 0; density_proxy_point < 125: 0,1,,0,0
BMW7000ACEV,2023-12-10,1,526,137.5146771037181996086105675,,old-71-Word97--0-33,两项数值均达到常规阈值,numeric_input_ready=1; range_point < 200: 0; density_proxy_point < 125: 0,1,,0,0
BMW7000ADEV,2023-12-10,1,526,137.5146771037181996086105675,,old-69-Word97--0-19,两项数值均达到常规阈值,numeric_input_ready=1; range_point < 200: 0; density_proxy_point < 125: 0,1,,0,0
BMW7000AEEV,2023-12-10,1,592,140.4085257548845470692717584,,old-69-Word97--0-18,两项数值均达到常规阈值,numeric_input_ready=1; range_point < 200: 0; density_proxy_point < 125: 0,1,,0,0
BMW7000AFEV,2023-12-10,1,592,140.4085257548845470692717584,,old-69-Word97--0-17,两项数值均达到常规阈值,numeric_input_ready=1; range_point < 200: 0; density_proxy_point < 125: 0,1,,0,0
BMW7001AAEV,2023-12-10,1,567,140.4085257548845470692717584,,old-69-Word97--0-14,两项数值均达到常规阈值,numeric_input_ready=1; range_point < 200: 0; density_proxy_point < 125: 0,1,,0,0
BMW7001ABEV,2023-12-10,1,536,140.4085257548845470692717584,,old-69-Word97--0-16,两项数值均达到常规阈值,numeric_input_ready=1; range_point < 200: 0; density_proxy_point < 125: 0,1,,0,0
BMW7001ACEV,2023-12-10,1,536,140.4085257548845470692717584,,old-70-Word97--0-14,两项数值均达到常规阈值,numeric_input_ready=1; range_point < 200: 0; density_proxy_point < 125: 0,1,,0,0
BQ6460N1BEV,2023-12-10,1,418,124.686274509803921568627451,CLTC,old-54-Word97--0-24,密度代理单项低于常规阈值,numeric_input_ready=1; range_point < 200: 0; density_proxy_point < 125: 1,1,,0,0
BQ6460NBEV,2023-12-10,1,302,151.4084507042253521126760563,,old-33-Word97--0-13,两项数值均达到常规阈值,numeric_input_ready=1; range_point < 200: 0; density_proxy_point < 125: 0,1,,0,0
BQ6460NYBEV,2023-12-10,1,302,151.4084507042253521126760563,,old-34-Word97--0-20,两项数值均达到常规阈值,numeric_input_ready=1; range_point < 200: 0; density_proxy_point < 125: 0,1,,0,0
BQ7000N2BEV,2023-12-10,1,130,128.6486486486486486486486486,CLTC,old-62-Word97--0-14,续航单项低于常规阈值,numeric_input_ready=1; range_point < 200: 1; density_proxy_point < 125: 0,1,,0,0
BQ7000N3BEV,2023-12-10,1,200,139.6226415094339622641509434,CLTC,old-62-Word97--0-13,两项数值均达到常规阈值,numeric_input_ready=1; range_point < 200: 0; density_proxy_point < 125: 0,1,,0,0
BRX6490DB5X0BEV,2023-12-10,0,260,,CLTC,old-62-Word97--0-12,单值不足,numeric_input_ready != 1；保持未知，不以0替代缺值,1,两项单值暴露不足,0,0
BW6471N2BEV,2023-12-10,0,308,,,old-19-DOCX--0-7,单值不足,numeric_input_ready != 1；保持未知，不以0替代缺值,1,两项单值暴露不足,0,0
BW6472N2BEV,2023-12-10,0,339,,,old-24-Word97--4-10,单值不足,numeric_input_ready != 1；保持未知，不以0替代缺值,1,两项单值暴露不足,0,0
BYD6440SBEV,2023-12-10,1,180,92.26190476190476190476190476,,old-08-PDF-grid-1-0-11,两项数值低于常规阈值,numeric_input_ready=1; range_point < 200: 1; density_proxy_point < 125: 1,1,,0,0
BYD6440SBEV2,2023-12-10,1,305,126.4705882352941176470588235,,old-16-Word97--0-13,两项数值均达到常规阈值,numeric_input_ready=1; range_point < 200: 0; density_proxy_point < 125: 0,1,,0,0
BYD6450VBEV,2023-12-10,1,250,104.3478260869565217391304348,,old-09-PDF-grid-1-0-16,密度代理单项低于常规阈值,numeric_input_ready=1; range_point < 200: 0; density_proxy_point < 125: 1,1,,0,0
BYD6450VBEV1,2023-12-10,1,360,139.275766016713091922005571,,old-20-DOCX--0-5,两项数值均达到常规阈值,numeric_input_ready=1; range_point < 200: 0; density_proxy_point < 125: 0,1,,0,0
BYD6450VBEV2,2023-12-10,1,360,139.275766016713091922005571,,old-28-Word97--0-8,两项数值均达到常规阈值,numeric_input_ready=1; range_point < 200: 0; density_proxy_point < 125: 0,1,,0,0
BYD6450VBEV3,2023-12-10,1,300,140.4,,old-41-Word97--0-26,两项数值均达到常规阈值,numeric_input_ready=1; range_point < 200: 0; density_proxy_point < 125: 0,1,,0,0
BYD6460SBEV,2023-12-10,1,270,111.6279069767441860465116279,,old-08-PDF-grid-1-0-12,密度代理单项低于常规阈值,numeric_input_ready=1; range_point < 200: 0; density_proxy_point < 125: 1,1,,0,0
BYD6460SBEV1,2023-12-10,1,300,111.6279069767441860465116279,,old-09-PDF-grid-1-0-19,密度代理单项低于常规阈值,numeric_input_ready=1; range_point < 200: 0; density_proxy_point < 125: 1,1,,0,0
BYD6460SBEV4,2023-12-10,1,350,135.9649122807017543859649123,,old-15-PDF-grid-1-0-9,两项数值均达到常规阈值,numeric_input_ready=1; range_point < 200: 0; density_proxy_point < 125: 0,1,,0,0
BYD6460SBEV7,2023-12-10,1,400,135.9649122807017543859649123,,old-18-Word97--0-50,两项数值均达到常规阈值,numeric_input_ready=1; range_point < 200: 0; density_proxy_point < 125: 0,1,,0,0
BYD6461SBEV,2023-12-10,1,502,160.2708803611738148984198646,,old-24-Word97--0-6,两项数值均达到常规阈值,numeric_input_ready=1; range_point < 200: 0; density_proxy_point < 125: 0,1,,0,0
BYD6461SBEV1,2023-12-10,1,405,159.891598915989159891598916,,old-25-Word97--0-5,两项数值均达到常规阈值,numeric_input_ready=1; range_point < 200: 0; density_proxy_point < 125: 0,1,,0,0
BYD6470MBEV1,2023-12-10,1,401,159.891598915989159891598916,,old-25-Word97--0-85,两项数值均达到常规阈值,numeric_input_ready=1; range_point < 200: 0; density_proxy_point < 125: 0,1,,0,0
BYD6470MBEV2,2023-12-10,1,500,140.625,,old-33-Word97--0-29,两项数值均达到常规阈值,numeric_input_ready=1; range_point < 200: 0; density_proxy_point < 125: 0,1,,0,0
BYD6470MBEV3,2023-12-10,1,500,149.2723492723492723492723493,CLTC,old-62-Word97--0-44,两项数值均达到常规阈值,numeric_input_ready=1; range_point < 200: 0; density_proxy_point < 125: 0,1,,0,0
BYD6470SBEV,2023-12-10,1,505,140.625,,old-33-Word97--0-49,两项数值均达到常规阈值,numeric_input_ready=1; range_point < 200: 0; density_proxy_point < 125: 0,1,,0,0
BYD6470SBEV1,2023-12-10,1,405,140.04914004914004914004914,,old-33-Word97--0-50,两项数值均达到常规阈值,numeric_input_ready=1; range_point < 200: 0; density_proxy_point < 125: 0,1,,0,0
BYD6470SBEV2,2023-12-10,1,405,140.04914004914004914004914,CLTC,old-47-Word97--0-38,两项数值均达到常规阈值,numeric_input_ready=1; range_point < 200: 0; density_proxy_point < 125: 0,1,,0,0
BYD6470SBEV3,2023-12-10,1,520,149.2889812889812889812889813,CLTC,old-52-Word97--0-2,两项数值均达到常规阈值,numeric_input_ready=1; range_point < 200: 0; density_proxy_point < 125: 0,1,,0,0
BYD6470SBEV4,2023-12-10,1,605,150.0689655172413793103448276,CLTC,old-52-Word97--0-3,两项数值均达到常规阈值,numeric_input_ready=1; range_point < 200: 0; density_proxy_point < 125: 0,1,,0,0
BYD6470SBEV5,2023-12-10,1,505,148.453608247422680412371134,CLTC,old-59-Word97--0-11,两项数值均达到常规阈值,numeric_input_ready=1; range_point < 200: 0; density_proxy_point < 125: 0,1,,0,0
BYD6483SBEV,2023-12-10,1,520,149.2889812889812889812889813,CLTC,old-65-Word97--0-38,两项数值均达到常规阈值,numeric_input_ready=1; range_point < 200: 0; density_proxy_point < 125: 0,1,,0,0
BYD6483SBEV1,2023-12-10,1,605,148.0272108843537414965986395,CLTC,old-65-Word97--0-37,两项数值均达到常规阈值,numeric_input_ready=1; range_point < 200: 0; density_proxy_point < 125: 0,1,,0,0
BYD6490SBEV,2023-12-10,1,500,161.1650485436893203883495146,,old-22-Word97--0-36,两项数值均达到常规阈值,numeric_input_ready=1; range_point < 200: 0; density_proxy_point < 125: 0,1,,0,0
BYD6490SBEV1,2023-12-10,1,520,161.4785992217898832684824903,,old-22-Word97--0-37,两项数值均达到常规阈值,numeric_input_ready=1; range_point < 200: 0; density_proxy_point < 125: 0,1,,0,0
BYD6490SBEV10,2023-12-10,1,600,147.0749185667752442996742671,,old-49-Word97--0-18,两项数值均达到常规阈值,numeric_input_ready=1; range_point < 200: 0; density_proxy_point < 125: 0,1,,0,0
BYD6490SBEV11,2023-12-10,1,605,150.0689655172413793103448276,,old-50-Word97--0-42,两项数值均达到常规阈值,numeric_input_ready=1; range_point < 200: 0; density_proxy_point < 125: 0,1,,0,0
BYD6490SBEV3,2023-12-10,1,520,161.4785992217898832684824903,,old-33-Word97--0-30,两项数值均达到常规阈值,numeric_input_ready=1; range_point < 200: 0; density_proxy_point < 125: 0,1,,0,0
BYD6490SBEV4,2023-12-10,1,565,139.6103896103896103896103896,,old-35-Word97--0-27,两项数值均达到常规阈值,numeric_input_ready=1; range_point < 200: 0; density_proxy_point < 125: 0,1,,0,0
BYD6490SBEV5,2023-12-10,1,505,139.3841166936790923824959481,,old-35-Word97--0-28,两项数值均达到常规阈值,numeric_input_ready=1; range_point < 200: 0; density_proxy_point < 125: 0,1,,0,0
BYD6490SBEV6,2023-12-10,1,505,140.0324149108589951377633712,,old-38-Word97--0-27,两项数值均达到常规阈值,numeric_input_ready=1; range_point < 200: 0; density_proxy_point < 125: 0,1,,0,0
BYD6490SBEV7,2023-12-10,1,700,150.2762430939226519337016575,,old-45-Word97--0-44,两项数值均达到常规阈值,numeric_input_ready=1; range_point < 200: 0; density_proxy_point < 125: 0,1,,0,0
BYD6490SBEV9,2023-12-10,1,615,150.0689655172413793103448276,,old-45-Word97--0-41,两项数值均达到常规阈值,numeric_input_ready=1; range_point < 200: 0; density_proxy_point < 125: 0,1,,0,0
BYD7001BEV,2023-12-10,1,305,154.5893719806763285024154589,,old-22-Word97--0-38,两项数值均达到常规阈值,numeric_input_ready=1; range_point < 200: 0; density_proxy_point < 125: 0,1,,0,0
BYD7001BEV1,2023-12-10,1,305,153.8461538461538461538461538,,old-23-Word97--0-4,两项数值均达到常规阈值,numeric_input_ready=1; range_point < 200: 0; density_proxy_point < 125: 0,1,,0,0
BYD7001BEVA,2023-12-10,1,305,129.6551724137931034482758621,CLTC,old-62-Word97--0-59,两项数值均达到常规阈值,numeric_input_ready=1; range_point < 200: 0; density_proxy_point < 125: 0,1,,0,0
BYD7001BEVA1,2023-12-10,1,405,129.169435215946843853820598,CLTC,old-62-Word97--0-61,两项数值均达到常规阈值,numeric_input_ready=1; range_point < 200: 0; density_proxy_point < 125: 0,1,,0,0
BYD7001BEVA2,2023-12-10,1,305,130.7826086956521739130434783,CLTC,old-62-Word97--0-60,两项数值均达到常规阈值,numeric_input_ready=1; range_point < 200: 0; density_proxy_point < 125: 0,1,,0,0
BYD7002BEV,2023-12-10,1,305,159.0909090909090909090909091,,old-25-Word97--0-86,两项数值均达到常规阈值,numeric_input_ready=1; range_point < 200: 0; density_proxy_point < 125: 0,1,,0,0
BYD7002BEV1,2023-12-10,1,305,159.0909090909090909090909091,,old-25-Word97--0-87,两项数值均达到常规阈值,numeric_input_ready=1; range_point < 200: 0; density_proxy_point < 125: 0,1,,0,0
BYD7002BEV10,2023-12-10,1,301,140.421940928270042194092827,,old-45-Word97--0-42,两项数值均达到常规阈值,numeric_input_ready=1; range_point < 200: 0; density_proxy_point < 125: 0,1,,0,0
BYD7002BEV11,2023-12-10,1,405,145.9459459459459459459459459,CLTC,old-62-Word97--0-42,两项数值均达到常规阈值,numeric_input_ready=1; range_point < 200: 0; density_proxy_point < 125: 0,1,,0,0
BYD7002BEV2,2023-12-10,1,405,156.6666666666666666666666667,,old-25-Word97--0-88,两项数值均达到常规阈值,numeric_input_ready=1; range_point < 200: 0; density_proxy_point < 125: 0,1,,0,0
BYD7002BEV3,2023-12-10,1,405,156.6666666666666666666666667,,old-25-Word97--0-89,两项数值均达到常规阈值,numeric_input_ready=1; range_point < 200: 0; density_proxy_point < 125: 0,1,,0,0
BYD7002BEV5,2023-12-10,1,305,159.0909090909090909090909091,,old-30-Word97--0-60,两项数值均达到常规阈值,numeric_input_ready=1; range_point < 200: 0; density_proxy_point < 125: 0,1,,0,0
BYD7002BEV6,2023-12-10,1,405,156.6666666666666666666666667,,old-30-Word97--0-61,两项数值均达到常规阈值,numeric_input_ready=1; range_point < 200: 0; density_proxy_point < 125: 0,1,,0,0
BYD7002BEV7,2023-12-10,1,405,156.6666666666666666666666667,,old-31-Word97--0-10,两项数值均达到常规阈值,numeric_input_ready=1; range_point < 200: 0; density_proxy_point < 125: 0,1,,0,0
BYD7002BEV8,2023-12-10,1,401,139.1585760517799352750809061,,old-36-Word97--0-10,两项数值均达到常规阈值,numeric_input_ready=1; range_point < 200: 0; density_proxy_point < 125: 0,1,,0,0
BYD7002BEV9,2023-12-10,1,401,139.1585760517799352750809061,,old-36-Word97--0-11,两项数值均达到常规阈值,numeric_input_ready=1; range_point < 200: 0; density_proxy_point < 125: 0,1,,0,0
BYD7002BEVA,2023-12-10,1,305,159.0909090909090909090909091,,old-26-DOCX--0-46,两项数值均达到常规阈值,numeric_input_ready=1; range_point < 200: 0; density_proxy_point < 125: 0,1,,0,0
BYD7002BEVA10,2023-12-10,1,350,140.0220994475138121546961326,,old-39-Word97--0-29,两项数值均达到常规阈值,numeric_input_ready=1; range_point < 200: 0; density_proxy_point < 125: 0,1,,0,0
BYD7002BEVA11,2023-12-10,1,350,140.0220994475138121546961326,,old-39-Word97--0-28,两项数值均达到常规阈值,numeric_input_ready=1; range_point < 200: 0; density_proxy_point < 125: 0,1,,0,0
BYD7002BEVA13,2023-12-10,1,301,140.421940928270042194092827,,old-46-Word97--0-41,两项数值均达到常规阈值,numeric_input_ready=1; range_point < 200: 0; density_proxy_point < 125: 0,1,,0,0
BYD7002BEVA2,2023-12-10,1,405,156.6666666666666666666666667,,old-26-DOCX--0-47,两项数值均达到常规阈值,numeric_input_ready=1; range_point < 200: 0; density_proxy_point < 125: 0,1,,0,0
BYD7002BEVA3,2023-12-10,1,405,156.6666666666666666666666667,,old-26-DOCX--0-48,两项数值均达到常规阈值,numeric_input_ready=1; range_point < 200: 0; density_proxy_point < 125: 0,1,,0,0
BYD7002BEVA6,2023-12-10,1,405,156.6666666666666666666666667,,old-30-Word97--0-63,两项数值均达到常规阈值,numeric_input_ready=1; range_point < 200: 0; density_proxy_point < 125: 0,1,,0,0
BYD7002BEVA7,2023-12-10,1,405,156.6666666666666666666666667,,old-30-Word97--0-64,两项数值均达到常规阈值,numeric_input_ready=1; range_point < 200: 0; density_proxy_point < 125: 0,1,,0,0
BYD7002BEVA8,2023-12-10,1,401,139.1585760517799352750809061,,old-36-Word97--0-12,两项数值均达到常规阈值,numeric_input_ready=1; range_point < 200: 0; density_proxy_point < 125: 0,1,,0,0
BYD7002BEVA9,2023-12-10,1,401,139.1585760517799352750809061,,old-36-Word97--0-13,两项数值均达到常规阈值,numeric_input_ready=1; range_point < 200: 0; density_proxy_point < 125: 0,1,,0,0
BYD7003BEV,2023-12-10,1,305,140,,old-16-Word97--0-12,两项数值均达到常规阈值,numeric_input_ready=1; range_point < 200: 0; density_proxy_point < 125: 0,1,,0,0
BYD7003BEV1,2023-12-10,1,305,154.7169811320754716981132075,,old-23-Word97--0-5,两项数值均达到常规阈值,numeric_input_ready=1; range_point < 200: 0; density_proxy_point < 125: 0,1,,0,0
BYD7003BEV10,2023-12-10,1,401,140,,old-47-Word97--0-32,两项数值均达到常规阈值,numeric_input_ready=1; range_point < 200: 0; density_proxy_point < 125: 0,1,,0,0
BYD7003BEV11,2023-12-10,1,401,149.8089171974522292993630573,CLTC,old-62-Word97--0-43,两项数值均达到常规阈值,numeric_input_ready=1; range_point < 200: 0; density_proxy_point < 125: 0,1,,0,0
BYD7003BEV12,2023-12-10,1,320,130.5841924398625429553264605,CLTC,old-66-Word97--0-15,两项数值均达到常规阈值,numeric_input_ready=1; range_point < 200: 0; density_proxy_point < 125: 0,1,,0,0
BYD7003BEV3,2023-12-10,1,410,154.9707602339181286549707602,,old-23-Word97--0-7,两项数值均达到常规阈值,numeric_input_ready=1; range_point < 200: 0; density_proxy_point < 125: 0,1,,0,0
BYD7003BEV4,2023-12-10,1,410,154.9707602339181286549707602,,old-23-Word97--0-8,两项数值均达到常规阈值,numeric_input_ready=1; range_point < 200: 0; density_proxy_point < 125: 0,1,,0,0
BYD7003BEV5,2023-12-10,1,305,154.7169811320754716981132075,,old-24-Word97--3-21,两项数值均达到常规阈值,numeric_input_ready=1; range_point < 200: 0; density_proxy_point < 125: 0,1,,0,0
BYD7003BEV8,2023-12-10,1,401,139.6648044692737430167597765,,old-34-Word97--0-32,两项数值均达到常规阈值,numeric_input_ready=1; range_point < 200: 0; density_proxy_point < 125: 0,1,,0,0
BYD7003BEV9,2023-12-10,1,301,140.1081081081081081081081081,,old-45-Word97--0-45,两项数值均达到常规阈值,numeric_input_ready=1; range_point < 200: 0; density_proxy_point < 125: 0,1,,0,0
BYD7003BEVA,2023-12-10,1,430,140,,old-45-Word97--0-43,两项数值均达到常规阈值,numeric_input_ready=1; range_point < 200: 0; density_proxy_point < 125: 0,1,,0,0
BYD7003BEVA1,2023-12-10,1,510,150.4477611940298507462686567,,old-45-Word97--0-40,两项数值均达到常规阈值,numeric_input_ready=1; range_point < 200: 0; density_proxy_point < 125: 0,1,,0,0
BYD7003BEVA2,2023-12-10,1,445,151.2727272727272727272727273,,old-48-Word97--0-38,两项数值均达到常规阈值,numeric_input_ready=1; range_point < 200: 0; density_proxy_point < 125: 0,1,,0,0
BYD7003BEVA3,2023-12-10,1,510,150.4477611940298507462686567,,old-48-Word97--0-42,两项数值均达到常规阈值,numeric_input_ready=1; range_point < 200: 0; density_proxy_point < 125: 0,1,,0,0
BYD7003BEVA4,2023-12-10,1,510,145.0359712230215827338129496,CLTC,old-63-Word97--0-28,两项数值均达到常规阈值,numeric_input_ready=1; range_point < 200: 0; density_proxy_point < 125: 0,1,,0,0
BYD7004BEV,2023-12-10,1,301,140.2739726027397260273972603,,old-44-Word97--0-40,两项数值均达到常规阈值,numeric_input_ready=1; range_point < 200: 0; density_proxy_point < 125: 0,1,,0,0
BYD7004BEV1,2023-12-10,1,405,139.9626168224299065420560748,,old-44-Word97--0-39,两项数值均达到常规阈值,numeric_input_ready=1; range_point < 200: 0; density_proxy_point < 125: 0,1,,0,0
BYD7004BEV2,2023-12-10,1,401,139.9626168224299065420560748,,old-46-Word97--0-40,两项数值均达到常规阈值,numeric_input_ready=1; range_point < 200: 0; density_proxy_point < 125: 0,1,,0,0
BYD7004BEV3,2023-12-10,1,308,140.2739726027397260273972603,,old-48-Word97--0-39,两项数值均达到常规阈值,numeric_input_ready=1; range_point < 200: 0; density_proxy_point < 125: 0,1,,0,0
BYD7004BEV4,2023-12-10,1,420,139.9626168224299065420560748,,old-48-Word97--0-40,两项数值均达到常规阈值,numeric_input_ready=1; range_point < 200: 0; density_proxy_point < 125: 0,1,,0,0
BYD7004BEV5,2023-12-10,1,401,139.9626168224299065420560748,,old-48-Word97--0-41,两项数值均达到常规阈值,numeric_input_ready=1; range_point < 200: 0; density_proxy_point < 125: 0,1,,0,0
BYD7004BEV6,2023-12-10,1,420,140.5607476635514018691588785,CLTC,old-57-Word97--0-39,两项数值均达到常规阈值,numeric_input_ready=1; range_point < 200: 0; density_proxy_point < 125: 0,1,,0,0
BYD7004BEV7,2023-12-10,1,401,140.5607476635514018691588785,CLTC,old-57-Word97--0-38,两项数值均达到常规阈值,numeric_input_ready=1; range_point < 200: 0; density_proxy_point < 125: 0,1,,0,0
BYD7005BEV,2023-12-10,1,256,91.48936170212765957446808511,,old-04-PDF-grid-1-0-4,密度代理单项低于常规阈值,numeric_input_ready=1; range_point < 200: 0; density_proxy_point < 125: 1,1,,0,0
BYD7005BEV1,2023-12-10,1,400,137.3873873873873873873873874,,old-14-Word97--0-6,两项数值均达到常规阈值,numeric_input_ready=1; range_point < 200: 0; density_proxy_point < 125: 0,1,,0,0
BYD7005BEV8,2023-12-10,1,405,152.6946107784431137724550898,,old-20-DOCX--0-7,两项数值均达到常规阈值,numeric_input_ready=1; range_point < 200: 0; density_proxy_point < 125: 0,1,,0,0
BYD7005BEVA10,2023-12-10,1,450,147.486033519553072625698324,CLTC,old-58-Word97--0-3,两项数值均达到常规阈值,numeric_input_ready=1; range_point < 200: 0; density_proxy_point < 125: 0,1,,0,0
BYD7005BEVA4,2023-12-10,1,421,152.7377521613832853025936599,,old-25-Word97--0-8,两项数值均达到常规阈值,numeric_input_ready=1; range_point < 200: 0; density_proxy_point < 125: 0,1,,0,0
BYD7005BEVA7,2023-12-10,1,400,152.7377521613832853025936599,,old-26-DOCX--0-13,两项数值均达到常规阈值,numeric_input_ready=1; range_point < 200: 0; density_proxy_point < 125: 0,1,,0,0
BYD7005BEVA8,2023-12-10,1,450,140.9921671018276762402088773,,old-33-Word97--0-51,两项数值均达到常规阈值,numeric_input_ready=1; range_point < 200: 0; density_proxy_point < 125: 0,1,,0,0
BYD7005BEVA9,2023-12-10,1,405,141.5929203539823008849557522,,old-33-Word97--0-52,两项数值均达到常规阈值,numeric_input_ready=1; range_point < 200: 0; density_proxy_point < 125: 0,1,,0,0
BYD7006BEVA,2023-12-10,1,550,140.59496567505720823798627,,old-53-Word97--0-3,两项数值均达到常规阈值,numeric_input_ready=1; range_point < 200: 0; density_proxy_point < 125: 0,1,,0,0
BYD7006BEVA1,2023-12-10,1,650,147.4285714285714285714285714,,old-53-Word97--0-4,两项数值均达到常规阈值,numeric_input_ready=1; range_point < 200: 0; density_proxy_point < 125: 0,1,,0,0
BYD7006BEVA2,2023-12-10,1,700,147.9569892473118279569892473,,old-53-Word97--0-5,两项数值均达到常规阈值,numeric_input_ready=1; range_point < 200: 0; density_proxy_point < 125: 0,1,,0,0
BYD7006BEVA5,2023-12-10,1,700,147.9569892473118279569892473,,old-64-Word97--0-31,两项数值均达到常规阈值,numeric_input_ready=1; range_point < 200: 0; density_proxy_point < 125: 0,1,,0,0
BYD7006BEVG,2023-12-10,1,450,124.6575342465753424657534247,,old-10-PDF-grid-1-0-11,密度代理单项低于常规阈值,numeric_input_ready=1; range_point < 200: 0; density_proxy_point < 125: 1,1,,0,0
BYD7006BEVH,2023-12-10,1,400,117.1428571428571428571428571,,old-04-PDF-grid-1-0-3,密度代理单项低于常规阈值,numeric_input_ready=1; range_point < 200: 0; density_proxy_point < 125: 1,1,,0,0
BYD7007BEV,2023-12-10,1,418,140.9921671018276762402088773,,old-34-Word97--0-33,两项数值均达到常规阈值,numeric_input_ready=1; range_point < 200: 0; density_proxy_point < 125: 0,1,,0,0
BYD7007BEVA,2023-12-10,1,550,139.9766081871345029239766082,CLTC,old-69-Word97--0-43,两项数值均达到常规阈值,numeric_input_ready=1; range_point < 200: 0; density_proxy_point < 125: 0,1,,0,0
BYD7007BEVA1,2023-12-10,1,662,141.069692058346839546191248,CLTC,old-69-Word97--0-44,两项数值均达到常规阈值,numeric_input_ready=1; range_point < 200: 0; density_proxy_point < 125: 0,1,,0,0
BYD7007BEVA2,2023-12-10,1,602,141.069692058346839546191248,CLTC,old-69-Word97--0-42,两项数值均达到常规阈值,numeric_input_ready=1; range_point < 200: 0; density_proxy_point < 125: 0,1,,0,0
BYD7008BEV,2023-12-10,1,252,91.48936170212765957446808511,,old-06-PDF-grid-1-0-3,密度代理单项低于常规阈值,numeric_input_ready=1; range_point < 200: 0; density_proxy_point < 125: 1,1,,0,0
BYD7008BEV1,2023-12-10,1,300,97.1659919028340080971659919,,old-06-PDF-grid-1-0-4,密度代理单项低于常规阈值,numeric_input_ready=1; range_point < 200: 0; density_proxy_point < 125: 1,1,,0,0
BYD7008BEV3,2023-12-10,1,400,137.3873873873873873873873874,,old-14-Word97--0-7,两项数值均达到常规阈值,numeric_input_ready=1; range_point < 200: 0; density_proxy_point < 125: 0,1,,0,0
BYD7008BEVA,2023-12-10,1,420,161.1111111111111111111111111,,old-18-Word97--0-52,两项数值均达到常规阈值,numeric_input_ready=1; range_point < 200: 0; density_proxy_point < 125: 0,1,,0,0
BYD7008BEVA1,2023-12-10,1,520,159.0909090909090909090909091,,old-23-Word97--0-9,两项数值均达到常规阈值,numeric_input_ready=1; range_point < 200: 0; density_proxy_point < 125: 0,1,,0,0
BYD7008BEVA10,2023-12-10,1,600,140.0625,,old-40-Word97--0-19,两项数值均达到常规阈值,numeric_input_ready=1; range_point < 200: 0; density_proxy_point < 125: 0,1,,0,0
BYD7008BEVA11,2023-12-10,1,420,140.1179941002949852507374631,CLTC,old-67-Word97--0-16,两项数值均达到常规阈值,numeric_input_ready=1; range_point < 200: 0; density_proxy_point < 125: 0,1,,0,0
BYD7008BEVA14,2023-12-10,1,510,148.6068111455108359133126935,CLTC,old-59-Word97--0-10,两项数值均达到常规阈值,numeric_input_ready=1; range_point < 200: 0; density_proxy_point < 125: 0,1,,0,0
BYD7008BEVA4,2023-12-10,1,401,152.7377521613832853025936599,,old-25-Word97--0-10,两项数值均达到常规阈值,numeric_input_ready=1; range_point < 200: 0; density_proxy_point < 125: 0,1,,0,0
BYD7008BEVA8,2023-12-10,1,500,140.04914004914004914004914,,old-33-Word97--0-53,两项数值均达到常规阈值,numeric_input_ready=1; range_point < 200: 0; density_proxy_point < 125: 0,1,,0,0
BYD7008BEVA9,2023-12-10,1,400,141.5929203539823008849557522,,old-33-Word97--0-54,两项数值均达到常规阈值,numeric_input_ready=1; range_point < 200: 0; density_proxy_point < 125: 0,1,,0,0
BYD7008BEVB,2023-12-10,1,420,145.2344931921331316187594554,CLTC,old-52-Word97--0-20,两项数值均达到常规阈值,numeric_input_ready=1; range_point < 200: 0; density_proxy_point < 125: 0,1,,0,0
BYD7008BEVB1,2023-12-10,1,510,146.7515923566878980891719745,CLTC,old-52-Word97--0-19,两项数值均达到常规阈值,numeric_input_ready=1; range_point < 200: 0; density_proxy_point < 125: 0,1,,0,0
BYD7008BEVB2,2023-12-10,1,610,143.141153081510934393638171,CLTC,old-52-Word97--0-18,两项数值均达到常规阈值,numeric_input_ready=1; range_point < 200: 0; density_proxy_point < 125: 0,1,,0,0
BYD7009BEV,2023-12-10,1,550,140.2550091074681238615664845,,old-30-Word97--0-65,两项数值均达到常规阈值,numeric_input_ready=1; range_point < 200: 0; density_proxy_point < 125: 0,1,,0,0
BYD7009BEV1,2023-12-10,1,605,140.2550091074681238615664845,,old-30-Word97--0-66,两项数值均达到常规阈值,numeric_input_ready=1; range_point < 200: 0; density_proxy_point < 125: 0,1,,0,0
BYD7009BEV2,2023-12-10,1,506,140.6926406926406926406926407,,old-31-Word97--0-11,两项数值均达到常规阈值,numeric_input_ready=1; range_point < 200: 0; density_proxy_point < 125: 0,1,,0,0
BYD7009BEV3,2023-12-10,1,430,140.04914004914004914004914,,old-33-Word97--0-31,两项数值均达到常规阈值,numeric_input_ready=1; range_point < 200: 0; density_proxy_point < 125: 0,1,,0,0
BYD7009BEV4,2023-12-10,1,535,140.2550091074681238615664845,,old-36-Word97--0-14,两项数值均达到常规阈值,numeric_input_ready=1; range_point < 200: 0; density_proxy_point < 125: 0,1,,0,0
BYD7009BEV5,2023-12-10,1,610,150.4225352112676056338028169,,old-51-Word97--0-20,两项数值均达到常规阈值,numeric_input_ready=1; range_point < 200: 0; density_proxy_point < 125: 0,1,,0,0
BYD7009BEV6,2023-12-10,1,715,150.4225352112676056338028169,,old-51-Word97--0-19,两项数值均达到常规阈值,numeric_input_ready=1; range_point < 200: 0; density_proxy_point < 125: 0,1,,0,0
BYD7009BEV7,2023-12-10,1,506,150.8571428571428571428571429,,old-51-Word97--0-18,两项数值均达到常规阈值,numeric_input_ready=1; range_point < 200: 0; density_proxy_point < 125: 0,1,,0,0
BYD7009BEV8,2023-12-10,1,605,154.8387096774193548387096774,,old-54-Word97--0-37,两项数值均达到常规阈值,numeric_input_ready=1; range_point < 200: 0; density_proxy_point < 125: 0,1,,0,0
BYD7009BEV9,2023-12-10,1,506,150.4477611940298507462686567,,old-61-Word97--0-39,两项数值均达到常规阈值,numeric_input_ready=1; range_point < 200: 0; density_proxy_point < 125: 0,1,,0,0
CA6420EVK3,2023-12-10,0,301,,,old-20-DOCX--0-73,单值不足,numeric_input_ready != 1；保持未知，不以0替代缺值,1,两项单值暴露不足,0,0
CA6462EV1,2023-12-10,1,180,91.17647058823529411764705882,,old-07-PDF-grid-2-0-11,两项数值低于常规阈值,numeric_input_ready=1; range_point < 200: 1; density_proxy_point < 125: 1,1,,0,0
CA6463BEV,2023-12-10,0,450,,,old-30-Word97--0-2,单值不足,numeric_input_ready != 1；保持未知，不以0替代缺值,1,两项单值暴露不足,0,0
CA6467BEVA,2023-12-10,1,425,140.2061855670103092783505155,,old-59-Word97--0-9,两项数值均达到常规阈值,numeric_input_ready=1; range_point < 200: 0; density_proxy_point < 125: 0,1,,0,0
CA6467BSEVA,2023-12-10,0,401,,,old-59-Word97--0-8,单值不足,numeric_input_ready != 1；保持未知，不以0替代缺值,1,两项单值暴露不足,0,0
CA6520H0EVX,2023-12-10,1,460,178.3439490445859872611464968,,old-34-Word97--0-2,两项数值均达到常规阈值,numeric_input_ready=1; range_point < 200: 0; density_proxy_point < 125: 0,1,,0,0
CA6520H0EVXA,2023-12-10,1,460,178.3439490445859872611464968,,old-34-Word97--0-3,两项数值均达到常规阈值,numeric_input_ready=1; range_point < 200: 0; density_proxy_point < 125: 0,1,,0,0
CA6520H0EVXB,2023-12-10,1,510,179.0235081374321880650994575,,old-34-Word97--0-4,两项数值均达到常规阈值,numeric_input_ready=1; range_point < 200: 0; density_proxy_point < 125: 0,1,,0,0
CA6520H0EVXC,2023-12-10,1,510,179.0235081374321880650994575,,old-34-Word97--0-5,两项数值均达到常规阈值,numeric_input_ready=1; range_point < 200: 0; density_proxy_point < 125: 0,1,,0,0
CA6520H0EVXH,2023-12-10,1,690,201.680672268907563025210084,,old-46-Word97--0-14,两项数值均达到常规阈值,numeric_input_ready=1; range_point < 200: 0; density_proxy_point < 125: 0,1,,0,0
CA6520H0EVXK,2023-12-10,1,690,201.680672268907563025210084,,old-44-Word97--0-10,两项数值均达到常规阈值,numeric_input_ready=1; range_point < 200: 0; density_proxy_point < 125: 0,1,,0,0
CA6520H0EVXM,2023-12-10,1,660,201.680672268907563025210084,,old-44-Word97--0-12,两项数值均达到常规阈值,numeric_input_ready=1; range_point < 200: 0; density_proxy_point < 125: 0,1,,0,0
CA6520H0EVXN,2023-12-10,1,660,201.680672268907563025210084,,old-44-Word97--0-9,两项数值均达到常规阈值,numeric_input_ready=1; range_point < 200: 0; density_proxy_point < 125: 0,1,,0,0
CA7000BEVA,2023-12-10,0,122,,,old-69-Word97--0-5,单值不足,numeric_input_ready != 1；保持未知，不以0替代缺值,1,两项单值暴露不足,0,0
CA7000BEVB,2023-12-10,0,170,,,old-69-Word97--0-4,单值不足,numeric_input_ready != 1；保持未知，不以0替代缺值,1,两项单值暴露不足,0,0
CA7000BEVC,2023-12-10,0,122,,,old-69-Word97--0-3,单值不足,numeric_input_ready != 1；保持未知，不以0替代缺值,1,两项单值暴露不足,0,0
CA7000H0EV,2023-12-10,1,431,140.1938775510204081632653061,,old-39-Word97--0-9,两项数值均达到常规阈值,numeric_input_ready=1; range_point < 200: 0; density_proxy_point < 125: 0,1,,0,0
CA7000H0EVA,2023-12-10,1,431,154.6961325966850828729281768,,old-39-Word97--0-7,两项数值均达到常规阈值,numeric_input_ready=1; range_point < 200: 0; density_proxy_point < 125: 0,1,,0,0
CA7000H0EVB,2023-12-10,1,431,140.2061855670103092783505155,,old-42-Word97--0-15,两项数值均达到常规阈值,numeric_input_ready=1; range_point < 200: 0; density_proxy_point < 125: 0,1,,0,0
CA7000H0EVC,2023-12-10,1,431,140.1938775510204081632653061,,old-42-Word97--0-16,两项数值均达到常规阈值,numeric_input_ready=1; range_point < 200: 0; density_proxy_point < 125: 0,1,,0,0
CA7000H0EVD,2023-12-10,1,431,140.2061855670103092783505155,,old-46-Word97--0-13,两项数值均达到常规阈值,numeric_input_ready=1; range_point < 200: 0; density_proxy_point < 125: 0,1,,0,0
CA7000H0EVE,2023-12-10,0,620,,,old-56-Word97--0-2,单值不足,numeric_input_ready != 1；保持未知，不以0替代缺值,1,两项单值暴露不足,0,0
CA7000H0EVF,2023-12-10,0,560,,,old-64-Word97--0-5,单值不足,numeric_input_ready != 1；保持未知，不以0替代缺值,1,两项单值暴露不足,0,0
CA7000H0SEV,2023-12-10,1,431,150.9433962264150943396226415,,old-42-Word97--0-14,两项数值均达到常规阈值,numeric_input_ready=1; range_point < 200: 0; density_proxy_point < 125: 0,1,,0,0
CA7000H0SEVA,2023-12-10,0,400,,,old-64-Word97--0-6,单值不足,numeric_input_ready != 1；保持未知，不以0替代缺值,1,两项单值暴露不足,0,0
CA7001BEV,2023-12-10,1,305,140.5622489959839357429718876,,old-19-DOCX--0-54,两项数值均达到常规阈值,numeric_input_ready=1; range_point < 200: 0; density_proxy_point < 125: 0,1,,0,0
CA7001BEVB,2023-12-10,1,305,140.5622489959839357429718876,,old-24-Word97--0-2,两项数值均达到常规阈值,numeric_input_ready=1; range_point < 200: 0; density_proxy_point < 125: 0,1,,0,0
CA7001EV,2023-12-10,1,152,84.61538461538461538461538462,,old-07-PDF-grid-2-0-12,两项数值低于常规阈值,numeric_input_ready=1; range_point < 200: 1; density_proxy_point < 125: 1,1,,0,0
CA7001EVA,2023-12-10,1,205,112.2807017543859649122807018,,old-10-PDF-grid-3-0-5,密度代理单项低于常规阈值,numeric_input_ready=1; range_point < 200: 0; density_proxy_point < 125: 1,1,,0,0
CA7001EVB,2023-12-10,1,170,112.2807017543859649122807018,,old-12-PDF-grid-2-0-26,两项数值低于常规阈值,numeric_input_ready=1; range_point < 200: 1; density_proxy_point < 125: 1,1,,0,0
CA7001H0EV,2023-12-10,1,820,180.1948051948051948051948052,,old-71-Word97--0-6,两项数值均达到常规阈值,numeric_input_ready=1; range_point < 200: 0; density_proxy_point < 125: 0,1,,0,0
CA7001H0EVX,2023-12-10,1,760,180.1948051948051948051948052,,old-71-Word97--0-5,两项数值均达到常规阈值,numeric_input_ready=1; range_point < 200: 0; density_proxy_point < 125: 0,1,,0,0
CA7002EV,2023-12-10,1,377,144.3850267379679144385026738,,old-20-DOCX--0-80,两项数值均达到常规阈值,numeric_input_ready=1; range_point < 200: 0; density_proxy_point < 125: 0,1,,0,0
CA7002EVA,2023-12-10,1,344,142.8571428571428571428571429,,old-20-DOCX--0-81,两项数值均达到常规阈值,numeric_input_ready=1; range_point < 200: 0; density_proxy_point < 125: 0,1,,0,0
CA7002H0EVS,2023-12-10,1,407,144.3850267379679144385026738,,old-33-Word97--0-2,两项数值均达到常规阈值,numeric_input_ready=1; range_point < 200: 0; density_proxy_point < 125: 0,1,,0,0
CA7003BEV,2023-12-10,1,402,160.3773584905660377358490566,,old-25-Word97--0-2,两项数值均达到常规阈值,numeric_input_ready=1; range_point < 200: 0; density_proxy_point < 125: 0,1,,0,0
CA7003BEVA,2023-12-10,1,402,160.3773584905660377358490566,,old-26-DOCX--0-2,两项数值均达到常规阈值,numeric_input_ready=1; range_point < 200: 0; density_proxy_point < 125: 0,1,,0,0
CA7003BEVB,2023-12-10,1,406,160,,old-27-Word97--0-2,两项数值均达到常规阈值,numeric_input_ready=1; range_point < 200: 0; density_proxy_point < 125: 0,1,,0,0
CA7003BEVC,2023-12-10,1,402,152.2388059701492537313432836,,old-27-Word97--0-3,两项数值均达到常规阈值,numeric_input_ready=1; range_point < 200: 0; density_proxy_point < 125: 0,1,,0,0
CA7003EVA,2023-12-10,1,205,112.2807017543859649122807018,,old-10-PDF-grid-2-0-21,密度代理单项低于常规阈值,numeric_input_ready=1; range_point < 200: 0; density_proxy_point < 125: 1,1,,0,0
CA7004EV,2023-12-10,1,370,139.4736842105263157894736842,,old-22-Word97--0-14,两项数值均达到常规阈值,numeric_input_ready=1; range_point < 200: 0; density_proxy_point < 125: 0,1,,0,0
CA7005EV1,2023-12-10,1,100,113.7724550898203592814371257,,old-02-PDF-grid-2-0-12,两项数值低于常规阈值,numeric_input_ready=1; range_point < 200: 1; density_proxy_point < 125: 1,1,,0,0
CA7006BEV,2023-12-10,1,310,126.3157894736842105263157895,,old-19-DOCX--0-55,两项数值均达到常规阈值,numeric_input_ready=1; range_point < 200: 0; density_proxy_point < 125: 0,1,,0,0
CA7006BEVA,2023-12-10,1,352,126.3157894736842105263157895,,old-22-Word97--0-2,两项数值均达到常规阈值,numeric_input_ready=1; range_point < 200: 0; density_proxy_point < 125: 0,1,,0,0
CA7007BEVA,2023-12-10,1,414,150.9433962264150943396226415,,old-44-Word97--0-11,两项数值均达到常规阈值,numeric_input_ready=1; range_point < 200: 0; density_proxy_point < 125: 0,1,,0,0
CA7007BEVB,2023-12-10,1,419,140.1938775510204081632653061,,old-39-Word97--0-8,两项数值均达到常规阈值,numeric_input_ready=1; range_point < 200: 0; density_proxy_point < 125: 0,1,,0,0
CA7007BEVC,2023-12-10,1,410,140.2061855670103092783505155,,old-41-Word97--0-8,两项数值均达到常规阈值,numeric_input_ready=1; range_point < 200: 0; density_proxy_point < 125: 0,1,,0,0
CA7007BEVD,2023-12-10,1,425,140.2061855670103092783505155,,old-50-Word97--0-16,两项数值均达到常规阈值,numeric_input_ready=1; range_point < 200: 0; density_proxy_point < 125: 0,1,,0,0
CA7007BEVE,2023-12-10,1,419,140.1938775510204081632653061,,old-50-Word97--0-17,两项数值均达到常规阈值,numeric_input_ready=1; range_point < 200: 0; density_proxy_point < 125: 0,1,,0,0
CA7007BEVF,2023-12-10,1,425,140.2061855670103092783505155,,old-48-Word97--0-13,两项数值均达到常规阈值,numeric_input_ready=1; range_point < 200: 0; density_proxy_point < 125: 0,1,,0,0
CA7007BEVH,2023-12-10,0,401,,,old-48-Word97--0-14,单值不足,numeric_input_ready != 1；保持未知，不以0替代缺值,1,两项单值暴露不足,0,0
CA7007BEVR,2023-12-10,0,425,,,old-65-Word97--0-6,单值不足,numeric_input_ready != 1；保持未知，不以0替代缺值,1,两项单值暴露不足,0,0
CA7007BSEVC,2023-12-10,0,401,,,old-50-Word97--0-18,单值不足,numeric_input_ready != 1；保持未知，不以0替代缺值,1,两项单值暴露不足,0,0
CA7007REV,2023-12-10,1,180,112.2807017543859649122807018,,old-13-PDF-grid-2-0-17,两项数值低于常规阈值,numeric_input_ready=1; range_point < 200: 1; density_proxy_point < 125: 1,1,,0,0
CA7007REVZX,2023-12-10,1,375,151.3353115727002967359050445,,old-21-DOCX--0-26,两项数值均达到常规阈值,numeric_input_ready=1; range_point < 200: 0; density_proxy_point < 125: 0,1,,0,0
CA7008EV,2023-12-10,1,120,107.6923076923076923076923077,,old-03-PDF-grid-1-0-13,两项数值低于常规阈值,numeric_input_ready=1; range_point < 200: 1; density_proxy_point < 125: 1,1,,0,0
CAF6470A1BEV,2023-12-10,1,514,136.6666666666666666666666667,,old-48-Word97--0-4,两项数值均达到常规阈值,numeric_input_ready=1; range_point < 200: 0; density_proxy_point < 125: 0,1,,0,0
CAF6470A2BEV,2023-12-10,1,619,144.6846846846846846846846847,,old-48-Word97--0-3,两项数值均达到常规阈值,numeric_input_ready=1; range_point < 200: 0; density_proxy_point < 125: 0,1,,0,0
CAF6470A3BEV,2023-12-10,1,492,144.6846846846846846846846847,,old-48-Word97--0-2,两项数值均达到常规阈值,numeric_input_ready=1; range_point < 200: 0; density_proxy_point < 125: 0,1,,0,0
CAF6470A4BEV,2023-12-10,1,554,144.6846846846846846846846847,,old-49-Word97--0-2,两项数值均达到常规阈值,numeric_input_ready=1; range_point < 200: 0; density_proxy_point < 125: 0,1,,0,0
CAF6470B1BEV,2023-12-10,1,525,136.6666666666666666666666667,,old-61-Word97--0-58,两项数值均达到常规阈值,numeric_input_ready=1; range_point < 200: 0; density_proxy_point < 125: 0,1,,0,0
CAF6470B2BEV,2023-12-10,1,700,144.6846846846846846846846847,,old-60-Word97--0-35,两项数值均达到常规阈值,numeric_input_ready=1; range_point < 200: 0; density_proxy_point < 125: 0,1,,0,0
CAF6470B3BEV,2023-12-10,1,504,144.6846846846846846846846847,,old-61-Word97--0-57,两项数值均达到常规阈值,numeric_input_ready=1; range_point < 200: 0; density_proxy_point < 125: 0,1,,0,0
CAF6470B4BEV,2023-12-10,1,602,144.6846846846846846846846847,,old-61-Word97--0-56,两项数值均达到常规阈值,numeric_input_ready=1; range_point < 200: 0; density_proxy_point < 125: 0,1,,0,0
CAF6470B5BEV,2023-12-10,1,609,130.3333333333333333333333333,,old-62-Word97--0-56,两项数值均达到常规阈值,numeric_input_ready=1; range_point < 200: 0; density_proxy_point < 125: 0,1,,0,0
CAM7000BABEV,2023-12-10,1,450,162.9333333333333333333333333,,old-44-Word97--0-28,两项数值均达到常规阈值,numeric_input_ready=1; range_point < 200: 0; density_proxy_point < 125: 0,1,,0,0
CAP7000BEV,2023-12-10,1,160,83.33333333333333333333333333,,old-06-PDF-grid-2-0-10,两项数值低于常规阈值,numeric_input_ready=1; range_point < 200: 1; density_proxy_point < 125: 1,1,,0,0
CC6450AG00ABEV,2023-12-10,1,470,132.0960698689956331877729258,,old-45-Word97--0-29,两项数值均达到常规阈值,numeric_input_ready=1; range_point < 200: 0; density_proxy_point < 125: 0,1,,0,0
CC6450AG01BBEV,2023-12-10,1,600,163.3565859663520722199425523,,old-45-Word97--0-30,两项数值均达到常规阈值,numeric_input_ready=1; range_point < 200: 0; density_proxy_point < 125: 0,1,,0,0
CC6460BM00HABEV,2023-12-10,1,500,132.0960698689956331877729258,CLTC,old-65-Word97--0-12,两项数值均达到常规阈值,numeric_input_ready=1; range_point < 200: 0; density_proxy_point < 125: 0,1,,0,0
CC6460BM03HBBEV,2023-12-10,1,600,161.1740890688259109311740891,CLTC,old-65-Word97--0-13,两项数值均达到常规阈值,numeric_input_ready=1; range_point < 200: 0; density_proxy_point < 125: 0,1,,0,0
CC6470CA01BBEV,2023-12-10,0,510,,CLTC,old-53-Word97--0-8,单值不足,numeric_input_ready != 1；保持未知，不以0替代缺值,1,两项单值暴露不足,0,0
CC6470CA02ABEV,2023-12-10,0,610,,CLTC,old-53-Word97--0-7,单值不足,numeric_input_ready != 1；保持未知，不以0替代缺值,1,两项单值暴露不足,0,0
CC6470CA22ABEV,2023-12-10,0,560,,CLTC,old-54-Word97--0-20,单值不足,numeric_input_ready != 1；保持未知，不以0替代缺值,1,两项单值暴露不足,0,0
CC7000BH00HABEV,2023-12-10,1,555,133.0625,CLTC,old-59-Word97--0-25,两项数值均达到常规阈值,numeric_input_ready=1; range_point < 200: 0; density_proxy_point < 125: 0,1,,0,0
CC7000BH00HCBEV,2023-12-10,1,555,133.0625,CLTC,old-64-Word97--0-11,两项数值均达到常规阈值,numeric_input_ready=1; range_point < 200: 0; density_proxy_point < 125: 0,1,,0,0
CC7000BH00NABEV,2023-12-10,1,555,136.5972812234494477485131691,CLTC,old-59-Word97--0-26,两项数值均达到常规阈值,numeric_input_ready=1; range_point < 200: 0; density_proxy_point < 125: 0,1,,0,0
CC7000BH00NDBEV,2023-12-10,1,555,136.5972812234494477485131691,CLTC,old-70-Word97--0-12,两项数值均达到常规阈值,numeric_input_ready=1; range_point < 200: 0; density_proxy_point < 125: 0,1,,0,0
CC7000BH00NEBEV,2023-12-10,1,555,136.5972812234494477485131691,CLTC,old-65-Word97--0-14,两项数值均达到常规阈值,numeric_input_ready=1; range_point < 200: 0; density_proxy_point < 125: 0,1,,0,0
CC7000BH01NBBEV,2023-12-10,1,705,169.6606380816907132696606381,CLTC,old-59-Word97--0-21,两项数值均达到常规阈值,numeric_input_ready=1; range_point < 200: 0; density_proxy_point < 125: 0,1,,0,0
CC7000BH02ABEV,2023-12-10,1,500,133.0625,CLTC,old-52-Word97--0-7,两项数值均达到常规阈值,numeric_input_ready=1; range_point < 200: 0; density_proxy_point < 125: 0,1,,0,0
CC7000BH02BBEV,2023-12-10,1,500,136.5972812234494477485131691,CLTC,old-56-Word97--0-11,两项数值均达到常规阈值,numeric_input_ready=1; range_point < 200: 0; density_proxy_point < 125: 0,1,,0,0
CC7000BH03ABEV,2023-12-10,1,600,156.4243614931237721021611002,CLTC,old-52-Word97--0-8,两项数值均达到常规阈值,numeric_input_ready=1; range_point < 200: 0; density_proxy_point < 125: 0,1,,0,0
CC7000BH03BBEV,2023-12-10,1,680,169.6606380816907132696606381,CLTC,old-56-Word97--0-12,两项数值均达到常规阈值,numeric_input_ready=1; range_point < 200: 0; density_proxy_point < 125: 0,1,,0,0
CC7000BH03HBBEV,2023-12-10,1,650,156.4243614931237721021611002,CLTC,old-59-Word97--0-27,两项数值均达到常规阈值,numeric_input_ready=1; range_point < 200: 0; density_proxy_point < 125: 0,1,,0,0
CC7000BH23BBEV,2023-12-10,1,600,168.9738919247115968427443837,CLTC,old-56-Word97--0-13,两项数值均达到常规阈值,numeric_input_ready=1; range_point < 200: 0; density_proxy_point < 125: 0,1,,0,0
CC7000BJ00GABEV,2023-12-10,0,401,,CLTC,old-64-Word97--0-12,单值不足,numeric_input_ready != 1；保持未知，不以0替代缺值,1,两项单值暴露不足,0,0
CC7000BJ00HEBEV,2023-12-10,1,401,132.7222222222222222222222222,CLTC,old-66-Word97--0-4,两项数值均达到常规阈值,numeric_input_ready=1; range_point < 200: 0; density_proxy_point < 125: 0,1,,0,0
CC7000BJ00HFBEV,2023-12-10,1,501,131.4350797266514806378132118,,old-69-Word97--0-12,两项数值均达到常规阈值,numeric_input_ready=1; range_point < 200: 0; density_proxy_point < 125: 0,1,,0,0
CC7000BJ00HGBEV,2023-12-10,1,480,131.4350797266514806378132118,CLTC,old-71-Word97--0-30,两项数值均达到常规阈值,numeric_input_ready=1; range_point < 200: 0; density_proxy_point < 125: 0,1,,0,0
CC7000BJ00NABEV,2023-12-10,0,401,,CLTC,old-64-Word97--0-10,单值不足,numeric_input_ready != 1；保持未知，不以0替代缺值,1,两项单值暴露不足,0,0
CC7000BJ01BBEV,2023-12-10,1,401,151.7821782178217821782178218,,old-40-Word97--0-21,两项数值均达到常规阈值,numeric_input_ready=1; range_point < 200: 0; density_proxy_point < 125: 0,1,,0,0
CC7000BJ01CBEV,2023-12-10,0,401,,,old-35-Word97--0-34,单值不足,numeric_input_ready != 1；保持未知，不以0替代缺值,1,两项单值暴露不足,0,0
CC7000BJ01EBEV,2023-12-10,1,401,140.6686046511627906976744186,,old-44-Word97--0-46,两项数值均达到常规阈值,numeric_input_ready=1; range_point < 200: 0; density_proxy_point < 125: 0,1,,0,0
CC7000BJ01FBEV,2023-12-10,0,401,,,old-46-Word97--0-52,单值不足,numeric_input_ready != 1；保持未知，不以0替代缺值,1,两项单值暴露不足,0,0
CC7000BJ01GBEV,2023-12-10,0,401,,,old-44-Word97--0-49,单值不足,numeric_input_ready != 1；保持未知，不以0替代缺值,1,两项单值暴露不足,0,0
CC7000BJ01JBEV,2023-12-10,0,401,,CLTC,old-54-Word97--0-18,单值不足,numeric_input_ready != 1；保持未知，不以0替代缺值,1,两项单值暴露不足,0,0
CC7000BJ01KBEV,2023-12-10,0,401,,,old-55-Word97--0-5,单值不足,numeric_input_ready != 1；保持未知，不以0替代缺值,1,两项单值暴露不足,0,0
CC7000BJ02ABEV,2023-12-10,1,501,159.4594594594594594594594595,,old-34-Word97--0-18,两项数值均达到常规阈值,numeric_input_ready=1; range_point < 200: 0; density_proxy_point < 125: 0,1,,0,0
CC7000BJ02BBEV,2023-12-10,1,480,159.7297297297297297297297297,,old-44-Word97--0-47,两项数值均达到常规阈值,numeric_input_ready=1; range_point < 200: 0; density_proxy_point < 125: 0,1,,0,0
CC7000BJ02DBEV,2023-12-10,1,501,131.4350797266514806378132118,,old-44-Word97--0-50,两项数值均达到常规阈值,numeric_input_ready=1; range_point < 200: 0; density_proxy_point < 125: 0,1,,0,0
CC7000BJ02EBEV,2023-12-10,1,480,159.7297297297297297297297297,,old-44-Word97--0-48,两项数值均达到常规阈值,numeric_input_ready=1; range_point < 200: 0; density_proxy_point < 125: 0,1,,0,0
CC7000BJ02HBEV,2023-12-10,1,501,156.9487983281086729362591432,,old-59-Word97--0-23,两项数值均达到常规阈值,numeric_input_ready=1; range_point < 200: 0; density_proxy_point < 125: 0,1,,0,0
CC7000BJ03HABEV,2023-12-10,1,401,150.7419354838709677419354839,,old-60-Word97--0-11,两项数值均达到常规阈值,numeric_input_ready=1; range_point < 200: 0; density_proxy_point < 125: 0,1,,0,0
CC7000CE00BEV,2023-12-10,1,200,98.24561403508771929824561404,,old-08-PDF-grid-2-0-6,密度代理单项低于常规阈值,numeric_input_ready=1; range_point < 200: 0; density_proxy_point < 125: 1,1,,0,0
CC7000CE01BEV,2023-12-10,1,260,135.7142857142857142857142857,,old-09-PDF-grid-3-0-9,两项数值均达到常规阈值,numeric_input_ready=1; range_point < 200: 0; density_proxy_point < 125: 0,1,,0,0
CC7000CE02BEV,2023-12-10,1,160,85.71428571428571428571428571,,old-09-PDF-grid-3-0-8,两项数值低于常规阈值,numeric_input_ready=1; range_point < 200: 1; density_proxy_point < 125: 1,1,,0,0
CC7000CE03BEV,2023-12-10,1,250,121.4285714285714285714285714,,old-09-PDF-grid-3-0-7,密度代理单项低于常规阈值,numeric_input_ready=1; range_point < 200: 0; density_proxy_point < 125: 1,1,,0,0
CC7000CE04BEV,2023-12-10,0,270,,,old-13-PDF-grid-2-0-18,单值不足,numeric_input_ready != 1；保持未知，不以0替代缺值,1,两项单值暴露不足,0,0
CC7000CG00ABEV,2023-12-10,0,401,,CLTC,old-50-Word97--0-45,单值不足,numeric_input_ready != 1；保持未知，不以0替代缺值,1,两项单值暴露不足,0,0
CC7000CG00BBEV,2023-12-10,0,380,,CLTC,old-50-Word97--0-46,单值不足,numeric_input_ready != 1；保持未知，不以0替代缺值,1,两项单值暴露不足,0,0
CC7000CG00FBEV,2023-12-10,0,401,,CLTC,old-54-Word97--0-19,单值不足,numeric_input_ready != 1；保持未知，不以0替代缺值,1,两项单值暴露不足,0,0
CC7000CG01ABEV,2023-12-10,1,500,132.0960698689956331877729258,CLTC,old-50-Word97--0-47,两项数值均达到常规阈值,numeric_input_ready=1; range_point < 200: 0; density_proxy_point < 125: 0,1,,0,0
CC7000CG01BBEV,2023-12-10,0,500,,CLTC,old-58-Word97--0-6,单值不足,numeric_input_ready != 1；保持未知，不以0替代缺值,1,两项单值暴露不足,0,0
CC7000CK03BBEV,2023-12-10,1,802,158.2404692082111436950146628,CLTC,old-61-Word97--0-11,两项数值均达到常规阈值,numeric_input_ready=1; range_point < 200: 0; density_proxy_point < 125: 0,1,,0,0
CC7000CK21ABEV,2023-12-10,1,610,167.6785714285714285714285714,CLTC,old-59-Word97--0-24,两项数值均达到常规阈值,numeric_input_ready=1; range_point < 200: 0; density_proxy_point < 125: 0,1,,0,0
CC7000CK22ABEV,2023-12-10,1,738,168.3257918552036199095022624,CLTC,old-59-Word97--0-22,两项数值均达到常规阈值,numeric_input_ready=1; range_point < 200: 0; density_proxy_point < 125: 0,1,,0,0
CC7000ZM00ABEV,2023-12-10,1,351,151.3761467889908256880733945,,old-20-DOCX--0-74,两项数值均达到常规阈值,numeric_input_ready=1; range_point < 200: 0; density_proxy_point < 125: 0,1,,0,0
CC7000ZM00BBEV,2023-12-10,0,351,,,old-24-Word97--1-8,单值不足,numeric_input_ready != 1；保持未知，不以0替代缺值,1,两项单值暴露不足,0,0
CC7000ZM00BEV,2023-12-10,0,351,,,old-24-Word97--1-9,单值不足,numeric_input_ready != 1；保持未知，不以0替代缺值,1,两项单值暴露不足,0,0
CC7000ZM00CBEV,2023-12-10,1,351,151.3761467889908256880733945,,old-24-Word97--1-10,两项数值均达到常规阈值,numeric_input_ready=1; range_point < 200: 0; density_proxy_point < 125: 0,1,,0,0
CC7000ZM00EBEV,2023-12-10,0,351,,,old-33-Word97--0-10,单值不足,numeric_input_ready != 1；保持未知，不以0替代缺值,1,两项单值暴露不足,0,0
CC7000ZM00FBEV,2023-12-10,0,351,,,old-36-Word97--0-3,单值不足,numeric_input_ready != 1；保持未知，不以0替代缺值,1,两项单值暴露不足,0,0
CC7000ZM00GBEV,2023-12-10,0,351,,,old-46-Word97--0-51,单值不足,numeric_input_ready != 1；保持未知，不以0替代缺值,1,两项单值暴露不足,0,0
CC7000ZM00KBEV,2023-12-10,1,351,151.3761467889908256880733945,CLTC,old-49-Word97--0-20,两项数值均达到常规阈值,numeric_input_ready=1; range_point < 200: 0; density_proxy_point < 125: 0,1,,0,0
CC7000ZM01BEV,2023-12-10,1,310,150.4854368932038834951456311,,old-22-Word97--0-13,两项数值均达到常规阈值,numeric_input_ready=1; range_point < 200: 0; density_proxy_point < 125: 0,1,,0,0
CC7000ZM02ABEV,2023-12-10,0,301,,,old-25-Word97--0-29,单值不足,numeric_input_ready != 1；保持未知，不以0替代缺值,1,两项单值暴露不足,0,0
CC7000ZM02CBEV,2023-12-10,0,301,,,old-26-DOCX--0-17,单值不足,numeric_input_ready != 1；保持未知，不以0替代缺值,1,两项单值暴露不足,0,0
CC7000ZM02DBEV,2023-12-10,0,301,,,mf29-t0-r4,单值不足,numeric_input_ready != 1；保持未知，不以0替代缺值,1,两项单值暴露不足,0,0
CC7000ZM02FBEV,2023-12-10,0,301,,,old-34-Word97--0-19,单值不足,numeric_input_ready != 1；保持未知，不以0替代缺值,1,两项单值暴露不足,0,0
CC7000ZM02GBEV,2023-12-10,0,301,,,old-41-Word97--0-34,单值不足,numeric_input_ready != 1；保持未知，不以0替代缺值,1,两项单值暴露不足,0,0
CC7000ZM02HBEV,2023-12-10,0,301,,CLTC,old-51-Word97--0-21,单值不足,numeric_input_ready != 1；保持未知，不以0替代缺值,1,两项单值暴露不足,0,0
CC7000ZM05ABEV,2023-12-10,0,405,,,old-33-Word97--0-11,单值不足,numeric_input_ready != 1；保持未知，不以0替代缺值,1,两项单值暴露不足,0,0
CC7001CE02ABEV,2023-12-10,0,360,,,old-18-Word97--0-10,单值不足,numeric_input_ready != 1；保持未知，不以0替代缺值,1,两项单值暴露不足,0,0
CC7001CE03ABEV,2023-12-10,0,401,,,old-24-Word97--1-13,单值不足,numeric_input_ready != 1；保持未知，不以0替代缺值,1,两项单值暴露不足,0,0
CC7001CE03BBEV,2023-12-10,0,421,,,old-30-Word97--0-25,单值不足,numeric_input_ready != 1；保持未知，不以0替代缺值,1,两项单值暴露不足,0,0
CC7001CE03BEV,2023-12-10,0,401,,,old-21-DOCX--0-27,单值不足,numeric_input_ready != 1；保持未知，不以0替代缺值,1,两项单值暴露不足,0,0
CC7001CE04BEV,2023-12-10,0,421,,,old-25-Word97--0-30,单值不足,numeric_input_ready != 1；保持未知，不以0替代缺值,1,两项单值暴露不足,0,0
CC7001ZM00ABEV,2023-12-10,0,305,,,old-36-Word97--0-4,单值不足,numeric_input_ready != 1；保持未知，不以0替代缺值,1,两项单值暴露不足,0,0
CC7001ZM00BBEV,2023-12-10,0,305,,,old-26-DOCX--0-18,单值不足,numeric_input_ready != 1；保持未知，不以0替代缺值,1,两项单值暴露不足,0,0
CC7001ZM00EBEV,2023-12-10,0,305,,,old-40-Word97--0-20,单值不足,numeric_input_ready != 1；保持未知，不以0替代缺值,1,两项单值暴露不足,0,0
CC7001ZM00FBEV,2023-12-10,0,305,,CLTC,old-50-Word97--0-48,单值不足,numeric_input_ready != 1；保持未知，不以0替代缺值,1,两项单值暴露不足,0,0
CC7001ZM01BBEV,2023-12-10,0,360,,,old-33-Word97--0-12,单值不足,numeric_input_ready != 1；保持未知，不以0替代缺值,1,两项单值暴露不足,0,0
CC7001ZM01BEV,2023-12-10,0,360,,,old-25-Word97--0-31,单值不足,numeric_input_ready != 1；保持未知，不以0替代缺值,1,两项单值暴露不足,0,0
CC7001ZM02ABEV,2023-12-10,0,401,,,old-46-Word97--0-50,单值不足,numeric_input_ready != 1；保持未知，不以0替代缺值,1,两项单值暴露不足,0,0
CC7001ZM02CBEV,2023-12-10,0,401,,,old-30-Word97--0-26,单值不足,numeric_input_ready != 1；保持未知，不以0替代缺值,1,两项单值暴露不足,0,0
CGC6371BEV2S1,2023-12-10,1,255,142.2594142259414225941422594,,old-24-Word97--0-4,两项数值均达到常规阈值,numeric_input_ready=1; range_point < 200: 0; density_proxy_point < 125: 0,1,,0,0
CGC6481BEV2P1,2023-12-10,1,405,140.6844106463878326996197719,,old-26-DOCX--0-9,两项数值均达到常规阈值,numeric_input_ready=1; range_point < 200: 0; density_proxy_point < 125: 0,1,,0,0
CGC6481BEV2P3,2023-12-10,1,490,144.4948453608247422680412371,CLTC,old-67-Word97--0-25,两项数值均达到常规阈值,numeric_input_ready=1; range_point < 200: 0; density_proxy_point < 125: 0,1,,0,0
CGC6521BEV2S1,2023-12-10,1,610,163.1365313653136531365313653,CLTC,old-70-Word97--0-36,两项数值均达到常规阈值,numeric_input_ready=1; range_point < 200: 0; density_proxy_point < 125: 0,1,,0,0
CGC6521BEV2S2,2023-12-10,1,560,163.1365313653136531365313653,CLTC,old-69-Word97--0-69,两项数值均达到常规阈值,numeric_input_ready=1; range_point < 200: 0; density_proxy_point < 125: 0,1,,0,0
CGC7000BEV2J3,2023-12-10,0,300,,,old-30-Word97--0-7,单值不足,numeric_input_ready != 1；保持未知，不以0替代缺值,1,两项单值暴露不足,0,0
CGC7000BEV2J4,2023-12-10,1,350,150.5416666666666666666666667,,old-40-Word97--0-3,两项数值均达到常规阈值,numeric_input_ready=1; range_point < 200: 0; density_proxy_point < 125: 0,1,,0,0
CGC7000BEV2J5,2023-12-10,1,300,149.5609756097560975609756098,CLTC,old-54-Word97--0-6,两项数值均达到常规阈值,numeric_input_ready=1; range_point < 200: 0; density_proxy_point < 125: 0,1,,0,0
CGC7000BEV2J6,2023-12-10,1,230,157.0769230769230769230769231,CLTC,old-65-Word97--0-36,两项数值均达到常规阈值,numeric_input_ready=1; range_point < 200: 0; density_proxy_point < 125: 0,1,,0,0
CGC7000BEV2J7,2023-12-10,1,720,163.1365313653136531365313653,CLTC,old-66-Word97--0-27,两项数值均达到常规阈值,numeric_input_ready=1; range_point < 200: 0; density_proxy_point < 125: 0,1,,0,0
CGC7000BEV2J8,2023-12-10,1,620,163.1365313653136531365313653,CLTC,old-69-Word97--0-68,两项数值均达到常规阈值,numeric_input_ready=1; range_point < 200: 0; density_proxy_point < 125: 0,1,,0,0
CGC7000BEV2J9,2023-12-10,1,660,180.1111111111111111111111111,CLTC,old-71-Word97--0-44,两项数值均达到常规阈值,numeric_input_ready=1; range_point < 200: 0; density_proxy_point < 125: 0,1,,0,0
CH7000BEVFA2BA,2023-12-10,1,101,115.3846153846153846153846154,,mf29-t0-r13,两项数值低于常规阈值,numeric_input_ready=1; range_point < 200: 1; density_proxy_point < 125: 1,1,,0,0
CH7000BEVFA3B5,2023-12-10,1,101,115.3846153846153846153846154,,old-27-Word97--0-24,两项数值低于常规阈值,numeric_input_ready=1; range_point < 200: 1; density_proxy_point < 125: 1,1,,0,0
CH7000BEVH2CA,2023-12-10,1,156,101.010101010101010101010101,,old-12-PDF-grid-2-0-8,两项数值低于常规阈值,numeric_input_ready=1; range_point < 200: 1; density_proxy_point < 125: 1,1,,0,0
CH7002BEVH2CB,2023-12-10,1,256,145,,old-20-DOCX--0-31,两项数值均达到常规阈值,numeric_input_ready=1; range_point < 200: 0; density_proxy_point < 125: 0,1,,0,0
CH7005BEVA2CB,2023-12-10,1,165,105.5276381909547738693467337,,old-09-PDF-grid-2-0-21,两项数值低于常规阈值,numeric_input_ready=1; range_point < 200: 1; density_proxy_point < 125: 1,1,,0,0
CH7005BEVA2CC,2023-12-10,1,165,101.010101010101010101010101,,old-12-PDF-grid-2-0-9,两项数值低于常规阈值,numeric_input_ready=1; range_point < 200: 1; density_proxy_point < 125: 1,1,,0,0
CH7005BEVC3CA,2023-12-10,1,160,111.1111111111111111111111111,,old-10-PDF-grid-2-0-11,两项数值低于常规阈值,numeric_input_ready=1; range_point < 200: 1; density_proxy_point < 125: 1,1,,0,0
CH7005BEVC3CB,2023-12-10,1,260,115.1079136690647482014388489,,old-11-PDF-grid-1-0-23,密度代理单项低于常规阈值,numeric_input_ready=1; range_point < 200: 0; density_proxy_point < 125: 1,1,,0,0
CH7005BEVFC2B1,2023-12-10,1,180,118.1851851851851851851851852,,old-69-Word97--0-40,两项数值低于常规阈值,numeric_input_ready=1; range_point < 200: 1; density_proxy_point < 125: 1,1,,0,0
CSA6456BEV1,2023-12-10,1,320,134.4537815126050420168067227,,old-10-PDF-grid-2-0-16,两项数值均达到常规阈值,numeric_input_ready=1; range_point < 200: 0; density_proxy_point < 125: 0,1,,0,0
CSA6456BEV2,2023-12-10,1,320,134.4537815126050420168067227,,old-16-Word97--0-43,两项数值均达到常规阈值,numeric_input_ready=1; range_point < 200: 0; density_proxy_point < 125: 0,1,,0,0
CSA6461FBEV1,2023-12-10,1,403,139.4736842105263157894736842,,old-16-Word97--0-42,两项数值均达到常规阈值,numeric_input_ready=1; range_point < 200: 0; density_proxy_point < 125: 0,1,,0,0
CSA6461FBEV2,2023-12-10,1,370,139.4736842105263157894736842,,old-17-PDF-grid-2-0-16,两项数值均达到常规阈值,numeric_input_ready=1; range_point < 200: 0; density_proxy_point < 125: 0,1,,0,0
CSA6461FBEV3,2023-12-10,1,330,139.4736842105263157894736842,,old-28-Word97--0-18,两项数值均达到常规阈值,numeric_input_ready=1; range_point < 200: 0; density_proxy_point < 125: 0,1,,0,0
CSA6471FBEV2,2023-12-10,1,460,177.2151898734177215189873418,,old-30-Word97--0-15,两项数值均达到常规阈值,numeric_input_ready=1; range_point < 200: 0; density_proxy_point < 125: 0,1,,0,0
CSA6471FBEV3,2023-12-10,1,505,177.2151898734177215189873418,,old-31-Word97--0-22,两项数值均达到常规阈值,numeric_input_ready=1; range_point < 200: 0; density_proxy_point < 125: 0,1,,0,0
CSA6471FBEV4,2023-12-10,1,410,167.3972602739726027397260274,,old-51-Word97--0-24,两项数值均达到常规阈值,numeric_input_ready=1; range_point < 200: 0; density_proxy_point < 125: 0,1,,0,0
CSA6492LBEV1,2023-12-10,1,590,163.3858267716535433070866142,,old-67-Word97--0-26,两项数值均达到常规阈值,numeric_input_ready=1; range_point < 200: 0; density_proxy_point < 125: 0,1,,0,0
CSA6492LBEV2,2023-12-10,1,702,170.9401709401709401709401709,,old-67-Word97--0-27,两项数值均达到常规阈值,numeric_input_ready=1; range_point < 200: 0; density_proxy_point < 125: 0,1,,0,0
CSA6492LBEV3,2023-12-10,1,560,169.1211401425178147268408551,,old-68-Word97--0-32,两项数值均达到常规阈值,numeric_input_ready=1; range_point < 200: 0; density_proxy_point < 125: 0,1,,0,0
CSA6492LBEV4,2023-12-10,1,630,181.0869565217391304347826087,,old-68-Word97--0-30,两项数值均达到常规阈值,numeric_input_ready=1; range_point < 200: 0; density_proxy_point < 125: 0,1,,0,0
CSA6492LBEV5,2023-12-10,1,680,187.5,,old-69-Word97--0-77,两项数值均达到常规阈值,numeric_input_ready=1; range_point < 200: 0; density_proxy_point < 125: 0,1,,0,0
CSA6492LBEV6,2023-12-10,0,,170.9401709401709401709401709,,old-70-Word97--0-37,单值不足,numeric_input_ready != 1；保持未知，不以0替代缺值,1,两项单值暴露不足,0,0
CSA6493YBEV1,2023-12-10,1,551,177.0114942528735632183908046,,old-54-Word97--0-14,两项数值均达到常规阈值,numeric_input_ready=1; range_point < 200: 0; density_proxy_point < 125: 0,1,,0,0
CSA6493YBEV2,2023-12-10,1,642,187.5,,old-54-Word97--0-13,两项数值均达到常规阈值,numeric_input_ready=1; range_point < 200: 0; density_proxy_point < 125: 0,1,,0,0
CSA6493YBEV3,2023-12-10,1,606,187.5,,old-54-Word97--0-12,两项数值均达到常规阈值,numeric_input_ready=1; range_point < 200: 0; density_proxy_point < 125: 0,1,,0,0
CSA6493YSEV1,2023-12-10,0,,,,old-54-Word97--0-15,单值不足,numeric_input_ready != 1；保持未知，不以0替代缺值,1,两项单值暴露不足,0,0
CSA6493YSEV2,2023-12-10,1,606,187.5,,old-54-Word97--0-11,两项数值均达到常规阈值,numeric_input_ready=1; range_point < 200: 0; density_proxy_point < 125: 0,1,,0,0
CSA6501LBEV1,2023-12-10,1,660,187.9699248120300751879699248,,old-57-Word97--0-5,两项数值均达到常规阈值,numeric_input_ready=1; range_point < 200: 0; density_proxy_point < 125: 0,1,,0,0
CSA6501LBEV2,2023-12-10,1,625,187.9699248120300751879699248,,old-57-Word97--0-6,两项数值均达到常规阈值,numeric_input_ready=1; range_point < 200: 0; density_proxy_point < 125: 0,1,,0,0
CSA6501LBEV3,2023-12-10,1,602,187.5,,old-62-Word97--0-62,两项数值均达到常规阈值,numeric_input_ready=1; range_point < 200: 0; density_proxy_point < 125: 0,1,,0,0
CSA6501LBEV4,2023-12-10,1,550,187.5,,old-64-Word97--0-30,两项数值均达到常规阈值,numeric_input_ready=1; range_point < 200: 0; density_proxy_point < 125: 0,1,,0,0
CSA6501LBEV5,2023-12-10,1,510,177.0114942528735632183908046,,old-65-Word97--0-42,两项数值均达到常规阈值,numeric_input_ready=1; range_point < 200: 0; density_proxy_point < 125: 0,1,,0,0
CSA6511ZBEV,2023-12-10,0,,187.5,,old-52-Word97--0-4,单值不足,numeric_input_ready != 1；保持未知，不以0替代缺值,1,两项单值暴露不足,0,0
CSA7000BEV,2023-12-10,1,120,76.59574468085106382978723404,,old-01-PDF-grid-1-0-13,两项数值低于常规阈值,numeric_input_ready=1; range_point < 200: 1; density_proxy_point < 125: 1,1,,0,0
CSA7001BEV,2023-12-10,1,170,100,,old-06-PDF-grid-2-0-7,两项数值低于常规阈值,numeric_input_ready=1; range_point < 200: 1; density_proxy_point < 125: 1,1,,0,0
CSA7001KBEV2,2023-12-10,1,260,152.9411764705882352941176471,,old-25-Word97--0-20,两项数值均达到常规阈值,numeric_input_ready=1; range_point < 200: 0; density_proxy_point < 125: 0,1,,0,0
CSA7001KBEV5,2023-12-10,1,302,167.6300578034682080924855491,,old-33-Word97--0-57,两项数值均达到常规阈值,numeric_input_ready=1; range_point < 200: 0; density_proxy_point < 125: 0,1,,0,0
CSA7001KBEV6,2023-12-10,1,311,135.2186046511627906976744186,,old-46-Word97--0-62,两项数值均达到常规阈值,numeric_input_ready=1; range_point < 200: 0; density_proxy_point < 125: 0,1,,0,0
CSA7001SBEV1,2023-12-10,1,605,177.2151898734177215189873418,,old-30-Word97--0-16,两项数值均达到常规阈值,numeric_input_ready=1; range_point < 200: 0; density_proxy_point < 125: 0,1,,0,0
CSA7001SBEV2,2023-12-10,1,520,167.1232876712328767123287671,,old-33-Word97--0-58,两项数值均达到常规阈值,numeric_input_ready=1; range_point < 200: 0; density_proxy_point < 125: 0,1,,0,0
CSA7001SBEV3,2023-12-10,1,620,177.2151898734177215189873418,,old-33-Word97--0-59,两项数值均达到常规阈值,numeric_input_ready=1; range_point < 200: 0; density_proxy_point < 125: 0,1,,0,0
CSA7001SBEV4,2023-12-10,1,502,167.3972602739726027397260274,,old-41-Word97--0-36,两项数值均达到常规阈值,numeric_input_ready=1; range_point < 200: 0; density_proxy_point < 125: 0,1,,0,0
CSA7001SBEV5,2023-12-10,1,420,134.491978609625668449197861,,old-56-Word97--0-6,两项数值均达到常规阈值,numeric_input_ready=1; range_point < 200: 0; density_proxy_point < 125: 0,1,,0,0
CSA7001UBEV1,2023-12-10,1,335,160.7142857142857142857142857,,old-21-DOCX--0-19,两项数值均达到常规阈值,numeric_input_ready=1; range_point < 200: 0; density_proxy_point < 125: 0,1,,0,0
CSA7002CBEV1,2023-12-10,1,501,161.2090680100755667506297229,,old-65-Word97--0-40,两项数值均达到常规阈值,numeric_input_ready=1; range_point < 200: 0; density_proxy_point < 125: 0,1,,0,0
CSA7002CBEV2,2023-12-10,1,580,177.0114942528735632183908046,,old-65-Word97--0-39,两项数值均达到常规阈值,numeric_input_ready=1; range_point < 200: 0; density_proxy_point < 125: 0,1,,0,0
CSA7002CBEV3,2023-12-10,1,520,177.0114942528735632183908046,,old-65-Word97--0-41,两项数值均达到常规阈值,numeric_input_ready=1; range_point < 200: 0; density_proxy_point < 125: 0,1,,0,0
CSA7002FBEV1,2023-12-10,1,301,132.0754716981132075471698113,,old-13-PDF-grid-2-0-15,两项数值均达到常规阈值,numeric_input_ready=1; range_point < 200: 0; density_proxy_point < 125: 0,1,,0,0
CSA7002FBEV3,2023-12-10,1,400,142.0612813370473537604456825,,old-20-DOCX--0-52,两项数值均达到常规阈值,numeric_input_ready=1; range_point < 200: 0; density_proxy_point < 125: 0,1,,0,0
CSA7002FBEV4,2023-12-10,1,420,146.408839779005524861878453,,old-20-DOCX--0-53,两项数值均达到常规阈值,numeric_input_ready=1; range_point < 200: 0; density_proxy_point < 125: 0,1,,0,0
CSA7002FBEV5,2023-12-10,1,400,142.0612813370473537604456825,,old-23-Word97--0-60,两项数值均达到常规阈值,numeric_input_ready=1; range_point < 200: 0; density_proxy_point < 125: 0,1,,0,0
CSA7002FBEV6,2023-12-10,1,420,153.6231884057971014492753623,,old-24-Word97--1-5,两项数值均达到常规阈值,numeric_input_ready=1; range_point < 200: 0; density_proxy_point < 125: 0,1,,0,0
CSA7002FBEV7,2023-12-10,1,416,131.2335958005249343832020997,,old-31-Word97--0-23,两项数值均达到常规阈值,numeric_input_ready=1; range_point < 200: 0; density_proxy_point < 125: 0,1,,0,0
CSA7002FBEV8,2023-12-10,1,501,167.1232876712328767123287671,,old-30-Word97--0-17,两项数值均达到常规阈值,numeric_input_ready=1; range_point < 200: 0; density_proxy_point < 125: 0,1,,0,0
CSA7002FBEVA,2023-12-10,1,416,134.491978609625668449197861,,old-41-Word97--0-35,两项数值均达到常规阈值,numeric_input_ready=1; range_point < 200: 0; density_proxy_point < 125: 0,1,,0,0
CSA7002FSEV1,2023-12-10,1,401,124.0694789081885856079404467,,old-35-Word97--0-8,密度代理单项低于常规阈值,numeric_input_ready=1; range_point < 200: 0; density_proxy_point < 125: 1,1,,0,0
CSA7002FSEV2,2023-12-10,1,401,124.0694789081885856079404467,,old-35-Word97--0-9,密度代理单项低于常规阈值,numeric_input_ready=1; range_point < 200: 0; density_proxy_point < 125: 1,1,,0,0
CSA7002XBEV1,2023-12-10,1,425,131.7829457364341085271317829,CLTC,old-56-Word97--0-5,两项数值均达到常规阈值,numeric_input_ready=1; range_point < 200: 0; density_proxy_point < 125: 0,1,,0,0
CSA7002XBEV2,2023-12-10,1,520,161.2090680100755667506297229,CLTC,old-56-Word97--0-7,两项数值均达到常规阈值,numeric_input_ready=1; range_point < 200: 0; density_proxy_point < 125: 0,1,,0,0
CSA7002XBEV4,2023-12-10,1,460,161.2090680100755667506297229,,old-59-Word97--0-16,两项数值均达到常规阈值,numeric_input_ready=1; range_point < 200: 0; density_proxy_point < 125: 0,1,,0,0
CSA7003DBEV1,2023-12-10,1,708,187.5,,old-47-Word97--0-40,两项数值均达到常规阈值,numeric_input_ready=1; range_point < 200: 0; density_proxy_point < 125: 0,1,,0,0
CSA7003DBEV2,2023-12-10,1,615,187.5,,old-48-Word97--0-47,两项数值均达到常规阈值,numeric_input_ready=1; range_point < 200: 0; density_proxy_point < 125: 0,1,,0,0
CSA7003DBEV3,2023-12-10,1,570,169.1211401425178147268408551,,old-68-Word97--0-31,两项数值均达到常规阈值,numeric_input_ready=1; range_point < 200: 0; density_proxy_point < 125: 0,1,,0,0
CSA7003DBEV4,2023-12-10,1,625,187.5,,old-68-Word97--0-29,两项数值均达到常规阈值,numeric_input_ready=1; range_point < 200: 0; density_proxy_point < 125: 0,1,,0,0
CSA7005DBEV1,2023-12-10,1,706,187.5,,old-59-Word97--0-15,两项数值均达到常规阈值,numeric_input_ready=1; range_point < 200: 0; density_proxy_point < 125: 0,1,,0,0
CSA7005DBEV2,2023-12-10,1,576,177.0114942528735632183908046,,old-59-Word97--0-14,两项数值均达到常规阈值,numeric_input_ready=1; range_point < 200: 0; density_proxy_point < 125: 0,1,,0,0
CSA7005DBEV3,2023-12-10,1,666,187.5,,old-59-Word97--0-12,两项数值均达到常规阈值,numeric_input_ready=1; range_point < 200: 0; density_proxy_point < 125: 0,1,,0,0
CSA7005DBEV4,2023-12-10,1,500,138.8286334056399132321041215,,old-62-Word97--0-66,两项数值均达到常规阈值,numeric_input_ready=1; range_point < 200: 0; density_proxy_point < 125: 0,1,,0,0
CSA7005DBEV5,2023-12-10,1,600,187.5,,old-62-Word97--0-65,两项数值均达到常规阈值,numeric_input_ready=1; range_point < 200: 0; density_proxy_point < 125: 0,1,,0,0
CSA7005DSEV1,2023-12-10,0,,,,old-59-Word97--0-13,单值不足,numeric_input_ready != 1；保持未知，不以0替代缺值,1,两项单值暴露不足,0,0
CSA7005DSEV2,2023-12-10,1,600,187.5,,old-62-Word97--0-63,两项数值均达到常规阈值,numeric_input_ready=1; range_point < 200: 0; density_proxy_point < 125: 0,1,,0,0
CSA7005DSEV3,2023-12-10,1,500,138.8286334056399132321041215,,old-62-Word97--0-64,两项数值均达到常规阈值,numeric_input_ready=1; range_point < 200: 0; density_proxy_point < 125: 0,1,,0,0
CSA7009DBEV2,2023-12-10,1,510,133.9366515837104072398190045,,old-68-Word97--0-33,两项数值均达到常规阈值,numeric_input_ready=1; range_point < 200: 0; density_proxy_point < 125: 0,1,,0,0
CSA7009DBEV4,2023-12-10,1,610,167.8921568627450980392156863,,old-68-Word97--0-34,两项数值均达到常规阈值,numeric_input_ready=1; range_point < 200: 0; density_proxy_point < 125: 0,1,,0,0
CVEV2WD,2023-12-10,1,671,158.1780538302277432712215321,,old-68-Word97--0-10,两项数值均达到常规阈值,numeric_input_ready=1; range_point < 200: 0; density_proxy_point < 125: 0,1,,0,0
CVEV4WD,2023-12-10,1,638,158.1780538302277432712215321,,old-68-Word97--0-8,两项数值均达到常规阈值,numeric_input_ready=1; range_point < 200: 0; density_proxy_point < 125: 0,1,,0,0
CVEVGT4WD,2023-12-10,1,555,158.1780538302277432712215321,,old-68-Word97--0-9,两项数值均达到常规阈值,numeric_input_ready=1; range_point < 200: 0; density_proxy_point < 125: 0,1,,0,0
CW7000BH00HABEV,2023-12-10,1,555,133.0625,CLTC,old-63-Word97--0-10,两项数值均达到常规阈值,numeric_input_ready=1; range_point < 200: 0; density_proxy_point < 125: 0,1,,0,0
CW7000BH00NABEV,2023-12-10,1,555,136.5972812234494477485131691,CLTC,old-63-Word97--0-7,两项数值均达到常规阈值,numeric_input_ready=1; range_point < 200: 0; density_proxy_point < 125: 0,1,,0,0
CW7000BH01NBBEV,2023-12-10,1,705,169.6606380816907132696606381,CLTC,old-63-Word97--0-9,两项数值均达到常规阈值,numeric_input_ready=1; range_point < 200: 0; density_proxy_point < 125: 0,1,,0,0
CW7000BH21NCBEV,2023-12-10,1,600,168.9738919247115968427443837,CLTC,old-63-Word97--0-8,两项数值均达到常规阈值,numeric_input_ready=1; range_point < 200: 0; density_proxy_point < 125: 0,1,,0,0
DC6431XLAXBEVB,2023-12-10,0,360,,,mf29-t0-r3,单值不足,numeric_input_ready != 1；保持未知，不以0替代缺值,1,两项单值暴露不足,0,0
DC7002XAAXBEVD,2023-12-10,0,300,,,old-30-Word97--0-46,单值不足,numeric_input_ready != 1；保持未知，不以0替代缺值,1,两项单值暴露不足,0,0
DC7002XAAXBEVG,2023-12-10,1,301,128.8135593220338983050847458,,old-37-Word97--0-34,两项数值均达到常规阈值,numeric_input_ready=1; range_point < 200: 0; density_proxy_point < 125: 0,1,,0,0
DC7002XAAYBEVE,2023-12-10,0,265,,,old-30-Word97--0-47,单值不足,numeric_input_ready != 1；保持未知，不以0替代缺值,1,两项单值暴露不足,0,0
DC7002XAAYBEVH,2023-12-10,1,301,128.8135593220338983050847458,,old-37-Word97--0-35,两项数值均达到常规阈值,numeric_input_ready=1; range_point < 200: 0; density_proxy_point < 125: 0,1,,0,0
DC7002XAAYBEVJ,2023-12-10,1,301,128.8135593220338983050847458,,old-37-Word97--0-36,两项数值均达到常规阈值,numeric_input_ready=1; range_point < 200: 0; density_proxy_point < 125: 0,1,,0,0
DC7002XABYBEVE,2023-12-10,0,300,,,old-34-Word97--0-9,单值不足,numeric_input_ready != 1；保持未知，不以0替代缺值,1,两项单值暴露不足,0,0
DC7006XAAXBEVK,2023-12-10,0,430,,,old-51-Word97--0-4,单值不足,numeric_input_ready != 1；保持未知，不以0替代缺值,1,两项单值暴露不足,0,0
DC7006XAAXBEVL,2023-12-10,0,430,,,old-57-Word97--0-35,单值不足,numeric_input_ready != 1；保持未知，不以0替代缺值,1,两项单值暴露不足,0,0
DC7006XAAXBEVM,2023-12-10,0,410,,,old-58-Word97--0-10,单值不足,numeric_input_ready != 1；保持未知，不以0替代缺值,1,两项单值暴露不足,0,0
DC7006XAAXBEVN,2023-12-10,0,405,,,old-71-Word97--0-19,单值不足,numeric_input_ready != 1；保持未知，不以0替代缺值,1,两项单值暴露不足,0,0
DD7000BEVWRA,2023-12-10,0,180,,,old-57-Word97--0-44,单值不足,numeric_input_ready != 1；保持未知，不以0替代缺值,1,两项单值暴露不足,0,0
DD7000BEVWRA1,2023-12-10,1,200,108,,old-61-Word97--0-19,密度代理单项低于常规阈值,numeric_input_ready=1; range_point < 200: 0; density_proxy_point < 125: 1,1,,0,0
DFA7000A1F2BEV,2023-12-10,1,405,142.8571428571428571428571429,,old-17-PDF-grid-1-0-12,两项数值均达到常规阈值,numeric_input_ready=1; range_point < 200: 0; density_proxy_point < 125: 0,1,,0,0
DFA7000A1F4BEV,2023-12-10,1,405,161.1111111111111111111111111,,old-20-DOCX--0-10,两项数值均达到常规阈值,numeric_input_ready=1; range_point < 200: 0; density_proxy_point < 125: 0,1,,0,0
DFA7000A1F5BEV,2023-12-10,1,405,163.3802816901408450704225352,,old-19-DOCX--0-15,两项数值均达到常规阈值,numeric_input_ready=1; range_point < 200: 0; density_proxy_point < 125: 0,1,,0,0
DFA7000A1F6BEV,2023-12-10,1,310,142.8571428571428571428571429,,old-19-DOCX--0-16,两项数值均达到常规阈值,numeric_input_ready=1; range_point < 200: 0; density_proxy_point < 125: 0,1,,0,0
DFA7000A1F7BEV,2023-12-10,1,405,142.8571428571428571428571429,,old-20-DOCX--0-11,两项数值均达到常规阈值,numeric_input_ready=1; range_point < 200: 0; density_proxy_point < 125: 0,1,,0,0
DFA7000A1F8BEV,2023-12-10,1,452,161.2903225806451612903225806,,old-23-Word97--0-11,两项数值均达到常规阈值,numeric_input_ready=1; range_point < 200: 0; density_proxy_point < 125: 0,1,,0,0
DFA7000A1FABEV,2023-12-10,1,351,139.130434782608695652173913,,old-24-Word97--2-15,两项数值均达到常规阈值,numeric_input_ready=1; range_point < 200: 0; density_proxy_point < 125: 0,1,,0,0
DFA7000A1FDBEV,2023-12-10,1,415,163.9784946236559139784946237,,old-25-Word97--0-60,两项数值均达到常规阈值,numeric_input_ready=1; range_point < 200: 0; density_proxy_point < 125: 0,1,,0,0
DFA7000A1FESEV,2023-12-10,1,351,130.0149413020277481323372465,,old-45-Word97--0-7,两项数值均达到常规阈值,numeric_input_ready=1; range_point < 200: 0; density_proxy_point < 125: 0,1,,0,0
DFA7000C1A1BEV,2023-12-10,1,305,144.404332129963898916967509,,old-20-DOCX--0-12,两项数值均达到常规阈值,numeric_input_ready=1; range_point < 200: 0; density_proxy_point < 125: 0,1,,0,0
DFA7000C1A2BEV,2023-12-10,1,255,140.9691629955947136563876652,,old-26-DOCX--0-36,两项数值均达到常规阈值,numeric_input_ready=1; range_point < 200: 0; density_proxy_point < 125: 0,1,,0,0
DFA7000C1A3BEV,2023-12-10,1,255,140.9691629955947136563876652,,old-26-DOCX--0-37,两项数值均达到常规阈值,numeric_input_ready=1; range_point < 200: 0; density_proxy_point < 125: 0,1,,0,0
DFA7000C1A4BEV,2023-12-10,1,143,129.0322580645161290322580645,,old-27-Word97--0-6,续航单项低于常规阈值,numeric_input_ready=1; range_point < 200: 1; density_proxy_point < 125: 0,1,,0,0
DFA7000C1A5BEV,2023-12-10,1,143,129.0322580645161290322580645,,old-27-Word97--0-7,续航单项低于常规阈值,numeric_input_ready=1; range_point < 200: 1; density_proxy_point < 125: 0,1,,0,0
DFA7000C1A6BEV,2023-12-10,1,301,128.8135593220338983050847458,,old-32-Word97--0-4,两项数值均达到常规阈值,numeric_input_ready=1; range_point < 200: 0; density_proxy_point < 125: 0,1,,0,0
DFA7000C1A7BEV,2023-12-10,1,301,128.8135593220338983050847458,,old-32-Word97--0-5,两项数值均达到常规阈值,numeric_input_ready=1; range_point < 200: 0; density_proxy_point < 125: 0,1,,0,0
DFA7000C1A8BEV,2023-12-10,1,301,128.8135593220338983050847458,,old-32-Word97--0-6,两项数值均达到常规阈值,numeric_input_ready=1; range_point < 200: 0; density_proxy_point < 125: 0,1,,0,0
DFA7000F1A1BEV,2023-12-10,1,171,122.7272727272727272727272727,,old-15-PDF-grid-1-0-10,两项数值低于常规阈值,numeric_input_ready=1; range_point < 200: 1; density_proxy_point < 125: 1,1,,0,0
DFA7000G1F1BEV,2023-12-10,0,256,,,old-10-PDF-grid-1-0-16,单值不足,numeric_input_ready != 1；保持未知，不以0替代缺值,1,两项单值暴露不足,0,0
DFA7000G1F2BEV,2023-12-10,1,320,142.8571428571428571428571429,,old-10-PDF-grid-1-0-19,两项数值均达到常规阈值,numeric_input_ready=1; range_point < 200: 0; density_proxy_point < 125: 0,1,,0,0
DFA7000G1F3BEV,2023-12-10,1,260,126.4705882352941176470588235,,old-10-PDF-grid-1-0-18,两项数值均达到常规阈值,numeric_input_ready=1; range_point < 200: 0; density_proxy_point < 125: 0,1,,0,0
DFA7000G1F4BEV,2023-12-10,1,290,120.0980392156862745098039216,,old-12-PDF-grid-1-0-10,密度代理单项低于常规阈值,numeric_input_ready=1; range_point < 200: 0; density_proxy_point < 125: 1,1,,0,0
DFA7000G1F5BEV,2023-12-10,1,408,142.8571428571428571428571429,,old-17-PDF-grid-1-0-14,两项数值均达到常规阈值,numeric_input_ready=1; range_point < 200: 0; density_proxy_point < 125: 0,1,,0,0
DFA7000G1F6BEV,2023-12-10,1,310,142.8571428571428571428571429,,old-17-PDF-grid-1-0-15,两项数值均达到常规阈值,numeric_input_ready=1; range_point < 200: 0; density_proxy_point < 125: 0,1,,0,0
DFA7000G1F7BEV,2023-12-10,1,405,161.1111111111111111111111111,,old-18-Word97--0-5,两项数值均达到常规阈值,numeric_input_ready=1; range_point < 200: 0; density_proxy_point < 125: 0,1,,0,0
DFA7000L2ABEV,2023-12-10,1,255,142.8571428571428571428571429,,old-07-PDF-grid-1-0-4,两项数值均达到常规阈值,numeric_input_ready=1; range_point < 200: 0; density_proxy_point < 125: 0,1,,0,0
DFA7000L2ABEV1,2023-12-10,1,255,105.2631578947368421052631579,,old-07-PDF-grid-1-0-5,密度代理单项低于常规阈值,numeric_input_ready=1; range_point < 200: 0; density_proxy_point < 125: 1,1,,0,0
DFA7000L2ABEV2,2023-12-10,1,320,142.8571428571428571428571429,,old-07-PDF-grid-1-0-6,两项数值均达到常规阈值,numeric_input_ready=1; range_point < 200: 0; density_proxy_point < 125: 0,1,,0,0
DFA7000L2ABEV3,2023-12-10,1,160,120.6896551724137931034482759,,old-10-PDF-grid-1-0-21,两项数值低于常规阈值,numeric_input_ready=1; range_point < 200: 1; density_proxy_point < 125: 1,1,,0,0
DFA7000L2ABEV4,2023-12-10,1,255,140.9691629955947136563876652,,old-19-DOCX--0-17,两项数值均达到常规阈值,numeric_input_ready=1; range_point < 200: 0; density_proxy_point < 125: 0,1,,0,0
DFL6460NAU1BEV,2023-12-10,1,623,155.7093425605536332179930796,,old-54-Word97--0-36,两项数值均达到常规阈值,numeric_input_ready=1; range_point < 200: 0; density_proxy_point < 125: 0,1,,0,0
DFL6460NAU2BEV,2023-12-10,1,623,155.7093425605536332179930796,,old-54-Word97--0-35,两项数值均达到常规阈值,numeric_input_ready=1; range_point < 200: 0; density_proxy_point < 125: 0,1,,0,0
DFL6460NAU3BEV,2023-12-10,1,483,144.7661469933184855233853007,,old-58-Word97--0-9,两项数值均达到常规阈值,numeric_input_ready=1; range_point < 200: 0; density_proxy_point < 125: 0,1,,0,0
DFL6460NAU4BEV,2023-12-10,1,501,144.7661469933184855233853007,,old-60-Word97--0-20,两项数值均达到常规阈值,numeric_input_ready=1; range_point < 200: 0; density_proxy_point < 125: 0,1,,0,0
DFL6460NEU1BEV,2023-12-10,1,559,154.6391752577319587628865979,,old-54-Word97--0-34,两项数值均达到常规阈值,numeric_input_ready=1; range_point < 200: 0; density_proxy_point < 125: 0,1,,0,0
DFL6460NEU2BEV,2023-12-10,1,533,154.6391752577319587628865979,,old-54-Word97--0-33,两项数值均达到常规阈值,numeric_input_ready=1; range_point < 200: 0; density_proxy_point < 125: 0,1,,0,0
DFL6470NA51BEV,2023-12-10,1,520,134.4902386117136659436008677,,old-68-Word97--0-2,两项数值均达到常规阈值,numeric_input_ready=1; range_point < 200: 0; density_proxy_point < 125: 0,1,,0,0
DFL6470NA52BEV,2023-12-10,1,520,130.5263157894736842105263158,,old-71-Word97--0-14,两项数值均达到常规阈值,numeric_input_ready=1; range_point < 200: 0; density_proxy_point < 125: 0,1,,0,0
DFL7000B2BEV,2023-12-10,1,175,87.91208791208791208791208791,,old-01-PDF-grid-1-0-9,两项数值低于常规阈值,numeric_input_ready=1; range_point < 200: 1; density_proxy_point < 125: 1,1,,0,0
DFL7000NA62BEV,2023-12-10,1,481,164.7727272727272727272727273,,old-24-Word97--2-14,两项数值均达到常规阈值,numeric_input_ready=1; range_point < 200: 0; density_proxy_point < 125: 0,1,,0,0
DFL7000NA63BEV,2023-12-10,1,405,147.0588235294117647058823529,,old-31-Word97--0-2,两项数值均达到常规阈值,numeric_input_ready=1; range_point < 200: 0; density_proxy_point < 125: 0,1,,0,0
DFL7000NA64SEV,2023-12-10,1,430,156.9230769230769230769230769,,old-46-Word97--0-17,两项数值均达到常规阈值,numeric_input_ready=1; range_point < 200: 0; density_proxy_point < 125: 0,1,,0,0
DFL7000NA65BEV,2023-12-10,1,410,146.1988304093567251461988304,,old-46-Word97--0-16,两项数值均达到常规阈值,numeric_input_ready=1; range_point < 200: 0; density_proxy_point < 125: 0,1,,0,0
DFL7000NA67BEV,2023-12-10,1,420,122.0779220779220779220779221,,old-56-Word97--0-24,密度代理单项低于常规阈值,numeric_input_ready=1; range_point < 200: 0; density_proxy_point < 125: 1,1,,0,0
DFL7000NA68BEV,2023-12-10,1,450,147.0588235294117647058823529,,old-60-Word97--0-19,两项数值均达到常规阈值,numeric_input_ready=1; range_point < 200: 0; density_proxy_point < 125: 0,1,,0,0
DFL7000NA69BEV,2023-12-10,1,420,124.6753246753246753246753247,,old-58-Word97--0-8,密度代理单项低于常规阈值,numeric_input_ready=1; range_point < 200: 0; density_proxy_point < 125: 1,1,,0,0
DFL7000NA81BEV,2023-12-10,1,442,166.6666666666666666666666667,,old-27-Word97--0-5,两项数值均达到常规阈值,numeric_input_ready=1; range_point < 200: 0; density_proxy_point < 125: 0,1,,0,0
DFL7000NAH1BEV,2023-12-10,1,338,123.7785016286644951140065147,,old-18-Word97--0-6,密度代理单项低于常规阈值,numeric_input_ready=1; range_point < 200: 0; density_proxy_point < 125: 1,1,,0,0
DFL7000NAH2BEV,2023-12-10,1,338,132.8671328671328671328671329,,old-23-Word97--0-13,两项数值均达到常规阈值,numeric_input_ready=1; range_point < 200: 0; density_proxy_point < 125: 0,1,,0,0
DFL7001NA61BEV,2023-12-10,1,420,122.0779220779220779220779221,,old-60-Word97--0-18,密度代理单项低于常规阈值,numeric_input_ready=1; range_point < 200: 0; density_proxy_point < 125: 1,1,,0,0
DFL7001NA62BEV,2023-12-10,1,420,124.6753246753246753246753247,,old-60-Word97--0-17,密度代理单项低于常规阈值,numeric_input_ready=1; range_point < 200: 0; density_proxy_point < 125: 1,1,,0,0
DFL7001NAZ1SEV,2023-12-10,1,450,160.0842696629213483146067416,,old-41-Word97--0-12,两项数值均达到常规阈值,numeric_input_ready=1; range_point < 200: 0; density_proxy_point < 125: 0,1,,0,0
DFL7001NNY1BEV,2023-12-10,1,173,151.8709677419354838709677419,,old-46-Word97--0-18,续航单项低于常规阈值,numeric_input_ready=1; range_point < 200: 1; density_proxy_point < 125: 0,1,,0,0
DFL7001NNY2BEV,2023-12-10,1,215,163.8805970149253731343283582,,old-46-Word97--0-21,两项数值均达到常规阈值,numeric_input_ready=1; range_point < 200: 0; density_proxy_point < 125: 0,1,,0,0
DFL7001NNY3BEV,2023-12-10,1,160,151.8709677419354838709677419,,old-46-Word97--0-20,续航单项低于常规阈值,numeric_input_ready=1; range_point < 200: 1; density_proxy_point < 125: 0,1,,0,0
DFL7001NNY4BEV,2023-12-10,1,206,163.8805970149253731343283582,,old-46-Word97--0-19,两项数值均达到常规阈值,numeric_input_ready=1; range_point < 200: 0; density_proxy_point < 125: 0,1,,0,0
DFL7002NNY3BEV,2023-12-10,1,119,151.8709677419354838709677419,CLTC,old-50-Word97--0-20,续航单项低于常规阈值,numeric_input_ready=1; range_point < 200: 1; density_proxy_point < 125: 0,1,,0,0
DFL7002NNY4BEV,2023-12-10,1,171,163.8805970149253731343283582,CLTC,old-50-Word97--0-19,续航单项低于常规阈值,numeric_input_ready=1; range_point < 200: 1; density_proxy_point < 125: 0,1,,0,0
DFL7003NNY3BEV,2023-12-10,1,125,117.4509803921568627450980392,CLTC,old-57-Word97--0-34,两项数值低于常规阈值,numeric_input_ready=1; range_point < 200: 1; density_proxy_point < 125: 1,1,,0,0
DFM6473M5F1BEV,2023-12-10,1,445,131.6580310880829015544041451,,old-68-Word97--0-3,两项数值均达到常规阈值,numeric_input_ready=1; range_point < 200: 0; density_proxy_point < 125: 0,1,,0,0
DFM7000A2F1BEV,2023-12-10,1,330,130.4979253112033195020746888,,old-70-Word97--0-7,两项数值均达到常规阈值,numeric_input_ready=1; range_point < 200: 0; density_proxy_point < 125: 0,1,,0,0
DFM7000A2FBEV,2023-12-10,1,430,133.438485804416403785488959,,old-70-Word97--0-6,两项数值均达到常规阈值,numeric_input_ready=1; range_point < 200: 0; density_proxy_point < 125: 0,1,,0,0
DFM7000G1A1BEV,2023-12-10,1,128,109.0909090909090909090909091,,mf29-t0-r1,两项数值低于常规阈值,numeric_input_ready=1; range_point < 200: 1; density_proxy_point < 125: 1,1,,0,0
DFM7000G1A2BEV,2023-12-10,1,255,126.1566484517304189435336976,,old-47-Word97--0-5,两项数值均达到常规阈值,numeric_input_ready=1; range_point < 200: 0; density_proxy_point < 125: 0,1,,0,0
DFM7000G1A3BEV,2023-12-10,1,128,112.0364741641337386018237082,,old-38-Word97--0-7,两项数值低于常规阈值,numeric_input_ready=1; range_point < 200: 1; density_proxy_point < 125: 1,1,,0,0
DFM7000G1ABEV,2023-12-10,1,170,90.0621118012422360248447205,,old-05-PDF-grid-1-0-5,两项数值低于常规阈值,numeric_input_ready=1; range_point < 200: 1; density_proxy_point < 125: 1,1,,0,0
DFM7000G1ABEV1,2023-12-10,1,302,126.614987080103359173126615,,old-10-PDF-grid-1-0-20,两项数值均达到常规阈值,numeric_input_ready=1; range_point < 200: 0; density_proxy_point < 125: 0,1,,0,0
DFM7000G1BBEV,2023-12-10,1,302,126.614987080103359173126615,,old-10-PDF-grid-1-0-17,两项数值均达到常规阈值,numeric_input_ready=1; range_point < 200: 0; density_proxy_point < 125: 0,1,,0,0
DFM7000G1F2BEV,2023-12-10,1,351,126.614987080103359173126615,,old-12-PDF-grid-1-0-9,两项数值均达到常规阈值,numeric_input_ready=1; range_point < 200: 0; density_proxy_point < 125: 0,1,,0,0
DFM7000G1F3BEV,2023-12-10,1,351,126.614987080103359173126615,,old-12-PDF-grid-1-0-8,两项数值均达到常规阈值,numeric_input_ready=1; range_point < 200: 0; density_proxy_point < 125: 0,1,,0,0
DFM7000G1F3PBEV,2023-12-10,1,351,126.614987080103359173126615,,old-20-DOCX--0-14,两项数值均达到常规阈值,numeric_input_ready=1; range_point < 200: 0; density_proxy_point < 125: 0,1,,0,0
DFM7000G1F6BEV,2023-12-10,1,401,145.7142857142857142857142857,,old-19-DOCX--0-18,两项数值均达到常规阈值,numeric_input_ready=1; range_point < 200: 0; density_proxy_point < 125: 0,1,,0,0
DFM7000G1F6PBEV,2023-12-10,1,401,145.7142857142857142857142857,,old-22-Word97--0-4,两项数值均达到常规阈值,numeric_input_ready=1; range_point < 200: 0; density_proxy_point < 125: 0,1,,0,0
DFM7000G1F7BEV,2023-12-10,1,508,167.1232876712328767123287671,,old-22-Word97--0-5,两项数值均达到常规阈值,numeric_input_ready=1; range_point < 200: 0; density_proxy_point < 125: 0,1,,0,0
DFM7000G1F8BEV,2023-12-10,1,420,153.1791907514450867052023121,,mf29-t0-r2,两项数值均达到常规阈值,numeric_input_ready=1; range_point < 200: 0; density_proxy_point < 125: 0,1,,0,0
DFM7000G1F8PBEV,2023-12-10,1,420,153.1791907514450867052023121,,old-37-Word97--0-9,两项数值均达到常规阈值,numeric_input_ready=1; range_point < 200: 0; density_proxy_point < 125: 0,1,,0,0
DFM7000G1F9BEV,2023-12-10,1,400,128.5347043701799485861182519,,old-32-Word97--0-7,两项数值均达到常规阈值,numeric_input_ready=1; range_point < 200: 0; density_proxy_point < 125: 0,1,,0,0
DFM7000G1F9PBEV,2023-12-10,1,400,129.3059125964010282776349614,,old-38-Word97--0-6,两项数值均达到常规阈值,numeric_input_ready=1; range_point < 200: 0; density_proxy_point < 125: 0,1,,0,0
DFM7000G1FABEV,2023-12-10,1,500,168.9750692520775623268698061,,old-33-Word97--0-6,两项数值均达到常规阈值,numeric_input_ready=1; range_point < 200: 0; density_proxy_point < 125: 0,1,,0,0
DFM7000H2ABEV,2023-12-10,1,152,78.94736842105263157894736842,,old-02-PDF-grid-1-0-11,两项数值低于常规阈值,numeric_input_ready=1; range_point < 200: 1; density_proxy_point < 125: 1,1,,0,0
DFM7000H2ABEV1,2023-12-10,1,151,95.45454545454545454545454545,,old-07-PDF-grid-1-0-7,两项数值低于常规阈值,numeric_input_ready=1; range_point < 200: 1; density_proxy_point < 125: 1,1,,0,0
DFM7000H2DBEV,2023-12-10,1,152,78.94736842105263157894736842,,old-02-PDF-grid-1-0-14,两项数值低于常规阈值,numeric_input_ready=1; range_point < 200: 1; density_proxy_point < 125: 1,1,,0,0
DFM7000H2DBEV1,2023-12-10,1,150,90.90909090909090909090909091,,old-06-PDF-grid-1-0-5,两项数值低于常规阈值,numeric_input_ready=1; range_point < 200: 1; density_proxy_point < 125: 1,1,,0,0
DFM7000N1FBEV,2023-12-10,1,400,128.5714285714285714285714286,,old-28-Word97--0-3,两项数值均达到常规阈值,numeric_input_ready=1; range_point < 200: 0; density_proxy_point < 125: 0,1,,0,0
DFM7000S1F4BEV,2023-12-10,1,530,127.7078651685393258426966292,,old-71-Word97--0-16,两项数值均达到常规阈值,numeric_input_ready=1; range_point < 200: 0; density_proxy_point < 125: 0,1,,0,0
DFM7000S1F5BEV,2023-12-10,1,620,133.0681818181818181818181818,,old-71-Word97--0-17,两项数值均达到常规阈值,numeric_input_ready=1; range_point < 200: 0; density_proxy_point < 125: 0,1,,0,0
DFM7000S1F6BEV,2023-12-10,1,540,131.3271028037383177570093458,,old-71-Word97--0-15,两项数值均达到常规阈值,numeric_input_ready=1; range_point < 200: 0; density_proxy_point < 125: 0,1,,0,0
DFM7001G1F1BEV,2023-12-10,1,401,128.5347043701799485861182519,,old-37-Word97--0-10,两项数值均达到常规阈值,numeric_input_ready=1; range_point < 200: 0; density_proxy_point < 125: 0,1,,0,0
DFM7001G1F2BEV,2023-12-10,1,420,153.1791907514450867052023121,,old-37-Word97--0-11,两项数值均达到常规阈值,numeric_input_ready=1; range_point < 200: 0; density_proxy_point < 125: 0,1,,0,0
DFM7001G1F2SBEV,2023-12-10,1,407,152.745664739884393063583815,,old-61-Word97--0-20,两项数值均达到常规阈值,numeric_input_ready=1; range_point < 200: 0; density_proxy_point < 125: 0,1,,0,0
DFM7001G1F3BEV,2023-12-10,1,330,124.2774566473988439306358382,,old-37-Word97--0-12,密度代理单项低于常规阈值,numeric_input_ready=1; range_point < 200: 0; density_proxy_point < 125: 1,1,,0,0
DFM7001G1F5BEV,2023-12-10,0,401,,,old-47-Word97--0-6,单值不足,numeric_input_ready != 1；保持未知，不以0替代缺值,1,两项单值暴露不足,0,0
DFM7001G1F6BEV,2023-12-10,1,420,152.745664739884393063583815,,old-47-Word97--0-7,两项数值均达到常规阈值,numeric_input_ready=1; range_point < 200: 0; density_proxy_point < 125: 0,1,,0,0
DFM7001G1F7BEV,2023-12-10,1,330,124.8554913294797687861271676,,old-47-Word97--0-9,密度代理单项低于常规阈值,numeric_input_ready=1; range_point < 200: 0; density_proxy_point < 125: 1,1,,0,0
DFM7001G1F8BEV,2023-12-10,1,412,135.9459459459459459459459459,CLTC,old-50-Word97--0-22,两项数值均达到常规阈值,numeric_input_ready=1; range_point < 200: 0; density_proxy_point < 125: 0,1,,0,0
DFM7001G1F9BEV,2023-12-10,1,412,135.9459459459459459459459459,CLTC,old-50-Word97--0-21,两项数值均达到常规阈值,numeric_input_ready=1; range_point < 200: 0; density_proxy_point < 125: 0,1,,0,0
DFM7002G1F0BEV,2023-12-10,0,412,,,old-53-Word97--0-14,单值不足,numeric_input_ready != 1；保持未知，不以0替代缺值,1,两项单值暴露不足,0,0
DFM7002G1F1BEV,2023-12-10,1,270,126.1566484517304189435336976,,old-47-Word97--0-8,两项数值均达到常规阈值,numeric_input_ready=1; range_point < 200: 0; density_proxy_point < 125: 0,1,,0,0
DFM7002G1F2BEV,2023-12-10,1,130,112.0364741641337386018237082,,old-41-Word97--0-13,两项数值低于常规阈值,numeric_input_ready=1; range_point < 200: 1; density_proxy_point < 125: 1,1,,0,0
DFM7002G1F4BEV,2023-12-10,1,433,152.745664739884393063583815,,old-53-Word97--0-16,两项数值均达到常规阈值,numeric_input_ready=1; range_point < 200: 0; density_proxy_point < 125: 0,1,,0,0
DFM7002G1F7BEV,2023-12-10,1,412,129.3059125964010282776349614,,old-52-Word97--0-12,两项数值均达到常规阈值,numeric_input_ready=1; range_point < 200: 0; density_proxy_point < 125: 0,1,,0,0
DFM7002G1F8BEV,2023-12-10,1,412,149.9690402476780185758513932,,old-55-Word97--0-24,两项数值均达到常规阈值,numeric_input_ready=1; range_point < 200: 0; density_proxy_point < 125: 0,1,,0,0
DFM7002G1F9BEV,2023-12-10,0,412,,,old-54-Word97--0-27,单值不足,numeric_input_ready != 1；保持未知，不以0替代缺值,1,两项单值暴露不足,0,0
DFM7002G1FABEV,2023-12-10,1,433,152.745664739884393063583815,,old-54-Word97--0-26,两项数值均达到常规阈值,numeric_input_ready=1; range_point < 200: 0; density_proxy_point < 125: 0,1,,0,0
DFM7002G1FBBEV,2023-12-10,1,401,120.2481389578163771712158809,,old-63-Word97--0-5,密度代理单项低于常规阈值,numeric_input_ready=1; range_point < 200: 0; density_proxy_point < 125: 1,1,,0,0
DFM7002G1FCBEV,2023-12-10,1,401,132.1666666666666666666666667,,old-64-Word97--0-7,两项数值均达到常规阈值,numeric_input_ready=1; range_point < 200: 0; density_proxy_point < 125: 0,1,,0,0
DFM7003G1F1BEV,2023-12-10,0,164,,,old-55-Word97--0-23,单值不足,numeric_input_ready != 1；保持未知，不以0替代缺值,1,两项单值暴露不足,0,0
DFM7003G1F3BEV,2023-12-10,1,401,126.8108108108108108108108108,,old-71-Word97--0-18,两项数值均达到常规阈值,numeric_input_ready=1; range_point < 200: 0; density_proxy_point < 125: 0,1,,0,0
DFM7009G1F1BEV,2023-12-10,0,426,,CLTC,old-51-Word97--0-3,单值不足,numeric_input_ready != 1；保持未知，不以0替代缺值,1,两项单值暴露不足,0,0
DHW7001DHBEV,2023-12-10,1,401,143.6170212765957446808510638,,old-25-Word97--0-56,两项数值均达到常规阈值,numeric_input_ready=1; range_point < 200: 0; density_proxy_point < 125: 0,1,,0,0
DHW7001RSBEV,2023-12-10,1,420,141.4248021108179419525065963,CLTC,old-48-Word97--0-18,两项数值均达到常规阈值,numeric_input_ready=1; range_point < 200: 0; density_proxy_point < 125: 0,1,,0,0
DHW7002DHBEV,2023-12-10,1,401,143.6170212765957446808510638,,old-25-Word97--0-57,两项数值均达到常规阈值,numeric_input_ready=1; range_point < 200: 0; density_proxy_point < 125: 0,1,,0,0
DHW7002RSBEV,2023-12-10,1,510,183.4666666666666666666666667,CLTC,old-48-Word97--0-19,两项数值均达到常规阈值,numeric_input_ready=1; range_point < 200: 0; density_proxy_point < 125: 0,1,,0,0
DHW7003DHBEV,2023-12-10,1,480,165.7608695652173913043478261,,old-33-Word97--0-5,两项数值均达到常规阈值,numeric_input_ready=1; range_point < 200: 0; density_proxy_point < 125: 0,1,,0,0
DHW7003RSBEV,2023-12-10,1,420,144.3835616438356164383561644,,old-60-Word97--0-22,两项数值均达到常规阈值,numeric_input_ready=1; range_point < 200: 0; density_proxy_point < 125: 0,1,,0,0
DHW7004DHBEV,2023-12-10,1,465,165.7608695652173913043478261,,old-34-Word97--0-6,两项数值均达到常规阈值,numeric_input_ready=1; range_point < 200: 0; density_proxy_point < 125: 0,1,,0,0
DHW7005DHBEV,2023-12-10,1,505,143.932853717026378896882494,,old-59-Word97--0-42,两项数值均达到常规阈值,numeric_input_ready=1; range_point < 200: 0; density_proxy_point < 125: 0,1,,0,0
DHW7006DHBEV,2023-12-10,1,500,140.7434052757793764988009592,,old-64-Word97--0-8,两项数值均达到常规阈值,numeric_input_ready=1; range_point < 200: 0; density_proxy_point < 125: 0,1,,0,0
DN6530MBEV,2023-12-10,0,401,,,old-53-Word97--0-32,单值不足,numeric_input_ready != 1；保持未知，不以0替代缺值,1,两项单值暴露不足,0,0
DN6530MBEV5,2023-12-10,0,452,,,old-55-Word97--0-29,单值不足,numeric_input_ready != 1；保持未知，不以0替代缺值,1,两项单值暴露不足,0,0
DN7000LBEV,2023-12-10,1,150,105.6603773584905660377358491,,old-05-PDF-grid-1-0-6,两项数值低于常规阈值,numeric_input_ready=1; range_point < 200: 1; density_proxy_point < 125: 1,1,,0,0
DN7000MBEV,2023-12-10,1,80,76.92307692307692307692307692,,old-01-PDF-grid-1-0-10,两项数值低于常规阈值,numeric_input_ready=1; range_point < 200: 1; density_proxy_point < 125: 1,1,,0,0
DN7001MBEV,2023-12-10,1,150,86.66666666666666666666666667,,old-04-PDF-grid-1-0-6,两项数值低于常规阈值,numeric_input_ready=1; range_point < 200: 1; density_proxy_point < 125: 1,1,,0,0
DN7003MBEV,2023-12-10,1,150,101.8181818181818181818181818,,old-07-PDF-grid-1-0-8,两项数值低于常规阈值,numeric_input_ready=1; range_point < 200: 1; density_proxy_point < 125: 1,1,,0,0
DN7004MBEV,2023-12-10,1,155,92.92035398230088495575221239,,old-09-PDF-grid-2-0-2,两项数值低于常规阈值,numeric_input_ready=1; range_point < 200: 1; density_proxy_point < 125: 1,1,,0,0
DN7005MBEV,2023-12-10,1,155,93.75,,old-09-PDF-grid-2-0-3,两项数值低于常规阈值,numeric_input_ready=1; range_point < 200: 1; density_proxy_point < 125: 1,1,,0,0
DN7006MBEV,2023-12-10,1,155,100,,old-10-PDF-grid-1-0-23,两项数值低于常规阈值,numeric_input_ready=1; range_point < 200: 1; density_proxy_point < 125: 1,1,,0,0
DN7007GBEV4,2023-12-10,1,451,160.1830663615560640732265446,,old-26-DOCX--0-41,两项数值均达到常规阈值,numeric_input_ready=1; range_point < 200: 0; density_proxy_point < 125: 0,1,,0,0
DN7007HBEVS3,2023-12-10,1,351,141.2429378531073446327683616,,old-19-DOCX--0-19,两项数值均达到常规阈值,numeric_input_ready=1; range_point < 200: 0; density_proxy_point < 125: 0,1,,0,0
DN7007MBEV,2023-12-10,1,255,99.25558312655086848635235732,,old-14-Word97--0-12,密度代理单项低于常规阈值,numeric_input_ready=1; range_point < 200: 0; density_proxy_point < 125: 1,1,,0,0
DN7007MBEVS3,2023-12-10,1,351,141.2429378531073446327683616,,old-19-DOCX--0-20,两项数值均达到常规阈值,numeric_input_ready=1; range_point < 200: 0; density_proxy_point < 125: 0,1,,0,0
DN7008MBEVD,2023-12-10,1,270,142.2413793103448275862068966,,old-21-DOCX--0-4,两项数值均达到常规阈值,numeric_input_ready=1; range_point < 200: 0; density_proxy_point < 125: 0,1,,0,0
DN7008MBEVS,2023-12-10,1,255,142.2413793103448275862068966,,old-19-DOCX--0-21,两项数值均达到常规阈值,numeric_input_ready=1; range_point < 200: 0; density_proxy_point < 125: 0,1,,0,0
DXK6450EC10BEV,2023-12-10,0,302,,,old-41-Word97--0-14,单值不足,numeric_input_ready != 1；保持未知，不以0替代缺值,1,两项单值暴露不足,0,0
DXK6450EC13BEV,2023-12-10,0,252,,,old-60-Word97--0-15,单值不足,numeric_input_ready != 1；保持未知，不以0替代缺值,1,两项单值暴露不足,0,0
DXK6450EC16BEV,2023-12-10,0,252,,,old-65-Word97--0-8,单值不足,numeric_input_ready != 1；保持未知，不以0替代缺值,1,两项单值暴露不足,0,0
DXK6450EC1BEV,2023-12-10,1,200,95,,old-09-PDF-grid-1-0-21,密度代理单项低于常规阈值,numeric_input_ready=1; range_point < 200: 0; density_proxy_point < 125: 1,1,,0,0
DXK6450EC3BEV,2023-12-10,0,252,,,old-13-PDF-grid-1-0-11,单值不足,numeric_input_ready != 1；保持未知，不以0替代缺值,1,两项单值暴露不足,0,0
DXK6450EC4BEV,2023-12-10,1,255,117.8160919540229885057471264,,old-17-PDF-grid-1-0-16,密度代理单项低于常规阈值,numeric_input_ready=1; range_point < 200: 0; density_proxy_point < 125: 1,1,,0,0
DXK6450EC5BEV,2023-12-10,1,252,125,,old-20-DOCX--0-15,两项数值均达到常规阈值,numeric_input_ready=1; range_point < 200: 0; density_proxy_point < 125: 0,1,,0,0
DXK6450EC6BEV,2023-12-10,1,260,120.1117318435754189944134078,,old-22-Word97--0-3,密度代理单项低于常规阈值,numeric_input_ready=1; range_point < 200: 0; density_proxy_point < 125: 1,1,,0,0
DXK6450EC7BEV,2023-12-10,1,302,140,,old-24-Word97--2-13,两项数值均达到常规阈值,numeric_input_ready=1; range_point < 200: 0; density_proxy_point < 125: 0,1,,0,0
DXK6450EC8BEV,2023-12-10,0,302,,,old-28-Word97--0-2,单值不足,numeric_input_ready != 1；保持未知，不以0替代缺值,1,两项单值暴露不足,0,0
DXK6450EC9BEV,2023-12-10,0,302,,,old-33-Word97--0-4,单值不足,numeric_input_ready != 1；保持未知，不以0替代缺值,1,两项单值暴露不足,0,0
DXK6452EFBEV,2023-12-10,0,180,,,old-09-PDF-grid-1-0-23,单值不足,numeric_input_ready != 1；保持未知，不以0替代缺值,1,两项单值暴露不足,0,0
DXK6460HF2BEV,2023-12-10,1,310,140.185430463576158940397351,,old-47-Word97--0-10,两项数值均达到常规阈值,numeric_input_ready=1; range_point < 200: 0; density_proxy_point < 125: 0,1,,0,0
DXK6460HF4BEV,2023-12-10,1,310,140.185430463576158940397351,,old-54-Word97--0-30,两项数值均达到常规阈值,numeric_input_ready=1; range_point < 200: 0; density_proxy_point < 125: 0,1,,0,0
DXK6460HF5BEV,2023-12-10,0,350,,,old-61-Word97--0-24,单值不足,numeric_input_ready != 1；保持未知，不以0替代缺值,1,两项单值暴露不足,0,0
DXK6460HF6BEV,2023-12-10,0,350,,,old-67-Word97--0-3,单值不足,numeric_input_ready != 1；保持未知，不以0替代缺值,1,两项单值暴露不足,0,0
DXK6460HF7BEV,2023-12-10,0,275,,,old-70-Word97--0-10,单值不足,numeric_input_ready != 1；保持未知，不以0替代缺值,1,两项单值暴露不足,0,0
DXK6600HTBEV,2023-12-10,1,400,166.8493150684931506849315068,,old-62-Word97--0-5,两项数值均达到常规阈值,numeric_input_ready=1; range_point < 200: 0; density_proxy_point < 125: 0,1,,0,0
DXK7000KD1BEV,2023-12-10,0,405,,,old-26-DOCX--0-34,单值不足,numeric_input_ready != 1；保持未知，不以0替代缺值,1,两项单值暴露不足,0,0
DXK7000KD2BEV,2023-12-10,0,368,,,old-66-Word97--0-2,单值不足,numeric_input_ready != 1；保持未知，不以0替代缺值,1,两项单值暴露不足,0,0
DXK7000KDBEV,2023-12-10,0,405,,,old-26-DOCX--0-35,单值不足,numeric_input_ready != 1；保持未知，不以0替代缺值,1,两项单值暴露不足,0,0
DXK7001RD10BEV,2023-12-10,1,180,115.2,,old-48-Word97--0-17,两项数值低于常规阈值,numeric_input_ready=1; range_point < 200: 1; density_proxy_point < 125: 1,1,,0,0
DXK7001RD11BEV,2023-12-10,1,180,121.2631578947368421052631579,,old-52-Word97--0-11,两项数值低于常规阈值,numeric_input_ready=1; range_point < 200: 1; density_proxy_point < 125: 1,1,,0,0
DXK7001RD15BEV,2023-12-10,1,180,115.2,,old-55-Word97--0-21,两项数值低于常规阈值,numeric_input_ready=1; range_point < 200: 1; density_proxy_point < 125: 1,1,,0,0
DXK7001RD18BEV,2023-12-10,0,180,,,old-61-Word97--0-21,单值不足,numeric_input_ready != 1；保持未知，不以0替代缺值,1,两项单值暴露不足,0,0
DXK7001RD19BEV,2023-12-10,0,220,,CLTC,old-61-Word97--0-22,单值不足,numeric_input_ready != 1；保持未知，不以0替代缺值,1,两项单值暴露不足,0,0
DXK7001RD1BEV,2023-12-10,1,220,118.3098591549295774647887324,,old-55-Word97--0-22,密度代理单项低于常规阈值,numeric_input_ready=1; range_point < 200: 0; density_proxy_point < 125: 1,1,,0,0
DXK7001RD20BEV,2023-12-10,0,220,,CLTC,old-61-Word97--0-23,单值不足,numeric_input_ready != 1；保持未知，不以0替代缺值,1,两项单值暴露不足,0,0
DXK7001RD2BEV,2023-12-10,1,180,115.2,,old-54-Word97--0-31,两项数值低于常规阈值,numeric_input_ready=1; range_point < 200: 1; density_proxy_point < 125: 1,1,,0,0
DXK7001RD4BEV,2023-12-10,1,180,119.8086956521739130434782609,,old-50-Word97--0-23,两项数值低于常规阈值,numeric_input_ready=1; range_point < 200: 1; density_proxy_point < 125: 1,1,,0,0
DXK7001RD5BEV,2023-12-10,1,180,119.8086956521739130434782609,,old-54-Word97--0-32,两项数值低于常规阈值,numeric_input_ready=1; range_point < 200: 1; density_proxy_point < 125: 1,1,,0,0
DXK7001RD7BEV,2023-12-10,1,120,108.0588235294117647058823529,,old-48-Word97--0-16,两项数值低于常规阈值,numeric_input_ready=1; range_point < 200: 1; density_proxy_point < 125: 1,1,,0,0
DXK7001RD9BEV,2023-12-10,1,120,108.0588235294117647058823529,,old-48-Word97--0-15,两项数值低于常规阈值,numeric_input_ready=1; range_point < 200: 1; density_proxy_point < 125: 1,1,,0,0
DXK7001RDBEV,2023-12-10,1,180,115.2,,old-47-Word97--0-11,两项数值低于常规阈值,numeric_input_ready=1; range_point < 200: 1; density_proxy_point < 125: 1,1,,0,0
DYM7003BABEV,2023-12-10,1,320,131.5789473684210526315789474,,old-20-DOCX--0-16,两项数值均达到常规阈值,numeric_input_ready=1; range_point < 200: 0; density_proxy_point < 125: 0,1,,0,0
DYM7003BBBEV,2023-12-10,1,360,136.8421052631578947368421053,,old-24-Word97--2-16,两项数值均达到常规阈值,numeric_input_ready=1; range_point < 200: 0; density_proxy_point < 125: 0,1,,0,0
DYM7009ABBEV,2023-12-10,1,150,122.9050279329608938547486034,,old-12-PDF-grid-1-0-11,两项数值低于常规阈值,numeric_input_ready=1; range_point < 200: 1; density_proxy_point < 125: 1,1,,0,0
DYM7009ACBEV,2023-12-10,1,150,125,,old-14-Word97--0-11,续航单项低于常规阈值,numeric_input_ready=1; range_point < 200: 1; density_proxy_point < 125: 0,1,,0,0
E1R5,2023-12-10,1,480,153.6231884057971014492753623,,old-26-DOCX--0-84,两项数值均达到常规阈值,numeric_input_ready=1; range_point < 200: 0; density_proxy_point < 125: 0,1,,0,0
E3D5,2023-12-10,1,590,164.2105263157894736842105263,,old-26-DOCX--0-69,两项数值均达到常规阈值,numeric_input_ready=1; range_point < 200: 0; density_proxy_point < 125: 0,1,,0,0
E3DP5,2023-12-10,1,595,164.2105263157894736842105263,,old-26-DOCX--0-70,两项数值均达到常规阈值,numeric_input_ready=1; range_point < 200: 0; density_proxy_point < 125: 0,1,,0,0
E3R5,2023-12-10,1,664,164.2105263157894736842105263,,old-26-DOCX--0-71,两项数值均达到常规阈值,numeric_input_ready=1; range_point < 200: 0; density_proxy_point < 125: 0,1,,0,0
ELECTRICUPEABAFA1001,2023-12-10,1,157,82.60869565217391304347826087,,old-08-PDF-grid-2-0-11,两项数值低于常规阈值,numeric_input_ready=1; range_point < 200: 1; density_proxy_point < 125: 1,1,,0,0
EQ2040RMVBEV,2023-12-10,1,505,169.9285714285714285714285714,,old-62-Word97--0-4,两项数值均达到常规阈值,numeric_input_ready=1; range_point < 200: 0; density_proxy_point < 125: 0,1,,0,0
EQ6490AL5F1BEV,2023-12-10,1,505,150.4444444444444444444444444,,old-42-Word97--0-18,两项数值均达到常规阈值,numeric_input_ready=1; range_point < 200: 0; density_proxy_point < 125: 0,1,,0,0
EQ6490AL5F2BEV,2023-12-10,1,475,150.4444444444444444444444444,,old-42-Word97--0-19,两项数值均达到常规阈值,numeric_input_ready=1; range_point < 200: 0; density_proxy_point < 125: 0,1,,0,0
EQ6491AL5F2BEV,2023-12-10,1,631,180.7192982456140350877192982,,old-53-Word97--0-15,两项数值均达到常规阈值,numeric_input_ready=1; range_point < 200: 0; density_proxy_point < 125: 0,1,,0,0
EQ6510LM5F1BEV,2023-12-10,1,200,108.1081081081081081081081081,,old-13-PDF-grid-1-0-9,密度代理单项低于常规阈值,numeric_input_ready=1; range_point < 200: 0; density_proxy_point < 125: 1,1,,0,0
EQ6530AL5F2BEV,2023-12-10,1,475,157.9038461538461538461538462,,old-54-Word97--0-25,两项数值均达到常规阈值,numeric_input_ready=1; range_point < 200: 0; density_proxy_point < 125: 0,1,,0,0
EQ6531AL5F2BEV,2023-12-10,1,605,207.1047619047619047619047619,,old-54-Word97--0-28,两项数值均达到常规阈值,numeric_input_ready=1; range_point < 200: 0; density_proxy_point < 125: 0,1,,0,0
EQ6532AL5F2BEV,2023-12-10,1,510,157.9038461538461538461538462,,old-69-Word97--0-6,两项数值均达到常规阈值,numeric_input_ready=1; range_point < 200: 0; density_proxy_point < 125: 0,1,,0,0
EQ6533AL5F2BEV,2023-12-10,1,650,207.1047619047619047619047619,,old-69-Word97--0-7,两项数值均达到常规阈值,numeric_input_ready=1; range_point < 200: 0; density_proxy_point < 125: 0,1,,0,0
EQ6534AL5F2BEV,2023-12-10,1,650,192.566371681415929203539823,,old-70-Word97--0-8,两项数值均达到常规阈值,numeric_input_ready=1; range_point < 200: 0; density_proxy_point < 125: 0,1,,0,0
EQ7000AL1F2BEV,2023-12-10,1,580,157.9038461538461538461538462,,old-60-Word97--0-14,两项数值均达到常规阈值,numeric_input_ready=1; range_point < 200: 0; density_proxy_point < 125: 0,1,,0,0
EQ7000FA2F1BEV,2023-12-10,1,271,142.8571428571428571428571429,,old-25-Word97--0-62,两项数值均达到常规阈值,numeric_input_ready=1; range_point < 200: 0; density_proxy_point < 125: 0,1,,0,0
EQ7000FD2F2BEV,2023-12-10,1,321,151.8324607329842931937172775,,old-34-Word97--0-7,两项数值均达到常规阈值,numeric_input_ready=1; range_point < 200: 0; density_proxy_point < 125: 0,1,,0,0
EQ7000FD2F3BEV,2023-12-10,1,201,110.1655172413793103448275862,,old-60-Word97--0-16,密度代理单项低于常规阈值,numeric_input_ready=1; range_point < 200: 0; density_proxy_point < 125: 1,1,,0,0
EQ7000FL2F1BEV,2023-12-10,1,271,142.8571428571428571428571429,,old-25-Word97--0-63,两项数值均达到常规阈值,numeric_input_ready=1; range_point < 200: 0; density_proxy_point < 125: 0,1,,0,0
EQ7000FR2F1BEV,2023-12-10,1,271,142.8571428571428571428571429,,old-25-Word97--0-64,两项数值均达到常规阈值,numeric_input_ready=1; range_point < 200: 0; density_proxy_point < 125: 0,1,,0,0
EQ7000FR2F2BEV,2023-12-10,1,321,151.8324607329842931937172775,,old-34-Word97--0-8,两项数值均达到常规阈值,numeric_input_ready=1; range_point < 200: 0; density_proxy_point < 125: 0,1,,0,0
EQ7000FS2F1BEV,2023-12-10,1,271,142.8571428571428571428571429,,old-25-Word97--0-65,两项数值均达到常规阈值,numeric_input_ready=1; range_point < 200: 0; density_proxy_point < 125: 0,1,,0,0
EQ7000FV2F1BEV,2023-12-10,1,271,142.8571428571428571428571429,,old-25-Word97--0-66,两项数值均达到常规阈值,numeric_input_ready=1; range_point < 200: 0; density_proxy_point < 125: 0,1,,0,0
EQ7000LS1F1BEV,2023-12-10,1,255,120.2531645569620253164556962,,old-13-PDF-grid-1-0-10,密度代理单项低于常规阈值,numeric_input_ready=1; range_point < 200: 0; density_proxy_point < 125: 1,1,,0,0
EQ7001AL1F2BEV,2023-12-10,1,730,207.1047619047619047619047619,,old-60-Word97--0-21,两项数值均达到常规阈值,numeric_input_ready=1; range_point < 200: 0; density_proxy_point < 125: 0,1,,0,0
EQ7002AL1F2BEV,2023-12-10,1,730,192.566371681415929203539823,,old-70-Word97--0-9,两项数值均达到常规阈值,numeric_input_ready=1; range_point < 200: 0; density_proxy_point < 125: 0,1,,0,0
EQS450+A10(296623),2023-12-10,1,742,161.5606936416184971098265896,,old-60-Word97--0-4,两项数值均达到常规阈值,numeric_input_ready=1; range_point < 200: 0; density_proxy_point < 125: 0,1,,0,0
EQS450+A10(297123),2023-12-10,1,849,161.5606936416184971098265896,,old-49-Word97--0-24,两项数值均达到常规阈值,numeric_input_ready=1; range_point < 200: 0; density_proxy_point < 125: 0,1,,0,0
EQS450+B20(297123),2023-12-10,1,813,161.5606936416184971098265896,,old-49-Word97--0-22,两项数值均达到常规阈值,numeric_input_ready=1; range_point < 200: 0; density_proxy_point < 125: 0,1,,0,0
EQS4504MATICA10(296624),2023-12-10,1,673,161.5606936416184971098265896,,old-60-Word97--0-3,两项数值均达到常规阈值,numeric_input_ready=1; range_point < 200: 0; density_proxy_point < 125: 0,1,,0,0
EQS4504MATICB20(296624),2023-12-10,1,670,161.5606936416184971098265896,,old-60-Word97--0-2,两项数值均达到常规阈值,numeric_input_ready=1; range_point < 200: 0; density_proxy_point < 125: 0,1,,0,0
EQS5804MATICA10(297144),2023-12-10,1,720,161.5606936416184971098265896,,old-49-Word97--0-23,两项数值均达到常规阈值,numeric_input_ready=1; range_point < 200: 0; density_proxy_point < 125: 0,1,,0,0
ETRON55GESBM1JQ6A0,2023-12-10,1,500,139.5007342143906020558002937,,old-46-Word97--0-11,两项数值均达到常规阈值,numeric_input_ready=1; range_point < 200: 0; density_proxy_point < 125: 0,1,,0,0
ETRON55GEXBM1JQ6A0,2023-12-10,1,470,138.6861313868613138686131387,,old-27-Word97--0-62,两项数值均达到常规阈值,numeric_input_ready=1; range_point < 200: 0; density_proxy_point < 125: 0,1,,0,0
ETRONGT60FWSBD2VQ6C1,2023-12-10,1,480,132.8571428571428571428571429,,old-65-Word97--0-3,两项数值均达到常规阈值,numeric_input_ready=1; range_point < 200: 0; density_proxy_point < 125: 0,1,,0,0
ETRONGT60FWSBD2VQ6C2,2023-12-10,1,480,132.8571428571428571428571429,,old-65-Word97--0-2,两项数值均达到常规阈值,numeric_input_ready=1; range_point < 200: 0; density_proxy_point < 125: 0,1,,0,0
EXH6460A00BEV,2023-12-10,1,520,155.2941176470588235294117647,,old-35-Word97--0-32,两项数值均达到常规阈值,numeric_input_ready=1; range_point < 200: 0; density_proxy_point < 125: 0,1,,0,0
EXH6460A01BEV,2023-12-10,1,620,176.595744680851063829787234,,old-37-Word97--0-31,两项数值均达到常规阈值,numeric_input_ready=1; range_point < 200: 0; density_proxy_point < 125: 0,1,,0,0
EXH6460A02BEV,2023-12-10,1,520,155.2941176470588235294117647,,old-37-Word97--0-32,两项数值均达到常规阈值,numeric_input_ready=1; range_point < 200: 0; density_proxy_point < 125: 0,1,,0,0
EXH6460A03BEV,2023-12-10,1,520,155.8376470588235294117647059,,old-38-Word97--0-12,两项数值均达到常规阈值,numeric_input_ready=1; range_point < 200: 0; density_proxy_point < 125: 0,1,,0,0
EXH6460A04BEV,2023-12-10,1,520,155.8376470588235294117647059,,old-39-Word97--0-17,两项数值均达到常规阈值,numeric_input_ready=1; range_point < 200: 0; density_proxy_point < 125: 0,1,,0,0
EXH6460A05BEV,2023-12-10,1,520,154.0255813953488372093023256,,old-41-Word97--0-20,两项数值均达到常规阈值,numeric_input_ready=1; range_point < 200: 0; density_proxy_point < 125: 0,1,,0,0
EXH6460A06BEV,2023-12-10,1,520,155.8376470588235294117647059,,old-46-Word97--0-30,两项数值均达到常规阈值,numeric_input_ready=1; range_point < 200: 0; density_proxy_point < 125: 0,1,,0,0
EXH6460A09BEV,2023-12-10,1,620,175.9829787234042553191489362,CLTC,old-53-Word97--0-17,两项数值均达到常规阈值,numeric_input_ready=1; range_point < 200: 0; density_proxy_point < 125: 0,1,,0,0
EXH6480A00BEV,2023-12-10,1,501,155.2941176470588235294117647,,old-33-Word97--0-20,两项数值均达到常规阈值,numeric_input_ready=1; range_point < 200: 0; density_proxy_point < 125: 0,1,,0,0
EXH6480A01BEV,2023-12-10,1,501,155.8376470588235294117647059,,old-42-Word97--0-30,两项数值均达到常规阈值,numeric_input_ready=1; range_point < 200: 0; density_proxy_point < 125: 0,1,,0,0
FD6450BEV,2023-12-10,1,380,199.4047619047619047619047619,,old-07-PDF-grid-1-0-20,两项数值均达到常规阈值,numeric_input_ready=1; range_point < 200: 0; density_proxy_point < 125: 0,1,,0,0
FDH7000BEV01,2023-12-10,1,260,137.037037037037037037037037,,old-22-Word97--0-58,两项数值均达到常规阈值,numeric_input_ready=1; range_point < 200: 0; density_proxy_point < 125: 0,1,,0,0
FDH7000BEV03,2023-12-10,1,305,141.7322834645669291338582677,,old-23-Word97--0-61,两项数值均达到常规阈值,numeric_input_ready=1; range_point < 200: 0; density_proxy_point < 125: 0,1,,0,0
FDH7000BEV04,2023-12-10,1,305,141.7322834645669291338582677,,old-25-Word97--0-34,两项数值均达到常规阈值,numeric_input_ready=1; range_point < 200: 0; density_proxy_point < 125: 0,1,,0,0
FDH7000BEV05,2023-12-10,1,451,158.9403973509933774834437086,,mf29-t0-r23,两项数值均达到常规阈值,numeric_input_ready=1; range_point < 200: 0; density_proxy_point < 125: 0,1,,0,0
FDH7000BEV06,2023-12-10,0,403,,,old-30-Word97--0-29,单值不足,numeric_input_ready != 1；保持未知，不以0替代缺值,1,两项单值暴露不足,0,0
FDH7000BEV08,2023-12-10,0,403,,,old-33-Word97--0-70,单值不足,numeric_input_ready != 1；保持未知，不以0替代缺值,1,两项单值暴露不足,0,0
FDH7000BEV09,2023-12-10,1,403,128.959375,,old-40-Word97--0-15,两项数值均达到常规阈值,numeric_input_ready=1; range_point < 200: 0; density_proxy_point < 125: 0,1,,0,0
FJ6410BEVA1,2023-12-10,1,171,103.2258064516129032258064516,,old-03-PDF-grid-1-0-8,两项数值低于常规阈值,numeric_input_ready=1; range_point < 200: 1; density_proxy_point < 125: 1,1,,0,0
FJ6440BEVA1,2023-12-10,0,310,,,old-38-Word97--0-22,单值不足,numeric_input_ready != 1；保持未知，不以0替代缺值,1,两项单值暴露不足,0,0
FJ6450BEVC1,2023-12-10,1,305,139.3442622950819672131147541,,old-22-Word97--0-29,两项数值均达到常规阈值,numeric_input_ready=1; range_point < 200: 0; density_proxy_point < 125: 0,1,,0,0
FJ6450BEVC3,2023-12-10,1,451,160.9498680738786279683377309,,old-36-Word97--0-9,两项数值均达到常规阈值,numeric_input_ready=1; range_point < 200: 0; density_proxy_point < 125: 0,1,,0,0
FV6465AABEV,2023-12-10,1,405,165.2818991097922848664688427,,old-44-Word97--0-14,两项数值均达到常规阈值,numeric_input_ready=1; range_point < 200: 0; density_proxy_point < 125: 0,1,,0,0
FV6465BBABEV,2023-12-10,1,600,174.8453608247422680412371134,,old-46-Word97--0-15,两项数值均达到常规阈值,numeric_input_ready=1; range_point < 200: 0; density_proxy_point < 125: 0,1,,0,0
FV6465BBBBEV,2023-12-10,1,585,167.5,CLTC,old-71-Word97--0-7,两项数值均达到常规阈值,numeric_input_ready=1; range_point < 200: 0; density_proxy_point < 125: 0,1,,0,0
FV6465BBBEV,2023-12-10,1,550,178.5714285714285714285714286,,old-35-Word97--0-2,两项数值均达到常规阈值,numeric_input_ready=1; range_point < 200: 0; density_proxy_point < 125: 0,1,,0,0
FV6465BCABEV,2023-12-10,1,554,174.8453608247422680412371134,,old-47-Word97--0-4,两项数值均达到常规阈值,numeric_input_ready=1; range_point < 200: 0; density_proxy_point < 125: 0,1,,0,0
FV6465BCBBEV,2023-12-10,1,560,174.8453608247422680412371134,CLTC,old-56-Word97--0-23,两项数值均达到常规阈值,numeric_input_ready=1; range_point < 200: 0; density_proxy_point < 125: 0,1,,0,0
FV6465BCBEV,2023-12-10,1,513,178.1512605042016806722689076,,old-41-Word97--0-9,两项数值均达到常规阈值,numeric_input_ready=1; range_point < 200: 0; density_proxy_point < 125: 0,1,,0,0
FV6465BCCBEV,2023-12-10,1,545,167.5,CLTC,old-71-Word97--0-11,两项数值均达到常规阈值,numeric_input_ready=1; range_point < 200: 0; density_proxy_point < 125: 0,1,,0,0
FV6469AAABEV,2023-12-10,1,587,167.5,CLTC,old-71-Word97--0-12,两项数值均达到常规阈值,numeric_input_ready=1; range_point < 200: 0; density_proxy_point < 125: 0,1,,0,0
FV6469AABEV,2023-12-10,1,605,174.8453608247422680412371134,,old-53-Word97--0-13,两项数值均达到常规阈值,numeric_input_ready=1; range_point < 200: 0; density_proxy_point < 125: 0,1,,0,0
FV6469ABABEV,2023-12-10,1,560,174.8453608247422680412371134,CLTC,old-56-Word97--0-22,两项数值均达到常规阈值,numeric_input_ready=1; range_point < 200: 0; density_proxy_point < 125: 0,1,,0,0
FV6469ABBBEV,2023-12-10,1,547,167.5,CLTC,old-71-Word97--0-13,两项数值均达到常规阈值,numeric_input_ready=1; range_point < 200: 0; density_proxy_point < 125: 0,1,,0,0
FV6469ABBEV,2023-12-10,1,543,174.8453608247422680412371134,,old-53-Word97--0-12,两项数值均达到常规阈值,numeric_input_ready=1; range_point < 200: 0; density_proxy_point < 125: 0,1,,0,0
FV6494AA1BEV,2023-12-10,1,500,142.0204978038067349926793558,,old-37-Word97--0-2,两项数值均达到常规阈值,numeric_input_ready=1; range_point < 200: 0; density_proxy_point < 125: 0,1,,0,0
FV6494AABEV,2023-12-10,1,465,142.0204978038067349926793558,,old-33-Word97--0-3,两项数值均达到常规阈值,numeric_input_ready=1; range_point < 200: 0; density_proxy_point < 125: 0,1,,0,0
FV6498AABEV,2023-12-10,1,439,170.1086956521739130434782609,,old-44-Word97--0-13,两项数值均达到常规阈值,numeric_input_ready=1; range_point < 200: 0; density_proxy_point < 125: 0,1,,0,0
FV6498BBABEV,2023-12-10,1,591,174.8453608247422680412371134,,old-49-Word97--0-8,两项数值均达到常规阈值,numeric_input_ready=1; range_point < 200: 0; density_proxy_point < 125: 0,1,,0,0
FV6498BBBEV,2023-12-10,1,565,178.1512605042016806722689076,,old-41-Word97--0-10,两项数值均达到常规阈值,numeric_input_ready=1; range_point < 200: 0; density_proxy_point < 125: 0,1,,0,0
FV6498BBDBEV,2023-12-10,1,601,174.8453608247422680412371134,,old-49-Word97--0-9,两项数值均达到常规阈值,numeric_input_ready=1; range_point < 200: 0; density_proxy_point < 125: 0,1,,0,0
FV6498BBEBEV,2023-12-10,1,579,167.5,CLTC,old-71-Word97--0-8,两项数值均达到常规阈值,numeric_input_ready=1; range_point < 200: 0; density_proxy_point < 125: 0,1,,0,0
FV6498BBFBEV,2023-12-10,1,587,167.5,CLTC,old-71-Word97--0-9,两项数值均达到常规阈值,numeric_input_ready=1; range_point < 200: 0; density_proxy_point < 125: 0,1,,0,0
FV6498BCABEV,2023-12-10,1,550,174.8453608247422680412371134,,old-49-Word97--0-7,两项数值均达到常规阈值,numeric_input_ready=1; range_point < 200: 0; density_proxy_point < 125: 0,1,,0,0
FV6498BCBBEV,2023-12-10,1,560,174.8453608247422680412371134,CLTC,old-56-Word97--0-21,两项数值均达到常规阈值,numeric_input_ready=1; range_point < 200: 0; density_proxy_point < 125: 0,1,,0,0
FV6498BCBEV,2023-12-10,1,516,178.1512605042016806722689076,,old-42-Word97--0-17,两项数值均达到常规阈值,numeric_input_ready=1; range_point < 200: 0; density_proxy_point < 125: 0,1,,0,0
FV6498BCCBEV,2023-12-10,1,548,167.5,CLTC,old-71-Word97--0-10,两项数值均达到常规阈值,numeric_input_ready=1; range_point < 200: 0; density_proxy_point < 125: 0,1,,0,0
FV70010AABEV,2023-12-10,1,265,116.7192429022082018927444795,,old-24-Word97--2-5,密度代理单项低于常规阈值,numeric_input_ready=1; range_point < 200: 0; density_proxy_point < 125: 1,1,,0,0
FV70010BABEV,2023-12-10,1,265,126.1829652996845425867507886,,old-26-DOCX--0-31,两项数值均达到常规阈值,numeric_input_ready=1; range_point < 200: 0; density_proxy_point < 125: 0,1,,0,0
FV70010CAABEV,2023-12-10,1,334,140.4458598726114649681528662,,old-41-Word97--0-11,两项数值均达到常规阈值,numeric_input_ready=1; range_point < 200: 0; density_proxy_point < 125: 0,1,,0,0
FV70010CABEV,2023-12-10,1,302,140.1273885350318471337579618,,old-32-Word97--0-2,两项数值均达到常规阈值,numeric_input_ready=1; range_point < 200: 0; density_proxy_point < 125: 0,1,,0,0
FV7002AABEV,2023-12-10,1,270,116.3522012578616352201257862,,old-23-Word97--0-62,密度代理单项低于常规阈值,numeric_input_ready=1; range_point < 200: 0; density_proxy_point < 125: 1,1,,0,0
FV7002BABEV,2023-12-10,1,270,125.7861635220125786163522013,,old-26-DOCX--0-32,两项数值均达到常规阈值,numeric_input_ready=1; range_point < 200: 0; density_proxy_point < 125: 0,1,,0,0
FV7002CABEV,2023-12-10,1,346,139.6825396825396825396825397,,old-32-Word97--0-3,两项数值均达到常规阈值,numeric_input_ready=1; range_point < 200: 0; density_proxy_point < 125: 0,1,,0,0
FV7004AABEV,2023-12-10,1,270,116.7192429022082018927444795,,old-23-Word97--0-63,密度代理单项低于常规阈值,numeric_input_ready=1; range_point < 200: 0; density_proxy_point < 125: 1,1,,0,0
FV7004BABEV,2023-12-10,1,270,126.1829652996845425867507886,,old-26-DOCX--0-33,两项数值均达到常规阈值,numeric_input_ready=1; range_point < 200: 0; density_proxy_point < 125: 0,1,,0,0
FV7007AABEV,2023-12-10,1,642,174.8453608247422680412371134,CLTC,old-65-Word97--0-7,两项数值均达到常规阈值,numeric_input_ready=1; range_point < 200: 0; density_proxy_point < 125: 0,1,,0,0
FV7007ABBEV,2023-12-10,1,570,174.8453608247422680412371134,CLTC,old-67-Word97--0-2,两项数值均达到常规阈值,numeric_input_ready=1; range_point < 200: 0; density_proxy_point < 125: 0,1,,0,0
FZ6470BEVC10A,2023-12-10,0,530,,,old-71-Word97--0-39,单值不足,numeric_input_ready != 1；保持未知，不以0替代缺值,1,两项单值暴露不足,0,0
FZ6480BEV01,2023-12-10,0,510,,,old-45-Word97--0-35,单值不足,numeric_input_ready != 1；保持未知，不以0替代缺值,1,两项单值暴露不足,0,0
FZ6480BEV02,2023-12-10,0,610,,,old-45-Word97--0-33,单值不足,numeric_input_ready != 1；保持未知，不以0替代缺值,1,两项单值暴露不足,0,0
FZ6480BEV03,2023-12-10,0,510,,,old-50-Word97--0-36,单值不足,numeric_input_ready != 1；保持未知，不以0替代缺值,1,两项单值暴露不足,0,0
FZ6480BEV04,2023-12-10,0,610,,,old-50-Word97--0-35,单值不足,numeric_input_ready != 1；保持未知，不以0替代缺值,1,两项单值暴露不足,0,0
FZ6480BEV05,2023-12-10,0,610,,,old-50-Word97--0-34,单值不足,numeric_input_ready != 1；保持未知，不以0替代缺值,1,两项单值暴露不足,0,0
FZ6480BEV06,2023-12-10,0,510,,,old-50-Word97--0-38,单值不足,numeric_input_ready != 1；保持未知，不以0替代缺值,1,两项单值暴露不足,0,0
FZ6480BEV07,2023-12-10,0,610,,,old-50-Word97--0-37,单值不足,numeric_input_ready != 1；保持未知，不以0替代缺值,1,两项单值暴露不足,0,0
FZ6480BEV08,2023-12-10,0,610,,,old-50-Word97--0-39,单值不足,numeric_input_ready != 1；保持未知，不以0替代缺值,1,两项单值暴露不足,0,0
FZ6480BEV09,2023-12-10,0,510,,,old-50-Word97--0-41,单值不足,numeric_input_ready != 1；保持未知，不以0替代缺值,1,两项单值暴露不足,0,0
FZ6480BEV11,2023-12-10,0,610,,,old-52-Word97--0-15,单值不足,numeric_input_ready != 1；保持未知，不以0替代缺值,1,两项单值暴露不足,0,0
FZ6480BEV12,2023-12-10,0,610,,,old-52-Word97--0-16,单值不足,numeric_input_ready != 1；保持未知，不以0替代缺值,1,两项单值暴露不足,0,0
FZ6480BEV13,2023-12-10,0,510,,,old-54-Word97--0-29,单值不足,numeric_input_ready != 1；保持未知，不以0替代缺值,1,两项单值暴露不足,0,0
FZ6480BEV15,2023-12-10,0,510,,,old-57-Word97--0-36,单值不足,numeric_input_ready != 1；保持未知，不以0替代缺值,1,两项单值暴露不足,0,0
FZ6480BEV16,2023-12-10,0,502,,,old-63-Word97--0-26,单值不足,numeric_input_ready != 1；保持未知，不以0替代缺值,1,两项单值暴露不足,0,0
FZ6480BEV17,2023-12-10,0,502,,,old-62-Word97--0-39,单值不足,numeric_input_ready != 1；保持未知，不以0替代缺值,1,两项单值暴露不足,0,0
FZ6480BEV18,2023-12-10,0,502,,,old-62-Word97--0-36,单值不足,numeric_input_ready != 1；保持未知，不以0替代缺值,1,两项单值暴露不足,0,0
FZ6480BEVW10,2023-12-10,0,550,,,old-51-Word97--0-17,单值不足,numeric_input_ready != 1；保持未知，不以0替代缺值,1,两项单值暴露不足,0,0
FZ7000BEV01,2023-12-10,0,403,,,old-45-Word97--0-38,单值不足,numeric_input_ready != 1；保持未知，不以0替代缺值,1,两项单值暴露不足,0,0
FZ7000BEV02,2023-12-10,1,403,128.959375,,old-45-Word97--0-36,两项数值均达到常规阈值,numeric_input_ready=1; range_point < 200: 0; density_proxy_point < 125: 0,1,,0,0
FZ7000BEV03,2023-12-10,1,403,128.959375,,old-45-Word97--0-39,两项数值均达到常规阈值,numeric_input_ready=1; range_point < 200: 0; density_proxy_point < 125: 0,1,,0,0
FZ7000BEV04,2023-12-10,0,365,,,old-45-Word97--0-37,单值不足,numeric_input_ready != 1；保持未知，不以0替代缺值,1,两项单值暴露不足,0,0
FZ7000BEV05,2023-12-10,0,403,,,old-45-Word97--0-34,单值不足,numeric_input_ready != 1；保持未知，不以0替代缺值,1,两项单值暴露不足,0,0
FZ7000BEV06,2023-12-10,1,403,128.959375,,old-48-Word97--0-36,两项数值均达到常规阈值,numeric_input_ready=1; range_point < 200: 0; density_proxy_point < 125: 0,1,,0,0
FZ7000BEV07,2023-12-10,1,403,128.959375,,old-48-Word97--0-34,两项数值均达到常规阈值,numeric_input_ready=1; range_point < 200: 0; density_proxy_point < 125: 0,1,,0,0
FZ7000BEV08,2023-12-10,0,403,,,old-48-Word97--0-35,单值不足,numeric_input_ready != 1；保持未知，不以0替代缺值,1,两项单值暴露不足,0,0
FZ7000BEV09,2023-12-10,1,403,128.959375,,old-48-Word97--0-32,两项数值均达到常规阈值,numeric_input_ready=1; range_point < 200: 0; density_proxy_point < 125: 0,1,,0,0
FZ7000BEV10,2023-12-10,0,403,,,old-48-Word97--0-33,单值不足,numeric_input_ready != 1；保持未知，不以0替代缺值,1,两项单值暴露不足,0,0
FZ7000BEV11,2023-12-10,0,403,,,old-50-Word97--0-40,单值不足,numeric_input_ready != 1；保持未知，不以0替代缺值,1,两项单值暴露不足,0,0
FZ7000BEV12,2023-12-10,0,310,,,old-53-Word97--0-25,单值不足,numeric_input_ready != 1；保持未知，不以0替代缺值,1,两项单值暴露不足,0,0
FZ7000BEV13,2023-12-10,0,403,,,old-58-Word97--0-14,单值不足,numeric_input_ready != 1；保持未知，不以0替代缺值,1,两项单值暴露不足,0,0
FZ7000BEV14,2023-12-10,0,310,,,old-62-Word97--0-35,单值不足,numeric_input_ready != 1；保持未知，不以0替代缺值,1,两项单值暴露不足,0,0
FZ7000BEV15,2023-12-10,0,200,,,old-62-Word97--0-38,单值不足,numeric_input_ready != 1；保持未知，不以0替代缺值,1,两项单值暴露不足,0,0
FZ7000BEVC01A,2023-12-10,0,606,,,old-56-Word97--0-35,单值不足,numeric_input_ready != 1；保持未知，不以0替代缺值,1,两项单值暴露不足,0,0
FZ7000BEVC01B,2023-12-10,0,717,,,old-56-Word97--0-34,单值不足,numeric_input_ready != 1；保持未知，不以0替代缺值,1,两项单值暴露不足,0,0
FZ7000BEVC01D,2023-12-10,0,606,,,old-60-Word97--0-27,单值不足,numeric_input_ready != 1；保持未知，不以0替代缺值,1,两项单值暴露不足,0,0
FZ7000BEVC01E,2023-12-10,0,717,,,old-60-Word97--0-26,单值不足,numeric_input_ready != 1；保持未知，不以0替代缺值,1,两项单值暴露不足,0,0
FZ7000BEVC01F,2023-12-10,0,606,,,old-61-Word97--0-37,单值不足,numeric_input_ready != 1；保持未知，不以0替代缺值,1,两项单值暴露不足,0,0
FZ7000BEVC01G,2023-12-10,0,525,,,old-62-Word97--0-34,单值不足,numeric_input_ready != 1；保持未知，不以0替代缺值,1,两项单值暴露不足,0,0
FZ7000BEVC01H,2023-12-10,0,525,,,old-62-Word97--0-37,单值不足,numeric_input_ready != 1；保持未知，不以0替代缺值,1,两项单值暴露不足,0,0
FZ7000BEVWC01C,2023-12-10,0,630,,,old-56-Word97--0-36,单值不足,numeric_input_ready != 1；保持未知，不以0替代缺值,1,两项单值暴露不足,0,0
GA6420SBEV,2023-12-10,1,155,87.5,,old-05-PDF-grid-1-0-7,两项数值低于常规阈值,numeric_input_ready=1; range_point < 200: 1; density_proxy_point < 125: 1,1,,0,0
GAC7000BEVH0A,2023-12-10,1,310,120.7349081364829396325459318,,old-10-PDF-grid-2-0-2,密度代理单项低于常规阈值,numeric_input_ready=1; range_point < 200: 0; density_proxy_point < 125: 1,1,,0,0
GAH6460BEVS0A,2023-12-10,1,620,178.6046511627906976744186047,,old-54-Word97--0-38,两项数值均达到常规阈值,numeric_input_ready=1; range_point < 200: 0; density_proxy_point < 125: 0,1,,0,0
GAH6460BEVS0B,2023-12-10,1,510,139.0934782608695652173913043,,old-54-Word97--0-40,两项数值均达到常规阈值,numeric_input_ready=1; range_point < 200: 0; density_proxy_point < 125: 0,1,,0,0
GAH6460BEVS0C,2023-12-10,1,510,139.0934782608695652173913043,,old-54-Word97--0-41,两项数值均达到常规阈值,numeric_input_ready=1; range_point < 200: 0; density_proxy_point < 125: 0,1,,0,0
GAH6460BEVS0D,2023-12-10,1,510,178.9220055710306406685236769,,old-56-Word97--0-38,两项数值均达到常规阈值,numeric_input_ready=1; range_point < 200: 0; density_proxy_point < 125: 0,1,,0,0
GAH6460BEVS0E,2023-12-10,1,800,205.3521739130434782608695652,,old-54-Word97--0-39,两项数值均达到常规阈值,numeric_input_ready=1; range_point < 200: 0; density_proxy_point < 125: 0,1,,0,0
GAH6460BEVS0F,2023-12-10,1,510,162.1485411140583554376657825,,old-59-Word97--0-57,两项数值均达到常规阈值,numeric_input_ready=1; range_point < 200: 0; density_proxy_point < 125: 0,1,,0,0
GAH6460BEVS0G,2023-12-10,1,510,144.6122931442080378250591017,,old-67-Word97--0-21,两项数值均达到常规阈值,numeric_input_ready=1; range_point < 200: 0; density_proxy_point < 125: 0,1,,0,0
GAH6510BEVU0A,2023-12-10,0,762,,,old-68-Word97--0-24,单值不足,numeric_input_ready != 1；保持未知，不以0替代缺值,1,两项单值暴露不足,0,0
GAH6510BEVU0B,2023-12-10,0,620,,,old-68-Word97--0-25,单值不足,numeric_input_ready != 1；保持未知，不以0替代缺值,1,两项单值暴露不足,0,0
GAH6510BEVU0D,2023-12-10,0,620,,,old-69-Word97--0-52,单值不足,numeric_input_ready != 1；保持未知，不以0替代缺值,1,两项单值暴露不足,0,0
GAH6520BEVU0A,2023-12-10,0,762,,,old-69-Word97--0-49,单值不足,numeric_input_ready != 1；保持未知，不以0替代缺值,1,两项单值暴露不足,0,0
GAH6520BEVU0B,2023-12-10,0,620,,,old-69-Word97--0-50,单值不足,numeric_input_ready != 1；保持未知，不以0替代缺值,1,两项单值暴露不足,0,0
GAH6520BEVU0D,2023-12-10,0,620,,,old-69-Word97--0-51,单值不足,numeric_input_ready != 1；保持未知，不以0替代缺值,1,两项单值暴露不足,0,0
GAH7000BEVH0A,2023-12-10,1,310,120.7349081364829396325459318,,old-16-Word97--0-19,密度代理单项低于常规阈值,numeric_input_ready=1; range_point < 200: 0; density_proxy_point < 125: 1,1,,0,0
GAH7000BEVH0B,2023-12-10,1,410,155.8073654390934844192634561,,old-18-Word97--0-34,两项数值均达到常规阈值,numeric_input_ready=1; range_point < 200: 0; density_proxy_point < 125: 0,1,,0,0
GAH7000BEVH0C,2023-12-10,1,410,162.7118644067796610169491525,,old-26-DOCX--0-51,两项数值均达到常规阈值,numeric_input_ready=1; range_point < 200: 0; density_proxy_point < 125: 0,1,,0,0
GAH7000BEVH0D,2023-12-10,1,410,162.7118644067796610169491525,,old-26-DOCX--0-52,两项数值均达到常规阈值,numeric_input_ready=1; range_point < 200: 0; density_proxy_point < 125: 0,1,,0,0
GAH7000BEVN0A,2023-12-10,1,410,144.1176470588235294117647059,,old-31-Word97--0-12,两项数值均达到常规阈值,numeric_input_ready=1; range_point < 200: 0; density_proxy_point < 125: 0,1,,0,0
GAH7000BEVN0B,2023-12-10,1,460,163.8888888888888888888888889,,old-36-Word97--0-15,两项数值均达到常规阈值,numeric_input_ready=1; range_point < 200: 0; density_proxy_point < 125: 0,1,,0,0
GAH7000BEVN0C,2023-12-10,1,410,163.8888888888888888888888889,,old-36-Word97--0-16,两项数值均达到常规阈值,numeric_input_ready=1; range_point < 200: 0; density_proxy_point < 125: 0,1,,0,0
GAH7000BEVN0D,2023-12-10,1,410,137.25,,old-38-Word97--0-26,两项数值均达到常规阈值,numeric_input_ready=1; range_point < 200: 0; density_proxy_point < 125: 0,1,,0,0
GAH7000BEVS0C,2023-12-10,1,430,136,,old-55-Word97--0-30,两项数值均达到常规阈值,numeric_input_ready=1; range_point < 200: 0; density_proxy_point < 125: 0,1,,0,0
GAH7000BEVT0A,2023-12-10,1,550,169.7448648648648648648648649,,old-58-Word97--0-21,两项数值均达到常规阈值,numeric_input_ready=1; range_point < 200: 0; density_proxy_point < 125: 0,1,,0,0
GAH7000BEVT0B,2023-12-10,1,630,174.0731707317073170731707317,,old-58-Word97--0-20,两项数值均达到常规阈值,numeric_input_ready=1; range_point < 200: 0; density_proxy_point < 125: 0,1,,0,0
GAH7000BEVT0C,2023-12-10,1,610,174.0731707317073170731707317,,old-65-Word97--0-28,两项数值均达到常规阈值,numeric_input_ready=1; range_point < 200: 0; density_proxy_point < 125: 0,1,,0,0
GAH7000BEVT0E,2023-12-10,1,550,154.855,,old-61-Word97--0-41,两项数值均达到常规阈值,numeric_input_ready=1; range_point < 200: 0; density_proxy_point < 125: 0,1,,0,0
GAH7000BEVT0F,2023-12-10,1,520,136.7608200455580865603644647,,old-69-Word97--0-53,两项数值均达到常规阈值,numeric_input_ready=1; range_point < 200: 0; density_proxy_point < 125: 0,1,,0,0
GAH7001BEVN0A,2023-12-10,1,410,126.0895522388059701492537313,,old-54-Word97--0-42,两项数值均达到常规阈值,numeric_input_ready=1; range_point < 200: 0; density_proxy_point < 125: 0,1,,0,0
GAM6450BEVD0A,2023-12-10,1,510,139.0934782608695652173913043,,old-58-Word97--0-19,两项数值均达到常规阈值,numeric_input_ready=1; range_point < 200: 0; density_proxy_point < 125: 0,1,,0,0
GAM6450BEVD0D,2023-12-10,1,610,178.6046511627906976744186047,,old-58-Word97--0-18,两项数值均达到常规阈值,numeric_input_ready=1; range_point < 200: 0; density_proxy_point < 125: 0,1,,0,0
GAM6450BEVD0E,2023-12-10,1,510,139.0934782608695652173913043,,old-58-Word97--0-16,两项数值均达到常规阈值,numeric_input_ready=1; range_point < 200: 0; density_proxy_point < 125: 0,1,,0,0
GAM6450BEVD0G,2023-12-10,1,510,139.0934782608695652173913043,,old-60-Word97--0-32,两项数值均达到常规阈值,numeric_input_ready=1; range_point < 200: 0; density_proxy_point < 125: 0,1,,0,0
GAM6450BEVD0L,2023-12-10,0,510,,,old-62-Word97--0-48,单值不足,numeric_input_ready != 1；保持未知，不以0替代缺值,1,两项单值暴露不足,0,0
GAM6450BEVD0M,2023-12-10,0,510,,,old-62-Word97--0-55,单值不足,numeric_input_ready != 1；保持未知，不以0替代缺值,1,两项单值暴露不足,0,0
GAM6450BEVD0N,2023-12-10,0,510,,,old-62-Word97--0-53,单值不足,numeric_input_ready != 1；保持未知，不以0替代缺值,1,两项单值暴露不足,0,0
GAM6450BEVD0P,2023-12-10,1,610,177.1561904761904761904761905,,old-62-Word97--0-49,两项数值均达到常规阈值,numeric_input_ready=1; range_point < 200: 0; density_proxy_point < 125: 0,1,,0,0
GAM6450BEVD0Q,2023-12-10,1,610,177.1561904761904761904761905,,old-62-Word97--0-51,两项数值均达到常规阈值,numeric_input_ready=1; range_point < 200: 0; density_proxy_point < 125: 0,1,,0,0
GAM6450BEVD0R,2023-12-10,1,430,137.7103448275862068965517241,,old-62-Word97--0-54,两项数值均达到常规阈值,numeric_input_ready=1; range_point < 200: 0; density_proxy_point < 125: 0,1,,0,0
GAM6450BEVD0S,2023-12-10,1,610,171.9410319410319410319410319,,old-65-Word97--0-26,两项数值均达到常规阈值,numeric_input_ready=1; range_point < 200: 0; density_proxy_point < 125: 0,1,,0,0
GAM6450BEVD0T,2023-12-10,1,510,144.6122931442080378250591017,,old-68-Word97--0-21,两项数值均达到常规阈值,numeric_input_ready=1; range_point < 200: 0; density_proxy_point < 125: 0,1,,0,0
GAM6450BEVD0Y,2023-12-10,1,310,123.1785714285714285714285714,,old-68-Word97--0-22,密度代理单项低于常规阈值,numeric_input_ready=1; range_point < 200: 0; density_proxy_point < 125: 1,1,,0,0
GAM6450BEVD0Z,2023-12-10,1,430,131.8051948051948051948051948,,old-69-Word97--0-47,两项数值均达到常规阈值,numeric_input_ready=1; range_point < 200: 0; density_proxy_point < 125: 0,1,,0,0
GAM6450BEVD1C,2023-12-10,1,510,138.8247191011235955056179775,,old-71-Word97--0-40,两项数值均达到常规阈值,numeric_input_ready=1; range_point < 200: 0; density_proxy_point < 125: 0,1,,0,0
GAM6460BEVC0A,2023-12-10,1,520,171.7647058823529411764705882,,old-31-Word97--0-13,两项数值均达到常规阈值,numeric_input_ready=1; range_point < 200: 0; density_proxy_point < 125: 0,1,,0,0
GAM6460BEVC0B,2023-12-10,1,600,175.8241758241758241758241758,,old-31-Word97--0-14,两项数值均达到常规阈值,numeric_input_ready=1; range_point < 200: 0; density_proxy_point < 125: 0,1,,0,0
GAM6460BEVC0C,2023-12-10,1,500,163.5514018691588785046728972,,old-31-Word97--0-15,两项数值均达到常规阈值,numeric_input_ready=1; range_point < 200: 0; density_proxy_point < 125: 0,1,,0,0
GAM6460BEVC0D,2023-12-10,1,400,160,,old-33-Word97--0-33,两项数值均达到常规阈值,numeric_input_ready=1; range_point < 200: 0; density_proxy_point < 125: 0,1,,0,0
GAM6460BEVC0E,2023-12-10,1,530,167.8160919540229885057471264,,old-31-Word97--0-16,两项数值均达到常规阈值,numeric_input_ready=1; range_point < 200: 0; density_proxy_point < 125: 0,1,,0,0
GAM6460BEVC0F,2023-12-10,1,600,169.4915254237288135593220339,,old-31-Word97--0-17,两项数值均达到常规阈值,numeric_input_ready=1; range_point < 200: 0; density_proxy_point < 125: 0,1,,0,0
GAM6460BEVC0G,2023-12-10,1,530,169.7674418604651162790697674,,old-32-Word97--0-18,两项数值均达到常规阈值,numeric_input_ready=1; range_point < 200: 0; density_proxy_point < 125: 0,1,,0,0
GAM6460BEVC0H,2023-12-10,1,600,176.0869565217391304347826087,,old-32-Word97--0-19,两项数值均达到常规阈值,numeric_input_ready=1; range_point < 200: 0; density_proxy_point < 125: 0,1,,0,0
GAM6460BEVC0J,2023-12-10,1,500,160.6896551724137931034482759,,old-42-Word97--0-23,两项数值均达到常规阈值,numeric_input_ready=1; range_point < 200: 0; density_proxy_point < 125: 0,1,,0,0
GAM6460BEVC0K,2023-12-10,1,500,135.7277882797731568998109641,,old-45-Word97--0-14,两项数值均达到常规阈值,numeric_input_ready=1; range_point < 200: 0; density_proxy_point < 125: 0,1,,0,0
GAM6460BEVC0L,2023-12-10,1,500,135.7277882797731568998109641,,old-42-Word97--0-22,两项数值均达到常规阈值,numeric_input_ready=1; range_point < 200: 0; density_proxy_point < 125: 0,1,,0,0
GAM6460BEVC0M,2023-12-10,1,600,169.4915254237288135593220339,,old-42-Word97--0-25,两项数值均达到常规阈值,numeric_input_ready=1; range_point < 200: 0; density_proxy_point < 125: 0,1,,0,0
GAM6460BEVC0N,2023-12-10,1,500,140.3474903474903474903474903,,old-47-Word97--0-12,两项数值均达到常规阈值,numeric_input_ready=1; range_point < 200: 0; density_proxy_point < 125: 0,1,,0,0
GAM6460BEVC0P,2023-12-10,1,505,133.2717190388170055452865065,,old-46-Word97--0-27,两项数值均达到常规阈值,numeric_input_ready=1; range_point < 200: 0; density_proxy_point < 125: 0,1,,0,0
GAM6460BEVC0R,2023-12-10,1,702,180.8377358490566037735849057,,old-45-Word97--0-10,两项数值均达到常规阈值,numeric_input_ready=1; range_point < 200: 0; density_proxy_point < 125: 0,1,,0,0
GAM6460BEVC0S,2023-12-10,1,505,127.985739750445632798573975,,old-47-Word97--0-13,两项数值均达到常规阈值,numeric_input_ready=1; range_point < 200: 0; density_proxy_point < 125: 0,1,,0,0
GAM6460BEVC0T,2023-12-10,1,600,169.4915254237288135593220339,,old-45-Word97--0-13,两项数值均达到常规阈值,numeric_input_ready=1; range_point < 200: 0; density_proxy_point < 125: 0,1,,0,0
GAM6460BEVC0U,2023-12-10,1,500,135.7277882797731568998109641,,old-50-Word97--0-25,两项数值均达到常规阈值,numeric_input_ready=1; range_point < 200: 0; density_proxy_point < 125: 0,1,,0,0
GAM6460BEVC0V,2023-12-10,1,600,180.5869074492099322799097065,,old-61-Word97--0-42,两项数值均达到常规阈值,numeric_input_ready=1; range_point < 200: 0; density_proxy_point < 125: 0,1,,0,0
GAM6460BEVC1A,2023-12-10,1,400,124.416475972540045766590389,,old-67-Word97--0-20,密度代理单项低于常规阈值,numeric_input_ready=1; range_point < 200: 0; density_proxy_point < 125: 1,1,,0,0
GAM6460BEVC1B,2023-12-10,1,500,139.7081192189105858170606372,,old-65-Word97--0-24,两项数值均达到常规阈值,numeric_input_ready=1; range_point < 200: 0; density_proxy_point < 125: 0,1,,0,0
GAM6460BEVC1C,2023-12-10,1,600,180.5869074492099322799097065,,old-65-Word97--0-23,两项数值均达到常规阈值,numeric_input_ready=1; range_point < 200: 0; density_proxy_point < 125: 0,1,,0,0
GAM6460BEVC1D,2023-12-10,1,500,160.6896551724137931034482759,,old-65-Word97--0-25,两项数值均达到常规阈值,numeric_input_ready=1; range_point < 200: 0; density_proxy_point < 125: 0,1,,0,0
GAM6460BEVC1E,2023-12-10,1,500,135.7277882797731568998109641,,old-67-Word97--0-18,两项数值均达到常规阈值,numeric_input_ready=1; range_point < 200: 0; density_proxy_point < 125: 0,1,,0,0
GAM6460BEVC1G,2023-12-10,1,600,169.4915254237288135593220339,,old-69-Word97--0-45,两项数值均达到常规阈值,numeric_input_ready=1; range_point < 200: 0; density_proxy_point < 125: 0,1,,0,0
GAM6460BEVM0A,2023-12-10,1,620,178.6046511627906976744186047,,old-48-Word97--0-27,两项数值均达到常规阈值,numeric_input_ready=1; range_point < 200: 0; density_proxy_point < 125: 0,1,,0,0
GAM6460BEVM0B,2023-12-10,1,510,139.0934782608695652173913043,,old-49-Word97--0-11,两项数值均达到常规阈值,numeric_input_ready=1; range_point < 200: 0; density_proxy_point < 125: 0,1,,0,0
GAM6460BEVM0E,2023-12-10,1,510,139.0934782608695652173913043,,old-48-Word97--0-25,两项数值均达到常规阈值,numeric_input_ready=1; range_point < 200: 0; density_proxy_point < 125: 0,1,,0,0
GAM6480BEVB0B,2023-12-10,1,520,171.7647058823529411764705882,,old-26-DOCX--0-53,两项数值均达到常规阈值,numeric_input_ready=1; range_point < 200: 0; density_proxy_point < 125: 0,1,,0,0
GAM6480BEVB0C,2023-12-10,1,650,176.1363636363636363636363636,,old-26-DOCX--0-54,两项数值均达到常规阈值,numeric_input_ready=1; range_point < 200: 0; density_proxy_point < 125: 0,1,,0,0
GAM6480BEVB0E,2023-12-10,1,600,174.4840525328330206378986867,,old-27-Word97--0-31,两项数值均达到常规阈值,numeric_input_ready=1; range_point < 200: 0; density_proxy_point < 125: 0,1,,0,0
GAM6480BEVB0F,2023-12-10,1,520,169.7674418604651162790697674,,old-32-Word97--0-20,两项数值均达到常规阈值,numeric_input_ready=1; range_point < 200: 0; density_proxy_point < 125: 0,1,,0,0
GAM6480BEVB0G,2023-12-10,1,650,173.5074626865671641791044776,,old-32-Word97--0-21,两项数值均达到常规阈值,numeric_input_ready=1; range_point < 200: 0; density_proxy_point < 125: 0,1,,0,0
GAM6480BEVB0H,2023-12-10,1,600,172.2222222222222222222222222,,old-32-Word97--0-22,两项数值均达到常规阈值,numeric_input_ready=1; range_point < 200: 0; density_proxy_point < 125: 0,1,,0,0
GAM6480BEVB0J,2023-12-10,1,520,167.8160919540229885057471264,,old-36-Word97--0-17,两项数值均达到常规阈值,numeric_input_ready=1; range_point < 200: 0; density_proxy_point < 125: 0,1,,0,0
GAM6480BEVB0K,2023-12-10,1,650,172.8624535315985130111524164,,old-36-Word97--0-18,两项数值均达到常规阈值,numeric_input_ready=1; range_point < 200: 0; density_proxy_point < 125: 0,1,,0,0
GAM6480BEVB0L,2023-12-10,1,600,171.2707182320441988950276243,,old-36-Word97--0-19,两项数值均达到常规阈值,numeric_input_ready=1; range_point < 200: 0; density_proxy_point < 125: 0,1,,0,0
GAM6480BEVB0M,2023-12-10,1,650,173.4312267657992565055762082,,old-44-Word97--0-17,两项数值均达到常规阈值,numeric_input_ready=1; range_point < 200: 0; density_proxy_point < 125: 0,1,,0,0
GAM6480BEVB0N,2023-12-10,1,600,171.8342541436464088397790055,,old-44-Word97--0-16,两项数值均达到常规阈值,numeric_input_ready=1; range_point < 200: 0; density_proxy_point < 125: 0,1,,0,0
GAM6480BEVB0P,2023-12-10,1,1008,209.2753623188405797101449275,,old-48-Word97--0-22,两项数值均达到常规阈值,numeric_input_ready=1; range_point < 200: 0; density_proxy_point < 125: 0,1,,0,0
GAM6480BEVB0Q,2023-12-10,1,550,171.8342541436464088397790055,,old-48-Word97--0-23,两项数值均达到常规阈值,numeric_input_ready=1; range_point < 200: 0; density_proxy_point < 125: 0,1,,0,0
GAM6490BEVH0C,2023-12-10,0,,163.3918367346938775510204082,,old-70-Word97--0-30,单值不足,numeric_input_ready != 1；保持未知，不以0替代缺值,1,两项单值暴露不足,0,0
GAM6490BEVH0L,2023-12-10,0,,163.3918367346938775510204082,,old-71-Word97--0-41,单值不足,numeric_input_ready != 1；保持未知，不以0替代缺值,1,两项单值暴露不足,0,0
GAM6490BEVN0A,2023-12-10,1,523,171.7647058823529411764705882,,old-30-Word97--0-67,两项数值均达到常规阈值,numeric_input_ready=1; range_point < 200: 0; density_proxy_point < 125: 0,1,,0,0
GAM6490BEVN0B,2023-12-10,1,643,176.1363636363636363636363636,,old-30-Word97--0-68,两项数值均达到常规阈值,numeric_input_ready=1; range_point < 200: 0; density_proxy_point < 125: 0,1,,0,0
GAM6490BEVN0C,2023-12-10,1,523,168.5057471264367816091954023,,old-38-Word97--0-8,两项数值均达到常规阈值,numeric_input_ready=1; range_point < 200: 0; density_proxy_point < 125: 0,1,,0,0
GAM6490BEVN0D,2023-12-10,1,643,173.4200743494423791821561338,,old-38-Word97--0-9,两项数值均达到常规阈值,numeric_input_ready=1; range_point < 200: 0; density_proxy_point < 125: 0,1,,0,0
GAM7000BEVA0C,2023-12-10,0,510,,,old-24-Word97--4-7,单值不足,numeric_input_ready != 1；保持未知，不以0替代缺值,1,两项单值暴露不足,0,0
GAM7000BEVA0E,2023-12-10,0,410,,,old-24-Word97--4-8,单值不足,numeric_input_ready != 1；保持未知，不以0替代缺值,1,两项单值暴露不足,0,0
GAM7000BEVA0F,2023-12-10,1,410,154.8387096774193548387096774,,old-26-DOCX--0-55,两项数值均达到常规阈值,numeric_input_ready=1; range_point < 200: 0; density_proxy_point < 125: 0,1,,0,0
GAM7000BEVA0G,2023-12-10,1,410,144.1176470588235294117647059,,old-26-DOCX--0-56,两项数值均达到常规阈值,numeric_input_ready=1; range_point < 200: 0; density_proxy_point < 125: 0,1,,0,0
GAM7000BEVA0H,2023-12-10,1,410,136.1111111111111111111111111,,old-31-Word97--0-18,两项数值均达到常规阈值,numeric_input_ready=1; range_point < 200: 0; density_proxy_point < 125: 0,1,,0,0
GAM7000BEVA0J,2023-12-10,1,510,171.0144927536231884057971014,,old-32-Word97--0-23,两项数值均达到常规阈值,numeric_input_ready=1; range_point < 200: 0; density_proxy_point < 125: 0,1,,0,0
GAM7000BEVA0K,2023-12-10,1,510,163.8888888888888888888888889,,old-34-Word97--0-34,两项数值均达到常规阈值,numeric_input_ready=1; range_point < 200: 0; density_proxy_point < 125: 0,1,,0,0
GAM7000BEVA0L,2023-12-10,1,460,163.8888888888888888888888889,,old-31-Word97--0-19,两项数值均达到常规阈值,numeric_input_ready=1; range_point < 200: 0; density_proxy_point < 125: 0,1,,0,0
GAM7000BEVA0M,2023-12-10,1,410,163.8888888888888888888888889,,old-32-Word97--0-24,两项数值均达到常规阈值,numeric_input_ready=1; range_point < 200: 0; density_proxy_point < 125: 0,1,,0,0
GAM7000BEVA0N,2023-12-10,1,510,163.8888888888888888888888889,,old-32-Word97--0-25,两项数值均达到常规阈值,numeric_input_ready=1; range_point < 200: 0; density_proxy_point < 125: 0,1,,0,0
GAM7000BEVA0Q,2023-12-10,1,460,163.8888888888888888888888889,,old-34-Word97--0-35,两项数值均达到常规阈值,numeric_input_ready=1; range_point < 200: 0; density_proxy_point < 125: 0,1,,0,0
GAM7000BEVA0R,2023-12-10,1,410,163.8888888888888888888888889,,old-34-Word97--0-36,两项数值均达到常规阈值,numeric_input_ready=1; range_point < 200: 0; density_proxy_point < 125: 0,1,,0,0
GAM7000BEVA0S,2023-12-10,1,510,163.8888888888888888888888889,,old-34-Word97--0-37,两项数值均达到常规阈值,numeric_input_ready=1; range_point < 200: 0; density_proxy_point < 125: 0,1,,0,0
GAM7000BEVD0E,2023-12-10,1,460,163.4666666666666666666666667,,old-40-Word97--0-8,两项数值均达到常规阈值,numeric_input_ready=1; range_point < 200: 0; density_proxy_point < 125: 0,1,,0,0
GAM7000BEVD0H,2023-12-10,1,503,163.4666666666666666666666667,,old-40-Word97--0-7,两项数值均达到常规阈值,numeric_input_ready=1; range_point < 200: 0; density_proxy_point < 125: 0,1,,0,0
GAM7000BEVD0J,2023-12-10,1,420,136.0294117647058823529411765,,old-41-Word97--0-17,两项数值均达到常规阈值,numeric_input_ready=1; range_point < 200: 0; density_proxy_point < 125: 0,1,,0,0
GAM7000BEVD0L,2023-12-10,1,600,178.6046511627906976744186047,,old-40-Word97--0-6,两项数值均达到常规阈值,numeric_input_ready=1; range_point < 200: 0; density_proxy_point < 125: 0,1,,0,0
GAM7000BEVD0N,2023-12-10,1,500,163.4666666666666666666666667,,old-40-Word97--0-9,两项数值均达到常规阈值,numeric_input_ready=1; range_point < 200: 0; density_proxy_point < 125: 0,1,,0,0
GAM7000BEVD0P,2023-12-10,1,410,136.0294117647058823529411765,,old-41-Word97--0-16,两项数值均达到常规阈值,numeric_input_ready=1; range_point < 200: 0; density_proxy_point < 125: 0,1,,0,0
GAM7000BEVD0Q,2023-12-10,1,500,139.0934782608695652173913043,,old-45-Word97--0-11,两项数值均达到常规阈值,numeric_input_ready=1; range_point < 200: 0; density_proxy_point < 125: 0,1,,0,0
GAM7000BEVD0R,2023-12-10,1,410,136.0294117647058823529411765,,old-42-Word97--0-21,两项数值均达到常规阈值,numeric_input_ready=1; range_point < 200: 0; density_proxy_point < 125: 0,1,,0,0
GAM7000BEVD0T,2023-12-10,1,500,139.0934782608695652173913043,,old-52-Word97--0-21,两项数值均达到常规阈值,numeric_input_ready=1; range_point < 200: 0; density_proxy_point < 125: 0,1,,0,0
GAM7000BEVD0U,2023-12-10,1,500,152.0618556701030927835051546,,old-53-Word97--0-26,两项数值均达到常规阈值,numeric_input_ready=1; range_point < 200: 0; density_proxy_point < 125: 0,1,,0,0
GAM7000BEVE0A,2023-12-10,1,630,159.4662162162162162162162162,,old-69-Word97--0-48,两项数值均达到常规阈值,numeric_input_ready=1; range_point < 200: 0; density_proxy_point < 125: 0,1,,0,0
GAM7000BEVE0B,2023-12-10,1,560,148.883374689826302729528536,,old-66-Word97--0-18,两项数值均达到常规阈值,numeric_input_ready=1; range_point < 200: 0; density_proxy_point < 125: 0,1,,0,0
GAM7000BEVE0D,2023-12-10,1,710,163.3918367346938775510204082,,old-66-Word97--0-21,两项数值均达到常规阈值,numeric_input_ready=1; range_point < 200: 0; density_proxy_point < 125: 0,1,,0,0
GAM7000BEVE0E,2023-12-10,1,600,140.6626506024096385542168675,,old-66-Word97--0-22,两项数值均达到常规阈值,numeric_input_ready=1; range_point < 200: 0; density_proxy_point < 125: 0,1,,0,0
GAM7000BEVE0G,2023-12-10,1,560,138.3548387096774193548387097,,old-66-Word97--0-17,两项数值均达到常规阈值,numeric_input_ready=1; range_point < 200: 0; density_proxy_point < 125: 0,1,,0,0
GAM7000BEVE0J,2023-12-10,1,560,148.883374689826302729528536,,old-67-Word97--0-19,两项数值均达到常规阈值,numeric_input_ready=1; range_point < 200: 0; density_proxy_point < 125: 0,1,,0,0
GAM7000BEVE0K,2023-12-10,1,560,138.3548387096774193548387097,,old-67-Word97--0-17,两项数值均达到常规阈值,numeric_input_ready=1; range_point < 200: 0; density_proxy_point < 125: 0,1,,0,0
GAM7000BEVE0M,2023-12-10,1,630,144.1419753086419753086419753,,old-70-Word97--0-33,两项数值均达到常规阈值,numeric_input_ready=1; range_point < 200: 0; density_proxy_point < 125: 0,1,,0,0
GAM7000BEVF0A,2023-12-10,1,506,143.6423076923076923076923077,,old-69-Word97--0-46,两项数值均达到常规阈值,numeric_input_ready=1; range_point < 200: 0; density_proxy_point < 125: 0,1,,0,0
GAM7000BEVM0B,2023-12-10,1,500,139.0934782608695652173913043,,old-48-Word97--0-24,两项数值均达到常规阈值,numeric_input_ready=1; range_point < 200: 0; density_proxy_point < 125: 0,1,,0,0
GAM7001BEVA0A,2023-12-10,1,460,163.3611111111111111111111111,,old-42-Word97--0-24,两项数值均达到常规阈值,numeric_input_ready=1; range_point < 200: 0; density_proxy_point < 125: 0,1,,0,0
GAM7001BEVA0D,2023-12-10,1,510,163.3611111111111111111111111,,old-42-Word97--0-26,两项数值均达到常规阈值,numeric_input_ready=1; range_point < 200: 0; density_proxy_point < 125: 0,1,,0,0
GAM7001BEVA0E,2023-12-10,1,602,161.5242494226327944572748268,,old-44-Word97--0-18,两项数值均达到常规阈值,numeric_input_ready=1; range_point < 200: 0; density_proxy_point < 125: 0,1,,0,0
GAM7001BEVA0F,2023-12-10,1,410,126.0895522388059701492537313,,old-43-Word97--0-5,两项数值均达到常规阈值,numeric_input_ready=1; range_point < 200: 0; density_proxy_point < 125: 0,1,,0,0
GAM7001BEVA0J,2023-12-10,1,410,126.0895522388059701492537313,,old-45-Word97--0-12,两项数值均达到常规阈值,numeric_input_ready=1; range_point < 200: 0; density_proxy_point < 125: 0,1,,0,0
GAM7001BEVA0K,2023-12-10,1,460,163.3611111111111111111111111,,old-49-Word97--0-10,两项数值均达到常规阈值,numeric_input_ready=1; range_point < 200: 0; density_proxy_point < 125: 0,1,,0,0
GAM7001BEVA0L,2023-12-10,1,510,157.9892761394101876675603217,,old-50-Word97--0-26,两项数值均达到常规阈值,numeric_input_ready=1; range_point < 200: 0; density_proxy_point < 125: 0,1,,0,0
GAM7001BEVA0M,2023-12-10,1,510,163.3611111111111111111111111,,old-53-Word97--0-27,两项数值均达到常规阈值,numeric_input_ready=1; range_point < 200: 0; density_proxy_point < 125: 0,1,,0,0
GAM7001BEVA0N,2023-12-10,1,460,135.1418918918918918918918919,,old-56-Word97--0-37,两项数值均达到常规阈值,numeric_input_ready=1; range_point < 200: 0; density_proxy_point < 125: 0,1,,0,0
GAM7001BEVA0R,2023-12-10,1,430,135.2,,old-59-Word97--0-59,两项数值均达到常规阈值,numeric_input_ready=1; range_point < 200: 0; density_proxy_point < 125: 0,1,,0,0
GAM7001BEVA0T,2023-12-10,1,460,137.0691244239631336405529954,,old-59-Word97--0-60,两项数值均达到常规阈值,numeric_input_ready=1; range_point < 200: 0; density_proxy_point < 125: 0,1,,0,0
GAM7001BEVA0U,2023-12-10,1,460,135.2207207207207207207207207,,old-58-Word97--0-17,两项数值均达到常规阈值,numeric_input_ready=1; range_point < 200: 0; density_proxy_point < 125: 0,1,,0,0
GAM7001BEVA0W,2023-12-10,1,510,135.1418918918918918918918919,,old-59-Word97--0-58,两项数值均达到常规阈值,numeric_input_ready=1; range_point < 200: 0; density_proxy_point < 125: 0,1,,0,0
GAM7001BEVA0X,2023-12-10,1,510,135.2207207207207207207207207,,old-60-Word97--0-30,两项数值均达到常规阈值,numeric_input_ready=1; range_point < 200: 0; density_proxy_point < 125: 0,1,,0,0
GAM7001BEVA0Y,2023-12-10,1,510,137.0691244239631336405529954,,old-60-Word97--0-31,两项数值均达到常规阈值,numeric_input_ready=1; range_point < 200: 0; density_proxy_point < 125: 0,1,,0,0
GAM7001BEVA0Z,2023-12-10,1,460,135.1418918918918918918918919,,old-61-Word97--0-43,两项数值均达到常规阈值,numeric_input_ready=1; range_point < 200: 0; density_proxy_point < 125: 0,1,,0,0
GAM7001BEVA1A,2023-12-10,1,610,163.8481927710843373493975904,,old-62-Word97--0-52,两项数值均达到常规阈值,numeric_input_ready=1; range_point < 200: 0; density_proxy_point < 125: 0,1,,0,0
GAM7001BEVA1B,2023-12-10,0,480,,,old-62-Word97--0-50,单值不足,numeric_input_ready != 1；保持未知，不以0替代缺值,1,两项单值暴露不足,0,0
GAM7001BEVA1C,2023-12-10,1,480,133.1103117505995203836930456,,old-65-Word97--0-27,两项数值均达到常规阈值,numeric_input_ready=1; range_point < 200: 0; density_proxy_point < 125: 0,1,,0,0
GAM7001BEVA1D,2023-12-10,1,320,117.457516339869281045751634,,old-68-Word97--0-23,密度代理单项低于常规阈值,numeric_input_ready=1; range_point < 200: 0; density_proxy_point < 125: 1,1,,0,0
GAM7001BEVA1E,2023-12-10,1,480,133.1103117505995203836930456,,old-64-Word97--0-28,两项数值均达到常规阈值,numeric_input_ready=1; range_point < 200: 0; density_proxy_point < 125: 0,1,,0,0
GAM7001BEVA1G,2023-12-10,1,420,130.8387096774193548387096774,,old-66-Word97--0-19,两项数值均达到常规阈值,numeric_input_ready=1; range_point < 200: 0; density_proxy_point < 125: 0,1,,0,0
GAM7001BEVA1H,2023-12-10,1,420,130.8387096774193548387096774,,old-66-Word97--0-20,两项数值均达到常规阈值,numeric_input_ready=1; range_point < 200: 0; density_proxy_point < 125: 0,1,,0,0
GAM7001BEVA1J,2023-12-10,1,610,163.8481927710843373493975904,,old-70-Word97--0-31,两项数值均达到常规阈值,numeric_input_ready=1; range_point < 200: 0; density_proxy_point < 125: 0,1,,0,0
GAM7001BEVA1K,2023-12-10,1,610,163.8481927710843373493975904,,old-70-Word97--0-32,两项数值均达到常规阈值,numeric_input_ready=1; range_point < 200: 0; density_proxy_point < 125: 0,1,,0,0
GHA7000HAN0ABEV,2023-12-10,1,510,183.4666666666666666666666667,,old-51-Word97--0-7,两项数值均达到常规阈值,numeric_input_ready=1; range_point < 200: 0; density_proxy_point < 125: 0,1,,0,0
GHA7000HAN0BBEV,2023-12-10,1,420,141.4248021108179419525065963,,old-50-Word97--0-24,两项数值均达到常规阈值,numeric_input_ready=1; range_point < 200: 0; density_proxy_point < 125: 0,1,,0,0
GHA7000HAN0CBEV,2023-12-10,1,420,144.3835616438356164383561644,,old-61-Word97--0-40,两项数值均达到常规阈值,numeric_input_ready=1; range_point < 200: 0; density_proxy_point < 125: 0,1,,0,0
GHA7000NAN0ABEV,2023-12-10,1,510,163.8888888888888888888888889,,old-37-Word97--0-27,两项数值均达到常规阈值,numeric_input_ready=1; range_point < 200: 0; density_proxy_point < 125: 0,1,,0,0
GHA7000PAN0ABEV,2023-12-10,1,340,125.5813953488372093023255814,,old-21-DOCX--0-5,两项数值均达到常规阈值,numeric_input_ready=1; range_point < 200: 0; density_proxy_point < 125: 0,1,,0,0
GHA7000PAN0BBEV,2023-12-10,1,401,143.6170212765957446808510638,,old-25-Word97--0-92,两项数值均达到常规阈值,numeric_input_ready=1; range_point < 200: 0; density_proxy_point < 125: 0,1,,0,0
GHA7000PAN0CBEV,2023-12-10,1,470,165.7608695652173913043478261,,old-33-Word97--0-34,两项数值均达到常规阈值,numeric_input_ready=1; range_point < 200: 0; density_proxy_point < 125: 0,1,,0,0
GHA7000PAN0DBEV,2023-12-10,1,480,166.5760869565217391304347826,,old-40-Word97--0-5,两项数值均达到常规阈值,numeric_input_ready=1; range_point < 200: 0; density_proxy_point < 125: 0,1,,0,0
GMC6460AEV,2023-12-10,1,520,160.6896551724137931034482759,,old-46-Word97--0-9,两项数值均达到常规阈值,numeric_input_ready=1; range_point < 200: 0; density_proxy_point < 125: 0,1,,0,0
GMC6461AEV,2023-12-10,1,520,160.6896551724137931034482759,,old-49-Word97--0-4,两项数值均达到常规阈值,numeric_input_ready=1; range_point < 200: 0; density_proxy_point < 125: 0,1,,0,0
GMC6461BEV,2023-12-10,1,500,135.7277882797731568998109641,,old-50-Word97--0-10,两项数值均达到常规阈值,numeric_input_ready=1; range_point < 200: 0; density_proxy_point < 125: 0,1,,0,0
GMC7000BEV,2023-12-10,1,410,155.8073654390934844192634561,,old-19-DOCX--0-24,两项数值均达到常规阈值,numeric_input_ready=1; range_point < 200: 0; density_proxy_point < 125: 0,1,,0,0
GMC7000CEV,2023-12-10,1,410,155.8073654390934844192634561,,old-24-Word97--4-9,两项数值均达到常规阈值,numeric_input_ready=1; range_point < 200: 0; density_proxy_point < 125: 0,1,,0,0
GNE7001AFCAEV,2023-12-10,1,305,121.6216216216216216216216216,,old-22-Word97--0-62,密度代理单项低于常规阈值,numeric_input_ready=1; range_point < 200: 0; density_proxy_point < 125: 1,1,,0,0
GNE7001AFCBEV,2023-12-10,1,355,121.6216216216216216216216216,,old-22-Word97--0-63,密度代理单项低于常规阈值,numeric_input_ready=1; range_point < 200: 0; density_proxy_point < 125: 1,1,,0,0
GNE7001AFCDEV,2023-12-10,1,355,132.9479768786127167630057803,,old-26-DOCX--0-28,两项数值均达到常规阈值,numeric_input_ready=1; range_point < 200: 0; density_proxy_point < 125: 0,1,,0,0
GOLFEEAZAFA1001,2023-12-10,1,255,103.1518624641833810888252149,,old-20-DOCX--0-8,密度代理单项低于常规阈值,numeric_input_ready=1; range_point < 200: 0; density_proxy_point < 125: 1,1,,0,0
GTM6450GBEV,2023-12-10,1,270,120.7349081364829396325459318,,old-17-PDF-grid-1-0-18,密度代理单项低于常规阈值,numeric_input_ready=1; range_point < 200: 0; density_proxy_point < 125: 1,1,,0,0
GTM6470BFBEV,2023-12-10,1,615,155.4778554778554778554778555,CLTC,old-54-Word97--0-44,两项数值均达到常规阈值,numeric_input_ready=1; range_point < 200: 0; density_proxy_point < 125: 0,1,,0,0
GTM6470BFEBEV,2023-12-10,0,,,CLTC,old-54-Word97--0-45,单值不足,numeric_input_ready != 1；保持未知，不以0替代缺值,1,两项单值暴露不足,0,0
GTM6470BWBEV,2023-12-10,0,,155.4778554778554778554778555,CLTC,old-54-Word97--0-43,单值不足,numeric_input_ready != 1；保持未知，不以0替代缺值,1,两项单值暴露不足,0,0
GTM70002BEV,2023-12-10,1,510,166.6666666666666666666666667,,old-26-DOCX--0-57,两项数值均达到常规阈值,numeric_input_ready=1; range_point < 200: 0; density_proxy_point < 125: 0,1,,0,0
GTM700030BEV,2023-12-10,1,460,163.3611111111111111111111111,,old-46-Word97--0-25,两项数值均达到常规阈值,numeric_input_ready=1; range_point < 200: 0; density_proxy_point < 125: 0,1,,0,0
GTM700033BEV,2023-12-10,1,510,163.3611111111111111111111111,,old-46-Word97--0-24,两项数值均达到常规阈值,numeric_input_ready=1; range_point < 200: 0; density_proxy_point < 125: 0,1,,0,0
GTM700035BEV,2023-12-10,1,580,161.5242494226327944572748268,,old-46-Word97--0-23,两项数值均达到常规阈值,numeric_input_ready=1; range_point < 200: 0; density_proxy_point < 125: 0,1,,0,0
GTM70003BEV,2023-12-10,1,120,81.48148148148148148148148148,,old-08-PDF-grid-1-0-13,两项数值低于常规阈值,numeric_input_ready=1; range_point < 200: 1; density_proxy_point < 125: 1,1,,0,0
GTM7000XBEV,2023-12-10,1,400,130.1204819277108433734939759,,mf29-t0-r14,两项数值均达到常规阈值,numeric_input_ready=1; range_point < 200: 0; density_proxy_point < 125: 0,1,,0,0
GTM70012BEV,2023-12-10,1,510,171.0144927536231884057971014,,old-32-Word97--0-17,两项数值均达到常规阈值,numeric_input_ready=1; range_point < 200: 0; density_proxy_point < 125: 0,1,,0,0
GTM70022BEV,2023-12-10,1,510,163.8888888888888888888888889,,old-33-Word97--0-32,两项数值均达到常规阈值,numeric_input_ready=1; range_point < 200: 0; density_proxy_point < 125: 0,1,,0,0
GXE7001BEV1A,2023-12-10,1,302,154.1395348837209302325581395,,old-47-Word97--0-3,两项数值均达到常规阈值,numeric_input_ready=1; range_point < 200: 0; density_proxy_point < 125: 0,1,,0,0
GXE7002BEV1A,2023-12-10,1,170,108.6714285714285714285714286,,old-49-Word97--0-5,两项数值低于常规阈值,numeric_input_ready=1; range_point < 200: 1; density_proxy_point < 125: 1,1,,0,0
GXE7002BEV2A,2023-12-10,1,160,113.0855018587360594795539033,,old-49-Word97--0-6,两项数值低于常规阈值,numeric_input_ready=1; range_point < 200: 1; density_proxy_point < 125: 1,1,,0,0
GXQ6450BEVT,2023-12-10,1,252,120.4481792717086834733893557,,old-14-Word97--0-15,密度代理单项低于常规阈值,numeric_input_ready=1; range_point < 200: 0; density_proxy_point < 125: 1,1,,0,0
GXQ6450BEVT1,2023-12-10,1,351,139.6648044692737430167597765,,old-23-Word97--0-14,两项数值均达到常规阈值,numeric_input_ready=1; range_point < 200: 0; density_proxy_point < 125: 0,1,,0,0
GXQ7000BEV1,2023-12-10,0,255,,,old-19-DOCX--0-26,单值不足,numeric_input_ready != 1；保持未知，不以0替代缺值,1,两项单值暴露不足,0,0
GXQ7000BEV2,2023-12-10,0,302,,,old-22-Word97--0-55,单值不足,numeric_input_ready != 1；保持未知，不以0替代缺值,1,两项单值暴露不足,0,0
HDE6470BEVA0F,2023-12-10,0,602,,,old-52-Word97--0-10,单值不足,numeric_input_ready != 1；保持未知，不以0替代缺值,1,两项单值暴露不足,0,0
HDE6470BEVA1F,2023-12-10,0,558,,,old-52-Word97--0-9,单值不足,numeric_input_ready != 1；保持未知，不以0替代缺值,1,两项单值暴露不足,0,0
HFC6463EEV2,2023-12-10,1,605,161.7307692307692307692307692,,old-48-Word97--0-43,两项数值均达到常规阈值,numeric_input_ready=1; range_point < 200: 0; density_proxy_point < 125: 0,1,,0,0
HFC6483EC1SEV1-W,2023-12-10,0,,,,old-63-Word97--0-25,单值不足,numeric_input_ready != 1；保持未知，不以0替代缺值,1,两项单值暴露不足,0,0
HFC6483ECEV-W,2023-12-10,1,430,133.3333333333333333333333333,,old-24-Word97--3-11,两项数值均达到常规阈值,numeric_input_ready=1; range_point < 200: 0; density_proxy_point < 125: 0,1,,0,0
HFC6483ECEV1-W,2023-12-10,1,510,160.3960396039603960396039604,,old-25-Word97--0-73,两项数值均达到常规阈值,numeric_input_ready=1; range_point < 200: 0; density_proxy_point < 125: 0,1,,0,0
HFC6483ECEV2-W,2023-12-10,1,420,133.3333333333333333333333333,,old-25-Word97--0-74,两项数值均达到常规阈值,numeric_input_ready=1; range_point < 200: 0; density_proxy_point < 125: 0,1,,0,0
HFC6483ECEV3-W,2023-12-10,1,490,160.3960396039603960396039604,,old-25-Word97--0-75,两项数值均达到常规阈值,numeric_input_ready=1; range_point < 200: 0; density_proxy_point < 125: 0,1,,0,0
HFC6483ECEV4-W,2023-12-10,1,430,138.6138613861386138613861386,,old-26-DOCX--0-40,两项数值均达到常规阈值,numeric_input_ready=1; range_point < 200: 0; density_proxy_point < 125: 0,1,,0,0
HFC6483ECSEV-W,2023-12-10,1,430,133.3333333333333333333333333,,old-33-Word97--0-24,两项数值均达到常规阈值,numeric_input_ready=1; range_point < 200: 0; density_proxy_point < 125: 0,1,,0,0
HFC6483ECSEV2-W,2023-12-10,1,420,133.3333333333333333333333333,,old-33-Word97--0-25,两项数值均达到常规阈值,numeric_input_ready=1; range_point < 200: 0; density_proxy_point < 125: 0,1,,0,0
HFC6483ECSEV5-W,2023-12-10,1,440,133.3333333333333333333333333,,old-34-Word97--0-28,两项数值均达到常规阈值,numeric_input_ready=1; range_point < 200: 0; density_proxy_point < 125: 0,1,,0,0
HFC6483ECSEV6-W,2023-12-10,1,430,133.3333333333333333333333333,,old-34-Word97--0-29,两项数值均达到常规阈值,numeric_input_ready=1; range_point < 200: 0; density_proxy_point < 125: 0,1,,0,0
HFC6493EC1SEV1-W,2023-12-10,0,,,,old-62-Word97--0-33,单值不足,numeric_input_ready != 1；保持未知，不以0替代缺值,1,两项单值暴露不足,0,0
HFC6494ECSEV1-W,2023-12-10,0,,,,old-55-Word97--0-28,单值不足,numeric_input_ready != 1；保持未知，不以0替代缺值,1,两项单值暴露不足,0,0
HFC6494ECSEV2-W,2023-12-10,0,,,,old-62-Word97--0-31,单值不足,numeric_input_ready != 1；保持未知，不以0替代缺值,1,两项单值暴露不足,0,0
HFC6502ECEV-W,2023-12-10,1,355,127.6190476190476190476190476,,old-15-PDF-grid-1-0-6,两项数值均达到常规阈值,numeric_input_ready=1; range_point < 200: 0; density_proxy_point < 125: 0,1,,0,0
HFC6502ECEV1-W,2023-12-10,1,355,133.3333333333333333333333333,,old-19-DOCX--0-2,两项数值均达到常规阈值,numeric_input_ready=1; range_point < 200: 0; density_proxy_point < 125: 0,1,,0,0
HFC6502ECEV2-W,2023-12-10,1,355,133.3333333333333333333333333,,old-20-DOCX--0-2,两项数值均达到常规阈值,numeric_input_ready=1; range_point < 200: 0; density_proxy_point < 125: 0,1,,0,0
HFC6502ECEV3-W,2023-12-10,1,425,160.3960396039603960396039604,,old-25-Word97--0-76,两项数值均达到常规阈值,numeric_input_ready=1; range_point < 200: 0; density_proxy_point < 125: 0,1,,0,0
HFC6502ECEV4-W,2023-12-10,1,355,138.6138613861386138613861386,,old-27-Word97--0-21,两项数值均达到常规阈值,numeric_input_ready=1; range_point < 200: 0; density_proxy_point < 125: 0,1,,0,0
HFC6502ECEV5-W,2023-12-10,1,415,133.3333333333333333333333333,,old-30-Word97--0-52,两项数值均达到常规阈值,numeric_input_ready=1; range_point < 200: 0; density_proxy_point < 125: 0,1,,0,0
HFC6502ECEV6-W,2023-12-10,1,485,160.3960396039603960396039604,,old-30-Word97--0-53,两项数值均达到常规阈值,numeric_input_ready=1; range_point < 200: 0; density_proxy_point < 125: 0,1,,0,0
HFC6502ECSEV5-W,2023-12-10,1,415,133.3333333333333333333333333,,old-33-Word97--0-26,两项数值均达到常规阈值,numeric_input_ready=1; range_point < 200: 0; density_proxy_point < 125: 0,1,,0,0
HFC6502ECSEV9-W,2023-12-10,1,500,180.1801801801801801801801802,,old-36-Word97--0-8,两项数值均达到常规阈值,numeric_input_ready=1; range_point < 200: 0; density_proxy_point < 125: 0,1,,0,0
HFC6511REV1C7,2023-12-10,1,415,125.3333333333333333333333333,,old-49-Word97--0-21,两项数值均达到常规阈值,numeric_input_ready=1; range_point < 200: 0; density_proxy_point < 125: 0,1,,0,0
HFC6511REV2C7,2023-12-10,1,415,126,,old-59-Word97--0-52,两项数值均达到常规阈值,numeric_input_ready=1; range_point < 200: 0; density_proxy_point < 125: 0,1,,0,0
HFC6511RSEV2C7,2023-12-10,0,332,,,old-68-Word97--0-16,单值不足,numeric_input_ready != 1；保持未知，不以0替代缺值,1,两项单值暴露不足,0,0
HFC6512ECSEV1-W,2023-12-10,0,,,,old-62-Word97--0-32,单值不足,numeric_input_ready != 1；保持未知，不以0替代缺值,1,两项单值暴露不足,0,0
HFC6521EV2C8,2023-12-10,1,405,125.3333333333333333333333333,,old-69-Word97--0-39,两项数值均达到常规阈值,numeric_input_ready=1; range_point < 200: 0; density_proxy_point < 125: 0,1,,0,0
HFC6521EV2C8G,2023-12-10,1,405,125.3333333333333333333333333,,old-69-Word97--0-38,两项数值均达到常规阈值,numeric_input_ready=1; range_point < 200: 0; density_proxy_point < 125: 0,1,,0,0
HFC7000A1EV,2023-12-10,1,155,85.20179372197309417040358744,,old-03-PDF-grid-1-0-2,两项数值低于常规阈值,numeric_input_ready=1; range_point < 200: 1; density_proxy_point < 125: 1,1,,0,0
HFC7000A2EV,2023-12-10,1,166,94.42060085836909871244635193,,old-10-PDF-grid-1-0-2,两项数值低于常规阈值,numeric_input_ready=1; range_point < 200: 1; density_proxy_point < 125: 1,1,,0,0
HFC7000AEV,2023-12-10,1,152,85.20179372197309417040358744,,old-01-PDF-grid-1-0-2,两项数值低于常规阈值,numeric_input_ready=1; range_point < 200: 1; density_proxy_point < 125: 1,1,,0,0
HFC7000BEV,2023-12-10,1,310,101.2931034482758620689655172,,old-15-PDF-grid-1-0-3,密度代理单项低于常规阈值,numeric_input_ready=1; range_point < 200: 0; density_proxy_point < 125: 1,1,,0,0
HFC7000BEV1,2023-12-10,1,330,123.6842105263157894736842105,,old-15-PDF-grid-1-0-2,密度代理单项低于常规阈值,numeric_input_ready=1; range_point < 200: 0; density_proxy_point < 125: 1,1,,0,0
HFC7000BEV10,2023-12-10,1,410,140.1869158878504672897196262,,old-24-Word97--3-12,两项数值均达到常规阈值,numeric_input_ready=1; range_point < 200: 0; density_proxy_point < 125: 0,1,,0,0
HFC7000BEV11,2023-12-10,1,350,125,,old-41-Word97--0-32,两项数值均达到常规阈值,numeric_input_ready=1; range_point < 200: 0; density_proxy_point < 125: 0,1,,0,0
HFC7000BEV2,2023-12-10,1,400,120.9677419354838709677419355,,old-15-PDF-grid-1-0-5,密度代理单项低于常规阈值,numeric_input_ready=1; range_point < 200: 0; density_proxy_point < 125: 1,1,,0,0
HFC7000BEV5,2023-12-10,1,402,120.4081632653061224489795918,,old-18-Word97--0-19,密度代理单项低于常规阈值,numeric_input_ready=1; range_point < 200: 0; density_proxy_point < 125: 1,1,,0,0
HFC7000BEV6,2023-12-10,1,402,120.4081632653061224489795918,,old-19-DOCX--0-3,密度代理单项低于常规阈值,numeric_input_ready=1; range_point < 200: 0; density_proxy_point < 125: 1,1,,0,0
HFC7000BEV7,2023-12-10,1,410,140.1869158878504672897196262,,old-22-Word97--0-21,两项数值均达到常规阈值,numeric_input_ready=1; range_point < 200: 0; density_proxy_point < 125: 0,1,,0,0
HFC7000BEV8,2023-12-10,1,410,140.1869158878504672897196262,,old-22-Word97--0-22,两项数值均达到常规阈值,numeric_input_ready=1; range_point < 200: 0; density_proxy_point < 125: 0,1,,0,0
HFC7000BEV9,2023-12-10,1,410,140.1869158878504672897196262,,old-24-Word97--3-13,两项数值均达到常规阈值,numeric_input_ready=1; range_point < 200: 0; density_proxy_point < 125: 0,1,,0,0
HFC7000EWEV3,2023-12-10,1,310,141.8918918918918918918918919,,old-17-PDF-grid-1-0-4,两项数值均达到常规阈值,numeric_input_ready=1; range_point < 200: 0; density_proxy_point < 125: 0,1,,0,0
HFC7000EWEV4,2023-12-10,1,301,140.4109589041095890410958904,,old-22-Word97--0-23,两项数值均达到常规阈值,numeric_input_ready=1; range_point < 200: 0; density_proxy_point < 125: 0,1,,0,0
HFC7000EWEV6,2023-12-10,1,320,140.4109589041095890410958904,,old-24-Word97--3-14,两项数值均达到常规阈值,numeric_input_ready=1; range_point < 200: 0; density_proxy_point < 125: 0,1,,0,0
HFC7000EWEV7,2023-12-10,1,310,140.5622489959839357429718876,,old-27-Word97--0-22,两项数值均达到常规阈值,numeric_input_ready=1; range_point < 200: 0; density_proxy_point < 125: 0,1,,0,0
HFC7000EWEV8,2023-12-10,1,252,124.4239631336405529953917051,,old-30-Word97--0-54,密度代理单项低于常规阈值,numeric_input_ready=1; range_point < 200: 0; density_proxy_point < 125: 1,1,,0,0
HFC7000W3EV,2023-12-10,1,156,92.59259259259259259259259259,,old-10-PDF-grid-1-0-3,两项数值低于常规阈值,numeric_input_ready=1; range_point < 200: 1; density_proxy_point < 125: 1,1,,0,0
HFC7000WEV,2023-12-10,1,152,75.69721115537848605577689243,,old-08-PDF-grid-1-0-2,两项数值低于常规阈值,numeric_input_ready=1; range_point < 200: 1; density_proxy_point < 125: 1,1,,0,0
HFC7000WEV1,2023-12-10,1,255,119.3415637860082304526748971,,old-17-PDF-grid-1-0-2,密度代理单项低于常规阈值,numeric_input_ready=1; range_point < 200: 0; density_proxy_point < 125: 1,1,,0,0
HFC7000WEV10,2023-12-10,1,302,140.1785714285714285714285714,,old-41-Word97--0-30,两项数值均达到常规阈值,numeric_input_ready=1; range_point < 200: 0; density_proxy_point < 125: 0,1,,0,0
HFC7000WEV11,2023-12-10,1,310,140.1785714285714285714285714,,old-48-Word97--0-44,两项数值均达到常规阈值,numeric_input_ready=1; range_point < 200: 0; density_proxy_point < 125: 0,1,,0,0
HFC7000WEV12,2023-12-10,1,306,140.1785714285714285714285714,,old-51-Word97--0-22,两项数值均达到常规阈值,numeric_input_ready=1; range_point < 200: 0; density_proxy_point < 125: 0,1,,0,0
HFC7000WEV13,2023-12-10,1,306,140.625,,old-53-Word97--0-24,两项数值均达到常规阈值,numeric_input_ready=1; range_point < 200: 0; density_proxy_point < 125: 0,1,,0,0
HFC7000WEV14,2023-12-10,1,251,132.9787234042553191489361702,,old-59-Word97--0-51,两项数值均达到常规阈值,numeric_input_ready=1; range_point < 200: 0; density_proxy_point < 125: 0,1,,0,0
HFC7000WEV15,2023-12-10,1,301,140.4651162790697674418604651,,old-59-Word97--0-50,两项数值均达到常规阈值,numeric_input_ready=1; range_point < 200: 0; density_proxy_point < 125: 0,1,,0,0
HFC7000WEV16,2023-12-10,1,230,103.1111111111111111111111111,,old-71-Word97--0-38,密度代理单项低于常规阈值,numeric_input_ready=1; range_point < 200: 0; density_proxy_point < 125: 1,1,,0,0
HFC7000WEV17,2023-12-10,1,200,125.2229299363057324840764331,,old-68-Word97--0-14,两项数值均达到常规阈值,numeric_input_ready=1; range_point < 200: 0; density_proxy_point < 125: 0,1,,0,0
HFC7000WEV18,2023-12-10,1,301,140.4651162790697674418604651,,old-68-Word97--0-12,两项数值均达到常规阈值,numeric_input_ready=1; range_point < 200: 0; density_proxy_point < 125: 0,1,,0,0
HFC7000WEV2,2023-12-10,1,302,140.5622489959839357429718876,,old-23-Word97--0-15,两项数值均达到常规阈值,numeric_input_ready=1; range_point < 200: 0; density_proxy_point < 125: 0,1,,0,0
HFC7000WEV4,2023-12-10,1,310,140.5622489959839357429718876,,old-24-Word97--3-15,两项数值均达到常规阈值,numeric_input_ready=1; range_point < 200: 0; density_proxy_point < 125: 0,1,,0,0
HFC7000WEV6,2023-12-10,1,200,125.2229299363057324840764331,,old-38-Word97--0-29,两项数值均达到常规阈值,numeric_input_ready=1; range_point < 200: 0; density_proxy_point < 125: 0,1,,0,0
HFC7000WEV7,2023-12-10,1,302,125,,old-37-Word97--0-25,两项数值均达到常规阈值,numeric_input_ready=1; range_point < 200: 0; density_proxy_point < 125: 0,1,,0,0
HFC7000WEV8,2023-12-10,1,306,125,,old-32-Word97--0-16,两项数值均达到常规阈值,numeric_input_ready=1; range_point < 200: 0; density_proxy_point < 125: 0,1,,0,0
HFC7000WEV9,2023-12-10,1,150,116.2790697674418604651162791,,old-40-Word97--0-25,两项数值低于常规阈值,numeric_input_ready=1; range_point < 200: 1; density_proxy_point < 125: 1,1,,0,0
HFC7001A1EV,2023-12-10,1,152,79.16666666666666666666666667,,old-03-PDF-grid-1-0-3,两项数值低于常规阈值,numeric_input_ready=1; range_point < 200: 1; density_proxy_point < 125: 1,1,,0,0
HFC7001AEV,2023-12-10,1,170,100,,old-03-PDF-grid-1-0-4,两项数值低于常规阈值,numeric_input_ready=1; range_point < 200: 1; density_proxy_point < 125: 1,1,,0,0
HFC7001AEV2,2023-12-10,1,255,122.2222222222222222222222222,,old-19-DOCX--0-4,密度代理单项低于常规阈值,numeric_input_ready=1; range_point < 200: 0; density_proxy_point < 125: 1,1,,0,0
HFC7001AEV3,2023-12-10,1,302,139.4422310756972111553784861,,old-22-Word97--0-25,两项数值均达到常规阈值,numeric_input_ready=1; range_point < 200: 0; density_proxy_point < 125: 0,1,,0,0
HFC7001AEV5,2023-12-10,1,302,139.4422310756972111553784861,,old-24-Word97--3-16,两项数值均达到常规阈值,numeric_input_ready=1; range_point < 200: 0; density_proxy_point < 125: 0,1,,0,0
HFC7001AEV6,2023-12-10,1,320,139.4422310756972111553784861,,old-34-Word97--0-30,两项数值均达到常规阈值,numeric_input_ready=1; range_point < 200: 0; density_proxy_point < 125: 0,1,,0,0
HFC7001CEV,2023-12-10,1,405,145.021645021645021645021645,,old-23-Word97--0-16,两项数值均达到常规阈值,numeric_input_ready=1; range_point < 200: 0; density_proxy_point < 125: 0,1,,0,0
HFC7001E1AEV,2023-12-10,1,302,130.573248407643312101910828,,old-17-PDF-grid-1-0-5,两项数值均达到常规阈值,numeric_input_ready=1; range_point < 200: 0; density_proxy_point < 125: 0,1,,0,0
HFC7001E1AEV5,2023-12-10,1,402,144.9275362318840579710144928,,old-23-Word97--0-22,两项数值均达到常规阈值,numeric_input_ready=1; range_point < 200: 0; density_proxy_point < 125: 0,1,,0,0
HFC7001E1AEV7,2023-12-10,1,402,144.9275362318840579710144928,,old-33-Word97--0-27,两项数值均达到常规阈值,numeric_input_ready=1; range_point < 200: 0; density_proxy_point < 125: 0,1,,0,0
HFC7001EAEV,2023-12-10,1,251,143.4782608695652173913043478,,old-07-PDF-grid-1-0-3,两项数值均达到常规阈值,numeric_input_ready=1; range_point < 200: 0; density_proxy_point < 125: 0,1,,0,0
HFC7001EAEV10,2023-12-10,1,420,162.1621621621621621621621622,,old-23-Word97--0-23,两项数值均达到常规阈值,numeric_input_ready=1; range_point < 200: 0; density_proxy_point < 125: 0,1,,0,0
HFC7001EAEV11,2023-12-10,1,320,140.9836065573770491803278689,,old-24-Word97--3-17,两项数值均达到常规阈值,numeric_input_ready=1; range_point < 200: 0; density_proxy_point < 125: 0,1,,0,0
HFC7001EAEV2,2023-12-10,1,280,121.875,,old-11-PDF-grid-1-0-2,密度代理单项低于常规阈值,numeric_input_ready=1; range_point < 200: 0; density_proxy_point < 125: 1,1,,0,0
HFC7001EAEV4,2023-12-10,1,280,121.875,,old-16-Word97--0-2,密度代理单项低于常规阈值,numeric_input_ready=1; range_point < 200: 0; density_proxy_point < 125: 1,1,,0,0
HFC7001EAEV5,2023-12-10,1,301,125.8064516129032258064516129,,old-19-DOCX--0-6,两项数值均达到常规阈值,numeric_input_ready=1; range_point < 200: 0; density_proxy_point < 125: 0,1,,0,0
HFC7001EAEV6,2023-12-10,1,355,144.9275362318840579710144928,,old-18-Word97--0-20,两项数值均达到常规阈值,numeric_input_ready=1; range_point < 200: 0; density_proxy_point < 125: 0,1,,0,0
HFC7001EAEV7,2023-12-10,1,402,144.9275362318840579710144928,,old-22-Word97--0-27,两项数值均达到常规阈值,numeric_input_ready=1; range_point < 200: 0; density_proxy_point < 125: 0,1,,0,0
HFC7001EWEV,2023-12-10,1,170,91.66666666666666666666666667,,old-11-PDF-grid-1-0-3,两项数值低于常规阈值,numeric_input_ready=1; range_point < 200: 1; density_proxy_point < 125: 1,1,,0,0
HFC7002BEV,2023-12-10,1,530,161.2903225806451612903225806,,old-30-Word97--0-56,两项数值均达到常规阈值,numeric_input_ready=1; range_point < 200: 0; density_proxy_point < 125: 0,1,,0,0
HFC7002BEV1,2023-12-10,1,450,141.025641025641025641025641,,old-30-Word97--0-57,两项数值均达到常规阈值,numeric_input_ready=1; range_point < 200: 0; density_proxy_point < 125: 0,1,,0,0
HFC7002BEV2,2023-12-10,1,530,161.2903225806451612903225806,,old-35-Word97--0-24,两项数值均达到常规阈值,numeric_input_ready=1; range_point < 200: 0; density_proxy_point < 125: 0,1,,0,0
HFC7002BEV3,2023-12-10,1,450,141.025641025641025641025641,,old-35-Word97--0-25,两项数值均达到常规阈值,numeric_input_ready=1; range_point < 200: 0; density_proxy_point < 125: 0,1,,0,0
HFC7002BEV4,2023-12-10,1,480,144.6078431372549019607843137,,old-37-Word97--0-26,两项数值均达到常规阈值,numeric_input_ready=1; range_point < 200: 0; density_proxy_point < 125: 0,1,,0,0
HFC7002BEV6,2023-12-10,1,402,140.1398601398601398601398601,,old-41-Word97--0-31,两项数值均达到常规阈值,numeric_input_ready=1; range_point < 200: 0; density_proxy_point < 125: 0,1,,0,0
HFC7002BEV8,2023-12-10,1,502,127.5294117647058823529411765,,old-68-Word97--0-15,两项数值均达到常规阈值,numeric_input_ready=1; range_point < 200: 0; density_proxy_point < 125: 0,1,,0,0
HFC7002BEV9,2023-12-10,1,460,140.1398601398601398601398601,,old-68-Word97--0-11,两项数值均达到常规阈值,numeric_input_ready=1; range_point < 200: 0; density_proxy_point < 125: 0,1,,0,0
HFC7002BSEV1,2023-12-10,1,402,125.2054794520547945205479452,,old-58-Word97--0-13,两项数值均达到常规阈值,numeric_input_ready=1; range_point < 200: 0; density_proxy_point < 125: 0,1,,0,0
HFC7002BSEV2,2023-12-10,1,402,121.9178082191780821917808219,,old-68-Word97--0-13,密度代理单项低于常规阈值,numeric_input_ready=1; range_point < 200: 0; density_proxy_point < 125: 1,1,,0,0
HFC7002CSEV1-W,2023-12-10,0,,,,old-47-Word97--0-39,单值不足,numeric_input_ready != 1；保持未知，不以0替代缺值,1,两项单值暴露不足,0,0
HFC7002EWEV1,2023-12-10,1,405,125,,old-64-Word97--0-23,两项数值均达到常规阈值,numeric_input_ready=1; range_point < 200: 0; density_proxy_point < 125: 0,1,,0,0
HFC7002EWEV2,2023-12-10,1,505,126.2254901960784313725490196,,old-64-Word97--0-24,两项数值均达到常规阈值,numeric_input_ready=1; range_point < 200: 0; density_proxy_point < 125: 0,1,,0,0
HFC7002MEV,2023-12-10,1,402,149.5098039215686274509803922,,old-23-Word97--0-18,两项数值均达到常规阈值,numeric_input_ready=1; range_point < 200: 0; density_proxy_point < 125: 0,1,,0,0
HFC7002MEV1,2023-12-10,1,355,139.9491094147582697201017812,,old-23-Word97--0-19,两项数值均达到常规阈值,numeric_input_ready=1; range_point < 200: 0; density_proxy_point < 125: 0,1,,0,0
HFC7002MEV2,2023-12-10,1,420,161.7647058823529411764705882,,old-23-Word97--0-24,两项数值均达到常规阈值,numeric_input_ready=1; range_point < 200: 0; density_proxy_point < 125: 0,1,,0,0
HFC7002MEV3,2023-12-10,1,470,161.7647058823529411764705882,,old-25-Word97--0-77,两项数值均达到常规阈值,numeric_input_ready=1; range_point < 200: 0; density_proxy_point < 125: 0,1,,0,0
HFC7002MEV4,2023-12-10,1,402,139.9491094147582697201017812,,old-25-Word97--0-78,两项数值均达到常规阈值,numeric_input_ready=1; range_point < 200: 0; density_proxy_point < 125: 0,1,,0,0
HFC7002MEV7,2023-12-10,1,420,139.9491094147582697201017812,,old-35-Word97--0-26,两项数值均达到常规阈值,numeric_input_ready=1; range_point < 200: 0; density_proxy_point < 125: 0,1,,0,0
HFC7003CSEV1-W,2023-12-10,0,,,,old-56-Word97--0-31,单值不足,numeric_input_ready != 1；保持未知，不以0替代缺值,1,两项单值暴露不足,0,0
HFC7004CSEV1-W,2023-12-10,0,,,,old-64-Word97--0-25,单值不足,numeric_input_ready != 1；保持未知，不以0替代缺值,1,两项单值暴露不足,0,0
HKL6320BEV1,2023-12-10,0,385,,,old-20-DOCX--0-28,单值不足,numeric_input_ready != 1；保持未知，不以0替代缺值,1,两项单值暴露不足,0,0
HKL6320BEV3,2023-12-10,0,255,,,old-27-Word97--0-49,单值不足,numeric_input_ready != 1；保持未知，不以0替代缺值,1,两项单值暴露不足,0,0
HKL6440BEV,2023-12-10,0,300,,,old-20-DOCX--0-29,单值不足,numeric_input_ready != 1；保持未知，不以0替代缺值,1,两项单值暴露不足,0,0
HKL6490BEV,2023-12-10,0,165,,,old-09-PDF-grid-2-0-16,单值不足,numeric_input_ready != 1；保持未知，不以0替代缺值,1,两项单值暴露不足,0,0
HKL6490BEV1,2023-12-10,1,180,121.8390804597701149425287356,,old-10-PDF-grid-3-0-15,两项数值低于常规阈值,numeric_input_ready=1; range_point < 200: 1; density_proxy_point < 125: 1,1,,0,0
HKL6520BEV,2023-12-10,0,450,,,old-20-DOCX--0-30,单值不足,numeric_input_ready != 1；保持未知，不以0替代缺值,1,两项单值暴露不足,0,0
HKL6520MBEV,2023-12-10,1,405,155.9782608695652173913043478,,old-41-Word97--0-21,两项数值均达到常规阈值,numeric_input_ready=1; range_point < 200: 0; density_proxy_point < 125: 0,1,,0,0
HKL6540MBEV,2023-12-10,1,350,155.9782608695652173913043478,,old-45-Word97--0-20,两项数值均达到常规阈值,numeric_input_ready=1; range_point < 200: 0; density_proxy_point < 125: 0,1,,0,0
HMA7000ABBEV,2023-12-10,1,301,140.0966183574879227053140097,,old-27-Word97--0-41,两项数值均达到常规阈值,numeric_input_ready=1; range_point < 200: 0; density_proxy_point < 125: 0,1,,0,0
HMA7000ACBEV,2023-12-10,1,251,138.297872340425531914893617,,old-24-Word97--1-6,两项数值均达到常规阈值,numeric_input_ready=1; range_point < 200: 0; density_proxy_point < 125: 0,1,,0,0
HMA7000ADBEV,2023-12-10,1,100,111.1111111111111111111111111,,old-27-Word97--0-42,两项数值低于常规阈值,numeric_input_ready=1; range_point < 200: 1; density_proxy_point < 125: 1,1,,0,0
HMA7000AEBEV,2023-12-10,1,132,122.6415094339622641509433962,,old-27-Word97--0-43,两项数值低于常规阈值,numeric_input_ready=1; range_point < 200: 1; density_proxy_point < 125: 1,1,,0,0
HMA7000AFBEV,2023-12-10,1,251,143.6781609195402298850574713,,old-27-Word97--0-44,两项数值均达到常规阈值,numeric_input_ready=1; range_point < 200: 0; density_proxy_point < 125: 0,1,,0,0
HMA7000BABEV,2023-12-10,0,401,,,old-34-Word97--0-47,单值不足,numeric_input_ready != 1；保持未知，不以0替代缺值,1,两项单值暴露不足,0,0
HMA7000S60BEV,2023-12-10,1,260,133.3333333333333333333333333,,old-13-PDF-grid-1-0-15,两项数值均达到常规阈值,numeric_input_ready=1; range_point < 200: 0; density_proxy_point < 125: 0,1,,0,0
HMA7000S68BEV,2023-12-10,1,351,144.6153846153846153846153846,,old-21-DOCX--0-6,两项数值均达到常规阈值,numeric_input_ready=1; range_point < 200: 0; density_proxy_point < 125: 0,1,,0,0
HMA7001DABEV,2023-12-10,1,401,158.3850931677018633540372671,,old-25-Word97--0-21,两项数值均达到常规阈值,numeric_input_ready=1; range_point < 200: 0; density_proxy_point < 125: 0,1,,0,0
HMA7001DCBEV,2023-12-10,1,401,158.3850931677018633540372671,,old-26-DOCX--0-15,两项数值均达到常规阈值,numeric_input_ready=1; range_point < 200: 0; density_proxy_point < 125: 0,1,,0,0
HMA7001DDBEV,2023-12-10,1,401,158.3850931677018633540372671,,old-25-Word97--0-22,两项数值均达到常规阈值,numeric_input_ready=1; range_point < 200: 0; density_proxy_point < 125: 0,1,,0,0
HMA7001DEBEV,2023-12-10,1,520,174.4791666666666666666666667,,old-25-Word97--0-23,两项数值均达到常规阈值,numeric_input_ready=1; range_point < 200: 0; density_proxy_point < 125: 0,1,,0,0
HMA7001DGBEV,2023-12-10,1,460,161.1111111111111111111111111,,old-30-Word97--0-22,两项数值均达到常规阈值,numeric_input_ready=1; range_point < 200: 0; density_proxy_point < 125: 0,1,,0,0
HMA7001DHBEV,2023-12-10,1,460,141.1616161616161616161616162,,old-38-Word97--0-25,两项数值均达到常规阈值,numeric_input_ready=1; range_point < 200: 0; density_proxy_point < 125: 0,1,,0,0
HMA7001S60BEV,2023-12-10,1,304,142.3948220064724919093851133,,old-14-Word97--0-14,两项数值均达到常规阈值,numeric_input_ready=1; range_point < 200: 0; density_proxy_point < 125: 0,1,,0,0
HMA7001S68BEV,2023-12-10,1,351,144.6153846153846153846153846,,old-21-DOCX--0-7,两项数值均达到常规阈值,numeric_input_ready=1; range_point < 200: 0; density_proxy_point < 125: 0,1,,0,0
HMA7002S302BEV,2023-12-10,1,315,141.9939577039274924471299094,,old-14-Word97--0-13,两项数值均达到常规阈值,numeric_input_ready=1; range_point < 200: 0; density_proxy_point < 125: 0,1,,0,0
HMA7002S30BEV,2023-12-10,1,202,92.15017064846416382252559727,,old-10-PDF-grid-2-0-3,密度代理单项低于常规阈值,numeric_input_ready=1; range_point < 200: 0; density_proxy_point < 125: 1,1,,0,0
HMA7002S60BEV,2023-12-10,1,304,142.3948220064724919093851133,,old-15-PDF-grid-1-0-12,两项数值均达到常规阈值,numeric_input_ready=1; range_point < 200: 0; density_proxy_point < 125: 0,1,,0,0
HMA7002S68BEV,2023-12-10,1,365,145.8966565349544072948328267,,old-21-DOCX--0-8,两项数值均达到常规阈值,numeric_input_ready=1; range_point < 200: 0; density_proxy_point < 125: 0,1,,0,0
HMA7003S10BEV,2023-12-10,1,100,88.88888888888888888888888889,,old-05-PDF-grid-1-0-8,两项数值低于常规阈值,numeric_input_ready=1; range_point < 200: 1; density_proxy_point < 125: 1,1,,0,0
HMA7003S13BEV,2023-12-10,1,151,120.8053691275167785234899329,,old-11-PDF-grid-1-0-17,两项数值低于常规阈值,numeric_input_ready=1; range_point < 200: 1; density_proxy_point < 125: 1,1,,0,0
HMA7003S201BEV,2023-12-10,1,202,140.939597315436241610738255,,old-16-Word97--0-21,两项数值均达到常规阈值,numeric_input_ready=1; range_point < 200: 0; density_proxy_point < 125: 0,1,,0,0
HMA7003S202BEV,2023-12-10,1,202,149.2537313432835820895522388,,old-21-DOCX--0-9,两项数值均达到常规阈值,numeric_input_ready=1; range_point < 200: 0; density_proxy_point < 125: 0,1,,0,0
HMA7003S203BEV,2023-12-10,1,302,151.7857142857142857142857143,,old-21-DOCX--0-10,两项数值均达到常规阈值,numeric_input_ready=1; range_point < 200: 0; density_proxy_point < 125: 0,1,,0,0
HMA7003S204BEV,2023-12-10,1,301,162.5615763546798029556650246,,old-23-Word97--0-26,两项数值均达到常规阈值,numeric_input_ready=1; range_point < 200: 0; density_proxy_point < 125: 0,1,,0,0
HMA7003S68BEV,2023-12-10,1,351,145.8966565349544072948328267,,old-21-DOCX--0-11,两项数值均达到常规阈值,numeric_input_ready=1; range_point < 200: 0; density_proxy_point < 125: 0,1,,0,0
HMA7004S30BEV,2023-12-10,1,155,83.33333333333333333333333333,,old-05-PDF-grid-1-0-9,两项数值低于常规阈值,numeric_input_ready=1; range_point < 200: 1; density_proxy_point < 125: 1,1,,0,0
HMA7004S68BEV,2023-12-10,1,365,145.8966565349544072948328267,,old-23-Word97--0-27,两项数值均达到常规阈值,numeric_input_ready=1; range_point < 200: 0; density_proxy_point < 125: 0,1,,0,0
HMC6440BM0BEV,2023-12-10,1,165,92.06349206349206349206349206,,old-09-PDF-grid-3-0-6,两项数值低于常规阈值,numeric_input_ready=1; range_point < 200: 1; density_proxy_point < 125: 1,1,,0,0
HMC6482PM0BEV,2023-12-10,1,510,176.2222222222222222222222222,,old-58-Word97--0-15,两项数值均达到常规阈值,numeric_input_ready=1; range_point < 200: 0; density_proxy_point < 125: 0,1,,0,0
HMC7000LH0BEV,2023-12-10,1,151,112.5,,old-12-PDF-grid-2-0-13,两项数值低于常规阈值,numeric_input_ready=1; range_point < 200: 1; density_proxy_point < 125: 1,1,,0,0
HMC7000NS0BEV,2023-12-10,1,315,141.9939577039274924471299094,,old-18-Word97--0-32,两项数值均达到常规阈值,numeric_input_ready=1; range_point < 200: 0; density_proxy_point < 125: 0,1,,0,0
HMC7001BM0BEV,2023-12-10,1,150,86.20689655172413793103448276,,old-03-PDF-grid-1-0-11,两项数值低于常规阈值,numeric_input_ready=1; range_point < 200: 1; density_proxy_point < 125: 1,1,,0,0
HQ7002BEV04,2023-12-10,1,300,98.55769230769230769230769231,,old-11-PDF-grid-2-0-5,密度代理单项低于常规阈值,numeric_input_ready=1; range_point < 200: 0; density_proxy_point < 125: 1,1,,0,0
HQ7002BEV05,2023-12-10,1,400,135.4166666666666666666666667,,old-12-PDF-grid-2-0-17,两项数值均达到常规阈值,numeric_input_ready=1; range_point < 200: 0; density_proxy_point < 125: 0,1,,0,0
HQ7002BEV08,2023-12-10,1,300,121.468926553672316384180791,,old-11-PDF-grid-2-0-6,密度代理单项低于常规阈值,numeric_input_ready=1; range_point < 200: 0; density_proxy_point < 125: 1,1,,0,0
HQ7002BEV11,2023-12-10,1,300,124.2937853107344632768361582,,old-12-PDF-grid-2-0-21,密度代理单项低于常规阈值,numeric_input_ready=1; range_point < 200: 0; density_proxy_point < 125: 1,1,,0,0
HQ7002BEV12,2023-12-10,1,300,124.2937853107344632768361582,,old-12-PDF-grid-2-0-15,密度代理单项低于常规阈值,numeric_input_ready=1; range_point < 200: 0; density_proxy_point < 125: 1,1,,0,0
HQ7002BEV15,2023-12-10,1,353,135.4166666666666666666666667,,old-12-PDF-grid-2-0-18,两项数值均达到常规阈值,numeric_input_ready=1; range_point < 200: 0; density_proxy_point < 125: 0,1,,0,0
HQ7002BEV35,2023-12-10,1,400,139.0374331550802139037433155,,old-20-DOCX--0-75,两项数值均达到常规阈值,numeric_input_ready=1; range_point < 200: 0; density_proxy_point < 125: 0,1,,0,0
HQ7002BEV36,2023-12-10,1,400,139.0374331550802139037433155,,old-20-DOCX--0-76,两项数值均达到常规阈值,numeric_input_ready=1; range_point < 200: 0; density_proxy_point < 125: 0,1,,0,0
HQ7002BEV37,2023-12-10,1,410,135.4166666666666666666666667,,old-22-Word97--0-18,两项数值均达到常规阈值,numeric_input_ready=1; range_point < 200: 0; density_proxy_point < 125: 0,1,,0,0
HQ7002BEV39,2023-12-10,1,410,139.0374331550802139037433155,,old-22-Word97--0-19,两项数值均达到常规阈值,numeric_input_ready=1; range_point < 200: 0; density_proxy_point < 125: 0,1,,0,0
HQ7002BEV45,2023-12-10,1,400,135.869565217391304347826087,,old-22-Word97--0-20,两项数值均达到常规阈值,numeric_input_ready=1; range_point < 200: 0; density_proxy_point < 125: 0,1,,0,0
HQ7002BEV51,2023-12-10,1,400,142.4657534246575342465753425,,old-23-Word97--0-29,两项数值均达到常规阈值,numeric_input_ready=1; range_point < 200: 0; density_proxy_point < 125: 0,1,,0,0
HQ7002BEV56,2023-12-10,1,400,139.0374331550802139037433155,,old-23-Word97--0-31,两项数值均达到常规阈值,numeric_input_ready=1; range_point < 200: 0; density_proxy_point < 125: 0,1,,0,0
HQ7002BEV57,2023-12-10,1,400,135.869565217391304347826087,,old-23-Word97--0-32,两项数值均达到常规阈值,numeric_input_ready=1; range_point < 200: 0; density_proxy_point < 125: 0,1,,0,0
HQ7002BEV63,2023-12-10,1,400,141.3043478260869565217391304,,old-24-Word97--3-8,两项数值均达到常规阈值,numeric_input_ready=1; range_point < 200: 0; density_proxy_point < 125: 0,1,,0,0
HQ7002BEV66,2023-12-10,1,400,135.869565217391304347826087,,old-24-Word97--3-10,两项数值均达到常规阈值,numeric_input_ready=1; range_point < 200: 0; density_proxy_point < 125: 0,1,,0,0
HQ7002BEV67,2023-12-10,1,430,155.8823529411764705882352941,,old-40-Word97--0-14,两项数值均达到常规阈值,numeric_input_ready=1; range_point < 200: 0; density_proxy_point < 125: 0,1,,0,0
HQ7002BEV68,2023-12-10,1,600,177.2151898734177215189873418,,old-40-Word97--0-13,两项数值均达到常规阈值,numeric_input_ready=1; range_point < 200: 0; density_proxy_point < 125: 0,1,,0,0
HQ7002BEV69,2023-12-10,1,421,152.3121387283236994219653179,,old-39-Word97--0-25,两项数值均达到常规阈值,numeric_input_ready=1; range_point < 200: 0; density_proxy_point < 125: 0,1,,0,0
HQ7002BEV70,2023-12-10,1,421,155.8823529411764705882352941,,old-39-Word97--0-18,两项数值均达到常规阈值,numeric_input_ready=1; range_point < 200: 0; density_proxy_point < 125: 0,1,,0,0
HQ7002BEV71,2023-12-10,1,400,135.869565217391304347826087,,old-39-Word97--0-27,两项数值均达到常规阈值,numeric_input_ready=1; range_point < 200: 0; density_proxy_point < 125: 0,1,,0,0
HQ7002BEV72,2023-12-10,1,402,154.6242774566473988439306358,,old-39-Word97--0-19,两项数值均达到常规阈值,numeric_input_ready=1; range_point < 200: 0; density_proxy_point < 125: 0,1,,0,0
HQ7002BEV73,2023-12-10,1,400,153.0259365994236311239193084,,old-39-Word97--0-26,两项数值均达到常规阈值,numeric_input_ready=1; range_point < 200: 0; density_proxy_point < 125: 0,1,,0,0
HQ7002BEV74,2023-12-10,1,410,154.6242774566473988439306358,,old-39-Word97--0-20,两项数值均达到常规阈值,numeric_input_ready=1; range_point < 200: 0; density_proxy_point < 125: 0,1,,0,0
HQ7002BEV76,2023-12-10,1,421,153.4883720930232558139534884,,old-45-Word97--0-22,两项数值均达到常规阈值,numeric_input_ready=1; range_point < 200: 0; density_proxy_point < 125: 0,1,,0,0
HQ7002BEV77,2023-12-10,1,421,153.4883720930232558139534884,,old-40-Word97--0-12,两项数值均达到常规阈值,numeric_input_ready=1; range_point < 200: 0; density_proxy_point < 125: 0,1,,0,0
HQ7002BEV78,2023-12-10,1,430,153.4883720930232558139534884,,old-41-Word97--0-24,两项数值均达到常规阈值,numeric_input_ready=1; range_point < 200: 0; density_proxy_point < 125: 0,1,,0,0
HQ7002BEV84,2023-12-10,1,600,177.2151898734177215189873418,,old-45-Word97--0-21,两项数值均达到常规阈值,numeric_input_ready=1; range_point < 200: 0; density_proxy_point < 125: 0,1,,0,0
HQ7003BEV01,2023-12-10,1,400,155.8823529411764705882352941,,old-39-Word97--0-21,两项数值均达到常规阈值,numeric_input_ready=1; range_point < 200: 0; density_proxy_point < 125: 0,1,,0,0
HQ7003BEV02,2023-12-10,1,400,152.3121387283236994219653179,,old-39-Word97--0-22,两项数值均达到常规阈值,numeric_input_ready=1; range_point < 200: 0; density_proxy_point < 125: 0,1,,0,0
HQ7003BEV03,2023-12-10,1,400,153.4883720930232558139534884,,old-39-Word97--0-24,两项数值均达到常规阈值,numeric_input_ready=1; range_point < 200: 0; density_proxy_point < 125: 0,1,,0,0
HQ7003BEV04,2023-12-10,1,550,177.2151898734177215189873418,,old-39-Word97--0-23,两项数值均达到常规阈值,numeric_input_ready=1; range_point < 200: 0; density_proxy_point < 125: 0,1,,0,0
HQ7003BEV05,2023-12-10,1,400,153.4883720930232558139534884,,old-44-Word97--0-29,两项数值均达到常规阈值,numeric_input_ready=1; range_point < 200: 0; density_proxy_point < 125: 0,1,,0,0
HQ7004BEV01,2023-12-10,1,322,141.5589353612167300380228137,,old-45-Word97--0-23,两项数值均达到常规阈值,numeric_input_ready=1; range_point < 200: 0; density_proxy_point < 125: 0,1,,0,0
HRQ6350BEV,2023-12-10,1,352,140.7942238267148014440433213,,old-22-Word97--0-54,两项数值均达到常规阈值,numeric_input_ready=1; range_point < 200: 0; density_proxy_point < 125: 0,1,,0,0
HRQ6351BEV,2023-12-10,0,305,,,old-33-Word97--0-61,单值不足,numeric_input_ready != 1；保持未知，不以0替代缺值,1,两项单值暴露不足,0,0
HRQ6352BEV,2023-12-10,0,305,,,old-60-Word97--0-9,单值不足,numeric_input_ready != 1；保持未知，不以0替代缺值,1,两项单值暴露不足,0,0
HRQ7000BEV01,2023-12-10,1,302,120.7602339181286549707602339,,old-55-Word97--0-3,密度代理单项低于常规阈值,numeric_input_ready=1; range_point < 200: 0; density_proxy_point < 125: 1,1,,0,0
HX6306YBEV,2023-12-10,1,155,86.66666666666666666666666667,,old-08-PDF-grid-1-0-15,两项数值低于常规阈值,numeric_input_ready=1; range_point < 200: 1; density_proxy_point < 125: 1,1,,0,0
HX6307YBEV,2023-12-10,1,155,124.2603550295857988165680473,,old-12-PDF-grid-1-0-15,两项数值低于常规阈值,numeric_input_ready=1; range_point < 200: 1; density_proxy_point < 125: 1,1,,0,0
HX6340BBEV,2023-12-10,1,252,150,,old-18-Word97--0-11,两项数值均达到常规阈值,numeric_input_ready=1; range_point < 200: 0; density_proxy_point < 125: 0,1,,0,0
HX6340DBEV,2023-12-10,1,302,151.3944223107569721115537849,,old-20-DOCX--0-20,两项数值均达到常规阈值,numeric_input_ready=1; range_point < 200: 0; density_proxy_point < 125: 0,1,,0,0
HX6401BEV,2023-12-10,1,150,110.7142857142857142857142857,,old-07-PDF-grid-1-0-11,两项数值低于常规阈值,numeric_input_ready=1; range_point < 200: 1; density_proxy_point < 125: 1,1,,0,0
HX7003BEV,2023-12-10,0,130,,,old-59-Word97--0-38,单值不足,numeric_input_ready != 1；保持未知，不以0替代缺值,1,两项单值暴露不足,0,0
HXK7000BEVA0,2023-12-10,1,150,102.2727272727272727272727273,,old-30-Word97--0-27,两项数值低于常规阈值,numeric_input_ready=1; range_point < 200: 1; density_proxy_point < 125: 1,1,,0,0
HXK7000BEVA1,2023-12-10,0,150,,,old-32-Word97--0-39,单值不足,numeric_input_ready != 1；保持未知，不以0替代缺值,1,两项单值暴露不足,0,0
HXK7000BEVA10,2023-12-10,1,140,108.2352941176470588235294118,,old-42-Word97--0-7,两项数值低于常规阈值,numeric_input_ready=1; range_point < 200: 1; density_proxy_point < 125: 1,1,,0,0
HXK7000BEVA11,2023-12-10,1,130,114.4715447154471544715447154,,old-42-Word97--0-4,两项数值低于常规阈值,numeric_input_ready=1; range_point < 200: 1; density_proxy_point < 125: 1,1,,0,0
HXK7000BEVA12,2023-12-10,1,320,158.8363636363636363636363636,CLTC,old-49-Word97--0-3,两项数值均达到常规阈值,numeric_input_ready=1; range_point < 200: 0; density_proxy_point < 125: 0,1,,0,0
HXK7000BEVA13,2023-12-10,1,145,119.3220338983050847457627119,,old-54-Word97--0-21,两项数值低于常规阈值,numeric_input_ready=1; range_point < 200: 1; density_proxy_point < 125: 1,1,,0,0
HXK7000BEVA14,2023-12-10,0,205,,,old-56-Word97--0-14,单值不足,numeric_input_ready != 1；保持未知，不以0替代缺值,1,两项单值暴露不足,0,0
HXK7000BEVA15,2023-12-10,1,320,158.249,,old-57-Word97--0-13,两项数值均达到常规阈值,numeric_input_ready=1; range_point < 200: 0; density_proxy_point < 125: 0,1,,0,0
HXK7000BEVA16,2023-12-10,1,220,102.1276595744680851063829787,,old-59-Word97--0-28,密度代理单项低于常规阈值,numeric_input_ready=1; range_point < 200: 0; density_proxy_point < 125: 1,1,,0,0
HXK7000BEVA2,2023-12-10,1,150,102.2727272727272727272727273,,old-35-Word97--0-29,两项数值低于常规阈值,numeric_input_ready=1; range_point < 200: 1; density_proxy_point < 125: 1,1,,0,0
HXK7000BEVA3,2023-12-10,0,150,,,old-35-Word97--0-30,单值不足,numeric_input_ready != 1；保持未知，不以0替代缺值,1,两项单值暴露不足,0,0
HXK7000BEVA5,2023-12-10,1,351,160.5504587155963302752293578,,old-36-Word97--0-29,两项数值均达到常规阈值,numeric_input_ready=1; range_point < 200: 0; density_proxy_point < 125: 0,1,,0,0
HXK7000BEVA6,2023-12-10,1,120,109.3485714285714285714285714,,old-39-Word97--0-14,两项数值低于常规阈值,numeric_input_ready=1; range_point < 200: 1; density_proxy_point < 125: 1,1,,0,0
HXK7000BEVA7,2023-12-10,1,220,117.4588235294117647058823529,,old-42-Word97--0-5,密度代理单项低于常规阈值,numeric_input_ready=1; range_point < 200: 0; density_proxy_point < 125: 1,1,,0,0
HXK7000BEVA8,2023-12-10,1,140,104.3971631205673758865248227,,old-42-Word97--0-6,两项数值低于常规阈值,numeric_input_ready=1; range_point < 200: 1; density_proxy_point < 125: 1,1,,0,0
HXK7000BEVA9,2023-12-10,1,180,113.85,,old-42-Word97--0-8,两项数值低于常规阈值,numeric_input_ready=1; range_point < 200: 1; density_proxy_point < 125: 1,1,,0,0
HXK7000BEVB00,2023-12-10,1,140,106.6666666666666666666666667,,old-48-Word97--0-5,两项数值低于常规阈值,numeric_input_ready=1; range_point < 200: 1; density_proxy_point < 125: 1,1,,0,0
HXK7000BEVB01,2023-12-10,1,201,118.3288888888888888888888889,CLTC,old-51-Word97--0-2,密度代理单项低于常规阈值,numeric_input_ready=1; range_point < 200: 0; density_proxy_point < 125: 1,1,,0,0
HXK7000BEVB02,2023-12-10,0,201,,,old-56-Word97--0-15,单值不足,numeric_input_ready != 1；保持未知，不以0替代缺值,1,两项单值暴露不足,0,0
HXK7000BEVB03,2023-12-10,1,140,106.6666666666666666666666667,,old-59-Word97--0-30,两项数值低于常规阈值,numeric_input_ready=1; range_point < 200: 1; density_proxy_point < 125: 1,1,,0,0
HXK7000BEVC00,2023-12-10,1,140,111.8446601941747572815533981,,old-57-Word97--0-14,两项数值低于常规阈值,numeric_input_ready=1; range_point < 200: 1; density_proxy_point < 125: 1,1,,0,0
HXK7000BEVC01,2023-12-10,1,140,111.8446601941747572815533981,,old-71-Word97--0-55,两项数值低于常规阈值,numeric_input_ready=1; range_point < 200: 1; density_proxy_point < 125: 1,1,,0,0
HXK7000BEVD00,2023-12-10,1,205,99.8843930635838150289017341,,old-59-Word97--0-29,密度代理单项低于常规阈值,numeric_input_ready=1; range_point < 200: 0; density_proxy_point < 125: 1,1,,0,0
HXK7000BEVK0,2023-12-10,1,332,139.9317406143344709897610922,,old-33-Word97--0-68,两项数值均达到常规阈值,numeric_input_ready=1; range_point < 200: 0; density_proxy_point < 125: 0,1,,0,0
HXK7000BEVX0,2023-12-10,1,305,140.5622489959839357429718876,,old-35-Word97--0-31,两项数值均达到常规阈值,numeric_input_ready=1; range_point < 200: 0; density_proxy_point < 125: 0,1,,0,0
I31Z21,2023-12-10,1,185,94.42060085836909871244635193,,old-05-PDF-grid-2-0-4,两项数值低于常规阈值,numeric_input_ready=1; range_point < 200: 1; density_proxy_point < 125: 1,1,,0,0
I31Z61,2023-12-10,1,271,128.90625,,old-10-PDF-grid-3-0-16,两项数值均达到常规阈值,numeric_input_ready=1; range_point < 200: 0; density_proxy_point < 125: 0,1,,0,0
I38P21,2023-12-10,1,340,152.1739130434782608695652174,,old-23-Word97--0-59,两项数值均达到常规阈值,numeric_input_ready=1; range_point < 200: 0; density_proxy_point < 125: 0,1,,0,0
I4EDRIVE3541AW,2023-12-10,1,511,138.0550098231827111984282908,,old-62-Word97--0-3,两项数值均达到常规阈值,numeric_input_ready=1; range_point < 200: 0; density_proxy_point < 125: 0,1,,0,0
I4EDRIVE4071AW,2023-12-10,1,625,148.6271036315323294951284322,,old-50-Word97--0-50,两项数值均达到常规阈值,numeric_input_ready=1; range_point < 200: 0; density_proxy_point < 125: 0,1,,0,0
I4M5031AW,2023-12-10,1,560,148.6271036315323294951284322,,old-50-Word97--0-49,两项数值均达到常规阈值,numeric_input_ready=1; range_point < 200: 0; density_proxy_point < 125: 0,1,,0,0
I7EDRIVE50L41EJ,2023-12-10,1,640,154.4869921075708857059339374,,old-65-Word97--0-5,两项数值均达到常规阈值,numeric_input_ready=1; range_point < 200: 0; density_proxy_point < 125: 0,1,,0,0
I7M70LXDRIVE81EH,2023-12-10,1,610,154.4869921075708857059339374,CLTC,old-69-Word97--0-2,两项数值均达到常规阈值,numeric_input_ready=1; range_point < 200: 0; density_proxy_point < 125: 0,1,,0,0
I7XDRIVE60L51EJ,2023-12-10,1,650,154.4869921075708857059339374,,old-59-Word97--0-2,两项数值均达到常规阈值,numeric_input_ready=1; range_point < 200: 0; density_proxy_point < 125: 0,1,,0,0
IXM6031CF,2023-12-10,1,640,173.3250427483289289600497435,,old-54-Word97--0-2,两项数值均达到常规阈值,numeric_input_ready=1; range_point < 200: 0; density_proxy_point < 125: 0,1,,0,0
IXM6031CF22,2023-12-10,1,625,173.3250427483289289600497435,,old-65-Word97--0-4,两项数值均达到常规阈值,numeric_input_ready=1; range_point < 200: 0; density_proxy_point < 125: 0,1,,0,0
IXXDRIVE4011CF,2023-12-10,1,455,148.4783872843574336111649544,,old-49-Word97--0-25,两项数值均达到常规阈值,numeric_input_ready=1; range_point < 200: 0; density_proxy_point < 125: 0,1,,0,0
IXXDRIVE5021CF,2023-12-10,1,665,173.3250427483289289600497435,,old-48-Word97--0-45,两项数值均达到常规阈值,numeric_input_ready=1; range_point < 200: 0; density_proxy_point < 125: 0,1,,0,0
JGX7001BEV1A,2023-12-10,1,302,154.1395348837209302325581395,,old-38-Word97--0-2,两项数值均达到常规阈值,numeric_input_ready=1; range_point < 200: 0; density_proxy_point < 125: 0,1,,0,0
JHC6480BEV51,2023-12-10,0,265,,,old-71-Word97--0-32,单值不足,numeric_input_ready != 1；保持未知，不以0替代缺值,1,两项单值暴露不足,0,0
JHC7002BEV25,2023-12-10,1,400,142.4657534246575342465753425,,old-24-Word97--2-7,两项数值均达到常规阈值,numeric_input_ready=1; range_point < 200: 0; density_proxy_point < 125: 0,1,,0,0
JHC7002BEV26,2023-12-10,1,400,141.3043478260869565217391304,,old-24-Word97--2-8,两项数值均达到常规阈值,numeric_input_ready=1; range_point < 200: 0; density_proxy_point < 125: 0,1,,0,0
JHC7002BEV27,2023-12-10,1,500,174.1573033707865168539325843,,old-25-Word97--0-44,两项数值均达到常规阈值,numeric_input_ready=1; range_point < 200: 0; density_proxy_point < 125: 0,1,,0,0
JHC7002BEV33,2023-12-10,1,400,135.869565217391304347826087,,old-25-Word97--0-45,两项数值均达到常规阈值,numeric_input_ready=1; range_point < 200: 0; density_proxy_point < 125: 0,1,,0,0
JHC7002BEV34,2023-12-10,1,400,135.869565217391304347826087,,old-25-Word97--0-46,两项数值均达到常规阈值,numeric_input_ready=1; range_point < 200: 0; density_proxy_point < 125: 0,1,,0,0
JHC7002BEV38,2023-12-10,1,410,135.4166666666666666666666667,,old-25-Word97--0-47,两项数值均达到常规阈值,numeric_input_ready=1; range_point < 200: 0; density_proxy_point < 125: 0,1,,0,0
JHC7002BEV39,2023-12-10,1,410,135.4166666666666666666666667,,old-25-Word97--0-48,两项数值均达到常规阈值,numeric_input_ready=1; range_point < 200: 0; density_proxy_point < 125: 0,1,,0,0
JHC7002BEV41,2023-12-10,1,500,174.1573033707865168539325843,,old-25-Word97--0-50,两项数值均达到常规阈值,numeric_input_ready=1; range_point < 200: 0; density_proxy_point < 125: 0,1,,0,0
JHC7002BEV45,2023-12-10,1,402,156.0693641618497109826589595,,old-27-Word97--0-13,两项数值均达到常规阈值,numeric_input_ready=1; range_point < 200: 0; density_proxy_point < 125: 0,1,,0,0
JHC7002BEV46,2023-12-10,1,410,156.0693641618497109826589595,,old-27-Word97--0-14,两项数值均达到常规阈值,numeric_input_ready=1; range_point < 200: 0; density_proxy_point < 125: 0,1,,0,0
JHC7002BEV47,2023-12-10,1,430,155.8823529411764705882352941,,old-33-Word97--0-14,两项数值均达到常规阈值,numeric_input_ready=1; range_point < 200: 0; density_proxy_point < 125: 0,1,,0,0
JHC7002BEV48,2023-12-10,1,600,177.2151898734177215189873418,,old-33-Word97--0-15,两项数值均达到常规阈值,numeric_input_ready=1; range_point < 200: 0; density_proxy_point < 125: 0,1,,0,0
JHC7002BEV51,2023-12-10,1,450,174.1573033707865168539325843,,old-24-Word97--2-10,两项数值均达到常规阈值,numeric_input_ready=1; range_point < 200: 0; density_proxy_point < 125: 0,1,,0,0
JHC7002BEV55,2023-12-10,1,400,152.7377521613832853025936599,,old-25-Word97--0-54,两项数值均达到常规阈值,numeric_input_ready=1; range_point < 200: 0; density_proxy_point < 125: 0,1,,0,0
JHC7002BEV60,2023-12-10,1,400,152.7377521613832853025936599,,old-25-Word97--0-55,两项数值均达到常规阈值,numeric_input_ready=1; range_point < 200: 0; density_proxy_point < 125: 0,1,,0,0
JHC7002BEV63,2023-12-10,1,400,156.0693641618497109826589595,,old-27-Word97--0-15,两项数值均达到常规阈值,numeric_input_ready=1; range_point < 200: 0; density_proxy_point < 125: 0,1,,0,0
JHC7002BEV64,2023-12-10,1,421,153.1791907514450867052023121,,old-33-Word97--0-16,两项数值均达到常规阈值,numeric_input_ready=1; range_point < 200: 0; density_proxy_point < 125: 0,1,,0,0
JHC7002BEV67,2023-12-10,1,410,124.6216216216216216216216216,,old-66-Word97--0-6,密度代理单项低于常规阈值,numeric_input_ready=1; range_point < 200: 0; density_proxy_point < 125: 1,1,,0,0
JHC7002BEV68,2023-12-10,1,410,124.6216216216216216216216216,,old-66-Word97--0-5,密度代理单项低于常规阈值,numeric_input_ready=1; range_point < 200: 0; density_proxy_point < 125: 1,1,,0,0
JHC7002BEV69,2023-12-10,1,500,130.5623471882640586797066015,,old-67-Word97--0-6,两项数值均达到常规阈值,numeric_input_ready=1; range_point < 200: 0; density_proxy_point < 125: 0,1,,0,0
JHC7003BEV01,2023-12-10,1,400,155.8823529411764705882352941,,old-30-Word97--0-41,两项数值均达到常规阈值,numeric_input_ready=1; range_point < 200: 0; density_proxy_point < 125: 0,1,,0,0
JHC7003BEV03,2023-12-10,1,400,153.1791907514450867052023121,,old-30-Word97--0-43,两项数值均达到常规阈值,numeric_input_ready=1; range_point < 200: 0; density_proxy_point < 125: 0,1,,0,0
JHC7003BEV04,2023-12-10,1,400,154.0697674418604651162790698,,old-33-Word97--0-17,两项数值均达到常规阈值,numeric_input_ready=1; range_point < 200: 0; density_proxy_point < 125: 0,1,,0,0
JHC7003BEV06,2023-12-10,1,550,177.2151898734177215189873418,,old-32-Word97--0-11,两项数值均达到常规阈值,numeric_input_ready=1; range_point < 200: 0; density_proxy_point < 125: 0,1,,0,0
JK1EV4WD,2023-12-10,0,,160.5042016806722689075630252,,old-61-Word97--0-2,单值不足,numeric_input_ready != 1；保持未知，不以0替代缺值,1,两项单值暴露不足,0,0
JKC6420A0X0BEV,2023-12-10,0,305,,,old-44-Word97--0-45,单值不足,numeric_input_ready != 1；保持未知，不以0替代缺值,1,两项单值暴露不足,0,0
JKC6420FXBEV,2023-12-10,0,255,,,old-27-Word97--0-51,单值不足,numeric_input_ready != 1；保持未知，不以0替代缺值,1,两项单值暴露不足,0,0
JKC6421FXBEV,2023-12-10,0,255,,,old-27-Word97--0-52,单值不足,numeric_input_ready != 1；保持未知，不以0替代缺值,1,两项单值暴露不足,0,0
JKC6450A0L0BEV,2023-12-10,0,305,,,old-46-Word97--0-48,单值不足,numeric_input_ready != 1；保持未知，不以0替代缺值,1,两项单值暴露不足,0,0
JKC6450A0L1BEV,2023-12-10,1,305,142.7816901408450704225352113,,old-57-Word97--0-12,两项数值均达到常规阈值,numeric_input_ready=1; range_point < 200: 0; density_proxy_point < 125: 0,1,,0,0
JKC6450A0X0BEV,2023-12-10,0,305,,,old-55-Word97--0-4,单值不足,numeric_input_ready != 1；保持未知，不以0替代缺值,1,两项单值暴露不足,0,0
JKC6450A0X2BEV,2023-12-10,0,305,,,old-56-Word97--0-10,单值不足,numeric_input_ready != 1；保持未知，不以0替代缺值,1,两项单值暴露不足,0,0
JKC6450A0X3BEV,2023-12-10,0,270,,,old-63-Word97--0-31,单值不足,numeric_input_ready != 1；保持未知，不以0替代缺值,1,两项单值暴露不足,0,0
JKC6450A0X4BEV,2023-12-10,0,238,,,old-63-Word97--0-30,单值不足,numeric_input_ready != 1；保持未知，不以0替代缺值,1,两项单值暴露不足,0,0
JKC6450A0X5BEV,2023-12-10,0,258,,,old-65-Word97--0-43,单值不足,numeric_input_ready != 1；保持未知，不以0替代缺值,1,两项单值暴露不足,0,0
JKC6450AXBEV,2023-12-10,1,190,106.1452513966480446927374302,,old-13-PDF-grid-2-0-3,两项数值低于常规阈值,numeric_input_ready=1; range_point < 200: 1; density_proxy_point < 125: 1,1,,0,0
JKC6451AXBEV,2023-12-10,1,305,136.1111111111111111111111111,,old-17-PDF-grid-2-0-9,两项数值均达到常规阈值,numeric_input_ready=1; range_point < 200: 0; density_proxy_point < 125: 0,1,,0,0
JKC6451FXBEV,2023-12-10,1,277,136.3636363636363636363636364,,old-27-Word97--0-53,两项数值均达到常规阈值,numeric_input_ready=1; range_point < 200: 0; density_proxy_point < 125: 0,1,,0,0
JKC6453AXBEV,2023-12-10,1,350,139.4230769230769230769230769,,old-20-DOCX--0-24,两项数值均达到常规阈值,numeric_input_ready=1; range_point < 200: 0; density_proxy_point < 125: 0,1,,0,0
JL6471SEV01,2023-12-10,1,415,142.0540540540540540540540541,,old-38-Word97--0-15,两项数值均达到常规阈值,numeric_input_ready=1; range_point < 200: 0; density_proxy_point < 125: 0,1,,0,0
JL6471SEV02,2023-12-10,1,407,135.2480417754569190600522193,,old-43-Word97--0-9,两项数值均达到常规阈值,numeric_input_ready=1; range_point < 200: 0; density_proxy_point < 125: 0,1,,0,0
JL6471SEV03,2023-12-10,0,,,,old-50-Word97--0-31,单值不足,numeric_input_ready != 1；保持未知，不以0替代缺值,1,两项单值暴露不足,0,0
JL7000BEV01,2023-12-10,1,400,119.6581196581196581196581197,,old-62-Word97--0-30,密度代理单项低于常规阈值,numeric_input_ready=1; range_point < 200: 0; density_proxy_point < 125: 1,1,,0,0
JL7000BEV02,2023-12-10,1,535,169.2307692307692307692307692,,old-55-Word97--0-37,两项数值均达到常规阈值,numeric_input_ready=1; range_point < 200: 0; density_proxy_point < 125: 0,1,,0,0
JL7000BEV03,2023-12-10,1,530,169.2307692307692307692307692,,old-55-Word97--0-32,两项数值均达到常规阈值,numeric_input_ready=1; range_point < 200: 0; density_proxy_point < 125: 0,1,,0,0
JL7000BEV04,2023-12-10,1,560,169.2307692307692307692307692,,old-55-Word97--0-36,两项数值均达到常规阈值,numeric_input_ready=1; range_point < 200: 0; density_proxy_point < 125: 0,1,,0,0
JL7000BEV05,2023-12-10,1,500,169.2307692307692307692307692,,old-55-Word97--0-33,两项数值均达到常规阈值,numeric_input_ready=1; range_point < 200: 0; density_proxy_point < 125: 0,1,,0,0
JL7000BEV06,2023-12-10,1,535,169.2307692307692307692307692,,old-55-Word97--0-35,两项数值均达到常规阈值,numeric_input_ready=1; range_point < 200: 0; density_proxy_point < 125: 0,1,,0,0
JL7000BEV07,2023-12-10,1,500,169.2307692307692307692307692,,old-55-Word97--0-34,两项数值均达到常规阈值,numeric_input_ready=1; range_point < 200: 0; density_proxy_point < 125: 0,1,,0,0
JL7000BEV08,2023-12-10,1,535,169.2307692307692307692307692,,old-57-Word97--0-33,两项数值均达到常规阈值,numeric_input_ready=1; range_point < 200: 0; density_proxy_point < 125: 0,1,,0,0
JL7000BEV09,2023-12-10,1,560,169.2307692307692307692307692,,old-57-Word97--0-32,两项数值均达到常规阈值,numeric_input_ready=1; range_point < 200: 0; density_proxy_point < 125: 0,1,,0,0
JL7000BEV52,2023-12-10,1,555,169.2307692307692307692307692,,old-61-Word97--0-30,两项数值均达到常规阈值,numeric_input_ready=1; range_point < 200: 0; density_proxy_point < 125: 0,1,,0,0
JL7000BEV53,2023-12-10,1,555,169.2307692307692307692307692,,old-61-Word97--0-32,两项数值均达到常规阈值,numeric_input_ready=1; range_point < 200: 0; density_proxy_point < 125: 0,1,,0,0
JL7000BEV54,2023-12-10,1,580,169.2307692307692307692307692,,old-61-Word97--0-31,两项数值均达到常规阈值,numeric_input_ready=1; range_point < 200: 0; density_proxy_point < 125: 0,1,,0,0
JL7000BEV55,2023-12-10,1,580,169.2307692307692307692307692,,old-61-Word97--0-34,两项数值均达到常规阈值,numeric_input_ready=1; range_point < 200: 0; density_proxy_point < 125: 0,1,,0,0
JL7000BEV57,2023-12-10,1,520,169.2307692307692307692307692,,old-61-Word97--0-29,两项数值均达到常规阈值,numeric_input_ready=1; range_point < 200: 0; density_proxy_point < 125: 0,1,,0,0
JL7000BEV58,2023-12-10,1,520,169.2307692307692307692307692,,old-61-Word97--0-33,两项数值均达到常规阈值,numeric_input_ready=1; range_point < 200: 0; density_proxy_point < 125: 0,1,,0,0
JL7001BEV18,2023-12-10,1,151,108.6956521739130434782608696,,old-08-PDF-grid-2-0-10,两项数值低于常规阈值,numeric_input_ready=1; range_point < 200: 1; density_proxy_point < 125: 1,1,,0,0
JL7001BEV21,2023-12-10,0,155,,,old-08-PDF-grid-2-0-9,单值不足,numeric_input_ready != 1；保持未知，不以0替代缺值,1,两项单值暴露不足,0,0
JL7001BEV33,2023-12-10,1,155,102.8571428571428571428571429,,old-08-PDF-grid-2-0-7,两项数值低于常规阈值,numeric_input_ready=1; range_point < 200: 1; density_proxy_point < 125: 1,1,,0,0
JL7001BEV34,2023-12-10,1,155,100.5586592178770949720670391,,old-07-PDF-grid-1-0-22,两项数值低于常规阈值,numeric_input_ready=1; range_point < 200: 1; density_proxy_point < 125: 1,1,,0,0
JL7001BEV35,2023-12-10,1,155,100.5586592178770949720670391,,old-08-PDF-grid-2-0-8,两项数值低于常规阈值,numeric_input_ready=1; range_point < 200: 1; density_proxy_point < 125: 1,1,,0,0
JL7001BEV36,2023-12-10,1,155,85.22727272727272727272727273,,old-09-PDF-grid-3-0-12,两项数值低于常规阈值,numeric_input_ready=1; range_point < 200: 1; density_proxy_point < 125: 1,1,,0,0
JL7001BEV38,2023-12-10,1,155,94.44444444444444444444444444,,old-09-PDF-grid-3-0-11,两项数值低于常规阈值,numeric_input_ready=1; range_point < 200: 1; density_proxy_point < 125: 1,1,,0,0
JL7001BEV39,2023-12-10,1,161,94.44444444444444444444444444,,old-09-PDF-grid-3-0-10,两项数值低于常规阈值,numeric_input_ready=1; range_point < 200: 1; density_proxy_point < 125: 1,1,,0,0
JL7001BEV44,2023-12-10,1,161,94.44444444444444444444444444,,old-09-PDF-grid-3-0-13,两项数值低于常规阈值,numeric_input_ready=1; range_point < 200: 1; density_proxy_point < 125: 1,1,,0,0
JL7001BEV45,2023-12-10,1,155,94.44444444444444444444444444,,old-10-PDF-grid-2-0-26,两项数值低于常规阈值,numeric_input_ready=1; range_point < 200: 1; density_proxy_point < 125: 1,1,,0,0
JL7001BEV46,2023-12-10,1,155,94.44444444444444444444444444,,old-10-PDF-grid-2-0-24,两项数值低于常规阈值,numeric_input_ready=1; range_point < 200: 1; density_proxy_point < 125: 1,1,,0,0
JL7001BEV47,2023-12-10,1,155,100,,old-11-PDF-grid-2-0-7,两项数值低于常规阈值,numeric_input_ready=1; range_point < 200: 1; density_proxy_point < 125: 1,1,,0,0
JL7001BEV48,2023-12-10,0,155,,,old-10-PDF-grid-2-0-25,单值不足,numeric_input_ready != 1；保持未知，不以0替代缺值,1,两项单值暴露不足,0,0
JL7001BEV49,2023-12-10,1,155,95.65217391304347826086956522,,old-11-PDF-grid-2-0-4,两项数值低于常规阈值,numeric_input_ready=1; range_point < 200: 1; density_proxy_point < 125: 1,1,,0,0
JL7001BEV55,2023-12-10,1,155,122.9946524064171122994652406,,old-13-PDF-grid-2-0-23,两项数值低于常规阈值,numeric_input_ready=1; range_point < 200: 1; density_proxy_point < 125: 1,1,,0,0
JL7001BEV57,2023-12-10,1,155,142.8571428571428571428571429,,old-15-PDF-grid-1-0-21,续航单项低于常规阈值,numeric_input_ready=1; range_point < 200: 1; density_proxy_point < 125: 0,1,,0,0
JL7001BEV58,2023-12-10,1,255,137.7551020408163265306122449,,old-13-PDF-grid-2-0-21,两项数值均达到常规阈值,numeric_input_ready=1; range_point < 200: 0; density_proxy_point < 125: 0,1,,0,0
JL7001BEV60,2023-12-10,1,155,107.1428571428571428571428571,,old-13-PDF-grid-2-0-20,两项数值低于常规阈值,numeric_input_ready=1; range_point < 200: 1; density_proxy_point < 125: 1,1,,0,0
JL7001SEV01,2023-12-10,1,415,142.0540540540540540540540541,,old-50-Word97--0-29,两项数值均达到常规阈值,numeric_input_ready=1; range_point < 200: 0; density_proxy_point < 125: 0,1,,0,0
JL7001SEV02,2023-12-10,1,407,135.2480417754569190600522193,,old-50-Word97--0-30,两项数值均达到常规阈值,numeric_input_ready=1; range_point < 200: 0; density_proxy_point < 125: 0,1,,0,0
JL7001SEV03,2023-12-10,0,415,,,old-63-Word97--0-18,单值不足,numeric_input_ready != 1；保持未知，不以0替代缺值,1,两项单值暴露不足,0,0
JL7002BEV05,2023-12-10,1,402,154.6242774566473988439306358,,old-46-Word97--0-31,两项数值均达到常规阈值,numeric_input_ready=1; range_point < 200: 0; density_proxy_point < 125: 0,1,,0,0
JL7002BEV06,2023-12-10,0,400,,,old-38-Word97--0-14,单值不足,numeric_input_ready != 1；保持未知，不以0替代缺值,1,两项单值暴露不足,0,0
JL7007BEV01,2023-12-10,1,120,131.6438356164383561643835616,,old-59-Word97--0-49,续航单项低于常规阈值,numeric_input_ready=1; range_point < 200: 1; density_proxy_point < 125: 0,1,,0,0
JL7007BEV02,2023-12-10,1,200,117.4482758620689655172413793,,old-61-Word97--0-35,密度代理单项低于常规阈值,numeric_input_ready=1; range_point < 200: 0; density_proxy_point < 125: 1,1,,0,0
JL7007BEV03,2023-12-10,1,200,117.4482758620689655172413793,,old-59-Word97--0-48,密度代理单项低于常规阈值,numeric_input_ready=1; range_point < 200: 0; density_proxy_point < 125: 1,1,,0,0
JL7007BEV04,2023-12-10,1,200,117.4482758620689655172413793,,old-61-Word97--0-36,密度代理单项低于常规阈值,numeric_input_ready=1; range_point < 200: 0; density_proxy_point < 125: 1,1,,0,0
JL7007BEV05,2023-12-10,1,200,117.4482758620689655172413793,,old-69-Word97--0-31,密度代理单项低于常规阈值,numeric_input_ready=1; range_point < 200: 0; density_proxy_point < 125: 1,1,,0,0
JL7007BEV06,2023-12-10,1,200,117.4482758620689655172413793,,old-69-Word97--0-32,密度代理单项低于常规阈值,numeric_input_ready=1; range_point < 200: 0; density_proxy_point < 125: 1,1,,0,0
JL7007BEV07,2023-12-10,1,200,117.4482758620689655172413793,,old-69-Word97--0-29,密度代理单项低于常规阈值,numeric_input_ready=1; range_point < 200: 0; density_proxy_point < 125: 1,1,,0,0
JL7007BEV08,2023-12-10,1,200,117.4482758620689655172413793,,old-69-Word97--0-30,密度代理单项低于常规阈值,numeric_input_ready=1; range_point < 200: 0; density_proxy_point < 125: 1,1,,0,0
JML6451BEV01,2023-12-10,1,300,135.1351351351351351351351351,,old-22-Word97--0-33,两项数值均达到常规阈值,numeric_input_ready=1; range_point < 200: 0; density_proxy_point < 125: 0,1,,0,0
JML7000BEV01,2023-12-10,1,250,122.8070175438596491228070175,,old-22-Word97--0-34,密度代理单项低于常规阈值,numeric_input_ready=1; range_point < 200: 0; density_proxy_point < 125: 1,1,,0,0
JML7000BEV02,2023-12-10,1,310,148.1481481481481481481481481,,old-23-Word97--0-35,两项数值均达到常规阈值,numeric_input_ready=1; range_point < 200: 0; density_proxy_point < 125: 0,1,,0,0
JML7000BEV03,2023-12-10,0,302,,,old-23-Word97--0-36,单值不足,numeric_input_ready != 1；保持未知，不以0替代缺值,1,两项单值暴露不足,0,0
JML7000BEV05,2023-12-10,1,302,146.3414634146341463414634146,,old-27-Word97--0-25,两项数值均达到常规阈值,numeric_input_ready=1; range_point < 200: 0; density_proxy_point < 125: 0,1,,0,0
JMV6550QRBEV,2023-12-10,1,345,157.3076923076923076923076923,,old-69-Word97--0-41,两项数值均达到常规阈值,numeric_input_ready=1; range_point < 200: 0; density_proxy_point < 125: 0,1,,0,0
JNJ6408EV,2023-12-10,1,155,80.55555555555555555555555556,,old-03-PDF-grid-1-0-10,两项数值低于常规阈值,numeric_input_ready=1; range_point < 200: 1; density_proxy_point < 125: 1,1,,0,0
JNJ6408EV1,2023-12-10,1,155,85.29411764705882352941176471,,old-06-PDF-grid-1-0-11,两项数值低于常规阈值,numeric_input_ready=1; range_point < 200: 1; density_proxy_point < 125: 1,1,,0,0
JNJ6491EV,2023-12-10,1,286,135.1351351351351351351351351,,old-25-Word97--0-90,两项数值均达到常规阈值,numeric_input_ready=1; range_point < 200: 0; density_proxy_point < 125: 0,1,,0,0
JNJ7000EVA11,2023-12-10,1,150,137.6146788990825688073394495,,old-13-PDF-grid-1-0-20,续航单项低于常规阈值,numeric_input_ready=1; range_point < 200: 1; density_proxy_point < 125: 0,1,,0,0
JNJ7000EVA3,2023-12-10,1,160,90.90909090909090909090909091,,old-04-PDF-grid-1-0-10,两项数值低于常规阈值,numeric_input_ready=1; range_point < 200: 1; density_proxy_point < 125: 1,1,,0,0
JNJ7000EVA6,2023-12-10,1,150,90.90909090909090909090909091,,old-06-PDF-grid-1-0-13,两项数值低于常规阈值,numeric_input_ready=1; range_point < 200: 1; density_proxy_point < 125: 1,1,,0,0
JNJ7000EVA9,2023-12-10,1,150,127.1186440677966101694915254,,old-12-PDF-grid-1-0-23,续航单项低于常规阈值,numeric_input_ready=1; range_point < 200: 1; density_proxy_point < 125: 0,1,,0,0
JNJ7000EVB,2023-12-10,1,250,120.4481792717086834733893557,,old-13-PDF-grid-1-0-18,密度代理单项低于常规阈值,numeric_input_ready=1; range_point < 200: 0; density_proxy_point < 125: 1,1,,0,0
JNJ7000EVB1,2023-12-10,1,350,138.8888888888888888888888889,,old-20-DOCX--0-22,两项数值均达到常规阈值,numeric_input_ready=1; range_point < 200: 0; density_proxy_point < 125: 0,1,,0,0
JNJ7000EVB2,2023-12-10,1,260,119.6078431372549019607843137,,old-59-Word97--0-54,密度代理单项低于常规阈值,numeric_input_ready=1; range_point < 200: 0; density_proxy_point < 125: 1,1,,0,0
JNJ7000EVC1,2023-12-10,1,250,95.12195121951219512195121951,,old-09-PDF-grid-2-0-6,密度代理单项低于常规阈值,numeric_input_ready=1; range_point < 200: 0; density_proxy_point < 125: 1,1,,0,0
JNJ7000EVC4,2023-12-10,1,330,135.1351351351351351351351351,,old-18-Word97--0-27,两项数值均达到常规阈值,numeric_input_ready=1; range_point < 200: 0; density_proxy_point < 125: 0,1,,0,0
JNJ7000EVE3,2023-12-10,1,150,91.42857142857142857142857143,,old-06-PDF-grid-1-0-8,两项数值低于常规阈值,numeric_input_ready=1; range_point < 200: 1; density_proxy_point < 125: 1,1,,0,0
JNJ7000EVE4,2023-12-10,1,150,91.42857142857142857142857143,,old-06-PDF-grid-1-0-9,两项数值低于常规阈值,numeric_input_ready=1; range_point < 200: 1; density_proxy_point < 125: 1,1,,0,0
JNJ7000EVE6,2023-12-10,1,150,99.41520467836257309941520468,,old-09-PDF-grid-2-0-7,两项数值低于常规阈值,numeric_input_ready=1; range_point < 200: 1; density_proxy_point < 125: 1,1,,0,0
JNJ7000EVE7,2023-12-10,1,150,101.1904761904761904761904762,,old-13-PDF-grid-2-0-2,两项数值低于常规阈值,numeric_input_ready=1; range_point < 200: 1; density_proxy_point < 125: 1,1,,0,0
JNJ7000EVEA,2023-12-10,1,211,113.2075471698113207547169811,,old-16-Word97--0-24,密度代理单项低于常规阈值,numeric_input_ready=1; range_point < 200: 0; density_proxy_point < 125: 1,1,,0,0
JNJ7000EVEB,2023-12-10,1,330,148.1481481481481481481481481,,old-18-Word97--0-28,两项数值均达到常规阈值,numeric_input_ready=1; range_point < 200: 0; density_proxy_point < 125: 0,1,,0,0
JNJ7000EVF,2023-12-10,1,406,138.2636655948553054662379421,,old-62-Word97--0-45,两项数值均达到常规阈值,numeric_input_ready=1; range_point < 200: 0; density_proxy_point < 125: 0,1,,0,0
JNJ7000EVF1,2023-12-10,1,406,125.213622291021671826625387,,old-59-Word97--0-55,两项数值均达到常规阈值,numeric_input_ready=1; range_point < 200: 0; density_proxy_point < 125: 0,1,,0,0
JNJ7000EVF2,2023-12-10,1,305,125.1046025104602510460251046,,old-62-Word97--0-47,两项数值均达到常规阈值,numeric_input_ready=1; range_point < 200: 0; density_proxy_point < 125: 0,1,,0,0
JNJ7000EVF3,2023-12-10,1,305,124.5833333333333333333333333,,old-59-Word97--0-56,密度代理单项低于常规阈值,numeric_input_ready=1; range_point < 200: 0; density_proxy_point < 125: 1,1,,0,0
JNJ7000EVF4,2023-12-10,1,151,103.90625,,old-62-Word97--0-46,两项数值低于常规阈值,numeric_input_ready=1; range_point < 200: 1; density_proxy_point < 125: 1,1,,0,0
JNJ7000EVF6,2023-12-10,1,151,100,,old-66-Word97--0-16,两项数值低于常规阈值,numeric_input_ready=1; range_point < 200: 1; density_proxy_point < 125: 1,1,,0,0
JNJ7000EVF7,2023-12-10,1,406,123.5474006116207951070336391,,old-63-Word97--0-29,密度代理单项低于常规阈值,numeric_input_ready=1; range_point < 200: 0; density_proxy_point < 125: 1,1,,0,0
JNJ7000EVK,2023-12-10,1,155,102.1276595744680851063829787,,old-06-PDF-grid-1-0-10,两项数值低于常规阈值,numeric_input_ready=1; range_point < 200: 1; density_proxy_point < 125: 1,1,,0,0
JNJ7000EVK1,2023-12-10,1,160,106.3829787234042553191489362,,old-08-PDF-grid-1-0-16,两项数值低于常规阈值,numeric_input_ready=1; range_point < 200: 1; density_proxy_point < 125: 1,1,,0,0
JNJ7000EVK5,2023-12-10,1,165,125,,old-12-PDF-grid-1-0-21,续航单项低于常规阈值,numeric_input_ready=1; range_point < 200: 1; density_proxy_point < 125: 0,1,,0,0
JNJ7000EVK9,2023-12-10,1,301,141.5929203539823008849557522,,old-18-Word97--0-30,两项数值均达到常规阈值,numeric_input_ready=1; range_point < 200: 0; density_proxy_point < 125: 0,1,,0,0
JNJ7000EVKA,2023-12-10,1,301,141.5929203539823008849557522,,old-20-DOCX--0-23,两项数值均达到常规阈值,numeric_input_ready=1; range_point < 200: 0; density_proxy_point < 125: 0,1,,0,0
JNJ7000EVM1,2023-12-10,0,80,,,old-02-PDF-grid-2-0-6,单值不足,numeric_input_ready != 1；保持未知，不以0替代缺值,1,两项单值暴露不足,0,0
JNJ7000EVX,2023-12-10,1,155,103.4482758620689655172413793,,old-03-PDF-grid-1-0-9,两项数值低于常规阈值,numeric_input_ready=1; range_point < 200: 1; density_proxy_point < 125: 1,1,,0,0
JNJ7000EVX12,2023-12-10,0,155,,,old-09-PDF-grid-2-0-8,单值不足,numeric_input_ready != 1；保持未知，不以0替代缺值,1,两项单值暴露不足,0,0
JNJ7000EVX13,2023-12-10,0,155,,,old-09-PDF-grid-2-0-15,单值不足,numeric_input_ready != 1；保持未知，不以0替代缺值,1,两项单值暴露不足,0,0
JNJ7000EVX14,2023-12-10,1,155,94.78672985781990521327014218,,old-10-PDF-grid-2-0-7,两项数值低于常规阈值,numeric_input_ready=1; range_point < 200: 1; density_proxy_point < 125: 1,1,,0,0
JNJ7000EVX16,2023-12-10,0,155,,,old-10-PDF-grid-2-0-6,单值不足,numeric_input_ready != 1；保持未知，不以0替代缺值,1,两项单值暴露不足,0,0
JNJ7000EVX17,2023-12-10,1,155,123.4567901234567901234567901,,old-11-PDF-grid-1-0-19,两项数值低于常规阈值,numeric_input_ready=1; range_point < 200: 1; density_proxy_point < 125: 1,1,,0,0
JNJ7000EVX18,2023-12-10,1,155,120.6896551724137931034482759,,old-12-PDF-grid-1-0-20,两项数值低于常规阈值,numeric_input_ready=1; range_point < 200: 1; density_proxy_point < 125: 1,1,,0,0
JNJ7000EVX19,2023-12-10,1,255,123.8938053097345132743362832,,old-12-PDF-grid-1-0-22,密度代理单项低于常规阈值,numeric_input_ready=1; range_point < 200: 0; density_proxy_point < 125: 1,1,,0,0
JNJ7000EVX20,2023-12-10,1,255,120.6896551724137931034482759,,old-13-PDF-grid-1-0-21,密度代理单项低于常规阈值,numeric_input_ready=1; range_point < 200: 0; density_proxy_point < 125: 1,1,,0,0
JNJ7000EVX21,2023-12-10,1,165,142.8571428571428571428571429,,old-14-Word97--0-18,续航单项低于常规阈值,numeric_input_ready=1; range_point < 200: 1; density_proxy_point < 125: 0,1,,0,0
JNJ7000EVX22,2023-12-10,1,155,136,,old-13-PDF-grid-1-0-19,续航单项低于常规阈值,numeric_input_ready=1; range_point < 200: 1; density_proxy_point < 125: 0,1,,0,0
JNJ7000EVX25,2023-12-10,1,305,142.8571428571428571428571429,,old-18-Word97--0-31,两项数值均达到常规阈值,numeric_input_ready=1; range_point < 200: 0; density_proxy_point < 125: 0,1,,0,0
JNJ7000EVX26,2023-12-10,1,310,140.5622489959839357429718876,,old-21-DOCX--0-12,两项数值均达到常规阈值,numeric_input_ready=1; range_point < 200: 0; density_proxy_point < 125: 0,1,,0,0
JNJ7000EVX7,2023-12-10,0,155,,,old-06-PDF-grid-1-0-18,单值不足,numeric_input_ready != 1；保持未知，不以0替代缺值,1,两项单值暴露不足,0,0
JNJ7000EVX9,2023-12-10,1,155,91.66666666666666666666666667,,old-06-PDF-grid-1-0-19,两项数值低于常规阈值,numeric_input_ready=1; range_point < 200: 1; density_proxy_point < 125: 1,1,,0,0
JNJ7000EVZ,2023-12-10,1,85,71.42857142857142857142857143,,old-02-PDF-grid-2-0-8,两项数值低于常规阈值,numeric_input_ready=1; range_point < 200: 1; density_proxy_point < 125: 1,1,,0,0
JNJ7000EVZ2,2023-12-10,1,250,86.36363636363636363636363636,,old-02-PDF-grid-2-0-9,密度代理单项低于常规阈值,numeric_input_ready=1; range_point < 200: 0; density_proxy_point < 125: 1,1,,0,0
JNJ7000EVZ4,2023-12-10,1,83,85.71428571428571428571428571,,old-02-PDF-grid-2-0-10,两项数值低于常规阈值,numeric_input_ready=1; range_point < 200: 1; density_proxy_point < 125: 1,1,,0,0
JNJ7000EVZ5,2023-12-10,1,84,75,,old-02-PDF-grid-2-0-11,两项数值低于常规阈值,numeric_input_ready=1; range_point < 200: 1; density_proxy_point < 125: 1,1,,0,0
JNJ7000EVZ6,2023-12-10,1,250,105.2631578947368421052631579,,old-04-PDF-grid-1-0-8,密度代理单项低于常规阈值,numeric_input_ready=1; range_point < 200: 0; density_proxy_point < 125: 1,1,,0,0
JNJ7000EVZ7,2023-12-10,1,250,90.90909090909090909090909091,,old-04-PDF-grid-1-0-9,密度代理单项低于常规阈值,numeric_input_ready=1; range_point < 200: 0; density_proxy_point < 125: 1,1,,0,0
JNP7001BEV3,2023-12-10,1,150,95,,old-05-PDF-grid-1-0-12,两项数值低于常规阈值,numeric_input_ready=1; range_point < 200: 1; density_proxy_point < 125: 1,1,,0,0
JNP7001BEV4,2023-12-10,1,151,108.5714285714285714285714286,,old-07-PDF-grid-1-0-18,两项数值低于常规阈值,numeric_input_ready=1; range_point < 200: 1; density_proxy_point < 125: 1,1,,0,0
JNP7001BEV5,2023-12-10,1,152,112.5,,old-08-PDF-grid-1-0-18,两项数值低于常规阈值,numeric_input_ready=1; range_point < 200: 1; density_proxy_point < 125: 1,1,,0,0
JNP7001BEV6,2023-12-10,1,155,120,,old-08-PDF-grid-1-0-17,两项数值低于常规阈值,numeric_input_ready=1; range_point < 200: 1; density_proxy_point < 125: 1,1,,0,0
JNP7002BEV,2023-12-10,1,152,105.2631578947368421052631579,,old-05-PDF-grid-1-0-13,两项数值低于常规阈值,numeric_input_ready=1; range_point < 200: 1; density_proxy_point < 125: 1,1,,0,0
JNP7003BEV,2023-12-10,1,152,113.3333333333333333333333333,,old-08-PDF-grid-1-0-20,两项数值低于常规阈值,numeric_input_ready=1; range_point < 200: 1; density_proxy_point < 125: 1,1,,0,0
JNP7003BEV1,2023-12-10,1,302,141.5929203539823008849557522,,old-19-DOCX--0-32,两项数值均达到常规阈值,numeric_input_ready=1; range_point < 200: 0; density_proxy_point < 125: 0,1,,0,0
JNP7006BEV1,2023-12-10,1,160,104.3478260869565217391304348,,old-09-PDF-grid-2-0-22,两项数值低于常规阈值,numeric_input_ready=1; range_point < 200: 1; density_proxy_point < 125: 1,1,,0,0
JNP7008BEV1,2023-12-10,1,305,147.6793248945147679324894515,,old-25-Word97--0-83,两项数值均达到常规阈值,numeric_input_ready=1; range_point < 200: 0; density_proxy_point < 125: 0,1,,0,0
JNQ6270BEV,2023-12-10,1,101,137.1428571428571428571428571,,old-44-Word97--0-27,续航单项低于常规阈值,numeric_input_ready=1; range_point < 200: 1; density_proxy_point < 125: 0,1,,0,0
JNQ6320BEV,2023-12-10,1,160,76.66666666666666666666666667,,old-09-PDF-grid-2-0-19,两项数值低于常规阈值,numeric_input_ready=1; range_point < 200: 1; density_proxy_point < 125: 1,1,,0,0
JNQ6320BEV1,2023-12-10,1,200,150,,old-09-PDF-grid-2-0-18,两项数值均达到常规阈值,numeric_input_ready=1; range_point < 200: 0; density_proxy_point < 125: 0,1,,0,0
JNQ6340BEV,2023-12-10,1,180,134.0782122905027932960893855,,old-12-PDF-grid-2-0-5,续航单项低于常规阈值,numeric_input_ready=1; range_point < 200: 1; density_proxy_point < 125: 0,1,,0,0
JNQ6340BEV1,2023-12-10,0,128,,,old-57-Word97--0-11,单值不足,numeric_input_ready != 1；保持未知，不以0替代缺值,1,两项单值暴露不足,0,0
JNQ6340BEV2,2023-12-10,0,219,,,old-59-Word97--0-20,单值不足,numeric_input_ready != 1；保持未知，不以0替代缺值,1,两项单值暴露不足,0,0
JNQ6450BEV,2023-12-10,1,350,145.8333333333333333333333333,,old-12-PDF-grid-2-0-6,两项数值均达到常规阈值,numeric_input_ready=1; range_point < 200: 0; density_proxy_point < 125: 0,1,,0,0
JNQ6451BEV,2023-12-10,1,280,131.25,,old-27-Word97--0-50,两项数值均达到常规阈值,numeric_input_ready=1; range_point < 200: 0; density_proxy_point < 125: 0,1,,0,0
JNQ6460BEV2,2023-12-10,1,255,132.5,,old-09-PDF-grid-2-0-20,两项数值均达到常规阈值,numeric_input_ready=1; range_point < 200: 0; density_proxy_point < 125: 0,1,,0,0
JNQ6460BEV3,2023-12-10,1,255,144.1176470588235294117647059,,old-09-PDF-grid-2-0-17,两项数值均达到常规阈值,numeric_input_ready=1; range_point < 200: 0; density_proxy_point < 125: 0,1,,0,0
JWEV2WD,2023-12-10,1,645,161.8644067796610169491525424,,old-64-Word97--0-2,两项数值均达到常规阈值,numeric_input_ready=1; range_point < 200: 0; density_proxy_point < 125: 0,1,,0,0
JWEV4WD,2023-12-10,0,,161.8644067796610169491525424,,old-64-Word97--0-4,单值不足,numeric_input_ready != 1；保持未知，不以0替代缺值,1,两项单值暴露不足,0,0
JWEVP4WD,2023-12-10,1,551,161.8644067796610169491525424,,old-64-Word97--0-3,两项数值均达到常规阈值,numeric_input_ready=1; range_point < 200: 0; density_proxy_point < 125: 0,1,,0,0
JWT6470BEV02,2023-12-10,1,362,143.2432432432432432432432432,,old-33-Word97--0-75,两项数值均达到常规阈值,numeric_input_ready=1; range_point < 200: 0; density_proxy_point < 125: 0,1,,0,0
JWT6470SEV01,2023-12-10,1,362,143.2432432432432432432432432,,old-33-Word97--0-76,两项数值均达到常规阈值,numeric_input_ready=1; range_point < 200: 0; density_proxy_point < 125: 0,1,,0,0
JWT6470SEV02,2023-12-10,1,415,143.2432432432432432432432432,,old-37-Word97--0-28,两项数值均达到常规阈值,numeric_input_ready=1; range_point < 200: 0; density_proxy_point < 125: 0,1,,0,0
JWT6470SEV03,2023-12-10,1,410,142.0540540540540540540540541,,old-38-Word97--0-13,两项数值均达到常规阈值,numeric_input_ready=1; range_point < 200: 0; density_proxy_point < 125: 0,1,,0,0
JWT6470SEV04,2023-12-10,0,,,CLTC,old-59-Word97--0-37,单值不足,numeric_input_ready != 1；保持未知，不以0替代缺值,1,两项单值暴露不足,0,0
JWT7001BEV,2023-12-10,1,306,148.5943775100401606425702811,,old-30-Word97--0-39,两项数值均达到常规阈值,numeric_input_ready=1; range_point < 200: 0; density_proxy_point < 125: 0,1,,0,0
JWT7001SEV01,2023-12-10,0,,,,old-59-Word97--0-36,单值不足,numeric_input_ready != 1；保持未知，不以0替代缺值,1,两项单值暴露不足,0,0
JX6461PB5BEV,2023-12-10,0,301,,,old-18-Word97--0-25,单值不足,numeric_input_ready != 1；保持未知，不以0替代缺值,1,两项单值暴露不足,0,0
JX6462P5BEV,2023-12-10,1,435,162.1621621621621621621621622,,old-30-Word97--0-59,两项数值均达到常规阈值,numeric_input_ready=1; range_point < 200: 0; density_proxy_point < 125: 0,1,,0,0
JX6462PE5BEV,2023-12-10,1,360,136.1111111111111111111111111,,old-25-Word97--0-82,两项数值均达到常规阈值,numeric_input_ready=1; range_point < 200: 0; density_proxy_point < 125: 0,1,,0,0
JX6470UBEV,2023-12-10,1,503,181.0584958217270194986072423,,old-25-Word97--0-18,两项数值均达到常规阈值,numeric_input_ready=1; range_point < 200: 0; density_proxy_point < 125: 0,1,,0,0
JX6471UBEV,2023-12-10,1,405,145.2054794520547945205479452,,old-32-Word97--0-32,两项数值均达到常规阈值,numeric_input_ready=1; range_point < 200: 0; density_proxy_point < 125: 0,1,,0,0
JX6472UBEV,2023-12-10,1,563,178.186274509803921568627451,,old-41-Word97--0-15,两项数值均达到常规阈值,numeric_input_ready=1; range_point < 200: 0; density_proxy_point < 125: 0,1,,0,0
JX6473UBEV,2023-12-10,1,503,172.6027397260273972602739726,,old-32-Word97--0-33,两项数值均达到常规阈值,numeric_input_ready=1; range_point < 200: 0; density_proxy_point < 125: 0,1,,0,0
JX6475USEV,2023-12-10,1,405,145.2054794520547945205479452,CLTC,old-48-Word97--0-21,两项数值均达到常规阈值,numeric_input_ready=1; range_point < 200: 0; density_proxy_point < 125: 0,1,,0,0
JX6480UBEV,2023-12-10,1,505,172.6027397260273972602739726,CLTC,old-46-Word97--0-22,两项数值均达到常规阈值,numeric_input_ready=1; range_point < 200: 0; density_proxy_point < 125: 0,1,,0,0
JX6481UBEV,2023-12-10,1,590,178.186274509803921568627451,CLTC,old-51-Word97--0-6,两项数值均达到常规阈值,numeric_input_ready=1; range_point < 200: 0; density_proxy_point < 125: 0,1,,0,0
JX6490T-M5BEV,2023-12-10,1,312,155.8549222797927461139896373,,old-39-Word97--0-11,两项数值均达到常规阈值,numeric_input_ready=1; range_point < 200: 0; density_proxy_point < 125: 0,1,,0,0
JX6510PA5BEV,2023-12-10,1,303,155.8549222797927461139896373,,old-52-Word97--0-17,两项数值均达到常规阈值,numeric_input_ready=1; range_point < 200: 0; density_proxy_point < 125: 0,1,,0,0
JX6526TA-L6BEV,2023-12-10,0,210,,,old-68-Word97--0-18,单值不足,numeric_input_ready != 1；保持未知，不以0替代缺值,1,两项单值暴露不足,0,0
JX6540PD5BEV,2023-12-10,1,335,132,,old-21-DOCX--0-14,两项数值均达到常规阈值,numeric_input_ready=1; range_point < 200: 0; density_proxy_point < 125: 0,1,,0,0
JX6540PF5BEV,2023-12-10,1,360,155.8549222797927461139896373,,old-42-Word97--0-20,两项数值均达到常规阈值,numeric_input_ready=1; range_point < 200: 0; density_proxy_point < 125: 0,1,,0,0
JX6550T-M5BEV,2023-12-10,0,293,,,old-48-Word97--0-20,单值不足,numeric_input_ready != 1；保持未知，不以0替代缺值,1,两项单值暴露不足,0,0
JX6550TA-M5BEV,2023-12-10,1,345,157.3992673992673992673992674,,old-59-Word97--0-53,两项数值均达到常规阈值,numeric_input_ready=1; range_point < 200: 0; density_proxy_point < 125: 0,1,,0,0
JX6556T-M6BEV,2023-12-10,1,406,155.5384378370050839624094901,,old-67-Word97--0-15,两项数值均达到常规阈值,numeric_input_ready=1; range_point < 200: 0; density_proxy_point < 125: 0,1,,0,0
JX6556TA-M6BEV,2023-12-10,1,306,151.5294117647058823529411765,,old-68-Word97--0-19,两项数值均达到常规阈值,numeric_input_ready=1; range_point < 200: 0; density_proxy_point < 125: 0,1,,0,0
JX6556TB-M6BEV,2023-12-10,1,406,155.5384378370050839624094901,,old-66-Word97--0-14,两项数值均达到常规阈值,numeric_input_ready=1; range_point < 200: 0; density_proxy_point < 125: 0,1,,0,0
JX6556TC-M6BEV,2023-12-10,1,306,151.5294117647058823529411765,,old-68-Word97--0-20,两项数值均达到常规阈值,numeric_input_ready=1; range_point < 200: 0; density_proxy_point < 125: 0,1,,0,0
JX6570T-M5BEV,2023-12-10,1,301,156.6586538461538461538461538,,old-40-Word97-correction--8-2,两项数值均达到常规阈值,numeric_input_ready=1; range_point < 200: 0; density_proxy_point < 125: 0,1,,0,0
JX70010BEV,2023-12-10,1,152,94.44444444444444444444444444,,old-07-PDF-grid-1-0-14,两项数值低于常规阈值,numeric_input_ready=1; range_point < 200: 1; density_proxy_point < 125: 1,1,,0,0
JX70011BEV,2023-12-10,1,152,106.25,,old-10-PDF-grid-2-0-9,两项数值低于常规阈值,numeric_input_ready=1; range_point < 200: 1; density_proxy_point < 125: 1,1,,0,0
JX70012BEV,2023-12-10,1,152,94.44444444444444444444444444,,old-10-PDF-grid-2-0-10,两项数值低于常规阈值,numeric_input_ready=1; range_point < 200: 1; density_proxy_point < 125: 1,1,,0,0
JX70013BEV,2023-12-10,1,152,94.44444444444444444444444444,,old-10-PDF-grid-2-0-8,两项数值低于常规阈值,numeric_input_ready=1; range_point < 200: 1; density_proxy_point < 125: 1,1,,0,0
JX70014BEV,2023-12-10,1,152,120,,old-11-PDF-grid-1-0-21,两项数值低于常规阈值,numeric_input_ready=1; range_point < 200: 1; density_proxy_point < 125: 1,1,,0,0
JX70015BEV,2023-12-10,1,152,121.6216216216216216216216216,,old-12-PDF-grid-2-0-2,两项数值低于常规阈值,numeric_input_ready=1; range_point < 200: 1; density_proxy_point < 125: 1,1,,0,0
JX70016BEV,2023-12-10,1,152,120,,old-11-PDF-grid-1-0-20,两项数值低于常规阈值,numeric_input_ready=1; range_point < 200: 1; density_proxy_point < 125: 1,1,,0,0
JX70019BEV,2023-12-10,1,152,122.5806451612903225806451613,,old-13-PDF-grid-2-0-5,两项数值低于常规阈值,numeric_input_ready=1; range_point < 200: 1; density_proxy_point < 125: 1,1,,0,0
JX7001ERABEV,2023-12-10,1,401,164.6778523489932885906040268,,old-40-Word97--0-17,两项数值均达到常规阈值,numeric_input_ready=1; range_point < 200: 0; density_proxy_point < 125: 0,1,,0,0
JX7001ERBBEV,2023-12-10,1,401,164.6778523489932885906040268,,old-40-Word97--0-18,两项数值均达到常规阈值,numeric_input_ready=1; range_point < 200: 0; density_proxy_point < 125: 0,1,,0,0
JX7001ERCBEV,2023-12-10,1,501,168.2533333333333333333333333,,old-39-Word97--0-33,两项数值均达到常规阈值,numeric_input_ready=1; range_point < 200: 0; density_proxy_point < 125: 0,1,,0,0
JX7001ERDBEV,2023-12-10,1,450,168.2533333333333333333333333,,old-44-Word97--0-32,两项数值均达到常规阈值,numeric_input_ready=1; range_point < 200: 0; density_proxy_point < 125: 0,1,,0,0
JX7001EREBEV,2023-12-10,1,520,158.4210526315789473684210526,,old-60-Word97--0-12,两项数值均达到常规阈值,numeric_input_ready=1; range_point < 200: 0; density_proxy_point < 125: 0,1,,0,0
JX7001ERFBEV,2023-12-10,1,401,117.7721179624664879356568365,,old-65-Word97--0-44,密度代理单项低于常规阈值,numeric_input_ready=1; range_point < 200: 0; density_proxy_point < 125: 1,1,,0,0
JX7001ESABEV,2023-12-10,1,252,134.7826086956521739130434783,,old-19-DOCX--0-30,两项数值均达到常规阈值,numeric_input_ready=1; range_point < 200: 0; density_proxy_point < 125: 0,1,,0,0
JX7001ESBBEV,2023-12-10,1,252,136.1702127659574468085106383,,old-19-DOCX--0-31,两项数值均达到常规阈值,numeric_input_ready=1; range_point < 200: 0; density_proxy_point < 125: 0,1,,0,0
JX7001ESDBEV,2023-12-10,1,301,136.1702127659574468085106383,,old-20-DOCX--0-33,两项数值均达到常规阈值,numeric_input_ready=1; range_point < 200: 0; density_proxy_point < 125: 0,1,,0,0
JX7001ESEBEV,2023-12-10,1,320,134.7826086956521739130434783,,old-24-Word97--1-14,两项数值均达到常规阈值,numeric_input_ready=1; range_point < 200: 0; density_proxy_point < 125: 0,1,,0,0
JX7001ESFBEV,2023-12-10,1,320,136.1702127659574468085106383,,old-24-Word97--1-15,两项数值均达到常规阈值,numeric_input_ready=1; range_point < 200: 0; density_proxy_point < 125: 0,1,,0,0
JX7001ESGBEV,2023-12-10,1,302,136.1702127659574468085106383,,old-24-Word97--1-16,两项数值均达到常规阈值,numeric_input_ready=1; range_point < 200: 0; density_proxy_point < 125: 0,1,,0,0
JX7001ESHBEV,2023-12-10,1,302,152.7093596059113300492610837,,old-26-DOCX--0-19,两项数值均达到常规阈值,numeric_input_ready=1; range_point < 200: 0; density_proxy_point < 125: 0,1,,0,0
JX7001ESLBEV,2023-12-10,1,302,149.0384615384615384615384615,,old-33-Word97--0-69,两项数值均达到常规阈值,numeric_input_ready=1; range_point < 200: 0; density_proxy_point < 125: 0,1,,0,0
JX7001ESMBEV,2023-12-10,1,251,96.84615384615384615384615385,,old-67-Word97--0-28,密度代理单项低于常规阈值,numeric_input_ready=1; range_point < 200: 0; density_proxy_point < 125: 1,1,,0,0
JX7001EUABEV,2023-12-10,1,401,158.5014409221902017291066282,,old-22-Word97--0-57,两项数值均达到常规阈值,numeric_input_ready=1; range_point < 200: 0; density_proxy_point < 125: 0,1,,0,0
JX7001EUBBEV,2023-12-10,1,405,157.1428571428571428571428571,,old-23-Word97--0-37,两项数值均达到常规阈值,numeric_input_ready=1; range_point < 200: 0; density_proxy_point < 125: 0,1,,0,0
JX7001EUCBEV,2023-12-10,1,405,158.5014409221902017291066282,,old-32-Word97--0-40,两项数值均达到常规阈值,numeric_input_ready=1; range_point < 200: 0; density_proxy_point < 125: 0,1,,0,0
JX7001EUDBEV,2023-12-10,1,405,157.1428571428571428571428571,,old-32-Word97--0-41,两项数值均达到常规阈值,numeric_input_ready=1; range_point < 200: 0; density_proxy_point < 125: 0,1,,0,0
JX70020BEV,2023-12-10,1,152,130,,old-12-PDF-grid-2-0-4,续航单项低于常规阈值,numeric_input_ready=1; range_point < 200: 1; density_proxy_point < 125: 0,1,,0,0
JX70021BEV,2023-12-10,1,252,134.4262295081967213114754098,,old-12-PDF-grid-2-0-3,两项数值均达到常规阈值,numeric_input_ready=1; range_point < 200: 0; density_proxy_point < 125: 0,1,,0,0
JX70022BEV,2023-12-10,1,152,119.7183098591549295774647887,,old-13-PDF-grid-2-0-6,两项数值低于常规阈值,numeric_input_ready=1; range_point < 200: 1; density_proxy_point < 125: 1,1,,0,0
JX70023BEV,2023-12-10,1,152,121.2121212121212121212121212,,old-13-PDF-grid-2-0-4,两项数值低于常规阈值,numeric_input_ready=1; range_point < 200: 1; density_proxy_point < 125: 1,1,,0,0
JX70025BEV,2023-12-10,1,252,138.4615384615384615384615385,,old-16-Word97--0-28,两项数值均达到常规阈值,numeric_input_ready=1; range_point < 200: 0; density_proxy_point < 125: 0,1,,0,0
JX70026BEV,2023-12-10,1,202,145.4545454545454545454545455,,old-16-Word97--0-26,两项数值均达到常规阈值,numeric_input_ready=1; range_point < 200: 0; density_proxy_point < 125: 0,1,,0,0
JX70027BEV,2023-12-10,1,202,122.2222222222222222222222222,,old-16-Word97--0-27,密度代理单项低于常规阈值,numeric_input_ready=1; range_point < 200: 0; density_proxy_point < 125: 1,1,,0,0
JX70028BEV,2023-12-10,1,252,145.6310679611650485436893204,,old-16-Word97--0-29,两项数值均达到常规阈值,numeric_input_ready=1; range_point < 200: 0; density_proxy_point < 125: 0,1,,0,0
JX70029BEV,2023-12-10,1,202,135.5932203389830508474576271,,old-16-Word97--0-25,两项数值均达到常规阈值,numeric_input_ready=1; range_point < 200: 0; density_proxy_point < 125: 0,1,,0,0
JX7002ESCBEV,2023-12-10,1,305,140.7766990291262135922330097,,old-21-DOCX--0-15,两项数值均达到常规阈值,numeric_input_ready=1; range_point < 200: 0; density_proxy_point < 125: 0,1,,0,0
JX7002ESDBEV,2023-12-10,1,252,162.3376623376623376623376623,,old-25-Word97--0-32,两项数值均达到常规阈值,numeric_input_ready=1; range_point < 200: 0; density_proxy_point < 125: 0,1,,0,0
JX7002ESFBEV,2023-12-10,1,252,152.9411764705882352941176471,,old-26-DOCX--0-22,两项数值均达到常规阈值,numeric_input_ready=1; range_point < 200: 0; density_proxy_point < 125: 0,1,,0,0
JX70031BEV,2023-12-10,1,202,146.6666666666666666666666667,,old-17-PDF-grid-2-0-10,两项数值均达到常规阈值,numeric_input_ready=1; range_point < 200: 0; density_proxy_point < 125: 0,1,,0,0
JX70032BEV,2023-12-10,1,255,148.7179487179487179487179487,,old-17-PDF-grid-2-0-11,两项数值均达到常规阈值,numeric_input_ready=1; range_point < 200: 0; density_proxy_point < 125: 0,1,,0,0
JX70033BEV,2023-12-10,1,305,134.730538922155688622754491,,old-18-Word97--0-59,两项数值均达到常规阈值,numeric_input_ready=1; range_point < 200: 0; density_proxy_point < 125: 0,1,,0,0
JX70034BEV,2023-12-10,1,310,134.4262295081967213114754098,,old-18-Word97--0-60,两项数值均达到常规阈值,numeric_input_ready=1; range_point < 200: 0; density_proxy_point < 125: 0,1,,0,0
JX70035BEV,2023-12-10,1,260,141.4141414141414141414141414,,old-18-Word97--0-61,两项数值均达到常规阈值,numeric_input_ready=1; range_point < 200: 0; density_proxy_point < 125: 0,1,,0,0
JX70036BEV,2023-12-10,1,260,145,,old-20-DOCX--0-25,两项数值均达到常规阈值,numeric_input_ready=1; range_point < 200: 0; density_proxy_point < 125: 0,1,,0,0
JX70038BEV,2023-12-10,1,252,145.0777202072538860103626943,,old-20-DOCX--0-26,两项数值均达到常规阈值,numeric_input_ready=1; range_point < 200: 0; density_proxy_point < 125: 0,1,,0,0
JX7003ESABEV,2023-12-10,1,302,161.9047619047619047619047619,,old-21-DOCX--0-16,两项数值均达到常规阈值,numeric_input_ready=1; range_point < 200: 0; density_proxy_point < 125: 0,1,,0,0
JX7004BEV,2023-12-10,1,150,90.32258064516129032258064516,,old-04-PDF-grid-1-0-13,两项数值低于常规阈值,numeric_input_ready=1; range_point < 200: 1; density_proxy_point < 125: 1,1,,0,0
JX7004ESABEV,2023-12-10,1,175,122,,old-54-Word97--0-22,两项数值低于常规阈值,numeric_input_ready=1; range_point < 200: 1; density_proxy_point < 125: 1,1,,0,0
JX7004ESBBEV,2023-12-10,1,201,122,,old-65-Word97--0-45,密度代理单项低于常规阈值,numeric_input_ready=1; range_point < 200: 0; density_proxy_point < 125: 1,1,,0,0
JX7005BEV,2023-12-10,1,152,101.3513513513513513513513514,,old-06-PDF-grid-1-0-21,两项数值低于常规阈值,numeric_input_ready=1; range_point < 200: 1; density_proxy_point < 125: 1,1,,0,0
JX7006BEV,2023-12-10,1,152,101.7964071856287425149700599,,old-06-PDF-grid-1-0-20,两项数值低于常规阈值,numeric_input_ready=1; range_point < 200: 1; density_proxy_point < 125: 1,1,,0,0
JX7008BEV,2023-12-10,1,152,100,,old-07-PDF-grid-1-0-16,两项数值低于常规阈值,numeric_input_ready=1; range_point < 200: 1; density_proxy_point < 125: 1,1,,0,0
JX7009BEV,2023-12-10,0,152,,,old-07-PDF-grid-1-0-17,单值不足,numeric_input_ready != 1；保持未知，不以0替代缺值,1,两项单值暴露不足,0,0
KMA10L-AWDBSC2,2023-12-10,1,400,130.1204819277108433734939759,,old-31-Word97--0-28,两项数值均达到常规阈值,numeric_input_ready=1; range_point < 200: 0; density_proxy_point < 125: 0,1,,0,0
LBA6431AABEV,2023-12-10,1,150,123.404255319148936170212766,,old-14-Word97--0-2,两项数值低于常规阈值,numeric_input_ready=1; range_point < 200: 1; density_proxy_point < 125: 1,1,,0,0
LBA6431BABEV,2023-12-10,1,255,122.448979591836734693877551,,old-14-Word97--0-3,密度代理单项低于常规阈值,numeric_input_ready=1; range_point < 200: 0; density_proxy_point < 125: 1,1,,0,0
LBA6450AABEV,2023-12-10,1,250,102.8571428571428571428571429,,old-12-PDF-grid-1-0-2,密度代理单项低于常规阈值,numeric_input_ready=1; range_point < 200: 0; density_proxy_point < 125: 1,1,,0,0
LBA7000BABEV,2023-12-10,1,310,122.448979591836734693877551,,old-19-DOCX--0-28,密度代理单项低于常规阈值,numeric_input_ready=1; range_point < 200: 0; density_proxy_point < 125: 1,1,,0,0
LBA7000CABEV,2023-12-10,1,360,141.6666666666666666666666667,,old-21-DOCX--0-13,两项数值均达到常规阈值,numeric_input_ready=1; range_point < 200: 0; density_proxy_point < 125: 0,1,,0,0
LBA7001AABEV,2023-12-10,1,161,105.952380952380952380952381,,old-47-Word97--0-29,两项数值低于常规阈值,numeric_input_ready=1; range_point < 200: 1; density_proxy_point < 125: 1,1,,0,0
LBA7001BABEV,2023-12-10,1,322,140,,old-47-Word97--0-28,两项数值均达到常规阈值,numeric_input_ready=1; range_point < 200: 0; density_proxy_point < 125: 0,1,,0,0
LBA7002AABEV,2023-12-10,1,305,139.5348837209302325581395349,,old-22-Word97--0-56,两项数值均达到常规阈值,numeric_input_ready=1; range_point < 200: 0; density_proxy_point < 125: 0,1,,0,0
LBA7004AABEV,2023-12-10,1,172,109.6825396825396825396825397,,old-69-Word97--0-80,两项数值低于常规阈值,numeric_input_ready=1; range_point < 200: 1; density_proxy_point < 125: 1,1,,0,0
LF6401BEV,2023-12-10,1,150,112.3188405797101449275362319,,old-06-PDF-grid-2-0-17,两项数值低于常规阈值,numeric_input_ready=1; range_point < 200: 1; density_proxy_point < 125: 1,1,,0,0
LF6401DEV,2023-12-10,1,150,98.11320754716981132075471698,,old-09-PDF-grid-3-0-22,两项数值低于常规阈值,numeric_input_ready=1; range_point < 200: 1; density_proxy_point < 125: 1,1,,0,0
LF6401EEV,2023-12-10,1,150,103.8461538461538461538461538,,old-13-PDF-grid-2-0-26,两项数值低于常规阈值,numeric_input_ready=1; range_point < 200: 1; density_proxy_point < 125: 1,1,,0,0
LF6401EV,2023-12-10,1,150,83.87096774193548387096774194,,old-05-PDF-grid-2-0-3,两项数值低于常规阈值,numeric_input_ready=1; range_point < 200: 1; density_proxy_point < 125: 1,1,,0,0
LF6420EV,2023-12-10,1,305,140.9836065573770491803278689,,old-18-Word97--0-38,两项数值均达到常规阈值,numeric_input_ready=1; range_point < 200: 0; density_proxy_point < 125: 0,1,,0,0
LF6440EV,2023-12-10,1,405,142.8571428571428571428571429,,old-19-DOCX--0-59,两项数值均达到常规阈值,numeric_input_ready=1; range_point < 200: 0; density_proxy_point < 125: 0,1,,0,0
LF6440EV2,2023-12-10,1,405,142.8571428571428571428571429,,old-23-Word97--0-39,两项数值均达到常规阈值,numeric_input_ready=1; range_point < 200: 0; density_proxy_point < 125: 0,1,,0,0
LF6461SEV01,2023-12-10,0,,,,old-67-Word97--0-22,单值不足,numeric_input_ready != 1；保持未知，不以0替代缺值,1,两项单值暴露不足,0,0
LF6462SEV01,2023-12-10,0,,,,old-71-Word97--0-43,单值不足,numeric_input_ready != 1；保持未知，不以0替代缺值,1,两项单值暴露不足,0,0
LF6470EV,2023-12-10,1,405,145.2380952380952380952380952,,old-19-DOCX--0-60,两项数值均达到常规阈值,numeric_input_ready=1; range_point < 200: 0; density_proxy_point < 125: 0,1,,0,0
LF6470SEV01,2023-12-10,0,,,CLTC,old-59-Word97--0-66,单值不足,numeric_input_ready != 1；保持未知，不以0替代缺值,1,两项单值暴露不足,0,0
LF6470SEV02,2023-12-10,0,,,CLTC,old-61-Word97--0-51,单值不足,numeric_input_ready != 1；保持未知，不以0替代缺值,1,两项单值暴露不足,0,0
LF6473SEV,2023-12-10,1,415,142.0540540540540540540540541,,old-41-Word97--0-7,两项数值均达到常规阈值,numeric_input_ready=1; range_point < 200: 0; density_proxy_point < 125: 0,1,,0,0
LF6473SEV1,2023-12-10,1,410,142.0540540540540540540540541,,old-48-Word97--0-11,两项数值均达到常规阈值,numeric_input_ready=1; range_point < 200: 0; density_proxy_point < 125: 0,1,,0,0
LF6480SEV01,2023-12-10,0,470,,CLTC,old-59-Word97--0-67,单值不足,numeric_input_ready != 1；保持未知，不以0替代缺值,1,两项单值暴露不足,0,0
LF7001SEV1,2023-12-10,1,407,135.2480417754569190600522193,,old-48-Word97--0-12,两项数值均达到常规阈值,numeric_input_ready=1; range_point < 200: 0; density_proxy_point < 125: 0,1,,0,0
LF7001SEV2,2023-12-10,1,415,142.0540540540540540540540541,,old-48-Word97--0-10,两项数值均达到常规阈值,numeric_input_ready=1; range_point < 200: 0; density_proxy_point < 125: 0,1,,0,0
LF7002CEV,2023-12-10,0,130,,,old-02-PDF-grid-2-0-14,单值不足,numeric_input_ready != 1；保持未知，不以0替代缺值,1,两项单值暴露不足,0,0
LF7002CEV260,2023-12-10,1,252,107.4626865671641791044776119,,old-05-PDF-grid-1-0-17,密度代理单项低于常规阈值,numeric_input_ready=1; range_point < 200: 0; density_proxy_point < 125: 1,1,,0,0
LF7002EEV,2023-12-10,1,250,169.2307692307692307692307692,,old-06-PDF-grid-2-0-15,两项数值均达到常规阈值,numeric_input_ready=1; range_point < 200: 0; density_proxy_point < 125: 0,1,,0,0
LF7002EEV400,2023-12-10,1,400,140.8114558472553699284009547,,old-13-PDF-grid-2-0-25,两项数值均达到常规阈值,numeric_input_ready=1; range_point < 200: 0; density_proxy_point < 125: 0,1,,0,0
LF7002EV,2023-12-10,0,140,,,old-02-PDF-grid-2-0-15,单值不足,numeric_input_ready != 1；保持未知，不以0替代缺值,1,两项单值暴露不足,0,0
LF7002FEV,2023-12-10,1,250,139.830508474576271186440678,,old-09-PDF-grid-3-0-20,两项数值均达到常规阈值,numeric_input_ready=1; range_point < 200: 0; density_proxy_point < 125: 0,1,,0,0
LF7002GEV,2023-12-10,1,250,142.8571428571428571428571429,,old-11-PDF-grid-2-0-9,两项数值均达到常规阈值,numeric_input_ready=1; range_point < 200: 0; density_proxy_point < 125: 0,1,,0,0
LF7002KEV,2023-12-10,1,300,140.9836065573770491803278689,,old-18-Word97--0-37,两项数值均达到常规阈值,numeric_input_ready=1; range_point < 200: 0; density_proxy_point < 125: 0,1,,0,0
LF7002PEV,2023-12-10,1,305,140.9836065573770491803278689,,old-17-PDF-grid-2-0-23,两项数值均达到常规阈值,numeric_input_ready=1; range_point < 200: 0; density_proxy_point < 125: 0,1,,0,0
LF7002PEV3,2023-12-10,1,300,141.5094339622641509433962264,,old-20-DOCX--0-84,两项数值均达到常规阈值,numeric_input_ready=1; range_point < 200: 0; density_proxy_point < 125: 0,1,,0,0
LF7002REV,2023-12-10,1,300,140.9836065573770491803278689,,old-19-DOCX--0-56,两项数值均达到常规阈值,numeric_input_ready=1; range_point < 200: 0; density_proxy_point < 125: 0,1,,0,0
LF7002SEV,2023-12-10,1,401,157.2700296735905044510385757,,old-24-Word97--4-16,两项数值均达到常规阈值,numeric_input_ready=1; range_point < 200: 0; density_proxy_point < 125: 0,1,,0,0
LF7004DEV,2023-12-10,1,160,161.7647058823529411764705882,,old-06-PDF-grid-2-0-14,续航单项低于常规阈值,numeric_input_ready=1; range_point < 200: 1; density_proxy_point < 125: 0,1,,0,0
LF7004EV,2023-12-10,1,100,138.297872340425531914893617,,old-05-PDF-grid-1-0-18,续航单项低于常规阈值,numeric_input_ready=1; range_point < 200: 1; density_proxy_point < 125: 0,1,,0,0
LF7004FEV,2023-12-10,1,200,139.2405063291139240506329114,,old-09-PDF-grid-3-0-21,两项数值均达到常规阈值,numeric_input_ready=1; range_point < 200: 0; density_proxy_point < 125: 0,1,,0,0
LF7004GEV,2023-12-10,1,180,141.025641025641025641025641,,old-11-PDF-grid-2-0-10,续航单项低于常规阈值,numeric_input_ready=1; range_point < 200: 1; density_proxy_point < 125: 0,1,,0,0
LF7007EV,2023-12-10,1,202,189.8148148148148148148148148,,old-06-PDF-grid-2-0-16,两项数值均达到常规阈值,numeric_input_ready=1; range_point < 200: 0; density_proxy_point < 125: 0,1,,0,0
LF7007FEV,2023-12-10,1,330,142.8571428571428571428571429,,old-19-DOCX--0-57,两项数值均达到常规阈值,numeric_input_ready=1; range_point < 200: 0; density_proxy_point < 125: 0,1,,0,0
LF7007FEV1,2023-12-10,1,401,142.8571428571428571428571429,,old-19-DOCX--0-58,两项数值均达到常规阈值,numeric_input_ready=1; range_point < 200: 0; density_proxy_point < 125: 0,1,,0,0
LTS6510H1BEV,2023-12-10,1,640,168.4210526315789473684210526,,old-62-Word97--0-24,两项数值均达到常规阈值,numeric_input_ready=1; range_point < 200: 0; density_proxy_point < 125: 0,1,,0,0
LTS6510H2BEV,2023-12-10,1,650,168.4210526315789473684210526,,old-62-Word97--0-27,两项数值均达到常规阈值,numeric_input_ready=1; range_point < 200: 0; density_proxy_point < 125: 0,1,,0,0
LTS6510H3BEV,2023-12-10,1,720,168.4210526315789473684210526,,old-62-Word97--0-25,两项数值均达到常规阈值,numeric_input_ready=1; range_point < 200: 0; density_proxy_point < 125: 0,1,,0,0
LTS6510H4BEV,2023-12-10,1,535,168.4210526315789473684210526,,old-62-Word97--0-28,两项数值均达到常规阈值,numeric_input_ready=1; range_point < 200: 0; density_proxy_point < 125: 0,1,,0,0
LTS6510H5BEV,2023-12-10,1,560,168.4210526315789473684210526,,old-62-Word97--0-29,两项数值均达到常规阈值,numeric_input_ready=1; range_point < 200: 0; density_proxy_point < 125: 0,1,,0,0
LTS6510H6BEV,2023-12-10,1,565,168.4210526315789473684210526,,old-62-Word97--0-26,两项数值均达到常规阈值,numeric_input_ready=1; range_point < 200: 0; density_proxy_point < 125: 0,1,,0,0
LTS6510H7BEV,2023-12-10,0,,168.4210526315789473684210526,,old-65-Word97--0-20,单值不足,numeric_input_ready != 1；保持未知，不以0替代缺值,1,两项单值暴露不足,0,0
LTS7000H1BEV,2023-12-10,0,,164.5161290322580645161290323,,old-70-Word97--0-27,单值不足,numeric_input_ready != 1；保持未知，不以0替代缺值,1,两项单值暴露不足,0,0
LTS7000H2BEV,2023-12-10,0,,164.5161290322580645161290323,,old-70-Word97--0-26,单值不足,numeric_input_ready != 1；保持未知，不以0替代缺值,1,两项单值暴露不足,0,0
LZ6460XLD0EV,2023-12-10,1,410,125.060913705583756345177665,,old-70-Word97--0-34,两项数值均达到常规阈值,numeric_input_ready=1; range_point < 200: 0; density_proxy_point < 125: 0,1,,0,0
LZ6460XPD0EV,2023-12-10,1,430,124.6961206896551724137931034,CLTC,old-63-Word97--0-34,密度代理单项低于常规阈值,numeric_input_ready=1; range_point < 200: 0; density_proxy_point < 125: 1,1,,0,0
LZ6460XPF0EV,2023-12-10,1,630,175.4408163265306122448979592,CLTC,old-58-Word97--0-22,两项数值均达到常规阈值,numeric_input_ready=1; range_point < 200: 0; density_proxy_point < 125: 0,1,,0,0
LZ6462MLAEV,2023-12-10,1,220,120.2531645569620253164556962,,old-14-Word97--0-9,密度代理单项低于常规阈值,numeric_input_ready=1; range_point < 200: 0; density_proxy_point < 125: 1,1,,0,0
LZ6463MLAEV,2023-12-10,1,220,120.2531645569620253164556962,,old-14-Word97--0-10,密度代理单项低于常规阈值,numeric_input_ready=1; range_point < 200: 0; density_proxy_point < 125: 1,1,,0,0
LZ6510MLAEV,2023-12-10,1,200,108.1081081081081081081081081,,old-14-Word97--0-8,密度代理单项低于常规阈值,numeric_input_ready=1; range_point < 200: 0; density_proxy_point < 125: 1,1,,0,0
LZ6510MLANEV,2023-12-10,1,330,153.4391534391534391534391534,,old-19-DOCX--0-12,两项数值均达到常规阈值,numeric_input_ready=1; range_point < 200: 0; density_proxy_point < 125: 0,1,,0,0
LZ6510NEB0EV,2023-12-10,1,230,135.46925566343042071197411,CLTC,old-63-Word97--0-32,两项数值均达到常规阈值,numeric_input_ready=1; range_point < 200: 0; density_proxy_point < 125: 0,1,,0,0
LZ6510NPD0EV,2023-12-10,0,,,,old-66-Word97--0-23,单值不足,numeric_input_ready != 1；保持未知，不以0替代缺值,1,两项单值暴露不足,0,0
LZ6511MLAEV,2023-12-10,1,353,153.4391534391534391534391534,,old-20-DOCX--0-9,两项数值均达到常规阈值,numeric_input_ready=1; range_point < 200: 0; density_proxy_point < 125: 0,1,,0,0
LZ6511MLANEV,2023-12-10,1,313,161.3924050632911392405063291,,old-27-Word97--0-32,两项数值均达到常规阈值,numeric_input_ready=1; range_point < 200: 0; density_proxy_point < 125: 0,1,,0,0
LZ6512MLAEV,2023-12-10,1,330,153.4391534391534391534391534,,old-19-DOCX--0-13,两项数值均达到常规阈值,numeric_input_ready=1; range_point < 200: 0; density_proxy_point < 125: 0,1,,0,0
LZ6512MLANEV,2023-12-10,1,420,159.453302961275626423690205,,old-28-Word97--0-10,两项数值均达到常规阈值,numeric_input_ready=1; range_point < 200: 0; density_proxy_point < 125: 0,1,,0,0
LZ6513MLAEV,2023-12-10,1,313,161.3924050632911392405063291,,old-27-Word97--0-33,两项数值均达到常规阈值,numeric_input_ready=1; range_point < 200: 0; density_proxy_point < 125: 0,1,,0,0
LZ6513MLANEV,2023-12-10,1,410,159.453302961275626423690205,,old-33-Word97--0-35,两项数值均达到常规阈值,numeric_input_ready=1; range_point < 200: 0; density_proxy_point < 125: 0,1,,0,0
LZ6514MLAEV,2023-12-10,1,313,161.3924050632911392405063291,,old-27-Word97--0-34,两项数值均达到常规阈值,numeric_input_ready=1; range_point < 200: 0; density_proxy_point < 125: 0,1,,0,0
LZ6514MLANEV,2023-12-10,1,401,135.419801980198019801980198,,old-45-Word97--0-8,两项数值均达到常规阈值,numeric_input_ready=1; range_point < 200: 0; density_proxy_point < 125: 0,1,,0,0
LZ6515MLAEV,2023-12-10,1,422,159.453302961275626423690205,,old-28-Word97--0-11,两项数值均达到常规阈值,numeric_input_ready=1; range_point < 200: 0; density_proxy_point < 125: 0,1,,0,0
LZ6516MLAEV,2023-12-10,1,420,159.453302961275626423690205,,old-28-Word97--0-12,两项数值均达到常规阈值,numeric_input_ready=1; range_point < 200: 0; density_proxy_point < 125: 0,1,,0,0
LZ6517MLAEV,2023-12-10,1,410,159.453302961275626423690205,,old-33-Word97--0-36,两项数值均达到常规阈值,numeric_input_ready=1; range_point < 200: 0; density_proxy_point < 125: 0,1,,0,0
LZ6518MLAEV,2023-12-10,1,401,135.419801980198019801980198,,old-45-Word97--0-9,两项数值均达到常规阈值,numeric_input_ready=1; range_point < 200: 0; density_proxy_point < 125: 0,1,,0,0
LZ7000SJD0EV,2023-12-10,1,410,126.4775280898876404494382022,,old-69-Word97--0-54,两项数值均达到常规阈值,numeric_input_ready=1; range_point < 200: 0; density_proxy_point < 125: 0,1,,0,0
LZ7000SKD0EV,2023-12-10,1,430,125.3165137614678899082568807,CLTC,old-59-Word97--0-63,两项数值均达到常规阈值,numeric_input_ready=1; range_point < 200: 0; density_proxy_point < 125: 0,1,,0,0
LZ7000SKD1EV,2023-12-10,1,450,143.13,CLTC,old-59-Word97--0-62,两项数值均达到常规阈值,numeric_input_ready=1; range_point < 200: 0; density_proxy_point < 125: 0,1,,0,0
LZ7000SKD3EV,2023-12-10,1,405,140.0115606936416184971098266,CLTC,old-63-Word97--0-33,两项数值均达到常规阈值,numeric_input_ready=1; range_point < 200: 0; density_proxy_point < 125: 0,1,,0,0
LZ7000SKD4EV,2023-12-10,1,410,131.6745562130177514792899408,,old-65-Word97--0-29,两项数值均达到常规阈值,numeric_input_ready=1; range_point < 200: 0; density_proxy_point < 125: 0,1,,0,0
LZ7000SKD6EV,2023-12-10,1,430,137.2520325203252032520325203,CLTC,old-64-Word97--0-29,两项数值均达到常规阈值,numeric_input_ready=1; range_point < 200: 0; density_proxy_point < 125: 0,1,,0,0
LZ7000SLAEV,2023-12-10,1,410,140.3940886699507389162561576,,old-18-Word97--0-35,两项数值均达到常规阈值,numeric_input_ready=1; range_point < 200: 0; density_proxy_point < 125: 0,1,,0,0
LZ7000SMAEV,2023-12-10,1,410,127.4403669724770642201834862,CLTC,old-51-Word97--0-5,两项数值均达到常规阈值,numeric_input_ready=1; range_point < 200: 0; density_proxy_point < 125: 0,1,,0,0
LZ7001SLAEV,2023-12-10,1,403,140.8450704225352112676056338,,old-18-Word97--0-36,两项数值均达到常规阈值,numeric_input_ready=1; range_point < 200: 0; density_proxy_point < 125: 0,1,,0,0
LZ7003SLAEV,2023-12-10,1,415,140.3940886699507389162561576,,old-25-Word97--0-93,两项数值均达到常规阈值,numeric_input_ready=1; range_point < 200: 0; density_proxy_point < 125: 0,1,,0,0
LZ7004SLAEV,2023-12-10,1,401,139.275766016713091922005571,,old-26-DOCX--0-58,两项数值均达到常规阈值,numeric_input_ready=1; range_point < 200: 0; density_proxy_point < 125: 0,1,,0,0
LZ7005SLAEV,2023-12-10,1,415,142.5,,old-33-Word97--0-37,两项数值均达到常规阈值,numeric_input_ready=1; range_point < 200: 0; density_proxy_point < 125: 0,1,,0,0
LZ7006SLAEV,2023-12-10,1,415,142.5,,old-34-Word97--0-38,两项数值均达到常规阈值,numeric_input_ready=1; range_point < 200: 0; density_proxy_point < 125: 0,1,,0,0
LZ7007SLAEV,2023-12-10,1,401,138.2113821138211382113821138,,old-35-Word97--0-13,两项数值均达到常规阈值,numeric_input_ready=1; range_point < 200: 0; density_proxy_point < 125: 0,1,,0,0
LZ7008SLAEV,2023-12-10,1,401,137.1273712737127371273712737,,old-39-Word97--0-10,两项数值均达到常规阈值,numeric_input_ready=1; range_point < 200: 0; density_proxy_point < 125: 0,1,,0,0
LZ7009SLAEV,2023-12-10,1,415,140.9575,,old-44-Word97--0-15,两项数值均达到常规阈值,numeric_input_ready=1; range_point < 200: 0; density_proxy_point < 125: 0,1,,0,0
LZD7001BEV01,2023-12-10,1,165,132.3529411764705882352941176,,old-16-Word97--0-37,续航单项低于常规阈值,numeric_input_ready=1; range_point < 200: 1; density_proxy_point < 125: 0,1,,0,0
LZD7001BEV02,2023-12-10,1,165,142.8571428571428571428571429,,old-16-Word97--0-31,续航单项低于常规阈值,numeric_input_ready=1; range_point < 200: 1; density_proxy_point < 125: 0,1,,0,0
LZD7001BEV05,2023-12-10,1,260,137.7551020408163265306122449,,old-16-Word97--0-34,两项数值均达到常规阈值,numeric_input_ready=1; range_point < 200: 0; density_proxy_point < 125: 0,1,,0,0
LZD7001BEV07,2023-12-10,1,255,154.2857142857142857142857143,,old-16-Word97--0-30,两项数值均达到常规阈值,numeric_input_ready=1; range_point < 200: 0; density_proxy_point < 125: 0,1,,0,0
LZD7001BEV08,2023-12-10,1,255,139.8963730569948186528497409,,old-16-Word97--0-32,两项数值均达到常规阈值,numeric_input_ready=1; range_point < 200: 0; density_proxy_point < 125: 0,1,,0,0
LZD7001BEV15,2023-12-10,1,255,137.7551020408163265306122449,,old-19-DOCX--0-33,两项数值均达到常规阈值,numeric_input_ready=1; range_point < 200: 0; density_proxy_point < 125: 0,1,,0,0
LZD7001BEV18,2023-12-10,1,265,139.1752577319587628865979381,,old-25-Word97--0-33,两项数值均达到常规阈值,numeric_input_ready=1; range_point < 200: 0; density_proxy_point < 125: 0,1,,0,0
LZD7001BEV19,2023-12-10,1,120,128.7671232876712328767123288,,old-46-Word97--0-49,续航单项低于常规阈值,numeric_input_ready=1; range_point < 200: 1; density_proxy_point < 125: 0,1,,0,0
LZD7002BEV03,2023-12-10,1,315,145.8333333333333333333333333,,old-16-Word97--0-36,两项数值均达到常规阈值,numeric_input_ready=1; range_point < 200: 0; density_proxy_point < 125: 0,1,,0,0
LZW6450EVA1,2023-12-10,1,230,120.3773584905660377358490566,CLTC,old-65-Word97--0-30,密度代理单项低于常规阈值,numeric_input_ready=1; range_point < 200: 0; density_proxy_point < 125: 1,1,,0,0
LZW6450EVA6EAU,2023-12-10,1,300,125.3776435045317220543806647,CLTC,old-57-Word97--0-41,两项数值均达到常规阈值,numeric_input_ready=1; range_point < 200: 0; density_proxy_point < 125: 0,1,,0,0
LZW6450EVA6KAU,2023-12-10,1,300,125,CLTC,old-61-Word97--0-49,两项数值均达到常规阈值,numeric_input_ready=1; range_point < 200: 0; density_proxy_point < 125: 0,1,,0,0
LZW6450EVHCAC,2023-12-10,1,300,133.3333333333333333333333333,,old-32-Word97--0-26,两项数值均达到常规阈值,numeric_input_ready=1; range_point < 200: 0; density_proxy_point < 125: 0,1,,0,0
LZW6450EVHEAB,2023-12-10,1,252,123.6749116607773851590106007,,mf29-t0-r17,密度代理单项低于常规阈值,numeric_input_ready=1; range_point < 200: 0; density_proxy_point < 125: 1,1,,0,0
LZW6450EVHEAC,2023-12-10,1,300,127.2727272727272727272727273,,mf29-t0-r18,两项数值均达到常规阈值,numeric_input_ready=1; range_point < 200: 0; density_proxy_point < 125: 0,1,,0,0
LZW6450EVHEAT,2023-12-10,1,260,126.3537906137184115523465704,,old-33-Word97--0-38,两项数值均达到常规阈值,numeric_input_ready=1; range_point < 200: 0; density_proxy_point < 125: 0,1,,0,0
LZW6450EVHEAU,2023-12-10,1,300,126.8882175226586102719033233,,old-33-Word97--0-39,两项数值均达到常规阈值,numeric_input_ready=1; range_point < 200: 0; density_proxy_point < 125: 0,1,,0,0
LZW6450EVHKAU,2023-12-10,1,300,125,CLTC,old-61-Word97--0-50,两项数值均达到常规阈值,numeric_input_ready=1; range_point < 200: 0; density_proxy_point < 125: 0,1,,0,0
LZW6520EVC7EBN,2023-12-10,1,360,126.0579064587973273942093541,CLTC,old-56-Word97--0-41,两项数值均达到常规阈值,numeric_input_ready=1; range_point < 200: 0; density_proxy_point < 125: 0,1,,0,0
LZW6520EVC7EBNA,2023-12-10,1,360,126.0579064587973273942093541,CLTC,old-56-Word97--0-40,两项数值均达到常规阈值,numeric_input_ready=1; range_point < 200: 0; density_proxy_point < 125: 0,1,,0,0
LZW6520EVC7EBNC,2023-12-10,1,360,126.0579064587973273942093541,CLTC,old-64-Word97--0-33,两项数值均达到常规阈值,numeric_input_ready=1; range_point < 200: 0; density_proxy_point < 125: 0,1,,0,0
LZW7000EVA,2023-12-10,1,155,93.75,,old-10-PDF-grid-2-0-17,两项数值低于常规阈值,numeric_input_ready=1; range_point < 200: 1; density_proxy_point < 125: 1,1,,0,0
LZW7001EVA,2023-12-10,1,155,93.75,,old-10-PDF-grid-2-0-18,两项数值低于常规阈值,numeric_input_ready=1; range_point < 200: 1; density_proxy_point < 125: 1,1,,0,0
LZW7001EVA1HAN,2023-12-10,1,305,139.3034825870646766169154229,,old-36-Word97--0-20,两项数值均达到常规阈值,numeric_input_ready=1; range_point < 200: 0; density_proxy_point < 125: 0,1,,0,0
LZW7001EVA2HAN,2023-12-10,1,305,139.3034825870646766169154229,,old-36-Word97--0-21,两项数值均达到常规阈值,numeric_input_ready=1; range_point < 200: 0; density_proxy_point < 125: 0,1,,0,0
LZW7001EVAA,2023-12-10,1,155,118.1102362204724409448818898,,old-15-PDF-grid-1-0-19,两项数值低于常规阈值,numeric_input_ready=1; range_point < 200: 1; density_proxy_point < 125: 1,1,,0,0
LZW7001EVABA,2023-12-10,1,155,107.1428571428571428571428571,,old-16-Word97--0-44,两项数值低于常规阈值,numeric_input_ready=1; range_point < 200: 1; density_proxy_point < 125: 1,1,,0,0
LZW7001EVABD,2023-12-10,1,100,104.3478260869565217391304348,,old-17-PDF-grid-2-0-17,两项数值低于常规阈值,numeric_input_ready=1; range_point < 200: 1; density_proxy_point < 125: 1,1,,0,0
LZW7001EVABE,2023-12-10,1,200,118.75,,old-16-Word97--0-46,密度代理单项低于常规阈值,numeric_input_ready=1; range_point < 200: 0; density_proxy_point < 125: 1,1,,0,0
LZW7001EVABP,2023-12-10,1,250,138.7283236994219653179190751,,old-24-Word97--4-11,两项数值均达到常规阈值,numeric_input_ready=1; range_point < 200: 0; density_proxy_point < 125: 0,1,,0,0
LZW7001EVACP,2023-12-10,1,250,143.7125748502994011976047904,,old-26-DOCX--0-59,两项数值均达到常规阈值,numeric_input_ready=1; range_point < 200: 0; density_proxy_point < 125: 0,1,,0,0
LZW7001EVADH,2023-12-10,1,250,137.1428571428571428571428571,,old-17-PDF-grid-2-0-18,两项数值均达到常规阈值,numeric_input_ready=1; range_point < 200: 0; density_proxy_point < 125: 0,1,,0,0
LZW7001EVAEP,2023-12-10,1,250,136.3636363636363636363636364,,old-23-Word97--0-40,两项数值均达到常规阈值,numeric_input_ready=1; range_point < 200: 0; density_proxy_point < 125: 0,1,,0,0
LZW7001EVAHAN,2023-12-10,1,305,139.3034825870646766169154229,,old-34-Word97--0-39,两项数值均达到常规阈值,numeric_input_ready=1; range_point < 200: 0; density_proxy_point < 125: 0,1,,0,0
LZW7001EVAHW,2023-12-10,1,250,126.2626262626262626262626263,,old-26-DOCX--0-60,两项数值均达到常规阈值,numeric_input_ready=1; range_point < 200: 0; density_proxy_point < 125: 0,1,,0,0
LZW7001EVCHAN,2023-12-10,1,305,139.3034825870646766169154229,,old-36-Word97--0-22,两项数值均达到常规阈值,numeric_input_ready=1; range_point < 200: 0; density_proxy_point < 125: 0,1,,0,0
LZW7001EVDEP,2023-12-10,1,250,136.3636363636363636363636364,,old-28-Word97--0-13,两项数值均达到常规阈值,numeric_input_ready=1; range_point < 200: 0; density_proxy_point < 125: 0,1,,0,0
LZW7001EVPCAN,2023-12-10,1,305,140.7035175879396984924623116,,old-33-Word97--0-40,两项数值均达到常规阈值,numeric_input_ready=1; range_point < 200: 0; density_proxy_point < 125: 0,1,,0,0
LZW7001EVPEAD,2023-12-10,1,260,131.8681318681318681318681319,,old-32-Word97--0-27,两项数值均达到常规阈值,numeric_input_ready=1; range_point < 200: 0; density_proxy_point < 125: 0,1,,0,0
LZW7001EVPHAN,2023-12-10,1,305,139.3034825870646766169154229,,old-32-Word97--0-28,两项数值均达到常规阈值,numeric_input_ready=1; range_point < 200: 0; density_proxy_point < 125: 0,1,,0,0
LZW7001EVUCAN,2023-12-10,1,305,140.7035175879396984924623116,,old-35-Word97--0-3,两项数值均达到常规阈值,numeric_input_ready=1; range_point < 200: 0; density_proxy_point < 125: 0,1,,0,0
LZW7001EVUHAN,2023-12-10,1,305,139.3034825870646766169154229,,old-36-Word97--0-23,两项数值均达到常规阈值,numeric_input_ready=1; range_point < 200: 0; density_proxy_point < 125: 0,1,,0,0
LZW7002EVA1EAN,2023-12-10,1,305,140,,old-43-Word97--0-17,两项数值均达到常规阈值,numeric_input_ready=1; range_point < 200: 0; density_proxy_point < 125: 0,1,,0,0
LZW7002EVB1EAN,2023-12-10,1,305,140,,old-43-Word97--0-16,两项数值均达到常规阈值,numeric_input_ready=1; range_point < 200: 0; density_proxy_point < 125: 0,1,,0,0
LZW7002EVB1PAN,2023-12-10,1,305,139.1089108910891089108910891,,old-46-Word97--0-64,两项数值均达到常规阈值,numeric_input_ready=1; range_point < 200: 0; density_proxy_point < 125: 0,1,,0,0
LZW7002EVBBG,2023-12-10,1,210,134.1463414634146341463414634,,old-20-DOCX--0-59,两项数值均达到常规阈值,numeric_input_ready=1; range_point < 200: 0; density_proxy_point < 125: 0,1,,0,0
LZW7002EVBBP,2023-12-10,1,250,138.7283236994219653179190751,,old-24-Word97--4-12,两项数值均达到常规阈值,numeric_input_ready=1; range_point < 200: 0; density_proxy_point < 125: 0,1,,0,0
LZW7002EVBCP,2023-12-10,1,250,143.7125748502994011976047904,,old-23-Word97--0-41,两项数值均达到常规阈值,numeric_input_ready=1; range_point < 200: 0; density_proxy_point < 125: 0,1,,0,0
LZW7002EVBDH,2023-12-10,1,230,137.1428571428571428571428571,,old-20-DOCX--0-63,两项数值均达到常规阈值,numeric_input_ready=1; range_point < 200: 0; density_proxy_point < 125: 0,1,,0,0
LZW7002EVBEP,2023-12-10,1,250,136.3636363636363636363636364,,old-23-Word97--0-42,两项数值均达到常规阈值,numeric_input_ready=1; range_point < 200: 0; density_proxy_point < 125: 0,1,,0,0
LZW7002EVBHAN,2023-12-10,1,305,139.3034825870646766169154229,,old-33-Word97--0-41,两项数值均达到常规阈值,numeric_input_ready=1; range_point < 200: 0; density_proxy_point < 125: 0,1,,0,0
LZW7002EVBHANA,2023-12-10,1,305,139.3034825870646766169154229,,old-44-Word97--0-53,两项数值均达到常规阈值,numeric_input_ready=1; range_point < 200: 0; density_proxy_point < 125: 0,1,,0,0
LZW7002EVBHH,2023-12-10,1,250,126.2626262626262626262626263,,old-22-Word97--0-42,两项数值均达到常规阈值,numeric_input_ready=1; range_point < 200: 0; density_proxy_point < 125: 0,1,,0,0
LZW7002EVBHW,2023-12-10,1,250,126.2626262626262626262626263,,old-24-Word97--4-15,两项数值均达到常规阈值,numeric_input_ready=1; range_point < 200: 0; density_proxy_point < 125: 0,1,,0,0
LZW7002EVCCAN,2023-12-10,1,305,140.7035175879396984924623116,,old-33-Word97--0-42,两项数值均达到常规阈值,numeric_input_ready=1; range_point < 200: 0; density_proxy_point < 125: 0,1,,0,0
LZW7002EVCEP,2023-12-10,1,250,136.3636363636363636363636364,,old-26-DOCX--0-62,两项数值均达到常规阈值,numeric_input_ready=1; range_point < 200: 0; density_proxy_point < 125: 0,1,,0,0
LZW7002EVCHAN,2023-12-10,1,305,139.3034825870646766169154229,,old-38-Word97--0-33,两项数值均达到常规阈值,numeric_input_ready=1; range_point < 200: 0; density_proxy_point < 125: 0,1,,0,0
LZW7002EVCHANA,2023-12-10,1,305,139.3034825870646766169154229,,old-43-Word97--0-15,两项数值均达到常规阈值,numeric_input_ready=1; range_point < 200: 0; density_proxy_point < 125: 0,1,,0,0
LZW7002EVUHAN,2023-12-10,1,305,139.3034825870646766169154229,,old-42-Word97--0-49,两项数值均达到常规阈值,numeric_input_ready=1; range_point < 200: 0; density_proxy_point < 125: 0,1,,0,0
LZW7003EVA3EAB,2023-12-10,1,305,125,,old-37-Word97--0-4,两项数值均达到常规阈值,numeric_input_ready=1; range_point < 200: 0; density_proxy_point < 125: 0,1,,0,0
LZW7003EVB3EAB,2023-12-10,1,301,125,,old-47-Word97--0-43,两项数值均达到常规阈值,numeric_input_ready=1; range_point < 200: 0; density_proxy_point < 125: 0,1,,0,0
LZW7003EVB3KAB,2023-12-10,1,301,127.6,,old-47-Word97--0-44,两项数值均达到常规阈值,numeric_input_ready=1; range_point < 200: 0; density_proxy_point < 125: 0,1,,0,0
LZW7003EVB3KBE,2023-12-10,1,360,134.2019543973941368078175896,,old-47-Word97--0-42,两项数值均达到常规阈值,numeric_input_ready=1; range_point < 200: 0; density_proxy_point < 125: 0,1,,0,0
LZW7003EVB3MAB,2023-12-10,1,301,158.5,CLTC,old-58-Word97--0-24,两项数值均达到常规阈值,numeric_input_ready=1; range_point < 200: 0; density_proxy_point < 125: 0,1,,0,0
LZW7003EVGEAB,2023-12-10,1,305,125,,old-33-Word97--0-43,两项数值均达到常规阈值,numeric_input_ready=1; range_point < 200: 0; density_proxy_point < 125: 0,1,,0,0
LZW7003EVGKAB,2023-12-10,1,305,128,,old-30-Word97--0-74,两项数值均达到常规阈值,numeric_input_ready=1; range_point < 200: 0; density_proxy_point < 125: 0,1,,0,0
LZW7003EVGMAB,2023-12-10,1,305,158.5,,old-47-Word97--0-45,两项数值均达到常规阈值,numeric_input_ready=1; range_point < 200: 0; density_proxy_point < 125: 0,1,,0,0
LZW7003EVGMAJ,2023-12-10,1,305,160,,old-33-Word97--0-44,两项数值均达到常规阈值,numeric_input_ready=1; range_point < 200: 0; density_proxy_point < 125: 0,1,,0,0
LZW7003EVGNAJ,2023-12-10,1,305,153.4653465346534653465346535,,old-33-Word97--0-45,两项数值均达到常规阈值,numeric_input_ready=1; range_point < 200: 0; density_proxy_point < 125: 0,1,,0,0
LZW7003EVMET,2023-12-10,1,260,125,,old-30-Word97--0-75,两项数值均达到常规阈值,numeric_input_ready=1; range_point < 200: 0; density_proxy_point < 125: 0,1,,0,0
LZW7004EVA1,2023-12-10,1,120,106.8965517241379310344827586,,old-69-Word97--0-59,两项数值低于常规阈值,numeric_input_ready=1; range_point < 200: 1; density_proxy_point < 125: 1,1,,0,0
LZW7004EVA2,2023-12-10,0,170,,,old-69-Word97--0-58,单值不足,numeric_input_ready != 1；保持未知，不以0替代缺值,1,两项单值暴露不足,0,0
LZW7004EVA3,2023-12-10,1,170,118.5840707964601769911504425,,old-70-Word97--0-35,两项数值低于常规阈值,numeric_input_ready=1; range_point < 200: 1; density_proxy_point < 125: 1,1,,0,0
LZW7004EVA4,2023-12-10,1,215,108.125,,old-68-Word97--0-26,密度代理单项低于常规阈值,numeric_input_ready=1; range_point < 200: 0; density_proxy_point < 125: 1,1,,0,0
LZW7004EVA4CAM,2023-12-10,1,170,112,,old-37-Word97--0-5,两项数值低于常规阈值,numeric_input_ready=1; range_point < 200: 1; density_proxy_point < 125: 1,1,,0,0
LZW7004EVA4KAK,2023-12-10,1,120,109.0909090909090909090909091,,old-38-Word97--0-32,两项数值低于常规阈值,numeric_input_ready=1; range_point < 200: 1; density_proxy_point < 125: 1,1,,0,0
LZW7004EVA5,2023-12-10,1,170,117.7966101694915254237288136,,old-71-Word97--0-42,两项数值低于常规阈值,numeric_input_ready=1; range_point < 200: 1; density_proxy_point < 125: 1,1,,0,0
LZW7004EVA5DBK,2023-12-10,1,300,130.243902439024390243902439,CLTC,old-47-Word97--0-48,两项数值均达到常规阈值,numeric_input_ready=1; range_point < 200: 0; density_proxy_point < 125: 0,1,,0,0
LZW7004EVA5EBK,2023-12-10,1,300,132.5,CLTC,old-47-Word97--0-47,两项数值均达到常规阈值,numeric_input_ready=1; range_point < 200: 0; density_proxy_point < 125: 0,1,,0,0
LZW7004EVA5EBKC,2023-12-10,1,280,132.5,CLTC,old-51-Word97--0-25,两项数值均达到常规阈值,numeric_input_ready=1; range_point < 200: 0; density_proxy_point < 125: 0,1,,0,0
LZW7004EVA5EBKU,2023-12-10,1,300,132.5,CLTC,old-49-Word97--0-26,两项数值均达到常规阈值,numeric_input_ready=1; range_point < 200: 0; density_proxy_point < 125: 0,1,,0,0
LZW7004EVA5HBK,2023-12-10,1,300,134.8484848484848484848484848,CLTC,old-48-Word97--0-51,两项数值均达到常规阈值,numeric_input_ready=1; range_point < 200: 0; density_proxy_point < 125: 0,1,,0,0
LZW7004EVA5KBJ,2023-12-10,1,200,117.6870748299319727891156463,CLTC,old-53-Word97--0-30,密度代理单项低于常规阈值,numeric_input_ready=1; range_point < 200: 0; density_proxy_point < 125: 1,1,,0,0
LZW7004EVB2DBD,2023-12-10,1,170,114.1666666666666666666666667,,old-44-Word97--0-52,两项数值低于常规阈值,numeric_input_ready=1; range_point < 200: 1; density_proxy_point < 125: 1,1,,0,0
LZW7004EVB8EBJ,2023-12-10,1,200,113.0718954248366013071895425,CLTC,old-48-Word97--0-50,密度代理单项低于常规阈值,numeric_input_ready=1; range_point < 200: 0; density_proxy_point < 125: 1,1,,0,0
LZW7004EVB9KBJ,2023-12-10,1,200,117.6870748299319727891156463,CLTC,old-48-Word97--0-49,密度代理单项低于常规阈值,numeric_input_ready=1; range_point < 200: 0; density_proxy_point < 125: 1,1,,0,0
LZW7004EVC1DBK,2023-12-10,1,300,130.243902439024390243902439,CLTC,old-48-Word97--0-52,两项数值均达到常规阈值,numeric_input_ready=1; range_point < 200: 0; density_proxy_point < 125: 0,1,,0,0
LZW7004EVC1DBKU,2023-12-10,1,300,130.243902439024390243902439,CLTC,old-49-Word97--0-27,两项数值均达到常规阈值,numeric_input_ready=1; range_point < 200: 0; density_proxy_point < 125: 0,1,,0,0
LZW7004EVC1EBJ,2023-12-10,1,200,113.0718954248366013071895425,CLTC,old-53-Word97--0-31,密度代理单项低于常规阈值,numeric_input_ready=1; range_point < 200: 0; density_proxy_point < 125: 1,1,,0,0
LZW7004EVC1EBK,2023-12-10,1,300,132.5,CLTC,old-47-Word97--0-46,两项数值均达到常规阈值,numeric_input_ready=1; range_point < 200: 0; density_proxy_point < 125: 0,1,,0,0
LZW7004EVC1KBK,2023-12-10,1,300,134.5177664974619289340101523,CLTC,old-48-Word97--0-48,两项数值均达到常规阈值,numeric_input_ready=1; range_point < 200: 0; density_proxy_point < 125: 0,1,,0,0
LZW7004EVC1UBJ,2023-12-10,1,200,112.2580645161290322580645161,CLTC,old-61-Word97--0-46,密度代理单项低于常规阈值,numeric_input_ready=1; range_point < 200: 0; density_proxy_point < 125: 1,1,,0,0
LZW7004EVJCAM,2023-12-10,1,170,112,,old-37-Word97--0-6,两项数值低于常规阈值,numeric_input_ready=1; range_point < 200: 1; density_proxy_point < 125: 1,1,,0,0
LZW7004EVJCBC,2023-12-10,1,170,120,,old-44-Word97--0-54,两项数值低于常规阈值,numeric_input_ready=1; range_point < 200: 1; density_proxy_point < 125: 1,1,,0,0
LZW7004EVJDAG,2023-12-10,1,170,112,,old-31-Word97--0-20,两项数值低于常规阈值,numeric_input_ready=1; range_point < 200: 1; density_proxy_point < 125: 1,1,,0,0
LZW7004EVJDAK,2023-12-10,1,120,100,,old-32-Word97--0-29,两项数值低于常规阈值,numeric_input_ready=1; range_point < 200: 1; density_proxy_point < 125: 1,1,,0,0
LZW7004EVJDAM,2023-12-10,1,170,114.7540983606557377049180328,,old-32-Word97--0-30,两项数值低于常规阈值,numeric_input_ready=1; range_point < 200: 1; density_proxy_point < 125: 1,1,,0,0
LZW7004EVJDBB,2023-12-10,1,120,98.93617021276595744680851064,,old-40-Word97--0-26,两项数值低于常规阈值,numeric_input_ready=1; range_point < 200: 1; density_proxy_point < 125: 1,1,,0,0
LZW7004EVJDBD,2023-12-10,1,170,114.1666666666666666666666667,,old-46-Word97--0-63,两项数值低于常规阈值,numeric_input_ready=1; range_point < 200: 1; density_proxy_point < 125: 1,1,,0,0
LZW7004EVJDJ,2023-12-10,1,120,97.82608695652173913043478261,,old-31-Word97--0-21,两项数值低于常规阈值,numeric_input_ready=1; range_point < 200: 1; density_proxy_point < 125: 1,1,,0,0
LZW7004EVJEAM,2023-12-10,1,170,117.7966101694915254237288136,,old-39-Word97--0-34,两项数值低于常规阈值,numeric_input_ready=1; range_point < 200: 1; density_proxy_point < 125: 1,1,,0,0
LZW7004EVJEAMA,2023-12-10,1,170,117.7966101694915254237288136,,old-42-Word97--0-51,两项数值低于常规阈值,numeric_input_ready=1; range_point < 200: 1; density_proxy_point < 125: 1,1,,0,0
LZW7004EVJECD,2023-12-10,1,170,116.5217391304347826086956522,CLTC,old-62-Word97--0-68,两项数值低于常规阈值,numeric_input_ready=1; range_point < 200: 1; density_proxy_point < 125: 1,1,,0,0
LZW7004EVJHBU,2023-12-10,1,170,116.9491525423728813559322034,CLTC,old-53-Word97--0-28,两项数值低于常规阈值,numeric_input_ready=1; range_point < 200: 1; density_proxy_point < 125: 1,1,,0,0
LZW7004EVJKAM,2023-12-10,1,170,112.6050420168067226890756303,,old-42-Word97--0-50,两项数值低于常规阈值,numeric_input_ready=1; range_point < 200: 1; density_proxy_point < 125: 1,1,,0,0
LZW7004EVJUCD,2023-12-10,1,170,116.3793103448275862068965517,CLTC,old-62-Word97--0-70,两项数值低于常规阈值,numeric_input_ready=1; range_point < 200: 1; density_proxy_point < 125: 1,1,,0,0
LZW7004EVPCAK,2023-12-10,1,120,102.2727272727272727272727273,,old-36-Word97--0-24,两项数值低于常规阈值,numeric_input_ready=1; range_point < 200: 1; density_proxy_point < 125: 1,1,,0,0
LZW7004EVPCAM,2023-12-10,1,170,112,,old-34-Word97--0-40,两项数值低于常规阈值,numeric_input_ready=1; range_point < 200: 1; density_proxy_point < 125: 1,1,,0,0
LZW7004EVPCBC,2023-12-10,1,170,120,,old-47-Word97--0-49,两项数值低于常规阈值,numeric_input_ready=1; range_point < 200: 1; density_proxy_point < 125: 1,1,,0,0
LZW7004EVPCBH,2023-12-10,1,120,108.2352941176470588235294118,,old-47-Word97--0-41,两项数值低于常规阈值,numeric_input_ready=1; range_point < 200: 1; density_proxy_point < 125: 1,1,,0,0
LZW7004EVPDAG,2023-12-10,1,170,112,,old-34-Word97--0-41,两项数值低于常规阈值,numeric_input_ready=1; range_point < 200: 1; density_proxy_point < 125: 1,1,,0,0
LZW7004EVPDAK,2023-12-10,1,120,100,,old-34-Word97--0-42,两项数值低于常规阈值,numeric_input_ready=1; range_point < 200: 1; density_proxy_point < 125: 1,1,,0,0
LZW7004EVPDBA,2023-12-10,1,170,111.9402985074626865671641791,,old-35-Word97--0-4,两项数值低于常规阈值,numeric_input_ready=1; range_point < 200: 1; density_proxy_point < 125: 1,1,,0,0
LZW7004EVPDBB,2023-12-10,1,120,95.74468085106382978723404255,,old-35-Word97--0-5,两项数值低于常规阈值,numeric_input_ready=1; range_point < 200: 1; density_proxy_point < 125: 1,1,,0,0
LZW7004EVPDJ,2023-12-10,1,120,97.82608695652173913043478261,,old-34-Word97--0-43,两项数值低于常规阈值,numeric_input_ready=1; range_point < 200: 1; density_proxy_point < 125: 1,1,,0,0
LZW7004EVPEAK,2023-12-10,1,120,95.74468085106382978723404255,,old-36-Word97--0-25,两项数值低于常规阈值,numeric_input_ready=1; range_point < 200: 1; density_proxy_point < 125: 1,1,,0,0
LZW7004EVPHAK,2023-12-10,1,120,105.4945054945054945054945055,,old-39-Word97--0-35,两项数值低于常规阈值,numeric_input_ready=1; range_point < 200: 1; density_proxy_point < 125: 1,1,,0,0
LZW7004EVPHAM,2023-12-10,1,170,118.6440677966101694915254237,,old-35-Word97--0-6,两项数值低于常规阈值,numeric_input_ready=1; range_point < 200: 1; density_proxy_point < 125: 1,1,,0,0
LZW7004EVPHBG,2023-12-10,1,120,105.8823529411764705882352941,,old-45-Word97--0-32,两项数值低于常规阈值,numeric_input_ready=1; range_point < 200: 1; density_proxy_point < 125: 1,1,,0,0
LZW7004EVPKAK,2023-12-10,1,120,113.6363636363636363636363636,,old-35-Word97--0-7,两项数值低于常规阈值,numeric_input_ready=1; range_point < 200: 1; density_proxy_point < 125: 1,1,,0,0
LZW7004EVPKAM,2023-12-10,1,170,109.2436974789915966386554622,,old-34-Word97--0-44,两项数值低于常规阈值,numeric_input_ready=1; range_point < 200: 1; density_proxy_point < 125: 1,1,,0,0
LZW7004EVPKAMB,2023-12-10,1,170,112.6050420168067226890756303,CLTC,old-54-Word97--0-46,两项数值低于常规阈值,numeric_input_ready=1; range_point < 200: 1; density_proxy_point < 125: 1,1,,0,0
LZW7004EVPKBW,2023-12-10,1,170,115.5172413793103448275862069,CLTC,old-53-Word97--0-29,两项数值低于常规阈值,numeric_input_ready=1; range_point < 200: 1; density_proxy_point < 125: 1,1,,0,0
LZW7004EVPUAM,2023-12-10,1,170,117.7966101694915254237288136,CLTC,old-56-Word97--0-42,两项数值低于常规阈值,numeric_input_ready=1; range_point < 200: 1; density_proxy_point < 125: 1,1,,0,0
LZW7004EVPUAMB,2023-12-10,1,170,117.7966101694915254237288136,CLTC,old-59-Word97--0-64,两项数值低于常规阈值,numeric_input_ready=1; range_point < 200: 1; density_proxy_point < 125: 1,1,,0,0
LZW7004EVPUCD,2023-12-10,1,170,116.3793103448275862068965517,CLTC,old-62-Word97--0-71,两项数值低于常规阈值,numeric_input_ready=1; range_point < 200: 1; density_proxy_point < 125: 1,1,,0,0
LZW7004EVPWCB,2023-12-10,1,170,118.5840707964601769911504425,CLTC,old-58-Word97--0-23,两项数值低于常规阈值,numeric_input_ready=1; range_point < 200: 1; density_proxy_point < 125: 1,1,,0,0
LZW7004EVQEAW,2023-12-10,1,200,108.8435374149659863945578231,,old-34-Word97--0-45,密度代理单项低于常规阈值,numeric_input_ready=1; range_point < 200: 0; density_proxy_point < 125: 1,1,,0,0
LZW7004EVWEAW,2023-12-10,1,200,108.8435374149659863945578231,,old-36-Word97--0-26,密度代理单项低于常规阈值,numeric_input_ready=1; range_point < 200: 0; density_proxy_point < 125: 1,1,,0,0
LZW7005EVA1,2023-12-10,1,200,108.125,,old-66-Word97--0-24,密度代理单项低于常规阈值,numeric_input_ready=1; range_point < 200: 0; density_proxy_point < 125: 1,1,,0,0
LZW7005EVA5DBKA,2023-12-10,1,300,130.243902439024390243902439,CLTC,old-54-Word97--0-48,两项数值均达到常规阈值,numeric_input_ready=1; range_point < 200: 0; density_proxy_point < 125: 0,1,,0,0
LZW7005EVA5EBK,2023-12-10,1,300,132.5,CLTC,old-54-Word97--0-53,两项数值均达到常规阈值,numeric_input_ready=1; range_point < 200: 0; density_proxy_point < 125: 0,1,,0,0
LZW7005EVA5KBJA,2023-12-10,1,200,117.6870748299319727891156463,CLTC,old-54-Word97--0-47,密度代理单项低于常规阈值,numeric_input_ready=1; range_point < 200: 0; density_proxy_point < 125: 1,1,,0,0
LZW7005EVC1DBKA,2023-12-10,1,300,130.243902439024390243902439,CLTC,old-54-Word97--0-49,两项数值均达到常规阈值,numeric_input_ready=1; range_point < 200: 0; density_proxy_point < 125: 0,1,,0,0
LZW7005EVC1EBJ,2023-12-10,1,200,113.0718954248366013071895425,CLTC,old-54-Word97--0-51,密度代理单项低于常规阈值,numeric_input_ready=1; range_point < 200: 0; density_proxy_point < 125: 1,1,,0,0
LZW7005EVC1HBKA,2023-12-10,1,300,134.8484848484848484848484848,CLTC,old-54-Word97--0-50,两项数值均达到常规阈值,numeric_input_ready=1; range_point < 200: 0; density_proxy_point < 125: 0,1,,0,0
LZW7005EVC2CBM,2023-12-10,1,300,131.4814814814814814814814815,CLTC,old-54-Word97--0-52,两项数值均达到常规阈值,numeric_input_ready=1; range_point < 200: 0; density_proxy_point < 125: 0,1,,0,0
LZW7005EVC2MBM,2023-12-10,1,300,130.0925925925925925925925926,CLTC,old-55-Word97--0-41,两项数值均达到常规阈值,numeric_input_ready=1; range_point < 200: 0; density_proxy_point < 125: 0,1,,0,0
LZW7006EVA1,2023-12-10,1,360,126.3333333333333333333333333,,old-66-Word97--0-25,两项数值均达到常规阈值,numeric_input_ready=1; range_point < 200: 0; density_proxy_point < 125: 0,1,,0,0
LZW7006EVA2,2023-12-10,1,460,134.9333333333333333333333333,,old-66-Word97--0-26,两项数值均达到常规阈值,numeric_input_ready=1; range_point < 200: 0; density_proxy_point < 125: 0,1,,0,0
LZW7007EVA1,2023-12-10,1,309,117.0833333333333333333333333,CLTC,old-65-Word97--0-31,密度代理单项低于常规阈值,numeric_input_ready=1; range_point < 200: 0; density_proxy_point < 125: 1,1,,0,0
LZW7007EVA3,2023-12-10,0,410,,,old-69-Word97--0-57,单值不足,numeric_input_ready != 1；保持未知，不以0替代缺值,1,两项单值暴露不足,0,0
LZW7007EVB3KAB,2023-12-10,1,312,127.6,CLTC,old-61-Word97--0-48,两项数值均达到常规阈值,numeric_input_ready=1; range_point < 200: 0; density_proxy_point < 125: 0,1,,0,0
LZW7007EVB3KABB,2023-12-10,1,333,127.6,CLTC,old-62-Word97--0-69,两项数值均达到常规阈值,numeric_input_ready=1; range_point < 200: 0; density_proxy_point < 125: 0,1,,0,0
LZW7007EVB3UAB,2023-12-10,1,333,124.1245136186770428015564202,CLTC,old-64-Word97--0-32,密度代理单项低于常规阈值,numeric_input_ready=1; range_point < 200: 0; density_proxy_point < 125: 1,1,,0,0
LZW7007EVB3VAB,2023-12-10,1,333,124.1245136186770428015564202,CLTC,old-63-Word97--0-35,密度代理单项低于常规阈值,numeric_input_ready=1; range_point < 200: 0; density_proxy_point < 125: 1,1,,0,0
LZW7007EVC1KBJ,2023-12-10,1,170,121.8309859154929577464788732,CLTC,old-61-Word97--0-47,两项数值低于常规阈值,numeric_input_ready=1; range_point < 200: 1; density_proxy_point < 125: 1,1,,0,0
LZW7007EVC1KBJB,2023-12-10,1,203,121.8309859154929577464788732,CLTC,old-62-Word97--0-67,密度代理单项低于常规阈值,numeric_input_ready=1; range_point < 200: 0; density_proxy_point < 125: 1,1,,0,0
LZW7007EVC2MBMA,2023-12-10,1,303,130.0925925925925925925925926,CLTC,old-63-Word97--0-36,两项数值均达到常规阈值,numeric_input_ready=1; range_point < 200: 0; density_proxy_point < 125: 0,1,,0,0
LZW7007EVD2MBMA,2023-12-10,1,303,130.0925925925925925925925926,CLTC,old-63-Word97--0-37,两项数值均达到常规阈值,numeric_input_ready=1; range_point < 200: 0; density_proxy_point < 125: 0,1,,0,0
LZW7009EVA1,2023-12-10,1,410,128.9230769230769230769230769,,old-69-Word97--0-56,两项数值均达到常规阈值,numeric_input_ready=1; range_point < 200: 0; density_proxy_point < 125: 0,1,,0,0
LZW7009EVA2,2023-12-10,1,510,144.4148936170212765957446809,,old-69-Word97--0-55,两项数值均达到常规阈值,numeric_input_ready=1; range_point < 200: 0; density_proxy_point < 125: 0,1,,0,0
MA6470BEVA,2023-12-10,1,355,141.4392059553349875930521092,,old-28-Word97--0-22,两项数值均达到常规阈值,numeric_input_ready=1; range_point < 200: 0; density_proxy_point < 125: 0,1,,0,0
MA7001BEVA,2023-12-10,1,405,157.1428571428571428571428571,,mf29-t0-r25,两项数值均达到常规阈值,numeric_input_ready=1; range_point < 200: 0; density_proxy_point < 125: 0,1,,0,0
MA7002BEVA,2023-12-10,1,102,105,,old-55-Word97--0-16,两项数值低于常规阈值,numeric_input_ready=1; range_point < 200: 1; density_proxy_point < 125: 1,1,,0,0
MERCEDES-AMGEQE534MATIC+A10(294653),2023-12-10,1,500,172.5314183123877917414721724,,old-70-Word97--0-4,两项数值均达到常规阈值,numeric_input_ready=1; range_point < 200: 0; density_proxy_point < 125: 0,1,,0,0
MERCEDES-AMGEQE534MATIC+A10(295153),2023-12-10,1,568,172.5314183123877917414721724,,old-62-Word97--0-2,两项数值均达到常规阈值,numeric_input_ready=1; range_point < 200: 0; density_proxy_point < 125: 0,1,,0,0
MERCEDES-AMGEQE534MATIC+A20(295153),2023-12-10,1,506,172.5314183123877917414721724,,old-70-Word97--0-5,两项数值均达到常规阈值,numeric_input_ready=1; range_point < 200: 0; density_proxy_point < 125: 0,1,,0,0
MERCEDES-AMGEQS534MATIC+A10(297155),2023-12-10,1,601,161.5606936416184971098265896,,old-54-Word97--0-3,两项数值均达到常规阈值,numeric_input_ready=1; range_point < 200: 0; density_proxy_point < 125: 0,1,,0,0
MERCEDES-MAYBACHEQS480A10(296934),2023-12-10,1,649,161.5606936416184971098265896,,old-71-Word97--0-4,两项数值均达到常规阈值,numeric_input_ready=1; range_point < 200: 0; density_proxy_point < 125: 0,1,,0,0
MERCEDES-MAYBACHEQS680A10(296955),2023-12-10,1,611,161.5606936416184971098265896,,old-71-Word97--0-3,两项数值均达到常规阈值,numeric_input_ready=1; range_point < 200: 0; density_proxy_point < 125: 0,1,,0,0
MJC6450BEV1,2023-12-10,1,305,136.1111111111111111111111111,,old-25-Word97--0-25,两项数值均达到常规阈值,numeric_input_ready=1; range_point < 200: 0; density_proxy_point < 125: 0,1,,0,0
MJC7000BEV1,2023-12-10,1,150,106.25,,old-34-Word97--0-49,两项数值低于常规阈值,numeric_input_ready=1; range_point < 200: 1; density_proxy_point < 125: 1,1,,0,0
MR6490SEV01,2023-12-10,1,340,142.0540540540540540540540541,,old-47-Word97--0-26,两项数值均达到常规阈值,numeric_input_ready=1; range_point < 200: 0; density_proxy_point < 125: 0,1,,0,0
MR6490SEV02,2023-12-10,1,410,167.2613065326633165829145729,,old-48-Word97--0-30,两项数值均达到常规阈值,numeric_input_ready=1; range_point < 200: 0; density_proxy_point < 125: 0,1,,0,0
MR6490SEV04,2023-12-10,1,410,167.2613065326633165829145729,,old-61-Word97--0-27,两项数值均达到常规阈值,numeric_input_ready=1; range_point < 200: 0; density_proxy_point < 125: 0,1,,0,0
MR6491BEV01,2023-12-10,1,550,128.4172661870503597122302158,,old-69-Word97--0-36,两项数值均达到常规阈值,numeric_input_ready=1; range_point < 200: 0; density_proxy_point < 125: 0,1,,0,0
MR6491BEV02,2023-12-10,1,720,172.117039586919104991394148,,old-70-Word97--0-24,两项数值均达到常规阈值,numeric_input_ready=1; range_point < 200: 0; density_proxy_point < 125: 0,1,,0,0
MR6491BEV03,2023-12-10,1,660,172.117039586919104991394148,,old-69-Word97--0-37,两项数值均达到常规阈值,numeric_input_ready=1; range_point < 200: 0; density_proxy_point < 125: 0,1,,0,0
MR6525BEV02,2023-12-10,0,676,,,old-58-Word97--0-12,单值不足,numeric_input_ready != 1；保持未知，不以0替代缺值,1,两项单值暴露不足,0,0
MR6525BEV04,2023-12-10,0,702,,,old-59-Word97--0-47,单值不足,numeric_input_ready != 1；保持未知，不以0替代缺值,1,两项单值暴露不足,0,0
MR6525BEV05,2023-12-10,0,702,,,old-61-Word97--0-26,单值不足,numeric_input_ready != 1；保持未知，不以0替代缺值,1,两项单值暴露不足,0,0
MR6525BEV06,2023-12-10,0,822,,,old-62-Word97--0-23,单值不足,numeric_input_ready != 1；保持未知，不以0替代缺值,1,两项单值暴露不足,0,0
MR7001BEV03,2023-12-10,1,712,172.117039586919104991394148,,old-45-Word97--0-28,两项数值均达到常规阈值,numeric_input_ready=1; range_point < 200: 0; density_proxy_point < 125: 0,1,,0,0
MR7001BEV04,2023-12-10,1,526,165.0671785028790786948176583,,old-45-Word97--0-27,两项数值均达到常规阈值,numeric_input_ready=1; range_point < 200: 0; density_proxy_point < 125: 0,1,,0,0
MR7001BEV05,2023-12-10,1,606,172.117039586919104991394148,,old-44-Word97--0-31,两项数值均达到常规阈值,numeric_input_ready=1; range_point < 200: 0; density_proxy_point < 125: 0,1,,0,0
MR7001BEV06,2023-12-10,1,526,165.0671785028790786948176583,,old-45-Word97--0-25,两项数值均达到常规阈值,numeric_input_ready=1; range_point < 200: 0; density_proxy_point < 125: 0,1,,0,0
MR7001BEV08,2023-12-10,1,712,172.117039586919104991394148,,old-45-Word97--0-24,两项数值均达到常规阈值,numeric_input_ready=1; range_point < 200: 0; density_proxy_point < 125: 0,1,,0,0
MR7001BEV09,2023-12-10,1,741,170.9401709401709401709401709,,old-67-Word97--0-14,两项数值均达到常规阈值,numeric_input_ready=1; range_point < 200: 0; density_proxy_point < 125: 0,1,,0,0
MR7001BEV10,2023-12-10,0,,170.9401709401709401709401709,,old-66-Word97--0-13,单值不足,numeric_input_ready != 1；保持未知，不以0替代缺值,1,两项单值暴露不足,0,0
MR7001BEV11,2023-12-10,1,606,172.117039586919104991394148,,old-45-Word97--0-26,两项数值均达到常规阈值,numeric_input_ready=1; range_point < 200: 0; density_proxy_point < 125: 0,1,,0,0
MR7001BEV15,2023-12-10,1,732,172.117039586919104991394148,CLTC,old-57-Word97--0-28,两项数值均达到常规阈值,numeric_input_ready=1; range_point < 200: 0; density_proxy_point < 125: 0,1,,0,0
MR7001BEV16,2023-12-10,1,536,162.8787878787878787878787879,CLTC,old-57-Word97--0-30,两项数值均达到常规阈值,numeric_input_ready=1; range_point < 200: 0; density_proxy_point < 125: 0,1,,0,0
MR7001BEV17,2023-12-10,1,732,172.117039586919104991394148,CLTC,old-57-Word97--0-25,两项数值均达到常规阈值,numeric_input_ready=1; range_point < 200: 0; density_proxy_point < 125: 0,1,,0,0
MR7001BEV18,2023-12-10,0,,172.117039586919104991394148,,old-57-Word97--0-27,单值不足,numeric_input_ready != 1；保持未知，不以0替代缺值,1,两项单值暴露不足,0,0
MR7001BEV20,2023-12-10,0,,162.8787878787878787878787879,CLTC,old-57-Word97--0-24,单值不足,numeric_input_ready != 1；保持未知，不以0替代缺值,1,两项单值暴露不足,0,0
MR7001BEV21,2023-12-10,1,616,172.117039586919104991394148,CLTC,old-57-Word97--0-29,两项数值均达到常规阈值,numeric_input_ready=1; range_point < 200: 0; density_proxy_point < 125: 0,1,,0,0
MR7001BEV22,2023-12-10,0,1032,,CLTC,old-61-Word97--0-28,单值不足,numeric_input_ready != 1；保持未知，不以0替代缺值,1,两项单值暴露不足,0,0
MR7001BEV27,2023-12-10,0,550,,,old-70-Word97--0-23,单值不足,numeric_input_ready != 1；保持未知，不以0替代缺值,1,两项单值暴露不足,0,0
MR7001BEV35,2023-12-10,1,450,116.093023255813953488372093,,old-70-Word97--0-25,密度代理单项低于常规阈值,numeric_input_ready=1; range_point < 200: 0; density_proxy_point < 125: 1,1,,0,0
MR7001BEV36,2023-12-10,0,741,,,old-69-Word97--0-34,单值不足,numeric_input_ready != 1；保持未知，不以0替代缺值,1,两项单值暴露不足,0,0
MR7001BEV37,2023-12-10,0,,,,old-69-Word97--0-35,单值不足,numeric_input_ready != 1；保持未知，不以0替代缺值,1,两项单值暴露不足,0,0
MR7001SEV01,2023-12-10,1,415,142.0540540540540540540540541,,old-42-Word97--0-33,两项数值均达到常规阈值,numeric_input_ready=1; range_point < 200: 0; density_proxy_point < 125: 0,1,,0,0
MR7001SEV02,2023-12-10,1,415,142.0540540540540540540540541,,old-47-Word97--0-25,两项数值均达到常规阈值,numeric_input_ready=1; range_point < 200: 0; density_proxy_point < 125: 0,1,,0,0
MR7001SEV03,2023-12-10,1,407,135.2480417754569190600522193,,old-47-Word97--0-27,两项数值均达到常规阈值,numeric_input_ready=1; range_point < 200: 0; density_proxy_point < 125: 0,1,,0,0
MR7001SEV04,2023-12-10,1,350,114.3661971830985915492957746,,old-63-Word97--0-24,密度代理单项低于常规阈值,numeric_input_ready=1; range_point < 200: 0; density_proxy_point < 125: 1,1,,0,0
MR7002BEV03,2023-12-10,1,253,112.5,,old-05-PDF-grid-1-0-14,密度代理单项低于常规阈值,numeric_input_ready=1; range_point < 200: 0; density_proxy_point < 125: 1,1,,0,0
MR7002BEV11,2023-12-10,1,300,121.468926553672316384180791,,old-11-PDF-grid-2-0-8,密度代理单项低于常规阈值,numeric_input_ready=1; range_point < 200: 0; density_proxy_point < 125: 1,1,,0,0
MR7002BEV22,2023-12-10,1,410,135.4166666666666666666666667,,old-24-Word97--3-4,两项数值均达到常规阈值,numeric_input_ready=1; range_point < 200: 0; density_proxy_point < 125: 0,1,,0,0
MR7002BEV23,2023-12-10,1,410,135.4166666666666666666666667,,old-24-Word97--3-5,两项数值均达到常规阈值,numeric_input_ready=1; range_point < 200: 0; density_proxy_point < 125: 0,1,,0,0
MR7002BEV27,2023-12-10,1,410,152.7377521613832853025936599,,old-33-Word97--0-23,两项数值均达到常规阈值,numeric_input_ready=1; range_point < 200: 0; density_proxy_point < 125: 0,1,,0,0
MR7002BEV28,2023-12-10,1,421,153.4883720930232558139534884,,old-44-Word97--0-30,两项数值均达到常规阈值,numeric_input_ready=1; range_point < 200: 0; density_proxy_point < 125: 0,1,,0,0
MR7002BEV30,2023-12-10,0,430,,CLTC,old-56-Word97--0-33,单值不足,numeric_input_ready != 1；保持未知，不以0替代缺值,1,两项单值暴露不足,0,0
MR7003BEV01,2023-12-10,1,320,121.8181818181818181818181818,,old-52-Word97--0-14,密度代理单项低于常规阈值,numeric_input_ready=1; range_point < 200: 0; density_proxy_point < 125: 1,1,,0,0
MR7003BEV02,2023-12-10,1,380,126.6881028938906752411575563,,old-52-Word97--0-13,两项数值均达到常规阈值,numeric_input_ready=1; range_point < 200: 0; density_proxy_point < 125: 0,1,,0,0
MR7003BEV03,2023-12-10,1,401,126.6881028938906752411575563,,old-53-Word97--0-18,两项数值均达到常规阈值,numeric_input_ready=1; range_point < 200: 0; density_proxy_point < 125: 0,1,,0,0
MR7003BEV05,2023-12-10,1,401,132.4590163934426229508196721,,old-56-Word97--0-32,两项数值均达到常规阈值,numeric_input_ready=1; range_point < 200: 0; density_proxy_point < 125: 0,1,,0,0
MR7003BEV06,2023-12-10,1,401,126.6881028938906752411575563,,old-57-Word97--0-31,两项数值均达到常规阈值,numeric_input_ready=1; range_point < 200: 0; density_proxy_point < 125: 0,1,,0,0
MR7003BEV07,2023-12-10,1,320,121.8181818181818181818181818,,old-57-Word97--0-26,密度代理单项低于常规阈值,numeric_input_ready=1; range_point < 200: 0; density_proxy_point < 125: 1,1,,0,0
MR7003BEV08,2023-12-10,1,401,126.8709677419354838709677419,,old-66-Word97--0-9,两项数值均达到常规阈值,numeric_input_ready=1; range_point < 200: 0; density_proxy_point < 125: 0,1,,0,0
MR7003BEV09,2023-12-10,1,301,122.0987654320987654320987654,,old-66-Word97--0-8,密度代理单项低于常规阈值,numeric_input_ready=1; range_point < 200: 0; density_proxy_point < 125: 1,1,,0,0
MR7003SEV01,2023-12-10,1,401,126.6881028938906752411575563,,old-55-Word97--0-31,两项数值均达到常规阈值,numeric_input_ready=1; range_point < 200: 0; density_proxy_point < 125: 0,1,,0,0
MR7005BEV05,2023-12-10,1,560,169.2307692307692307692307692,,old-63-Word97--0-21,两项数值均达到常规阈值,numeric_input_ready=1; range_point < 200: 0; density_proxy_point < 125: 0,1,,0,0
MR7005BEV06,2023-12-10,1,560,169.2307692307692307692307692,,old-66-Word97--0-10,两项数值均达到常规阈值,numeric_input_ready=1; range_point < 200: 0; density_proxy_point < 125: 0,1,,0,0
MR7005BEV07,2023-12-10,0,,169.2307692307692307692307692,,old-63-Word97--0-23,单值不足,numeric_input_ready != 1；保持未知，不以0替代缺值,1,两项单值暴露不足,0,0
MR7005BEV08,2023-12-10,0,,169.2307692307692307692307692,,old-66-Word97--0-11,单值不足,numeric_input_ready != 1；保持未知，不以0替代缺值,1,两项单值暴露不足,0,0
MR7005BEV09,2023-12-10,1,540,169.2307692307692307692307692,,old-63-Word97--0-22,两项数值均达到常规阈值,numeric_input_ready=1; range_point < 200: 0; density_proxy_point < 125: 0,1,,0,0
MR7005BEV10,2023-12-10,1,540,169.2307692307692307692307692,,old-66-Word97--0-12,两项数值均达到常规阈值,numeric_input_ready=1; range_point < 200: 0; density_proxy_point < 125: 0,1,,0,0
MR7005BEV17,2023-12-10,1,550,133.3333333333333333333333333,,old-70-Word97--0-19,两项数值均达到常规阈值,numeric_input_ready=1; range_point < 200: 0; density_proxy_point < 125: 0,1,,0,0
MR7005BEV19,2023-12-10,0,665,,,old-69-Word97--0-33,单值不足,numeric_input_ready != 1；保持未知，不以0替代缺值,1,两项单值暴露不足,0,0
MR7008BEV01,2023-12-10,1,668,165.0671785028790786948176583,,old-70-Word97--0-22,两项数值均达到常规阈值,numeric_input_ready=1; range_point < 200: 0; density_proxy_point < 125: 0,1,,0,0
MR7008BEV02,2023-12-10,1,755,172.117039586919104991394148,,old-70-Word97--0-20,两项数值均达到常规阈值,numeric_input_ready=1; range_point < 200: 0; density_proxy_point < 125: 0,1,,0,0
MR7008BEV03,2023-12-10,0,,172.117039586919104991394148,,old-70-Word97--0-21,单值不足,numeric_input_ready != 1；保持未知，不以0替代缺值,1,两项单值暴露不足,0,0
MSP2LR,2023-12-10,1,715,178.5714285714285714285714286,,old-59-Word97--0-6,两项数值均达到常规阈值,numeric_input_ready=1; range_point < 200: 0; density_proxy_point < 125: 0,1,,0,0
MSP2P,2023-12-10,1,672,178.5714285714285714285714286,,old-59-Word97--0-5,两项数值均达到常规阈值,numeric_input_ready=1; range_point < 200: 0; density_proxy_point < 125: 0,1,,0,0
MXP2LR,2023-12-10,1,700,178.5714285714285714285714286,,old-59-Word97--0-4,两项数值均达到常规阈值,numeric_input_ready=1; range_point < 200: 0; density_proxy_point < 125: 0,1,,0,0
MXP2P,2023-12-10,1,664,178.5714285714285714285714286,,old-59-Word97--0-3,两项数值均达到常规阈值,numeric_input_ready=1; range_point < 200: 0; density_proxy_point < 125: 0,1,,0,0
NEQ6440BEVS56A,2023-12-10,1,501,138.3082105263157894736842105,,old-68-Word97--0-43,两项数值均达到常规阈值,numeric_input_ready=1; range_point < 200: 0; density_proxy_point < 125: 0,1,,0,0
NEQ6440BEVS56B,2023-12-10,1,401,131.1658031088082901554404145,,old-70-Word97--0-44,两项数值均达到常规阈值,numeric_input_ready=1; range_point < 200: 0; density_proxy_point < 125: 0,1,,0,0
NEQ6440BEVS56C,2023-12-10,1,501,140.9494949494949494949494949,,old-68-Word97--0-42,两项数值均达到常规阈值,numeric_input_ready=1; range_point < 200: 0; density_proxy_point < 125: 0,1,,0,0
NEQ6440BEVS56D,2023-12-10,1,472,138.3073684210526315789473684,,old-70-Word97--0-43,两项数值均达到常规阈值,numeric_input_ready=1; range_point < 200: 0; density_proxy_point < 125: 0,1,,0,0
NEQ6460BEVS61A,2023-12-10,1,510,155.2106430155210643015521064,,old-32-Word97--0-50,两项数值均达到常规阈值,numeric_input_ready=1; range_point < 200: 0; density_proxy_point < 125: 0,1,,0,0
NEQ6460BEVS61B,2023-12-10,1,510,153.5087719298245614035087719,,old-33-Word97--0-73,两项数值均达到常规阈值,numeric_input_ready=1; range_point < 200: 0; density_proxy_point < 125: 0,1,,0,0
NEQ6460BEVS61C,2023-12-10,1,620,169.2307692307692307692307692,,old-35-Word97--0-18,两项数值均达到常规阈值,numeric_input_ready=1; range_point < 200: 0; density_proxy_point < 125: 0,1,,0,0
NEQ6460BEVS61D,2023-12-10,1,510,153.5087719298245614035087719,,old-36-Word97--0-30,两项数值均达到常规阈值,numeric_input_ready=1; range_point < 200: 0; density_proxy_point < 125: 0,1,,0,0
NEQ6460BEVS61E,2023-12-10,1,510,155.4323725055432372505543237,,old-42-Word97--0-35,两项数值均达到常规阈值,numeric_input_ready=1; range_point < 200: 0; density_proxy_point < 125: 0,1,,0,0
NEQ6460BEVS61F,2023-12-10,1,510,136.1363636363636363636363636,,old-46-Word97--0-37,两项数值均达到常规阈值,numeric_input_ready=1; range_point < 200: 0; density_proxy_point < 125: 0,1,,0,0
NEQ6470BEVS61,2023-12-10,1,512,130.3300970873786407766990291,,old-64-Word97--0-41,两项数值均达到常规阈值,numeric_input_ready=1; range_point < 200: 0; density_proxy_point < 125: 0,1,,0,0
NEQ6470BEVS61A,2023-12-10,1,412,124.7106481481481481481481481,,old-71-Word97--0-57,密度代理单项低于常规阈值,numeric_input_ready=1; range_point < 200: 0; density_proxy_point < 125: 1,1,,0,0
NEQ6470BEVS61B,2023-12-10,1,512,136.2266112266112266112266112,,old-70-Word97--0-42,两项数值均达到常规阈值,numeric_input_ready=1; range_point < 200: 0; density_proxy_point < 125: 0,1,,0,0
NEQ7000BEVJ60,2023-12-10,1,401,155.172413793103448275862069,,old-23-Word97--0-43,两项数值均达到常规阈值,numeric_input_ready=1; range_point < 200: 0; density_proxy_point < 125: 0,1,,0,0
NEQ7000BEVJ60A,2023-12-10,1,401,155.172413793103448275862069,,old-25-Word97--0-39,两项数值均达到常规阈值,numeric_input_ready=1; range_point < 200: 0; density_proxy_point < 125: 0,1,,0,0
NEQ7000BEVJ60C,2023-12-10,1,401,156.0693641618497109826589595,,old-33-Word97--0-74,两项数值均达到常规阈值,numeric_input_ready=1; range_point < 200: 0; density_proxy_point < 125: 0,1,,0,0
NEQ7000BEVJ60D,2023-12-10,1,401,140.2116402116402116402116402,,old-35-Word97--0-19,两项数值均达到常规阈值,numeric_input_ready=1; range_point < 200: 0; density_proxy_point < 125: 0,1,,0,0
NEQ7000BEVJ60E,2023-12-10,1,401,156.0344827586206896551724138,,old-50-Word97--0-33,两项数值均达到常规阈值,numeric_input_ready=1; range_point < 200: 0; density_proxy_point < 125: 0,1,,0,0
NEQ7000BEVJ60F,2023-12-10,1,401,155.2238805970149253731343284,,old-55-Word97--0-13,两项数值均达到常规阈值,numeric_input_ready=1; range_point < 200: 0; density_proxy_point < 125: 0,1,,0,0
NEQ7000BEVJ60H,2023-12-10,1,405,134.9187675070028011204481793,,old-67-Word97--0-32,两项数值均达到常规阈值,numeric_input_ready=1; range_point < 200: 0; density_proxy_point < 125: 0,1,,0,0
NEQ7000BEVJ60J,2023-12-10,1,455,136.7836734693877551020408163,,old-69-Word97--0-83,两项数值均达到常规阈值,numeric_input_ready=1; range_point < 200: 0; density_proxy_point < 125: 0,1,,0,0
NEQ7000BEVJ72,2023-12-10,1,301,148.9361702127659574468085106,,old-23-Word97--0-44,两项数值均达到常规阈值,numeric_input_ready=1; range_point < 200: 0; density_proxy_point < 125: 0,1,,0,0
NEQ7000BEVJ721,2023-12-10,1,301,142.8712871287128712871287129,,old-55-Word97--0-14,两项数值均达到常规阈值,numeric_input_ready=1; range_point < 200: 0; density_proxy_point < 125: 0,1,,0,0
NEQ7000BEVJ722,2023-12-10,1,301,129.9111111111111111111111111,,old-59-Word97--0-33,两项数值均达到常规阈值,numeric_input_ready=1; range_point < 200: 0; density_proxy_point < 125: 0,1,,0,0
NEQ7000BEVJ723,2023-12-10,1,301,143.6619718309859154929577465,,old-55-Word97--0-11,两项数值均达到常规阈值,numeric_input_ready=1; range_point < 200: 0; density_proxy_point < 125: 0,1,,0,0
NEQ7000BEVJ724,2023-12-10,1,408,161.184,,old-55-Word97--0-7,两项数值均达到常规阈值,numeric_input_ready=1; range_point < 200: 0; density_proxy_point < 125: 0,1,,0,0
NEQ7000BEVJ725,2023-12-10,1,301,135.6818181818181818181818182,,old-55-Word97--0-9,两项数值均达到常规阈值,numeric_input_ready=1; range_point < 200: 0; density_proxy_point < 125: 0,1,,0,0
NEQ7000BEVJ726,2023-12-10,1,408,161.184,,old-58-Word97--0-7,两项数值均达到常规阈值,numeric_input_ready=1; range_point < 200: 0; density_proxy_point < 125: 0,1,,0,0
NEQ7000BEVJ727,2023-12-10,1,301,142.8712871287128712871287129,,old-59-Word97--0-32,两项数值均达到常规阈值,numeric_input_ready=1; range_point < 200: 0; density_proxy_point < 125: 0,1,,0,0
NEQ7000BEVJ728,2023-12-10,1,251,124.039603960396039603960396,,old-61-Word97--0-13,密度代理单项低于常规阈值,numeric_input_ready=1; range_point < 200: 0; density_proxy_point < 125: 1,1,,0,0
NEQ7000BEVJ72A,2023-12-10,1,301,140.221402214022140221402214,,old-22-Word97--0-59,两项数值均达到常规阈值,numeric_input_ready=1; range_point < 200: 0; density_proxy_point < 125: 0,1,,0,0
NEQ7000BEVJ72B,2023-12-10,1,301,136.3636363636363636363636364,,old-23-Word97--0-45,两项数值均达到常规阈值,numeric_input_ready=1; range_point < 200: 0; density_proxy_point < 125: 0,1,,0,0
NEQ7000BEVJ72D,2023-12-10,1,301,138.3928571428571428571428571,,old-26-DOCX--0-24,两项数值均达到常规阈值,numeric_input_ready=1; range_point < 200: 0; density_proxy_point < 125: 0,1,,0,0
NEQ7000BEVJ72E,2023-12-10,1,301,138.3928571428571428571428571,,old-26-DOCX--0-25,两项数值均达到常规阈值,numeric_input_ready=1; range_point < 200: 0; density_proxy_point < 125: 0,1,,0,0
NEQ7000BEVJ72F,2023-12-10,1,301,137.168141592920353982300885,,old-27-Word97--0-59,两项数值均达到常规阈值,numeric_input_ready=1; range_point < 200: 0; density_proxy_point < 125: 0,1,,0,0
NEQ7000BEVJ72G,2023-12-10,1,301,141.5525114155251141552511416,,old-27-Word97--0-60,两项数值均达到常规阈值,numeric_input_ready=1; range_point < 200: 0; density_proxy_point < 125: 0,1,,0,0
NEQ7000BEVJ72H,2023-12-10,1,251,123.8532110091743119266055046,,old-31-Word97--0-25,密度代理单项低于常规阈值,numeric_input_ready=1; range_point < 200: 0; density_proxy_point < 125: 1,1,,0,0
NEQ7000BEVJ72J,2023-12-10,1,251,136.8421052631578947368421053,,old-30-Word97--0-35,两项数值均达到常规阈值,numeric_input_ready=1; range_point < 200: 0; density_proxy_point < 125: 0,1,,0,0
NEQ7000BEVJ72L,2023-12-10,1,251,125,,old-31-Word97--0-26,两项数值均达到常规阈值,numeric_input_ready=1; range_point < 200: 0; density_proxy_point < 125: 0,1,,0,0
NEQ7000BEVJ72M,2023-12-10,1,116,100,,old-31-Word97--0-27,两项数值低于常规阈值,numeric_input_ready=1; range_point < 200: 1; density_proxy_point < 125: 1,1,,0,0
NEQ7000BEVJ72N,2023-12-10,1,408,172.2689075630252100840336134,,old-35-Word97--0-20,两项数值均达到常规阈值,numeric_input_ready=1; range_point < 200: 0; density_proxy_point < 125: 0,1,,0,0
NEQ7000BEVJ72P,2023-12-10,1,301,135.3711790393013100436681223,,old-35-Word97--0-21,两项数值均达到常规阈值,numeric_input_ready=1; range_point < 200: 0; density_proxy_point < 125: 0,1,,0,0
NEQ7000BEVJ72Q,2023-12-10,1,301,145.5399061032863849765258216,,old-37-Word97--0-19,两项数值均达到常规阈值,numeric_input_ready=1; range_point < 200: 0; density_proxy_point < 125: 0,1,,0,0
NEQ7000BEVJ72R,2023-12-10,1,301,156.0975609756097560975609756,,old-37-Word97--0-20,两项数值均达到常规阈值,numeric_input_ready=1; range_point < 200: 0; density_proxy_point < 125: 0,1,,0,0
NEQ7000BEVJ72S,2023-12-10,1,408,161.184,,old-42-Word97--0-34,两项数值均达到常规阈值,numeric_input_ready=1; range_point < 200: 0; density_proxy_point < 125: 0,1,,0,0
NEQ7000BEVJ72T,2023-12-10,1,408,170.5882352941176470588235294,,old-44-Word97--0-38,两项数值均达到常规阈值,numeric_input_ready=1; range_point < 200: 0; density_proxy_point < 125: 0,1,,0,0
NEQ7000BEVJ72U,2023-12-10,1,301,136.5638766519823788546255507,,old-49-Word97--0-17,两项数值均达到常规阈值,numeric_input_ready=1; range_point < 200: 0; density_proxy_point < 125: 0,1,,0,0
NEQ7000BEVJ72V,2023-12-10,1,408,161.184,,old-51-Word97--0-16,两项数值均达到常规阈值,numeric_input_ready=1; range_point < 200: 0; density_proxy_point < 125: 0,1,,0,0
NEQ7000BEVJ72W,2023-12-10,1,301,138.3870967741935483870967742,,old-55-Word97--0-12,两项数值均达到常规阈值,numeric_input_ready=1; range_point < 200: 0; density_proxy_point < 125: 0,1,,0,0
NEQ7000BEVJ72X,2023-12-10,1,408,163.1620553359683794466403162,,old-55-Word97--0-15,两项数值均达到常规阈值,numeric_input_ready=1; range_point < 200: 0; density_proxy_point < 125: 0,1,,0,0
NEQ7000BEVJ72Y,2023-12-10,1,408,163.1620553359683794466403162,,old-55-Word97--0-10,两项数值均达到常规阈值,numeric_input_ready=1; range_point < 200: 0; density_proxy_point < 125: 0,1,,0,0
NEQ7000BEVJ72Z,2023-12-10,1,301,129.9111111111111111111111111,,old-55-Word97--0-8,两项数值均达到常规阈值,numeric_input_ready=1; range_point < 200: 0; density_proxy_point < 125: 0,1,,0,0
NEQ7000BEVJH11A,2023-12-10,1,170,113.5772357723577235772357724,,old-46-Word97--0-34,两项数值低于常规阈值,numeric_input_ready=1; range_point < 200: 1; density_proxy_point < 125: 1,1,,0,0
NEQ7000BEVJH11B,2023-12-10,1,170,134.3981481481481481481481481,,old-46-Word97--0-33,续航单项低于常规阈值,numeric_input_ready=1; range_point < 200: 1; density_proxy_point < 125: 0,1,,0,0
NEQ7000BEVJH11C,2023-12-10,1,170,114.8083333333333333333333333,,old-46-Word97--0-36,两项数值低于常规阈值,numeric_input_ready=1; range_point < 200: 1; density_proxy_point < 125: 1,1,,0,0
NEQ7000BEVJH11D,2023-12-10,1,120,102.8865979381443298969072165,,old-46-Word97--0-35,两项数值低于常规阈值,numeric_input_ready=1; range_point < 200: 1; density_proxy_point < 125: 1,1,,0,0
NEQ7000BEVJH11E,2023-12-10,1,120,101.0526315789473684210526316,,old-47-Word97--0-31,两项数值低于常规阈值,numeric_input_ready=1; range_point < 200: 1; density_proxy_point < 125: 1,1,,0,0
NEQ7000BEVJH11F,2023-12-10,1,120,101.0526315789473684210526316,,old-47-Word97--0-30,两项数值低于常规阈值,numeric_input_ready=1; range_point < 200: 1; density_proxy_point < 125: 1,1,,0,0
NEQ7000BEVJH11G,2023-12-10,1,170,127.0642201834862385321100917,,old-56-Word97--0-18,续航单项低于常规阈值,numeric_input_ready=1; range_point < 200: 1; density_proxy_point < 125: 0,1,,0,0
NEQ7000BEVJH11H,2023-12-10,1,170,110.4,,old-61-Word97--0-15,两项数值低于常规阈值,numeric_input_ready=1; range_point < 200: 1; density_proxy_point < 125: 1,1,,0,0
NEQ7000BEVJH11J,2023-12-10,1,120,99.16631578947368421052631579,,old-61-Word97--0-14,两项数值低于常规阈值,numeric_input_ready=1; range_point < 200: 1; density_proxy_point < 125: 1,1,,0,0
NEQ7000BEVJH11K,2023-12-10,1,205,123.4680851063829787234042553,,old-67-Word97--0-33,密度代理单项低于常规阈值,numeric_input_ready=1; range_point < 200: 0; density_proxy_point < 125: 1,1,,0,0
NEQ7000BEVJH11L,2023-12-10,1,170,95.03378378378378378378378378,,old-67-Word97--0-31,两项数值低于常规阈值,numeric_input_ready=1; range_point < 200: 1; density_proxy_point < 125: 1,1,,0,0
NEQ7000BEVJH11M,2023-12-10,1,170,113.6341463414634146341463415,,old-68-Word97--0-41,两项数值低于常规阈值,numeric_input_ready=1; range_point < 200: 1; density_proxy_point < 125: 1,1,,0,0
NEQ7000BEVJH11N,2023-12-10,1,170,114.8083333333333333333333333,,old-68-Word97--0-40,两项数值低于常规阈值,numeric_input_ready=1; range_point < 200: 1; density_proxy_point < 125: 1,1,,0,0
NEQ7000BEVJH11P,2023-12-10,1,120,102.9278350515463917525773196,,old-69-Word97--0-84,两项数值低于常规阈值,numeric_input_ready=1; range_point < 200: 1; density_proxy_point < 125: 1,1,,0,0
NEQ7000BEVQL01,2023-12-10,1,125,95.70093457943925233644859813,,old-46-Word97--0-38,两项数值低于常规阈值,numeric_input_ready=1; range_point < 200: 1; density_proxy_point < 125: 1,1,,0,0
NEQ7000BEVQL01A,2023-12-10,1,125,95.70093457943925233644859813,,old-44-Word97--0-33,两项数值低于常规阈值,numeric_input_ready=1; range_point < 200: 1; density_proxy_point < 125: 1,1,,0,0
NEQ7000BEVQL01B,2023-12-10,1,200,107.5974025974025974025974026,,old-44-Word97--0-34,密度代理单项低于常规阈值,numeric_input_ready=1; range_point < 200: 0; density_proxy_point < 125: 1,1,,0,0
NEQ7000BEVQL01C,2023-12-10,1,200,110.5263157894736842105263158,,old-44-Word97--0-37,密度代理单项低于常规阈值,numeric_input_ready=1; range_point < 200: 0; density_proxy_point < 125: 1,1,,0,0
NEQ7000BEVRT01,2023-12-10,1,560,155.4323725055432372505543237,,old-44-Word97--0-35,两项数值均达到常规阈值,numeric_input_ready=1; range_point < 200: 0; density_proxy_point < 125: 0,1,,0,0
NEQ7000BEVSH61,2023-12-10,1,201,107.5974025974025974025974026,,old-65-Word97--0-48,密度代理单项低于常规阈值,numeric_input_ready=1; range_point < 200: 0; density_proxy_point < 125: 1,1,,0,0
NEQ7000SEVJ60,2023-12-10,1,401,143.3802816901408450704225352,,old-44-Word97--0-36,两项数值均达到常规阈值,numeric_input_ready=1; range_point < 200: 0; density_proxy_point < 125: 0,1,,0,0
NEQ7001BEVJ72,2023-12-10,1,321,138.3870967741935483870967742,,old-67-Word97--0-30,两项数值均达到常规阈值,numeric_input_ready=1; range_point < 200: 0; density_proxy_point < 125: 0,1,,0,0
NEQ7001BEVJ72A,2023-12-10,1,321,129.9111111111111111111111111,,old-67-Word97--0-35,两项数值均达到常规阈值,numeric_input_ready=1; range_point < 200: 0; density_proxy_point < 125: 0,1,,0,0
NEQ7001BEVJ72B,2023-12-10,1,271,121.9270072992700729927007299,,old-67-Word97--0-34,密度代理单项低于常规阈值,numeric_input_ready=1; range_point < 200: 0; density_proxy_point < 125: 1,1,,0,0
NEQ7001BEVJ72C,2023-12-10,1,251,121.7766497461928934010152284,,old-71-Word97--0-59,密度代理单项低于常规阈值,numeric_input_ready=1; range_point < 200: 0; density_proxy_point < 125: 1,1,,0,0
NEQ7001BEVJ72D,2023-12-10,1,321,142.8712871287128712871287129,,old-71-Word97--0-58,两项数值均达到常规阈值,numeric_input_ready=1; range_point < 200: 0; density_proxy_point < 125: 0,1,,0,0
NHQ6480BEVFA,2023-12-10,0,,117.0212765957446808510638298,,old-64-Word97--0-34,单值不足,numeric_input_ready != 1；保持未知，不以0替代缺值,1,两项单值暴露不足,0,0
NHQ6480BEVFB,2023-12-10,0,,157.942238267148014440433213,,old-64-Word97--0-35,单值不足,numeric_input_ready != 1；保持未知，不以0替代缺值,1,两项单值暴露不足,0,0
NHQ6480BEVFC,2023-12-10,0,,157.3741007194244604316546763,,old-64-Word97--0-36,单值不足,numeric_input_ready != 1；保持未知，不以0替代缺值,1,两项单值暴露不足,0,0
NHQ6490BEVGD,2023-12-10,1,570,128.8303130148270181219110379,CLTC,old-57-Word97--0-9,两项数值均达到常规阈值,numeric_input_ready=1; range_point < 200: 0; density_proxy_point < 125: 0,1,,0,0
NHQ6490BEVGG,2023-12-10,1,570,128.8303130148270181219110379,CLTC,old-59-Word97--0-18,两项数值均达到常规阈值,numeric_input_ready=1; range_point < 200: 0; density_proxy_point < 125: 0,1,,0,0
NHQ6490BEVGH,2023-12-10,1,702,170.4347826086956521739130435,,old-56-Word97--0-8,两项数值均达到常规阈值,numeric_input_ready=1; range_point < 200: 0; density_proxy_point < 125: 0,1,,0,0
NHQ6490BEVGK,2023-12-10,1,650,170.4347826086956521739130435,,old-56-Word97--0-9,两项数值均达到常规阈值,numeric_input_ready=1; range_point < 200: 0; density_proxy_point < 125: 0,1,,0,0
NHQ6490BEVGM,2023-12-10,1,702,171.0296684118673647469458988,CLTC,old-59-Word97--0-17,两项数值均达到常规阈值,numeric_input_ready=1; range_point < 200: 0; density_proxy_point < 125: 0,1,,0,0
NHQ6490BEVGN,2023-12-10,1,650,171.0296684118673647469458988,CLTC,old-59-Word97--0-19,两项数值均达到常规阈值,numeric_input_ready=1; range_point < 200: 0; density_proxy_point < 125: 0,1,,0,0
NHQ6490BEVGP,2023-12-10,1,650,161.9834710743801652892561983,CLTC,old-61-Word97--0-8,两项数值均达到常规阈值,numeric_input_ready=1; range_point < 200: 0; density_proxy_point < 125: 0,1,,0,0
NHQ6530BEVHA,2023-12-10,1,610,132.4451410658307210031347962,CLTC,old-70-Word97--0-41,两项数值均达到常规阈值,numeric_input_ready=1; range_point < 200: 0; density_proxy_point < 125: 0,1,,0,0
NHQ6530BEVHB,2023-12-10,1,702,172.6190476190476190476190476,CLTC,old-70-Word97--0-40,两项数值均达到常规阈值,numeric_input_ready=1; range_point < 200: 0; density_proxy_point < 125: 0,1,,0,0
NHQ6530BEVHC,2023-12-10,1,640,172.6190476190476190476190476,CLTC,old-70-Word97--0-39,两项数值均达到常规阈值,numeric_input_ready=1; range_point < 200: 0; density_proxy_point < 125: 0,1,,0,0
NHQ7000BEVDA,2023-12-10,1,470,141.1616161616161616161616162,,old-44-Word97--0-43,两项数值均达到常规阈值,numeric_input_ready=1; range_point < 200: 0; density_proxy_point < 125: 0,1,,0,0
NHQ7000BEVDB,2023-12-10,0,,141.1616161616161616161616162,,old-44-Word97--0-44,单值不足,numeric_input_ready != 1；保持未知，不以0替代缺值,1,两项单值暴露不足,0,0
NHQ7000BEVDC,2023-12-10,1,460,157.2602739726027397260273973,,old-47-Word97--0-34,两项数值均达到常规阈值,numeric_input_ready=1; range_point < 200: 0; density_proxy_point < 125: 0,1,,0,0
NHQ7000BEVDD,2023-12-10,0,,170.6185567010309278350515464,,old-44-Word97--0-42,单值不足,numeric_input_ready != 1；保持未知，不以0替代缺值,1,两项单值暴露不足,0,0
NHQ7000BEVDE,2023-12-10,0,,180.3030303030303030303030303,,old-44-Word97--0-41,单值不足,numeric_input_ready != 1；保持未知，不以0替代缺值,1,两项单值暴露不足,0,0
NHQ7000BEVDF,2023-12-10,1,450,157.2602739726027397260273973,,old-46-Word97--0-42,两项数值均达到常规阈值,numeric_input_ready=1; range_point < 200: 0; density_proxy_point < 125: 0,1,,0,0
NHQ7000BEVDG,2023-12-10,0,,135.1219512195121951219512195,,old-49-Word97--0-19,单值不足,numeric_input_ready != 1；保持未知，不以0替代缺值,1,两项单值暴露不足,0,0
NHQ7000BEVDGA,2023-12-10,0,,135.1219512195121951219512195,CLTC,old-60-Word97--0-10,单值不足,numeric_input_ready != 1；保持未知，不以0替代缺值,1,两项单值暴露不足,0,0
NHQ7000BEVDH,2023-12-10,0,,166.9975186104218362282878412,,old-54-Word97--0-17,单值不足,numeric_input_ready != 1；保持未知，不以0替代缺值,1,两项单值暴露不足,0,0
NHQ7000BEVDJ,2023-12-10,0,,134.8780487804878048780487805,CLTC,old-57-Word97--0-7,单值不足,numeric_input_ready != 1；保持未知，不以0替代缺值,1,两项单值暴露不足,0,0
NHQ7000BEVDK,2023-12-10,1,550,166,,old-46-Word97--0-43,两项数值均达到常规阈值,numeric_input_ready=1; range_point < 200: 0; density_proxy_point < 125: 0,1,,0,0
NHQ7000BEVDKA,2023-12-10,0,,167.2544080604534005037783375,,old-50-Word97--0-43,单值不足,numeric_input_ready != 1；保持未知，不以0替代缺值,1,两项单值暴露不足,0,0
NHQ7000BEVDL,2023-12-10,1,535,166,,old-46-Word97--0-44,两项数值均达到常规阈值,numeric_input_ready=1; range_point < 200: 0; density_proxy_point < 125: 0,1,,0,0
NHQ7000BEVDN,2023-12-10,0,,163.4666666666666666666666667,,old-47-Word97--0-36,单值不足,numeric_input_ready != 1；保持未知，不以0替代缺值,1,两项单值暴露不足,0,0
NHQ7000BEVDNA,2023-12-10,0,,164.7849462365591397849462366,,old-50-Word97--0-44,单值不足,numeric_input_ready != 1；保持未知，不以0替代缺值,1,两项单值暴露不足,0,0
NHQ7000BEVDP,2023-12-10,1,520,170.6185567010309278350515464,,old-45-Word97--0-46,两项数值均达到常规阈值,numeric_input_ready=1; range_point < 200: 0; density_proxy_point < 125: 0,1,,0,0
NHQ7000BEVDQ,2023-12-10,1,520,172.3958333333333333333333333,,old-45-Word97--0-51,两项数值均达到常规阈值,numeric_input_ready=1; range_point < 200: 0; density_proxy_point < 125: 0,1,,0,0
NHQ7000BEVDR,2023-12-10,1,460,159.7222222222222222222222222,,old-45-Word97--0-50,两项数值均达到常规阈值,numeric_input_ready=1; range_point < 200: 0; density_proxy_point < 125: 0,1,,0,0
NHQ7000BEVDS,2023-12-10,1,460,141.1616161616161616161616162,,old-46-Word97--0-46,两项数值均达到常规阈值,numeric_input_ready=1; range_point < 200: 0; density_proxy_point < 125: 0,1,,0,0
NHQ7000BEVDT,2023-12-10,1,500,170.6185567010309278350515464,,old-45-Word97--0-47,两项数值均达到常规阈值,numeric_input_ready=1; range_point < 200: 0; density_proxy_point < 125: 0,1,,0,0
NHQ7000BEVDU,2023-12-10,1,430,159.7222222222222222222222222,,old-45-Word97--0-49,两项数值均达到常规阈值,numeric_input_ready=1; range_point < 200: 0; density_proxy_point < 125: 0,1,,0,0
NHQ7000BEVDV,2023-12-10,1,430,141.1616161616161616161616162,,old-45-Word97--0-48,两项数值均达到常规阈值,numeric_input_ready=1; range_point < 200: 0; density_proxy_point < 125: 0,1,,0,0
NHQ7000BEVDW,2023-12-10,0,,166,,old-47-Word97--0-35,单值不足,numeric_input_ready != 1；保持未知，不以0替代缺值,1,两项单值暴露不足,0,0
NHQ7000BEVDX,2023-12-10,0,,134.8780487804878048780487805,CLTC,old-57-Word97--0-8,单值不足,numeric_input_ready != 1；保持未知，不以0替代缺值,1,两项单值暴露不足,0,0
NHQ7000BEVEA,2023-12-10,1,586,157.7777777777777777777777778,,old-33-Word97--0-62,两项数值均达到常规阈值,numeric_input_ready=1; range_point < 200: 0; density_proxy_point < 125: 0,1,,0,0
NHQ7000BEVEB,2023-12-10,1,706,162.9778672032193158953722334,,old-33-Word97--0-63,两项数值均达到常规阈值,numeric_input_ready=1; range_point < 200: 0; density_proxy_point < 125: 0,1,,0,0
NHQ7000BEVEC,2023-12-10,1,670,162.9778672032193158953722334,,old-33-Word97--0-64,两项数值均达到常规阈值,numeric_input_ready=1; range_point < 200: 0; density_proxy_point < 125: 0,1,,0,0
NHQ7000BEVED,2023-12-10,1,562,162.9778672032193158953722334,,old-33-Word97--0-65,两项数值均达到常规阈值,numeric_input_ready=1; range_point < 200: 0; density_proxy_point < 125: 0,1,,0,0
NHQ7000BEVEE,2023-12-10,1,480,130.3030303030303030303030303,,old-41-Word97--0-27,两项数值均达到常规阈值,numeric_input_ready=1; range_point < 200: 0; density_proxy_point < 125: 0,1,,0,0
NHQ7000BEVEF,2023-12-10,1,670,157.685009487666034155597723,,old-47-Word97--0-33,两项数值均达到常规阈值,numeric_input_ready=1; range_point < 200: 0; density_proxy_point < 125: 0,1,,0,0
NHQ7000BEVEG,2023-12-10,1,480,125.5623721881390593047034765,,old-46-Word97--0-45,两项数值均达到常规阈值,numeric_input_ready=1; range_point < 200: 0; density_proxy_point < 125: 0,1,,0,0
NHQ7000BEVEH,2023-12-10,1,625,164.6934460887949260042283298,,old-53-Word97--0-6,两项数值均达到常规阈值,numeric_input_ready=1; range_point < 200: 0; density_proxy_point < 125: 0,1,,0,0
NHQ7000BEVEJ,2023-12-10,1,586,154.1666666666666666666666667,CLTC,old-66-Word97--0-28,两项数值均达到常规阈值,numeric_input_ready=1; range_point < 200: 0; density_proxy_point < 125: 0,1,,0,0
NHQ7001BEVDG,2023-12-10,0,,135.1219512195121951219512195,,old-71-Word97--0-54,单值不足,numeric_input_ready != 1；保持未知，不以0替代缺值,1,两项单值暴露不足,0,0
NHQ7001BEVEC,2023-12-10,0,,158.1651376146788990825688073,CLTC,old-61-Word97--0-9,单值不足,numeric_input_ready != 1；保持未知，不以0替代缺值,1,两项单值暴露不足,0,0
NHQ7001BEVED,2023-12-10,1,610,158.1651376146788990825688073,CLTC,old-61-Word97--0-10,两项数值均达到常规阈值,numeric_input_ready=1; range_point < 200: 0; density_proxy_point < 125: 0,1,,0,0
NHQ7001BEVEE,2023-12-10,0,,124.3243243243243243243243243,CLTC,old-69-Word97--0-78,单值不足,numeric_input_ready != 1；保持未知，不以0替代缺值,1,两项单值暴露不足,0,0
NJ6500FBEV71T,2023-12-10,0,410,,,old-69-Word97--0-24,单值不足,numeric_input_ready != 1；保持未知，不以0替代缺值,1,两项单值暴露不足,0,0
NJ6500FBEV82,2023-12-10,0,450,,,old-69-Word97--0-21,单值不足,numeric_input_ready != 1；保持未知，不以0替代缺值,1,两项单值暴露不足,0,0
NJ6540FBEV71,2023-12-10,0,366,,,old-69-Word97--0-23,单值不足,numeric_input_ready != 1；保持未知，不以0替代缺值,1,两项单值暴露不足,0,0
NJ6540FBEV71T,2023-12-10,0,366,,,old-69-Word97--0-25,单值不足,numeric_input_ready != 1；保持未知，不以0替代缺值,1,两项单值暴露不足,0,0
NJ6540FBEV81,2023-12-10,0,420,,,old-69-Word97--0-22,单值不足,numeric_input_ready != 1；保持未知，不以0替代缺值,1,两项单值暴露不足,0,0
NJ6540FBEV82T,2023-12-10,0,420,,,old-69-Word97--0-26,单值不足,numeric_input_ready != 1；保持未知，不以0替代缺值,1,两项单值暴露不足,0,0
NJ6557EEVM,2023-12-10,0,327,,,old-62-Word97--0-15,单值不足,numeric_input_ready != 1；保持未知，不以0替代缺值,1,两项单值暴露不足,0,0
NJL6420BEV4,2023-12-10,1,302,149.2537313432835820895522388,,old-20-DOCX--0-37,两项数值均达到常规阈值,numeric_input_ready=1; range_point < 200: 0; density_proxy_point < 125: 0,1,,0,0
NJL6420BEV5,2023-12-10,1,302,159.0909090909090909090909091,,old-20-DOCX--0-38,两项数值均达到常规阈值,numeric_input_ready=1; range_point < 200: 0; density_proxy_point < 125: 0,1,,0,0
NJL6420BEV8,2023-12-10,1,302,138.8888888888888888888888889,,old-20-DOCX--0-40,两项数值均达到常规阈值,numeric_input_ready=1; range_point < 200: 0; density_proxy_point < 125: 0,1,,0,0
NJL6420EV,2023-12-10,1,285,136.0544217687074829931972789,,old-25-Word97--0-26,两项数值均达到常规阈值,numeric_input_ready=1; range_point < 200: 0; density_proxy_point < 125: 0,1,,0,0
NJL6420EV1,2023-12-10,1,281,141.8439716312056737588652482,,old-25-Word97--0-27,两项数值均达到常规阈值,numeric_input_ready=1; range_point < 200: 0; density_proxy_point < 125: 0,1,,0,0
NJL6420EV3,2023-12-10,0,302,,,old-33-Word97--0-66,单值不足,numeric_input_ready != 1；保持未知，不以0替代缺值,1,两项单值暴露不足,0,0
NJL6420EV4,2023-12-10,0,252,,,old-32-Word97--0-35,单值不足,numeric_input_ready != 1；保持未知，不以0替代缺值,1,两项单值暴露不足,0,0
NJL6420EV6,2023-12-10,0,302,,,old-33-Word97--0-67,单值不足,numeric_input_ready != 1；保持未知，不以0替代缺值,1,两项单值暴露不足,0,0
NJL6420EV7,2023-12-10,0,270,,,old-41-Word97--0-22,单值不足,numeric_input_ready != 1；保持未知，不以0替代缺值,1,两项单值暴露不足,0,0
NJL6420EV8,2023-12-10,0,242,,,old-41-Word97--0-23,单值不足,numeric_input_ready != 1；保持未知，不以0替代缺值,1,两项单值暴露不足,0,0
NJL6420EV9,2023-12-10,1,155,124.378109452736318407960199,,old-25-Word97--0-28,两项数值低于常规阈值,numeric_input_ready=1; range_point < 200: 1; density_proxy_point < 125: 1,1,,0,0
NJL6450EV,2023-12-10,1,256,136.0544217687074829931972789,,old-30-Word97--0-24,两项数值均达到常规阈值,numeric_input_ready=1; range_point < 200: 0; density_proxy_point < 125: 0,1,,0,0
NJL6450EV1,2023-12-10,0,300,,,old-51-Word97--0-15,单值不足,numeric_input_ready != 1；保持未知，不以0替代缺值,1,两项单值暴露不足,0,0
NJL6470BEV400,2023-12-10,1,410,156.7567567567567567567567568,,old-32-Word97--0-36,两项数值均达到常规阈值,numeric_input_ready=1; range_point < 200: 0; density_proxy_point < 125: 0,1,,0,0
NJL6470BEV500,2023-12-10,1,520,162.8959276018099547511312217,,old-32-Word97--0-37,两项数值均达到常规阈值,numeric_input_ready=1; range_point < 200: 0; density_proxy_point < 125: 0,1,,0,0
NJL6470BEV600,2023-12-10,1,620,179.0958333333333333333333333,,old-51-Word97--0-14,两项数值均达到常规阈值,numeric_input_ready=1; range_point < 200: 0; density_proxy_point < 125: 0,1,,0,0
NJL6471BEV400,2023-12-10,1,404,152.7777777777777777777777778,,old-32-Word97--0-38,两项数值均达到常规阈值,numeric_input_ready=1; range_point < 200: 0; density_proxy_point < 125: 0,1,,0,0
NJL6471BEV500,2023-12-10,1,500,150.6105263157894736842105263,,old-57-Word97--0-10,两项数值均达到常规阈值,numeric_input_ready=1; range_point < 200: 0; density_proxy_point < 125: 0,1,,0,0
NJL6472BEV400,2023-12-10,1,402,123.6095238095238095238095238,,old-58-Word97--0-5,密度代理单项低于常规阈值,numeric_input_ready=1; range_point < 200: 0; density_proxy_point < 125: 1,1,,0,0
NJL6473BEV400,2023-12-10,1,430,136.2179104477611940298507463,,old-69-Word97--0-79,两项数值均达到常规阈值,numeric_input_ready=1; range_point < 200: 0; density_proxy_point < 125: 0,1,,0,0
QAC6452BEVBA,2023-12-10,0,508,,,old-42-Word97--0-36,单值不足,numeric_input_ready != 1；保持未知，不以0替代缺值,1,两项单值暴露不足,0,0
QAC6461BEVAA,2023-12-10,1,530,140.9001956947162426614481409,,mf29-t0-r21,两项数值均达到常规阈值,numeric_input_ready=1; range_point < 200: 0; density_proxy_point < 125: 0,1,,0,0
QAC6461BEVAB,2023-12-10,1,410,126.4637002341920374707259953,,old-33-Word97--0-55,两项数值均达到常规阈值,numeric_input_ready=1; range_point < 200: 0; density_proxy_point < 125: 0,1,,0,0
QAC6461BEVAC,2023-12-10,1,530,140.3846153846153846153846154,,old-37-Word97--0-37,两项数值均达到常规阈值,numeric_input_ready=1; range_point < 200: 0; density_proxy_point < 125: 0,1,,0,0
QAL7000EAABEV,2023-12-10,1,460,145.4545454545454545454545455,,old-22-Word97--0-51,两项数值均达到常规阈值,numeric_input_ready=1; range_point < 200: 0; density_proxy_point < 125: 0,1,,0,0
QAL70015A3BEV,2023-12-10,1,170,117.4789915966386554621848739,,old-61-Word97--0-7,两项数值低于常规阈值,numeric_input_ready=1; range_point < 200: 1; density_proxy_point < 125: 1,1,,0,0
QCJ6490SBEV,2023-12-10,1,520,161.4785992217898832684824903,,old-27-Word97--0-28,两项数值均达到常规阈值,numeric_input_ready=1; range_point < 200: 0; density_proxy_point < 125: 0,1,,0,0
QCJ6490SBEV1,2023-12-10,1,500,161.1650485436893203883495146,,old-28-Word97--0-9,两项数值均达到常规阈值,numeric_input_ready=1; range_point < 200: 0; density_proxy_point < 125: 0,1,,0,0
QCJ6490SBEV2,2023-12-10,1,736,150.2762430939226519337016575,CLTC,old-65-Word97--0-22,两项数值均达到常规阈值,numeric_input_ready=1; range_point < 200: 0; density_proxy_point < 125: 0,1,,0,0
QCJ6490SBEV3,2023-12-10,1,640,150.0689655172413793103448276,CLTC,old-65-Word97--0-21,两项数值均达到常规阈值,numeric_input_ready=1; range_point < 200: 0; density_proxy_point < 125: 0,1,,0,0
QCJ6491SBEV,2023-12-10,1,540,139.9766081871345029239766082,CLTC,old-70-Word97--0-29,两项数值均达到常规阈值,numeric_input_ready=1; range_point < 200: 0; density_proxy_point < 125: 0,1,,0,0
QCJ6491SBEV3,2023-12-10,1,630,140.5598277453091356505690557,CLTC,old-64-Word97--0-27,两项数值均达到常规阈值,numeric_input_ready=1; range_point < 200: 0; density_proxy_point < 125: 0,1,,0,0
QCJ6491SBEV4,2023-12-10,1,702,140.5598277453091356505690557,CLTC,old-64-Word97--0-26,两项数值均达到常规阈值,numeric_input_ready=1; range_point < 200: 0; density_proxy_point < 125: 0,1,,0,0
QCJ6520MBEV,2023-12-10,1,620,149.7971014492753623188405797,CLTC,old-60-Word97--0-29,两项数值均达到常规阈值,numeric_input_ready=1; range_point < 200: 0; density_proxy_point < 125: 0,1,,0,0
QCJ6520MBEV1,2023-12-10,1,600,149.5803183791606367583212735,CLTC,old-60-Word97--0-28,两项数值均达到常规阈值,numeric_input_ready=1; range_point < 200: 0; density_proxy_point < 125: 0,1,,0,0
QCJ7006BEVF,2023-12-10,1,322,84,,old-01-PDF-grid-1-0-7,密度代理单项低于常规阈值,numeric_input_ready=1; range_point < 200: 0; density_proxy_point < 125: 1,1,,0,0
QCJ7007BEV,2023-12-10,1,253,87.27272727272727272727272727,,old-01-PDF-grid-1-0-8,密度代理单项低于常规阈值,numeric_input_ready=1; range_point < 200: 0; density_proxy_point < 125: 1,1,,0,0
QCJ7007BEV1,2023-12-10,1,352,106.8965517241379310344827586,,old-09-PDF-grid-1-0-18,密度代理单项低于常规阈值,numeric_input_ready=1; range_point < 200: 0; density_proxy_point < 125: 1,1,,0,0
QCJ7007BEV2,2023-12-10,1,352,106.8965517241379310344827586,,old-09-PDF-grid-1-0-17,密度代理单项低于常规阈值,numeric_input_ready=1; range_point < 200: 0; density_proxy_point < 125: 1,1,,0,0
QCJ7007BEV3,2023-12-10,1,403,141.3612565445026178010471204,,old-17-PDF-grid-1-0-10,两项数值均达到常规阈值,numeric_input_ready=1; range_point < 200: 0; density_proxy_point < 125: 0,1,,0,0
QCJ7007BEV4,2023-12-10,1,451,159.3830334190231362467866324,,old-18-Word97--0-26,两项数值均达到常规阈值,numeric_input_ready=1; range_point < 200: 0; density_proxy_point < 125: 0,1,,0,0
QTE7000BEV02,2023-12-10,1,380,134.5826235093696763202725724,,old-19-DOCX--0-41,两项数值均达到常规阈值,numeric_input_ready=1; range_point < 200: 0; density_proxy_point < 125: 0,1,,0,0
RG3EV4WD,2023-12-10,1,602,157.4514829732698645184913951,,old-53-Word97--0-2,两项数值均达到常规阈值,numeric_input_ready=1; range_point < 200: 0; density_proxy_point < 125: 0,1,,0,0
RSETRONGTFWSBL1WQ6C0,2023-12-10,1,495,132.8571428571428571428571429,,old-59-Word97--0-7,两项数值均达到常规阈值,numeric_input_ready=1; range_point < 200: 0; density_proxy_point < 125: 0,1,,0,0
RX6490SEV01,2023-12-10,1,320,142.0540540540540540540540541,,old-46-Word97--0-47,两项数值均达到常规阈值,numeric_input_ready=1; range_point < 200: 0; density_proxy_point < 125: 0,1,,0,0
RX6490SEV02,2023-12-10,1,410,167.2613065326633165829145729,,old-48-Word97--0-37,两项数值均达到常规阈值,numeric_input_ready=1; range_point < 200: 0; density_proxy_point < 125: 0,1,,0,0
S100D5,2023-12-10,1,660,160,,old-26-DOCX--0-72,两项数值均达到常规阈值,numeric_input_ready=1; range_point < 200: 0; density_proxy_point < 125: 0,1,,0,0
S75D5,2023-12-10,1,490,139.6226415094339622641509434,,old-26-DOCX--0-73,两项数值均达到常规阈值,numeric_input_ready=1; range_point < 200: 0; density_proxy_point < 125: 0,1,,0,0
SC6388AVBEV,2023-12-10,1,252,102.9411764705882352941176471,,old-10-PDF-grid-3-0-10,密度代理单项低于常规阈值,numeric_input_ready=1; range_point < 200: 0; density_proxy_point < 125: 1,1,,0,0
SC6388BVBEV,2023-12-10,1,252,102.9411764705882352941176471,,old-10-PDF-grid-3-0-12,密度代理单项低于常规阈值,numeric_input_ready=1; range_point < 200: 0; density_proxy_point < 125: 1,1,,0,0
SC6388CVBEV,2023-12-10,1,310,134.375,,old-14-Word97--0-27,两项数值均达到常规阈值,numeric_input_ready=1; range_point < 200: 0; density_proxy_point < 125: 0,1,,0,0
SC6443NBEV,2023-12-10,1,310,140.625,,old-17-PDF-grid-2-0-6,两项数值均达到常规阈值,numeric_input_ready=1; range_point < 200: 0; density_proxy_point < 125: 0,1,,0,0
SC6443PAABEV,2023-12-10,1,245,123.2876712328767123287671233,,old-37-Word97--0-29,密度代理单项低于常规阈值,numeric_input_ready=1; range_point < 200: 0; density_proxy_point < 125: 1,1,,0,0
SC6443PABBEV,2023-12-10,0,220,,,old-45-Word97--0-18,单值不足,numeric_input_ready != 1；保持未知，不以0替代缺值,1,两项单值暴露不足,0,0
SC6443PBABEV,2023-12-10,0,260,,,old-41-Word97--0-19,单值不足,numeric_input_ready != 1；保持未知，不以0替代缺值,1,两项单值暴露不足,0,0
SC6443PBBBEV,2023-12-10,0,260,,,old-50-Word97--0-28,单值不足,numeric_input_ready != 1；保持未知，不以0替代缺值,1,两项单值暴露不足,0,0
SC6443PCABEV,2023-12-10,0,260,,,old-41-Word97--0-18,单值不足,numeric_input_ready != 1；保持未知，不以0替代缺值,1,两项单值暴露不足,0,0
SC6450VQ6B1BEV,2023-12-10,0,300,,,old-42-Word97--0-13,单值不足,numeric_input_ready != 1；保持未知，不以0替代缺值,1,两项单值暴露不足,0,0
SC6450VQ6B3BEV,2023-12-10,0,300,,,old-42-Word97--0-11,单值不足,numeric_input_ready != 1；保持未知，不以0替代缺值,1,两项单值暴露不足,0,0
SC6450VQ6B5BEV,2023-12-10,0,230,,,old-55-Word97--0-42,单值不足,numeric_input_ready != 1；保持未知，不以0替代缺值,1,两项单值暴露不足,0,0
SC6450VQ6B7BEV,2023-12-10,0,245,,,old-65-Word97--0-34,单值不足,numeric_input_ready != 1；保持未知，不以0替代缺值,1,两项单值暴露不足,0,0
SC6450VQ6B8BEV,2023-12-10,0,251,,,old-69-Word97--0-62,单值不足,numeric_input_ready != 1；保持未知，不以0替代缺值,1,两项单值暴露不足,0,0
SC6453BAABEV,2023-12-10,1,220,135.922330097087378640776699,,old-28-Word97--0-6,两项数值均达到常规阈值,numeric_input_ready=1; range_point < 200: 0; density_proxy_point < 125: 0,1,,0,0
SC6453BABBEV,2023-12-10,1,260,135.46925566343042071197411,,old-50-Word97--0-27,两项数值均达到常规阈值,numeric_input_ready=1; range_point < 200: 0; density_proxy_point < 125: 0,1,,0,0
SC6453BBABEV,2023-12-10,1,260,135.46925566343042071197411,,old-55-Word97--0-19,两项数值均达到常规阈值,numeric_input_ready=1; range_point < 200: 0; density_proxy_point < 125: 0,1,,0,0
SC6453BBBBEV,2023-12-10,1,270,135.46925566343042071197411,,old-55-Word97--0-20,两项数值均达到常规阈值,numeric_input_ready=1; range_point < 200: 0; density_proxy_point < 125: 0,1,,0,0
SC6453BBCBEV,2023-12-10,0,240,,,old-59-Word97--0-41,单值不足,numeric_input_ready != 1；保持未知，不以0替代缺值,1,两项单值暴露不足,0,0
SC6453BBDBEV,2023-12-10,0,240,,,old-59-Word97--0-40,单值不足,numeric_input_ready != 1；保持未知，不以0替代缺值,1,两项单值暴露不足,0,0
SC6453BBEBEV,2023-12-10,0,270,,,old-71-Word97--0-31,单值不足,numeric_input_ready != 1；保持未知，不以0替代缺值,1,两项单值暴露不足,0,0
SC6458ACBEV,2023-12-10,1,315,137.8378378378378378378378378,,old-15-PDF-grid-2-0-3,两项数值均达到常规阈值,numeric_input_ready=1; range_point < 200: 0; density_proxy_point < 125: 0,1,,0,0
SC6458AGBEV,2023-12-10,1,405,147.3684210526315789473684211,,old-20-DOCX--0-85,两项数值均达到常规阈值,numeric_input_ready=1; range_point < 200: 0; density_proxy_point < 125: 0,1,,0,0
SC6458AHBEV,2023-12-10,1,402,144.3037974683544303797468354,,old-22-Word97--0-43,两项数值均达到常规阈值,numeric_input_ready=1; range_point < 200: 0; density_proxy_point < 125: 0,1,,0,0
SC6458AJBEV,2023-12-10,1,405,161.7647058823529411764705882,,old-23-Word97--0-67,两项数值均达到常规阈值,numeric_input_ready=1; range_point < 200: 0; density_proxy_point < 125: 0,1,,0,0
SC6458FAABEV,2023-12-10,1,401,162.1621621621621621621621622,,old-24-Word97--4-18,两项数值均达到常规阈值,numeric_input_ready=1; range_point < 200: 0; density_proxy_point < 125: 0,1,,0,0
SC6458FAEBEV,2023-12-10,1,402,140.3544303797468354430379747,,old-46-Word97--0-10,两项数值均达到常规阈值,numeric_input_ready=1; range_point < 200: 0; density_proxy_point < 125: 0,1,,0,0
SC6459ABEV,2023-12-10,1,310,140.625,,old-17-PDF-grid-2-0-7,两项数值均达到常规阈值,numeric_input_ready=1; range_point < 200: 0; density_proxy_point < 125: 0,1,,0,0
SC6471EACBEV,2023-12-10,0,620,,,old-62-Word97--0-58,单值不足,numeric_input_ready != 1；保持未知，不以0替代缺值,1,两项单值暴露不足,0,0
SC6471EAEBEV,2023-12-10,1,520,169.1139240506329113924050633,,old-62-Word97--0-57,两项数值均达到常规阈值,numeric_input_ready=1; range_point < 200: 0; density_proxy_point < 125: 0,1,,0,0
SC6478AABBEV,2023-12-10,1,405,135.7466063348416289592760181,,old-27-Word97--0-36,两项数值均达到常规阈值,numeric_input_ready=1; range_point < 200: 0; density_proxy_point < 125: 0,1,,0,0
SC6480PQ6B1BEV,2023-12-10,0,251,,,old-69-Word97--0-63,单值不足,numeric_input_ready != 1；保持未知，不以0替代缺值,1,两项单值暴露不足,0,0
SC6483AAABEV,2023-12-10,1,260,135.46925566343042071197411,,old-45-Word97--0-17,两项数值均达到常规阈值,numeric_input_ready=1; range_point < 200: 0; density_proxy_point < 125: 0,1,,0,0
SC6483ABABEV,2023-12-10,1,270,135.46925566343042071197411,,old-55-Word97--0-18,两项数值均达到常规阈值,numeric_input_ready=1; range_point < 200: 0; density_proxy_point < 125: 0,1,,0,0
SC6483ABBBEV,2023-12-10,1,260,135.46925566343042071197411,,old-55-Word97--0-17,两项数值均达到常规阈值,numeric_input_ready=1; range_point < 200: 0; density_proxy_point < 125: 0,1,,0,0
SC6483ABCBEV,2023-12-10,0,260,,,old-59-Word97--0-39,单值不足,numeric_input_ready != 1；保持未知，不以0替代缺值,1,两项单值暴露不足,0,0
SC6483ABEBEV,2023-12-10,0,240,,,old-64-Word97--0-13,单值不足,numeric_input_ready != 1；保持未知，不以0替代缺值,1,两项单值暴露不足,0,0
SC6483ABFBEV,2023-12-10,0,270,,,old-70-Word97--0-13,单值不足,numeric_input_ready != 1；保持未知，不以0替代缺值,1,两项单值暴露不足,0,0
SC6484AAABEV,2023-12-10,1,401,127.4725274725274725274725275,,old-30-Word97--0-78,两项数值均达到常规阈值,numeric_input_ready=1; range_point < 200: 0; density_proxy_point < 125: 0,1,,0,0
SC6484ABABEV,2023-12-10,0,500,,,old-42-Word97--0-10,单值不足,numeric_input_ready != 1；保持未知，不以0替代缺值,1,两项单值暴露不足,0,0
SC6491EBABEV,2023-12-10,1,600,173.8076923076923076923076923,,old-53-Word97--0-33,两项数值均达到常规阈值,numeric_input_ready=1; range_point < 200: 0; density_proxy_point < 125: 0,1,,0,0
SC6491EBBBEV,2023-12-10,1,730,186.864,,old-56-Word97--0-44,两项数值均达到常规阈值,numeric_input_ready=1; range_point < 200: 0; density_proxy_point < 125: 0,1,,0,0
SC6491EBCBEV,2023-12-10,1,555,173.8076923076923076923076923,,old-56-Word97--0-43,两项数值均达到常规阈值,numeric_input_ready=1; range_point < 200: 0; density_proxy_point < 125: 0,1,,0,0
SC6491EBEBEV,2023-12-10,1,680,186.864,,old-57-Word97--0-43,两项数值均达到常规阈值,numeric_input_ready=1; range_point < 200: 0; density_proxy_point < 125: 0,1,,0,0
SC6491ECABEV,2023-12-10,1,705,187.7652733118971061093247588,,old-59-Word97--0-65,两项数值均达到常规阈值,numeric_input_ready=1; range_point < 200: 0; density_proxy_point < 125: 0,1,,0,0
SC6491ECBBEV,2023-12-10,1,600,173.8076923076923076923076923,,old-61-Word97--0-55,两项数值均达到常规阈值,numeric_input_ready=1; range_point < 200: 0; density_proxy_point < 125: 0,1,,0,0
SC6491ECFBEV,2023-12-10,1,630,173.8076923076923076923076923,,old-69-Word97--0-64,两项数值均达到常规阈值,numeric_input_ready=1; range_point < 200: 0; density_proxy_point < 125: 0,1,,0,0
SC6491ECGBEV,2023-12-10,1,580,173.8076923076923076923076923,,old-69-Word97--0-67,两项数值均达到常规阈值,numeric_input_ready=1; range_point < 200: 0; density_proxy_point < 125: 0,1,,0,0
SC6491ECHBEV,2023-12-10,1,730,187.7652733118971061093247588,,old-69-Word97--0-66,两项数值均达到常规阈值,numeric_input_ready=1; range_point < 200: 0; density_proxy_point < 125: 0,1,,0,0
SC6491ECJBEV,2023-12-10,1,700,186.864,,old-69-Word97--0-65,两项数值均达到常规阈值,numeric_input_ready=1; range_point < 200: 0; density_proxy_point < 125: 0,1,,0,0
SC7001AAABEV,2023-12-10,1,301,139.130434782608695652173913,,old-27-Word97--0-37,两项数值均达到常规阈值,numeric_input_ready=1; range_point < 200: 0; density_proxy_point < 125: 0,1,,0,0
SC7001ABABEV,2023-12-10,1,310,135.9649122807017543859649123,,old-37-Word97--0-38,两项数值均达到常规阈值,numeric_input_ready=1; range_point < 200: 0; density_proxy_point < 125: 0,1,,0,0
SC7001ABBBEV,2023-12-10,1,310,136.754385964912280701754386,,old-38-Word97--0-21,两项数值均达到常规阈值,numeric_input_ready=1; range_point < 200: 0; density_proxy_point < 125: 0,1,,0,0
SC7001ABCBEV,2023-12-10,1,301,136.754385964912280701754386,,old-38-Word97--0-3,两项数值均达到常规阈值,numeric_input_ready=1; range_point < 200: 0; density_proxy_point < 125: 0,1,,0,0
SC7001ABDBEV,2023-12-10,1,301,140,,old-38-Word97--0-5,两项数值均达到常规阈值,numeric_input_ready=1; range_point < 200: 0; density_proxy_point < 125: 0,1,,0,0
SC7001ABEBEV,2023-12-10,1,150,136.754385964912280701754386,,old-41-Word97--0-5,续航单项低于常规阈值,numeric_input_ready=1; range_point < 200: 1; density_proxy_point < 125: 0,1,,0,0
SC7001ABFBEV,2023-12-10,1,301,137.327586206896551724137931,,old-42-Word97--0-9,两项数值均达到常规阈值,numeric_input_ready=1; range_point < 200: 0; density_proxy_point < 125: 0,1,,0,0
SC7001ABGBEV,2023-12-10,1,301,128.5425101214574898785425101,,old-41-Word97--0-6,两项数值均达到常规阈值,numeric_input_ready=1; range_point < 200: 0; density_proxy_point < 125: 0,1,,0,0
SC7001ABHBEV,2023-12-10,1,310,129.3522267206477732793522267,,old-42-Word97--0-12,两项数值均达到常规阈值,numeric_input_ready=1; range_point < 200: 0; density_proxy_point < 125: 0,1,,0,0
SC7001ADBEV,2023-12-10,1,180,92.3694779116465863453815261,,old-09-PDF-grid-3-0-23,两项数值低于常规阈值,numeric_input_ready=1; range_point < 200: 1; density_proxy_point < 125: 1,1,,0,0
SC7001AEBEV,2023-12-10,1,210,109.8039215686274509803921569,,old-09-PDF-grid-3-0-24,密度代理单项低于常规阈值,numeric_input_ready=1; range_point < 200: 0; density_proxy_point < 125: 1,1,,0,0
SC7001AGBEV,2023-12-10,1,251,129.1666666666666666666666667,,old-12-PDF-grid-2-0-27,两项数值均达到常规阈值,numeric_input_ready=1; range_point < 200: 0; density_proxy_point < 125: 0,1,,0,0
SC7001AKBEV,2023-12-10,1,180,117.6470588235294117647058824,,old-12-PDF-grid-2-0-28,两项数值低于常规阈值,numeric_input_ready=1; range_point < 200: 1; density_proxy_point < 125: 1,1,,0,0
SC7001AMBEV,2023-12-10,0,210,,,old-18-Word97--0-41,单值不足,numeric_input_ready != 1；保持未知，不以0替代缺值,1,两项单值暴露不足,0,0
SC7001AQBEV,2023-12-10,0,316,,,old-17-PDF-grid-2-0-25,单值不足,numeric_input_ready != 1；保持未知，不以0替代缺值,1,两项单值暴露不足,0,0
SC7001ATBEV,2023-12-10,1,301,137.2549019607843137254901961,,old-19-DOCX--0-61,两项数值均达到常规阈值,numeric_input_ready=1; range_point < 200: 0; density_proxy_point < 125: 0,1,,0,0
SC7001BABEV,2023-12-10,1,205,141.8918918918918918918918919,,old-19-DOCX--0-62,两项数值均达到常规阈值,numeric_input_ready=1; range_point < 200: 0; density_proxy_point < 125: 0,1,,0,0
SC7001CAABEV,2023-12-10,1,152,94.44444444444444444444444444,,old-10-PDF-grid-3-0-11,两项数值低于常规阈值,numeric_input_ready=1; range_point < 200: 1; density_proxy_point < 125: 1,1,,0,0
SC7001CABBEV,2023-12-10,1,152,101.7964071856287425149700599,,old-10-PDF-grid-3-0-9,两项数值低于常规阈值,numeric_input_ready=1; range_point < 200: 1; density_proxy_point < 125: 1,1,,0,0
SC7001FAABEV,2023-12-10,1,155,117.4545454545454545454545455,,old-53-Word97--0-35,两项数值低于常规阈值,numeric_input_ready=1; range_point < 200: 1; density_proxy_point < 125: 1,1,,0,0
SC7001FACBEV,2023-12-10,1,210,127.8985507246376811594202899,,old-53-Word97--0-34,两项数值均达到常规阈值,numeric_input_ready=1; range_point < 200: 0; density_proxy_point < 125: 0,1,,0,0
SC7001FADBEV,2023-12-10,1,210,122.5694444444444444444444444,,old-53-Word97--0-36,密度代理单项低于常规阈值,numeric_input_ready=1; range_point < 200: 0; density_proxy_point < 125: 1,1,,0,0
SC7001FAEBEV,2023-12-10,1,210,122.5694444444444444444444444,,old-54-Word97--0-54,密度代理单项低于常规阈值,numeric_input_ready=1; range_point < 200: 0; density_proxy_point < 125: 1,1,,0,0
SC7001FAKBEV,2023-12-10,1,301,133.2857142857142857142857143,,old-54-Word97--0-55,两项数值均达到常规阈值,numeric_input_ready=1; range_point < 200: 0; density_proxy_point < 125: 0,1,,0,0
SC7001FALBEV,2023-12-10,1,155,117.4545454545454545454545455,,old-61-Word97--0-53,两项数值低于常规阈值,numeric_input_ready=1; range_point < 200: 1; density_proxy_point < 125: 1,1,,0,0
SC7001FAMBEV,2023-12-10,0,210,,,old-61-Word97--0-52,单值不足,numeric_input_ready != 1；保持未知，不以0替代缺值,1,两项单值暴露不足,0,0
SC7001FAQBEV,2023-12-10,1,301,133.2857142857142857142857143,,old-61-Word97--0-54,两项数值均达到常规阈值,numeric_input_ready=1; range_point < 200: 0; density_proxy_point < 125: 0,1,,0,0
SC7001FARBEV,2023-12-10,1,205,111.7088607594936708860759494,,old-67-Word97--0-24,密度代理单项低于常规阈值,numeric_input_ready=1; range_point < 200: 0; density_proxy_point < 125: 1,1,,0,0
SC7001FASBEV,2023-12-10,1,301,129.4009216589861751152073733,,old-67-Word97--0-23,两项数值均达到常规阈值,numeric_input_ready=1; range_point < 200: 0; density_proxy_point < 125: 0,1,,0,0
SC7001FATBEV,2023-12-10,1,205,111.7088607594936708860759494,,old-69-Word97--0-60,密度代理单项低于常规阈值,numeric_input_ready=1; range_point < 200: 0; density_proxy_point < 125: 1,1,,0,0
SC7001FAUBEV,2023-12-10,1,301,129.4009216589861751152073733,,old-69-Word97--0-61,两项数值均达到常规阈值,numeric_input_ready=1; range_point < 200: 0; density_proxy_point < 125: 0,1,,0,0
SC7001GAABEV,2023-12-10,1,650,170.9403254972875226039783002,,old-68-Word97--0-28,两项数值均达到常规阈值,numeric_input_ready=1; range_point < 200: 0; density_proxy_point < 125: 0,1,,0,0
SC7001GBABEV,2023-12-10,1,700,170.9403254972875226039783002,,old-68-Word97--0-27,两项数值均达到常规阈值,numeric_input_ready=1; range_point < 200: 0; density_proxy_point < 125: 0,1,,0,0
SC7002AACBEV,2023-12-10,1,305,160.9756097560975609756097561,,old-24-Word97--2-6,两项数值均达到常规阈值,numeric_input_ready=1; range_point < 200: 0; density_proxy_point < 125: 0,1,,0,0
SC7002BAABEV,2023-12-10,1,251,159.2356687898089171974522293,,old-25-Word97--0-95,两项数值均达到常规阈值,numeric_input_ready=1; range_point < 200: 0; density_proxy_point < 125: 0,1,,0,0
SC7003AAABEV,2023-12-10,1,521,164.8648648648648648648648649,,old-26-DOCX--0-65,两项数值均达到常规阈值,numeric_input_ready=1; range_point < 200: 0; density_proxy_point < 125: 0,1,,0,0
SC7003AABBEV,2023-12-10,1,405,149.2957746478873239436619718,,old-26-DOCX--0-66,两项数值均达到常规阈值,numeric_input_ready=1; range_point < 200: 0; density_proxy_point < 125: 0,1,,0,0
SC7003AABEV,2023-12-10,1,200,96.77419354838709677419354839,,old-06-PDF-grid-2-0-18,密度代理单项低于常规阈值,numeric_input_ready=1; range_point < 200: 0; density_proxy_point < 125: 1,1,,0,0
SC7003AACBEV,2023-12-10,1,405,149.2957746478873239436619718,,old-33-Word97--0-46,两项数值均达到常规阈值,numeric_input_ready=1; range_point < 200: 0; density_proxy_point < 125: 0,1,,0,0
SC7003AAEBEV,2023-12-10,1,405,149.2957746478873239436619718,,old-26-DOCX--0-67,两项数值均达到常规阈值,numeric_input_ready=1; range_point < 200: 0; density_proxy_point < 125: 0,1,,0,0
SC7003AAFBEV,2023-12-10,1,405,150,,old-38-Word97--0-19,两项数值均达到常规阈值,numeric_input_ready=1; range_point < 200: 0; density_proxy_point < 125: 0,1,,0,0
SC7003ABBEV,2023-12-10,1,200,96.77419354838709677419354839,,old-09-PDF-grid-2-0-4,密度代理单项低于常规阈值,numeric_input_ready=1; range_point < 200: 0; density_proxy_point < 125: 1,1,,0,0
SC7003ACBEV,2023-12-10,1,300,121.6216216216216216216216216,,old-11-PDF-grid-2-0-11,密度代理单项低于常规阈值,numeric_input_ready=1; range_point < 200: 0; density_proxy_point < 125: 1,1,,0,0
SC7003ADABEV,2023-12-10,1,425,149.2957746478873239436619718,,old-28-Word97--0-14,两项数值均达到常规阈值,numeric_input_ready=1; range_point < 200: 0; density_proxy_point < 125: 0,1,,0,0
SC7003AEBEV,2023-12-10,1,405,142.4731182795698924731182796,,old-17-PDF-grid-3-0-4,两项数值均达到常规阈值,numeric_input_ready=1; range_point < 200: 0; density_proxy_point < 125: 0,1,,0,0
SC7003AEV,2023-12-10,1,160,73.52941176470588235294117647,,old-03-PDF-grid-1-0-12,两项数值低于常规阈值,numeric_input_ready=1; range_point < 200: 1; density_proxy_point < 125: 1,1,,0,0
SC7003AGABEV,2023-12-10,1,401,127.3209549071618037135278515,,old-37-Word97--0-39,两项数值均达到常规阈值,numeric_input_ready=1; range_point < 200: 0; density_proxy_point < 125: 0,1,,0,0
SC7003AGBBEV,2023-12-10,1,365,123.2796892341842397336293008,,old-38-Word97--0-4,密度代理单项低于常规阈值,numeric_input_ready=1; range_point < 200: 0; density_proxy_point < 125: 1,1,,0,0
SC7003AGCBEV,2023-12-10,1,401,126.8720127456186935740839087,,old-38-Word97--0-20,两项数值均达到常规阈值,numeric_input_ready=1; range_point < 200: 0; density_proxy_point < 125: 0,1,,0,0
SC7003AGDBEV,2023-12-10,1,365,123.2796892341842397336293008,,old-39-Word97--0-30,密度代理单项低于常规阈值,numeric_input_ready=1; range_point < 200: 0; density_proxy_point < 125: 1,1,,0,0
SC7003AGEBEV,2023-12-10,1,401,162.5454545454545454545454545,,old-41-Word97--0-4,两项数值均达到常规阈值,numeric_input_ready=1; range_point < 200: 0; density_proxy_point < 125: 0,1,,0,0
SC7003AGFBEV,2023-12-10,1,401,162.5454545454545454545454545,,old-41-Word97--0-25,两项数值均达到常规阈值,numeric_input_ready=1; range_point < 200: 0; density_proxy_point < 125: 0,1,,0,0
SC7003AHBEV,2023-12-10,1,405,145.2054794520547945205479452,,old-20-DOCX--0-86,两项数值均达到常规阈值,numeric_input_ready=1; range_point < 200: 0; density_proxy_point < 125: 0,1,,0,0
SC7003ALBEV,2023-12-10,1,405,142.4731182795698924731182796,,old-22-Word97--0-44,两项数值均达到常规阈值,numeric_input_ready=1; range_point < 200: 0; density_proxy_point < 125: 0,1,,0,0
SC7004CABEV,2023-12-10,1,300,125.7309941520467836257309942,,old-12-PDF-grid-1-0-14,两项数值均达到常规阈值,numeric_input_ready=1; range_point < 200: 0; density_proxy_point < 125: 0,1,,0,0
SC7004CBBEV,2023-12-10,1,300,125.7309941520467836257309942,,old-12-PDF-grid-2-0-29,两项数值均达到常规阈值,numeric_input_ready=1; range_point < 200: 0; density_proxy_point < 125: 0,1,,0,0
SC7004CCBEV,2023-12-10,1,401,139.130434782608695652173913,,old-24-Word97--4-17,两项数值均达到常规阈值,numeric_input_ready=1; range_point < 200: 0; density_proxy_point < 125: 0,1,,0,0
SC7004DBBEV,2023-12-10,1,351,137.640449438202247191011236,,old-18-Word97--0-39,两项数值均达到常规阈值,numeric_input_ready=1; range_point < 200: 0; density_proxy_point < 125: 0,1,,0,0
SC7005AABBEV,2023-12-10,1,605,154.1284403669724770642201835,,old-27-Word97--0-38,两项数值均达到常规阈值,numeric_input_ready=1; range_point < 200: 0; density_proxy_point < 125: 0,1,,0,0
SC7005AACBEV,2023-12-10,1,403,148.0446927374301675977653631,,mf29-t0-r19,两项数值均达到常规阈值,numeric_input_ready=1; range_point < 200: 0; density_proxy_point < 125: 0,1,,0,0
SC7005AADBEV,2023-12-10,1,403,147.2067039106145251396648045,,old-39-Word97--0-32,两项数值均达到常规阈值,numeric_input_ready=1; range_point < 200: 0; density_proxy_point < 125: 0,1,,0,0
SC7005AAEBEV,2023-12-10,1,605,154.5688073394495412844036697,,old-39-Word97--0-31,两项数值均达到常规阈值,numeric_input_ready=1; range_point < 200: 0; density_proxy_point < 125: 0,1,,0,0
SC7006AABBEV,2023-12-10,1,515,169.3877551020408163265306122,,old-56-Word97--0-47,两项数值均达到常规阈值,numeric_input_ready=1; range_point < 200: 0; density_proxy_point < 125: 0,1,,0,0
SC7006AACBEV,2023-12-10,1,515,130.8666666666666666666666667,,old-56-Word97--0-45,两项数值均达到常规阈值,numeric_input_ready=1; range_point < 200: 0; density_proxy_point < 125: 0,1,,0,0
SC7006AAEBEV,2023-12-10,1,705,170.1489361702127659574468085,,old-57-Word97--0-42,两项数值均达到常规阈值,numeric_input_ready=1; range_point < 200: 0; density_proxy_point < 125: 0,1,,0,0
SC7006AAFBEV,2023-12-10,1,515,167.9190751445086705202312139,,old-56-Word97--0-46,两项数值均达到常规阈值,numeric_input_ready=1; range_point < 200: 0; density_proxy_point < 125: 0,1,,0,0
SC7006AAQBEV,2023-12-10,1,610,169.1139240506329113924050633,,old-65-Word97--0-35,两项数值均达到常规阈值,numeric_input_ready=1; range_point < 200: 0; density_proxy_point < 125: 0,1,,0,0
SC7007AAABEV,2023-12-10,1,515,169.3877551020408163265306122,,old-65-Word97--0-32,两项数值均达到常规阈值,numeric_input_ready=1; range_point < 200: 0; density_proxy_point < 125: 0,1,,0,0
SC7007AABBEV,2023-12-10,1,710,166.6041666666666666666666667,,old-65-Word97--0-33,两项数值均达到常规阈值,numeric_input_ready=1; range_point < 200: 0; density_proxy_point < 125: 0,1,,0,0
SCH6431BEV,2023-12-10,1,233,122.6415094339622641509433962,,old-12-PDF-grid-2-0-12,密度代理单项低于常规阈值,numeric_input_ready=1; range_point < 200: 0; density_proxy_point < 125: 1,1,,0,0
SCH6431BEV1,2023-12-10,1,305,151.7241379310344827586206897,,old-19-DOCX--0-42,两项数值均达到常规阈值,numeric_input_ready=1; range_point < 200: 0; density_proxy_point < 125: 0,1,,0,0
SCH6450BEV,2023-12-10,1,350,136.3636363636363636363636364,,old-32-Word97--0-34,两项数值均达到常规阈值,numeric_input_ready=1; range_point < 200: 0; density_proxy_point < 125: 0,1,,0,0
SCH6450BEVC,2023-12-10,1,402,144.3037974683544303797468354,,old-33-Word97--0-60,两项数值均达到常规阈值,numeric_input_ready=1; range_point < 200: 0; density_proxy_point < 125: 0,1,,0,0
SCH7002BEV,2023-12-10,0,175,,,old-34-Word97--0-48,单值不足,numeric_input_ready != 1；保持未知，不以0替代缺值,1,两项单值暴露不足,0,0
SDE7001BCGBEV,2023-12-10,1,305,141.9558359621451104100946372,,old-27-Word97--0-61,两项数值均达到常规阈值,numeric_input_ready=1; range_point < 200: 0; density_proxy_point < 125: 0,1,,0,0
SDE7001DBCBEV,2023-12-10,1,152,103.8961038961038961038961039,,old-34-Word97--0-53,两项数值低于常规阈值,numeric_input_ready=1; range_point < 200: 1; density_proxy_point < 125: 1,1,,0,0
SDE7001DCFBEV,2023-12-10,1,270,126.984126984126984126984127,,old-24-Word97--2-4,两项数值均达到常规阈值,numeric_input_ready=1; range_point < 200: 0; density_proxy_point < 125: 0,1,,0,0
SDE7001DCGBEV,2023-12-10,1,305,141.9558359621451104100946372,,old-28-Word97--0-21,两项数值均达到常规阈值,numeric_input_ready=1; range_point < 200: 0; density_proxy_point < 125: 0,1,,0,0
SDH6440BEVGL,2023-12-10,1,266,125,,old-06-PDF-grid-2-0-4,两项数值均达到常规阈值,numeric_input_ready=1; range_point < 200: 0; density_proxy_point < 125: 0,1,,0,0
SDH6450BEVSL,2023-12-10,1,200,92.59259259259259259259259259,,old-09-PDF-grid-2-0-28,密度代理单项低于常规阈值,numeric_input_ready=1; range_point < 200: 0; density_proxy_point < 125: 1,1,,0,0
SDH6460BEVDL,2023-12-10,1,160,92.59259259259259259259259259,,old-09-PDF-grid-2-0-29,两项数值低于常规阈值,numeric_input_ready=1; range_point < 200: 1; density_proxy_point < 125: 1,1,,0,0
SDH7000BEVBL,2023-12-10,1,195,100.5747126436781609195402299,,old-06-PDF-grid-2-0-3,两项数值低于常规阈值,numeric_input_ready=1; range_point < 200: 1; density_proxy_point < 125: 1,1,,0,0
SDH7000BEVYL,2023-12-10,1,160,83.33333333333333333333333333,,old-09-PDF-grid-3-0-2,两项数值低于常规阈值,numeric_input_ready=1; range_point < 200: 1; density_proxy_point < 125: 1,1,,0,0
SDH7000BEVZL,2023-12-10,1,155,79.24528301886792452830188679,,old-09-PDF-grid-3-0-3,两项数值低于常规阈值,numeric_input_ready=1; range_point < 200: 1; density_proxy_point < 125: 1,1,,0,0
SGA6320BEVSH61B,2023-12-10,1,201,107.5974025974025974025974026,CLTC,old-61-Word97--0-18,密度代理单项低于常规阈值,numeric_input_ready=1; range_point < 200: 0; density_proxy_point < 125: 1,1,,0,0
SGA6460BEV,2023-12-10,1,350,122.2222222222222222222222222,,old-26-DOCX--0-29,密度代理单项低于常规阈值,numeric_input_ready=1; range_point < 200: 0; density_proxy_point < 125: 1,1,,0,0
SGA6470BEV,2023-12-10,1,350,140.1253132832080200501253133,,old-50-Word97--0-14,两项数值均达到常规阈值,numeric_input_ready=1; range_point < 200: 0; density_proxy_point < 125: 0,1,,0,0
SGA7000BEV,2023-12-10,1,401,156.0344827586206896551724138,,old-50-Word97--0-12,两项数值均达到常规阈值,numeric_input_ready=1; range_point < 200: 0; density_proxy_point < 125: 0,1,,0,0
SGA7000BEV1,2023-12-10,1,401,156.0344827586206896551724138,,old-50-Word97--0-13,两项数值均达到常规阈值,numeric_input_ready=1; range_point < 200: 0; density_proxy_point < 125: 0,1,,0,0
SGA7000BEV2,2023-12-10,1,401,156.3583815028901734104046243,,old-50-Word97--0-15,两项数值均达到常规阈值,numeric_input_ready=1; range_point < 200: 0; density_proxy_point < 125: 0,1,,0,0
SGA7000BEV3,2023-12-10,1,401,156.3583815028901734104046243,,old-50-Word97--0-11,两项数值均达到常规阈值,numeric_input_ready=1; range_point < 200: 0; density_proxy_point < 125: 0,1,,0,0
SGM6483BABEV,2023-12-10,1,536,158.7006960556844547563805104,,old-69-Word97--0-8,两项数值均达到常规阈值,numeric_input_ready=1; range_point < 200: 0; density_proxy_point < 125: 0,1,,0,0
SGM6483BBBEV,2023-12-10,1,615,152.3900573613766730401529637,,old-69-Word97--0-9,两项数值均达到常规阈值,numeric_input_ready=1; range_point < 200: 0; density_proxy_point < 125: 0,1,,0,0
SGM6483BCBEV,2023-12-10,1,600,152.3900573613766730401529637,,old-69-Word97--0-10,两项数值均达到常规阈值,numeric_input_ready=1; range_point < 200: 0; density_proxy_point < 125: 0,1,,0,0
SGM6484BABEV,2023-12-10,1,600,152.3900573613766730401529637,,old-70-Word97--0-11,两项数值均达到常规阈值,numeric_input_ready=1; range_point < 200: 0; density_proxy_point < 125: 0,1,,0,0
SGM6491BABEV,2023-12-10,1,545,158.7006960556844547563805104,,old-61-Word97--0-38,两项数值均达到常规阈值,numeric_input_ready=1; range_point < 200: 0; density_proxy_point < 125: 0,1,,0,0
SGM6491BBBEV,2023-12-10,1,620,152.3900573613766730401529637,,old-64-Word97--0-9,两项数值均达到常规阈值,numeric_input_ready=1; range_point < 200: 0; density_proxy_point < 125: 0,1,,0,0
SGM6491BCBEV,2023-12-10,0,,152.3900573613766730401529637,,old-65-Word97--0-11,单值不足,numeric_input_ready != 1；保持未知，不以0替代缺值,1,两项单值暴露不足,0,0
SGM6500BABEV,2023-12-10,1,653,154.3548387096774193548387097,,old-51-Word97--0-23,两项数值均达到常规阈值,numeric_input_ready=1; range_point < 200: 0; density_proxy_point < 125: 0,1,,0,0
SGM6500BBBEV,2023-12-10,1,608,154.3548387096774193548387097,,old-57-Word97--0-37,两项数值均达到常规阈值,numeric_input_ready=1; range_point < 200: 0; density_proxy_point < 125: 0,1,,0,0
SGM6500BCBEV,2023-12-10,1,502,157.9676674364896073903002309,,old-62-Word97--0-8,两项数值均达到常规阈值,numeric_input_ready=1; range_point < 200: 0; density_proxy_point < 125: 0,1,,0,0
SGM6500BDBEV,2023-12-10,1,653,154.3548387096774193548387097,,old-62-Word97--0-6,两项数值均达到常规阈值,numeric_input_ready=1; range_point < 200: 0; density_proxy_point < 125: 0,1,,0,0
SGM6500BEBEV,2023-12-10,1,608,154.3548387096774193548387097,,old-text-correction-64-SGM6500BEBEV,两项数值均达到常规阈值,numeric_input_ready=1; range_point < 200: 0; density_proxy_point < 125: 0,1,,0,0
SGM7001EV,2023-12-10,1,152,79.24528301886792452830188679,,old-01-PDF-grid-1-0-14,两项数值低于常规阈值,numeric_input_ready=1; range_point < 200: 1; density_proxy_point < 125: 1,1,,0,0
SGM7002BABEV,2023-12-10,1,530,121.4953271028037383177570093,,old-62-Word97--0-9,密度代理单项低于常规阈值,numeric_input_ready=1; range_point < 200: 0; density_proxy_point < 125: 1,1,,0,0
SGM7002BBBEV,2023-12-10,1,650,152.3900573613766730401529637,,old-65-Word97--0-9,两项数值均达到常规阈值,numeric_input_ready=1; range_point < 200: 0; density_proxy_point < 125: 0,1,,0,0
SGM7002BCBEV,2023-12-10,1,620,152.3900573613766730401529637,,old-65-Word97--0-10,两项数值均达到常规阈值,numeric_input_ready=1; range_point < 200: 0; density_proxy_point < 125: 0,1,,0,0
SGM7007LABEV,2023-12-10,1,410,138.7434554973821989528795812,,old-27-Word97--0-8,两项数值均达到常规阈值,numeric_input_ready=1; range_point < 200: 0; density_proxy_point < 125: 0,1,,0,0
SGM7007LBBEV,2023-12-10,1,518,156.265984654731457800511509,,old-45-Word97--0-31,两项数值均达到常规阈值,numeric_input_ready=1; range_point < 200: 0; density_proxy_point < 125: 0,1,,0,0
SGM7008GBBEV,2023-12-10,1,500,130.5361305361305361305361305,,old-30-Word97--0-58,两项数值均达到常规阈值,numeric_input_ready=1; range_point < 200: 0; density_proxy_point < 125: 0,1,,0,0
SGM7008GCBEV,2023-12-10,1,500,129.6037296037296037296037296,,old-38-Word97--0-30,两项数值均达到常规阈值,numeric_input_ready=1; range_point < 200: 0; density_proxy_point < 125: 0,1,,0,0
SGM7008LEBEV,2023-12-10,1,250,132.0754716981132075471698113,,old-22-Word97--0-7,两项数值均达到常规阈值,numeric_input_ready=1; range_point < 200: 0; density_proxy_point < 125: 0,1,,0,0
SGM7008LFBEV,2023-12-10,1,301,132.0754716981132075471698113,,old-23-Word97--0-47,两项数值均达到常规阈值,numeric_input_ready=1; range_point < 200: 0; density_proxy_point < 125: 0,1,,0,0
SGM7008LHBEV,2023-12-10,1,410,138.7434554973821989528795812,,old-26-DOCX--0-43,两项数值均达到常规阈值,numeric_input_ready=1; range_point < 200: 0; density_proxy_point < 125: 0,1,,0,0
SGM7008LKBEV,2023-12-10,1,518,156.265984654731457800511509,,old-46-Word97--0-53,两项数值均达到常规阈值,numeric_input_ready=1; range_point < 200: 0; density_proxy_point < 125: 0,1,,0,0
SGM7008LLBEV,2023-12-10,1,430,134.491978609625668449197861,,old-67-Word97--0-4,两项数值均达到常规阈值,numeric_input_ready=1; range_point < 200: 0; density_proxy_point < 125: 0,1,,0,0
SH6471P1BEV,2023-12-10,1,350,158.2089552238805970149253731,,old-30-Word97--0-48,两项数值均达到常规阈值,numeric_input_ready=1; range_point < 200: 0; density_proxy_point < 125: 0,1,,0,0
SH6472P1BEV,2023-12-10,1,510,175,,old-32-Word97--0-12,两项数值均达到常规阈值,numeric_input_ready=1; range_point < 200: 0; density_proxy_point < 125: 0,1,,0,0
SH6473P1BEV-6,2023-12-10,1,410,165.1351351351351351351351351,,old-63-Word97--0-14,两项数值均达到常规阈值,numeric_input_ready=1; range_point < 200: 0; density_proxy_point < 125: 0,1,,0,0
SH6473P1BEV-7,2023-12-10,1,510,175,,old-63-Word97--0-12,两项数值均达到常规阈值,numeric_input_ready=1; range_point < 200: 0; density_proxy_point < 125: 0,1,,0,0
SH6480U1BEV-J51,2023-12-10,1,350,131.7829457364341085271317829,,old-69-Word97--0-20,两项数值均达到常规阈值,numeric_input_ready=1; range_point < 200: 0; density_proxy_point < 125: 0,1,,0,0
SH6481N1BEV,2023-12-10,1,350,158.2089552238805970149253731,,old-25-Word97--0-71,两项数值均达到常规阈值,numeric_input_ready=1; range_point < 200: 0; density_proxy_point < 125: 0,1,,0,0
SH6485N1BEV,2023-12-10,1,420,164.8648648648648648648648649,,old-33-Word97--0-21,两项数值均达到常规阈值,numeric_input_ready=1; range_point < 200: 0; density_proxy_point < 125: 0,1,,0,0
SH6485N1BEV-7,2023-12-10,1,510,175,,old-42-Word97--0-46,两项数值均达到常规阈值,numeric_input_ready=1; range_point < 200: 0; density_proxy_point < 125: 0,1,,0,0
SH6486N1BEV-6,2023-12-10,1,410,165.1351351351351351351351351,,old-63-Word97--0-11,两项数值均达到常规阈值,numeric_input_ready=1; range_point < 200: 0; density_proxy_point < 125: 0,1,,0,0
SH6486N1BEV-7,2023-12-10,1,510,175,,old-63-Word97--0-13,两项数值均达到常规阈值,numeric_input_ready=1; range_point < 200: 0; density_proxy_point < 125: 0,1,,0,0
SH6491A1BEV-5,2023-12-10,0,,133.7662337662337662337662338,,old-57-Word97--0-19,单值不足,numeric_input_ready != 1；保持未知，不以0替代缺值,1,两项单值暴露不足,0,0
SH6491N1BEV-6,2023-12-10,1,410,138.8286334056399132321041215,,old-65-Word97--0-17,两项数值均达到常规阈值,numeric_input_ready=1; range_point < 200: 0; density_proxy_point < 125: 0,1,,0,0
SH6491N1BEV-8,2023-12-10,1,527,177.0114942528735632183908046,,old-65-Word97--0-18,两项数值均达到常规阈值,numeric_input_ready=1; range_point < 200: 0; density_proxy_point < 125: 0,1,,0,0
SH6491N1BEV-9,2023-12-10,1,605,187.5,,old-65-Word97--0-16,两项数值均达到常规阈值,numeric_input_ready=1; range_point < 200: 0; density_proxy_point < 125: 0,1,,0,0
SH6491N1SEV-9,2023-12-10,0,,,,old-65-Word97--0-15,单值不足,numeric_input_ready != 1；保持未知，不以0替代缺值,1,两项单值暴露不足,0,0
SH6521C1BEV,2023-12-10,1,155,85.71428571428571428571428571,,old-06-PDF-grid-2-0-8,两项数值低于常规阈值,numeric_input_ready=1; range_point < 200: 1; density_proxy_point < 125: 1,1,,0,0
SH6522C1BEV,2023-12-10,1,200,91.52542372881355932203389831,,old-10-PDF-grid-3-0-8,密度代理单项低于常规阈值,numeric_input_ready=1; range_point < 200: 0; density_proxy_point < 125: 1,1,,0,0
SH6523C1BEV,2023-12-10,1,308,131.3868613138686131386861314,,old-19-DOCX--0-43,两项数值均达到常规阈值,numeric_input_ready=1; range_point < 200: 0; density_proxy_point < 125: 0,1,,0,0
SH6531T1BEV-8,2023-12-10,1,480,177.0114942528735632183908046,,old-60-Word97--0-23,两项数值均达到常规阈值,numeric_input_ready=1; range_point < 200: 0; density_proxy_point < 125: 0,1,,0,0
SH6531T1BEV-9,2023-12-10,1,540,187.5,,old-50-Word97--0-51,两项数值均达到常规阈值,numeric_input_ready=1; range_point < 200: 0; density_proxy_point < 125: 0,1,,0,0
SH6531T1SEV-9,2023-12-10,0,,,,old-61-Word97--0-25,单值不足,numeric_input_ready != 1；保持未知，不以0替代缺值,1,两项单值暴露不足,0,0
SH6532T1BEV-9,2023-12-10,1,560,187.5,,old-50-Word97--0-52,两项数值均达到常规阈值,numeric_input_ready=1; range_point < 200: 0; density_proxy_point < 125: 0,1,,0,0
SH6551J1BEV-1,2023-12-10,1,339,133.3333333333333333333333333,,old-38-Word97--0-31,两项数值均达到常规阈值,numeric_input_ready=1; range_point < 200: 0; density_proxy_point < 125: 0,1,,0,0
SH6551J1BEV-3,2023-12-10,1,350,133.3333333333333333333333333,,old-42-Word97--0-45,两项数值均达到常规阈值,numeric_input_ready=1; range_point < 200: 0; density_proxy_point < 125: 0,1,,0,0
SH6551J1BEV-4,2023-12-10,0,350,,,old-48-Word97--0-46,单值不足,numeric_input_ready != 1；保持未知，不以0替代缺值,1,两项单值暴露不足,0,0
SH6551J2BEV-4,2023-12-10,0,340,,,old-57-Word97--0-18,单值不足,numeric_input_ready != 1；保持未知，不以0替代缺值,1,两项单值暴露不足,0,0
SH6591J1BEV-1,2023-12-10,1,305,133.3333333333333333333333333,,old-46-Word97--0-55,两项数值均达到常规阈值,numeric_input_ready=1; range_point < 200: 0; density_proxy_point < 125: 0,1,,0,0
SH6591J1BEV-3,2023-12-10,0,350,,,old-46-Word97--0-56,单值不足,numeric_input_ready != 1；保持未知，不以0替代缺值,1,两项单值暴露不足,0,0
SH6591J2BEV-3,2023-12-10,0,340,,,old-46-Word97--0-54,单值不足,numeric_input_ready != 1；保持未知，不以0替代缺值,1,两项单值暴露不足,0,0
SKE6470SBEVA1S,2023-12-10,1,500,150.4444444444444444444444444,,old-38-Word97--0-28,两项数值均达到常规阈值,numeric_input_ready=1; range_point < 200: 0; density_proxy_point < 125: 0,1,,0,0
SKE6470SBEVA3S,2023-12-10,1,510,150.4444444444444444444444444,,old-41-Word97--0-28,两项数值均达到常规阈值,numeric_input_ready=1; range_point < 200: 0; density_proxy_point < 125: 0,1,,0,0
SKE6470SBEVA4S,2023-12-10,1,510,150.4444444444444444444444444,,old-41-Word97--0-29,两项数值均达到常规阈值,numeric_input_ready=1; range_point < 200: 0; density_proxy_point < 125: 0,1,,0,0
SKE6470SBEVA5S,2023-12-10,1,520,136.6273504273504273504273504,,old-61-Word97--0-17,两项数值均达到常规阈值,numeric_input_ready=1; range_point < 200: 0; density_proxy_point < 125: 0,1,,0,0
SKE6470SBEVA7S,2023-12-10,1,630,154.4529914529914529914529915,,old-65-Word97--0-49,两项数值均达到常规阈值,numeric_input_ready=1; range_point < 200: 0; density_proxy_point < 125: 0,1,,0,0
SKE6470SBEVR1,2023-12-10,1,502,150.4273504273504273504273504,,old-30-Word97--0-37,两项数值均达到常规阈值,numeric_input_ready=1; range_point < 200: 0; density_proxy_point < 125: 0,1,,0,0
SKE6470SBEVR2,2023-12-10,1,600,136.6273504273504273504273504,,old-61-Word97--0-16,两项数值均达到常规阈值,numeric_input_ready=1; range_point < 200: 0; density_proxy_point < 125: 0,1,,0,0
SKE6470SBEVR3,2023-12-10,1,710,154.4529914529914529914529915,,old-65-Word97--0-50,两项数值均达到常规阈值,numeric_input_ready=1; range_point < 200: 0; density_proxy_point < 125: 0,1,,0,0
SKE6480SBEVA1S,2023-12-10,1,534,136.6273504273504273504273504,,old-66-Word97--0-35,两项数值均达到常规阈值,numeric_input_ready=1; range_point < 200: 0; density_proxy_point < 125: 0,1,,0,0
SKE6480SBEVAS,2023-12-10,1,500,136.6273504273504273504273504,,old-56-Word97--0-19,两项数值均达到常规阈值,numeric_input_ready=1; range_point < 200: 0; density_proxy_point < 125: 0,1,,0,0
SKE6480SBEVR,2023-12-10,1,540,136.6273504273504273504273504,,old-56-Word97--0-20,两项数值均达到常规阈值,numeric_input_ready=1; range_point < 200: 0; density_proxy_point < 125: 0,1,,0,0
SKE6480SBEVR1,2023-12-10,1,602,136.6273504273504273504273504,,old-66-Word97--0-36,两项数值均达到常规阈值,numeric_input_ready=1; range_point < 200: 0; density_proxy_point < 125: 0,1,,0,0
SKE6520SBEVA2S,2023-12-10,1,585,186.0609523809523809523809524,,old-71-Word97--0-60,两项数值均达到常规阈值,numeric_input_ready=1; range_point < 200: 0; density_proxy_point < 125: 0,1,,0,0
SKE6520SBEVAS,2023-12-10,1,630,186.0609523809523809523809524,,old-70-Word97--0-45,两项数值均达到常规阈值,numeric_input_ready=1; range_point < 200: 0; density_proxy_point < 125: 0,1,,0,0
SKE7000BEVF,2023-12-10,0,305,,,old-21-DOCX--0-31,单值不足,numeric_input_ready != 1；保持未知，不以0替代缺值,1,两项单值暴露不足,0,0
SKE7000BEVF3,2023-12-10,0,405,,,old-24-Word97--1-21,单值不足,numeric_input_ready != 1；保持未知，不以0替代缺值,1,两项单值暴露不足,0,0
SKE7000BEVF4,2023-12-10,0,405,,,old-24-Word97--2-2,单值不足,numeric_input_ready != 1；保持未知，不以0替代缺值,1,两项单值暴露不足,0,0
SKE7000BEVF5,2023-12-10,0,405,,,old-26-DOCX--0-26,单值不足,numeric_input_ready != 1；保持未知，不以0替代缺值,1,两项单值暴露不足,0,0
SKE7000BEVF6,2023-12-10,0,405,,,old-26-DOCX--0-27,单值不足,numeric_input_ready != 1；保持未知，不以0替代缺值,1,两项单值暴露不足,0,0
SKE7000BEVF7,2023-12-10,0,405,,,old-35-Word97--0-33,单值不足,numeric_input_ready != 1；保持未知，不以0替代缺值,1,两项单值暴露不足,0,0
SKE7000BEVF8,2023-12-10,1,405,159.1,,old-45-Word97--0-54,两项数值均达到常规阈值,numeric_input_ready=1; range_point < 200: 0; density_proxy_point < 125: 0,1,,0,0
SKE7001BEVF,2023-12-10,0,305,,,old-21-DOCX--0-32,单值不足,numeric_input_ready != 1；保持未知，不以0替代缺值,1,两项单值暴露不足,0,0
SKE7002BEVF,2023-12-10,0,305,,,old-22-Word97--0-60,单值不足,numeric_input_ready != 1；保持未知，不以0替代缺值,1,两项单值暴露不足,0,0
SMA7000BEV,2023-12-10,0,150,,,old-01-PDF-grid-1-0-16,单值不足,numeric_input_ready != 1；保持未知，不以0替代缺值,1,两项单值暴露不足,0,0
SMA7000BEV01,2023-12-10,1,152,85.71428571428571428571428571,,old-04-PDF-grid-2-0-7,两项数值低于常规阈值,numeric_input_ready=1; range_point < 200: 1; density_proxy_point < 125: 1,1,,0,0
SMA7000BEV02,2023-12-10,1,150,116.6666666666666666666666667,,old-04-PDF-grid-2-0-2,两项数值低于常规阈值,numeric_input_ready=1; range_point < 200: 1; density_proxy_point < 125: 1,1,,0,0
SMA7000BEV03,2023-12-10,1,80,72.36842105263157894736842105,,old-04-PDF-grid-2-0-3,两项数值低于常规阈值,numeric_input_ready=1; range_point < 200: 1; density_proxy_point < 125: 1,1,,0,0
SMA7000BEV05,2023-12-10,1,152,108.6956521739130434782608696,,old-07-PDF-grid-2-0-2,两项数值低于常规阈值,numeric_input_ready=1; range_point < 200: 1; density_proxy_point < 125: 1,1,,0,0
SMA7000BEV06,2023-12-10,1,151,108.6956521739130434782608696,,old-06-PDF-grid-2-0-13,两项数值低于常规阈值,numeric_input_ready=1; range_point < 200: 1; density_proxy_point < 125: 1,1,,0,0
SMA7000BEV20,2023-12-10,1,158,120.2531645569620253164556962,,old-14-Word97--0-22,两项数值低于常规阈值,numeric_input_ready=1; range_point < 200: 1; density_proxy_point < 125: 1,1,,0,0
SMA7001BEV,2023-12-10,0,150,,,old-01-PDF-grid-1-0-17,单值不足,numeric_input_ready != 1；保持未知，不以0替代缺值,1,两项单值暴露不足,0,0
SMA7001BEV02,2023-12-10,1,150,116.6666666666666666666666667,,old-04-PDF-grid-2-0-4,两项数值低于常规阈值,numeric_input_ready=1; range_point < 200: 1; density_proxy_point < 125: 1,1,,0,0
SMA7001BEV03,2023-12-10,1,80,72.36842105263157894736842105,,old-04-PDF-grid-2-0-5,两项数值低于常规阈值,numeric_input_ready=1; range_point < 200: 1; density_proxy_point < 125: 1,1,,0,0
SMA7001BEV04,2023-12-10,1,153,97.56097560975609756097560976,,old-05-PDF-grid-1-0-15,两项数值低于常规阈值,numeric_input_ready=1; range_point < 200: 1; density_proxy_point < 125: 1,1,,0,0
SMA7001BEV05,2023-12-10,1,152,90.19607843137254901960784314,,old-06-PDF-grid-2-0-12,两项数值低于常规阈值,numeric_input_ready=1; range_point < 200: 1; density_proxy_point < 125: 1,1,,0,0
SMA7001BEV13,2023-12-10,1,152,85.71428571428571428571428571,,old-04-PDF-grid-2-0-9,两项数值低于常规阈值,numeric_input_ready=1; range_point < 200: 1; density_proxy_point < 125: 1,1,,0,0
SMA7001BEV18,2023-12-10,1,155,102.8571428571428571428571429,,old-07-PDF-grid-2-0-4,两项数值低于常规阈值,numeric_input_ready=1; range_point < 200: 1; density_proxy_point < 125: 1,1,,0,0
SMA7001BEV19,2023-12-10,1,155,102.8571428571428571428571429,,old-07-PDF-grid-2-0-5,两项数值低于常规阈值,numeric_input_ready=1; range_point < 200: 1; density_proxy_point < 125: 1,1,,0,0
SMA7001BEV22,2023-12-10,1,155,102.8571428571428571428571429,,old-07-PDF-grid-2-0-6,两项数值低于常规阈值,numeric_input_ready=1; range_point < 200: 1; density_proxy_point < 125: 1,1,,0,0
SMA7001BEV23,2023-12-10,1,155,102.8571428571428571428571429,,old-07-PDF-grid-2-0-7,两项数值低于常规阈值,numeric_input_ready=1; range_point < 200: 1; density_proxy_point < 125: 1,1,,0,0
SMA7001BEV25,2023-12-10,1,151,108.6956521739130434782608696,,old-07-PDF-grid-2-0-8,两项数值低于常规阈值,numeric_input_ready=1; range_point < 200: 1; density_proxy_point < 125: 1,1,,0,0
SMA7001BEV40,2023-12-10,1,151,120.2531645569620253164556962,,old-13-PDF-grid-2-0-24,两项数值低于常规阈值,numeric_input_ready=1; range_point < 200: 1; density_proxy_point < 125: 1,1,,0,0
SMA7001BEV41,2023-12-10,1,202,142.0765027322404371584699454,,old-18-Word97--0-17,两项数值均达到常规阈值,numeric_input_ready=1; range_point < 200: 0; density_proxy_point < 125: 0,1,,0,0
SMA7001BEV47,2023-12-10,1,302,139.9317406143344709897610922,,old-20-DOCX--0-78,两项数值均达到常规阈值,numeric_input_ready=1; range_point < 200: 0; density_proxy_point < 125: 0,1,,0,0
SMA7001BEV48,2023-12-10,1,302,141.8918918918918918918918919,,old-19-DOCX--0-53,两项数值均达到常规阈值,numeric_input_ready=1; range_point < 200: 0; density_proxy_point < 125: 0,1,,0,0
SMA7001BEV49,2023-12-10,1,302,141.8918918918918918918918919,,old-20-DOCX--0-79,两项数值均达到常规阈值,numeric_input_ready=1; range_point < 200: 0; density_proxy_point < 125: 0,1,,0,0
SMA7001BEV60,2023-12-10,1,155,100.5586592178770949720670391,,old-07-PDF-grid-2-0-9,两项数值低于常规阈值,numeric_input_ready=1; range_point < 200: 1; density_proxy_point < 125: 1,1,,0,0
SMA7001BEV61,2023-12-10,1,155,100.5586592178770949720670391,,old-07-PDF-grid-2-0-10,两项数值低于常规阈值,numeric_input_ready=1; range_point < 200: 1; density_proxy_point < 125: 1,1,,0,0
SMA7001BEV63,2023-12-10,1,161,94.44444444444444444444444444,,old-09-PDF-grid-3-0-15,两项数值低于常规阈值,numeric_input_ready=1; range_point < 200: 1; density_proxy_point < 125: 1,1,,0,0
SMA7001BEV66,2023-12-10,1,155,94.44444444444444444444444444,,old-09-PDF-grid-3-0-16,两项数值低于常规阈值,numeric_input_ready=1; range_point < 200: 1; density_proxy_point < 125: 1,1,,0,0
SMA7001BEV69,2023-12-10,1,105,67.41573033707865168539325843,,old-09-PDF-grid-3-0-14,两项数值低于常规阈值,numeric_input_ready=1; range_point < 200: 1; density_proxy_point < 125: 1,1,,0,0
SMA7001BEV70,2023-12-10,1,161,94.44444444444444444444444444,,old-09-PDF-grid-3-0-17,两项数值低于常规阈值,numeric_input_ready=1; range_point < 200: 1; density_proxy_point < 125: 1,1,,0,0
SMA7001BEV72,2023-12-10,1,155,85.22727272727272727272727273,,old-10-PDF-grid-3-0-2,两项数值低于常规阈值,numeric_input_ready=1; range_point < 200: 1; density_proxy_point < 125: 1,1,,0,0
SMA7001BEV73,2023-12-10,1,155,94.44444444444444444444444444,,old-09-PDF-grid-3-0-18,两项数值低于常规阈值,numeric_input_ready=1; range_point < 200: 1; density_proxy_point < 125: 1,1,,0,0
SMA7001BEV75,2023-12-10,1,255,137.7551020408163265306122449,,old-14-Word97--0-23,两项数值均达到常规阈值,numeric_input_ready=1; range_point < 200: 0; density_proxy_point < 125: 0,1,,0,0
SMA7001BEV76,2023-12-10,1,155,132.3529411764705882352941176,,old-14-Word97--0-24,续航单项低于常规阈值,numeric_input_ready=1; range_point < 200: 1; density_proxy_point < 125: 0,1,,0,0
SMA7002BEV05,2023-12-10,1,160,116.6666666666666666666666667,,old-04-PDF-grid-2-0-6,两项数值低于常规阈值,numeric_input_ready=1; range_point < 200: 1; density_proxy_point < 125: 1,1,,0,0
SP100D5,2023-12-10,1,654,160,,old-26-DOCX--0-74,两项数值均达到常规阈值,numeric_input_ready=1; range_point < 200: 0; density_proxy_point < 125: 0,1,,0,0
SQJ6420BEV,2023-12-10,1,150,96.42857142857142857142857143,,old-06-PDF-grid-2-0-9,两项数值低于常规阈值,numeric_input_ready=1; range_point < 200: 1; density_proxy_point < 125: 1,1,,0,0
SQJ6440C1BEV,2023-12-10,1,470,145.6790123456790123456790123,,old-30-Word97--0-4,两项数值均达到常规阈值,numeric_input_ready=1; range_point < 200: 0; density_proxy_point < 125: 0,1,,0,0
SQJ6450C3BEV,2023-12-10,1,460,148.9841986455981941309255079,,old-20-DOCX--0-65,两项数值均达到常规阈值,numeric_input_ready=1; range_point < 200: 0; density_proxy_point < 125: 0,1,,0,0
SQJ6450C4BEV,2023-12-10,1,403,159.8746081504702194357366771,,old-22-Word97--0-45,两项数值均达到常规阈值,numeric_input_ready=1; range_point < 200: 0; density_proxy_point < 125: 0,1,,0,0
SQJ6450C5BEV,2023-12-10,1,410,159.8746081504702194357366771,,old-26-DOCX--0-5,两项数值均达到常规阈值,numeric_input_ready=1; range_point < 200: 0; density_proxy_point < 125: 0,1,,0,0
SQJ6450C6BEV,2023-12-10,1,410,159.8746081504702194357366771,,mf29-t0-r20,两项数值均达到常规阈值,numeric_input_ready=1; range_point < 200: 0; density_proxy_point < 125: 0,1,,0,0
SQJ6460B1BEV,2023-12-10,1,250,130.952380952380952380952381,,old-09-PDF-grid-3-0-5,两项数值均达到常规阈值,numeric_input_ready=1; range_point < 200: 0; density_proxy_point < 125: 0,1,,0,0
SQJ6460B2BEV,2023-12-10,1,250,120.3438395415472779369627507,,old-10-PDF-grid-2-0-19,密度代理单项低于常规阈值,numeric_input_ready=1; range_point < 200: 0; density_proxy_point < 125: 1,1,,0,0
SQJ6460B3BEV,2023-12-10,1,255,121.4285714285714285714285714,,old-11-PDF-grid-2-0-13,密度代理单项低于常规阈值,numeric_input_ready=1; range_point < 200: 0; density_proxy_point < 125: 1,1,,0,0
SQJ6460B4BEV,2023-12-10,1,276,124.4019138755980861244019139,,old-13-PDF-grid-2-0-16,密度代理单项低于常规阈值,numeric_input_ready=1; range_point < 200: 0; density_proxy_point < 125: 1,1,,0,0
SQJ6460B5BEV,2023-12-10,1,370,140.2597402597402597402597403,,old-18-Word97--0-47,两项数值均达到常规阈值,numeric_input_ready=1; range_point < 200: 0; density_proxy_point < 125: 0,1,,0,0
SQJ6460B7BEV,2023-12-10,1,304,120.3438395415472779369627507,,old-18-Word97--0-48,密度代理单项低于常规阈值,numeric_input_ready=1; range_point < 200: 0; density_proxy_point < 125: 1,1,,0,0
SQJ6460B9BEV,2023-12-10,1,402,157.3333333333333333333333333,,old-22-Word97--0-46,两项数值均达到常规阈值,numeric_input_ready=1; range_point < 200: 0; density_proxy_point < 125: 0,1,,0,0
SQJ6460BEV,2023-12-10,1,150,111.4285714285714285714285714,,old-04-PDF-grid-1-0-16,两项数值低于常规阈值,numeric_input_ready=1; range_point < 200: 1; density_proxy_point < 125: 1,1,,0,0
SQJ6460M1BEV,2023-12-10,1,255,120.5128205128205128205128205,,old-10-PDF-grid-2-0-20,密度代理单项低于常规阈值,numeric_input_ready=1; range_point < 200: 0; density_proxy_point < 125: 1,1,,0,0
SQJ6460M3BEV,2023-12-10,1,355,120.5128205128205128205128205,,old-18-Word97--0-49,密度代理单项低于常规阈值,numeric_input_ready=1; range_point < 200: 0; density_proxy_point < 125: 1,1,,0,0
SQJ6460M5BEV,2023-12-10,1,300,130,,old-20-DOCX--0-67,两项数值均达到常规阈值,numeric_input_ready=1; range_point < 200: 0; density_proxy_point < 125: 0,1,,0,0
SQJ6460M7BEV,2023-12-10,1,350,140.7624633431085043988269795,,old-30-Word97--0-5,两项数值均达到常规阈值,numeric_input_ready=1; range_point < 200: 0; density_proxy_point < 125: 0,1,,0,0
SQJ7001A1BEV,2023-12-10,1,130,89.30232558139534883720930233,,old-41-Word97--0-33,两项数值低于常规阈值,numeric_input_ready=1; range_point < 200: 1; density_proxy_point < 125: 1,1,,0,0
SQJ7001A2BEV,2023-12-10,1,185,101.6470588235294117647058824,,old-42-Word97--0-44,两项数值低于常规阈值,numeric_input_ready=1; range_point < 200: 1; density_proxy_point < 125: 1,1,,0,0
SQJ7001A3BEV,2023-12-10,1,300,125.2765957446808510638297872,,old-42-Word97--0-43,两项数值均达到常规阈值,numeric_input_ready=1; range_point < 200: 0; density_proxy_point < 125: 0,1,,0,0
SQJ7001A4BEV,2023-12-10,1,130,89.30232558139534883720930233,,old-42-Word97--0-41,两项数值低于常规阈值,numeric_input_ready=1; range_point < 200: 1; density_proxy_point < 125: 1,1,,0,0
SQJ7001A5BEV,2023-12-10,1,185,101.6470588235294117647058824,,old-42-Word97--0-39,两项数值低于常规阈值,numeric_input_ready=1; range_point < 200: 1; density_proxy_point < 125: 1,1,,0,0
SQJ7001A6BEV,2023-12-10,1,300,125.2765957446808510638297872,,old-42-Word97--0-37,两项数值均达到常规阈值,numeric_input_ready=1; range_point < 200: 0; density_proxy_point < 125: 0,1,,0,0
SQJ7001A7BEV,2023-12-10,1,130,89.30232558139534883720930233,,old-42-Word97--0-38,两项数值低于常规阈值,numeric_input_ready=1; range_point < 200: 1; density_proxy_point < 125: 1,1,,0,0
SQJ7001A8BEV,2023-12-10,1,185,101.6470588235294117647058824,,old-42-Word97--0-40,两项数值低于常规阈值,numeric_input_ready=1; range_point < 200: 1; density_proxy_point < 125: 1,1,,0,0
SQJ7001A9BEV,2023-12-10,1,300,125.2765957446808510638297872,,old-42-Word97--0-42,两项数值均达到常规阈值,numeric_input_ready=1; range_point < 200: 0; density_proxy_point < 125: 0,1,,0,0
SQJ7001EK1BEV,2023-12-10,1,255,143.6464088397790055248618785,,old-26-DOCX--0-6,两项数值均达到常规阈值,numeric_input_ready=1; range_point < 200: 0; density_proxy_point < 125: 0,1,,0,0
SQJ7001SC1BEV,2023-12-10,1,160,117.1875,,old-26-DOCX--0-7,两项数值低于常规阈值,numeric_input_ready=1; range_point < 200: 1; density_proxy_point < 125: 1,1,,0,0
SQJ7001SC3BEV,2023-12-10,1,160,117.1875,,old-26-DOCX--0-8,两项数值低于常规阈值,numeric_input_ready=1; range_point < 200: 1; density_proxy_point < 125: 1,1,,0,0
SQJ7001SC5BEV,2023-12-10,1,115,106.1946902654867256637168142,,old-30-Word97--0-6,两项数值低于常规阈值,numeric_input_ready=1; range_point < 200: 1; density_proxy_point < 125: 1,1,,0,0
SQJ7001YAC1BEV,2023-12-10,1,178,105.0162866449511400651465798,,old-54-Word97--0-8,两项数值低于常规阈值,numeric_input_ready=1; range_point < 200: 1; density_proxy_point < 125: 1,1,,0,0
SQJ7001YAC2BEV,2023-12-10,1,205,108,,old-55-Word97--0-2,密度代理单项低于常规阈值,numeric_input_ready=1; range_point < 200: 0; density_proxy_point < 125: 1,1,,0,0
SQJ7002YAC1BEV,2023-12-10,1,210,110.7692307692307692307692308,,old-54-Word97--0-9,密度代理单项低于常规阈值,numeric_input_ready=1; range_point < 200: 0; density_proxy_point < 125: 1,1,,0,0
SQJ7002YAC2BEV,2023-12-10,1,150,95.27559055118110236220472441,,old-57-Word97--0-4,两项数值低于常规阈值,numeric_input_ready=1; range_point < 200: 1; density_proxy_point < 125: 1,1,,0,0
SQJ7002YAC3BEV,2023-12-10,1,210,110.7692307692307692307692308,,old-57-Word97--0-3,密度代理单项低于常规阈值,numeric_input_ready=1; range_point < 200: 0; density_proxy_point < 125: 1,1,,0,0
SQJ7002YAC4BEV,2023-12-10,1,210,110.7692307692307692307692308,,old-57-Word97--0-2,密度代理单项低于常规阈值,numeric_input_ready=1; range_point < 200: 0; density_proxy_point < 125: 1,1,,0,0
SQJ7002YACBEV,2023-12-10,1,150,95.27559055118110236220472441,,old-54-Word97--0-7,两项数值低于常规阈值,numeric_input_ready=1; range_point < 200: 1; density_proxy_point < 125: 1,1,,0,0
SQR6440BEVK06,2023-12-10,1,160,113.3333333333333333333333333,,old-07-PDF-grid-1-0-19,两项数值低于常规阈值,numeric_input_ready=1; range_point < 200: 1; density_proxy_point < 125: 1,1,,0,0
SQR6440BEVK08,2023-12-10,1,255,152.5423728813559322033898305,,old-08-PDF-grid-2-0-5,两项数值均达到常规阈值,numeric_input_ready=1; range_point < 200: 0; density_proxy_point < 125: 0,1,,0,0
SQR6440BEVK081,2023-12-10,1,255,150,,old-16-Word97--0-41,两项数值均达到常规阈值,numeric_input_ready=1; range_point < 200: 0; density_proxy_point < 125: 0,1,,0,0
SQR6460BEVK09,2023-12-10,1,301,130.4347826086956521739130435,,old-16-Word97--0-40,两项数值均达到常规阈值,numeric_input_ready=1; range_point < 200: 0; density_proxy_point < 125: 0,1,,0,0
SQR6461BEVK09,2023-12-10,1,351,145.7142857142857142857142857,,old-20-DOCX--0-43,两项数值均达到常规阈值,numeric_input_ready=1; range_point < 200: 0; density_proxy_point < 125: 0,1,,0,0
SQR6461BEVK091,2023-12-10,1,351,145.7142857142857142857142857,,old-20-DOCX--0-44,两项数值均达到常规阈值,numeric_input_ready=1; range_point < 200: 0; density_proxy_point < 125: 0,1,,0,0
SQR6480BEVF11,2023-12-10,1,401,140.3508771929824561403508772,,old-24-Word97--1-3,两项数值均达到常规阈值,numeric_input_ready=1; range_point < 200: 0; density_proxy_point < 125: 0,1,,0,0
SQR6481BEVF11,2023-12-10,1,401,158.975,,old-48-Word97--0-31,两项数值均达到常规阈值,numeric_input_ready=1; range_point < 200: 0; density_proxy_point < 125: 0,1,,0,0
SQR6500BEVE0Y,2023-12-10,1,550,133.8427419354838709677419355,,old-71-Word97--0-46,两项数值均达到常规阈值,numeric_input_ready=1; range_point < 200: 0; density_proxy_point < 125: 0,1,,0,0
SQR6500BEVE0Y1,2023-12-10,1,650,163.7991803278688524590163934,,old-71-Word97--0-47,两项数值均达到常规阈值,numeric_input_ready=1; range_point < 200: 0; density_proxy_point < 125: 0,1,,0,0
SQR6500BEVE0Y2,2023-12-10,1,550,163.4642126789366053169734151,,old-71-Word97--0-50,两项数值均达到常规阈值,numeric_input_ready=1; range_point < 200: 0; density_proxy_point < 125: 0,1,,0,0
SQR6500BEVE0Y3,2023-12-10,1,760,186.4160305343511450381679389,,old-71-Word97--0-45,两项数值均达到常规阈值,numeric_input_ready=1; range_point < 200: 0; density_proxy_point < 125: 0,1,,0,0
SQR6500BEVE0Y4,2023-12-10,1,655,186.0609523809523809523809524,,old-71-Word97--0-49,两项数值均达到常规阈值,numeric_input_ready=1; range_point < 200: 0; density_proxy_point < 125: 0,1,,0,0
SQR7000BEVE03,2023-12-10,1,550,134.5099778270509977827050998,,old-69-Word97--0-73,两项数值均达到常规阈值,numeric_input_ready=1; range_point < 200: 0; density_proxy_point < 125: 0,1,,0,0
SQR7000BEVE031,2023-12-10,1,650,163.4642126789366053169734151,,old-69-Word97--0-75,两项数值均达到常规阈值,numeric_input_ready=1; range_point < 200: 0; density_proxy_point < 125: 0,1,,0,0
SQR7000BEVE032,2023-12-10,1,720,163.7991803278688524590163934,,old-69-Word97--0-76,两项数值均达到常规阈值,numeric_input_ready=1; range_point < 200: 0; density_proxy_point < 125: 0,1,,0,0
SQR7000BEVE033,2023-12-10,1,570,133.8053097345132743362831858,,old-69-Word97--0-74,两项数值均达到常规阈值,numeric_input_ready=1; range_point < 200: 0; density_proxy_point < 125: 0,1,,0,0
SQR7000BEVE035,2023-12-10,1,905,186.4160305343511450381679389,,old-71-Word97--0-48,两项数值均达到常规阈值,numeric_input_ready=1; range_point < 200: 0; density_proxy_point < 125: 0,1,,0,0
SQR7000BEVEH3,2023-12-10,1,550,133.8053097345132743362831858,,old-69-Word97--0-71,两项数值均达到常规阈值,numeric_input_ready=1; range_point < 200: 0; density_proxy_point < 125: 0,1,,0,0
SQR7000BEVEH31,2023-12-10,1,705,163.7991803278688524590163934,,old-69-Word97--0-70,两项数值均达到常规阈值,numeric_input_ready=1; range_point < 200: 0; density_proxy_point < 125: 0,1,,0,0
SQR7000BEVEH32,2023-12-10,1,630,163.4642126789366053169734151,,old-69-Word97--0-72,两项数值均达到常规阈值,numeric_input_ready=1; range_point < 200: 0; density_proxy_point < 125: 0,1,,0,0
SQR7000BEVJ00,2023-12-10,1,151,85.9375,,old-01-PDF-grid-1-0-12,两项数值低于常规阈值,numeric_input_ready=1; range_point < 200: 1; density_proxy_point < 125: 1,1,,0,0
SQR7000BEVJ001,2023-12-10,1,151,85.9375,,old-08-PDF-grid-2-0-2,两项数值低于常规阈值,numeric_input_ready=1; range_point < 200: 1; density_proxy_point < 125: 1,1,,0,0
SQR7000BEVJ002,2023-12-10,1,251,128.5140562248995983935742972,,old-16-Word97--0-38,两项数值均达到常规阈值,numeric_input_ready=1; range_point < 200: 0; density_proxy_point < 125: 0,1,,0,0
SQR7000BEVJ50,2023-12-10,1,150,85.9375,,old-09-PDF-grid-2-0-26,两项数值低于常规阈值,numeric_input_ready=1; range_point < 200: 1; density_proxy_point < 125: 1,1,,0,0
SQR7000BEVJ60,2023-12-10,1,152,90.27777777777777777777777778,,old-09-PDF-grid-2-0-25,两项数值低于常规阈值,numeric_input_ready=1; range_point < 200: 1; density_proxy_point < 125: 1,1,,0,0
SQR7000BEVJ601,2023-12-10,1,351,125.6410256410256410256410256,,old-10-PDF-grid-2-0-12,两项数值均达到常规阈值,numeric_input_ready=1; range_point < 200: 0; density_proxy_point < 125: 0,1,,0,0
SQR7000BEVJ602,2023-12-10,1,401,150,,old-17-PDF-grid-2-0-12,两项数值均达到常规阈值,numeric_input_ready=1; range_point < 200: 0; density_proxy_point < 125: 0,1,,0,0
SQR7000BEVJ604,2023-12-10,1,401,138.4615384615384615384615385,,old-19-DOCX--0-37,两项数值均达到常规阈值,numeric_input_ready=1; range_point < 200: 0; density_proxy_point < 125: 0,1,,0,0
SQR7000BEVJ605,2023-12-10,1,415,138.4615384615384615384615385,,old-20-DOCX--0-41,两项数值均达到常规阈值,numeric_input_ready=1; range_point < 200: 0; density_proxy_point < 125: 0,1,,0,0
SQR7000BEVJ606,2023-12-10,1,401,138.4615384615384615384615385,,old-32-Word97--0-31,两项数值均达到常规阈值,numeric_input_ready=1; range_point < 200: 0; density_proxy_point < 125: 0,1,,0,0
SQR7000BEVJ607,2023-12-10,1,401,138.4615384615384615384615385,,old-36-Word97--0-28,两项数值均达到常规阈值,numeric_input_ready=1; range_point < 200: 0; density_proxy_point < 125: 0,1,,0,0
SQR7000BEVJ69,2023-12-10,1,260,97.5,,old-10-PDF-grid-2-0-14,密度代理单项低于常规阈值,numeric_input_ready=1; range_point < 200: 0; density_proxy_point < 125: 1,1,,0,0
SQR7000BEVJ691,2023-12-10,1,351,124.0506329113924050632911392,,old-10-PDF-grid-2-0-13,密度代理单项低于常规阈值,numeric_input_ready=1; range_point < 200: 0; density_proxy_point < 125: 1,1,,0,0
SQR7000BEVJ692,2023-12-10,1,401,150,,old-18-Word97--0-55,两项数值均达到常规阈值,numeric_input_ready=1; range_point < 200: 0; density_proxy_point < 125: 0,1,,0,0
SQR7000BEVJ694,2023-12-10,1,401,138.4615384615384615384615385,,old-18-Word97--0-56,两项数值均达到常规阈值,numeric_input_ready=1; range_point < 200: 0; density_proxy_point < 125: 0,1,,0,0
SQR7000BEVJ696,2023-12-10,1,401,138.4615384615384615384615385,,old-23-Word97--0-50,两项数值均达到常规阈值,numeric_input_ready=1; range_point < 200: 0; density_proxy_point < 125: 0,1,,0,0
SQR7000BEVJ72,2023-12-10,0,151,,,old-09-PDF-grid-2-0-23,单值不足,numeric_input_ready != 1；保持未知，不以0替代缺值,1,两项单值暴露不足,0,0
SQR7000BEVJ721,2023-12-10,1,251,119.402985074626865671641791,,old-12-PDF-grid-2-0-10,密度代理单项低于常规阈值,numeric_input_ready=1; range_point < 200: 0; density_proxy_point < 125: 1,1,,0,0
SQR7000BEVJ725,2023-12-10,1,251,135.0210970464135021097046414,,old-16-Word97--0-39,两项数值均达到常规阈值,numeric_input_ready=1; range_point < 200: 0; density_proxy_point < 125: 0,1,,0,0
SQR7000BEVJ726,2023-12-10,1,301,140.221402214022140221402214,,old-17-PDF-grid-2-0-13,两项数值均达到常规阈值,numeric_input_ready=1; range_point < 200: 0; density_proxy_point < 125: 0,1,,0,0
SQR7000BEVJ727,2023-12-10,1,301,140.0778210116731517509727626,,old-19-DOCX--0-38,两项数值均达到常规阈值,numeric_input_ready=1; range_point < 200: 0; density_proxy_point < 125: 0,1,,0,0
SQR7000BEVJ728,2023-12-10,1,301,147.4103585657370517928286853,,old-19-DOCX--0-39,两项数值均达到常规阈值,numeric_input_ready=1; range_point < 200: 0; density_proxy_point < 125: 0,1,,0,0
SQR7000BEVJ729,2023-12-10,1,301,141.7004048582995951417004049,,old-19-DOCX--0-40,两项数值均达到常规阈值,numeric_input_ready=1; range_point < 200: 0; density_proxy_point < 125: 0,1,,0,0
SQR7000BEVS184,2023-12-10,1,80,63.8297872340425531914893617,,old-01-PDF-grid-1-0-11,两项数值低于常规阈值,numeric_input_ready=1; range_point < 200: 1; density_proxy_point < 125: 1,1,,0,0
SQR7000BEVT19,2023-12-10,1,401,155.172413793103448275862069,,old-23-Word97--0-51,两项数值均达到常规阈值,numeric_input_ready=1; range_point < 200: 0; density_proxy_point < 125: 0,1,,0,0
SQR7000BEVT191,2023-12-10,1,401,138.4615384615384615384615385,,old-23-Word97--0-52,两项数值均达到常规阈值,numeric_input_ready=1; range_point < 200: 0; density_proxy_point < 125: 0,1,,0,0
SQR7000BEVT192,2023-12-10,1,401,156.0693641618497109826589595,,old-33-Word97--0-56,两项数值均达到常规阈值,numeric_input_ready=1; range_point < 200: 0; density_proxy_point < 125: 0,1,,0,0
SQR7000BEVT193,2023-12-10,1,451,174.262734584450402144772118,,old-38-Word97--0-18,两项数值均达到常规阈值,numeric_input_ready=1; range_point < 200: 0; density_proxy_point < 125: 0,1,,0,0
SQR7000BEVT194,2023-12-10,1,401,155.172413793103448275862069,,old-37-Word97--0-21,两项数值均达到常规阈值,numeric_input_ready=1; range_point < 200: 0; density_proxy_point < 125: 0,1,,0,0
SQR7000BEVT195,2023-12-10,1,401,156.0693641618497109826589595,,old-37-Word97--0-22,两项数值均达到常规阈值,numeric_input_ready=1; range_point < 200: 0; density_proxy_point < 125: 0,1,,0,0
SQR7001BEVJ51,2023-12-10,1,150,85.9375,,old-09-PDF-grid-2-0-27,两项数值低于常规阈值,numeric_input_ready=1; range_point < 200: 1; density_proxy_point < 125: 1,1,,0,0
SQR7001BEVJ693,2023-12-10,1,451,157.1428571428571428571428571,,old-25-Word97--0-17,两项数值均达到常规阈值,numeric_input_ready=1; range_point < 200: 0; density_proxy_point < 125: 0,1,,0,0
SQR7001BEVJ72,2023-12-10,1,301,140.0778210116731517509727626,,old-24-Word97--1-4,两项数值均达到常规阈值,numeric_input_ready=1; range_point < 200: 0; density_proxy_point < 125: 0,1,,0,0
SQR7003BEVJ51,2023-12-10,1,251,128.5140562248995983935742972,,old-18-Word97--0-57,两项数值均达到常规阈值,numeric_input_ready=1; range_point < 200: 0; density_proxy_point < 125: 0,1,,0,0
STJ6402EV,2023-12-10,1,178,76.92307692307692307692307692,,old-04-PDF-grid-1-0-14,两项数值低于常规阈值,numeric_input_ready=1; range_point < 200: 1; density_proxy_point < 125: 1,1,,0,0
STJ6407EV,2023-12-10,1,220,108.8235294117647058823529412,,old-09-PDF-grid-3-0-4,密度代理单项低于常规阈值,numeric_input_ready=1; range_point < 200: 0; density_proxy_point < 125: 1,1,,0,0
STJ6408EV,2023-12-10,1,305,129.4117647058823529411764706,,old-20-DOCX--0-50,两项数值均达到常规阈值,numeric_input_ready=1; range_point < 200: 0; density_proxy_point < 125: 0,1,,0,0
STJ6460EV1,2023-12-10,1,285,122.2222222222222222222222222,,old-11-PDF-grid-2-0-3,密度代理单项低于常规阈值,numeric_input_ready=1; range_point < 200: 0; density_proxy_point < 125: 1,1,,0,0
STJ6460EV5,2023-12-10,1,430,140.9691629955947136563876652,,old-17-PDF-grid-2-0-14,两项数值均达到常规阈值,numeric_input_ready=1; range_point < 200: 0; density_proxy_point < 125: 0,1,,0,0
SVW6451AEV,2023-12-10,1,315,139.6825396825396825396825397,,old-30-Word97--0-50,两项数值均达到常规阈值,numeric_input_ready=1; range_point < 200: 0; density_proxy_point < 125: 0,1,,0,0
SVW6461AEV,2023-12-10,1,402,170.0296735905044510385756677,,old-40-Word97--0-24,两项数值均达到常规阈值,numeric_input_ready=1; range_point < 200: 0; density_proxy_point < 125: 0,1,,0,0
SVW6461BEV,2023-12-10,1,555,174.3697478991596638655462185,,old-33-Word97--0-7,两项数值均达到常规阈值,numeric_input_ready=1; range_point < 200: 0; density_proxy_point < 125: 0,1,,0,0
SVW6461CEV,2023-12-10,1,520,175.2100840336134453781512605,,old-40-Word97--0-23,两项数值均达到常规阈值,numeric_input_ready=1; range_point < 200: 0; density_proxy_point < 125: 0,1,,0,0
SVW6461DEV,2023-12-10,1,425,155.2941176470588235294117647,,old-56-Word97--0-29,两项数值均达到常规阈值,numeric_input_ready=1; range_point < 200: 0; density_proxy_point < 125: 0,1,,0,0
SVW6461EEV,2023-12-10,1,561,175.2100840336134453781512605,,old-56-Word97--0-28,两项数值均达到常规阈值,numeric_input_ready=1; range_point < 200: 0; density_proxy_point < 125: 0,1,,0,0
SVW6461FEV,2023-12-10,1,601,167.0833333333333333333333333,,old-71-Word97--0-23,两项数值均达到常规阈值,numeric_input_ready=1; range_point < 200: 0; density_proxy_point < 125: 0,1,,0,0
SVW6461GEV,2023-12-10,1,555,167.0833333333333333333333333,,old-71-Word97--0-24,两项数值均达到常规阈值,numeric_input_ready=1; range_point < 200: 0; density_proxy_point < 125: 0,1,,0,0
SVW6492AEV,2023-12-10,1,436,172.207084468664850136239782,,old-42-Word97--0-48,两项数值均达到常规阈值,numeric_input_ready=1; range_point < 200: 0; density_proxy_point < 125: 0,1,,0,0
SVW6492BEV,2023-12-10,1,588,175.2100840336134453781512605,,old-40-Word97--0-22,两项数值均达到常规阈值,numeric_input_ready=1; range_point < 200: 0; density_proxy_point < 125: 0,1,,0,0
SVW6492CEV,2023-12-10,1,510,175.2100840336134453781512605,,old-42-Word97--0-47,两项数值均达到常规阈值,numeric_input_ready=1; range_point < 200: 0; density_proxy_point < 125: 0,1,,0,0
SVW6492DEV,2023-12-10,1,617,175.2100840336134453781512605,,old-56-Word97--0-26,两项数值均达到常规阈值,numeric_input_ready=1; range_point < 200: 0; density_proxy_point < 125: 0,1,,0,0
SVW6492EEV,2023-12-10,1,555,175.2100840336134453781512605,,old-56-Word97--0-30,两项数值均达到常规阈值,numeric_input_ready=1; range_point < 200: 0; density_proxy_point < 125: 0,1,,0,0
SVW6492FEV,2023-12-10,1,601,167.0833333333333333333333333,,old-71-Word97--0-22,两项数值均达到常规阈值,numeric_input_ready=1; range_point < 200: 0; density_proxy_point < 125: 0,1,,0,0
SVW6492GEV,2023-12-10,1,601,167.0833333333333333333333333,,old-71-Word97--0-20,两项数值均达到常规阈值,numeric_input_ready=1; range_point < 200: 0; density_proxy_point < 125: 0,1,,0,0
SVW6492HEV,2023-12-10,1,550,167.0833333333333333333333333,,old-71-Word97--0-21,两项数值均达到常规阈值,numeric_input_ready=1; range_point < 200: 0; density_proxy_point < 125: 0,1,,0,0
SVW6493AEV,2023-12-10,1,420,172.207084468664850136239782,,old-46-Word97--0-61,两项数值均达到常规阈值,numeric_input_ready=1; range_point < 200: 0; density_proxy_point < 125: 0,1,,0,0
SVW6493BEV,2023-12-10,1,420,172.207084468664850136239782,,old-46-Word97--0-57,两项数值均达到常规阈值,numeric_input_ready=1; range_point < 200: 0; density_proxy_point < 125: 0,1,,0,0
SVW6493CEV,2023-12-10,1,560,175.2100840336134453781512605,,old-46-Word97--0-59,两项数值均达到常规阈值,numeric_input_ready=1; range_point < 200: 0; density_proxy_point < 125: 0,1,,0,0
SVW6493DEV,2023-12-10,1,560,175.2100840336134453781512605,,old-46-Word97--0-60,两项数值均达到常规阈值,numeric_input_ready=1; range_point < 200: 0; density_proxy_point < 125: 0,1,,0,0
SVW6493EEV,2023-12-10,1,520,175.2100840336134453781512605,,old-46-Word97--0-58,两项数值均达到常规阈值,numeric_input_ready=1; range_point < 200: 0; density_proxy_point < 125: 0,1,,0,0
SVW6493FEV,2023-12-10,1,550,175.2100840336134453781512605,,old-57-Word97--0-23,两项数值均达到常规阈值,numeric_input_ready=1; range_point < 200: 0; density_proxy_point < 125: 0,1,,0,0
SVW6493GEV,2023-12-10,1,582,167.0833333333333333333333333,,old-71-Word97--0-25,两项数值均达到常规阈值,numeric_input_ready=1; range_point < 200: 0; density_proxy_point < 125: 0,1,,0,0
SVW6493HEV,2023-12-10,1,582,167.0833333333333333333333333,,old-71-Word97--0-26,两项数值均达到常规阈值,numeric_input_ready=1; range_point < 200: 0; density_proxy_point < 125: 0,1,,0,0
SVW6493JEV,2023-12-10,1,546,167.0833333333333333333333333,,old-71-Word97--0-27,两项数值均达到常规阈值,numeric_input_ready=1; range_point < 200: 0; density_proxy_point < 125: 0,1,,0,0
SVW7000AEV,2023-12-10,1,430,170.0296735905044510385756677,,old-44-Word97--0-51,两项数值均达到常规阈值,numeric_input_ready=1; range_point < 200: 0; density_proxy_point < 125: 0,1,,0,0
SVW7000BEV,2023-12-10,1,450,155.2941176470588235294117647,,old-56-Word97--0-27,两项数值均达到常规阈值,numeric_input_ready=1; range_point < 200: 0; density_proxy_point < 125: 0,1,,0,0
SVW7001AEV,2023-12-10,1,278,106.3829787234042553191489362,,old-22-Word97--0-6,密度代理单项低于常规阈值,numeric_input_ready=1; range_point < 200: 0; density_proxy_point < 125: 1,1,,0,0
SVW7002AEV,2023-12-10,1,278,119.4968553459119496855345912,,old-23-Word97--0-54,密度代理单项低于常规阈值,numeric_input_ready=1; range_point < 200: 0; density_proxy_point < 125: 1,1,,0,0
SVW7003AEV,2023-12-10,1,278,125.7861635220125786163522013,,old-26-DOCX--0-39,两项数值均达到常规阈值,numeric_input_ready=1; range_point < 200: 0; density_proxy_point < 125: 0,1,,0,0
SVW7005AEV,2023-12-10,1,346,139.6825396825396825396825397,,old-30-Word97--0-51,两项数值均达到常规阈值,numeric_input_ready=1; range_point < 200: 0; density_proxy_point < 125: 0,1,,0,0
SY6470BEVD1AL,2023-12-10,1,200,131.6923076923076923076923077,,old-24-Word97--0-3,两项数值均达到常规阈值,numeric_input_ready=1; range_point < 200: 0; density_proxy_point < 125: 0,1,,0,0
SY7000BEVDAC,2023-12-10,1,420,141.5525114155251141552511416,,old-27-Word97--0-16,两项数值均达到常规阈值,numeric_input_ready=1; range_point < 200: 0; density_proxy_point < 125: 0,1,,0,0
SY7000BEVDAE1,2023-12-10,1,150,92,,old-04-PDF-grid-1-0-11,两项数值低于常规阈值,numeric_input_ready=1; range_point < 200: 1; density_proxy_point < 125: 1,1,,0,0
SY7001BEVDXAA,2023-12-10,1,410,152.34375,,old-37-Word97--0-18,两项数值均达到常规阈值,numeric_input_ready=1; range_point < 200: 0; density_proxy_point < 125: 0,1,,0,0
SY7001BEVDXAA1,2023-12-10,1,318,155.6881188118811881188118812,,old-42-Word97--0-31,两项数值均达到常规阈值,numeric_input_ready=1; range_point < 200: 0; density_proxy_point < 125: 0,1,,0,0
SZS6460A05BEV,2023-12-10,1,403,138.0208333333333333333333333,,old-19-DOCX--0-46,两项数值均达到常规阈值,numeric_input_ready=1; range_point < 200: 0; density_proxy_point < 125: 0,1,,0,0
SZS6460A06BEV,2023-12-10,1,303,138.1381381381381381381381381,,old-19-DOCX--0-47,两项数值均达到常规阈值,numeric_input_ready=1; range_point < 200: 0; density_proxy_point < 125: 0,1,,0,0
SZS6460A07BEV,2023-12-10,1,460,138.3495145631067961165048544,,old-20-DOCX--0-68,两项数值均达到常规阈值,numeric_input_ready=1; range_point < 200: 0; density_proxy_point < 125: 0,1,,0,0
SZS6460A11BEV,2023-12-10,1,460,141.5094339622641509433962264,,old-21-DOCX--0-21,两项数值均达到常规阈值,numeric_input_ready=1; range_point < 200: 0; density_proxy_point < 125: 0,1,,0,0
SZS6460A12BEV,2023-12-10,1,403,137.5,,old-20-DOCX--0-70,两项数值均达到常规阈值,numeric_input_ready=1; range_point < 200: 0; density_proxy_point < 125: 0,1,,0,0
SZS6460A13BEV,2023-12-10,1,303,140.3508771929824561403508772,,old-20-DOCX--0-71,两项数值均达到常规阈值,numeric_input_ready=1; range_point < 200: 0; density_proxy_point < 125: 0,1,,0,0
SZS6460A14BEV,2023-12-10,1,460,141.5094339622641509433962264,,old-21-DOCX--0-22,两项数值均达到常规阈值,numeric_input_ready=1; range_point < 200: 0; density_proxy_point < 125: 0,1,,0,0
SZS6460A20BEV,2023-12-10,1,403,138.0208333333333333333333333,,old-24-Word97--2-19,两项数值均达到常规阈值,numeric_input_ready=1; range_point < 200: 0; density_proxy_point < 125: 0,1,,0,0
SZS6460A21BEV,2023-12-10,1,323,138.1381381381381381381381381,,old-24-Word97--2-20,两项数值均达到常规阈值,numeric_input_ready=1; range_point < 200: 0; density_proxy_point < 125: 0,1,,0,0
SZS6460A25BEV,2023-12-10,1,323,140.3508771929824561403508772,,old-24-Word97--3-3,两项数值均达到常规阈值,numeric_input_ready=1; range_point < 200: 0; density_proxy_point < 125: 0,1,,0,0
SZS6460A27BEV,2023-12-10,1,520,157.1428571428571428571428571,,old-31-Word97--0-6,两项数值均达到常规阈值,numeric_input_ready=1; range_point < 200: 0; density_proxy_point < 125: 0,1,,0,0
SZS6460A28BEV,2023-12-10,1,403,138.0208333333333333333333333,,old-28-Word97--0-7,两项数值均达到常规阈值,numeric_input_ready=1; range_point < 200: 0; density_proxy_point < 125: 0,1,,0,0
SZS6460A29BEV,2023-12-10,1,475,136.7924528301886792452830189,,old-37-Word97--0-23,两项数值均达到常规阈值,numeric_input_ready=1; range_point < 200: 0; density_proxy_point < 125: 0,1,,0,0
SZS6460A30BEV,2023-12-10,1,520,159.7222222222222222222222222,,old-25-Word97--0-68,两项数值均达到常规阈值,numeric_input_ready=1; range_point < 200: 0; density_proxy_point < 125: 0,1,,0,0
SZS6460A33BEV,2023-12-10,1,520,155.2941176470588235294117647,,old-31-Word97--0-7,两项数值均达到常规阈值,numeric_input_ready=1; range_point < 200: 0; density_proxy_point < 125: 0,1,,0,0
SZS6460A35BEV,2023-12-10,1,475,136.7924528301886792452830189,,old-30-Word97--0-45,两项数值均达到常规阈值,numeric_input_ready=1; range_point < 200: 0; density_proxy_point < 125: 0,1,,0,0
SZS6460A36BEV,2023-12-10,1,403,135.4166666666666666666666667,,mf29-t0-r7,两项数值均达到常规阈值,numeric_input_ready=1; range_point < 200: 0; density_proxy_point < 125: 0,1,,0,0
SZS6460A37BEV,2023-12-10,1,403,154.9707602339181286549707602,,old-34-Word97--0-21,两项数值均达到常规阈值,numeric_input_ready=1; range_point < 200: 0; density_proxy_point < 125: 0,1,,0,0
SZS6460A38BEV,2023-12-10,1,403,138.0208333333333333333333333,,mf29-t0-r8,两项数值均达到常规阈值,numeric_input_ready=1; range_point < 200: 0; density_proxy_point < 125: 0,1,,0,0
SZS6460A39BEV,2023-12-10,1,520,159.7222222222222222222222222,,mf29-t0-r9,两项数值均达到常规阈值,numeric_input_ready=1; range_point < 200: 0; density_proxy_point < 125: 0,1,,0,0
SZS6460A50BEV,2023-12-10,1,520,155.2941176470588235294117647,,old-34-Word97--0-22,两项数值均达到常规阈值,numeric_input_ready=1; range_point < 200: 0; density_proxy_point < 125: 0,1,,0,0
SZS6460A51BEV,2023-12-10,1,403,154.9707602339181286549707602,,old-34-Word97--0-23,两项数值均达到常规阈值,numeric_input_ready=1; range_point < 200: 0; density_proxy_point < 125: 0,1,,0,0
SZS6460A52BEV,2023-12-10,1,403,135.4166666666666666666666667,,old-35-Word97--0-22,两项数值均达到常规阈值,numeric_input_ready=1; range_point < 200: 0; density_proxy_point < 125: 0,1,,0,0
SZS6460A53BEV,2023-12-10,1,403,138.0208333333333333333333333,,old-35-Word97--0-23,两项数值均达到常规阈值,numeric_input_ready=1; range_point < 200: 0; density_proxy_point < 125: 0,1,,0,0
SZS6460A54BEV,2023-12-10,1,430,149.4565217391304347826086957,,old-37-Word97--0-24,两项数值均达到常规阈值,numeric_input_ready=1; range_point < 200: 0; density_proxy_point < 125: 0,1,,0,0
SZS6460A55BEV,2023-12-10,1,403,157.3352941176470588235294118,,old-38-Word97--0-11,两项数值均达到常规阈值,numeric_input_ready=1; range_point < 200: 0; density_proxy_point < 125: 0,1,,0,0
SZS6460A56BEV,2023-12-10,1,403,137.2395833333333333333333333,,old-39-Word97--0-16,两项数值均达到常规阈值,numeric_input_ready=1; range_point < 200: 0; density_proxy_point < 125: 0,1,,0,0
SZS6460A57BEV,2023-12-10,1,430,148.5869565217391304347826087,,old-39-Word97--0-15,两项数值均达到常规阈值,numeric_input_ready=1; range_point < 200: 0; density_proxy_point < 125: 0,1,,0,0
SZS6460A58BEV,2023-12-10,1,403,152.84,,old-42-Word97--0-28,两项数值均达到常规阈值,numeric_input_ready=1; range_point < 200: 0; density_proxy_point < 125: 0,1,,0,0
SZS6460A59BEV,2023-12-10,1,403,137.25,,old-42-Word97--0-29,两项数值均达到常规阈值,numeric_input_ready=1; range_point < 200: 0; density_proxy_point < 125: 0,1,,0,0
SZS6460A60BEV,2023-12-10,1,460,137.9130434782608695652173913,CLTC,old-56-Word97--0-25,两项数值均达到常规阈值,numeric_input_ready=1; range_point < 200: 0; density_proxy_point < 125: 0,1,,0,0
SZS6480A01BEV,2023-12-10,1,503,159.7222222222222222222222222,,old-25-Word97--0-69,两项数值均达到常规阈值,numeric_input_ready=1; range_point < 200: 0; density_proxy_point < 125: 0,1,,0,0
SZS6480A03BEV,2023-12-10,1,408,137.5,,old-26-DOCX--0-38,两项数值均达到常规阈值,numeric_input_ready=1; range_point < 200: 0; density_proxy_point < 125: 0,1,,0,0
SZS6480A04BEV,2023-12-10,1,408,137.5,,mf29-t0-r10,两项数值均达到常规阈值,numeric_input_ready=1; range_point < 200: 0; density_proxy_point < 125: 0,1,,0,0
SZS6480A07BEV,2023-12-10,1,503,157.1428571428571428571428571,,old-31-Word97--0-8,两项数值均达到常规阈值,numeric_input_ready=1; range_point < 200: 0; density_proxy_point < 125: 0,1,,0,0
SZS6480A08BEV,2023-12-10,1,503,155.2941176470588235294117647,,old-31-Word97--0-9,两项数值均达到常规阈值,numeric_input_ready=1; range_point < 200: 0; density_proxy_point < 125: 0,1,,0,0
SZS7000A01BEV,2023-12-10,1,505,150.2282051282051282051282051,,old-44-Word97--0-24,两项数值均达到常规阈值,numeric_input_ready=1; range_point < 200: 0; density_proxy_point < 125: 0,1,,0,0
SZS7000A02BEV,2023-12-10,1,505,150.2282051282051282051282051,,old-44-Word97--0-26,两项数值均达到常规阈值,numeric_input_ready=1; range_point < 200: 0; density_proxy_point < 125: 0,1,,0,0
SZS7000A03BEV,2023-12-10,1,505,150.2282051282051282051282051,,old-44-Word97--0-25,两项数值均达到常规阈值,numeric_input_ready=1; range_point < 200: 0; density_proxy_point < 125: 0,1,,0,0
SZS7000A04BEV,2023-12-10,1,505,150.2282051282051282051282051,,old-45-Word97--0-19,两项数值均达到常规阈值,numeric_input_ready=1; range_point < 200: 0; density_proxy_point < 125: 0,1,,0,0
SZS7000A05BEV,2023-12-10,1,410,136.3934426229508196721311475,,old-47-Word97--0-21,两项数值均达到常规阈值,numeric_input_ready=1; range_point < 200: 0; density_proxy_point < 125: 0,1,,0,0
SZS7000A20BEV,2023-12-10,1,505,150.2282051282051282051282051,,old-49-Word97--0-16,两项数值均达到常规阈值,numeric_input_ready=1; range_point < 200: 0; density_proxy_point < 125: 0,1,,0,0
TAYCAN4D112,2023-12-10,1,513,132.8571428571428571428571429,,old-60-Word97--0-7,两项数值均达到常规阈值,numeric_input_ready=1; range_point < 200: 0; density_proxy_point < 125: 0,1,,0,0
TAYCAN4SC111,2023-12-10,1,405,129.0909090909090909090909091,,old-39-Word97--0-36,两项数值均达到常规阈值,numeric_input_ready=1; range_point < 200: 0; density_proxy_point < 125: 0,1,,0,0
TAYCAN4SD111,2023-12-10,1,518,132.8571428571428571428571429,,old-60-Word97--0-6,两项数值均达到常规阈值,numeric_input_ready=1; range_point < 200: 0; density_proxy_point < 125: 0,1,,0,0
TAYCAN4SD112,2023-12-10,1,511,132.8571428571428571428571429,,old-60-Word97--0-5,两项数值均达到常规阈值,numeric_input_ready=1; range_point < 200: 0; density_proxy_point < 125: 0,1,,0,0
TAYCANC111,2023-12-10,1,414,129.0909090909090909090909091,,old-46-Word97--0-8,两项数值均达到常规阈值,numeric_input_ready=1; range_point < 200: 0; density_proxy_point < 125: 0,1,,0,0
TAYCAND111,2023-12-10,1,489,132.8571428571428571428571429,,old-46-Word97--0-7,两项数值均达到常规阈值,numeric_input_ready=1; range_point < 200: 0; density_proxy_point < 125: 0,1,,0,0
TAYCANGTSD111,2023-12-10,1,538,132.8571428571428571428571429,,old-58-Word97--0-2,两项数值均达到常规阈值,numeric_input_ready=1; range_point < 200: 0; density_proxy_point < 125: 0,1,,0,0
THZ6450BEVS303,2023-12-10,1,401,158.192090395480225988700565,,old-32-Word97--0-42,两项数值均达到常规阈值,numeric_input_ready=1; range_point < 200: 0; density_proxy_point < 125: 0,1,,0,0
THZ6450BEVS304,2023-12-10,1,501,162.962962962962962962962963,,old-28-Word97--0-20,两项数值均达到常规阈值,numeric_input_ready=1; range_point < 200: 0; density_proxy_point < 125: 0,1,,0,0
THZ6450BEVS305,2023-12-10,1,401,159.7633136094674556213017751,,mf29-t0-r24,两项数值均达到常规阈值,numeric_input_ready=1; range_point < 200: 0; density_proxy_point < 125: 0,1,,0,0
THZ6450BEVS307,2023-12-10,1,501,162.5615763546798029556650246,,old-32-Word97--0-43,两项数值均达到常规阈值,numeric_input_ready=1; range_point < 200: 0; density_proxy_point < 125: 0,1,,0,0
THZ6450BEVS308,2023-12-10,1,401,159.7633136094674556213017751,,old-32-Word97--0-44,两项数值均达到常规阈值,numeric_input_ready=1; range_point < 200: 0; density_proxy_point < 125: 0,1,,0,0
THZ6450BEVS309,2023-12-10,1,401,158.192090395480225988700565,,old-32-Word97--0-45,两项数值均达到常规阈值,numeric_input_ready=1; range_point < 200: 0; density_proxy_point < 125: 0,1,,0,0
THZ6450BEVS30A,2023-12-10,1,610,182.4832214765100671140939597,,old-39-Word97--0-5,两项数值均达到常规阈值,numeric_input_ready=1; range_point < 200: 0; density_proxy_point < 125: 0,1,,0,0
THZ6450BEVS30B,2023-12-10,1,401,160.7692307692307692307692308,,old-38-Word97--0-16,两项数值均达到常规阈值,numeric_input_ready=1; range_point < 200: 0; density_proxy_point < 125: 0,1,,0,0
THZ6450BEVS30C,2023-12-10,1,501,176.9095477386934673366834171,,old-39-Word97--0-6,两项数值均达到常规阈值,numeric_input_ready=1; range_point < 200: 0; density_proxy_point < 125: 0,1,,0,0
THZ6450BEVS30D,2023-12-10,1,501,136.1145194274028629856850716,,old-46-Word97--0-5,两项数值均达到常规阈值,numeric_input_ready=1; range_point < 200: 0; density_proxy_point < 125: 0,1,,0,0
THZ6450BEVS30E,2023-12-10,1,401,161.7261904761904761904761905,,old-46-Word97--0-2,两项数值均达到常规阈值,numeric_input_ready=1; range_point < 200: 0; density_proxy_point < 125: 0,1,,0,0
THZ6450BEVS30F,2023-12-10,1,401,173.1976744186046511627906977,,old-48-Word97--0-6,两项数值均达到常规阈值,numeric_input_ready=1; range_point < 200: 0; density_proxy_point < 125: 0,1,,0,0
THZ6450BEVS30G,2023-12-10,1,401,137.5757575757575757575757576,,old-48-Word97--0-9,两项数值均达到常规阈值,numeric_input_ready=1; range_point < 200: 0; density_proxy_point < 125: 0,1,,0,0
THZ6450BEVS30H,2023-12-10,1,610,169.4255319148936170212765957,,old-50-Word97--0-8,两项数值均达到常规阈值,numeric_input_ready=1; range_point < 200: 0; density_proxy_point < 125: 0,1,,0,0
THZ6450BEVS30J,2023-12-10,1,401,135.7664233576642335766423358,,old-50-Word97--0-5,两项数值均达到常规阈值,numeric_input_ready=1; range_point < 200: 0; density_proxy_point < 125: 0,1,,0,0
THZ6450SEVS301,2023-12-10,1,420,167.8975741239892183288409704,,old-44-Word97--0-5,两项数值均达到常规阈值,numeric_input_ready=1; range_point < 200: 0; density_proxy_point < 125: 0,1,,0,0
THZ6450SEVS302,2023-12-10,1,420,167.8975741239892183288409704,,old-46-Word97--0-6,两项数值均达到常规阈值,numeric_input_ready=1; range_point < 200: 0; density_proxy_point < 125: 0,1,,0,0
THZ6450SEVS30M,2023-12-10,1,420,168.4946236559139784946236559,,old-65-Word97--0-46,两项数值均达到常规阈值,numeric_input_ready=1; range_point < 200: 0; density_proxy_point < 125: 0,1,,0,0
THZ6451BEVS307,2023-12-10,1,501,163.1280788177339901477832512,,old-44-Word97--0-8,两项数值均达到常规阈值,numeric_input_ready=1; range_point < 200: 0; density_proxy_point < 125: 0,1,,0,0
THZ6451BEVS30A,2023-12-10,1,610,182.4832214765100671140939597,,old-56-Word97--0-16,两项数值均达到常规阈值,numeric_input_ready=1; range_point < 200: 0; density_proxy_point < 125: 0,1,,0,0
THZ6451BEVS30J,2023-12-10,1,501,138.0566801619433198380566802,,old-50-Word97--0-7,两项数值均达到常规阈值,numeric_input_ready=1; range_point < 200: 0; density_proxy_point < 125: 0,1,,0,0
THZ6452BEVS307,2023-12-10,1,501,163.1280788177339901477832512,,old-46-Word97--0-3,两项数值均达到常规阈值,numeric_input_ready=1; range_point < 200: 0; density_proxy_point < 125: 0,1,,0,0
THZ6460BEVS301,2023-12-10,1,401,160.7692307692307692307692308,,old-48-Word97--0-7,两项数值均达到常规阈值,numeric_input_ready=1; range_point < 200: 0; density_proxy_point < 125: 0,1,,0,0
THZ6460BEVS302,2023-12-10,1,501,163.1280788177339901477832512,,old-48-Word97--0-8,两项数值均达到常规阈值,numeric_input_ready=1; range_point < 200: 0; density_proxy_point < 125: 0,1,,0,0
THZ6460BEVS30K,2023-12-10,1,401,135.7664233576642335766423358,,old-64-Word97--0-40,两项数值均达到常规阈值,numeric_input_ready=1; range_point < 200: 0; density_proxy_point < 125: 0,1,,0,0
THZ6460BEVS37A,2023-12-10,1,401,136.3157894736842105263157895,,old-69-Word97--0-81,两项数值均达到常规阈值,numeric_input_ready=1; range_point < 200: 0; density_proxy_point < 125: 0,1,,0,0
THZ6460BEVS37C,2023-12-10,1,501,136.2637362637362637362637363,,old-69-Word97--0-82,两项数值均达到常规阈值,numeric_input_ready=1; range_point < 200: 0; density_proxy_point < 125: 0,1,,0,0
THZ6460BEVS37P,2023-12-10,1,401,136.4415584415584415584415584,,old-71-Word97--0-56,两项数值均达到常规阈值,numeric_input_ready=1; range_point < 200: 0; density_proxy_point < 125: 0,1,,0,0
THZ7000BEVS003,2023-12-10,1,301,151.260504201680672268907563,,old-19-DOCX--0-50,两项数值均达到常规阈值,numeric_input_ready=1; range_point < 200: 0; density_proxy_point < 125: 0,1,,0,0
THZ7000BEVS004,2023-12-10,1,301,140.5622489959839357429718876,,old-19-DOCX--0-51,两项数值均达到常规阈值,numeric_input_ready=1; range_point < 200: 0; density_proxy_point < 125: 0,1,,0,0
THZ7000BEVS005,2023-12-10,1,301,140.5622489959839357429718876,,old-19-DOCX--0-52,两项数值均达到常规阈值,numeric_input_ready=1; range_point < 200: 0; density_proxy_point < 125: 0,1,,0,0
THZ7000BEVS008,2023-12-10,1,301,135.036496350364963503649635,,old-25-Word97--0-36,两项数值均达到常规阈值,numeric_input_ready=1; range_point < 200: 0; density_proxy_point < 125: 0,1,,0,0
THZ7000BEVS009,2023-12-10,1,301,159.2920353982300884955752212,,old-24-Word97--1-18,两项数值均达到常规阈值,numeric_input_ready=1; range_point < 200: 0; density_proxy_point < 125: 0,1,,0,0
THZ7000BEVS00A,2023-12-10,1,301,159.2920353982300884955752212,,old-24-Word97--1-19,两项数值均达到常规阈值,numeric_input_ready=1; range_point < 200: 0; density_proxy_point < 125: 0,1,,0,0
THZ7000BEVS00B,2023-12-10,1,351,159.2920353982300884955752212,,old-25-Word97--0-37,两项数值均达到常规阈值,numeric_input_ready=1; range_point < 200: 0; density_proxy_point < 125: 0,1,,0,0
THZ7000BEVS00D,2023-12-10,1,301,140.5622489959839357429718876,,old-27-Word97--0-55,两项数值均达到常规阈值,numeric_input_ready=1; range_point < 200: 0; density_proxy_point < 125: 0,1,,0,0
THZ7000BEVS111,2023-12-10,0,301,,,old-38-Word97--0-17,单值不足,numeric_input_ready != 1；保持未知，不以0替代缺值,1,两项单值暴露不足,0,0
THZ7000BEVS112,2023-12-10,0,301,,,old-34-Word97--0-51,单值不足,numeric_input_ready != 1；保持未知，不以0替代缺值,1,两项单值暴露不足,0,0
THZ7000BEVS113,2023-12-10,0,401,,,old-34-Word97--0-52,单值不足,numeric_input_ready != 1；保持未知，不以0替代缺值,1,两项单值暴露不足,0,0
THZ7000BEVS114,2023-12-10,0,401,,,old-37-Word97--0-30,单值不足,numeric_input_ready != 1；保持未知，不以0替代缺值,1,两项单值暴露不足,0,0
THZ7000BEVS115,2023-12-10,0,301,,,old-39-Word97--0-4,单值不足,numeric_input_ready != 1；保持未知，不以0替代缺值,1,两项单值暴露不足,0,0
THZ7000BEVS116,2023-12-10,0,401,,,old-39-Word97--0-3,单值不足,numeric_input_ready != 1；保持未知，不以0替代缺值,1,两项单值暴露不足,0,0
THZ7000BEVS117,2023-12-10,0,401,,,old-43-Word97--0-4,单值不足,numeric_input_ready != 1；保持未知，不以0替代缺值,1,两项单值暴露不足,0,0
THZ7000BEVS118,2023-12-10,0,401,,,old-44-Word97--0-7,单值不足,numeric_input_ready != 1；保持未知，不以0替代缺值,1,两项单值暴露不足,0,0
THZ7000BEVS119,2023-12-10,0,401,,,old-44-Word97--0-4,单值不足,numeric_input_ready != 1；保持未知，不以0替代缺值,1,两项单值暴露不足,0,0
THZ7000BEVS11A,2023-12-10,0,401,,,old-44-Word97--0-6,单值不足,numeric_input_ready != 1；保持未知，不以0替代缺值,1,两项单值暴露不足,0,0
THZ7000BEVS11B,2023-12-10,0,401,,,old-46-Word97--0-4,单值不足,numeric_input_ready != 1；保持未知，不以0替代缺值,1,两项单值暴露不足,0,0
THZ7000BEVS11C,2023-12-10,0,401,,,old-50-Word97--0-6,单值不足,numeric_input_ready != 1；保持未知，不以0替代缺值,1,两项单值暴露不足,0,0
THZ7000BEVS11D,2023-12-10,0,401,,,old-50-Word97--0-9,单值不足,numeric_input_ready != 1；保持未知，不以0替代缺值,1,两项单值暴露不足,0,0
THZ7000BEVS11E,2023-12-10,1,401,135.0825082508250825082508251,,old-55-Word97--0-6,两项数值均达到常规阈值,numeric_input_ready=1; range_point < 200: 0; density_proxy_point < 125: 0,1,,0,0
THZ7000BEVS11F,2023-12-10,0,401,,,old-53-Word97--0-9,单值不足,numeric_input_ready != 1；保持未知，不以0替代缺值,1,两项单值暴露不足,0,0
THZ7000BEVS11G,2023-12-10,0,401,,,old-56-Word97--0-17,单值不足,numeric_input_ready != 1；保持未知，不以0替代缺值,1,两项单值暴露不足,0,0
THZ7000BEVS11H,2023-12-10,0,401,,,old-59-Word97--0-31,单值不足,numeric_input_ready != 1；保持未知，不以0替代缺值,1,两项单值暴露不足,0,0
THZ7000BEVS11J,2023-12-10,0,401,,,old-60-Word97--0-13,单值不足,numeric_input_ready != 1；保持未知，不以0替代缺值,1,两项单值暴露不足,0,0
THZ7000BEVS11K,2023-12-10,0,401,,,old-61-Word97--0-12,单值不足,numeric_input_ready != 1；保持未知，不以0替代缺值,1,两项单值暴露不足,0,0
THZ7000BEVS11M,2023-12-10,0,401,,,old-62-Word97--0-73,单值不足,numeric_input_ready != 1；保持未知，不以0替代缺值,1,两项单值暴露不足,0,0
THZ7000BEVS11N,2023-12-10,0,301,,,old-63-Word97--0-38,单值不足,numeric_input_ready != 1；保持未知，不以0替代缺值,1,两项单值暴露不足,0,0
THZ7000BEVS11Q,2023-12-10,1,401,129.8606271777003484320557491,,old-68-Word97--0-36,两项数值均达到常规阈值,numeric_input_ready=1; range_point < 200: 0; density_proxy_point < 125: 0,1,,0,0
THZ7000BEVS11R,2023-12-10,1,401,129.8606271777003484320557491,,old-68-Word97--0-39,两项数值均达到常规阈值,numeric_input_ready=1; range_point < 200: 0; density_proxy_point < 125: 0,1,,0,0
THZ7000BEVS11S,2023-12-10,0,401,,,old-66-Word97--0-30,单值不足,numeric_input_ready != 1；保持未知，不以0替代缺值,1,两项单值暴露不足,0,0
THZ7000BEVS11T,2023-12-10,0,401,,,old-66-Word97--0-29,单值不足,numeric_input_ready != 1；保持未知，不以0替代缺值,1,两项单值暴露不足,0,0
THZ7000BEVS11U,2023-12-10,0,318,,,old-66-Word97--0-34,单值不足,numeric_input_ready != 1；保持未知，不以0替代缺值,1,两项单值暴露不足,0,0
THZ7000BEVS11V,2023-12-10,0,318,,,old-66-Word97--0-33,单值不足,numeric_input_ready != 1；保持未知，不以0替代缺值,1,两项单值暴露不足,0,0
THZ7000BEVS11W,2023-12-10,0,228,,,old-68-Word97--0-38,单值不足,numeric_input_ready != 1；保持未知，不以0替代缺值,1,两项单值暴露不足,0,0
THZ7000BEVS11X,2023-12-10,0,401,,,old-68-Word97--0-37,单值不足,numeric_input_ready != 1；保持未知，不以0替代缺值,1,两项单值暴露不足,0,0
THZ7000BEVS361,2023-12-10,1,560,135.813953488372093023255814,,old-62-Word97--0-74,两项数值均达到常规阈值,numeric_input_ready=1; range_point < 200: 0; density_proxy_point < 125: 0,1,,0,0
THZ7000BEVS362,2023-12-10,0,660,,,old-62-Word97--0-75,单值不足,numeric_input_ready != 1；保持未知，不以0替代缺值,1,两项单值暴露不足,0,0
THZ7000BEVS363,2023-12-10,0,580,,,old-62-Word97--0-72,单值不足,numeric_input_ready != 1；保持未知，不以0替代缺值,1,两项单值暴露不足,0,0
THZ7000BEVS364,2023-12-10,0,707,,,old-64-Word97--0-39,单值不足,numeric_input_ready != 1；保持未知，不以0替代缺值,1,两项单值暴露不足,0,0
THZ7000BEVS365,2023-12-10,1,560,136.2790697674418604651162791,,old-65-Word97--0-47,两项数值均达到常规阈值,numeric_input_ready=1; range_point < 200: 0; density_proxy_point < 125: 0,1,,0,0
THZ7000BEVS366,2023-12-10,1,560,136.2790697674418604651162791,,old-66-Word97--0-31,两项数值均达到常规阈值,numeric_input_ready=1; range_point < 200: 0; density_proxy_point < 125: 0,1,,0,0
THZ7000BEVS401,2023-12-10,1,715,177.5210084033613445378151261,CLTC,old-57-Word97--0-15,两项数值均达到常规阈值,numeric_input_ready=1; range_point < 200: 0; density_proxy_point < 125: 0,1,,0,0
THZ7000BEVS402,2023-12-10,1,715,179.5569620253164556962025316,CLTC,old-57-Word97--0-16,两项数值均达到常规阈值,numeric_input_ready=1; range_point < 200: 0; density_proxy_point < 125: 0,1,,0,0
THZ7000BEVS403,2023-12-10,1,650,178.4313725490196078431372549,CLTC,old-57-Word97--0-17,两项数值均达到常规阈值,numeric_input_ready=1; range_point < 200: 0; density_proxy_point < 125: 0,1,,0,0
THZ7000BEVS404,2023-12-10,1,520,135.813953488372093023255814,,old-64-Word97--0-38,两项数值均达到常规阈值,numeric_input_ready=1; range_point < 200: 0; density_proxy_point < 125: 0,1,,0,0
THZ7000BEVS405,2023-12-10,1,520,136.2790697674418604651162791,,old-64-Word97--0-37,两项数值均达到常规阈值,numeric_input_ready=1; range_point < 200: 0; density_proxy_point < 125: 0,1,,0,0
THZ7000BEVS406,2023-12-10,1,1075,199.047619047619047619047619,,old-66-Word97--0-32,两项数值均达到常规阈值,numeric_input_ready=1; range_point < 200: 0; density_proxy_point < 125: 0,1,,0,0
THZ7000BEVS407,2023-12-10,0,520,,,old-67-Word97--0-29,单值不足,numeric_input_ready != 1；保持未知，不以0替代缺值,1,两项单值暴露不足,0,0
THZ7001BEVS001,2023-12-10,1,301,140.5622489959839357429718876,,old-23-Word97--0-55,两项数值均达到常规阈值,numeric_input_ready=1; range_point < 200: 0; density_proxy_point < 125: 0,1,,0,0
THZ7001BEVS004,2023-12-10,1,301,140.5622489959839357429718876,,old-23-Word97--0-56,两项数值均达到常规阈值,numeric_input_ready=1; range_point < 200: 0; density_proxy_point < 125: 0,1,,0,0
THZ7001BEVS005,2023-12-10,1,301,140.5622489959839357429718876,,old-23-Word97--0-57,两项数值均达到常规阈值,numeric_input_ready=1; range_point < 200: 0; density_proxy_point < 125: 0,1,,0,0
THZ7001BEVS008,2023-12-10,1,351,135.036496350364963503649635,,old-27-Word97--0-56,两项数值均达到常规阈值,numeric_input_ready=1; range_point < 200: 0; density_proxy_point < 125: 0,1,,0,0
THZ7001BEVS009,2023-12-10,1,351,159.2920353982300884955752212,,old-31-Word97--0-24,两项数值均达到常规阈值,numeric_input_ready=1; range_point < 200: 0; density_proxy_point < 125: 0,1,,0,0
THZ7001BEVS00B,2023-12-10,1,330,159.2920353982300884955752212,,old-27-Word97--0-57,两项数值均达到常规阈值,numeric_input_ready=1; range_point < 200: 0; density_proxy_point < 125: 0,1,,0,0
THZ7001BEVS00F,2023-12-10,1,301,142.2413793103448275862068966,,old-32-Word97--0-46,两项数值均达到常规阈值,numeric_input_ready=1; range_point < 200: 0; density_proxy_point < 125: 0,1,,0,0
THZ7001BEVS00H,2023-12-10,1,301,159.2920353982300884955752212,,old-32-Word97--0-47,两项数值均达到常规阈值,numeric_input_ready=1; range_point < 200: 0; density_proxy_point < 125: 0,1,,0,0
THZ7001BEVS00J,2023-12-10,1,301,137.168141592920353982300885,,old-32-Word97--0-48,两项数值均达到常规阈值,numeric_input_ready=1; range_point < 200: 0; density_proxy_point < 125: 0,1,,0,0
THZ7002BEVS008,2023-12-10,1,301,135.036496350364963503649635,,old-33-Word97--0-71,两项数值均达到常规阈值,numeric_input_ready=1; range_point < 200: 0; density_proxy_point < 125: 0,1,,0,0
THZ7003BEVS008,2023-12-10,1,351,135.036496350364963503649635,,old-33-Word97--0-72,两项数值均达到常规阈值,numeric_input_ready=1; range_point < 200: 0; density_proxy_point < 125: 0,1,,0,0
THZ7003BEVS009,2023-12-10,1,351,159.2920353982300884955752212,,old-32-Word97--0-49,两项数值均达到常规阈值,numeric_input_ready=1; range_point < 200: 0; density_proxy_point < 125: 0,1,,0,0
TSL6480BEVAR0,2023-12-10,1,525,125,,old-45-Word97--0-6,两项数值均达到常规阈值,numeric_input_ready=1; range_point < 200: 0; density_proxy_point < 125: 0,1,,0,0
TSL6480BEVAR1,2023-12-10,1,545,125,,old-45-Word97--0-4,两项数值均达到常规阈值,numeric_input_ready=1; range_point < 200: 0; density_proxy_point < 125: 0,1,,0,0
TSL6480BEVAR2,2023-12-10,1,545,125,,old-50-Word97--0-2,两项数值均达到常规阈值,numeric_input_ready=1; range_point < 200: 0; density_proxy_point < 125: 0,1,,0,0
TSL6480BEVAR3,2023-12-10,0,,125,,old-71-Word97--0-62,单值不足,numeric_input_ready != 1；保持未知，不以0替代缺值,1,两项单值暴露不足,0,0
TSL6480BEVAR4,2023-12-10,0,,125,,old-71-Word97--0-61,单值不足,numeric_input_ready != 1；保持未知，不以0替代缺值,1,两项单值暴露不足,0,0
TSL6480BEVBA0,2023-12-10,1,594,169.2307692307692307692307692,,old-37-Word97--0-33,两项数值均达到常规阈值,numeric_input_ready=1; range_point < 200: 0; density_proxy_point < 125: 0,1,,0,0
TSL6480BEVBA1,2023-12-10,1,594,168.7912087912087912087912088,,old-39-Word97--0-2,两项数值均达到常规阈值,numeric_input_ready=1; range_point < 200: 0; density_proxy_point < 125: 0,1,,0,0
TSL6480BEVBA2,2023-12-10,1,540,168.7912087912087912087912088,,old-41-Word97--0-3,两项数值均达到常规阈值,numeric_input_ready=1; range_point < 200: 0; density_proxy_point < 125: 0,1,,0,0
TSL6480BEVBA3,2023-12-10,1,594,168.7912087912087912087912088,,old-45-Word97--0-5,两项数值均达到常规阈值,numeric_input_ready=1; range_point < 200: 0; density_proxy_point < 125: 0,1,,0,0
TSL6480BEVBA4,2023-12-10,1,566,172.3076923076923076923076923,,old-45-Word97--0-3,两项数值均达到常规阈值,numeric_input_ready=1; range_point < 200: 0; density_proxy_point < 125: 0,1,,0,0
TSL6480BEVBA5,2023-12-10,1,640,172.3076923076923076923076923,,old-45-Word97--0-2,两项数值均达到常规阈值,numeric_input_ready=1; range_point < 200: 0; density_proxy_point < 125: 0,1,,0,0
TSL7000BEVAR0,2023-12-10,0,,,,mf29-t0-r27,单值不足,numeric_input_ready != 1；保持未知，不以0替代缺值,1,两项单值暴露不足,0,0
TSL7000BEVAR1,2023-12-10,1,468,125,,old-33-Word97--0-77,两项数值均达到常规阈值,numeric_input_ready=1; range_point < 200: 0; density_proxy_point < 125: 0,1,,0,0
TSL7000BEVAR2,2023-12-10,1,468,125,,old-40-Word97--0-2,两项数值均达到常规阈值,numeric_input_ready=1; range_point < 200: 0; density_proxy_point < 125: 0,1,,0,0
TSL7000BEVAR5,2023-12-10,1,556,125,,old-50-Word97--0-3,两项数值均达到常规阈值,numeric_input_ready=1; range_point < 200: 0; density_proxy_point < 125: 0,1,,0,0
TSL7000BEVAR6,2023-12-10,1,556,125,,old-50-Word97--0-4,两项数值均达到常规阈值,numeric_input_ready=1; range_point < 200: 0; density_proxy_point < 125: 0,1,,0,0
TSL7000BEVAR7,2023-12-10,0,,125,,old-70-Word97--0-47,单值不足,numeric_input_ready != 1；保持未知，不以0替代缺值,1,两项单值暴露不足,0,0
TSL7000BEVBA0,2023-12-10,1,610,169.2307692307692307692307692,,old-33-Word97--0-78,两项数值均达到常规阈值,numeric_input_ready=1; range_point < 200: 0; density_proxy_point < 125: 0,1,,0,0
TSL7000BEVBA1,2023-12-10,1,635,169.2307692307692307692307692,,old-33-Word97--0-79,两项数值均达到常规阈值,numeric_input_ready=1; range_point < 200: 0; density_proxy_point < 125: 0,1,,0,0
TSL7000BEVBA2,2023-12-10,1,605,168.7912087912087912087912088,,old-41-Word97--0-2,两项数值均达到常规阈值,numeric_input_ready=1; range_point < 200: 0; density_proxy_point < 125: 0,1,,0,0
TSL7000BEVBA3,2023-12-10,1,675,172.3076923076923076923076923,,old-47-Word97--0-2,两项数值均达到常规阈值,numeric_input_ready=1; range_point < 200: 0; density_proxy_point < 125: 0,1,,0,0
TSL7000BEVBA4,2023-12-10,0,,172.3076923076923076923076923,,old-70-Word97--0-46,单值不足,numeric_input_ready != 1；保持未知，不以0替代缺值,1,两项单值暴露不足,0,0
TSL7000BEVBR0,2023-12-10,1,668,169.2307692307692307692307692,,old-30-Word97--0-40,两项数值均达到常规阈值,numeric_input_ready=1; range_point < 200: 0; density_proxy_point < 125: 0,1,,0,0
TV6470BEV4WD,2023-12-10,0,,155.4778554778554778554778555,CLTC,old-53-Word97--0-11,单值不足,numeric_input_ready != 1；保持未知，不以0替代缺值,1,两项单值暴露不足,0,0
TV6470BEVFF,2023-12-10,1,615,155.4778554778554778554778555,CLTC,old-53-Word97--0-10,两项数值均达到常规阈值,numeric_input_ready=1; range_point < 200: 0; density_proxy_point < 125: 0,1,,0,0
TV6470BEVFFE,2023-12-10,0,,,CLTC,old-54-Word97--0-23,单值不足,numeric_input_ready != 1；保持未知，不以0替代缺值,1,两项单值暴露不足,0,0
TV7001BEV,2023-12-10,1,400,130.1204819277108433734939759,,old-30-Word97--0-38,两项数值均达到常规阈值,numeric_input_ready=1; range_point < 200: 0; density_proxy_point < 125: 0,1,,0,0
TV7002BEV,2023-12-10,1,517,146.3929618768328445747800587,CLTC,old-59-Word97--0-34,两项数值均达到常规阈值,numeric_input_ready=1; range_point < 200: 0; density_proxy_point < 125: 0,1,,0,0
TV7002BEVP,2023-12-10,1,616,148.7015945330296127562642369,CLTC,old-59-Word97--0-35,两项数值均达到常规阈值,numeric_input_ready=1; range_point < 200: 0; density_proxy_point < 125: 0,1,,0,0
UJZKX,2023-12-10,1,360,129.2571428571428571428571429,,old-46-Word97--0-12,两项数值均达到常规阈值,numeric_input_ready=1; range_point < 200: 0; density_proxy_point < 125: 0,1,,0,0
VCC6527F01EBEV,2023-12-10,0,738,,,old-71-Word97--0-37,单值不足,numeric_input_ready != 1；保持未知，不以0替代缺值,1,两项单值暴露不足,0,0
VCC7002F01VBEV,2023-12-10,1,450,148.5355648535564853556485356,,old-32-Word97--0-15,两项数值均达到常规阈值,numeric_input_ready=1; range_point < 200: 0; density_proxy_point < 125: 0,1,,0,0
VCC7002F02VBEV,2023-12-10,1,485,143.820224719101123595505618,,old-43-Word97--0-10,两项数值均达到常规阈值,numeric_input_ready=1; range_point < 200: 0; density_proxy_point < 125: 0,1,,0,0
VCC7002F03VBEV,2023-12-10,1,565,157.5757575757575757575757576,,old-43-Word97--0-13,两项数值均达到常规阈值,numeric_input_ready=1; range_point < 200: 0; density_proxy_point < 125: 0,1,,0,0
VCC7002F04VBEV,2023-12-10,1,512,157.5757575757575757575757576,,old-43-Word97--0-14,两项数值均达到常规阈值,numeric_input_ready=1; range_point < 200: 0; density_proxy_point < 125: 0,1,,0,0
VCC7002F05VBEV,2023-12-10,1,460,157.5757575757575757575757576,,old-43-Word97--0-11,两项数值均达到常规阈值,numeric_input_ready=1; range_point < 200: 0; density_proxy_point < 125: 0,1,,0,0
VCC7002F07VBEV,2023-12-10,1,540,157.5757575757575757575757576,,old-43-Word97--0-8,两项数值均达到常规阈值,numeric_input_ready=1; range_point < 200: 0; density_proxy_point < 125: 0,1,,0,0
VCC7002F08VBEV,2023-12-10,1,460,143.820224719101123595505618,,old-43-Word97--0-12,两项数值均达到常规阈值,numeric_input_ready=1; range_point < 200: 0; density_proxy_point < 125: 0,1,,0,0
VCC7002F09VBEV,2023-12-10,1,570,153.3333333333333333333333333,,old-47-Word97--0-23,两项数值均达到常规阈值,numeric_input_ready=1; range_point < 200: 0; density_proxy_point < 125: 0,1,,0,0
VCC7002F10VBEV,2023-12-10,1,532,153.3333333333333333333333333,,old-47-Word97--0-24,两项数值均达到常规阈值,numeric_input_ready=1; range_point < 200: 0; density_proxy_point < 125: 0,1,,0,0
VCC7002F11VBEV,2023-12-10,1,640,158.8594704684317718940936864,,old-53-Word97--0-22,两项数值均达到常规阈值,numeric_input_ready=1; range_point < 200: 0; density_proxy_point < 125: 0,1,,0,0
VCC7002F12VBEV,2023-12-10,1,610,158.8594704684317718940936864,,old-53-Word97--0-21,两项数值均达到常规阈值,numeric_input_ready=1; range_point < 200: 0; density_proxy_point < 125: 0,1,,0,0
VCC7002F21VBEV,2023-12-10,1,650,158.2150101419878296146044625,,old-64-Word97--0-17,两项数值均达到常规阈值,numeric_input_ready=1; range_point < 200: 0; density_proxy_point < 125: 0,1,,0,0
VCC7002F22VBEV,2023-12-10,1,610,158.2150101419878296146044625,,old-64-Word97--0-16,两项数值均达到常规阈值,numeric_input_ready=1; range_point < 200: 0; density_proxy_point < 125: 0,1,,0,0
VCC7002F23VBEV,2023-12-10,1,780,165.6565656565656565656565657,,old-64-Word97--0-15,两项数值均达到常规阈值,numeric_input_ready=1; range_point < 200: 0; density_proxy_point < 125: 0,1,,0,0
VCC7002F24VBEV,2023-12-10,1,740,165.6565656565656565656565657,,old-64-Word97--0-18,两项数值均达到常规阈值,numeric_input_ready=1; range_point < 200: 0; density_proxy_point < 125: 0,1,,0,0
VCC7002F25VBEV,2023-12-10,1,670,152.9933481152993348115299335,,old-67-Word97--0-13,两项数值均达到常规阈值,numeric_input_ready=1; range_point < 200: 0; density_proxy_point < 125: 0,1,,0,0
VCC7002F26VBEV,2023-12-10,1,640,152.9933481152993348115299335,,old-67-Word97--0-12,两项数值均达到常规阈值,numeric_input_ready=1; range_point < 200: 0; density_proxy_point < 125: 0,1,,0,0
VCC7003F01XBEV,2023-12-10,1,420,148.5355648535564853556485356,,old-36-Word97--0-7,两项数值均达到常规阈值,numeric_input_ready=1; range_point < 200: 0; density_proxy_point < 125: 0,1,,0,0
VCC7003F02XBEV,2023-12-10,1,500,158.8594704684317718940936864,,old-53-Word97--0-23,两项数值均达到常规阈值,numeric_input_ready=1; range_point < 200: 0; density_proxy_point < 125: 0,1,,0,0
VCC7003F03XBEV,2023-12-10,1,529,153.3333333333333333333333333,,old-47-Word97--0-22,两项数值均达到常规阈值,numeric_input_ready=1; range_point < 200: 0; density_proxy_point < 125: 0,1,,0,0
VCC7003F04XBEV,2023-12-10,1,420,148.5355648535564853556485356,,old-42-Word97--0-32,两项数值均达到常规阈值,numeric_input_ready=1; range_point < 200: 0; density_proxy_point < 125: 0,1,,0,0
VCC7003F05XBEV,2023-12-10,1,630,165.6565656565656565656565657,,old-63-Word97--0-19,两项数值均达到常规阈值,numeric_input_ready=1; range_point < 200: 0; density_proxy_point < 125: 0,1,,0,0
VCC7003F06XBEV,2023-12-10,1,660,160.4395604395604395604395604,,old-64-Word97--0-22,两项数值均达到常规阈值,numeric_input_ready=1; range_point < 200: 0; density_proxy_point < 125: 0,1,,0,0
VCC7003F07XBEV,2023-12-10,1,640,160.4395604395604395604395604,,old-64-Word97--0-19,两项数值均达到常规阈值,numeric_input_ready=1; range_point < 200: 0; density_proxy_point < 125: 0,1,,0,0
VCC7003F41XBEV,2023-12-10,1,530,158.8594704684317718940936864,,old-53-Word97--0-20,两项数值均达到常规阈值,numeric_input_ready=1; range_point < 200: 0; density_proxy_point < 125: 0,1,,0,0
VCC7003F42XBEV,2023-12-10,1,550,153.3333333333333333333333333,,old-53-Word97--0-19,两项数值均达到常规阈值,numeric_input_ready=1; range_point < 200: 0; density_proxy_point < 125: 0,1,,0,0
VCC7003F43XBEV,2023-12-10,1,670,165.6565656565656565656565657,,old-63-Word97--0-20,两项数值均达到常规阈值,numeric_input_ready=1; range_point < 200: 0; density_proxy_point < 125: 0,1,,0,0
VCC7003F44XBEV,2023-12-10,1,685,160.4395604395604395604395604,,old-64-Word97--0-20,两项数值均达到常规阈值,numeric_input_ready=1; range_point < 200: 0; density_proxy_point < 125: 0,1,,0,0
VCC7003F45XBEV,2023-12-10,1,660,160.4395604395604395604395604,,old-64-Word97--0-21,两项数值均达到常规阈值,numeric_input_ready=1; range_point < 200: 0; density_proxy_point < 125: 0,1,,0,0
VCC7006F012BEV,2023-12-10,1,410,119.6581196581196581196581197,,old-70-Word97--0-18,密度代理单项低于常规阈值,numeric_input_ready=1; range_point < 200: 0; density_proxy_point < 125: 1,1,,0,0
VCC7006F022BEV,2023-12-10,1,590,169.2307692307692307692307692,,old-70-Word97--0-16,两项数值均达到常规阈值,numeric_input_ready=1; range_point < 200: 0; density_proxy_point < 125: 0,1,,0,0
VCC7006F032BEV,2023-12-10,1,540,169.2307692307692307692307692,,old-70-Word97--0-17,两项数值均达到常规阈值,numeric_input_ready=1; range_point < 200: 0; density_proxy_point < 125: 0,1,,0,0
WHJ7000BEVHH111,2023-12-10,0,201,,,old-71-Word97--0-53,单值不足,numeric_input_ready != 1；保持未知，不以0替代缺值,1,两项单值暴露不足,0,0
WHJ7000BEVHH112,2023-12-10,1,301,129.4009216589861751152073733,,old-70-Word97--0-38,两项数值均达到常规阈值,numeric_input_ready=1; range_point < 200: 0; density_proxy_point < 125: 0,1,,0,0
WHJ7001BEVFX11,2023-12-10,1,402,133.3805970149253731343283582,,old-46-Word97--0-32,两项数值均达到常规阈值,numeric_input_ready=1; range_point < 200: 0; density_proxy_point < 125: 0,1,,0,0
X100D5,2023-12-10,1,576,160,,old-26-DOCX--0-75,两项数值均达到常规阈值,numeric_input_ready=1; range_point < 200: 0; density_proxy_point < 125: 0,1,,0,0
X100D6,2023-12-10,1,576,160,,old-26-DOCX--0-76,两项数值均达到常规阈值,numeric_input_ready=1; range_point < 200: 0; density_proxy_point < 125: 0,1,,0,0
X100D7,2023-12-10,1,576,160,,old-26-DOCX--0-77,两项数值均达到常规阈值,numeric_input_ready=1; range_point < 200: 0; density_proxy_point < 125: 0,1,,0,0
X75D5,2023-12-10,1,425,139.6226415094339622641509434,,old-26-DOCX--0-78,两项数值均达到常规阈值,numeric_input_ready=1; range_point < 200: 0; density_proxy_point < 125: 0,1,,0,0
X75D6,2023-12-10,1,425,139.6226415094339622641509434,,old-26-DOCX--0-79,两项数值均达到常规阈值,numeric_input_ready=1; range_point < 200: 0; density_proxy_point < 125: 0,1,,0,0
X75D7,2023-12-10,1,425,139.6226415094339622641509434,,old-26-DOCX--0-80,两项数值均达到常规阈值,numeric_input_ready=1; range_point < 200: 0; density_proxy_point < 125: 0,1,,0,0
XEBM10L-AWDBSC2,2023-12-10,1,614,155.4778554778554778554778555,,old-70-Word97--0-3,两项数值均达到常规阈值,numeric_input_ready=1; range_point < 200: 0; density_proxy_point < 125: 0,1,,0,0
XEBM10L-AWDCSC2,2023-12-10,0,,155.4778554778554778554778555,,old-70-Word97--0-2,单值不足,numeric_input_ready != 1；保持未知，不以0替代缺值,1,两项单值暴露不足,0,0
XEBM15L-AWDBSC2,2023-12-10,1,520,154.5454545454545454545454545,,old-63-Word97--0-2,两项数值均达到常规阈值,numeric_input_ready=1; range_point < 200: 0; density_proxy_point < 125: 0,1,,0,0
XEBM15L-AWDCSC2,2023-12-10,0,,154.5454545454545454545454545,,old-63-Word97--0-3,单值不足,numeric_input_ready != 1；保持未知，不以0替代缺值,1,两项单值暴露不足,0,0
XEBM15L-AWDLSC2,2023-12-10,1,455,154.5454545454545454545454545,,old-63-Word97--0-4,两项数值均达到常规阈值,numeric_input_ready=1; range_point < 200: 0; density_proxy_point < 125: 0,1,,0,0
XP100D5,2023-12-10,1,552,160,,old-26-DOCX--0-81,两项数值均达到常规阈值,numeric_input_ready=1; range_point < 200: 0; density_proxy_point < 125: 0,1,,0,0
XP100D6,2023-12-10,1,552,160,,old-26-DOCX--0-82,两项数值均达到常规阈值,numeric_input_ready=1; range_point < 200: 0; density_proxy_point < 125: 0,1,,0,0
XP100D7,2023-12-10,1,552,160,,old-26-DOCX--0-83,两项数值均达到常规阈值,numeric_input_ready=1; range_point < 200: 0; density_proxy_point < 125: 0,1,,0,0
YDE7000BEV1B,2023-12-10,1,250,120.3703703703703703703703704,,old-12-PDF-grid-1-0-12,密度代理单项低于常规阈值,numeric_input_ready=1; range_point < 200: 0; density_proxy_point < 125: 1,1,,0,0
YDE7000BEV1C,2023-12-10,1,150,89.88764044943820224719101124,,old-12-PDF-grid-1-0-13,两项数值低于常规阈值,numeric_input_ready=1; range_point < 200: 1; density_proxy_point < 125: 1,1,,0,0
YDE7000BEV1D,2023-12-10,1,250,121.875,,old-13-PDF-grid-1-0-13,密度代理单项低于常规阈值,numeric_input_ready=1; range_point < 200: 0; density_proxy_point < 125: 1,1,,0,0
YDE7000BEV1F1,2023-12-10,1,301,121.875,,old-19-DOCX--0-22,密度代理单项低于常规阈值,numeric_input_ready=1; range_point < 200: 0; density_proxy_point < 125: 1,1,,0,0
YDE7000BEV1H,2023-12-10,1,402,147.4926253687315634218289086,,old-18-Word97--0-21,两项数值均达到常规阈值,numeric_input_ready=1; range_point < 200: 0; density_proxy_point < 125: 0,1,,0,0
YDE7000BEV1L,2023-12-10,1,410,151.7857142857142857142857143,,old-22-Word97--0-30,两项数值均达到常规阈值,numeric_input_ready=1; range_point < 200: 0; density_proxy_point < 125: 0,1,,0,0
YDE7000BEV1M,2023-12-10,1,426,151.7857142857142857142857143,,old-23-Word97--0-58,两项数值均达到常规阈值,numeric_input_ready=1; range_point < 200: 0; density_proxy_point < 125: 0,1,,0,0
YDE7000BEV1N,2023-12-10,1,430,154.7987616099071207430340557,,old-25-Word97--0-80,两项数值均达到常规阈值,numeric_input_ready=1; range_point < 200: 0; density_proxy_point < 125: 0,1,,0,0
YDE7000BEV1P,2023-12-10,1,430,169.1842900302114803625377644,,old-38-Word97--0-23,两项数值均达到常规阈值,numeric_input_ready=1; range_point < 200: 0; density_proxy_point < 125: 0,1,,0,0
YDE7000BEV1Q,2023-12-10,1,351,125.2252252252252252252252252,,old-40-Word97--0-16,两项数值均达到常规阈值,numeric_input_ready=1; range_point < 200: 0; density_proxy_point < 125: 0,1,,0,0
YDE7000BEV1R,2023-12-10,1,301,156.6666666666666666666666667,,old-46-Word97--0-39,两项数值均达到常规阈值,numeric_input_ready=1; range_point < 200: 0; density_proxy_point < 125: 0,1,,0,0
YDE7000BEV1S,2023-12-10,1,320,126.7857142857142857142857143,,old-62-Word97--0-41,两项数值均达到常规阈值,numeric_input_ready=1; range_point < 200: 0; density_proxy_point < 125: 0,1,,0,0
YDE7000BEV1T,2023-12-10,1,415,125.2252252252252252252252252,,old-62-Word97--0-40,两项数值均达到常规阈值,numeric_input_ready=1; range_point < 200: 0; density_proxy_point < 125: 0,1,,0,0
YDE7000BEV1U,2023-12-10,1,320,126.7857142857142857142857143,,old-68-Word97--0-17,两项数值均达到常规阈值,numeric_input_ready=1; range_point < 200: 0; density_proxy_point < 125: 0,1,,0,0
YDE7000BEV1V,2023-12-10,1,280,120.4054054054054054054054054,,old-70-Word97--0-28,密度代理单项低于常规阈值,numeric_input_ready=1; range_point < 200: 0; density_proxy_point < 125: 1,1,,0,0
YDE7000BEV2A,2023-12-10,1,260,121.9512195121951219512195122,,old-13-PDF-grid-1-0-14,密度代理单项低于常规阈值,numeric_input_ready=1; range_point < 200: 0; density_proxy_point < 125: 1,1,,0,0
YDE7000BEV2B,2023-12-10,1,260,121.9512195121951219512195122,,old-13-PDF-grid-1-0-12,密度代理单项低于常规阈值,numeric_input_ready=1; range_point < 200: 0; density_proxy_point < 125: 1,1,,0,0
YDE7000BEV2C,2023-12-10,1,251,121.875,,old-16-Word97--0-18,密度代理单项低于常规阈值,numeric_input_ready=1; range_point < 200: 0; density_proxy_point < 125: 1,1,,0,0
YDE7000BEV2D,2023-12-10,1,251,121.875,,old-16-Word97--0-17,密度代理单项低于常规阈值,numeric_input_ready=1; range_point < 200: 0; density_proxy_point < 125: 1,1,,0,0
YDE7000BEV2H,2023-12-10,1,360,147.4926253687315634218289086,,old-18-Word97--0-22,两项数值均达到常规阈值,numeric_input_ready=1; range_point < 200: 0; density_proxy_point < 125: 0,1,,0,0
YDE7000BEV2L,2023-12-10,1,401,151.7857142857142857142857143,,old-22-Word97--0-31,两项数值均达到常规阈值,numeric_input_ready=1; range_point < 200: 0; density_proxy_point < 125: 0,1,,0,0
YDE7000BEV2N,2023-12-10,1,401,154.7987616099071207430340557,,old-26-DOCX--0-42,两项数值均达到常规阈值,numeric_input_ready=1; range_point < 200: 0; density_proxy_point < 125: 0,1,,0,0
YDE7000BEV2P,2023-12-10,1,401,154.7987616099071207430340557,,old-34-Word97--0-31,两项数值均达到常规阈值,numeric_input_ready=1; range_point < 200: 0; density_proxy_point < 125: 0,1,,0,0
YDE7000BEV2Q,2023-12-10,1,401,169.1842900302114803625377644,,old-38-Word97--0-24,两项数值均达到常规阈值,numeric_input_ready=1; range_point < 200: 0; density_proxy_point < 125: 0,1,,0,0
YDE7000BEV3A,2023-12-10,1,260,142.2413793103448275862068966,,old-18-Word97--0-23,两项数值均达到常规阈值,numeric_input_ready=1; range_point < 200: 0; density_proxy_point < 125: 0,1,,0,0
YEAM15L-SWDHSC2,2023-12-10,1,500,155.4778554778554778554778555,,old-71-Word97--0-2,两项数值均达到常规阈值,numeric_input_ready=1; range_point < 200: 0; density_proxy_point < 125: 0,1,,0,0
YGM6350BEV,2023-12-10,0,155,,,old-06-PDF-grid-1-0-6,单值不足,numeric_input_ready != 1；保持未知，不以0替代缺值,1,两项单值暴露不足,0,0
YGM6351BEV,2023-12-10,1,150,119.7604790419161676646706587,,old-12-PDF-grid-1-0-17,两项数值低于常规阈值,numeric_input_ready=1; range_point < 200: 1; density_proxy_point < 125: 1,1,,0,0
YGM6352BEV,2023-12-10,1,150,120.6896551724137931034482759,,old-12-PDF-grid-1-0-19,两项数值低于常规阈值,numeric_input_ready=1; range_point < 200: 1; density_proxy_point < 125: 1,1,,0,0
YGM6371BEV,2023-12-10,1,153,120.8791208791208791208791209,,old-12-PDF-grid-1-0-16,两项数值低于常规阈值,numeric_input_ready=1; range_point < 200: 1; density_proxy_point < 125: 1,1,,0,0
YGM6372BEV,2023-12-10,1,153,122.9050279329608938547486034,,old-12-PDF-grid-1-0-18,两项数值低于常规阈值,numeric_input_ready=1; range_point < 200: 1; density_proxy_point < 125: 1,1,,0,0
YGM7000BEV,2023-12-10,1,153,122.9050279329608938547486034,,old-13-PDF-grid-1-0-16,两项数值低于常规阈值,numeric_input_ready=1; range_point < 200: 1; density_proxy_point < 125: 1,1,,0,0
YGM7000BEVA0,2023-12-10,1,153,120.8791208791208791208791209,,old-14-Word97--0-16,两项数值低于常规阈值,numeric_input_ready=1; range_point < 200: 1; density_proxy_point < 125: 1,1,,0,0
YGM7000BEVA4,2023-12-10,1,306,139.5348837209302325581395349,,old-18-Word97--0-63,两项数值均达到常规阈值,numeric_input_ready=1; range_point < 200: 0; density_proxy_point < 125: 0,1,,0,0
YGM7000BEVBD1,2023-12-10,0,,,,old-68-Word97--0-35,单值不足,numeric_input_ready != 1；保持未知，不以0替代缺值,1,两项单值暴露不足,0,0
YGM7001BEVB,2023-12-10,1,310,138.9830508474576271186440678,,old-20-DOCX--0-35,两项数值均达到常规阈值,numeric_input_ready=1; range_point < 200: 0; density_proxy_point < 125: 0,1,,0,0
YGM7001BEVB1,2023-12-10,1,405,143.75,,old-20-DOCX--0-36,两项数值均达到常规阈值,numeric_input_ready=1; range_point < 200: 0; density_proxy_point < 125: 0,1,,0,0
YGM7002BEVB,2023-12-10,1,138,100.9803921568627450980392157,,old-47-Word97--0-20,两项数值低于常规阈值,numeric_input_ready=1; range_point < 200: 1; density_proxy_point < 125: 1,1,,0,0
YGM7002BEVB1,2023-12-10,1,182,104.4244604316546762589928058,,old-47-Word97--0-19,两项数值低于常规阈值,numeric_input_ready=1; range_point < 200: 1; density_proxy_point < 125: 1,1,,0,0
YGM7002BEVB2,2023-12-10,1,120,100.9803921568627450980392157,,old-54-Word97--0-16,两项数值低于常规阈值,numeric_input_ready=1; range_point < 200: 1; density_proxy_point < 125: 1,1,,0,0
YGM7002BEVB3,2023-12-10,1,175,107.1428571428571428571428571,,old-51-Word97--0-8,两项数值低于常规阈值,numeric_input_ready=1; range_point < 200: 1; density_proxy_point < 125: 1,1,,0,0
YGM7002BEVB4,2023-12-10,0,175,,,old-51-Word97--0-11,单值不足,numeric_input_ready != 1；保持未知，不以0替代缺值,1,两项单值暴露不足,0,0
YGM7002BEVB5,2023-12-10,1,120,100.9803921568627450980392157,,old-52-Word97--0-6,两项数值低于常规阈值,numeric_input_ready=1; range_point < 200: 1; density_proxy_point < 125: 1,1,,0,0
YGM7002BEVB6,2023-12-10,1,175,107.1428571428571428571428571,,old-51-Word97--0-13,两项数值低于常规阈值,numeric_input_ready=1; range_point < 200: 1; density_proxy_point < 125: 1,1,,0,0
YGM7002BEVB7,2023-12-10,1,175,112.6956521739130434782608696,,old-51-Word97--0-12,两项数值低于常规阈值,numeric_input_ready=1; range_point < 200: 1; density_proxy_point < 125: 1,1,,0,0
YGM7003BEV,2023-12-10,1,151,119.7604790419161676646706587,,old-13-PDF-grid-1-0-17,两项数值低于常规阈值,numeric_input_ready=1; range_point < 200: 1; density_proxy_point < 125: 1,1,,0,0
YGM7003BEVA1,2023-12-10,1,266,140.7035175879396984924623116,,old-17-PDF-grid-2-0-4,两项数值均达到常规阈值,numeric_input_ready=1; range_point < 200: 0; density_proxy_point < 125: 0,1,,0,0
YGM7003BEVA2,2023-12-10,1,266,140,,old-17-PDF-grid-2-0-5,两项数值均达到常规阈值,numeric_input_ready=1; range_point < 200: 0; density_proxy_point < 125: 0,1,,0,0
YGM7007BEVA1,2023-12-10,1,116,96,,old-40-Word97--0-11,两项数值低于常规阈值,numeric_input_ready=1; range_point < 200: 1; density_proxy_point < 125: 1,1,,0,0
YGM7007BEVA2,2023-12-10,1,138,103.68,,old-44-Word97--0-23,两项数值低于常规阈值,numeric_input_ready=1; range_point < 200: 1; density_proxy_point < 125: 1,1,,0,0
YGM7007BEVA3,2023-12-10,1,181,104.4244604316546762589928058,,old-47-Word97--0-18,两项数值低于常规阈值,numeric_input_ready=1; range_point < 200: 1; density_proxy_point < 125: 1,1,,0,0
YGM7007BEVA4,2023-12-10,1,181,112.6956521739130434782608696,,old-52-Word97--0-5,两项数值低于常规阈值,numeric_input_ready=1; range_point < 200: 1; density_proxy_point < 125: 1,1,,0,0
YGM7008BEVA,2023-12-10,1,128,100.9803921568627450980392157,,old-44-Word97--0-22,两项数值低于常规阈值,numeric_input_ready=1; range_point < 200: 1; density_proxy_point < 125: 1,1,,0,0
YGM7008BEVA1,2023-12-10,1,178,104.4244604316546762589928058,,old-46-Word97--0-29,两项数值低于常规阈值,numeric_input_ready=1; range_point < 200: 1; density_proxy_point < 125: 1,1,,0,0
YGM7008BEVA2,2023-12-10,1,175,112.6956521739130434782608696,,old-51-Word97--0-9,两项数值低于常规阈值,numeric_input_ready=1; range_point < 200: 1; density_proxy_point < 125: 1,1,,0,0
YGM7008BEVA3,2023-12-10,1,175,107.1428571428571428571428571,,old-51-Word97--0-10,两项数值低于常规阈值,numeric_input_ready=1; range_point < 200: 1; density_proxy_point < 125: 1,1,,0,0
YGM7009BEVBA2,2023-12-10,1,335,136.8067226890756302521008403,,old-71-Word97--0-52,两项数值均达到常规阈值,numeric_input_ready=1; range_point < 200: 0; density_proxy_point < 125: 0,1,,0,0
YGM7009BEVBA3,2023-12-10,0,251,,,old-71-Word97--0-51,单值不足,numeric_input_ready != 1；保持未知，不以0替代缺值,1,两项单值暴露不足,0,0
YQZ6420BEV,2023-12-10,1,300,120,,old-20-DOCX--0-17,密度代理单项低于常规阈值,numeric_input_ready=1; range_point < 200: 0; density_proxy_point < 125: 1,1,,0,0
YQZ6460BEV,2023-12-10,0,530,,,old-69-Word97--0-28,单值不足,numeric_input_ready != 1；保持未知，不以0替代缺值,1,两项单值暴露不足,0,0
YQZ6490BEVY,2023-12-10,1,765,194.915254237288135593220339,,old-63-Word97--0-17,两项数值均达到常规阈值,numeric_input_ready=1; range_point < 200: 0; density_proxy_point < 125: 0,1,,0,0
YQZ6491BEVY,2023-12-10,1,810,194.915254237288135593220339,,old-63-Word97--0-16,两项数值均达到常规阈值,numeric_input_ready=1; range_point < 200: 0; density_proxy_point < 125: 0,1,,0,0
YQZ6492BEVY,2023-12-10,1,560,140.0365630712979890310786106,,old-63-Word97--0-15,两项数值均达到常规阈值,numeric_input_ready=1; range_point < 200: 0; density_proxy_point < 125: 0,1,,0,0
YQZ6520BEVHIPHI1A,2023-12-10,1,550,168.7612208258527827648114901,,old-35-Word97--0-10,两项数值均达到常规阈值,numeric_input_ready=1; range_point < 200: 0; density_proxy_point < 125: 0,1,,0,0
YQZ6520BEVHIPHI1B,2023-12-10,1,610,168.7612208258527827648114901,,old-35-Word97--0-11,两项数值均达到常规阈值,numeric_input_ready=1; range_point < 200: 0; density_proxy_point < 125: 0,1,,0,0
YQZ6520BEVHIPHI1C,2023-12-10,1,520,164.3002028397565922920892495,,old-35-Word97--0-12,两项数值均达到常规阈值,numeric_input_ready=1; range_point < 200: 0; density_proxy_point < 125: 0,1,,0,0
YQZ6520BEVHIPHI1D,2023-12-10,1,630,168.7612208258527827648114901,,old-37-Word97--0-7,两项数值均达到常规阈值,numeric_input_ready=1; range_point < 200: 0; density_proxy_point < 125: 0,1,,0,0
YQZ6520BEVX,2023-12-10,1,690,194.915254237288135593220339,,old-67-Word97--0-9,两项数值均达到常规阈值,numeric_input_ready=1; range_point < 200: 0; density_proxy_point < 125: 0,1,,0,0
YQZ6521BEVX,2023-12-10,1,800,194.915254237288135593220339,,old-67-Word97--0-8,两项数值均达到常规阈值,numeric_input_ready=1; range_point < 200: 0; density_proxy_point < 125: 0,1,,0,0
YQZ6522BEVX,2023-12-10,1,620,161.9030520646319569120287253,,old-67-Word97--0-10,两项数值均达到常规阈值,numeric_input_ready=1; range_point < 200: 0; density_proxy_point < 125: 0,1,,0,0
YQZ7000BEVHIPHIZ,2023-12-10,1,705,203.3898305084745762711864407,,old-57-Word97--0-20,两项数值均达到常规阈值,numeric_input_ready=1; range_point < 200: 0; density_proxy_point < 125: 0,1,,0,0
YQZ7000BEVZ,2023-12-10,1,705,203.3898305084745762711864407,,old-59-Word97--0-44,两项数值均达到常规阈值,numeric_input_ready=1; range_point < 200: 0; density_proxy_point < 125: 0,1,,0,0
YQZ7001BEV,2023-12-10,1,140,75.86206896551724137931034483,,old-02-PDF-grid-1-0-15,两项数值低于常规阈值,numeric_input_ready=1; range_point < 200: 1; density_proxy_point < 125: 1,1,,0,0
YQZ7001BEVHIPHIZ,2023-12-10,1,655,203.3898305084745762711864407,,old-57-Word97--0-21,两项数值均达到常规阈值,numeric_input_ready=1; range_point < 200: 0; density_proxy_point < 125: 0,1,,0,0
YQZ7001BEVZ,2023-12-10,1,655,203.3898305084745762711864407,,old-59-Word97--0-45,两项数值均达到常规阈值,numeric_input_ready=1; range_point < 200: 0; density_proxy_point < 125: 0,1,,0,0
YQZ7002BEV,2023-12-10,1,265,109.0909090909090909090909091,,old-10-PDF-grid-1-0-22,密度代理单项低于常规阈值,numeric_input_ready=1; range_point < 200: 0; density_proxy_point < 125: 1,1,,0,0
YQZ7002BEVHIPHIZ,2023-12-10,1,560,169.2585278276481149012567325,,old-57-Word97--0-22,两项数值均达到常规阈值,numeric_input_ready=1; range_point < 200: 0; density_proxy_point < 125: 0,1,,0,0
YQZ7002BEVZ,2023-12-10,1,560,169.2585278276481149012567325,,old-59-Word97--0-46,两项数值均达到常规阈值,numeric_input_ready=1; range_point < 200: 0; density_proxy_point < 125: 0,1,,0,0
YQZ7003BEV,2023-12-10,1,300,108.8825214899713467048710602,,old-18-Word97--0-13,密度代理单项低于常规阈值,numeric_input_ready=1; range_point < 200: 0; density_proxy_point < 125: 1,1,,0,0
YQZ7004BEV,2023-12-10,1,490,133.8028169014084507042253521,,old-30-Word97--0-49,两项数值均达到常规阈值,numeric_input_ready=1; range_point < 200: 0; density_proxy_point < 125: 0,1,,0,0
YQZ7005BEV,2023-12-10,0,410,,,old-37-Word97--0-8,单值不足,numeric_input_ready != 1；保持未知，不以0替代缺值,1,两项单值暴露不足,0,0
YQZ7005BEVZ,2023-12-10,1,535,161.9030520646319569120287253,,old-67-Word97--0-11,两项数值均达到常规阈值,numeric_input_ready=1; range_point < 200: 0; density_proxy_point < 125: 0,1,,0,0
YZ6320BEV,2023-12-10,1,160,122.2222222222222222222222222,,old-16-Word97--0-48,两项数值低于常规阈值,numeric_input_ready=1; range_point < 200: 1; density_proxy_point < 125: 1,1,,0,0
YZ6450BEV,2023-12-10,1,252,136.3636363636363636363636364,,old-16-Word97--0-47,两项数值均达到常规阈值,numeric_input_ready=1; range_point < 200: 0; density_proxy_point < 125: 0,1,,0,0
YZ6451BEV,2023-12-10,1,352,152.6946107784431137724550898,,old-24-Word97--0-5,两项数值均达到常规阈值,numeric_input_ready=1; range_point < 200: 0; density_proxy_point < 125: 0,1,,0,0
YZ6460BEV,2023-12-10,1,301,125.521978021978021978021978,,old-45-Word97--0-53,两项数值均达到常规阈值,numeric_input_ready=1; range_point < 200: 0; density_proxy_point < 125: 0,1,,0,0
YZ7001BEV,2023-12-10,1,402,157.3224489795918367346938776,,old-45-Word97--0-52,两项数值均达到常规阈值,numeric_input_ready=1; range_point < 200: 0; density_proxy_point < 125: 0,1,,0,0
YZ7001BEV1,2023-12-10,1,402,157.3224489795918367346938776,,old-47-Word97--0-37,两项数值均达到常规阈值,numeric_input_ready=1; range_point < 200: 0; density_proxy_point < 125: 0,1,,0,0
YZ7001BEV2,2023-12-10,1,305,136.8067226890756302521008403,,old-54-Word97--0-10,两项数值均达到常规阈值,numeric_input_ready=1; range_point < 200: 0; density_proxy_point < 125: 0,1,,0,0
YZ7001BEV3,2023-12-10,0,304,,,old-56-Word97--0-3,单值不足,numeric_input_ready != 1；保持未知，不以0替代缺值,1,两项单值暴露不足,0,0
YZ7001BEV4,2023-12-10,1,302,136.8067226890756302521008403,,old-56-Word97--0-4,两项数值均达到常规阈值,numeric_input_ready=1; range_point < 200: 0; density_proxy_point < 125: 0,1,,0,0
ZHT7000KB00EV,2023-12-10,1,368,154.506437768240343347639485,,old-27-Word97--0-45,两项数值均达到常规阈值,numeric_input_ready=1; range_point < 200: 0; density_proxy_point < 125: 0,1,,0,0
ZHT7000KD00EV,2023-12-10,1,338,154.506437768240343347639485,,old-27-Word97--0-46,两项数值均达到常规阈值,numeric_input_ready=1; range_point < 200: 0; density_proxy_point < 125: 0,1,,0,0
ZHT7000KD01EV,2023-12-10,1,288,132.7433628318584070796460177,,old-27-Word97--0-47,两项数值均达到常规阈值,numeric_input_ready=1; range_point < 200: 0; density_proxy_point < 125: 0,1,,0,0
ZHT7000KD02EV,2023-12-10,1,338,145.8333333333333333333333333,,old-28-Word97--0-19,两项数值均达到常规阈值,numeric_input_ready=1; range_point < 200: 0; density_proxy_point < 125: 0,1,,0,0
ZHT7000KD06EV,2023-12-10,1,305,132.7433628318584070796460177,,old-34-Word97--0-50,两项数值均达到常规阈值,numeric_input_ready=1; range_point < 200: 0; density_proxy_point < 125: 0,1,,0,0
ZHT7000SU00EV,2023-12-10,1,338,139.3939393939393939393939394,,old-27-Word97--0-48,两项数值均达到常规阈值,numeric_input_ready=1; range_point < 200: 0; density_proxy_point < 125: 0,1,,0,0
ZHT7000SU02EV,2023-12-10,1,338,139.3939393939393939393939394,,mf29-t0-r22,两项数值均达到常规阈值,numeric_input_ready=1; range_point < 200: 0; density_proxy_point < 125: 0,1,,0,0
ZHT7000SU03EV,2023-12-10,1,430,157.7464788732394366197183099,,old-35-Word97--0-14,两项数值均达到常规阈值,numeric_input_ready=1; range_point < 200: 0; density_proxy_point < 125: 0,1,,0,0
ZN6441V1YBEV,2023-12-10,1,170,108.1081081081081081081081081,,old-04-PDF-grid-2-0-10,两项数值低于常规阈值,numeric_input_ready=1; range_point < 200: 1; density_proxy_point < 125: 1,1,,0,0
ZN6450V1YBEV,2023-12-10,1,190,102.3809523809523809523809524,,old-09-PDF-grid-3-0-19,两项数值低于常规阈值,numeric_input_ready=1; range_point < 200: 1; density_proxy_point < 125: 1,1,,0,0
ZN6451V1YBEV,2023-12-10,1,270,125.6410256410256410256410256,,old-12-PDF-grid-2-0-25,两项数值均达到常规阈值,numeric_input_ready=1; range_point < 200: 0; density_proxy_point < 125: 0,1,,0,0
ZN6452V1YBEV,2023-12-10,1,301,123.4567901234567901234567901,,old-17-PDF-grid-2-0-22,密度代理单项低于常规阈值,numeric_input_ready=1; range_point < 200: 0; density_proxy_point < 125: 1,1,,0,0
ZN6453V1YBEV,2023-12-10,1,304,139.1752577319587628865979381,,old-21-DOCX--0-28,两项数值均达到常规阈值,numeric_input_ready=1; range_point < 200: 0; density_proxy_point < 125: 0,1,,0,0
ZN6454V1YBEV,2023-12-10,1,320,139.1752577319587628865979381,,old-25-Word97--0-84,两项数值均达到常规阈值,numeric_input_ready=1; range_point < 200: 0; density_proxy_point < 125: 0,1,,0,0
ZN6456V1YBEV,2023-12-10,1,320,140.5835543766578249336870027,,old-27-Word97--0-26,两项数值均达到常规阈值,numeric_input_ready=1; range_point < 200: 0; density_proxy_point < 125: 0,1,,0,0
ZN6493H2YBEV,2023-12-10,1,130,111.1111111111111111111111111,,old-02-PDF-grid-2-0-4,两项数值低于常规阈值,numeric_input_ready=1; range_point < 200: 1; density_proxy_point < 125: 1,1,,0,0
ZN6494H2YBEV,2023-12-10,1,130,100,,old-02-PDF-grid-2-0-5,两项数值低于常规阈值,numeric_input_ready=1; range_point < 200: 1; density_proxy_point < 125: 1,1,,0,0
ZN6495H2YBEV,2023-12-10,1,300,128.089887640449438202247191,,old-14-Word97--0-26,两项数值均达到常规阈值,numeric_input_ready=1; range_point < 200: 0; density_proxy_point < 125: 0,1,,0,0
ZN6496H2YBEV,2023-12-10,1,255,128.089887640449438202247191,,old-21-DOCX--0-29,两项数值均达到常规阈值,numeric_input_ready=1; range_point < 200: 0; density_proxy_point < 125: 0,1,,0,0
ZN6497H2YBEV,2023-12-10,0,305,,,old-24-Word97--3-18,单值不足,numeric_input_ready != 1；保持未知，不以0替代缺值,1,两项单值暴露不足,0,0
ZN6530H5PBEV,2023-12-10,0,350,,,old-33-Word97--0-28,单值不足,numeric_input_ready != 1；保持未知，不以0替代缺值,1,两项单值暴露不足,0,0
ZN6531H5PBEV,2023-12-10,0,320,,,old-42-Word97--0-3,单值不足,numeric_input_ready != 1；保持未知，不以0替代缺值,1,两项单值暴露不足,0,0
ZN6532H5PBEV,2023-12-10,1,429,151.5294117647058823529411765,,old-63-Word97--0-27,两项数值均达到常规阈值,numeric_input_ready=1; range_point < 200: 0; density_proxy_point < 125: 0,1,,0,0
ZQ6420DP1BEV,2023-12-10,1,320,126.984126984126984126984127,,old-22-Word97--0-35,两项数值均达到常规阈值,numeric_input_ready=1; range_point < 200: 0; density_proxy_point < 125: 0,1,,0,0
