model_key,new_exact_records,new_exact_unique_uuid,old_exact_records,exact_match_state,new_nfkc_whitespace_candidate_records_including_exact,new_nfkc_whitespace_candidate_only_records,new_nfkc_whitespace_raw_variants_json,new_standard_codes_raw_json,old_cycle_codes_raw_json,new_range_raw_values_json,old_top_range_raw_values_json,new_consumption_raw_values_json,old_top_consumption_raw_values_json,new_curb_mass_raw_values_json,old_work_condition_objects_json,old_list_curb_mass_missing_detail_not_acquired,version_difference_reasons_json,version_difference_is_same_configuration_conflict_certified,multiple_new_standard_codes_observed,multiple_old_cycle_codes_observed,new_issue_dates_raw_json,new_enable_dates_raw_json,new_overtime_cause_raw_json,source_effective_record_id,tax_source_file,tax_source_sha256,same_tax_configuration_identity_certified,historical_public_availability_certified,unmarked_frozen_cycle_list_closed,can_replace_frozen_scientific_input
BAW6330CA41BEV,0,0,0,not_in_observed_filtered_views,0,0,[],[],[],[],[],[],[],[],[],False,[],False,False,False,[],[],[],old-33-Word97--0-8,原件/免征目录/mf_batch33.doc,ff98fbb1708c47cdcfc1e79e7a1647e72a7ae6d4255dce3b250d661001340c09,False,False,False,False
BAW7000UB42BEV,0,0,0,not_in_observed_filtered_views,0,0,[],[],[],[],[],[],[],[],[],False,[],False,False,False,[],[],[],old-31-Word97--0-3,原件/免征目录/mf_batch31.doc,e1ccec4a87ab96ca346e5756d6b14369eb9727ec2c2cfd03c1182a592ddd3bee,False,False,False,False
BAW7000UB43BEV,1,1,1,both,1,0,[],"[""5""]","[""CATC""]","[""122""]","[""122""]","[""8.9""]","[""8.9""]","[""805""]","[{""eleEquivalentFuelConsumption"": ""1.0"", ""powerConsumption"": ""8.9"", ""runingRange"": ""122"", ""workConditionType"": ""CATC""}]",True,[],False,False,False,"[""2022-08-10""]","[""2024-07-17""]","[""新系统备案""]",old-60-Word97--0-34,原件/免征目录/mf_batch60.doc,aabd19e9a0955380873798454b18b3bb15c87937dffcbb0ccfab2eae3bf3551b,False,False,False,False
BAW7000UB44BEV,5,5,6,both,5,0,[],"[""5""]","[""CATC""]","[""170"", ""172"", ""205""]","[""172"", ""205""]","[""8.2"", ""8.4"", ""8.8""]","[""8.4"", ""8.8""]","[""720"", ""830"", ""850""]","[{""eleEquivalentFuelConsumption"": ""1.0"", ""powerConsumption"": ""8.4"", ""runingRange"": ""205"", ""workConditionType"": ""CATC""}, {""eleEquivalentFuelConsumption"": ""1.0"", ""powerConsumption"": ""8.8"", ""runingRange"": ""172"", ""workConditionType"": ""CATC""}]",True,"[""multiple_new_range_raw_values"", ""multiple_old_range_raw_values"", ""multiple_new_consumption_raw_values"", ""multiple_old_consumption_raw_values"", ""multiple_new_curb_mass_raw_values"", ""new_old_range_raw_value_sets_differ"", ""new_old_consumption_raw_value_sets_differ_units_not_normalized""]",False,False,False,"[""2022-08-10"", ""2022-12-19"", ""2023-03-10""]","[""2024-07-17""]","[""新系统备案""]",old-59-Word97--0-61,原件/免征目录/mf_batch59.doc,32738e2df847e0c74ff96d48b8a13e1dd9c31aee84b7c0a633e2d9c8a3e01f86,False,False,False,False
BAW7000UL41BEV,0,0,0,not_in_observed_filtered_views,0,0,[],[],[],[],[],[],[],[],[],False,[],False,False,False,[],[],[],old-31-Word97--0-4,原件/免征目录/mf_batch31.doc,e1ccec4a87ab96ca346e5756d6b14369eb9727ec2c2cfd03c1182a592ddd3bee,False,False,False,False
BAW7000UL42BEV,0,0,0,not_in_observed_filtered_views,0,0,[],[],[],[],[],[],[],[],[],False,[],False,False,False,[],[],[],old-43-Word97--0-2,原件/免征目录/mf_batch43.doc,5d5202dfe31364ec0884640d8bba22b0f640154d0bcc6154272890e604cfc01c,False,False,False,False
BAW7000UL44BEV,1,1,2,both,1,0,[],"[""5""]","[""CATC""]","[""121""]","[""121""]","[""8.8""]","[""8.8""]","[""693""]","[{""eleEquivalentFuelConsumption"": ""1.0"", ""powerConsumption"": ""8.8"", ""runingRange"": ""121"", ""workConditionType"": ""CATC""}]",True,[],False,False,False,"[""2022-09-15""]","[""2024-07-17""]","[""新系统备案""]",old-55-Word97--0-40,原件/免征目录/mf_batch55.doc,0457d0430e9e7f114c91341a715405c3933dd4783762cd74b9871e4918ba887f,False,False,False,False
BAW7000UL46BEV,1,1,1,both,1,0,[],"[""5""]","[""CATC""]","[""172""]","[""172""]","[""7.9""]","[""7.9""]","[""740""]","[{""eleEquivalentFuelConsumption"": ""0.9"", ""powerConsumption"": ""7.9"", ""runingRange"": ""172"", ""workConditionType"": ""CATC""}]",True,[],False,False,False,"[""2022-05-11""]","[""2024-07-17""]","[""新系统备案""]",old-55-Word97--0-39,原件/免征目录/mf_batch55.doc,0457d0430e9e7f114c91341a715405c3933dd4783762cd74b9871e4918ba887f,False,False,False,False
BAW7000UL47BEV,1,1,6,both,1,0,[],"[""5""]","[""CATC""]","[""172""]","[""172""]","[""8.2""]","[""8.2""]","[""740""]","[{""eleEquivalentFuelConsumption"": ""0.9"", ""powerConsumption"": ""8.2"", ""runingRange"": ""172"", ""workConditionType"": ""CATC""}]",True,[],False,False,False,"[""2022-07-08""]","[""2024-07-17""]","[""新系统备案""]",old-56-Word97--0-39,原件/免征目录/mf_batch56.doc,cbffdc0819640e8f18c11a2a277b26b2e043c81406533457ff225f4df1c6c068,False,False,False,False
BAW7000UL48BEV,2,2,3,both,2,0,[],"[""5""]","[""CATC""]","[""220""]","[""220""]","[""7.9""]","[""7.9""]","[""775""]","[{""eleEquivalentFuelConsumption"": ""0.9"", ""powerConsumption"": ""7.9"", ""runingRange"": ""220"", ""workConditionType"": ""CATC""}]",True,[],False,False,False,"[""2023-03-10"", ""2023-06-07""]","[""2024-07-17""]","[""新系统备案""]",old-63-Word97--0-6,原件/免征目录/mf_batch63.doc,1d0f4bf9c7c1f67712e9efa3a5e3222c30d4e438653b9335aaff9714e65f8c05,False,False,False,False
BBA7000EV(ZINORO1E),0,0,0,not_in_observed_filtered_views,0,0,[],[],[],[],[],[],[],[],[],False,[],False,False,False,[],[],[],old-02-PDF-grid-2-0-2,原件/免征目录/mf_batch02.pdf,0b13b4fd2de6c4de3ab0f8add88bb8d24354d05ca6af46904fe1065c53c9c519,False,False,False,False
BH7000BEVAA,0,0,0,not_in_observed_filtered_views,0,0,[],[],[],[],[],[],[],[],[],False,[],False,False,False,[],[],[],old-02-PDF-grid-1-0-9,原件/免征目录/mf_batch02.pdf,0b13b4fd2de6c4de3ab0f8add88bb8d24354d05ca6af46904fe1065c53c9c519,False,False,False,False
BH7000BEVCAA,0,0,1,old_only,0,0,[],[],"[""NEDC""]",[],"[""490""]",[],"[""12.7""]",[],"[{""eleEquivalentFuelConsumption"": ""1.4"", ""powerConsumption"": ""12.7"", ""runingRange"": ""490"", ""workConditionType"": ""NEDC""}]",True,[],False,False,False,[],[],[],old-26-DOCX--0-14,原件/免征目录/mf_batch26.docx,de0890335ef3a4f1302a8a0735ec8b6aed52e994e2635db481820060d62248b5,False,False,False,False
BH7000BEVDBA,1,1,1,both,1,0,[],"[""5""]","[""NEDC""]","[""535""]","[""520""]","[""12.0""]","[""12.5""]","[""1610""]","[{""eleEquivalentFuelConsumption"": ""1.4"", ""powerConsumption"": ""12.5"", ""runingRange"": ""520"", ""workConditionType"": ""NEDC""}]",True,"[""new_old_range_raw_value_sets_differ"", ""new_old_consumption_raw_value_sets_differ_units_not_normalized""]",False,False,False,"[""2020-11-16""]","[""2024-07-16""]","[""此车型为在产车型，前期已完成能耗标识申报，因按照新版能耗标识重新申报，导致超期。""]",old-36-Word97--0-2,原件/免征目录/mf_batch36.doc,05cfcfd9136685ad6d6e13b8228cd123cca109c26f43a4c71472016b5a610a9f,False,False,False,False
BH7000BEVSCA,0,0,0,not_in_observed_filtered_views,0,0,[],[],[],[],[],[],[],[],[],False,[],False,False,False,[],[],[],old-25-Word97--0-16,原件/免征目录/mf_batch25.wps,9d2abe319463522513fe9c90f98bb8d0a825b599267d0b3cc403cec9624b3297,False,False,False,False
BH7001BEVBA,0,0,0,not_in_observed_filtered_views,0,0,[],[],[],[],[],[],[],[],[],False,[],False,False,False,[],[],[],old-16-Word97--0-7,原件/免征目录/mf_batch16.docx,9db5ace6c1c59bd9636d48636f94fa77d2b6e0aa27b109421690ce6a8c4a3967,False,False,False,False
BJ6330CA41BEV,0,0,0,not_in_observed_filtered_views,0,0,[],[],[],[],[],[],[],[],[],False,[],False,False,False,[],[],[],old-22-Word97--0-9,原件/免征目录/mf_batch22.doc,eaf3fc1e64742af85b3d4bc90388d0a93154a497fd6c1fb9bf73b857672e1212,False,False,False,False
BJ6410U3DX-BEV,0,0,0,not_in_observed_filtered_views,0,0,[],[],[],[],[],[],[],[],[],False,[],False,False,False,[],[],[],old-13-PDF-grid-1-0-5,原件/免征目录/mf_batch13.pdf,e82c4f41c448edbb5269c95f2ff35d0c577f7ff0d12ff30b2d4c307a1aa31a6b,False,False,False,False
BJ6410UC4EV,0,0,0,not_in_observed_filtered_views,0,0,[],[],[],[],[],[],[],[],[],False,[],False,False,False,[],[],[],old-09-PDF-grid-1-0-15,原件/免征目录/mf_batch09.pdf,7eea7200c04fefec34f6ae6db5a1bae77f82a534348f266e95575cae051c8c8c,False,False,False,False
BJ6420MA41BEV,0,0,0,not_in_observed_filtered_views,0,0,[],[],[],[],[],[],[],[],[],False,[],False,False,False,[],[],[],old-11-PDF-grid-1-0-7,原件/免征目录/mf_batch11.pdf,ec4f33e5e872841e6d1fa5d435793c285a15614ef2e64f39b9013389b5e51724,False,False,False,False
BJ6420MA42BEV,0,0,0,not_in_observed_filtered_views,0,0,[],[],[],[],[],[],[],[],[],False,[],False,False,False,[],[],[],old-11-PDF-grid-1-0-6,原件/免征目录/mf_batch11.pdf,ec4f33e5e872841e6d1fa5d435793c285a15614ef2e64f39b9013389b5e51724,False,False,False,False
BJ6425EVAA2,0,0,0,not_in_observed_filtered_views,0,0,[],[],[],[],[],[],[],[],[],False,[],False,False,False,[],[],[],old-12-PDF-grid-1-0-5,原件/免征目录/mf_batch12.pdf,afbd7133ccf901dbdc065b2ff80768450dc901def8d216cf5bb87baa98f7a1e2,False,False,False,False
BJ6438EV3-1,0,0,0,not_in_observed_filtered_views,0,0,[],[],[],[],[],[],[],[],[],False,[],False,False,False,[],[],[],old-02-PDF-grid-1-0-10,原件/免征目录/mf_batch02.pdf,0b13b4fd2de6c4de3ab0f8add88bb8d24354d05ca6af46904fe1065c53c9c519,False,False,False,False
BJ6450JJN6XBEV,0,0,0,not_in_observed_filtered_views,0,0,[],[],[],[],[],[],[],[],[],False,[],False,False,False,[],[],[],old-13-PDF-grid-1-0-4,原件/免征目录/mf_batch13.pdf,e82c4f41c448edbb5269c95f2ff35d0c577f7ff0d12ff30b2d4c307a1aa31a6b,False,False,False,False
BJ6450L3R-BEV,0,0,0,not_in_observed_filtered_views,0,0,[],[],[],[],[],[],[],[],[],False,[],False,False,False,[],[],[],old-02-PDF-grid-1-0-2,原件/免征目录/mf_batch02.pdf,0b13b4fd2de6c4de3ab0f8add88bb8d24354d05ca6af46904fe1065c53c9c519,False,False,False,False
BJ6450UD4EV,0,0,0,not_in_observed_filtered_views,0,0,[],[],[],[],[],[],[],[],[],False,[],False,False,False,[],[],[],old-22-Word97--0-17,原件/免征目录/mf_batch22.doc,eaf3fc1e64742af85b3d4bc90388d0a93154a497fd6c1fb9bf73b857672e1212,False,False,False,False
BJ6470A501BEV,1,1,1,both,1,0,[],"[""5""]","[""CATC""]","[""660""]","[""660""]","[""13.9""]","[""13.9""]","[""1975""]","[{""eleEquivalentFuelConsumption"": ""1.57"", ""powerConsumption"": ""13.9"", ""runingRange"": ""660"", ""workConditionType"": ""CATC""}]",True,[],False,False,False,"[""2023-08-15""]","[""2024-07-30""]","[""新版能耗标识备案""]",old-68-Word97--0-6,原件/免征目录/mf_batch68.doc,58113d08377020d08de0aeb0e08ff63c4a4411dbe35ad69cfdd6f82fdf0fcc77,False,False,False,False
BJ6470A502BEV,1,1,1,both,1,0,[],"[""5""]","[""CATC""]","[""520""]","[""520""]","[""14.7""]","[""14.7""]","[""1980""]","[{""eleEquivalentFuelConsumption"": ""1.66"", ""powerConsumption"": ""14.7"", ""runingRange"": ""520"", ""workConditionType"": ""CATC""}]",True,[],False,False,False,"[""2023-08-15""]","[""2024-07-30""]","[""新标准实施""]",old-68-Word97--0-7,原件/免征目录/mf_batch68.doc,58113d08377020d08de0aeb0e08ff63c4a4411dbe35ad69cfdd6f82fdf0fcc77,False,False,False,False
BJ6480BSA-BEV,1,1,2,both,1,0,[],"[""5""]","[""CATC"", ""NEDC""]","[""480""]","[""480"", null]","[""16.0""]","[""16"", ""16.0""]","[""2030""]","[{""eleEquivalentFuelConsumption"": ""1.8"", ""powerConsumption"": ""16"", ""workConditionType"": ""NEDC""}, {""eleEquivalentFuelConsumption"": ""1.8"", ""powerConsumption"": ""16.0"", ""runingRange"": ""480"", ""workConditionType"": ""CATC""}]",True,"[""multiple_old_cycle_codes"", ""multiple_old_range_raw_values"", ""multiple_old_consumption_raw_values"", ""new_old_range_raw_value_sets_differ"", ""new_old_consumption_raw_value_sets_differ_units_not_normalized""]",False,False,True,"[""2023-08-15""]","[""2024-07-03""]","[""新标准实施""]",old-32-Word97--0-13,原件/免征目录/mf_batch32.doc,ad7c65b4831a05b7c70e1e73fe834aa9beed883c66f898e799fcbbeb43cc3d75,False,False,False,False
BJ6480BSA1-BEV,1,1,2,both,1,0,[],"[""5""]","[""CATC"", ""NEDC""]","[""653""]","[""653""]","[""16.3""]","[""16.3"", ""横置""]","[""2125""]","[{""eleEquivalentFuelConsumption"": ""1.8"", ""powerConsumption"": ""16.3"", ""runingRange"": ""653"", ""workConditionType"": ""CATC""}, {""eleEquivalentFuelConsumption"": ""1.8"", ""powerConsumption"": ""横置"", ""runingRange"": ""653"", ""workConditionType"": ""NEDC""}]",True,"[""multiple_old_cycle_codes"", ""multiple_old_consumption_raw_values"", ""new_old_consumption_raw_value_sets_differ_units_not_normalized""]",False,False,True,"[""2023-08-15""]","[""2024-08-01""]","[""新标准实施""]",old-32-Word97--0-14,原件/免征目录/mf_batch32.doc,ad7c65b4831a05b7c70e1e73fe834aa9beed883c66f898e799fcbbeb43cc3d75,False,False,False,False
BJ6480BSA2-BEV,1,1,3,both,1,0,[],"[""5""]","[""CATC"", ""NEDC""]","[""600""]","[""600""]","[""17.3""]","[""17.3""]","[""2270""]","[{""eleEquivalentFuelConsumption"": ""2.0"", ""powerConsumption"": ""17.3"", ""runingRange"": ""600"", ""workConditionType"": ""CATC""}, {""eleEquivalentFuelConsumption"": ""2.0"", ""powerConsumption"": ""17.3"", ""runingRange"": ""600"", ""workConditionType"": ""NEDC""}]",True,"[""multiple_old_cycle_codes""]",False,False,True,"[""2024-05-20""]","[""2024-08-01""]","[""新标准实施""]",old-33-Word97--0-22,原件/免征目录/mf_batch33.doc,ff98fbb1708c47cdcfc1e79e7a1647e72a7ae6d4255dce3b250d661001340c09,False,False,False,False
BJ6480BSA4-BEV,1,1,1,both,1,0,[],"[""5""]","[""NEDC""]","[""653""]","[""653""]","[""16.3""]","[""16.3""]","[""2120""]","[{""eleEquivalentFuelConsumption"": ""1.8"", ""powerConsumption"": ""16.3"", ""runingRange"": ""653"", ""workConditionType"": ""NEDC""}]",True,[],False,False,False,"[""2022-09-15""]","[""2024-08-01""]","[""新标准实施""]",old-36-Word97--0-5,原件/免征目录/mf_batch36.doc,05cfcfd9136685ad6d6e13b8228cd123cca109c26f43a4c71472016b5a610a9f,False,False,False,False
BJ6480BSA5-BEV,1,1,1,both,1,0,[],"[""5""]","[""NEDC""]","[""480""]","[""480""]","[""16.0""]","[""16.0""]","[""1980""]","[{""eleEquivalentFuelConsumption"": ""1.8"", ""powerConsumption"": ""16.0"", ""runingRange"": ""480"", ""workConditionType"": ""NEDC""}]",True,[],False,False,False,"[""2022-11-09""]","[""2024-08-01""]","[""新标准实施""]",old-36-Word97--0-6,原件/免征目录/mf_batch36.doc,05cfcfd9136685ad6d6e13b8228cd123cca109c26f43a4c71472016b5a610a9f,False,False,False,False
BJ6480BSA6-BEV,1,1,2,both,1,0,[],"[""5""]","[""CATC"", ""NEDC""]","[""480""]","[""480""]","[""15.5""]","[""15.5""]","[""1945""]","[{""eleEquivalentFuelConsumption"": ""1.8"", ""powerConsumption"": ""15.5"", ""runingRange"": ""480"", ""workConditionType"": ""CATC""}, {""eleEquivalentFuelConsumption"": ""1.8"", ""powerConsumption"": ""15.5"", ""runingRange"": ""480"", ""workConditionType"": ""NEDC""}]",True,"[""multiple_old_cycle_codes""]",False,False,True,"[""2023-08-15""]","[""2024-08-01""]","[""新标准实施""]",old-34-Word97--0-24,原件/免征目录/mf_batch34.doc,d5c5bb03cc5fe0f16b284048e265ad35d62c12c0416f14aef0ce026a229aa831,False,False,False,False
BJ6480BSA7-BEV,2,2,1,both,2,0,[],"[""5""]","[""NEDC""]","[""480""]","[""480""]","[""15.5""]","[""15.5""]","[""2385""]","[{""eleEquivalentFuelConsumption"": ""1.8"", ""powerConsumption"": ""15.5"", ""runingRange"": ""480"", ""workConditionType"": ""NEDC""}]",True,[],False,False,False,"[""2023-06-07""]","[""2024-08-01"", ""2024-09-24""]","[""新标准实施""]",old-38-Word97--0-10,原件/免征目录/mf_batch38.doc,7c9def45fe5c40e4c5ffb483a1d1efd383c12cb16a5c4ba021d4ce28384776de,False,False,False,False
BJ6480LABEV,0,0,3,old_only,0,0,[],[],"[""CATC"", ""NEDC""]",[],"[""415"", ""443""]",[],"[""19.7"", ""19.9""]",[],"[{""eleEquivalentFuelConsumption"": ""2.23"", ""powerConsumption"": ""19.7"", ""runingRange"": ""443"", ""workConditionType"": ""CATC""}, {""eleEquivalentFuelConsumption"": ""2.3"", ""powerConsumption"": ""19.9"", ""runingRange"": ""415"", ""workConditionType"": ""NEDC""}]",True,"[""multiple_old_cycle_codes"", ""multiple_old_range_raw_values"", ""multiple_old_consumption_raw_values""]",False,False,True,[],[],[],old-26-DOCX--0-3,原件/免征目录/mf_batch26.docx,de0890335ef3a4f1302a8a0735ec8b6aed52e994e2635db481820060d62248b5,False,False,False,False
BJ6480LABEV1,0,0,3,old_only,0,0,[],[],"[""CATC"", ""NEDC""]",[],"[""415"", ""440""]",[],"[""19.9"", ""20.0""]",[],"[{""eleEquivalentFuelConsumption"": ""2.26"", ""powerConsumption"": ""20.0"", ""runingRange"": ""440"", ""workConditionType"": ""CATC""}, {""eleEquivalentFuelConsumption"": ""2.3"", ""powerConsumption"": ""19.9"", ""runingRange"": ""415"", ""workConditionType"": ""NEDC""}]",True,"[""multiple_old_cycle_codes"", ""multiple_old_range_raw_values"", ""multiple_old_consumption_raw_values""]",False,False,True,[],[],[],old-25-Word97--0-3,原件/免征目录/mf_batch25.wps,9d2abe319463522513fe9c90f98bb8d0a825b599267d0b3cc403cec9624b3297,False,False,False,False
BJ6480LABEV2,0,0,2,old_only,0,0,[],[],"[""CATC"", ""NEDC""]",[],"[""408"", ""440""]",[],"[""20.0"", ""20.1""]",[],"[{""eleEquivalentFuelConsumption"": ""2.26"", ""powerConsumption"": ""20.0"", ""runingRange"": ""440"", ""workConditionType"": ""CATC""}, {""eleEquivalentFuelConsumption"": ""2.3"", ""powerConsumption"": ""20.1"", ""runingRange"": ""408"", ""workConditionType"": ""NEDC""}]",True,"[""multiple_old_cycle_codes"", ""multiple_old_range_raw_values"", ""multiple_old_consumption_raw_values""]",False,False,True,[],[],[],old-25-Word97--0-4,原件/免征目录/mf_batch25.wps,9d2abe319463522513fe9c90f98bb8d0a825b599267d0b3cc403cec9624b3297,False,False,False,False
BJ6480LABEV3,0,0,2,old_only,0,0,[],[],"[""CATC"", ""NEDC""]",[],"[""408"", ""443""]",[],"[""19.7"", ""20.1""]",[],"[{""eleEquivalentFuelConsumption"": ""2.23"", ""powerConsumption"": ""19.7"", ""runingRange"": ""443"", ""workConditionType"": ""CATC""}, {""eleEquivalentFuelConsumption"": ""2.3"", ""powerConsumption"": ""20.1"", ""runingRange"": ""408"", ""workConditionType"": ""NEDC""}]",True,"[""multiple_old_cycle_codes"", ""multiple_old_range_raw_values"", ""multiple_old_consumption_raw_values""]",False,False,True,[],[],[],old-26-DOCX--0-4,原件/免征目录/mf_batch26.docx,de0890335ef3a4f1302a8a0735ec8b6aed52e994e2635db481820060d62248b5,False,False,False,False
BJ6608EVAA1,0,0,11,old_only,0,0,[],[],"[""NEDC""]",[],"[""341.5"", ""342""]",[],[null],[],"[{""eleEquivalentFuelConsumption"": ""2.43"", ""runingRange"": ""341.5"", ""workConditionType"": ""NEDC""}, {""eleEquivalentFuelConsumption"": ""2.43"", ""runingRange"": ""342"", ""workConditionType"": ""NEDC""}]",True,"[""multiple_old_range_raw_values""]",False,False,False,[],[],[],old-42-Word97--0-2,原件/免征目录/mf_batch42.doc,fef4fd8ea19d773d368642e51a4bdb24c148530251a2240be4ff1358d5d41fab,False,False,False,False
BJ7000B3D-BEV,0,0,0,not_in_observed_filtered_views,0,0,[],[],[],[],[],[],[],[],[],False,[],False,False,False,[],[],[],old-02-PDF-grid-1-0-4,原件/免征目录/mf_batch02.pdf,0b13b4fd2de6c4de3ab0f8add88bb8d24354d05ca6af46904fe1065c53c9c519,False,False,False,False
BJ7000B3D1-BEV,0,0,0,not_in_observed_filtered_views,0,0,[],[],[],[],[],[],[],[],[],False,[],False,False,False,[],[],[],old-01-PDF-grid-1-0-3,原件/免征目录/mf_batch01.pdf,eac13628c37f01c4da157a2d1916d97acc81fdc295f18e1783549075ce7e5aa7,False,False,False,False
BJ7000B3D2-BEV,0,0,0,not_in_observed_filtered_views,0,0,[],[],[],[],[],[],[],[],[],False,[],False,False,False,[],[],[],old-02-PDF-grid-1-0-3,原件/免征目录/mf_batch02.pdf,0b13b4fd2de6c4de3ab0f8add88bb8d24354d05ca6af46904fe1065c53c9c519,False,False,False,False
BJ7000B3D5-BEV,0,0,0,not_in_observed_filtered_views,0,0,[],[],[],[],[],[],[],[],[],False,[],False,False,False,[],[],[],old-03-PDF-grid-1-0-7,原件/免征目录/mf_batch03.pdf,1367fdf126160143cbeecaedf4a66b528d105bbfa58a06b2118487a2e05000a5,False,False,False,False
BJ7000B3D6-BEV,0,0,0,not_in_observed_filtered_views,0,0,[],[],[],[],[],[],[],[],[],False,[],False,False,False,[],[],[],old-03-PDF-grid-1-0-6,原件/免征目录/mf_batch03.pdf,1367fdf126160143cbeecaedf4a66b528d105bbfa58a06b2118487a2e05000a5,False,False,False,False
BJ7000B3D7-BEV,0,0,0,not_in_observed_filtered_views,0,0,[],[],[],[],[],[],[],[],[],False,[],False,False,False,[],[],[],old-05-PDF-grid-1-0-2,原件/免征目录/mf_batch05.pdf,658aa5fbf13859a9bbe1db6235da2f7e79fc325cc34e4c0ec1ffab7f8cc2ebca,False,False,False,False
BJ7000B3DA-BEV,0,0,0,not_in_observed_filtered_views,0,0,[],[],[],[],[],[],[],[],[],False,[],False,False,False,[],[],[],old-08-PDF-grid-1-0-5,原件/免征目录/mf_batch08.pdf,39b242717c026063c908426a890cd361f1165aa5729988d56303b2f8d5fb3b42,False,False,False,False
BJ7000BRDA-BEV,0,0,0,not_in_observed_filtered_views,0,0,[],[],[],[],[],[],[],[],[],False,[],False,False,False,[],[],[],old-08-PDF-grid-1-0-8,原件/免征目录/mf_batch08.pdf,39b242717c026063c908426a890cd361f1165aa5729988d56303b2f8d5fb3b42,False,False,False,False
BJ7000BRDB-BEV,0,0,0,not_in_observed_filtered_views,0,0,[],[],[],[],[],[],[],[],[],False,[],False,False,False,[],[],[],old-09-PDF-grid-1-0-11,原件/免征目录/mf_batch09.pdf,7eea7200c04fefec34f6ae6db5a1bae77f82a534348f266e95575cae051c8c8c,False,False,False,False
BJ7000BRDFC-BEV,0,0,0,not_in_observed_filtered_views,0,0,[],[],[],[],[],[],[],[],[],False,[],False,False,False,[],[],[],old-16-Word97--0-11,原件/免征目录/mf_batch16.docx,9db5ace6c1c59bd9636d48636f94fa77d2b6e0aa27b109421690ce6a8c4a3967,False,False,False,False
BJ7000C5D2-BEV,0,0,0,not_in_observed_filtered_views,0,0,[],[],[],[],[],[],[],[],[],False,[],False,False,False,[],[],[],old-18-Word97--0-9,原件/免征目录/mf_batch18.doc,43f5426f7f80996ee11a894710d7229c743abf7ad69ba239f61075e0a9ddd37a,False,False,False,False
BJ7000C5D3-BEV,0,0,2,old_only,0,0,[],[],"[""NEDC""]",[],"[""416""]",[],"[""14 "", ""14.0""]",[],"[{""eleEquivalentFuelConsumption"": ""1.58 "", ""powerConsumption"": ""14 "", ""runingRange"": ""416"", ""workConditionType"": ""NEDC""}, {""eleEquivalentFuelConsumption"": ""1.6"", ""powerConsumption"": ""14.0"", ""runingRange"": ""416"", ""workConditionType"": ""NEDC""}]",True,"[""multiple_old_consumption_raw_values""]",False,False,False,[],[],[],old-17-PDF-grid-1-0-6,原件/免征目录/mf_batch17.pdf,577a4ba9c586fe08565f6a60e6de5474698031566d8dcef484cd44335879e334,False,False,False,False
BJ7000C5D3K-BEV,0,0,0,not_in_observed_filtered_views,0,0,[],[],[],[],[],[],[],[],[],False,[],False,False,False,[],[],[],old-30-Word97--0-8,原件/免征目录/mf_batch30.doc,e7fa3b47858ec2035b8055bc15be00b2b26920a5e8d3cad481058a80b92ead24,False,False,False,False
BJ7000C5D4-BEV,0,0,0,not_in_observed_filtered_views,0,0,[],[],[],[],[],[],[],[],[],False,[],False,False,False,[],[],[],old-24-Word97--0-15,原件/免征目录/mf_batch24.wps,07775a0cb063fe0fce5880b9378dd1eb2522b725d645cabdee314d604779939d,False,False,False,False
BJ7000C5D5-BEV,0,0,0,not_in_observed_filtered_views,0,0,[],[],[],[],[],[],[],[],[],False,[],False,False,False,[],[],[],old-24-Word97--0-16,原件/免征目录/mf_batch24.wps,07775a0cb063fe0fce5880b9378dd1eb2522b725d645cabdee314d604779939d,False,False,False,False
BJ7000C5D7-BEV,0,0,3,old_only,0,0,[],[],"[""NEDC""]",[],"[""416""]",[],"[""13.3""]",[],"[{""eleEquivalentFuelConsumption"": ""1.5"", ""powerConsumption"": ""13.3"", ""runingRange"": ""416"", ""workConditionType"": ""NEDC""}, {""eleEquivalentFuelConsumption"": ""1.50"", ""powerConsumption"": ""13.3"", ""runingRange"": ""416"", ""workConditionType"": ""NEDC""}]",True,[],False,False,False,[],[],[],old-25-Word97--0-15,原件/免征目录/mf_batch25.wps,9d2abe319463522513fe9c90f98bb8d0a825b599267d0b3cc403cec9624b3297,False,False,False,False
BJ7000C5DA-BEV,1,1,1,both,1,0,[],"[""6""]","[""NEDC""]","[""401""]","[""401""]","[""13.7""]","[""13.7""]","[""1600""]","[{""eleEquivalentFuelConsumption"": ""1.5"", ""powerConsumption"": ""13.7"", ""runingRange"": ""401"", ""workConditionType"": ""NEDC""}]",True,[],False,False,False,"[""2021-12-07""]","[""2024-08-01""]","[""补录历史数据""]",old-30-Word97--0-12,原件/免征目录/mf_batch30.doc,e7fa3b47858ec2035b8055bc15be00b2b26920a5e8d3cad481058a80b92ead24,False,False,False,False
BJ7000C5DAK-BEV,1,1,1,both,1,0,[],"[""6""]","[""NEDC""]","[""401""]","[""401""]","[""13.7""]","[""13.7""]","[""1600""]","[{""eleEquivalentFuelConsumption"": ""1.5"", ""powerConsumption"": ""13.7"", ""runingRange"": ""401"", ""workConditionType"": ""NEDC""}]",True,[],False,False,False,"[""2021-12-07""]","[""2024-08-01""]","[""补录历史数据""]",old-33-Word97--0-47,原件/免征目录/mf_batch33.doc,ff98fbb1708c47cdcfc1e79e7a1647e72a7ae6d4255dce3b250d661001340c09,False,False,False,False
BJ7000C5DB-BEV,1,1,1,both,1,0,[],"[""6""]","[""NEDC""]","[""350""]","[""350""]","[""13.7""]","[""13.7""]","[""1640""]","[{""eleEquivalentFuelConsumption"": ""1.5"", ""powerConsumption"": ""13.7"", ""runingRange"": ""350"", ""workConditionType"": ""NEDC""}]",True,[],False,False,False,"[""2023-06-07""]","[""2024-08-01""]","[""补录历史数据""]",old-32-Word97--0-9,原件/免征目录/mf_batch32.doc,ad7c65b4831a05b7c70e1e73fe834aa9beed883c66f898e799fcbbeb43cc3d75,False,False,False,False
BJ7000C5DBK-BEV,1,1,1,both,1,0,[],"[""6""]","[""NEDC""]","[""350""]","[""350""]","[""13.7""]","[""13.7""]","[""1640""]","[{""eleEquivalentFuelConsumption"": ""1.5"", ""powerConsumption"": ""13.7"", ""runingRange"": ""350"", ""workConditionType"": ""NEDC""}]",True,[],False,False,False,"[""2023-05-09""]","[""2024-08-01""]","[""补录历史数据""]",old-35-Word97--0-17,原件/免征目录/mf_batch35.wps,e4a6abd0e50daa81d029f8b37584511354700e855dc89de210fcba782b0643f0,False,False,False,False
BJ7000C5DC-BEV,0,0,0,not_in_observed_filtered_views,0,0,[],[],[],[],[],[],[],[],[],False,[],False,False,False,[],[],[],old-32-Word97--0-10,原件/免征目录/mf_batch32.doc,ad7c65b4831a05b7c70e1e73fe834aa9beed883c66f898e799fcbbeb43cc3d75,False,False,False,False
BJ7000C5DD-BEV,1,1,3,both,1,0,[],"[""5""]","[""NEDC""]","[""401""]","[""401""]","[""13.7""]","[""13.7""]","[""1580""]","[{""eleEquivalentFuelConsumption"": ""1.5"", ""powerConsumption"": ""13.7"", ""runingRange"": ""401"", ""workConditionType"": ""NEDC""}, {""eleEquivalentFuelConsumption"": ""1.55"", ""powerConsumption"": ""13.7"", ""runingRange"": ""401"", ""workConditionType"": ""NEDC""}]",True,[],False,False,False,"[""2024-04-15""]","[""2024-08-01""]","[""补录历史数据""]",old-35-Word97--0-16,原件/免征目录/mf_batch35.wps,e4a6abd0e50daa81d029f8b37584511354700e855dc89de210fcba782b0643f0,False,False,False,False
BJ7000C5DE-BEV,1,1,1,both,1,0,[],"[""5""]","[""NEDC""]","[""350""]","[""350""]","[""13.7""]","[""13.7""]","[""1620""]","[{""eleEquivalentFuelConsumption"": ""1.5"", ""powerConsumption"": ""13.7"", ""runingRange"": ""350"", ""workConditionType"": ""NEDC""}]",True,[],False,False,False,"[""2023-05-09""]","[""2024-08-01""]","[""补录历史数据""]",old-34-Word97--0-15,原件/免征目录/mf_batch34.doc,d5c5bb03cc5fe0f16b284048e265ad35d62c12c0416f14aef0ce026a229aa831,False,False,False,False
BJ7000C5DEK-BEV,1,1,1,both,1,0,[],"[""5""]","[""NEDC""]","[""350""]","[""350""]","[""13.7""]","[""13.7""]","[""1620""]","[{""eleEquivalentFuelConsumption"": ""1.5"", ""powerConsumption"": ""13.7"", ""runingRange"": ""350"", ""workConditionType"": ""NEDC""}]",True,[],False,False,False,"[""2023-05-09""]","[""2024-08-01""]","[""补录历史数据""]",old-37-Word97--0-13,原件/免征目录/mf_batch37.doc,136057faede292d8070763e326c8dbdcddf3790653cc6879a13758f91556881f,False,False,False,False
BJ7000C5DF-BEV,1,1,3,both,1,0,[],"[""5""]","[""NEDC""]","[""501""]","[""501""]","[""13.4""]","[""13.4""]","[""1620""]","[{""eleEquivalentFuelConsumption"": ""1.5"", ""powerConsumption"": ""13.4"", ""runingRange"": ""501"", ""workConditionType"": ""NEDC""}, {""eleEquivalentFuelConsumption"": ""1.51"", ""powerConsumption"": ""13.4"", ""runingRange"": ""501"", ""workConditionType"": ""NEDC""}]",True,[],False,False,False,"[""2023-08-15""]","[""2024-08-01""]","[""补录历史数据""]",old-34-Word97--0-16,原件/免征目录/mf_batch34.doc,d5c5bb03cc5fe0f16b284048e265ad35d62c12c0416f14aef0ce026a229aa831,False,False,False,False
BJ7000C5DH-BEV,1,1,3,both,1,0,[],"[""5""]","[""NEDC""]","[""416""]","[""416""]","[""13.3""]","[""13.3""]","[""1580""]","[{""eleEquivalentFuelConsumption"": ""1.5"", ""powerConsumption"": ""13.3"", ""runingRange"": ""416"", ""workConditionType"": ""NEDC""}, {""eleEquivalentFuelConsumption"": ""1.50"", ""powerConsumption"": ""13.3"", ""runingRange"": ""416"", ""workConditionType"": ""NEDC""}]",True,[],False,False,False,"[""2023-08-15""]","[""2024-08-01""]","[""补录历史数据""]",old-34-Word97--0-17,原件/免征目录/mf_batch34.doc,d5c5bb03cc5fe0f16b284048e265ad35d62c12c0416f14aef0ce026a229aa831,False,False,False,False
BJ7000C5E1-BEV,0,0,0,not_in_observed_filtered_views,0,0,[],[],[],[],[],[],[],[],[],False,[],False,False,False,[],[],[],old-04-PDF-grid-1-0-2,原件/免征目录/mf_batch04.pdf,7539cd299efb49a366656a4da32393075bcb03a5e10ea54e975f82f6099d9c81,False,False,False,False
BJ7000C5E2-BEV,0,0,0,not_in_observed_filtered_views,0,0,[],[],[],[],[],[],[],[],[],False,[],False,False,False,[],[],[],old-09-PDF-grid-1-0-3,原件/免征目录/mf_batch09.pdf,7eea7200c04fefec34f6ae6db5a1bae77f82a534348f266e95575cae051c8c8c,False,False,False,False
BJ7000C5E2G-BEV,0,0,0,not_in_observed_filtered_views,0,0,[],[],[],[],[],[],[],[],[],False,[],False,False,False,[],[],[],old-09-PDF-grid-1-0-13,原件/免征目录/mf_batch09.pdf,7eea7200c04fefec34f6ae6db5a1bae77f82a534348f266e95575cae051c8c8c,False,False,False,False
BJ7000C5E3-BEV,0,0,0,not_in_observed_filtered_views,0,0,[],[],[],[],[],[],[],[],[],False,[],False,False,False,[],[],[],old-09-PDF-grid-1-0-9,原件/免征目录/mf_batch09.pdf,7eea7200c04fefec34f6ae6db5a1bae77f82a534348f266e95575cae051c8c8c,False,False,False,False
BJ7000C5E4-BEV,0,0,0,not_in_observed_filtered_views,0,0,[],[],[],[],[],[],[],[],[],False,[],False,False,False,[],[],[],old-09-PDF-grid-1-0-4,原件/免征目录/mf_batch09.pdf,7eea7200c04fefec34f6ae6db5a1bae77f82a534348f266e95575cae051c8c8c,False,False,False,False
BJ7000C5E6-BEV,0,0,0,not_in_observed_filtered_views,0,0,[],[],[],[],[],[],[],[],[],False,[],False,False,False,[],[],[],old-14-Word97--0-4,原件/免征目录/mf_batch14.docx,6a48764b5ccb7c4ffa6f54daa44d3a42095b8a981fc982e774ddaaded41e9921,False,False,False,False
BJ7000C5E7-BEV,0,0,0,not_in_observed_filtered_views,0,0,[],[],[],[],[],[],[],[],[],False,[],False,False,False,[],[],[],old-10-PDF-grid-1-0-5,原件/免征目录/mf_batch10.pdf,ac1b1ad2605b4f24762fb1f01cea64b685393577d01648618fa1882bb5700ac3,False,False,False,False
BJ7000C5E7G-BEV,0,0,0,not_in_observed_filtered_views,0,0,[],[],[],[],[],[],[],[],[],False,[],False,False,False,[],[],[],old-20-DOCX--0-3,原件/免征目录/mf_batch20.docx,374d3f87551d75d1c163e76abb38f350ea93f8a2b8cad6174568c307d1cc0130,False,False,False,False
BJ7000C5E8-BEV,0,0,0,not_in_observed_filtered_views,0,0,[],[],[],[],[],[],[],[],[],False,[],False,False,False,[],[],[],old-11-PDF-grid-1-0-5,原件/免征目录/mf_batch11.pdf,ec4f33e5e872841e6d1fa5d435793c285a15614ef2e64f39b9013389b5e51724,False,False,False,False
BJ7000C5E9-BEV,0,0,0,not_in_observed_filtered_views,0,0,[],[],[],[],[],[],[],[],[],False,[],False,False,False,[],[],[],old-16-Word97--0-4,原件/免征目录/mf_batch16.docx,9db5ace6c1c59bd9636d48636f94fa77d2b6e0aa27b109421690ce6a8c4a3967,False,False,False,False
BJ7000C5EB-BEV,0,0,0,not_in_observed_filtered_views,0,0,[],[],[],[],[],[],[],[],[],False,[],False,False,False,[],[],[],old-25-Word97--0-11,原件/免征目录/mf_batch25.wps,9d2abe319463522513fe9c90f98bb8d0a825b599267d0b3cc403cec9624b3297,False,False,False,False
BJ7000C5EBK-BEV,0,0,0,not_in_observed_filtered_views,0,0,[],[],[],[],[],[],[],[],[],False,[],False,False,False,[],[],[],old-34-Word97--0-46,原件/免征目录/mf_batch34.doc,d5c5bb03cc5fe0f16b284048e265ad35d62c12c0416f14aef0ce026a229aa831,False,False,False,False
BJ7000C5EC-BEV,0,0,0,not_in_observed_filtered_views,0,0,[],[],[],[],[],[],[],[],[],False,[],False,False,False,[],[],[],old-25-Word97--0-12,原件/免征目录/mf_batch25.wps,9d2abe319463522513fe9c90f98bb8d0a825b599267d0b3cc403cec9624b3297,False,False,False,False
BJ7000C5ED-BEV,0,0,0,not_in_observed_filtered_views,0,0,[],[],[],[],[],[],[],[],[],False,[],False,False,False,[],[],[],old-25-Word97--0-13,原件/免征目录/mf_batch25.wps,9d2abe319463522513fe9c90f98bb8d0a825b599267d0b3cc403cec9624b3297,False,False,False,False
BJ7000C5EDK-BEV,0,0,0,not_in_observed_filtered_views,0,0,[],[],[],[],[],[],[],[],[],False,[],False,False,False,[],[],[],old-30-Word97--0-9,原件/免征目录/mf_batch30.doc,e7fa3b47858ec2035b8055bc15be00b2b26920a5e8d3cad481058a80b92ead24,False,False,False,False
BJ7000C5EE-BEV,0,0,0,not_in_observed_filtered_views,0,0,[],[],[],[],[],[],[],[],[],False,[],False,False,False,[],[],[],old-32-Word97--0-8,原件/免征目录/mf_batch32.doc,ad7c65b4831a05b7c70e1e73fe834aa9beed883c66f898e799fcbbeb43cc3d75,False,False,False,False
BJ7000C5FBEV,0,0,1,old_only,0,0,[],[],"[""NEDC""]",[],"[""451""]",[],"[""14.8""]",[],"[{""eleEquivalentFuelConsumption"": ""1.7"", ""powerConsumption"": ""14.8"", ""runingRange"": ""451"", ""workConditionType"": ""NEDC""}]",True,[],False,False,False,[],[],[],old-24-Word97--2-17,原件/免征目录/mf_batch24.wps,07775a0cb063fe0fce5880b9378dd1eb2522b725d645cabdee314d604779939d,False,False,False,False
BJ7000C5FK-BEV,0,0,1,old_only,0,0,[],[],"[""NEDC""]",[],"[""451""]",[],"[""14.8""]",[],"[{""eleEquivalentFuelConsumption"": ""1.7"", ""powerConsumption"": ""14.8"", ""runingRange"": ""451"", ""workConditionType"": ""NEDC""}]",True,[],False,False,False,[],[],[],old-33-Word97--0-48,原件/免征目录/mf_batch33.doc,ff98fbb1708c47cdcfc1e79e7a1647e72a7ae6d4255dce3b250d661001340c09,False,False,False,False
BJ7000C7H1-BEV,0,0,0,not_in_observed_filtered_views,0,0,[],[],[],[],[],[],[],[],[],False,[],False,False,False,[],[],[],old-01-PDF-grid-1-0-4,原件/免征目录/mf_batch01.pdf,eac13628c37f01c4da157a2d1916d97acc81fdc295f18e1783549075ce7e5aa7,False,False,False,False
BJ7000C7H3-BEV,0,0,0,not_in_observed_filtered_views,0,0,[],[],[],[],[],[],[],[],[],False,[],False,False,False,[],[],[],old-01-PDF-grid-1-0-5,原件/免征目录/mf_batch01.pdf,eac13628c37f01c4da157a2d1916d97acc81fdc295f18e1783549075ce7e5aa7,False,False,False,False
BJ7000C8G-BEV,0,0,0,not_in_observed_filtered_views,0,0,[],[],[],[],[],[],[],[],[],False,[],False,False,False,[],[],[],old-08-PDF-grid-1-0-6,原件/免征目录/mf_batch08.pdf,39b242717c026063c908426a890cd361f1165aa5729988d56303b2f8d5fb3b42,False,False,False,False
BJ7000CTD-BEV,0,0,1,old_only,0,0,[],[],"[""NEDC""]",[],"[""416""]",[],"[""14.0""]",[],"[{""eleEquivalentFuelConsumption"": ""1.6"", ""powerConsumption"": ""14.0"", ""runingRange"": ""416"", ""workConditionType"": ""NEDC""}]",True,[],False,False,False,[],[],[],old-27-Word97--0-9,原件/免征目录/mf_batch27.doc,2bd67cf7e1efc03ae93942d0d340ffef87478709520383b6ee4d08baf843ead1,False,False,False,False
BJ7000CTD1-BEV,0,0,0,not_in_observed_filtered_views,0,0,[],[],[],[],[],[],[],[],[],False,[],False,False,False,[],[],[],old-34-Word97--0-10,原件/免征目录/mf_batch34.doc,d5c5bb03cc5fe0f16b284048e265ad35d62c12c0416f14aef0ce026a229aa831,False,False,False,False
BJ7000CTD2-BEV,0,0,0,not_in_observed_filtered_views,0,0,[],[],[],[],[],[],[],[],[],False,[],False,False,False,[],[],[],old-34-Word97--0-11,原件/免征目录/mf_batch34.doc,d5c5bb03cc5fe0f16b284048e265ad35d62c12c0416f14aef0ce026a229aa831,False,False,False,False
BJ7000KPC4C-BEV,0,0,0,not_in_observed_filtered_views,0,0,[],[],[],[],[],[],[],[],[],False,[],False,False,False,[],[],[],old-21-DOCX--0-3,原件/免征目录/mf_batch21.docx,cd981cecffd781db646c194ab2c853b0466cc86eea0f616e95300b88932b8d9b,False,False,False,False
BJ7000KPCC-BEV,0,0,0,not_in_observed_filtered_views,0,0,[],[],[],[],[],[],[],[],[],False,[],False,False,False,[],[],[],old-10-PDF-grid-1-0-9,原件/免征目录/mf_batch10.pdf,ac1b1ad2605b4f24762fb1f01cea64b685393577d01648618fa1882bb5700ac3,False,False,False,False
BJ7000U3D-BEV,0,0,0,not_in_observed_filtered_views,0,0,[],[],[],[],[],[],[],[],[],False,[],False,False,False,[],[],[],old-08-PDF-grid-1-0-3,原件/免征目录/mf_batch08.pdf,39b242717c026063c908426a890cd361f1165aa5729988d56303b2f8d5fb3b42,False,False,False,False
BJ7000U3D2-BEV,0,0,0,not_in_observed_filtered_views,0,0,[],[],[],[],[],[],[],[],[],False,[],False,False,False,[],[],[],old-09-PDF-grid-1-0-8,原件/免征目录/mf_batch09.pdf,7eea7200c04fefec34f6ae6db5a1bae77f82a534348f266e95575cae051c8c8c,False,False,False,False
BJ7000U3D7-BEV,0,0,0,not_in_observed_filtered_views,0,0,[],[],[],[],[],[],[],[],[],False,[],False,False,False,[],[],[],old-13-PDF-grid-1-0-3,原件/免征目录/mf_batch13.pdf,e82c4f41c448edbb5269c95f2ff35d0c577f7ff0d12ff30b2d4c307a1aa31a6b,False,False,False,False
BJ7000U3D7G-BEV,0,0,0,not_in_observed_filtered_views,0,0,[],[],[],[],[],[],[],[],[],False,[],False,False,False,[],[],[],old-21-DOCX--0-2,原件/免征目录/mf_batch21.docx,cd981cecffd781db646c194ab2c853b0466cc86eea0f616e95300b88932b8d9b,False,False,False,False
BJ7000URD4C-BEV,0,0,0,not_in_observed_filtered_views,0,0,[],[],[],[],[],[],[],[],[],False,[],False,False,False,[],[],[],old-16-Word97--0-10,原件/免征目录/mf_batch16.docx,9db5ace6c1c59bd9636d48636f94fa77d2b6e0aa27b109421690ce6a8c4a3967,False,False,False,False
BJ7000URDK-BEV,0,0,0,not_in_observed_filtered_views,0,0,[],[],[],[],[],[],[],[],[],False,[],False,False,False,[],[],[],old-30-Word97--0-10,原件/免征目录/mf_batch30.doc,e7fa3b47858ec2035b8055bc15be00b2b26920a5e8d3cad481058a80b92ead24,False,False,False,False
BJ7000USD-BEV,0,0,0,not_in_observed_filtered_views,0,0,[],[],[],[],[],[],[],[],[],False,[],False,False,False,[],[],[],old-19-DOCX--0-8,原件/免征目录/mf_batch19.docx,fafd1558aa0f21067847c19bdd0a95c79b919737be7b07b87c4538107fb2b8e3,False,False,False,False
BJ7000USD1-BEV,0,0,0,not_in_observed_filtered_views,0,0,[],[],[],[],[],[],[],[],[],False,[],False,False,False,[],[],[],old-23-Word97--0-2,原件/免征目录/mf_batch23.docx,87f838de0da3ba5887f77b2bf5c1dbf5b427e7cef896309a7084c11dd8f5efa0,False,False,False,False
BJ7000USD2-BEV,0,0,0,not_in_observed_filtered_views,0,0,[],[],[],[],[],[],[],[],[],False,[],False,False,False,[],[],[],old-24-Word97--0-13,原件/免征目录/mf_batch24.wps,07775a0cb063fe0fce5880b9378dd1eb2522b725d645cabdee314d604779939d,False,False,False,False
BJ7000USD3-BEV,0,0,0,not_in_observed_filtered_views,0,0,[],[],[],[],[],[],[],[],[],False,[],False,False,False,[],[],[],old-34-Word97--0-12,原件/免征目录/mf_batch34.doc,d5c5bb03cc5fe0f16b284048e265ad35d62c12c0416f14aef0ce026a229aa831,False,False,False,False
BJ7000USD4-BEV,0,0,0,not_in_observed_filtered_views,0,0,[],[],[],[],[],[],[],[],[],False,[],False,False,False,[],[],[],old-34-Word97--0-13,原件/免征目录/mf_batch34.doc,d5c5bb03cc5fe0f16b284048e265ad35d62c12c0416f14aef0ce026a229aa831,False,False,False,False
BJ7000USD5-BEV,0,0,0,not_in_observed_filtered_views,0,0,[],[],[],[],[],[],[],[],[],False,[],False,False,False,[],[],[],old-34-Word97--0-14,原件/免征目录/mf_batch34.doc,d5c5bb03cc5fe0f16b284048e265ad35d62c12c0416f14aef0ce026a229aa831,False,False,False,False
BJ7000USD6-BEV,0,0,0,not_in_observed_filtered_views,0,0,[],[],[],[],[],[],[],[],[],False,[],False,False,False,[],[],[],old-31-Word97--0-5,原件/免征目录/mf_batch31.doc,e1ccec4a87ab96ca346e5756d6b14369eb9727ec2c2cfd03c1182a592ddd3bee,False,False,False,False
BJ7000USD8-BEV,0,0,0,not_in_observed_filtered_views,0,0,[],[],[],[],[],[],[],[],[],False,[],False,False,False,[],[],[],old-40-Word97--0-10,原件/免征目录/mf_batch40.doc,93047c8e87a1f45948933ee36d00160788032370ecf11b551624e0ca45ecc1d1,False,False,False,False
BJ7001AUA1-BEV,1,1,2,both,1,0,[],"[""5""]","[""CATC"", ""NEDC""]","[""525""]","[""525""]","[""14.8""]","[""14.8""]","[""1940""]","[{""eleEquivalentFuelConsumption"": ""1.67"", ""powerConsumption"": ""14.8"", ""runingRange"": ""525"", ""workConditionType"": ""CATC""}, {""eleEquivalentFuelConsumption"": ""1.67"", ""powerConsumption"": ""14.8"", ""runingRange"": ""525"", ""workConditionType"": ""NEDC""}]",True,"[""multiple_old_cycle_codes""]",False,False,True,"[""2024-05-20""]","[""2024-08-05""]","[""新标准实施""]",old-34-Word97--0-25,原件/免征目录/mf_batch34.doc,d5c5bb03cc5fe0f16b284048e265ad35d62c12c0416f14aef0ce026a229aa831,False,False,False,False
BJ7001AUA3-BEV,2,2,2,both,2,0,[],"[""5""]","[""CATC"", ""NEDC""]","[""708""]","[""708""]","[""15.4""]","[""15.4""]","[""2078""]","[{""eleEquivalentFuelConsumption"": ""1.74"", ""powerConsumption"": ""15.4"", ""runingRange"": ""708"", ""workConditionType"": ""CATC""}, {""eleEquivalentFuelConsumption"": ""1.74"", ""powerConsumption"": ""15.4"", ""runingRange"": ""708"", ""workConditionType"": ""NEDC""}]",True,"[""multiple_old_cycle_codes""]",False,False,True,"[""2024-05-20""]","[""2024-08-05"", ""2024-08-19""]","[""新标准实施"", ""重新录入蓝谷麦格纳品牌""]",old-34-Word97--0-26,原件/免征目录/mf_batch34.doc,d5c5bb03cc5fe0f16b284048e265ad35d62c12c0416f14aef0ce026a229aa831,False,False,False,False
BJ7001AUA5-BEV,2,2,2,both,2,0,[],"[""5""]","[""CATC"", ""NEDC""]","[""603""]","[""603""]","[""17.1""]","[""17.1""]","[""2245""]","[{""eleEquivalentFuelConsumption"": ""1.93"", ""powerConsumption"": ""17.1"", ""runingRange"": ""603"", ""workConditionType"": ""CATC""}, {""eleEquivalentFuelConsumption"": ""1.93"", ""powerConsumption"": ""17.1"", ""runingRange"": ""603"", ""workConditionType"": ""NEDC""}]",True,"[""multiple_old_cycle_codes""]",False,False,True,"[""2024-05-20""]","[""2024-08-05"", ""2024-08-19""]","[""新标准实施"", ""重新录入蓝谷麦格纳品牌""]",old-34-Word97--0-27,原件/免征目录/mf_batch34.doc,d5c5bb03cc5fe0f16b284048e265ad35d62c12c0416f14aef0ce026a229aa831,False,False,False,False
BJ7001AUA6-BEV,2,2,2,both,2,0,[],"[""5""]","[""NEDC""]","[""500""]","[""500""]","[""16.6""]","[""16.6 "", ""16.6""]","[""2115""]","[{""eleEquivalentFuelConsumption"": ""1.9"", ""powerConsumption"": ""16.6 "", ""runingRange"": ""500"", ""workConditionType"": ""NEDC""}, {""eleEquivalentFuelConsumption"": ""1.9"", ""powerConsumption"": ""16.6"", ""runingRange"": ""500"", ""workConditionType"": ""NEDC""}]",True,"[""multiple_old_consumption_raw_values"", ""new_old_consumption_raw_value_sets_differ_units_not_normalized""]",False,False,False,"[""2023-05-09""]","[""2024-08-01"", ""2024-09-24""]","[""新标准实施""]",old-44-Word97--0-21,原件/免征目录/mf_batch44.doc,aea30846204f4e55c0d969450f1619e1649eb27f471d5b0a2636d0da77eb0611,False,False,False,False
BJ7001AUA7-BEV,0,0,1,old_only,0,0,[],[],"[""NEDC""]",[],"[""525""]",[],"[""14.8""]",[],"[{""eleEquivalentFuelConsumption"": ""1.67"", ""powerConsumption"": ""14.8"", ""runingRange"": ""525"", ""workConditionType"": ""NEDC""}]",True,[],False,False,False,[],[],[],old-37-Word97--0-14,原件/免征目录/mf_batch37.doc,136057faede292d8070763e326c8dbdcddf3790653cc6879a13758f91556881f,False,False,False,False
BJ7001AUA8-BEV,0,0,0,not_in_observed_filtered_views,0,0,[],[],[],[],[],[],[],[],[],False,[],False,False,False,[],[],[],old-37-Word97--0-15,原件/免征目录/mf_batch37.doc,136057faede292d8070763e326c8dbdcddf3790653cc6879a13758f91556881f,False,False,False,False
BJ7001AUA9-BEV,2,2,2,both,2,0,[],"[""5""]","[""CATC"", ""NEDC""]","[""525""]","[""525""]","[""14.8""]","[""14.8""]","[""1910""]","[{""eleEquivalentFuelConsumption"": ""1.67"", ""powerConsumption"": ""14.8"", ""runingRange"": ""525"", ""workConditionType"": ""CATC""}, {""eleEquivalentFuelConsumption"": ""1.67"", ""powerConsumption"": ""14.8"", ""runingRange"": ""525"", ""workConditionType"": ""NEDC""}]",True,"[""multiple_old_cycle_codes""]",False,False,True,"[""2024-05-20""]","[""2024-08-05"", ""2024-08-19""]","[""新标准实施"", ""重新录入蓝谷麦格纳品牌""]",old-37-Word97--0-16,原件/免征目录/mf_batch37.doc,136057faede292d8070763e326c8dbdcddf3790653cc6879a13758f91556881f,False,False,False,False
BJ7001AUAA-BEV,2,2,1,both,2,0,[],"[""5""]","[""NEDC""]","[""525""]","[""525""]","[""14.8""]","[""14.8""]","[""1900""]","[{""eleEquivalentFuelConsumption"": ""1.67"", ""powerConsumption"": ""14.8"", ""runingRange"": ""525"", ""workConditionType"": ""NEDC""}]",True,[],False,False,False,"[""2024-05-20""]","[""2024-08-05"", ""2024-08-15""]","[""新标准实施"", ""极狐品牌已备案，蓝谷麦格纳未备案""]",old-37-Word97--0-17,原件/免征目录/mf_batch37.doc,136057faede292d8070763e326c8dbdcddf3790653cc6879a13758f91556881f,False,False,False,False
BJ7001B3D2-BEV,0,0,0,not_in_observed_filtered_views,0,0,[],[],[],[],[],[],[],[],[],False,[],False,False,False,[],[],[],old-02-PDF-grid-1-0-7,原件/免征目录/mf_batch02.pdf,0b13b4fd2de6c4de3ab0f8add88bb8d24354d05ca6af46904fe1065c53c9c519,False,False,False,False
BJ7001BPH1-BEV,0,0,0,not_in_observed_filtered_views,0,0,[],[],[],[],[],[],[],[],[],False,[],False,False,False,[],[],[],old-09-PDF-grid-1-0-12,原件/免征目录/mf_batch09.pdf,7eea7200c04fefec34f6ae6db5a1bae77f82a534348f266e95575cae051c8c8c,False,False,False,False
BJ7001BPH1C-BEV,0,0,0,not_in_observed_filtered_views,0,0,[],[],[],[],[],[],[],[],[],False,[],False,False,False,[],[],[],old-11-PDF-grid-1-0-15,原件/免征目录/mf_batch11.pdf,ec4f33e5e872841e6d1fa5d435793c285a15614ef2e64f39b9013389b5e51724,False,False,False,False
BJ7001BPH2-BEV,0,0,0,not_in_observed_filtered_views,0,0,[],[],[],[],[],[],[],[],[],False,[],False,False,False,[],[],[],old-09-PDF-grid-1-0-10,原件/免征目录/mf_batch09.pdf,7eea7200c04fefec34f6ae6db5a1bae77f82a534348f266e95575cae051c8c8c,False,False,False,False
BJ7001BPH2C-BEV,0,0,0,not_in_observed_filtered_views,0,0,[],[],[],[],[],[],[],[],[],False,[],False,False,False,[],[],[],old-11-PDF-grid-1-0-12,原件/免征目录/mf_batch11.pdf,ec4f33e5e872841e6d1fa5d435793c285a15614ef2e64f39b9013389b5e51724,False,False,False,False
BJ7001BPH5-BEV,0,0,0,not_in_observed_filtered_views,0,0,[],[],[],[],[],[],[],[],[],False,[],False,False,False,[],[],[],old-10-PDF-grid-1-0-8,原件/免征目录/mf_batch10.pdf,ac1b1ad2605b4f24762fb1f01cea64b685393577d01648618fa1882bb5700ac3,False,False,False,False
BJ7001BPH6-BEV,0,0,0,not_in_observed_filtered_views,0,0,[],[],[],[],[],[],[],[],[],False,[],False,False,False,[],[],[],old-17-PDF-grid-1-0-8,原件/免征目录/mf_batch17.pdf,577a4ba9c586fe08565f6a60e6de5474698031566d8dcef484cd44335879e334,False,False,False,False
BJ7001BPH7-BEV,0,0,0,not_in_observed_filtered_views,0,0,[],[],[],[],[],[],[],[],[],False,[],False,False,False,[],[],[],old-11-PDF-grid-1-0-8,原件/免征目录/mf_batch11.pdf,ec4f33e5e872841e6d1fa5d435793c285a15614ef2e64f39b9013389b5e51724,False,False,False,False
BJ7001BPH8-BEV,0,0,0,not_in_observed_filtered_views,0,0,[],[],[],[],[],[],[],[],[],False,[],False,False,False,[],[],[],old-12-PDF-grid-1-0-4,原件/免征目录/mf_batch12.pdf,afbd7133ccf901dbdc065b2ff80768450dc901def8d216cf5bb87baa98f7a1e2,False,False,False,False
BJ7001BPH9-BEV,0,0,0,not_in_observed_filtered_views,0,0,[],[],[],[],[],[],[],[],[],False,[],False,False,False,[],[],[],old-16-Word97--0-9,原件/免征目录/mf_batch16.docx,9db5ace6c1c59bd9636d48636f94fa77d2b6e0aa27b109421690ce6a8c4a3967,False,False,False,False
BJ7001BPHA-BEV,0,0,0,not_in_observed_filtered_views,0,0,[],[],[],[],[],[],[],[],[],False,[],False,False,False,[],[],[],old-16-Word97--0-8,原件/免征目录/mf_batch16.docx,9db5ace6c1c59bd9636d48636f94fa77d2b6e0aa27b109421690ce6a8c4a3967,False,False,False,False
BJ7001BPHB-BEV,0,0,0,not_in_observed_filtered_views,0,0,[],[],[],[],[],[],[],[],[],False,[],False,False,False,[],[],[],old-17-PDF-grid-1-0-9,原件/免征目录/mf_batch17.pdf,577a4ba9c586fe08565f6a60e6de5474698031566d8dcef484cd44335879e334,False,False,False,False
BJ7001BPHD-BEV,0,0,0,not_in_observed_filtered_views,0,0,[],[],[],[],[],[],[],[],[],False,[],False,False,False,[],[],[],old-22-Word97--0-10,原件/免征目录/mf_batch22.doc,eaf3fc1e64742af85b3d4bc90388d0a93154a497fd6c1fb9bf73b857672e1212,False,False,False,False
BJ7001BPHF-BEV,0,0,0,not_in_observed_filtered_views,0,0,[],[],[],[],[],[],[],[],[],False,[],False,False,False,[],[],[],old-25-Word97--0-14,原件/免征目录/mf_batch25.wps,9d2abe319463522513fe9c90f98bb8d0a825b599267d0b3cc403cec9624b3297,False,False,False,False
BJ7001BPHG-BEV,0,0,0,not_in_observed_filtered_views,0,0,[],[],[],[],[],[],[],[],[],False,[],False,False,False,[],[],[],old-45-Word97--0-15,原件/免征目录/mf_batch45.doc,56f5e7c5fd36e990024f8121006a76da260361f4e4660846e78255d007126f7a,False,False,False,False
BJ7001BPHH-BEV,0,0,0,not_in_observed_filtered_views,0,0,[],[],[],[],[],[],[],[],[],False,[],False,False,False,[],[],[],old-33-Word97--0-9,原件/免征目录/mf_batch33.doc,ff98fbb1708c47cdcfc1e79e7a1647e72a7ae6d4255dce3b250d661001340c09,False,False,False,False
BJ7001C5FBEV,1,1,2,both,1,0,[],"[""6""]","[""NEDC""]","[""475""]","[""451"", ""475""]","[""14.5""]","[""14.5""]","[""1725""]","[{""eleEquivalentFuelConsumption"": ""1.6"", ""powerConsumption"": ""14.5"", ""runingRange"": ""451"", ""workConditionType"": ""NEDC""}, {""eleEquivalentFuelConsumption"": ""1.6"", ""powerConsumption"": ""14.5"", ""runingRange"": ""475"", ""workConditionType"": ""NEDC""}]",True,"[""multiple_old_range_raw_values"", ""new_old_range_raw_value_sets_differ""]",False,False,False,"[""2021-12-07""]","[""2024-08-01""]","[""补录历史数据""]",old-39-Word97--0-13,原件/免征目录/mf_batch39.doc,48158862f567d71b07ac0a7a60c2c3bc6d2bb44dd5a86290b0b809d757a9eb07,False,False,False,False
BJ7001C5FK-BEV,0,0,1,old_only,0,0,[],[],"[""NEDC""]",[],"[""475""]",[],"[""14.5""]",[],"[{""eleEquivalentFuelConsumption"": ""1.6"", ""powerConsumption"": ""14.5"", ""runingRange"": ""475"", ""workConditionType"": ""NEDC""}]",True,[],False,False,False,[],[],[],old-45-Word97--0-16,原件/免征目录/mf_batch45.doc,56f5e7c5fd36e990024f8121006a76da260361f4e4660846e78255d007126f7a,False,False,False,False
BJ7001U3D3K-BEV,0,0,0,not_in_observed_filtered_views,0,0,[],[],[],[],[],[],[],[],[],False,[],False,False,False,[],[],[],old-36-Word97--0-27,原件/免征目录/mf_batch36.doc,05cfcfd9136685ad6d6e13b8228cd123cca109c26f43a4c71472016b5a610a9f,False,False,False,False
BJ7001U5E2-BEV,0,0,0,not_in_observed_filtered_views,0,0,[],[],[],[],[],[],[],[],[],False,[],False,False,False,[],[],[],old-17-PDF-grid-1-0-7,原件/免征目录/mf_batch17.pdf,577a4ba9c586fe08565f6a60e6de5474698031566d8dcef484cd44335879e334,False,False,False,False
BJ7002B3D2-BEV,0,0,0,not_in_observed_filtered_views,0,0,[],[],[],[],[],[],[],[],[],False,[],False,False,False,[],[],[],old-03-PDF-grid-1-0-5,原件/免征目录/mf_batch03.pdf,1367fdf126160143cbeecaedf4a66b528d105bbfa58a06b2118487a2e05000a5,False,False,False,False
BJ7002B3D4-BEV,0,0,0,not_in_observed_filtered_views,0,0,[],[],[],[],[],[],[],[],[],False,[],False,False,False,[],[],[],old-05-PDF-grid-1-0-4,原件/免征目录/mf_batch05.pdf,658aa5fbf13859a9bbe1db6235da2f7e79fc325cc34e4c0ec1ffab7f8cc2ebca,False,False,False,False
BJ7003U3D2-BEV,0,0,0,not_in_observed_filtered_views,0,0,[],[],[],[],[],[],[],[],[],False,[],False,False,False,[],[],[],old-24-Word97--0-17,原件/免征目录/mf_batch24.wps,07775a0cb063fe0fce5880b9378dd1eb2522b725d645cabdee314d604779939d,False,False,False,False
BJ7003U3D3-BEV,0,0,0,not_in_observed_filtered_views,0,0,[],[],[],[],[],[],[],[],[],False,[],False,False,False,[],[],[],old-24-Word97--0-18,原件/免征目录/mf_batch24.wps,07775a0cb063fe0fce5880b9378dd1eb2522b725d645cabdee314d604779939d,False,False,False,False
BJ7003URD4C-BEV,0,0,0,not_in_observed_filtered_views,0,0,[],[],[],[],[],[],[],[],[],False,[],False,False,False,[],[],[],old-25-Word97--0-72,原件/免征目录/mf_batch25.wps,9d2abe319463522513fe9c90f98bb8d0a825b599267d0b3cc403cec9624b3297,False,False,False,False
BMW6462AAEV,1,1,1,both,2,1,"["" BMW6462AAEV""]","[""5""]","[""CATC""]","[""450""]","[""450""]","[""16.5""]","[""16.5""]","[""2087""]","[{""eleEquivalentFuelConsumption"": ""1.87"", ""powerConsumption"": ""16.5"", ""runingRange"": ""450"", ""workConditionType"": ""CATC""}]",True,[],False,False,False,"[""2025-09-08""]","[""2025-09-17""]",[],old-67-Word97--0-7,原件/免征目录/mf_batch67.doc,963a02fcc1f361414f4f003c6d63e00b178d0b962134ed2206c38978f3118101,False,False,False,False
BMW6462ABEV,1,1,1,both,2,1,"["" BMW6462ABEV""]","[""5""]","[""CATC""]","[""450""]","[""450""]","[""16.3""]","[""16.3""]","[""2087""]","[{""eleEquivalentFuelConsumption"": ""1.84"", ""powerConsumption"": ""16.3"", ""runingRange"": ""450"", ""workConditionType"": ""CATC""}]",True,[],False,False,False,"[""2025-09-08""]","[""2025-09-17""]",[],old-66-Word97--0-7,原件/免征目录/mf_batch66.doc,05a5fce42de1c5412803fe6a7bb46d04c4d61cb71dc5d88a9b59a3e884350544,False,False,False,False
BMW6475AAEV,0,0,1,old_only,0,0,[],[],"[""NEDC""]",[],"[""500""]",[],"[""17 ""]",[],"[{""eleEquivalentFuelConsumption"": ""1.90 "", ""powerConsumption"": ""17 "", ""runingRange"": ""500"", ""workConditionType"": ""NEDC""}]",True,[],False,False,False,[],[],[],old-33-Word97--0-18,原件/免征目录/mf_batch33.doc,ff98fbb1708c47cdcfc1e79e7a1647e72a7ae6d4255dce3b250d661001340c09,False,False,False,False
BMW6475ABEV,0,0,1,old_only,0,0,[],[],"[""NEDC""]",[],"[""490""]",[],"[""17 ""]",[],"[{""eleEquivalentFuelConsumption"": ""1.90 "", ""powerConsumption"": ""17 "", ""runingRange"": ""490"", ""workConditionType"": ""NEDC""}]",True,[],False,False,False,[],[],[],old-33-Word97--0-19,原件/免征目录/mf_batch33.doc,ff98fbb1708c47cdcfc1e79e7a1647e72a7ae6d4255dce3b250d661001340c09,False,False,False,False
BMW6475ACEV,0,0,3,old_only,0,0,[],[],"[""CATC"", ""NEDC""]",[],"[""500"", ""550""]",[],"[""15.1"", ""151"", ""17 ""]",[],"[{""eleEquivalentFuelConsumption"": ""1.71"", ""powerConsumption"": ""15.1"", ""runingRange"": ""550"", ""workConditionType"": ""CATC""}, {""eleEquivalentFuelConsumption"": ""1.71"", ""powerConsumption"": ""151"", ""runingRange"": ""550"", ""workConditionType"": ""CATC""}, {""eleEquivalentFuelConsumption"": ""1.90 "", ""powerConsumption"": ""17 "", ""runingRange"": ""500"", ""workConditionType"": ""NEDC""}]",True,"[""multiple_old_cycle_codes"", ""multiple_old_range_raw_values"", ""multiple_old_consumption_raw_values""]",False,False,True,[],[],[],old-43-Word97--0-7,原件/免征目录/mf_batch43.doc,5d5202dfe31364ec0884640d8bba22b0f640154d0bcc6154272890e604cfc01c,False,False,False,False
BMW6475ADEV,0,0,3,old_only,0,0,[],[],"[""CATC"", ""NEDC""]",[],"[""490"", ""535""]",[],"[""15.5"", ""155"", ""17 ""]",[],"[{""eleEquivalentFuelConsumption"": ""1.75"", ""powerConsumption"": ""15.5"", ""runingRange"": ""535"", ""workConditionType"": ""CATC""}, {""eleEquivalentFuelConsumption"": ""1.75"", ""powerConsumption"": ""155"", ""runingRange"": ""535"", ""workConditionType"": ""CATC""}, {""eleEquivalentFuelConsumption"": ""1.90 "", ""powerConsumption"": ""17 "", ""runingRange"": ""490"", ""workConditionType"": ""NEDC""}]",True,"[""multiple_old_cycle_codes"", ""multiple_old_range_raw_values"", ""multiple_old_consumption_raw_values""]",False,False,True,[],[],[],old-43-Word97--0-6,原件/免征目录/mf_batch43.doc,5d5202dfe31364ec0884640d8bba22b0f640154d0bcc6154272890e604cfc01c,False,False,False,False
BMW6475AEEV,1,1,1,both,1,0,[],"[""5""]","[""CATC""]","[""540""]","[""540""]","[""15.2""]","[""15.2""]","[""2190""]","[{""eleEquivalentFuelConsumption"": ""1.72"", ""powerConsumption"": ""15.2"", ""runingRange"": ""540"", ""workConditionType"": ""CATC""}]",True,[],False,False,False,"[""2023-09-13""]","[""2024-06-29""]","[""已获得产品准入的在产车型""]",old-69-Word97--0-15,原件/免征目录/mf_batch69.doc,357d61a16c94488c9fdd761f393edb7029b05394ab06117abaebcba1a1e45546,False,False,False,False
BMW6475AFEV,1,1,1,both,1,0,[],"[""5""]","[""CATC""]","[""530""]","[""530""]","[""15.5""]","[""15.5""]","[""2190""]","[{""eleEquivalentFuelConsumption"": ""1.75"", ""powerConsumption"": ""15.5"", ""runingRange"": ""530"", ""workConditionType"": ""CATC""}]",True,[],False,False,False,"[""2023-09-13""]","[""2024-06-29""]","[""已获得产品准入的在产车型""]",old-69-Word97--0-13,原件/免征目录/mf_batch69.doc,357d61a16c94488c9fdd761f393edb7029b05394ab06117abaebcba1a1e45546,False,False,False,False
BMW7000AAEV,0,0,1,old_only,0,0,[],[],"[""CATC""]",[],"[""526""]",[],"[""14.3""]",[],"[{""eleEquivalentFuelConsumption"": ""1.62"", ""powerConsumption"": ""14.3"", ""runingRange"": ""526"", ""workConditionType"": ""CATC""}]",True,[],False,False,False,[],[],[],old-50-Word97--0-32,原件/免征目录/mf_batch50.doc,3810672d92621612507384960254de602e629e75a308df22ee2291519445095e,False,False,False,False
BMW7000ABEV,0,0,1,old_only,0,0,[],[],"[""CATC""]",[],"[""592""]",[],"[""14.1""]",[],"[{""eleEquivalentFuelConsumption"": ""1.59"", ""powerConsumption"": ""14.1"", ""runingRange"": ""592"", ""workConditionType"": ""CATC""}]",True,[],False,False,False,[],[],[],old-59-Word97--0-43,原件/免征目录/mf_batch59.doc,32738e2df847e0c74ff96d48b8a13e1dd9c31aee84b7c0a633e2d9c8a3e01f86,False,False,False,False
BMW7000ACEV,1,1,1,both,1,0,[],"[""5""]","[""CATC""]","[""526""]","[""526""]","[""14.3""]","[""14.3""]","[""2029""]","[{""eleEquivalentFuelConsumption"": ""1.62"", ""powerConsumption"": ""14.3"", ""runingRange"": ""526"", ""workConditionType"": ""CATC""}]",True,[],False,False,False,"[""2023-11-20""]","[""2024-06-29""]","[""已获得产品准入的在产车型""]",old-71-Word97--0-33,原件/免征目录/mf_batch71.doc,b37b78b64b8ef7e12e6e95d6fd27a4a6e364c0c83ba403ffcf3bca82c60e3460,False,False,False,False
BMW7000ADEV,1,1,1,both,1,0,[],"[""5""]","[""CATC""]","[""526""]","[""526""]","[""14.3""]","[""14.3""]","[""2029""]","[{""eleEquivalentFuelConsumption"": ""1.62"", ""powerConsumption"": ""14.3"", ""runingRange"": ""526"", ""workConditionType"": ""CATC""}]",True,[],False,False,False,"[""2023-11-20""]","[""2024-06-29""]","[""已获得产品准入的在产车型""]",old-69-Word97--0-19,原件/免征目录/mf_batch69.doc,357d61a16c94488c9fdd761f393edb7029b05394ab06117abaebcba1a1e45546,False,False,False,False
BMW7000AEEV,1,1,1,both,1,0,[],"[""5""]","[""CATC""]","[""592""]","[""592""]","[""14.1""]","[""14.1""]","[""2087""]","[{""eleEquivalentFuelConsumption"": ""1.59"", ""powerConsumption"": ""14.1"", ""runingRange"": ""592"", ""workConditionType"": ""CATC""}]",True,[],False,False,False,"[""2023-11-20""]","[""2024-06-29""]","[""已获得产品准入的在产车型""]",old-69-Word97--0-18,原件/免征目录/mf_batch69.doc,357d61a16c94488c9fdd761f393edb7029b05394ab06117abaebcba1a1e45546,False,False,False,False
BMW7000AFEV,1,1,1,both,1,0,[],"[""5""]","[""CATC""]","[""592""]","[""592""]","[""14.1""]","[""14.1""]","[""2087""]","[{""eleEquivalentFuelConsumption"": ""1.59"", ""powerConsumption"": ""14.1"", ""runingRange"": ""592"", ""workConditionType"": ""CATC""}]",True,[],False,False,False,"[""2023-11-20""]","[""2024-06-29""]","[""已获得产品准入的在产车型""]",old-69-Word97--0-17,原件/免征目录/mf_batch69.doc,357d61a16c94488c9fdd761f393edb7029b05394ab06117abaebcba1a1e45546,False,False,False,False
BMW7001AAEV,1,1,1,both,1,0,[],"[""5""]","[""CATC""]","[""567""]","[""567""]","[""14.8""]","[""14.8""]","[""2209""]","[{""eleEquivalentFuelConsumption"": ""1.67"", ""powerConsumption"": ""14.8"", ""runingRange"": ""567"", ""workConditionType"": ""CATC""}]",True,[],False,False,False,"[""2023-09-13""]","[""2024-06-29""]","[""已获得产品准入的在产车型""]",old-69-Word97--0-14,原件/免征目录/mf_batch69.doc,357d61a16c94488c9fdd761f393edb7029b05394ab06117abaebcba1a1e45546,False,False,False,False
BMW7001ABEV,1,1,1,both,1,0,[],"[""5""]","[""CATC""]","[""536""]","[""536""]","[""15.6""]","[""15.6""]","[""2209""]","[{""eleEquivalentFuelConsumption"": ""1.76"", ""powerConsumption"": ""15.6"", ""runingRange"": ""536"", ""workConditionType"": ""CATC""}]",True,[],False,False,False,"[""2023-09-13""]","[""2024-06-29""]","[""已获得产品准入的在产车型""]",old-69-Word97--0-16,原件/免征目录/mf_batch69.doc,357d61a16c94488c9fdd761f393edb7029b05394ab06117abaebcba1a1e45546,False,False,False,False
BMW7001ACEV,1,1,1,both,1,0,[],"[""5""]","[""CATC""]","[""536""]","[""536""]","[""15.6""]","[""15.6""]","[""2224""]","[{""eleEquivalentFuelConsumption"": ""1.76"", ""powerConsumption"": ""15.6"", ""runingRange"": ""536"", ""workConditionType"": ""CATC""}]",True,[],False,False,False,"[""2023-10-18""]","[""2024-06-29""]","[""已获得产品准入的在产车型""]",old-70-Word97--0-14,原件/免征目录/mf_batch70.doc,29b9f5df62602e114f0ed01426c185fdb15a654022cdf16d4df624bb736ed813,False,False,False,False
BQ6460NBEV,0,0,1,old_only,0,0,[],[],"[""NEDC""]",[],"[""302""]",[],[null],[],"[{""eleEquivalentFuelConsumption"": ""1.60 "", ""runingRange"": ""302"", ""workConditionType"": ""NEDC""}]",True,[],False,False,False,[],[],[],old-33-Word97--0-13,原件/免征目录/mf_batch33.doc,ff98fbb1708c47cdcfc1e79e7a1647e72a7ae6d4255dce3b250d661001340c09,False,False,False,False
BQ6460NYBEV,0,0,1,old_only,0,0,[],[],"[""NEDC""]",[],"[""302""]",[],[null],[],"[{""eleEquivalentFuelConsumption"": ""1.60 "", ""runingRange"": ""302"", ""workConditionType"": ""NEDC""}]",True,[],False,False,False,[],[],[],old-34-Word97--0-20,原件/免征目录/mf_batch34.doc,d5c5bb03cc5fe0f16b284048e265ad35d62c12c0416f14aef0ce026a229aa831,False,False,False,False
BYD6440SBEV,0,0,0,not_in_observed_filtered_views,0,0,[],[],[],[],[],[],[],[],[],False,[],False,False,False,[],[],[],old-08-PDF-grid-1-0-11,原件/免征目录/mf_batch08.pdf,39b242717c026063c908426a890cd361f1165aa5729988d56303b2f8d5fb3b42,False,False,False,False
BYD6440SBEV2,0,0,0,not_in_observed_filtered_views,0,0,[],[],[],[],[],[],[],[],[],False,[],False,False,False,[],[],[],old-16-Word97--0-13,原件/免征目录/mf_batch16.docx,9db5ace6c1c59bd9636d48636f94fa77d2b6e0aa27b109421690ce6a8c4a3967,False,False,False,False
BYD6450VBEV,0,0,0,not_in_observed_filtered_views,0,0,[],[],[],[],[],[],[],[],[],False,[],False,False,False,[],[],[],old-09-PDF-grid-1-0-16,原件/免征目录/mf_batch09.pdf,7eea7200c04fefec34f6ae6db5a1bae77f82a534348f266e95575cae051c8c8c,False,False,False,False
BYD6450VBEV1,0,0,4,old_only,0,0,[],[],"[""NEDC""]",[],"[""360""]",[],"[""14.9""]",[],"[{""eleEquivalentFuelConsumption"": ""1.70"", ""powerConsumption"": ""14.9"", ""runingRange"": ""360"", ""workConditionType"": ""NEDC""}]",True,[],False,False,False,[],[],[],old-20-DOCX--0-5,原件/免征目录/mf_batch20.docx,374d3f87551d75d1c163e76abb38f350ea93f8a2b8cad6174568c307d1cc0130,False,False,False,False
BYD6450VBEV2,0,0,3,old_only,0,0,[],[],"[""NEDC""]",[],"[""360""]",[],"[""14.9""]",[],"[{""eleEquivalentFuelConsumption"": ""1.70"", ""powerConsumption"": ""14.9"", ""runingRange"": ""360"", ""workConditionType"": ""NEDC""}]",True,[],False,False,False,[],[],[],old-28-Word97--0-8,原件/免征目录/mf_batch28.doc,dfe1b301a5e8373e94e0e4a2fccee3d258c56bb662e4928764a71274142acd72,False,False,False,False
BYD6450VBEV3,0,0,5,old_only,0,0,[],[],"[""NEDC""]",[],"[""300""]",[],"[""14""]",[],"[{""eleEquivalentFuelConsumption"": ""1.6"", ""powerConsumption"": ""14"", ""runingRange"": ""300"", ""workConditionType"": ""NEDC""}, {""eleEquivalentFuelConsumption"": ""1.60"", ""powerConsumption"": ""14"", ""runingRange"": ""300"", ""workConditionType"": ""NEDC""}]",True,[],False,False,False,[],[],[],old-41-Word97--0-26,原件/免征目录/mf_batch41.doc,ba4634c0877ebf99f8e462013e4a07e40f57478a4aaf921801a6c85a49c42b7f,False,False,False,False
BYD6460SBEV,0,0,0,not_in_observed_filtered_views,0,0,[],[],[],[],[],[],[],[],[],False,[],False,False,False,[],[],[],old-08-PDF-grid-1-0-12,原件/免征目录/mf_batch08.pdf,39b242717c026063c908426a890cd361f1165aa5729988d56303b2f8d5fb3b42,False,False,False,False
BYD6460SBEV1,0,0,0,not_in_observed_filtered_views,0,0,[],[],[],[],[],[],[],[],[],False,[],False,False,False,[],[],[],old-09-PDF-grid-1-0-19,原件/免征目录/mf_batch09.pdf,7eea7200c04fefec34f6ae6db5a1bae77f82a534348f266e95575cae051c8c8c,False,False,False,False
BYD6460SBEV4,0,0,0,not_in_observed_filtered_views,0,0,[],[],[],[],[],[],[],[],[],False,[],False,False,False,[],[],[],old-15-PDF-grid-1-0-9,原件/免征目录/mf_batch15.pdf,bbb3b1e38c535c13d6ef1bc1f4105509476c91a7e63723dc7a70e372904d90f4,False,False,False,False
BYD6460SBEV7,0,0,0,not_in_observed_filtered_views,0,0,[],[],[],[],[],[],[],[],[],False,[],False,False,False,[],[],[],old-18-Word97--0-50,原件/免征目录/mf_batch18.doc,43f5426f7f80996ee11a894710d7229c743abf7ad69ba239f61075e0a9ddd37a,False,False,False,False
BYD6461SBEV,0,0,2,old_only,0,0,[],[],"[""NEDC""]",[],"[""502""]",[],"[""15""]",[],"[{""eleEquivalentFuelConsumption"": ""1.70"", ""powerConsumption"": ""15"", ""runingRange"": ""502"", ""workConditionType"": ""NEDC""}]",True,[],False,False,False,[],[],[],old-24-Word97--0-6,原件/免征目录/mf_batch24.wps,07775a0cb063fe0fce5880b9378dd1eb2522b725d645cabdee314d604779939d,False,False,False,False
BYD6461SBEV1,0,0,2,old_only,0,0,[],[],"[""NEDC""]",[],"[""405""]",[],"[""14.8""]",[],"[{""eleEquivalentFuelConsumption"": ""1.70"", ""powerConsumption"": ""14.8"", ""runingRange"": ""405"", ""workConditionType"": ""NEDC""}]",True,[],False,False,False,[],[],[],old-25-Word97--0-5,原件/免征目录/mf_batch25.wps,9d2abe319463522513fe9c90f98bb8d0a825b599267d0b3cc403cec9624b3297,False,False,False,False
BYD6470MBEV1,0,0,0,not_in_observed_filtered_views,0,0,[],[],[],[],[],[],[],[],[],False,[],False,False,False,[],[],[],old-25-Word97--0-85,原件/免征目录/mf_batch25.wps,9d2abe319463522513fe9c90f98bb8d0a825b599267d0b3cc403cec9624b3297,False,False,False,False
BYD6470MBEV2,1,1,3,both,1,0,[],"[""5""]","[""CATC"", ""NEDC""]","[""500""]","[""500""]","[""13.7""]","[""13.7"", ""14 ""]","[""1930""]","[{""eleEquivalentFuelConsumption"": ""1.55"", ""powerConsumption"": ""13.7"", ""runingRange"": ""500"", ""workConditionType"": ""CATC""}, {""eleEquivalentFuelConsumption"": ""1.60 "", ""powerConsumption"": ""14 "", ""runingRange"": ""500"", ""workConditionType"": ""NEDC""}]",True,"[""multiple_old_cycle_codes"", ""multiple_old_consumption_raw_values"", ""new_old_consumption_raw_value_sets_differ_units_not_normalized""]",False,False,True,"[""2024-03-08""]","[""2024-06-29""]","[""历史车型补录""]",old-33-Word97--0-29,原件/免征目录/mf_batch33.doc,ff98fbb1708c47cdcfc1e79e7a1647e72a7ae6d4255dce3b250d661001340c09,False,False,False,False
BYD6470SBEV,0,0,5,old_only,0,0,[],[],"[""CATC"", ""NEDC""]",[],"[""505""]",[],"[""13.8"", ""14.1""]",[],"[{""eleEquivalentFuelConsumption"": ""1.56"", ""powerConsumption"": ""13.8"", ""runingRange"": ""505"", ""workConditionType"": ""CATC""}, {""eleEquivalentFuelConsumption"": ""1.60"", ""powerConsumption"": ""14.1"", ""runingRange"": ""505"", ""workConditionType"": ""NEDC""}]",True,"[""multiple_old_cycle_codes"", ""multiple_old_consumption_raw_values""]",False,False,True,[],[],[],old-33-Word97--0-49,原件/免征目录/mf_batch33.doc,ff98fbb1708c47cdcfc1e79e7a1647e72a7ae6d4255dce3b250d661001340c09,False,False,False,False
BYD6470SBEV1,0,0,3,old_only,0,0,[],[],"[""NEDC""]",[],"[""405""]",[],"[""13.7""]",[],"[{""eleEquivalentFuelConsumption"": ""1.50"", ""powerConsumption"": ""13.7"", ""runingRange"": ""405"", ""workConditionType"": ""NEDC""}]",True,[],False,False,False,[],[],[],old-33-Word97--0-50,原件/免征目录/mf_batch33.doc,ff98fbb1708c47cdcfc1e79e7a1647e72a7ae6d4255dce3b250d661001340c09,False,False,False,False
BYD6490SBEV,0,0,4,old_only,0,0,[],[],"[""NEDC""]",[],"[""500""]",[],"[""17.9""]",[],"[{""eleEquivalentFuelConsumption"": ""2.00"", ""powerConsumption"": ""17.9"", ""runingRange"": ""500"", ""workConditionType"": ""NEDC""}]",True,[],False,False,False,[],[],[],old-22-Word97--0-36,原件/免征目录/mf_batch22.doc,eaf3fc1e64742af85b3d4bc90388d0a93154a497fd6c1fb9bf73b857672e1212,False,False,False,False
BYD6490SBEV1,0,0,4,old_only,0,0,[],[],"[""NEDC""]",[],"[""520""]",[],"[""17 "", ""17.3""]",[],"[{""eleEquivalentFuelConsumption"": ""2.00 "", ""powerConsumption"": ""17 "", ""runingRange"": ""520"", ""workConditionType"": ""NEDC""}, {""eleEquivalentFuelConsumption"": ""2.00"", ""powerConsumption"": ""17.3"", ""runingRange"": ""520"", ""workConditionType"": ""NEDC""}]",True,"[""multiple_old_consumption_raw_values""]",False,False,False,[],[],[],old-22-Word97--0-37,原件/免征目录/mf_batch22.doc,eaf3fc1e64742af85b3d4bc90388d0a93154a497fd6c1fb9bf73b857672e1212,False,False,False,False
BYD6490SBEV10,1,1,2,both,1,0,[],"[""5""]","[""CATC""]","[""600""]","[""600""]","[""15.7""]","[""15.7""]","[""2360 ""]","[{""eleEquivalentFuelConsumption"": ""1.78"", ""powerConsumption"": ""15.7"", ""runingRange"": ""600"", ""workConditionType"": ""CATC""}]",True,[],False,False,False,"[""2024-05-31""]","[""2024-06-29""]","[""历史车型补录""]",old-49-Word97--0-18,原件/免征目录/mf_batch49.doc,c7a56509a4d9272982da0abc9d1ea213ee1fbea3d0f1edad124630c9b5e3474e,False,False,False,False
BYD6490SBEV11,0,0,2,old_only,0,0,[],[],"[""CATC""]",[],"[""605""]",[],"[""18.4""]",[],"[{""eleEquivalentFuelConsumption"": ""2.08"", ""powerConsumption"": ""18.4"", ""runingRange"": ""605"", ""workConditionType"": ""CATC""}]",True,[],False,False,False,[],[],[],old-50-Word97--0-42,原件/免征目录/mf_batch50.doc,3810672d92621612507384960254de602e629e75a308df22ee2291519445095e,False,False,False,False
BYD6490SBEV3,0,0,0,not_in_observed_filtered_views,0,0,[],[],[],[],[],[],[],[],[],False,[],False,False,False,[],[],[],old-33-Word97--0-30,原件/免征目录/mf_batch33.doc,ff98fbb1708c47cdcfc1e79e7a1647e72a7ae6d4255dce3b250d661001340c09,False,False,False,False
BYD6490SBEV4,0,0,6,old_only,0,0,[],[],"[""CATC"", ""NEDC""]",[],"[""565"", ""600""]",[],"[""14.9"", ""16 ""]",[],"[{""eleEquivalentFuelConsumption"": ""1.69"", ""powerConsumption"": ""14.9"", ""runingRange"": ""600"", ""workConditionType"": ""CATC""}, {""eleEquivalentFuelConsumption"": ""1.80 "", ""powerConsumption"": ""16 "", ""runingRange"": ""565"", ""workConditionType"": ""NEDC""}]",True,"[""multiple_old_cycle_codes"", ""multiple_old_range_raw_values"", ""multiple_old_consumption_raw_values""]",False,False,True,[],[],[],old-35-Word97--0-27,原件/免征目录/mf_batch35.wps,e4a6abd0e50daa81d029f8b37584511354700e855dc89de210fcba782b0643f0,False,False,False,False
BYD6490SBEV5,0,0,6,old_only,0,0,[],[],"[""CATC"", ""NEDC""]",[],"[""505"", ""540""]",[],"[""16.5"", ""17 ""]",[],"[{""eleEquivalentFuelConsumption"": ""1.87"", ""powerConsumption"": ""16.5"", ""runingRange"": ""540"", ""workConditionType"": ""CATC""}, {""eleEquivalentFuelConsumption"": ""1.90 "", ""powerConsumption"": ""17 "", ""runingRange"": ""505"", ""workConditionType"": ""NEDC""}]",True,"[""multiple_old_cycle_codes"", ""multiple_old_range_raw_values"", ""multiple_old_consumption_raw_values""]",False,False,True,[],[],[],old-35-Word97--0-28,原件/免征目录/mf_batch35.wps,e4a6abd0e50daa81d029f8b37584511354700e855dc89de210fcba782b0643f0,False,False,False,False
BYD6490SBEV6,0,0,7,old_only,0,0,[],[],"[""CATC"", ""NEDC""]",[],"[""505"", ""540""]",[],"[""16.5"", ""17 ""]",[],"[{""eleEquivalentFuelConsumption"": ""1.87"", ""powerConsumption"": ""16.5"", ""runingRange"": ""540"", ""workConditionType"": ""CATC""}, {""eleEquivalentFuelConsumption"": ""1.90 "", ""powerConsumption"": ""17 "", ""runingRange"": ""505"", ""workConditionType"": ""NEDC""}]",True,"[""multiple_old_cycle_codes"", ""multiple_old_range_raw_values"", ""multiple_old_consumption_raw_values""]",False,False,True,[],[],[],old-38-Word97--0-27,原件/免征目录/mf_batch38.doc,7c9def45fe5c40e4c5ffb483a1d1efd383c12cb16a5c4ba021d4ce28384776de,False,False,False,False
BYD6490SBEV7,1,1,2,both,1,0,[],"[""5""]","[""CATC""]","[""730""]","[""730""]","[""15.6""]","[""15.6""]","[""2440""]","[{""eleEquivalentFuelConsumption"": ""1.76"", ""powerConsumption"": ""15.6"", ""runingRange"": ""730"", ""workConditionType"": ""CATC""}]",True,[],False,False,False,"[""2024-05-31""]","[""2024-06-29""]","[""历史车型补录""]",old-45-Word97--0-44,原件/免征目录/mf_batch45.doc,56f5e7c5fd36e990024f8121006a76da260361f4e4660846e78255d007126f7a,False,False,False,False
BYD6490SBEV9,1,1,4,both,1,0,[],"[""5""]","[""CATC"", ""NEDC""]","[""635""]","[""615"", ""635""]","[""17.6""]","[""17.6"", ""17.8""]","[""2560""]","[{""eleEquivalentFuelConsumption"": ""1.99"", ""powerConsumption"": ""17.6"", ""runingRange"": ""635"", ""workConditionType"": ""CATC""}, {""eleEquivalentFuelConsumption"": ""2.0"", ""powerConsumption"": ""17.8"", ""runingRange"": ""615"", ""workConditionType"": ""NEDC""}]",True,"[""multiple_old_cycle_codes"", ""multiple_old_range_raw_values"", ""multiple_old_consumption_raw_values"", ""new_old_range_raw_value_sets_differ"", ""new_old_consumption_raw_value_sets_differ_units_not_normalized""]",False,False,True,"[""2024-05-31""]","[""2024-06-29""]","[""历史车型补录""]",old-45-Word97--0-41,原件/免征目录/mf_batch45.doc,56f5e7c5fd36e990024f8121006a76da260361f4e4660846e78255d007126f7a,False,False,False,False
BYD7001BEV,0,0,1,old_only,0,0,[],[],"[""NEDC""]",[],"[""305""]",[],"[""10 ""]",[],"[{""eleEquivalentFuelConsumption"": ""1.10 "", ""powerConsumption"": ""10 "", ""runingRange"": ""305"", ""workConditionType"": ""NEDC""}]",True,[],False,False,False,[],[],[],old-22-Word97--0-38,原件/免征目录/mf_batch22.doc,eaf3fc1e64742af85b3d4bc90388d0a93154a497fd6c1fb9bf73b857672e1212,False,False,False,False
BYD7001BEV1,0,0,1,old_only,0,0,[],[],"[""NEDC""]",[],"[""305""]",[],"[""10 ""]",[],"[{""eleEquivalentFuelConsumption"": ""1.10 "", ""powerConsumption"": ""10 "", ""runingRange"": ""305"", ""workConditionType"": ""NEDC""}]",True,[],False,False,False,[],[],[],old-23-Word97--0-4,原件/免征目录/mf_batch23.docx,87f838de0da3ba5887f77b2bf5c1dbf5b427e7cef896309a7084c11dd8f5efa0,False,False,False,False
BYD7002BEV,0,0,1,old_only,0,0,[],[],"[""NEDC""]",[],"[""305""]",[],"[""12 ""]",[],"[{""eleEquivalentFuelConsumption"": ""1.40 "", ""powerConsumption"": ""12 "", ""runingRange"": ""305"", ""workConditionType"": ""NEDC""}]",True,[],False,False,False,[],[],[],old-25-Word97--0-86,原件/免征目录/mf_batch25.wps,9d2abe319463522513fe9c90f98bb8d0a825b599267d0b3cc403cec9624b3297,False,False,False,False
BYD7002BEV1,0,0,0,not_in_observed_filtered_views,0,0,[],[],[],[],[],[],[],[],[],False,[],False,False,False,[],[],[],old-25-Word97--0-87,原件/免征目录/mf_batch25.wps,9d2abe319463522513fe9c90f98bb8d0a825b599267d0b3cc403cec9624b3297,False,False,False,False
BYD7002BEV10,0,0,1,old_only,0,0,[],[],"[""CATC""]",[],"[""320""]",[],"[""9.8""]",[],"[{""eleEquivalentFuelConsumption"": ""1.11"", ""powerConsumption"": ""9.8"", ""runingRange"": ""320"", ""workConditionType"": ""CATC""}]",True,[],False,False,False,[],[],[],old-45-Word97--0-42,原件/免征目录/mf_batch45.doc,56f5e7c5fd36e990024f8121006a76da260361f4e4660846e78255d007126f7a,False,False,False,False
BYD7002BEV2,0,0,1,old_only,0,0,[],[],"[""NEDC""]",[],"[""405""]",[],"[""13 ""]",[],"[{""eleEquivalentFuelConsumption"": ""1.40 "", ""powerConsumption"": ""13 "", ""runingRange"": ""405"", ""workConditionType"": ""NEDC""}]",True,[],False,False,False,[],[],[],old-25-Word97--0-88,原件/免征目录/mf_batch25.wps,9d2abe319463522513fe9c90f98bb8d0a825b599267d0b3cc403cec9624b3297,False,False,False,False
BYD7002BEV3,0,0,1,old_only,0,0,[],[],"[""NEDC""]",[],"[""405""]",[],"[""13 ""]",[],"[{""eleEquivalentFuelConsumption"": ""1.40 "", ""powerConsumption"": ""13 "", ""runingRange"": ""405"", ""workConditionType"": ""NEDC""}]",True,[],False,False,False,[],[],[],old-25-Word97--0-89,原件/免征目录/mf_batch25.wps,9d2abe319463522513fe9c90f98bb8d0a825b599267d0b3cc403cec9624b3297,False,False,False,False
BYD7002BEV5,0,0,3,old_only,0,0,[],[],"[""CATC"", ""NEDC""]",[],"[""305"", ""320""]",[],"[""10.1"", ""11 ""]",[],"[{""eleEquivalentFuelConsumption"": ""1.14"", ""powerConsumption"": ""10.1"", ""runingRange"": ""320"", ""workConditionType"": ""CATC""}, {""eleEquivalentFuelConsumption"": ""1.20 "", ""powerConsumption"": ""11 "", ""runingRange"": ""305"", ""workConditionType"": ""NEDC""}]",True,"[""multiple_old_cycle_codes"", ""multiple_old_range_raw_values"", ""multiple_old_consumption_raw_values""]",False,False,True,[],[],[],old-30-Word97--0-60,原件/免征目录/mf_batch30.doc,e7fa3b47858ec2035b8055bc15be00b2b26920a5e8d3cad481058a80b92ead24,False,False,False,False
BYD7002BEV6,0,0,3,old_only,0,0,[],[],"[""CATC"", ""NEDC""]",[],"[""405"", ""420""]",[],"[""10.5"", ""12 ""]",[],"[{""eleEquivalentFuelConsumption"": ""1.19"", ""powerConsumption"": ""10.5"", ""runingRange"": ""420"", ""workConditionType"": ""CATC""}, {""eleEquivalentFuelConsumption"": ""1.30 "", ""powerConsumption"": ""12 "", ""runingRange"": ""405"", ""workConditionType"": ""NEDC""}]",True,"[""multiple_old_cycle_codes"", ""multiple_old_range_raw_values"", ""multiple_old_consumption_raw_values""]",False,False,True,[],[],[],old-30-Word97--0-61,原件/免征目录/mf_batch30.doc,e7fa3b47858ec2035b8055bc15be00b2b26920a5e8d3cad481058a80b92ead24,False,False,False,False
BYD7002BEV7,0,0,3,old_only,0,0,[],[],"[""NEDC""]",[],"[""405""]",[],"[""11.5"", ""12 ""]",[],"[{""eleEquivalentFuelConsumption"": ""1.3"", ""powerConsumption"": ""11.5"", ""runingRange"": ""405"", ""workConditionType"": ""NEDC""}, {""eleEquivalentFuelConsumption"": ""1.30 "", ""powerConsumption"": ""12 "", ""runingRange"": ""405"", ""workConditionType"": ""NEDC""}]",True,"[""multiple_old_consumption_raw_values""]",False,False,False,[],[],[],old-31-Word97--0-10,原件/免征目录/mf_batch31.doc,e1ccec4a87ab96ca346e5756d6b14369eb9727ec2c2cfd03c1182a592ddd3bee,False,False,False,False
BYD7002BEV8,0,0,3,old_only,0,0,[],[],"[""CATC"", ""NEDC""]",[],"[""401"", ""420""]",[],"[""10.8"", ""11 ""]",[],"[{""eleEquivalentFuelConsumption"": ""1.22"", ""powerConsumption"": ""10.8"", ""runingRange"": ""420"", ""workConditionType"": ""CATC""}, {""eleEquivalentFuelConsumption"": ""1.30 "", ""powerConsumption"": ""11 "", ""runingRange"": ""401"", ""workConditionType"": ""NEDC""}]",True,"[""multiple_old_cycle_codes"", ""multiple_old_range_raw_values"", ""multiple_old_consumption_raw_values""]",False,False,True,[],[],[],old-36-Word97--0-10,原件/免征目录/mf_batch36.doc,05cfcfd9136685ad6d6e13b8228cd123cca109c26f43a4c71472016b5a610a9f,False,False,False,False
BYD7002BEV9,0,0,3,old_only,0,0,[],[],"[""CATC"", ""NEDC""]",[],"[""401"", ""420""]",[],"[""10.8"", ""11 ""]",[],"[{""eleEquivalentFuelConsumption"": ""1.22"", ""powerConsumption"": ""10.8"", ""runingRange"": ""420"", ""workConditionType"": ""CATC""}, {""eleEquivalentFuelConsumption"": ""1.30 "", ""powerConsumption"": ""11 "", ""runingRange"": ""401"", ""workConditionType"": ""NEDC""}]",True,"[""multiple_old_cycle_codes"", ""multiple_old_range_raw_values"", ""multiple_old_consumption_raw_values""]",False,False,True,[],[],[],old-36-Word97--0-11,原件/免征目录/mf_batch36.doc,05cfcfd9136685ad6d6e13b8228cd123cca109c26f43a4c71472016b5a610a9f,False,False,False,False
BYD7002BEVA,0,0,1,old_only,0,0,[],[],"[""NEDC""]",[],"[""305""]",[],"[""12 ""]",[],"[{""eleEquivalentFuelConsumption"": ""1.40 "", ""powerConsumption"": ""12 "", ""runingRange"": ""305"", ""workConditionType"": ""NEDC""}]",True,[],False,False,False,[],[],[],old-26-DOCX--0-46,原件/免征目录/mf_batch26.docx,de0890335ef3a4f1302a8a0735ec8b6aed52e994e2635db481820060d62248b5,False,False,False,False
BYD7002BEVA10,1,1,3,both,1,0,[],"[""5""]","[""CATC"", ""NEDC""]","[""350""]","[""350""]","[""11.5""]","[""11 "", ""11.3"", ""11.5""]","[""1350""]","[{""eleEquivalentFuelConsumption"": ""1.3"", ""powerConsumption"": ""11.3"", ""runingRange"": ""350"", ""workConditionType"": ""NEDC""}, {""eleEquivalentFuelConsumption"": ""1.30 "", ""powerConsumption"": ""11 "", ""runingRange"": ""350"", ""workConditionType"": ""NEDC""}, {""eleEquivalentFuelConsumption"": ""1.30"", ""powerConsumption"": ""11.5"", ""runingRange"": ""350"", ""workConditionType"": ""CATC""}]",True,"[""multiple_old_cycle_codes"", ""multiple_old_consumption_raw_values"", ""new_old_consumption_raw_value_sets_differ_units_not_normalized""]",False,False,True,"[""2024-03-08""]","[""2024-06-29""]","[""历史车型补录""]",old-39-Word97--0-29,原件/免征目录/mf_batch39.doc,48158862f567d71b07ac0a7a60c2c3bc6d2bb44dd5a86290b0b809d757a9eb07,False,False,False,False
BYD7002BEVA11,1,1,4,both,1,0,[],"[""5""]","[""CATC"", ""NEDC""]","[""350""]","[""350""]","[""11.5""]","[""11 "", ""11.3"", ""11.5"", ""115""]","[""1350""]","[{""eleEquivalentFuelConsumption"": ""1.3"", ""powerConsumption"": ""11.3"", ""runingRange"": ""350"", ""workConditionType"": ""NEDC""}, {""eleEquivalentFuelConsumption"": ""1.30 "", ""powerConsumption"": ""11 "", ""runingRange"": ""350"", ""workConditionType"": ""NEDC""}, {""eleEquivalentFuelConsumption"": ""1.30"", ""powerConsumption"": ""11.5"", ""runingRange"": ""350"", ""workConditionType"": ""CATC""}, {""eleEquivalentFuelConsumption"": ""1.30"", ""powerConsumption"": ""115"", ""runingRange"": ""350"", ""workConditionType"": ""CATC""}]",True,"[""multiple_old_cycle_codes"", ""multiple_old_consumption_raw_values"", ""new_old_consumption_raw_value_sets_differ_units_not_normalized""]",False,False,True,"[""2024-03-08""]","[""2024-06-29""]","[""历史车型补录""]",old-39-Word97--0-28,原件/免征目录/mf_batch39.doc,48158862f567d71b07ac0a7a60c2c3bc6d2bb44dd5a86290b0b809d757a9eb07,False,False,False,False
BYD7002BEVA13,0,0,1,old_only,0,0,[],[],"[""CATC""]",[],"[""301""]",[],"[""10.4""]",[],"[{""eleEquivalentFuelConsumption"": ""1.18"", ""powerConsumption"": ""10.4"", ""runingRange"": ""301"", ""workConditionType"": ""CATC""}]",True,[],False,False,False,[],[],[],old-46-Word97--0-41,原件/免征目录/mf_batch46.doc,a4b2048b3d5c29a8969f0348e9fd19a3293f0c23e6f37a48bf42a2ed70c7d37d,False,False,False,False
BYD7002BEVA2,0,0,1,old_only,0,0,[],[],"[""NEDC""]",[],"[""405""]",[],"[""13 ""]",[],"[{""eleEquivalentFuelConsumption"": ""1.40 "", ""powerConsumption"": ""13 "", ""runingRange"": ""405"", ""workConditionType"": ""NEDC""}]",True,[],False,False,False,[],[],[],old-26-DOCX--0-47,原件/免征目录/mf_batch26.docx,de0890335ef3a4f1302a8a0735ec8b6aed52e994e2635db481820060d62248b5,False,False,False,False
BYD7002BEVA3,0,0,1,old_only,0,0,[],[],"[""NEDC""]",[],"[""405""]",[],"[""13 ""]",[],"[{""eleEquivalentFuelConsumption"": ""1.40 "", ""powerConsumption"": ""13 "", ""runingRange"": ""405"", ""workConditionType"": ""NEDC""}]",True,[],False,False,False,[],[],[],old-26-DOCX--0-48,原件/免征目录/mf_batch26.docx,de0890335ef3a4f1302a8a0735ec8b6aed52e994e2635db481820060d62248b5,False,False,False,False
BYD7002BEVA6,0,0,3,old_only,0,0,[],[],"[""NEDC""]",[],"[""405""]",[],"[""11.5"", ""12 ""]",[],"[{""eleEquivalentFuelConsumption"": ""1.3"", ""powerConsumption"": ""11.5"", ""runingRange"": ""405"", ""workConditionType"": ""NEDC""}, {""eleEquivalentFuelConsumption"": ""1.30 "", ""powerConsumption"": ""12 "", ""runingRange"": ""405"", ""workConditionType"": ""NEDC""}]",True,"[""multiple_old_consumption_raw_values""]",False,False,False,[],[],[],old-30-Word97--0-63,原件/免征目录/mf_batch30.doc,e7fa3b47858ec2035b8055bc15be00b2b26920a5e8d3cad481058a80b92ead24,False,False,False,False
BYD7002BEVA7,0,0,3,old_only,0,0,[],[],"[""CATC"", ""NEDC""]",[],"[""405"", ""420""]",[],"[""10.5"", ""12 ""]",[],"[{""eleEquivalentFuelConsumption"": ""1.19"", ""powerConsumption"": ""10.5"", ""runingRange"": ""420"", ""workConditionType"": ""CATC""}, {""eleEquivalentFuelConsumption"": ""1.30 "", ""powerConsumption"": ""12 "", ""runingRange"": ""405"", ""workConditionType"": ""NEDC""}]",True,"[""multiple_old_cycle_codes"", ""multiple_old_range_raw_values"", ""multiple_old_consumption_raw_values""]",False,False,True,[],[],[],old-30-Word97--0-64,原件/免征目录/mf_batch30.doc,e7fa3b47858ec2035b8055bc15be00b2b26920a5e8d3cad481058a80b92ead24,False,False,False,False
BYD7002BEVA8,0,0,1,old_only,0,0,[],[],"[""NEDC""]",[],"[""401""]",[],"[""11 ""]",[],"[{""eleEquivalentFuelConsumption"": ""1.30 "", ""powerConsumption"": ""11 "", ""runingRange"": ""401"", ""workConditionType"": ""NEDC""}]",True,[],False,False,False,[],[],[],old-36-Word97--0-12,原件/免征目录/mf_batch36.doc,05cfcfd9136685ad6d6e13b8228cd123cca109c26f43a4c71472016b5a610a9f,False,False,False,False
BYD7002BEVA9,1,1,3,both,1,0,[],"[""5""]","[""CATC"", ""NEDC""]","[""420""]","[""401"", ""420""]","[""10.8""]","[""10.8"", ""11 ""]","[""1360""]","[{""eleEquivalentFuelConsumption"": ""1.22"", ""powerConsumption"": ""10.8"", ""runingRange"": ""420"", ""workConditionType"": ""CATC""}, {""eleEquivalentFuelConsumption"": ""1.30 "", ""powerConsumption"": ""11 "", ""runingRange"": ""401"", ""workConditionType"": ""NEDC""}]",True,"[""multiple_old_cycle_codes"", ""multiple_old_range_raw_values"", ""multiple_old_consumption_raw_values"", ""new_old_range_raw_value_sets_differ"", ""new_old_consumption_raw_value_sets_differ_units_not_normalized""]",False,False,True,"[""2024-03-08""]","[""2024-06-29""]","[""历史车型补录""]",old-36-Word97--0-13,原件/免征目录/mf_batch36.doc,05cfcfd9136685ad6d6e13b8228cd123cca109c26f43a4c71472016b5a610a9f,False,False,False,False
BYD7003BEV,0,0,1,old_only,0,0,[],[],"[""NEDC""]",[],"[""305""]",[],"[""14 ""]",[],"[{""eleEquivalentFuelConsumption"": ""1.50 "", ""powerConsumption"": ""14 "", ""runingRange"": ""305"", ""workConditionType"": ""NEDC""}]",True,[],False,False,False,[],[],[],old-16-Word97--0-12,原件/免征目录/mf_batch16.docx,9db5ace6c1c59bd9636d48636f94fa77d2b6e0aa27b109421690ce6a8c4a3967,False,False,False,False
BYD7003BEV1,0,0,1,old_only,0,0,[],[],"[""NEDC""]",[],"[""305""]",[],"[""13 ""]",[],"[{""eleEquivalentFuelConsumption"": ""1.50 "", ""powerConsumption"": ""13 "", ""runingRange"": ""305"", ""workConditionType"": ""NEDC""}]",True,[],False,False,False,[],[],[],old-23-Word97--0-5,原件/免征目录/mf_batch23.docx,87f838de0da3ba5887f77b2bf5c1dbf5b427e7cef896309a7084c11dd8f5efa0,False,False,False,False
BYD7003BEV10,0,0,2,old_only,0,0,[],[],"[""CATC""]",[],"[""401""]",[],"[""12.9""]",[],"[{""eleEquivalentFuelConsumption"": ""1.46"", ""powerConsumption"": ""12.9"", ""runingRange"": ""401"", ""workConditionType"": ""CATC""}]",True,[],False,False,False,[],[],[],old-47-Word97--0-32,原件/免征目录/mf_batch47.doc,fb4517fe8220b10bc435a77a5328df13c732c70b335942dfad0ae9394affe9b4,False,False,False,False
BYD7003BEV3,0,0,1,old_only,0,0,[],[],"[""NEDC""]",[],"[""410""]",[],"[""13 ""]",[],"[{""eleEquivalentFuelConsumption"": ""1.50 "", ""powerConsumption"": ""13 "", ""runingRange"": ""410"", ""workConditionType"": ""NEDC""}]",True,[],False,False,False,[],[],[],old-23-Word97--0-7,原件/免征目录/mf_batch23.docx,87f838de0da3ba5887f77b2bf5c1dbf5b427e7cef896309a7084c11dd8f5efa0,False,False,False,False
BYD7003BEV4,0,0,1,old_only,0,0,[],[],"[""NEDC""]",[],"[""410""]",[],"[""13 ""]",[],"[{""eleEquivalentFuelConsumption"": ""1.50 "", ""powerConsumption"": ""13 "", ""runingRange"": ""410"", ""workConditionType"": ""NEDC""}]",True,[],False,False,False,[],[],[],old-23-Word97--0-8,原件/免征目录/mf_batch23.docx,87f838de0da3ba5887f77b2bf5c1dbf5b427e7cef896309a7084c11dd8f5efa0,False,False,False,False
BYD7003BEV5,0,0,1,old_only,0,0,[],[],"[""NEDC""]",[],"[""305""]",[],"[""13 ""]",[],"[{""eleEquivalentFuelConsumption"": ""1.50 "", ""powerConsumption"": ""13 "", ""runingRange"": ""305"", ""workConditionType"": ""NEDC""}]",True,[],False,False,False,[],[],[],old-24-Word97--3-21,原件/免征目录/mf_batch24.wps,07775a0cb063fe0fce5880b9378dd1eb2522b725d645cabdee314d604779939d,False,False,False,False
BYD7003BEV8,0,0,3,old_only,0,0,[],[],"[""NEDC""]",[],"[""401""]",[],"[""12.9"", ""13 ""]",[],"[{""eleEquivalentFuelConsumption"": ""1.5"", ""powerConsumption"": ""12.9"", ""runingRange"": ""401"", ""workConditionType"": ""NEDC""}, {""eleEquivalentFuelConsumption"": ""1.50 "", ""powerConsumption"": ""13 "", ""runingRange"": ""401"", ""workConditionType"": ""NEDC""}]",True,"[""multiple_old_consumption_raw_values""]",False,False,False,[],[],[],old-34-Word97--0-32,原件/免征目录/mf_batch34.doc,d5c5bb03cc5fe0f16b284048e265ad35d62c12c0416f14aef0ce026a229aa831,False,False,False,False
BYD7003BEV9,0,0,2,old_only,0,0,[],[],"[""NEDC""]",[],"[""301""]",[],"[""12.8""]",[],"[{""eleEquivalentFuelConsumption"": ""1.4"", ""powerConsumption"": ""12.8"", ""runingRange"": ""301"", ""workConditionType"": ""NEDC""}]",True,[],False,False,False,[],[],[],old-45-Word97--0-45,原件/免征目录/mf_batch45.doc,56f5e7c5fd36e990024f8121006a76da260361f4e4660846e78255d007126f7a,False,False,False,False
BYD7003BEVA,1,1,4,both,1,0,[],"[""5""]","[""CATC""]","[""430""]","[""430""]","[""12.2""]","[""12.2""]","[""1625""]","[{""eleEquivalentFuelConsumption"": ""1.38"", ""powerConsumption"": ""12.2"", ""runingRange"": ""430"", ""workConditionType"": ""CATC""}]",True,[],False,False,False,"[""2024-05-20""]","[""2024-06-29""]","[""历史车型补录""]",old-45-Word97--0-43,原件/免征目录/mf_batch45.doc,56f5e7c5fd36e990024f8121006a76da260361f4e4660846e78255d007126f7a,False,False,False,False
BYD7003BEVA1,1,1,3,both,1,0,[],"[""5""]","[""CATC""]","[""510""]","[""510""]","[""12.5""]","[""12.5""]","[""1690""]","[{""eleEquivalentFuelConsumption"": ""1.41"", ""powerConsumption"": ""12.5"", ""runingRange"": ""510"", ""workConditionType"": ""CATC""}]",True,[],False,False,False,"[""2024-05-20""]","[""2024-06-29""]","[""历史车型补录""]",old-45-Word97--0-40,原件/免征目录/mf_batch45.doc,56f5e7c5fd36e990024f8121006a76da260361f4e4660846e78255d007126f7a,False,False,False,False
BYD7003BEVA2,1,1,5,both,1,0,[],"[""5""]","[""CATC""]","[""430""]","[""430"", ""445""]","[""12.2""]","[""12.1"", ""12.2""]","[""1625""]","[{""eleEquivalentFuelConsumption"": ""1.37"", ""powerConsumption"": ""12.1"", ""runingRange"": ""445"", ""workConditionType"": ""CATC""}, {""eleEquivalentFuelConsumption"": ""1.38"", ""powerConsumption"": ""12.2"", ""runingRange"": ""430"", ""workConditionType"": ""CATC""}]",True,"[""multiple_old_range_raw_values"", ""multiple_old_consumption_raw_values"", ""new_old_range_raw_value_sets_differ"", ""new_old_consumption_raw_value_sets_differ_units_not_normalized""]",False,False,False,"[""2023-07-17""]","[""2024-06-29""]","[""历史车型补录""]",old-48-Word97--0-38,原件/免征目录/mf_batch48.doc,ee5aa19736215cfcb3b76ffff90bcd0d9108c61758ccb756f7d4ad17e75a835c,False,False,False,False
BYD7003BEVA3,1,1,3,both,1,0,[],"[""5""]","[""CATC""]","[""510""]","[""510""]","[""12.5""]","[""12.5""]","[""1690""]","[{""eleEquivalentFuelConsumption"": ""1.41"", ""powerConsumption"": ""12.5"", ""runingRange"": ""510"", ""workConditionType"": ""CATC""}]",True,[],False,False,False,"[""2023-07-17""]","[""2024-06-29""]","[""历史车型补录""]",old-48-Word97--0-42,原件/免征目录/mf_batch48.doc,ee5aa19736215cfcb3b76ffff90bcd0d9108c61758ccb756f7d4ad17e75a835c,False,False,False,False
BYD7004BEV,0,0,1,old_only,0,0,[],[],"[""CATC""]",[],"[""308""]",[],"[""10.3""]",[],"[{""eleEquivalentFuelConsumption"": ""1.16"", ""powerConsumption"": ""10.3"", ""runingRange"": ""308"", ""workConditionType"": ""CATC""}]",True,[],False,False,False,[],[],[],old-44-Word97--0-40,原件/免征目录/mf_batch44.doc,aea30846204f4e55c0d969450f1619e1649eb27f471d5b0a2636d0da77eb0611,False,False,False,False
BYD7004BEV1,1,1,1,both,1,0,[],"[""5""]","[""CATC""]","[""420""]","[""420""]","[""10.5""]","[""10.5""]","[""1405""]","[{""eleEquivalentFuelConsumption"": ""1.19"", ""powerConsumption"": ""10.5"", ""runingRange"": ""420"", ""workConditionType"": ""CATC""}]",True,[],False,False,False,"[""2024-03-08""]","[""2025-04-15""]","[""补充能耗标识""]",old-44-Word97--0-39,原件/免征目录/mf_batch44.doc,aea30846204f4e55c0d969450f1619e1649eb27f471d5b0a2636d0da77eb0611,False,False,False,False
BYD7004BEV2,1,1,1,both,1,0,[],"[""5""]","[""CATC""]","[""401""]","[""401""]","[""11.3""]","[""11.3""]","[""1450""]","[{""eleEquivalentFuelConsumption"": ""1.28"", ""powerConsumption"": ""11.3"", ""runingRange"": ""401"", ""workConditionType"": ""CATC""}]",True,[],False,False,False,"[""2024-03-08""]","[""2025-04-15""]","[""历史车型补录""]",old-46-Word97--0-40,原件/免征目录/mf_batch46.doc,a4b2048b3d5c29a8969f0348e9fd19a3293f0c23e6f37a48bf42a2ed70c7d37d,False,False,False,False
BYD7004BEV3,0,0,1,old_only,0,0,[],[],"[""CATC""]",[],"[""308""]",[],"[""10.3""]",[],"[{""eleEquivalentFuelConsumption"": ""1.16"", ""powerConsumption"": ""10.3"", ""runingRange"": ""308"", ""workConditionType"": ""CATC""}]",True,[],False,False,False,[],[],[],old-48-Word97--0-39,原件/免征目录/mf_batch48.doc,ee5aa19736215cfcb3b76ffff90bcd0d9108c61758ccb756f7d4ad17e75a835c,False,False,False,False
BYD7004BEV4,0,0,1,old_only,0,0,[],[],"[""CATC""]",[],"[""420""]",[],"[""10.5""]",[],"[{""eleEquivalentFuelConsumption"": ""1.19"", ""powerConsumption"": ""10.5"", ""runingRange"": ""420"", ""workConditionType"": ""CATC""}]",True,[],False,False,False,[],[],[],old-48-Word97--0-40,原件/免征目录/mf_batch48.doc,ee5aa19736215cfcb3b76ffff90bcd0d9108c61758ccb756f7d4ad17e75a835c,False,False,False,False
BYD7004BEV5,0,0,1,old_only,0,0,[],[],"[""CATC""]",[],"[""401""]",[],"[""11.3""]",[],"[{""eleEquivalentFuelConsumption"": ""1.28"", ""powerConsumption"": ""11.3"", ""runingRange"": ""401"", ""workConditionType"": ""CATC""}]",True,[],False,False,False,[],[],[],old-48-Word97--0-41,原件/免征目录/mf_batch48.doc,ee5aa19736215cfcb3b76ffff90bcd0d9108c61758ccb756f7d4ad17e75a835c,False,False,False,False
BYD7005BEV,0,0,0,not_in_observed_filtered_views,0,0,[],[],[],[],[],[],[],[],[],False,[],False,False,False,[],[],[],old-04-PDF-grid-1-0-4,原件/免征目录/mf_batch04.pdf,7539cd299efb49a366656a4da32393075bcb03a5e10ea54e975f82f6099d9c81,False,False,False,False
BYD7005BEV1,0,0,0,not_in_observed_filtered_views,0,0,[],[],[],[],[],[],[],[],[],False,[],False,False,False,[],[],[],old-14-Word97--0-6,原件/免征目录/mf_batch14.docx,6a48764b5ccb7c4ffa6f54daa44d3a42095b8a981fc982e774ddaaded41e9921,False,False,False,False
BYD7005BEV8,0,0,1,old_only,0,0,[],[],"[""NEDC""]",[],"[""405""]",[],"[""14 ""]",[],"[{""eleEquivalentFuelConsumption"": ""1.50 "", ""powerConsumption"": ""14 "", ""runingRange"": ""405"", ""workConditionType"": ""NEDC""}]",True,[],False,False,False,[],[],[],old-20-DOCX--0-7,原件/免征目录/mf_batch20.docx,374d3f87551d75d1c163e76abb38f350ea93f8a2b8cad6174568c307d1cc0130,False,False,False,False
BYD7005BEVA4,0,0,3,old_only,0,0,[],[],"[""CATC"", ""NEDC""]",[],"[""421""]",[],"[""12.9""]",[],"[{""eleEquivalentFuelConsumption"": ""1.46"", ""powerConsumption"": ""12.9"", ""runingRange"": ""421"", ""workConditionType"": ""CATC""}, {""eleEquivalentFuelConsumption"": ""1.50"", ""powerConsumption"": ""12.9"", ""runingRange"": ""421"", ""workConditionType"": ""NEDC""}]",True,"[""multiple_old_cycle_codes""]",False,False,True,[],[],[],old-25-Word97--0-8,原件/免征目录/mf_batch25.wps,9d2abe319463522513fe9c90f98bb8d0a825b599267d0b3cc403cec9624b3297,False,False,False,False
BYD7005BEVA7,0,0,4,old_only,0,0,[],[],"[""CATC"", ""NEDC""]",[],"[""400""]",[],"[""13.2""]",[],"[{""eleEquivalentFuelConsumption"": ""1.49"", ""powerConsumption"": ""13.2"", ""runingRange"": ""400"", ""workConditionType"": ""CATC""}, {""eleEquivalentFuelConsumption"": ""1.50"", ""powerConsumption"": ""13.2"", ""runingRange"": ""400"", ""workConditionType"": ""NEDC""}]",True,"[""multiple_old_cycle_codes""]",False,False,True,[],[],[],old-26-DOCX--0-13,原件/免征目录/mf_batch26.docx,de0890335ef3a4f1302a8a0735ec8b6aed52e994e2635db481820060d62248b5,False,False,False,False
BYD7005BEVA8,1,1,4,both,1,0,[],"[""5""]","[""CATC"", ""NEDC""]","[""450""]","[""450""]","[""11.7""]","[""11.7"", ""12.2""]","[""1625""]","[{""eleEquivalentFuelConsumption"": ""1.32"", ""powerConsumption"": ""11.7"", ""runingRange"": ""450"", ""workConditionType"": ""CATC""}, {""eleEquivalentFuelConsumption"": ""1.40"", ""powerConsumption"": ""12.2"", ""runingRange"": ""450"", ""workConditionType"": ""NEDC""}]",True,"[""multiple_old_cycle_codes"", ""multiple_old_consumption_raw_values"", ""new_old_consumption_raw_value_sets_differ_units_not_normalized""]",False,False,True,"[""2022-08-10""]","[""2024-06-29""]","[""历史车型补录""]",old-33-Word97--0-51,原件/免征目录/mf_batch33.doc,ff98fbb1708c47cdcfc1e79e7a1647e72a7ae6d4255dce3b250d661001340c09,False,False,False,False
BYD7005BEVA9,1,1,4,both,1,0,[],"[""5""]","[""CATC"", ""NEDC""]","[""405""]","[""405""]","[""11.4""]","[""11.4"", ""11.8""]","[""1531""]","[{""eleEquivalentFuelConsumption"": ""1.29"", ""powerConsumption"": ""11.4"", ""runingRange"": ""405"", ""workConditionType"": ""CATC""}, {""eleEquivalentFuelConsumption"": ""1.30"", ""powerConsumption"": ""11.8"", ""runingRange"": ""405"", ""workConditionType"": ""NEDC""}]",True,"[""multiple_old_cycle_codes"", ""multiple_old_consumption_raw_values"", ""new_old_consumption_raw_value_sets_differ_units_not_normalized""]",False,False,True,"[""2022-08-10""]","[""2024-07-09""]","[""历史车型补录""]",old-33-Word97--0-52,原件/免征目录/mf_batch33.doc,ff98fbb1708c47cdcfc1e79e7a1647e72a7ae6d4255dce3b250d661001340c09,False,False,False,False
BYD7006BEVA,1,1,1,both,1,0,[],"[""5""]","[""CATC""]","[""550""]","[""550""]","[""12.6""]","[""12.6""]","[""1885""]","[{""eleEquivalentFuelConsumption"": ""1.43"", ""powerConsumption"": ""12.6"", ""runingRange"": ""550"", ""workConditionType"": ""CATC""}]",True,[],False,False,False,"[""2023-07-17""]","[""2024-11-11""]","[""历史车型补录""]",old-53-Word97--0-3,原件/免征目录/mf_batch53.doc,a1f426ff77c80bce4d153fbfb6d01a7b6c6c87539f52ac4643edb7b060e21d2a,False,False,False,False
BYD7006BEVA1,1,1,1,both,1,0,[],"[""5""]","[""CATC""]","[""650""]","[""650""]","[""14.6""]","[""14.6""]","[""2150""]","[{""eleEquivalentFuelConsumption"": ""1.65"", ""powerConsumption"": ""14.6"", ""runingRange"": ""650"", ""workConditionType"": ""CATC""}]",True,[],False,False,False,"[""2023-07-17""]","[""2024-12-04""]","[""历史车型补录""]",old-53-Word97--0-4,原件/免征目录/mf_batch53.doc,a1f426ff77c80bce4d153fbfb6d01a7b6c6c87539f52ac4643edb7b060e21d2a,False,False,False,False
BYD7006BEVA2,1,1,2,both,1,0,[],"[""5""]","[""CATC""]","[""700""]","[""700""]","[""13.0""]","[""13.0""]","[""2015""]","[{""eleEquivalentFuelConsumption"": ""1.47"", ""powerConsumption"": ""13.0"", ""runingRange"": ""700"", ""workConditionType"": ""CATC""}]",True,[],False,False,False,"[""2023-07-17""]","[""2024-12-04""]","[""历史车型补录""]",old-53-Word97--0-5,原件/免征目录/mf_batch53.doc,a1f426ff77c80bce4d153fbfb6d01a7b6c6c87539f52ac4643edb7b060e21d2a,False,False,False,False
BYD7006BEVA5,1,1,1,both,1,0,[],"[""5""]","[""CATC""]","[""700""]","[""700""]","[""13.0""]","[""13.0""]","[""2015""]","[{""eleEquivalentFuelConsumption"": ""1.47"", ""powerConsumption"": ""13.0"", ""runingRange"": ""700"", ""workConditionType"": ""CATC""}]",True,[],False,False,False,"[""2023-04-17""]","[""2025-03-29""]","[""历史车型补录""]",old-64-Word97--0-31,原件/免征目录/mf_batch64.doc,c4e238989e7e40ec2c3a6a899ead170b4a745bc72546ba6fd4a5731d8890c6cb,False,False,False,False
BYD7006BEVG,0,0,0,not_in_observed_filtered_views,0,0,[],[],[],[],[],[],[],[],[],False,[],False,False,False,[],[],[],old-10-PDF-grid-1-0-11,原件/免征目录/mf_batch10.pdf,ac1b1ad2605b4f24762fb1f01cea64b685393577d01648618fa1882bb5700ac3,False,False,False,False
BYD7006BEVH,0,0,0,not_in_observed_filtered_views,0,0,[],[],[],[],[],[],[],[],[],False,[],False,False,False,[],[],[],old-04-PDF-grid-1-0-3,原件/免征目录/mf_batch04.pdf,7539cd299efb49a366656a4da32393075bcb03a5e10ea54e975f82f6099d9c81,False,False,False,False
BYD7007BEV,1,1,2,both,1,0,[],"[""5""]","[""CATC"", ""NEDC""]","[""418""]","[""418""]","[""12.3""]","[""12.3"", ""13 ""]","[""1640""]","[{""eleEquivalentFuelConsumption"": ""1.39"", ""powerConsumption"": ""12.3"", ""runingRange"": ""418"", ""workConditionType"": ""CATC""}, {""eleEquivalentFuelConsumption"": ""1.40 "", ""powerConsumption"": ""13 "", ""runingRange"": ""418"", ""workConditionType"": ""NEDC""}]",True,"[""multiple_old_cycle_codes"", ""multiple_old_consumption_raw_values"", ""new_old_consumption_raw_value_sets_differ_units_not_normalized""]",False,False,True,"[""2024-03-08""]","[""2024-06-29""]","[""历史车型补录""]",old-34-Word97--0-33,原件/免征目录/mf_batch34.doc,d5c5bb03cc5fe0f16b284048e265ad35d62c12c0416f14aef0ce026a229aa831,False,False,False,False
BYD7008BEV,0,0,0,not_in_observed_filtered_views,0,0,[],[],[],[],[],[],[],[],[],False,[],False,False,False,[],[],[],old-06-PDF-grid-1-0-3,原件/免征目录/mf_batch06.pdf,df226dc3953484911afdd265072593abc08c9f66d52a1df7492e215ce15c9b54,False,False,False,False
BYD7008BEV1,0,0,0,not_in_observed_filtered_views,0,0,[],[],[],[],[],[],[],[],[],False,[],False,False,False,[],[],[],old-06-PDF-grid-1-0-4,原件/免征目录/mf_batch06.pdf,df226dc3953484911afdd265072593abc08c9f66d52a1df7492e215ce15c9b54,False,False,False,False
BYD7008BEV3,0,0,0,not_in_observed_filtered_views,0,0,[],[],[],[],[],[],[],[],[],False,[],False,False,False,[],[],[],old-14-Word97--0-7,原件/免征目录/mf_batch14.docx,6a48764b5ccb7c4ffa6f54daa44d3a42095b8a981fc982e774ddaaded41e9921,False,False,False,False
BYD7008BEVA,0,0,5,old_only,0,0,[],[],"[""NEDC""]",[],"[""420""]",[],"[""13.8""]",[],"[{""eleEquivalentFuelConsumption"": ""1.6"", ""powerConsumption"": ""13.8"", ""runingRange"": ""420"", ""workConditionType"": ""NEDC""}]",True,[],False,False,False,[],[],[],old-18-Word97--0-52,原件/免征目录/mf_batch18.doc,43f5426f7f80996ee11a894710d7229c743abf7ad69ba239f61075e0a9ddd37a,False,False,False,False
BYD7008BEVA1,0,0,5,old_only,0,0,[],[],"[""NEDC""]",[],"[""520""]",[],"[""13.5""]",[],"[{""eleEquivalentFuelConsumption"": ""1.5"", ""powerConsumption"": ""13.5"", ""runingRange"": ""520"", ""workConditionType"": ""NEDC""}, {""eleEquivalentFuelConsumption"": ""1.50"", ""powerConsumption"": ""13.5"", ""runingRange"": ""520"", ""workConditionType"": ""NEDC""}]",True,[],False,False,False,[],[],[],old-23-Word97--0-9,原件/免征目录/mf_batch23.docx,87f838de0da3ba5887f77b2bf5c1dbf5b427e7cef896309a7084c11dd8f5efa0,False,False,False,False
BYD7008BEVA10,0,0,4,old_only,0,0,[],[],"[""CATC"", ""NEDC""]",[],"[""600"", ""610""]",[],"[""12.5"", ""12.9""]",[],"[{""eleEquivalentFuelConsumption"": ""1.41"", ""powerConsumption"": ""12.5"", ""runingRange"": ""610"", ""workConditionType"": ""CATC""}, {""eleEquivalentFuelConsumption"": ""1.5"", ""powerConsumption"": ""12.9"", ""runingRange"": ""600"", ""workConditionType"": ""NEDC""}]",True,"[""multiple_old_cycle_codes"", ""multiple_old_range_raw_values"", ""multiple_old_consumption_raw_values""]",False,False,True,[],[],[],old-40-Word97--0-19,原件/免征目录/mf_batch40.doc,93047c8e87a1f45948933ee36d00160788032370ecf11b551624e0ca45ecc1d1,False,False,False,False
BYD7008BEVA4,0,0,5,old_only,0,0,[],[],"[""NEDC""]",[],"[""401""]",[],"[""13.4""]",[],"[{""eleEquivalentFuelConsumption"": ""1.5"", ""powerConsumption"": ""13.4"", ""runingRange"": ""401"", ""workConditionType"": ""NEDC""}]",True,[],False,False,False,[],[],[],old-25-Word97--0-10,原件/免征目录/mf_batch25.wps,9d2abe319463522513fe9c90f98bb8d0a825b599267d0b3cc403cec9624b3297,False,False,False,False
BYD7008BEVA8,1,1,5,both,1,0,[],"[""5""]","[""CATC"", ""NEDC""]","[""510""]","[""500"", ""510""]","[""11.9""]","[""11.9"", ""12.3""]","[""1650""]","[{""eleEquivalentFuelConsumption"": ""1.35"", ""powerConsumption"": ""11.9"", ""runingRange"": ""510"", ""workConditionType"": ""CATC""}, {""eleEquivalentFuelConsumption"": ""1.4"", ""powerConsumption"": ""12.3"", ""runingRange"": ""500"", ""workConditionType"": ""NEDC""}, {""eleEquivalentFuelConsumption"": ""1.40"", ""powerConsumption"": ""12.3"", ""runingRange"": ""500"", ""workConditionType"": ""NEDC""}]",True,"[""multiple_old_cycle_codes"", ""multiple_old_range_raw_values"", ""multiple_old_consumption_raw_values"", ""new_old_range_raw_value_sets_differ"", ""new_old_consumption_raw_value_sets_differ_units_not_normalized""]",False,False,True,"[""2022-07-08""]","[""2024-06-29""]","[""历史车型补录""]",old-33-Word97--0-53,原件/免征目录/mf_batch33.doc,ff98fbb1708c47cdcfc1e79e7a1647e72a7ae6d4255dce3b250d661001340c09,False,False,False,False
BYD7008BEVA9,0,0,6,old_only,0,0,[],[],"[""CATC"", ""NEDC""]",[],"[""400"", ""420""]",[],"[""11.6"", ""12""]",[],"[{""eleEquivalentFuelConsumption"": ""1.31"", ""powerConsumption"": ""11.6"", ""runingRange"": ""420"", ""workConditionType"": ""CATC""}, {""eleEquivalentFuelConsumption"": ""1.4"", ""powerConsumption"": ""12"", ""runingRange"": ""400"", ""workConditionType"": ""NEDC""}, {""eleEquivalentFuelConsumption"": ""1.40"", ""powerConsumption"": ""12"", ""runingRange"": ""400"", ""workConditionType"": ""NEDC""}]",True,"[""multiple_old_cycle_codes"", ""multiple_old_range_raw_values"", ""multiple_old_consumption_raw_values""]",False,False,True,[],[],[],old-33-Word97--0-54,原件/免征目录/mf_batch33.doc,ff98fbb1708c47cdcfc1e79e7a1647e72a7ae6d4255dce3b250d661001340c09,False,False,False,False
BYD7009BEV,0,0,4,old_only,0,0,[],[],"[""CATC"", ""NEDC""]",[],"[""550""]",[],"[""14.9"", ""15.4""]",[],"[{""eleEquivalentFuelConsumption"": ""1.69"", ""powerConsumption"": ""14.9"", ""runingRange"": ""550"", ""workConditionType"": ""CATC""}, {""eleEquivalentFuelConsumption"": ""1.70"", ""powerConsumption"": ""15.4"", ""runingRange"": ""550"", ""workConditionType"": ""NEDC""}]",True,"[""multiple_old_cycle_codes"", ""multiple_old_consumption_raw_values""]",False,False,True,[],[],[],old-30-Word97--0-65,原件/免征目录/mf_batch30.doc,e7fa3b47858ec2035b8055bc15be00b2b26920a5e8d3cad481058a80b92ead24,False,False,False,False
BYD7009BEV1,0,0,4,old_only,0,0,[],[],"[""CATC"", ""NEDC""]",[],"[""605""]",[],"[""13.5"", ""14.1""]",[],"[{""eleEquivalentFuelConsumption"": ""1.53"", ""powerConsumption"": ""13.5"", ""runingRange"": ""605"", ""workConditionType"": ""CATC""}, {""eleEquivalentFuelConsumption"": ""1.60"", ""powerConsumption"": ""14.1"", ""runingRange"": ""605"", ""workConditionType"": ""NEDC""}]",True,"[""multiple_old_cycle_codes"", ""multiple_old_consumption_raw_values""]",False,False,True,[],[],[],old-30-Word97--0-66,原件/免征目录/mf_batch30.doc,e7fa3b47858ec2035b8055bc15be00b2b26920a5e8d3cad481058a80b92ead24,False,False,False,False
BYD7009BEV2,0,0,6,old_only,0,0,[],[],"[""CATC"", ""NEDC""]",[],"[""506""]",[],"[""13.3"", ""13.9""]",[],"[{""eleEquivalentFuelConsumption"": ""1.50"", ""powerConsumption"": ""13.3"", ""runingRange"": ""506"", ""workConditionType"": ""CATC""}, {""eleEquivalentFuelConsumption"": ""1.60"", ""powerConsumption"": ""13.9"", ""runingRange"": ""506"", ""workConditionType"": ""NEDC""}]",True,"[""multiple_old_cycle_codes"", ""multiple_old_consumption_raw_values""]",False,False,True,[],[],[],old-31-Word97--0-11,原件/免征目录/mf_batch31.doc,e1ccec4a87ab96ca346e5756d6b14369eb9727ec2c2cfd03c1182a592ddd3bee,False,False,False,False
BYD7009BEV3,0,0,0,not_in_observed_filtered_views,0,0,[],[],[],[],[],[],[],[],[],False,[],False,False,False,[],[],[],old-33-Word97--0-31,原件/免征目录/mf_batch33.doc,ff98fbb1708c47cdcfc1e79e7a1647e72a7ae6d4255dce3b250d661001340c09,False,False,False,False
BYD7009BEV4,0,0,0,not_in_observed_filtered_views,0,0,[],[],[],[],[],[],[],[],[],False,[],False,False,False,[],[],[],old-36-Word97--0-14,原件/免征目录/mf_batch36.doc,05cfcfd9136685ad6d6e13b8228cd123cca109c26f43a4c71472016b5a610a9f,False,False,False,False
BYD7009BEV5,1,1,1,both,1,0,[],"[""5""]","[""CATC""]","[""610""]","[""610""]","[""14.9""]","[""14.9""]","[""2250""]","[{""eleEquivalentFuelConsumption"": ""1.69"", ""powerConsumption"": ""14.9"", ""runingRange"": ""610"", ""workConditionType"": ""CATC""}]",True,[],False,False,False,"[""2024-03-08""]","[""2024-06-29""]","[""历史车型补录""]",old-51-Word97--0-20,原件/免征目录/mf_batch51.doc,35411ca0ab3ef42915600b148fca6fe76bcb86f5dc3812f71d74f3ebda125ce6,False,False,False,False
BYD7009BEV6,1,1,1,both,1,0,[],"[""5""]","[""CATC""]","[""715""]","[""715""]","[""13.5""]","[""13.5""]","[""2100""]","[{""eleEquivalentFuelConsumption"": ""1.53"", ""powerConsumption"": ""13.5"", ""runingRange"": ""715"", ""workConditionType"": ""CATC""}]",True,[],False,False,False,"[""2024-03-08""]","[""2024-06-29""]","[""历史车型补录""]",old-51-Word97--0-19,原件/免征目录/mf_batch51.doc,35411ca0ab3ef42915600b148fca6fe76bcb86f5dc3812f71d74f3ebda125ce6,False,False,False,False
BYD7009BEV7,1,1,1,both,1,0,[],"[""5""]","[""CATC""]","[""506""]","[""506""]","[""12.9""]","[""12.9""]","[""1860""]","[{""eleEquivalentFuelConsumption"": ""1.46"", ""powerConsumption"": ""12.9"", ""runingRange"": ""506"", ""workConditionType"": ""CATC""}]",True,[],False,False,False,"[""2024-03-08""]","[""2024-06-29""]","[""历史车型补录""]",old-51-Word97--0-18,原件/免征目录/mf_batch51.doc,35411ca0ab3ef42915600b148fca6fe76bcb86f5dc3812f71d74f3ebda125ce6,False,False,False,False
BYD7009BEV8,1,1,1,both,1,0,[],"[""5""]","[""CATC""]","[""605""]","[""605""]","[""13.3""]","[""13.3""]","[""2000""]","[{""eleEquivalentFuelConsumption"": ""1.50"", ""powerConsumption"": ""13.3"", ""runingRange"": ""605"", ""workConditionType"": ""CATC""}]",True,[],False,False,False,"[""2024-03-08""]","[""2024-06-29""]","[""历史车型补录""]",old-54-Word97--0-37,原件/免征目录/mf_batch54.doc,e4ce106fc0fb21bc61cac40ff0de97e60dff2d18b5b7d24c494bb74873312fd7,False,False,False,False
BYD7009BEV9,1,1,1,both,1,0,[],"[""5""]","[""CATC""]","[""506""]","[""506""]","[""13.2""]","[""13.2""]","[""1920""]","[{""eleEquivalentFuelConsumption"": ""1.49"", ""powerConsumption"": ""13.2"", ""runingRange"": ""506"", ""workConditionType"": ""CATC""}]",True,[],False,False,False,"[""2024-03-08""]","[""2024-06-29""]","[""历史车型补录""]",old-61-Word97--0-39,原件/免征目录/mf_batch61.doc,d360a77695ccf20f3c17a354a1dd02fc846a7ae8bd18b41492515881a7240b72,False,False,False,False
CA6462EV1,0,0,0,not_in_observed_filtered_views,0,0,[],[],[],[],[],[],[],[],[],False,[],False,False,False,[],[],[],old-07-PDF-grid-2-0-11,原件/免征目录/mf_batch07.pdf,ad8e7f0576c7261a718e5a561358462b598d617361c6f02d7a14fb2038b758b0,False,False,False,False
CA6467BEVA,1,1,1,both,1,0,[],"[""5""]","[""CATC""]","[""425""]","[""425""]","[""12.8""]","[""12.8""]","[""1700""]","[{""eleEquivalentFuelConsumption"": ""1.45"", ""powerConsumption"": ""12.8"", ""runingRange"": ""425"", ""workConditionType"": ""CATC""}]",True,[],False,False,False,"[""2024-02-04""]","[""2024-07-08""]","[""历史车型补录""]",old-59-Word97--0-9,原件/免征目录/mf_batch59.doc,32738e2df847e0c74ff96d48b8a13e1dd9c31aee84b7c0a633e2d9c8a3e01f86,False,False,False,False
CA6520H0EVX,0,0,3,old_only,0,0,[],[],"[""CATC""]",[],"[""480"", ""510""]",[],"[""17.2"", ""18.4""]",[],"[{""eleEquivalentFuelConsumption"": ""1.95"", ""powerConsumption"": ""17.2"", ""runingRange"": ""480"", ""workConditionType"": ""CATC""}, {""eleEquivalentFuelConsumption"": ""2.08"", ""powerConsumption"": ""18.4"", ""runingRange"": ""510"", ""workConditionType"": ""CATC""}]",True,"[""multiple_old_range_raw_values"", ""multiple_old_consumption_raw_values""]",False,False,False,[],[],[],old-34-Word97--0-2,原件/免征目录/mf_batch34.doc,d5c5bb03cc5fe0f16b284048e265ad35d62c12c0416f14aef0ce026a229aa831,False,False,False,False
CA6520H0EVXA,0,0,3,old_only,0,0,[],[],"[""CATC"", ""NEDC""]",[],"[""460"", ""510""]",[],"[""18.1"", ""18.4""]",[],"[{""eleEquivalentFuelConsumption"": ""2.0453"", ""powerConsumption"": ""18.1"", ""runingRange"": ""460"", ""workConditionType"": ""NEDC""}, {""eleEquivalentFuelConsumption"": ""2.08"", ""powerConsumption"": ""18.4"", ""runingRange"": ""510"", ""workConditionType"": ""CATC""}]",True,"[""multiple_old_cycle_codes"", ""multiple_old_range_raw_values"", ""multiple_old_consumption_raw_values""]",False,False,True,[],[],[],old-34-Word97--0-3,原件/免征目录/mf_batch34.doc,d5c5bb03cc5fe0f16b284048e265ad35d62c12c0416f14aef0ce026a229aa831,False,False,False,False
CA6520H0EVXB,0,0,1,old_only,0,0,[],[],"[""CATC""]",[],"[""530""]",[],"[""18.4""]",[],"[{""eleEquivalentFuelConsumption"": ""2.08"", ""powerConsumption"": ""18.4"", ""runingRange"": ""530"", ""workConditionType"": ""CATC""}]",True,[],False,False,False,[],[],[],old-34-Word97--0-4,原件/免征目录/mf_batch34.doc,d5c5bb03cc5fe0f16b284048e265ad35d62c12c0416f14aef0ce026a229aa831,False,False,False,False
CA6520H0EVXC,0,0,1,old_only,0,0,[],[],"[""NEDC""]",[],"[""510""]",[],"[""19.3""]",[],"[{""eleEquivalentFuelConsumption"": ""2.1809"", ""powerConsumption"": ""19.3"", ""runingRange"": ""510"", ""workConditionType"": ""NEDC""}]",True,[],False,False,False,[],[],[],old-34-Word97--0-5,原件/免征目录/mf_batch34.doc,d5c5bb03cc5fe0f16b284048e265ad35d62c12c0416f14aef0ce026a229aa831,False,False,False,False
CA6520H0EVXH,2,2,2,both,2,0,[],"[""5""]","[""NEDC""]","[""690""]","[""690""]","[""18.0""]","[""18.0""]","[""2644""]","[{""eleEquivalentFuelConsumption"": ""2.034"", ""powerConsumption"": ""18.0"", ""runingRange"": ""690"", ""workConditionType"": ""NEDC""}]",True,[],False,False,False,"[""2022-09-15""]","[""2024-06-28"", ""2024-07-09""]","[""首次录入新版数据""]",old-46-Word97--0-14,原件/免征目录/mf_batch46.doc,a4b2048b3d5c29a8969f0348e9fd19a3293f0c23e6f37a48bf42a2ed70c7d37d,False,False,False,False
CA6520H0EVXK,2,2,2,both,2,0,[],"[""5""]","[""NEDC""]","[""690""]","[""690""]","[""18.0""]","[""18.0""]","[""2654""]","[{""eleEquivalentFuelConsumption"": ""2.034"", ""powerConsumption"": ""18.0"", ""runingRange"": ""690"", ""workConditionType"": ""NEDC""}]",True,[],False,False,False,"[""2021-07-12""]","[""2024-06-28"", ""2024-07-09""]","[""首次录入新版数据""]",old-44-Word97--0-10,原件/免征目录/mf_batch44.doc,aea30846204f4e55c0d969450f1619e1649eb27f471d5b0a2636d0da77eb0611,False,False,False,False
CA6520H0EVXM,2,2,2,both,2,0,[],"[""5""]","[""NEDC""]","[""660""]","[""660""]","[""19.0""]","[""19.0""]","[""2702""]","[{""eleEquivalentFuelConsumption"": ""2.147"", ""powerConsumption"": ""19.0"", ""runingRange"": ""660"", ""workConditionType"": ""NEDC""}]",True,[],False,False,False,"[""2021-07-12""]","[""2024-06-28"", ""2024-07-09""]","[""首次录入新版数据""]",old-44-Word97--0-12,原件/免征目录/mf_batch44.doc,aea30846204f4e55c0d969450f1619e1649eb27f471d5b0a2636d0da77eb0611,False,False,False,False
CA6520H0EVXN,2,2,2,both,2,0,[],"[""5""]","[""NEDC""]","[""660""]","[""660""]","[""19.0""]","[""19.0""]","[""2702""]","[{""eleEquivalentFuelConsumption"": ""2.147"", ""powerConsumption"": ""19.0"", ""runingRange"": ""660"", ""workConditionType"": ""NEDC""}]",True,[],False,False,False,"[""2021-07-12""]","[""2024-06-28"", ""2024-07-09""]","[""首次录入新版数据""]",old-44-Word97--0-9,原件/免征目录/mf_batch44.doc,aea30846204f4e55c0d969450f1619e1649eb27f471d5b0a2636d0da77eb0611,False,False,False,False
CA7000H0EV,2,2,2,both,2,0,[],"[""5""]","[""CATC""]","[""445""]","[""445""]","[""13.1""]","[""13.1""]","[""1810""]","[{""eleEquivalentFuelConsumption"": ""1.48"", ""powerConsumption"": ""13.1"", ""runingRange"": ""445"", ""workConditionType"": ""CATC""}]",True,[],False,False,False,"[""2022-01-29""]","[""2024-06-28"", ""2024-07-09""]","[""首次录入新版数据""]",old-39-Word97--0-9,原件/免征目录/mf_batch39.doc,48158862f567d71b07ac0a7a60c2c3bc6d2bb44dd5a86290b0b809d757a9eb07,False,False,False,False
CA7000H0EVA,2,2,2,both,2,0,[],"[""5""]","[""CATC"", ""NEDC""]","[""445""]","[""431"", ""445""]","[""13.1""]","[""13.5""]","[""1780""]","[{""eleEquivalentFuelConsumption"": ""1.48"", ""powerConsumption"": ""13.5"", ""runingRange"": ""445"", ""workConditionType"": ""CATC""}, {""eleEquivalentFuelConsumption"": ""1.53"", ""powerConsumption"": ""13.5"", ""runingRange"": ""431"", ""workConditionType"": ""NEDC""}]",True,"[""multiple_old_cycle_codes"", ""multiple_old_range_raw_values"", ""new_old_range_raw_value_sets_differ"", ""new_old_consumption_raw_value_sets_differ_units_not_normalized""]",False,False,True,"[""2022-01-29""]","[""2024-06-28"", ""2024-07-09""]","[""首次录入新版数据""]",old-39-Word97--0-7,原件/免征目录/mf_batch39.doc,48158862f567d71b07ac0a7a60c2c3bc6d2bb44dd5a86290b0b809d757a9eb07,False,False,False,False
CA7000H0EVB,4,4,5,both,4,0,[],"[""5""]","[""CATC""]","[""445"", ""450""]","[""445"", ""450""]","[""12.9"", ""13.1""]","[""12.9"", ""13.1""]","[""1810"", ""1840""]","[{""eleEquivalentFuelConsumption"": ""1.46"", ""powerConsumption"": ""12.9"", ""runingRange"": ""450"", ""workConditionType"": ""CATC""}, {""eleEquivalentFuelConsumption"": ""1.48"", ""powerConsumption"": ""13.1"", ""runingRange"": ""445"", ""workConditionType"": ""CATC""}]",True,"[""multiple_new_range_raw_values"", ""multiple_old_range_raw_values"", ""multiple_new_consumption_raw_values"", ""multiple_old_consumption_raw_values"", ""multiple_new_curb_mass_raw_values""]",False,False,False,"[""2024-04-15""]","[""2024-06-28"", ""2024-07-09""]","[""首次录入新版数据""]",old-42-Word97--0-15,原件/免征目录/mf_batch42.doc,fef4fd8ea19d773d368642e51a4bdb24c148530251a2240be4ff1358d5d41fab,False,False,False,False
CA7000H0EVC,2,2,3,both,2,0,[],"[""5""]","[""CATC"", ""NEDC""]","[""445""]","[""431"", ""445""]","[""13.1""]","[""13.1"", ""13.5""]","[""1810""]","[{""eleEquivalentFuelConsumption"": ""1.48"", ""powerConsumption"": ""13.1"", ""runingRange"": ""445"", ""workConditionType"": ""CATC""}, {""eleEquivalentFuelConsumption"": ""1.53"", ""powerConsumption"": ""13.5"", ""runingRange"": ""431"", ""workConditionType"": ""NEDC""}]",True,"[""multiple_old_cycle_codes"", ""multiple_old_range_raw_values"", ""multiple_old_consumption_raw_values"", ""new_old_range_raw_value_sets_differ"", ""new_old_consumption_raw_value_sets_differ_units_not_normalized""]",False,False,True,"[""2022-01-29""]","[""2024-06-28"", ""2024-07-09""]","[""首次录入新版数据""]",old-42-Word97--0-16,原件/免征目录/mf_batch42.doc,fef4fd8ea19d773d368642e51a4bdb24c148530251a2240be4ff1358d5d41fab,False,False,False,False
CA7000H0EVD,4,4,5,both,4,0,[],"[""5""]","[""CATC""]","[""445"", ""500""]","[""445"", ""500""]","[""12.7"", ""13.1""]","[""12.7"", ""13.1""]","[""1810"", ""1840""]","[{""eleEquivalentFuelConsumption"": ""1.44"", ""powerConsumption"": ""12.7"", ""runingRange"": ""500"", ""workConditionType"": ""CATC""}, {""eleEquivalentFuelConsumption"": ""1.48"", ""powerConsumption"": ""13.1"", ""runingRange"": ""445"", ""workConditionType"": ""CATC""}]",True,"[""multiple_new_range_raw_values"", ""multiple_old_range_raw_values"", ""multiple_new_consumption_raw_values"", ""multiple_old_consumption_raw_values"", ""multiple_new_curb_mass_raw_values""]",False,False,False,"[""2024-03-08""]","[""2024-06-28"", ""2024-07-09""]","[""首次录入新版数据""]",old-46-Word97--0-13,原件/免征目录/mf_batch46.doc,a4b2048b3d5c29a8969f0348e9fd19a3293f0c23e6f37a48bf42a2ed70c7d37d,False,False,False,False
CA7000H0SEV,4,4,7,both,4,0,[],"[""5""]","[""CATC""]","[""445"", ""475"", ""500""]","[""445""]","[""11.7"", ""12.3"", ""13.1""]","[""13.1""]","[""1750"", ""1800""]","[{""eleEquivalentFuelConsumption"": ""1.48"", ""powerConsumption"": ""13.1"", ""runingRange"": ""445"", ""workConditionType"": ""CATC""}]",True,"[""multiple_new_range_raw_values"", ""multiple_new_consumption_raw_values"", ""multiple_new_curb_mass_raw_values"", ""new_old_range_raw_value_sets_differ"", ""new_old_consumption_raw_value_sets_differ_units_not_normalized""]",False,False,False,"[""2021-11-05"", ""2025-04-14"", ""2025-07-15""]","[""2024-06-28"", ""2024-07-09"", ""2025-04-27"", ""2026-01-07""]","[""更新数据"", ""首次录入新版数据""]",old-42-Word97--0-14,原件/免征目录/mf_batch42.doc,fef4fd8ea19d773d368642e51a4bdb24c148530251a2240be4ff1358d5d41fab,False,False,False,False
CA7001BEV,0,0,0,not_in_observed_filtered_views,0,0,[],[],[],[],[],[],[],[],[],False,[],False,False,False,[],[],[],old-19-DOCX--0-54,原件/免征目录/mf_batch19.docx,fafd1558aa0f21067847c19bdd0a95c79b919737be7b07b87c4538107fb2b8e3,False,False,False,False
CA7001BEVB,0,0,0,not_in_observed_filtered_views,0,0,[],[],[],[],[],[],[],[],[],False,[],False,False,False,[],[],[],old-24-Word97--0-2,原件/免征目录/mf_batch24.wps,07775a0cb063fe0fce5880b9378dd1eb2522b725d645cabdee314d604779939d,False,False,False,False
CA7001EV,0,0,0,not_in_observed_filtered_views,0,0,[],[],[],[],[],[],[],[],[],False,[],False,False,False,[],[],[],old-07-PDF-grid-2-0-12,原件/免征目录/mf_batch07.pdf,ad8e7f0576c7261a718e5a561358462b598d617361c6f02d7a14fb2038b758b0,False,False,False,False
CA7001EVA,0,0,0,not_in_observed_filtered_views,0,0,[],[],[],[],[],[],[],[],[],False,[],False,False,False,[],[],[],old-10-PDF-grid-3-0-5,原件/免征目录/mf_batch10.pdf,ac1b1ad2605b4f24762fb1f01cea64b685393577d01648618fa1882bb5700ac3,False,False,False,False
CA7001EVB,0,0,0,not_in_observed_filtered_views,0,0,[],[],[],[],[],[],[],[],[],False,[],False,False,False,[],[],[],old-12-PDF-grid-2-0-26,原件/免征目录/mf_batch12.pdf,afbd7133ccf901dbdc065b2ff80768450dc901def8d216cf5bb87baa98f7a1e2,False,False,False,False
CA7001H0EV,2,2,1,both,2,0,[],"[""5""]","[""CATC""]","[""820""]","[""820""]","[""14.0""]","[""14.0""]","[""2254""]","[{""eleEquivalentFuelConsumption"": ""1.58"", ""powerConsumption"": ""14.0"", ""runingRange"": ""820"", ""workConditionType"": ""CATC""}]",True,[],False,False,False,"[""2023-11-20""]","[""2024-06-28"", ""2024-07-09""]","[""系统调整，重新录入""]",old-71-Word97--0-6,原件/免征目录/mf_batch71.doc,b37b78b64b8ef7e12e6e95d6fd27a4a6e364c0c83ba403ffcf3bca82c60e3460,False,False,False,False
CA7001H0EVX,2,2,2,both,2,0,[],"[""5""]","[""CATC""]","[""760""]","[""759"", ""760""]","[""15.1""]","[""15"", ""15.1""]","[""2374""]","[{""eleEquivalentFuelConsumption"": ""1.71"", ""powerConsumption"": ""15"", ""runingRange"": ""759"", ""workConditionType"": ""CATC""}, {""eleEquivalentFuelConsumption"": ""1.71"", ""powerConsumption"": ""15.1"", ""runingRange"": ""760"", ""workConditionType"": ""CATC""}]",True,"[""multiple_old_range_raw_values"", ""multiple_old_consumption_raw_values"", ""new_old_range_raw_value_sets_differ"", ""new_old_consumption_raw_value_sets_differ_units_not_normalized""]",False,False,False,"[""2023-11-20""]","[""2024-06-28"", ""2024-07-09""]","[""系统调整，重新录入""]",old-71-Word97--0-5,原件/免征目录/mf_batch71.doc,b37b78b64b8ef7e12e6e95d6fd27a4a6e364c0c83ba403ffcf3bca82c60e3460,False,False,False,False
CA7002EV,0,0,0,not_in_observed_filtered_views,0,0,[],[],[],[],[],[],[],[],[],False,[],False,False,False,[],[],[],old-20-DOCX--0-80,原件/免征目录/mf_batch20.docx,374d3f87551d75d1c163e76abb38f350ea93f8a2b8cad6174568c307d1cc0130,False,False,False,False
CA7002EVA,0,0,0,not_in_observed_filtered_views,0,0,[],[],[],[],[],[],[],[],[],False,[],False,False,False,[],[],[],old-20-DOCX--0-81,原件/免征目录/mf_batch20.docx,374d3f87551d75d1c163e76abb38f350ea93f8a2b8cad6174568c307d1cc0130,False,False,False,False
CA7002H0EVS,0,0,0,not_in_observed_filtered_views,0,0,[],[],[],[],[],[],[],[],[],False,[],False,False,False,[],[],[],old-33-Word97--0-2,原件/免征目录/mf_batch33.doc,ff98fbb1708c47cdcfc1e79e7a1647e72a7ae6d4255dce3b250d661001340c09,False,False,False,False
CA7003BEV,0,0,0,not_in_observed_filtered_views,0,0,[],[],[],[],[],[],[],[],[],False,[],False,False,False,[],[],[],old-25-Word97--0-2,原件/免征目录/mf_batch25.wps,9d2abe319463522513fe9c90f98bb8d0a825b599267d0b3cc403cec9624b3297,False,False,False,False
CA7003BEVA,0,0,0,not_in_observed_filtered_views,0,0,[],[],[],[],[],[],[],[],[],False,[],False,False,False,[],[],[],old-26-DOCX--0-2,原件/免征目录/mf_batch26.docx,de0890335ef3a4f1302a8a0735ec8b6aed52e994e2635db481820060d62248b5,False,False,False,False
CA7003BEVB,0,0,0,not_in_observed_filtered_views,0,0,[],[],[],[],[],[],[],[],[],False,[],False,False,False,[],[],[],old-27-Word97--0-2,原件/免征目录/mf_batch27.doc,2bd67cf7e1efc03ae93942d0d340ffef87478709520383b6ee4d08baf843ead1,False,False,False,False
CA7003BEVC,0,0,0,not_in_observed_filtered_views,0,0,[],[],[],[],[],[],[],[],[],False,[],False,False,False,[],[],[],old-27-Word97--0-3,原件/免征目录/mf_batch27.doc,2bd67cf7e1efc03ae93942d0d340ffef87478709520383b6ee4d08baf843ead1,False,False,False,False
CA7003EVA,0,0,0,not_in_observed_filtered_views,0,0,[],[],[],[],[],[],[],[],[],False,[],False,False,False,[],[],[],old-10-PDF-grid-2-0-21,原件/免征目录/mf_batch10.pdf,ac1b1ad2605b4f24762fb1f01cea64b685393577d01648618fa1882bb5700ac3,False,False,False,False
CA7004EV,0,0,0,not_in_observed_filtered_views,0,0,[],[],[],[],[],[],[],[],[],False,[],False,False,False,[],[],[],old-22-Word97--0-14,原件/免征目录/mf_batch22.doc,eaf3fc1e64742af85b3d4bc90388d0a93154a497fd6c1fb9bf73b857672e1212,False,False,False,False
CA7005EV1,0,0,0,not_in_observed_filtered_views,0,0,[],[],[],[],[],[],[],[],[],False,[],False,False,False,[],[],[],old-02-PDF-grid-2-0-12,原件/免征目录/mf_batch02.pdf,0b13b4fd2de6c4de3ab0f8add88bb8d24354d05ca6af46904fe1065c53c9c519,False,False,False,False
CA7006BEV,0,0,0,not_in_observed_filtered_views,0,0,[],[],[],[],[],[],[],[],[],False,[],False,False,False,[],[],[],old-19-DOCX--0-55,原件/免征目录/mf_batch19.docx,fafd1558aa0f21067847c19bdd0a95c79b919737be7b07b87c4538107fb2b8e3,False,False,False,False
CA7006BEVA,0,0,0,not_in_observed_filtered_views,0,0,[],[],[],[],[],[],[],[],[],False,[],False,False,False,[],[],[],old-22-Word97--0-2,原件/免征目录/mf_batch22.doc,eaf3fc1e64742af85b3d4bc90388d0a93154a497fd6c1fb9bf73b857672e1212,False,False,False,False
CA7007BEVA,1,1,2,both,1,0,[],"[""5""]","[""NEDC""]","[""414""]","[""414""]","[""13.6""]","[""13.6"", ""14 ""]","[""1700""]","[{""eleEquivalentFuelConsumption"": ""1.5"", ""powerConsumption"": ""13.6"", ""runingRange"": ""414"", ""workConditionType"": ""NEDC""}, {""eleEquivalentFuelConsumption"": ""1.50 "", ""powerConsumption"": ""14 "", ""runingRange"": ""414"", ""workConditionType"": ""NEDC""}]",True,"[""multiple_old_consumption_raw_values"", ""new_old_consumption_raw_value_sets_differ_units_not_normalized""]",False,False,False,"[""2024-02-04""]","[""2024-07-08""]","[""历史车型补录""]",old-44-Word97--0-11,原件/免征目录/mf_batch44.doc,aea30846204f4e55c0d969450f1619e1649eb27f471d5b0a2636d0da77eb0611,False,False,False,False
CA7007BEVB,1,1,2,both,1,0,[],"[""5""]","[""NEDC""]","[""419""]","[""419""]","[""13.2""]","[""13 "", ""13.2""]","[""1700""]","[{""eleEquivalentFuelConsumption"": ""1.5"", ""powerConsumption"": ""13.2"", ""runingRange"": ""419"", ""workConditionType"": ""NEDC""}, {""eleEquivalentFuelConsumption"": ""1.50 "", ""powerConsumption"": ""13 "", ""runingRange"": ""419"", ""workConditionType"": ""NEDC""}]",True,"[""multiple_old_consumption_raw_values"", ""new_old_consumption_raw_value_sets_differ_units_not_normalized""]",False,False,False,"[""2024-02-04""]","[""2024-07-08""]","[""历史车型补录""]",old-39-Word97--0-8,原件/免征目录/mf_batch39.doc,48158862f567d71b07ac0a7a60c2c3bc6d2bb44dd5a86290b0b809d757a9eb07,False,False,False,False
CA7007BEVC,1,1,2,both,1,0,[],"[""5""]","[""NEDC""]","[""410""]","[""410""]","[""13.2""]","[""13 "", ""13.2""]","[""1700""]","[{""eleEquivalentFuelConsumption"": ""1.5"", ""powerConsumption"": ""13.2"", ""runingRange"": ""410"", ""workConditionType"": ""NEDC""}, {""eleEquivalentFuelConsumption"": ""1.50 "", ""powerConsumption"": ""13 "", ""runingRange"": ""410"", ""workConditionType"": ""NEDC""}]",True,"[""multiple_old_consumption_raw_values"", ""new_old_consumption_raw_value_sets_differ_units_not_normalized""]",False,False,False,"[""2024-02-04""]","[""2024-07-08""]","[""历史车型补录""]",old-41-Word97--0-8,原件/免征目录/mf_batch41.doc,ba4634c0877ebf99f8e462013e4a07e40f57478a4aaf921801a6c85a49c42b7f,False,False,False,False
CA7007BEVD,1,1,2,both,1,0,[],"[""5""]","[""CATC""]","[""425""]","[""425""]","[""12.8""]","[""12.8""]","[""1700""]","[{""eleEquivalentFuelConsumption"": ""1.45"", ""powerConsumption"": ""12.8"", ""runingRange"": ""425"", ""workConditionType"": ""CATC""}]",True,[],False,False,False,"[""2024-02-04""]","[""2024-07-08""]","[""历史车型补录""]",old-50-Word97--0-16,原件/免征目录/mf_batch50.doc,3810672d92621612507384960254de602e629e75a308df22ee2291519445095e,False,False,False,False
CA7007BEVE,1,1,1,both,1,0,[],"[""5""]","[""CATC""]","[""419""]","[""419""]","[""13.2""]","[""13.2""]","[""1700""]","[{""eleEquivalentFuelConsumption"": ""1.49"", ""powerConsumption"": ""13.2"", ""runingRange"": ""419"", ""workConditionType"": ""CATC""}]",True,[],False,False,False,"[""2024-02-04""]","[""2024-07-08""]","[""历史车型补录""]",old-50-Word97--0-17,原件/免征目录/mf_batch50.doc,3810672d92621612507384960254de602e629e75a308df22ee2291519445095e,False,False,False,False
CA7007BEVF,1,1,1,both,1,0,[],"[""5""]","[""CATC""]","[""425""]","[""425""]","[""12.8""]","[""12.8""]","[""1700""]","[{""eleEquivalentFuelConsumption"": ""1.4"", ""powerConsumption"": ""12.8"", ""runingRange"": ""425"", ""workConditionType"": ""CATC""}]",True,[],False,False,False,"[""2024-02-04""]","[""2024-07-08""]","[""历史车型补录""]",old-48-Word97--0-13,原件/免征目录/mf_batch48.doc,ee5aa19736215cfcb3b76ffff90bcd0d9108c61758ccb756f7d4ad17e75a835c,False,False,False,False
CA7007REV,0,0,0,not_in_observed_filtered_views,0,0,[],[],[],[],[],[],[],[],[],False,[],False,False,False,[],[],[],old-13-PDF-grid-2-0-17,原件/免征目录/mf_batch13.pdf,e82c4f41c448edbb5269c95f2ff35d0c577f7ff0d12ff30b2d4c307a1aa31a6b,False,False,False,False
CA7007REVZX,0,0,0,not_in_observed_filtered_views,0,0,[],[],[],[],[],[],[],[],[],False,[],False,False,False,[],[],[],old-21-DOCX--0-26,原件/免征目录/mf_batch21.docx,cd981cecffd781db646c194ab2c853b0466cc86eea0f616e95300b88932b8d9b,False,False,False,False
CA7008EV,0,0,0,not_in_observed_filtered_views,0,0,[],[],[],[],[],[],[],[],[],False,[],False,False,False,[],[],[],old-03-PDF-grid-1-0-13,原件/免征目录/mf_batch03.pdf,1367fdf126160143cbeecaedf4a66b528d105bbfa58a06b2118487a2e05000a5,False,False,False,False
CAF6470A1BEV,0,0,2,old_only,0,0,[],[],"[""CATC""]",[],"[""514""]",[],"[""13.5""]",[],"[{""eleEquivalentFuelConsumption"": ""1.53"", ""powerConsumption"": ""13.5"", ""runingRange"": ""514"", ""workConditionType"": ""CATC""}]",True,[],False,False,False,[],[],[],old-48-Word97--0-4,原件/免征目录/mf_batch48.doc,ee5aa19736215cfcb3b76ffff90bcd0d9108c61758ccb756f7d4ad17e75a835c,False,False,False,False
CAF6470A2BEV,0,0,2,old_only,0,0,[],[],"[""CATC""]",[],"[""619""]",[],"[""14.3""]",[],"[{""eleEquivalentFuelConsumption"": ""1.62"", ""powerConsumption"": ""14.3"", ""runingRange"": ""619"", ""workConditionType"": ""CATC""}]",True,[],False,False,False,[],[],[],old-48-Word97--0-3,原件/免征目录/mf_batch48.doc,ee5aa19736215cfcb3b76ffff90bcd0d9108c61758ccb756f7d4ad17e75a835c,False,False,False,False
CAF6470A3BEV,0,0,1,old_only,0,0,[],[],"[""CATC""]",[],"[""492""]",[],"[""17.9""]",[],"[{""eleEquivalentFuelConsumption"": ""2.02"", ""powerConsumption"": ""17.9"", ""runingRange"": ""492"", ""workConditionType"": ""CATC""}]",True,[],False,False,False,[],[],[],old-48-Word97--0-2,原件/免征目录/mf_batch48.doc,ee5aa19736215cfcb3b76ffff90bcd0d9108c61758ccb756f7d4ad17e75a835c,False,False,False,False
CAF6470A4BEV,0,0,1,old_only,0,0,[],[],"[""CATC""]",[],"[""554""]",[],"[""16.3""]",[],"[{""eleEquivalentFuelConsumption"": ""1.84"", ""powerConsumption"": ""16.3"", ""runingRange"": ""554"", ""workConditionType"": ""CATC""}]",True,[],False,False,False,[],[],[],old-49-Word97--0-2,原件/免征目录/mf_batch49.doc,c7a56509a4d9272982da0abc9d1ea213ee1fbea3d0f1edad124630c9b5e3474e,False,False,False,False
CAF6470B1BEV,0,0,2,old_only,0,0,[],[],"[""CATC""]",[],"[""525""]",[],"[""13.1""]",[],"[{""eleEquivalentFuelConsumption"": ""1.48"", ""powerConsumption"": ""13.1"", ""runingRange"": ""525"", ""workConditionType"": ""CATC""}]",True,[],False,False,False,[],[],[],old-61-Word97--0-58,原件/免征目录/mf_batch61.doc,d360a77695ccf20f3c17a354a1dd02fc846a7ae8bd18b41492515881a7240b72,False,False,False,False
CAF6470B2BEV,1,1,3,both,1,0,[],"[""5""]","[""CATC""]","[""700""]","[""700""]","[""12.4""]","[""12.4""]","[""2077""]","[{""eleEquivalentFuelConsumption"": ""1.40"", ""powerConsumption"": ""12.4"", ""runingRange"": ""700"", ""workConditionType"": ""CATC""}]",True,[],False,False,False,"[""2022-11-28""]","[""2024-07-16""]","[""新标准实施""]",old-60-Word97--0-35,原件/免征目录/mf_batch60.doc,aabd19e9a0955380873798454b18b3bb15c87937dffcbb0ccfab2eae3bf3551b,False,False,False,False
CAF6470B3BEV,1,1,1,both,1,0,[],"[""5""]","[""CATC""]","[""504""]","[""504""]","[""17.5""]","[""17.5""]","[""2231""]","[{""eleEquivalentFuelConsumption"": ""1.98"", ""powerConsumption"": ""17.5"", ""runingRange"": ""504"", ""workConditionType"": ""CATC""}]",True,[],False,False,False,"[""2022-11-28""]","[""2024-07-16""]","[""新标准实施""]",old-61-Word97--0-57,原件/免征目录/mf_batch61.doc,d360a77695ccf20f3c17a354a1dd02fc846a7ae8bd18b41492515881a7240b72,False,False,False,False
CAF6470B4BEV,0,0,1,old_only,0,0,[],[],"[""CATC""]",[],"[""602""]",[],"[""14.7""]",[],"[{""eleEquivalentFuelConsumption"": ""1.66"", ""powerConsumption"": ""14.7"", ""runingRange"": ""602"", ""workConditionType"": ""CATC""}]",True,[],False,False,False,[],[],[],old-61-Word97--0-56,原件/免征目录/mf_batch61.doc,d360a77695ccf20f3c17a354a1dd02fc846a7ae8bd18b41492515881a7240b72,False,False,False,False
CAF6470B5BEV,1,1,2,both,1,0,[],"[""5""]","[""CATC""]","[""609""]","[""609""]","[""13.7""]","[""13.7""]","[""2116""]","[{""eleEquivalentFuelConsumption"": ""1.55"", ""powerConsumption"": ""13.7"", ""runingRange"": ""609"", ""workConditionType"": ""CATC""}]",True,[],False,False,False,"[""2022-12-29""]","[""2024-07-16""]","[""新标准实施""]",old-62-Word97--0-56,原件/免征目录/mf_batch62.doc,7694ac7207998b6af7c895cdd2c1d752421df436d4b28f83195261dd47f6509c,False,False,False,False
CAM7000BABEV,0,0,6,old_only,0,0,[],[],"[""CATC""]",[],"[""450""]",[],"[""15.3"", null]",[],"[{""eleEquivalentFuelConsumption"": ""1.73"", ""powerConsumption"": ""15.3"", ""runingRange"": ""450"", ""workConditionType"": ""CATC""}, {""eleEquivalentFuelConsumption"": ""1.73"", ""runingRange"": ""450"", ""workConditionType"": ""CATC""}]",True,"[""multiple_old_consumption_raw_values""]",False,False,False,[],[],[],old-44-Word97--0-28,原件/免征目录/mf_batch44.doc,aea30846204f4e55c0d969450f1619e1649eb27f471d5b0a2636d0da77eb0611,False,False,False,False
CAP7000BEV,0,0,0,not_in_observed_filtered_views,0,0,[],[],[],[],[],[],[],[],[],False,[],False,False,False,[],[],[],old-06-PDF-grid-2-0-10,原件/免征目录/mf_batch06.pdf,df226dc3953484911afdd265072593abc08c9f66d52a1df7492e215ce15c9b54,False,False,False,False
CC6450AG00ABEV,0,0,0,not_in_observed_filtered_views,0,0,[],[],[],[],[],[],[],[],[],False,[],False,False,False,[],[],[],old-45-Word97--0-29,原件/免征目录/mf_batch45.doc,56f5e7c5fd36e990024f8121006a76da260361f4e4660846e78255d007126f7a,False,False,False,False
CC6450AG01BBEV,0,0,0,not_in_observed_filtered_views,0,0,[],[],[],[],[],[],[],[],[],False,[],False,False,False,[],[],[],old-45-Word97--0-30,原件/免征目录/mf_batch45.doc,56f5e7c5fd36e990024f8121006a76da260361f4e4660846e78255d007126f7a,False,False,False,False
CC7000BJ00HFBEV,2,2,2,both,2,0,[],"[""5""]","[""CATC""]","[""501""]","[""501""]","[""13.2""]","[""13.2""]","[""1600"", ""1650""]","[{""eleEquivalentFuelConsumption"": ""1.49"", ""powerConsumption"": ""13.2"", ""runingRange"": ""501"", ""workConditionType"": ""CATC""}]",True,"[""multiple_new_curb_mass_raw_values""]",False,False,False,[],"[""2024-07-12""]",[],old-69-Word97--0-12,原件/免征目录/mf_batch69.doc,357d61a16c94488c9fdd761f393edb7029b05394ab06117abaebcba1a1e45546,False,False,False,False
CC7000BJ01BBEV,0,0,14,old_only,0,0,[],[],"[""CATC"", ""NEDC""]",[],"[""401""]",[],"[""13.3""]",[],"[{""eleEquivalentFuelConsumption"": ""1.5"", ""powerConsumption"": ""13.3"", ""runingRange"": ""401"", ""workConditionType"": ""NEDC""}, {""eleEquivalentFuelConsumption"": ""1.50"", ""powerConsumption"": ""13.3"", ""runingRange"": ""401"", ""workConditionType"": ""CATC""}]",True,"[""multiple_old_cycle_codes""]",False,False,True,[],[],[],old-40-Word97--0-21,原件/免征目录/mf_batch40.doc,93047c8e87a1f45948933ee36d00160788032370ecf11b551624e0ca45ecc1d1,False,False,False,False
CC7000BJ01EBEV,0,0,8,old_only,0,0,[],[],"[""NEDC""]",[],"[""401""]",[],"[""13.1""]",[],"[{""eleEquivalentFuelConsumption"": ""1.48"", ""powerConsumption"": ""13.1"", ""runingRange"": ""401"", ""workConditionType"": ""NEDC""}, {""eleEquivalentFuelConsumption"": ""1.5"", ""powerConsumption"": ""13.1"", ""runingRange"": ""401"", ""workConditionType"": ""NEDC""}]",True,[],False,False,False,[],[],[],old-44-Word97--0-46,原件/免征目录/mf_batch44.doc,aea30846204f4e55c0d969450f1619e1649eb27f471d5b0a2636d0da77eb0611,False,False,False,False
CC7000BJ02ABEV,1,1,18,both,1,0,[],"[""5""]","[""NEDC""]","[""501""]","[""501""]","[""13.2""]","[""13.2""]","[""1510""]","[{""eleEquivalentFuelConsumption"": ""1.49"", ""powerConsumption"": ""13.2"", ""runingRange"": ""501"", ""workConditionType"": ""NEDC""}, {""eleEquivalentFuelConsumption"": ""1.5"", ""powerConsumption"": ""13.2"", ""runingRange"": ""501"", ""workConditionType"": ""NEDC""}]",True,[],False,False,False,[],"[""2024-07-12""]",[],old-34-Word97--0-18,原件/免征目录/mf_batch34.doc,d5c5bb03cc5fe0f16b284048e265ad35d62c12c0416f14aef0ce026a229aa831,False,False,False,False
CC7000BJ02BBEV,0,0,5,old_only,0,0,[],[],"[""CATC"", ""NEDC""]",[],"[""480""]",[],"[""13.5"", ""14 ""]",[],"[{""eleEquivalentFuelConsumption"": ""1.5"", ""powerConsumption"": ""13.5"", ""runingRange"": ""480"", ""workConditionType"": ""NEDC""}, {""eleEquivalentFuelConsumption"": ""1.53 "", ""powerConsumption"": ""14 "", ""runingRange"": ""480"", ""workConditionType"": ""NEDC""}, {""eleEquivalentFuelConsumption"": ""1.53"", ""powerConsumption"": ""13.5"", ""runingRange"": ""480"", ""workConditionType"": ""CATC""}]",True,"[""multiple_old_cycle_codes"", ""multiple_old_consumption_raw_values""]",False,False,True,[],[],[],old-44-Word97--0-47,原件/免征目录/mf_batch44.doc,aea30846204f4e55c0d969450f1619e1649eb27f471d5b0a2636d0da77eb0611,False,False,False,False
CC7000BJ02DBEV,1,1,6,both,1,0,[],"[""5""]","[""CATC"", ""NEDC""]","[""501""]","[""501""]","[""13.9""]","[""13.9""]","[""1609""]","[{""eleEquivalentFuelConsumption"": ""1.57"", ""powerConsumption"": ""13.9"", ""runingRange"": ""501"", ""workConditionType"": ""CATC""}, {""eleEquivalentFuelConsumption"": ""1.57"", ""powerConsumption"": ""13.9"", ""runingRange"": ""501"", ""workConditionType"": ""NEDC""}, {""eleEquivalentFuelConsumption"": ""1.6"", ""powerConsumption"": ""13.9"", ""runingRange"": ""501"", ""workConditionType"": ""NEDC""}]",True,"[""multiple_old_cycle_codes""]",False,False,True,[],"[""2024-07-12""]",[],old-44-Word97--0-50,原件/免征目录/mf_batch44.doc,aea30846204f4e55c0d969450f1619e1649eb27f471d5b0a2636d0da77eb0611,False,False,False,False
CC7000BJ02EBEV,1,1,5,both,1,0,[],"[""5""]","[""CATC"", ""NEDC""]","[""480""]","[""480""]","[""13.5""]","[""13.5"", ""14 ""]","[""1555""]","[{""eleEquivalentFuelConsumption"": ""1.5"", ""powerConsumption"": ""13.5"", ""runingRange"": ""480"", ""workConditionType"": ""NEDC""}, {""eleEquivalentFuelConsumption"": ""1.53 "", ""powerConsumption"": ""14 "", ""runingRange"": ""480"", ""workConditionType"": ""NEDC""}, {""eleEquivalentFuelConsumption"": ""1.53"", ""powerConsumption"": ""13.5"", ""runingRange"": ""480"", ""workConditionType"": ""CATC""}]",True,"[""multiple_old_cycle_codes"", ""multiple_old_consumption_raw_values"", ""new_old_consumption_raw_value_sets_differ_units_not_normalized""]",False,False,True,[],"[""2024-07-12""]",[],old-44-Word97--0-48,原件/免征目录/mf_batch44.doc,aea30846204f4e55c0d969450f1619e1649eb27f471d5b0a2636d0da77eb0611,False,False,False,False
CC7000BJ02HBEV,0,0,0,not_in_observed_filtered_views,0,0,[],[],[],[],[],[],[],[],[],False,[],False,False,False,[],[],[],old-59-Word97--0-23,原件/免征目录/mf_batch59.doc,32738e2df847e0c74ff96d48b8a13e1dd9c31aee84b7c0a633e2d9c8a3e01f86,False,False,False,False
CC7000BJ03HABEV,0,0,0,not_in_observed_filtered_views,0,0,[],[],[],[],[],[],[],[],[],False,[],False,False,False,[],[],[],old-60-Word97--0-11,原件/免征目录/mf_batch60.doc,aabd19e9a0955380873798454b18b3bb15c87937dffcbb0ccfab2eae3bf3551b,False,False,False,False
CC7000CE00BEV,0,0,0,not_in_observed_filtered_views,0,0,[],[],[],[],[],[],[],[],[],False,[],False,False,False,[],[],[],old-08-PDF-grid-2-0-6,原件/免征目录/mf_batch08.pdf,39b242717c026063c908426a890cd361f1165aa5729988d56303b2f8d5fb3b42,False,False,False,False
CC7000CE01BEV,0,0,0,not_in_observed_filtered_views,0,0,[],[],[],[],[],[],[],[],[],False,[],False,False,False,[],[],[],old-09-PDF-grid-3-0-9,原件/免征目录/mf_batch09.pdf,7eea7200c04fefec34f6ae6db5a1bae77f82a534348f266e95575cae051c8c8c,False,False,False,False
CC7000CE02BEV,0,0,0,not_in_observed_filtered_views,0,0,[],[],[],[],[],[],[],[],[],False,[],False,False,False,[],[],[],old-09-PDF-grid-3-0-8,原件/免征目录/mf_batch09.pdf,7eea7200c04fefec34f6ae6db5a1bae77f82a534348f266e95575cae051c8c8c,False,False,False,False
CC7000CE03BEV,0,0,0,not_in_observed_filtered_views,0,0,[],[],[],[],[],[],[],[],[],False,[],False,False,False,[],[],[],old-09-PDF-grid-3-0-7,原件/免征目录/mf_batch09.pdf,7eea7200c04fefec34f6ae6db5a1bae77f82a534348f266e95575cae051c8c8c,False,False,False,False
CC7000ZM00ABEV,0,0,2,old_only,0,0,[],[],"[""NEDC""]",[],"[""351""]",[],"[""10.4""]",[],"[{""eleEquivalentFuelConsumption"": ""1.18"", ""powerConsumption"": ""10.4"", ""runingRange"": ""351"", ""workConditionType"": ""NEDC""}]",True,[],False,False,False,[],[],[],old-20-DOCX--0-74,原件/免征目录/mf_batch20.docx,374d3f87551d75d1c163e76abb38f350ea93f8a2b8cad6174568c307d1cc0130,False,False,False,False
CC7000ZM00CBEV,0,0,11,old_only,0,0,[],[],"[""NEDC""]",[],"[""351""]",[],"[""10.2""]",[],"[{""eleEquivalentFuelConsumption"": ""1.15"", ""powerConsumption"": ""10.2"", ""runingRange"": ""351"", ""workConditionType"": ""NEDC""}]",True,[],False,False,False,[],[],[],old-24-Word97--1-10,原件/免征目录/mf_batch24.wps,07775a0cb063fe0fce5880b9378dd1eb2522b725d645cabdee314d604779939d,False,False,False,False
CC7000ZM01BEV,0,0,2,old_only,0,0,[],[],"[""NEDC""]",[],"[""310""]",[],"[""10.3""]",[],"[{""eleEquivalentFuelConsumption"": ""1.16"", ""powerConsumption"": ""10.3"", ""runingRange"": ""310"", ""workConditionType"": ""NEDC""}]",True,[],False,False,False,[],[],[],old-22-Word97--0-13,原件/免征目录/mf_batch22.doc,eaf3fc1e64742af85b3d4bc90388d0a93154a497fd6c1fb9bf73b857672e1212,False,False,False,False
CGC6371BEV2S1,0,0,2,old_only,0,0,[],[],"[""NEDC""]",[],"[""255""]",[],[null],[],"[{""eleEquivalentFuelConsumption"": ""1.52 "", ""runingRange"": ""255"", ""workConditionType"": ""NEDC""}]",True,[],False,False,False,[],[],[],old-24-Word97--0-4,原件/免征目录/mf_batch24.wps,07775a0cb063fe0fce5880b9378dd1eb2522b725d645cabdee314d604779939d,False,False,False,False
CGC6481BEV2P1,13,13,224,both,13,0,[],"[""5"", ""6""]","[""CATC"", ""NEDC""]","[""450"", ""550""]","[""405"", ""450"", ""550""]","[""16.9"", ""17.1""]","[""16.9"", ""17.1"", null]","[""1940"", ""1970"", ""2010"", ""2050"", ""2070"", ""2150""]","[{""eleEquivalentFuelConsumption"": ""1.91"", ""powerConsumption"": ""16.9"", ""runingRange"": ""450"", ""workConditionType"": ""CATC""}, {""eleEquivalentFuelConsumption"": ""1.91"", ""runingRange"": ""450"", ""workConditionType"": ""NEDC""}, {""eleEquivalentFuelConsumption"": ""1.93 "", ""runingRange"": ""405"", ""workConditionType"": ""NEDC""}, {""eleEquivalentFuelConsumption"": ""1.93 "", ""runingRange"": ""550"", ""workConditionType"": ""NEDC""}, {""eleEquivalentFuelConsumption"": ""1.93"", ""powerConsumption"": ""17.1"", ""runingRange"": ""550"", ""workConditionType"": ""NEDC""}, {""eleEquivalentFuelConsumption"": ""1.93"", ""runingRange"": ""405"", ""workConditionType"": ""NEDC""}, {""eleEquivalentFuelConsumption"": ""1.93"", ""runingRange"": ""550"", ""workConditionType"": ""NEDC""}, {""eleEquivalentFuelConsumption"": ""1.99"", ""powerConsumption"": ""17.1"", ""runingRange"": ""550"", ""workConditionType"": ""NEDC""}, {""runingRange"": ""405"", ""workConditionType"": ""NEDC""}, {""runingRange"": ""550"", ""workConditionType"": ""NEDC""}]",True,"[""multiple_new_standard_codes"", ""multiple_old_cycle_codes"", ""multiple_new_range_raw_values"", ""multiple_old_range_raw_values"", ""multiple_new_consumption_raw_values"", ""multiple_old_consumption_raw_values"", ""multiple_new_curb_mass_raw_values"", ""new_old_range_raw_value_sets_differ"", ""new_old_consumption_raw_value_sets_differ_units_not_normalized""]",False,True,True,"[""2020-12-30"", ""2021-06-11"", ""2022-04-07"", ""2023-07-17""]","[""2024-08-30""]","[""按照7月19日下发的《工业和信息化部办公厅 市场监管总局办公厅关于进一步加强轻型汽车能源消耗量标示管理的通知》重新申报""]",old-26-DOCX--0-9,原件/免征目录/mf_batch26.docx,de0890335ef3a4f1302a8a0735ec8b6aed52e994e2635db481820060d62248b5,False,False,False,False
CGC7000BEV2J4,0,0,2,old_only,0,0,[],[],"[""NEDC""]",[],"[""350""]",[],[null],[],"[{""eleEquivalentFuelConsumption"": ""1.27 "", ""runingRange"": ""350"", ""workConditionType"": ""NEDC""}, {""eleEquivalentFuelConsumption"": ""1.27"", ""runingRange"": ""350"", ""workConditionType"": ""NEDC""}]",True,[],False,False,False,[],[],[],old-40-Word97--0-3,原件/免征目录/mf_batch40.doc,93047c8e87a1f45948933ee36d00160788032370ecf11b551624e0ca45ecc1d1,False,False,False,False
CH7000BEVFA2BA,0,0,2,old_only,0,0,[],[],"[""NEDC""]",[],"[""101""]",[],"[""12.2""]",[],"[{""eleEquivalentFuelConsumption"": ""1.38"", ""powerConsumption"": ""12.2"", ""runingRange"": ""101"", ""workConditionType"": ""NEDC""}]",True,[],False,False,False,[],[],[],mf29-t0-r13,原件/mf_batch29.doc,8d24a01958cc6d44fa7826ecbb6a76869b9a0f2c98b97597d57af02932f2afaf,False,False,False,False
CH7000BEVFA3B5,0,0,2,old_only,0,0,[],[],"[""NEDC""]",[],"[""101""]",[],"[""12.4""]",[],"[{""eleEquivalentFuelConsumption"": ""1.4"", ""powerConsumption"": ""12.4"", ""runingRange"": ""101"", ""workConditionType"": ""NEDC""}]",True,[],False,False,False,[],[],[],old-27-Word97--0-24,原件/免征目录/mf_batch27.doc,2bd67cf7e1efc03ae93942d0d340ffef87478709520383b6ee4d08baf843ead1,False,False,False,False
CH7000BEVH2CA,0,0,0,not_in_observed_filtered_views,0,0,[],[],[],[],[],[],[],[],[],False,[],False,False,False,[],[],[],old-12-PDF-grid-2-0-8,原件/免征目录/mf_batch12.pdf,afbd7133ccf901dbdc065b2ff80768450dc901def8d216cf5bb87baa98f7a1e2,False,False,False,False
CH7002BEVH2CB,0,0,0,not_in_observed_filtered_views,0,0,[],[],[],[],[],[],[],[],[],False,[],False,False,False,[],[],[],old-20-DOCX--0-31,原件/免征目录/mf_batch20.docx,374d3f87551d75d1c163e76abb38f350ea93f8a2b8cad6174568c307d1cc0130,False,False,False,False
CH7005BEVA2CB,0,0,0,not_in_observed_filtered_views,0,0,[],[],[],[],[],[],[],[],[],False,[],False,False,False,[],[],[],old-09-PDF-grid-2-0-21,原件/免征目录/mf_batch09.pdf,7eea7200c04fefec34f6ae6db5a1bae77f82a534348f266e95575cae051c8c8c,False,False,False,False
CH7005BEVA2CC,0,0,0,not_in_observed_filtered_views,0,0,[],[],[],[],[],[],[],[],[],False,[],False,False,False,[],[],[],old-12-PDF-grid-2-0-9,原件/免征目录/mf_batch12.pdf,afbd7133ccf901dbdc065b2ff80768450dc901def8d216cf5bb87baa98f7a1e2,False,False,False,False
CH7005BEVC3CA,0,0,0,not_in_observed_filtered_views,0,0,[],[],[],[],[],[],[],[],[],False,[],False,False,False,[],[],[],old-10-PDF-grid-2-0-11,原件/免征目录/mf_batch10.pdf,ac1b1ad2605b4f24762fb1f01cea64b685393577d01648618fa1882bb5700ac3,False,False,False,False
CH7005BEVC3CB,0,0,0,not_in_observed_filtered_views,0,0,[],[],[],[],[],[],[],[],[],False,[],False,False,False,[],[],[],old-11-PDF-grid-1-0-23,原件/免征目录/mf_batch11.pdf,ec4f33e5e872841e6d1fa5d435793c285a15614ef2e64f39b9013389b5e51724,False,False,False,False
CH7005BEVFC2B1,1,1,1,both,1,0,[],"[""5""]","[""CATC""]","[""180""]","[""180""]","[""12.0""]","[""12""]","[""965""]","[{""eleEquivalentFuelConsumption"": ""1.39"", ""powerConsumption"": ""12"", ""runingRange"": ""180"", ""workConditionType"": ""CATC""}]",True,"[""new_old_consumption_raw_value_sets_differ_units_not_normalized""]",False,False,False,"[""2023-08-15""]","[""2024-08-12""]","[""为应对轻型汽车能源消耗量标示管理，老版标识（老版标识已于2023年8月15日启用）切换为新版标识""]",old-69-Word97--0-40,原件/免征目录/mf_batch69.doc,357d61a16c94488c9fdd761f393edb7029b05394ab06117abaebcba1a1e45546,False,False,False,False
CSA6456BEV1,0,0,3,old_only,0,0,[],[],"[""NEDC""]",[],"[""320""]",[],"[""15"", ""15.0""]",[],"[{""eleEquivalentFuelConsumption"": ""1.7"", ""powerConsumption"": ""15"", ""runingRange"": ""320"", ""workConditionType"": ""NEDC""}, {""eleEquivalentFuelConsumption"": ""1.7"", ""powerConsumption"": ""15.0"", ""runingRange"": ""320"", ""workConditionType"": ""NEDC""}]",True,"[""multiple_old_consumption_raw_values""]",False,False,False,[],[],[],old-10-PDF-grid-2-0-16,原件/免征目录/mf_batch10.pdf,ac1b1ad2605b4f24762fb1f01cea64b685393577d01648618fa1882bb5700ac3,False,False,False,False
CSA6456BEV2,0,0,3,old_only,0,0,[],[],"[""NEDC""]",[],"[""320""]",[],"[""15.5""]",[],"[{""eleEquivalentFuelConsumption"": ""1.75"", ""powerConsumption"": ""15.5"", ""runingRange"": ""320"", ""workConditionType"": ""NEDC""}, {""eleEquivalentFuelConsumption"": ""1.8"", ""powerConsumption"": ""15.5"", ""runingRange"": ""320"", ""workConditionType"": ""NEDC""}]",True,[],False,False,False,[],[],[],old-16-Word97--0-43,原件/免征目录/mf_batch16.docx,9db5ace6c1c59bd9636d48636f94fa77d2b6e0aa27b109421690ce6a8c4a3967,False,False,False,False
CSA6461FBEV1,0,0,2,old_only,0,0,[],[],"[""NEDC""]",[],"[""403""]",[],"[""14.2""]",[],"[{""eleEquivalentFuelConsumption"": ""1.61"", ""powerConsumption"": ""14.2"", ""runingRange"": ""403"", ""workConditionType"": ""NEDC""}]",True,[],False,False,False,[],[],[],old-16-Word97--0-42,原件/免征目录/mf_batch16.docx,9db5ace6c1c59bd9636d48636f94fa77d2b6e0aa27b109421690ce6a8c4a3967,False,False,False,False
CSA6461FBEV2,0,0,2,old_only,0,0,[],[],"[""NEDC""]",[],"[""370""]",[],"[""16.0""]",[],"[{""eleEquivalentFuelConsumption"": ""1.81"", ""powerConsumption"": ""16.0"", ""runingRange"": ""370"", ""workConditionType"": ""NEDC""}]",True,[],False,False,False,[],[],[],old-17-PDF-grid-2-0-16,原件/免征目录/mf_batch17.pdf,577a4ba9c586fe08565f6a60e6de5474698031566d8dcef484cd44335879e334,False,False,False,False
CSA6461FBEV3,0,0,1,old_only,0,0,[],[],"[""NEDC""]",[],"[""330""]",[],"[""18.5""]",[],"[{""eleEquivalentFuelConsumption"": ""2.09"", ""powerConsumption"": ""18.5"", ""runingRange"": ""330"", ""workConditionType"": ""NEDC""}]",True,[],False,False,False,[],[],[],old-28-Word97--0-18,原件/免征目录/mf_batch28.doc,dfe1b301a5e8373e94e0e4a2fccee3d258c56bb662e4928764a71274142acd72,False,False,False,False
CSA6471FBEV2,0,0,4,old_only,0,0,[],[],"[""NEDC""]",[],"[""460""]",[],"[""16.7""]",[],"[{""eleEquivalentFuelConsumption"": ""1.89"", ""powerConsumption"": ""16.7"", ""runingRange"": ""460"", ""workConditionType"": ""NEDC""}, {""eleEquivalentFuelConsumption"": ""1.9"", ""powerConsumption"": ""16.7"", ""runingRange"": ""460"", ""workConditionType"": ""NEDC""}]",True,[],False,False,False,[],[],[],old-30-Word97--0-15,原件/免征目录/mf_batch30.doc,e7fa3b47858ec2035b8055bc15be00b2b26920a5e8d3cad481058a80b92ead24,False,False,False,False
CSA6471FBEV3,0,0,4,old_only,0,0,[],[],"[""NEDC""]",[],"[""505""]",[],"[""15.3""]",[],"[{""eleEquivalentFuelConsumption"": ""1.7"", ""powerConsumption"": ""15.3"", ""runingRange"": ""505"", ""workConditionType"": ""NEDC""}, {""eleEquivalentFuelConsumption"": ""1.73"", ""powerConsumption"": ""15.3"", ""runingRange"": ""505"", ""workConditionType"": ""NEDC""}]",True,[],False,False,False,[],[],[],old-31-Word97--0-22,原件/免征目录/mf_batch31.doc,e1ccec4a87ab96ca346e5756d6b14369eb9727ec2c2cfd03c1182a592ddd3bee,False,False,False,False
CSA6471FBEV4,0,0,1,old_only,0,0,[],[],"[""CATC""]",[],"[""410""]",[],"[""15.6""]",[],"[{""eleEquivalentFuelConsumption"": ""1.76"", ""powerConsumption"": ""15.6"", ""runingRange"": ""410"", ""workConditionType"": ""CATC""}]",True,[],False,False,False,[],[],[],old-51-Word97--0-24,原件/免征目录/mf_batch51.doc,35411ca0ab3ef42915600b148fca6fe76bcb86f5dc3812f71d74f3ebda125ce6,False,False,False,False
CSA6492LBEV1,1,1,2,both,1,0,[],"[""5""]","[""CATC""]","[""590""]","[""590""]","[""15.4""]","[""15.4""]","[""2354""]","[{""eleEquivalentFuelConsumption"": ""1.74"", ""powerConsumption"": ""15.4"", ""runingRange"": ""590"", ""workConditionType"": ""CATC""}]",True,[],False,False,False,"[""2023-12-12""]","[""2024-07-10""]","[""在产车型新版能耗标准备案""]",old-67-Word97--0-26,原件/免征目录/mf_batch67.doc,963a02fcc1f361414f4f003c6d63e00b178d0b962134ed2206c38978f3118101,False,False,False,False
CSA6492LBEV2,1,1,2,both,1,0,[],"[""5""]","[""CATC""]","[""702""]","[""702""]","[""15.8""]","[""15.8""]","[""2432""]","[{""eleEquivalentFuelConsumption"": ""1.79"", ""powerConsumption"": ""15.8"", ""runingRange"": ""702"", ""workConditionType"": ""CATC""}]",True,[],False,False,False,"[""2023-12-12""]","[""2024-07-10""]","[""在产车型新版能耗标准备案""]",old-67-Word97--0-27,原件/免征目录/mf_batch67.doc,963a02fcc1f361414f4f003c6d63e00b178d0b962134ed2206c38978f3118101,False,False,False,False
CSA6492LBEV3,1,1,2,both,1,0,[],"[""5""]","[""CATC""]","[""560""]","[""560""]","[""14.4""]","[""14.4""]","[""2150""]","[{""eleEquivalentFuelConsumption"": ""1.63"", ""powerConsumption"": ""14.4"", ""runingRange"": ""560"", ""workConditionType"": ""CATC""}]",True,[],False,False,False,"[""2023-10-18""]","[""2024-07-10""]","[""在产车型新版能耗标准备案""]",old-68-Word97--0-32,原件/免征目录/mf_batch68.doc,58113d08377020d08de0aeb0e08ff63c4a4411dbe35ad69cfdd6f82fdf0fcc77,False,False,False,False
CSA6492LBEV4,1,1,2,both,1,0,[],"[""5""]","[""CATC""]","[""630""]","[""630""]","[""14.7""]","[""14.7""]","[""2200""]","[{""eleEquivalentFuelConsumption"": ""1.66"", ""powerConsumption"": ""14.7"", ""runingRange"": ""630"", ""workConditionType"": ""CATC""}]",True,[],False,False,False,"[""2023-10-18""]","[""2024-07-10""]","[""在产车型新版能耗标准备案""]",old-68-Word97--0-30,原件/免征目录/mf_batch68.doc,58113d08377020d08de0aeb0e08ff63c4a4411dbe35ad69cfdd6f82fdf0fcc77,False,False,False,False
CSA6492LBEV5,1,1,2,both,1,0,[],"[""5""]","[""CATC""]","[""680""]","[""680""]","[""15.1""]","[""15.1""]","[""2227""]","[{""eleEquivalentFuelConsumption"": ""1.71"", ""powerConsumption"": ""15.1"", ""runingRange"": ""680"", ""workConditionType"": ""CATC""}]",True,[],False,False,False,"[""2023-09-13""]","[""2024-07-10""]","[""在产车型新版能耗标准备案""]",old-69-Word97--0-77,原件/免征目录/mf_batch69.doc,357d61a16c94488c9fdd761f393edb7029b05394ab06117abaebcba1a1e45546,False,False,False,False
CSA6493YBEV1,2,2,4,both,2,0,[],"[""5""]","[""CATC""]","[""551"", ""570""]","[""551"", ""570""]","[""14.9"", ""15.3""]","[""14.9"", ""15.3""]","[""2100"", ""2168""]","[{""eleEquivalentFuelConsumption"": ""1.69"", ""powerConsumption"": ""14.9"", ""runingRange"": ""551"", ""workConditionType"": ""CATC""}, {""eleEquivalentFuelConsumption"": ""1.73"", ""powerConsumption"": ""15.3"", ""runingRange"": ""570"", ""workConditionType"": ""CATC""}]",True,"[""multiple_new_range_raw_values"", ""multiple_old_range_raw_values"", ""multiple_new_consumption_raw_values"", ""multiple_old_consumption_raw_values"", ""multiple_new_curb_mass_raw_values""]",False,False,False,"[""2023-08-15""]","[""2024-07-10""]","[""在产车型新版能耗标准备案""]",old-54-Word97--0-14,原件/免征目录/mf_batch54.doc,e4ce106fc0fb21bc61cac40ff0de97e60dff2d18b5b7d24c494bb74873312fd7,False,False,False,False
CSA6493YBEV2,3,3,4,both,3,0,[],"[""5""]","[""CATC""]","[""630"", ""642"", ""670""]","[""630"", ""642""]","[""15.5"", ""16.2""]","[""15.5"", ""16.2""]","[""2150"", ""2210""]","[{""eleEquivalentFuelConsumption"": ""1.75"", ""powerConsumption"": ""15.5"", ""runingRange"": ""642"", ""workConditionType"": ""CATC""}, {""eleEquivalentFuelConsumption"": ""1.83"", ""powerConsumption"": ""16.2"", ""runingRange"": ""630"", ""workConditionType"": ""CATC""}]",True,"[""multiple_new_range_raw_values"", ""multiple_old_range_raw_values"", ""multiple_new_consumption_raw_values"", ""multiple_old_consumption_raw_values"", ""multiple_new_curb_mass_raw_values"", ""new_old_range_raw_value_sets_differ""]",False,False,False,"[""2023-08-15""]","[""2024-07-10""]","[""在产车型新版能耗标准备案""]",old-54-Word97--0-13,原件/免征目录/mf_batch54.doc,e4ce106fc0fb21bc61cac40ff0de97e60dff2d18b5b7d24c494bb74873312fd7,False,False,False,False
CSA6493YBEV3,1,1,2,both,1,0,[],"[""5""]","[""CATC""]","[""606""]","[""606""]","[""15.8""]","[""15.8""]","[""2310""]","[{""eleEquivalentFuelConsumption"": ""1.79"", ""powerConsumption"": ""15.8"", ""runingRange"": ""606"", ""workConditionType"": ""CATC""}]",True,[],False,False,False,"[""2023-03-10""]","[""2024-07-10""]","[""在产车型新版能耗标准备案""]",old-54-Word97--0-12,原件/免征目录/mf_batch54.doc,e4ce106fc0fb21bc61cac40ff0de97e60dff2d18b5b7d24c494bb74873312fd7,False,False,False,False
CSA6493YSEV2,2,2,4,both,2,0,[],"[""5""]","[""CATC""]","[""606"", ""634""]","[""606"", ""634""]","[""15.8""]","[""15.8""]","[""2280"", ""2310""]","[{""eleEquivalentFuelConsumption"": ""1.79"", ""powerConsumption"": ""15.8"", ""runingRange"": ""606"", ""workConditionType"": ""CATC""}, {""eleEquivalentFuelConsumption"": ""1.79"", ""powerConsumption"": ""15.8"", ""runingRange"": ""634"", ""workConditionType"": ""CATC""}]",True,"[""multiple_new_range_raw_values"", ""multiple_old_range_raw_values"", ""multiple_new_curb_mass_raw_values""]",False,False,False,"[""2023-11-20""]","[""2024-07-10""]","[""在产车型新版能耗标准备案""]",old-54-Word97--0-11,原件/免征目录/mf_batch54.doc,e4ce106fc0fb21bc61cac40ff0de97e60dff2d18b5b7d24c494bb74873312fd7,False,False,False,False
CSA6501LBEV1,2,2,4,both,2,0,[],"[""5""]","[""CATC""]","[""660"", ""705""]","[""660"", ""705""]","[""16.0"", ""16.2""]","[""16.0"", ""16.2""]","[""2480"", ""2520""]","[{""eleEquivalentFuelConsumption"": ""1.81"", ""powerConsumption"": ""16.0"", ""runingRange"": ""705"", ""workConditionType"": ""CATC""}, {""eleEquivalentFuelConsumption"": ""1.83"", ""powerConsumption"": ""16.2"", ""runingRange"": ""660"", ""workConditionType"": ""CATC""}]",True,"[""multiple_new_range_raw_values"", ""multiple_old_range_raw_values"", ""multiple_new_consumption_raw_values"", ""multiple_old_consumption_raw_values"", ""multiple_new_curb_mass_raw_values""]",False,False,False,"[""2022-08-10"", ""2023-09-13""]","[""2024-07-10""]","[""在产车型新版能耗标准备案""]",old-57-Word97--0-5,原件/免征目录/mf_batch57.doc,96d9708a19952b23d71fc40e9976a33ae30ca118226a032954a93ab36f355f21,False,False,False,False
CSA6501LBEV2,2,2,4,both,2,0,[],"[""5""]","[""CATC""]","[""625"", ""665""]","[""625"", ""665""]","[""16.9"", ""17.5""]","[""16.9"", ""17.5""]","[""2560"", ""2630""]","[{""eleEquivalentFuelConsumption"": ""1.91"", ""powerConsumption"": ""16.9"", ""runingRange"": ""665"", ""workConditionType"": ""CATC""}, {""eleEquivalentFuelConsumption"": ""1.98"", ""powerConsumption"": ""17.5"", ""runingRange"": ""625"", ""workConditionType"": ""CATC""}]",True,"[""multiple_new_range_raw_values"", ""multiple_old_range_raw_values"", ""multiple_new_consumption_raw_values"", ""multiple_old_consumption_raw_values"", ""multiple_new_curb_mass_raw_values""]",False,False,False,"[""2022-08-10"", ""2023-09-13""]","[""2024-07-10""]","[""在产车型新版能耗标准备案""]",old-57-Word97--0-6,原件/免征目录/mf_batch57.doc,96d9708a19952b23d71fc40e9976a33ae30ca118226a032954a93ab36f355f21,False,False,False,False
CSA6501LBEV3,2,2,4,both,2,0,[],"[""5""]","[""CATC""]","[""602"", ""640""]","[""602"", ""640""]","[""15.5"", ""15.9""]","[""15.5"", ""15.9""]","[""2390"", ""2400""]","[{""eleEquivalentFuelConsumption"": ""1.75"", ""powerConsumption"": ""15.5"", ""runingRange"": ""640"", ""workConditionType"": ""CATC""}, {""eleEquivalentFuelConsumption"": ""1.80"", ""powerConsumption"": ""15.9"", ""runingRange"": ""602"", ""workConditionType"": ""CATC""}]",True,"[""multiple_new_range_raw_values"", ""multiple_old_range_raw_values"", ""multiple_new_consumption_raw_values"", ""multiple_old_consumption_raw_values"", ""multiple_new_curb_mass_raw_values""]",False,False,False,"[""2022-12-29"", ""2023-09-13""]","[""2024-07-10""]","[""在产车型新版能耗标准备案""]",old-62-Word97--0-62,原件/免征目录/mf_batch62.doc,7694ac7207998b6af7c895cdd2c1d752421df436d4b28f83195261dd47f6509c,False,False,False,False
CSA6501LBEV4,2,2,4,both,2,0,[],"[""5""]","[""CATC""]","[""550"", ""600""]","[""550"", ""600""]","[""16.8"", ""17.2""]","[""16.8"", ""17.2""]","[""2460"", ""2490""]","[{""eleEquivalentFuelConsumption"": ""1.90"", ""powerConsumption"": ""16.8"", ""runingRange"": ""600"", ""workConditionType"": ""CATC""}, {""eleEquivalentFuelConsumption"": ""1.94"", ""powerConsumption"": ""17.2"", ""runingRange"": ""550"", ""workConditionType"": ""CATC""}]",True,"[""multiple_new_range_raw_values"", ""multiple_old_range_raw_values"", ""multiple_new_consumption_raw_values"", ""multiple_old_consumption_raw_values"", ""multiple_new_curb_mass_raw_values""]",False,False,False,"[""2023-04-17"", ""2023-09-13""]","[""2024-07-10""]","[""在产车型新版能耗标准备案""]",old-64-Word97--0-30,原件/免征目录/mf_batch64.doc,c4e238989e7e40ec2c3a6a899ead170b4a745bc72546ba6fd4a5731d8890c6cb,False,False,False,False
CSA6501LBEV5,2,2,4,both,2,0,[],"[""5""]","[""CATC""]","[""510""]","[""510""]","[""15.7""]","[""15.7""]","[""2290"", ""2320""]","[{""eleEquivalentFuelConsumption"": ""1.78"", ""powerConsumption"": ""15.7"", ""runingRange"": ""510"", ""workConditionType"": ""CATC""}]",True,"[""multiple_new_curb_mass_raw_values""]",False,False,False,"[""2023-05-09"", ""2023-09-13""]","[""2024-07-10""]","[""在产车型新版能耗标准备案""]",old-65-Word97--0-42,原件/免征目录/mf_batch65.doc,06a6a578a9a60516a845bc92deac49954438a789e9e4a7cf3cd140f256d9b13d,False,False,False,False
CSA7000BEV,0,0,0,not_in_observed_filtered_views,0,0,[],[],[],[],[],[],[],[],[],False,[],False,False,False,[],[],[],old-01-PDF-grid-1-0-13,原件/免征目录/mf_batch01.pdf,eac13628c37f01c4da157a2d1916d97acc81fdc295f18e1783549075ce7e5aa7,False,False,False,False
CSA7001BEV,0,0,0,not_in_observed_filtered_views,0,0,[],[],[],[],[],[],[],[],[],False,[],False,False,False,[],[],[],old-06-PDF-grid-2-0-7,原件/免征目录/mf_batch06.pdf,df226dc3953484911afdd265072593abc08c9f66d52a1df7492e215ce15c9b54,False,False,False,False
CSA7001KBEV2,0,0,1,old_only,0,0,[],[],"[""NEDC""]",[],"[""260""]",[],"[""10 ""]",[],"[{""eleEquivalentFuelConsumption"": ""1.12 "", ""powerConsumption"": ""10 "", ""runingRange"": ""260"", ""workConditionType"": ""NEDC""}]",True,[],False,False,False,[],[],[],old-25-Word97--0-20,原件/免征目录/mf_batch25.wps,9d2abe319463522513fe9c90f98bb8d0a825b599267d0b3cc403cec9624b3297,False,False,False,False
CSA7001KBEV5,0,0,7,old_only,0,0,[],[],"[""CATC"", ""NEDC""]",[],"[""302"", ""311""]",[],"[""9.9""]",[],"[{""eleEquivalentFuelConsumption"": ""1.12 "", ""powerConsumption"": ""9.9"", ""runingRange"": ""302"", ""workConditionType"": ""NEDC""}, {""eleEquivalentFuelConsumption"": ""1.12"", ""powerConsumption"": ""9.9"", ""runingRange"": ""311"", ""workConditionType"": ""CATC""}]",True,"[""multiple_old_cycle_codes"", ""multiple_old_range_raw_values""]",False,False,True,[],[],[],old-33-Word97--0-57,原件/免征目录/mf_batch33.doc,ff98fbb1708c47cdcfc1e79e7a1647e72a7ae6d4255dce3b250d661001340c09,False,False,False,False
CSA7001KBEV6,0,0,2,old_only,0,0,[],[],"[""CATC""]",[],"[""311""]",[],"[""9.9""]",[],"[{""eleEquivalentFuelConsumption"": ""1.12"", ""powerConsumption"": ""9.9"", ""runingRange"": ""311"", ""workConditionType"": ""CATC""}]",True,[],False,False,False,[],[],[],old-46-Word97--0-62,原件/免征目录/mf_batch46.doc,a4b2048b3d5c29a8969f0348e9fd19a3293f0c23e6f37a48bf42a2ed70c7d37d,False,False,False,False
CSA7001SBEV1,1,1,16,both,1,0,[],"[""6""]","[""NEDC""]","[""605""]","[""605""]","[""12.6""]","[""12.6""]","[""1600""]","[{""eleEquivalentFuelConsumption"": ""1.43"", ""powerConsumption"": ""12.6"", ""runingRange"": ""605"", ""workConditionType"": ""NEDC""}]",True,[],False,False,False,"[""2023-06-07""]","[""2024-07-05""]","[""在产车型新版能耗标准备案""]",old-30-Word97--0-16,原件/免征目录/mf_batch30.doc,e7fa3b47858ec2035b8055bc15be00b2b26920a5e8d3cad481058a80b92ead24,False,False,False,False
CSA7001SBEV2,1,1,7,both,1,0,[],"[""6""]","[""NEDC""]","[""520""]","[""520""]","[""12.2""]","[""12.2""]","[""1600""]","[{""eleEquivalentFuelConsumption"": ""1.38"", ""powerConsumption"": ""12.2"", ""runingRange"": ""520"", ""workConditionType"": ""NEDC""}]",True,[],False,False,False,"[""2022-03-08""]","[""2024-07-05""]","[""在产车型新版能耗标准备案""]",old-33-Word97--0-58,原件/免征目录/mf_batch33.doc,ff98fbb1708c47cdcfc1e79e7a1647e72a7ae6d4255dce3b250d661001340c09,False,False,False,False
CSA7001SBEV3,1,1,8,both,1,0,[],"[""6""]","[""NEDC""]","[""620""]","[""620""]","[""12.2""]","[""12.2""]","[""1635""]","[{""eleEquivalentFuelConsumption"": ""1.38"", ""powerConsumption"": ""12.2"", ""runingRange"": ""620"", ""workConditionType"": ""NEDC""}]",True,[],False,False,False,"[""2022-03-08""]","[""2024-07-05""]","[""在产车型新版能耗标准备案""]",old-33-Word97--0-59,原件/免征目录/mf_batch33.doc,ff98fbb1708c47cdcfc1e79e7a1647e72a7ae6d4255dce3b250d661001340c09,False,False,False,False
CSA7001SBEV4,1,1,9,both,1,0,[],"[""6""]","[""NEDC""]","[""502""]","[""502""]","[""12.9""]","[""12.9""]","[""1575""]","[{""eleEquivalentFuelConsumption"": ""1.46 "", ""powerConsumption"": ""12.9"", ""runingRange"": ""502"", ""workConditionType"": ""NEDC""}, {""eleEquivalentFuelConsumption"": ""1.46"", ""powerConsumption"": ""12.9"", ""runingRange"": ""502"", ""workConditionType"": ""NEDC""}, {""eleEquivalentFuelConsumption"": ""1.5"", ""powerConsumption"": ""12.9"", ""runingRange"": ""502"", ""workConditionType"": ""NEDC""}]",True,[],False,False,False,"[""2023-06-07""]","[""2024-07-05""]","[""在产车型新版能耗标准备案""]",old-41-Word97--0-36,原件/免征目录/mf_batch41.doc,ba4634c0877ebf99f8e462013e4a07e40f57478a4aaf921801a6c85a49c42b7f,False,False,False,False
CSA7001SBEV5,1,1,1,both,1,0,[],"[""5""]","[""CATC""]","[""420""]","[""420""]","[""13.5""]","[""13.5""]","[""1575""]","[{""eleEquivalentFuelConsumption"": ""1.53"", ""powerConsumption"": ""13.5"", ""runingRange"": ""420"", ""workConditionType"": ""CATC""}]",True,[],False,False,False,"[""2023-06-07""]","[""2024-07-05""]","[""在产车型新版能耗标准备案""]",old-56-Word97--0-6,原件/免征目录/mf_batch56.doc,cbffdc0819640e8f18c11a2a277b26b2e043c81406533457ff225f4df1c6c068,False,False,False,False
CSA7001UBEV1,0,0,8,old_only,0,0,[],[],"[""NEDC""]",[],"[""335""]",[],"[""13.8""]",[],"[{""eleEquivalentFuelConsumption"": ""1.56"", ""powerConsumption"": ""13.8"", ""runingRange"": ""335"", ""workConditionType"": ""NEDC""}, {""eleEquivalentFuelConsumption"": ""1.6"", ""powerConsumption"": ""13.8"", ""runingRange"": ""335"", ""workConditionType"": ""NEDC""}]",True,[],False,False,False,[],[],[],old-21-DOCX--0-19,原件/免征目录/mf_batch21.docx,cd981cecffd781db646c194ab2c853b0466cc86eea0f616e95300b88932b8d9b,False,False,False,False
CSA7002CBEV1,1,1,2,both,1,0,[],"[""5""]","[""CATC""]","[""501""]","[""501""]","[""14.0""]","[""14.0""]","[""1850""]","[{""eleEquivalentFuelConsumption"": ""1.58"", ""powerConsumption"": ""14.0"", ""runingRange"": ""501"", ""workConditionType"": ""CATC""}]",True,[],False,False,False,"[""2023-05-09""]","[""2024-07-05""]","[""在产车型新版能耗标准备案""]",old-65-Word97--0-40,原件/免征目录/mf_batch65.doc,06a6a578a9a60516a845bc92deac49954438a789e9e4a7cf3cd140f256d9b13d,False,False,False,False
CSA7002CBEV2,1,1,2,both,1,0,[],"[""5""]","[""CATC""]","[""580""]","[""580""]","[""14.3""]","[""14.3""]","[""1885""]","[{""eleEquivalentFuelConsumption"": ""1.62"", ""powerConsumption"": ""14.3"", ""runingRange"": ""580"", ""workConditionType"": ""CATC""}]",True,[],False,False,False,"[""2023-05-09""]","[""2024-07-05""]","[""在产车型新版能耗标准备案""]",old-65-Word97--0-39,原件/免征目录/mf_batch65.doc,06a6a578a9a60516a845bc92deac49954438a789e9e4a7cf3cd140f256d9b13d,False,False,False,False
CSA7002CBEV3,1,1,2,both,1,0,[],"[""5""]","[""CATC""]","[""520""]","[""520""]","[""16.1""]","[""16.1""]","[""1985""]","[{""eleEquivalentFuelConsumption"": ""1.82"", ""powerConsumption"": ""16.1"", ""runingRange"": ""520"", ""workConditionType"": ""CATC""}]",True,[],False,False,False,"[""2023-05-09""]","[""2024-07-05""]","[""在产车型新版能耗标准备案""]",old-65-Word97--0-41,原件/免征目录/mf_batch65.doc,06a6a578a9a60516a845bc92deac49954438a789e9e4a7cf3cd140f256d9b13d,False,False,False,False
CSA7002FBEV1,0,0,2,old_only,0,0,[],[],"[""NEDC""]",[],"[""301""]",[],"[""12 "", ""12.4""]",[],"[{""eleEquivalentFuelConsumption"": ""1.40 "", ""powerConsumption"": ""12 "", ""runingRange"": ""301"", ""workConditionType"": ""NEDC""}, {""eleEquivalentFuelConsumption"": ""1.49"", ""powerConsumption"": ""12.4"", ""runingRange"": ""301"", ""workConditionType"": ""NEDC""}]",True,"[""multiple_old_consumption_raw_values""]",False,False,False,[],[],[],old-13-PDF-grid-2-0-15,原件/免征目录/mf_batch13.pdf,e82c4f41c448edbb5269c95f2ff35d0c577f7ff0d12ff30b2d4c307a1aa31a6b,False,False,False,False
CSA7002FBEV3,0,0,2,old_only,0,0,[],[],"[""NEDC""]",[],"[""400""]",[],"[""13 "", ""13.2""]",[],"[{""eleEquivalentFuelConsumption"": ""1.49 "", ""powerConsumption"": ""13 "", ""runingRange"": ""400"", ""workConditionType"": ""NEDC""}, {""eleEquivalentFuelConsumption"": ""1.49"", ""powerConsumption"": ""13.2"", ""runingRange"": ""400"", ""workConditionType"": ""NEDC""}]",True,"[""multiple_old_consumption_raw_values""]",False,False,False,[],[],[],old-20-DOCX--0-52,原件/免征目录/mf_batch20.docx,374d3f87551d75d1c163e76abb38f350ea93f8a2b8cad6174568c307d1cc0130,False,False,False,False
CSA7002FBEV4,0,0,2,old_only,0,0,[],[],"[""NEDC""]",[],"[""420""]",[],"[""13 "", ""13.2""]",[],"[{""eleEquivalentFuelConsumption"": ""1.49 "", ""powerConsumption"": ""13 "", ""runingRange"": ""420"", ""workConditionType"": ""NEDC""}, {""eleEquivalentFuelConsumption"": ""1.49"", ""powerConsumption"": ""13.2"", ""runingRange"": ""420"", ""workConditionType"": ""NEDC""}]",True,"[""multiple_old_consumption_raw_values""]",False,False,False,[],[],[],old-20-DOCX--0-53,原件/免征目录/mf_batch20.docx,374d3f87551d75d1c163e76abb38f350ea93f8a2b8cad6174568c307d1cc0130,False,False,False,False
CSA7002FBEV5,0,0,2,old_only,0,0,[],[],"[""NEDC""]",[],"[""400""]",[],"[""13 "", ""13.2""]",[],"[{""eleEquivalentFuelConsumption"": ""1.49 "", ""powerConsumption"": ""13 "", ""runingRange"": ""400"", ""workConditionType"": ""NEDC""}, {""eleEquivalentFuelConsumption"": ""1.49"", ""powerConsumption"": ""13.2"", ""runingRange"": ""400"", ""workConditionType"": ""NEDC""}]",True,"[""multiple_old_consumption_raw_values""]",False,False,False,[],[],[],old-23-Word97--0-60,原件/免征目录/mf_batch23.docx,87f838de0da3ba5887f77b2bf5c1dbf5b427e7cef896309a7084c11dd8f5efa0,False,False,False,False
CSA7002FBEV6,0,0,2,old_only,0,0,[],[],"[""NEDC""]",[],"[""420""]",[],"[""13 "", ""13.2""]",[],"[{""eleEquivalentFuelConsumption"": ""1.49 "", ""powerConsumption"": ""13 "", ""runingRange"": ""420"", ""workConditionType"": ""NEDC""}, {""eleEquivalentFuelConsumption"": ""1.49"", ""powerConsumption"": ""13.2"", ""runingRange"": ""420"", ""workConditionType"": ""NEDC""}]",True,"[""multiple_old_consumption_raw_values""]",False,False,False,[],[],[],old-24-Word97--1-5,原件/免征目录/mf_batch24.wps,07775a0cb063fe0fce5880b9378dd1eb2522b725d645cabdee314d604779939d,False,False,False,False
CSA7002FBEV7,0,0,6,old_only,0,0,[],[],"[""NEDC""]",[],"[""416""]",[],"[""13.6""]",[],"[{""eleEquivalentFuelConsumption"": ""1.54"", ""powerConsumption"": ""13.6"", ""runingRange"": ""416"", ""workConditionType"": ""NEDC""}]",True,[],False,False,False,[],[],[],old-31-Word97--0-23,原件/免征目录/mf_batch31.doc,e1ccec4a87ab96ca346e5756d6b14369eb9727ec2c2cfd03c1182a592ddd3bee,False,False,False,False
CSA7002FBEV8,1,1,6,both,1,0,[],"[""6""]","[""NEDC""]","[""501""]","[""501""]","[""13.3""]","[""13.3""]","[""1560""]","[{""eleEquivalentFuelConsumption"": ""1.5"", ""powerConsumption"": ""13.3"", ""runingRange"": ""501"", ""workConditionType"": ""NEDC""}]",True,[],False,False,False,"[""2022-05-11""]","[""2024-07-10""]","[""在产车型新版能耗标准备案""]",old-30-Word97--0-17,原件/免征目录/mf_batch30.doc,e7fa3b47858ec2035b8055bc15be00b2b26920a5e8d3cad481058a80b92ead24,False,False,False,False
CSA7002FBEVA,1,1,6,both,1,0,[],"[""6""]","[""NEDC""]","[""416""]","[""416""]","[""13.6""]","[""13.6""]","[""1540""]","[{""eleEquivalentFuelConsumption"": ""1.5"", ""powerConsumption"": ""13.6"", ""runingRange"": ""416"", ""workConditionType"": ""NEDC""}, {""eleEquivalentFuelConsumption"": ""1.54 "", ""powerConsumption"": ""13.6"", ""runingRange"": ""416"", ""workConditionType"": ""NEDC""}]",True,[],False,False,False,"[""2022-07-08""]","[""2024-07-10""]","[""在产车型新版能耗标准备案""]",old-41-Word97--0-35,原件/免征目录/mf_batch41.doc,ba4634c0877ebf99f8e462013e4a07e40f57478a4aaf921801a6c85a49c42b7f,False,False,False,False
CSA7002FSEV1,1,1,6,both,1,0,[],"[""6""]","[""NEDC""]","[""401""]","[""401""]","[""14.0""]","[""14""]","[""1600""]","[{""eleEquivalentFuelConsumption"": ""1.58"", ""powerConsumption"": ""14"", ""runingRange"": ""401"", ""workConditionType"": ""NEDC""}]",True,"[""new_old_consumption_raw_value_sets_differ_units_not_normalized""]",False,False,False,"[""2022-03-08""]","[""2024-07-10""]","[""在产车型新版能耗标准备案""]",old-35-Word97--0-8,原件/免征目录/mf_batch35.wps,e4a6abd0e50daa81d029f8b37584511354700e855dc89de210fcba782b0643f0,False,False,False,False
CSA7002FSEV2,0,0,2,old_only,0,0,[],[],"[""NEDC""]",[],"[""401""]",[],"[""14 "", ""14""]",[],"[{""eleEquivalentFuelConsumption"": ""1.58 "", ""powerConsumption"": ""14 "", ""runingRange"": ""401"", ""workConditionType"": ""NEDC""}, {""eleEquivalentFuelConsumption"": ""1.58"", ""powerConsumption"": ""14"", ""runingRange"": ""401"", ""workConditionType"": ""NEDC""}]",True,"[""multiple_old_consumption_raw_values""]",False,False,False,[],[],[],old-35-Word97--0-9,原件/免征目录/mf_batch35.wps,e4a6abd0e50daa81d029f8b37584511354700e855dc89de210fcba782b0643f0,False,False,False,False
CSA7002XBEV4,2,2,4,both,2,0,[],"[""5""]","[""CATC""]","[""460"", ""502""]","[""460"", ""502""]","[""14.6"", ""15.3""]","[""14.6"", ""15.3""]","[""1780"", ""1825""]","[{""eleEquivalentFuelConsumption"": ""1.65"", ""powerConsumption"": ""14.6"", ""runingRange"": ""502"", ""workConditionType"": ""CATC""}, {""eleEquivalentFuelConsumption"": ""1.73"", ""powerConsumption"": ""15.3"", ""runingRange"": ""460"", ""workConditionType"": ""CATC""}]",True,"[""multiple_new_range_raw_values"", ""multiple_old_range_raw_values"", ""multiple_new_consumption_raw_values"", ""multiple_old_consumption_raw_values"", ""multiple_new_curb_mass_raw_values""]",False,False,False,"[""2024-04-15""]","[""2024-07-05""]","[""在产车型新版能耗标准备案""]",old-59-Word97--0-16,原件/免征目录/mf_batch59.doc,32738e2df847e0c74ff96d48b8a13e1dd9c31aee84b7c0a633e2d9c8a3e01f86,False,False,False,False
CSA7003DBEV1,1,1,3,both,1,0,[],"[""5""]","[""CATC""]","[""708""]","[""675"", ""708""]","[""13.4""]","[""13.4"", ""14.3""]","[""2165""]","[{""eleEquivalentFuelConsumption"": ""1.52"", ""powerConsumption"": ""13.4"", ""runingRange"": ""708"", ""workConditionType"": ""CATC""}, {""eleEquivalentFuelConsumption"": ""1.62"", ""powerConsumption"": ""14.3"", ""runingRange"": ""675"", ""workConditionType"": ""CATC""}]",True,"[""multiple_old_range_raw_values"", ""multiple_old_consumption_raw_values"", ""new_old_range_raw_value_sets_differ"", ""new_old_consumption_raw_value_sets_differ_units_not_normalized""]",False,False,False,"[""2023-12-26""]","[""2024-07-08""]","[""在产车旧版能耗数据重新备案""]",old-47-Word97--0-40,原件/免征目录/mf_batch47.doc,fb4517fe8220b10bc435a77a5328df13c732c70b335942dfad0ae9394affe9b4,False,False,False,False
CSA7003DBEV2,1,1,3,both,1,0,[],"[""5""]","[""CATC""]","[""615""]","[""615""]","[""15.4""]","[""15.4""]","[""2290""]","[{""eleEquivalentFuelConsumption"": ""1.74"", ""powerConsumption"": ""15.4"", ""runingRange"": ""615"", ""workConditionType"": ""CATC""}]",True,[],False,False,False,"[""2023-11-20""]","[""2024-07-08""]","[""在产车旧版能耗数据重新备案""]",old-48-Word97--0-47,原件/免征目录/mf_batch48.doc,ee5aa19736215cfcb3b76ffff90bcd0d9108c61758ccb756f7d4ad17e75a835c,False,False,False,False
CSA7003DBEV3,1,1,3,both,1,0,[],"[""5""]","[""CATC""]","[""570""]","[""570""]","[""13.8""]","[""13.8""]","[""2090""]","[{""eleEquivalentFuelConsumption"": ""1.56"", ""powerConsumption"": ""13.8"", ""runingRange"": ""570"", ""workConditionType"": ""CATC""}]",True,[],False,False,False,"[""2023-12-26""]","[""2024-07-08""]","[""在产车旧版能耗数据重新备案""]",old-68-Word97--0-31,原件/免征目录/mf_batch68.doc,58113d08377020d08de0aeb0e08ff63c4a4411dbe35ad69cfdd6f82fdf0fcc77,False,False,False,False
CSA7003DBEV4,1,1,6,both,1,0,[],"[""5""]","[""CATC""]","[""625""]","[""625""]","[""15.4""]","[""15.4""]","[""2290""]","[{""eleEquivalentFuelConsumption"": ""1.74"", ""powerConsumption"": ""15.4"", ""runingRange"": ""625"", ""workConditionType"": ""CATC""}]",True,[],False,False,False,"[""2023-12-26""]","[""2024-07-08""]","[""在产车旧版能耗数据重新备案""]",old-68-Word97--0-29,原件/免征目录/mf_batch68.doc,58113d08377020d08de0aeb0e08ff63c4a4411dbe35ad69cfdd6f82fdf0fcc77,False,False,False,False
CSA7005DBEV1,1,1,2,both,1,0,[],"[""5""]","[""CATC""]","[""706""]","[""706""]","[""13.7""]","[""13.7""]","[""2180""]","[{""eleEquivalentFuelConsumption"": ""1.55"", ""powerConsumption"": ""13.7"", ""runingRange"": ""706"", ""workConditionType"": ""CATC""}]",True,[],False,False,False,"[""2024-03-08""]","[""2024-07-05""]","[""在产车旧版能耗数据重新备案""]",old-59-Word97--0-15,原件/免征目录/mf_batch59.doc,32738e2df847e0c74ff96d48b8a13e1dd9c31aee84b7c0a633e2d9c8a3e01f86,False,False,False,False
CSA7005DBEV2,4,4,5,both,4,0,[],"[""5""]","[""CATC""]","[""546"", ""570"", ""576"", ""602""]","[""546"", ""570"", ""576"", ""602""]","[""14.7"", ""15.4""]","[""14.7"", ""15.4""]","[""2105"", ""2142""]","[{""eleEquivalentFuelConsumption"": ""1.66"", ""powerConsumption"": ""14.7"", ""runingRange"": ""576"", ""workConditionType"": ""CATC""}, {""eleEquivalentFuelConsumption"": ""1.66"", ""powerConsumption"": ""14.7"", ""runingRange"": ""602"", ""workConditionType"": ""CATC""}, {""eleEquivalentFuelConsumption"": ""1.74"", ""powerConsumption"": ""15.4"", ""runingRange"": ""546"", ""workConditionType"": ""CATC""}, {""eleEquivalentFuelConsumption"": ""1.74"", ""powerConsumption"": ""15.4"", ""runingRange"": ""570"", ""workConditionType"": ""CATC""}]",True,"[""multiple_new_range_raw_values"", ""multiple_old_range_raw_values"", ""multiple_new_consumption_raw_values"", ""multiple_old_consumption_raw_values"", ""multiple_new_curb_mass_raw_values""]",False,False,False,"[""2024-04-15""]","[""2024-07-05""]","[""在产车旧版能耗数据重新备案""]",old-59-Word97--0-14,原件/免征目录/mf_batch59.doc,32738e2df847e0c74ff96d48b8a13e1dd9c31aee84b7c0a633e2d9c8a3e01f86,False,False,False,False
CSA7005DBEV3,4,4,5,both,4,0,[],"[""5""]","[""CATC""]","[""633"", ""666"", ""670"", ""702""]","[""633"", ""666"", ""672"", ""702""]","[""14.9"", ""15.6""]","[""14.9"", ""15.6""]","[""2155"", ""2195""]","[{""eleEquivalentFuelConsumption"": ""1.69"", ""powerConsumption"": ""14.9"", ""runingRange"": ""666"", ""workConditionType"": ""CATC""}, {""eleEquivalentFuelConsumption"": ""1.69"", ""powerConsumption"": ""14.9"", ""runingRange"": ""702"", ""workConditionType"": ""CATC""}, {""eleEquivalentFuelConsumption"": ""1.76"", ""powerConsumption"": ""15.6"", ""runingRange"": ""633"", ""workConditionType"": ""CATC""}, {""eleEquivalentFuelConsumption"": ""1.76"", ""powerConsumption"": ""15.6"", ""runingRange"": ""672"", ""workConditionType"": ""CATC""}]",True,"[""multiple_new_range_raw_values"", ""multiple_old_range_raw_values"", ""multiple_new_consumption_raw_values"", ""multiple_old_consumption_raw_values"", ""multiple_new_curb_mass_raw_values"", ""new_old_range_raw_value_sets_differ""]",False,False,False,"[""2024-03-08""]","[""2024-07-05""]","[""在产车型新版能耗标准备案""]",old-59-Word97--0-12,原件/免征目录/mf_batch59.doc,32738e2df847e0c74ff96d48b8a13e1dd9c31aee84b7c0a633e2d9c8a3e01f86,False,False,False,False
CSA7005DBEV4,1,1,1,both,1,0,[],"[""5""]","[""CATC""]","[""500""]","[""500""]","[""14.5""]","[""14.5""]","[""2162""]","[{""eleEquivalentFuelConsumption"": ""1.64"", ""powerConsumption"": ""14.5"", ""runingRange"": ""500"", ""workConditionType"": ""CATC""}]",True,[],False,False,False,"[""2024-04-15""]","[""2024-07-05""]","[""在产车旧版能耗数据重新备案""]",old-62-Word97--0-66,原件/免征目录/mf_batch62.doc,7694ac7207998b6af7c895cdd2c1d752421df436d4b28f83195261dd47f6509c,False,False,False,False
CSA7005DBEV5,2,2,2,both,2,0,[],"[""5""]","[""CATC""]","[""600"", ""632""]","[""600"", ""632""]","[""16.2""]","[""16.2""]","[""2240"", ""2280""]","[{""eleEquivalentFuelConsumption"": ""1.83"", ""powerConsumption"": ""16.2"", ""runingRange"": ""600"", ""workConditionType"": ""CATC""}, {""eleEquivalentFuelConsumption"": ""1.83"", ""powerConsumption"": ""16.2"", ""runingRange"": ""632"", ""workConditionType"": ""CATC""}]",True,"[""multiple_new_range_raw_values"", ""multiple_old_range_raw_values"", ""multiple_new_curb_mass_raw_values""]",False,False,False,"[""2024-04-15""]","[""2024-07-05""]","[""在产车旧版能耗数据重新备案""]",old-62-Word97--0-65,原件/免征目录/mf_batch62.doc,7694ac7207998b6af7c895cdd2c1d752421df436d4b28f83195261dd47f6509c,False,False,False,False
CSA7005DSEV2,2,2,2,both,2,0,[],"[""5""]","[""CATC""]","[""600"", ""632""]","[""600"", ""632""]","[""16.2""]","[""16.2""]","[""2240"", ""2280""]","[{""eleEquivalentFuelConsumption"": ""1.83"", ""powerConsumption"": ""16.2"", ""runingRange"": ""600"", ""workConditionType"": ""CATC""}, {""eleEquivalentFuelConsumption"": ""1.83"", ""powerConsumption"": ""16.2"", ""runingRange"": ""632"", ""workConditionType"": ""CATC""}]",True,"[""multiple_new_range_raw_values"", ""multiple_old_range_raw_values"", ""multiple_new_curb_mass_raw_values""]",False,False,False,"[""2024-04-15""]","[""2024-07-05""]","[""在产车旧版能耗数据重新备案""]",old-62-Word97--0-63,原件/免征目录/mf_batch62.doc,7694ac7207998b6af7c895cdd2c1d752421df436d4b28f83195261dd47f6509c,False,False,False,False
CSA7005DSEV3,1,1,1,both,1,0,[],"[""5""]","[""CATC""]","[""500""]","[""500""]","[""14.5""]","[""14.5""]","[""2162""]","[{""eleEquivalentFuelConsumption"": ""1.64"", ""powerConsumption"": ""14.5"", ""runingRange"": ""500"", ""workConditionType"": ""CATC""}]",True,[],False,False,False,"[""2024-04-15""]","[""2024-07-05""]","[""在产车旧版能耗数据重新备案""]",old-62-Word97--0-64,原件/免征目录/mf_batch62.doc,7694ac7207998b6af7c895cdd2c1d752421df436d4b28f83195261dd47f6509c,False,False,False,False
CSA7009DBEV2,1,1,2,both,1,0,[],"[""5""]","[""CATC""]","[""510""]","[""510""]","[""12.9""]","[""12.9""]","[""1732""]","[{""eleEquivalentFuelConsumption"": ""1.46"", ""powerConsumption"": ""12.9"", ""runingRange"": ""510"", ""workConditionType"": ""CATC""}]",True,[],False,False,False,"[""2023-08-15""]","[""2024-07-05""]","[""在产车型新版能耗标准备案""]",old-68-Word97--0-33,原件/免征目录/mf_batch68.doc,58113d08377020d08de0aeb0e08ff63c4a4411dbe35ad69cfdd6f82fdf0fcc77,False,False,False,False
CSA7009DBEV4,1,1,2,both,1,0,[],"[""5""]","[""CATC""]","[""610""]","[""610""]","[""12.9""]","[""12.9""]","[""1717""]","[{""eleEquivalentFuelConsumption"": ""1.46"", ""powerConsumption"": ""12.9"", ""runingRange"": ""610"", ""workConditionType"": ""CATC""}]",True,[],False,False,False,"[""2023-08-15""]","[""2024-07-03""]","[""在产车型新版能耗标准备案""]",old-68-Word97--0-34,原件/免征目录/mf_batch68.doc,58113d08377020d08de0aeb0e08ff63c4a4411dbe35ad69cfdd6f82fdf0fcc77,False,False,False,False
CVEV2WD,0,0,0,not_in_observed_filtered_views,0,0,[],[],[],[],[],[],[],[],[],False,[],False,False,False,[],[],[],old-68-Word97--0-10,原件/免征目录/mf_batch68.doc,58113d08377020d08de0aeb0e08ff63c4a4411dbe35ad69cfdd6f82fdf0fcc77,False,False,False,False
CVEV4WD,0,0,0,not_in_observed_filtered_views,0,0,[],[],[],[],[],[],[],[],[],False,[],False,False,False,[],[],[],old-68-Word97--0-8,原件/免征目录/mf_batch68.doc,58113d08377020d08de0aeb0e08ff63c4a4411dbe35ad69cfdd6f82fdf0fcc77,False,False,False,False
CVEVGT4WD,0,0,0,not_in_observed_filtered_views,0,0,[],[],[],[],[],[],[],[],[],False,[],False,False,False,[],[],[],old-68-Word97--0-9,原件/免征目录/mf_batch68.doc,58113d08377020d08de0aeb0e08ff63c4a4411dbe35ad69cfdd6f82fdf0fcc77,False,False,False,False
DC7002XAAXBEVG,0,0,0,not_in_observed_filtered_views,0,0,[],[],[],[],[],[],[],[],[],False,[],False,False,False,[],[],[],old-37-Word97--0-34,原件/免征目录/mf_batch37.doc,136057faede292d8070763e326c8dbdcddf3790653cc6879a13758f91556881f,False,False,False,False
DC7002XAAYBEVH,0,0,0,not_in_observed_filtered_views,0,0,[],[],[],[],[],[],[],[],[],False,[],False,False,False,[],[],[],old-37-Word97--0-35,原件/免征目录/mf_batch37.doc,136057faede292d8070763e326c8dbdcddf3790653cc6879a13758f91556881f,False,False,False,False
DC7002XAAYBEVJ,0,0,0,not_in_observed_filtered_views,0,0,[],[],[],[],[],[],[],[],[],False,[],False,False,False,[],[],[],old-37-Word97--0-36,原件/免征目录/mf_batch37.doc,136057faede292d8070763e326c8dbdcddf3790653cc6879a13758f91556881f,False,False,False,False
DD7000BEVWRA1,0,0,0,not_in_observed_filtered_views,0,0,[],[],[],[],[],[],[],[],[],False,[],False,False,False,[],[],[],old-61-Word97--0-19,原件/免征目录/mf_batch61.doc,d360a77695ccf20f3c17a354a1dd02fc846a7ae8bd18b41492515881a7240b72,False,False,False,False
DFA7000A1F2BEV,0,0,0,not_in_observed_filtered_views,0,0,[],[],[],[],[],[],[],[],[],False,[],False,False,False,[],[],[],old-17-PDF-grid-1-0-12,原件/免征目录/mf_batch17.pdf,577a4ba9c586fe08565f6a60e6de5474698031566d8dcef484cd44335879e334,False,False,False,False
DFA7000A1F4BEV,0,0,2,old_only,0,0,[],[],"[""NEDC""]",[],"[""405""]",[],[null],[],"[{""eleEquivalentFuelConsumption"": ""1.5"", ""runingRange"": ""405"", ""workConditionType"": ""NEDC""}]",True,[],False,False,False,[],[],[],old-20-DOCX--0-10,原件/免征目录/mf_batch20.docx,374d3f87551d75d1c163e76abb38f350ea93f8a2b8cad6174568c307d1cc0130,False,False,False,False
DFA7000A1F5BEV,0,0,0,not_in_observed_filtered_views,0,0,[],[],[],[],[],[],[],[],[],False,[],False,False,False,[],[],[],old-19-DOCX--0-15,原件/免征目录/mf_batch19.docx,fafd1558aa0f21067847c19bdd0a95c79b919737be7b07b87c4538107fb2b8e3,False,False,False,False
DFA7000A1F6BEV,0,0,0,not_in_observed_filtered_views,0,0,[],[],[],[],[],[],[],[],[],False,[],False,False,False,[],[],[],old-19-DOCX--0-16,原件/免征目录/mf_batch19.docx,fafd1558aa0f21067847c19bdd0a95c79b919737be7b07b87c4538107fb2b8e3,False,False,False,False
DFA7000A1F7BEV,0,0,0,not_in_observed_filtered_views,0,0,[],[],[],[],[],[],[],[],[],False,[],False,False,False,[],[],[],old-20-DOCX--0-11,原件/免征目录/mf_batch20.docx,374d3f87551d75d1c163e76abb38f350ea93f8a2b8cad6174568c307d1cc0130,False,False,False,False
DFA7000A1F8BEV,0,0,2,old_only,0,0,[],[],"[""NEDC""]",[],"[""410"", ""452""]",[],[null],[],"[{""eleEquivalentFuelConsumption"": ""1.6"", ""runingRange"": ""410"", ""workConditionType"": ""NEDC""}, {""eleEquivalentFuelConsumption"": ""1.6"", ""runingRange"": ""452"", ""workConditionType"": ""NEDC""}]",True,"[""multiple_old_range_raw_values""]",False,False,False,[],[],[],old-23-Word97--0-11,原件/免征目录/mf_batch23.docx,87f838de0da3ba5887f77b2bf5c1dbf5b427e7cef896309a7084c11dd8f5efa0,False,False,False,False
DFA7000A1FABEV,0,0,2,old_only,0,0,[],[],"[""NEDC""]",[],"[""351""]",[],[null],[],"[{""eleEquivalentFuelConsumption"": ""1.40 "", ""runingRange"": ""351"", ""workConditionType"": ""NEDC""}, {""eleEquivalentFuelConsumption"": ""1.5"", ""runingRange"": ""351"", ""workConditionType"": ""NEDC""}]",True,[],False,False,False,[],[],[],old-24-Word97--2-15,原件/免征目录/mf_batch24.wps,07775a0cb063fe0fce5880b9378dd1eb2522b725d645cabdee314d604779939d,False,False,False,False
DFA7000A1FDBEV,0,0,0,not_in_observed_filtered_views,0,0,[],[],[],[],[],[],[],[],[],False,[],False,False,False,[],[],[],old-25-Word97--0-60,原件/免征目录/mf_batch25.wps,9d2abe319463522513fe9c90f98bb8d0a825b599267d0b3cc403cec9624b3297,False,False,False,False
DFA7000A1FESEV,0,0,0,not_in_observed_filtered_views,0,0,[],[],[],[],[],[],[],[],[],False,[],False,False,False,[],[],[],old-45-Word97--0-7,原件/免征目录/mf_batch45.doc,56f5e7c5fd36e990024f8121006a76da260361f4e4660846e78255d007126f7a,False,False,False,False
DFA7000C1A1BEV,0,0,0,not_in_observed_filtered_views,0,0,[],[],[],[],[],[],[],[],[],False,[],False,False,False,[],[],[],old-20-DOCX--0-12,原件/免征目录/mf_batch20.docx,374d3f87551d75d1c163e76abb38f350ea93f8a2b8cad6174568c307d1cc0130,False,False,False,False
DFA7000C1A2BEV,0,0,2,old_only,0,0,[],[],"[""NEDC""]",[],"[""255""]",[],[null],[],"[{""eleEquivalentFuelConsumption"": ""1.4"", ""runingRange"": ""255"", ""workConditionType"": ""NEDC""}]",True,[],False,False,False,[],[],[],old-26-DOCX--0-36,原件/免征目录/mf_batch26.docx,de0890335ef3a4f1302a8a0735ec8b6aed52e994e2635db481820060d62248b5,False,False,False,False
DFA7000C1A3BEV,0,0,0,not_in_observed_filtered_views,0,0,[],[],[],[],[],[],[],[],[],False,[],False,False,False,[],[],[],old-26-DOCX--0-37,原件/免征目录/mf_batch26.docx,de0890335ef3a4f1302a8a0735ec8b6aed52e994e2635db481820060d62248b5,False,False,False,False
DFA7000C1A4BEV,0,0,2,old_only,0,0,[],[],"[""NEDC""]",[],"[""143""]",[],[null],[],"[{""eleEquivalentFuelConsumption"": ""1.2"", ""runingRange"": ""143"", ""workConditionType"": ""NEDC""}, {""eleEquivalentFuelConsumption"": ""1.3"", ""runingRange"": ""143"", ""workConditionType"": ""NEDC""}]",True,[],False,False,False,[],[],[],old-27-Word97--0-6,原件/免征目录/mf_batch27.doc,2bd67cf7e1efc03ae93942d0d340ffef87478709520383b6ee4d08baf843ead1,False,False,False,False
DFA7000C1A5BEV,0,0,2,old_only,0,0,[],[],"[""NEDC""]",[],"[""143""]",[],[null],[],"[{""eleEquivalentFuelConsumption"": ""1.4"", ""runingRange"": ""143"", ""workConditionType"": ""NEDC""}, {""eleEquivalentFuelConsumption"": ""1.8"", ""runingRange"": ""143"", ""workConditionType"": ""NEDC""}]",True,[],False,False,False,[],[],[],old-27-Word97--0-7,原件/免征目录/mf_batch27.doc,2bd67cf7e1efc03ae93942d0d340ffef87478709520383b6ee4d08baf843ead1,False,False,False,False
DFA7000C1A6BEV,0,0,0,not_in_observed_filtered_views,0,0,[],[],[],[],[],[],[],[],[],False,[],False,False,False,[],[],[],old-32-Word97--0-4,原件/免征目录/mf_batch32.doc,ad7c65b4831a05b7c70e1e73fe834aa9beed883c66f898e799fcbbeb43cc3d75,False,False,False,False
DFA7000C1A7BEV,0,0,0,not_in_observed_filtered_views,0,0,[],[],[],[],[],[],[],[],[],False,[],False,False,False,[],[],[],old-32-Word97--0-5,原件/免征目录/mf_batch32.doc,ad7c65b4831a05b7c70e1e73fe834aa9beed883c66f898e799fcbbeb43cc3d75,False,False,False,False
DFA7000C1A8BEV,0,0,0,not_in_observed_filtered_views,0,0,[],[],[],[],[],[],[],[],[],False,[],False,False,False,[],[],[],old-32-Word97--0-6,原件/免征目录/mf_batch32.doc,ad7c65b4831a05b7c70e1e73fe834aa9beed883c66f898e799fcbbeb43cc3d75,False,False,False,False
DFA7000F1A1BEV,0,0,0,not_in_observed_filtered_views,0,0,[],[],[],[],[],[],[],[],[],False,[],False,False,False,[],[],[],old-15-PDF-grid-1-0-10,原件/免征目录/mf_batch15.pdf,bbb3b1e38c535c13d6ef1bc1f4105509476c91a7e63723dc7a70e372904d90f4,False,False,False,False
DFA7000G1F2BEV,0,0,0,not_in_observed_filtered_views,0,0,[],[],[],[],[],[],[],[],[],False,[],False,False,False,[],[],[],old-10-PDF-grid-1-0-19,原件/免征目录/mf_batch10.pdf,ac1b1ad2605b4f24762fb1f01cea64b685393577d01648618fa1882bb5700ac3,False,False,False,False
DFA7000G1F3BEV,0,0,0,not_in_observed_filtered_views,0,0,[],[],[],[],[],[],[],[],[],False,[],False,False,False,[],[],[],old-10-PDF-grid-1-0-18,原件/免征目录/mf_batch10.pdf,ac1b1ad2605b4f24762fb1f01cea64b685393577d01648618fa1882bb5700ac3,False,False,False,False
DFA7000G1F4BEV,0,0,0,not_in_observed_filtered_views,0,0,[],[],[],[],[],[],[],[],[],False,[],False,False,False,[],[],[],old-12-PDF-grid-1-0-10,原件/免征目录/mf_batch12.pdf,afbd7133ccf901dbdc065b2ff80768450dc901def8d216cf5bb87baa98f7a1e2,False,False,False,False
DFA7000G1F5BEV,0,0,0,not_in_observed_filtered_views,0,0,[],[],[],[],[],[],[],[],[],False,[],False,False,False,[],[],[],old-17-PDF-grid-1-0-14,原件/免征目录/mf_batch17.pdf,577a4ba9c586fe08565f6a60e6de5474698031566d8dcef484cd44335879e334,False,False,False,False
DFA7000G1F6BEV,0,0,0,not_in_observed_filtered_views,0,0,[],[],[],[],[],[],[],[],[],False,[],False,False,False,[],[],[],old-17-PDF-grid-1-0-15,原件/免征目录/mf_batch17.pdf,577a4ba9c586fe08565f6a60e6de5474698031566d8dcef484cd44335879e334,False,False,False,False
DFA7000G1F7BEV,0,0,0,not_in_observed_filtered_views,0,0,[],[],[],[],[],[],[],[],[],False,[],False,False,False,[],[],[],old-18-Word97--0-5,原件/免征目录/mf_batch18.doc,43f5426f7f80996ee11a894710d7229c743abf7ad69ba239f61075e0a9ddd37a,False,False,False,False
DFA7000L2ABEV,0,0,0,not_in_observed_filtered_views,0,0,[],[],[],[],[],[],[],[],[],False,[],False,False,False,[],[],[],old-07-PDF-grid-1-0-4,原件/免征目录/mf_batch07.pdf,ad8e7f0576c7261a718e5a561358462b598d617361c6f02d7a14fb2038b758b0,False,False,False,False
DFA7000L2ABEV1,0,0,0,not_in_observed_filtered_views,0,0,[],[],[],[],[],[],[],[],[],False,[],False,False,False,[],[],[],old-07-PDF-grid-1-0-5,原件/免征目录/mf_batch07.pdf,ad8e7f0576c7261a718e5a561358462b598d617361c6f02d7a14fb2038b758b0,False,False,False,False
DFA7000L2ABEV2,0,0,0,not_in_observed_filtered_views,0,0,[],[],[],[],[],[],[],[],[],False,[],False,False,False,[],[],[],old-07-PDF-grid-1-0-6,原件/免征目录/mf_batch07.pdf,ad8e7f0576c7261a718e5a561358462b598d617361c6f02d7a14fb2038b758b0,False,False,False,False
DFA7000L2ABEV3,0,0,0,not_in_observed_filtered_views,0,0,[],[],[],[],[],[],[],[],[],False,[],False,False,False,[],[],[],old-10-PDF-grid-1-0-21,原件/免征目录/mf_batch10.pdf,ac1b1ad2605b4f24762fb1f01cea64b685393577d01648618fa1882bb5700ac3,False,False,False,False
DFA7000L2ABEV4,0,0,0,not_in_observed_filtered_views,0,0,[],[],[],[],[],[],[],[],[],False,[],False,False,False,[],[],[],old-19-DOCX--0-17,原件/免征目录/mf_batch19.docx,fafd1558aa0f21067847c19bdd0a95c79b919737be7b07b87c4538107fb2b8e3,False,False,False,False
DFL6460NAU1BEV,1,1,1,both,1,0,[],"[""5""]","[""CATC""]","[""623""]","[""623""]","[""16.0""]","[""16.0""]","[""2106""]","[{""eleEquivalentFuelConsumption"": ""1.81"", ""powerConsumption"": ""16.0"", ""runingRange"": ""623"", ""workConditionType"": ""CATC""}]",True,[],False,False,False,"[""2023-06-07""]","[""2024-06-30""]","[""首次备案""]",old-54-Word97--0-36,原件/免征目录/mf_batch54.doc,e4ce106fc0fb21bc61cac40ff0de97e60dff2d18b5b7d24c494bb74873312fd7,False,False,False,False
DFL6460NAU2BEV,1,1,1,both,1,0,[],"[""5""]","[""CATC""]","[""623""]","[""623""]","[""16.0""]","[""16.0""]","[""2116""]","[{""eleEquivalentFuelConsumption"": ""1.81"", ""powerConsumption"": ""16.0"", ""runingRange"": ""623"", ""workConditionType"": ""CATC""}]",True,[],False,False,False,"[""2023-06-07""]","[""2024-06-30""]","[""首次备案""]",old-54-Word97--0-35,原件/免征目录/mf_batch54.doc,e4ce106fc0fb21bc61cac40ff0de97e60dff2d18b5b7d24c494bb74873312fd7,False,False,False,False
DFL6460NAU3BEV,0,0,0,not_in_observed_filtered_views,0,0,[],[],[],[],[],[],[],[],[],False,[],False,False,False,[],[],[],old-58-Word97--0-9,原件/免征目录/mf_batch58.doc,b642358bb3078d2dde909a798935c0c1fc75d90f22b33f7c48aa87209acc100d,False,False,False,False
DFL6460NAU4BEV,1,1,1,both,1,0,[],"[""5""]","[""CATC""]","[""501""]","[""501""]","[""14.5""]","[""14.5""]","[""1935""]","[{""eleEquivalentFuelConsumption"": ""1.64"", ""powerConsumption"": ""14.5"", ""runingRange"": ""501"", ""workConditionType"": ""CATC""}]",True,[],False,False,False,"[""2023-06-07""]","[""2024-06-30""]","[""首次备案""]",old-60-Word97--0-20,原件/免征目录/mf_batch60.doc,aabd19e9a0955380873798454b18b3bb15c87937dffcbb0ccfab2eae3bf3551b,False,False,False,False
DFL6460NEU1BEV,1,1,1,both,1,0,[],"[""5""]","[""CATC""]","[""559""]","[""559""]","[""17.8""]","[""17.8""]","[""2245""]","[{""eleEquivalentFuelConsumption"": ""2.01"", ""powerConsumption"": ""17.8"", ""runingRange"": ""559"", ""workConditionType"": ""CATC""}]",True,[],False,False,False,"[""2023-06-07""]","[""2024-06-30""]","[""首次备案""]",old-54-Word97--0-34,原件/免征目录/mf_batch54.doc,e4ce106fc0fb21bc61cac40ff0de97e60dff2d18b5b7d24c494bb74873312fd7,False,False,False,False
DFL6460NEU2BEV,1,1,2,both,1,0,[],"[""5""]","[""CATC""]","[""533""]","[""533""]","[""18.7""]","[""18.7""]","[""2269""]","[{""eleEquivalentFuelConsumption"": ""2.11"", ""powerConsumption"": ""18.7"", ""runingRange"": ""533"", ""workConditionType"": ""CATC""}]",True,[],False,False,False,"[""2023-06-07""]","[""2024-06-30""]","[""首次备案""]",old-54-Word97--0-33,原件/免征目录/mf_batch54.doc,e4ce106fc0fb21bc61cac40ff0de97e60dff2d18b5b7d24c494bb74873312fd7,False,False,False,False
DFL6470NA51BEV,1,1,1,both,1,0,[],"[""5""]","[""CATC""]","[""520""]","[""520""]","[""13.5""]","[""13.5""]","[""1821""]","[{""eleEquivalentFuelConsumption"": ""1.53"", ""powerConsumption"": ""13.5"", ""runingRange"": ""520"", ""workConditionType"": ""CATC""}]",True,[],False,False,False,"[""2024-04-15""]","[""2024-06-30""]","[""首次备案""]",old-68-Word97--0-2,原件/免征目录/mf_batch68.doc,58113d08377020d08de0aeb0e08ff63c4a4411dbe35ad69cfdd6f82fdf0fcc77,False,False,False,False
DFL6470NA52BEV,3,3,1,both,3,0,[],"[""5""]","[""CATC""]","[""510"", ""520""]","[""520""]","[""13.1"", ""13.5""]","[""13.5""]","[""1776"", ""1836""]","[{""eleEquivalentFuelConsumption"": ""1.53"", ""powerConsumption"": ""13.5"", ""runingRange"": ""520"", ""workConditionType"": ""CATC""}]",True,"[""multiple_new_range_raw_values"", ""multiple_new_consumption_raw_values"", ""multiple_new_curb_mass_raw_values"", ""new_old_range_raw_value_sets_differ"", ""new_old_consumption_raw_value_sets_differ_units_not_normalized""]",False,False,False,"[""2024-04-15"", ""2025-04-14"", ""2026-07-16""]","[""2024-06-30"", ""2025-04-27"", ""2026-08-01""]","[""首次备案""]",old-71-Word97--0-14,原件/免征目录/mf_batch71.doc,b37b78b64b8ef7e12e6e95d6fd27a4a6e364c0c83ba403ffcf3bca82c60e3460,False,False,False,False
DFL7000B2BEV,0,0,0,not_in_observed_filtered_views,0,0,[],[],[],[],[],[],[],[],[],False,[],False,False,False,[],[],[],old-01-PDF-grid-1-0-9,原件/免征目录/mf_batch01.pdf,eac13628c37f01c4da157a2d1916d97acc81fdc295f18e1783549075ce7e5aa7,False,False,False,False
DFL7000NA62BEV,0,0,3,old_only,0,0,[],[],"[""CATC"", ""NEDC""]",[],"[""481""]",[],"[""12.89"", ""12.9"", ""13 ""]",[],"[{""eleEquivalentFuelConsumption"": ""1.5"", ""powerConsumption"": ""12.89"", ""runingRange"": ""481"", ""workConditionType"": ""NEDC""}, {""eleEquivalentFuelConsumption"": ""1.5"", ""powerConsumption"": ""12.9"", ""runingRange"": ""481"", ""workConditionType"": ""CATC""}, {""eleEquivalentFuelConsumption"": ""1.50 "", ""powerConsumption"": ""13 "", ""runingRange"": ""481"", ""workConditionType"": ""NEDC""}]",True,"[""multiple_old_cycle_codes"", ""multiple_old_consumption_raw_values""]",False,False,True,[],[],[],old-24-Word97--2-14,原件/免征目录/mf_batch24.wps,07775a0cb063fe0fce5880b9378dd1eb2522b725d645cabdee314d604779939d,False,False,False,False
DFL7000NA63BEV,0,0,5,old_only,0,0,[],[],"[""CATC"", ""NEDC""]",[],"[""405""]",[],"[""12.9""]",[],"[{""eleEquivalentFuelConsumption"": ""1.46"", ""powerConsumption"": ""12.9"", ""runingRange"": ""405"", ""workConditionType"": ""CATC""}, {""eleEquivalentFuelConsumption"": ""1.5"", ""powerConsumption"": ""12.9"", ""runingRange"": ""405"", ""workConditionType"": ""NEDC""}, {""eleEquivalentFuelConsumption"": ""1.50"", ""powerConsumption"": ""12.9"", ""runingRange"": ""405"", ""workConditionType"": ""NEDC""}]",True,"[""multiple_old_cycle_codes""]",False,False,True,[],[],[],old-31-Word97--0-2,原件/免征目录/mf_batch31.doc,e1ccec4a87ab96ca346e5756d6b14369eb9727ec2c2cfd03c1182a592ddd3bee,False,False,False,False
DFL7000NA64SEV,1,1,1,both,1,0,[],"[""5""]","[""CATC""]","[""430""]","[""430""]","[""12.9""]","[""12.9""]","[""1479""]","[{""eleEquivalentFuelConsumption"": ""1.46"", ""powerConsumption"": ""12.9"", ""runingRange"": ""430"", ""workConditionType"": ""CATC""}]",True,[],False,False,False,"[""2022-12-29""]","[""2024-07-09""]","[""首次备案""]",old-46-Word97--0-17,原件/免征目录/mf_batch46.doc,a4b2048b3d5c29a8969f0348e9fd19a3293f0c23e6f37a48bf42a2ed70c7d37d,False,False,False,False
DFL7000NA65BEV,0,0,2,old_only,0,0,[],[],"[""CATC""]",[],"[""410""]",[],"[""12.9""]",[],"[{""eleEquivalentFuelConsumption"": ""1.46"", ""powerConsumption"": ""12.9"", ""runingRange"": ""410"", ""workConditionType"": ""CATC""}]",True,[],False,False,False,[],[],[],old-46-Word97--0-16,原件/免征目录/mf_batch46.doc,a4b2048b3d5c29a8969f0348e9fd19a3293f0c23e6f37a48bf42a2ed70c7d37d,False,False,False,False
DFL7000NA67BEV,4,4,5,both,4,0,[],"[""5""]","[""CATC""]","[""405"", ""420""]","[""405"", ""420""]","[""12.0"", ""12.9""]","[""12.0"", ""12.9""]","[""1465"", ""1480"", ""1500"", ""1540""]","[{""eleEquivalentFuelConsumption"": ""1.36"", ""powerConsumption"": ""12.0"", ""runingRange"": ""405"", ""workConditionType"": ""CATC""}, {""eleEquivalentFuelConsumption"": ""1.46"", ""powerConsumption"": ""12.9"", ""runingRange"": ""420"", ""workConditionType"": ""CATC""}]",True,"[""multiple_new_range_raw_values"", ""multiple_old_range_raw_values"", ""multiple_new_consumption_raw_values"", ""multiple_old_consumption_raw_values"", ""multiple_new_curb_mass_raw_values""]",False,False,False,"[""2023-08-15""]","[""2024-07-09""]","[""首次备案""]",old-56-Word97--0-24,原件/免征目录/mf_batch56.doc,cbffdc0819640e8f18c11a2a277b26b2e043c81406533457ff225f4df1c6c068,False,False,False,False
DFL7000NA68BEV,3,3,1,both,3,0,[],"[""5""]","[""CATC""]","[""450""]","[""450""]","[""12.2""]","[""12.2""]","[""1465"", ""1485"", ""1495""]","[{""eleEquivalentFuelConsumption"": ""1.38"", ""powerConsumption"": ""12.2"", ""runingRange"": ""450"", ""workConditionType"": ""CATC""}]",True,"[""multiple_new_curb_mass_raw_values""]",False,False,False,"[""2023-08-15""]","[""2024-07-09""]","[""首次备案""]",old-60-Word97--0-19,原件/免征目录/mf_batch60.doc,aabd19e9a0955380873798454b18b3bb15c87937dffcbb0ccfab2eae3bf3551b,False,False,False,False
DFL7000NA69BEV,3,3,3,both,3,0,[],"[""5""]","[""CATC""]","[""405"", ""420""]","[""405"", ""420""]","[""12.0"", ""12.5""]","[""12.0"", ""12.5""]","[""1465"", ""1480"", ""1515""]","[{""eleEquivalentFuelConsumption"": ""1.36"", ""powerConsumption"": ""12.0"", ""runingRange"": ""405"", ""workConditionType"": ""CATC""}, {""eleEquivalentFuelConsumption"": ""1.41"", ""powerConsumption"": ""12.5"", ""runingRange"": ""420"", ""workConditionType"": ""CATC""}]",True,"[""multiple_new_range_raw_values"", ""multiple_old_range_raw_values"", ""multiple_new_consumption_raw_values"", ""multiple_old_consumption_raw_values"", ""multiple_new_curb_mass_raw_values""]",False,False,False,"[""2023-05-09""]","[""2024-07-09""]","[""首次备案""]",old-58-Word97--0-8,原件/免征目录/mf_batch58.doc,b642358bb3078d2dde909a798935c0c1fc75d90f22b33f7c48aa87209acc100d,False,False,False,False
DFL7000NA81BEV,0,0,3,old_only,0,0,[],[],"[""NEDC""]",[],"[""442"", null]",[],"[""14.7""]",[],"[{""eleEquivalentFuelConsumption"": ""1.7"", ""powerConsumption"": ""14.7"", ""workConditionType"": ""NEDC""}, {""eleEquivalentFuelConsumption"": ""1.70"", ""powerConsumption"": ""14.7"", ""runingRange"": ""442"", ""workConditionType"": ""NEDC""}]",True,"[""multiple_old_range_raw_values""]",False,False,False,[],[],[],old-27-Word97--0-5,原件/免征目录/mf_batch27.doc,2bd67cf7e1efc03ae93942d0d340ffef87478709520383b6ee4d08baf843ead1,False,False,False,False
DFL7000NAH1BEV,0,0,0,not_in_observed_filtered_views,0,0,[],[],[],[],[],[],[],[],[],False,[],False,False,False,[],[],[],old-18-Word97--0-6,原件/免征目录/mf_batch18.doc,43f5426f7f80996ee11a894710d7229c743abf7ad69ba239f61075e0a9ddd37a,False,False,False,False
DFL7000NAH2BEV,0,0,0,not_in_observed_filtered_views,0,0,[],[],[],[],[],[],[],[],[],False,[],False,False,False,[],[],[],old-23-Word97--0-13,原件/免征目录/mf_batch23.docx,87f838de0da3ba5887f77b2bf5c1dbf5b427e7cef896309a7084c11dd8f5efa0,False,False,False,False
DFL7001NA61BEV,3,3,3,both,3,0,[],"[""5""]","[""CATC""]","[""405"", ""420""]","[""405"", ""420""]","[""12.0"", ""12.5""]","[""12.0"", ""12.5""]","[""1465"", ""1480"", ""1540""]","[{""eleEquivalentFuelConsumption"": ""1.36"", ""powerConsumption"": ""12.0"", ""runingRange"": ""405"", ""workConditionType"": ""CATC""}, {""eleEquivalentFuelConsumption"": ""1.41"", ""powerConsumption"": ""12.5"", ""runingRange"": ""420"", ""workConditionType"": ""CATC""}]",True,"[""multiple_new_range_raw_values"", ""multiple_old_range_raw_values"", ""multiple_new_consumption_raw_values"", ""multiple_old_consumption_raw_values"", ""multiple_new_curb_mass_raw_values""]",False,False,False,"[""2023-08-15""]","[""2024-07-09""]","[""首次备案""]",old-60-Word97--0-18,原件/免征目录/mf_batch60.doc,aabd19e9a0955380873798454b18b3bb15c87937dffcbb0ccfab2eae3bf3551b,False,False,False,False
DFL7001NA62BEV,3,3,3,both,3,0,[],"[""5""]","[""CATC""]","[""405"", ""420""]","[""405"", ""420""]","[""12.0"", ""12.5""]","[""12.0"", ""12.5""]","[""1480"", ""1500"", ""1540""]","[{""eleEquivalentFuelConsumption"": ""1.36"", ""powerConsumption"": ""12.0"", ""runingRange"": ""405"", ""workConditionType"": ""CATC""}, {""eleEquivalentFuelConsumption"": ""1.41"", ""powerConsumption"": ""12.5"", ""runingRange"": ""420"", ""workConditionType"": ""CATC""}]",True,"[""multiple_new_range_raw_values"", ""multiple_old_range_raw_values"", ""multiple_new_consumption_raw_values"", ""multiple_old_consumption_raw_values"", ""multiple_new_curb_mass_raw_values""]",False,False,False,"[""2023-06-07""]","[""2024-07-09""]","[""首次备案""]",old-60-Word97--0-17,原件/免征目录/mf_batch60.doc,aabd19e9a0955380873798454b18b3bb15c87937dffcbb0ccfab2eae3bf3551b,False,False,False,False
DFL7001NAZ1SEV,0,0,1,old_only,0,0,[],[],"[""NEDC""]",[],"[""450""]",[],"[""13.7""]",[],"[{""eleEquivalentFuelConsumption"": ""1.55"", ""powerConsumption"": ""13.7"", ""runingRange"": ""450"", ""workConditionType"": ""NEDC""}]",True,[],False,False,False,[],[],[],old-41-Word97--0-12,原件/免征目录/mf_batch41.doc,ba4634c0877ebf99f8e462013e4a07e40f57478a4aaf921801a6c85a49c42b7f,False,False,False,False
DFL7001NNY1BEV,0,0,2,old_only,0,0,[],[],"[""CATC""]",[],"[""125"", ""133""]",[],"[""10.0""]",[],"[{""eleEquivalentFuelConsumption"": ""1.13"", ""powerConsumption"": ""10.0"", ""runingRange"": ""125"", ""workConditionType"": ""CATC""}, {""eleEquivalentFuelConsumption"": ""1.13"", ""powerConsumption"": ""10.0"", ""runingRange"": ""133"", ""workConditionType"": ""CATC""}]",True,"[""multiple_old_range_raw_values""]",False,False,False,[],[],[],old-46-Word97--0-18,原件/免征目录/mf_batch46.doc,a4b2048b3d5c29a8969f0348e9fd19a3293f0c23e6f37a48bf42a2ed70c7d37d,False,False,False,False
DFL7001NNY2BEV,0,0,1,old_only,0,0,[],[],"[""CATC""]",[],"[""186""]",[],"[""10.0""]",[],"[{""eleEquivalentFuelConsumption"": ""1.13"", ""powerConsumption"": ""10.0"", ""runingRange"": ""186"", ""workConditionType"": ""CATC""}]",True,[],False,False,False,[],[],[],old-46-Word97--0-21,原件/免征目录/mf_batch46.doc,a4b2048b3d5c29a8969f0348e9fd19a3293f0c23e6f37a48bf42a2ed70c7d37d,False,False,False,False
DFL7001NNY3BEV,0,0,1,old_only,0,0,[],[],"[""CATC""]",[],"[""115""]",[],"[""10.2""]",[],"[{""eleEquivalentFuelConsumption"": ""1.15"", ""powerConsumption"": ""10.2"", ""runingRange"": ""115"", ""workConditionType"": ""CATC""}]",True,[],False,False,False,[],[],[],old-46-Word97--0-20,原件/免征目录/mf_batch46.doc,a4b2048b3d5c29a8969f0348e9fd19a3293f0c23e6f37a48bf42a2ed70c7d37d,False,False,False,False
DFL7001NNY4BEV,0,0,1,old_only,0,0,[],[],"[""CATC""]",[],"[""173""]",[],"[""10.6""]",[],"[{""eleEquivalentFuelConsumption"": ""1.20"", ""powerConsumption"": ""10.6"", ""runingRange"": ""173"", ""workConditionType"": ""CATC""}]",True,[],False,False,False,[],[],[],old-46-Word97--0-19,原件/免征目录/mf_batch46.doc,a4b2048b3d5c29a8969f0348e9fd19a3293f0c23e6f37a48bf42a2ed70c7d37d,False,False,False,False
DFM6473M5F1BEV,3,3,2,both,3,0,[],"[""5""]","[""CATC""]","[""430"", ""445"", ""451""]","[""445"", ""451""]","[""12.8"", ""13.3""]","[""12.8""]","[""1618""]","[{""eleEquivalentFuelConsumption"": ""1.45"", ""powerConsumption"": ""12.8"", ""runingRange"": ""445"", ""workConditionType"": ""CATC""}, {""eleEquivalentFuelConsumption"": ""1.45"", ""powerConsumption"": ""12.8"", ""runingRange"": ""451"", ""workConditionType"": ""CATC""}]",True,"[""multiple_new_range_raw_values"", ""multiple_old_range_raw_values"", ""multiple_new_consumption_raw_values"", ""new_old_range_raw_value_sets_differ"", ""new_old_consumption_raw_value_sets_differ_units_not_normalized""]",False,False,False,"[""2023-12-26"", ""2025-08-15""]","[""2024-07-05"", ""2025-08-21""]","[""补录历史数据""]",old-68-Word97--0-3,原件/免征目录/mf_batch68.doc,58113d08377020d08de0aeb0e08ff63c4a4411dbe35ad69cfdd6f82fdf0fcc77,False,False,False,False
DFM7000A2F1BEV,1,1,2,both,1,0,[],"[""5""]","[""CATC""]","[""330""]","[""330""]","[""10.6""]","[""10.6""]","[""1235""]","[{""eleEquivalentFuelConsumption"": ""1.2"", ""powerConsumption"": ""10.6"", ""runingRange"": ""330"", ""workConditionType"": ""CATC""}]",True,[],False,False,False,"[""2023-10-18""]","[""2024-07-05""]","[""补录历史数据""]",old-70-Word97--0-7,原件/免征目录/mf_batch70.doc,29b9f5df62602e114f0ed01426c185fdb15a654022cdf16d4df624bb736ed813,False,False,False,False
DFM7000A2FBEV,1,1,2,both,1,0,[],"[""5""]","[""CATC""]","[""430""]","[""430""]","[""10.7""]","[""10.7""]","[""1312""]","[{""eleEquivalentFuelConsumption"": ""1.21"", ""powerConsumption"": ""10.7"", ""runingRange"": ""430"", ""workConditionType"": ""CATC""}]",True,[],False,False,False,"[""2023-10-18""]","[""2024-07-05""]","[""补录历史数据""]",old-70-Word97--0-6,原件/免征目录/mf_batch70.doc,29b9f5df62602e114f0ed01426c185fdb15a654022cdf16d4df624bb736ed813,False,False,False,False
DFM7000G1A1BEV,0,0,0,not_in_observed_filtered_views,0,0,[],[],[],[],[],[],[],[],[],False,[],False,False,False,[],[],[],mf29-t0-r1,原件/mf_batch29.doc,8d24a01958cc6d44fa7826ecbb6a76869b9a0f2c98b97597d57af02932f2afaf,False,False,False,False
DFM7000G1A2BEV,4,4,3,both,4,0,[],"[""5""]","[""CATC""]","[""255""]","[""255""]","[""14.5"", ""14.9""]","[""14.9""]","[""1410"", ""1448""]","[{""eleEquivalentFuelConsumption"": ""1.69"", ""powerConsumption"": ""14.9"", ""runingRange"": ""255"", ""workConditionType"": ""CATC""}, {""eleEquivalentFuelConsumption"": ""1.7"", ""powerConsumption"": ""14.9"", ""runingRange"": ""255"", ""workConditionType"": ""CATC""}]",True,"[""multiple_new_consumption_raw_values"", ""multiple_new_curb_mass_raw_values"", ""new_old_consumption_raw_value_sets_differ_units_not_normalized""]",False,False,False,"[""2023-07-17""]","[""2024-07-05""]","[""补录历史数据""]",old-47-Word97--0-5,原件/免征目录/mf_batch47.doc,fb4517fe8220b10bc435a77a5328df13c732c70b335942dfad0ae9394affe9b4,False,False,False,False
DFM7000G1A3BEV,0,0,0,not_in_observed_filtered_views,0,0,[],[],[],[],[],[],[],[],[],False,[],False,False,False,[],[],[],old-38-Word97--0-7,原件/免征目录/mf_batch38.doc,7c9def45fe5c40e4c5ffb483a1d1efd383c12cb16a5c4ba021d4ce28384776de,False,False,False,False
DFM7000G1ABEV,0,0,0,not_in_observed_filtered_views,0,0,[],[],[],[],[],[],[],[],[],False,[],False,False,False,[],[],[],old-05-PDF-grid-1-0-5,原件/免征目录/mf_batch05.pdf,658aa5fbf13859a9bbe1db6235da2f7e79fc325cc34e4c0ec1ffab7f8cc2ebca,False,False,False,False
DFM7000G1ABEV1,0,0,0,not_in_observed_filtered_views,0,0,[],[],[],[],[],[],[],[],[],False,[],False,False,False,[],[],[],old-10-PDF-grid-1-0-20,原件/免征目录/mf_batch10.pdf,ac1b1ad2605b4f24762fb1f01cea64b685393577d01648618fa1882bb5700ac3,False,False,False,False
DFM7000G1BBEV,0,0,0,not_in_observed_filtered_views,0,0,[],[],[],[],[],[],[],[],[],False,[],False,False,False,[],[],[],old-10-PDF-grid-1-0-17,原件/免征目录/mf_batch10.pdf,ac1b1ad2605b4f24762fb1f01cea64b685393577d01648618fa1882bb5700ac3,False,False,False,False
DFM7000G1F2BEV,0,0,0,not_in_observed_filtered_views,0,0,[],[],[],[],[],[],[],[],[],False,[],False,False,False,[],[],[],old-12-PDF-grid-1-0-9,原件/免征目录/mf_batch12.pdf,afbd7133ccf901dbdc065b2ff80768450dc901def8d216cf5bb87baa98f7a1e2,False,False,False,False
DFM7000G1F3BEV,0,0,0,not_in_observed_filtered_views,0,0,[],[],[],[],[],[],[],[],[],False,[],False,False,False,[],[],[],old-12-PDF-grid-1-0-8,原件/免征目录/mf_batch12.pdf,afbd7133ccf901dbdc065b2ff80768450dc901def8d216cf5bb87baa98f7a1e2,False,False,False,False
DFM7000G1F3PBEV,0,0,0,not_in_observed_filtered_views,0,0,[],[],[],[],[],[],[],[],[],False,[],False,False,False,[],[],[],old-20-DOCX--0-14,原件/免征目录/mf_batch20.docx,374d3f87551d75d1c163e76abb38f350ea93f8a2b8cad6174568c307d1cc0130,False,False,False,False
DFM7000G1F6BEV,0,0,0,not_in_observed_filtered_views,0,0,[],[],[],[],[],[],[],[],[],False,[],False,False,False,[],[],[],old-19-DOCX--0-18,原件/免征目录/mf_batch19.docx,fafd1558aa0f21067847c19bdd0a95c79b919737be7b07b87c4538107fb2b8e3,False,False,False,False
DFM7000G1F6PBEV,0,0,0,not_in_observed_filtered_views,0,0,[],[],[],[],[],[],[],[],[],False,[],False,False,False,[],[],[],old-22-Word97--0-4,原件/免征目录/mf_batch22.doc,eaf3fc1e64742af85b3d4bc90388d0a93154a497fd6c1fb9bf73b857672e1212,False,False,False,False
DFM7000G1F7BEV,0,0,0,not_in_observed_filtered_views,0,0,[],[],[],[],[],[],[],[],[],False,[],False,False,False,[],[],[],old-22-Word97--0-5,原件/免征目录/mf_batch22.doc,eaf3fc1e64742af85b3d4bc90388d0a93154a497fd6c1fb9bf73b857672e1212,False,False,False,False
DFM7000G1F8BEV,0,0,0,not_in_observed_filtered_views,0,0,[],[],[],[],[],[],[],[],[],False,[],False,False,False,[],[],[],mf29-t0-r2,原件/mf_batch29.doc,8d24a01958cc6d44fa7826ecbb6a76869b9a0f2c98b97597d57af02932f2afaf,False,False,False,False
DFM7000G1F8PBEV,0,0,0,not_in_observed_filtered_views,0,0,[],[],[],[],[],[],[],[],[],False,[],False,False,False,[],[],[],old-37-Word97--0-9,原件/免征目录/mf_batch37.doc,136057faede292d8070763e326c8dbdcddf3790653cc6879a13758f91556881f,False,False,False,False
DFM7000G1F9BEV,0,0,0,not_in_observed_filtered_views,0,0,[],[],[],[],[],[],[],[],[],False,[],False,False,False,[],[],[],old-32-Word97--0-7,原件/免征目录/mf_batch32.doc,ad7c65b4831a05b7c70e1e73fe834aa9beed883c66f898e799fcbbeb43cc3d75,False,False,False,False
DFM7000G1F9PBEV,0,0,0,not_in_observed_filtered_views,0,0,[],[],[],[],[],[],[],[],[],False,[],False,False,False,[],[],[],old-38-Word97--0-6,原件/免征目录/mf_batch38.doc,7c9def45fe5c40e4c5ffb483a1d1efd383c12cb16a5c4ba021d4ce28384776de,False,False,False,False
DFM7000G1FABEV,0,0,0,not_in_observed_filtered_views,0,0,[],[],[],[],[],[],[],[],[],False,[],False,False,False,[],[],[],old-33-Word97--0-6,原件/免征目录/mf_batch33.doc,ff98fbb1708c47cdcfc1e79e7a1647e72a7ae6d4255dce3b250d661001340c09,False,False,False,False
DFM7000H2ABEV,0,0,0,not_in_observed_filtered_views,0,0,[],[],[],[],[],[],[],[],[],False,[],False,False,False,[],[],[],old-02-PDF-grid-1-0-11,原件/免征目录/mf_batch02.pdf,0b13b4fd2de6c4de3ab0f8add88bb8d24354d05ca6af46904fe1065c53c9c519,False,False,False,False
DFM7000H2ABEV1,0,0,0,not_in_observed_filtered_views,0,0,[],[],[],[],[],[],[],[],[],False,[],False,False,False,[],[],[],old-07-PDF-grid-1-0-7,原件/免征目录/mf_batch07.pdf,ad8e7f0576c7261a718e5a561358462b598d617361c6f02d7a14fb2038b758b0,False,False,False,False
DFM7000H2DBEV,0,0,0,not_in_observed_filtered_views,0,0,[],[],[],[],[],[],[],[],[],False,[],False,False,False,[],[],[],old-02-PDF-grid-1-0-14,原件/免征目录/mf_batch02.pdf,0b13b4fd2de6c4de3ab0f8add88bb8d24354d05ca6af46904fe1065c53c9c519,False,False,False,False
DFM7000H2DBEV1,0,0,0,not_in_observed_filtered_views,0,0,[],[],[],[],[],[],[],[],[],False,[],False,False,False,[],[],[],old-06-PDF-grid-1-0-5,原件/免征目录/mf_batch06.pdf,df226dc3953484911afdd265072593abc08c9f66d52a1df7492e215ce15c9b54,False,False,False,False
DFM7000N1FBEV,0,0,0,not_in_observed_filtered_views,0,0,[],[],[],[],[],[],[],[],[],False,[],False,False,False,[],[],[],old-28-Word97--0-3,原件/免征目录/mf_batch28.doc,dfe1b301a5e8373e94e0e4a2fccee3d258c56bb662e4928764a71274142acd72,False,False,False,False
DFM7000S1F4BEV,6,6,1,both,6,0,[],"[""5""]","[""CATC""]","[""520"", ""530""]","[""530""]","[""11.9"", ""12.3""]","[""11.9""]","[""1767"", ""1791""]","[{""eleEquivalentFuelConsumption"": ""1.35"", ""powerConsumption"": ""11.9"", ""runingRange"": ""530"", ""workConditionType"": ""CATC""}]",True,"[""multiple_new_range_raw_values"", ""multiple_new_consumption_raw_values"", ""multiple_new_curb_mass_raw_values"", ""new_old_range_raw_value_sets_differ"", ""new_old_consumption_raw_value_sets_differ_units_not_normalized""]",False,False,False,"[""2024-05-20""]","[""2024-07-05"", ""2024-07-23""]","[""补录历史数据""]",old-71-Word97--0-16,原件/免征目录/mf_batch71.doc,b37b78b64b8ef7e12e6e95d6fd27a4a6e364c0c83ba403ffcf3bca82c60e3460,False,False,False,False
DFM7000S1F5BEV,5,5,1,both,5,0,[],"[""5""]","[""CATC""]","[""615"", ""620""]","[""620""]","[""12.6"", ""12.9"", ""13.1""]","[""12.6""]","[""1852"", ""1890""]","[{""eleEquivalentFuelConsumption"": ""1.43"", ""powerConsumption"": ""12.6"", ""runingRange"": ""620"", ""workConditionType"": ""CATC""}]",True,"[""multiple_new_range_raw_values"", ""multiple_new_consumption_raw_values"", ""multiple_new_curb_mass_raw_values"", ""new_old_range_raw_value_sets_differ"", ""new_old_consumption_raw_value_sets_differ_units_not_normalized""]",False,False,False,"[""2024-05-20"", ""2024-07-09""]","[""2024-07-05"", ""2024-07-23"", ""2024-08-12""]","[""补录历史数据""]",old-71-Word97--0-17,原件/免征目录/mf_batch71.doc,b37b78b64b8ef7e12e6e95d6fd27a4a6e364c0c83ba403ffcf3bca82c60e3460,False,False,False,False
DFM7000S1F6BEV,4,4,1,both,4,0,[],"[""5""]","[""CATC""]","[""540""]","[""540""]","[""14.9"", ""15.2""]","[""14.9""]","[""1999"", ""2022""]","[{""eleEquivalentFuelConsumption"": ""1.69"", ""powerConsumption"": ""14.9"", ""runingRange"": ""540"", ""workConditionType"": ""CATC""}]",True,"[""multiple_new_consumption_raw_values"", ""multiple_new_curb_mass_raw_values"", ""new_old_consumption_raw_value_sets_differ_units_not_normalized""]",False,False,False,"[""2024-05-31""]","[""2024-07-05"", ""2024-07-06"", ""2024-07-23""]","[""补录历史数据""]",old-71-Word97--0-15,原件/免征目录/mf_batch71.doc,b37b78b64b8ef7e12e6e95d6fd27a4a6e364c0c83ba403ffcf3bca82c60e3460,False,False,False,False
DFM7001G1F1BEV,4,4,5,both,4,0,[],"[""5""]","[""CATC""]","[""401"", ""412""]","[""401"", ""412""]","[""13.2""]","[""13.2""]","[""1515"", ""1550""]","[{""eleEquivalentFuelConsumption"": ""1.49"", ""powerConsumption"": ""13.2"", ""runingRange"": ""401"", ""workConditionType"": ""CATC""}, {""eleEquivalentFuelConsumption"": ""1.49"", ""powerConsumption"": ""13.2"", ""runingRange"": ""412"", ""workConditionType"": ""CATC""}]",True,"[""multiple_new_range_raw_values"", ""multiple_old_range_raw_values"", ""multiple_new_curb_mass_raw_values""]",False,False,False,"[""2023-09-13""]","[""2024-07-05"", ""2024-07-19""]","[""补录历史数据""]",old-37-Word97--0-10,原件/免征目录/mf_batch37.doc,136057faede292d8070763e326c8dbdcddf3790653cc6879a13758f91556881f,False,False,False,False
DFM7001G1F2BEV,1,1,5,both,1,0,[],"[""5""]","[""CATC"", ""NEDC""]","[""433""]","[""420"", ""433""]","[""13.2""]","[""13.2"", null]","[""1515""]","[{""eleEquivalentFuelConsumption"": ""1.49"", ""powerConsumption"": ""13.2"", ""runingRange"": ""433"", ""workConditionType"": ""CATC""}, {""eleEquivalentFuelConsumption"": ""1.5"", ""runingRange"": ""420"", ""workConditionType"": ""NEDC""}]",True,"[""multiple_old_cycle_codes"", ""multiple_old_range_raw_values"", ""multiple_old_consumption_raw_values"", ""new_old_range_raw_value_sets_differ"", ""new_old_consumption_raw_value_sets_differ_units_not_normalized""]",False,False,True,"[""2023-08-15""]","[""2024-07-05""]","[""补录历史数据""]",old-37-Word97--0-11,原件/免征目录/mf_batch37.doc,136057faede292d8070763e326c8dbdcddf3790653cc6879a13758f91556881f,False,False,False,False
DFM7001G1F2SBEV,0,0,1,old_only,0,0,[],[],"[""CATC""]",[],"[""407""]",[],"[""14.3""]",[],"[{""eleEquivalentFuelConsumption"": ""1.62"", ""powerConsumption"": ""14.3"", ""runingRange"": ""407"", ""workConditionType"": ""CATC""}]",True,[],False,False,False,[],[],[],old-61-Word97--0-20,原件/免征目录/mf_batch61.doc,d360a77695ccf20f3c17a354a1dd02fc846a7ae8bd18b41492515881a7240b72,False,False,False,False
DFM7001G1F3BEV,2,2,14,both,2,0,[],"[""5""]","[""CATC"", ""NEDC""]","[""347""]","[""330"", ""347""]","[""12.9""]","[""12.9"", ""13.0"", null]","[""1502"", ""1550""]","[{""eleEquivalentFuelConsumption"": ""1.46"", ""powerConsumption"": ""12.9"", ""runingRange"": ""347"", ""workConditionType"": ""CATC""}, {""eleEquivalentFuelConsumption"": ""1.47"", ""powerConsumption"": ""13.0"", ""runingRange"": ""330"", ""workConditionType"": ""NEDC""}, {""eleEquivalentFuelConsumption"": ""1.5"", ""powerConsumption"": ""13.0"", ""runingRange"": ""330"", ""workConditionType"": ""NEDC""}, {""eleEquivalentFuelConsumption"": ""1.5"", ""runingRange"": ""330"", ""workConditionType"": ""NEDC""}]",True,"[""multiple_old_cycle_codes"", ""multiple_old_range_raw_values"", ""multiple_old_consumption_raw_values"", ""multiple_new_curb_mass_raw_values"", ""new_old_range_raw_value_sets_differ"", ""new_old_consumption_raw_value_sets_differ_units_not_normalized""]",False,False,True,"[""2023-07-17""]","[""2024-07-05""]","[""补录历史数据""]",old-37-Word97--0-12,原件/免征目录/mf_batch37.doc,136057faede292d8070763e326c8dbdcddf3790653cc6879a13758f91556881f,False,False,False,False
DFM7001G1F6BEV,0,0,0,not_in_observed_filtered_views,0,0,[],[],[],[],[],[],[],[],[],False,[],False,False,False,[],[],[],old-47-Word97--0-7,原件/免征目录/mf_batch47.doc,fb4517fe8220b10bc435a77a5328df13c732c70b335942dfad0ae9394affe9b4,False,False,False,False
DFM7001G1F7BEV,0,0,0,not_in_observed_filtered_views,0,0,[],[],[],[],[],[],[],[],[],False,[],False,False,False,[],[],[],old-47-Word97--0-9,原件/免征目录/mf_batch47.doc,fb4517fe8220b10bc435a77a5328df13c732c70b335942dfad0ae9394affe9b4,False,False,False,False
DFM7002G1F1BEV,2,2,3,both,2,0,[],"[""5""]","[""CATC""]","[""270""]","[""270""]","[""14.0""]","[""14.0""]","[""1375"", ""1439""]","[{""eleEquivalentFuelConsumption"": ""1.58"", ""powerConsumption"": ""14.0"", ""runingRange"": ""270"", ""workConditionType"": ""CATC""}, {""eleEquivalentFuelConsumption"": ""1.6"", ""powerConsumption"": ""14.0"", ""runingRange"": ""270"", ""workConditionType"": ""CATC""}]",True,"[""multiple_new_curb_mass_raw_values""]",False,False,False,"[""2023-07-17""]","[""2024-07-05""]","[""补录历史数据""]",old-47-Word97--0-8,原件/免征目录/mf_batch47.doc,fb4517fe8220b10bc435a77a5328df13c732c70b335942dfad0ae9394affe9b4,False,False,False,False
DFM7002G1F2BEV,0,0,0,not_in_observed_filtered_views,0,0,[],[],[],[],[],[],[],[],[],False,[],False,False,False,[],[],[],old-41-Word97--0-13,原件/免征目录/mf_batch41.doc,ba4634c0877ebf99f8e462013e4a07e40f57478a4aaf921801a6c85a49c42b7f,False,False,False,False
DFM7002G1F4BEV,1,1,2,both,1,0,[],"[""5""]","[""CATC""]","[""433""]","[""433""]","[""13.2""]","[""13.2""]","[""1502""]","[{""eleEquivalentFuelConsumption"": ""1.49"", ""powerConsumption"": ""13.2"", ""runingRange"": ""433"", ""workConditionType"": ""CATC""}]",True,[],False,False,False,"[""2023-10-18""]","[""2024-07-06""]","[""补录历史数据""]",old-53-Word97--0-16,原件/免征目录/mf_batch53.doc,a1f426ff77c80bce4d153fbfb6d01a7b6c6c87539f52ac4643edb7b060e21d2a,False,False,False,False
DFM7002G1F7BEV,2,2,2,both,2,0,[],"[""5""]","[""CATC""]","[""412""]","[""412""]","[""13.2""]","[""13.2""]","[""1500"", ""1537""]","[{""eleEquivalentFuelConsumption"": ""1.49"", ""powerConsumption"": ""13.2"", ""runingRange"": ""412"", ""workConditionType"": ""CATC""}]",True,"[""multiple_new_curb_mass_raw_values""]",False,False,False,"[""2023-09-13""]","[""2024-07-05"", ""2024-07-06""]","[""补录历史数据""]",old-52-Word97--0-12,原件/免征目录/mf_batch52.doc,650a1430fd7c9a9139970f857a0382498bfd368fe64a95f24c17ca3f49dfa3cc,False,False,False,False
DFM7002G1F8BEV,2,2,2,both,2,0,[],"[""5""]","[""CATC""]","[""401"", ""412""]","[""401"", ""412""]","[""13.2""]","[""13.2""]","[""1438""]","[{""eleEquivalentFuelConsumption"": ""1.49"", ""powerConsumption"": ""13.2"", ""runingRange"": ""401"", ""workConditionType"": ""CATC""}, {""eleEquivalentFuelConsumption"": ""1.49"", ""powerConsumption"": ""13.2"", ""runingRange"": ""412"", ""workConditionType"": ""CATC""}]",True,"[""multiple_new_range_raw_values"", ""multiple_old_range_raw_values""]",False,False,False,"[""2023-09-13""]","[""2024-07-05""]","[""补录历史数据""]",old-55-Word97--0-24,原件/免征目录/mf_batch55.doc,0457d0430e9e7f114c91341a715405c3933dd4783762cd74b9871e4918ba887f,False,False,False,False
DFM7002G1FABEV,2,2,3,both,2,0,[],"[""5""]","[""CATC""]","[""401"", ""433""]","[""401"", ""433""]","[""13.2""]","[""13.2""]","[""1438"", ""1502""]","[{""eleEquivalentFuelConsumption"": ""1.49"", ""powerConsumption"": ""13.2"", ""runingRange"": ""401"", ""workConditionType"": ""CATC""}, {""eleEquivalentFuelConsumption"": ""1.49"", ""powerConsumption"": ""13.2"", ""runingRange"": ""433"", ""workConditionType"": ""CATC""}]",True,"[""multiple_new_range_raw_values"", ""multiple_old_range_raw_values"", ""multiple_new_curb_mass_raw_values""]",False,False,False,"[""2023-08-15""]","[""2024-07-05""]","[""补录历史数据""]",old-54-Word97--0-26,原件/免征目录/mf_batch54.doc,e4ce106fc0fb21bc61cac40ff0de97e60dff2d18b5b7d24c494bb74873312fd7,False,False,False,False
DFM7002G1FBBEV,1,1,1,both,1,0,[],"[""5""]","[""CATC""]","[""401""]","[""401""]","[""13.2""]","[""13.2""]","[""1500""]","[{""eleEquivalentFuelConsumption"": ""1.49"", ""powerConsumption"": ""13.2"", ""runingRange"": ""401"", ""workConditionType"": ""CATC""}]",True,[],False,False,False,"[""2023-09-13""]","[""2024-07-05""]","[""补录历史数据""]",old-63-Word97--0-5,原件/免征目录/mf_batch63.doc,1d0f4bf9c7c1f67712e9efa3a5e3222c30d4e438653b9335aaff9714e65f8c05,False,False,False,False
DFM7002G1FCBEV,2,2,1,both,2,0,[],"[""5""]","[""CATC""]","[""401""]","[""401""]","[""13.2""]","[""13.2""]","[""1465""]","[{""eleEquivalentFuelConsumption"": ""1.49"", ""powerConsumption"": ""13.2"", ""runingRange"": ""401"", ""workConditionType"": ""CATC""}]",True,[],False,False,False,"[""2023-08-15""]","[""2024-07-05"", ""2024-07-22""]","[""补录历史数据""]",old-64-Word97--0-7,原件/免征目录/mf_batch64.doc,c4e238989e7e40ec2c3a6a899ead170b4a745bc72546ba6fd4a5731d8890c6cb,False,False,False,False
DFM7003G1F3BEV,1,1,0,new_only,1,0,[],"[""5""]",[],"[""401""]",[],"[""12.3""]",[],"[""1465""]",[],False,[],False,False,False,"[""2024-03-08""]","[""2024-07-05""]","[""补录历史数据""]",old-71-Word97--0-18,原件/免征目录/mf_batch71.doc,b37b78b64b8ef7e12e6e95d6fd27a4a6e364c0c83ba403ffcf3bca82c60e3460,False,False,False,False
DHW7001DHBEV,0,0,0,not_in_observed_filtered_views,0,0,[],[],[],[],[],[],[],[],[],False,[],False,False,False,[],[],[],old-25-Word97--0-56,原件/免征目录/mf_batch25.wps,9d2abe319463522513fe9c90f98bb8d0a825b599267d0b3cc403cec9624b3297,False,False,False,False
DHW7002DHBEV,0,0,0,not_in_observed_filtered_views,0,0,[],[],[],[],[],[],[],[],[],False,[],False,False,False,[],[],[],old-25-Word97--0-57,原件/免征目录/mf_batch25.wps,9d2abe319463522513fe9c90f98bb8d0a825b599267d0b3cc403cec9624b3297,False,False,False,False
DHW7003DHBEV,0,0,2,old_only,0,0,[],[],"[""CATC""]",[],"[""480""]",[],"[""13.7""]",[],"[{""eleEquivalentFuelConsumption"": ""1.55"", ""powerConsumption"": ""13.7"", ""runingRange"": ""480"", ""workConditionType"": ""CATC""}]",True,[],False,False,False,[],[],[],old-33-Word97--0-5,原件/免征目录/mf_batch33.doc,ff98fbb1708c47cdcfc1e79e7a1647e72a7ae6d4255dce3b250d661001340c09,False,False,False,False
DHW7003RSBEV,4,4,2,both,4,0,[],"[""5""]","[""CATC""]","[""420""]","[""420""]","[""13.6""]","[""13.6""]","[""1647"", ""1684""]","[{""eleEquivalentFuelConsumption"": ""1.54"", ""powerConsumption"": ""13.6"", ""runingRange"": ""420"", ""workConditionType"": ""CATC""}]",True,"[""multiple_new_curb_mass_raw_values""]",False,False,False,"[""2022-11-09""]","[""2024-07-08"", ""2024-08-02""]","[""历史车型补录"", ""在产车新标准对应""]",old-60-Word97--0-22,原件/免征目录/mf_batch60.doc,aabd19e9a0955380873798454b18b3bb15c87937dffcbb0ccfab2eae3bf3551b,False,False,False,False
DHW7004DHBEV,0,0,2,old_only,0,0,[],[],"[""CATC""]",[],"[""465""]",[],"[""14.1""]",[],"[{""eleEquivalentFuelConsumption"": ""1.59"", ""powerConsumption"": ""14.1"", ""runingRange"": ""465"", ""workConditionType"": ""CATC""}]",True,[],False,False,False,[],[],[],old-34-Word97--0-6,原件/免征目录/mf_batch34.doc,d5c5bb03cc5fe0f16b284048e265ad35d62c12c0416f14aef0ce026a229aa831,False,False,False,False
DHW7005DHBEV,0,0,0,not_in_observed_filtered_views,0,0,[],[],[],[],[],[],[],[],[],False,[],False,False,False,[],[],[],old-59-Word97--0-42,原件/免征目录/mf_batch59.doc,32738e2df847e0c74ff96d48b8a13e1dd9c31aee84b7c0a633e2d9c8a3e01f86,False,False,False,False
DHW7006DHBEV,4,4,2,both,4,0,[],"[""5""]","[""CATC""]","[""500""]","[""500""]","[""13.4""]","[""13.4""]","[""1619"", ""1654""]","[{""eleEquivalentFuelConsumption"": ""1.52"", ""powerConsumption"": ""13.4"", ""runingRange"": ""500"", ""workConditionType"": ""CATC""}]",True,"[""multiple_new_curb_mass_raw_values""]",False,False,False,"[""2023-04-17""]","[""2024-07-08"", ""2024-08-02""]","[""历史车型补录"", ""油耗标签新标准对应""]",old-64-Word97--0-8,原件/免征目录/mf_batch64.doc,c4e238989e7e40ec2c3a6a899ead170b4a745bc72546ba6fd4a5731d8890c6cb,False,False,False,False
DN7000LBEV,0,0,0,not_in_observed_filtered_views,0,0,[],[],[],[],[],[],[],[],[],False,[],False,False,False,[],[],[],old-05-PDF-grid-1-0-6,原件/免征目录/mf_batch05.pdf,658aa5fbf13859a9bbe1db6235da2f7e79fc325cc34e4c0ec1ffab7f8cc2ebca,False,False,False,False
DN7000MBEV,0,0,0,not_in_observed_filtered_views,0,0,[],[],[],[],[],[],[],[],[],False,[],False,False,False,[],[],[],old-01-PDF-grid-1-0-10,原件/免征目录/mf_batch01.pdf,eac13628c37f01c4da157a2d1916d97acc81fdc295f18e1783549075ce7e5aa7,False,False,False,False
DN7001MBEV,0,0,0,not_in_observed_filtered_views,0,0,[],[],[],[],[],[],[],[],[],False,[],False,False,False,[],[],[],old-04-PDF-grid-1-0-6,原件/免征目录/mf_batch04.pdf,7539cd299efb49a366656a4da32393075bcb03a5e10ea54e975f82f6099d9c81,False,False,False,False
DN7003MBEV,0,0,0,not_in_observed_filtered_views,0,0,[],[],[],[],[],[],[],[],[],False,[],False,False,False,[],[],[],old-07-PDF-grid-1-0-8,原件/免征目录/mf_batch07.pdf,ad8e7f0576c7261a718e5a561358462b598d617361c6f02d7a14fb2038b758b0,False,False,False,False
DN7004MBEV,0,0,0,not_in_observed_filtered_views,0,0,[],[],[],[],[],[],[],[],[],False,[],False,False,False,[],[],[],old-09-PDF-grid-2-0-2,原件/免征目录/mf_batch09.pdf,7eea7200c04fefec34f6ae6db5a1bae77f82a534348f266e95575cae051c8c8c,False,False,False,False
DN7005MBEV,0,0,0,not_in_observed_filtered_views,0,0,[],[],[],[],[],[],[],[],[],False,[],False,False,False,[],[],[],old-09-PDF-grid-2-0-3,原件/免征目录/mf_batch09.pdf,7eea7200c04fefec34f6ae6db5a1bae77f82a534348f266e95575cae051c8c8c,False,False,False,False
DN7006MBEV,0,0,0,not_in_observed_filtered_views,0,0,[],[],[],[],[],[],[],[],[],False,[],False,False,False,[],[],[],old-10-PDF-grid-1-0-23,原件/免征目录/mf_batch10.pdf,ac1b1ad2605b4f24762fb1f01cea64b685393577d01648618fa1882bb5700ac3,False,False,False,False
DN7007GBEV4,0,0,0,not_in_observed_filtered_views,0,0,[],[],[],[],[],[],[],[],[],False,[],False,False,False,[],[],[],old-26-DOCX--0-41,原件/免征目录/mf_batch26.docx,de0890335ef3a4f1302a8a0735ec8b6aed52e994e2635db481820060d62248b5,False,False,False,False
DN7007HBEVS3,0,0,0,not_in_observed_filtered_views,0,0,[],[],[],[],[],[],[],[],[],False,[],False,False,False,[],[],[],old-19-DOCX--0-19,原件/免征目录/mf_batch19.docx,fafd1558aa0f21067847c19bdd0a95c79b919737be7b07b87c4538107fb2b8e3,False,False,False,False
DN7007MBEV,0,0,0,not_in_observed_filtered_views,0,0,[],[],[],[],[],[],[],[],[],False,[],False,False,False,[],[],[],old-14-Word97--0-12,原件/免征目录/mf_batch14.docx,6a48764b5ccb7c4ffa6f54daa44d3a42095b8a981fc982e774ddaaded41e9921,False,False,False,False
DN7007MBEVS3,0,0,0,not_in_observed_filtered_views,0,0,[],[],[],[],[],[],[],[],[],False,[],False,False,False,[],[],[],old-19-DOCX--0-20,原件/免征目录/mf_batch19.docx,fafd1558aa0f21067847c19bdd0a95c79b919737be7b07b87c4538107fb2b8e3,False,False,False,False
DN7008MBEVD,0,0,0,not_in_observed_filtered_views,0,0,[],[],[],[],[],[],[],[],[],False,[],False,False,False,[],[],[],old-21-DOCX--0-4,原件/免征目录/mf_batch21.docx,cd981cecffd781db646c194ab2c853b0466cc86eea0f616e95300b88932b8d9b,False,False,False,False
DN7008MBEVS,0,0,0,not_in_observed_filtered_views,0,0,[],[],[],[],[],[],[],[],[],False,[],False,False,False,[],[],[],old-19-DOCX--0-21,原件/免征目录/mf_batch19.docx,fafd1558aa0f21067847c19bdd0a95c79b919737be7b07b87c4538107fb2b8e3,False,False,False,False
DXK6450EC1BEV,0,0,0,not_in_observed_filtered_views,0,0,[],[],[],[],[],[],[],[],[],False,[],False,False,False,[],[],[],old-09-PDF-grid-1-0-21,原件/免征目录/mf_batch09.pdf,7eea7200c04fefec34f6ae6db5a1bae77f82a534348f266e95575cae051c8c8c,False,False,False,False
DXK6450EC4BEV,0,0,0,not_in_observed_filtered_views,0,0,[],[],[],[],[],[],[],[],[],False,[],False,False,False,[],[],[],old-17-PDF-grid-1-0-16,原件/免征目录/mf_batch17.pdf,577a4ba9c586fe08565f6a60e6de5474698031566d8dcef484cd44335879e334,False,False,False,False
DXK6450EC5BEV,0,0,0,not_in_observed_filtered_views,0,0,[],[],[],[],[],[],[],[],[],False,[],False,False,False,[],[],[],old-20-DOCX--0-15,原件/免征目录/mf_batch20.docx,374d3f87551d75d1c163e76abb38f350ea93f8a2b8cad6174568c307d1cc0130,False,False,False,False
DXK6450EC6BEV,0,0,0,not_in_observed_filtered_views,0,0,[],[],[],[],[],[],[],[],[],False,[],False,False,False,[],[],[],old-22-Word97--0-3,原件/免征目录/mf_batch22.doc,eaf3fc1e64742af85b3d4bc90388d0a93154a497fd6c1fb9bf73b857672e1212,False,False,False,False
DXK6450EC7BEV,0,0,0,not_in_observed_filtered_views,0,0,[],[],[],[],[],[],[],[],[],False,[],False,False,False,[],[],[],old-24-Word97--2-13,原件/免征目录/mf_batch24.wps,07775a0cb063fe0fce5880b9378dd1eb2522b725d645cabdee314d604779939d,False,False,False,False
DXK6460HF2BEV,0,0,2,old_only,0,0,[],[],"[""CATC""]",[],"[""310""]",[],"[""15.1""]",[],"[{""eleEquivalentFuelConsumption"": ""1.71"", ""powerConsumption"": ""15.1"", ""runingRange"": ""310"", ""workConditionType"": ""CATC""}]",True,[],False,False,False,[],[],[],old-47-Word97--0-10,原件/免征目录/mf_batch47.doc,fb4517fe8220b10bc435a77a5328df13c732c70b335942dfad0ae9394affe9b4,False,False,False,False
DXK6460HF4BEV,1,1,1,both,1,0,[],"[""5""]","[""CATC""]","[""310""]","[""310""]","[""15.1""]","[""15.1""]","[""1500""]","[{""eleEquivalentFuelConsumption"": ""1.71"", ""powerConsumption"": ""15.1"", ""runingRange"": ""310"", ""workConditionType"": ""CATC""}]",True,[],False,False,False,"[""2023-12-22""]","[""2024-07-22""]","[""公告生效日期新系统未开放""]",old-54-Word97--0-30,原件/免征目录/mf_batch54.doc,e4ce106fc0fb21bc61cac40ff0de97e60dff2d18b5b7d24c494bb74873312fd7,False,False,False,False
DXK6600HTBEV,0,0,0,not_in_observed_filtered_views,0,0,[],[],[],[],[],[],[],[],[],False,[],False,False,False,[],[],[],old-62-Word97--0-5,原件/免征目录/mf_batch62.doc,7694ac7207998b6af7c895cdd2c1d752421df436d4b28f83195261dd47f6509c,False,False,False,False
DXK7001RD10BEV,1,1,2,both,1,0,[],"[""5""]","[""CATC""]","[""180""]","[""180""]","[""8.5""]","[""8.5""]","[""730""]","[{""eleEquivalentFuelConsumption"": ""0.96"", ""powerConsumption"": ""8.5"", ""runingRange"": ""180"", ""workConditionType"": ""CATC""}]",True,[],False,False,False,"[""2023-12-22""]","[""2024-07-23""]","[""公告生效日期新系统未开放""]",old-48-Word97--0-17,原件/免征目录/mf_batch48.doc,ee5aa19736215cfcb3b76ffff90bcd0d9108c61758ccb756f7d4ad17e75a835c,False,False,False,False
DXK7001RD11BEV,1,1,1,both,1,0,[],"[""5""]","[""CATC""]","[""180""]","[""180""]","[""8.5""]","[""8.5""]","[""730""]","[{""eleEquivalentFuelConsumption"": ""0.96"", ""powerConsumption"": ""8.5"", ""runingRange"": ""180"", ""workConditionType"": ""CATC""}]",True,[],False,False,False,"[""2023-12-22""]","[""2024-07-23""]","[""公告生效日期新系统未开放""]",old-52-Word97--0-11,原件/免征目录/mf_batch52.doc,650a1430fd7c9a9139970f857a0382498bfd368fe64a95f24c17ca3f49dfa3cc,False,False,False,False
DXK7001RD15BEV,1,1,2,both,1,0,[],"[""5""]","[""CATC""]","[""180""]","[""180""]","[""8.5""]","[""8.5""]","[""730""]","[{""eleEquivalentFuelConsumption"": ""0.96"", ""powerConsumption"": ""8.5"", ""runingRange"": ""180"", ""workConditionType"": ""CATC""}]",True,[],False,False,False,"[""2023-12-22""]","[""2024-07-23""]","[""公告生效日期新系统未开放""]",old-55-Word97--0-21,原件/免征目录/mf_batch55.doc,0457d0430e9e7f114c91341a715405c3933dd4783762cd74b9871e4918ba887f,False,False,False,False
DXK7001RD1BEV,1,1,3,both,1,0,[],"[""5""]","[""CATC""]","[""220""]","[""220""]","[""8.5""]","[""8.5""]","[""755""]","[{""eleEquivalentFuelConsumption"": ""0.96"", ""powerConsumption"": ""8.5"", ""runingRange"": ""220"", ""workConditionType"": ""CATC""}]",True,[],False,False,False,"[""2023-12-22""]","[""2024-07-23""]","[""公告生效日期新系统未开放""]",old-55-Word97--0-22,原件/免征目录/mf_batch55.doc,0457d0430e9e7f114c91341a715405c3933dd4783762cd74b9871e4918ba887f,False,False,False,False
DXK7001RD2BEV,1,1,1,both,1,0,[],"[""5""]","[""CATC""]","[""180""]","[""180""]","[""8.5""]","[""8.5""]","[""730""]","[{""eleEquivalentFuelConsumption"": ""0.96"", ""powerConsumption"": ""8.5"", ""runingRange"": ""180"", ""workConditionType"": ""CATC""}]",True,[],False,False,False,"[""2023-12-22""]","[""2024-07-23""]","[""公告生效日期新系统未开放""]",old-54-Word97--0-31,原件/免征目录/mf_batch54.doc,e4ce106fc0fb21bc61cac40ff0de97e60dff2d18b5b7d24c494bb74873312fd7,False,False,False,False
DXK7001RD4BEV,1,1,2,both,1,0,[],"[""5""]","[""CATC""]","[""180""]","[""180""]","[""8.5""]","[""8.5""]","[""730""]","[{""eleEquivalentFuelConsumption"": ""0.96"", ""powerConsumption"": ""8.5"", ""runingRange"": ""180"", ""workConditionType"": ""CATC""}]",True,[],False,False,False,"[""2023-12-22""]","[""2024-07-23""]","[""公告生效日期新系统未开放""]",old-50-Word97--0-23,原件/免征目录/mf_batch50.doc,3810672d92621612507384960254de602e629e75a308df22ee2291519445095e,False,False,False,False
DXK7001RD5BEV,1,1,1,both,1,0,[],"[""5""]","[""CATC""]","[""180""]","[""180""]","[""8.5""]","[""8.5""]","[""730""]","[{""eleEquivalentFuelConsumption"": ""0.96"", ""powerConsumption"": ""8.5"", ""runingRange"": ""180"", ""workConditionType"": ""CATC""}]",True,[],False,False,False,"[""2023-12-22""]","[""2024-07-23""]","[""公告生效日期新系统未开放""]",old-54-Word97--0-32,原件/免征目录/mf_batch54.doc,e4ce106fc0fb21bc61cac40ff0de97e60dff2d18b5b7d24c494bb74873312fd7,False,False,False,False
DXK7001RD7BEV,1,1,6,both,1,0,[],"[""5""]","[""CATC""]","[""120""]","[""120""]","[""8.8""]","[""8.8""]","[""675""]","[{""eleEquivalentFuelConsumption"": ""1.00"", ""powerConsumption"": ""8.8"", ""runingRange"": ""120"", ""workConditionType"": ""CATC""}]",True,[],False,False,False,"[""2023-12-22""]","[""2024-07-23""]","[""公告生效日期新系统未开放""]",old-48-Word97--0-16,原件/免征目录/mf_batch48.doc,ee5aa19736215cfcb3b76ffff90bcd0d9108c61758ccb756f7d4ad17e75a835c,False,False,False,False
DXK7001RD9BEV,1,1,3,both,1,0,[],"[""5""]","[""CATC""]","[""120""]","[""120""]","[""8.8""]","[""8.8""]","[""675""]","[{""eleEquivalentFuelConsumption"": ""1.00"", ""powerConsumption"": ""8.8"", ""runingRange"": ""120"", ""workConditionType"": ""CATC""}]",True,[],False,False,False,"[""2023-12-22""]","[""2024-07-23""]","[""公告生效日期新系统未开放""]",old-48-Word97--0-15,原件/免征目录/mf_batch48.doc,ee5aa19736215cfcb3b76ffff90bcd0d9108c61758ccb756f7d4ad17e75a835c,False,False,False,False
DXK7001RDBEV,0,0,0,not_in_observed_filtered_views,0,0,[],[],[],[],[],[],[],[],[],False,[],False,False,False,[],[],[],old-47-Word97--0-11,原件/免征目录/mf_batch47.doc,fb4517fe8220b10bc435a77a5328df13c732c70b335942dfad0ae9394affe9b4,False,False,False,False
DYM7003BABEV,0,0,0,not_in_observed_filtered_views,0,0,[],[],[],[],[],[],[],[],[],False,[],False,False,False,[],[],[],old-20-DOCX--0-16,原件/免征目录/mf_batch20.docx,374d3f87551d75d1c163e76abb38f350ea93f8a2b8cad6174568c307d1cc0130,False,False,False,False
DYM7003BBBEV,0,0,0,not_in_observed_filtered_views,0,0,[],[],[],[],[],[],[],[],[],False,[],False,False,False,[],[],[],old-24-Word97--2-16,原件/免征目录/mf_batch24.wps,07775a0cb063fe0fce5880b9378dd1eb2522b725d645cabdee314d604779939d,False,False,False,False
DYM7009ABBEV,0,0,0,not_in_observed_filtered_views,0,0,[],[],[],[],[],[],[],[],[],False,[],False,False,False,[],[],[],old-12-PDF-grid-1-0-11,原件/免征目录/mf_batch12.pdf,afbd7133ccf901dbdc065b2ff80768450dc901def8d216cf5bb87baa98f7a1e2,False,False,False,False
DYM7009ACBEV,0,0,0,not_in_observed_filtered_views,0,0,[],[],[],[],[],[],[],[],[],False,[],False,False,False,[],[],[],old-14-Word97--0-11,原件/免征目录/mf_batch14.docx,6a48764b5ccb7c4ffa6f54daa44d3a42095b8a981fc982e774ddaaded41e9921,False,False,False,False
E1R5,0,0,0,not_in_observed_filtered_views,0,0,[],[],[],[],[],[],[],[],[],False,[],False,False,False,[],[],[],old-26-DOCX--0-84,原件/免征目录/mf_batch26.docx,de0890335ef3a4f1302a8a0735ec8b6aed52e994e2635db481820060d62248b5,False,False,False,False
E3D5,0,0,0,not_in_observed_filtered_views,0,0,[],[],[],[],[],[],[],[],[],False,[],False,False,False,[],[],[],old-26-DOCX--0-69,原件/免征目录/mf_batch26.docx,de0890335ef3a4f1302a8a0735ec8b6aed52e994e2635db481820060d62248b5,False,False,False,False
E3DP5,0,0,0,not_in_observed_filtered_views,0,0,[],[],[],[],[],[],[],[],[],False,[],False,False,False,[],[],[],old-26-DOCX--0-70,原件/免征目录/mf_batch26.docx,de0890335ef3a4f1302a8a0735ec8b6aed52e994e2635db481820060d62248b5,False,False,False,False
E3R5,0,0,0,not_in_observed_filtered_views,0,0,[],[],[],[],[],[],[],[],[],False,[],False,False,False,[],[],[],old-26-DOCX--0-71,原件/免征目录/mf_batch26.docx,de0890335ef3a4f1302a8a0735ec8b6aed52e994e2635db481820060d62248b5,False,False,False,False
ELECTRICUPEABAFA1001,0,0,0,not_in_observed_filtered_views,0,0,[],[],[],[],[],[],[],[],[],False,[],False,False,False,[],[],[],old-08-PDF-grid-2-0-11,原件/免征目录/mf_batch08.pdf,39b242717c026063c908426a890cd361f1165aa5729988d56303b2f8d5fb3b42,False,False,False,False
EQ2040RMVBEV,0,0,0,not_in_observed_filtered_views,0,0,[],[],[],[],[],[],[],[],[],False,[],False,False,False,[],[],[],old-62-Word97--0-4,原件/免征目录/mf_batch62.doc,7694ac7207998b6af7c895cdd2c1d752421df436d4b28f83195261dd47f6509c,False,False,False,False
EQ6490AL5F1BEV,1,1,3,both,1,0,[],"[""5""]","[""CATC"", ""NEDC""]","[""505""]","[""505""]","[""18.7""]","[""18.7""]","[""2190""]","[{""eleEquivalentFuelConsumption"": ""2.1"", ""powerConsumption"": ""18.7"", ""runingRange"": ""505"", ""workConditionType"": ""NEDC""}, {""eleEquivalentFuelConsumption"": ""2.11"", ""powerConsumption"": ""18.7"", ""runingRange"": ""505"", ""workConditionType"": ""CATC""}]",True,"[""multiple_old_cycle_codes""]",False,False,True,"[""2022-04-07""]","[""2024-07-18""]","[""补录历史数据""]",old-42-Word97--0-18,原件/免征目录/mf_batch42.doc,fef4fd8ea19d773d368642e51a4bdb24c148530251a2240be4ff1358d5d41fab,False,False,False,False
EQ6490AL5F2BEV,1,1,3,both,1,0,[],"[""5""]","[""CATC"", ""NEDC""]","[""475""]","[""475""]","[""19.4""]","[""19.3"", ""19.4""]","[""2330""]","[{""eleEquivalentFuelConsumption"": ""2.19"", ""powerConsumption"": ""19.4"", ""runingRange"": ""475"", ""workConditionType"": ""CATC""}, {""eleEquivalentFuelConsumption"": ""2.2"", ""powerConsumption"": ""19.3"", ""runingRange"": ""475"", ""workConditionType"": ""NEDC""}]",True,"[""multiple_old_cycle_codes"", ""multiple_old_consumption_raw_values"", ""new_old_consumption_raw_value_sets_differ_units_not_normalized""]",False,False,True,"[""2022-10-10""]","[""2024-07-18""]","[""补录历史数据""]",old-42-Word97--0-19,原件/免征目录/mf_batch42.doc,fef4fd8ea19d773d368642e51a4bdb24c148530251a2240be4ff1358d5d41fab,False,False,False,False
EQ6491AL5F2BEV,1,1,2,both,1,0,[],"[""5""]","[""CATC""]","[""631""]","[""631""]","[""18.3""]","[""18.3""]","[""2310""]","[{""eleEquivalentFuelConsumption"": ""2.07"", ""powerConsumption"": ""18.3"", ""runingRange"": ""631"", ""workConditionType"": ""CATC""}]",True,[],False,False,False,"[""2022-10-10""]","[""2024-07-18""]","[""补录历史数据""]",old-53-Word97--0-15,原件/免征目录/mf_batch53.doc,a1f426ff77c80bce4d153fbfb6d01a7b6c6c87539f52ac4643edb7b060e21d2a,False,False,False,False
EQ6510LM5F1BEV,0,0,0,not_in_observed_filtered_views,0,0,[],[],[],[],[],[],[],[],[],False,[],False,False,False,[],[],[],old-13-PDF-grid-1-0-9,原件/免征目录/mf_batch13.pdf,e82c4f41c448edbb5269c95f2ff35d0c577f7ff0d12ff30b2d4c307a1aa31a6b,False,False,False,False
EQ6530AL5F2BEV,2,2,1,both,2,0,[],"[""5""]","[""CATC""]","[""470"", ""475""]","[""475""]","[""18.7"", ""19.2""]","[""19.2""]","[""2620"", ""2670""]","[{""eleEquivalentFuelConsumption"": ""2.17"", ""powerConsumption"": ""19.2"", ""runingRange"": ""475"", ""workConditionType"": ""CATC""}]",True,"[""multiple_new_range_raw_values"", ""multiple_new_consumption_raw_values"", ""multiple_new_curb_mass_raw_values"", ""new_old_range_raw_value_sets_differ"", ""new_old_consumption_raw_value_sets_differ_units_not_normalized""]",False,False,False,"[""2023-05-09""]","[""2024-07-18""]","[""补录历史数据""]",old-54-Word97--0-25,原件/免征目录/mf_batch54.doc,e4ce106fc0fb21bc61cac40ff0de97e60dff2d18b5b7d24c494bb74873312fd7,False,False,False,False
EQ6531AL5F2BEV,2,2,1,both,2,0,[],"[""5""]","[""CATC""]","[""600"", ""605""]","[""605""]","[""19.0"", ""19.5""]","[""19.5""]","[""2625"", ""2696""]","[{""eleEquivalentFuelConsumption"": ""2.21"", ""powerConsumption"": ""19.5"", ""runingRange"": ""605"", ""workConditionType"": ""CATC""}]",True,"[""multiple_new_range_raw_values"", ""multiple_new_consumption_raw_values"", ""multiple_new_curb_mass_raw_values"", ""new_old_range_raw_value_sets_differ"", ""new_old_consumption_raw_value_sets_differ_units_not_normalized""]",False,False,False,"[""2023-05-09""]","[""2024-07-18""]","[""补录历史数据""]",old-54-Word97--0-28,原件/免征目录/mf_batch54.doc,e4ce106fc0fb21bc61cac40ff0de97e60dff2d18b5b7d24c494bb74873312fd7,False,False,False,False
EQ6532AL5F2BEV,1,1,0,new_only,1,0,[],"[""5""]",[],"[""510""]",[],"[""17.5""]",[],"[""2620""]",[],False,[],False,False,False,"[""2023-09-13""]","[""2024-07-18""]","[""补录历史数据""]",old-69-Word97--0-6,原件/免征目录/mf_batch69.doc,357d61a16c94488c9fdd761f393edb7029b05394ab06117abaebcba1a1e45546,False,False,False,False
EQ6533AL5F2BEV,2,2,0,new_only,2,0,[],"[""5""]",[],"[""650""]",[],"[""17.7""]",[],"[""2645"", ""2682""]",[],False,"[""multiple_new_curb_mass_raw_values""]",False,False,False,"[""2024-02-04"", ""2024-08-01""]","[""2024-07-18"", ""2024-08-23""]","[""补录历史数据""]",old-69-Word97--0-7,原件/免征目录/mf_batch69.doc,357d61a16c94488c9fdd761f393edb7029b05394ab06117abaebcba1a1e45546,False,False,False,False
EQ6534AL5F2BEV,0,0,0,not_in_observed_filtered_views,0,0,[],[],[],[],[],[],[],[],[],False,[],False,False,False,[],[],[],old-70-Word97--0-8,原件/免征目录/mf_batch70.doc,29b9f5df62602e114f0ed01426c185fdb15a654022cdf16d4df624bb736ed813,False,False,False,False
EQ7000AL1F2BEV,1,1,1,both,1,0,[],"[""5""]","[""CATC""]","[""580""]","[""580""]","[""15.6""]","[""15.6""]","[""2266""]","[{""eleEquivalentFuelConsumption"": ""1.76"", ""powerConsumption"": ""15.6"", ""runingRange"": ""580"", ""workConditionType"": ""CATC""}]",True,[],False,False,False,"[""2023-05-09""]","[""2024-07-18""]","[""补录历史数据""]",old-60-Word97--0-14,原件/免征目录/mf_batch60.doc,aabd19e9a0955380873798454b18b3bb15c87937dffcbb0ccfab2eae3bf3551b,False,False,False,False
EQ7000FA2F1BEV,0,0,0,not_in_observed_filtered_views,0,0,[],[],[],[],[],[],[],[],[],False,[],False,False,False,[],[],[],old-25-Word97--0-62,原件/免征目录/mf_batch25.wps,9d2abe319463522513fe9c90f98bb8d0a825b599267d0b3cc403cec9624b3297,False,False,False,False
EQ7000FD2F2BEV,1,1,2,both,1,0,[],"[""5""]","[""CATC""]","[""351""]","[""351""]","[""9.3""]","[""9.3""]","[""921""]","[{""eleEquivalentFuelConsumption"": ""1.05"", ""powerConsumption"": ""9.3"", ""runingRange"": ""351"", ""workConditionType"": ""CATC""}]",True,[],False,False,False,"[""2023-08-15""]","[""2024-07-01""]","[""补录历史数据""]",old-34-Word97--0-7,原件/免征目录/mf_batch34.doc,d5c5bb03cc5fe0f16b284048e265ad35d62c12c0416f14aef0ce026a229aa831,False,False,False,False
EQ7000FD2F3BEV,1,1,1,both,1,0,[],"[""5""]","[""CATC""]","[""201""]","[""201""]","[""9.3""]","[""9.3""]","[""872""]","[{""eleEquivalentFuelConsumption"": ""1.05"", ""powerConsumption"": ""9.3"", ""runingRange"": ""201"", ""workConditionType"": ""CATC""}]",True,[],False,False,False,"[""2023-04-17""]","[""2024-07-01""]","[""补录历史数据""]",old-60-Word97--0-16,原件/免征目录/mf_batch60.doc,aabd19e9a0955380873798454b18b3bb15c87937dffcbb0ccfab2eae3bf3551b,False,False,False,False
EQ7000FL2F1BEV,2,2,2,both,2,0,[],"[""5""]","[""CATC""]","[""321"", ""331""]","[""321"", ""331""]","[""9.3"", ""9.5""]","[""9.3"", ""9.5""]","[""921""]","[{""eleEquivalentFuelConsumption"": ""1.05"", ""powerConsumption"": ""9.3"", ""runingRange"": ""331"", ""workConditionType"": ""CATC""}, {""eleEquivalentFuelConsumption"": ""1.07"", ""powerConsumption"": ""9.5"", ""runingRange"": ""321"", ""workConditionType"": ""CATC""}]",True,"[""multiple_new_range_raw_values"", ""multiple_old_range_raw_values"", ""multiple_new_consumption_raw_values"", ""multiple_old_consumption_raw_values""]",False,False,False,"[""2023-08-15""]","[""2024-07-01""]","[""补录历史数据""]",old-25-Word97--0-63,原件/免征目录/mf_batch25.wps,9d2abe319463522513fe9c90f98bb8d0a825b599267d0b3cc403cec9624b3297,False,False,False,False
EQ7000FR2F1BEV,0,0,1,old_only,0,0,[],[],"[""CATC""]",[],"[""321""]",[],"[""9.5""]",[],"[{""eleEquivalentFuelConsumption"": ""1.07"", ""powerConsumption"": ""9.5"", ""runingRange"": ""321"", ""workConditionType"": ""CATC""}]",True,[],False,False,False,[],[],[],old-25-Word97--0-64,原件/免征目录/mf_batch25.wps,9d2abe319463522513fe9c90f98bb8d0a825b599267d0b3cc403cec9624b3297,False,False,False,False
EQ7000FR2F2BEV,0,0,1,old_only,0,0,[],[],"[""CATC""]",[],"[""351""]",[],"[""9.3""]",[],"[{""eleEquivalentFuelConsumption"": ""1.05"", ""powerConsumption"": ""9.3"", ""runingRange"": ""351"", ""workConditionType"": ""CATC""}]",True,[],False,False,False,[],[],[],old-34-Word97--0-8,原件/免征目录/mf_batch34.doc,d5c5bb03cc5fe0f16b284048e265ad35d62c12c0416f14aef0ce026a229aa831,False,False,False,False
EQ7000FS2F1BEV,0,0,0,not_in_observed_filtered_views,0,0,[],[],[],[],[],[],[],[],[],False,[],False,False,False,[],[],[],old-25-Word97--0-65,原件/免征目录/mf_batch25.wps,9d2abe319463522513fe9c90f98bb8d0a825b599267d0b3cc403cec9624b3297,False,False,False,False
EQ7000FV2F1BEV,0,0,3,old_only,0,0,[],[],"[""CATC"", ""NEDC""]",[],"[""271"", ""321"", ""331""]",[],"[""10.8"", ""9.3"", ""9.5""]",[],"[{""eleEquivalentFuelConsumption"": ""1.05"", ""powerConsumption"": ""9.3"", ""runingRange"": ""331"", ""workConditionType"": ""CATC""}, {""eleEquivalentFuelConsumption"": ""1.07"", ""powerConsumption"": ""9.5"", ""runingRange"": ""321"", ""workConditionType"": ""CATC""}, {""eleEquivalentFuelConsumption"": ""1.22"", ""powerConsumption"": ""10.8"", ""runingRange"": ""271"", ""workConditionType"": ""NEDC""}]",True,"[""multiple_old_cycle_codes"", ""multiple_old_range_raw_values"", ""multiple_old_consumption_raw_values""]",False,False,True,[],[],[],old-25-Word97--0-66,原件/免征目录/mf_batch25.wps,9d2abe319463522513fe9c90f98bb8d0a825b599267d0b3cc403cec9624b3297,False,False,False,False
EQ7000LS1F1BEV,0,0,0,not_in_observed_filtered_views,0,0,[],[],[],[],[],[],[],[],[],False,[],False,False,False,[],[],[],old-13-PDF-grid-1-0-10,原件/免征目录/mf_batch13.pdf,e82c4f41c448edbb5269c95f2ff35d0c577f7ff0d12ff30b2d4c307a1aa31a6b,False,False,False,False
EQ7001AL1F2BEV,1,1,1,both,1,0,[],"[""5""]","[""CATC""]","[""730""]","[""730""]","[""15.8""]","[""15.8""]","[""2286""]","[{""eleEquivalentFuelConsumption"": ""1.78"", ""powerConsumption"": ""15.8"", ""runingRange"": ""730"", ""workConditionType"": ""CATC""}]",True,[],False,False,False,"[""2023-12-12""]","[""2024-07-18""]","[""补录历史数据""]",old-60-Word97--0-21,原件/免征目录/mf_batch60.doc,aabd19e9a0955380873798454b18b3bb15c87937dffcbb0ccfab2eae3bf3551b,False,False,False,False
EQ7002AL1F2BEV,0,0,0,not_in_observed_filtered_views,0,0,[],[],[],[],[],[],[],[],[],False,[],False,False,False,[],[],[],old-70-Word97--0-9,原件/免征目录/mf_batch70.doc,29b9f5df62602e114f0ed01426c185fdb15a654022cdf16d4df624bb736ed813,False,False,False,False
EQS450+A10(296623),0,0,0,not_in_observed_filtered_views,3,3,"[""EQS 450+ A10 (296623)""]",[],[],[],[],[],[],[],[],False,[],False,False,False,[],[],[],old-60-Word97--0-4,原件/免征目录/mf_batch60.doc,aabd19e9a0955380873798454b18b3bb15c87937dffcbb0ccfab2eae3bf3551b,False,False,False,False
EQS450+A10(297123),0,0,0,not_in_observed_filtered_views,2,2,"[""EQS 450+ A10 (297123)""]",[],[],[],[],[],[],[],[],False,[],False,False,False,[],[],[],old-49-Word97--0-24,原件/免征目录/mf_batch49.doc,c7a56509a4d9272982da0abc9d1ea213ee1fbea3d0f1edad124630c9b5e3474e,False,False,False,False
EQS450+B20(297123),0,0,0,not_in_observed_filtered_views,6,6,"[""EQS 450+ B20 (297123)""]",[],[],[],[],[],[],[],[],False,[],False,False,False,[],[],[],old-49-Word97--0-22,原件/免征目录/mf_batch49.doc,c7a56509a4d9272982da0abc9d1ea213ee1fbea3d0f1edad124630c9b5e3474e,False,False,False,False
EQS4504MATICA10(296624),0,0,0,not_in_observed_filtered_views,6,6,"[""EQS 450 4MATIC A10 (296624)""]",[],[],[],[],[],[],[],[],False,[],False,False,False,[],[],[],old-60-Word97--0-3,原件/免征目录/mf_batch60.doc,aabd19e9a0955380873798454b18b3bb15c87937dffcbb0ccfab2eae3bf3551b,False,False,False,False
EQS4504MATICB20(296624),0,0,0,not_in_observed_filtered_views,3,3,"[""EQS 450 4MATIC B20 (296624)""]",[],[],[],[],[],[],[],[],False,[],False,False,False,[],[],[],old-60-Word97--0-2,原件/免征目录/mf_batch60.doc,aabd19e9a0955380873798454b18b3bb15c87937dffcbb0ccfab2eae3bf3551b,False,False,False,False
EQS5804MATICA10(297144),0,0,0,not_in_observed_filtered_views,3,3,"[""EQS 580 4MATIC A10 (297144)""]",[],[],[],[],[],[],[],[],False,[],False,False,False,[],[],[],old-49-Word97--0-23,原件/免征目录/mf_batch49.doc,c7a56509a4d9272982da0abc9d1ea213ee1fbea3d0f1edad124630c9b5e3474e,False,False,False,False
ETRON55GESBM1JQ6A0,0,0,0,not_in_observed_filtered_views,0,0,[],[],[],[],[],[],[],[],[],False,[],False,False,False,[],[],[],old-46-Word97--0-11,原件/免征目录/mf_batch46.doc,a4b2048b3d5c29a8969f0348e9fd19a3293f0c23e6f37a48bf42a2ed70c7d37d,False,False,False,False
ETRON55GEXBM1JQ6A0,0,0,0,not_in_observed_filtered_views,0,0,[],[],[],[],[],[],[],[],[],False,[],False,False,False,[],[],[],old-27-Word97--0-62,原件/免征目录/mf_batch27.doc,2bd67cf7e1efc03ae93942d0d340ffef87478709520383b6ee4d08baf843ead1,False,False,False,False
ETRONGT60FWSBD2VQ6C1,0,0,0,not_in_observed_filtered_views,0,0,[],[],[],[],[],[],[],[],[],False,[],False,False,False,[],[],[],old-65-Word97--0-3,原件/免征目录/mf_batch65.doc,06a6a578a9a60516a845bc92deac49954438a789e9e4a7cf3cd140f256d9b13d,False,False,False,False
ETRONGT60FWSBD2VQ6C2,0,0,0,not_in_observed_filtered_views,0,0,[],[],[],[],[],[],[],[],[],False,[],False,False,False,[],[],[],old-65-Word97--0-2,原件/免征目录/mf_batch65.doc,06a6a578a9a60516a845bc92deac49954438a789e9e4a7cf3cd140f256d9b13d,False,False,False,False
EXH6460A00BEV,0,0,3,old_only,0,0,[],[],"[""NEDC""]",[],"[""520""]",[],"[""14.1""]",[],"[{""eleEquivalentFuelConsumption"": ""1.60"", ""powerConsumption"": ""14.1"", ""runingRange"": ""520"", ""workConditionType"": ""NEDC""}]",True,[],False,False,False,[],[],[],old-35-Word97--0-32,原件/免征目录/mf_batch35.wps,e4a6abd0e50daa81d029f8b37584511354700e855dc89de210fcba782b0643f0,False,False,False,False
EXH6460A01BEV,0,0,3,old_only,0,0,[],[],"[""NEDC""]",[],"[""620""]",[],"[""14.4""]",[],"[{""eleEquivalentFuelConsumption"": ""1.60"", ""powerConsumption"": ""14.4"", ""runingRange"": ""620"", ""workConditionType"": ""NEDC""}]",True,[],False,False,False,[],[],[],old-37-Word97--0-31,原件/免征目录/mf_batch37.doc,136057faede292d8070763e326c8dbdcddf3790653cc6879a13758f91556881f,False,False,False,False
EXH6460A02BEV,0,0,7,old_only,0,0,[],[],"[""NEDC""]",[],"[""520""]",[],"[""14 "", ""14.1""]",[],"[{""eleEquivalentFuelConsumption"": ""1.6"", ""powerConsumption"": ""14.1"", ""runingRange"": ""520"", ""workConditionType"": ""NEDC""}, {""eleEquivalentFuelConsumption"": ""1.60 "", ""powerConsumption"": ""14 "", ""runingRange"": ""520"", ""workConditionType"": ""NEDC""}, {""eleEquivalentFuelConsumption"": ""1.60"", ""powerConsumption"": ""14.1"", ""runingRange"": ""520"", ""workConditionType"": ""NEDC""}]",True,"[""multiple_old_consumption_raw_values""]",False,False,False,[],[],[],old-37-Word97--0-32,原件/免征目录/mf_batch37.doc,136057faede292d8070763e326c8dbdcddf3790653cc6879a13758f91556881f,False,False,False,False
EXH6460A03BEV,0,0,6,old_only,0,0,[],[],"[""NEDC""]",[],"[""520""]",[],"[""14.1""]",[],"[{""eleEquivalentFuelConsumption"": ""1.6"", ""powerConsumption"": ""14.1"", ""runingRange"": ""520"", ""workConditionType"": ""NEDC""}, {""eleEquivalentFuelConsumption"": ""1.60"", ""powerConsumption"": ""14.1"", ""runingRange"": ""520"", ""workConditionType"": ""NEDC""}]",True,[],False,False,False,[],[],[],old-38-Word97--0-12,原件/免征目录/mf_batch38.doc,7c9def45fe5c40e4c5ffb483a1d1efd383c12cb16a5c4ba021d4ce28384776de,False,False,False,False
EXH6460A04BEV,0,0,6,old_only,0,0,[],[],"[""NEDC""]",[],"[""520""]",[],"[""14.1""]",[],"[{""eleEquivalentFuelConsumption"": ""1.6"", ""powerConsumption"": ""14.1"", ""runingRange"": ""520"", ""workConditionType"": ""NEDC""}, {""eleEquivalentFuelConsumption"": ""1.60"", ""powerConsumption"": ""14.1"", ""runingRange"": ""520"", ""workConditionType"": ""NEDC""}]",True,[],False,False,False,[],[],[],old-39-Word97--0-17,原件/免征目录/mf_batch39.doc,48158862f567d71b07ac0a7a60c2c3bc6d2bb44dd5a86290b0b809d757a9eb07,False,False,False,False
EXH6460A05BEV,0,0,3,old_only,0,0,[],[],"[""NEDC""]",[],"[""520""]",[],"[""14.1""]",[],"[{""eleEquivalentFuelConsumption"": ""1.60"", ""powerConsumption"": ""14.1"", ""runingRange"": ""520"", ""workConditionType"": ""NEDC""}]",True,[],False,False,False,[],[],[],old-41-Word97--0-20,原件/免征目录/mf_batch41.doc,ba4634c0877ebf99f8e462013e4a07e40f57478a4aaf921801a6c85a49c42b7f,False,False,False,False
EXH6460A06BEV,0,0,0,not_in_observed_filtered_views,0,0,[],[],[],[],[],[],[],[],[],False,[],False,False,False,[],[],[],old-46-Word97--0-30,原件/免征目录/mf_batch46.doc,a4b2048b3d5c29a8969f0348e9fd19a3293f0c23e6f37a48bf42a2ed70c7d37d,False,False,False,False
EXH6480A00BEV,0,0,2,old_only,0,0,[],[],"[""NEDC""]",[],"[""501""]",[],"[""14 "", ""14.4""]",[],"[{""eleEquivalentFuelConsumption"": ""1.60 "", ""powerConsumption"": ""14 "", ""runingRange"": ""501"", ""workConditionType"": ""NEDC""}, {""eleEquivalentFuelConsumption"": ""1.60"", ""powerConsumption"": ""14.4"", ""runingRange"": ""501"", ""workConditionType"": ""NEDC""}]",True,"[""multiple_old_consumption_raw_values""]",False,False,False,[],[],[],old-33-Word97--0-20,原件/免征目录/mf_batch33.doc,ff98fbb1708c47cdcfc1e79e7a1647e72a7ae6d4255dce3b250d661001340c09,False,False,False,False
EXH6480A01BEV,0,0,2,old_only,0,0,[],[],"[""NEDC""]",[],"[""501""]",[],"[""14.4""]",[],"[{""eleEquivalentFuelConsumption"": ""1.60"", ""powerConsumption"": ""14.4"", ""runingRange"": ""501"", ""workConditionType"": ""NEDC""}]",True,[],False,False,False,[],[],[],old-42-Word97--0-30,原件/免征目录/mf_batch42.doc,fef4fd8ea19d773d368642e51a4bdb24c148530251a2240be4ff1358d5d41fab,False,False,False,False
FD6450BEV,0,0,0,not_in_observed_filtered_views,0,0,[],[],[],[],[],[],[],[],[],False,[],False,False,False,[],[],[],old-07-PDF-grid-1-0-20,原件/免征目录/mf_batch07.pdf,ad8e7f0576c7261a718e5a561358462b598d617361c6f02d7a14fb2038b758b0,False,False,False,False
FDH7000BEV01,0,0,0,not_in_observed_filtered_views,0,0,[],[],[],[],[],[],[],[],[],False,[],False,False,False,[],[],[],old-22-Word97--0-58,原件/免征目录/mf_batch22.doc,eaf3fc1e64742af85b3d4bc90388d0a93154a497fd6c1fb9bf73b857672e1212,False,False,False,False
FDH7000BEV03,0,0,0,not_in_observed_filtered_views,0,0,[],[],[],[],[],[],[],[],[],False,[],False,False,False,[],[],[],old-23-Word97--0-61,原件/免征目录/mf_batch23.docx,87f838de0da3ba5887f77b2bf5c1dbf5b427e7cef896309a7084c11dd8f5efa0,False,False,False,False
FDH7000BEV04,0,0,0,not_in_observed_filtered_views,0,0,[],[],[],[],[],[],[],[],[],False,[],False,False,False,[],[],[],old-25-Word97--0-34,原件/免征目录/mf_batch25.wps,9d2abe319463522513fe9c90f98bb8d0a825b599267d0b3cc403cec9624b3297,False,False,False,False
FDH7000BEV05,0,0,0,not_in_observed_filtered_views,0,0,[],[],[],[],[],[],[],[],[],False,[],False,False,False,[],[],[],mf29-t0-r23,原件/mf_batch29.doc,8d24a01958cc6d44fa7826ecbb6a76869b9a0f2c98b97597d57af02932f2afaf,False,False,False,False
FDH7000BEV09,0,0,0,not_in_observed_filtered_views,0,0,[],[],[],[],[],[],[],[],[],False,[],False,False,False,[],[],[],old-40-Word97--0-15,原件/免征目录/mf_batch40.doc,93047c8e87a1f45948933ee36d00160788032370ecf11b551624e0ca45ecc1d1,False,False,False,False
FJ6410BEVA1,0,0,0,not_in_observed_filtered_views,0,0,[],[],[],[],[],[],[],[],[],False,[],False,False,False,[],[],[],old-03-PDF-grid-1-0-8,原件/免征目录/mf_batch03.pdf,1367fdf126160143cbeecaedf4a66b528d105bbfa58a06b2118487a2e05000a5,False,False,False,False
FJ6450BEVC1,0,0,0,not_in_observed_filtered_views,0,0,[],[],[],[],[],[],[],[],[],False,[],False,False,False,[],[],[],old-22-Word97--0-29,原件/免征目录/mf_batch22.doc,eaf3fc1e64742af85b3d4bc90388d0a93154a497fd6c1fb9bf73b857672e1212,False,False,False,False
FJ6450BEVC3,0,0,4,old_only,0,0,[],[],"[""NEDC""]",[],"[""451""]",[],"[""13.7""]",[],"[{""eleEquivalentFuelConsumption"": ""1.50"", ""powerConsumption"": ""13.7"", ""runingRange"": ""451"", ""workConditionType"": ""NEDC""}]",True,[],False,False,False,[],[],[],old-36-Word97--0-9,原件/免征目录/mf_batch36.doc,05cfcfd9136685ad6d6e13b8228cd123cca109c26f43a4c71472016b5a610a9f,False,False,False,False
FV6465AABEV,1,1,4,both,1,0,[],"[""5""]","[""CATC"", ""NEDC""]","[""442""]","[""405"", ""442""]","[""13.1""]","[""13.1"", ""14.6"", ""15 ""]","[""1945""]","[{""eleEquivalentFuelConsumption"": ""1.48"", ""powerConsumption"": ""13.1"", ""runingRange"": ""442"", ""workConditionType"": ""CATC""}, {""eleEquivalentFuelConsumption"": ""1.65 "", ""powerConsumption"": ""15 "", ""runingRange"": ""405"", ""workConditionType"": ""NEDC""}, {""eleEquivalentFuelConsumption"": ""1.7"", ""powerConsumption"": ""14.6"", ""runingRange"": ""405"", ""workConditionType"": ""NEDC""}]",True,"[""multiple_old_cycle_codes"", ""multiple_old_range_raw_values"", ""multiple_old_consumption_raw_values"", ""new_old_range_raw_value_sets_differ"", ""new_old_consumption_raw_value_sets_differ_units_not_normalized""]",False,False,True,[],"[""2024-06-27""]","[""历史车型补录""]",old-44-Word97--0-14,原件/免征目录/mf_batch44.doc,aea30846204f4e55c0d969450f1619e1649eb27f471d5b0a2636d0da77eb0611,False,False,False,False
FV6465BBABEV,1,1,4,both,1,0,[],"[""5""]","[""CATC""]","[""600""]","[""600""]","[""14.3""]","[""14.3""]","[""2130""]","[{""eleEquivalentFuelConsumption"": ""1.62"", ""powerConsumption"": ""14.3"", ""runingRange"": ""600"", ""workConditionType"": ""CATC""}]",True,[],False,False,False,"[""2021-09-09""]","[""2024-06-27""]","[""历史车型录入""]",old-46-Word97--0-15,原件/免征目录/mf_batch46.doc,a4b2048b3d5c29a8969f0348e9fd19a3293f0c23e6f37a48bf42a2ed70c7d37d,False,False,False,False
FV6465BBBEV,0,0,7,old_only,0,0,[],[],"[""CATC"", ""NEDC""]",[],"[""550"", ""600""]",[],"[""14.3"", ""16 ""]",[],"[{""eleEquivalentFuelConsumption"": ""1.62"", ""powerConsumption"": ""14.3"", ""runingRange"": ""600"", ""workConditionType"": ""CATC""}, {""eleEquivalentFuelConsumption"": ""1.84 "", ""powerConsumption"": ""16 "", ""runingRange"": ""550"", ""workConditionType"": ""NEDC""}]",True,"[""multiple_old_cycle_codes"", ""multiple_old_range_raw_values"", ""multiple_old_consumption_raw_values""]",False,False,True,[],[],[],old-35-Word97--0-2,原件/免征目录/mf_batch35.wps,e4a6abd0e50daa81d029f8b37584511354700e855dc89de210fcba782b0643f0,False,False,False,False
FV6465BCABEV,0,0,2,old_only,0,0,[],[],"[""CATC""]",[],"[""554""]",[],"[""15.4"", ""15.6""]",[],"[{""eleEquivalentFuelConsumption"": ""1.76"", ""powerConsumption"": ""15.4"", ""runingRange"": ""554"", ""workConditionType"": ""CATC""}, {""eleEquivalentFuelConsumption"": ""1.76"", ""powerConsumption"": ""15.6"", ""runingRange"": ""554"", ""workConditionType"": ""CATC""}]",True,"[""multiple_old_consumption_raw_values""]",False,False,False,[],[],[],old-47-Word97--0-4,原件/免征目录/mf_batch47.doc,fb4517fe8220b10bc435a77a5328df13c732c70b335942dfad0ae9394affe9b4,False,False,False,False
FV6465BCBEV,0,0,4,old_only,0,0,[],[],"[""CATC"", ""NEDC""]",[],"[""513"", ""554""]",[],"[""15.6"", ""17 ""]",[],"[{""eleEquivalentFuelConsumption"": ""1.76"", ""powerConsumption"": ""15.6"", ""runingRange"": ""554"", ""workConditionType"": ""CATC""}, {""eleEquivalentFuelConsumption"": ""1.93 "", ""powerConsumption"": ""17 "", ""runingRange"": ""513"", ""workConditionType"": ""NEDC""}]",True,"[""multiple_old_cycle_codes"", ""multiple_old_range_raw_values"", ""multiple_old_consumption_raw_values""]",False,False,True,[],[],[],old-41-Word97--0-9,原件/免征目录/mf_batch41.doc,ba4634c0877ebf99f8e462013e4a07e40f57478a4aaf921801a6c85a49c42b7f,False,False,False,False
FV6469AABEV,1,1,2,both,1,0,[],"[""5""]","[""CATC""]","[""605""]","[""605""]","[""14.4""]","[""14.4""]","[""2160""]","[{""eleEquivalentFuelConsumption"": ""1.63"", ""powerConsumption"": ""14.4"", ""runingRange"": ""605"", ""workConditionType"": ""CATC""}]",True,[],False,False,False,"[""2022-04-07""]","[""2024-06-27""]","[""历史车型补录""]",old-53-Word97--0-13,原件/免征目录/mf_batch53.doc,a1f426ff77c80bce4d153fbfb6d01a7b6c6c87539f52ac4643edb7b060e21d2a,False,False,False,False
FV6469ABBEV,0,0,2,old_only,0,0,[],[],"[""CATC""]",[],"[""543""]",[],"[""16.1""]",[],"[{""eleEquivalentFuelConsumption"": ""1.82"", ""powerConsumption"": ""16.1"", ""runingRange"": ""543"", ""workConditionType"": ""CATC""}]",True,[],False,False,False,[],[],[],old-53-Word97--0-12,原件/免征目录/mf_batch53.doc,a1f426ff77c80bce4d153fbfb6d01a7b6c6c87539f52ac4643edb7b060e21d2a,False,False,False,False
FV6494AA1BEV,0,0,3,old_only,0,0,[],[],"[""CATC""]",[],"[""466""]",[],"[""21.2""]",[],"[{""eleEquivalentFuelConsumption"": ""2.40"", ""powerConsumption"": ""21.2"", ""runingRange"": ""466"", ""workConditionType"": ""CATC""}]",True,[],False,False,False,[],[],[],old-37-Word97--0-2,原件/免征目录/mf_batch37.doc,136057faede292d8070763e326c8dbdcddf3790653cc6879a13758f91556881f,False,False,False,False
FV6494AABEV,0,0,12,old_only,0,0,[],[],"[""CATC""]",[],"[""430""]",[],"[""22.8""]",[],"[{""eleEquivalentFuelConsumption"": ""2.58"", ""powerConsumption"": ""22.8"", ""runingRange"": ""430"", ""workConditionType"": ""CATC""}]",True,[],False,False,False,[],[],[],old-33-Word97--0-3,原件/免征目录/mf_batch33.doc,ff98fbb1708c47cdcfc1e79e7a1647e72a7ae6d4255dce3b250d661001340c09,False,False,False,False
FV6498AABEV,2,2,2,both,2,0,[],"[""5""]","[""CATC"", ""NEDC""]","[""480""]","[""439"", ""480""]","[""13.6""]","[""13.6"", ""15.7""]","[""2161""]","[{""eleEquivalentFuelConsumption"": ""1.54"", ""powerConsumption"": ""13.6"", ""runingRange"": ""480"", ""workConditionType"": ""CATC""}, {""eleEquivalentFuelConsumption"": ""1.8"", ""powerConsumption"": ""15.7"", ""runingRange"": ""439"", ""workConditionType"": ""NEDC""}]",True,"[""multiple_old_cycle_codes"", ""multiple_old_range_raw_values"", ""multiple_old_consumption_raw_values"", ""new_old_range_raw_value_sets_differ"", ""new_old_consumption_raw_value_sets_differ_units_not_normalized""]",False,False,True,[],"[""2024-06-27"", ""2024-06-28""]","[""历史车型补录""]",old-44-Word97--0-13,原件/免征目录/mf_batch44.doc,aea30846204f4e55c0d969450f1619e1649eb27f471d5b0a2636d0da77eb0611,False,False,False,False
FV6498BBABEV,1,1,2,both,1,0,[],"[""5""]","[""CATC""]","[""591""]","[""591""]","[""14.8""]","[""14.8""]","[""2302""]","[{""eleEquivalentFuelConsumption"": ""1.67"", ""powerConsumption"": ""14.8"", ""runingRange"": ""591"", ""workConditionType"": ""CATC""}]",True,[],False,False,False,"[""2021-12-07""]","[""2024-06-27""]","[""历史车型补录""]",old-49-Word97--0-8,原件/免征目录/mf_batch49.doc,c7a56509a4d9272982da0abc9d1ea213ee1fbea3d0f1edad124630c9b5e3474e,False,False,False,False
FV6498BBBEV,0,0,16,old_only,0,0,[],[],"[""CATC""]",[],"[""601""]",[],"[""14.4""]",[],"[{""eleEquivalentFuelConsumption"": ""1.79"", ""powerConsumption"": ""14.4"", ""runingRange"": ""601"", ""workConditionType"": ""CATC""}]",True,[],False,False,False,[],[],[],old-41-Word97--0-10,原件/免征目录/mf_batch41.doc,ba4634c0877ebf99f8e462013e4a07e40f57478a4aaf921801a6c85a49c42b7f,False,False,False,False
FV6498BBDBEV,1,1,2,both,1,0,[],"[""5""]","[""CATC""]","[""601""]","[""601""]","[""14.4""]","[""14.4""]","[""2290""]","[{""eleEquivalentFuelConsumption"": ""1.63"", ""powerConsumption"": ""14.4"", ""runingRange"": ""601"", ""workConditionType"": ""CATC""}]",True,[],False,False,False,"[""2021-12-07""]","[""2024-06-28""]","[""历史车型录入""]",old-49-Word97--0-9,原件/免征目录/mf_batch49.doc,c7a56509a4d9272982da0abc9d1ea213ee1fbea3d0f1edad124630c9b5e3474e,False,False,False,False
FV6498BCABEV,0,0,1,old_only,0,0,[],[],"[""CATC""]",[],"[""550""]",[],"[""15.8""]",[],"[{""eleEquivalentFuelConsumption"": ""1.79"", ""powerConsumption"": ""15.8"", ""runingRange"": ""550"", ""workConditionType"": ""CATC""}]",True,[],False,False,False,[],[],[],old-49-Word97--0-7,原件/免征目录/mf_batch49.doc,c7a56509a4d9272982da0abc9d1ea213ee1fbea3d0f1edad124630c9b5e3474e,False,False,False,False
FV6498BCBEV,0,0,4,old_only,0,0,[],[],"[""CATC"", ""NEDC""]",[],"[""516"", ""550""]",[],"[""15.8"", ""18 ""]",[],"[{""eleEquivalentFuelConsumption"": ""1.79"", ""powerConsumption"": ""15.8"", ""runingRange"": ""550"", ""workConditionType"": ""CATC""}, {""eleEquivalentFuelConsumption"": ""1.98 "", ""powerConsumption"": ""18 "", ""runingRange"": ""516"", ""workConditionType"": ""NEDC""}]",True,"[""multiple_old_cycle_codes"", ""multiple_old_range_raw_values"", ""multiple_old_consumption_raw_values""]",False,False,True,[],[],[],old-42-Word97--0-17,原件/免征目录/mf_batch42.doc,fef4fd8ea19d773d368642e51a4bdb24c148530251a2240be4ff1358d5d41fab,False,False,False,False
FV70010AABEV,0,0,0,not_in_observed_filtered_views,0,0,[],[],[],[],[],[],[],[],[],False,[],False,False,False,[],[],[],old-24-Word97--2-5,原件/免征目录/mf_batch24.wps,07775a0cb063fe0fce5880b9378dd1eb2522b725d645cabdee314d604779939d,False,False,False,False
FV70010BABEV,0,0,0,not_in_observed_filtered_views,0,0,[],[],[],[],[],[],[],[],[],False,[],False,False,False,[],[],[],old-26-DOCX--0-31,原件/免征目录/mf_batch26.docx,de0890335ef3a4f1302a8a0735ec8b6aed52e994e2635db481820060d62248b5,False,False,False,False
FV70010CAABEV,0,0,3,old_only,0,0,[],[],"[""CATC"", ""NEDC""]",[],"[""325"", ""334""]",[],"[""13.5"", ""13.6""]",[],"[{""eleEquivalentFuelConsumption"": ""1.5"", ""powerConsumption"": ""13.5"", ""runingRange"": ""334"", ""workConditionType"": ""NEDC""}, {""eleEquivalentFuelConsumption"": ""1.54"", ""powerConsumption"": ""13.6"", ""runingRange"": ""325"", ""workConditionType"": ""CATC""}]",True,"[""multiple_old_cycle_codes"", ""multiple_old_range_raw_values"", ""multiple_old_consumption_raw_values""]",False,False,True,[],[],[],old-41-Word97--0-11,原件/免征目录/mf_batch41.doc,ba4634c0877ebf99f8e462013e4a07e40f57478a4aaf921801a6c85a49c42b7f,False,False,False,False
FV70010CABEV,0,0,0,not_in_observed_filtered_views,0,0,[],[],[],[],[],[],[],[],[],False,[],False,False,False,[],[],[],old-32-Word97--0-2,原件/免征目录/mf_batch32.doc,ad7c65b4831a05b7c70e1e73fe834aa9beed883c66f898e799fcbbeb43cc3d75,False,False,False,False
FV7002AABEV,0,0,0,not_in_observed_filtered_views,0,0,[],[],[],[],[],[],[],[],[],False,[],False,False,False,[],[],[],old-23-Word97--0-62,原件/免征目录/mf_batch23.docx,87f838de0da3ba5887f77b2bf5c1dbf5b427e7cef896309a7084c11dd8f5efa0,False,False,False,False
FV7002BABEV,0,0,2,old_only,0,0,[],[],"[""NEDC""]",[],"[""270""]",[],"[""13.6""]",[],"[{""eleEquivalentFuelConsumption"": ""1.5"", ""powerConsumption"": ""13.6"", ""runingRange"": ""270"", ""workConditionType"": ""NEDC""}]",True,[],False,False,False,[],[],[],old-26-DOCX--0-32,原件/免征目录/mf_batch26.docx,de0890335ef3a4f1302a8a0735ec8b6aed52e994e2635db481820060d62248b5,False,False,False,False
FV7002CABEV,0,0,0,not_in_observed_filtered_views,0,0,[],[],[],[],[],[],[],[],[],False,[],False,False,False,[],[],[],old-32-Word97--0-3,原件/免征目录/mf_batch32.doc,ad7c65b4831a05b7c70e1e73fe834aa9beed883c66f898e799fcbbeb43cc3d75,False,False,False,False
FV7004AABEV,0,0,0,not_in_observed_filtered_views,0,0,[],[],[],[],[],[],[],[],[],False,[],False,False,False,[],[],[],old-23-Word97--0-63,原件/免征目录/mf_batch23.docx,87f838de0da3ba5887f77b2bf5c1dbf5b427e7cef896309a7084c11dd8f5efa0,False,False,False,False
FV7004BABEV,0,0,0,not_in_observed_filtered_views,0,0,[],[],[],[],[],[],[],[],[],False,[],False,False,False,[],[],[],old-26-DOCX--0-33,原件/免征目录/mf_batch26.docx,de0890335ef3a4f1302a8a0735ec8b6aed52e994e2635db481820060d62248b5,False,False,False,False
FZ7000BEV02,1,1,2,both,1,0,[],"[""6""]","[""NEDC""]","[""403""]","[""403""]","[""11.2""]","[""11.2""]","[""1190""]","[{""eleEquivalentFuelConsumption"": ""1.3"", ""powerConsumption"": ""11.2"", ""runingRange"": ""403"", ""workConditionType"": ""NEDC""}]",True,[],False,False,False,"[""2021-06-11""]","[""2024-07-08""]","[""新旧系统切换""]",old-45-Word97--0-36,原件/免征目录/mf_batch45.doc,56f5e7c5fd36e990024f8121006a76da260361f4e4660846e78255d007126f7a,False,False,False,False
FZ7000BEV03,1,1,2,both,1,0,[],"[""6""]","[""NEDC""]","[""403""]","[""403""]","[""11.6""]","[""11.6""]","[""1190""]","[{""eleEquivalentFuelConsumption"": ""1.31"", ""powerConsumption"": ""11.6"", ""runingRange"": ""403"", ""workConditionType"": ""NEDC""}]",True,[],False,False,False,"[""2021-07-12""]","[""2024-07-08""]","[""新旧系统切换""]",old-45-Word97--0-39,原件/免征目录/mf_batch45.doc,56f5e7c5fd36e990024f8121006a76da260361f4e4660846e78255d007126f7a,False,False,False,False
FZ7000BEV06,1,1,2,both,1,0,[],"[""5""]","[""CATC""]","[""403""]","[""403""]","[""11.0""]","[""11.0""]","[""1190""]","[{""eleEquivalentFuelConsumption"": ""1.2"", ""powerConsumption"": ""11.0"", ""runingRange"": ""403"", ""workConditionType"": ""CATC""}]",True,[],False,False,False,"[""2021-11-05""]","[""2024-07-08""]","[""新旧系统切换""]",old-48-Word97--0-36,原件/免征目录/mf_batch48.doc,ee5aa19736215cfcb3b76ffff90bcd0d9108c61758ccb756f7d4ad17e75a835c,False,False,False,False
FZ7000BEV07,1,1,2,both,1,0,[],"[""5""]","[""CATC""]","[""403""]","[""403""]","[""10.9""]","[""10.9""]","[""1190""]","[{""eleEquivalentFuelConsumption"": ""1.2"", ""powerConsumption"": ""10.9"", ""runingRange"": ""403"", ""workConditionType"": ""CATC""}]",True,[],False,False,False,"[""2021-11-05""]","[""2024-07-08""]","[""新旧系统切换""]",old-48-Word97--0-34,原件/免征目录/mf_batch48.doc,ee5aa19736215cfcb3b76ffff90bcd0d9108c61758ccb756f7d4ad17e75a835c,False,False,False,False
FZ7000BEV09,1,1,2,both,1,0,[],"[""5""]","[""CATC""]","[""403""]","[""403""]","[""10.9""]","[""10.9""]","[""1190""]","[{""eleEquivalentFuelConsumption"": ""1.2"", ""powerConsumption"": ""10.9"", ""runingRange"": ""403"", ""workConditionType"": ""CATC""}]",True,[],False,False,False,"[""2021-11-05""]","[""2024-07-08""]","[""新旧系统切换""]",old-48-Word97--0-32,原件/免征目录/mf_batch48.doc,ee5aa19736215cfcb3b76ffff90bcd0d9108c61758ccb756f7d4ad17e75a835c,False,False,False,False
GA6420SBEV,0,0,0,not_in_observed_filtered_views,0,0,[],[],[],[],[],[],[],[],[],False,[],False,False,False,[],[],[],old-05-PDF-grid-1-0-7,原件/免征目录/mf_batch05.pdf,658aa5fbf13859a9bbe1db6235da2f7e79fc325cc34e4c0ec1ffab7f8cc2ebca,False,False,False,False
GAC7000BEVH0A,0,0,0,not_in_observed_filtered_views,0,0,[],[],[],[],[],[],[],[],[],False,[],False,False,False,[],[],[],old-10-PDF-grid-2-0-2,原件/免征目录/mf_batch10.pdf,ac1b1ad2605b4f24762fb1f01cea64b685393577d01648618fa1882bb5700ac3,False,False,False,False
GAH6460BEVS0A,1,1,8,both,1,0,[],"[""5""]","[""CATC""]","[""620""]","[""620""]","[""13.6""]","[""13.6""]","[""1750""]","[{""eleEquivalentFuelConsumption"": ""1.54"", ""powerConsumption"": ""13.6"", ""runingRange"": ""620"", ""workConditionType"": ""CATC""}]",True,[],False,False,False,"[""2022-05-11""]","[""2024-07-18""]","[""新标准实施首次申报""]",old-54-Word97--0-38,原件/免征目录/mf_batch54.doc,e4ce106fc0fb21bc61cac40ff0de97e60dff2d18b5b7d24c494bb74873312fd7,False,False,False,False
GAH6460BEVS0B,1,1,4,both,1,0,[],"[""5""]","[""CATC""]","[""510""]","[""510""]","[""13.5""]","[""13.5""]","[""1740""]","[{""eleEquivalentFuelConsumption"": ""1.53"", ""powerConsumption"": ""13.5"", ""runingRange"": ""510"", ""workConditionType"": ""CATC""}]",True,[],False,False,False,"[""2022-05-11""]","[""2024-07-18""]","[""新标准实施首次申报""]",old-54-Word97--0-40,原件/免征目录/mf_batch54.doc,e4ce106fc0fb21bc61cac40ff0de97e60dff2d18b5b7d24c494bb74873312fd7,False,False,False,False
GAH6460BEVS0C,1,1,4,both,1,0,[],"[""5""]","[""CATC""]","[""510""]","[""510""]","[""13.5""]","[""13.5""]","[""1740""]","[{""eleEquivalentFuelConsumption"": ""1.53"", ""powerConsumption"": ""13.5"", ""runingRange"": ""510"", ""workConditionType"": ""CATC""}]",True,[],False,False,False,"[""2022-05-11""]","[""2024-07-18""]","[""新标准实施首次申报""]",old-54-Word97--0-41,原件/免征目录/mf_batch54.doc,e4ce106fc0fb21bc61cac40ff0de97e60dff2d18b5b7d24c494bb74873312fd7,False,False,False,False
GAH6460BEVS0D,1,1,4,both,1,0,[],"[""5""]","[""CATC""]","[""510""]","[""510""]","[""13.5""]","[""13.5""]","[""1680""]","[{""eleEquivalentFuelConsumption"": ""1.53"", ""powerConsumption"": ""13.5"", ""runingRange"": ""510"", ""workConditionType"": ""CATC""}]",True,[],False,False,False,"[""2022-07-08""]","[""2024-07-18""]","[""新标准实施首次申报""]",old-56-Word97--0-38,原件/免征目录/mf_batch56.doc,cbffdc0819640e8f18c11a2a277b26b2e043c81406533457ff225f4df1c6c068,False,False,False,False
GAH6460BEVS0E,1,1,4,both,1,0,[],"[""5""]","[""CATC""]","[""800""]","[""800""]","[""13.8""]","[""13.8""]","[""1780""]","[{""eleEquivalentFuelConsumption"": ""1.56"", ""powerConsumption"": ""13.8"", ""runingRange"": ""800"", ""workConditionType"": ""CATC""}]",True,[],False,False,False,"[""2022-05-11""]","[""2024-07-18""]","[""新标准实施首次申报""]",old-54-Word97--0-39,原件/免征目录/mf_batch54.doc,e4ce106fc0fb21bc61cac40ff0de97e60dff2d18b5b7d24c494bb74873312fd7,False,False,False,False
GAH6460BEVS0F,2,2,6,both,2,0,[],"[""5""]","[""CATC""]","[""510""]","[""510""]","[""13.3""]","[""13.3""]","[""1630"", ""1680""]","[{""eleEquivalentFuelConsumption"": ""1.51"", ""powerConsumption"": ""13.3"", ""runingRange"": ""510"", ""workConditionType"": ""CATC""}]",True,"[""multiple_new_curb_mass_raw_values""]",False,False,False,"[""2022-09-29"", ""2023-07-17""]","[""2024-07-18""]","[""新标准实施首次申报""]",old-59-Word97--0-57,原件/免征目录/mf_batch59.doc,32738e2df847e0c74ff96d48b8a13e1dd9c31aee84b7c0a633e2d9c8a3e01f86,False,False,False,False
GAH6460BEVS0G,1,1,2,both,1,0,[],"[""5""]","[""CATC""]","[""510""]","[""510""]","[""13.5""]","[""13.5""]","[""1700""]","[{""eleEquivalentFuelConsumption"": ""1.53"", ""powerConsumption"": ""13.5"", ""runingRange"": ""510"", ""workConditionType"": ""CATC""}]",True,[],False,False,False,"[""2023-07-17""]","[""2024-07-18""]","[""新标准实施首次申报""]",old-67-Word97--0-21,原件/免征目录/mf_batch67.doc,963a02fcc1f361414f4f003c6d63e00b178d0b962134ed2206c38978f3118101,False,False,False,False
GAH7000BEVH0A,0,0,0,not_in_observed_filtered_views,0,0,[],[],[],[],[],[],[],[],[],False,[],False,False,False,[],[],[],old-16-Word97--0-19,原件/免征目录/mf_batch16.docx,9db5ace6c1c59bd9636d48636f94fa77d2b6e0aa27b109421690ce6a8c4a3967,False,False,False,False
GAH7000BEVH0B,0,0,0,not_in_observed_filtered_views,0,0,[],[],[],[],[],[],[],[],[],False,[],False,False,False,[],[],[],old-18-Word97--0-34,原件/免征目录/mf_batch18.doc,43f5426f7f80996ee11a894710d7229c743abf7ad69ba239f61075e0a9ddd37a,False,False,False,False
GAH7000BEVH0C,0,0,0,not_in_observed_filtered_views,0,0,[],[],[],[],[],[],[],[],[],False,[],False,False,False,[],[],[],old-26-DOCX--0-51,原件/免征目录/mf_batch26.docx,de0890335ef3a4f1302a8a0735ec8b6aed52e994e2635db481820060d62248b5,False,False,False,False
GAH7000BEVH0D,0,0,0,not_in_observed_filtered_views,0,0,[],[],[],[],[],[],[],[],[],False,[],False,False,False,[],[],[],old-26-DOCX--0-52,原件/免征目录/mf_batch26.docx,de0890335ef3a4f1302a8a0735ec8b6aed52e994e2635db481820060d62248b5,False,False,False,False
GAH7000BEVN0A,0,0,0,not_in_observed_filtered_views,0,0,[],[],[],[],[],[],[],[],[],False,[],False,False,False,[],[],[],old-31-Word97--0-12,原件/免征目录/mf_batch31.doc,e1ccec4a87ab96ca346e5756d6b14369eb9727ec2c2cfd03c1182a592ddd3bee,False,False,False,False
GAH7000BEVN0B,0,0,0,not_in_observed_filtered_views,0,0,[],[],[],[],[],[],[],[],[],False,[],False,False,False,[],[],[],old-36-Word97--0-15,原件/免征目录/mf_batch36.doc,05cfcfd9136685ad6d6e13b8228cd123cca109c26f43a4c71472016b5a610a9f,False,False,False,False
GAH7000BEVN0C,0,0,0,not_in_observed_filtered_views,0,0,[],[],[],[],[],[],[],[],[],False,[],False,False,False,[],[],[],old-36-Word97--0-16,原件/免征目录/mf_batch36.doc,05cfcfd9136685ad6d6e13b8228cd123cca109c26f43a4c71472016b5a610a9f,False,False,False,False
GAH7000BEVN0D,0,0,2,old_only,0,0,[],[],"[""NEDC""]",[],"[""410""]",[],[null],[],"[{""eleEquivalentFuelConsumption"": ""1.46"", ""runingRange"": ""410"", ""workConditionType"": ""NEDC""}]",True,[],False,False,False,[],[],[],old-38-Word97--0-26,原件/免征目录/mf_batch38.doc,7c9def45fe5c40e4c5ffb483a1d1efd383c12cb16a5c4ba021d4ce28384776de,False,False,False,False
GAH7000BEVS0C,1,1,4,both,1,0,[],"[""5""]","[""CATC""]","[""430""]","[""430""]","[""13.5""]","[""13.5""]","[""1660""]","[{""eleEquivalentFuelConsumption"": ""1.53"", ""powerConsumption"": ""13.5"", ""runingRange"": ""430"", ""workConditionType"": ""CATC""}]",True,[],False,False,False,"[""2022-06-01""]","[""2024-07-18""]","[""新标准实施首次申报""]",old-55-Word97--0-30,原件/免征目录/mf_batch55.doc,0457d0430e9e7f114c91341a715405c3933dd4783762cd74b9871e4918ba887f,False,False,False,False
GAH7000BEVT0A,2,2,10,both,2,0,[],"[""5""]","[""CATC""]","[""550""]","[""550""]","[""12.5""]","[""12.5""]","[""1650"", ""1690""]","[{""eleEquivalentFuelConsumption"": ""1.41"", ""powerConsumption"": ""12.5"", ""runingRange"": ""550"", ""workConditionType"": ""CATC""}]",True,"[""multiple_new_curb_mass_raw_values""]",False,False,False,"[""2022-09-15""]","[""2024-07-18""]","[""新标准实施首次申报""]",old-58-Word97--0-21,原件/免征目录/mf_batch58.doc,b642358bb3078d2dde909a798935c0c1fc75d90f22b33f7c48aa87209acc100d,False,False,False,False
GAH7000BEVT0B,2,2,10,both,2,0,[],"[""5""]","[""CATC""]","[""630""]","[""630""]","[""12.5""]","[""12.5""]","[""1700"", ""1740""]","[{""eleEquivalentFuelConsumption"": ""1.41"", ""powerConsumption"": ""12.5"", ""runingRange"": ""630"", ""workConditionType"": ""CATC""}]",True,"[""multiple_new_curb_mass_raw_values""]",False,False,False,"[""2022-09-15""]","[""2024-07-18""]","[""新标准实施首次申报""]",old-58-Word97--0-20,原件/免征目录/mf_batch58.doc,b642358bb3078d2dde909a798935c0c1fc75d90f22b33f7c48aa87209acc100d,False,False,False,False
GAH7000BEVT0C,1,1,2,both,1,0,[],"[""5""]",[],"[""610""]",[null],"[""13.0""]",[null],"[""1770""]",[],True,"[""new_old_range_raw_value_sets_differ"", ""new_old_consumption_raw_value_sets_differ_units_not_normalized""]",False,False,False,"[""2023-05-09""]","[""2024-07-18""]","[""新标准实施首次申报""]",old-65-Word97--0-28,原件/免征目录/mf_batch65.doc,06a6a578a9a60516a845bc92deac49954438a789e9e4a7cf3cd140f256d9b13d,False,False,False,False
GAH7000BEVT0E,2,2,4,both,2,0,[],"[""5""]","[""CATC""]","[""550""]","[""550""]","[""12.5""]","[""12.5""]","[""1710""]","[{""eleEquivalentFuelConsumption"": ""1.41"", ""powerConsumption"": ""12.5"", ""runingRange"": ""550"", ""workConditionType"": ""CATC""}]",True,[],False,False,False,"[""2022-12-19""]","[""2024-07-18""]","[""新标准实施首次申报""]",old-61-Word97--0-41,原件/免征目录/mf_batch61.doc,d360a77695ccf20f3c17a354a1dd02fc846a7ae8bd18b41492515881a7240b72,False,False,False,False
GAH7000BEVT0F,1,1,4,both,1,0,[],"[""5""]","[""CATC""]","[""520""]","[""520""]","[""12.8""]","[""12.8""]","[""1805""]","[{""eleEquivalentFuelConsumption"": ""1.45"", ""powerConsumption"": ""12.8"", ""runingRange"": ""520"", ""workConditionType"": ""CATC""}]",True,[],False,False,False,"[""2023-09-13""]","[""2024-07-18""]","[""新标准实施首次申报""]",old-69-Word97--0-53,原件/免征目录/mf_batch69.doc,357d61a16c94488c9fdd761f393edb7029b05394ab06117abaebcba1a1e45546,False,False,False,False
GAH7001BEVN0A,0,0,0,not_in_observed_filtered_views,0,0,[],[],[],[],[],[],[],[],[],False,[],False,False,False,[],[],[],old-54-Word97--0-42,原件/免征目录/mf_batch54.doc,e4ce106fc0fb21bc61cac40ff0de97e60dff2d18b5b7d24c494bb74873312fd7,False,False,False,False
GAM6450BEVD0A,0,0,2,old_only,0,0,[],[],"[""CATC""]",[],"[""510""]",[],"[""13.7"", ""13.8""]",[],"[{""eleEquivalentFuelConsumption"": ""1.55"", ""powerConsumption"": ""13.7"", ""runingRange"": ""510"", ""workConditionType"": ""CATC""}, {""eleEquivalentFuelConsumption"": ""1.56"", ""powerConsumption"": ""13.8"", ""runingRange"": ""510"", ""workConditionType"": ""CATC""}]",True,"[""multiple_old_consumption_raw_values""]",False,False,False,[],[],[],old-58-Word97--0-19,原件/免征目录/mf_batch58.doc,b642358bb3078d2dde909a798935c0c1fc75d90f22b33f7c48aa87209acc100d,False,False,False,False
GAM6450BEVD0D,0,0,2,old_only,0,0,[],[],"[""CATC""]",[],"[""610""]",[],"[""13.7"", ""13.8""]",[],"[{""eleEquivalentFuelConsumption"": ""1.55"", ""powerConsumption"": ""13.7"", ""runingRange"": ""610"", ""workConditionType"": ""CATC""}, {""eleEquivalentFuelConsumption"": ""1.56"", ""powerConsumption"": ""13.8"", ""runingRange"": ""610"", ""workConditionType"": ""CATC""}]",True,"[""multiple_old_consumption_raw_values""]",False,False,False,[],[],[],old-58-Word97--0-18,原件/免征目录/mf_batch58.doc,b642358bb3078d2dde909a798935c0c1fc75d90f22b33f7c48aa87209acc100d,False,False,False,False
GAM6450BEVD0E,0,0,1,old_only,0,0,[],[],"[""CATC""]",[],"[""510""]",[],"[""13.7""]",[],"[{""eleEquivalentFuelConsumption"": ""1.55"", ""powerConsumption"": ""13.7"", ""runingRange"": ""510"", ""workConditionType"": ""CATC""}]",True,[],False,False,False,[],[],[],old-58-Word97--0-16,原件/免征目录/mf_batch58.doc,b642358bb3078d2dde909a798935c0c1fc75d90f22b33f7c48aa87209acc100d,False,False,False,False
GAM6450BEVD0G,0,0,2,old_only,0,0,[],[],"[""CATC""]",[],"[""510""]",[],"[""13.7""]",[],"[{""eleEquivalentFuelConsumption"": ""1.55"", ""powerConsumption"": ""13.7"", ""runingRange"": ""510"", ""workConditionType"": ""CATC""}]",True,[],False,False,False,[],[],[],old-60-Word97--0-32,原件/免征目录/mf_batch60.doc,aabd19e9a0955380873798454b18b3bb15c87937dffcbb0ccfab2eae3bf3551b,False,False,False,False
GAM6450BEVD0P,0,0,1,old_only,0,0,[],[],"[""CATC""]",[],"[""610""]",[],"[""13.3""]",[],"[{""eleEquivalentFuelConsumption"": ""1.50"", ""powerConsumption"": ""13.3"", ""runingRange"": ""610"", ""workConditionType"": ""CATC""}]",True,[],False,False,False,[],[],[],old-62-Word97--0-49,原件/免征目录/mf_batch62.doc,7694ac7207998b6af7c895cdd2c1d752421df436d4b28f83195261dd47f6509c,False,False,False,False
GAM6450BEVD0Q,0,0,1,old_only,0,0,[],[],"[""CATC""]",[],"[""610""]",[],"[""13.3""]",[],"[{""eleEquivalentFuelConsumption"": ""1.50"", ""powerConsumption"": ""13.3"", ""runingRange"": ""610"", ""workConditionType"": ""CATC""}]",True,[],False,False,False,[],[],[],old-62-Word97--0-51,原件/免征目录/mf_batch62.doc,7694ac7207998b6af7c895cdd2c1d752421df436d4b28f83195261dd47f6509c,False,False,False,False
GAM6450BEVD0R,2,2,1,both,2,0,[],"[""5""]","[""CATC""]","[""430""]","[""430""]","[""12.9""]","[""12.9""]","[""1635"", ""1700""]","[{""eleEquivalentFuelConsumption"": ""1.46"", ""powerConsumption"": ""12.9"", ""runingRange"": ""430"", ""workConditionType"": ""CATC""}]",True,"[""multiple_new_curb_mass_raw_values""]",False,False,False,"[""2023-10-18""]","[""2024-07-02""]","[""首次上传""]",old-62-Word97--0-54,原件/免征目录/mf_batch62.doc,7694ac7207998b6af7c895cdd2c1d752421df436d4b28f83195261dd47f6509c,False,False,False,False
GAM6450BEVD0S,0,0,1,old_only,0,0,[],[],"[""CATC""]",[],"[""610""]",[],"[""12.6""]",[],"[{""eleEquivalentFuelConsumption"": ""1.43"", ""powerConsumption"": ""12.6"", ""runingRange"": ""610"", ""workConditionType"": ""CATC""}]",True,[],False,False,False,[],[],[],old-65-Word97--0-26,原件/免征目录/mf_batch65.doc,06a6a578a9a60516a845bc92deac49954438a789e9e4a7cf3cd140f256d9b13d,False,False,False,False
GAM6450BEVD0T,2,2,1,both,2,0,[],"[""5""]","[""CATC""]","[""510""]","[""510""]","[""13.3""]","[""13.3""]","[""1700"", ""1750""]","[{""eleEquivalentFuelConsumption"": ""1.5"", ""powerConsumption"": ""13.3"", ""runingRange"": ""510"", ""workConditionType"": ""CATC""}]",True,"[""multiple_new_curb_mass_raw_values""]",False,False,False,"[""2024-05-20""]","[""2024-07-02""]","[""首次上传""]",old-68-Word97--0-21,原件/免征目录/mf_batch68.doc,58113d08377020d08de0aeb0e08ff63c4a4411dbe35ad69cfdd6f82fdf0fcc77,False,False,False,False
GAM6450BEVD0Y,2,2,1,both,2,0,[],"[""5""]","[""CATC""]","[""310""]","[""310""]","[""12.6""]","[""12.6""]","[""1500"", ""1530""]","[{""eleEquivalentFuelConsumption"": ""1.43"", ""powerConsumption"": ""12.6"", ""runingRange"": ""310"", ""workConditionType"": ""CATC""}]",True,"[""multiple_new_curb_mass_raw_values""]",False,False,False,"[""2024-05-20""]","[""2024-07-02""]","[""首次上传""]",old-68-Word97--0-22,原件/免征目录/mf_batch68.doc,58113d08377020d08de0aeb0e08ff63c4a4411dbe35ad69cfdd6f82fdf0fcc77,False,False,False,False
GAM6450BEVD0Z,0,0,1,old_only,0,0,[],[],"[""CATC""]",[],"[""430""]",[],"[""12.9""]",[],"[{""eleEquivalentFuelConsumption"": ""1.46"", ""powerConsumption"": ""12.9"", ""runingRange"": ""430"", ""workConditionType"": ""CATC""}]",True,[],False,False,False,[],[],[],old-69-Word97--0-47,原件/免征目录/mf_batch69.doc,357d61a16c94488c9fdd761f393edb7029b05394ab06117abaebcba1a1e45546,False,False,False,False
GAM6450BEVD1C,2,2,1,both,2,0,[],"[""5""]","[""CATC""]","[""510""]","[""510""]","[""13.3""]","[""13.3""]","[""1670"", ""1735""]","[{""eleEquivalentFuelConsumption"": ""1.5"", ""powerConsumption"": ""13.3"", ""runingRange"": ""510"", ""workConditionType"": ""CATC""}]",True,"[""multiple_new_curb_mass_raw_values""]",False,False,False,"[""2023-11-20""]","[""2024-07-02""]","[""首次上传""]",old-71-Word97--0-40,原件/免征目录/mf_batch71.doc,b37b78b64b8ef7e12e6e95d6fd27a4a6e364c0c83ba403ffcf3bca82c60e3460,False,False,False,False
GAM6460BEVC0A,0,0,0,not_in_observed_filtered_views,0,0,[],[],[],[],[],[],[],[],[],False,[],False,False,False,[],[],[],old-31-Word97--0-13,原件/免征目录/mf_batch31.doc,e1ccec4a87ab96ca346e5756d6b14369eb9727ec2c2cfd03c1182a592ddd3bee,False,False,False,False
GAM6460BEVC0B,0,0,0,not_in_observed_filtered_views,0,0,[],[],[],[],[],[],[],[],[],False,[],False,False,False,[],[],[],old-31-Word97--0-14,原件/免征目录/mf_batch31.doc,e1ccec4a87ab96ca346e5756d6b14369eb9727ec2c2cfd03c1182a592ddd3bee,False,False,False,False
GAM6460BEVC0C,0,0,1,old_only,0,0,[],[],"[""NEDC""]",[],"[""500""]",[],"[""14.9""]",[],"[{""eleEquivalentFuelConsumption"": ""1.7"", ""powerConsumption"": ""14.9"", ""runingRange"": ""500"", ""workConditionType"": ""NEDC""}]",True,[],False,False,False,[],[],[],old-31-Word97--0-15,原件/免征目录/mf_batch31.doc,e1ccec4a87ab96ca346e5756d6b14369eb9727ec2c2cfd03c1182a592ddd3bee,False,False,False,False
GAM6460BEVC0D,0,0,1,old_only,0,0,[],[],"[""NEDC""]",[],"[""400""]",[],"[""14.3""]",[],"[{""eleEquivalentFuelConsumption"": ""1.6"", ""powerConsumption"": ""14.3"", ""runingRange"": ""400"", ""workConditionType"": ""NEDC""}]",True,[],False,False,False,[],[],[],old-33-Word97--0-33,原件/免征目录/mf_batch33.doc,ff98fbb1708c47cdcfc1e79e7a1647e72a7ae6d4255dce3b250d661001340c09,False,False,False,False
GAM6460BEVC0E,0,0,1,old_only,0,0,[],[],"[""NEDC""]",[],"[""530""]",[],"[""14.8""]",[],"[{""eleEquivalentFuelConsumption"": ""1.7"", ""powerConsumption"": ""14.8"", ""runingRange"": ""530"", ""workConditionType"": ""NEDC""}]",True,[],False,False,False,[],[],[],old-31-Word97--0-16,原件/免征目录/mf_batch31.doc,e1ccec4a87ab96ca346e5756d6b14369eb9727ec2c2cfd03c1182a592ddd3bee,False,False,False,False
GAM6460BEVC0F,0,0,1,old_only,0,0,[],[],"[""NEDC""]",[],"[""600""]",[],"[""14.8""]",[],"[{""eleEquivalentFuelConsumption"": ""1.7"", ""powerConsumption"": ""14.8"", ""runingRange"": ""600"", ""workConditionType"": ""NEDC""}]",True,[],False,False,False,[],[],[],old-31-Word97--0-17,原件/免征目录/mf_batch31.doc,e1ccec4a87ab96ca346e5756d6b14369eb9727ec2c2cfd03c1182a592ddd3bee,False,False,False,False
GAM6460BEVC0G,0,0,0,not_in_observed_filtered_views,0,0,[],[],[],[],[],[],[],[],[],False,[],False,False,False,[],[],[],old-32-Word97--0-18,原件/免征目录/mf_batch32.doc,ad7c65b4831a05b7c70e1e73fe834aa9beed883c66f898e799fcbbeb43cc3d75,False,False,False,False
GAM6460BEVC0H,0,0,0,not_in_observed_filtered_views,0,0,[],[],[],[],[],[],[],[],[],False,[],False,False,False,[],[],[],old-32-Word97--0-19,原件/免征目录/mf_batch32.doc,ad7c65b4831a05b7c70e1e73fe834aa9beed883c66f898e799fcbbeb43cc3d75,False,False,False,False
GAM6460BEVC0J,0,0,5,old_only,0,0,[],[],"[""CATC"", ""NEDC""]",[],"[""500""]",[],"[""14.9"", null]",[],"[{""eleEquivalentFuelConsumption"": ""1.69"", ""runingRange"": ""500"", ""workConditionType"": ""NEDC""}, {""eleEquivalentFuelConsumption"": ""1.7"", ""powerConsumption"": ""14.9"", ""runingRange"": ""500"", ""workConditionType"": ""CATC""}]",True,"[""multiple_old_cycle_codes"", ""multiple_old_consumption_raw_values""]",False,False,True,[],[],[],old-42-Word97--0-23,原件/免征目录/mf_batch42.doc,fef4fd8ea19d773d368642e51a4bdb24c148530251a2240be4ff1358d5d41fab,False,False,False,False
GAM6460BEVC0K,0,0,1,old_only,0,0,[],[],"[""NEDC""]",[],"[""500""]",[],"[""15.3""]",[],"[{""eleEquivalentFuelConsumption"": ""1.7"", ""powerConsumption"": ""15.3"", ""runingRange"": ""500"", ""workConditionType"": ""NEDC""}]",True,[],False,False,False,[],[],[],old-45-Word97--0-14,原件/免征目录/mf_batch45.doc,56f5e7c5fd36e990024f8121006a76da260361f4e4660846e78255d007126f7a,False,False,False,False
GAM6460BEVC0L,0,0,5,old_only,0,0,[],[],"[""NEDC""]",[],"[""500""]",[],"[""15.3"", null]",[],"[{""eleEquivalentFuelConsumption"": ""1.69"", ""runingRange"": ""500"", ""workConditionType"": ""NEDC""}, {""eleEquivalentFuelConsumption"": ""1.7"", ""powerConsumption"": ""15.3"", ""runingRange"": ""500"", ""workConditionType"": ""NEDC""}]",True,"[""multiple_old_consumption_raw_values""]",False,False,False,[],[],[],old-42-Word97--0-22,原件/免征目录/mf_batch42.doc,fef4fd8ea19d773d368642e51a4bdb24c148530251a2240be4ff1358d5d41fab,False,False,False,False
GAM6460BEVC0M,0,0,5,old_only,0,0,[],[],"[""NEDC""]",[],"[""600""]",[],"[""14.8"", null]",[],"[{""eleEquivalentFuelConsumption"": ""1.67"", ""runingRange"": ""600"", ""workConditionType"": ""NEDC""}, {""eleEquivalentFuelConsumption"": ""1.7"", ""powerConsumption"": ""14.8"", ""runingRange"": ""600"", ""workConditionType"": ""NEDC""}]",True,"[""multiple_old_consumption_raw_values""]",False,False,False,[],[],[],old-42-Word97--0-25,原件/免征目录/mf_batch42.doc,fef4fd8ea19d773d368642e51a4bdb24c148530251a2240be4ff1358d5d41fab,False,False,False,False
GAM6460BEVC0N,0,0,1,old_only,0,0,[],[],"[""CATC""]",[],"[""500""]",[],"[""15.1""]",[],"[{""eleEquivalentFuelConsumption"": ""1.7"", ""powerConsumption"": ""15.1"", ""runingRange"": ""500"", ""workConditionType"": ""CATC""}]",True,[],False,False,False,[],[],[],old-47-Word97--0-12,原件/免征目录/mf_batch47.doc,fb4517fe8220b10bc435a77a5328df13c732c70b335942dfad0ae9394affe9b4,False,False,False,False
GAM6460BEVC0P,0,0,1,old_only,0,0,[],[],"[""CATC""]",[],"[""505""]",[],"[""15.1""]",[],"[{""eleEquivalentFuelConsumption"": ""1.7"", ""powerConsumption"": ""15.1"", ""runingRange"": ""505"", ""workConditionType"": ""CATC""}]",True,[],False,False,False,[],[],[],old-46-Word97--0-27,原件/免征目录/mf_batch46.doc,a4b2048b3d5c29a8969f0348e9fd19a3293f0c23e6f37a48bf42a2ed70c7d37d,False,False,False,False
GAM6460BEVC0R,0,0,1,old_only,0,0,[],[],"[""NEDC""]",[],"[""702""]",[],"[""15.4""]",[],"[{""eleEquivalentFuelConsumption"": ""1.7"", ""powerConsumption"": ""15.4"", ""runingRange"": ""702"", ""workConditionType"": ""NEDC""}]",True,[],False,False,False,[],[],[],old-45-Word97--0-10,原件/免征目录/mf_batch45.doc,56f5e7c5fd36e990024f8121006a76da260361f4e4660846e78255d007126f7a,False,False,False,False
GAM6460BEVC0S,0,0,1,old_only,0,0,[],[],"[""CATC""]",[],"[""505""]",[],"[""15.1""]",[],"[{""eleEquivalentFuelConsumption"": ""1.7"", ""powerConsumption"": ""15.1"", ""runingRange"": ""505"", ""workConditionType"": ""CATC""}]",True,[],False,False,False,[],[],[],old-47-Word97--0-13,原件/免征目录/mf_batch47.doc,fb4517fe8220b10bc435a77a5328df13c732c70b335942dfad0ae9394affe9b4,False,False,False,False
GAM6460BEVC0T,0,0,1,old_only,0,0,[],[],"[""CATC""]",[],"[""600""]",[],"[""14.8""]",[],"[{""eleEquivalentFuelConsumption"": ""1.7"", ""powerConsumption"": ""14.8"", ""runingRange"": ""600"", ""workConditionType"": ""CATC""}]",True,[],False,False,False,[],[],[],old-45-Word97--0-13,原件/免征目录/mf_batch45.doc,56f5e7c5fd36e990024f8121006a76da260361f4e4660846e78255d007126f7a,False,False,False,False
GAM6460BEVC0U,0,0,1,old_only,0,0,[],[],"[""CATC""]",[],"[""500""]",[],"[""15.3""]",[],"[{""eleEquivalentFuelConsumption"": ""1.7"", ""powerConsumption"": ""15.3"", ""runingRange"": ""500"", ""workConditionType"": ""CATC""}]",True,[],False,False,False,[],[],[],old-50-Word97--0-25,原件/免征目录/mf_batch50.doc,3810672d92621612507384960254de602e629e75a308df22ee2291519445095e,False,False,False,False
GAM6460BEVC0V,0,0,1,old_only,0,0,[],[],"[""CATC""]",[],"[""600""]",[],"[""14.8""]",[],"[{""eleEquivalentFuelConsumption"": ""1.7"", ""powerConsumption"": ""14.8"", ""runingRange"": ""600"", ""workConditionType"": ""CATC""}]",True,[],False,False,False,[],[],[],old-61-Word97--0-42,原件/免征目录/mf_batch61.doc,d360a77695ccf20f3c17a354a1dd02fc846a7ae8bd18b41492515881a7240b72,False,False,False,False
GAM6460BEVC1A,2,2,1,both,2,0,[],"[""5""]","[""CATC""]","[""400""]","[""400""]","[""14.4""]","[""14.4""]","[""1880"", ""1910""]","[{""eleEquivalentFuelConsumption"": ""1.63"", ""powerConsumption"": ""14.4"", ""runingRange"": ""400"", ""workConditionType"": ""CATC""}]",True,"[""multiple_new_curb_mass_raw_values""]",False,False,False,"[""2023-07-17""]","[""2024-07-02""]","[""首次上传""]",old-67-Word97--0-20,原件/免征目录/mf_batch67.doc,963a02fcc1f361414f4f003c6d63e00b178d0b962134ed2206c38978f3118101,False,False,False,False
GAM6460BEVC1B,6,6,1,both,6,0,[],"[""5""]","[""CATC""]","[""500""]","[""500""]","[""14.9""]","[""14.9""]","[""1950"", ""1980"", ""2030""]","[{""eleEquivalentFuelConsumption"": ""1.69"", ""powerConsumption"": ""14.9"", ""runingRange"": ""500"", ""workConditionType"": ""CATC""}]",True,"[""multiple_new_curb_mass_raw_values""]",False,False,False,"[""2024-05-31""]","[""2024-07-02""]","[""首次上传""]",old-65-Word97--0-24,原件/免征目录/mf_batch65.doc,06a6a578a9a60516a845bc92deac49954438a789e9e4a7cf3cd140f256d9b13d,False,False,False,False
GAM6460BEVC1C,0,0,1,old_only,0,0,[],[],"[""CATC""]",[],"[""600""]",[],"[""14.8""]",[],"[{""eleEquivalentFuelConsumption"": ""1.67"", ""powerConsumption"": ""14.8"", ""runingRange"": ""600"", ""workConditionType"": ""CATC""}]",True,[],False,False,False,[],[],[],old-65-Word97--0-23,原件/免征目录/mf_batch65.doc,06a6a578a9a60516a845bc92deac49954438a789e9e4a7cf3cd140f256d9b13d,False,False,False,False
GAM6460BEVC1D,6,6,1,both,6,0,[],"[""5""]","[""CATC""]","[""500""]","[""500""]","[""14.9""]","[""14.9""]","[""1880"", ""1910"", ""1960""]","[{""eleEquivalentFuelConsumption"": ""1.69"", ""powerConsumption"": ""14.9"", ""runingRange"": ""500"", ""workConditionType"": ""CATC""}]",True,"[""multiple_new_curb_mass_raw_values""]",False,False,False,"[""2023-05-09""]","[""2024-09-10""]","[""首次上传""]",old-65-Word97--0-25,原件/免征目录/mf_batch65.doc,06a6a578a9a60516a845bc92deac49954438a789e9e4a7cf3cd140f256d9b13d,False,False,False,False
GAM6460BEVC1E,0,0,1,old_only,0,0,[],[],"[""CATC""]",[],"[""500""]",[],"[""14.9""]",[],"[{""eleEquivalentFuelConsumption"": ""1.69"", ""powerConsumption"": ""14.9"", ""runingRange"": ""500"", ""workConditionType"": ""CATC""}]",True,[],False,False,False,[],[],[],old-67-Word97--0-18,原件/免征目录/mf_batch67.doc,963a02fcc1f361414f4f003c6d63e00b178d0b962134ed2206c38978f3118101,False,False,False,False
GAM6460BEVC1G,2,2,1,both,2,0,[],"[""5""]","[""CATC""]","[""600""]","[""600""]","[""14.8""]","[""14.8""]","[""1920"", ""1950""]","[{""eleEquivalentFuelConsumption"": ""1.67"", ""powerConsumption"": ""14.8"", ""runingRange"": ""600"", ""workConditionType"": ""CATC""}]",True,"[""multiple_new_curb_mass_raw_values""]",False,False,False,"[""2023-09-13""]","[""2024-07-02""]","[""首次上传""]",old-69-Word97--0-45,原件/免征目录/mf_batch69.doc,357d61a16c94488c9fdd761f393edb7029b05394ab06117abaebcba1a1e45546,False,False,False,False
GAM6460BEVM0A,0,0,2,old_only,0,0,[],[],"[""CATC""]",[],"[""620""]",[],"[""13.6""]",[],"[{""eleEquivalentFuelConsumption"": ""1.54"", ""powerConsumption"": ""13.6"", ""runingRange"": ""620"", ""workConditionType"": ""CATC""}]",True,[],False,False,False,[],[],[],old-48-Word97--0-27,原件/免征目录/mf_batch48.doc,ee5aa19736215cfcb3b76ffff90bcd0d9108c61758ccb756f7d4ad17e75a835c,False,False,False,False
GAM6460BEVM0B,0,0,4,old_only,0,0,[],[],"[""CATC""]",[],"[""510""]",[],"[""13.5""]",[],"[{""eleEquivalentFuelConsumption"": ""1.53"", ""powerConsumption"": ""13.5"", ""runingRange"": ""510"", ""workConditionType"": ""CATC""}]",True,[],False,False,False,[],[],[],old-49-Word97--0-11,原件/免征目录/mf_batch49.doc,c7a56509a4d9272982da0abc9d1ea213ee1fbea3d0f1edad124630c9b5e3474e,False,False,False,False
GAM6460BEVM0E,0,0,4,old_only,0,0,[],[],"[""CATC""]",[],"[""510""]",[],"[""13.5""]",[],"[{""eleEquivalentFuelConsumption"": ""1.53"", ""powerConsumption"": ""13.5"", ""runingRange"": ""510"", ""workConditionType"": ""CATC""}]",True,[],False,False,False,[],[],[],old-48-Word97--0-25,原件/免征目录/mf_batch48.doc,ee5aa19736215cfcb3b76ffff90bcd0d9108c61758ccb756f7d4ad17e75a835c,False,False,False,False
GAM6480BEVB0B,0,0,0,not_in_observed_filtered_views,0,0,[],[],[],[],[],[],[],[],[],False,[],False,False,False,[],[],[],old-26-DOCX--0-53,原件/免征目录/mf_batch26.docx,de0890335ef3a4f1302a8a0735ec8b6aed52e994e2635db481820060d62248b5,False,False,False,False
GAM6480BEVB0C,0,0,1,old_only,0,0,[],[],"[""NEDC""]",[],"[""650""]",[],"[""15.8""]",[],"[{""eleEquivalentFuelConsumption"": ""1.8"", ""powerConsumption"": ""15.8"", ""runingRange"": ""650"", ""workConditionType"": ""NEDC""}]",True,[],False,False,False,[],[],[],old-26-DOCX--0-54,原件/免征目录/mf_batch26.docx,de0890335ef3a4f1302a8a0735ec8b6aed52e994e2635db481820060d62248b5,False,False,False,False
GAM6480BEVB0E,0,0,1,old_only,0,0,[],[],"[""NEDC""]",[],"[""600""]",[],"[""17.1""]",[],"[{""eleEquivalentFuelConsumption"": ""1.9"", ""powerConsumption"": ""17.1"", ""runingRange"": ""600"", ""workConditionType"": ""NEDC""}]",True,[],False,False,False,[],[],[],old-27-Word97--0-31,原件/免征目录/mf_batch27.doc,2bd67cf7e1efc03ae93942d0d340ffef87478709520383b6ee4d08baf843ead1,False,False,False,False
GAM6480BEVB0F,0,0,0,not_in_observed_filtered_views,0,0,[],[],[],[],[],[],[],[],[],False,[],False,False,False,[],[],[],old-32-Word97--0-20,原件/免征目录/mf_batch32.doc,ad7c65b4831a05b7c70e1e73fe834aa9beed883c66f898e799fcbbeb43cc3d75,False,False,False,False
GAM6480BEVB0G,0,0,0,not_in_observed_filtered_views,0,0,[],[],[],[],[],[],[],[],[],False,[],False,False,False,[],[],[],old-32-Word97--0-21,原件/免征目录/mf_batch32.doc,ad7c65b4831a05b7c70e1e73fe834aa9beed883c66f898e799fcbbeb43cc3d75,False,False,False,False
GAM6480BEVB0H,0,0,0,not_in_observed_filtered_views,0,0,[],[],[],[],[],[],[],[],[],False,[],False,False,False,[],[],[],old-32-Word97--0-22,原件/免征目录/mf_batch32.doc,ad7c65b4831a05b7c70e1e73fe834aa9beed883c66f898e799fcbbeb43cc3d75,False,False,False,False
GAM6480BEVB0J,0,0,1,old_only,0,0,[],[],"[""NEDC""]",[],"[""520""]",[],"[""15.1""]",[],"[{""eleEquivalentFuelConsumption"": ""1.7"", ""powerConsumption"": ""15.1"", ""runingRange"": ""520"", ""workConditionType"": ""NEDC""}]",True,[],False,False,False,[],[],[],old-36-Word97--0-17,原件/免征目录/mf_batch36.doc,05cfcfd9136685ad6d6e13b8228cd123cca109c26f43a4c71472016b5a610a9f,False,False,False,False
GAM6480BEVB0K,0,0,1,old_only,0,0,[],[],"[""NEDC""]",[],"[""650""]",[],"[""15.5""]",[],"[{""eleEquivalentFuelConsumption"": ""1.8"", ""powerConsumption"": ""15.5"", ""runingRange"": ""650"", ""workConditionType"": ""NEDC""}]",True,[],False,False,False,[],[],[],old-36-Word97--0-18,原件/免征目录/mf_batch36.doc,05cfcfd9136685ad6d6e13b8228cd123cca109c26f43a4c71472016b5a610a9f,False,False,False,False
GAM6480BEVB0L,0,0,1,old_only,0,0,[],[],"[""NEDC""]",[],"[""600""]",[],"[""16""]",[],"[{""eleEquivalentFuelConsumption"": ""1.8"", ""powerConsumption"": ""16"", ""runingRange"": ""600"", ""workConditionType"": ""NEDC""}]",True,[],False,False,False,[],[],[],old-36-Word97--0-19,原件/免征目录/mf_batch36.doc,05cfcfd9136685ad6d6e13b8228cd123cca109c26f43a4c71472016b5a610a9f,False,False,False,False
GAM6480BEVB0M,2,2,1,both,2,0,[],"[""6""]","[""NEDC""]","[""650""]","[""650""]","[""15.5""]","[""15.5""]","[""2070"", ""2090""]","[{""eleEquivalentFuelConsumption"": ""1.8"", ""powerConsumption"": ""15.5"", ""runingRange"": ""650"", ""workConditionType"": ""NEDC""}]",True,"[""multiple_new_curb_mass_raw_values""]",False,False,False,"[""2024-05-31""]","[""2024-07-02""]","[""首次上传""]",old-44-Word97--0-17,原件/免征目录/mf_batch44.doc,aea30846204f4e55c0d969450f1619e1649eb27f471d5b0a2636d0da77eb0611,False,False,False,False
GAM6480BEVB0N,2,2,1,both,2,0,[],"[""6""]","[""NEDC""]","[""600""]","[""600""]","[""16.0""]","[""16""]","[""2220"", ""2240""]","[{""eleEquivalentFuelConsumption"": ""1.8"", ""powerConsumption"": ""16"", ""runingRange"": ""600"", ""workConditionType"": ""NEDC""}]",True,"[""multiple_new_curb_mass_raw_values"", ""new_old_consumption_raw_value_sets_differ_units_not_normalized""]",False,False,False,"[""2024-05-31""]","[""2024-07-02""]","[""首次上传""]",old-44-Word97--0-16,原件/免征目录/mf_batch44.doc,aea30846204f4e55c0d969450f1619e1649eb27f471d5b0a2636d0da77eb0611,False,False,False,False
GAM6480BEVB0P,0,0,1,old_only,0,0,[],[],"[""CATC""]",[],"[""1008""]",[],"[""15.8""]",[],"[{""eleEquivalentFuelConsumption"": ""1.8"", ""powerConsumption"": ""15.8"", ""runingRange"": ""1008"", ""workConditionType"": ""CATC""}]",True,[],False,False,False,[],[],[],old-48-Word97--0-22,原件/免征目录/mf_batch48.doc,ee5aa19736215cfcb3b76ffff90bcd0d9108c61758ccb756f7d4ad17e75a835c,False,False,False,False
GAM6480BEVB0Q,0,0,1,old_only,0,0,[],[],"[""CATC""]",[],"[""550""]",[],"[""16.4""]",[],"[{""eleEquivalentFuelConsumption"": ""1.8"", ""powerConsumption"": ""16.4"", ""runingRange"": ""550"", ""workConditionType"": ""CATC""}]",True,[],False,False,False,[],[],[],old-48-Word97--0-23,原件/免征目录/mf_batch48.doc,ee5aa19736215cfcb3b76ffff90bcd0d9108c61758ccb756f7d4ad17e75a835c,False,False,False,False
GAM6490BEVN0A,0,0,0,not_in_observed_filtered_views,0,0,[],[],[],[],[],[],[],[],[],False,[],False,False,False,[],[],[],old-30-Word97--0-67,原件/免征目录/mf_batch30.doc,e7fa3b47858ec2035b8055bc15be00b2b26920a5e8d3cad481058a80b92ead24,False,False,False,False
GAM6490BEVN0B,0,0,0,not_in_observed_filtered_views,0,0,[],[],[],[],[],[],[],[],[],False,[],False,False,False,[],[],[],old-30-Word97--0-68,原件/免征目录/mf_batch30.doc,e7fa3b47858ec2035b8055bc15be00b2b26920a5e8d3cad481058a80b92ead24,False,False,False,False
GAM6490BEVN0C,0,0,2,old_only,0,0,[],[],"[""NEDC""]",[],"[""523""]",[],[null],[],"[{""eleEquivalentFuelConsumption"": ""1.70"", ""runingRange"": ""523"", ""workConditionType"": ""NEDC""}]",True,[],False,False,False,[],[],[],old-38-Word97--0-8,原件/免征目录/mf_batch38.doc,7c9def45fe5c40e4c5ffb483a1d1efd383c12cb16a5c4ba021d4ce28384776de,False,False,False,False
GAM6490BEVN0D,0,0,3,old_only,0,0,[],[],"[""NEDC""]",[],"[""643""]",[],"[""15.6"", null]",[],"[{""eleEquivalentFuelConsumption"": ""1.8"", ""powerConsumption"": ""15.6"", ""runingRange"": ""643"", ""workConditionType"": ""NEDC""}, {""eleEquivalentFuelConsumption"": ""1.80"", ""runingRange"": ""643"", ""workConditionType"": ""NEDC""}]",True,"[""multiple_old_consumption_raw_values""]",False,False,False,[],[],[],old-38-Word97--0-9,原件/免征目录/mf_batch38.doc,7c9def45fe5c40e4c5ffb483a1d1efd383c12cb16a5c4ba021d4ce28384776de,False,False,False,False
GAM7000BEVA0F,0,0,0,not_in_observed_filtered_views,0,0,[],[],[],[],[],[],[],[],[],False,[],False,False,False,[],[],[],old-26-DOCX--0-55,原件/免征目录/mf_batch26.docx,de0890335ef3a4f1302a8a0735ec8b6aed52e994e2635db481820060d62248b5,False,False,False,False
GAM7000BEVA0G,0,0,1,old_only,0,0,[],[],"[""NEDC""]",[],"[""410""]",[],"[""12.9""]",[],"[{""eleEquivalentFuelConsumption"": ""1.5"", ""powerConsumption"": ""12.9"", ""runingRange"": ""410"", ""workConditionType"": ""NEDC""}]",True,[],False,False,False,[],[],[],old-26-DOCX--0-56,原件/免征目录/mf_batch26.docx,de0890335ef3a4f1302a8a0735ec8b6aed52e994e2635db481820060d62248b5,False,False,False,False
GAM7000BEVA0H,0,0,1,old_only,0,0,[],[],"[""NEDC""]",[],"[""410""]",[],"[""12.9""]",[],"[{""eleEquivalentFuelConsumption"": ""1.5"", ""powerConsumption"": ""12.9"", ""runingRange"": ""410"", ""workConditionType"": ""NEDC""}]",True,[],False,False,False,[],[],[],old-31-Word97--0-18,原件/免征目录/mf_batch31.doc,e1ccec4a87ab96ca346e5756d6b14369eb9727ec2c2cfd03c1182a592ddd3bee,False,False,False,False
GAM7000BEVA0J,0,0,0,not_in_observed_filtered_views,0,0,[],[],[],[],[],[],[],[],[],False,[],False,False,False,[],[],[],old-32-Word97--0-23,原件/免征目录/mf_batch32.doc,ad7c65b4831a05b7c70e1e73fe834aa9beed883c66f898e799fcbbeb43cc3d75,False,False,False,False
GAM7000BEVA0K,0,0,1,old_only,0,0,[],[],"[""NEDC""]",[],"[""510""]",[],"[""13.1""]",[],"[{""eleEquivalentFuelConsumption"": ""1.5"", ""powerConsumption"": ""13.1"", ""runingRange"": ""510"", ""workConditionType"": ""NEDC""}]",True,[],False,False,False,[],[],[],old-34-Word97--0-34,原件/免征目录/mf_batch34.doc,d5c5bb03cc5fe0f16b284048e265ad35d62c12c0416f14aef0ce026a229aa831,False,False,False,False
GAM7000BEVA0L,0,0,2,old_only,0,0,[],[],"[""CATC""]",[],"[""460""]",[],"[""12.9""]",[],"[{""eleEquivalentFuelConsumption"": ""1.5"", ""powerConsumption"": ""12.9"", ""runingRange"": ""460"", ""workConditionType"": ""CATC""}]",True,[],False,False,False,[],[],[],old-31-Word97--0-19,原件/免征目录/mf_batch31.doc,e1ccec4a87ab96ca346e5756d6b14369eb9727ec2c2cfd03c1182a592ddd3bee,False,False,False,False
GAM7000BEVA0M,0,0,1,old_only,0,0,[],[],"[""NEDC""]",[],"[""410""]",[],"[""12.9""]",[],"[{""eleEquivalentFuelConsumption"": ""1.5"", ""powerConsumption"": ""12.9"", ""runingRange"": ""410"", ""workConditionType"": ""NEDC""}]",True,[],False,False,False,[],[],[],old-32-Word97--0-24,原件/免征目录/mf_batch32.doc,ad7c65b4831a05b7c70e1e73fe834aa9beed883c66f898e799fcbbeb43cc3d75,False,False,False,False
GAM7000BEVA0N,0,0,1,old_only,0,0,[],[],"[""NEDC""]",[],"[""510""]",[],"[""13.1""]",[],"[{""eleEquivalentFuelConsumption"": ""1.5"", ""powerConsumption"": ""13.1"", ""runingRange"": ""510"", ""workConditionType"": ""NEDC""}]",True,[],False,False,False,[],[],[],old-32-Word97--0-25,原件/免征目录/mf_batch32.doc,ad7c65b4831a05b7c70e1e73fe834aa9beed883c66f898e799fcbbeb43cc3d75,False,False,False,False
GAM7000BEVA0Q,0,0,2,old_only,0,0,[],[],"[""CATC""]",[],"[""460""]",[],"[""12.9""]",[],"[{""eleEquivalentFuelConsumption"": ""1.5"", ""powerConsumption"": ""12.9"", ""runingRange"": ""460"", ""workConditionType"": ""CATC""}]",True,[],False,False,False,[],[],[],old-34-Word97--0-35,原件/免征目录/mf_batch34.doc,d5c5bb03cc5fe0f16b284048e265ad35d62c12c0416f14aef0ce026a229aa831,False,False,False,False
GAM7000BEVA0R,0,0,2,old_only,0,0,[],[],"[""CATC""]",[],"[""410""]",[],"[""12.9""]",[],"[{""eleEquivalentFuelConsumption"": ""1.5"", ""powerConsumption"": ""12.9"", ""runingRange"": ""410"", ""workConditionType"": ""CATC""}]",True,[],False,False,False,[],[],[],old-34-Word97--0-36,原件/免征目录/mf_batch34.doc,d5c5bb03cc5fe0f16b284048e265ad35d62c12c0416f14aef0ce026a229aa831,False,False,False,False
GAM7000BEVA0S,0,0,0,not_in_observed_filtered_views,0,0,[],[],[],[],[],[],[],[],[],False,[],False,False,False,[],[],[],old-34-Word97--0-37,原件/免征目录/mf_batch34.doc,d5c5bb03cc5fe0f16b284048e265ad35d62c12c0416f14aef0ce026a229aa831,False,False,False,False
GAM7000BEVD0E,0,0,6,old_only,0,0,[],[],"[""NEDC""]",[],"[""460""]",[],[null],[],"[{""eleEquivalentFuelConsumption"": ""1.50 "", ""runingRange"": ""460"", ""workConditionType"": ""NEDC""}, {""eleEquivalentFuelConsumption"": ""1.50"", ""runingRange"": ""460"", ""workConditionType"": ""NEDC""}]",True,[],False,False,False,[],[],[],old-40-Word97--0-8,原件/免征目录/mf_batch40.doc,93047c8e87a1f45948933ee36d00160788032370ecf11b551624e0ca45ecc1d1,False,False,False,False
GAM7000BEVD0H,0,0,6,old_only,0,0,[],[],"[""NEDC""]",[],"[""503""]",[],[null],[],"[{""eleEquivalentFuelConsumption"": ""1.50 "", ""runingRange"": ""503"", ""workConditionType"": ""NEDC""}, {""eleEquivalentFuelConsumption"": ""1.50"", ""runingRange"": ""503"", ""workConditionType"": ""NEDC""}]",True,[],False,False,False,[],[],[],old-40-Word97--0-7,原件/免征目录/mf_batch40.doc,93047c8e87a1f45948933ee36d00160788032370ecf11b551624e0ca45ecc1d1,False,False,False,False
GAM7000BEVD0J,0,0,6,old_only,0,0,[],[],"[""NEDC""]",[],"[""420""]",[],[null],[],"[{""eleEquivalentFuelConsumption"": ""1.56"", ""runingRange"": ""420"", ""workConditionType"": ""NEDC""}]",True,[],False,False,False,[],[],[],old-41-Word97--0-17,原件/免征目录/mf_batch41.doc,ba4634c0877ebf99f8e462013e4a07e40f57478a4aaf921801a6c85a49c42b7f,False,False,False,False
GAM7000BEVD0L,0,0,9,old_only,0,0,[],[],"[""NEDC""]",[],"[""600""]",[],"[""13.8"", null]",[],"[{""eleEquivalentFuelConsumption"": ""1.56"", ""runingRange"": ""600"", ""workConditionType"": ""NEDC""}, {""eleEquivalentFuelConsumption"": ""1.6"", ""powerConsumption"": ""13.8"", ""runingRange"": ""600"", ""workConditionType"": ""NEDC""}]",True,"[""multiple_old_consumption_raw_values""]",False,False,False,[],[],[],old-40-Word97--0-6,原件/免征目录/mf_batch40.doc,93047c8e87a1f45948933ee36d00160788032370ecf11b551624e0ca45ecc1d1,False,False,False,False
GAM7000BEVD0N,0,0,9,old_only,0,0,[],[],"[""NEDC""]",[],"[""500""]",[],"[""13.8"", null]",[],"[{""eleEquivalentFuelConsumption"": ""1.56 "", ""runingRange"": ""500"", ""workConditionType"": ""NEDC""}, {""eleEquivalentFuelConsumption"": ""1.56"", ""runingRange"": ""500"", ""workConditionType"": ""NEDC""}, {""eleEquivalentFuelConsumption"": ""1.6"", ""powerConsumption"": ""13.8"", ""runingRange"": ""500"", ""workConditionType"": ""NEDC""}]",True,"[""multiple_old_consumption_raw_values""]",False,False,False,[],[],[],old-40-Word97--0-9,原件/免征目录/mf_batch40.doc,93047c8e87a1f45948933ee36d00160788032370ecf11b551624e0ca45ecc1d1,False,False,False,False
GAM7000BEVD0P,0,0,9,old_only,0,0,[],[],"[""NEDC""]",[],"[""410""]",[],"[""13.8"", null]",[],"[{""eleEquivalentFuelConsumption"": ""1.56"", ""runingRange"": ""410"", ""workConditionType"": ""NEDC""}, {""eleEquivalentFuelConsumption"": ""1.6"", ""powerConsumption"": ""13.8"", ""runingRange"": ""410"", ""workConditionType"": ""NEDC""}]",True,"[""multiple_old_consumption_raw_values""]",False,False,False,[],[],[],old-41-Word97--0-16,原件/免征目录/mf_batch41.doc,ba4634c0877ebf99f8e462013e4a07e40f57478a4aaf921801a6c85a49c42b7f,False,False,False,False
GAM7000BEVD0Q,0,0,1,old_only,0,0,[],[],"[""NEDC""]",[],"[""500""]",[],"[""13.8""]",[],"[{""eleEquivalentFuelConsumption"": ""1.6"", ""powerConsumption"": ""13.8"", ""runingRange"": ""500"", ""workConditionType"": ""NEDC""}]",True,[],False,False,False,[],[],[],old-45-Word97--0-11,原件/免征目录/mf_batch45.doc,56f5e7c5fd36e990024f8121006a76da260361f4e4660846e78255d007126f7a,False,False,False,False
GAM7000BEVD0R,0,0,9,old_only,0,0,[],[],"[""NEDC""]",[],"[""410""]",[],"[""13.8"", null]",[],"[{""eleEquivalentFuelConsumption"": ""1.56"", ""runingRange"": ""410"", ""workConditionType"": ""NEDC""}, {""eleEquivalentFuelConsumption"": ""1.6"", ""powerConsumption"": ""13.8"", ""runingRange"": ""410"", ""workConditionType"": ""NEDC""}]",True,"[""multiple_old_consumption_raw_values""]",False,False,False,[],[],[],old-42-Word97--0-21,原件/免征目录/mf_batch42.doc,fef4fd8ea19d773d368642e51a4bdb24c148530251a2240be4ff1358d5d41fab,False,False,False,False
GAM7000BEVD0T,0,0,1,old_only,0,0,[],[],"[""CATC""]",[],"[""500""]",[],"[""13.8""]",[],"[{""eleEquivalentFuelConsumption"": ""1.6"", ""powerConsumption"": ""13.8"", ""runingRange"": ""500"", ""workConditionType"": ""CATC""}]",True,[],False,False,False,[],[],[],old-52-Word97--0-21,原件/免征目录/mf_batch52.doc,650a1430fd7c9a9139970f857a0382498bfd368fe64a95f24c17ca3f49dfa3cc,False,False,False,False
GAM7000BEVD0U,0,0,1,old_only,0,0,[],[],"[""CATC""]",[],"[""500""]",[],"[""13.8""]",[],"[{""eleEquivalentFuelConsumption"": ""1.6"", ""powerConsumption"": ""13.8"", ""runingRange"": ""500"", ""workConditionType"": ""CATC""}]",True,[],False,False,False,[],[],[],old-53-Word97--0-26,原件/免征目录/mf_batch53.doc,a1f426ff77c80bce4d153fbfb6d01a7b6c6c87539f52ac4643edb7b060e21d2a,False,False,False,False
GAM7000BEVE0A,2,2,1,both,2,0,[],"[""5""]","[""CATC""]","[""630""]","[""630""]","[""12.5""]","[""12.5""]","[""1835"", ""1890""]","[{""eleEquivalentFuelConsumption"": ""1.41"", ""powerConsumption"": ""12.5"", ""runingRange"": ""630"", ""workConditionType"": ""CATC""}]",True,"[""multiple_new_curb_mass_raw_values""]",False,False,False,"[""2024-03-08""]","[""2024-07-02""]","[""首次上传""]",old-69-Word97--0-48,原件/免征目录/mf_batch69.doc,357d61a16c94488c9fdd761f393edb7029b05394ab06117abaebcba1a1e45546,False,False,False,False
GAM7000BEVE0B,2,2,1,both,2,0,[],"[""5""]","[""CATC""]","[""560""]","[""560""]","[""11.9""]","[""11.9""]","[""1780"", ""1830""]","[{""eleEquivalentFuelConsumption"": ""1.35"", ""powerConsumption"": ""11.9"", ""runingRange"": ""560"", ""workConditionType"": ""CATC""}]",True,"[""multiple_new_curb_mass_raw_values""]",False,False,False,"[""2023-10-18""]","[""2024-07-02""]","[""首次上传""]",old-66-Word97--0-18,原件/免征目录/mf_batch66.doc,05a5fce42de1c5412803fe6a7bb46d04c4d61cb71dc5d88a9b59a3e884350544,False,False,False,False
GAM7000BEVE0D,2,2,1,both,2,0,[],"[""5""]","[""CATC""]","[""710""]","[""710""]","[""12.7""]","[""12.7""]","[""1920"", ""2010""]","[{""eleEquivalentFuelConsumption"": ""1.44"", ""powerConsumption"": ""12.7"", ""runingRange"": ""710"", ""workConditionType"": ""CATC""}]",True,"[""multiple_new_curb_mass_raw_values""]",False,False,False,"[""2024-03-08""]","[""2024-07-02""]","[""首次上传""]",old-66-Word97--0-21,原件/免征目录/mf_batch66.doc,05a5fce42de1c5412803fe6a7bb46d04c4d61cb71dc5d88a9b59a3e884350544,False,False,False,False
GAM7000BEVE0E,2,2,1,both,2,0,[],"[""5""]","[""CATC""]","[""600""]","[""600""]","[""12.9""]","[""12.9""]","[""1880"", ""1930""]","[{""eleEquivalentFuelConsumption"": ""1.46"", ""powerConsumption"": ""12.9"", ""runingRange"": ""600"", ""workConditionType"": ""CATC""}]",True,"[""multiple_new_curb_mass_raw_values""]",False,False,False,"[""2024-05-20""]","[""2024-07-02""]","[""首次上传""]",old-66-Word97--0-22,原件/免征目录/mf_batch66.doc,05a5fce42de1c5412803fe6a7bb46d04c4d61cb71dc5d88a9b59a3e884350544,False,False,False,False
GAM7000BEVE0G,2,2,1,both,2,0,[],"[""5""]","[""CATC""]","[""560""]","[""560""]","[""11.9""]","[""11.9""]","[""1820"", ""1870""]","[{""eleEquivalentFuelConsumption"": ""1.35"", ""powerConsumption"": ""11.9"", ""runingRange"": ""560"", ""workConditionType"": ""CATC""}]",True,"[""multiple_new_curb_mass_raw_values""]",False,False,False,"[""2023-10-18""]","[""2024-07-02""]","[""首次上传""]",old-66-Word97--0-17,原件/免征目录/mf_batch66.doc,05a5fce42de1c5412803fe6a7bb46d04c4d61cb71dc5d88a9b59a3e884350544,False,False,False,False
GAM7000BEVE0J,0,0,2,old_only,0,0,[],[],"[""CATC""]",[],"[""560""]",[],"[""11.9""]",[],"[{""eleEquivalentFuelConsumption"": ""1.35"", ""powerConsumption"": ""11.9"", ""runingRange"": ""560"", ""workConditionType"": ""CATC""}]",True,[],False,False,False,[],[],[],old-67-Word97--0-19,原件/免征目录/mf_batch67.doc,963a02fcc1f361414f4f003c6d63e00b178d0b962134ed2206c38978f3118101,False,False,False,False
GAM7000BEVE0K,0,0,1,old_only,0,0,[],[],"[""CATC""]",[],"[""560""]",[],"[""11.9""]",[],"[{""eleEquivalentFuelConsumption"": ""1.35"", ""powerConsumption"": ""11.9"", ""runingRange"": ""560"", ""workConditionType"": ""CATC""}]",True,[],False,False,False,[],[],[],old-67-Word97--0-17,原件/免征目录/mf_batch67.doc,963a02fcc1f361414f4f003c6d63e00b178d0b962134ed2206c38978f3118101,False,False,False,False
GAM7000BEVE0M,2,2,1,both,2,0,[],"[""5""]","[""CATC""]","[""630""]","[""630""]","[""12.5""]","[""12.5""]","[""1880"", ""1920""]","[{""eleEquivalentFuelConsumption"": ""1.41"", ""powerConsumption"": ""12.5"", ""runingRange"": ""630"", ""workConditionType"": ""CATC""}]",True,"[""multiple_new_curb_mass_raw_values""]",False,False,False,"[""2024-03-08""]","[""2024-07-02""]","[""首次上传""]",old-70-Word97--0-33,原件/免征目录/mf_batch70.doc,29b9f5df62602e114f0ed01426c185fdb15a654022cdf16d4df624bb736ed813,False,False,False,False
GAM7000BEVF0A,1,1,1,both,1,0,[],"[""5""]","[""CATC""]","[""506""]","[""506""]","[""16.7""]","[""16.7""]","[""1990""]","[{""eleEquivalentFuelConsumption"": ""1.89"", ""powerConsumption"": ""16.7"", ""runingRange"": ""506"", ""workConditionType"": ""CATC""}]",True,[],False,False,False,"[""2024-05-20""]","[""2024-07-02""]","[""首次上传""]",old-69-Word97--0-46,原件/免征目录/mf_batch69.doc,357d61a16c94488c9fdd761f393edb7029b05394ab06117abaebcba1a1e45546,False,False,False,False
GAM7000BEVM0B,0,0,2,old_only,0,0,[],[],"[""NEDC""]",[],"[""500""]",[],"[""13.8""]",[],"[{""eleEquivalentFuelConsumption"": ""1.6"", ""powerConsumption"": ""13.8"", ""runingRange"": ""500"", ""workConditionType"": ""NEDC""}]",True,[],False,False,False,[],[],[],old-48-Word97--0-24,原件/免征目录/mf_batch48.doc,ee5aa19736215cfcb3b76ffff90bcd0d9108c61758ccb756f7d4ad17e75a835c,False,False,False,False
GAM7001BEVA0A,0,0,4,old_only,0,0,[],[],"[""NEDC""]",[],"[""460""]",[],[null],[],"[{""eleEquivalentFuelConsumption"": ""1.46"", ""runingRange"": ""460"", ""workConditionType"": ""NEDC""}]",True,[],False,False,False,[],[],[],old-42-Word97--0-24,原件/免征目录/mf_batch42.doc,fef4fd8ea19d773d368642e51a4bdb24c148530251a2240be4ff1358d5d41fab,False,False,False,False
GAM7001BEVA0D,0,0,4,old_only,0,0,[],[],"[""NEDC""]",[],"[""510""]",[],[null],[],"[{""eleEquivalentFuelConsumption"": ""1.46"", ""runingRange"": ""510"", ""workConditionType"": ""NEDC""}]",True,[],False,False,False,[],[],[],old-42-Word97--0-26,原件/免征目录/mf_batch42.doc,fef4fd8ea19d773d368642e51a4bdb24c148530251a2240be4ff1358d5d41fab,False,False,False,False
GAM7001BEVA0E,0,0,4,old_only,0,0,[],[],"[""NEDC""]",[],"[""602""]",[],[null],[],"[{""eleEquivalentFuelConsumption"": ""1.48"", ""runingRange"": ""602"", ""workConditionType"": ""NEDC""}]",True,[],False,False,False,[],[],[],old-44-Word97--0-18,原件/免征目录/mf_batch44.doc,aea30846204f4e55c0d969450f1619e1649eb27f471d5b0a2636d0da77eb0611,False,False,False,False
GAM7001BEVA0F,0,0,4,old_only,0,0,[],[],"[""NEDC""]",[],"[""410""]",[],[null],[],"[{""eleEquivalentFuelConsumption"": ""1.46"", ""runingRange"": ""410"", ""workConditionType"": ""NEDC""}]",True,[],False,False,False,[],[],[],old-43-Word97--0-5,原件/免征目录/mf_batch43.doc,5d5202dfe31364ec0884640d8bba22b0f640154d0bcc6154272890e604cfc01c,False,False,False,False
GAM7001BEVA0J,0,0,0,not_in_observed_filtered_views,0,0,[],[],[],[],[],[],[],[],[],False,[],False,False,False,[],[],[],old-45-Word97--0-12,原件/免征目录/mf_batch45.doc,56f5e7c5fd36e990024f8121006a76da260361f4e4660846e78255d007126f7a,False,False,False,False
GAM7001BEVA0K,0,0,0,not_in_observed_filtered_views,0,0,[],[],[],[],[],[],[],[],[],False,[],False,False,False,[],[],[],old-49-Word97--0-10,原件/免征目录/mf_batch49.doc,c7a56509a4d9272982da0abc9d1ea213ee1fbea3d0f1edad124630c9b5e3474e,False,False,False,False
GAM7001BEVA0L,0,0,0,not_in_observed_filtered_views,0,0,[],[],[],[],[],[],[],[],[],False,[],False,False,False,[],[],[],old-50-Word97--0-26,原件/免征目录/mf_batch50.doc,3810672d92621612507384960254de602e629e75a308df22ee2291519445095e,False,False,False,False
GAM7001BEVA0M,0,0,1,old_only,0,0,[],[],"[""CATC""]",[],"[""510""]",[],"[""12.9""]",[],"[{""eleEquivalentFuelConsumption"": ""1.5"", ""powerConsumption"": ""12.9"", ""runingRange"": ""510"", ""workConditionType"": ""CATC""}]",True,[],False,False,False,[],[],[],old-53-Word97--0-27,原件/免征目录/mf_batch53.doc,a1f426ff77c80bce4d153fbfb6d01a7b6c6c87539f52ac4643edb7b060e21d2a,False,False,False,False
GAM7001BEVA0N,0,0,0,not_in_observed_filtered_views,0,0,[],[],[],[],[],[],[],[],[],False,[],False,False,False,[],[],[],old-56-Word97--0-37,原件/免征目录/mf_batch56.doc,cbffdc0819640e8f18c11a2a277b26b2e043c81406533457ff225f4df1c6c068,False,False,False,False
GAM7001BEVA0R,0,0,0,not_in_observed_filtered_views,0,0,[],[],[],[],[],[],[],[],[],False,[],False,False,False,[],[],[],old-59-Word97--0-59,原件/免征目录/mf_batch59.doc,32738e2df847e0c74ff96d48b8a13e1dd9c31aee84b7c0a633e2d9c8a3e01f86,False,False,False,False
GAM7001BEVA0T,0,0,1,old_only,0,0,[],[],"[""CATC""]",[],"[""460""]",[],"[""12.9""]",[],"[{""eleEquivalentFuelConsumption"": ""1.46"", ""powerConsumption"": ""12.9"", ""runingRange"": ""460"", ""workConditionType"": ""CATC""}]",True,[],False,False,False,[],[],[],old-59-Word97--0-60,原件/免征目录/mf_batch59.doc,32738e2df847e0c74ff96d48b8a13e1dd9c31aee84b7c0a633e2d9c8a3e01f86,False,False,False,False
GAM7001BEVA0U,0,0,0,not_in_observed_filtered_views,0,0,[],[],[],[],[],[],[],[],[],False,[],False,False,False,[],[],[],old-58-Word97--0-17,原件/免征目录/mf_batch58.doc,b642358bb3078d2dde909a798935c0c1fc75d90f22b33f7c48aa87209acc100d,False,False,False,False
GAM7001BEVA0W,6,6,1,both,6,0,[],"[""5""]","[""CATC""]","[""510""]","[""510""]","[""12.8"", ""12.9""]","[""12.9""]","[""1730"", ""1750""]","[{""eleEquivalentFuelConsumption"": ""1.46"", ""powerConsumption"": ""12.9"", ""runingRange"": ""510"", ""workConditionType"": ""CATC""}]",True,"[""multiple_new_consumption_raw_values"", ""multiple_new_curb_mass_raw_values"", ""new_old_consumption_raw_value_sets_differ_units_not_normalized""]",False,False,False,"[""2023-12-12""]","[""2024-07-02""]","[""首次上传""]",old-59-Word97--0-58,原件/免征目录/mf_batch59.doc,32738e2df847e0c74ff96d48b8a13e1dd9c31aee84b7c0a633e2d9c8a3e01f86,False,False,False,False
GAM7001BEVA0X,0,0,1,old_only,0,0,[],[],"[""CATC""]",[],"[""510""]",[],"[""12.9""]",[],"[{""eleEquivalentFuelConsumption"": ""1.46"", ""powerConsumption"": ""12.9"", ""runingRange"": ""510"", ""workConditionType"": ""CATC""}]",True,[],False,False,False,[],[],[],old-60-Word97--0-30,原件/免征目录/mf_batch60.doc,aabd19e9a0955380873798454b18b3bb15c87937dffcbb0ccfab2eae3bf3551b,False,False,False,False
GAM7001BEVA0Y,6,6,1,both,6,0,[],"[""5""]","[""CATC""]","[""510""]","[""510""]","[""12.8"", ""12.9""]","[""12.9""]","[""1730"", ""1750""]","[{""eleEquivalentFuelConsumption"": ""1.46"", ""powerConsumption"": ""12.9"", ""runingRange"": ""510"", ""workConditionType"": ""CATC""}]",True,"[""multiple_new_consumption_raw_values"", ""multiple_new_curb_mass_raw_values"", ""new_old_consumption_raw_value_sets_differ_units_not_normalized""]",False,False,False,"[""2023-12-12""]","[""2024-07-02""]","[""首次上传""]",old-60-Word97--0-31,原件/免征目录/mf_batch60.doc,aabd19e9a0955380873798454b18b3bb15c87937dffcbb0ccfab2eae3bf3551b,False,False,False,False
GAM7001BEVA0Z,0,0,1,old_only,0,0,[],[],"[""CATC""]",[],"[""460""]",[],"[""12.9""]",[],"[{""eleEquivalentFuelConsumption"": ""1.46"", ""powerConsumption"": ""12.9"", ""runingRange"": ""460"", ""workConditionType"": ""CATC""}]",True,[],False,False,False,[],[],[],old-61-Word97--0-43,原件/免征目录/mf_batch61.doc,d360a77695ccf20f3c17a354a1dd02fc846a7ae8bd18b41492515881a7240b72,False,False,False,False
GAM7001BEVA1A,9,9,1,both,9,0,[],"[""5""]","[""CATC""]","[""610""]","[""610""]","[""12.7"", ""12.8""]","[""12.8""]","[""1660"", ""1730"", ""1750""]","[{""eleEquivalentFuelConsumption"": ""1.45"", ""powerConsumption"": ""12.8"", ""runingRange"": ""610"", ""workConditionType"": ""CATC""}]",True,"[""multiple_new_consumption_raw_values"", ""multiple_new_curb_mass_raw_values"", ""new_old_consumption_raw_value_sets_differ_units_not_normalized""]",False,False,False,"[""2023-12-12""]","[""2024-07-02""]","[""首次上传""]",old-62-Word97--0-52,原件/免征目录/mf_batch62.doc,7694ac7207998b6af7c895cdd2c1d752421df436d4b28f83195261dd47f6509c,False,False,False,False
GAM7001BEVA1C,2,2,1,both,2,0,[],"[""5""]","[""CATC""]","[""480""]","[""480""]","[""12.5""]","[""12.5""]","[""1645"", ""1665""]","[{""eleEquivalentFuelConsumption"": ""1.41"", ""powerConsumption"": ""12.5"", ""runingRange"": ""480"", ""workConditionType"": ""CATC""}]",True,"[""multiple_new_curb_mass_raw_values""]",False,False,False,"[""2024-05-20""]","[""2024-07-02""]","[""首次上传""]",old-65-Word97--0-27,原件/免征目录/mf_batch65.doc,06a6a578a9a60516a845bc92deac49954438a789e9e4a7cf3cd140f256d9b13d,False,False,False,False
GAM7001BEVA1D,2,2,1,both,2,0,[],"[""5""]","[""CATC""]","[""320""]","[""320""]","[""11.6""]","[""11.6""]","[""1500"", ""1530""]","[{""eleEquivalentFuelConsumption"": ""1.31"", ""powerConsumption"": ""11.6"", ""runingRange"": ""320"", ""workConditionType"": ""CATC""}]",True,"[""multiple_new_curb_mass_raw_values""]",False,False,False,"[""2024-05-20""]","[""2024-07-02""]","[""首次上传""]",old-68-Word97--0-23,原件/免征目录/mf_batch68.doc,58113d08377020d08de0aeb0e08ff63c4a4411dbe35ad69cfdd6f82fdf0fcc77,False,False,False,False
GAM7001BEVA1E,0,0,1,old_only,0,0,[],[],"[""CATC""]",[],"[""480""]",[],"[""12.5""]",[],"[{""eleEquivalentFuelConsumption"": ""1.41"", ""powerConsumption"": ""12.5"", ""runingRange"": ""480"", ""workConditionType"": ""CATC""}]",True,[],False,False,False,[],[],[],old-64-Word97--0-28,原件/免征目录/mf_batch64.doc,c4e238989e7e40ec2c3a6a899ead170b4a745bc72546ba6fd4a5731d8890c6cb,False,False,False,False
GAM7001BEVA1G,3,3,1,both,3,0,[],"[""5""]","[""CATC""]","[""420""]","[""420""]","[""12.0""]","[""12.0""]","[""1590"", ""1620"", ""1650""]","[{""eleEquivalentFuelConsumption"": ""1.41"", ""powerConsumption"": ""12.0"", ""runingRange"": ""420"", ""workConditionType"": ""CATC""}]",True,"[""multiple_new_curb_mass_raw_values""]",False,False,False,"[""2024-05-20""]","[""2024-07-02""]","[""首次上传""]",old-66-Word97--0-19,原件/免征目录/mf_batch66.doc,05a5fce42de1c5412803fe6a7bb46d04c4d61cb71dc5d88a9b59a3e884350544,False,False,False,False
GAM7001BEVA1H,0,0,1,old_only,0,0,[],[],"[""CATC""]",[],"[""420""]",[],"[""12.5""]",[],"[{""eleEquivalentFuelConsumption"": ""1.45"", ""powerConsumption"": ""12.5"", ""runingRange"": ""420"", ""workConditionType"": ""CATC""}]",True,[],False,False,False,[],[],[],old-66-Word97--0-20,原件/免征目录/mf_batch66.doc,05a5fce42de1c5412803fe6a7bb46d04c4d61cb71dc5d88a9b59a3e884350544,False,False,False,False
GAM7001BEVA1J,0,0,1,old_only,0,0,[],[],"[""CATC""]",[],"[""610""]",[],"[""12.7""]",[],"[{""eleEquivalentFuelConsumption"": ""1.44"", ""powerConsumption"": ""12.7"", ""runingRange"": ""610"", ""workConditionType"": ""CATC""}]",True,[],False,False,False,[],[],[],old-70-Word97--0-31,原件/免征目录/mf_batch70.doc,29b9f5df62602e114f0ed01426c185fdb15a654022cdf16d4df624bb736ed813,False,False,False,False
GAM7001BEVA1K,0,0,1,old_only,0,0,[],[],"[""CATC""]",[],"[""610""]",[],"[""12.7""]",[],"[{""eleEquivalentFuelConsumption"": ""1.44"", ""powerConsumption"": ""12.7"", ""runingRange"": ""610"", ""workConditionType"": ""CATC""}]",True,[],False,False,False,[],[],[],old-70-Word97--0-32,原件/免征目录/mf_batch70.doc,29b9f5df62602e114f0ed01426c185fdb15a654022cdf16d4df624bb736ed813,False,False,False,False
GHA7000HAN0ABEV,3,3,3,both,3,0,[],"[""5""]","[""CATC""]","[""510""]","[""510""]","[""13.8""]","[""13.8""]","[""1651"", ""1683"", ""1696""]","[{""eleEquivalentFuelConsumption"": ""1.56"", ""powerConsumption"": ""13.8"", ""runingRange"": ""510"", ""workConditionType"": ""CATC""}]",True,"[""multiple_new_curb_mass_raw_values""]",False,False,False,[],"[""2024-06-30""]",[],old-51-Word97--0-7,原件/免征目录/mf_batch51.doc,35411ca0ab3ef42915600b148fca6fe76bcb86f5dc3812f71d74f3ebda125ce6,False,False,False,False
GHA7000HAN0BBEV,2,2,2,both,2,0,[],"[""5""]","[""CATC""]","[""420""]","[""420""]","[""13.6""]","[""13.6""]","[""1652"", ""1686""]","[{""eleEquivalentFuelConsumption"": ""1.54"", ""powerConsumption"": ""13.6"", ""runingRange"": ""420"", ""workConditionType"": ""CATC""}]",True,"[""multiple_new_curb_mass_raw_values""]",False,False,False,[],"[""2024-06-30""]",[],old-50-Word97--0-24,原件/免征目录/mf_batch50.doc,3810672d92621612507384960254de602e629e75a308df22ee2291519445095e,False,False,False,False
GHA7000HAN0CBEV,2,2,2,both,2,0,[],"[""5""]","[""CATC""]","[""420""]","[""420""]","[""13.6""]","[""13.6""]","[""1652"", ""1686""]","[{""eleEquivalentFuelConsumption"": ""1.54"", ""powerConsumption"": ""13.6"", ""runingRange"": ""420"", ""workConditionType"": ""CATC""}]",True,"[""multiple_new_curb_mass_raw_values""]",False,False,False,[],"[""2024-06-30""]",[],old-61-Word97--0-40,原件/免征目录/mf_batch61.doc,d360a77695ccf20f3c17a354a1dd02fc846a7ae8bd18b41492515881a7240b72,False,False,False,False
GHA7000NAN0ABEV,0,0,4,old_only,0,0,[],[],"[""NEDC""]",[],"[""510""]",[],"[""13.1""]",[],"[{""eleEquivalentFuelConsumption"": ""1.5"", ""powerConsumption"": ""13.1"", ""runingRange"": ""510"", ""workConditionType"": ""NEDC""}, {""eleEquivalentFuelConsumption"": ""1.50"", ""powerConsumption"": ""13.1"", ""runingRange"": ""510"", ""workConditionType"": ""NEDC""}]",True,[],False,False,False,[],[],[],old-37-Word97--0-27,原件/免征目录/mf_batch37.doc,136057faede292d8070763e326c8dbdcddf3790653cc6879a13758f91556881f,False,False,False,False
GHA7000PAN0ABEV,0,0,0,not_in_observed_filtered_views,0,0,[],[],[],[],[],[],[],[],[],False,[],False,False,False,[],[],[],old-21-DOCX--0-5,原件/免征目录/mf_batch21.docx,cd981cecffd781db646c194ab2c853b0466cc86eea0f616e95300b88932b8d9b,False,False,False,False
GHA7000PAN0BBEV,0,0,0,not_in_observed_filtered_views,0,0,[],[],[],[],[],[],[],[],[],False,[],False,False,False,[],[],[],old-25-Word97--0-92,原件/免征目录/mf_batch25.wps,9d2abe319463522513fe9c90f98bb8d0a825b599267d0b3cc403cec9624b3297,False,False,False,False
GHA7000PAN0CBEV,0,0,10,old_only,0,0,[],[],"[""CATC"", ""NEDC""]",[],"[""470""]",[],"[""13.4"", ""14""]",[],"[{""eleEquivalentFuelConsumption"": ""1.52"", ""powerConsumption"": ""13.4"", ""runingRange"": ""470"", ""workConditionType"": ""CATC""}, {""eleEquivalentFuelConsumption"": ""1.60 "", ""powerConsumption"": ""14"", ""runingRange"": ""470"", ""workConditionType"": ""NEDC""}, {""eleEquivalentFuelConsumption"": ""1.60"", ""powerConsumption"": ""14"", ""runingRange"": ""470"", ""workConditionType"": ""NEDC""}]",True,"[""multiple_old_cycle_codes"", ""multiple_old_consumption_raw_values""]",False,False,True,[],[],[],old-33-Word97--0-34,原件/免征目录/mf_batch33.doc,ff98fbb1708c47cdcfc1e79e7a1647e72a7ae6d4255dce3b250d661001340c09,False,False,False,False
GHA7000PAN0DBEV,0,0,4,old_only,0,0,[],[],"[""CATC"", ""NEDC""]",[],"[""470"", ""480""]",[],"[""13.4"", ""14""]",[],"[{""eleEquivalentFuelConsumption"": ""1.52"", ""powerConsumption"": ""13.4"", ""runingRange"": ""470"", ""workConditionType"": ""CATC""}, {""eleEquivalentFuelConsumption"": ""1.60"", ""powerConsumption"": ""14"", ""runingRange"": ""480"", ""workConditionType"": ""NEDC""}]",True,"[""multiple_old_cycle_codes"", ""multiple_old_range_raw_values"", ""multiple_old_consumption_raw_values""]",False,False,True,[],[],[],old-40-Word97--0-5,原件/免征目录/mf_batch40.doc,93047c8e87a1f45948933ee36d00160788032370ecf11b551624e0ca45ecc1d1,False,False,False,False
GMC6460AEV,0,0,1,old_only,0,0,[],[],"[""CATC""]",[],"[""520""]",[],"[""14.4""]",[],"[{""eleEquivalentFuelConsumption"": ""1.63"", ""powerConsumption"": ""14.4"", ""runingRange"": ""520"", ""workConditionType"": ""CATC""}]",True,[],False,False,False,[],[],[],old-46-Word97--0-9,原件/免征目录/mf_batch46.doc,a4b2048b3d5c29a8969f0348e9fd19a3293f0c23e6f37a48bf42a2ed70c7d37d,False,False,False,False
GMC6461AEV,0,0,1,old_only,0,0,[],[],"[""CATC""]",[],"[""520""]",[],"[""14.4""]",[],"[{""eleEquivalentFuelConsumption"": ""1.63"", ""powerConsumption"": ""14.4"", ""runingRange"": ""520"", ""workConditionType"": ""CATC""}]",True,[],False,False,False,[],[],[],old-49-Word97--0-4,原件/免征目录/mf_batch49.doc,c7a56509a4d9272982da0abc9d1ea213ee1fbea3d0f1edad124630c9b5e3474e,False,False,False,False
GMC6461BEV,0,0,1,old_only,0,0,[],[],"[""CATC""]",[],"[""500""]",[],"[""15.3""]",[],"[{""eleEquivalentFuelConsumption"": ""1.73"", ""powerConsumption"": ""15.3"", ""runingRange"": ""500"", ""workConditionType"": ""CATC""}]",True,[],False,False,False,[],[],[],old-50-Word97--0-10,原件/免征目录/mf_batch50.doc,3810672d92621612507384960254de602e629e75a308df22ee2291519445095e,False,False,False,False
GMC7000BEV,0,0,0,not_in_observed_filtered_views,0,0,[],[],[],[],[],[],[],[],[],False,[],False,False,False,[],[],[],old-19-DOCX--0-24,原件/免征目录/mf_batch19.docx,fafd1558aa0f21067847c19bdd0a95c79b919737be7b07b87c4538107fb2b8e3,False,False,False,False
GMC7000CEV,0,0,0,not_in_observed_filtered_views,0,0,[],[],[],[],[],[],[],[],[],False,[],False,False,False,[],[],[],old-24-Word97--4-9,原件/免征目录/mf_batch24.wps,07775a0cb063fe0fce5880b9378dd1eb2522b725d645cabdee314d604779939d,False,False,False,False
GNE7001AFCAEV,0,0,0,not_in_observed_filtered_views,0,0,[],[],[],[],[],[],[],[],[],False,[],False,False,False,[],[],[],old-22-Word97--0-62,原件/免征目录/mf_batch22.doc,eaf3fc1e64742af85b3d4bc90388d0a93154a497fd6c1fb9bf73b857672e1212,False,False,False,False
GNE7001AFCBEV,0,0,0,not_in_observed_filtered_views,0,0,[],[],[],[],[],[],[],[],[],False,[],False,False,False,[],[],[],old-22-Word97--0-63,原件/免征目录/mf_batch22.doc,eaf3fc1e64742af85b3d4bc90388d0a93154a497fd6c1fb9bf73b857672e1212,False,False,False,False
GNE7001AFCDEV,0,0,0,not_in_observed_filtered_views,0,0,[],[],[],[],[],[],[],[],[],False,[],False,False,False,[],[],[],old-26-DOCX--0-28,原件/免征目录/mf_batch26.docx,de0890335ef3a4f1302a8a0735ec8b6aed52e994e2635db481820060d62248b5,False,False,False,False
GOLFEEAZAFA1001,0,0,0,not_in_observed_filtered_views,0,0,[],[],[],[],[],[],[],[],[],False,[],False,False,False,[],[],[],old-20-DOCX--0-8,原件/免征目录/mf_batch20.docx,374d3f87551d75d1c163e76abb38f350ea93f8a2b8cad6174568c307d1cc0130,False,False,False,False
GTM6450GBEV,0,0,0,not_in_observed_filtered_views,0,0,[],[],[],[],[],[],[],[],[],False,[],False,False,False,[],[],[],old-17-PDF-grid-1-0-18,原件/免征目录/mf_batch17.pdf,577a4ba9c586fe08565f6a60e6de5474698031566d8dcef484cd44335879e334,False,False,False,False
GTM70002BEV,0,0,2,old_only,0,0,[],[],"[""NEDC""]",[],"[""510""]",[],"[""13.1""]",[],"[{""eleEquivalentFuelConsumption"": ""1.50"", ""powerConsumption"": ""13.1"", ""runingRange"": ""510"", ""workConditionType"": ""NEDC""}]",True,[],False,False,False,[],[],[],old-26-DOCX--0-57,原件/免征目录/mf_batch26.docx,de0890335ef3a4f1302a8a0735ec8b6aed52e994e2635db481820060d62248b5,False,False,False,False
GTM700030BEV,0,0,2,old_only,0,0,[],[],"[""CATC""]",[],"[""460""]",[],"[""12.9""]",[],"[{""eleEquivalentFuelConsumption"": ""1.46"", ""powerConsumption"": ""12.9"", ""runingRange"": ""460"", ""workConditionType"": ""CATC""}]",True,[],False,False,False,[],[],[],old-46-Word97--0-25,原件/免征目录/mf_batch46.doc,a4b2048b3d5c29a8969f0348e9fd19a3293f0c23e6f37a48bf42a2ed70c7d37d,False,False,False,False
GTM700033BEV,0,0,3,old_only,0,0,[],[],"[""CATC""]",[],"[""510""]",[],"[""13.1""]",[],"[{""eleEquivalentFuelConsumption"": ""1.48"", ""powerConsumption"": ""13.1"", ""runingRange"": ""510"", ""workConditionType"": ""CATC""}]",True,[],False,False,False,[],[],[],old-46-Word97--0-24,原件/免征目录/mf_batch46.doc,a4b2048b3d5c29a8969f0348e9fd19a3293f0c23e6f37a48bf42a2ed70c7d37d,False,False,False,False
GTM700035BEV,0,0,1,old_only,0,0,[],[],"[""CATC""]",[],"[""580""]",[],"[""13.6""]",[],"[{""eleEquivalentFuelConsumption"": ""1.54"", ""powerConsumption"": ""13.6"", ""runingRange"": ""580"", ""workConditionType"": ""CATC""}]",True,[],False,False,False,[],[],[],old-46-Word97--0-23,原件/免征目录/mf_batch46.doc,a4b2048b3d5c29a8969f0348e9fd19a3293f0c23e6f37a48bf42a2ed70c7d37d,False,False,False,False
GTM70003BEV,0,0,0,not_in_observed_filtered_views,0,0,[],[],[],[],[],[],[],[],[],False,[],False,False,False,[],[],[],old-08-PDF-grid-1-0-13,原件/免征目录/mf_batch08.pdf,39b242717c026063c908426a890cd361f1165aa5729988d56303b2f8d5fb3b42,False,False,False,False
GTM7000XBEV,0,0,2,old_only,0,0,[],[],"[""CATC"", ""NEDC""]",[],"[""400""]",[],"[""13 "", ""13.1""]",[],"[{""eleEquivalentFuelConsumption"": ""1.48"", ""powerConsumption"": ""13.1"", ""runingRange"": ""400"", ""workConditionType"": ""CATC""}, {""eleEquivalentFuelConsumption"": ""1.50 "", ""powerConsumption"": ""13 "", ""runingRange"": ""400"", ""workConditionType"": ""NEDC""}]",True,"[""multiple_old_cycle_codes"", ""multiple_old_consumption_raw_values""]",False,False,True,[],[],[],mf29-t0-r14,原件/mf_batch29.doc,8d24a01958cc6d44fa7826ecbb6a76869b9a0f2c98b97597d57af02932f2afaf,False,False,False,False
GTM70012BEV,0,0,2,old_only,0,0,[],[],"[""NEDC""]",[],"[""510""]",[],"[""13.1""]",[],"[{""eleEquivalentFuelConsumption"": ""1.50"", ""powerConsumption"": ""13.1"", ""runingRange"": ""510"", ""workConditionType"": ""NEDC""}]",True,[],False,False,False,[],[],[],old-32-Word97--0-17,原件/免征目录/mf_batch32.doc,ad7c65b4831a05b7c70e1e73fe834aa9beed883c66f898e799fcbbeb43cc3d75,False,False,False,False
GTM70022BEV,0,0,6,old_only,0,0,[],[],"[""CATC"", ""NEDC""]",[],"[""510""]",[],"[""13.1""]",[],"[{""eleEquivalentFuelConsumption"": ""1.48"", ""powerConsumption"": ""13.1"", ""runingRange"": ""510"", ""workConditionType"": ""CATC""}, {""eleEquivalentFuelConsumption"": ""1.50"", ""powerConsumption"": ""13.1"", ""runingRange"": ""510"", ""workConditionType"": ""NEDC""}]",True,"[""multiple_old_cycle_codes""]",False,False,True,[],[],[],old-33-Word97--0-32,原件/免征目录/mf_batch33.doc,ff98fbb1708c47cdcfc1e79e7a1647e72a7ae6d4255dce3b250d661001340c09,False,False,False,False
GXE7001BEV1A,0,0,0,not_in_observed_filtered_views,0,0,[],[],[],[],[],[],[],[],[],False,[],False,False,False,[],[],[],old-47-Word97--0-3,原件/免征目录/mf_batch47.doc,fb4517fe8220b10bc435a77a5328df13c732c70b335942dfad0ae9394affe9b4,False,False,False,False
GXE7002BEV1A,0,0,0,not_in_observed_filtered_views,0,0,[],[],[],[],[],[],[],[],[],False,[],False,False,False,[],[],[],old-49-Word97--0-5,原件/免征目录/mf_batch49.doc,c7a56509a4d9272982da0abc9d1ea213ee1fbea3d0f1edad124630c9b5e3474e,False,False,False,False
GXE7002BEV2A,0,0,0,not_in_observed_filtered_views,0,0,[],[],[],[],[],[],[],[],[],False,[],False,False,False,[],[],[],old-49-Word97--0-6,原件/免征目录/mf_batch49.doc,c7a56509a4d9272982da0abc9d1ea213ee1fbea3d0f1edad124630c9b5e3474e,False,False,False,False
GXQ6450BEVT,0,0,0,not_in_observed_filtered_views,0,0,[],[],[],[],[],[],[],[],[],False,[],False,False,False,[],[],[],old-14-Word97--0-15,原件/免征目录/mf_batch14.docx,6a48764b5ccb7c4ffa6f54daa44d3a42095b8a981fc982e774ddaaded41e9921,False,False,False,False
GXQ6450BEVT1,0,0,0,not_in_observed_filtered_views,0,0,[],[],[],[],[],[],[],[],[],False,[],False,False,False,[],[],[],old-23-Word97--0-14,原件/免征目录/mf_batch23.docx,87f838de0da3ba5887f77b2bf5c1dbf5b427e7cef896309a7084c11dd8f5efa0,False,False,False,False
HFC6463EEV2,0,0,4,old_only,0,0,[],[],"[""CATC""]",[],"[""605""]",[],"[""15.9""]",[],"[{""eleEquivalentFuelConsumption"": ""1.80"", ""powerConsumption"": ""15.9"", ""runingRange"": ""605"", ""workConditionType"": ""CATC""}]",True,[],False,False,False,[],[],[],old-48-Word97--0-43,原件/免征目录/mf_batch48.doc,ee5aa19736215cfcb3b76ffff90bcd0d9108c61758ccb756f7d4ad17e75a835c,False,False,False,False
HFC6483ECEV-W,0,0,0,not_in_observed_filtered_views,0,0,[],[],[],[],[],[],[],[],[],False,[],False,False,False,[],[],[],old-24-Word97--3-11,原件/免征目录/mf_batch24.wps,07775a0cb063fe0fce5880b9378dd1eb2522b725d645cabdee314d604779939d,False,False,False,False
HFC6483ECEV1-W,0,0,0,not_in_observed_filtered_views,0,0,[],[],[],[],[],[],[],[],[],False,[],False,False,False,[],[],[],old-25-Word97--0-73,原件/免征目录/mf_batch25.wps,9d2abe319463522513fe9c90f98bb8d0a825b599267d0b3cc403cec9624b3297,False,False,False,False
HFC6483ECEV2-W,0,0,0,not_in_observed_filtered_views,0,0,[],[],[],[],[],[],[],[],[],False,[],False,False,False,[],[],[],old-25-Word97--0-74,原件/免征目录/mf_batch25.wps,9d2abe319463522513fe9c90f98bb8d0a825b599267d0b3cc403cec9624b3297,False,False,False,False
HFC6483ECEV3-W,0,0,0,not_in_observed_filtered_views,0,0,[],[],[],[],[],[],[],[],[],False,[],False,False,False,[],[],[],old-25-Word97--0-75,原件/免征目录/mf_batch25.wps,9d2abe319463522513fe9c90f98bb8d0a825b599267d0b3cc403cec9624b3297,False,False,False,False
HFC6483ECEV4-W,0,0,0,not_in_observed_filtered_views,0,0,[],[],[],[],[],[],[],[],[],False,[],False,False,False,[],[],[],old-26-DOCX--0-40,原件/免征目录/mf_batch26.docx,de0890335ef3a4f1302a8a0735ec8b6aed52e994e2635db481820060d62248b5,False,False,False,False
HFC6483ECSEV-W,0,0,20,old_only,0,0,[],[],"[""CATC"", ""NEDC""]",[],"[""430"", ""450"", ""465"", ""610"", ""885""]",[],"[""17.2"", ""17.4"", ""18.1"", ""18.6"", ""19.1""]",[],"[{""eleEquivalentFuelConsumption"": ""1.9"", ""powerConsumption"": ""17.2"", ""runingRange"": ""465"", ""workConditionType"": ""NEDC""}, {""eleEquivalentFuelConsumption"": ""2.0"", ""powerConsumption"": ""17.4"", ""runingRange"": ""430"", ""workConditionType"": ""NEDC""}, {""eleEquivalentFuelConsumption"": ""2.0"", ""powerConsumption"": ""17.4"", ""runingRange"": ""610"", ""workConditionType"": ""NEDC""}, {""eleEquivalentFuelConsumption"": ""2.0"", ""powerConsumption"": ""18.1"", ""runingRange"": ""430"", ""workConditionType"": ""NEDC""}, {""eleEquivalentFuelConsumption"": ""2.00"", ""powerConsumption"": ""17.4"", ""runingRange"": ""430"", ""workConditionType"": ""NEDC""}, {""eleEquivalentFuelConsumption"": ""2.00"", ""powerConsumption"": ""17.4"", ""runingRange"": ""610"", ""workConditionType"": ""NEDC""}, {""eleEquivalentFuelConsumption"": ""2.00"", ""powerConsumption"": ""18.1"", ""runingRange"": ""430"", ""workConditionType"": ""NEDC""}, {""eleEquivalentFuelConsumption"": ""2.1"", ""powerConsumption"": ""18.6"", ""runingRange"": ""885"", ""workConditionType"": ""CATC""}, {""eleEquivalentFuelConsumption"": ""2.16"", ""powerConsumption"": ""19.1"", ""runingRange"": ""450"", ""workConditionType"": ""CATC""}]",True,"[""multiple_old_cycle_codes"", ""multiple_old_range_raw_values"", ""multiple_old_consumption_raw_values""]",False,False,True,[],[],[],old-33-Word97--0-24,原件/免征目录/mf_batch33.doc,ff98fbb1708c47cdcfc1e79e7a1647e72a7ae6d4255dce3b250d661001340c09,False,False,False,False
HFC6483ECSEV2-W,0,0,21,old_only,0,0,[],[],"[""CATC"", ""NEDC""]",[],"[""420"", ""445"", ""455"", ""600"", ""870""]",[],"[""17.3"", ""17.4"", ""18.1"", ""18.9"", ""19.3""]",[],"[{""eleEquivalentFuelConsumption"": ""2.0"", ""powerConsumption"": ""17.3"", ""runingRange"": ""455"", ""workConditionType"": ""NEDC""}, {""eleEquivalentFuelConsumption"": ""2.0"", ""powerConsumption"": ""17.4"", ""runingRange"": ""420"", ""workConditionType"": ""NEDC""}, {""eleEquivalentFuelConsumption"": ""2.0"", ""powerConsumption"": ""17.4"", ""runingRange"": ""600"", ""workConditionType"": ""NEDC""}, {""eleEquivalentFuelConsumption"": ""2.0"", ""powerConsumption"": ""18.1"", ""runingRange"": ""420"", ""workConditionType"": ""NEDC""}, {""eleEquivalentFuelConsumption"": ""2.00"", ""powerConsumption"": ""17.4"", ""runingRange"": ""420"", ""workConditionType"": ""NEDC""}, {""eleEquivalentFuelConsumption"": ""2.00"", ""powerConsumption"": ""17.4"", ""runingRange"": ""600"", ""workConditionType"": ""NEDC""}, {""eleEquivalentFuelConsumption"": ""2.00"", ""powerConsumption"": ""18.1"", ""runingRange"": ""420"", ""workConditionType"": ""NEDC""}, {""eleEquivalentFuelConsumption"": ""2.14"", ""powerConsumption"": ""18.9"", ""runingRange"": ""870"", ""workConditionType"": ""CATC""}, {""eleEquivalentFuelConsumption"": ""2.18"", ""powerConsumption"": ""19.3"", ""runingRange"": ""445"", ""workConditionType"": ""CATC""}]",True,"[""multiple_old_cycle_codes"", ""multiple_old_range_raw_values"", ""multiple_old_consumption_raw_values""]",False,False,True,[],[],[],old-33-Word97--0-25,原件/免征目录/mf_batch33.doc,ff98fbb1708c47cdcfc1e79e7a1647e72a7ae6d4255dce3b250d661001340c09,False,False,False,False
HFC6483ECSEV5-W,0,0,16,old_only,0,0,[],[],"[""CATC"", ""NEDC""]",[],"[""440"", ""455"", ""475"", ""615"", ""890""]",[],"[""17.1"", ""17.3"", ""17.4"", ""18.5"", ""18.9""]",[],"[{""eleEquivalentFuelConsumption"": ""1.9"", ""powerConsumption"": ""17.1"", ""runingRange"": ""475"", ""workConditionType"": ""NEDC""}, {""eleEquivalentFuelConsumption"": ""2.0"", ""powerConsumption"": ""17.3"", ""runingRange"": ""440"", ""workConditionType"": ""NEDC""}, {""eleEquivalentFuelConsumption"": ""2.0"", ""powerConsumption"": ""17.3"", ""runingRange"": ""615"", ""workConditionType"": ""NEDC""}, {""eleEquivalentFuelConsumption"": ""2.0"", ""powerConsumption"": ""17.4"", ""runingRange"": ""440"", ""workConditionType"": ""NEDC""}, {""eleEquivalentFuelConsumption"": ""2.00"", ""powerConsumption"": ""17.3"", ""runingRange"": ""440"", ""workConditionType"": ""NEDC""}, {""eleEquivalentFuelConsumption"": ""2.00"", ""powerConsumption"": ""17.3"", ""runingRange"": ""615"", ""workConditionType"": ""NEDC""}, {""eleEquivalentFuelConsumption"": ""2.00"", ""powerConsumption"": ""17.4"", ""runingRange"": ""440"", ""workConditionType"": ""NEDC""}, {""eleEquivalentFuelConsumption"": ""2.09"", ""powerConsumption"": ""18.5"", ""runingRange"": ""890"", ""workConditionType"": ""CATC""}, {""eleEquivalentFuelConsumption"": ""2.14"", ""powerConsumption"": ""18.9"", ""runingRange"": ""455"", ""workConditionType"": ""CATC""}]",True,"[""multiple_old_cycle_codes"", ""multiple_old_range_raw_values"", ""multiple_old_consumption_raw_values""]",False,False,True,[],[],[],old-34-Word97--0-28,原件/免征目录/mf_batch34.doc,d5c5bb03cc5fe0f16b284048e265ad35d62c12c0416f14aef0ce026a229aa831,False,False,False,False
HFC6483ECSEV6-W,0,0,17,old_only,0,0,[],[],"[""CATC"", ""NEDC""]",[],"[""430"", ""450"", ""465"", ""605"", ""875""]",[],"[""17.2"", ""17.3"", ""18.8"", ""19.1""]",[],"[{""eleEquivalentFuelConsumption"": ""1.9"", ""powerConsumption"": ""17.2"", ""runingRange"": ""430"", ""workConditionType"": ""NEDC""}, {""eleEquivalentFuelConsumption"": ""1.9"", ""powerConsumption"": ""17.2"", ""runingRange"": ""465"", ""workConditionType"": ""NEDC""}, {""eleEquivalentFuelConsumption"": ""1.90"", ""powerConsumption"": ""17.2"", ""runingRange"": ""430"", ""workConditionType"": ""NEDC""}, {""eleEquivalentFuelConsumption"": ""2.0"", ""powerConsumption"": ""17.3"", ""runingRange"": ""430"", ""workConditionType"": ""NEDC""}, {""eleEquivalentFuelConsumption"": ""2.0"", ""powerConsumption"": ""17.3"", ""runingRange"": ""605"", ""workConditionType"": ""NEDC""}, {""eleEquivalentFuelConsumption"": ""2.00"", ""powerConsumption"": ""17.3"", ""runingRange"": ""430"", ""workConditionType"": ""NEDC""}, {""eleEquivalentFuelConsumption"": ""2.00"", ""powerConsumption"": ""17.3"", ""runingRange"": ""605"", ""workConditionType"": ""NEDC""}, {""eleEquivalentFuelConsumption"": ""2.13"", ""powerConsumption"": ""18.8"", ""runingRange"": ""875"", ""workConditionType"": ""CATC""}, {""eleEquivalentFuelConsumption"": ""2.16"", ""powerConsumption"": ""19.1"", ""runingRange"": ""450"", ""workConditionType"": ""CATC""}]",True,"[""multiple_old_cycle_codes"", ""multiple_old_range_raw_values"", ""multiple_old_consumption_raw_values""]",False,False,True,[],[],[],old-34-Word97--0-29,原件/免征目录/mf_batch34.doc,d5c5bb03cc5fe0f16b284048e265ad35d62c12c0416f14aef0ce026a229aa831,False,False,False,False
HFC6502ECEV-W,0,0,0,not_in_observed_filtered_views,0,0,[],[],[],[],[],[],[],[],[],False,[],False,False,False,[],[],[],old-15-PDF-grid-1-0-6,原件/免征目录/mf_batch15.pdf,bbb3b1e38c535c13d6ef1bc1f4105509476c91a7e63723dc7a70e372904d90f4,False,False,False,False
HFC6502ECEV1-W,0,0,0,not_in_observed_filtered_views,0,0,[],[],[],[],[],[],[],[],[],False,[],False,False,False,[],[],[],old-19-DOCX--0-2,原件/免征目录/mf_batch19.docx,fafd1558aa0f21067847c19bdd0a95c79b919737be7b07b87c4538107fb2b8e3,False,False,False,False
HFC6502ECEV2-W,0,0,0,not_in_observed_filtered_views,0,0,[],[],[],[],[],[],[],[],[],False,[],False,False,False,[],[],[],old-20-DOCX--0-2,原件/免征目录/mf_batch20.docx,374d3f87551d75d1c163e76abb38f350ea93f8a2b8cad6174568c307d1cc0130,False,False,False,False
HFC6502ECEV3-W,0,0,0,not_in_observed_filtered_views,0,0,[],[],[],[],[],[],[],[],[],False,[],False,False,False,[],[],[],old-25-Word97--0-76,原件/免征目录/mf_batch25.wps,9d2abe319463522513fe9c90f98bb8d0a825b599267d0b3cc403cec9624b3297,False,False,False,False
HFC6502ECEV4-W,0,0,0,not_in_observed_filtered_views,0,0,[],[],[],[],[],[],[],[],[],False,[],False,False,False,[],[],[],old-27-Word97--0-21,原件/免征目录/mf_batch27.doc,2bd67cf7e1efc03ae93942d0d340ffef87478709520383b6ee4d08baf843ead1,False,False,False,False
HFC6502ECEV5-W,0,0,0,not_in_observed_filtered_views,0,0,[],[],[],[],[],[],[],[],[],False,[],False,False,False,[],[],[],old-30-Word97--0-52,原件/免征目录/mf_batch30.doc,e7fa3b47858ec2035b8055bc15be00b2b26920a5e8d3cad481058a80b92ead24,False,False,False,False
HFC6502ECEV6-W,0,0,0,not_in_observed_filtered_views,0,0,[],[],[],[],[],[],[],[],[],False,[],False,False,False,[],[],[],old-30-Word97--0-53,原件/免征目录/mf_batch30.doc,e7fa3b47858ec2035b8055bc15be00b2b26920a5e8d3cad481058a80b92ead24,False,False,False,False
HFC6502ECSEV5-W,0,0,18,old_only,0,0,[],[],"[""CATC"", ""NEDC""]",[],"[""415"", ""430"", ""450"", ""580"", ""840""]",[],"[""17.4"", ""17.7"", ""20.0 "", ""20.4""]",[],"[{""eleEquivalentFuelConsumption"": ""2.0"", ""powerConsumption"": ""17.4"", ""runingRange"": ""415"", ""workConditionType"": ""NEDC""}, {""eleEquivalentFuelConsumption"": ""2.0"", ""powerConsumption"": ""17.7"", ""runingRange"": ""450"", ""workConditionType"": ""NEDC""}, {""eleEquivalentFuelConsumption"": ""2.0"", ""powerConsumption"": ""17.7"", ""runingRange"": ""580"", ""workConditionType"": ""NEDC""}, {""eleEquivalentFuelConsumption"": ""2.00"", ""powerConsumption"": ""17.4"", ""runingRange"": ""415"", ""workConditionType"": ""NEDC""}, {""eleEquivalentFuelConsumption"": ""2.00"", ""powerConsumption"": ""17.7"", ""runingRange"": ""580"", ""workConditionType"": ""NEDC""}, {""eleEquivalentFuelConsumption"": ""2.26"", ""powerConsumption"": ""20.0 "", ""runingRange"": ""430"", ""workConditionType"": ""CATC""}, {""eleEquivalentFuelConsumption"": ""2.31"", ""powerConsumption"": ""20.4"", ""runingRange"": ""840"", ""workConditionType"": ""CATC""}]",True,"[""multiple_old_cycle_codes"", ""multiple_old_range_raw_values"", ""multiple_old_consumption_raw_values""]",False,False,True,[],[],[],old-33-Word97--0-26,原件/免征目录/mf_batch33.doc,ff98fbb1708c47cdcfc1e79e7a1647e72a7ae6d4255dce3b250d661001340c09,False,False,False,False
HFC6502ECSEV9-W,0,0,11,old_only,0,0,[],[],"[""CATC"", ""NEDC""]",[],"[""360"", ""385"", ""500"", ""720""]",[],"[""20"", ""20.0"", ""21.0"", ""23.8"", ""23.9""]",[],"[{""eleEquivalentFuelConsumption"": ""2.3"", ""powerConsumption"": ""20.0"", ""runingRange"": ""500"", ""workConditionType"": ""NEDC""}, {""eleEquivalentFuelConsumption"": ""2.30"", ""powerConsumption"": ""20"", ""runingRange"": ""500"", ""workConditionType"": ""NEDC""}, {""eleEquivalentFuelConsumption"": ""2.4"", ""powerConsumption"": ""21.0"", ""runingRange"": ""385"", ""workConditionType"": ""NEDC""}, {""eleEquivalentFuelConsumption"": ""2.69"", ""powerConsumption"": ""23.8"", ""runingRange"": ""720"", ""workConditionType"": ""CATC""}, {""eleEquivalentFuelConsumption"": ""2.70 "", ""powerConsumption"": ""23.9"", ""runingRange"": ""360"", ""workConditionType"": ""CATC""}]",True,"[""multiple_old_cycle_codes"", ""multiple_old_range_raw_values"", ""multiple_old_consumption_raw_values""]",False,False,True,[],[],[],old-36-Word97--0-8,原件/免征目录/mf_batch36.doc,05cfcfd9136685ad6d6e13b8228cd123cca109c26f43a4c71472016b5a610a9f,False,False,False,False
HFC6511REV1C7,1,1,1,both,1,0,[],"[""5""]","[""CATC""]","[""415""]","[""415""]","[""18.4""]","[""18.4""]","[""2160""]","[{""eleEquivalentFuelConsumption"": ""2.08"", ""powerConsumption"": ""18.4"", ""runingRange"": ""415"", ""workConditionType"": ""CATC""}]",True,[],False,False,False,"[""2024-05-20""]","[""2024-07-10""]","[""补录历史数据""]",old-49-Word97--0-21,原件/免征目录/mf_batch49.doc,c7a56509a4d9272982da0abc9d1ea213ee1fbea3d0f1edad124630c9b5e3474e,False,False,False,False
HFC6511REV2C7,1,1,1,both,1,0,[],"[""5""]","[""CATC""]","[""415""]","[""415""]","[""18.3""]","[""18.3""]","[""2080""]","[{""eleEquivalentFuelConsumption"": ""2.07"", ""powerConsumption"": ""18.3"", ""runingRange"": ""415"", ""workConditionType"": ""CATC""}]",True,[],False,False,False,"[""2024-05-20""]","[""2024-07-10""]","[""补录历史数据""]",old-59-Word97--0-52,原件/免征目录/mf_batch59.doc,32738e2df847e0c74ff96d48b8a13e1dd9c31aee84b7c0a633e2d9c8a3e01f86,False,False,False,False
HFC6521EV2C8,0,0,1,old_only,0,0,[],[],"[""CATC""]",[],"[""405""]",[],"[""19.9""]",[],"[{""eleEquivalentFuelConsumption"": ""2.25"", ""powerConsumption"": ""19.9"", ""runingRange"": ""405"", ""workConditionType"": ""CATC""}]",True,[],False,False,False,[],[],[],old-69-Word97--0-39,原件/免征目录/mf_batch69.doc,357d61a16c94488c9fdd761f393edb7029b05394ab06117abaebcba1a1e45546,False,False,False,False
HFC6521EV2C8G,0,0,1,old_only,0,0,[],[],"[""CATC""]",[],"[""405""]",[],"[""19.9""]",[],"[{""eleEquivalentFuelConsumption"": ""2.25"", ""powerConsumption"": ""19.9"", ""runingRange"": ""405"", ""workConditionType"": ""CATC""}]",True,[],False,False,False,[],[],[],old-69-Word97--0-38,原件/免征目录/mf_batch69.doc,357d61a16c94488c9fdd761f393edb7029b05394ab06117abaebcba1a1e45546,False,False,False,False
HFC7000A1EV,0,0,0,not_in_observed_filtered_views,0,0,[],[],[],[],[],[],[],[],[],False,[],False,False,False,[],[],[],old-03-PDF-grid-1-0-2,原件/免征目录/mf_batch03.pdf,1367fdf126160143cbeecaedf4a66b528d105bbfa58a06b2118487a2e05000a5,False,False,False,False
HFC7000A2EV,0,0,0,not_in_observed_filtered_views,0,0,[],[],[],[],[],[],[],[],[],False,[],False,False,False,[],[],[],old-10-PDF-grid-1-0-2,原件/免征目录/mf_batch10.pdf,ac1b1ad2605b4f24762fb1f01cea64b685393577d01648618fa1882bb5700ac3,False,False,False,False
HFC7000AEV,0,0,0,not_in_observed_filtered_views,0,0,[],[],[],[],[],[],[],[],[],False,[],False,False,False,[],[],[],old-01-PDF-grid-1-0-2,原件/免征目录/mf_batch01.pdf,eac13628c37f01c4da157a2d1916d97acc81fdc295f18e1783549075ce7e5aa7,False,False,False,False
HFC7000BEV,0,0,0,not_in_observed_filtered_views,0,0,[],[],[],[],[],[],[],[],[],False,[],False,False,False,[],[],[],old-15-PDF-grid-1-0-3,原件/免征目录/mf_batch15.pdf,bbb3b1e38c535c13d6ef1bc1f4105509476c91a7e63723dc7a70e372904d90f4,False,False,False,False
HFC7000BEV1,0,0,0,not_in_observed_filtered_views,0,0,[],[],[],[],[],[],[],[],[],False,[],False,False,False,[],[],[],old-15-PDF-grid-1-0-2,原件/免征目录/mf_batch15.pdf,bbb3b1e38c535c13d6ef1bc1f4105509476c91a7e63723dc7a70e372904d90f4,False,False,False,False
HFC7000BEV10,0,0,0,not_in_observed_filtered_views,0,0,[],[],[],[],[],[],[],[],[],False,[],False,False,False,[],[],[],old-24-Word97--3-12,原件/免征目录/mf_batch24.wps,07775a0cb063fe0fce5880b9378dd1eb2522b725d645cabdee314d604779939d,False,False,False,False
HFC7000BEV11,0,0,2,old_only,0,0,[],[],"[""NEDC""]",[],"[""350""]",[],"[""14 "", ""14.5""]",[],"[{""eleEquivalentFuelConsumption"": ""1.6"", ""powerConsumption"": ""14.5"", ""runingRange"": ""350"", ""workConditionType"": ""NEDC""}, {""eleEquivalentFuelConsumption"": ""1.60 "", ""powerConsumption"": ""14 "", ""runingRange"": ""350"", ""workConditionType"": ""NEDC""}]",True,"[""multiple_old_consumption_raw_values""]",False,False,False,[],[],[],old-41-Word97--0-32,原件/免征目录/mf_batch41.doc,ba4634c0877ebf99f8e462013e4a07e40f57478a4aaf921801a6c85a49c42b7f,False,False,False,False
HFC7000BEV2,0,0,0,not_in_observed_filtered_views,0,0,[],[],[],[],[],[],[],[],[],False,[],False,False,False,[],[],[],old-15-PDF-grid-1-0-5,原件/免征目录/mf_batch15.pdf,bbb3b1e38c535c13d6ef1bc1f4105509476c91a7e63723dc7a70e372904d90f4,False,False,False,False
HFC7000BEV5,0,0,0,not_in_observed_filtered_views,0,0,[],[],[],[],[],[],[],[],[],False,[],False,False,False,[],[],[],old-18-Word97--0-19,原件/免征目录/mf_batch18.doc,43f5426f7f80996ee11a894710d7229c743abf7ad69ba239f61075e0a9ddd37a,False,False,False,False
HFC7000BEV6,0,0,0,not_in_observed_filtered_views,0,0,[],[],[],[],[],[],[],[],[],False,[],False,False,False,[],[],[],old-19-DOCX--0-3,原件/免征目录/mf_batch19.docx,fafd1558aa0f21067847c19bdd0a95c79b919737be7b07b87c4538107fb2b8e3,False,False,False,False
HFC7000BEV7,0,0,0,not_in_observed_filtered_views,0,0,[],[],[],[],[],[],[],[],[],False,[],False,False,False,[],[],[],old-22-Word97--0-21,原件/免征目录/mf_batch22.doc,eaf3fc1e64742af85b3d4bc90388d0a93154a497fd6c1fb9bf73b857672e1212,False,False,False,False
HFC7000BEV8,0,0,0,not_in_observed_filtered_views,0,0,[],[],[],[],[],[],[],[],[],False,[],False,False,False,[],[],[],old-22-Word97--0-22,原件/免征目录/mf_batch22.doc,eaf3fc1e64742af85b3d4bc90388d0a93154a497fd6c1fb9bf73b857672e1212,False,False,False,False
HFC7000BEV9,0,0,0,not_in_observed_filtered_views,0,0,[],[],[],[],[],[],[],[],[],False,[],False,False,False,[],[],[],old-24-Word97--3-13,原件/免征目录/mf_batch24.wps,07775a0cb063fe0fce5880b9378dd1eb2522b725d645cabdee314d604779939d,False,False,False,False
HFC7000EWEV3,0,0,0,not_in_observed_filtered_views,0,0,[],[],[],[],[],[],[],[],[],False,[],False,False,False,[],[],[],old-17-PDF-grid-1-0-4,原件/免征目录/mf_batch17.pdf,577a4ba9c586fe08565f6a60e6de5474698031566d8dcef484cd44335879e334,False,False,False,False
HFC7000EWEV4,0,0,0,not_in_observed_filtered_views,0,0,[],[],[],[],[],[],[],[],[],False,[],False,False,False,[],[],[],old-22-Word97--0-23,原件/免征目录/mf_batch22.doc,eaf3fc1e64742af85b3d4bc90388d0a93154a497fd6c1fb9bf73b857672e1212,False,False,False,False
HFC7000EWEV6,0,0,0,not_in_observed_filtered_views,0,0,[],[],[],[],[],[],[],[],[],False,[],False,False,False,[],[],[],old-24-Word97--3-14,原件/免征目录/mf_batch24.wps,07775a0cb063fe0fce5880b9378dd1eb2522b725d645cabdee314d604779939d,False,False,False,False
HFC7000EWEV7,0,0,0,not_in_observed_filtered_views,0,0,[],[],[],[],[],[],[],[],[],False,[],False,False,False,[],[],[],old-27-Word97--0-22,原件/免征目录/mf_batch27.doc,2bd67cf7e1efc03ae93942d0d340ffef87478709520383b6ee4d08baf843ead1,False,False,False,False
HFC7000EWEV8,0,0,2,old_only,0,0,[],[],"[""NEDC""]",[],"[""252"", ""302""]",[],"[""12.2"", ""12.3""]",[],"[{""eleEquivalentFuelConsumption"": ""1.40"", ""powerConsumption"": ""12.2"", ""runingRange"": ""302"", ""workConditionType"": ""NEDC""}, {""eleEquivalentFuelConsumption"": ""1.40"", ""powerConsumption"": ""12.3"", ""runingRange"": ""252"", ""workConditionType"": ""NEDC""}]",True,"[""multiple_old_range_raw_values"", ""multiple_old_consumption_raw_values""]",False,False,False,[],[],[],old-30-Word97--0-54,原件/免征目录/mf_batch30.doc,e7fa3b47858ec2035b8055bc15be00b2b26920a5e8d3cad481058a80b92ead24,False,False,False,False
HFC7000W3EV,0,0,0,not_in_observed_filtered_views,0,0,[],[],[],[],[],[],[],[],[],False,[],False,False,False,[],[],[],old-10-PDF-grid-1-0-3,原件/免征目录/mf_batch10.pdf,ac1b1ad2605b4f24762fb1f01cea64b685393577d01648618fa1882bb5700ac3,False,False,False,False
HFC7000WEV,0,0,0,not_in_observed_filtered_views,0,0,[],[],[],[],[],[],[],[],[],False,[],False,False,False,[],[],[],old-08-PDF-grid-1-0-2,原件/免征目录/mf_batch08.pdf,39b242717c026063c908426a890cd361f1165aa5729988d56303b2f8d5fb3b42,False,False,False,False
HFC7000WEV1,0,0,0,not_in_observed_filtered_views,0,0,[],[],[],[],[],[],[],[],[],False,[],False,False,False,[],[],[],old-17-PDF-grid-1-0-2,原件/免征目录/mf_batch17.pdf,577a4ba9c586fe08565f6a60e6de5474698031566d8dcef484cd44335879e334,False,False,False,False
HFC7000WEV10,0,0,4,old_only,0,0,[],[],"[""NEDC""]",[],"[""302""]",[],"[""11.5""]",[],"[{""eleEquivalentFuelConsumption"": ""1.3"", ""powerConsumption"": ""11.5"", ""runingRange"": ""302"", ""workConditionType"": ""NEDC""}, {""eleEquivalentFuelConsumption"": ""1.30"", ""powerConsumption"": ""11.5"", ""runingRange"": ""302"", ""workConditionType"": ""NEDC""}]",True,[],False,False,False,[],[],[],old-41-Word97--0-30,原件/免征目录/mf_batch41.doc,ba4634c0877ebf99f8e462013e4a07e40f57478a4aaf921801a6c85a49c42b7f,False,False,False,False
HFC7000WEV11,0,0,1,old_only,0,0,[],[],"[""CATC""]",[],"[""310""]",[],"[""11.4""]",[],"[{""eleEquivalentFuelConsumption"": ""1.29"", ""powerConsumption"": ""11.4"", ""runingRange"": ""310"", ""workConditionType"": ""CATC""}]",True,[],False,False,False,[],[],[],old-48-Word97--0-44,原件/免征目录/mf_batch48.doc,ee5aa19736215cfcb3b76ffff90bcd0d9108c61758ccb756f7d4ad17e75a835c,False,False,False,False
HFC7000WEV12,0,0,5,old_only,0,0,[],[],"[""CATC""]",[],"[""301"", ""306""]",[],"[""11.1"", ""11.3""]",[],"[{""eleEquivalentFuelConsumption"": ""1.26"", ""powerConsumption"": ""11.1"", ""runingRange"": ""301"", ""workConditionType"": ""CATC""}, {""eleEquivalentFuelConsumption"": ""1.28"", ""powerConsumption"": ""11.3"", ""runingRange"": ""306"", ""workConditionType"": ""CATC""}]",True,"[""multiple_old_range_raw_values"", ""multiple_old_consumption_raw_values""]",False,False,False,[],[],[],old-51-Word97--0-22,原件/免征目录/mf_batch51.doc,35411ca0ab3ef42915600b148fca6fe76bcb86f5dc3812f71d74f3ebda125ce6,False,False,False,False
HFC7000WEV13,0,0,2,old_only,0,0,[],[],"[""CATC""]",[],"[""306""]",[],"[""11.1""]",[],"[{""eleEquivalentFuelConsumption"": ""1.26"", ""powerConsumption"": ""11.1"", ""runingRange"": ""306"", ""workConditionType"": ""CATC""}]",True,[],False,False,False,[],[],[],old-53-Word97--0-24,原件/免征目录/mf_batch53.doc,a1f426ff77c80bce4d153fbfb6d01a7b6c6c87539f52ac4643edb7b060e21d2a,False,False,False,False
HFC7000WEV14,0,0,1,old_only,0,0,[],[],"[""CATC""]",[],"[""251""]",[],"[""11.1""]",[],"[{""eleEquivalentFuelConsumption"": ""1.26"", ""powerConsumption"": ""11.1"", ""runingRange"": ""251"", ""workConditionType"": ""CATC""}]",True,[],False,False,False,[],[],[],old-59-Word97--0-51,原件/免征目录/mf_batch59.doc,32738e2df847e0c74ff96d48b8a13e1dd9c31aee84b7c0a633e2d9c8a3e01f86,False,False,False,False
HFC7000WEV15,0,0,1,old_only,0,0,[],[],"[""CATC""]",[],"[""301""]",[],"[""11.1""]",[],"[{""eleEquivalentFuelConsumption"": ""1.26"", ""powerConsumption"": ""11.1"", ""runingRange"": ""301"", ""workConditionType"": ""CATC""}]",True,[],False,False,False,[],[],[],old-59-Word97--0-50,原件/免征目录/mf_batch59.doc,32738e2df847e0c74ff96d48b8a13e1dd9c31aee84b7c0a633e2d9c8a3e01f86,False,False,False,False
HFC7000WEV16,1,1,1,both,1,0,[],"[""5""]","[""CATC""]","[""230""]","[""230""]","[""11.3""]","[""11.3""]","[""1115""]","[{""eleEquivalentFuelConsumption"": ""1.28"", ""powerConsumption"": ""11.3"", ""runingRange"": ""230"", ""workConditionType"": ""CATC""}]",True,[],False,False,False,"[""2023-11-20""]","[""2024-07-10""]","[""补录历史数据""]",old-71-Word97--0-38,原件/免征目录/mf_batch71.doc,b37b78b64b8ef7e12e6e95d6fd27a4a6e364c0c83ba403ffcf3bca82c60e3460,False,False,False,False
HFC7000WEV17,0,0,1,old_only,0,0,[],[],"[""CATC""]",[],"[""200""]",[],"[""11.1""]",[],"[{""eleEquivalentFuelConsumption"": ""1.26"", ""powerConsumption"": ""11.1"", ""runingRange"": ""200"", ""workConditionType"": ""CATC""}]",True,[],False,False,False,[],[],[],old-68-Word97--0-14,原件/免征目录/mf_batch68.doc,58113d08377020d08de0aeb0e08ff63c4a4411dbe35ad69cfdd6f82fdf0fcc77,False,False,False,False
HFC7000WEV18,1,1,1,both,1,0,[],"[""5""]","[""CATC""]","[""301""]","[""301""]","[""11.1""]","[""11.1""]","[""1100""]","[{""eleEquivalentFuelConsumption"": ""1.26"", ""powerConsumption"": ""11.1"", ""runingRange"": ""301"", ""workConditionType"": ""CATC""}]",True,[],False,False,False,"[""2024-05-31""]","[""2024-07-11""]","[""补录历史数据""]",old-68-Word97--0-12,原件/免征目录/mf_batch68.doc,58113d08377020d08de0aeb0e08ff63c4a4411dbe35ad69cfdd6f82fdf0fcc77,False,False,False,False
HFC7000WEV2,0,0,0,not_in_observed_filtered_views,0,0,[],[],[],[],[],[],[],[],[],False,[],False,False,False,[],[],[],old-23-Word97--0-15,原件/免征目录/mf_batch23.docx,87f838de0da3ba5887f77b2bf5c1dbf5b427e7cef896309a7084c11dd8f5efa0,False,False,False,False
HFC7000WEV4,0,0,0,not_in_observed_filtered_views,0,0,[],[],[],[],[],[],[],[],[],False,[],False,False,False,[],[],[],old-24-Word97--3-15,原件/免征目录/mf_batch24.wps,07775a0cb063fe0fce5880b9378dd1eb2522b725d645cabdee314d604779939d,False,False,False,False
HFC7000WEV6,0,0,4,old_only,0,0,[],[],"[""CATC"", ""NEDC""]",[],"[""200""]",[],"[""11.1"", ""11.5"", ""12 ""]",[],"[{""eleEquivalentFuelConsumption"": ""1.26"", ""powerConsumption"": ""11.1"", ""runingRange"": ""200"", ""workConditionType"": ""CATC""}, {""eleEquivalentFuelConsumption"": ""1.3"", ""powerConsumption"": ""11.5"", ""runingRange"": ""200"", ""workConditionType"": ""NEDC""}, {""eleEquivalentFuelConsumption"": ""1.30 "", ""powerConsumption"": ""12 "", ""runingRange"": ""200"", ""workConditionType"": ""NEDC""}]",True,"[""multiple_old_cycle_codes"", ""multiple_old_consumption_raw_values""]",False,False,True,[],[],[],old-38-Word97--0-29,原件/免征目录/mf_batch38.doc,7c9def45fe5c40e4c5ffb483a1d1efd383c12cb16a5c4ba021d4ce28384776de,False,False,False,False
HFC7000WEV7,0,0,4,old_only,0,0,[],[],"[""NEDC""]",[],"[""302""]",[],"[""11.7""]",[],"[{""eleEquivalentFuelConsumption"": ""1.3"", ""powerConsumption"": ""11.7"", ""runingRange"": ""302"", ""workConditionType"": ""NEDC""}, {""eleEquivalentFuelConsumption"": ""1.30"", ""powerConsumption"": ""11.7"", ""runingRange"": ""302"", ""workConditionType"": ""NEDC""}]",True,[],False,False,False,[],[],[],old-37-Word97--0-25,原件/免征目录/mf_batch37.doc,136057faede292d8070763e326c8dbdcddf3790653cc6879a13758f91556881f,False,False,False,False
HFC7000WEV8,0,0,1,old_only,0,0,[],[],"[""NEDC""]",[],"[""306""]",[],"[""12 ""]",[],"[{""eleEquivalentFuelConsumption"": ""1.40 "", ""powerConsumption"": ""12 "", ""runingRange"": ""306"", ""workConditionType"": ""NEDC""}]",True,[],False,False,False,[],[],[],old-32-Word97--0-16,原件/免征目录/mf_batch32.doc,ad7c65b4831a05b7c70e1e73fe834aa9beed883c66f898e799fcbbeb43cc3d75,False,False,False,False
HFC7000WEV9,0,0,2,old_only,0,0,[],[],"[""NEDC""]",[],"[""150""]",[],"[""11.5"", ""12 ""]",[],"[{""eleEquivalentFuelConsumption"": ""1.3"", ""powerConsumption"": ""11.5"", ""runingRange"": ""150"", ""workConditionType"": ""NEDC""}, {""eleEquivalentFuelConsumption"": ""1.30 "", ""powerConsumption"": ""12 "", ""runingRange"": ""150"", ""workConditionType"": ""NEDC""}]",True,"[""multiple_old_consumption_raw_values""]",False,False,False,[],[],[],old-40-Word97--0-25,原件/免征目录/mf_batch40.doc,93047c8e87a1f45948933ee36d00160788032370ecf11b551624e0ca45ecc1d1,False,False,False,False
HFC7001A1EV,0,0,0,not_in_observed_filtered_views,0,0,[],[],[],[],[],[],[],[],[],False,[],False,False,False,[],[],[],old-03-PDF-grid-1-0-3,原件/免征目录/mf_batch03.pdf,1367fdf126160143cbeecaedf4a66b528d105bbfa58a06b2118487a2e05000a5,False,False,False,False
HFC7001AEV,0,0,0,not_in_observed_filtered_views,0,0,[],[],[],[],[],[],[],[],[],False,[],False,False,False,[],[],[],old-03-PDF-grid-1-0-4,原件/免征目录/mf_batch03.pdf,1367fdf126160143cbeecaedf4a66b528d105bbfa58a06b2118487a2e05000a5,False,False,False,False
HFC7001AEV2,0,0,0,not_in_observed_filtered_views,0,0,[],[],[],[],[],[],[],[],[],False,[],False,False,False,[],[],[],old-19-DOCX--0-4,原件/免征目录/mf_batch19.docx,fafd1558aa0f21067847c19bdd0a95c79b919737be7b07b87c4538107fb2b8e3,False,False,False,False
HFC7001AEV3,0,0,0,not_in_observed_filtered_views,0,0,[],[],[],[],[],[],[],[],[],False,[],False,False,False,[],[],[],old-22-Word97--0-25,原件/免征目录/mf_batch22.doc,eaf3fc1e64742af85b3d4bc90388d0a93154a497fd6c1fb9bf73b857672e1212,False,False,False,False
HFC7001AEV5,0,0,0,not_in_observed_filtered_views,0,0,[],[],[],[],[],[],[],[],[],False,[],False,False,False,[],[],[],old-24-Word97--3-16,原件/免征目录/mf_batch24.wps,07775a0cb063fe0fce5880b9378dd1eb2522b725d645cabdee314d604779939d,False,False,False,False
HFC7001AEV6,2,2,5,both,2,0,[],"[""5""]","[""CATC"", ""NEDC""]","[""320""]","[""320""]","[""10.9"", ""11.3""]","[""10.9"", ""11.3"", ""11.8"", ""12 "", ""12.0""]","[""1230"", ""1300""]","[{""eleEquivalentFuelConsumption"": ""1.23"", ""powerConsumption"": ""10.9"", ""runingRange"": ""320"", ""workConditionType"": ""CATC""}, {""eleEquivalentFuelConsumption"": ""1.28"", ""powerConsumption"": ""11.3"", ""runingRange"": ""320"", ""workConditionType"": ""CATC""}, {""eleEquivalentFuelConsumption"": ""1.33"", ""powerConsumption"": ""11.8"", ""runingRange"": ""320"", ""workConditionType"": ""CATC""}, {""eleEquivalentFuelConsumption"": ""1.4"", ""powerConsumption"": ""12.0"", ""runingRange"": ""320"", ""workConditionType"": ""NEDC""}, {""eleEquivalentFuelConsumption"": ""1.40 "", ""powerConsumption"": ""12 "", ""runingRange"": ""320"", ""workConditionType"": ""NEDC""}]",True,"[""multiple_old_cycle_codes"", ""multiple_new_consumption_raw_values"", ""multiple_old_consumption_raw_values"", ""multiple_new_curb_mass_raw_values"", ""new_old_consumption_raw_value_sets_differ_units_not_normalized""]",False,False,True,"[""2024-05-31""]","[""2024-07-11""]","[""补录历史数据""]",old-34-Word97--0-30,原件/免征目录/mf_batch34.doc,d5c5bb03cc5fe0f16b284048e265ad35d62c12c0416f14aef0ce026a229aa831,False,False,False,False
HFC7001CEV,0,0,0,not_in_observed_filtered_views,0,0,[],[],[],[],[],[],[],[],[],False,[],False,False,False,[],[],[],old-23-Word97--0-16,原件/免征目录/mf_batch23.docx,87f838de0da3ba5887f77b2bf5c1dbf5b427e7cef896309a7084c11dd8f5efa0,False,False,False,False
HFC7001E1AEV,0,0,0,not_in_observed_filtered_views,0,0,[],[],[],[],[],[],[],[],[],False,[],False,False,False,[],[],[],old-17-PDF-grid-1-0-5,原件/免征目录/mf_batch17.pdf,577a4ba9c586fe08565f6a60e6de5474698031566d8dcef484cd44335879e334,False,False,False,False
HFC7001E1AEV5,0,0,0,not_in_observed_filtered_views,0,0,[],[],[],[],[],[],[],[],[],False,[],False,False,False,[],[],[],old-23-Word97--0-22,原件/免征目录/mf_batch23.docx,87f838de0da3ba5887f77b2bf5c1dbf5b427e7cef896309a7084c11dd8f5efa0,False,False,False,False
HFC7001E1AEV7,0,0,0,not_in_observed_filtered_views,0,0,[],[],[],[],[],[],[],[],[],False,[],False,False,False,[],[],[],old-33-Word97--0-27,原件/免征目录/mf_batch33.doc,ff98fbb1708c47cdcfc1e79e7a1647e72a7ae6d4255dce3b250d661001340c09,False,False,False,False
HFC7001EAEV,0,0,0,not_in_observed_filtered_views,0,0,[],[],[],[],[],[],[],[],[],False,[],False,False,False,[],[],[],old-07-PDF-grid-1-0-3,原件/免征目录/mf_batch07.pdf,ad8e7f0576c7261a718e5a561358462b598d617361c6f02d7a14fb2038b758b0,False,False,False,False
HFC7001EAEV10,0,0,0,not_in_observed_filtered_views,0,0,[],[],[],[],[],[],[],[],[],False,[],False,False,False,[],[],[],old-23-Word97--0-23,原件/免征目录/mf_batch23.docx,87f838de0da3ba5887f77b2bf5c1dbf5b427e7cef896309a7084c11dd8f5efa0,False,False,False,False
HFC7001EAEV11,0,0,0,not_in_observed_filtered_views,0,0,[],[],[],[],[],[],[],[],[],False,[],False,False,False,[],[],[],old-24-Word97--3-17,原件/免征目录/mf_batch24.wps,07775a0cb063fe0fce5880b9378dd1eb2522b725d645cabdee314d604779939d,False,False,False,False
HFC7001EAEV2,0,0,0,not_in_observed_filtered_views,0,0,[],[],[],[],[],[],[],[],[],False,[],False,False,False,[],[],[],old-11-PDF-grid-1-0-2,原件/免征目录/mf_batch11.pdf,ec4f33e5e872841e6d1fa5d435793c285a15614ef2e64f39b9013389b5e51724,False,False,False,False
HFC7001EAEV4,0,0,0,not_in_observed_filtered_views,0,0,[],[],[],[],[],[],[],[],[],False,[],False,False,False,[],[],[],old-16-Word97--0-2,原件/免征目录/mf_batch16.docx,9db5ace6c1c59bd9636d48636f94fa77d2b6e0aa27b109421690ce6a8c4a3967,False,False,False,False
HFC7001EAEV5,0,0,0,not_in_observed_filtered_views,0,0,[],[],[],[],[],[],[],[],[],False,[],False,False,False,[],[],[],old-19-DOCX--0-6,原件/免征目录/mf_batch19.docx,fafd1558aa0f21067847c19bdd0a95c79b919737be7b07b87c4538107fb2b8e3,False,False,False,False
HFC7001EAEV6,0,0,0,not_in_observed_filtered_views,0,0,[],[],[],[],[],[],[],[],[],False,[],False,False,False,[],[],[],old-18-Word97--0-20,原件/免征目录/mf_batch18.doc,43f5426f7f80996ee11a894710d7229c743abf7ad69ba239f61075e0a9ddd37a,False,False,False,False
HFC7001EAEV7,0,0,0,not_in_observed_filtered_views,0,0,[],[],[],[],[],[],[],[],[],False,[],False,False,False,[],[],[],old-22-Word97--0-27,原件/免征目录/mf_batch22.doc,eaf3fc1e64742af85b3d4bc90388d0a93154a497fd6c1fb9bf73b857672e1212,False,False,False,False
HFC7001EWEV,0,0,0,not_in_observed_filtered_views,0,0,[],[],[],[],[],[],[],[],[],False,[],False,False,False,[],[],[],old-11-PDF-grid-1-0-3,原件/免征目录/mf_batch11.pdf,ec4f33e5e872841e6d1fa5d435793c285a15614ef2e64f39b9013389b5e51724,False,False,False,False
HFC7002BEV,0,0,0,not_in_observed_filtered_views,0,0,[],[],[],[],[],[],[],[],[],False,[],False,False,False,[],[],[],old-30-Word97--0-56,原件/免征目录/mf_batch30.doc,e7fa3b47858ec2035b8055bc15be00b2b26920a5e8d3cad481058a80b92ead24,False,False,False,False
HFC7002BEV1,0,0,0,not_in_observed_filtered_views,0,0,[],[],[],[],[],[],[],[],[],False,[],False,False,False,[],[],[],old-30-Word97--0-57,原件/免征目录/mf_batch30.doc,e7fa3b47858ec2035b8055bc15be00b2b26920a5e8d3cad481058a80b92ead24,False,False,False,False
HFC7002BEV2,0,0,5,old_only,0,0,[],[],"[""CATC"", ""NEDC""]",[],"[""530"", ""602""]",[],"[""12.5"", ""13.8"", ""14 ""]",[],"[{""eleEquivalentFuelConsumption"": ""1.41"", ""powerConsumption"": ""12.5"", ""runingRange"": ""602"", ""workConditionType"": ""CATC""}, {""eleEquivalentFuelConsumption"": ""1.6"", ""powerConsumption"": ""13.8"", ""runingRange"": ""530"", ""workConditionType"": ""NEDC""}, {""eleEquivalentFuelConsumption"": ""1.60 "", ""powerConsumption"": ""14 "", ""runingRange"": ""530"", ""workConditionType"": ""NEDC""}]",True,"[""multiple_old_cycle_codes"", ""multiple_old_range_raw_values"", ""multiple_old_consumption_raw_values""]",False,False,True,[],[],[],old-35-Word97--0-24,原件/免征目录/mf_batch35.wps,e4a6abd0e50daa81d029f8b37584511354700e855dc89de210fcba782b0643f0,False,False,False,False
HFC7002BEV3,0,0,1,old_only,0,0,[],[],"[""NEDC""]",[],"[""450""]",[],"[""14 ""]",[],"[{""eleEquivalentFuelConsumption"": ""1.50 "", ""powerConsumption"": ""14 "", ""runingRange"": ""450"", ""workConditionType"": ""NEDC""}]",True,[],False,False,False,[],[],[],old-35-Word97--0-25,原件/免征目录/mf_batch35.wps,e4a6abd0e50daa81d029f8b37584511354700e855dc89de210fcba782b0643f0,False,False,False,False
HFC7002BEV4,0,0,1,old_only,0,0,[],[],"[""NEDC""]",[],"[""480""]",[],"[""14 ""]",[],"[{""eleEquivalentFuelConsumption"": ""1.60 "", ""powerConsumption"": ""14 "", ""runingRange"": ""480"", ""workConditionType"": ""NEDC""}]",True,[],False,False,False,[],[],[],old-37-Word97--0-26,原件/免征目录/mf_batch37.doc,136057faede292d8070763e326c8dbdcddf3790653cc6879a13758f91556881f,False,False,False,False
HFC7002BEV6,0,0,5,old_only,0,0,[],[],"[""CATC"", ""NEDC""]",[],"[""402"", ""460""]",[],"[""12.3"", ""13.7"", ""14 ""]",[],"[{""eleEquivalentFuelConsumption"": ""1.39"", ""powerConsumption"": ""12.3"", ""runingRange"": ""460"", ""workConditionType"": ""CATC""}, {""eleEquivalentFuelConsumption"": ""1.5"", ""powerConsumption"": ""13.7"", ""runingRange"": ""402"", ""workConditionType"": ""NEDC""}, {""eleEquivalentFuelConsumption"": ""1.50 "", ""powerConsumption"": ""14 "", ""runingRange"": ""402"", ""workConditionType"": ""NEDC""}]",True,"[""multiple_old_cycle_codes"", ""multiple_old_range_raw_values"", ""multiple_old_consumption_raw_values""]",False,False,True,[],[],[],old-41-Word97--0-31,原件/免征目录/mf_batch41.doc,ba4634c0877ebf99f8e462013e4a07e40f57478a4aaf921801a6c85a49c42b7f,False,False,False,False
HFC7002BEV8,1,1,2,both,1,0,[],"[""5""]","[""CATC""]","[""502""]","[""502""]","[""12.3""]","[""12.3""]","[""1690""]","[{""eleEquivalentFuelConsumption"": ""1.39"", ""powerConsumption"": ""12.3"", ""runingRange"": ""502"", ""workConditionType"": ""CATC""}]",True,[],False,False,False,"[""2024-05-31""]","[""2024-07-11""]","[""补录历史数据""]",old-68-Word97--0-15,原件/免征目录/mf_batch68.doc,58113d08377020d08de0aeb0e08ff63c4a4411dbe35ad69cfdd6f82fdf0fcc77,False,False,False,False
HFC7002BEV9,2,2,1,both,2,0,[],"[""5""]","[""CATC""]","[""460""]","[""460""]","[""12.3""]","[""12.3""]","[""1600"", ""1625""]","[{""eleEquivalentFuelConsumption"": ""1.39"", ""powerConsumption"": ""12.3"", ""runingRange"": ""460"", ""workConditionType"": ""CATC""}]",True,"[""multiple_new_curb_mass_raw_values""]",False,False,False,"[""2024-05-31"", ""2025-12-31""]","[""2024-07-11"", ""2026-01-23""]","[""补录历史数据"", ""补录数据""]",old-68-Word97--0-11,原件/免征目录/mf_batch68.doc,58113d08377020d08de0aeb0e08ff63c4a4411dbe35ad69cfdd6f82fdf0fcc77,False,False,False,False
HFC7002BSEV1,0,0,2,old_only,0,0,[],[],"[""CATC""]",[],"[""402""]",[],"[""12.5""]",[],"[{""eleEquivalentFuelConsumption"": ""1.41"", ""powerConsumption"": ""12.5"", ""runingRange"": ""402"", ""workConditionType"": ""CATC""}]",True,[],False,False,False,[],[],[],old-58-Word97--0-13,原件/免征目录/mf_batch58.doc,b642358bb3078d2dde909a798935c0c1fc75d90f22b33f7c48aa87209acc100d,False,False,False,False
HFC7002BSEV2,1,1,2,both,1,0,[],"[""5""]","[""CATC""]","[""402""]","[""402""]","[""12.5""]","[""12.5""]","[""1660""]","[{""eleEquivalentFuelConsumption"": ""1.41"", ""powerConsumption"": ""12.5"", ""runingRange"": ""402"", ""workConditionType"": ""CATC""}]",True,[],False,False,False,"[""2024-05-20""]","[""2024-07-11""]","[""补录历史数据""]",old-68-Word97--0-13,原件/免征目录/mf_batch68.doc,58113d08377020d08de0aeb0e08ff63c4a4411dbe35ad69cfdd6f82fdf0fcc77,False,False,False,False
HFC7002EWEV1,1,1,2,both,1,0,[],"[""5""]","[""CATC""]","[""405""]","[""405""]","[""11.2""]","[""11.2""]","[""1365""]","[{""eleEquivalentFuelConsumption"": ""1.27"", ""powerConsumption"": ""11.2"", ""runingRange"": ""405"", ""workConditionType"": ""CATC""}]",True,[],False,False,False,"[""2024-04-15""]","[""2024-07-11""]","[""补录历史数据""]",old-64-Word97--0-23,原件/免征目录/mf_batch64.doc,c4e238989e7e40ec2c3a6a899ead170b4a745bc72546ba6fd4a5731d8890c6cb,False,False,False,False
HFC7002EWEV2,2,2,2,both,2,0,[],"[""5""]","[""CATC""]","[""500"", ""505""]","[""505""]","[""11.2"", ""11.5""]","[""11.2""]","[""1445""]","[{""eleEquivalentFuelConsumption"": ""1.27"", ""powerConsumption"": ""11.2"", ""runingRange"": ""505"", ""workConditionType"": ""CATC""}]",True,"[""multiple_new_range_raw_values"", ""multiple_new_consumption_raw_values"", ""new_old_range_raw_value_sets_differ"", ""new_old_consumption_raw_value_sets_differ_units_not_normalized""]",False,False,False,"[""2024-04-15"", ""2025-06-19""]","[""2024-07-11"", ""2025-06-27""]","[""补录历史数据""]",old-64-Word97--0-24,原件/免征目录/mf_batch64.doc,c4e238989e7e40ec2c3a6a899ead170b4a745bc72546ba6fd4a5731d8890c6cb,False,False,False,False
HFC7002MEV,0,0,0,not_in_observed_filtered_views,0,0,[],[],[],[],[],[],[],[],[],False,[],False,False,False,[],[],[],old-23-Word97--0-18,原件/免征目录/mf_batch23.docx,87f838de0da3ba5887f77b2bf5c1dbf5b427e7cef896309a7084c11dd8f5efa0,False,False,False,False
HFC7002MEV1,0,0,0,not_in_observed_filtered_views,0,0,[],[],[],[],[],[],[],[],[],False,[],False,False,False,[],[],[],old-23-Word97--0-19,原件/免征目录/mf_batch23.docx,87f838de0da3ba5887f77b2bf5c1dbf5b427e7cef896309a7084c11dd8f5efa0,False,False,False,False
HFC7002MEV2,0,0,0,not_in_observed_filtered_views,0,0,[],[],[],[],[],[],[],[],[],False,[],False,False,False,[],[],[],old-23-Word97--0-24,原件/免征目录/mf_batch23.docx,87f838de0da3ba5887f77b2bf5c1dbf5b427e7cef896309a7084c11dd8f5efa0,False,False,False,False
HFC7002MEV3,0,0,0,not_in_observed_filtered_views,0,0,[],[],[],[],[],[],[],[],[],False,[],False,False,False,[],[],[],old-25-Word97--0-77,原件/免征目录/mf_batch25.wps,9d2abe319463522513fe9c90f98bb8d0a825b599267d0b3cc403cec9624b3297,False,False,False,False
HFC7002MEV4,0,0,2,old_only,0,0,[],[],"[""NEDC""]",[],"[""402"", ""420""]",[],"[""14.9"", ""15.9""]",[],"[{""eleEquivalentFuelConsumption"": ""1.7"", ""powerConsumption"": ""14.9"", ""runingRange"": ""420"", ""workConditionType"": ""NEDC""}, {""eleEquivalentFuelConsumption"": ""1.8"", ""powerConsumption"": ""15.9"", ""runingRange"": ""402"", ""workConditionType"": ""NEDC""}]",True,"[""multiple_old_range_raw_values"", ""multiple_old_consumption_raw_values""]",False,False,False,[],[],[],old-25-Word97--0-78,原件/免征目录/mf_batch25.wps,9d2abe319463522513fe9c90f98bb8d0a825b599267d0b3cc403cec9624b3297,False,False,False,False
HFC7002MEV7,0,0,3,old_only,0,0,[],[],"[""NEDC""]",[],"[""420""]",[],"[""14.9""]",[],"[{""eleEquivalentFuelConsumption"": ""1.7"", ""powerConsumption"": ""14.9"", ""runingRange"": ""420"", ""workConditionType"": ""NEDC""}, {""eleEquivalentFuelConsumption"": ""1.70"", ""powerConsumption"": ""14.9"", ""runingRange"": ""420"", ""workConditionType"": ""NEDC""}]",True,[],False,False,False,[],[],[],old-35-Word97--0-26,原件/免征目录/mf_batch35.wps,e4a6abd0e50daa81d029f8b37584511354700e855dc89de210fcba782b0643f0,False,False,False,False
HKL6490BEV1,0,0,0,not_in_observed_filtered_views,0,0,[],[],[],[],[],[],[],[],[],False,[],False,False,False,[],[],[],old-10-PDF-grid-3-0-15,原件/免征目录/mf_batch10.pdf,ac1b1ad2605b4f24762fb1f01cea64b685393577d01648618fa1882bb5700ac3,False,False,False,False
HKL6520MBEV,0,0,0,not_in_observed_filtered_views,0,0,[],[],[],[],[],[],[],[],[],False,[],False,False,False,[],[],[],old-41-Word97--0-21,原件/免征目录/mf_batch41.doc,ba4634c0877ebf99f8e462013e4a07e40f57478a4aaf921801a6c85a49c42b7f,False,False,False,False
HKL6540MBEV,0,0,0,not_in_observed_filtered_views,0,0,[],[],[],[],[],[],[],[],[],False,[],False,False,False,[],[],[],old-45-Word97--0-20,原件/免征目录/mf_batch45.doc,56f5e7c5fd36e990024f8121006a76da260361f4e4660846e78255d007126f7a,False,False,False,False
HMA7000ABBEV,0,0,0,not_in_observed_filtered_views,0,0,[],[],[],[],[],[],[],[],[],False,[],False,False,False,[],[],[],old-27-Word97--0-41,原件/免征目录/mf_batch27.doc,2bd67cf7e1efc03ae93942d0d340ffef87478709520383b6ee4d08baf843ead1,False,False,False,False
HMA7000ACBEV,0,0,0,not_in_observed_filtered_views,0,0,[],[],[],[],[],[],[],[],[],False,[],False,False,False,[],[],[],old-24-Word97--1-6,原件/免征目录/mf_batch24.wps,07775a0cb063fe0fce5880b9378dd1eb2522b725d645cabdee314d604779939d,False,False,False,False
HMA7000ADBEV,0,0,3,old_only,0,0,[],[],"[""NEDC""]",[],"[""100""]",[],[null],[],"[{""eleEquivalentFuelConsumption"": ""1.2"", ""runingRange"": ""100"", ""workConditionType"": ""NEDC""}]",True,[],False,False,False,[],[],[],old-27-Word97--0-42,原件/免征目录/mf_batch27.doc,2bd67cf7e1efc03ae93942d0d340ffef87478709520383b6ee4d08baf843ead1,False,False,False,False
HMA7000AEBEV,0,0,4,old_only,0,0,[],[],"[""NEDC""]",[],"[""132""]",[],[null],[],"[{""eleEquivalentFuelConsumption"": ""1.05"", ""runingRange"": ""132"", ""workConditionType"": ""NEDC""}]",True,[],False,False,False,[],[],[],old-27-Word97--0-43,原件/免征目录/mf_batch27.doc,2bd67cf7e1efc03ae93942d0d340ffef87478709520383b6ee4d08baf843ead1,False,False,False,False
HMA7000AFBEV,0,0,0,not_in_observed_filtered_views,0,0,[],[],[],[],[],[],[],[],[],False,[],False,False,False,[],[],[],old-27-Word97--0-44,原件/免征目录/mf_batch27.doc,2bd67cf7e1efc03ae93942d0d340ffef87478709520383b6ee4d08baf843ead1,False,False,False,False
HMA7000S60BEV,0,0,0,not_in_observed_filtered_views,0,0,[],[],[],[],[],[],[],[],[],False,[],False,False,False,[],[],[],old-13-PDF-grid-1-0-15,原件/免征目录/mf_batch13.pdf,e82c4f41c448edbb5269c95f2ff35d0c577f7ff0d12ff30b2d4c307a1aa31a6b,False,False,False,False
HMA7000S68BEV,0,0,0,not_in_observed_filtered_views,0,0,[],[],[],[],[],[],[],[],[],False,[],False,False,False,[],[],[],old-21-DOCX--0-6,原件/免征目录/mf_batch21.docx,cd981cecffd781db646c194ab2c853b0466cc86eea0f616e95300b88932b8d9b,False,False,False,False
HMA7001DABEV,0,0,0,not_in_observed_filtered_views,0,0,[],[],[],[],[],[],[],[],[],False,[],False,False,False,[],[],[],old-25-Word97--0-21,原件/免征目录/mf_batch25.wps,9d2abe319463522513fe9c90f98bb8d0a825b599267d0b3cc403cec9624b3297,False,False,False,False
HMA7001DCBEV,0,0,0,not_in_observed_filtered_views,0,0,[],[],[],[],[],[],[],[],[],False,[],False,False,False,[],[],[],old-26-DOCX--0-15,原件/免征目录/mf_batch26.docx,de0890335ef3a4f1302a8a0735ec8b6aed52e994e2635db481820060d62248b5,False,False,False,False
HMA7001DDBEV,0,0,0,not_in_observed_filtered_views,0,0,[],[],[],[],[],[],[],[],[],False,[],False,False,False,[],[],[],old-25-Word97--0-22,原件/免征目录/mf_batch25.wps,9d2abe319463522513fe9c90f98bb8d0a825b599267d0b3cc403cec9624b3297,False,False,False,False
HMA7001DEBEV,0,0,0,not_in_observed_filtered_views,0,0,[],[],[],[],[],[],[],[],[],False,[],False,False,False,[],[],[],old-25-Word97--0-23,原件/免征目录/mf_batch25.wps,9d2abe319463522513fe9c90f98bb8d0a825b599267d0b3cc403cec9624b3297,False,False,False,False
HMA7001DGBEV,0,0,0,not_in_observed_filtered_views,0,0,[],[],[],[],[],[],[],[],[],False,[],False,False,False,[],[],[],old-30-Word97--0-22,原件/免征目录/mf_batch30.doc,e7fa3b47858ec2035b8055bc15be00b2b26920a5e8d3cad481058a80b92ead24,False,False,False,False
HMA7001DHBEV,0,0,1,old_only,0,0,[],[],"[""NEDC""]",[],"[""460""]",[],[null],[],"[{""eleEquivalentFuelConsumption"": ""1.6"", ""runingRange"": ""460"", ""workConditionType"": ""NEDC""}]",True,[],False,False,False,[],[],[],old-38-Word97--0-25,原件/免征目录/mf_batch38.doc,7c9def45fe5c40e4c5ffb483a1d1efd383c12cb16a5c4ba021d4ce28384776de,False,False,False,False
HMA7001S60BEV,0,0,0,not_in_observed_filtered_views,0,0,[],[],[],[],[],[],[],[],[],False,[],False,False,False,[],[],[],old-14-Word97--0-14,原件/免征目录/mf_batch14.docx,6a48764b5ccb7c4ffa6f54daa44d3a42095b8a981fc982e774ddaaded41e9921,False,False,False,False
HMA7001S68BEV,0,0,0,not_in_observed_filtered_views,0,0,[],[],[],[],[],[],[],[],[],False,[],False,False,False,[],[],[],old-21-DOCX--0-7,原件/免征目录/mf_batch21.docx,cd981cecffd781db646c194ab2c853b0466cc86eea0f616e95300b88932b8d9b,False,False,False,False
HMA7002S302BEV,0,0,0,not_in_observed_filtered_views,0,0,[],[],[],[],[],[],[],[],[],False,[],False,False,False,[],[],[],old-14-Word97--0-13,原件/免征目录/mf_batch14.docx,6a48764b5ccb7c4ffa6f54daa44d3a42095b8a981fc982e774ddaaded41e9921,False,False,False,False
HMA7002S30BEV,0,0,0,not_in_observed_filtered_views,0,0,[],[],[],[],[],[],[],[],[],False,[],False,False,False,[],[],[],old-10-PDF-grid-2-0-3,原件/免征目录/mf_batch10.pdf,ac1b1ad2605b4f24762fb1f01cea64b685393577d01648618fa1882bb5700ac3,False,False,False,False
HMA7002S60BEV,0,0,0,not_in_observed_filtered_views,0,0,[],[],[],[],[],[],[],[],[],False,[],False,False,False,[],[],[],old-15-PDF-grid-1-0-12,原件/免征目录/mf_batch15.pdf,bbb3b1e38c535c13d6ef1bc1f4105509476c91a7e63723dc7a70e372904d90f4,False,False,False,False
HMA7002S68BEV,0,0,0,not_in_observed_filtered_views,0,0,[],[],[],[],[],[],[],[],[],False,[],False,False,False,[],[],[],old-21-DOCX--0-8,原件/免征目录/mf_batch21.docx,cd981cecffd781db646c194ab2c853b0466cc86eea0f616e95300b88932b8d9b,False,False,False,False
HMA7003S10BEV,0,0,0,not_in_observed_filtered_views,0,0,[],[],[],[],[],[],[],[],[],False,[],False,False,False,[],[],[],old-05-PDF-grid-1-0-8,原件/免征目录/mf_batch05.pdf,658aa5fbf13859a9bbe1db6235da2f7e79fc325cc34e4c0ec1ffab7f8cc2ebca,False,False,False,False
HMA7003S13BEV,0,0,0,not_in_observed_filtered_views,0,0,[],[],[],[],[],[],[],[],[],False,[],False,False,False,[],[],[],old-11-PDF-grid-1-0-17,原件/免征目录/mf_batch11.pdf,ec4f33e5e872841e6d1fa5d435793c285a15614ef2e64f39b9013389b5e51724,False,False,False,False
HMA7003S201BEV,0,0,0,not_in_observed_filtered_views,0,0,[],[],[],[],[],[],[],[],[],False,[],False,False,False,[],[],[],old-16-Word97--0-21,原件/免征目录/mf_batch16.docx,9db5ace6c1c59bd9636d48636f94fa77d2b6e0aa27b109421690ce6a8c4a3967,False,False,False,False
HMA7003S202BEV,0,0,0,not_in_observed_filtered_views,0,0,[],[],[],[],[],[],[],[],[],False,[],False,False,False,[],[],[],old-21-DOCX--0-9,原件/免征目录/mf_batch21.docx,cd981cecffd781db646c194ab2c853b0466cc86eea0f616e95300b88932b8d9b,False,False,False,False
HMA7003S203BEV,0,0,0,not_in_observed_filtered_views,0,0,[],[],[],[],[],[],[],[],[],False,[],False,False,False,[],[],[],old-21-DOCX--0-10,原件/免征目录/mf_batch21.docx,cd981cecffd781db646c194ab2c853b0466cc86eea0f616e95300b88932b8d9b,False,False,False,False
HMA7003S204BEV,0,0,0,not_in_observed_filtered_views,0,0,[],[],[],[],[],[],[],[],[],False,[],False,False,False,[],[],[],old-23-Word97--0-26,原件/免征目录/mf_batch23.docx,87f838de0da3ba5887f77b2bf5c1dbf5b427e7cef896309a7084c11dd8f5efa0,False,False,False,False
HMA7003S68BEV,0,0,0,not_in_observed_filtered_views,0,0,[],[],[],[],[],[],[],[],[],False,[],False,False,False,[],[],[],old-21-DOCX--0-11,原件/免征目录/mf_batch21.docx,cd981cecffd781db646c194ab2c853b0466cc86eea0f616e95300b88932b8d9b,False,False,False,False
HMA7004S30BEV,0,0,0,not_in_observed_filtered_views,0,0,[],[],[],[],[],[],[],[],[],False,[],False,False,False,[],[],[],old-05-PDF-grid-1-0-9,原件/免征目录/mf_batch05.pdf,658aa5fbf13859a9bbe1db6235da2f7e79fc325cc34e4c0ec1ffab7f8cc2ebca,False,False,False,False
HMA7004S68BEV,0,0,0,not_in_observed_filtered_views,0,0,[],[],[],[],[],[],[],[],[],False,[],False,False,False,[],[],[],old-23-Word97--0-27,原件/免征目录/mf_batch23.docx,87f838de0da3ba5887f77b2bf5c1dbf5b427e7cef896309a7084c11dd8f5efa0,False,False,False,False
HMC6440BM0BEV,0,0,0,not_in_observed_filtered_views,0,0,[],[],[],[],[],[],[],[],[],False,[],False,False,False,[],[],[],old-09-PDF-grid-3-0-6,原件/免征目录/mf_batch09.pdf,7eea7200c04fefec34f6ae6db5a1bae77f82a534348f266e95575cae051c8c8c,False,False,False,False
HMC6482PM0BEV,2,2,1,both,2,0,[],"[""5""]","[""CATC""]","[""510""]","[""510""]","[""14.9""]","[""14.9""]","[""1920""]","[{""eleEquivalentFuelConsumption"": ""1.69"", ""powerConsumption"": ""14.9"", ""runingRange"": ""510"", ""workConditionType"": ""CATC""}]",True,[],False,False,False,"[""2022-09-15""]","[""2024-07-02"", ""2024-07-25""]","[""旧版油耗数据转为新版油耗数据""]",old-58-Word97--0-15,原件/免征目录/mf_batch58.doc,b642358bb3078d2dde909a798935c0c1fc75d90f22b33f7c48aa87209acc100d,False,False,False,False
HMC7000LH0BEV,0,0,0,not_in_observed_filtered_views,0,0,[],[],[],[],[],[],[],[],[],False,[],False,False,False,[],[],[],old-12-PDF-grid-2-0-13,原件/免征目录/mf_batch12.pdf,afbd7133ccf901dbdc065b2ff80768450dc901def8d216cf5bb87baa98f7a1e2,False,False,False,False
HMC7000NS0BEV,0,0,0,not_in_observed_filtered_views,0,0,[],[],[],[],[],[],[],[],[],False,[],False,False,False,[],[],[],old-18-Word97--0-32,原件/免征目录/mf_batch18.doc,43f5426f7f80996ee11a894710d7229c743abf7ad69ba239f61075e0a9ddd37a,False,False,False,False
HMC7001BM0BEV,0,0,0,not_in_observed_filtered_views,0,0,[],[],[],[],[],[],[],[],[],False,[],False,False,False,[],[],[],old-03-PDF-grid-1-0-11,原件/免征目录/mf_batch03.pdf,1367fdf126160143cbeecaedf4a66b528d105bbfa58a06b2118487a2e05000a5,False,False,False,False
HQ7002BEV04,0,0,0,not_in_observed_filtered_views,0,0,[],[],[],[],[],[],[],[],[],False,[],False,False,False,[],[],[],old-11-PDF-grid-2-0-5,原件/免征目录/mf_batch11.pdf,ec4f33e5e872841e6d1fa5d435793c285a15614ef2e64f39b9013389b5e51724,False,False,False,False
HQ7002BEV05,0,0,2,old_only,0,0,[],[],"[""NEDC""]",[],"[""400""]",[],"[""14 "", ""14.5""]",[],"[{""eleEquivalentFuelConsumption"": ""1.6"", ""powerConsumption"": ""14.5"", ""runingRange"": ""400"", ""workConditionType"": ""NEDC""}, {""eleEquivalentFuelConsumption"": ""1.60 "", ""powerConsumption"": ""14 "", ""runingRange"": ""400"", ""workConditionType"": ""NEDC""}]",True,"[""multiple_old_consumption_raw_values""]",False,False,False,[],[],[],old-12-PDF-grid-2-0-17,原件/免征目录/mf_batch12.pdf,afbd7133ccf901dbdc065b2ff80768450dc901def8d216cf5bb87baa98f7a1e2,False,False,False,False
HQ7002BEV08,0,0,0,not_in_observed_filtered_views,0,0,[],[],[],[],[],[],[],[],[],False,[],False,False,False,[],[],[],old-11-PDF-grid-2-0-6,原件/免征目录/mf_batch11.pdf,ec4f33e5e872841e6d1fa5d435793c285a15614ef2e64f39b9013389b5e51724,False,False,False,False
HQ7002BEV11,0,0,0,not_in_observed_filtered_views,0,0,[],[],[],[],[],[],[],[],[],False,[],False,False,False,[],[],[],old-12-PDF-grid-2-0-21,原件/免征目录/mf_batch12.pdf,afbd7133ccf901dbdc065b2ff80768450dc901def8d216cf5bb87baa98f7a1e2,False,False,False,False
HQ7002BEV12,0,0,1,old_only,0,0,[],[],"[""NEDC""]",[],"[""300""]",[],"[""14 ""]",[],"[{""eleEquivalentFuelConsumption"": ""1.60 "", ""powerConsumption"": ""14 "", ""runingRange"": ""300"", ""workConditionType"": ""NEDC""}]",True,[],False,False,False,[],[],[],old-12-PDF-grid-2-0-15,原件/免征目录/mf_batch12.pdf,afbd7133ccf901dbdc065b2ff80768450dc901def8d216cf5bb87baa98f7a1e2,False,False,False,False
HQ7002BEV15,0,0,1,old_only,0,0,[],[],"[""NEDC""]",[],"[""353""]",[],"[""14 ""]",[],"[{""eleEquivalentFuelConsumption"": ""1.64 "", ""powerConsumption"": ""14 "", ""runingRange"": ""353"", ""workConditionType"": ""NEDC""}]",True,[],False,False,False,[],[],[],old-12-PDF-grid-2-0-18,原件/免征目录/mf_batch12.pdf,afbd7133ccf901dbdc065b2ff80768450dc901def8d216cf5bb87baa98f7a1e2,False,False,False,False
HQ7002BEV35,0,0,2,old_only,0,0,[],[],"[""NEDC""]",[],"[""400""]",[],"[""13.6"", ""14 ""]",[],"[{""eleEquivalentFuelConsumption"": ""1.5"", ""powerConsumption"": ""13.6"", ""runingRange"": ""400"", ""workConditionType"": ""NEDC""}, {""eleEquivalentFuelConsumption"": ""1.50 "", ""powerConsumption"": ""14 "", ""runingRange"": ""400"", ""workConditionType"": ""NEDC""}]",True,"[""multiple_old_consumption_raw_values""]",False,False,False,[],[],[],old-20-DOCX--0-75,原件/免征目录/mf_batch20.docx,374d3f87551d75d1c163e76abb38f350ea93f8a2b8cad6174568c307d1cc0130,False,False,False,False
HQ7002BEV36,0,0,1,old_only,0,0,[],[],"[""NEDC""]",[],"[""400""]",[],"[""14 ""]",[],"[{""eleEquivalentFuelConsumption"": ""1.54 "", ""powerConsumption"": ""14 "", ""runingRange"": ""400"", ""workConditionType"": ""NEDC""}]",True,[],False,False,False,[],[],[],old-20-DOCX--0-76,原件/免征目录/mf_batch20.docx,374d3f87551d75d1c163e76abb38f350ea93f8a2b8cad6174568c307d1cc0130,False,False,False,False
HQ7002BEV37,0,0,4,old_only,0,0,[],[],"[""NEDC""]",[],"[""410""]",[],"[""13.5""]",[],"[{""eleEquivalentFuelConsumption"": ""1.50"", ""powerConsumption"": ""13.5"", ""runingRange"": ""410"", ""workConditionType"": ""NEDC""}]",True,[],False,False,False,[],[],[],old-22-Word97--0-18,原件/免征目录/mf_batch22.doc,eaf3fc1e64742af85b3d4bc90388d0a93154a497fd6c1fb9bf73b857672e1212,False,False,False,False
HQ7002BEV39,0,0,0,not_in_observed_filtered_views,0,0,[],[],[],[],[],[],[],[],[],False,[],False,False,False,[],[],[],old-22-Word97--0-19,原件/免征目录/mf_batch22.doc,eaf3fc1e64742af85b3d4bc90388d0a93154a497fd6c1fb9bf73b857672e1212,False,False,False,False
HQ7002BEV45,0,0,1,old_only,0,0,[],[],"[""NEDC""]",[],"[""400""]",[],"[""14 ""]",[],"[{""eleEquivalentFuelConsumption"": ""1.50 "", ""powerConsumption"": ""14 "", ""runingRange"": ""400"", ""workConditionType"": ""NEDC""}]",True,[],False,False,False,[],[],[],old-22-Word97--0-20,原件/免征目录/mf_batch22.doc,eaf3fc1e64742af85b3d4bc90388d0a93154a497fd6c1fb9bf73b857672e1212,False,False,False,False
HQ7002BEV51,0,0,2,old_only,0,0,[],[],"[""NEDC""]",[],"[""400""]",[],"[""13.6"", ""14 ""]",[],"[{""eleEquivalentFuelConsumption"": ""1.5"", ""powerConsumption"": ""13.6"", ""runingRange"": ""400"", ""workConditionType"": ""NEDC""}, {""eleEquivalentFuelConsumption"": ""1.50 "", ""powerConsumption"": ""14 "", ""runingRange"": ""400"", ""workConditionType"": ""NEDC""}]",True,"[""multiple_old_consumption_raw_values""]",False,False,False,[],[],[],old-23-Word97--0-29,原件/免征目录/mf_batch23.docx,87f838de0da3ba5887f77b2bf5c1dbf5b427e7cef896309a7084c11dd8f5efa0,False,False,False,False
HQ7002BEV56,0,0,1,old_only,0,0,[],[],"[""NEDC""]",[],"[""400""]",[],"[""14 ""]",[],"[{""eleEquivalentFuelConsumption"": ""1.54 "", ""powerConsumption"": ""14 "", ""runingRange"": ""400"", ""workConditionType"": ""NEDC""}]",True,[],False,False,False,[],[],[],old-23-Word97--0-31,原件/免征目录/mf_batch23.docx,87f838de0da3ba5887f77b2bf5c1dbf5b427e7cef896309a7084c11dd8f5efa0,False,False,False,False
HQ7002BEV57,0,0,2,old_only,0,0,[],[],"[""NEDC""]",[],"[""400""]",[],"[""13.6"", ""14 ""]",[],"[{""eleEquivalentFuelConsumption"": ""1.5"", ""powerConsumption"": ""13.6"", ""runingRange"": ""400"", ""workConditionType"": ""NEDC""}, {""eleEquivalentFuelConsumption"": ""1.50 "", ""powerConsumption"": ""14 "", ""runingRange"": ""400"", ""workConditionType"": ""NEDC""}]",True,"[""multiple_old_consumption_raw_values""]",False,False,False,[],[],[],old-23-Word97--0-32,原件/免征目录/mf_batch23.docx,87f838de0da3ba5887f77b2bf5c1dbf5b427e7cef896309a7084c11dd8f5efa0,False,False,False,False
HQ7002BEV63,0,0,2,old_only,0,0,[],[],"[""NEDC""]",[],"[""400""]",[],"[""13.6"", ""14 ""]",[],"[{""eleEquivalentFuelConsumption"": ""1.5"", ""powerConsumption"": ""13.6"", ""runingRange"": ""400"", ""workConditionType"": ""NEDC""}, {""eleEquivalentFuelConsumption"": ""1.50 "", ""powerConsumption"": ""14 "", ""runingRange"": ""400"", ""workConditionType"": ""NEDC""}]",True,"[""multiple_old_consumption_raw_values""]",False,False,False,[],[],[],old-24-Word97--3-8,原件/免征目录/mf_batch24.wps,07775a0cb063fe0fce5880b9378dd1eb2522b725d645cabdee314d604779939d,False,False,False,False
HQ7002BEV66,0,0,2,old_only,0,0,[],[],"[""NEDC""]",[],"[""400""]",[],"[""13.6"", ""14 ""]",[],"[{""eleEquivalentFuelConsumption"": ""1.5"", ""powerConsumption"": ""13.6"", ""runingRange"": ""400"", ""workConditionType"": ""NEDC""}, {""eleEquivalentFuelConsumption"": ""1.50 "", ""powerConsumption"": ""14 "", ""runingRange"": ""400"", ""workConditionType"": ""NEDC""}]",True,"[""multiple_old_consumption_raw_values""]",False,False,False,[],[],[],old-24-Word97--3-10,原件/免征目录/mf_batch24.wps,07775a0cb063fe0fce5880b9378dd1eb2522b725d645cabdee314d604779939d,False,False,False,False
HQ7002BEV67,4,4,12,both,4,0,[],"[""5""]","[""CATC"", ""NEDC""]","[""454"", ""480""]","[""430"", ""454"", ""480""]","[""12.2"", ""12.5""]","[""12.2"", ""12.5"", ""13.3""]","[""1560"", ""1610""]","[{""eleEquivalentFuelConsumption"": ""1.38"", ""powerConsumption"": ""12.2"", ""runingRange"": ""480"", ""workConditionType"": ""CATC""}, {""eleEquivalentFuelConsumption"": ""1.41"", ""powerConsumption"": ""12.5"", ""runingRange"": ""454"", ""workConditionType"": ""CATC""}, {""eleEquivalentFuelConsumption"": ""1.5"", ""powerConsumption"": ""13.3"", ""runingRange"": ""430"", ""workConditionType"": ""NEDC""}, {""eleEquivalentFuelConsumption"": ""1.50"", ""powerConsumption"": ""13.3"", ""runingRange"": ""430"", ""workConditionType"": ""NEDC""}]",True,"[""multiple_old_cycle_codes"", ""multiple_new_range_raw_values"", ""multiple_old_range_raw_values"", ""multiple_new_consumption_raw_values"", ""multiple_old_consumption_raw_values"", ""multiple_new_curb_mass_raw_values"", ""new_old_range_raw_value_sets_differ"", ""new_old_consumption_raw_value_sets_differ_units_not_normalized""]",False,False,True,"[""2023-06-07""]","[""2024-07-11""]","[""按新版能耗标准补充备案""]",old-40-Word97--0-14,原件/免征目录/mf_batch40.doc,93047c8e87a1f45948933ee36d00160788032370ecf11b551624e0ca45ecc1d1,False,False,False,False
HQ7002BEV68,2,2,12,both,2,0,[],"[""5""]","[""CATC"", ""NEDC""]","[""620""]","[""600"", ""620""]","[""12.5""]","[""12.5"", ""13""]","[""1610"", ""1635""]","[{""eleEquivalentFuelConsumption"": ""1.41"", ""powerConsumption"": ""12.5"", ""runingRange"": ""620"", ""workConditionType"": ""CATC""}, {""eleEquivalentFuelConsumption"": ""1.47"", ""powerConsumption"": ""13"", ""runingRange"": ""600"", ""workConditionType"": ""NEDC""}, {""eleEquivalentFuelConsumption"": ""1.5"", ""powerConsumption"": ""13"", ""runingRange"": ""600"", ""workConditionType"": ""NEDC""}]",True,"[""multiple_old_cycle_codes"", ""multiple_old_range_raw_values"", ""multiple_old_consumption_raw_values"", ""multiple_new_curb_mass_raw_values"", ""new_old_range_raw_value_sets_differ"", ""new_old_consumption_raw_value_sets_differ_units_not_normalized""]",False,False,True,"[""2023-06-07""]","[""2024-07-11""]","[""按新版能耗标准补充备案""]",old-40-Word97--0-13,原件/免征目录/mf_batch40.doc,93047c8e87a1f45948933ee36d00160788032370ecf11b551624e0ca45ecc1d1,False,False,False,False
HQ7002BEV69,0,0,2,old_only,0,0,[],[],"[""NEDC""]",[],"[""421""]",[],"[""13.6""]",[],"[{""eleEquivalentFuelConsumption"": ""1.54"", ""powerConsumption"": ""13.6"", ""runingRange"": ""421"", ""workConditionType"": ""NEDC""}]",True,[],False,False,False,[],[],[],old-39-Word97--0-25,原件/免征目录/mf_batch39.doc,48158862f567d71b07ac0a7a60c2c3bc6d2bb44dd5a86290b0b809d757a9eb07,False,False,False,False
HQ7002BEV70,1,1,5,both,1,0,[],"[""5""]","[""CATC"", ""NEDC""]","[""460""]","[""421"", ""460""]","[""12.7""]","[""12.7"", ""13.6""]","[""1535""]","[{""eleEquivalentFuelConsumption"": ""1.44"", ""powerConsumption"": ""12.7"", ""runingRange"": ""460"", ""workConditionType"": ""CATC""}, {""eleEquivalentFuelConsumption"": ""1.5"", ""powerConsumption"": ""13.6"", ""runingRange"": ""421"", ""workConditionType"": ""NEDC""}, {""eleEquivalentFuelConsumption"": ""1.54"", ""powerConsumption"": ""13.6"", ""runingRange"": ""421"", ""workConditionType"": ""NEDC""}]",True,"[""multiple_old_cycle_codes"", ""multiple_old_range_raw_values"", ""multiple_old_consumption_raw_values"", ""new_old_range_raw_value_sets_differ"", ""new_old_consumption_raw_value_sets_differ_units_not_normalized""]",False,False,True,"[""2023-06-07""]","[""2024-07-11""]","[""按新版能耗标准补充备案""]",old-39-Word97--0-18,原件/免征目录/mf_batch39.doc,48158862f567d71b07ac0a7a60c2c3bc6d2bb44dd5a86290b0b809d757a9eb07,False,False,False,False
HQ7002BEV71,0,0,2,old_only,0,0,[],[],"[""NEDC""]",[],"[""400""]",[],"[""13.6"", ""14 ""]",[],"[{""eleEquivalentFuelConsumption"": ""1.5"", ""powerConsumption"": ""13.6"", ""runingRange"": ""400"", ""workConditionType"": ""NEDC""}, {""eleEquivalentFuelConsumption"": ""1.50 "", ""powerConsumption"": ""14 "", ""runingRange"": ""400"", ""workConditionType"": ""NEDC""}]",True,"[""multiple_old_consumption_raw_values""]",False,False,False,[],[],[],old-39-Word97--0-27,原件/免征目录/mf_batch39.doc,48158862f567d71b07ac0a7a60c2c3bc6d2bb44dd5a86290b0b809d757a9eb07,False,False,False,False
HQ7002BEV72,0,0,2,old_only,0,0,[],[],"[""NEDC""]",[],"["" 402"", ""402""]",[],"[""13.6"", ""14 ""]",[],"[{""eleEquivalentFuelConsumption"": ""1.5"", ""powerConsumption"": ""13.6"", ""runingRange"": "" 402"", ""workConditionType"": ""NEDC""}, {""eleEquivalentFuelConsumption"": ""1.50 "", ""powerConsumption"": ""14 "", ""runingRange"": ""402"", ""workConditionType"": ""NEDC""}]",True,"[""multiple_old_range_raw_values"", ""multiple_old_consumption_raw_values""]",False,False,False,[],[],[],old-39-Word97--0-19,原件/免征目录/mf_batch39.doc,48158862f567d71b07ac0a7a60c2c3bc6d2bb44dd5a86290b0b809d757a9eb07,False,False,False,False
HQ7002BEV73,0,0,6,old_only,0,0,[],[],"[""NEDC""]",[],"[""400""]",[],"[""13.9"", ""14 ""]",[],"[{""eleEquivalentFuelConsumption"": ""1.57 "", ""powerConsumption"": ""14 "", ""runingRange"": ""400"", ""workConditionType"": ""NEDC""}, {""eleEquivalentFuelConsumption"": ""1.6"", ""powerConsumption"": ""13.9"", ""runingRange"": ""400"", ""workConditionType"": ""NEDC""}]",True,"[""multiple_old_consumption_raw_values""]",False,False,False,[],[],[],old-39-Word97--0-26,原件/免征目录/mf_batch39.doc,48158862f567d71b07ac0a7a60c2c3bc6d2bb44dd5a86290b0b809d757a9eb07,False,False,False,False
HQ7002BEV74,0,0,8,old_only,0,0,[],[],"[""NEDC""]",[],"[""410""]",[],"[""13.5""]",[],"[{""eleEquivalentFuelConsumption"": ""1.5"", ""powerConsumption"": ""13.5"", ""runingRange"": ""410"", ""workConditionType"": ""NEDC""}, {""eleEquivalentFuelConsumption"": ""1.50"", ""powerConsumption"": ""13.5"", ""runingRange"": ""410"", ""workConditionType"": ""NEDC""}]",True,[],False,False,False,[],[],[],old-39-Word97--0-20,原件/免征目录/mf_batch39.doc,48158862f567d71b07ac0a7a60c2c3bc6d2bb44dd5a86290b0b809d757a9eb07,False,False,False,False
HQ7002BEV76,1,1,3,both,1,0,[],"[""5""]","[""CATC"", ""NEDC""]","[""460""]","[""421"", ""460""]","[""12.7""]","[""12.7"", ""13.6""]","[""1535""]","[{""eleEquivalentFuelConsumption"": ""1.44"", ""powerConsumption"": ""12.7"", ""runingRange"": ""460"", ""workConditionType"": ""CATC""}, {""eleEquivalentFuelConsumption"": ""1.5"", ""powerConsumption"": ""13.6"", ""runingRange"": ""421"", ""workConditionType"": ""NEDC""}]",True,"[""multiple_old_cycle_codes"", ""multiple_old_range_raw_values"", ""multiple_old_consumption_raw_values"", ""new_old_range_raw_value_sets_differ"", ""new_old_consumption_raw_value_sets_differ_units_not_normalized""]",False,False,True,"[""2021-12-07""]","[""2024-07-11""]","[""按新版能耗标准补充备案""]",old-45-Word97--0-22,原件/免征目录/mf_batch45.doc,56f5e7c5fd36e990024f8121006a76da260361f4e4660846e78255d007126f7a,False,False,False,False
HQ7002BEV77,1,1,5,both,1,0,[],"[""5""]","[""CATC"", ""NEDC""]","[""460""]","[""421"", ""460""]","[""12.7""]","[""12.7"", ""13.6""]","[""1535""]","[{""eleEquivalentFuelConsumption"": ""1.44"", ""powerConsumption"": ""12.7"", ""runingRange"": ""460"", ""workConditionType"": ""CATC""}, {""eleEquivalentFuelConsumption"": ""1.5"", ""powerConsumption"": ""13.6"", ""runingRange"": ""421"", ""workConditionType"": ""NEDC""}, {""eleEquivalentFuelConsumption"": ""1.50"", ""powerConsumption"": ""13.6"", ""runingRange"": ""421"", ""workConditionType"": ""NEDC""}]",True,"[""multiple_old_cycle_codes"", ""multiple_old_range_raw_values"", ""multiple_old_consumption_raw_values"", ""new_old_range_raw_value_sets_differ"", ""new_old_consumption_raw_value_sets_differ_units_not_normalized""]",False,False,True,"[""2023-06-07""]","[""2024-07-11""]","[""按新版能耗标准补充备案""]",old-40-Word97--0-12,原件/免征目录/mf_batch40.doc,93047c8e87a1f45948933ee36d00160788032370ecf11b551624e0ca45ecc1d1,False,False,False,False
HQ7002BEV78,2,2,4,both,2,0,[],"[""5""]","[""CATC"", ""NEDC""]","[""480""]","[""430"", ""480""]","[""12.2""]","[""12.2"", ""13.3""]","[""1560"", ""1610""]","[{""eleEquivalentFuelConsumption"": ""1.38"", ""powerConsumption"": ""12.2"", ""runingRange"": ""480"", ""workConditionType"": ""CATC""}, {""eleEquivalentFuelConsumption"": ""1.5"", ""powerConsumption"": ""13.3"", ""runingRange"": ""430"", ""workConditionType"": ""NEDC""}]",True,"[""multiple_old_cycle_codes"", ""multiple_old_range_raw_values"", ""multiple_old_consumption_raw_values"", ""multiple_new_curb_mass_raw_values"", ""new_old_range_raw_value_sets_differ"", ""new_old_consumption_raw_value_sets_differ_units_not_normalized""]",False,False,True,"[""2023-12-26""]","[""2024-07-11""]","[""按新版能耗标准补充备案""]",old-41-Word97--0-24,原件/免征目录/mf_batch41.doc,ba4634c0877ebf99f8e462013e4a07e40f57478a4aaf921801a6c85a49c42b7f,False,False,False,False
HQ7002BEV84,2,2,6,both,2,0,[],"[""5""]","[""CATC"", ""NEDC""]","[""620""]","[""600"", ""620""]","[""12.5""]","[""12.5"", ""13""]","[""1610"", ""1642""]","[{""eleEquivalentFuelConsumption"": ""1.41"", ""powerConsumption"": ""12.5"", ""runingRange"": ""620"", ""workConditionType"": ""CATC""}, {""eleEquivalentFuelConsumption"": ""1.5"", ""powerConsumption"": ""13"", ""runingRange"": ""600"", ""workConditionType"": ""NEDC""}]",True,"[""multiple_old_cycle_codes"", ""multiple_old_range_raw_values"", ""multiple_old_consumption_raw_values"", ""multiple_new_curb_mass_raw_values"", ""new_old_range_raw_value_sets_differ"", ""new_old_consumption_raw_value_sets_differ_units_not_normalized""]",False,False,True,"[""2023-04-17""]","[""2024-07-11""]","[""按新版能耗标准补充备案""]",old-45-Word97--0-21,原件/免征目录/mf_batch45.doc,56f5e7c5fd36e990024f8121006a76da260361f4e4660846e78255d007126f7a,False,False,False,False
HQ7003BEV01,8,8,16,both,8,0,[],"[""5""]","[""CATC"", ""NEDC""]","[""428"", ""450""]","[""400"", ""428"", ""450""]","[""13.0"", ""13.4""]","[""13.0"", ""13.4"", ""13.9""]","[""1545"", ""1570"", ""1607"", ""1625""]","[{""eleEquivalentFuelConsumption"": ""1.47"", ""powerConsumption"": ""13.0"", ""runingRange"": ""450"", ""workConditionType"": ""CATC""}, {""eleEquivalentFuelConsumption"": ""1.52"", ""powerConsumption"": ""13.4"", ""runingRange"": ""428"", ""workConditionType"": ""CATC""}, {""eleEquivalentFuelConsumption"": ""1.6"", ""powerConsumption"": ""13.9"", ""runingRange"": ""400"", ""workConditionType"": ""NEDC""}, {""eleEquivalentFuelConsumption"": ""1.60"", ""powerConsumption"": ""13.9"", ""runingRange"": ""400"", ""workConditionType"": ""NEDC""}]",True,"[""multiple_old_cycle_codes"", ""multiple_new_range_raw_values"", ""multiple_old_range_raw_values"", ""multiple_new_consumption_raw_values"", ""multiple_old_consumption_raw_values"", ""multiple_new_curb_mass_raw_values"", ""new_old_range_raw_value_sets_differ"", ""new_old_consumption_raw_value_sets_differ_units_not_normalized""]",False,False,True,"[""2023-06-07""]","[""2024-07-11""]","[""按新版能耗标准补充备案""]",old-39-Word97--0-21,原件/免征目录/mf_batch39.doc,48158862f567d71b07ac0a7a60c2c3bc6d2bb44dd5a86290b0b809d757a9eb07,False,False,False,False
HQ7003BEV02,0,0,8,old_only,0,0,[],[],"[""NEDC""]",[],"[""400""]",[],"[""13.9""]",[],"[{""eleEquivalentFuelConsumption"": ""1.6"", ""powerConsumption"": ""13.9"", ""runingRange"": ""400"", ""workConditionType"": ""NEDC""}, {""eleEquivalentFuelConsumption"": ""1.60"", ""powerConsumption"": ""13.9"", ""runingRange"": ""400"", ""workConditionType"": ""NEDC""}]",True,[],False,False,False,[],[],[],old-39-Word97--0-22,原件/免征目录/mf_batch39.doc,48158862f567d71b07ac0a7a60c2c3bc6d2bb44dd5a86290b0b809d757a9eb07,False,False,False,False
HQ7003BEV03,4,4,12,both,4,0,[],"[""5""]","[""CATC"", ""NEDC""]","[""450""]","["" 400"", ""400"", ""450""]","[""13.0""]","[""13.0"", ""13.9""]","[""1545"", ""1570"", ""1607"", ""1625""]","[{""eleEquivalentFuelConsumption"": ""1.47"", ""powerConsumption"": ""13.0"", ""runingRange"": ""450"", ""workConditionType"": ""CATC""}, {""eleEquivalentFuelConsumption"": ""1.6"", ""powerConsumption"": ""13.9"", ""runingRange"": "" 400"", ""workConditionType"": ""NEDC""}, {""eleEquivalentFuelConsumption"": ""1.6"", ""powerConsumption"": ""13.9"", ""runingRange"": ""400"", ""workConditionType"": ""NEDC""}, {""eleEquivalentFuelConsumption"": ""1.60"", ""powerConsumption"": ""13.9"", ""runingRange"": ""400"", ""workConditionType"": ""NEDC""}]",True,"[""multiple_old_cycle_codes"", ""multiple_old_range_raw_values"", ""multiple_old_consumption_raw_values"", ""multiple_new_curb_mass_raw_values"", ""new_old_range_raw_value_sets_differ"", ""new_old_consumption_raw_value_sets_differ_units_not_normalized""]",False,False,True,"[""2023-06-07""]","[""2024-07-11""]","[""按新版能耗标准补充备案""]",old-39-Word97--0-24,原件/免征目录/mf_batch39.doc,48158862f567d71b07ac0a7a60c2c3bc6d2bb44dd5a86290b0b809d757a9eb07,False,False,False,False
HQ7003BEV04,2,2,6,both,2,0,[],"[""5""]","[""CATC"", ""NEDC""]","[""580""]","[""550"", ""580""]","[""13.2""]","[""13.2"", ""14""]","[""1620"", ""1665""]","[{""eleEquivalentFuelConsumption"": ""1.49"", ""powerConsumption"": ""13.2"", ""runingRange"": ""580"", ""workConditionType"": ""CATC""}, {""eleEquivalentFuelConsumption"": ""1.6"", ""powerConsumption"": ""14"", ""runingRange"": ""550"", ""workConditionType"": ""NEDC""}, {""eleEquivalentFuelConsumption"": ""1.60"", ""powerConsumption"": ""14"", ""runingRange"": ""550"", ""workConditionType"": ""NEDC""}]",True,"[""multiple_old_cycle_codes"", ""multiple_old_range_raw_values"", ""multiple_old_consumption_raw_values"", ""multiple_new_curb_mass_raw_values"", ""new_old_range_raw_value_sets_differ"", ""new_old_consumption_raw_value_sets_differ_units_not_normalized""]",False,False,True,"[""2023-06-07""]","[""2024-07-10""]","[""按新版能耗标准补充备案""]",old-39-Word97--0-23,原件/免征目录/mf_batch39.doc,48158862f567d71b07ac0a7a60c2c3bc6d2bb44dd5a86290b0b809d757a9eb07,False,False,False,False
HQ7003BEV05,4,4,8,both,4,0,[],"[""5""]","[""CATC"", ""NEDC""]","[""450""]","[""400"", ""450""]","[""13.0""]","[""13.0"", ""13.9""]","[""1545"", ""1570"", ""1600"", ""1625""]","[{""eleEquivalentFuelConsumption"": ""1.47"", ""powerConsumption"": ""13.0"", ""runingRange"": ""450"", ""workConditionType"": ""CATC""}, {""eleEquivalentFuelConsumption"": ""1.6"", ""powerConsumption"": ""13.9"", ""runingRange"": ""400"", ""workConditionType"": ""NEDC""}]",True,"[""multiple_old_cycle_codes"", ""multiple_old_range_raw_values"", ""multiple_old_consumption_raw_values"", ""multiple_new_curb_mass_raw_values"", ""new_old_range_raw_value_sets_differ"", ""new_old_consumption_raw_value_sets_differ_units_not_normalized""]",False,False,True,"[""2023-04-17""]","[""2024-07-11""]","[""按新版能耗标准补充备案""]",old-44-Word97--0-29,原件/免征目录/mf_batch44.doc,aea30846204f4e55c0d969450f1619e1649eb27f471d5b0a2636d0da77eb0611,False,False,False,False
HQ7004BEV01,0,0,3,old_only,0,0,[],[],"[""CATC""]",[],"[""322""]",[],"[""12.5""]",[],"[{""eleEquivalentFuelConsumption"": ""1.41"", ""powerConsumption"": ""12.5"", ""runingRange"": ""322"", ""workConditionType"": ""CATC""}]",True,[],False,False,False,[],[],[],old-45-Word97--0-23,原件/免征目录/mf_batch45.doc,56f5e7c5fd36e990024f8121006a76da260361f4e4660846e78255d007126f7a,False,False,False,False
HRQ6350BEV,0,0,0,not_in_observed_filtered_views,0,0,[],[],[],[],[],[],[],[],[],False,[],False,False,False,[],[],[],old-22-Word97--0-54,原件/免征目录/mf_batch22.doc,eaf3fc1e64742af85b3d4bc90388d0a93154a497fd6c1fb9bf73b857672e1212,False,False,False,False
HRQ7000BEV01,0,0,0,not_in_observed_filtered_views,0,0,[],[],[],[],[],[],[],[],[],False,[],False,False,False,[],[],[],old-55-Word97--0-3,原件/免征目录/mf_batch55.doc,0457d0430e9e7f114c91341a715405c3933dd4783762cd74b9871e4918ba887f,False,False,False,False
HX6306YBEV,0,0,0,not_in_observed_filtered_views,0,0,[],[],[],[],[],[],[],[],[],False,[],False,False,False,[],[],[],old-08-PDF-grid-1-0-15,原件/免征目录/mf_batch08.pdf,39b242717c026063c908426a890cd361f1165aa5729988d56303b2f8d5fb3b42,False,False,False,False
HX6307YBEV,0,0,0,not_in_observed_filtered_views,0,0,[],[],[],[],[],[],[],[],[],False,[],False,False,False,[],[],[],old-12-PDF-grid-1-0-15,原件/免征目录/mf_batch12.pdf,afbd7133ccf901dbdc065b2ff80768450dc901def8d216cf5bb87baa98f7a1e2,False,False,False,False
HX6340BBEV,0,0,0,not_in_observed_filtered_views,0,0,[],[],[],[],[],[],[],[],[],False,[],False,False,False,[],[],[],old-18-Word97--0-11,原件/免征目录/mf_batch18.doc,43f5426f7f80996ee11a894710d7229c743abf7ad69ba239f61075e0a9ddd37a,False,False,False,False
HX6340DBEV,0,0,0,not_in_observed_filtered_views,0,0,[],[],[],[],[],[],[],[],[],False,[],False,False,False,[],[],[],old-20-DOCX--0-20,原件/免征目录/mf_batch20.docx,374d3f87551d75d1c163e76abb38f350ea93f8a2b8cad6174568c307d1cc0130,False,False,False,False
HX6401BEV,0,0,0,not_in_observed_filtered_views,0,0,[],[],[],[],[],[],[],[],[],False,[],False,False,False,[],[],[],old-07-PDF-grid-1-0-11,原件/免征目录/mf_batch07.pdf,ad8e7f0576c7261a718e5a561358462b598d617361c6f02d7a14fb2038b758b0,False,False,False,False
HXK7000BEVA0,0,0,0,not_in_observed_filtered_views,0,0,[],[],[],[],[],[],[],[],[],False,[],False,False,False,[],[],[],old-30-Word97--0-27,原件/免征目录/mf_batch30.doc,e7fa3b47858ec2035b8055bc15be00b2b26920a5e8d3cad481058a80b92ead24,False,False,False,False
HXK7000BEVA10,1,1,3,both,1,0,[],"[""5""]","[""CATC"", ""NEDC""]","[""140""]","[""140""]","[""10.0""]","[""10"", ""10.3""]","[""865""]","[{""eleEquivalentFuelConsumption"": ""1.1"", ""powerConsumption"": ""10"", ""runingRange"": ""140"", ""workConditionType"": ""CATC""}, {""eleEquivalentFuelConsumption"": ""1.2"", ""powerConsumption"": ""10.3"", ""runingRange"": ""140"", ""workConditionType"": ""NEDC""}]",True,"[""multiple_old_cycle_codes"", ""multiple_old_consumption_raw_values"", ""new_old_consumption_raw_value_sets_differ_units_not_normalized""]",False,False,True,"[""2024-05-20""]","[""2024-08-16""]","[""历史车型补录""]",old-42-Word97--0-7,原件/免征目录/mf_batch42.doc,fef4fd8ea19d773d368642e51a4bdb24c148530251a2240be4ff1358d5d41fab,False,False,False,False
HXK7000BEVA11,0,0,0,not_in_observed_filtered_views,0,0,[],[],[],[],[],[],[],[],[],False,[],False,False,False,[],[],[],old-42-Word97--0-4,原件/免征目录/mf_batch42.doc,fef4fd8ea19d773d368642e51a4bdb24c148530251a2240be4ff1358d5d41fab,False,False,False,False
HXK7000BEVA13,0,0,2,old_only,0,0,[],[],"[""CATC""]",[],"[""145""]",[],"[""10.0""]",[],"[{""eleEquivalentFuelConsumption"": ""1.13"", ""powerConsumption"": ""10.0"", ""runingRange"": ""145"", ""workConditionType"": ""CATC""}]",True,[],False,False,False,[],[],[],old-54-Word97--0-21,原件/免征目录/mf_batch54.doc,e4ce106fc0fb21bc61cac40ff0de97e60dff2d18b5b7d24c494bb74873312fd7,False,False,False,False
HXK7000BEVA15,0,0,2,old_only,0,0,[],[],"[""CATC""]",[],"[""320""]",[],"[""10.4""]",[],"[{""eleEquivalentFuelConsumption"": ""1.18"", ""powerConsumption"": ""10.4"", ""runingRange"": ""320"", ""workConditionType"": ""CATC""}]",True,[],False,False,False,[],[],[],old-57-Word97--0-13,原件/免征目录/mf_batch57.doc,96d9708a19952b23d71fc40e9976a33ae30ca118226a032954a93ab36f355f21,False,False,False,False
HXK7000BEVA16,1,1,3,both,1,0,[],"[""5""]","[""CATC""]","[""201""]","[""201"", ""220""]","[""10.7""]","[""10.0"", ""10.7""]","[""955""]","[{""eleEquivalentFuelConsumption"": ""1.1"", ""powerConsumption"": ""10.0"", ""runingRange"": ""220"", ""workConditionType"": ""CATC""}, {""eleEquivalentFuelConsumption"": ""1.2"", ""powerConsumption"": ""10.7"", ""runingRange"": ""201"", ""workConditionType"": ""CATC""}]",True,"[""multiple_old_range_raw_values"", ""multiple_old_consumption_raw_values"", ""new_old_range_raw_value_sets_differ"", ""new_old_consumption_raw_value_sets_differ_units_not_normalized""]",False,False,False,"[""2023-10-18""]","[""2024-08-15""]","[""历史车型补录""]",old-59-Word97--0-28,原件/免征目录/mf_batch59.doc,32738e2df847e0c74ff96d48b8a13e1dd9c31aee84b7c0a633e2d9c8a3e01f86,False,False,False,False
HXK7000BEVA2,0,0,0,not_in_observed_filtered_views,0,0,[],[],[],[],[],[],[],[],[],False,[],False,False,False,[],[],[],old-35-Word97--0-29,原件/免征目录/mf_batch35.wps,e4a6abd0e50daa81d029f8b37584511354700e855dc89de210fcba782b0643f0,False,False,False,False
HXK7000BEVA5,0,0,1,old_only,0,0,[],[],"[""NEDC""]",[],"[""351""]",[],"[""10.7""]",[],"[{""eleEquivalentFuelConsumption"": ""1.2"", ""powerConsumption"": ""10.7"", ""runingRange"": ""351"", ""workConditionType"": ""NEDC""}]",True,[],False,False,False,[],[],[],old-36-Word97--0-29,原件/免征目录/mf_batch36.doc,05cfcfd9136685ad6d6e13b8228cd123cca109c26f43a4c71472016b5a610a9f,False,False,False,False
HXK7000BEVA6,0,0,0,not_in_observed_filtered_views,0,0,[],[],[],[],[],[],[],[],[],False,[],False,False,False,[],[],[],old-39-Word97--0-14,原件/免征目录/mf_batch39.doc,48158862f567d71b07ac0a7a60c2c3bc6d2bb44dd5a86290b0b809d757a9eb07,False,False,False,False
HXK7000BEVA7,0,0,0,not_in_observed_filtered_views,0,0,[],[],[],[],[],[],[],[],[],False,[],False,False,False,[],[],[],old-42-Word97--0-5,原件/免征目录/mf_batch42.doc,fef4fd8ea19d773d368642e51a4bdb24c148530251a2240be4ff1358d5d41fab,False,False,False,False
HXK7000BEVA8,0,0,0,not_in_observed_filtered_views,0,0,[],[],[],[],[],[],[],[],[],False,[],False,False,False,[],[],[],old-42-Word97--0-6,原件/免征目录/mf_batch42.doc,fef4fd8ea19d773d368642e51a4bdb24c148530251a2240be4ff1358d5d41fab,False,False,False,False
HXK7000BEVA9,0,0,4,old_only,0,0,[],[],"[""CATC"", ""NEDC""]",[],"[""180"", ""205""]",[],"[""10.4"", ""11.3""]",[],"[{""eleEquivalentFuelConsumption"": ""1.2"", ""powerConsumption"": ""10.4"", ""runingRange"": ""205"", ""workConditionType"": ""CATC""}, {""eleEquivalentFuelConsumption"": ""1.3"", ""powerConsumption"": ""11.3"", ""runingRange"": ""180"", ""workConditionType"": ""NEDC""}]",True,"[""multiple_old_cycle_codes"", ""multiple_old_range_raw_values"", ""multiple_old_consumption_raw_values""]",False,False,True,[],[],[],old-42-Word97--0-8,原件/免征目录/mf_batch42.doc,fef4fd8ea19d773d368642e51a4bdb24c148530251a2240be4ff1358d5d41fab,False,False,False,False
HXK7000BEVB00,2,2,3,both,2,0,[],"[""5""]","[""CATC"", ""NEDC""]","[""121"", ""140""]","[""125"", ""140""]","[""8.3"", ""9.7""]","[""11.0"", ""9.7""]","[""710""]","[{""eleEquivalentFuelConsumption"": ""1.1"", ""powerConsumption"": ""9.7"", ""runingRange"": ""140"", ""workConditionType"": ""NEDC""}, {""eleEquivalentFuelConsumption"": ""1.24"", ""powerConsumption"": ""11.0"", ""runingRange"": ""125"", ""workConditionType"": ""CATC""}]",True,"[""multiple_old_cycle_codes"", ""multiple_new_range_raw_values"", ""multiple_old_range_raw_values"", ""multiple_new_consumption_raw_values"", ""multiple_old_consumption_raw_values"", ""new_old_range_raw_value_sets_differ"", ""new_old_consumption_raw_value_sets_differ_units_not_normalized""]",False,False,True,"[""2023-12-26"", ""2024-09-18""]","[""2024-08-15"", ""2024-10-01""]","[""标准换版更新""]",old-48-Word97--0-5,原件/免征目录/mf_batch48.doc,ee5aa19736215cfcb3b76ffff90bcd0d9108c61758ccb756f7d4ad17e75a835c,False,False,False,False
HXK7000BEVB03,0,0,2,old_only,0,0,[],[],"[""CATC""]",[],"[""140""]",[],"[""9.7""]",[],"[{""eleEquivalentFuelConsumption"": ""1.1"", ""powerConsumption"": ""9.7"", ""runingRange"": ""140"", ""workConditionType"": ""CATC""}]",True,[],False,False,False,[],[],[],old-59-Word97--0-30,原件/免征目录/mf_batch59.doc,32738e2df847e0c74ff96d48b8a13e1dd9c31aee84b7c0a633e2d9c8a3e01f86,False,False,False,False
HXK7000BEVC00,1,1,1,both,1,0,[],"[""5""]","[""CATC""]","[""140""]","[""140""]","[""9.4""]","[""9.4""]","[""815""]","[{""eleEquivalentFuelConsumption"": ""1.06"", ""powerConsumption"": ""9.4"", ""runingRange"": ""140"", ""workConditionType"": ""CATC""}]",True,[],False,False,False,"[""2022-08-10""]","[""2024-08-15""]","[""标准换版更新""]",old-57-Word97--0-14,原件/免征目录/mf_batch57.doc,96d9708a19952b23d71fc40e9976a33ae30ca118226a032954a93ab36f355f21,False,False,False,False
HXK7000BEVC01,0,0,0,not_in_observed_filtered_views,0,0,[],[],[],[],[],[],[],[],[],False,[],False,False,False,[],[],[],old-71-Word97--0-55,原件/免征目录/mf_batch71.doc,b37b78b64b8ef7e12e6e95d6fd27a4a6e364c0c83ba403ffcf3bca82c60e3460,False,False,False,False
HXK7000BEVD00,1,1,2,both,1,0,[],"[""5""]","[""CATC""]","[""205""]","[""205""]","[""9.8""]","[""9.8""]","[""893""]","[{""eleEquivalentFuelConsumption"": ""1.1"", ""powerConsumption"": ""9.8"", ""runingRange"": ""205"", ""workConditionType"": ""CATC""}]",True,[],False,False,False,"[""2023-10-18""]","[""2024-08-15""]","[""标准换版更新""]",old-59-Word97--0-29,原件/免征目录/mf_batch59.doc,32738e2df847e0c74ff96d48b8a13e1dd9c31aee84b7c0a633e2d9c8a3e01f86,False,False,False,False
HXK7000BEVK0,0,0,0,not_in_observed_filtered_views,0,0,[],[],[],[],[],[],[],[],[],False,[],False,False,False,[],[],[],old-33-Word97--0-68,原件/免征目录/mf_batch33.doc,ff98fbb1708c47cdcfc1e79e7a1647e72a7ae6d4255dce3b250d661001340c09,False,False,False,False
HXK7000BEVX0,0,0,0,not_in_observed_filtered_views,0,0,[],[],[],[],[],[],[],[],[],False,[],False,False,False,[],[],[],old-35-Word97--0-31,原件/免征目录/mf_batch35.wps,e4a6abd0e50daa81d029f8b37584511354700e855dc89de210fcba782b0643f0,False,False,False,False
I31Z21,0,0,0,not_in_observed_filtered_views,0,0,[],[],[],[],[],[],[],[],[],False,[],False,False,False,[],[],[],old-05-PDF-grid-2-0-4,原件/免征目录/mf_batch05.pdf,658aa5fbf13859a9bbe1db6235da2f7e79fc325cc34e4c0ec1ffab7f8cc2ebca,False,False,False,False
I31Z61,0,0,0,not_in_observed_filtered_views,0,0,[],[],[],[],[],[],[],[],[],False,[],False,False,False,[],[],[],old-10-PDF-grid-3-0-16,原件/免征目录/mf_batch10.pdf,ac1b1ad2605b4f24762fb1f01cea64b685393577d01648618fa1882bb5700ac3,False,False,False,False
I38P21,0,0,0,not_in_observed_filtered_views,0,0,[],[],[],[],[],[],[],[],[],False,[],False,False,False,[],[],[],old-23-Word97--0-59,原件/免征目录/mf_batch23.docx,87f838de0da3ba5887f77b2bf5c1dbf5b427e7cef896309a7084c11dd8f5efa0,False,False,False,False
I4EDRIVE3541AW,0,0,0,not_in_observed_filtered_views,0,0,[],[],[],[],[],[],[],[],[],False,[],False,False,False,[],[],[],old-62-Word97--0-3,原件/免征目录/mf_batch62.doc,7694ac7207998b6af7c895cdd2c1d752421df436d4b28f83195261dd47f6509c,False,False,False,False
I4EDRIVE4071AW,0,0,0,not_in_observed_filtered_views,0,0,[],[],[],[],[],[],[],[],[],False,[],False,False,False,[],[],[],old-50-Word97--0-50,原件/免征目录/mf_batch50.doc,3810672d92621612507384960254de602e629e75a308df22ee2291519445095e,False,False,False,False
I4M5031AW,0,0,0,not_in_observed_filtered_views,0,0,[],[],[],[],[],[],[],[],[],False,[],False,False,False,[],[],[],old-50-Word97--0-49,原件/免征目录/mf_batch50.doc,3810672d92621612507384960254de602e629e75a308df22ee2291519445095e,False,False,False,False
I7EDRIVE50L41EJ,0,0,0,not_in_observed_filtered_views,0,0,[],[],[],[],[],[],[],[],[],False,[],False,False,False,[],[],[],old-65-Word97--0-5,原件/免征目录/mf_batch65.doc,06a6a578a9a60516a845bc92deac49954438a789e9e4a7cf3cd140f256d9b13d,False,False,False,False
I7XDRIVE60L51EJ,0,0,0,not_in_observed_filtered_views,0,0,[],[],[],[],[],[],[],[],[],False,[],False,False,False,[],[],[],old-59-Word97--0-2,原件/免征目录/mf_batch59.doc,32738e2df847e0c74ff96d48b8a13e1dd9c31aee84b7c0a633e2d9c8a3e01f86,False,False,False,False
IXM6031CF,0,0,0,not_in_observed_filtered_views,0,0,[],[],[],[],[],[],[],[],[],False,[],False,False,False,[],[],[],old-54-Word97--0-2,原件/免征目录/mf_batch54.doc,e4ce106fc0fb21bc61cac40ff0de97e60dff2d18b5b7d24c494bb74873312fd7,False,False,False,False
IXM6031CF22,0,0,0,not_in_observed_filtered_views,0,0,[],[],[],[],[],[],[],[],[],False,[],False,False,False,[],[],[],old-65-Word97--0-4,原件/免征目录/mf_batch65.doc,06a6a578a9a60516a845bc92deac49954438a789e9e4a7cf3cd140f256d9b13d,False,False,False,False
IXXDRIVE4011CF,0,0,0,not_in_observed_filtered_views,0,0,[],[],[],[],[],[],[],[],[],False,[],False,False,False,[],[],[],old-49-Word97--0-25,原件/免征目录/mf_batch49.doc,c7a56509a4d9272982da0abc9d1ea213ee1fbea3d0f1edad124630c9b5e3474e,False,False,False,False
IXXDRIVE5021CF,0,0,0,not_in_observed_filtered_views,0,0,[],[],[],[],[],[],[],[],[],False,[],False,False,False,[],[],[],old-48-Word97--0-45,原件/免征目录/mf_batch48.doc,ee5aa19736215cfcb3b76ffff90bcd0d9108c61758ccb756f7d4ad17e75a835c,False,False,False,False
JGX7001BEV1A,0,0,0,not_in_observed_filtered_views,0,0,[],[],[],[],[],[],[],[],[],False,[],False,False,False,[],[],[],old-38-Word97--0-2,原件/免征目录/mf_batch38.doc,7c9def45fe5c40e4c5ffb483a1d1efd383c12cb16a5c4ba021d4ce28384776de,False,False,False,False
JHC7002BEV25,0,0,2,old_only,0,0,[],[],"[""NEDC""]",[],"[""400""]",[],"[""13.6"", ""14 ""]",[],"[{""eleEquivalentFuelConsumption"": ""1.5"", ""powerConsumption"": ""13.6"", ""runingRange"": ""400"", ""workConditionType"": ""NEDC""}, {""eleEquivalentFuelConsumption"": ""1.54 "", ""powerConsumption"": ""14 "", ""runingRange"": ""400"", ""workConditionType"": ""NEDC""}]",True,"[""multiple_old_consumption_raw_values""]",False,False,False,[],[],[],old-24-Word97--2-7,原件/免征目录/mf_batch24.wps,07775a0cb063fe0fce5880b9378dd1eb2522b725d645cabdee314d604779939d,False,False,False,False
JHC7002BEV26,0,0,1,old_only,0,0,[],[],"[""NEDC""]",[],"[""400""]",[],"[""14 ""]",[],"[{""eleEquivalentFuelConsumption"": ""1.50 "", ""powerConsumption"": ""14 "", ""runingRange"": ""400"", ""workConditionType"": ""NEDC""}]",True,[],False,False,False,[],[],[],old-24-Word97--2-8,原件/免征目录/mf_batch24.wps,07775a0cb063fe0fce5880b9378dd1eb2522b725d645cabdee314d604779939d,False,False,False,False
JHC7002BEV27,0,0,1,old_only,0,0,[],[],"[""NEDC""]",[],"[""500""]",[],"[""14 ""]",[],"[{""eleEquivalentFuelConsumption"": ""1.50 "", ""powerConsumption"": ""14 "", ""runingRange"": ""500"", ""workConditionType"": ""NEDC""}]",True,[],False,False,False,[],[],[],old-25-Word97--0-44,原件/免征目录/mf_batch25.wps,9d2abe319463522513fe9c90f98bb8d0a825b599267d0b3cc403cec9624b3297,False,False,False,False
JHC7002BEV33,0,0,2,old_only,0,0,[],[],"[""NEDC""]",[],"[""400""]",[],"[""13.6"", ""14 ""]",[],"[{""eleEquivalentFuelConsumption"": ""1.5"", ""powerConsumption"": ""13.6"", ""runingRange"": ""400"", ""workConditionType"": ""NEDC""}, {""eleEquivalentFuelConsumption"": ""1.54 "", ""powerConsumption"": ""14 "", ""runingRange"": ""400"", ""workConditionType"": ""NEDC""}]",True,"[""multiple_old_consumption_raw_values""]",False,False,False,[],[],[],old-25-Word97--0-45,原件/免征目录/mf_batch25.wps,9d2abe319463522513fe9c90f98bb8d0a825b599267d0b3cc403cec9624b3297,False,False,False,False
JHC7002BEV34,0,0,2,old_only,0,0,[],[],"[""NEDC""]",[],"[""400""]",[],"[""13.6"", ""14 ""]",[],"[{""eleEquivalentFuelConsumption"": ""1.5"", ""powerConsumption"": ""13.6"", ""runingRange"": ""400"", ""workConditionType"": ""NEDC""}, {""eleEquivalentFuelConsumption"": ""1.54 "", ""powerConsumption"": ""14 "", ""runingRange"": ""400"", ""workConditionType"": ""NEDC""}]",True,"[""multiple_old_consumption_raw_values""]",False,False,False,[],[],[],old-25-Word97--0-46,原件/免征目录/mf_batch25.wps,9d2abe319463522513fe9c90f98bb8d0a825b599267d0b3cc403cec9624b3297,False,False,False,False
JHC7002BEV38,0,0,4,old_only,0,0,[],[],"[""NEDC""]",[],"[""410""]",[],"[""13.5""]",[],"[{""eleEquivalentFuelConsumption"": ""1.5"", ""powerConsumption"": ""13.5"", ""runingRange"": ""410"", ""workConditionType"": ""NEDC""}, {""eleEquivalentFuelConsumption"": ""1.53"", ""powerConsumption"": ""13.5"", ""runingRange"": ""410"", ""workConditionType"": ""NEDC""}]",True,[],False,False,False,[],[],[],old-25-Word97--0-47,原件/免征目录/mf_batch25.wps,9d2abe319463522513fe9c90f98bb8d0a825b599267d0b3cc403cec9624b3297,False,False,False,False
JHC7002BEV39,0,0,4,old_only,0,0,[],[],"[""NEDC""]",[],"[""410""]",[],"[""13.5""]",[],"[{""eleEquivalentFuelConsumption"": ""1.5"", ""powerConsumption"": ""13.5"", ""runingRange"": ""410"", ""workConditionType"": ""NEDC""}, {""eleEquivalentFuelConsumption"": ""1.53"", ""powerConsumption"": ""13.5"", ""runingRange"": ""410"", ""workConditionType"": ""NEDC""}]",True,[],False,False,False,[],[],[],old-25-Word97--0-48,原件/免征目录/mf_batch25.wps,9d2abe319463522513fe9c90f98bb8d0a825b599267d0b3cc403cec9624b3297,False,False,False,False
JHC7002BEV41,0,0,8,old_only,0,0,[],[],"[""NEDC""]",[],"[""500""]",[],"[""13.5""]",[],"[{""eleEquivalentFuelConsumption"": ""1.5"", ""powerConsumption"": ""13.5"", ""runingRange"": ""500"", ""workConditionType"": ""NEDC""}, {""eleEquivalentFuelConsumption"": ""1.53"", ""powerConsumption"": ""13.5"", ""runingRange"": ""500"", ""workConditionType"": ""NEDC""}]",True,[],False,False,False,[],[],[],old-25-Word97--0-50,原件/免征目录/mf_batch25.wps,9d2abe319463522513fe9c90f98bb8d0a825b599267d0b3cc403cec9624b3297,False,False,False,False
JHC7002BEV45,0,0,2,old_only,0,0,[],[],"[""NEDC""]",[],"[""402""]",[],"[""13.6"", ""14 ""]",[],"[{""eleEquivalentFuelConsumption"": ""1.5"", ""powerConsumption"": ""13.6"", ""runingRange"": ""402"", ""workConditionType"": ""NEDC""}, {""eleEquivalentFuelConsumption"": ""1.54 "", ""powerConsumption"": ""14 "", ""runingRange"": ""402"", ""workConditionType"": ""NEDC""}]",True,"[""multiple_old_consumption_raw_values""]",False,False,False,[],[],[],old-27-Word97--0-13,原件/免征目录/mf_batch27.doc,2bd67cf7e1efc03ae93942d0d340ffef87478709520383b6ee4d08baf843ead1,False,False,False,False
JHC7002BEV46,0,0,8,old_only,0,0,[],[],"[""NEDC""]",[],"[""410""]",[],"[""13.5"", ""410""]",[],"[{""eleEquivalentFuelConsumption"": ""1.5"", ""powerConsumption"": ""13.5"", ""runingRange"": ""410"", ""workConditionType"": ""NEDC""}, {""eleEquivalentFuelConsumption"": ""1.5"", ""powerConsumption"": ""410"", ""runingRange"": ""410"", ""workConditionType"": ""NEDC""}, {""eleEquivalentFuelConsumption"": ""1.53"", ""powerConsumption"": ""13.5"", ""runingRange"": ""410"", ""workConditionType"": ""NEDC""}]",True,"[""multiple_old_consumption_raw_values""]",False,False,False,[],[],[],old-27-Word97--0-14,原件/免征目录/mf_batch27.doc,2bd67cf7e1efc03ae93942d0d340ffef87478709520383b6ee4d08baf843ead1,False,False,False,False
JHC7002BEV47,2,2,5,both,2,0,[],"[""5""]","[""CATC"", ""NEDC""]","[""480""]","[""430"", ""480""]","[""12.2""]","[""12.2"", ""13 "", ""13.3""]","[""1560"", ""1610""]","[{""eleEquivalentFuelConsumption"": ""1.38"", ""powerConsumption"": ""12.2"", ""runingRange"": ""480"", ""workConditionType"": ""CATC""}, {""eleEquivalentFuelConsumption"": ""1.50 "", ""powerConsumption"": ""13 "", ""runingRange"": ""430"", ""workConditionType"": ""NEDC""}, {""eleEquivalentFuelConsumption"": ""1.50"", ""powerConsumption"": ""13.3"", ""runingRange"": ""430"", ""workConditionType"": ""NEDC""}]",True,"[""multiple_old_cycle_codes"", ""multiple_old_range_raw_values"", ""multiple_old_consumption_raw_values"", ""multiple_new_curb_mass_raw_values"", ""new_old_range_raw_value_sets_differ"", ""new_old_consumption_raw_value_sets_differ_units_not_normalized""]",False,False,True,[],"[""2024-07-10""]",[],old-33-Word97--0-14,原件/免征目录/mf_batch33.doc,ff98fbb1708c47cdcfc1e79e7a1647e72a7ae6d4255dce3b250d661001340c09,False,False,False,False
JHC7002BEV48,2,2,6,both,2,0,[],"[""5""]","[""CATC"", ""NEDC""]","[""620""]","[""600"", ""620""]","[""12.5""]","[""12.5"", ""13""]","[""1625"", ""1650""]","[{""eleEquivalentFuelConsumption"": ""1.41"", ""powerConsumption"": ""12.5"", ""runingRange"": ""620"", ""workConditionType"": ""CATC""}, {""eleEquivalentFuelConsumption"": ""1.47"", ""powerConsumption"": ""13"", ""runingRange"": ""600"", ""workConditionType"": ""NEDC""}]",True,"[""multiple_old_cycle_codes"", ""multiple_old_range_raw_values"", ""multiple_old_consumption_raw_values"", ""multiple_new_curb_mass_raw_values"", ""new_old_range_raw_value_sets_differ"", ""new_old_consumption_raw_value_sets_differ_units_not_normalized""]",False,False,True,[],"[""2024-07-10""]",[],old-33-Word97--0-15,原件/免征目录/mf_batch33.doc,ff98fbb1708c47cdcfc1e79e7a1647e72a7ae6d4255dce3b250d661001340c09,False,False,False,False
JHC7002BEV51,0,0,2,old_only,0,0,[],[],"[""NEDC""]",[],"[""450""]",[],"[""13.9""]",[],"[{""eleEquivalentFuelConsumption"": ""1.57"", ""powerConsumption"": ""13.9"", ""runingRange"": ""450"", ""workConditionType"": ""NEDC""}]",True,[],False,False,False,[],[],[],old-24-Word97--2-10,原件/免征目录/mf_batch24.wps,07775a0cb063fe0fce5880b9378dd1eb2522b725d645cabdee314d604779939d,False,False,False,False
JHC7002BEV55,0,0,2,old_only,0,0,[],[],"[""NEDC""]",[],"[""400""]",[],"[""13.9""]",[],"[{""eleEquivalentFuelConsumption"": ""1.57"", ""powerConsumption"": ""13.9"", ""runingRange"": ""400"", ""workConditionType"": ""NEDC""}]",True,[],False,False,False,[],[],[],old-25-Word97--0-54,原件/免征目录/mf_batch25.wps,9d2abe319463522513fe9c90f98bb8d0a825b599267d0b3cc403cec9624b3297,False,False,False,False
JHC7002BEV60,0,0,4,old_only,0,0,[],[],"[""NEDC""]",[],"[""400""]",[],"[""13.9""]",[],"[{""eleEquivalentFuelConsumption"": ""1.57"", ""powerConsumption"": ""13.9"", ""runingRange"": ""400"", ""workConditionType"": ""NEDC""}]",True,[],False,False,False,[],[],[],old-25-Word97--0-55,原件/免征目录/mf_batch25.wps,9d2abe319463522513fe9c90f98bb8d0a825b599267d0b3cc403cec9624b3297,False,False,False,False
JHC7002BEV63,0,0,4,old_only,0,0,[],[],"[""NEDC""]",[],"[""400""]",[],"[""13.9""]",[],"[{""eleEquivalentFuelConsumption"": ""1.57"", ""powerConsumption"": ""13.9"", ""runingRange"": ""400"", ""workConditionType"": ""NEDC""}]",True,[],False,False,False,[],[],[],old-27-Word97--0-15,原件/免征目录/mf_batch27.doc,2bd67cf7e1efc03ae93942d0d340ffef87478709520383b6ee4d08baf843ead1,False,False,False,False
JHC7002BEV64,0,0,8,old_only,0,0,[],[],"[""NEDC""]",[],"[""421""]",[],"[""13.6""]",[],"[{""eleEquivalentFuelConsumption"": ""1.54"", ""powerConsumption"": ""13.6"", ""runingRange"": ""421"", ""workConditionType"": ""NEDC""}]",True,[],False,False,False,[],[],[],old-33-Word97--0-16,原件/免征目录/mf_batch33.doc,ff98fbb1708c47cdcfc1e79e7a1647e72a7ae6d4255dce3b250d661001340c09,False,False,False,False
JHC7002BEV67,2,2,2,both,2,0,[],"[""5""]","[""CATC""]","[""410""]","[""410""]","[""12.8""]","[""12.8""]","[""1520"", ""1565""]","[{""eleEquivalentFuelConsumption"": ""1.45"", ""powerConsumption"": ""12.8"", ""runingRange"": ""410"", ""workConditionType"": ""CATC""}]",True,"[""multiple_new_curb_mass_raw_values""]",False,False,False,[],"[""2024-07-10""]",[],old-66-Word97--0-6,原件/免征目录/mf_batch66.doc,05a5fce42de1c5412803fe6a7bb46d04c4d61cb71dc5d88a9b59a3e884350544,False,False,False,False
JHC7002BEV68,2,2,2,both,2,0,[],"[""5""]","[""CATC""]","[""410""]","[""410""]","[""12.8""]","[""12.8""]","[""1540"", ""1570""]","[{""eleEquivalentFuelConsumption"": ""1.45"", ""powerConsumption"": ""12.8"", ""runingRange"": ""410"", ""workConditionType"": ""CATC""}]",True,"[""multiple_new_curb_mass_raw_values""]",False,False,False,[],"[""2024-07-10""]",[],old-66-Word97--0-5,原件/免征目录/mf_batch66.doc,05a5fce42de1c5412803fe6a7bb46d04c4d61cb71dc5d88a9b59a3e884350544,False,False,False,False
JHC7002BEV69,4,4,4,both,4,0,[],"[""5""]","[""CATC""]","[""500""]","[""500""]","[""12.4""]","[""12.4""]","[""1590"", ""1625"", ""1645""]","[{""eleEquivalentFuelConsumption"": ""1.40"", ""powerConsumption"": ""12.4"", ""runingRange"": ""500"", ""workConditionType"": ""CATC""}]",True,"[""multiple_new_curb_mass_raw_values""]",False,False,False,[],"[""2024-07-10""]",[],old-67-Word97--0-6,原件/免征目录/mf_batch67.doc,963a02fcc1f361414f4f003c6d63e00b178d0b962134ed2206c38978f3118101,False,False,False,False
JHC7003BEV01,4,4,28,both,4,0,[],"[""5""]","[""CATC"", ""NEDC""]","[""450""]","[""400"", ""450""]","[""13.0""]","[""13.0"", ""13.9""]","[""1545"", ""1570"", ""1607"", ""1625""]","[{""eleEquivalentFuelConsumption"": ""1.47"", ""powerConsumption"": ""13.0"", ""runingRange"": ""450"", ""workConditionType"": ""CATC""}, {""eleEquivalentFuelConsumption"": ""1.57"", ""powerConsumption"": ""13.9"", ""runingRange"": ""400"", ""workConditionType"": ""NEDC""}]",True,"[""multiple_old_cycle_codes"", ""multiple_old_range_raw_values"", ""multiple_old_consumption_raw_values"", ""multiple_new_curb_mass_raw_values"", ""new_old_range_raw_value_sets_differ"", ""new_old_consumption_raw_value_sets_differ_units_not_normalized""]",False,False,True,[],"[""2024-07-10""]",[],old-30-Word97--0-41,原件/免征目录/mf_batch30.doc,e7fa3b47858ec2035b8055bc15be00b2b26920a5e8d3cad481058a80b92ead24,False,False,False,False
JHC7003BEV03,0,0,24,old_only,0,0,[],[],"[""NEDC""]",[],"[""400""]",[],"[""14"", ""14.0""]",[],"[{""eleEquivalentFuelConsumption"": ""1.57"", ""powerConsumption"": ""14.0"", ""runingRange"": ""400"", ""workConditionType"": ""NEDC""}, {""eleEquivalentFuelConsumption"": ""1.58 "", ""powerConsumption"": ""14"", ""runingRange"": ""400"", ""workConditionType"": ""NEDC""}, {""eleEquivalentFuelConsumption"": ""1.58"", ""powerConsumption"": ""14"", ""runingRange"": ""400"", ""workConditionType"": ""NEDC""}]",True,"[""multiple_old_consumption_raw_values""]",False,False,False,[],[],[],old-30-Word97--0-43,原件/免征目录/mf_batch30.doc,e7fa3b47858ec2035b8055bc15be00b2b26920a5e8d3cad481058a80b92ead24,False,False,False,False
JHC7003BEV04,0,0,8,old_only,0,0,[],[],"[""NEDC""]",[],"[""400""]",[],"[""13.9""]",[],"[{""eleEquivalentFuelConsumption"": ""1.57"", ""powerConsumption"": ""13.9"", ""runingRange"": ""400"", ""workConditionType"": ""NEDC""}]",True,[],False,False,False,[],[],[],old-33-Word97--0-17,原件/免征目录/mf_batch33.doc,ff98fbb1708c47cdcfc1e79e7a1647e72a7ae6d4255dce3b250d661001340c09,False,False,False,False
JHC7003BEV06,2,2,14,both,2,0,[],"[""5""]","[""CATC"", ""NEDC""]","[""580""]","[""550"", ""580""]","[""13.2""]","[""13.2"", ""14""]","[""1620"", ""1665""]","[{""eleEquivalentFuelConsumption"": ""1.49"", ""powerConsumption"": ""13.2"", ""runingRange"": ""580"", ""workConditionType"": ""CATC""}, {""eleEquivalentFuelConsumption"": ""1.58 "", ""powerConsumption"": ""14"", ""runingRange"": ""550"", ""workConditionType"": ""NEDC""}, {""eleEquivalentFuelConsumption"": ""1.58"", ""powerConsumption"": ""14"", ""runingRange"": ""550"", ""workConditionType"": ""NEDC""}]",True,"[""multiple_old_cycle_codes"", ""multiple_old_range_raw_values"", ""multiple_old_consumption_raw_values"", ""multiple_new_curb_mass_raw_values"", ""new_old_range_raw_value_sets_differ"", ""new_old_consumption_raw_value_sets_differ_units_not_normalized""]",False,False,True,[],"[""2024-07-10""]",[],old-32-Word97--0-11,原件/免征目录/mf_batch32.doc,ad7c65b4831a05b7c70e1e73fe834aa9beed883c66f898e799fcbbeb43cc3d75,False,False,False,False
JKC6450A0L1BEV,4,4,4,both,4,0,[],"[""5""]","[""CATC""]","[""305""]","[""305""]","[""13.9""]","[""13.9""]","[""1450"", ""1520""]","[{""eleEquivalentFuelConsumption"": ""1.57"", ""powerConsumption"": ""13.9"", ""runingRange"": ""305"", ""workConditionType"": ""CATC""}]",True,"[""multiple_new_curb_mass_raw_values""]",False,False,False,[],"[""2024-07-16""]",[],old-57-Word97--0-12,原件/免征目录/mf_batch57.doc,96d9708a19952b23d71fc40e9976a33ae30ca118226a032954a93ab36f355f21,False,False,False,False
JKC6450AXBEV,0,0,0,not_in_observed_filtered_views,0,0,[],[],[],[],[],[],[],[],[],False,[],False,False,False,[],[],[],old-13-PDF-grid-2-0-3,原件/免征目录/mf_batch13.pdf,e82c4f41c448edbb5269c95f2ff35d0c577f7ff0d12ff30b2d4c307a1aa31a6b,False,False,False,False
JKC6451AXBEV,0,0,0,not_in_observed_filtered_views,0,0,[],[],[],[],[],[],[],[],[],False,[],False,False,False,[],[],[],old-17-PDF-grid-2-0-9,原件/免征目录/mf_batch17.pdf,577a4ba9c586fe08565f6a60e6de5474698031566d8dcef484cd44335879e334,False,False,False,False
JKC6451FXBEV,0,0,8,old_only,0,0,[],[],"[""CATC"", ""NEDC""]",[],"[""277"", ""305""]",[],"[""12.1"", ""13.2"", ""13.4"", ""15.3""]",[],"[{""eleEquivalentFuelConsumption"": ""1.37"", ""powerConsumption"": ""12.1"", ""runingRange"": ""305"", ""workConditionType"": ""NEDC""}, {""eleEquivalentFuelConsumption"": ""1.49"", ""powerConsumption"": ""13.2"", ""runingRange"": ""305"", ""workConditionType"": ""CATC""}, {""eleEquivalentFuelConsumption"": ""1.52"", ""powerConsumption"": ""13.4"", ""runingRange"": ""277"", ""workConditionType"": ""NEDC""}, {""eleEquivalentFuelConsumption"": ""1.73"", ""powerConsumption"": ""15.3"", ""runingRange"": ""277"", ""workConditionType"": ""NEDC""}]",True,"[""multiple_old_cycle_codes"", ""multiple_old_range_raw_values"", ""multiple_old_consumption_raw_values""]",False,False,True,[],[],[],old-27-Word97--0-53,原件/免征目录/mf_batch27.doc,2bd67cf7e1efc03ae93942d0d340ffef87478709520383b6ee4d08baf843ead1,False,False,False,False
JKC6453AXBEV,0,0,0,not_in_observed_filtered_views,0,0,[],[],[],[],[],[],[],[],[],False,[],False,False,False,[],[],[],old-20-DOCX--0-24,原件/免征目录/mf_batch20.docx,374d3f87551d75d1c163e76abb38f350ea93f8a2b8cad6174568c307d1cc0130,False,False,False,False
JL6471SEV01,0,0,10,old_only,0,0,[],[],"[""CATC"", ""NEDC""]",[],"[""410"", ""415""]",[],"[""14.2"", ""14.4""]",[],"[{""eleEquivalentFuelConsumption"": ""1.6"", ""powerConsumption"": ""14.2"", ""runingRange"": ""415"", ""workConditionType"": ""NEDC""}, {""eleEquivalentFuelConsumption"": ""1.6"", ""powerConsumption"": ""14.4"", ""runingRange"": ""410"", ""workConditionType"": ""NEDC""}, {""eleEquivalentFuelConsumption"": ""1.60 "", ""powerConsumption"": ""14.2"", ""runingRange"": ""415"", ""workConditionType"": ""NEDC""}, {""eleEquivalentFuelConsumption"": ""1.60 "", ""powerConsumption"": ""14.4"", ""runingRange"": ""410"", ""workConditionType"": ""NEDC""}, {""eleEquivalentFuelConsumption"": ""1.63"", ""powerConsumption"": ""14.4"", ""runingRange"": ""415"", ""workConditionType"": ""CATC""}]",True,"[""multiple_old_cycle_codes"", ""multiple_old_range_raw_values"", ""multiple_old_consumption_raw_values""]",False,False,True,[],[],[],old-38-Word97--0-15,原件/免征目录/mf_batch38.doc,7c9def45fe5c40e4c5ffb483a1d1efd383c12cb16a5c4ba021d4ce28384776de,False,False,False,False
JL6471SEV02,0,0,2,old_only,0,0,[],[],"[""NEDC""]",[],"[""407""]",[],"[""14.4""]",[],"[{""eleEquivalentFuelConsumption"": ""1.61"", ""powerConsumption"": ""14.4"", ""runingRange"": ""407"", ""workConditionType"": ""NEDC""}]",True,[],False,False,False,[],[],[],old-43-Word97--0-9,原件/免征目录/mf_batch43.doc,5d5202dfe31364ec0884640d8bba22b0f640154d0bcc6154272890e604cfc01c,False,False,False,False
JL7000BEV01,3,3,3,both,3,0,[],"[""5""]","[""CATC""]","[""400""]","[""400""]","[""14.3""]","[""14.3""]","[""1750"", ""1770"", ""1780""]","[{""eleEquivalentFuelConsumption"": ""1.62"", ""powerConsumption"": ""14.3"", ""runingRange"": ""400"", ""workConditionType"": ""CATC""}]",True,"[""multiple_new_curb_mass_raw_values""]",False,False,False,"[""2023-12-12""]","[""2024-08-06""]","[""按新版能耗标准补充备案""]",old-62-Word97--0-30,原件/免征目录/mf_batch62.doc,7694ac7207998b6af7c895cdd2c1d752421df436d4b28f83195261dd47f6509c,False,False,False,False
JL7000BEV02,1,1,1,both,1,0,[],"[""5""]","[""CATC""]","[""535""]","[""535""]","[""13.4""]","[""13.4""]","[""1770""]","[{""eleEquivalentFuelConsumption"": ""1.52"", ""powerConsumption"": ""13.4"", ""runingRange"": ""535"", ""workConditionType"": ""CATC""}]",True,[],False,False,False,"[""2023-12-12""]","[""2024-08-06""]","[""按新版能耗标准补充备案""]",old-55-Word97--0-37,原件/免征目录/mf_batch55.doc,0457d0430e9e7f114c91341a715405c3933dd4783762cd74b9871e4918ba887f,False,False,False,False
JL7000BEV03,2,2,2,both,2,0,[],"[""5""]","[""CATC""]","[""530"", ""560""]","[""530"", ""560""]","[""13.0"", ""13.6""]","[""13.0"", ""13.6""]","[""1800""]","[{""eleEquivalentFuelConsumption"": ""1.47"", ""powerConsumption"": ""13.0"", ""runingRange"": ""560"", ""workConditionType"": ""CATC""}, {""eleEquivalentFuelConsumption"": ""1.54"", ""powerConsumption"": ""13.6"", ""runingRange"": ""530"", ""workConditionType"": ""CATC""}]",True,"[""multiple_new_range_raw_values"", ""multiple_old_range_raw_values"", ""multiple_new_consumption_raw_values"", ""multiple_old_consumption_raw_values""]",False,False,False,"[""2024-05-20""]","[""2024-08-06""]","[""按新版能耗标准补充备案""]",old-55-Word97--0-32,原件/免征目录/mf_batch55.doc,0457d0430e9e7f114c91341a715405c3933dd4783762cd74b9871e4918ba887f,False,False,False,False
JL7000BEV04,1,1,1,both,1,0,[],"[""5""]","[""CATC""]","[""560""]","[""560""]","[""13.0""]","[""13.0""]","[""1800""]","[{""eleEquivalentFuelConsumption"": ""1.47"", ""powerConsumption"": ""13.0"", ""runingRange"": ""560"", ""workConditionType"": ""CATC""}]",True,[],False,False,False,"[""2023-12-12""]","[""2024-08-06""]","[""按新版能耗标准补充备案""]",old-55-Word97--0-36,原件/免征目录/mf_batch55.doc,0457d0430e9e7f114c91341a715405c3933dd4783762cd74b9871e4918ba887f,False,False,False,False
JL7000BEV05,1,1,1,both,1,0,[],"[""5""]","[""CATC""]","[""500""]","[""500""]","[""14.8""]","[""14.8""]","[""1900""]","[{""eleEquivalentFuelConsumption"": ""1.67"", ""powerConsumption"": ""14.8"", ""runingRange"": ""500"", ""workConditionType"": ""CATC""}]",True,[],False,False,False,"[""2023-12-12""]","[""2024-08-06""]","[""按新版能耗标准补充备案""]",old-55-Word97--0-33,原件/免征目录/mf_batch55.doc,0457d0430e9e7f114c91341a715405c3933dd4783762cd74b9871e4918ba887f,False,False,False,False
JL7000BEV06,1,1,1,both,1,0,[],"[""5""]","[""CATC""]","[""535""]","[""535""]","[""13.4""]","[""13.4""]","[""1770""]","[{""eleEquivalentFuelConsumption"": ""1.52"", ""powerConsumption"": ""13.4"", ""runingRange"": ""535"", ""workConditionType"": ""CATC""}]",True,[],False,False,False,"[""2023-12-12""]","[""2024-08-06""]","[""按新版能耗标准补充备案""]",old-55-Word97--0-35,原件/免征目录/mf_batch55.doc,0457d0430e9e7f114c91341a715405c3933dd4783762cd74b9871e4918ba887f,False,False,False,False
JL7000BEV07,1,1,1,both,1,0,[],"[""5""]","[""CATC""]","[""500""]","[""500""]","[""14.8""]","[""14.8""]","[""1900""]","[{""eleEquivalentFuelConsumption"": ""1.67"", ""powerConsumption"": ""14.8"", ""runingRange"": ""500"", ""workConditionType"": ""CATC""}]",True,[],False,False,False,"[""2023-12-12""]","[""2024-08-06""]","[""按新版能耗标准补充备案""]",old-55-Word97--0-34,原件/免征目录/mf_batch55.doc,0457d0430e9e7f114c91341a715405c3933dd4783762cd74b9871e4918ba887f,False,False,False,False
JL7000BEV08,1,1,1,both,1,0,[],"[""5""]","[""CATC""]","[""535""]","[""535""]","[""13.4""]","[""13.4""]","[""1770""]","[{""eleEquivalentFuelConsumption"": ""1.52"", ""powerConsumption"": ""13.4"", ""runingRange"": ""535"", ""workConditionType"": ""CATC""}]",True,[],False,False,False,"[""2023-12-12""]","[""2024-08-06""]","[""按新版能耗标准补充备案""]",old-57-Word97--0-33,原件/免征目录/mf_batch57.doc,96d9708a19952b23d71fc40e9976a33ae30ca118226a032954a93ab36f355f21,False,False,False,False
JL7000BEV09,1,1,1,both,1,0,[],"[""5""]","[""CATC""]","[""560""]","[""560""]","[""13.0""]","[""13.0""]","[""1800""]","[{""eleEquivalentFuelConsumption"": ""1.47"", ""powerConsumption"": ""13.0"", ""runingRange"": ""560"", ""workConditionType"": ""CATC""}]",True,[],False,False,False,"[""2023-12-12""]","[""2024-08-06""]","[""按新版能耗标准补充备案""]",old-57-Word97--0-32,原件/免征目录/mf_batch57.doc,96d9708a19952b23d71fc40e9976a33ae30ca118226a032954a93ab36f355f21,False,False,False,False
JL7000BEV52,2,2,2,both,2,0,[],"[""5""]","[""CATC""]","[""555""]","[""555""]","[""13.0""]","[""13.0""]","[""1740"", ""1770""]","[{""eleEquivalentFuelConsumption"": ""1.47"", ""powerConsumption"": ""13.0"", ""runingRange"": ""555"", ""workConditionType"": ""CATC""}]",True,"[""multiple_new_curb_mass_raw_values""]",False,False,False,"[""2023-12-26""]","[""2024-07-11""]","[""按新版能耗标准补充备案""]",old-61-Word97--0-30,原件/免征目录/mf_batch61.doc,d360a77695ccf20f3c17a354a1dd02fc846a7ae8bd18b41492515881a7240b72,False,False,False,False
JL7000BEV53,2,2,2,both,2,0,[],"[""5""]","[""CATC""]","[""555""]","[""555""]","[""13.0""]","[""13.0""]","[""1740"", ""1770""]","[{""eleEquivalentFuelConsumption"": ""1.47"", ""powerConsumption"": ""13.0"", ""runingRange"": ""555"", ""workConditionType"": ""CATC""}]",True,"[""multiple_new_curb_mass_raw_values""]",False,False,False,"[""2023-12-26""]","[""2024-07-11""]","[""按新版能耗标准补充备案""]",old-61-Word97--0-32,原件/免征目录/mf_batch61.doc,d360a77695ccf20f3c17a354a1dd02fc846a7ae8bd18b41492515881a7240b72,False,False,False,False
JL7000BEV54,1,1,1,both,1,0,[],"[""5""]","[""CATC""]","[""580""]","[""580""]","[""12.7""]","[""12.7""]","[""1770""]","[{""eleEquivalentFuelConsumption"": ""1.44"", ""powerConsumption"": ""12.7"", ""runingRange"": ""580"", ""workConditionType"": ""CATC""}]",True,[],False,False,False,"[""2023-12-26""]","[""2024-07-11""]","[""按新版能耗标准补充备案""]",old-61-Word97--0-31,原件/免征目录/mf_batch61.doc,d360a77695ccf20f3c17a354a1dd02fc846a7ae8bd18b41492515881a7240b72,False,False,False,False
JL7000BEV55,1,1,1,both,1,0,[],"[""5""]","[""CATC""]","[""580""]","[""580""]","[""12.7""]","[""12.7""]","[""1770""]","[{""eleEquivalentFuelConsumption"": ""1.44"", ""powerConsumption"": ""12.7"", ""runingRange"": ""580"", ""workConditionType"": ""CATC""}]",True,[],False,False,False,"[""2023-12-26""]","[""2024-07-11""]","[""按新版能耗标准补充备案""]",old-61-Word97--0-34,原件/免征目录/mf_batch61.doc,d360a77695ccf20f3c17a354a1dd02fc846a7ae8bd18b41492515881a7240b72,False,False,False,False
JL7000BEV57,2,2,2,both,2,0,[],"[""5""]","[""CATC""]","[""520""]","[""520""]","[""14.2""]","[""14.2""]","[""1870"", ""1890""]","[{""eleEquivalentFuelConsumption"": ""1.61"", ""powerConsumption"": ""14.2"", ""runingRange"": ""520"", ""workConditionType"": ""CATC""}]",True,"[""multiple_new_curb_mass_raw_values""]",False,False,False,"[""2023-12-26""]","[""2024-07-11""]","[""按新版能耗标准补充备案""]",old-61-Word97--0-29,原件/免征目录/mf_batch61.doc,d360a77695ccf20f3c17a354a1dd02fc846a7ae8bd18b41492515881a7240b72,False,False,False,False
JL7000BEV58,2,2,2,both,2,0,[],"[""5""]","[""CATC""]","[""520""]","[""520""]","[""14.2""]","[""14.2""]","[""1870"", ""1890""]","[{""eleEquivalentFuelConsumption"": ""1.61"", ""powerConsumption"": ""14.2"", ""runingRange"": ""520"", ""workConditionType"": ""CATC""}]",True,"[""multiple_new_curb_mass_raw_values""]",False,False,False,"[""2023-12-26""]","[""2024-07-11""]","[""按新版能耗标准补充备案""]",old-61-Word97--0-33,原件/免征目录/mf_batch61.doc,d360a77695ccf20f3c17a354a1dd02fc846a7ae8bd18b41492515881a7240b72,False,False,False,False
JL7001BEV18,0,0,0,not_in_observed_filtered_views,0,0,[],[],[],[],[],[],[],[],[],False,[],False,False,False,[],[],[],old-08-PDF-grid-2-0-10,原件/免征目录/mf_batch08.pdf,39b242717c026063c908426a890cd361f1165aa5729988d56303b2f8d5fb3b42,False,False,False,False
JL7001BEV33,0,0,0,not_in_observed_filtered_views,0,0,[],[],[],[],[],[],[],[],[],False,[],False,False,False,[],[],[],old-08-PDF-grid-2-0-7,原件/免征目录/mf_batch08.pdf,39b242717c026063c908426a890cd361f1165aa5729988d56303b2f8d5fb3b42,False,False,False,False
JL7001BEV34,0,0,0,not_in_observed_filtered_views,0,0,[],[],[],[],[],[],[],[],[],False,[],False,False,False,[],[],[],old-07-PDF-grid-1-0-22,原件/免征目录/mf_batch07.pdf,ad8e7f0576c7261a718e5a561358462b598d617361c6f02d7a14fb2038b758b0,False,False,False,False
JL7001BEV35,0,0,0,not_in_observed_filtered_views,0,0,[],[],[],[],[],[],[],[],[],False,[],False,False,False,[],[],[],old-08-PDF-grid-2-0-8,原件/免征目录/mf_batch08.pdf,39b242717c026063c908426a890cd361f1165aa5729988d56303b2f8d5fb3b42,False,False,False,False
JL7001BEV36,0,0,0,not_in_observed_filtered_views,0,0,[],[],[],[],[],[],[],[],[],False,[],False,False,False,[],[],[],old-09-PDF-grid-3-0-12,原件/免征目录/mf_batch09.pdf,7eea7200c04fefec34f6ae6db5a1bae77f82a534348f266e95575cae051c8c8c,False,False,False,False
JL7001BEV38,0,0,0,not_in_observed_filtered_views,0,0,[],[],[],[],[],[],[],[],[],False,[],False,False,False,[],[],[],old-09-PDF-grid-3-0-11,原件/免征目录/mf_batch09.pdf,7eea7200c04fefec34f6ae6db5a1bae77f82a534348f266e95575cae051c8c8c,False,False,False,False
JL7001BEV39,0,0,0,not_in_observed_filtered_views,0,0,[],[],[],[],[],[],[],[],[],False,[],False,False,False,[],[],[],old-09-PDF-grid-3-0-10,原件/免征目录/mf_batch09.pdf,7eea7200c04fefec34f6ae6db5a1bae77f82a534348f266e95575cae051c8c8c,False,False,False,False
JL7001BEV44,0,0,0,not_in_observed_filtered_views,0,0,[],[],[],[],[],[],[],[],[],False,[],False,False,False,[],[],[],old-09-PDF-grid-3-0-13,原件/免征目录/mf_batch09.pdf,7eea7200c04fefec34f6ae6db5a1bae77f82a534348f266e95575cae051c8c8c,False,False,False,False
JL7001BEV45,0,0,0,not_in_observed_filtered_views,0,0,[],[],[],[],[],[],[],[],[],False,[],False,False,False,[],[],[],old-10-PDF-grid-2-0-26,原件/免征目录/mf_batch10.pdf,ac1b1ad2605b4f24762fb1f01cea64b685393577d01648618fa1882bb5700ac3,False,False,False,False
JL7001BEV46,0,0,0,not_in_observed_filtered_views,0,0,[],[],[],[],[],[],[],[],[],False,[],False,False,False,[],[],[],old-10-PDF-grid-2-0-24,原件/免征目录/mf_batch10.pdf,ac1b1ad2605b4f24762fb1f01cea64b685393577d01648618fa1882bb5700ac3,False,False,False,False
JL7001BEV47,0,0,0,not_in_observed_filtered_views,0,0,[],[],[],[],[],[],[],[],[],False,[],False,False,False,[],[],[],old-11-PDF-grid-2-0-7,原件/免征目录/mf_batch11.pdf,ec4f33e5e872841e6d1fa5d435793c285a15614ef2e64f39b9013389b5e51724,False,False,False,False
JL7001BEV49,0,0,0,not_in_observed_filtered_views,0,0,[],[],[],[],[],[],[],[],[],False,[],False,False,False,[],[],[],old-11-PDF-grid-2-0-4,原件/免征目录/mf_batch11.pdf,ec4f33e5e872841e6d1fa5d435793c285a15614ef2e64f39b9013389b5e51724,False,False,False,False
JL7001BEV55,0,0,0,not_in_observed_filtered_views,0,0,[],[],[],[],[],[],[],[],[],False,[],False,False,False,[],[],[],old-13-PDF-grid-2-0-23,原件/免征目录/mf_batch13.pdf,e82c4f41c448edbb5269c95f2ff35d0c577f7ff0d12ff30b2d4c307a1aa31a6b,False,False,False,False
JL7001BEV57,0,0,0,not_in_observed_filtered_views,0,0,[],[],[],[],[],[],[],[],[],False,[],False,False,False,[],[],[],old-15-PDF-grid-1-0-21,原件/免征目录/mf_batch15.pdf,bbb3b1e38c535c13d6ef1bc1f4105509476c91a7e63723dc7a70e372904d90f4,False,False,False,False
JL7001BEV58,0,0,0,not_in_observed_filtered_views,0,0,[],[],[],[],[],[],[],[],[],False,[],False,False,False,[],[],[],old-13-PDF-grid-2-0-21,原件/免征目录/mf_batch13.pdf,e82c4f41c448edbb5269c95f2ff35d0c577f7ff0d12ff30b2d4c307a1aa31a6b,False,False,False,False
JL7001BEV60,0,0,0,not_in_observed_filtered_views,0,0,[],[],[],[],[],[],[],[],[],False,[],False,False,False,[],[],[],old-13-PDF-grid-2-0-20,原件/免征目录/mf_batch13.pdf,e82c4f41c448edbb5269c95f2ff35d0c577f7ff0d12ff30b2d4c307a1aa31a6b,False,False,False,False
JL7001SEV01,0,0,2,old_only,0,0,[],[],"[""CATC""]",[],"[""415""]",[],"[""13.2""]",[],"[{""eleEquivalentFuelConsumption"": ""1.49"", ""powerConsumption"": ""13.2"", ""runingRange"": ""415"", ""workConditionType"": ""CATC""}]",True,[],False,False,False,[],[],[],old-50-Word97--0-29,原件/免征目录/mf_batch50.doc,3810672d92621612507384960254de602e629e75a308df22ee2291519445095e,False,False,False,False
JL7001SEV02,0,0,13,old_only,0,0,[],[],"[""CATC""]",[],"[""407"", ""415""]",[],"[""13.2""]",[],"[{""eleEquivalentFuelConsumption"": ""1.49"", ""powerConsumption"": ""13.2"", ""runingRange"": ""407"", ""workConditionType"": ""CATC""}, {""eleEquivalentFuelConsumption"": ""1.49"", ""powerConsumption"": ""13.2"", ""runingRange"": ""415"", ""workConditionType"": ""CATC""}, {""eleEquivalentFuelConsumption"": ""1.50"", ""powerConsumption"": ""13.2"", ""runingRange"": ""407"", ""workConditionType"": ""CATC""}, {""eleEquivalentFuelConsumption"": ""1.50"", ""powerConsumption"": ""13.2"", ""runingRange"": ""415"", ""workConditionType"": ""CATC""}]",True,"[""multiple_old_range_raw_values""]",False,False,False,[],[],[],old-50-Word97--0-30,原件/免征目录/mf_batch50.doc,3810672d92621612507384960254de602e629e75a308df22ee2291519445095e,False,False,False,False
JL7002BEV05,0,0,3,old_only,0,0,[],[],"[""NEDC""]",[],"[""402""]",[],"[""13.6"", ""14 ""]",[],"[{""eleEquivalentFuelConsumption"": ""1.5"", ""powerConsumption"": ""13.6"", ""runingRange"": ""402"", ""workConditionType"": ""NEDC""}, {""eleEquivalentFuelConsumption"": ""1.50 "", ""powerConsumption"": ""14 "", ""runingRange"": ""402"", ""workConditionType"": ""NEDC""}]",True,"[""multiple_old_consumption_raw_values""]",False,False,False,[],[],[],old-46-Word97--0-31,原件/免征目录/mf_batch46.doc,a4b2048b3d5c29a8969f0348e9fd19a3293f0c23e6f37a48bf42a2ed70c7d37d,False,False,False,False
JL7007BEV01,1,1,2,both,1,0,[],"[""5""]","[""CATC""]","[""120""]","[""120""]","[""9.2""]","[""9.2""]","[""715""]","[{""eleEquivalentFuelConsumption"": ""1.04"", ""powerConsumption"": ""9.2"", ""runingRange"": ""120"", ""workConditionType"": ""CATC""}]",True,[],False,False,False,"[""2024-02-04""]","[""2024-08-05""]","[""按新版能耗标准补充备案""]",old-59-Word97--0-49,原件/免征目录/mf_batch59.doc,32738e2df847e0c74ff96d48b8a13e1dd9c31aee84b7c0a633e2d9c8a3e01f86,False,False,False,False
JL7007BEV02,2,2,2,both,2,0,[],"[""5""]","[""CATC""]","[""200""]","[""200""]","[""9.8""]","[""9.8""]","[""788"", ""797""]","[{""eleEquivalentFuelConsumption"": ""1.11"", ""powerConsumption"": ""9.8"", ""runingRange"": ""200"", ""workConditionType"": ""CATC""}]",True,"[""multiple_new_curb_mass_raw_values""]",False,False,False,"[""2024-02-04""]","[""2026-01-26""]","[""按新版能耗标准补充备案""]",old-61-Word97--0-35,原件/免征目录/mf_batch61.doc,d360a77695ccf20f3c17a354a1dd02fc846a7ae8bd18b41492515881a7240b72,False,False,False,False
JL7007BEV03,2,2,6,both,2,0,[],"[""5""]","[""CATC""]","[""200""]","[""200""]","[""9.8""]","[""9.8""]","[""788"", ""797""]","[{""eleEquivalentFuelConsumption"": ""1.11"", ""powerConsumption"": ""9.8"", ""runingRange"": ""200"", ""workConditionType"": ""CATC""}]",True,"[""multiple_new_curb_mass_raw_values""]",False,False,False,"[""2024-02-04""]","[""2026-01-26""]","[""按新版能耗标准补充备案""]",old-59-Word97--0-48,原件/免征目录/mf_batch59.doc,32738e2df847e0c74ff96d48b8a13e1dd9c31aee84b7c0a633e2d9c8a3e01f86,False,False,False,False
JL7007BEV04,2,2,2,both,2,0,[],"[""5""]","[""CATC""]","[""200""]","[""200""]","[""9.8""]","[""9.8""]","[""797"", ""807""]","[{""eleEquivalentFuelConsumption"": ""1.11"", ""powerConsumption"": ""9.8"", ""runingRange"": ""200"", ""workConditionType"": ""CATC""}]",True,"[""multiple_new_curb_mass_raw_values""]",False,False,False,"[""2024-02-04""]","[""2026-01-26""]","[""按新版能耗标准补充备案""]",old-61-Word97--0-36,原件/免征目录/mf_batch61.doc,d360a77695ccf20f3c17a354a1dd02fc846a7ae8bd18b41492515881a7240b72,False,False,False,False
JL7007BEV05,2,2,2,both,2,0,[],"[""5""]","[""CATC""]","[""200""]","[""200""]","[""9.8""]","[""9.8""]","[""788"", ""797""]","[{""eleEquivalentFuelConsumption"": ""1.11"", ""powerConsumption"": ""9.8"", ""runingRange"": ""200"", ""workConditionType"": ""CATC""}]",True,"[""multiple_new_curb_mass_raw_values""]",False,False,False,"[""2024-02-04""]","[""2026-01-26""]","[""按新版能耗标准补充备案""]",old-69-Word97--0-31,原件/免征目录/mf_batch69.doc,357d61a16c94488c9fdd761f393edb7029b05394ab06117abaebcba1a1e45546,False,False,False,False
JL7007BEV06,2,2,2,both,2,0,[],"[""5""]","[""CATC""]","[""200""]","[""200""]","[""9.8""]","[""9.8""]","[""788"", ""797""]","[{""eleEquivalentFuelConsumption"": ""1.11"", ""powerConsumption"": ""9.8"", ""runingRange"": ""200"", ""workConditionType"": ""CATC""}]",True,"[""multiple_new_curb_mass_raw_values""]",False,False,False,"[""2024-02-04""]","[""2026-01-26""]","[""按新版能耗标准补充备案""]",old-69-Word97--0-32,原件/免征目录/mf_batch69.doc,357d61a16c94488c9fdd761f393edb7029b05394ab06117abaebcba1a1e45546,False,False,False,False
JL7007BEV07,2,2,2,both,2,0,[],"[""5""]","[""CATC""]","[""200""]","[""200""]","[""9.8""]","[""9.8""]","[""797"", ""807""]","[{""eleEquivalentFuelConsumption"": ""1.11"", ""powerConsumption"": ""9.8"", ""runingRange"": ""200"", ""workConditionType"": ""CATC""}]",True,"[""multiple_new_curb_mass_raw_values""]",False,False,False,"[""2024-02-04""]","[""2026-01-26""]","[""按新版能耗标准补充备案""]",old-69-Word97--0-29,原件/免征目录/mf_batch69.doc,357d61a16c94488c9fdd761f393edb7029b05394ab06117abaebcba1a1e45546,False,False,False,False
JL7007BEV08,2,2,2,both,2,0,[],"[""5""]","[""CATC""]","[""200""]","[""200""]","[""9.8""]","[""9.8""]","[""788"", ""797""]","[{""eleEquivalentFuelConsumption"": ""1.11"", ""powerConsumption"": ""9.8"", ""runingRange"": ""200"", ""workConditionType"": ""CATC""}]",True,"[""multiple_new_curb_mass_raw_values""]",False,False,False,"[""2024-02-04""]","[""2026-01-26""]","[""按新版能耗标准补充备案""]",old-69-Word97--0-30,原件/免征目录/mf_batch69.doc,357d61a16c94488c9fdd761f393edb7029b05394ab06117abaebcba1a1e45546,False,False,False,False
JML6451BEV01,0,0,0,not_in_observed_filtered_views,0,0,[],[],[],[],[],[],[],[],[],False,[],False,False,False,[],[],[],old-22-Word97--0-33,原件/免征目录/mf_batch22.doc,eaf3fc1e64742af85b3d4bc90388d0a93154a497fd6c1fb9bf73b857672e1212,False,False,False,False
JML7000BEV01,0,0,0,not_in_observed_filtered_views,0,0,[],[],[],[],[],[],[],[],[],False,[],False,False,False,[],[],[],old-22-Word97--0-34,原件/免征目录/mf_batch22.doc,eaf3fc1e64742af85b3d4bc90388d0a93154a497fd6c1fb9bf73b857672e1212,False,False,False,False
JML7000BEV02,0,0,0,not_in_observed_filtered_views,0,0,[],[],[],[],[],[],[],[],[],False,[],False,False,False,[],[],[],old-23-Word97--0-35,原件/免征目录/mf_batch23.docx,87f838de0da3ba5887f77b2bf5c1dbf5b427e7cef896309a7084c11dd8f5efa0,False,False,False,False
JML7000BEV05,0,0,0,not_in_observed_filtered_views,0,0,[],[],[],[],[],[],[],[],[],False,[],False,False,False,[],[],[],old-27-Word97--0-25,原件/免征目录/mf_batch27.doc,2bd67cf7e1efc03ae93942d0d340ffef87478709520383b6ee4d08baf843ead1,False,False,False,False
JMV6550QRBEV,1,1,2,both,1,0,[],"[""5""]","[""CATC""]","[""390""]","[""345"", ""390""]","[""20.9""]","[""20.9"", ""26.1""]","[""2610""]","[{""eleEquivalentFuelConsumption"": ""2.43"", ""powerConsumption"": ""20.9"", ""runingRange"": ""390"", ""workConditionType"": ""CATC""}, {""eleEquivalentFuelConsumption"": ""2.95"", ""powerConsumption"": ""26.1"", ""runingRange"": ""345"", ""workConditionType"": ""CATC""}]",True,"[""multiple_old_range_raw_values"", ""multiple_old_consumption_raw_values"", ""new_old_range_raw_value_sets_differ"", ""new_old_consumption_raw_value_sets_differ_units_not_normalized""]",False,False,False,"[""2024-04-15""]","[""2024-07-19""]","[""待系统切换""]",old-69-Word97--0-41,原件/免征目录/mf_batch69.doc,357d61a16c94488c9fdd761f393edb7029b05394ab06117abaebcba1a1e45546,False,False,False,False
JNJ6408EV,0,0,0,not_in_observed_filtered_views,0,0,[],[],[],[],[],[],[],[],[],False,[],False,False,False,[],[],[],old-03-PDF-grid-1-0-10,原件/免征目录/mf_batch03.pdf,1367fdf126160143cbeecaedf4a66b528d105bbfa58a06b2118487a2e05000a5,False,False,False,False
JNJ6408EV1,0,0,0,not_in_observed_filtered_views,0,0,[],[],[],[],[],[],[],[],[],False,[],False,False,False,[],[],[],old-06-PDF-grid-1-0-11,原件/免征目录/mf_batch06.pdf,df226dc3953484911afdd265072593abc08c9f66d52a1df7492e215ce15c9b54,False,False,False,False
JNJ6491EV,0,0,0,not_in_observed_filtered_views,0,0,[],[],[],[],[],[],[],[],[],False,[],False,False,False,[],[],[],old-25-Word97--0-90,原件/免征目录/mf_batch25.wps,9d2abe319463522513fe9c90f98bb8d0a825b599267d0b3cc403cec9624b3297,False,False,False,False
JNJ7000EVA11,0,0,0,not_in_observed_filtered_views,0,0,[],[],[],[],[],[],[],[],[],False,[],False,False,False,[],[],[],old-13-PDF-grid-1-0-20,原件/免征目录/mf_batch13.pdf,e82c4f41c448edbb5269c95f2ff35d0c577f7ff0d12ff30b2d4c307a1aa31a6b,False,False,False,False
JNJ7000EVA3,0,0,0,not_in_observed_filtered_views,0,0,[],[],[],[],[],[],[],[],[],False,[],False,False,False,[],[],[],old-04-PDF-grid-1-0-10,原件/免征目录/mf_batch04.pdf,7539cd299efb49a366656a4da32393075bcb03a5e10ea54e975f82f6099d9c81,False,False,False,False
JNJ7000EVA6,0,0,0,not_in_observed_filtered_views,0,0,[],[],[],[],[],[],[],[],[],False,[],False,False,False,[],[],[],old-06-PDF-grid-1-0-13,原件/免征目录/mf_batch06.pdf,df226dc3953484911afdd265072593abc08c9f66d52a1df7492e215ce15c9b54,False,False,False,False
JNJ7000EVA9,0,0,0,not_in_observed_filtered_views,0,0,[],[],[],[],[],[],[],[],[],False,[],False,False,False,[],[],[],old-12-PDF-grid-1-0-23,原件/免征目录/mf_batch12.pdf,afbd7133ccf901dbdc065b2ff80768450dc901def8d216cf5bb87baa98f7a1e2,False,False,False,False
JNJ7000EVB,0,0,0,not_in_observed_filtered_views,0,0,[],[],[],[],[],[],[],[],[],False,[],False,False,False,[],[],[],old-13-PDF-grid-1-0-18,原件/免征目录/mf_batch13.pdf,e82c4f41c448edbb5269c95f2ff35d0c577f7ff0d12ff30b2d4c307a1aa31a6b,False,False,False,False
JNJ7000EVB1,0,0,0,not_in_observed_filtered_views,0,0,[],[],[],[],[],[],[],[],[],False,[],False,False,False,[],[],[],old-20-DOCX--0-22,原件/免征目录/mf_batch20.docx,374d3f87551d75d1c163e76abb38f350ea93f8a2b8cad6174568c307d1cc0130,False,False,False,False
JNJ7000EVB2,0,0,1,old_only,0,0,[],[],"[""CATC""]",[],"[""260""]",[],"[""16.2""]",[],"[{""eleEquivalentFuelConsumption"": ""1.83"", ""powerConsumption"": ""16.2"", ""runingRange"": ""260"", ""workConditionType"": ""CATC""}]",True,[],False,False,False,[],[],[],old-59-Word97--0-54,原件/免征目录/mf_batch59.doc,32738e2df847e0c74ff96d48b8a13e1dd9c31aee84b7c0a633e2d9c8a3e01f86,False,False,False,False
JNJ7000EVC1,0,0,0,not_in_observed_filtered_views,0,0,[],[],[],[],[],[],[],[],[],False,[],False,False,False,[],[],[],old-09-PDF-grid-2-0-6,原件/免征目录/mf_batch09.pdf,7eea7200c04fefec34f6ae6db5a1bae77f82a534348f266e95575cae051c8c8c,False,False,False,False
JNJ7000EVC4,0,0,0,not_in_observed_filtered_views,0,0,[],[],[],[],[],[],[],[],[],False,[],False,False,False,[],[],[],old-18-Word97--0-27,原件/免征目录/mf_batch18.doc,43f5426f7f80996ee11a894710d7229c743abf7ad69ba239f61075e0a9ddd37a,False,False,False,False
JNJ7000EVE3,0,0,0,not_in_observed_filtered_views,0,0,[],[],[],[],[],[],[],[],[],False,[],False,False,False,[],[],[],old-06-PDF-grid-1-0-8,原件/免征目录/mf_batch06.pdf,df226dc3953484911afdd265072593abc08c9f66d52a1df7492e215ce15c9b54,False,False,False,False
JNJ7000EVE4,0,0,0,not_in_observed_filtered_views,0,0,[],[],[],[],[],[],[],[],[],False,[],False,False,False,[],[],[],old-06-PDF-grid-1-0-9,原件/免征目录/mf_batch06.pdf,df226dc3953484911afdd265072593abc08c9f66d52a1df7492e215ce15c9b54,False,False,False,False
JNJ7000EVE6,0,0,0,not_in_observed_filtered_views,0,0,[],[],[],[],[],[],[],[],[],False,[],False,False,False,[],[],[],old-09-PDF-grid-2-0-7,原件/免征目录/mf_batch09.pdf,7eea7200c04fefec34f6ae6db5a1bae77f82a534348f266e95575cae051c8c8c,False,False,False,False
JNJ7000EVE7,0,0,0,not_in_observed_filtered_views,0,0,[],[],[],[],[],[],[],[],[],False,[],False,False,False,[],[],[],old-13-PDF-grid-2-0-2,原件/免征目录/mf_batch13.pdf,e82c4f41c448edbb5269c95f2ff35d0c577f7ff0d12ff30b2d4c307a1aa31a6b,False,False,False,False
JNJ7000EVEA,0,0,0,not_in_observed_filtered_views,0,0,[],[],[],[],[],[],[],[],[],False,[],False,False,False,[],[],[],old-16-Word97--0-24,原件/免征目录/mf_batch16.docx,9db5ace6c1c59bd9636d48636f94fa77d2b6e0aa27b109421690ce6a8c4a3967,False,False,False,False
JNJ7000EVEB,0,0,0,not_in_observed_filtered_views,0,0,[],[],[],[],[],[],[],[],[],False,[],False,False,False,[],[],[],old-18-Word97--0-28,原件/免征目录/mf_batch18.doc,43f5426f7f80996ee11a894710d7229c743abf7ad69ba239f61075e0a9ddd37a,False,False,False,False
JNJ7000EVF,0,0,3,old_only,0,0,[],[],"[""CATC""]",[],"[""406""]",[],"[""11.3""]",[],"[{""eleEquivalentFuelConsumption"": ""1.28"", ""powerConsumption"": ""11.3"", ""runingRange"": ""406"", ""workConditionType"": ""CATC""}]",True,[],False,False,False,[],[],[],old-62-Word97--0-45,原件/免征目录/mf_batch62.doc,7694ac7207998b6af7c895cdd2c1d752421df436d4b28f83195261dd47f6509c,False,False,False,False
JNJ7000EVF1,0,0,3,old_only,0,0,[],[],"[""CATC""]",[],"[""406""]",[],"[""11.3""]",[],"[{""eleEquivalentFuelConsumption"": ""1.28"", ""powerConsumption"": ""11.3"", ""runingRange"": ""406"", ""workConditionType"": ""CATC""}]",True,[],False,False,False,[],[],[],old-59-Word97--0-55,原件/免征目录/mf_batch59.doc,32738e2df847e0c74ff96d48b8a13e1dd9c31aee84b7c0a633e2d9c8a3e01f86,False,False,False,False
JNJ7000EVF2,0,0,3,old_only,0,0,[],[],"[""CATC""]",[],"[""305""]",[],"[""10.6""]",[],"[{""eleEquivalentFuelConsumption"": ""1.20"", ""powerConsumption"": ""10.6"", ""runingRange"": ""305"", ""workConditionType"": ""CATC""}]",True,[],False,False,False,[],[],[],old-62-Word97--0-47,原件/免征目录/mf_batch62.doc,7694ac7207998b6af7c895cdd2c1d752421df436d4b28f83195261dd47f6509c,False,False,False,False
JNJ7000EVF3,0,0,3,old_only,0,0,[],[],"[""CATC""]",[],"[""305""]",[],"[""10.6""]",[],"[{""eleEquivalentFuelConsumption"": ""1.20"", ""powerConsumption"": ""10.6"", ""runingRange"": ""305"", ""workConditionType"": ""CATC""}]",True,[],False,False,False,[],[],[],old-59-Word97--0-56,原件/免征目录/mf_batch59.doc,32738e2df847e0c74ff96d48b8a13e1dd9c31aee84b7c0a633e2d9c8a3e01f86,False,False,False,False
JNJ7000EVF4,0,0,4,old_only,0,0,[],[],"[""CATC""]",[],"[""151""]",[],"[""10.4""]",[],"[{""eleEquivalentFuelConsumption"": ""1.18"", ""powerConsumption"": ""10.4"", ""runingRange"": ""151"", ""workConditionType"": ""CATC""}]",True,[],False,False,False,[],[],[],old-62-Word97--0-46,原件/免征目录/mf_batch62.doc,7694ac7207998b6af7c895cdd2c1d752421df436d4b28f83195261dd47f6509c,False,False,False,False
JNJ7000EVF6,0,0,1,old_only,0,0,[],[],"[""CATC""]",[],"[""151""]",[],"[""10.4""]",[],"[{""eleEquivalentFuelConsumption"": ""1.18"", ""powerConsumption"": ""10.4"", ""runingRange"": ""151"", ""workConditionType"": ""CATC""}]",True,[],False,False,False,[],[],[],old-66-Word97--0-16,原件/免征目录/mf_batch66.doc,05a5fce42de1c5412803fe6a7bb46d04c4d61cb71dc5d88a9b59a3e884350544,False,False,False,False
JNJ7000EVF7,0,0,3,old_only,0,0,[],[],"[""CATC""]",[],"[""406""]",[],"[""11.3""]",[],"[{""eleEquivalentFuelConsumption"": ""1.28"", ""powerConsumption"": ""11.3"", ""runingRange"": ""406"", ""workConditionType"": ""CATC""}]",True,[],False,False,False,[],[],[],old-63-Word97--0-29,原件/免征目录/mf_batch63.doc,1d0f4bf9c7c1f67712e9efa3a5e3222c30d4e438653b9335aaff9714e65f8c05,False,False,False,False
JNJ7000EVK,0,0,0,not_in_observed_filtered_views,0,0,[],[],[],[],[],[],[],[],[],False,[],False,False,False,[],[],[],old-06-PDF-grid-1-0-10,原件/免征目录/mf_batch06.pdf,df226dc3953484911afdd265072593abc08c9f66d52a1df7492e215ce15c9b54,False,False,False,False
JNJ7000EVK1,0,0,0,not_in_observed_filtered_views,0,0,[],[],[],[],[],[],[],[],[],False,[],False,False,False,[],[],[],old-08-PDF-grid-1-0-16,原件/免征目录/mf_batch08.pdf,39b242717c026063c908426a890cd361f1165aa5729988d56303b2f8d5fb3b42,False,False,False,False
JNJ7000EVK5,0,0,0,not_in_observed_filtered_views,0,0,[],[],[],[],[],[],[],[],[],False,[],False,False,False,[],[],[],old-12-PDF-grid-1-0-21,原件/免征目录/mf_batch12.pdf,afbd7133ccf901dbdc065b2ff80768450dc901def8d216cf5bb87baa98f7a1e2,False,False,False,False
JNJ7000EVK9,0,0,0,not_in_observed_filtered_views,0,0,[],[],[],[],[],[],[],[],[],False,[],False,False,False,[],[],[],old-18-Word97--0-30,原件/免征目录/mf_batch18.doc,43f5426f7f80996ee11a894710d7229c743abf7ad69ba239f61075e0a9ddd37a,False,False,False,False
JNJ7000EVKA,0,0,0,not_in_observed_filtered_views,0,0,[],[],[],[],[],[],[],[],[],False,[],False,False,False,[],[],[],old-20-DOCX--0-23,原件/免征目录/mf_batch20.docx,374d3f87551d75d1c163e76abb38f350ea93f8a2b8cad6174568c307d1cc0130,False,False,False,False
JNJ7000EVX,0,0,0,not_in_observed_filtered_views,0,0,[],[],[],[],[],[],[],[],[],False,[],False,False,False,[],[],[],old-03-PDF-grid-1-0-9,原件/免征目录/mf_batch03.pdf,1367fdf126160143cbeecaedf4a66b528d105bbfa58a06b2118487a2e05000a5,False,False,False,False
JNJ7000EVX14,0,0,0,not_in_observed_filtered_views,0,0,[],[],[],[],[],[],[],[],[],False,[],False,False,False,[],[],[],old-10-PDF-grid-2-0-7,原件/免征目录/mf_batch10.pdf,ac1b1ad2605b4f24762fb1f01cea64b685393577d01648618fa1882bb5700ac3,False,False,False,False
JNJ7000EVX17,0,0,0,not_in_observed_filtered_views,0,0,[],[],[],[],[],[],[],[],[],False,[],False,False,False,[],[],[],old-11-PDF-grid-1-0-19,原件/免征目录/mf_batch11.pdf,ec4f33e5e872841e6d1fa5d435793c285a15614ef2e64f39b9013389b5e51724,False,False,False,False
JNJ7000EVX18,0,0,0,not_in_observed_filtered_views,0,0,[],[],[],[],[],[],[],[],[],False,[],False,False,False,[],[],[],old-12-PDF-grid-1-0-20,原件/免征目录/mf_batch12.pdf,afbd7133ccf901dbdc065b2ff80768450dc901def8d216cf5bb87baa98f7a1e2,False,False,False,False
JNJ7000EVX19,0,0,0,not_in_observed_filtered_views,0,0,[],[],[],[],[],[],[],[],[],False,[],False,False,False,[],[],[],old-12-PDF-grid-1-0-22,原件/免征目录/mf_batch12.pdf,afbd7133ccf901dbdc065b2ff80768450dc901def8d216cf5bb87baa98f7a1e2,False,False,False,False
JNJ7000EVX20,0,0,0,not_in_observed_filtered_views,0,0,[],[],[],[],[],[],[],[],[],False,[],False,False,False,[],[],[],old-13-PDF-grid-1-0-21,原件/免征目录/mf_batch13.pdf,e82c4f41c448edbb5269c95f2ff35d0c577f7ff0d12ff30b2d4c307a1aa31a6b,False,False,False,False
JNJ7000EVX21,0,0,0,not_in_observed_filtered_views,0,0,[],[],[],[],[],[],[],[],[],False,[],False,False,False,[],[],[],old-14-Word97--0-18,原件/免征目录/mf_batch14.docx,6a48764b5ccb7c4ffa6f54daa44d3a42095b8a981fc982e774ddaaded41e9921,False,False,False,False
JNJ7000EVX22,0,0,0,not_in_observed_filtered_views,0,0,[],[],[],[],[],[],[],[],[],False,[],False,False,False,[],[],[],old-13-PDF-grid-1-0-19,原件/免征目录/mf_batch13.pdf,e82c4f41c448edbb5269c95f2ff35d0c577f7ff0d12ff30b2d4c307a1aa31a6b,False,False,False,False
JNJ7000EVX25,0,0,0,not_in_observed_filtered_views,0,0,[],[],[],[],[],[],[],[],[],False,[],False,False,False,[],[],[],old-18-Word97--0-31,原件/免征目录/mf_batch18.doc,43f5426f7f80996ee11a894710d7229c743abf7ad69ba239f61075e0a9ddd37a,False,False,False,False
JNJ7000EVX26,0,0,0,not_in_observed_filtered_views,0,0,[],[],[],[],[],[],[],[],[],False,[],False,False,False,[],[],[],old-21-DOCX--0-12,原件/免征目录/mf_batch21.docx,cd981cecffd781db646c194ab2c853b0466cc86eea0f616e95300b88932b8d9b,False,False,False,False
JNJ7000EVX9,0,0,0,not_in_observed_filtered_views,0,0,[],[],[],[],[],[],[],[],[],False,[],False,False,False,[],[],[],old-06-PDF-grid-1-0-19,原件/免征目录/mf_batch06.pdf,df226dc3953484911afdd265072593abc08c9f66d52a1df7492e215ce15c9b54,False,False,False,False
JNJ7000EVZ,0,0,0,not_in_observed_filtered_views,0,0,[],[],[],[],[],[],[],[],[],False,[],False,False,False,[],[],[],old-02-PDF-grid-2-0-8,原件/免征目录/mf_batch02.pdf,0b13b4fd2de6c4de3ab0f8add88bb8d24354d05ca6af46904fe1065c53c9c519,False,False,False,False
JNJ7000EVZ2,0,0,0,not_in_observed_filtered_views,0,0,[],[],[],[],[],[],[],[],[],False,[],False,False,False,[],[],[],old-02-PDF-grid-2-0-9,原件/免征目录/mf_batch02.pdf,0b13b4fd2de6c4de3ab0f8add88bb8d24354d05ca6af46904fe1065c53c9c519,False,False,False,False
JNJ7000EVZ4,0,0,0,not_in_observed_filtered_views,0,0,[],[],[],[],[],[],[],[],[],False,[],False,False,False,[],[],[],old-02-PDF-grid-2-0-10,原件/免征目录/mf_batch02.pdf,0b13b4fd2de6c4de3ab0f8add88bb8d24354d05ca6af46904fe1065c53c9c519,False,False,False,False
JNJ7000EVZ5,0,0,0,not_in_observed_filtered_views,0,0,[],[],[],[],[],[],[],[],[],False,[],False,False,False,[],[],[],old-02-PDF-grid-2-0-11,原件/免征目录/mf_batch02.pdf,0b13b4fd2de6c4de3ab0f8add88bb8d24354d05ca6af46904fe1065c53c9c519,False,False,False,False
JNJ7000EVZ6,0,0,0,not_in_observed_filtered_views,0,0,[],[],[],[],[],[],[],[],[],False,[],False,False,False,[],[],[],old-04-PDF-grid-1-0-8,原件/免征目录/mf_batch04.pdf,7539cd299efb49a366656a4da32393075bcb03a5e10ea54e975f82f6099d9c81,False,False,False,False
JNJ7000EVZ7,0,0,0,not_in_observed_filtered_views,0,0,[],[],[],[],[],[],[],[],[],False,[],False,False,False,[],[],[],old-04-PDF-grid-1-0-9,原件/免征目录/mf_batch04.pdf,7539cd299efb49a366656a4da32393075bcb03a5e10ea54e975f82f6099d9c81,False,False,False,False
JNP7001BEV3,0,0,0,not_in_observed_filtered_views,0,0,[],[],[],[],[],[],[],[],[],False,[],False,False,False,[],[],[],old-05-PDF-grid-1-0-12,原件/免征目录/mf_batch05.pdf,658aa5fbf13859a9bbe1db6235da2f7e79fc325cc34e4c0ec1ffab7f8cc2ebca,False,False,False,False
JNP7001BEV4,0,0,0,not_in_observed_filtered_views,0,0,[],[],[],[],[],[],[],[],[],False,[],False,False,False,[],[],[],old-07-PDF-grid-1-0-18,原件/免征目录/mf_batch07.pdf,ad8e7f0576c7261a718e5a561358462b598d617361c6f02d7a14fb2038b758b0,False,False,False,False
JNP7001BEV5,0,0,0,not_in_observed_filtered_views,0,0,[],[],[],[],[],[],[],[],[],False,[],False,False,False,[],[],[],old-08-PDF-grid-1-0-18,原件/免征目录/mf_batch08.pdf,39b242717c026063c908426a890cd361f1165aa5729988d56303b2f8d5fb3b42,False,False,False,False
JNP7001BEV6,0,0,0,not_in_observed_filtered_views,0,0,[],[],[],[],[],[],[],[],[],False,[],False,False,False,[],[],[],old-08-PDF-grid-1-0-17,原件/免征目录/mf_batch08.pdf,39b242717c026063c908426a890cd361f1165aa5729988d56303b2f8d5fb3b42,False,False,False,False
JNP7002BEV,0,0,0,not_in_observed_filtered_views,0,0,[],[],[],[],[],[],[],[],[],False,[],False,False,False,[],[],[],old-05-PDF-grid-1-0-13,原件/免征目录/mf_batch05.pdf,658aa5fbf13859a9bbe1db6235da2f7e79fc325cc34e4c0ec1ffab7f8cc2ebca,False,False,False,False
JNP7003BEV,0,0,0,not_in_observed_filtered_views,0,0,[],[],[],[],[],[],[],[],[],False,[],False,False,False,[],[],[],old-08-PDF-grid-1-0-20,原件/免征目录/mf_batch08.pdf,39b242717c026063c908426a890cd361f1165aa5729988d56303b2f8d5fb3b42,False,False,False,False
JNP7003BEV1,0,0,0,not_in_observed_filtered_views,0,0,[],[],[],[],[],[],[],[],[],False,[],False,False,False,[],[],[],old-19-DOCX--0-32,原件/免征目录/mf_batch19.docx,fafd1558aa0f21067847c19bdd0a95c79b919737be7b07b87c4538107fb2b8e3,False,False,False,False
JNP7006BEV1,0,0,0,not_in_observed_filtered_views,0,0,[],[],[],[],[],[],[],[],[],False,[],False,False,False,[],[],[],old-09-PDF-grid-2-0-22,原件/免征目录/mf_batch09.pdf,7eea7200c04fefec34f6ae6db5a1bae77f82a534348f266e95575cae051c8c8c,False,False,False,False
JNP7008BEV1,0,0,0,not_in_observed_filtered_views,0,0,[],[],[],[],[],[],[],[],[],False,[],False,False,False,[],[],[],old-25-Word97--0-83,原件/免征目录/mf_batch25.wps,9d2abe319463522513fe9c90f98bb8d0a825b599267d0b3cc403cec9624b3297,False,False,False,False
JNQ6270BEV,0,0,0,not_in_observed_filtered_views,0,0,[],[],[],[],[],[],[],[],[],False,[],False,False,False,[],[],[],old-44-Word97--0-27,原件/免征目录/mf_batch44.doc,aea30846204f4e55c0d969450f1619e1649eb27f471d5b0a2636d0da77eb0611,False,False,False,False
JNQ6320BEV,0,0,0,not_in_observed_filtered_views,0,0,[],[],[],[],[],[],[],[],[],False,[],False,False,False,[],[],[],old-09-PDF-grid-2-0-19,原件/免征目录/mf_batch09.pdf,7eea7200c04fefec34f6ae6db5a1bae77f82a534348f266e95575cae051c8c8c,False,False,False,False
JNQ6320BEV1,0,0,0,not_in_observed_filtered_views,0,0,[],[],[],[],[],[],[],[],[],False,[],False,False,False,[],[],[],old-09-PDF-grid-2-0-18,原件/免征目录/mf_batch09.pdf,7eea7200c04fefec34f6ae6db5a1bae77f82a534348f266e95575cae051c8c8c,False,False,False,False
JNQ6340BEV,0,0,0,not_in_observed_filtered_views,0,0,[],[],[],[],[],[],[],[],[],False,[],False,False,False,[],[],[],old-12-PDF-grid-2-0-5,原件/免征目录/mf_batch12.pdf,afbd7133ccf901dbdc065b2ff80768450dc901def8d216cf5bb87baa98f7a1e2,False,False,False,False
JNQ6450BEV,0,0,0,not_in_observed_filtered_views,0,0,[],[],[],[],[],[],[],[],[],False,[],False,False,False,[],[],[],old-12-PDF-grid-2-0-6,原件/免征目录/mf_batch12.pdf,afbd7133ccf901dbdc065b2ff80768450dc901def8d216cf5bb87baa98f7a1e2,False,False,False,False
JNQ6451BEV,0,0,0,not_in_observed_filtered_views,0,0,[],[],[],[],[],[],[],[],[],False,[],False,False,False,[],[],[],old-27-Word97--0-50,原件/免征目录/mf_batch27.doc,2bd67cf7e1efc03ae93942d0d340ffef87478709520383b6ee4d08baf843ead1,False,False,False,False
JNQ6460BEV2,0,0,0,not_in_observed_filtered_views,0,0,[],[],[],[],[],[],[],[],[],False,[],False,False,False,[],[],[],old-09-PDF-grid-2-0-20,原件/免征目录/mf_batch09.pdf,7eea7200c04fefec34f6ae6db5a1bae77f82a534348f266e95575cae051c8c8c,False,False,False,False
JNQ6460BEV3,0,0,0,not_in_observed_filtered_views,0,0,[],[],[],[],[],[],[],[],[],False,[],False,False,False,[],[],[],old-09-PDF-grid-2-0-17,原件/免征目录/mf_batch09.pdf,7eea7200c04fefec34f6ae6db5a1bae77f82a534348f266e95575cae051c8c8c,False,False,False,False
JWEV2WD,2,2,1,both,2,0,[],"[""5""]","[""CATC""]","[""645""]","[""645""]","[""13.5""]","[""13.5""]","[""2016""]","[{""eleEquivalentFuelConsumption"": ""1.53"", ""powerConsumption"": ""13.5"", ""runingRange"": ""645"", ""workConditionType"": ""CATC""}]",True,[],False,False,False,"[""2022-11-07""]","[""2024-06-26"", ""2024-07-03""]","[""按照新标准更新数据"", ""根据新标准要求更新数据""]",old-64-Word97--0-2,原件/免征目录/mf_batch64.doc,c4e238989e7e40ec2c3a6a899ead170b4a745bc72546ba6fd4a5731d8890c6cb,False,False,False,False
JWEVP4WD,2,2,1,both,2,0,[],"[""5""]","[""CATC""]","[""551""]","[""551""]","[""16.0""]","[""16""]","[""2207""]","[{""eleEquivalentFuelConsumption"": ""1.81"", ""powerConsumption"": ""16"", ""runingRange"": ""551"", ""workConditionType"": ""CATC""}]",True,"[""new_old_consumption_raw_value_sets_differ_units_not_normalized""]",False,False,False,"[""2022-10-25""]","[""2024-06-26"", ""2024-07-03""]","[""按照新标准更新数据"", ""根据新标准要求更新数据""]",old-64-Word97--0-3,原件/免征目录/mf_batch64.doc,c4e238989e7e40ec2c3a6a899ead170b4a745bc72546ba6fd4a5731d8890c6cb,False,False,False,False
JWT6470BEV02,0,0,0,not_in_observed_filtered_views,0,0,[],[],[],[],[],[],[],[],[],False,[],False,False,False,[],[],[],old-33-Word97--0-75,原件/免征目录/mf_batch33.doc,ff98fbb1708c47cdcfc1e79e7a1647e72a7ae6d4255dce3b250d661001340c09,False,False,False,False
JWT6470SEV01,0,0,0,not_in_observed_filtered_views,0,0,[],[],[],[],[],[],[],[],[],False,[],False,False,False,[],[],[],old-33-Word97--0-76,原件/免征目录/mf_batch33.doc,ff98fbb1708c47cdcfc1e79e7a1647e72a7ae6d4255dce3b250d661001340c09,False,False,False,False
JWT6470SEV02,0,0,1,old_only,0,0,[],[],"[""NEDC""]",[],"[""415""]",[],"[""14.2""]",[],"[{""eleEquivalentFuelConsumption"": ""1.6"", ""powerConsumption"": ""14.2"", ""runingRange"": ""415"", ""workConditionType"": ""NEDC""}]",True,[],False,False,False,[],[],[],old-37-Word97--0-28,原件/免征目录/mf_batch37.doc,136057faede292d8070763e326c8dbdcddf3790653cc6879a13758f91556881f,False,False,False,False
JWT6470SEV03,0,0,1,old_only,0,0,[],[],"[""NEDC""]",[],"[""410""]",[],"[""14.4""]",[],"[{""eleEquivalentFuelConsumption"": ""1.6"", ""powerConsumption"": ""14.4"", ""runingRange"": ""410"", ""workConditionType"": ""NEDC""}]",True,[],False,False,False,[],[],[],old-38-Word97--0-13,原件/免征目录/mf_batch38.doc,7c9def45fe5c40e4c5ffb483a1d1efd383c12cb16a5c4ba021d4ce28384776de,False,False,False,False
JWT7001BEV,0,0,1,old_only,0,0,[],[],"[""NEDC""]",[],"[""306""]",[],"[""12.5""]",[],"[{""eleEquivalentFuelConsumption"": ""1.4"", ""powerConsumption"": ""12.5"", ""runingRange"": ""306"", ""workConditionType"": ""NEDC""}]",True,[],False,False,False,[],[],[],old-30-Word97--0-39,原件/免征目录/mf_batch30.doc,e7fa3b47858ec2035b8055bc15be00b2b26920a5e8d3cad481058a80b92ead24,False,False,False,False
JX6462P5BEV,1,1,2,both,1,0,[],"[""5""]","[""CATC"", ""NEDC""]","[""420""]","[""420"", ""435""]","[""15.3""]","[""13.9"", ""15.3""]","[""1770""]","[{""eleEquivalentFuelConsumption"": ""1.6"", ""powerConsumption"": ""13.9"", ""runingRange"": ""435"", ""workConditionType"": ""NEDC""}, {""eleEquivalentFuelConsumption"": ""1.73"", ""powerConsumption"": ""15.3"", ""runingRange"": ""420"", ""workConditionType"": ""CATC""}]",True,"[""multiple_old_cycle_codes"", ""multiple_old_range_raw_values"", ""multiple_old_consumption_raw_values"", ""new_old_range_raw_value_sets_differ"", ""new_old_consumption_raw_value_sets_differ_units_not_normalized""]",False,False,True,"[""2021-11-05""]","[""2024-07-15""]","[""老数据切换新油耗系统""]",old-30-Word97--0-59,原件/免征目录/mf_batch30.doc,e7fa3b47858ec2035b8055bc15be00b2b26920a5e8d3cad481058a80b92ead24,False,False,False,False
JX6462PE5BEV,0,0,0,not_in_observed_filtered_views,0,0,[],[],[],[],[],[],[],[],[],False,[],False,False,False,[],[],[],old-25-Word97--0-82,原件/免征目录/mf_batch25.wps,9d2abe319463522513fe9c90f98bb8d0a825b599267d0b3cc403cec9624b3297,False,False,False,False
JX6470UBEV,0,0,4,old_only,0,0,[],[],"[""NEDC""]",[],"[""503""]",[],"[""13.8""]",[],"[{""eleEquivalentFuelConsumption"": ""1.60"", ""powerConsumption"": ""13.8"", ""runingRange"": ""503"", ""workConditionType"": ""NEDC""}]",True,[],False,False,False,[],[],[],old-25-Word97--0-18,原件/免征目录/mf_batch25.wps,9d2abe319463522513fe9c90f98bb8d0a825b599267d0b3cc403cec9624b3297,False,False,False,False
JX6471UBEV,0,0,4,old_only,0,0,[],[],"[""NEDC""]",[],"[""405""]",[],"[""13.8""]",[],"[{""eleEquivalentFuelConsumption"": ""1.60"", ""powerConsumption"": ""13.8"", ""runingRange"": ""405"", ""workConditionType"": ""NEDC""}]",True,[],False,False,False,[],[],[],old-32-Word97--0-32,原件/免征目录/mf_batch32.doc,ad7c65b4831a05b7c70e1e73fe834aa9beed883c66f898e799fcbbeb43cc3d75,False,False,False,False
JX6472UBEV,0,0,1,old_only,0,0,[],[],"[""NEDC""]",[],"[""563""]",[],"[""14 ""]",[],"[{""eleEquivalentFuelConsumption"": ""1.60 "", ""powerConsumption"": ""14 "", ""runingRange"": ""563"", ""workConditionType"": ""NEDC""}]",True,[],False,False,False,[],[],[],old-41-Word97--0-15,原件/免征目录/mf_batch41.doc,ba4634c0877ebf99f8e462013e4a07e40f57478a4aaf921801a6c85a49c42b7f,False,False,False,False
JX6473UBEV,0,0,4,old_only,0,0,[],[],"[""NEDC""]",[],"[""503""]",[],"[""13.8""]",[],"[{""eleEquivalentFuelConsumption"": ""1.60"", ""powerConsumption"": ""13.8"", ""runingRange"": ""503"", ""workConditionType"": ""NEDC""}]",True,[],False,False,False,[],[],[],old-32-Word97--0-33,原件/免征目录/mf_batch32.doc,ad7c65b4831a05b7c70e1e73fe834aa9beed883c66f898e799fcbbeb43cc3d75,False,False,False,False
JX6490T-M5BEV,1,1,4,both,1,0,[],"[""5""]","[""CATC"", ""NEDC""]","[""267""]","[""267"", ""312""]","[""22.1""]","[""17.8"", ""22.1"", null]","[""2180""]","[{""eleEquivalentFuelConsumption"": ""2.01"", ""powerConsumption"": ""17.8"", ""runingRange"": ""312"", ""workConditionType"": ""NEDC""}, {""eleEquivalentFuelConsumption"": ""2.01"", ""runingRange"": ""312"", ""workConditionType"": ""NEDC""}, {""eleEquivalentFuelConsumption"": ""2.50"", ""powerConsumption"": ""22.1"", ""runingRange"": ""267"", ""workConditionType"": ""CATC""}]",True,"[""multiple_old_cycle_codes"", ""multiple_old_range_raw_values"", ""multiple_old_consumption_raw_values"", ""new_old_range_raw_value_sets_differ"", ""new_old_consumption_raw_value_sets_differ_units_not_normalized""]",False,False,True,"[""2021-09-30""]","[""2024-07-15""]","[""老数据切换新油耗系统""]",old-39-Word97--0-11,原件/免征目录/mf_batch39.doc,48158862f567d71b07ac0a7a60c2c3bc6d2bb44dd5a86290b0b809d757a9eb07,False,False,False,False
JX6510PA5BEV,1,1,1,both,1,0,[],"[""5""]","[""CATC""]","[""303""]","[""303""]","[""20.0""]","[""20.0""]","[""2225""]","[{""eleEquivalentFuelConsumption"": ""2.26"", ""powerConsumption"": ""20.0"", ""runingRange"": ""303"", ""workConditionType"": ""CATC""}]",True,[],False,False,False,"[""2022-01-29""]","[""2024-07-15""]","[""老数据切换新油耗系统""]",old-52-Word97--0-17,原件/免征目录/mf_batch52.doc,650a1430fd7c9a9139970f857a0382498bfd368fe64a95f24c17ca3f49dfa3cc,False,False,False,False
JX6540PD5BEV,0,0,0,not_in_observed_filtered_views,0,0,[],[],[],[],[],[],[],[],[],False,[],False,False,False,[],[],[],old-21-DOCX--0-14,原件/免征目录/mf_batch21.docx,cd981cecffd781db646c194ab2c853b0466cc86eea0f616e95300b88932b8d9b,False,False,False,False
JX6540PF5BEV,0,0,2,old_only,0,0,[],[],"[""NEDC""]",[],"[""360""]",[],[null],[],"[{""eleEquivalentFuelConsumption"": ""1.93"", ""runingRange"": ""360"", ""workConditionType"": ""NEDC""}]",True,[],False,False,False,[],[],[],old-42-Word97--0-20,原件/免征目录/mf_batch42.doc,fef4fd8ea19d773d368642e51a4bdb24c148530251a2240be4ff1358d5d41fab,False,False,False,False
JX6550TA-M5BEV,1,1,1,both,1,0,[],"[""5""]","[""CATC""]","[""345""]","[""345""]","[""26.1""]","[""26.1""]","[""2610""]","[{""eleEquivalentFuelConsumption"": ""2.95"", ""powerConsumption"": ""26.1"", ""runingRange"": ""345"", ""workConditionType"": ""CATC""}]",True,[],False,False,False,"[""2022-09-15""]","[""2024-07-15""]","[""老数据切换新油耗系统""]",old-59-Word97--0-53,原件/免征目录/mf_batch59.doc,32738e2df847e0c74ff96d48b8a13e1dd9c31aee84b7c0a633e2d9c8a3e01f86,False,False,False,False
JX6556T-M6BEV,4,4,4,both,4,0,[],"[""5""]","[""CATC""]","[""463"", ""465""]","[""406"", ""465""]","[""19.3"", ""21.1""]","[""21.1"", ""24.3""]","[""2660"", ""2835""]","[{""eleEquivalentFuelConsumption"": ""2.45"", ""powerConsumption"": ""21.1"", ""runingRange"": ""465"", ""workConditionType"": ""CATC""}, {""eleEquivalentFuelConsumption"": ""2.82"", ""powerConsumption"": ""24.3"", ""runingRange"": ""406"", ""workConditionType"": ""CATC""}]",True,"[""multiple_new_range_raw_values"", ""multiple_old_range_raw_values"", ""multiple_new_consumption_raw_values"", ""multiple_old_consumption_raw_values"", ""multiple_new_curb_mass_raw_values"", ""new_old_range_raw_value_sets_differ"", ""new_old_consumption_raw_value_sets_differ_units_not_normalized""]",False,False,False,"[""2023-05-09"", ""2025-12-31""]","[""2024-07-15"", ""2026-01-13""]","[""老数据切换新油耗系统""]",old-67-Word97--0-15,原件/免征目录/mf_batch67.doc,963a02fcc1f361414f4f003c6d63e00b178d0b962134ed2206c38978f3118101,False,False,False,False
JX6556TA-M6BEV,2,2,4,both,2,0,[],"[""5""]","[""CATC""]","[""357""]","[""306"", ""357""]","[""20.6""]","[""20.6"", ""22.8""]","[""2515"", ""2685""]","[{""eleEquivalentFuelConsumption"": ""2.39"", ""powerConsumption"": ""20.6"", ""runingRange"": ""357"", ""workConditionType"": ""CATC""}, {""eleEquivalentFuelConsumption"": ""2.65"", ""powerConsumption"": ""22.8"", ""runingRange"": ""306"", ""workConditionType"": ""CATC""}]",True,"[""multiple_old_range_raw_values"", ""multiple_old_consumption_raw_values"", ""multiple_new_curb_mass_raw_values"", ""new_old_range_raw_value_sets_differ"", ""new_old_consumption_raw_value_sets_differ_units_not_normalized""]",False,False,False,"[""2023-08-15""]","[""2024-07-15""]","[""老数据切换新油耗系统""]",old-68-Word97--0-19,原件/免征目录/mf_batch68.doc,58113d08377020d08de0aeb0e08ff63c4a4411dbe35ad69cfdd6f82fdf0fcc77,False,False,False,False
JX6556TB-M6BEV,4,4,4,both,4,0,[],"[""5""]","[""CATC""]","[""463"", ""465""]","[""406"", ""465""]","[""19.3"", ""21.1""]","[""21.1"", ""24.3""]","[""2660"", ""2835""]","[{""eleEquivalentFuelConsumption"": ""2.45"", ""powerConsumption"": ""21.1"", ""runingRange"": ""465"", ""workConditionType"": ""CATC""}, {""eleEquivalentFuelConsumption"": ""2.82"", ""powerConsumption"": ""24.3"", ""runingRange"": ""406"", ""workConditionType"": ""CATC""}]",True,"[""multiple_new_range_raw_values"", ""multiple_old_range_raw_values"", ""multiple_new_consumption_raw_values"", ""multiple_old_consumption_raw_values"", ""multiple_new_curb_mass_raw_values"", ""new_old_range_raw_value_sets_differ"", ""new_old_consumption_raw_value_sets_differ_units_not_normalized""]",False,False,False,"[""2023-05-09"", ""2025-12-31""]","[""2024-07-15"", ""2026-01-13""]","[""老数据切换新油耗系统""]",old-66-Word97--0-14,原件/免征目录/mf_batch66.doc,05a5fce42de1c5412803fe6a7bb46d04c4d61cb71dc5d88a9b59a3e884350544,False,False,False,False
JX6556TC-M6BEV,2,2,4,both,2,0,[],"[""5""]","[""CATC""]","[""357""]","[""306"", ""357""]","[""20.6""]","[""20.6"", ""22.8""]","[""2515"", ""2685""]","[{""eleEquivalentFuelConsumption"": ""2.39"", ""powerConsumption"": ""20.6"", ""runingRange"": ""357"", ""workConditionType"": ""CATC""}, {""eleEquivalentFuelConsumption"": ""2.65"", ""powerConsumption"": ""22.8"", ""runingRange"": ""306"", ""workConditionType"": ""CATC""}]",True,"[""multiple_old_range_raw_values"", ""multiple_old_consumption_raw_values"", ""multiple_new_curb_mass_raw_values"", ""new_old_range_raw_value_sets_differ"", ""new_old_consumption_raw_value_sets_differ_units_not_normalized""]",False,False,False,"[""2023-08-15""]","[""2024-07-15""]","[""老数据切换新油耗系统""]",old-68-Word97--0-20,原件/免征目录/mf_batch68.doc,58113d08377020d08de0aeb0e08ff63c4a4411dbe35ad69cfdd6f82fdf0fcc77,False,False,False,False
JX6570T-M5BEV,2,2,10,both,2,0,[],"[""5""]","[""CATC"", ""NEDC""]","[""293""]","[""293"", ""301""]","[""22.8""]","[""19.2"", ""22.8"", null]","[""2295"", ""2360""]","[{""eleEquivalentFuelConsumption"": ""2.17"", ""powerConsumption"": ""19.2"", ""runingRange"": ""301"", ""workConditionType"": ""NEDC""}, {""eleEquivalentFuelConsumption"": ""2.17"", ""runingRange"": ""301"", ""workConditionType"": ""NEDC""}, {""eleEquivalentFuelConsumption"": ""2.58"", ""powerConsumption"": ""22.8"", ""runingRange"": ""293"", ""workConditionType"": ""CATC""}]",True,"[""multiple_old_cycle_codes"", ""multiple_old_range_raw_values"", ""multiple_old_consumption_raw_values"", ""multiple_new_curb_mass_raw_values"", ""new_old_range_raw_value_sets_differ"", ""new_old_consumption_raw_value_sets_differ_units_not_normalized""]",False,False,True,"[""2021-09-30""]","[""2024-07-15""]","[""老数据切换新油耗系统""]",old-40-Word97-correction--8-2,原件/免征目录/mf_batch40.doc,93047c8e87a1f45948933ee36d00160788032370ecf11b551624e0ca45ecc1d1,False,False,False,False
JX70010BEV,0,0,0,not_in_observed_filtered_views,0,0,[],[],[],[],[],[],[],[],[],False,[],False,False,False,[],[],[],old-07-PDF-grid-1-0-14,原件/免征目录/mf_batch07.pdf,ad8e7f0576c7261a718e5a561358462b598d617361c6f02d7a14fb2038b758b0,False,False,False,False
JX70011BEV,0,0,0,not_in_observed_filtered_views,0,0,[],[],[],[],[],[],[],[],[],False,[],False,False,False,[],[],[],old-10-PDF-grid-2-0-9,原件/免征目录/mf_batch10.pdf,ac1b1ad2605b4f24762fb1f01cea64b685393577d01648618fa1882bb5700ac3,False,False,False,False
JX70012BEV,0,0,0,not_in_observed_filtered_views,0,0,[],[],[],[],[],[],[],[],[],False,[],False,False,False,[],[],[],old-10-PDF-grid-2-0-10,原件/免征目录/mf_batch10.pdf,ac1b1ad2605b4f24762fb1f01cea64b685393577d01648618fa1882bb5700ac3,False,False,False,False
JX70013BEV,0,0,0,not_in_observed_filtered_views,0,0,[],[],[],[],[],[],[],[],[],False,[],False,False,False,[],[],[],old-10-PDF-grid-2-0-8,原件/免征目录/mf_batch10.pdf,ac1b1ad2605b4f24762fb1f01cea64b685393577d01648618fa1882bb5700ac3,False,False,False,False
JX70014BEV,0,0,0,not_in_observed_filtered_views,0,0,[],[],[],[],[],[],[],[],[],False,[],False,False,False,[],[],[],old-11-PDF-grid-1-0-21,原件/免征目录/mf_batch11.pdf,ec4f33e5e872841e6d1fa5d435793c285a15614ef2e64f39b9013389b5e51724,False,False,False,False
JX70015BEV,0,0,0,not_in_observed_filtered_views,0,0,[],[],[],[],[],[],[],[],[],False,[],False,False,False,[],[],[],old-12-PDF-grid-2-0-2,原件/免征目录/mf_batch12.pdf,afbd7133ccf901dbdc065b2ff80768450dc901def8d216cf5bb87baa98f7a1e2,False,False,False,False
JX70016BEV,0,0,0,not_in_observed_filtered_views,0,0,[],[],[],[],[],[],[],[],[],False,[],False,False,False,[],[],[],old-11-PDF-grid-1-0-20,原件/免征目录/mf_batch11.pdf,ec4f33e5e872841e6d1fa5d435793c285a15614ef2e64f39b9013389b5e51724,False,False,False,False
JX70019BEV,0,0,0,not_in_observed_filtered_views,0,0,[],[],[],[],[],[],[],[],[],False,[],False,False,False,[],[],[],old-13-PDF-grid-2-0-5,原件/免征目录/mf_batch13.pdf,e82c4f41c448edbb5269c95f2ff35d0c577f7ff0d12ff30b2d4c307a1aa31a6b,False,False,False,False
JX7001ERABEV,1,1,3,both,1,0,[],"[""5""]","[""CATC"", ""NEDC""]","[""450""]","[""401"", ""450""]","[""12.2""]","[""12.2"", ""12.9""]","[""1460""]","[{""eleEquivalentFuelConsumption"": ""1.38"", ""powerConsumption"": ""12.2"", ""runingRange"": ""450"", ""workConditionType"": ""CATC""}, {""eleEquivalentFuelConsumption"": ""1.5"", ""powerConsumption"": ""12.9"", ""runingRange"": ""401"", ""workConditionType"": ""NEDC""}]",True,"[""multiple_old_cycle_codes"", ""multiple_old_range_raw_values"", ""multiple_old_consumption_raw_values"", ""new_old_range_raw_value_sets_differ"", ""new_old_consumption_raw_value_sets_differ_units_not_normalized""]",False,False,True,"[""2023-09-13""]","[""2024-07-11""]","[""该产品是已有公告的在产产品，油耗新系统是近期才更新的系统""]",old-40-Word97--0-17,原件/免征目录/mf_batch40.doc,93047c8e87a1f45948933ee36d00160788032370ecf11b551624e0ca45ecc1d1,False,False,False,False
JX7001ERBBEV,1,1,4,both,1,0,[],"[""5""]","[""CATC"", ""NEDC""]","[""430""]","[""401"", ""430""]","[""12.4""]","[""12.4"", ""12.9""]","[""1470""]","[{""eleEquivalentFuelConsumption"": ""1.40"", ""powerConsumption"": ""12.4"", ""runingRange"": ""430"", ""workConditionType"": ""CATC""}, {""eleEquivalentFuelConsumption"": ""1.5"", ""powerConsumption"": ""12.9"", ""runingRange"": ""401"", ""workConditionType"": ""NEDC""}]",True,"[""multiple_old_cycle_codes"", ""multiple_old_range_raw_values"", ""multiple_old_consumption_raw_values"", ""new_old_range_raw_value_sets_differ"", ""new_old_consumption_raw_value_sets_differ_units_not_normalized""]",False,False,True,"[""2023-10-18""]","[""2024-07-11""]","[""该产品是已有公告的在产产品，油耗新系统是近期才更新的系统""]",old-40-Word97--0-18,原件/免征目录/mf_batch40.doc,93047c8e87a1f45948933ee36d00160788032370ecf11b551624e0ca45ecc1d1,False,False,False,False
JX7001ERCBEV,1,1,4,both,1,0,[],"[""5""]","[""CATC"", ""NEDC""]","[""550""]","[""501"", ""550""]","[""12.5""]","[""12.5"", ""13""]","[""1570""]","[{""eleEquivalentFuelConsumption"": ""1.41"", ""powerConsumption"": ""12.5"", ""runingRange"": ""550"", ""workConditionType"": ""CATC""}, {""eleEquivalentFuelConsumption"": ""1.5"", ""powerConsumption"": ""13"", ""runingRange"": ""501"", ""workConditionType"": ""NEDC""}]",True,"[""multiple_old_cycle_codes"", ""multiple_old_range_raw_values"", ""multiple_old_consumption_raw_values"", ""new_old_range_raw_value_sets_differ"", ""new_old_consumption_raw_value_sets_differ_units_not_normalized""]",False,False,True,"[""2023-10-18""]","[""2024-07-11""]","[""该产品是已有公告的在产产品，油耗新系统是近期才更新的系统""]",old-39-Word97--0-33,原件/免征目录/mf_batch39.doc,48158862f567d71b07ac0a7a60c2c3bc6d2bb44dd5a86290b0b809d757a9eb07,False,False,False,False
JX7001ERDBEV,1,1,4,both,1,0,[],"[""5""]","[""CATC"", ""NEDC""]","[""470""]","[""450"", ""470""]","[""14.5""]","[""14.5"", ""14.8"", null]","[""1680""]","[{""eleEquivalentFuelConsumption"": ""1.64"", ""powerConsumption"": ""14.5"", ""runingRange"": ""470"", ""workConditionType"": ""CATC""}, {""eleEquivalentFuelConsumption"": ""1.7"", ""powerConsumption"": ""14.8"", ""runingRange"": ""450"", ""workConditionType"": ""NEDC""}, {""eleEquivalentFuelConsumption"": ""1.70 "", ""runingRange"": ""450"", ""workConditionType"": ""NEDC""}]",True,"[""multiple_old_cycle_codes"", ""multiple_old_range_raw_values"", ""multiple_old_consumption_raw_values"", ""new_old_range_raw_value_sets_differ"", ""new_old_consumption_raw_value_sets_differ_units_not_normalized""]",False,False,True,"[""2024-05-31""]","[""2024-07-11""]","[""该产品是已有公告的在产产品，油耗新系统是近期才更新的系统""]",old-44-Word97--0-32,原件/免征目录/mf_batch44.doc,aea30846204f4e55c0d969450f1619e1649eb27f471d5b0a2636d0da77eb0611,False,False,False,False
JX7001EREBEV,1,1,1,both,1,0,[],"[""5""]","[""CATC""]","[""520""]","[""520""]","[""12.5""]","[""12.5""]","[""1570""]","[{""eleEquivalentFuelConsumption"": ""1.41"", ""powerConsumption"": ""12.5"", ""runingRange"": ""520"", ""workConditionType"": ""CATC""}]",True,[],False,False,False,"[""2023-10-18""]","[""2024-07-11""]","[""该产品是已有公告的在产产品，油耗新系统是近期才更新的系统""]",old-60-Word97--0-12,原件/免征目录/mf_batch60.doc,aabd19e9a0955380873798454b18b3bb15c87937dffcbb0ccfab2eae3bf3551b,False,False,False,False
JX7001ERFBEV,1,1,1,both,1,0,[],"[""5""]","[""CATC""]","[""401""]","[""401""]","[""12.0""]","[""12.0""]","[""1535""]","[{""eleEquivalentFuelConsumption"": ""1.36"", ""powerConsumption"": ""12.0"", ""runingRange"": ""401"", ""workConditionType"": ""CATC""}]",True,[],False,False,False,"[""2023-10-18""]","[""2024-07-11""]","[""该产品是已有公告的在产产品，油耗新系统是近期才更新的系统""]",old-65-Word97--0-44,原件/免征目录/mf_batch65.doc,06a6a578a9a60516a845bc92deac49954438a789e9e4a7cf3cd140f256d9b13d,False,False,False,False
JX7001ESABEV,0,0,0,not_in_observed_filtered_views,0,0,[],[],[],[],[],[],[],[],[],False,[],False,False,False,[],[],[],old-19-DOCX--0-30,原件/免征目录/mf_batch19.docx,fafd1558aa0f21067847c19bdd0a95c79b919737be7b07b87c4538107fb2b8e3,False,False,False,False
JX7001ESBBEV,0,0,0,not_in_observed_filtered_views,0,0,[],[],[],[],[],[],[],[],[],False,[],False,False,False,[],[],[],old-19-DOCX--0-31,原件/免征目录/mf_batch19.docx,fafd1558aa0f21067847c19bdd0a95c79b919737be7b07b87c4538107fb2b8e3,False,False,False,False
JX7001ESDBEV,0,0,1,old_only,0,0,[],[],"[""NEDC""]",[],"[""301""]",[],[null],[],"[{""eleEquivalentFuelConsumption"": ""1.30 "", ""runingRange"": ""301"", ""workConditionType"": ""NEDC""}]",True,[],False,False,False,[],[],[],old-20-DOCX--0-33,原件/免征目录/mf_batch20.docx,374d3f87551d75d1c163e76abb38f350ea93f8a2b8cad6174568c307d1cc0130,False,False,False,False
JX7001ESEBEV,0,0,1,old_only,0,0,[],[],"[""NEDC""]",[],"[""320""]",[],[null],[],"[{""eleEquivalentFuelConsumption"": ""1.20 "", ""runingRange"": ""320"", ""workConditionType"": ""NEDC""}]",True,[],False,False,False,[],[],[],old-24-Word97--1-14,原件/免征目录/mf_batch24.wps,07775a0cb063fe0fce5880b9378dd1eb2522b725d645cabdee314d604779939d,False,False,False,False
JX7001ESFBEV,0,0,1,old_only,0,0,[],[],"[""NEDC""]",[],"[""320""]",[],[null],[],"[{""eleEquivalentFuelConsumption"": ""1.10 "", ""runingRange"": ""320"", ""workConditionType"": ""NEDC""}]",True,[],False,False,False,[],[],[],old-24-Word97--1-15,原件/免征目录/mf_batch24.wps,07775a0cb063fe0fce5880b9378dd1eb2522b725d645cabdee314d604779939d,False,False,False,False
JX7001ESGBEV,0,0,1,old_only,0,0,[],[],"[""NEDC""]",[],"[""302""]",[],[null],[],"[{""eleEquivalentFuelConsumption"": ""1.20 "", ""runingRange"": ""302"", ""workConditionType"": ""NEDC""}]",True,[],False,False,False,[],[],[],old-24-Word97--1-16,原件/免征目录/mf_batch24.wps,07775a0cb063fe0fce5880b9378dd1eb2522b725d645cabdee314d604779939d,False,False,False,False
JX7001ESHBEV,0,0,1,old_only,0,0,[],[],"[""NEDC""]",[],"[""302""]",[],[null],[],"[{""eleEquivalentFuelConsumption"": ""1.20 "", ""runingRange"": ""302"", ""workConditionType"": ""NEDC""}]",True,[],False,False,False,[],[],[],old-26-DOCX--0-19,原件/免征目录/mf_batch26.docx,de0890335ef3a4f1302a8a0735ec8b6aed52e994e2635db481820060d62248b5,False,False,False,False
JX7001ESLBEV,1,1,3,both,1,0,[],"[""5""]","[""CATC"", ""NEDC""]","[""320""]","[""302"", ""320""]","[""10.7""]","[""10.7"", ""11.3"", null]","[""1125""]","[{""eleEquivalentFuelConsumption"": ""1.2"", ""powerConsumption"": ""11.3"", ""runingRange"": ""302"", ""workConditionType"": ""NEDC""}, {""eleEquivalentFuelConsumption"": ""1.20 "", ""runingRange"": ""302"", ""workConditionType"": ""NEDC""}, {""eleEquivalentFuelConsumption"": ""1.21"", ""powerConsumption"": ""10.7"", ""runingRange"": ""320"", ""workConditionType"": ""CATC""}]",True,"[""multiple_old_cycle_codes"", ""multiple_old_range_raw_values"", ""multiple_old_consumption_raw_values"", ""new_old_range_raw_value_sets_differ"", ""new_old_consumption_raw_value_sets_differ_units_not_normalized""]",False,False,True,"[""2023-07-17""]","[""2024-07-11""]","[""该产品是已有公告的在产产品，油耗新系统是近期才更新的系统""]",old-33-Word97--0-69,原件/免征目录/mf_batch33.doc,ff98fbb1708c47cdcfc1e79e7a1647e72a7ae6d4255dce3b250d661001340c09,False,False,False,False
JX7001ESMBEV,1,1,2,both,1,0,[],"[""5""]","[""CATC""]","[""251""]","[""251""]","[""10.0""]","[""1.13"", ""10""]","[""1080""]","[{""eleEquivalentFuelConsumption"": ""1.13"", ""powerConsumption"": ""1.13"", ""runingRange"": ""251"", ""workConditionType"": ""CATC""}, {""eleEquivalentFuelConsumption"": ""1.13"", ""powerConsumption"": ""10"", ""runingRange"": ""251"", ""workConditionType"": ""CATC""}]",True,"[""multiple_old_consumption_raw_values"", ""new_old_consumption_raw_value_sets_differ_units_not_normalized""]",False,False,False,"[""2023-12-12""]","[""2024-07-11""]","[""该产品是已有公告的在产产品，油耗新系统是近期才更新的系统""]",old-67-Word97--0-28,原件/免征目录/mf_batch67.doc,963a02fcc1f361414f4f003c6d63e00b178d0b962134ed2206c38978f3118101,False,False,False,False
JX7001EUABEV,0,0,1,old_only,0,0,[],[],"[""NEDC""]",[],"[""401""]",[],[null],[],"[{""eleEquivalentFuelConsumption"": ""1.60 "", ""runingRange"": ""401"", ""workConditionType"": ""NEDC""}]",True,[],False,False,False,[],[],[],old-22-Word97--0-57,原件/免征目录/mf_batch22.doc,eaf3fc1e64742af85b3d4bc90388d0a93154a497fd6c1fb9bf73b857672e1212,False,False,False,False
JX7001EUBBEV,0,0,0,not_in_observed_filtered_views,0,0,[],[],[],[],[],[],[],[],[],False,[],False,False,False,[],[],[],old-23-Word97--0-37,原件/免征目录/mf_batch23.docx,87f838de0da3ba5887f77b2bf5c1dbf5b427e7cef896309a7084c11dd8f5efa0,False,False,False,False
JX7001EUCBEV,0,0,0,not_in_observed_filtered_views,0,0,[],[],[],[],[],[],[],[],[],False,[],False,False,False,[],[],[],old-32-Word97--0-40,原件/免征目录/mf_batch32.doc,ad7c65b4831a05b7c70e1e73fe834aa9beed883c66f898e799fcbbeb43cc3d75,False,False,False,False
JX7001EUDBEV,0,0,0,not_in_observed_filtered_views,0,0,[],[],[],[],[],[],[],[],[],False,[],False,False,False,[],[],[],old-32-Word97--0-41,原件/免征目录/mf_batch32.doc,ad7c65b4831a05b7c70e1e73fe834aa9beed883c66f898e799fcbbeb43cc3d75,False,False,False,False
JX70020BEV,0,0,0,not_in_observed_filtered_views,0,0,[],[],[],[],[],[],[],[],[],False,[],False,False,False,[],[],[],old-12-PDF-grid-2-0-4,原件/免征目录/mf_batch12.pdf,afbd7133ccf901dbdc065b2ff80768450dc901def8d216cf5bb87baa98f7a1e2,False,False,False,False
JX70021BEV,0,0,0,not_in_observed_filtered_views,0,0,[],[],[],[],[],[],[],[],[],False,[],False,False,False,[],[],[],old-12-PDF-grid-2-0-3,原件/免征目录/mf_batch12.pdf,afbd7133ccf901dbdc065b2ff80768450dc901def8d216cf5bb87baa98f7a1e2,False,False,False,False
JX70022BEV,0,0,0,not_in_observed_filtered_views,0,0,[],[],[],[],[],[],[],[],[],False,[],False,False,False,[],[],[],old-13-PDF-grid-2-0-6,原件/免征目录/mf_batch13.pdf,e82c4f41c448edbb5269c95f2ff35d0c577f7ff0d12ff30b2d4c307a1aa31a6b,False,False,False,False
JX70023BEV,0,0,0,not_in_observed_filtered_views,0,0,[],[],[],[],[],[],[],[],[],False,[],False,False,False,[],[],[],old-13-PDF-grid-2-0-4,原件/免征目录/mf_batch13.pdf,e82c4f41c448edbb5269c95f2ff35d0c577f7ff0d12ff30b2d4c307a1aa31a6b,False,False,False,False
JX70025BEV,0,0,0,not_in_observed_filtered_views,0,0,[],[],[],[],[],[],[],[],[],False,[],False,False,False,[],[],[],old-16-Word97--0-28,原件/免征目录/mf_batch16.docx,9db5ace6c1c59bd9636d48636f94fa77d2b6e0aa27b109421690ce6a8c4a3967,False,False,False,False
JX70026BEV,0,0,0,not_in_observed_filtered_views,0,0,[],[],[],[],[],[],[],[],[],False,[],False,False,False,[],[],[],old-16-Word97--0-26,原件/免征目录/mf_batch16.docx,9db5ace6c1c59bd9636d48636f94fa77d2b6e0aa27b109421690ce6a8c4a3967,False,False,False,False
JX70027BEV,0,0,0,not_in_observed_filtered_views,0,0,[],[],[],[],[],[],[],[],[],False,[],False,False,False,[],[],[],old-16-Word97--0-27,原件/免征目录/mf_batch16.docx,9db5ace6c1c59bd9636d48636f94fa77d2b6e0aa27b109421690ce6a8c4a3967,False,False,False,False
JX70028BEV,0,0,0,not_in_observed_filtered_views,0,0,[],[],[],[],[],[],[],[],[],False,[],False,False,False,[],[],[],old-16-Word97--0-29,原件/免征目录/mf_batch16.docx,9db5ace6c1c59bd9636d48636f94fa77d2b6e0aa27b109421690ce6a8c4a3967,False,False,False,False
JX70029BEV,0,0,0,not_in_observed_filtered_views,0,0,[],[],[],[],[],[],[],[],[],False,[],False,False,False,[],[],[],old-16-Word97--0-25,原件/免征目录/mf_batch16.docx,9db5ace6c1c59bd9636d48636f94fa77d2b6e0aa27b109421690ce6a8c4a3967,False,False,False,False
JX7002ESCBEV,0,0,1,old_only,0,0,[],[],"[""NEDC""]",[],"[""305""]",[],[null],[],"[{""eleEquivalentFuelConsumption"": ""1.20 "", ""runingRange"": ""305"", ""workConditionType"": ""NEDC""}]",True,[],False,False,False,[],[],[],old-21-DOCX--0-15,原件/免征目录/mf_batch21.docx,cd981cecffd781db646c194ab2c853b0466cc86eea0f616e95300b88932b8d9b,False,False,False,False
JX7002ESDBEV,0,0,1,old_only,0,0,[],[],"[""NEDC""]",[],"[""252""]",[],[null],[],"[{""eleEquivalentFuelConsumption"": ""1.10 "", ""runingRange"": ""252"", ""workConditionType"": ""NEDC""}]",True,[],False,False,False,[],[],[],old-25-Word97--0-32,原件/免征目录/mf_batch25.wps,9d2abe319463522513fe9c90f98bb8d0a825b599267d0b3cc403cec9624b3297,False,False,False,False
JX7002ESFBEV,0,0,1,old_only,0,0,[],[],"[""NEDC""]",[],"[""252""]",[],[null],[],"[{""eleEquivalentFuelConsumption"": ""1.10 "", ""runingRange"": ""252"", ""workConditionType"": ""NEDC""}]",True,[],False,False,False,[],[],[],old-26-DOCX--0-22,原件/免征目录/mf_batch26.docx,de0890335ef3a4f1302a8a0735ec8b6aed52e994e2635db481820060d62248b5,False,False,False,False
JX70031BEV,0,0,0,not_in_observed_filtered_views,0,0,[],[],[],[],[],[],[],[],[],False,[],False,False,False,[],[],[],old-17-PDF-grid-2-0-10,原件/免征目录/mf_batch17.pdf,577a4ba9c586fe08565f6a60e6de5474698031566d8dcef484cd44335879e334,False,False,False,False
JX70032BEV,0,0,0,not_in_observed_filtered_views,0,0,[],[],[],[],[],[],[],[],[],False,[],False,False,False,[],[],[],old-17-PDF-grid-2-0-11,原件/免征目录/mf_batch17.pdf,577a4ba9c586fe08565f6a60e6de5474698031566d8dcef484cd44335879e334,False,False,False,False
JX70033BEV,0,0,0,not_in_observed_filtered_views,0,0,[],[],[],[],[],[],[],[],[],False,[],False,False,False,[],[],[],old-18-Word97--0-59,原件/免征目录/mf_batch18.doc,43f5426f7f80996ee11a894710d7229c743abf7ad69ba239f61075e0a9ddd37a,False,False,False,False
JX70034BEV,0,0,0,not_in_observed_filtered_views,0,0,[],[],[],[],[],[],[],[],[],False,[],False,False,False,[],[],[],old-18-Word97--0-60,原件/免征目录/mf_batch18.doc,43f5426f7f80996ee11a894710d7229c743abf7ad69ba239f61075e0a9ddd37a,False,False,False,False
JX70035BEV,0,0,0,not_in_observed_filtered_views,0,0,[],[],[],[],[],[],[],[],[],False,[],False,False,False,[],[],[],old-18-Word97--0-61,原件/免征目录/mf_batch18.doc,43f5426f7f80996ee11a894710d7229c743abf7ad69ba239f61075e0a9ddd37a,False,False,False,False
JX70036BEV,0,0,0,not_in_observed_filtered_views,0,0,[],[],[],[],[],[],[],[],[],False,[],False,False,False,[],[],[],old-20-DOCX--0-25,原件/免征目录/mf_batch20.docx,374d3f87551d75d1c163e76abb38f350ea93f8a2b8cad6174568c307d1cc0130,False,False,False,False
JX70038BEV,0,0,0,not_in_observed_filtered_views,0,0,[],[],[],[],[],[],[],[],[],False,[],False,False,False,[],[],[],old-20-DOCX--0-26,原件/免征目录/mf_batch20.docx,374d3f87551d75d1c163e76abb38f350ea93f8a2b8cad6174568c307d1cc0130,False,False,False,False
JX7003ESABEV,0,0,1,old_only,0,0,[],[],"[""NEDC""]",[],"[""302""]",[],[null],[],"[{""eleEquivalentFuelConsumption"": ""1.10 "", ""runingRange"": ""302"", ""workConditionType"": ""NEDC""}]",True,[],False,False,False,[],[],[],old-21-DOCX--0-16,原件/免征目录/mf_batch21.docx,cd981cecffd781db646c194ab2c853b0466cc86eea0f616e95300b88932b8d9b,False,False,False,False
JX7004BEV,0,0,0,not_in_observed_filtered_views,0,0,[],[],[],[],[],[],[],[],[],False,[],False,False,False,[],[],[],old-04-PDF-grid-1-0-13,原件/免征目录/mf_batch04.pdf,7539cd299efb49a366656a4da32393075bcb03a5e10ea54e975f82f6099d9c81,False,False,False,False
JX7004ESABEV,1,1,1,both,1,0,[],"[""5""]","[""CATC""]","[""175""]","[""175""]","[""9.7""]","[""9.7""]","[""930""]","[{""eleEquivalentFuelConsumption"": ""1.10"", ""powerConsumption"": ""9.7"", ""runingRange"": ""175"", ""workConditionType"": ""CATC""}]",True,[],False,False,False,"[""2022-05-11""]","[""2024-07-11""]","[""该产品是已有公告的在产产品，油耗新系统是近期才更新的系统""]",old-54-Word97--0-22,原件/免征目录/mf_batch54.doc,e4ce106fc0fb21bc61cac40ff0de97e60dff2d18b5b7d24c494bb74873312fd7,False,False,False,False
JX7004ESBBEV,2,2,2,both,2,0,[],"[""5""]","[""CATC""]","[""201""]","[""201""]","[""9.2""]","[""9.2""]","[""890""]","[{""eleEquivalentFuelConsumption"": ""1.04"", ""powerConsumption"": ""9.2"", ""runingRange"": ""201"", ""workConditionType"": ""CATC""}]",True,[],False,False,False,"[""2023-12-12""]","[""2024-07-11""]","[""该产品是已有公告的在产产品，油耗新系统是近期才更新的系统""]",old-65-Word97--0-45,原件/免征目录/mf_batch65.doc,06a6a578a9a60516a845bc92deac49954438a789e9e4a7cf3cd140f256d9b13d,False,False,False,False
JX7005BEV,0,0,0,not_in_observed_filtered_views,0,0,[],[],[],[],[],[],[],[],[],False,[],False,False,False,[],[],[],old-06-PDF-grid-1-0-21,原件/免征目录/mf_batch06.pdf,df226dc3953484911afdd265072593abc08c9f66d52a1df7492e215ce15c9b54,False,False,False,False
JX7006BEV,0,0,0,not_in_observed_filtered_views,0,0,[],[],[],[],[],[],[],[],[],False,[],False,False,False,[],[],[],old-06-PDF-grid-1-0-20,原件/免征目录/mf_batch06.pdf,df226dc3953484911afdd265072593abc08c9f66d52a1df7492e215ce15c9b54,False,False,False,False
JX7008BEV,0,0,0,not_in_observed_filtered_views,0,0,[],[],[],[],[],[],[],[],[],False,[],False,False,False,[],[],[],old-07-PDF-grid-1-0-16,原件/免征目录/mf_batch07.pdf,ad8e7f0576c7261a718e5a561358462b598d617361c6f02d7a14fb2038b758b0,False,False,False,False
KMA10L-AWDBSC2,0,0,3,old_only,0,0,[],[],"[""CATC"", ""NEDC""]",[],"[""400""]",[],"[""13.1"", null]",[],"[{""eleEquivalentFuelConsumption"": ""1.5"", ""powerConsumption"": ""13.1"", ""runingRange"": ""400"", ""workConditionType"": ""CATC""}, {""eleEquivalentFuelConsumption"": ""1.5"", ""runingRange"": ""400"", ""workConditionType"": ""NEDC""}, {""runingRange"": ""400"", ""workConditionType"": ""NEDC""}]",True,"[""multiple_old_cycle_codes"", ""multiple_old_consumption_raw_values""]",False,False,True,[],[],[],old-31-Word97--0-28,原件/免征目录/mf_batch31.doc,e1ccec4a87ab96ca346e5756d6b14369eb9727ec2c2cfd03c1182a592ddd3bee,False,False,False,False
LBA6431AABEV,0,0,0,not_in_observed_filtered_views,0,0,[],[],[],[],[],[],[],[],[],False,[],False,False,False,[],[],[],old-14-Word97--0-2,原件/免征目录/mf_batch14.docx,6a48764b5ccb7c4ffa6f54daa44d3a42095b8a981fc982e774ddaaded41e9921,False,False,False,False
LBA6431BABEV,0,0,0,not_in_observed_filtered_views,0,0,[],[],[],[],[],[],[],[],[],False,[],False,False,False,[],[],[],old-14-Word97--0-3,原件/免征目录/mf_batch14.docx,6a48764b5ccb7c4ffa6f54daa44d3a42095b8a981fc982e774ddaaded41e9921,False,False,False,False
LBA6450AABEV,0,0,0,not_in_observed_filtered_views,0,0,[],[],[],[],[],[],[],[],[],False,[],False,False,False,[],[],[],old-12-PDF-grid-1-0-2,原件/免征目录/mf_batch12.pdf,afbd7133ccf901dbdc065b2ff80768450dc901def8d216cf5bb87baa98f7a1e2,False,False,False,False
LBA7000BABEV,0,0,0,not_in_observed_filtered_views,0,0,[],[],[],[],[],[],[],[],[],False,[],False,False,False,[],[],[],old-19-DOCX--0-28,原件/免征目录/mf_batch19.docx,fafd1558aa0f21067847c19bdd0a95c79b919737be7b07b87c4538107fb2b8e3,False,False,False,False
LBA7000CABEV,0,0,0,not_in_observed_filtered_views,0,0,[],[],[],[],[],[],[],[],[],False,[],False,False,False,[],[],[],old-21-DOCX--0-13,原件/免征目录/mf_batch21.docx,cd981cecffd781db646c194ab2c853b0466cc86eea0f616e95300b88932b8d9b,False,False,False,False
LBA7001AABEV,0,0,1,old_only,0,0,[],[],"[""NEDC""]",[],"[""161""]",[],[null],[],"[{""eleEquivalentFuelConsumption"": ""1.22"", ""runingRange"": ""161"", ""workConditionType"": ""NEDC""}]",True,[],False,False,False,[],[],[],old-47-Word97--0-29,原件/免征目录/mf_batch47.doc,fb4517fe8220b10bc435a77a5328df13c732c70b335942dfad0ae9394affe9b4,False,False,False,False
LBA7001BABEV,0,0,1,old_only,0,0,[],[],"[""NEDC""]",[],"[""322""]",[],[null],[],"[{""eleEquivalentFuelConsumption"": ""1.28"", ""runingRange"": ""322"", ""workConditionType"": ""NEDC""}]",True,[],False,False,False,[],[],[],old-47-Word97--0-28,原件/免征目录/mf_batch47.doc,fb4517fe8220b10bc435a77a5328df13c732c70b335942dfad0ae9394affe9b4,False,False,False,False
LBA7002AABEV,0,0,0,not_in_observed_filtered_views,0,0,[],[],[],[],[],[],[],[],[],False,[],False,False,False,[],[],[],old-22-Word97--0-56,原件/免征目录/mf_batch22.doc,eaf3fc1e64742af85b3d4bc90388d0a93154a497fd6c1fb9bf73b857672e1212,False,False,False,False
LBA7004AABEV,1,1,1,both,1,0,[],"[""5""]","[""CATC""]","[""172""]","[""172""]","[""8.2""]","[""8.2""]","[""740""]","[{""eleEquivalentFuelConsumption"": ""0.9"", ""powerConsumption"": ""8.2"", ""runingRange"": ""172"", ""workConditionType"": ""CATC""}]",True,[],False,False,False,"[""2023-09-13""]","[""2024-07-25""]","[""根据通知要求补充备案""]",old-69-Word97--0-80,原件/免征目录/mf_batch69.doc,357d61a16c94488c9fdd761f393edb7029b05394ab06117abaebcba1a1e45546,False,False,False,False
LF6401BEV,0,0,0,not_in_observed_filtered_views,0,0,[],[],[],[],[],[],[],[],[],False,[],False,False,False,[],[],[],old-06-PDF-grid-2-0-17,原件/免征目录/mf_batch06.pdf,df226dc3953484911afdd265072593abc08c9f66d52a1df7492e215ce15c9b54,False,False,False,False
LF6401DEV,0,0,0,not_in_observed_filtered_views,0,0,[],[],[],[],[],[],[],[],[],False,[],False,False,False,[],[],[],old-09-PDF-grid-3-0-22,原件/免征目录/mf_batch09.pdf,7eea7200c04fefec34f6ae6db5a1bae77f82a534348f266e95575cae051c8c8c,False,False,False,False
LF6401EEV,0,0,0,not_in_observed_filtered_views,0,0,[],[],[],[],[],[],[],[],[],False,[],False,False,False,[],[],[],old-13-PDF-grid-2-0-26,原件/免征目录/mf_batch13.pdf,e82c4f41c448edbb5269c95f2ff35d0c577f7ff0d12ff30b2d4c307a1aa31a6b,False,False,False,False
LF6401EV,0,0,0,not_in_observed_filtered_views,0,0,[],[],[],[],[],[],[],[],[],False,[],False,False,False,[],[],[],old-05-PDF-grid-2-0-3,原件/免征目录/mf_batch05.pdf,658aa5fbf13859a9bbe1db6235da2f7e79fc325cc34e4c0ec1ffab7f8cc2ebca,False,False,False,False
LF6420EV,0,0,0,not_in_observed_filtered_views,0,0,[],[],[],[],[],[],[],[],[],False,[],False,False,False,[],[],[],old-18-Word97--0-38,原件/免征目录/mf_batch18.doc,43f5426f7f80996ee11a894710d7229c743abf7ad69ba239f61075e0a9ddd37a,False,False,False,False
LF6440EV,0,0,0,not_in_observed_filtered_views,0,0,[],[],[],[],[],[],[],[],[],False,[],False,False,False,[],[],[],old-19-DOCX--0-59,原件/免征目录/mf_batch19.docx,fafd1558aa0f21067847c19bdd0a95c79b919737be7b07b87c4538107fb2b8e3,False,False,False,False
LF6440EV2,0,0,0,not_in_observed_filtered_views,0,0,[],[],[],[],[],[],[],[],[],False,[],False,False,False,[],[],[],old-23-Word97--0-39,原件/免征目录/mf_batch23.docx,87f838de0da3ba5887f77b2bf5c1dbf5b427e7cef896309a7084c11dd8f5efa0,False,False,False,False
LF6470EV,0,0,0,not_in_observed_filtered_views,0,0,[],[],[],[],[],[],[],[],[],False,[],False,False,False,[],[],[],old-19-DOCX--0-60,原件/免征目录/mf_batch19.docx,fafd1558aa0f21067847c19bdd0a95c79b919737be7b07b87c4538107fb2b8e3,False,False,False,False
LF6473SEV,0,0,10,old_only,0,0,[],[],"[""CATC"", ""NEDC""]",[],"[""407"", ""415""]",[],"[""14.2"", ""14.4""]",[],"[{""eleEquivalentFuelConsumption"": ""1.6"", ""powerConsumption"": ""14.2"", ""runingRange"": ""415"", ""workConditionType"": ""NEDC""}, {""eleEquivalentFuelConsumption"": ""1.63"", ""powerConsumption"": ""14.4"", ""runingRange"": ""407"", ""workConditionType"": ""CATC""}]",True,"[""multiple_old_cycle_codes"", ""multiple_old_range_raw_values"", ""multiple_old_consumption_raw_values""]",False,False,True,[],[],[],old-41-Word97--0-7,原件/免征目录/mf_batch41.doc,ba4634c0877ebf99f8e462013e4a07e40f57478a4aaf921801a6c85a49c42b7f,False,False,False,False
LF6473SEV1,0,0,10,old_only,0,0,[],[],"[""CATC""]",[],"[""407"", ""410"", ""480""]",[],"[""14.1"", ""14.4""]",[],"[{""eleEquivalentFuelConsumption"": ""1.59"", ""powerConsumption"": ""14.1"", ""runingRange"": ""480"", ""workConditionType"": ""CATC""}, {""eleEquivalentFuelConsumption"": ""1.63"", ""powerConsumption"": ""14.4"", ""runingRange"": ""407"", ""workConditionType"": ""CATC""}, {""eleEquivalentFuelConsumption"": ""1.63"", ""powerConsumption"": ""14.4"", ""runingRange"": ""410"", ""workConditionType"": ""CATC""}]",True,"[""multiple_old_range_raw_values"", ""multiple_old_consumption_raw_values""]",False,False,False,[],[],[],old-48-Word97--0-11,原件/免征目录/mf_batch48.doc,ee5aa19736215cfcb3b76ffff90bcd0d9108c61758ccb756f7d4ad17e75a835c,False,False,False,False
LF7001SEV1,0,0,4,old_only,0,0,[],[],"[""CATC""]",[],"[""407""]",[],"[""13.2""]",[],"[{""eleEquivalentFuelConsumption"": ""1.49"", ""powerConsumption"": ""13.2"", ""runingRange"": ""407"", ""workConditionType"": ""CATC""}]",True,[],False,False,False,[],[],[],old-48-Word97--0-12,原件/免征目录/mf_batch48.doc,ee5aa19736215cfcb3b76ffff90bcd0d9108c61758ccb756f7d4ad17e75a835c,False,False,False,False
LF7001SEV2,3,3,8,both,3,0,[],"[""5""]","[""CATC""]","[""402"", ""407"", ""415""]","[""415""]","[""13.2"", ""14.0""]","[""13.2""]","[""1535"", ""1575""]","[{""eleEquivalentFuelConsumption"": ""1.49"", ""powerConsumption"": ""13.2"", ""runingRange"": ""415"", ""workConditionType"": ""CATC""}]",True,"[""multiple_new_range_raw_values"", ""multiple_new_consumption_raw_values"", ""multiple_new_curb_mass_raw_values"", ""new_old_range_raw_value_sets_differ"", ""new_old_consumption_raw_value_sets_differ_units_not_normalized""]",False,False,False,"[""2024-07-09""]","[""2024-07-27""]",[],old-48-Word97--0-10,原件/免征目录/mf_batch48.doc,ee5aa19736215cfcb3b76ffff90bcd0d9108c61758ccb756f7d4ad17e75a835c,False,False,False,False
LF7002CEV260,0,0,0,not_in_observed_filtered_views,0,0,[],[],[],[],[],[],[],[],[],False,[],False,False,False,[],[],[],old-05-PDF-grid-1-0-17,原件/免征目录/mf_batch05.pdf,658aa5fbf13859a9bbe1db6235da2f7e79fc325cc34e4c0ec1ffab7f8cc2ebca,False,False,False,False
LF7002EEV,0,0,0,not_in_observed_filtered_views,0,0,[],[],[],[],[],[],[],[],[],False,[],False,False,False,[],[],[],old-06-PDF-grid-2-0-15,原件/免征目录/mf_batch06.pdf,df226dc3953484911afdd265072593abc08c9f66d52a1df7492e215ce15c9b54,False,False,False,False
LF7002EEV400,0,0,0,not_in_observed_filtered_views,0,0,[],[],[],[],[],[],[],[],[],False,[],False,False,False,[],[],[],old-13-PDF-grid-2-0-25,原件/免征目录/mf_batch13.pdf,e82c4f41c448edbb5269c95f2ff35d0c577f7ff0d12ff30b2d4c307a1aa31a6b,False,False,False,False
LF7002FEV,0,0,0,not_in_observed_filtered_views,0,0,[],[],[],[],[],[],[],[],[],False,[],False,False,False,[],[],[],old-09-PDF-grid-3-0-20,原件/免征目录/mf_batch09.pdf,7eea7200c04fefec34f6ae6db5a1bae77f82a534348f266e95575cae051c8c8c,False,False,False,False
LF7002GEV,0,0,0,not_in_observed_filtered_views,0,0,[],[],[],[],[],[],[],[],[],False,[],False,False,False,[],[],[],old-11-PDF-grid-2-0-9,原件/免征目录/mf_batch11.pdf,ec4f33e5e872841e6d1fa5d435793c285a15614ef2e64f39b9013389b5e51724,False,False,False,False
LF7002KEV,0,0,0,not_in_observed_filtered_views,0,0,[],[],[],[],[],[],[],[],[],False,[],False,False,False,[],[],[],old-18-Word97--0-37,原件/免征目录/mf_batch18.doc,43f5426f7f80996ee11a894710d7229c743abf7ad69ba239f61075e0a9ddd37a,False,False,False,False
LF7002PEV,0,0,0,not_in_observed_filtered_views,0,0,[],[],[],[],[],[],[],[],[],False,[],False,False,False,[],[],[],old-17-PDF-grid-2-0-23,原件/免征目录/mf_batch17.pdf,577a4ba9c586fe08565f6a60e6de5474698031566d8dcef484cd44335879e334,False,False,False,False
LF7002PEV3,0,0,0,not_in_observed_filtered_views,0,0,[],[],[],[],[],[],[],[],[],False,[],False,False,False,[],[],[],old-20-DOCX--0-84,原件/免征目录/mf_batch20.docx,374d3f87551d75d1c163e76abb38f350ea93f8a2b8cad6174568c307d1cc0130,False,False,False,False
LF7002REV,0,0,0,not_in_observed_filtered_views,0,0,[],[],[],[],[],[],[],[],[],False,[],False,False,False,[],[],[],old-19-DOCX--0-56,原件/免征目录/mf_batch19.docx,fafd1558aa0f21067847c19bdd0a95c79b919737be7b07b87c4538107fb2b8e3,False,False,False,False
LF7002SEV,0,0,0,not_in_observed_filtered_views,0,0,[],[],[],[],[],[],[],[],[],False,[],False,False,False,[],[],[],old-24-Word97--4-16,原件/免征目录/mf_batch24.wps,07775a0cb063fe0fce5880b9378dd1eb2522b725d645cabdee314d604779939d,False,False,False,False
LF7004DEV,0,0,0,not_in_observed_filtered_views,0,0,[],[],[],[],[],[],[],[],[],False,[],False,False,False,[],[],[],old-06-PDF-grid-2-0-14,原件/免征目录/mf_batch06.pdf,df226dc3953484911afdd265072593abc08c9f66d52a1df7492e215ce15c9b54,False,False,False,False
LF7004EV,0,0,0,not_in_observed_filtered_views,0,0,[],[],[],[],[],[],[],[],[],False,[],False,False,False,[],[],[],old-05-PDF-grid-1-0-18,原件/免征目录/mf_batch05.pdf,658aa5fbf13859a9bbe1db6235da2f7e79fc325cc34e4c0ec1ffab7f8cc2ebca,False,False,False,False
LF7004FEV,0,0,0,not_in_observed_filtered_views,0,0,[],[],[],[],[],[],[],[],[],False,[],False,False,False,[],[],[],old-09-PDF-grid-3-0-21,原件/免征目录/mf_batch09.pdf,7eea7200c04fefec34f6ae6db5a1bae77f82a534348f266e95575cae051c8c8c,False,False,False,False
LF7004GEV,0,0,0,not_in_observed_filtered_views,0,0,[],[],[],[],[],[],[],[],[],False,[],False,False,False,[],[],[],old-11-PDF-grid-2-0-10,原件/免征目录/mf_batch11.pdf,ec4f33e5e872841e6d1fa5d435793c285a15614ef2e64f39b9013389b5e51724,False,False,False,False
LF7007EV,0,0,0,not_in_observed_filtered_views,0,0,[],[],[],[],[],[],[],[],[],False,[],False,False,False,[],[],[],old-06-PDF-grid-2-0-16,原件/免征目录/mf_batch06.pdf,df226dc3953484911afdd265072593abc08c9f66d52a1df7492e215ce15c9b54,False,False,False,False
LF7007FEV,0,0,0,not_in_observed_filtered_views,0,0,[],[],[],[],[],[],[],[],[],False,[],False,False,False,[],[],[],old-19-DOCX--0-57,原件/免征目录/mf_batch19.docx,fafd1558aa0f21067847c19bdd0a95c79b919737be7b07b87c4538107fb2b8e3,False,False,False,False
LF7007FEV1,0,0,0,not_in_observed_filtered_views,0,0,[],[],[],[],[],[],[],[],[],False,[],False,False,False,[],[],[],old-19-DOCX--0-58,原件/免征目录/mf_batch19.docx,fafd1558aa0f21067847c19bdd0a95c79b919737be7b07b87c4538107fb2b8e3,False,False,False,False
LTS6510H1BEV,3,3,4,both,3,0,[],"[""5""]","[""CATC""]","[""640""]","[""640""]","[""20.1""]","[""20.1""]","[""2570"", ""2600""]","[{""eleEquivalentFuelConsumption"": ""2.27"", ""powerConsumption"": ""20.1"", ""runingRange"": ""640"", ""workConditionType"": ""CATC""}]",True,"[""multiple_new_curb_mass_raw_values""]",False,False,False,"[""2024-03-08"", ""2025-02-17"", ""2025-12-31""]","[""2024-07-01"", ""2025-02-26"", ""2026-04-14""]","[""恢复配置"", ""按新版能耗补充备案""]",old-62-Word97--0-24,原件/免征目录/mf_batch62.doc,7694ac7207998b6af7c895cdd2c1d752421df436d4b28f83195261dd47f6509c,False,False,False,False
LTS6510H2BEV,3,3,2,both,3,0,[],"[""5""]","[""CATC""]","[""650"", ""680""]","[""650""]","[""19.0"", ""19.8""]","[""19.8""]","[""2600""]","[{""eleEquivalentFuelConsumption"": ""2.24"", ""powerConsumption"": ""19.8"", ""runingRange"": ""650"", ""workConditionType"": ""CATC""}]",True,"[""multiple_new_range_raw_values"", ""multiple_new_consumption_raw_values"", ""new_old_range_raw_value_sets_differ"", ""new_old_consumption_raw_value_sets_differ_units_not_normalized""]",False,False,False,"[""2024-03-08"", ""2024-12-30"", ""2025-12-31""]","[""2024-07-01"", ""2025-01-09"", ""2026-04-14""]","[""恢复配置"", ""按新版能耗补充备案""]",old-62-Word97--0-27,原件/免征目录/mf_batch62.doc,7694ac7207998b6af7c895cdd2c1d752421df436d4b28f83195261dd47f6509c,False,False,False,False
LTS6510H3BEV,10,10,4,both,10,0,[],"[""5""]","[""CATC""]","[""650"", ""680"", ""700"", ""720""]","[""650"", ""700"", ""720""]","[""17.9"", ""18.6"", ""19.0"", ""19.8""]","[""17.9"", ""18.6"", ""19.8""]","[""2495"", ""2545"", ""2600""]","[{""eleEquivalentFuelConsumption"": ""2.02"", ""powerConsumption"": ""17.9"", ""runingRange"": ""720"", ""workConditionType"": ""CATC""}, {""eleEquivalentFuelConsumption"": ""2.10"", ""powerConsumption"": ""18.6"", ""runingRange"": ""700"", ""workConditionType"": ""CATC""}, {""eleEquivalentFuelConsumption"": ""2.24"", ""powerConsumption"": ""19.8"", ""runingRange"": ""650"", ""workConditionType"": ""CATC""}]",True,"[""multiple_new_range_raw_values"", ""multiple_old_range_raw_values"", ""multiple_new_consumption_raw_values"", ""multiple_old_consumption_raw_values"", ""multiple_new_curb_mass_raw_values"", ""new_old_range_raw_value_sets_differ"", ""new_old_consumption_raw_value_sets_differ_units_not_normalized""]",False,False,False,"[""2024-03-08"", ""2025-02-17"", ""2025-12-31""]","[""2024-07-01"", ""2025-02-26"", ""2025-08-11"", ""2026-04-14""]","[""/"", ""恢复配置"", ""按新版能耗补充备案""]",old-62-Word97--0-25,原件/免征目录/mf_batch62.doc,7694ac7207998b6af7c895cdd2c1d752421df436d4b28f83195261dd47f6509c,False,False,False,False
LTS6510H4BEV,2,2,4,both,2,0,[],"[""5""]","[""CATC""]","[""535""]","[""535""]","[""24.1""]","[""24.1""]","[""2670""]","[{""eleEquivalentFuelConsumption"": ""2.73"", ""powerConsumption"": ""24.1"", ""runingRange"": ""535"", ""workConditionType"": ""CATC""}]",True,[],False,False,False,"[""2024-03-08"", ""2024-12-30""]","[""2024-07-01"", ""2025-01-09""]","[""按新版能耗补充备案""]",old-62-Word97--0-28,原件/免征目录/mf_batch62.doc,7694ac7207998b6af7c895cdd2c1d752421df436d4b28f83195261dd47f6509c,False,False,False,False
LTS6510H5BEV,2,2,2,both,2,0,[],"[""5""]","[""CATC""]","[""560""]","[""560""]","[""23.9""]","[""23.9""]","[""2690""]","[{""eleEquivalentFuelConsumption"": ""2.70"", ""powerConsumption"": ""23.9"", ""runingRange"": ""560"", ""workConditionType"": ""CATC""}]",True,[],False,False,False,"[""2024-03-08"", ""2024-12-30""]","[""2024-07-01"", ""2025-01-09""]","[""按新版能耗补充备案""]",old-62-Word97--0-29,原件/免征目录/mf_batch62.doc,7694ac7207998b6af7c895cdd2c1d752421df436d4b28f83195261dd47f6509c,False,False,False,False
LTS6510H6BEV,2,2,2,both,2,0,[],"[""5""]","[""CATC""]","[""565""]","[""565""]","[""22.8""]","[""22.8""]","[""2660""]","[{""eleEquivalentFuelConsumption"": ""2.58"", ""powerConsumption"": ""22.8"", ""runingRange"": ""565"", ""workConditionType"": ""CATC""}]",True,[],False,False,False,"[""2024-03-08"", ""2024-12-30""]","[""2024-07-01"", ""2025-01-09""]","[""按新版能耗补充备案""]",old-62-Word97--0-26,原件/免征目录/mf_batch62.doc,7694ac7207998b6af7c895cdd2c1d752421df436d4b28f83195261dd47f6509c,False,False,False,False
LZ6460XLD0EV,1,1,1,both,1,0,[],"[""5""]","[""CATC""]","[""410""]","[""410""]","[""13.7""]","[""13.7""]","[""1660""]","[{""eleEquivalentFuelConsumption"": ""1.55"", ""powerConsumption"": ""13.7"", ""runingRange"": ""410"", ""workConditionType"": ""CATC""}]",True,[],False,False,False,"[""2023-10-18""]","[""2024-07-01""]","[""新版油耗数据备案""]",old-70-Word97--0-34,原件/免征目录/mf_batch70.doc,29b9f5df62602e114f0ed01426c185fdb15a654022cdf16d4df624bb736ed813,False,False,False,False
LZ6462MLAEV,0,0,0,not_in_observed_filtered_views,0,0,[],[],[],[],[],[],[],[],[],False,[],False,False,False,[],[],[],old-14-Word97--0-9,原件/免征目录/mf_batch14.docx,6a48764b5ccb7c4ffa6f54daa44d3a42095b8a981fc982e774ddaaded41e9921,False,False,False,False
LZ6463MLAEV,0,0,0,not_in_observed_filtered_views,0,0,[],[],[],[],[],[],[],[],[],False,[],False,False,False,[],[],[],old-14-Word97--0-10,原件/免征目录/mf_batch14.docx,6a48764b5ccb7c4ffa6f54daa44d3a42095b8a981fc982e774ddaaded41e9921,False,False,False,False
LZ6510MLAEV,0,0,0,not_in_observed_filtered_views,0,0,[],[],[],[],[],[],[],[],[],False,[],False,False,False,[],[],[],old-14-Word97--0-8,原件/免征目录/mf_batch14.docx,6a48764b5ccb7c4ffa6f54daa44d3a42095b8a981fc982e774ddaaded41e9921,False,False,False,False
LZ6510MLANEV,0,0,0,not_in_observed_filtered_views,0,0,[],[],[],[],[],[],[],[],[],False,[],False,False,False,[],[],[],old-19-DOCX--0-12,原件/免征目录/mf_batch19.docx,fafd1558aa0f21067847c19bdd0a95c79b919737be7b07b87c4538107fb2b8e3,False,False,False,False
LZ6511MLAEV,0,0,0,not_in_observed_filtered_views,0,0,[],[],[],[],[],[],[],[],[],False,[],False,False,False,[],[],[],old-20-DOCX--0-9,原件/免征目录/mf_batch20.docx,374d3f87551d75d1c163e76abb38f350ea93f8a2b8cad6174568c307d1cc0130,False,False,False,False
LZ6511MLANEV,0,0,0,not_in_observed_filtered_views,0,0,[],[],[],[],[],[],[],[],[],False,[],False,False,False,[],[],[],old-27-Word97--0-32,原件/免征目录/mf_batch27.doc,2bd67cf7e1efc03ae93942d0d340ffef87478709520383b6ee4d08baf843ead1,False,False,False,False
LZ6512MLAEV,0,0,0,not_in_observed_filtered_views,0,0,[],[],[],[],[],[],[],[],[],False,[],False,False,False,[],[],[],old-19-DOCX--0-13,原件/免征目录/mf_batch19.docx,fafd1558aa0f21067847c19bdd0a95c79b919737be7b07b87c4538107fb2b8e3,False,False,False,False
LZ6512MLANEV,0,0,4,old_only,0,0,[],[],"[""NEDC""]",[],"[""420"", null]",[],"[""16.8"", null]",[],"[{""eleEquivalentFuelConsumption"": ""1.8"", ""powerConsumption"": ""16.8"", ""runingRange"": ""420"", ""workConditionType"": ""NEDC""}, {""eleEquivalentFuelConsumption"": ""1.8"", ""powerConsumption"": ""16.8"", ""workConditionType"": ""NEDC""}, {""eleEquivalentFuelConsumption"": ""1.8"", ""runingRange"": ""420"", ""workConditionType"": ""NEDC""}]",True,"[""multiple_old_range_raw_values"", ""multiple_old_consumption_raw_values""]",False,False,False,[],[],[],old-28-Word97--0-10,原件/免征目录/mf_batch28.doc,dfe1b301a5e8373e94e0e4a2fccee3d258c56bb662e4928764a71274142acd72,False,False,False,False
LZ6513MLAEV,0,0,0,not_in_observed_filtered_views,0,0,[],[],[],[],[],[],[],[],[],False,[],False,False,False,[],[],[],old-27-Word97--0-33,原件/免征目录/mf_batch27.doc,2bd67cf7e1efc03ae93942d0d340ffef87478709520383b6ee4d08baf843ead1,False,False,False,False
LZ6513MLANEV,0,0,4,old_only,0,0,[],[],"[""NEDC""]",[],"[""410"", null]",[],"[""12.3"", null]",[],"[{""eleEquivalentFuelConsumption"": ""1.8"", ""powerConsumption"": ""12.3"", ""runingRange"": ""410"", ""workConditionType"": ""NEDC""}, {""eleEquivalentFuelConsumption"": ""1.8"", ""powerConsumption"": ""12.3"", ""workConditionType"": ""NEDC""}, {""eleEquivalentFuelConsumption"": ""1.8"", ""runingRange"": ""410"", ""workConditionType"": ""NEDC""}]",True,"[""multiple_old_range_raw_values"", ""multiple_old_consumption_raw_values""]",False,False,False,[],[],[],old-33-Word97--0-35,原件/免征目录/mf_batch33.doc,ff98fbb1708c47cdcfc1e79e7a1647e72a7ae6d4255dce3b250d661001340c09,False,False,False,False
LZ6514MLAEV,0,0,2,old_only,0,0,[],[],"[""NEDC""]",[],"[""313""]",[],[null],[],"[{""eleEquivalentFuelConsumption"": ""1.8"", ""runingRange"": ""313"", ""workConditionType"": ""NEDC""}]",True,[],False,False,False,[],[],[],old-27-Word97--0-34,原件/免征目录/mf_batch27.doc,2bd67cf7e1efc03ae93942d0d340ffef87478709520383b6ee4d08baf843ead1,False,False,False,False
LZ6514MLANEV,2,2,4,both,2,0,[],"[""6""]","[""NEDC""]","[""401""]","[""401""]","[""16.8""]","[""16.8""]","[""2020""]","[{""eleEquivalentFuelConsumption"": ""1.9"", ""powerConsumption"": ""16.8"", ""runingRange"": ""401"", ""workConditionType"": ""NEDC""}]",True,[],False,False,False,"[""2022-03-08""]","[""2024-07-01""]","[""新版油耗数据备案""]",old-45-Word97--0-8,原件/免征目录/mf_batch45.doc,56f5e7c5fd36e990024f8121006a76da260361f4e4660846e78255d007126f7a,False,False,False,False
LZ6515MLAEV,0,0,0,not_in_observed_filtered_views,0,0,[],[],[],[],[],[],[],[],[],False,[],False,False,False,[],[],[],old-28-Word97--0-11,原件/免征目录/mf_batch28.doc,dfe1b301a5e8373e94e0e4a2fccee3d258c56bb662e4928764a71274142acd72,False,False,False,False
LZ6516MLAEV,0,0,4,old_only,0,0,[],[],"[""NEDC""]",[],"[""420""]",[],[null],[],"[{""eleEquivalentFuelConsumption"": ""1.8"", ""runingRange"": ""420"", ""workConditionType"": ""NEDC""}]",True,[],False,False,False,[],[],[],old-28-Word97--0-12,原件/免征目录/mf_batch28.doc,dfe1b301a5e8373e94e0e4a2fccee3d258c56bb662e4928764a71274142acd72,False,False,False,False
LZ6517MLAEV,0,0,2,old_only,0,0,[],[],"[""NEDC""]",[],"[""410""]",[],[null],[],"[{""eleEquivalentFuelConsumption"": ""1.8"", ""runingRange"": ""410"", ""workConditionType"": ""NEDC""}]",True,[],False,False,False,[],[],[],old-33-Word97--0-36,原件/免征目录/mf_batch33.doc,ff98fbb1708c47cdcfc1e79e7a1647e72a7ae6d4255dce3b250d661001340c09,False,False,False,False
LZ6518MLAEV,2,2,4,both,2,0,[],"[""6""]","[""NEDC""]","[""401""]","[""401""]","[""16.8""]","[""16.8""]","[""2020""]","[{""eleEquivalentFuelConsumption"": ""1.9"", ""powerConsumption"": ""16.8"", ""runingRange"": ""401"", ""workConditionType"": ""NEDC""}]",True,[],False,False,False,"[""2022-03-08""]","[""2024-07-01""]","[""新版油耗数据备案""]",old-45-Word97--0-9,原件/免征目录/mf_batch45.doc,56f5e7c5fd36e990024f8121006a76da260361f4e4660846e78255d007126f7a,False,False,False,False
LZ7000SJD0EV,1,1,1,both,1,0,[],"[""5""]","[""CATC""]","[""410""]","[""410""]","[""12.6""]","[""12.6""]","[""1515""]","[{""eleEquivalentFuelConsumption"": ""1.43"", ""powerConsumption"": ""12.6"", ""runingRange"": ""410"", ""workConditionType"": ""CATC""}]",True,[],False,False,False,"[""2023-09-13""]","[""2024-07-01""]","[""新版油耗数据备案""]",old-69-Word97--0-54,原件/免征目录/mf_batch69.doc,357d61a16c94488c9fdd761f393edb7029b05394ab06117abaebcba1a1e45546,False,False,False,False
LZ7000SKD4EV,1,1,4,both,1,0,[],"[""5""]","[""CATC""]","[""410""]","[""410""]","[""12.5""]","[""12.5""]","[""1520""]","[{""eleEquivalentFuelConsumption"": ""1.41"", ""powerConsumption"": ""12.5"", ""runingRange"": ""410"", ""workConditionType"": ""CATC""}]",True,[],False,False,False,"[""2023-05-09""]","[""2024-07-01""]","[""新版油耗数据备案""]",old-65-Word97--0-29,原件/免征目录/mf_batch65.doc,06a6a578a9a60516a845bc92deac49954438a789e9e4a7cf3cd140f256d9b13d,False,False,False,False
LZ7000SLAEV,0,0,0,not_in_observed_filtered_views,0,0,[],[],[],[],[],[],[],[],[],False,[],False,False,False,[],[],[],old-18-Word97--0-35,原件/免征目录/mf_batch18.doc,43f5426f7f80996ee11a894710d7229c743abf7ad69ba239f61075e0a9ddd37a,False,False,False,False
LZ7001SLAEV,0,0,0,not_in_observed_filtered_views,0,0,[],[],[],[],[],[],[],[],[],False,[],False,False,False,[],[],[],old-18-Word97--0-36,原件/免征目录/mf_batch18.doc,43f5426f7f80996ee11a894710d7229c743abf7ad69ba239f61075e0a9ddd37a,False,False,False,False
LZ7003SLAEV,0,0,16,old_only,0,0,[],[],"[""NEDC""]",[],"[""415""]",[],[null],[],"[{""eleEquivalentFuelConsumption"": ""1.5"", ""runingRange"": ""415"", ""workConditionType"": ""NEDC""}]",True,[],False,False,False,[],[],[],old-25-Word97--0-93,原件/免征目录/mf_batch25.wps,9d2abe319463522513fe9c90f98bb8d0a825b599267d0b3cc403cec9624b3297,False,False,False,False
LZ7004SLAEV,0,0,8,old_only,0,0,[],[],"[""NEDC""]",[],"[""401""]",[],[null],[],"[{""eleEquivalentFuelConsumption"": ""1.5"", ""runingRange"": ""401"", ""workConditionType"": ""NEDC""}]",True,[],False,False,False,[],[],[],old-26-DOCX--0-58,原件/免征目录/mf_batch26.docx,de0890335ef3a4f1302a8a0735ec8b6aed52e994e2635db481820060d62248b5,False,False,False,False
LZ7005SLAEV,2,2,11,both,2,0,[],"[""6""]","[""NEDC""]","[""415""]","[""415""]","[""12.3""]","[""12.3"", null]","[""1658""]","[{""eleEquivalentFuelConsumption"": ""1.4"", ""powerConsumption"": ""12.3"", ""runingRange"": ""415"", ""workConditionType"": ""NEDC""}, {""eleEquivalentFuelConsumption"": ""1.4"", ""runingRange"": ""415"", ""workConditionType"": ""NEDC""}]",True,"[""multiple_old_consumption_raw_values"", ""new_old_consumption_raw_value_sets_differ_units_not_normalized""]",False,False,False,"[""2021-11-05""]","[""2024-07-01""]","[""新版油耗数据备案""]",old-33-Word97--0-37,原件/免征目录/mf_batch33.doc,ff98fbb1708c47cdcfc1e79e7a1647e72a7ae6d4255dce3b250d661001340c09,False,False,False,False
LZ7006SLAEV,2,2,12,both,2,0,[],"[""6""]","[""NEDC""]","[""415""]","[""415"", null]","[""12.3""]","[""16.8"", null]","[""1646""]","[{""eleEquivalentFuelConsumption"": ""1.4"", ""powerConsumption"": ""16.8"", ""runingRange"": ""415"", ""workConditionType"": ""NEDC""}, {""eleEquivalentFuelConsumption"": ""1.4"", ""powerConsumption"": ""16.8"", ""workConditionType"": ""NEDC""}, {""eleEquivalentFuelConsumption"": ""1.4"", ""runingRange"": ""415"", ""workConditionType"": ""NEDC""}]",True,"[""multiple_old_range_raw_values"", ""multiple_old_consumption_raw_values"", ""new_old_range_raw_value_sets_differ"", ""new_old_consumption_raw_value_sets_differ_units_not_normalized""]",False,False,False,"[""2021-11-05""]","[""2024-07-01""]","[""新版油耗数据备案""]",old-34-Word97--0-38,原件/免征目录/mf_batch34.doc,d5c5bb03cc5fe0f16b284048e265ad35d62c12c0416f14aef0ce026a229aa831,False,False,False,False
LZ7007SLAEV,0,0,9,old_only,0,0,[],[],"[""NEDC""]",[],"[""401"", null]",[],"[""12.4"", null]",[],"[{""eleEquivalentFuelConsumption"": ""1.4"", ""powerConsumption"": ""12.4"", ""workConditionType"": ""NEDC""}, {""eleEquivalentFuelConsumption"": ""1.4"", ""runingRange"": ""401"", ""workConditionType"": ""NEDC""}, {""eleEquivalentFuelConsumption"": ""1.40 "", ""runingRange"": ""401"", ""workConditionType"": ""NEDC""}]",True,"[""multiple_old_range_raw_values"", ""multiple_old_consumption_raw_values""]",False,False,False,[],[],[],old-35-Word97--0-13,原件/免征目录/mf_batch35.wps,e4a6abd0e50daa81d029f8b37584511354700e855dc89de210fcba782b0643f0,False,False,False,False
LZ7008SLAEV,2,2,12,both,2,0,[],"[""6""]","[""NEDC""]","[""401""]","[""401""]","[""12.4""]","[""12.4"", null]","[""1676""]","[{""eleEquivalentFuelConsumption"": ""1.4"", ""powerConsumption"": ""12.4"", ""runingRange"": ""401"", ""workConditionType"": ""NEDC""}, {""eleEquivalentFuelConsumption"": ""1.4"", ""runingRange"": ""401"", ""workConditionType"": ""NEDC""}]",True,"[""multiple_old_consumption_raw_values"", ""new_old_consumption_raw_value_sets_differ_units_not_normalized""]",False,False,False,"[""2021-11-05""]","[""2024-07-01""]","[""新版油耗数据备案""]",old-39-Word97--0-10,原件/免征目录/mf_batch39.doc,48158862f567d71b07ac0a7a60c2c3bc6d2bb44dd5a86290b0b809d757a9eb07,False,False,False,False
LZ7009SLAEV,2,2,16,both,2,0,[],"[""6""]","[""NEDC""]","[""415""]","[""415""]","[""12.3""]","[""12.3"", null]","[""1658""]","[{""eleEquivalentFuelConsumption"": ""1.39"", ""powerConsumption"": ""12.3"", ""runingRange"": ""415"", ""workConditionType"": ""NEDC""}, {""eleEquivalentFuelConsumption"": ""1.39"", ""runingRange"": ""415"", ""workConditionType"": ""NEDC""}]",True,"[""multiple_old_consumption_raw_values"", ""new_old_consumption_raw_value_sets_differ_units_not_normalized""]",False,False,False,"[""2022-01-29""]","[""2024-07-01""]","[""新版油耗数据备案""]",old-44-Word97--0-15,原件/免征目录/mf_batch44.doc,aea30846204f4e55c0d969450f1619e1649eb27f471d5b0a2636d0da77eb0611,False,False,False,False
LZD7001BEV01,0,0,0,not_in_observed_filtered_views,0,0,[],[],[],[],[],[],[],[],[],False,[],False,False,False,[],[],[],old-16-Word97--0-37,原件/免征目录/mf_batch16.docx,9db5ace6c1c59bd9636d48636f94fa77d2b6e0aa27b109421690ce6a8c4a3967,False,False,False,False
LZD7001BEV02,0,0,0,not_in_observed_filtered_views,0,0,[],[],[],[],[],[],[],[],[],False,[],False,False,False,[],[],[],old-16-Word97--0-31,原件/免征目录/mf_batch16.docx,9db5ace6c1c59bd9636d48636f94fa77d2b6e0aa27b109421690ce6a8c4a3967,False,False,False,False
LZD7001BEV05,0,0,0,not_in_observed_filtered_views,0,0,[],[],[],[],[],[],[],[],[],False,[],False,False,False,[],[],[],old-16-Word97--0-34,原件/免征目录/mf_batch16.docx,9db5ace6c1c59bd9636d48636f94fa77d2b6e0aa27b109421690ce6a8c4a3967,False,False,False,False
LZD7001BEV07,0,0,0,not_in_observed_filtered_views,0,0,[],[],[],[],[],[],[],[],[],False,[],False,False,False,[],[],[],old-16-Word97--0-30,原件/免征目录/mf_batch16.docx,9db5ace6c1c59bd9636d48636f94fa77d2b6e0aa27b109421690ce6a8c4a3967,False,False,False,False
LZD7001BEV08,0,0,0,not_in_observed_filtered_views,0,0,[],[],[],[],[],[],[],[],[],False,[],False,False,False,[],[],[],old-16-Word97--0-32,原件/免征目录/mf_batch16.docx,9db5ace6c1c59bd9636d48636f94fa77d2b6e0aa27b109421690ce6a8c4a3967,False,False,False,False
LZD7001BEV15,0,0,0,not_in_observed_filtered_views,0,0,[],[],[],[],[],[],[],[],[],False,[],False,False,False,[],[],[],old-19-DOCX--0-33,原件/免征目录/mf_batch19.docx,fafd1558aa0f21067847c19bdd0a95c79b919737be7b07b87c4538107fb2b8e3,False,False,False,False
LZD7001BEV18,0,0,0,not_in_observed_filtered_views,0,0,[],[],[],[],[],[],[],[],[],False,[],False,False,False,[],[],[],old-25-Word97--0-33,原件/免征目录/mf_batch25.wps,9d2abe319463522513fe9c90f98bb8d0a825b599267d0b3cc403cec9624b3297,False,False,False,False
LZD7001BEV19,0,0,1,old_only,0,0,[],[],"[""NEDC""]",[],"[""120""]",[],[null],[],"[{""eleEquivalentFuelConsumption"": ""1.02"", ""runingRange"": ""120"", ""workConditionType"": ""NEDC""}]",True,[],False,False,False,[],[],[],old-46-Word97--0-49,原件/免征目录/mf_batch46.doc,a4b2048b3d5c29a8969f0348e9fd19a3293f0c23e6f37a48bf42a2ed70c7d37d,False,False,False,False
LZD7002BEV03,0,0,0,not_in_observed_filtered_views,0,0,[],[],[],[],[],[],[],[],[],False,[],False,False,False,[],[],[],old-16-Word97--0-36,原件/免征目录/mf_batch16.docx,9db5ace6c1c59bd9636d48636f94fa77d2b6e0aa27b109421690ce6a8c4a3967,False,False,False,False
LZW6450EVHCAC,0,0,0,not_in_observed_filtered_views,0,0,[],[],[],[],[],[],[],[],[],False,[],False,False,False,[],[],[],old-32-Word97--0-26,原件/免征目录/mf_batch32.doc,ad7c65b4831a05b7c70e1e73fe834aa9beed883c66f898e799fcbbeb43cc3d75,False,False,False,False
LZW6450EVHEAB,0,0,0,not_in_observed_filtered_views,0,0,[],[],[],[],[],[],[],[],[],False,[],False,False,False,[],[],[],mf29-t0-r17,原件/mf_batch29.doc,8d24a01958cc6d44fa7826ecbb6a76869b9a0f2c98b97597d57af02932f2afaf,False,False,False,False
LZW6450EVHEAC,0,0,0,not_in_observed_filtered_views,0,0,[],[],[],[],[],[],[],[],[],False,[],False,False,False,[],[],[],mf29-t0-r18,原件/mf_batch29.doc,8d24a01958cc6d44fa7826ecbb6a76869b9a0f2c98b97597d57af02932f2afaf,False,False,False,False
LZW6450EVHEAT,0,0,0,not_in_observed_filtered_views,0,0,[],[],[],[],[],[],[],[],[],False,[],False,False,False,[],[],[],old-33-Word97--0-38,原件/免征目录/mf_batch33.doc,ff98fbb1708c47cdcfc1e79e7a1647e72a7ae6d4255dce3b250d661001340c09,False,False,False,False
LZW6450EVHEAU,0,0,1,old_only,0,0,[],[],"[""CATC""]",[],"[""300""]",[],"[""15.2""]",[],"[{""eleEquivalentFuelConsumption"": ""1.72"", ""powerConsumption"": ""15.2"", ""runingRange"": ""300"", ""workConditionType"": ""CATC""}]",True,[],False,False,False,[],[],[],old-33-Word97--0-39,原件/免征目录/mf_batch33.doc,ff98fbb1708c47cdcfc1e79e7a1647e72a7ae6d4255dce3b250d661001340c09,False,False,False,False
LZW7000EVA,0,0,0,not_in_observed_filtered_views,0,0,[],[],[],[],[],[],[],[],[],False,[],False,False,False,[],[],[],old-10-PDF-grid-2-0-17,原件/免征目录/mf_batch10.pdf,ac1b1ad2605b4f24762fb1f01cea64b685393577d01648618fa1882bb5700ac3,False,False,False,False
LZW7001EVA,0,0,0,not_in_observed_filtered_views,0,0,[],[],[],[],[],[],[],[],[],False,[],False,False,False,[],[],[],old-10-PDF-grid-2-0-18,原件/免征目录/mf_batch10.pdf,ac1b1ad2605b4f24762fb1f01cea64b685393577d01648618fa1882bb5700ac3,False,False,False,False
LZW7001EVA1HAN,0,0,1,old_only,0,0,[],[],"[""NEDC""]",[],"[""305""]",[],[null],[],"[{""eleEquivalentFuelConsumption"": ""1.10 "", ""runingRange"": ""305"", ""workConditionType"": ""NEDC""}]",True,[],False,False,False,[],[],[],old-36-Word97--0-20,原件/免征目录/mf_batch36.doc,05cfcfd9136685ad6d6e13b8228cd123cca109c26f43a4c71472016b5a610a9f,False,False,False,False
LZW7001EVA2HAN,0,0,1,old_only,0,0,[],[],"[""NEDC""]",[],"[""305""]",[],[null],[],"[{""eleEquivalentFuelConsumption"": ""1.10 "", ""runingRange"": ""305"", ""workConditionType"": ""NEDC""}]",True,[],False,False,False,[],[],[],old-36-Word97--0-21,原件/免征目录/mf_batch36.doc,05cfcfd9136685ad6d6e13b8228cd123cca109c26f43a4c71472016b5a610a9f,False,False,False,False
LZW7001EVAA,0,0,0,not_in_observed_filtered_views,0,0,[],[],[],[],[],[],[],[],[],False,[],False,False,False,[],[],[],old-15-PDF-grid-1-0-19,原件/免征目录/mf_batch15.pdf,bbb3b1e38c535c13d6ef1bc1f4105509476c91a7e63723dc7a70e372904d90f4,False,False,False,False
LZW7001EVABA,0,0,0,not_in_observed_filtered_views,0,0,[],[],[],[],[],[],[],[],[],False,[],False,False,False,[],[],[],old-16-Word97--0-44,原件/免征目录/mf_batch16.docx,9db5ace6c1c59bd9636d48636f94fa77d2b6e0aa27b109421690ce6a8c4a3967,False,False,False,False
LZW7001EVABD,0,0,0,not_in_observed_filtered_views,0,0,[],[],[],[],[],[],[],[],[],False,[],False,False,False,[],[],[],old-17-PDF-grid-2-0-17,原件/免征目录/mf_batch17.pdf,577a4ba9c586fe08565f6a60e6de5474698031566d8dcef484cd44335879e334,False,False,False,False
LZW7001EVABE,0,0,0,not_in_observed_filtered_views,0,0,[],[],[],[],[],[],[],[],[],False,[],False,False,False,[],[],[],old-16-Word97--0-46,原件/免征目录/mf_batch16.docx,9db5ace6c1c59bd9636d48636f94fa77d2b6e0aa27b109421690ce6a8c4a3967,False,False,False,False
LZW7001EVABP,0,0,0,not_in_observed_filtered_views,0,0,[],[],[],[],[],[],[],[],[],False,[],False,False,False,[],[],[],old-24-Word97--4-11,原件/免征目录/mf_batch24.wps,07775a0cb063fe0fce5880b9378dd1eb2522b725d645cabdee314d604779939d,False,False,False,False
LZW7001EVACP,0,0,0,not_in_observed_filtered_views,0,0,[],[],[],[],[],[],[],[],[],False,[],False,False,False,[],[],[],old-26-DOCX--0-59,原件/免征目录/mf_batch26.docx,de0890335ef3a4f1302a8a0735ec8b6aed52e994e2635db481820060d62248b5,False,False,False,False
LZW7001EVADH,0,0,0,not_in_observed_filtered_views,0,0,[],[],[],[],[],[],[],[],[],False,[],False,False,False,[],[],[],old-17-PDF-grid-2-0-18,原件/免征目录/mf_batch17.pdf,577a4ba9c586fe08565f6a60e6de5474698031566d8dcef484cd44335879e334,False,False,False,False
LZW7001EVAEP,0,0,0,not_in_observed_filtered_views,0,0,[],[],[],[],[],[],[],[],[],False,[],False,False,False,[],[],[],old-23-Word97--0-40,原件/免征目录/mf_batch23.docx,87f838de0da3ba5887f77b2bf5c1dbf5b427e7cef896309a7084c11dd8f5efa0,False,False,False,False
LZW7001EVAHAN,0,0,2,old_only,0,0,[],[],"[""NEDC""]",[],"[""305""]",[],"[""9.9"", null]",[],"[{""eleEquivalentFuelConsumption"": ""1.1"", ""powerConsumption"": ""9.9"", ""runingRange"": ""305"", ""workConditionType"": ""NEDC""}, {""eleEquivalentFuelConsumption"": ""1.10 "", ""runingRange"": ""305"", ""workConditionType"": ""NEDC""}]",True,"[""multiple_old_consumption_raw_values""]",False,False,False,[],[],[],old-34-Word97--0-39,原件/免征目录/mf_batch34.doc,d5c5bb03cc5fe0f16b284048e265ad35d62c12c0416f14aef0ce026a229aa831,False,False,False,False
LZW7001EVAHW,0,0,0,not_in_observed_filtered_views,0,0,[],[],[],[],[],[],[],[],[],False,[],False,False,False,[],[],[],old-26-DOCX--0-60,原件/免征目录/mf_batch26.docx,de0890335ef3a4f1302a8a0735ec8b6aed52e994e2635db481820060d62248b5,False,False,False,False
LZW7001EVCHAN,0,0,1,old_only,0,0,[],[],"[""NEDC""]",[],"[""305""]",[],[null],[],"[{""eleEquivalentFuelConsumption"": ""1.10 "", ""runingRange"": ""305"", ""workConditionType"": ""NEDC""}]",True,[],False,False,False,[],[],[],old-36-Word97--0-22,原件/免征目录/mf_batch36.doc,05cfcfd9136685ad6d6e13b8228cd123cca109c26f43a4c71472016b5a610a9f,False,False,False,False
LZW7001EVDEP,0,0,0,not_in_observed_filtered_views,0,0,[],[],[],[],[],[],[],[],[],False,[],False,False,False,[],[],[],old-28-Word97--0-13,原件/免征目录/mf_batch28.doc,dfe1b301a5e8373e94e0e4a2fccee3d258c56bb662e4928764a71274142acd72,False,False,False,False
LZW7001EVPCAN,0,0,1,old_only,0,0,[],[],"[""NEDC""]",[],"[""305""]",[],[null],[],"[{""eleEquivalentFuelConsumption"": ""1.10 "", ""runingRange"": ""305"", ""workConditionType"": ""NEDC""}]",True,[],False,False,False,[],[],[],old-33-Word97--0-40,原件/免征目录/mf_batch33.doc,ff98fbb1708c47cdcfc1e79e7a1647e72a7ae6d4255dce3b250d661001340c09,False,False,False,False
LZW7001EVPEAD,0,0,0,not_in_observed_filtered_views,0,0,[],[],[],[],[],[],[],[],[],False,[],False,False,False,[],[],[],old-32-Word97--0-27,原件/免征目录/mf_batch32.doc,ad7c65b4831a05b7c70e1e73fe834aa9beed883c66f898e799fcbbeb43cc3d75,False,False,False,False
LZW7001EVPHAN,0,0,1,old_only,0,0,[],[],"[""NEDC""]",[],"[""305""]",[],[null],[],"[{""eleEquivalentFuelConsumption"": ""1.10 "", ""runingRange"": ""305"", ""workConditionType"": ""NEDC""}]",True,[],False,False,False,[],[],[],old-32-Word97--0-28,原件/免征目录/mf_batch32.doc,ad7c65b4831a05b7c70e1e73fe834aa9beed883c66f898e799fcbbeb43cc3d75,False,False,False,False
LZW7001EVUCAN,0,0,1,old_only,0,0,[],[],"[""NEDC""]",[],"[""305""]",[],[null],[],"[{""eleEquivalentFuelConsumption"": ""1.10 "", ""runingRange"": ""305"", ""workConditionType"": ""NEDC""}]",True,[],False,False,False,[],[],[],old-35-Word97--0-3,原件/免征目录/mf_batch35.wps,e4a6abd0e50daa81d029f8b37584511354700e855dc89de210fcba782b0643f0,False,False,False,False
LZW7001EVUHAN,0,0,1,old_only,0,0,[],[],"[""NEDC""]",[],"[""305""]",[],[null],[],"[{""eleEquivalentFuelConsumption"": ""1.10 "", ""runingRange"": ""305"", ""workConditionType"": ""NEDC""}]",True,[],False,False,False,[],[],[],old-36-Word97--0-23,原件/免征目录/mf_batch36.doc,05cfcfd9136685ad6d6e13b8228cd123cca109c26f43a4c71472016b5a610a9f,False,False,False,False
LZW7002EVA1EAN,0,0,1,old_only,0,0,[],[],"[""NEDC""]",[],"[""305""]",[],"[""9.9""]",[],"[{""eleEquivalentFuelConsumption"": ""1.1"", ""powerConsumption"": ""9.9"", ""runingRange"": ""305"", ""workConditionType"": ""NEDC""}]",True,[],False,False,False,[],[],[],old-43-Word97--0-17,原件/免征目录/mf_batch43.doc,5d5202dfe31364ec0884640d8bba22b0f640154d0bcc6154272890e604cfc01c,False,False,False,False
LZW7002EVB1EAN,0,0,1,old_only,0,0,[],[],"[""NEDC""]",[],"[""305""]",[],"[""9.9""]",[],"[{""eleEquivalentFuelConsumption"": ""1.1"", ""powerConsumption"": ""9.9"", ""runingRange"": ""305"", ""workConditionType"": ""NEDC""}]",True,[],False,False,False,[],[],[],old-43-Word97--0-16,原件/免征目录/mf_batch43.doc,5d5202dfe31364ec0884640d8bba22b0f640154d0bcc6154272890e604cfc01c,False,False,False,False
LZW7002EVB1PAN,0,0,1,old_only,0,0,[],[],"[""NEDC""]",[],"[""305""]",[],"[""9.9""]",[],"[{""eleEquivalentFuelConsumption"": ""1.1"", ""powerConsumption"": ""9.9"", ""runingRange"": ""305"", ""workConditionType"": ""NEDC""}]",True,[],False,False,False,[],[],[],old-46-Word97--0-64,原件/免征目录/mf_batch46.doc,a4b2048b3d5c29a8969f0348e9fd19a3293f0c23e6f37a48bf42a2ed70c7d37d,False,False,False,False
LZW7002EVBBG,0,0,0,not_in_observed_filtered_views,0,0,[],[],[],[],[],[],[],[],[],False,[],False,False,False,[],[],[],old-20-DOCX--0-59,原件/免征目录/mf_batch20.docx,374d3f87551d75d1c163e76abb38f350ea93f8a2b8cad6174568c307d1cc0130,False,False,False,False
LZW7002EVBBP,0,0,0,not_in_observed_filtered_views,0,0,[],[],[],[],[],[],[],[],[],False,[],False,False,False,[],[],[],old-24-Word97--4-12,原件/免征目录/mf_batch24.wps,07775a0cb063fe0fce5880b9378dd1eb2522b725d645cabdee314d604779939d,False,False,False,False
LZW7002EVBCP,0,0,0,not_in_observed_filtered_views,0,0,[],[],[],[],[],[],[],[],[],False,[],False,False,False,[],[],[],old-23-Word97--0-41,原件/免征目录/mf_batch23.docx,87f838de0da3ba5887f77b2bf5c1dbf5b427e7cef896309a7084c11dd8f5efa0,False,False,False,False
LZW7002EVBDH,0,0,0,not_in_observed_filtered_views,0,0,[],[],[],[],[],[],[],[],[],False,[],False,False,False,[],[],[],old-20-DOCX--0-63,原件/免征目录/mf_batch20.docx,374d3f87551d75d1c163e76abb38f350ea93f8a2b8cad6174568c307d1cc0130,False,False,False,False
LZW7002EVBEP,0,0,0,not_in_observed_filtered_views,0,0,[],[],[],[],[],[],[],[],[],False,[],False,False,False,[],[],[],old-23-Word97--0-42,原件/免征目录/mf_batch23.docx,87f838de0da3ba5887f77b2bf5c1dbf5b427e7cef896309a7084c11dd8f5efa0,False,False,False,False
LZW7002EVBHAN,0,0,0,not_in_observed_filtered_views,0,0,[],[],[],[],[],[],[],[],[],False,[],False,False,False,[],[],[],old-33-Word97--0-41,原件/免征目录/mf_batch33.doc,ff98fbb1708c47cdcfc1e79e7a1647e72a7ae6d4255dce3b250d661001340c09,False,False,False,False
LZW7002EVBHANA,0,0,1,old_only,0,0,[],[],"[""NEDC""]",[],"[""305""]",[],"[""9.9""]",[],"[{""eleEquivalentFuelConsumption"": ""1.1"", ""powerConsumption"": ""9.9"", ""runingRange"": ""305"", ""workConditionType"": ""NEDC""}]",True,[],False,False,False,[],[],[],old-44-Word97--0-53,原件/免征目录/mf_batch44.doc,aea30846204f4e55c0d969450f1619e1649eb27f471d5b0a2636d0da77eb0611,False,False,False,False
LZW7002EVBHH,0,0,0,not_in_observed_filtered_views,0,0,[],[],[],[],[],[],[],[],[],False,[],False,False,False,[],[],[],old-22-Word97--0-42,原件/免征目录/mf_batch22.doc,eaf3fc1e64742af85b3d4bc90388d0a93154a497fd6c1fb9bf73b857672e1212,False,False,False,False
LZW7002EVBHW,0,0,0,not_in_observed_filtered_views,0,0,[],[],[],[],[],[],[],[],[],False,[],False,False,False,[],[],[],old-24-Word97--4-15,原件/免征目录/mf_batch24.wps,07775a0cb063fe0fce5880b9378dd1eb2522b725d645cabdee314d604779939d,False,False,False,False
LZW7002EVCCAN,0,0,0,not_in_observed_filtered_views,0,0,[],[],[],[],[],[],[],[],[],False,[],False,False,False,[],[],[],old-33-Word97--0-42,原件/免征目录/mf_batch33.doc,ff98fbb1708c47cdcfc1e79e7a1647e72a7ae6d4255dce3b250d661001340c09,False,False,False,False
LZW7002EVCEP,0,0,0,not_in_observed_filtered_views,0,0,[],[],[],[],[],[],[],[],[],False,[],False,False,False,[],[],[],old-26-DOCX--0-62,原件/免征目录/mf_batch26.docx,de0890335ef3a4f1302a8a0735ec8b6aed52e994e2635db481820060d62248b5,False,False,False,False
LZW7002EVCHAN,0,0,1,old_only,0,0,[],[],"[""NEDC""]",[],"[""305""]",[],"[""9.9""]",[],"[{""eleEquivalentFuelConsumption"": ""1.1"", ""powerConsumption"": ""9.9"", ""runingRange"": ""305"", ""workConditionType"": ""NEDC""}]",True,[],False,False,False,[],[],[],old-38-Word97--0-33,原件/免征目录/mf_batch38.doc,7c9def45fe5c40e4c5ffb483a1d1efd383c12cb16a5c4ba021d4ce28384776de,False,False,False,False
LZW7002EVCHANA,0,0,1,old_only,0,0,[],[],"[""NEDC""]",[],"[""305""]",[],"[""9.9""]",[],"[{""eleEquivalentFuelConsumption"": ""1.1"", ""powerConsumption"": ""9.9"", ""runingRange"": ""305"", ""workConditionType"": ""NEDC""}]",True,[],False,False,False,[],[],[],old-43-Word97--0-15,原件/免征目录/mf_batch43.doc,5d5202dfe31364ec0884640d8bba22b0f640154d0bcc6154272890e604cfc01c,False,False,False,False
LZW7002EVUHAN,0,0,1,old_only,0,0,[],[],"[""NEDC""]",[],"[""305""]",[],"[""9.9""]",[],"[{""eleEquivalentFuelConsumption"": ""1.1"", ""powerConsumption"": ""9.9"", ""runingRange"": ""305"", ""workConditionType"": ""NEDC""}]",True,[],False,False,False,[],[],[],old-42-Word97--0-49,原件/免征目录/mf_batch42.doc,fef4fd8ea19d773d368642e51a4bdb24c148530251a2240be4ff1358d5d41fab,False,False,False,False
LZW7003EVA3EAB,0,0,8,old_only,0,0,[],[],"[""NEDC""]",[],"[""305""]",[],"[""11.9"", null]",[],"[{""eleEquivalentFuelConsumption"": ""1.3"", ""powerConsumption"": ""11.9"", ""runingRange"": ""305"", ""workConditionType"": ""NEDC""}, {""eleEquivalentFuelConsumption"": ""1.30 "", ""runingRange"": ""305"", ""workConditionType"": ""NEDC""}, {""eleEquivalentFuelConsumption"": ""1.35"", ""powerConsumption"": ""11.9"", ""runingRange"": ""305"", ""workConditionType"": ""NEDC""}]",True,"[""multiple_old_consumption_raw_values""]",False,False,False,[],[],[],old-37-Word97--0-4,原件/免征目录/mf_batch37.doc,136057faede292d8070763e326c8dbdcddf3790653cc6879a13758f91556881f,False,False,False,False
LZW7003EVB3EAB,0,0,1,old_only,0,0,[],[],"[""NEDC""]",[],"[""301""]",[],"[""12.0""]",[],"[{""eleEquivalentFuelConsumption"": ""1.4"", ""powerConsumption"": ""12.0"", ""runingRange"": ""301"", ""workConditionType"": ""NEDC""}]",True,[],False,False,False,[],[],[],old-47-Word97--0-43,原件/免征目录/mf_batch47.doc,fb4517fe8220b10bc435a77a5328df13c732c70b335942dfad0ae9394affe9b4,False,False,False,False
LZW7003EVB3KAB,0,0,2,old_only,0,0,[],[],"[""CATC"", ""NEDC""]",[],"[""301""]",[],"[""12.0""]",[],"[{""eleEquivalentFuelConsumption"": ""1.36"", ""powerConsumption"": ""12.0"", ""runingRange"": ""301"", ""workConditionType"": ""CATC""}, {""eleEquivalentFuelConsumption"": ""1.4"", ""powerConsumption"": ""12.0"", ""runingRange"": ""301"", ""workConditionType"": ""NEDC""}]",True,"[""multiple_old_cycle_codes""]",False,False,True,[],[],[],old-47-Word97--0-44,原件/免征目录/mf_batch47.doc,fb4517fe8220b10bc435a77a5328df13c732c70b335942dfad0ae9394affe9b4,False,False,False,False
LZW7003EVB3KBE,0,0,1,old_only,0,0,[],[],"[""NEDC""]",[],"[""360""]",[],"[""12.6""]",[],"[{""eleEquivalentFuelConsumption"": ""1.4"", ""powerConsumption"": ""12.6"", ""runingRange"": ""360"", ""workConditionType"": ""NEDC""}]",True,[],False,False,False,[],[],[],old-47-Word97--0-42,原件/免征目录/mf_batch47.doc,fb4517fe8220b10bc435a77a5328df13c732c70b335942dfad0ae9394affe9b4,False,False,False,False
LZW7003EVGEAB,0,0,8,old_only,0,0,[],[],"[""CATC"", ""NEDC""]",[],"[""305""]",[],"[""11.9"", null]",[],"[{""eleEquivalentFuelConsumption"": ""1.30 "", ""runingRange"": ""305"", ""workConditionType"": ""NEDC""}, {""eleEquivalentFuelConsumption"": ""1.35"", ""powerConsumption"": ""11.9"", ""runingRange"": ""305"", ""workConditionType"": ""CATC""}, {""eleEquivalentFuelConsumption"": ""1.35"", ""powerConsumption"": ""11.9"", ""runingRange"": ""305"", ""workConditionType"": ""NEDC""}]",True,"[""multiple_old_cycle_codes"", ""multiple_old_consumption_raw_values""]",False,False,True,[],[],[],old-33-Word97--0-43,原件/免征目录/mf_batch33.doc,ff98fbb1708c47cdcfc1e79e7a1647e72a7ae6d4255dce3b250d661001340c09,False,False,False,False
LZW7003EVGKAB,0,0,8,old_only,0,0,[],[],"[""CATC"", ""NEDC""]",[],"[""305""]",[],"[""11.9"", null]",[],"[{""eleEquivalentFuelConsumption"": ""1.30 "", ""runingRange"": ""305"", ""workConditionType"": ""NEDC""}, {""eleEquivalentFuelConsumption"": ""1.35"", ""powerConsumption"": ""11.9"", ""runingRange"": ""305"", ""workConditionType"": ""CATC""}, {""eleEquivalentFuelConsumption"": ""1.35"", ""powerConsumption"": ""11.9"", ""runingRange"": ""305"", ""workConditionType"": ""NEDC""}]",True,"[""multiple_old_cycle_codes"", ""multiple_old_consumption_raw_values""]",False,False,True,[],[],[],old-30-Word97--0-74,原件/免征目录/mf_batch30.doc,e7fa3b47858ec2035b8055bc15be00b2b26920a5e8d3cad481058a80b92ead24,False,False,False,False
LZW7003EVGMAB,0,0,3,old_only,0,0,[],[],"[""CATC"", ""NEDC""]",[],"[""305""]",[],"[""11.7""]",[],"[{""eleEquivalentFuelConsumption"": ""1.3"", ""powerConsumption"": ""11.7"", ""runingRange"": ""305"", ""workConditionType"": ""NEDC""}, {""eleEquivalentFuelConsumption"": ""1.32"", ""powerConsumption"": ""11.7"", ""runingRange"": ""305"", ""workConditionType"": ""CATC""}]",True,"[""multiple_old_cycle_codes""]",False,False,True,[],[],[],old-47-Word97--0-45,原件/免征目录/mf_batch47.doc,fb4517fe8220b10bc435a77a5328df13c732c70b335942dfad0ae9394affe9b4,False,False,False,False
LZW7003EVGMAJ,0,0,12,old_only,0,0,[],[],"[""NEDC""]",[],"[""305""]",[],"[""10.6"", null]",[],"[{""eleEquivalentFuelConsumption"": ""1.20 "", ""runingRange"": ""305"", ""workConditionType"": ""NEDC""}, {""eleEquivalentFuelConsumption"": ""1.20"", ""powerConsumption"": ""10.6"", ""runingRange"": ""305"", ""workConditionType"": ""NEDC""}]",True,"[""multiple_old_consumption_raw_values""]",False,False,False,[],[],[],old-33-Word97--0-44,原件/免征目录/mf_batch33.doc,ff98fbb1708c47cdcfc1e79e7a1647e72a7ae6d4255dce3b250d661001340c09,False,False,False,False
LZW7003EVGNAJ,0,0,12,old_only,0,0,[],[],"[""NEDC""]",[],"[""305""]",[],"[""10.6"", null]",[],"[{""eleEquivalentFuelConsumption"": ""1.20 "", ""runingRange"": ""305"", ""workConditionType"": ""NEDC""}, {""eleEquivalentFuelConsumption"": ""1.20"", ""powerConsumption"": ""10.6"", ""runingRange"": ""305"", ""workConditionType"": ""NEDC""}]",True,"[""multiple_old_consumption_raw_values""]",False,False,False,[],[],[],old-33-Word97--0-45,原件/免征目录/mf_batch33.doc,ff98fbb1708c47cdcfc1e79e7a1647e72a7ae6d4255dce3b250d661001340c09,False,False,False,False
LZW7003EVMET,0,0,0,not_in_observed_filtered_views,0,0,[],[],[],[],[],[],[],[],[],False,[],False,False,False,[],[],[],old-30-Word97--0-75,原件/免征目录/mf_batch30.doc,e7fa3b47858ec2035b8055bc15be00b2b26920a5e8d3cad481058a80b92ead24,False,False,False,False
LZW7004EVA1,1,1,1,both,1,0,[],"[""5""]","[""CATC""]","[""120""]","[""120""]","[""8.8""]","[""8.8""]","[""685""]","[{""eleEquivalentFuelConsumption"": ""1.00"", ""powerConsumption"": ""8.8"", ""runingRange"": ""120"", ""workConditionType"": ""CATC""}]",True,[],False,False,False,"[""2024-05-20""]","[""2024-07-25""]","[""历史车型补录""]",old-69-Word97--0-59,原件/免征目录/mf_batch69.doc,357d61a16c94488c9fdd761f393edb7029b05394ab06117abaebcba1a1e45546,False,False,False,False
LZW7004EVA3,0,0,1,old_only,0,0,[],[],"[""CATC""]",[],"[""170""]",[],"[""9.3""]",[],"[{""eleEquivalentFuelConsumption"": ""1.05"", ""powerConsumption"": ""9.3"", ""runingRange"": ""170"", ""workConditionType"": ""CATC""}]",True,[],False,False,False,[],[],[],old-70-Word97--0-35,原件/免征目录/mf_batch70.doc,29b9f5df62602e114f0ed01426c185fdb15a654022cdf16d4df624bb736ed813,False,False,False,False
LZW7004EVA4,2,2,3,both,2,0,[],"[""5""]","[""CATC""]","[""215""]","[""215""]","[""9.0""]","[""9.0""]","[""770"", ""777""]","[{""eleEquivalentFuelConsumption"": ""1.02"", ""powerConsumption"": ""9.0"", ""runingRange"": ""215"", ""workConditionType"": ""CATC""}]",True,"[""multiple_new_curb_mass_raw_values""]",False,False,False,"[""2024-05-31""]","[""2024-07-25""]","[""历史车型补录""]",old-68-Word97--0-26,原件/免征目录/mf_batch68.doc,58113d08377020d08de0aeb0e08ff63c4a4411dbe35ad69cfdd6f82fdf0fcc77,False,False,False,False
LZW7004EVA4CAM,0,0,0,not_in_observed_filtered_views,0,0,[],[],[],[],[],[],[],[],[],False,[],False,False,False,[],[],[],old-37-Word97--0-5,原件/免征目录/mf_batch37.doc,136057faede292d8070763e326c8dbdcddf3790653cc6879a13758f91556881f,False,False,False,False
LZW7004EVA4KAK,0,0,1,old_only,0,0,[],[],"[""NEDC""]",[],"[""120""]",[],"[""8.8""]",[],"[{""eleEquivalentFuelConsumption"": ""1.0"", ""powerConsumption"": ""8.8"", ""runingRange"": ""120"", ""workConditionType"": ""NEDC""}]",True,[],False,False,False,[],[],[],old-38-Word97--0-32,原件/免征目录/mf_batch38.doc,7c9def45fe5c40e4c5ffb483a1d1efd383c12cb16a5c4ba021d4ce28384776de,False,False,False,False
LZW7004EVA5,0,0,1,old_only,0,0,[],[],"[""CATC""]",[],"[""170""]",[],"[""9.3""]",[],"[{""eleEquivalentFuelConsumption"": ""1.05"", ""powerConsumption"": ""9.3"", ""runingRange"": ""170"", ""workConditionType"": ""CATC""}]",True,[],False,False,False,[],[],[],old-71-Word97--0-42,原件/免征目录/mf_batch71.doc,b37b78b64b8ef7e12e6e95d6fd27a4a6e364c0c83ba403ffcf3bca82c60e3460,False,False,False,False
LZW7004EVB2DBD,0,0,2,old_only,0,0,[],[],"[""CATC"", ""NEDC""]",[],"[""170""]",[],"[""9.3""]",[],"[{""eleEquivalentFuelConsumption"": ""1.05"", ""powerConsumption"": ""9.3"", ""runingRange"": ""170"", ""workConditionType"": ""CATC""}, {""eleEquivalentFuelConsumption"": ""1.1"", ""powerConsumption"": ""9.3"", ""runingRange"": ""170"", ""workConditionType"": ""NEDC""}]",True,"[""multiple_old_cycle_codes""]",False,False,True,[],[],[],old-44-Word97--0-52,原件/免征目录/mf_batch44.doc,aea30846204f4e55c0d969450f1619e1649eb27f471d5b0a2636d0da77eb0611,False,False,False,False
LZW7004EVJCAM,0,0,1,old_only,0,0,[],[],"[""NEDC""]",[],"[""170""]",[],"[""9.3""]",[],"[{""eleEquivalentFuelConsumption"": ""1.1"", ""powerConsumption"": ""9.3"", ""runingRange"": ""170"", ""workConditionType"": ""NEDC""}]",True,[],False,False,False,[],[],[],old-37-Word97--0-6,原件/免征目录/mf_batch37.doc,136057faede292d8070763e326c8dbdcddf3790653cc6879a13758f91556881f,False,False,False,False
LZW7004EVJCBC,0,0,2,old_only,0,0,[],[],"[""CATC"", ""NEDC""]",[],"[""170""]",[],"[""9.3""]",[],"[{""eleEquivalentFuelConsumption"": ""1.05"", ""powerConsumption"": ""9.3"", ""runingRange"": ""170"", ""workConditionType"": ""CATC""}, {""eleEquivalentFuelConsumption"": ""1.1"", ""powerConsumption"": ""9.3"", ""runingRange"": ""170"", ""workConditionType"": ""NEDC""}]",True,"[""multiple_old_cycle_codes""]",False,False,True,[],[],[],old-44-Word97--0-54,原件/免征目录/mf_batch44.doc,aea30846204f4e55c0d969450f1619e1649eb27f471d5b0a2636d0da77eb0611,False,False,False,False
LZW7004EVJDAG,0,0,3,old_only,0,0,[],[],"[""CATC"", ""NEDC""]",[],"[""170""]",[],"[""9.3"", null]",[],"[{""eleEquivalentFuelConsumption"": ""1.05"", ""powerConsumption"": ""9.3"", ""runingRange"": ""170"", ""workConditionType"": ""CATC""}, {""eleEquivalentFuelConsumption"": ""1.1"", ""powerConsumption"": ""9.3"", ""runingRange"": ""170"", ""workConditionType"": ""NEDC""}, {""eleEquivalentFuelConsumption"": ""1.10 "", ""runingRange"": ""170"", ""workConditionType"": ""NEDC""}]",True,"[""multiple_old_cycle_codes"", ""multiple_old_consumption_raw_values""]",False,False,True,[],[],[],old-31-Word97--0-20,原件/免征目录/mf_batch31.doc,e1ccec4a87ab96ca346e5756d6b14369eb9727ec2c2cfd03c1182a592ddd3bee,False,False,False,False
LZW7004EVJDAK,0,0,2,old_only,0,0,[],[],"[""NEDC""]",[],"[""120""]",[],"[""8.8"", null]",[],"[{""eleEquivalentFuelConsumption"": ""1.0"", ""powerConsumption"": ""8.8"", ""runingRange"": ""120"", ""workConditionType"": ""NEDC""}, {""eleEquivalentFuelConsumption"": ""1.00 "", ""runingRange"": ""120"", ""workConditionType"": ""NEDC""}]",True,"[""multiple_old_consumption_raw_values""]",False,False,False,[],[],[],old-32-Word97--0-29,原件/免征目录/mf_batch32.doc,ad7c65b4831a05b7c70e1e73fe834aa9beed883c66f898e799fcbbeb43cc3d75,False,False,False,False
LZW7004EVJDAM,0,0,2,old_only,0,0,[],[],"[""NEDC""]",[],"[""170""]",[],"[""9.3"", null]",[],"[{""eleEquivalentFuelConsumption"": ""1.1"", ""powerConsumption"": ""9.3"", ""runingRange"": ""170"", ""workConditionType"": ""NEDC""}, {""eleEquivalentFuelConsumption"": ""1.10 "", ""runingRange"": ""170"", ""workConditionType"": ""NEDC""}]",True,"[""multiple_old_consumption_raw_values""]",False,False,False,[],[],[],old-32-Word97--0-30,原件/免征目录/mf_batch32.doc,ad7c65b4831a05b7c70e1e73fe834aa9beed883c66f898e799fcbbeb43cc3d75,False,False,False,False
LZW7004EVJDBB,2,2,2,both,2,0,[],"[""5""]","[""CATC"", ""NEDC""]","[""120""]","[""120""]","[""8.8""]","[""8.8""]","[""665""]","[{""eleEquivalentFuelConsumption"": ""1.0"", ""powerConsumption"": ""8.8"", ""runingRange"": ""120"", ""workConditionType"": ""NEDC""}, {""eleEquivalentFuelConsumption"": ""1.00"", ""powerConsumption"": ""8.8"", ""runingRange"": ""120"", ""workConditionType"": ""CATC""}]",True,"[""multiple_old_cycle_codes""]",False,False,True,"[""2022-10-10""]","[""2024-07-25""]","[""历史车型补录""]",old-40-Word97--0-26,原件/免征目录/mf_batch40.doc,93047c8e87a1f45948933ee36d00160788032370ecf11b551624e0ca45ecc1d1,False,False,False,False
LZW7004EVJDBD,0,0,2,old_only,0,0,[],[],"[""CATC"", ""NEDC""]",[],"[""170""]",[],"[""9.3""]",[],"[{""eleEquivalentFuelConsumption"": ""1.05"", ""powerConsumption"": ""9.3"", ""runingRange"": ""170"", ""workConditionType"": ""CATC""}, {""eleEquivalentFuelConsumption"": ""1.1"", ""powerConsumption"": ""9.3"", ""runingRange"": ""170"", ""workConditionType"": ""NEDC""}]",True,"[""multiple_old_cycle_codes""]",False,False,True,[],[],[],old-46-Word97--0-63,原件/免征目录/mf_batch46.doc,a4b2048b3d5c29a8969f0348e9fd19a3293f0c23e6f37a48bf42a2ed70c7d37d,False,False,False,False
LZW7004EVJDJ,0,0,3,old_only,0,0,[],[],"[""CATC"", ""NEDC""]",[],"[""120""]",[],"[""8.8"", null]",[],"[{""eleEquivalentFuelConsumption"": ""1.0"", ""powerConsumption"": ""8.8"", ""runingRange"": ""120"", ""workConditionType"": ""NEDC""}, {""eleEquivalentFuelConsumption"": ""1.00 "", ""runingRange"": ""120"", ""workConditionType"": ""NEDC""}, {""eleEquivalentFuelConsumption"": ""1.00"", ""powerConsumption"": ""8.8"", ""runingRange"": ""120"", ""workConditionType"": ""CATC""}]",True,"[""multiple_old_cycle_codes"", ""multiple_old_consumption_raw_values""]",False,False,True,[],[],[],old-31-Word97--0-21,原件/免征目录/mf_batch31.doc,e1ccec4a87ab96ca346e5756d6b14369eb9727ec2c2cfd03c1182a592ddd3bee,False,False,False,False
LZW7004EVJEAM,0,0,2,old_only,0,0,[],[],"[""CATC"", ""NEDC""]",[],"[""170""]",[],"[""9.3""]",[],"[{""eleEquivalentFuelConsumption"": ""1.05"", ""powerConsumption"": ""9.3"", ""runingRange"": ""170"", ""workConditionType"": ""CATC""}, {""eleEquivalentFuelConsumption"": ""1.1"", ""powerConsumption"": ""9.3"", ""runingRange"": ""170"", ""workConditionType"": ""NEDC""}]",True,"[""multiple_old_cycle_codes""]",False,False,True,[],[],[],old-39-Word97--0-34,原件/免征目录/mf_batch39.doc,48158862f567d71b07ac0a7a60c2c3bc6d2bb44dd5a86290b0b809d757a9eb07,False,False,False,False
LZW7004EVJEAMA,0,0,2,old_only,0,0,[],[],"[""CATC"", ""NEDC""]",[],"[""170""]",[],"[""9.3""]",[],"[{""eleEquivalentFuelConsumption"": ""1.05"", ""powerConsumption"": ""9.3"", ""runingRange"": ""170"", ""workConditionType"": ""CATC""}, {""eleEquivalentFuelConsumption"": ""1.1"", ""powerConsumption"": ""9.3"", ""runingRange"": ""170"", ""workConditionType"": ""NEDC""}]",True,"[""multiple_old_cycle_codes""]",False,False,True,[],[],[],old-42-Word97--0-51,原件/免征目录/mf_batch42.doc,fef4fd8ea19d773d368642e51a4bdb24c148530251a2240be4ff1358d5d41fab,False,False,False,False
LZW7004EVJKAM,0,0,2,old_only,0,0,[],[],"[""CATC"", ""NEDC""]",[],"[""170""]",[],"[""9.3""]",[],"[{""eleEquivalentFuelConsumption"": ""1.05"", ""powerConsumption"": ""9.3"", ""runingRange"": ""170"", ""workConditionType"": ""CATC""}, {""eleEquivalentFuelConsumption"": ""1.1"", ""powerConsumption"": ""9.3"", ""runingRange"": ""170"", ""workConditionType"": ""NEDC""}]",True,"[""multiple_old_cycle_codes""]",False,False,True,[],[],[],old-42-Word97--0-50,原件/免征目录/mf_batch42.doc,fef4fd8ea19d773d368642e51a4bdb24c148530251a2240be4ff1358d5d41fab,False,False,False,False
LZW7004EVPCAK,0,0,1,old_only,0,0,[],[],"[""NEDC""]",[],"[""120""]",[],[null],[],"[{""eleEquivalentFuelConsumption"": ""1.00 "", ""runingRange"": ""120"", ""workConditionType"": ""NEDC""}]",True,[],False,False,False,[],[],[],old-36-Word97--0-24,原件/免征目录/mf_batch36.doc,05cfcfd9136685ad6d6e13b8228cd123cca109c26f43a4c71472016b5a610a9f,False,False,False,False
LZW7004EVPCAM,0,0,2,old_only,0,0,[],[],"[""NEDC""]",[],"[""170""]",[],"[""9.3"", null]",[],"[{""eleEquivalentFuelConsumption"": ""1.1"", ""powerConsumption"": ""9.3"", ""runingRange"": ""170"", ""workConditionType"": ""NEDC""}, {""eleEquivalentFuelConsumption"": ""1.10 "", ""runingRange"": ""170"", ""workConditionType"": ""NEDC""}]",True,"[""multiple_old_consumption_raw_values""]",False,False,False,[],[],[],old-34-Word97--0-40,原件/免征目录/mf_batch34.doc,d5c5bb03cc5fe0f16b284048e265ad35d62c12c0416f14aef0ce026a229aa831,False,False,False,False
LZW7004EVPCBC,0,0,2,old_only,0,0,[],[],"[""CATC"", ""NEDC""]",[],"[""170""]",[],"[""9.3""]",[],"[{""eleEquivalentFuelConsumption"": ""1.05"", ""powerConsumption"": ""9.3"", ""runingRange"": ""170"", ""workConditionType"": ""CATC""}, {""eleEquivalentFuelConsumption"": ""1.1"", ""powerConsumption"": ""9.3"", ""runingRange"": ""170"", ""workConditionType"": ""NEDC""}]",True,"[""multiple_old_cycle_codes""]",False,False,True,[],[],[],old-47-Word97--0-49,原件/免征目录/mf_batch47.doc,fb4517fe8220b10bc435a77a5328df13c732c70b335942dfad0ae9394affe9b4,False,False,False,False
LZW7004EVPCBH,0,0,2,old_only,0,0,[],[],"[""CATC"", ""NEDC""]",[],"[""120""]",[],"[""8.8""]",[],"[{""eleEquivalentFuelConsumption"": ""1.0"", ""powerConsumption"": ""8.8"", ""runingRange"": ""120"", ""workConditionType"": ""NEDC""}, {""eleEquivalentFuelConsumption"": ""1.00"", ""powerConsumption"": ""8.8"", ""runingRange"": ""120"", ""workConditionType"": ""CATC""}]",True,"[""multiple_old_cycle_codes""]",False,False,True,[],[],[],old-47-Word97--0-41,原件/免征目录/mf_batch47.doc,fb4517fe8220b10bc435a77a5328df13c732c70b335942dfad0ae9394affe9b4,False,False,False,False
LZW7004EVPDAG,0,0,3,old_only,0,0,[],[],"[""CATC"", ""NEDC""]",[],"[""170""]",[],"[""9.3"", null]",[],"[{""eleEquivalentFuelConsumption"": ""1.05"", ""powerConsumption"": ""9.3"", ""runingRange"": ""170"", ""workConditionType"": ""CATC""}, {""eleEquivalentFuelConsumption"": ""1.1"", ""powerConsumption"": ""9.3"", ""runingRange"": ""170"", ""workConditionType"": ""NEDC""}, {""eleEquivalentFuelConsumption"": ""1.10 "", ""runingRange"": ""170"", ""workConditionType"": ""NEDC""}]",True,"[""multiple_old_cycle_codes"", ""multiple_old_consumption_raw_values""]",False,False,True,[],[],[],old-34-Word97--0-41,原件/免征目录/mf_batch34.doc,d5c5bb03cc5fe0f16b284048e265ad35d62c12c0416f14aef0ce026a229aa831,False,False,False,False
LZW7004EVPDAK,0,0,2,old_only,0,0,[],[],"[""NEDC""]",[],"[""120""]",[],"[""8.8"", null]",[],"[{""eleEquivalentFuelConsumption"": ""1.0"", ""powerConsumption"": ""8.8"", ""runingRange"": ""120"", ""workConditionType"": ""NEDC""}, {""eleEquivalentFuelConsumption"": ""1.00 "", ""runingRange"": ""120"", ""workConditionType"": ""NEDC""}]",True,"[""multiple_old_consumption_raw_values""]",False,False,False,[],[],[],old-34-Word97--0-42,原件/免征目录/mf_batch34.doc,d5c5bb03cc5fe0f16b284048e265ad35d62c12c0416f14aef0ce026a229aa831,False,False,False,False
LZW7004EVPDBA,0,0,1,old_only,0,0,[],[],"[""NEDC""]",[],"[""170""]",[],[null],[],"[{""eleEquivalentFuelConsumption"": ""1.10 "", ""runingRange"": ""170"", ""workConditionType"": ""NEDC""}]",True,[],False,False,False,[],[],[],old-35-Word97--0-4,原件/免征目录/mf_batch35.wps,e4a6abd0e50daa81d029f8b37584511354700e855dc89de210fcba782b0643f0,False,False,False,False
LZW7004EVPDBB,2,2,3,both,2,0,[],"[""5""]","[""CATC"", ""NEDC""]","[""120""]","[""120""]","[""8.8""]","[""8.8"", null]","[""665""]","[{""eleEquivalentFuelConsumption"": ""1.0"", ""powerConsumption"": ""8.8"", ""runingRange"": ""120"", ""workConditionType"": ""NEDC""}, {""eleEquivalentFuelConsumption"": ""1.00 "", ""runingRange"": ""120"", ""workConditionType"": ""NEDC""}, {""eleEquivalentFuelConsumption"": ""1.00"", ""powerConsumption"": ""8.8"", ""runingRange"": ""120"", ""workConditionType"": ""CATC""}]",True,"[""multiple_old_cycle_codes"", ""multiple_old_consumption_raw_values"", ""new_old_consumption_raw_value_sets_differ_units_not_normalized""]",False,False,True,"[""2022-09-15""]","[""2024-07-25""]","[""历史车型补录"", ""能耗标识新法规实施""]",old-35-Word97--0-5,原件/免征目录/mf_batch35.wps,e4a6abd0e50daa81d029f8b37584511354700e855dc89de210fcba782b0643f0,False,False,False,False
LZW7004EVPDJ,0,0,3,old_only,0,0,[],[],"[""CATC"", ""NEDC""]",[],"[""120""]",[],"[""8.8"", null]",[],"[{""eleEquivalentFuelConsumption"": ""1.0"", ""powerConsumption"": ""8.8"", ""runingRange"": ""120"", ""workConditionType"": ""NEDC""}, {""eleEquivalentFuelConsumption"": ""1.00 "", ""runingRange"": ""120"", ""workConditionType"": ""NEDC""}, {""eleEquivalentFuelConsumption"": ""1.00"", ""powerConsumption"": ""8.8"", ""runingRange"": ""120"", ""workConditionType"": ""CATC""}]",True,"[""multiple_old_cycle_codes"", ""multiple_old_consumption_raw_values""]",False,False,True,[],[],[],old-34-Word97--0-43,原件/免征目录/mf_batch34.doc,d5c5bb03cc5fe0f16b284048e265ad35d62c12c0416f14aef0ce026a229aa831,False,False,False,False
LZW7004EVPEAK,0,0,2,old_only,0,0,[],[],"[""NEDC""]",[],"[""120""]",[],"[""8.8"", null]",[],"[{""eleEquivalentFuelConsumption"": ""1.0"", ""powerConsumption"": ""8.8"", ""runingRange"": ""120"", ""workConditionType"": ""NEDC""}, {""eleEquivalentFuelConsumption"": ""1.00 "", ""runingRange"": ""120"", ""workConditionType"": ""NEDC""}]",True,"[""multiple_old_consumption_raw_values""]",False,False,False,[],[],[],old-36-Word97--0-25,原件/免征目录/mf_batch36.doc,05cfcfd9136685ad6d6e13b8228cd123cca109c26f43a4c71472016b5a610a9f,False,False,False,False
LZW7004EVPHAK,0,0,0,not_in_observed_filtered_views,0,0,[],[],[],[],[],[],[],[],[],False,[],False,False,False,[],[],[],old-39-Word97--0-35,原件/免征目录/mf_batch39.doc,48158862f567d71b07ac0a7a60c2c3bc6d2bb44dd5a86290b0b809d757a9eb07,False,False,False,False
LZW7004EVPHAM,0,0,3,old_only,0,0,[],[],"[""CATC"", ""NEDC""]",[],"[""170""]",[],"[""9.3"", null]",[],"[{""eleEquivalentFuelConsumption"": ""1.05"", ""powerConsumption"": ""9.3"", ""runingRange"": ""170"", ""workConditionType"": ""CATC""}, {""eleEquivalentFuelConsumption"": ""1.1"", ""powerConsumption"": ""9.3"", ""runingRange"": ""170"", ""workConditionType"": ""NEDC""}, {""eleEquivalentFuelConsumption"": ""1.10 "", ""runingRange"": ""170"", ""workConditionType"": ""NEDC""}]",True,"[""multiple_old_cycle_codes"", ""multiple_old_consumption_raw_values""]",False,False,True,[],[],[],old-35-Word97--0-6,原件/免征目录/mf_batch35.wps,e4a6abd0e50daa81d029f8b37584511354700e855dc89de210fcba782b0643f0,False,False,False,False
LZW7004EVPHBG,0,0,1,old_only,0,0,[],[],"[""NEDC""]",[],"[""120""]",[],"[""8.8""]",[],"[{""eleEquivalentFuelConsumption"": ""1.0"", ""powerConsumption"": ""8.8"", ""runingRange"": ""120"", ""workConditionType"": ""NEDC""}]",True,[],False,False,False,[],[],[],old-45-Word97--0-32,原件/免征目录/mf_batch45.doc,56f5e7c5fd36e990024f8121006a76da260361f4e4660846e78255d007126f7a,False,False,False,False
LZW7004EVPKAK,2,2,3,both,2,0,[],"[""5""]","[""CATC"", ""NEDC""]","[""120""]","[""120""]","[""8.8""]","[""8.8"", null]","[""665""]","[{""eleEquivalentFuelConsumption"": ""1.0"", ""powerConsumption"": ""8.8"", ""runingRange"": ""120"", ""workConditionType"": ""NEDC""}, {""eleEquivalentFuelConsumption"": ""1.00 "", ""runingRange"": ""120"", ""workConditionType"": ""NEDC""}, {""eleEquivalentFuelConsumption"": ""1.00"", ""powerConsumption"": ""8.8"", ""runingRange"": ""120"", ""workConditionType"": ""CATC""}]",True,"[""multiple_old_cycle_codes"", ""multiple_old_consumption_raw_values"", ""new_old_consumption_raw_value_sets_differ_units_not_normalized""]",False,False,True,"[""2022-09-15""]","[""2024-07-25""]","[""历史车型补录""]",old-35-Word97--0-7,原件/免征目录/mf_batch35.wps,e4a6abd0e50daa81d029f8b37584511354700e855dc89de210fcba782b0643f0,False,False,False,False
LZW7004EVPKAM,0,0,3,old_only,0,0,[],[],"[""CATC"", ""NEDC""]",[],"[""170""]",[],"[""9.3"", null]",[],"[{""eleEquivalentFuelConsumption"": ""1.05"", ""powerConsumption"": ""9.3"", ""runingRange"": ""170"", ""workConditionType"": ""CATC""}, {""eleEquivalentFuelConsumption"": ""1.1"", ""powerConsumption"": ""9.3"", ""runingRange"": ""170"", ""workConditionType"": ""NEDC""}, {""eleEquivalentFuelConsumption"": ""1.10 "", ""runingRange"": ""170"", ""workConditionType"": ""NEDC""}]",True,"[""multiple_old_cycle_codes"", ""multiple_old_consumption_raw_values""]",False,False,True,[],[],[],old-34-Word97--0-44,原件/免征目录/mf_batch34.doc,d5c5bb03cc5fe0f16b284048e265ad35d62c12c0416f14aef0ce026a229aa831,False,False,False,False
LZW7004EVQEAW,0,0,0,not_in_observed_filtered_views,0,0,[],[],[],[],[],[],[],[],[],False,[],False,False,False,[],[],[],old-34-Word97--0-45,原件/免征目录/mf_batch34.doc,d5c5bb03cc5fe0f16b284048e265ad35d62c12c0416f14aef0ce026a229aa831,False,False,False,False
LZW7004EVWEAW,0,0,0,not_in_observed_filtered_views,0,0,[],[],[],[],[],[],[],[],[],False,[],False,False,False,[],[],[],old-36-Word97--0-26,原件/免征目录/mf_batch36.doc,05cfcfd9136685ad6d6e13b8228cd123cca109c26f43a4c71472016b5a610a9f,False,False,False,False
LZW7005EVA1,1,1,2,both,1,0,[],"[""5""]","[""CATC""]","[""206""]","[""200"", ""206""]","[""9.4""]","[""9.4"", ""9.5""]","[""825""]","[{""eleEquivalentFuelConsumption"": ""1.06"", ""powerConsumption"": ""9.4"", ""runingRange"": ""206"", ""workConditionType"": ""CATC""}, {""eleEquivalentFuelConsumption"": ""1.07"", ""powerConsumption"": ""9.5"", ""runingRange"": ""200"", ""workConditionType"": ""CATC""}]",True,"[""multiple_old_range_raw_values"", ""multiple_old_consumption_raw_values"", ""new_old_range_raw_value_sets_differ"", ""new_old_consumption_raw_value_sets_differ_units_not_normalized""]",False,False,False,"[""2023-08-15""]","[""2024-07-25""]","[""历史车型补录""]",old-66-Word97--0-24,原件/免征目录/mf_batch66.doc,05a5fce42de1c5412803fe6a7bb46d04c4d61cb71dc5d88a9b59a3e884350544,False,False,False,False
LZW7006EVA1,1,1,2,both,1,0,[],"[""5""]","[""CATC""]","[""360""]","[""360""]","[""12.0""]","[""12"", ""12.0""]","[""1495""]","[{""eleEquivalentFuelConsumption"": ""1.36"", ""powerConsumption"": ""12"", ""runingRange"": ""360"", ""workConditionType"": ""CATC""}, {""eleEquivalentFuelConsumption"": ""1.36"", ""powerConsumption"": ""12.0"", ""runingRange"": ""360"", ""workConditionType"": ""CATC""}]",True,"[""multiple_old_consumption_raw_values"", ""new_old_consumption_raw_value_sets_differ_units_not_normalized""]",False,False,False,"[""2023-08-15""]","[""2024-07-25""]","[""历史车型补录""]",old-66-Word97--0-25,原件/免征目录/mf_batch66.doc,05a5fce42de1c5412803fe6a7bb46d04c4d61cb71dc5d88a9b59a3e884350544,False,False,False,False
LZW7006EVA2,5,5,11,both,5,0,[],"[""5""]","[""CATC""]","[""460"", ""505""]","[""460"", ""505""]","[""12.7""]","[""12.7""]","[""1575"", ""1595"", ""1615"", ""1635"", ""1665""]","[{""eleEquivalentFuelConsumption"": ""1.44"", ""powerConsumption"": ""12.7"", ""runingRange"": ""460"", ""workConditionType"": ""CATC""}, {""eleEquivalentFuelConsumption"": ""1.44"", ""powerConsumption"": ""12.7"", ""runingRange"": ""505"", ""workConditionType"": ""CATC""}]",True,"[""multiple_new_range_raw_values"", ""multiple_old_range_raw_values"", ""multiple_new_curb_mass_raw_values""]",False,False,False,"[""2023-12-26""]","[""2024-07-25""]","[""历史车型补录""]",old-66-Word97--0-26,原件/免征目录/mf_batch66.doc,05a5fce42de1c5412803fe6a7bb46d04c4d61cb71dc5d88a9b59a3e884350544,False,False,False,False
LZW7009EVA1,2,2,2,both,2,0,[],"[""5""]","[""CATC""]","[""410""]","[""410""]","[""11.5""]","[""11.5""]","[""1530""]","[{""eleEquivalentFuelConsumption"": ""1.30"", ""powerConsumption"": ""11.5"", ""runingRange"": ""410"", ""workConditionType"": ""CATC""}]",True,[],False,False,False,"[""2024-02-04""]","[""2024-07-25""]","[""历史车型补录""]",old-69-Word97--0-56,原件/免征目录/mf_batch69.doc,357d61a16c94488c9fdd761f393edb7029b05394ab06117abaebcba1a1e45546,False,False,False,False
LZW7009EVA2,2,2,8,both,2,0,[],"[""5""]","[""CATC""]","[""510""]","[""510""]","[""11.8""]","[""11.8""]","[""1600""]","[{""eleEquivalentFuelConsumption"": ""1.33"", ""powerConsumption"": ""11.8"", ""runingRange"": ""510"", ""workConditionType"": ""CATC""}]",True,[],False,False,False,"[""2024-02-04""]","[""2024-07-25""]","[""历史车型补录""]",old-69-Word97--0-55,原件/免征目录/mf_batch69.doc,357d61a16c94488c9fdd761f393edb7029b05394ab06117abaebcba1a1e45546,False,False,False,False
MA6470BEVA,0,0,0,not_in_observed_filtered_views,0,0,[],[],[],[],[],[],[],[],[],False,[],False,False,False,[],[],[],old-28-Word97--0-22,原件/免征目录/mf_batch28.doc,dfe1b301a5e8373e94e0e4a2fccee3d258c56bb662e4928764a71274142acd72,False,False,False,False
MA7001BEVA,0,0,0,not_in_observed_filtered_views,0,0,[],[],[],[],[],[],[],[],[],False,[],False,False,False,[],[],[],mf29-t0-r25,原件/mf_batch29.doc,8d24a01958cc6d44fa7826ecbb6a76869b9a0f2c98b97597d57af02932f2afaf,False,False,False,False
MA7002BEVA,0,0,0,not_in_observed_filtered_views,0,0,[],[],[],[],[],[],[],[],[],False,[],False,False,False,[],[],[],old-55-Word97--0-16,原件/免征目录/mf_batch55.doc,0457d0430e9e7f114c91341a715405c3933dd4783762cd74b9871e4918ba887f,False,False,False,False
MERCEDES-AMGEQE534MATIC+A10(294653),0,0,0,not_in_observed_filtered_views,0,0,[],[],[],[],[],[],[],[],[],False,[],False,False,False,[],[],[],old-70-Word97--0-4,原件/免征目录/mf_batch70.doc,29b9f5df62602e114f0ed01426c185fdb15a654022cdf16d4df624bb736ed813,False,False,False,False
MERCEDES-AMGEQE534MATIC+A10(295153),0,0,0,not_in_observed_filtered_views,0,0,[],[],[],[],[],[],[],[],[],False,[],False,False,False,[],[],[],old-62-Word97--0-2,原件/免征目录/mf_batch62.doc,7694ac7207998b6af7c895cdd2c1d752421df436d4b28f83195261dd47f6509c,False,False,False,False
MERCEDES-AMGEQE534MATIC+A20(295153),0,0,0,not_in_observed_filtered_views,0,0,[],[],[],[],[],[],[],[],[],False,[],False,False,False,[],[],[],old-70-Word97--0-5,原件/免征目录/mf_batch70.doc,29b9f5df62602e114f0ed01426c185fdb15a654022cdf16d4df624bb736ed813,False,False,False,False
MERCEDES-AMGEQS534MATIC+A10(297155),0,0,0,not_in_observed_filtered_views,0,0,[],[],[],[],[],[],[],[],[],False,[],False,False,False,[],[],[],old-54-Word97--0-3,原件/免征目录/mf_batch54.doc,e4ce106fc0fb21bc61cac40ff0de97e60dff2d18b5b7d24c494bb74873312fd7,False,False,False,False
MERCEDES-MAYBACHEQS480A10(296934),0,0,0,not_in_observed_filtered_views,0,0,[],[],[],[],[],[],[],[],[],False,[],False,False,False,[],[],[],old-71-Word97--0-4,原件/免征目录/mf_batch71.doc,b37b78b64b8ef7e12e6e95d6fd27a4a6e364c0c83ba403ffcf3bca82c60e3460,False,False,False,False
MERCEDES-MAYBACHEQS680A10(296955),0,0,0,not_in_observed_filtered_views,0,0,[],[],[],[],[],[],[],[],[],False,[],False,False,False,[],[],[],old-71-Word97--0-3,原件/免征目录/mf_batch71.doc,b37b78b64b8ef7e12e6e95d6fd27a4a6e364c0c83ba403ffcf3bca82c60e3460,False,False,False,False
MJC6450BEV1,0,0,0,not_in_observed_filtered_views,0,0,[],[],[],[],[],[],[],[],[],False,[],False,False,False,[],[],[],old-25-Word97--0-25,原件/免征目录/mf_batch25.wps,9d2abe319463522513fe9c90f98bb8d0a825b599267d0b3cc403cec9624b3297,False,False,False,False
MJC7000BEV1,0,0,0,not_in_observed_filtered_views,0,0,[],[],[],[],[],[],[],[],[],False,[],False,False,False,[],[],[],old-34-Word97--0-49,原件/免征目录/mf_batch34.doc,d5c5bb03cc5fe0f16b284048e265ad35d62c12c0416f14aef0ce026a229aa831,False,False,False,False
MR6490SEV01,0,0,8,old_only,0,0,[],[],"[""CATC""]",[],"[""340""]",[],"[""17.5""]",[],"[{""eleEquivalentFuelConsumption"": ""1.98"", ""powerConsumption"": ""17.5"", ""runingRange"": ""340"", ""workConditionType"": ""CATC""}]",True,[],False,False,False,[],[],[],old-47-Word97--0-26,原件/免征目录/mf_batch47.doc,fb4517fe8220b10bc435a77a5328df13c732c70b335942dfad0ae9394affe9b4,False,False,False,False
MR6490SEV02,1,1,6,both,1,0,[],"[""5""]","[""CATC""]","[""410""]","[""410"", ""415""]","[""17.6""]","[""17.6""]","[""2050""]","[{""eleEquivalentFuelConsumption"": ""1.99"", ""powerConsumption"": ""17.6"", ""runingRange"": ""410"", ""workConditionType"": ""CATC""}, {""eleEquivalentFuelConsumption"": ""1.99"", ""powerConsumption"": ""17.6"", ""runingRange"": ""415"", ""workConditionType"": ""CATC""}]",True,"[""multiple_old_range_raw_values"", ""new_old_range_raw_value_sets_differ""]",False,False,False,"[""2024-05-20""]","[""2024-07-11""]","[""按新版能耗标准补充备案""]",old-48-Word97--0-30,原件/免征目录/mf_batch48.doc,ee5aa19736215cfcb3b76ffff90bcd0d9108c61758ccb756f7d4ad17e75a835c,False,False,False,False
MR6490SEV04,1,1,2,both,1,0,[],"[""5""]","[""CATC""]","[""410""]","[""410""]","[""17.6""]","[""17.6""]","[""2050""]","[{""eleEquivalentFuelConsumption"": ""1.99"", ""powerConsumption"": ""17.6"", ""runingRange"": ""410"", ""workConditionType"": ""CATC""}]",True,[],False,False,False,"[""2024-05-20""]","[""2024-07-11""]","[""按新版能耗标准补充备案""]",old-61-Word97--0-27,原件/免征目录/mf_batch61.doc,d360a77695ccf20f3c17a354a1dd02fc846a7ae8bd18b41492515881a7240b72,False,False,False,False
MR6491BEV01,1,1,1,both,1,0,[],"[""5""]","[""CATC""]","[""550""]","[""550""]","[""15.2""]","[""15.2""]","[""2210""]","[{""eleEquivalentFuelConsumption"": ""1.72"", ""powerConsumption"": ""15.2"", ""runingRange"": ""550"", ""workConditionType"": ""CATC""}]",True,[],False,False,False,[],"[""2024-07-25""]",[],old-69-Word97--0-36,原件/免征目录/mf_batch69.doc,357d61a16c94488c9fdd761f393edb7029b05394ab06117abaebcba1a1e45546,False,False,False,False
MR6491BEV02,1,1,1,both,1,0,[],"[""5""]","[""CATC""]","[""720""]","[""720""]","[""15.2""]","[""15.2""]","[""2240""]","[{""eleEquivalentFuelConsumption"": ""1.72"", ""powerConsumption"": ""15.2"", ""runingRange"": ""720"", ""workConditionType"": ""CATC""}]",True,[],False,False,False,[],"[""2024-07-25""]",[],old-70-Word97--0-24,原件/免征目录/mf_batch70.doc,29b9f5df62602e114f0ed01426c185fdb15a654022cdf16d4df624bb736ed813,False,False,False,False
MR6491BEV03,1,1,1,both,1,0,[],"[""5""]","[""CATC""]","[""660""]","[""660""]","[""16.8""]","[""16.8""]","[""2380""]","[{""eleEquivalentFuelConsumption"": ""1.90"", ""powerConsumption"": ""16.8"", ""runingRange"": ""660"", ""workConditionType"": ""CATC""}]",True,[],False,False,False,[],"[""2024-07-25""]",[],old-69-Word97--0-37,原件/免征目录/mf_batch69.doc,357d61a16c94488c9fdd761f393edb7029b05394ab06117abaebcba1a1e45546,False,False,False,False
MR7001BEV03,0,0,6,old_only,0,0,[],[],"[""CATC"", ""NEDC""]",[],"[""712"", ""732""]",[],"[""14.7"", ""14.9""]",[],"[{""eleEquivalentFuelConsumption"": ""1.66"", ""powerConsumption"": ""14.7"", ""runingRange"": ""732"", ""workConditionType"": ""CATC""}, {""eleEquivalentFuelConsumption"": ""1.7"", ""powerConsumption"": ""14.9"", ""runingRange"": ""712"", ""workConditionType"": ""NEDC""}]",True,"[""multiple_old_cycle_codes"", ""multiple_old_range_raw_values"", ""multiple_old_consumption_raw_values""]",False,False,True,[],[],[],old-45-Word97--0-28,原件/免征目录/mf_batch45.doc,56f5e7c5fd36e990024f8121006a76da260361f4e4660846e78255d007126f7a,False,False,False,False
MR7001BEV04,0,0,6,old_only,0,0,[],[],"[""CATC"", ""NEDC""]",[],"[""526"", ""536""]",[],"[""17.3"", ""17.4""]",[],"[{""eleEquivalentFuelConsumption"": ""1.97"", ""powerConsumption"": ""17.4"", ""runingRange"": ""536"", ""workConditionType"": ""CATC""}, {""eleEquivalentFuelConsumption"": ""2.0"", ""powerConsumption"": ""17.3"", ""runingRange"": ""526"", ""workConditionType"": ""NEDC""}]",True,"[""multiple_old_cycle_codes"", ""multiple_old_range_raw_values"", ""multiple_old_consumption_raw_values""]",False,False,True,[],[],[],old-45-Word97--0-27,原件/免征目录/mf_batch45.doc,56f5e7c5fd36e990024f8121006a76da260361f4e4660846e78255d007126f7a,False,False,False,False
MR7001BEV05,1,1,6,both,1,0,[],"[""5""]","[""CATC"", ""NEDC""]","[""616""]","[""606"", ""616""]","[""17.5""]","[""17.5"", ""17.8""]","[""2350""]","[{""eleEquivalentFuelConsumption"": ""1.98"", ""powerConsumption"": ""17.5"", ""runingRange"": ""616"", ""workConditionType"": ""CATC""}, {""eleEquivalentFuelConsumption"": ""2.0"", ""powerConsumption"": ""17.8"", ""runingRange"": ""606"", ""workConditionType"": ""NEDC""}]",True,"[""multiple_old_cycle_codes"", ""multiple_old_range_raw_values"", ""multiple_old_consumption_raw_values"", ""new_old_range_raw_value_sets_differ"", ""new_old_consumption_raw_value_sets_differ_units_not_normalized""]",False,False,True,"[""2024-04-15""]","[""2024-08-06""]","[""按新版能耗标准补充备案""]",old-44-Word97--0-31,原件/免征目录/mf_batch44.doc,aea30846204f4e55c0d969450f1619e1649eb27f471d5b0a2636d0da77eb0611,False,False,False,False
MR7001BEV06,6,6,15,both,6,0,[],"[""5""]","[""CATC"", ""NEDC""]","[""516"", ""536"", ""546"", ""560""]","[""516"", ""526"", ""536"", ""546"", ""560""]","[""16.4"", ""17.1"", ""17.4"", ""17.8""]","[""16.4"", ""17.1"", ""17.3"", ""17.4"", ""17.8""]","[""2269"", ""2270""]","[{""eleEquivalentFuelConsumption"": ""1.85"", ""powerConsumption"": ""16.4"", ""runingRange"": ""560"", ""workConditionType"": ""CATC""}, {""eleEquivalentFuelConsumption"": ""1.93"", ""powerConsumption"": ""17.1"", ""runingRange"": ""546"", ""workConditionType"": ""CATC""}, {""eleEquivalentFuelConsumption"": ""1.97"", ""powerConsumption"": ""17.4"", ""runingRange"": ""536"", ""workConditionType"": ""CATC""}, {""eleEquivalentFuelConsumption"": ""2.0"", ""powerConsumption"": ""17.3"", ""runingRange"": ""526"", ""workConditionType"": ""NEDC""}, {""eleEquivalentFuelConsumption"": ""2.01"", ""powerConsumption"": ""17.8"", ""runingRange"": ""516"", ""workConditionType"": ""CATC""}]",True,"[""multiple_old_cycle_codes"", ""multiple_new_range_raw_values"", ""multiple_old_range_raw_values"", ""multiple_new_consumption_raw_values"", ""multiple_old_consumption_raw_values"", ""multiple_new_curb_mass_raw_values"", ""new_old_range_raw_value_sets_differ"", ""new_old_consumption_raw_value_sets_differ_units_not_normalized""]",False,False,True,"[""2024-04-15""]","[""2024-08-06""]","[""按新版能耗标准补充备案""]",old-45-Word97--0-25,原件/免征目录/mf_batch45.doc,56f5e7c5fd36e990024f8121006a76da260361f4e4660846e78255d007126f7a,False,False,False,False
MR7001BEV08,2,2,8,both,2,0,[],"[""5""]","[""CATC"", ""NEDC""]","[""732"", ""741""]","[""712"", ""732"", ""741""]","[""14.6"", ""14.7""]","[""14.6"", ""14.7"", ""14.9""]","[""2224"", ""2225""]","[{""eleEquivalentFuelConsumption"": ""1.65"", ""powerConsumption"": ""14.6"", ""runingRange"": ""741"", ""workConditionType"": ""CATC""}, {""eleEquivalentFuelConsumption"": ""1.66"", ""powerConsumption"": ""14.7"", ""runingRange"": ""732"", ""workConditionType"": ""CATC""}, {""eleEquivalentFuelConsumption"": ""1.7"", ""powerConsumption"": ""14.9"", ""runingRange"": ""712"", ""workConditionType"": ""NEDC""}]",True,"[""multiple_old_cycle_codes"", ""multiple_new_range_raw_values"", ""multiple_old_range_raw_values"", ""multiple_new_consumption_raw_values"", ""multiple_old_consumption_raw_values"", ""multiple_new_curb_mass_raw_values"", ""new_old_range_raw_value_sets_differ"", ""new_old_consumption_raw_value_sets_differ_units_not_normalized""]",False,False,True,"[""2024-04-15""]","[""2024-08-06""]","[""按新版能耗标准补充备案""]",old-45-Word97--0-24,原件/免征目录/mf_batch45.doc,56f5e7c5fd36e990024f8121006a76da260361f4e4660846e78255d007126f7a,False,False,False,False
MR7001BEV09,0,0,1,old_only,0,0,[],[],"[""CATC""]",[],"[""741""]",[],"[""14.6""]",[],"[{""eleEquivalentFuelConsumption"": ""1.65"", ""powerConsumption"": ""14.6"", ""runingRange"": ""741"", ""workConditionType"": ""CATC""}]",True,[],False,False,False,[],[],[],old-67-Word97--0-14,原件/免征目录/mf_batch67.doc,963a02fcc1f361414f4f003c6d63e00b178d0b962134ed2206c38978f3118101,False,False,False,False
MR7001BEV11,5,5,12,both,5,0,[],"[""5""]","[""CATC"", ""NEDC""]","[""616"", ""626"", ""650"", ""656""]","[""606"", ""616"", ""626"", ""650"", ""656""]","[""16.4"", ""16.5"", ""17.3"", ""17.5""]","[""16.4"", ""16.5"", ""17.3"", ""17.5"", ""17.8""]","[""2339"", ""2340""]","[{""eleEquivalentFuelConsumption"": ""1.85"", ""powerConsumption"": ""16.4"", ""runingRange"": ""656"", ""workConditionType"": ""CATC""}, {""eleEquivalentFuelConsumption"": ""1.87"", ""powerConsumption"": ""16.5"", ""runingRange"": ""650"", ""workConditionType"": ""CATC""}, {""eleEquivalentFuelConsumption"": ""1.96"", ""powerConsumption"": ""17.3"", ""runingRange"": ""626"", ""workConditionType"": ""CATC""}, {""eleEquivalentFuelConsumption"": ""1.98"", ""powerConsumption"": ""17.5"", ""runingRange"": ""616"", ""workConditionType"": ""CATC""}, {""eleEquivalentFuelConsumption"": ""2.0"", ""powerConsumption"": ""17.8"", ""runingRange"": ""606"", ""workConditionType"": ""NEDC""}]",True,"[""multiple_old_cycle_codes"", ""multiple_new_range_raw_values"", ""multiple_old_range_raw_values"", ""multiple_new_consumption_raw_values"", ""multiple_old_consumption_raw_values"", ""multiple_new_curb_mass_raw_values"", ""new_old_range_raw_value_sets_differ"", ""new_old_consumption_raw_value_sets_differ_units_not_normalized""]",False,False,True,"[""2024-04-15""]","[""2024-08-06""]","[""按新版能耗标准补充备案""]",old-45-Word97--0-26,原件/免征目录/mf_batch45.doc,56f5e7c5fd36e990024f8121006a76da260361f4e4660846e78255d007126f7a,False,False,False,False
MR7001BEV35,0,0,2,old_only,0,0,[],[],"[""CATC""]",[],"[""450""]",[],"[""13.0""]",[],"[{""eleEquivalentFuelConsumption"": ""1.47"", ""powerConsumption"": ""13.0"", ""runingRange"": ""450"", ""workConditionType"": ""CATC""}]",True,[],False,False,False,[],[],[],old-70-Word97--0-25,原件/免征目录/mf_batch70.doc,29b9f5df62602e114f0ed01426c185fdb15a654022cdf16d4df624bb736ed813,False,False,False,False
MR7001SEV01,0,0,0,not_in_observed_filtered_views,0,0,[],[],[],[],[],[],[],[],[],False,[],False,False,False,[],[],[],old-42-Word97--0-33,原件/免征目录/mf_batch42.doc,fef4fd8ea19d773d368642e51a4bdb24c148530251a2240be4ff1358d5d41fab,False,False,False,False
MR7001SEV02,3,3,19,both,3,0,[],"[""5""]","[""CATC""]","[""402"", ""407"", ""415""]","[""402"", ""407"", ""415""]","[""13.2"", ""14.0""]","[""13.2"", ""14.0""]","[""1535"", ""1575""]","[{""eleEquivalentFuelConsumption"": ""1.49"", ""powerConsumption"": ""13.2"", ""runingRange"": ""415"", ""workConditionType"": ""CATC""}, {""eleEquivalentFuelConsumption"": ""1.50"", ""powerConsumption"": ""13.2"", ""runingRange"": ""407"", ""workConditionType"": ""CATC""}, {""eleEquivalentFuelConsumption"": ""1.58"", ""powerConsumption"": ""14.0"", ""runingRange"": ""402"", ""workConditionType"": ""CATC""}]",True,"[""multiple_new_range_raw_values"", ""multiple_old_range_raw_values"", ""multiple_new_consumption_raw_values"", ""multiple_old_consumption_raw_values"", ""multiple_new_curb_mass_raw_values""]",False,False,False,"[""2023-10-18""]","[""2024-07-19""]","[""按新版能耗标准补充备案""]",old-47-Word97--0-25,原件/免征目录/mf_batch47.doc,fb4517fe8220b10bc435a77a5328df13c732c70b335942dfad0ae9394affe9b4,False,False,False,False
MR7001SEV03,0,0,1,old_only,0,0,[],[],"[""CATC""]",[],"[""407""]",[],"[""13.24""]",[],"[{""eleEquivalentFuelConsumption"": ""1.49"", ""powerConsumption"": ""13.24"", ""runingRange"": ""407"", ""workConditionType"": ""CATC""}]",True,[],False,False,False,[],[],[],old-47-Word97--0-27,原件/免征目录/mf_batch47.doc,fb4517fe8220b10bc435a77a5328df13c732c70b335942dfad0ae9394affe9b4,False,False,False,False
MR7001SEV04,0,0,2,old_only,0,0,[],[],"[""CATC""]",[],"[""350""]",[],"[""13.2""]",[],"[{""eleEquivalentFuelConsumption"": ""1.49"", ""powerConsumption"": ""13.2"", ""runingRange"": ""350"", ""workConditionType"": ""CATC""}]",True,[],False,False,False,[],[],[],old-63-Word97--0-24,原件/免征目录/mf_batch63.doc,1d0f4bf9c7c1f67712e9efa3a5e3222c30d4e438653b9335aaff9714e65f8c05,False,False,False,False
MR7002BEV03,0,0,4,old_only,0,0,[],[],"[""NEDC""]",[],"[""253"", ""300""]",[],"[""15.8"", ""16""]",[],"[{""eleEquivalentFuelConsumption"": ""1.80 "", ""powerConsumption"": ""15.8"", ""runingRange"": ""300"", ""workConditionType"": ""NEDC""}, {""eleEquivalentFuelConsumption"": ""1.80 "", ""powerConsumption"": ""16"", ""runingRange"": ""253"", ""workConditionType"": ""NEDC""}]",True,"[""multiple_old_range_raw_values"", ""multiple_old_consumption_raw_values""]",False,False,False,[],[],[],old-05-PDF-grid-1-0-14,原件/免征目录/mf_batch05.pdf,658aa5fbf13859a9bbe1db6235da2f7e79fc325cc34e4c0ec1ffab7f8cc2ebca,False,False,False,False
MR7002BEV11,0,0,0,not_in_observed_filtered_views,0,0,[],[],[],[],[],[],[],[],[],False,[],False,False,False,[],[],[],old-11-PDF-grid-2-0-8,原件/免征目录/mf_batch11.pdf,ec4f33e5e872841e6d1fa5d435793c285a15614ef2e64f39b9013389b5e51724,False,False,False,False
MR7002BEV22,0,0,0,not_in_observed_filtered_views,0,0,[],[],[],[],[],[],[],[],[],False,[],False,False,False,[],[],[],old-24-Word97--3-4,原件/免征目录/mf_batch24.wps,07775a0cb063fe0fce5880b9378dd1eb2522b725d645cabdee314d604779939d,False,False,False,False
MR7002BEV23,0,0,2,old_only,0,0,[],[],"[""NEDC""]",[],"[""410""]",[],"[""13.5""]",[],"[{""eleEquivalentFuelConsumption"": ""1.50 "", ""powerConsumption"": ""13.5"", ""runingRange"": ""410"", ""workConditionType"": ""NEDC""}]",True,[],False,False,False,[],[],[],old-24-Word97--3-5,原件/免征目录/mf_batch24.wps,07775a0cb063fe0fce5880b9378dd1eb2522b725d645cabdee314d604779939d,False,False,False,False
MR7002BEV27,0,0,2,old_only,0,0,[],[],"[""NEDC""]",[],"[""410""]",[],"[""13.5""]",[],"[{""eleEquivalentFuelConsumption"": ""1.50 "", ""powerConsumption"": ""13.5"", ""runingRange"": ""410"", ""workConditionType"": ""NEDC""}]",True,[],False,False,False,[],[],[],old-33-Word97--0-23,原件/免征目录/mf_batch33.doc,ff98fbb1708c47cdcfc1e79e7a1647e72a7ae6d4255dce3b250d661001340c09,False,False,False,False
MR7002BEV28,1,1,2,both,1,0,[],"[""5""]","[""CATC"", ""NEDC""]","[""460""]","[""421"", ""460""]","[""12.7""]","[""12.7"", ""13.6""]","[""1535""]","[{""eleEquivalentFuelConsumption"": ""1.44"", ""powerConsumption"": ""12.7"", ""runingRange"": ""460"", ""workConditionType"": ""CATC""}, {""eleEquivalentFuelConsumption"": ""1.5"", ""powerConsumption"": ""13.6"", ""runingRange"": ""421"", ""workConditionType"": ""NEDC""}]",True,"[""multiple_old_cycle_codes"", ""multiple_old_range_raw_values"", ""multiple_old_consumption_raw_values"", ""new_old_range_raw_value_sets_differ"", ""new_old_consumption_raw_value_sets_differ_units_not_normalized""]",False,False,True,"[""2022-09-29""]","[""2024-07-11""]","[""按新版能耗标准补充备案""]",old-44-Word97--0-30,原件/免征目录/mf_batch44.doc,aea30846204f4e55c0d969450f1619e1649eb27f471d5b0a2636d0da77eb0611,False,False,False,False
MR7003BEV01,2,2,3,both,2,0,[],"[""5""]","[""CATC""]","[""320""]","[""320""]","[""11.5""]","[""11.5""]","[""1290""]","[{""eleEquivalentFuelConsumption"": ""1.30"", ""powerConsumption"": ""11.5"", ""runingRange"": ""320"", ""workConditionType"": ""CATC""}]",True,[],False,False,False,"[""2023-08-15""]","[""2024-08-06""]","[""按新版能耗标准补充备案""]",old-52-Word97--0-14,原件/免征目录/mf_batch52.doc,650a1430fd7c9a9139970f857a0382498bfd368fe64a95f24c17ca3f49dfa3cc,False,False,False,False
MR7003BEV02,2,2,3,both,2,0,[],"[""5""]","[""CATC""]","[""380""]","[""380""]","[""11.9""]","[""11.9""]","[""1348""]","[{""eleEquivalentFuelConsumption"": ""1.35"", ""powerConsumption"": ""11.9"", ""runingRange"": ""380"", ""workConditionType"": ""CATC""}]",True,[],False,False,False,"[""2023-08-15""]","[""2024-08-06""]","[""按新版能耗标准补充备案""]",old-52-Word97--0-13,原件/免征目录/mf_batch52.doc,650a1430fd7c9a9139970f857a0382498bfd368fe64a95f24c17ca3f49dfa3cc,False,False,False,False
MR7003BEV03,2,2,3,both,2,0,[],"[""5""]","[""CATC""]","[""401""]","[""401""]","[""11.5""]","[""11.5""]","[""1348""]","[{""eleEquivalentFuelConsumption"": ""1.30"", ""powerConsumption"": ""11.5"", ""runingRange"": ""401"", ""workConditionType"": ""CATC""}]",True,[],False,False,False,"[""2023-08-15""]","[""2024-08-06""]","[""按新版能耗标准补充备案""]",old-53-Word97--0-18,原件/免征目录/mf_batch53.doc,a1f426ff77c80bce4d153fbfb6d01a7b6c6c87539f52ac4643edb7b060e21d2a,False,False,False,False
MR7003BEV05,1,1,1,both,1,0,[],"[""5""]","[""CATC""]","[""401""]","[""401""]","[""11.5""]","[""11.5""]","[""1348""]","[{""eleEquivalentFuelConsumption"": ""1.30"", ""powerConsumption"": ""11.5"", ""runingRange"": ""401"", ""workConditionType"": ""CATC""}]",True,[],False,False,False,"[""2023-08-15""]","[""2024-08-06""]","[""按新版能耗标准补充备案""]",old-56-Word97--0-32,原件/免征目录/mf_batch56.doc,cbffdc0819640e8f18c11a2a277b26b2e043c81406533457ff225f4df1c6c068,False,False,False,False
MR7003BEV06,1,1,1,both,1,0,[],"[""5""]","[""CATC""]","[""401""]","[""401""]","[""11.5""]","[""11.5""]","[""1348""]","[{""eleEquivalentFuelConsumption"": ""1.30"", ""powerConsumption"": ""11.5"", ""runingRange"": ""401"", ""workConditionType"": ""CATC""}]",True,[],False,False,False,"[""2023-08-15""]","[""2024-08-06""]","[""按新版能耗标准补充备案""]",old-57-Word97--0-31,原件/免征目录/mf_batch57.doc,96d9708a19952b23d71fc40e9976a33ae30ca118226a032954a93ab36f355f21,False,False,False,False
MR7003BEV07,1,1,1,both,1,0,[],"[""5""]","[""CATC""]","[""320""]","[""320""]","[""11.5""]","[""11.5""]","[""1290""]","[{""eleEquivalentFuelConsumption"": ""1.30"", ""powerConsumption"": ""11.5"", ""runingRange"": ""320"", ""workConditionType"": ""CATC""}]",True,[],False,False,False,"[""2023-08-15""]","[""2024-08-06""]","[""按新版能耗标准补充备案""]",old-57-Word97--0-26,原件/免征目录/mf_batch57.doc,96d9708a19952b23d71fc40e9976a33ae30ca118226a032954a93ab36f355f21,False,False,False,False
MR7003BEV08,1,1,1,both,1,0,[],"[""5""]","[""CATC""]","[""401""]","[""401""]","[""11.4""]","[""11.4""]","[""1325""]","[{""eleEquivalentFuelConsumption"": ""1.29"", ""powerConsumption"": ""11.4"", ""runingRange"": ""401"", ""workConditionType"": ""CATC""}]",True,[],False,False,False,"[""2023-10-18""]","[""2024-08-06""]","[""按新版能耗标准补充备案""]",old-66-Word97--0-9,原件/免征目录/mf_batch66.doc,05a5fce42de1c5412803fe6a7bb46d04c4d61cb71dc5d88a9b59a3e884350544,False,False,False,False
MR7003BEV09,1,1,1,both,1,0,[],"[""5""]","[""CATC""]","[""301""]","[""301""]","[""11.4""]","[""11.4""]","[""1240""]","[{""eleEquivalentFuelConsumption"": ""1.29"", ""powerConsumption"": ""11.4"", ""runingRange"": ""301"", ""workConditionType"": ""CATC""}]",True,[],False,False,False,"[""2023-10-18""]","[""2024-08-06""]","[""按新版能耗标准补充备案""]",old-66-Word97--0-8,原件/免征目录/mf_batch66.doc,05a5fce42de1c5412803fe6a7bb46d04c4d61cb71dc5d88a9b59a3e884350544,False,False,False,False
MR7003SEV01,0,0,0,not_in_observed_filtered_views,0,0,[],[],[],[],[],[],[],[],[],False,[],False,False,False,[],[],[],old-55-Word97--0-31,原件/免征目录/mf_batch55.doc,0457d0430e9e7f114c91341a715405c3933dd4783762cd74b9871e4918ba887f,False,False,False,False
MR7005BEV05,2,2,2,both,2,0,[],"[""5""]","[""CATC""]","[""560""]","[""560""]","[""13.1""]","[""13.1""]","[""1850"", ""1885""]","[{""eleEquivalentFuelConsumption"": ""1.48"", ""powerConsumption"": ""13.1"", ""runingRange"": ""560"", ""workConditionType"": ""CATC""}]",True,"[""multiple_new_curb_mass_raw_values""]",False,False,False,"[""2023-10-18""]","[""2024-07-18""]","[""按新版能耗标准补充备案""]",old-63-Word97--0-21,原件/免征目录/mf_batch63.doc,1d0f4bf9c7c1f67712e9efa3a5e3222c30d4e438653b9335aaff9714e65f8c05,False,False,False,False
MR7005BEV06,0,0,2,old_only,0,0,[],[],"[""CATC""]",[],"[""560""]",[],"[""13.1""]",[],"[{""eleEquivalentFuelConsumption"": ""1.48"", ""powerConsumption"": ""13.1"", ""runingRange"": ""560"", ""workConditionType"": ""CATC""}]",True,[],False,False,False,[],[],[],old-66-Word97--0-10,原件/免征目录/mf_batch66.doc,05a5fce42de1c5412803fe6a7bb46d04c4d61cb71dc5d88a9b59a3e884350544,False,False,False,False
MR7005BEV09,0,0,1,old_only,0,0,[],[],"[""CATC""]",[],"[""540""]",[],"[""13.4""]",[],"[{""eleEquivalentFuelConsumption"": ""1.52"", ""powerConsumption"": ""13.4"", ""runingRange"": ""540"", ""workConditionType"": ""CATC""}]",True,[],False,False,False,[],[],[],old-63-Word97--0-22,原件/免征目录/mf_batch63.doc,1d0f4bf9c7c1f67712e9efa3a5e3222c30d4e438653b9335aaff9714e65f8c05,False,False,False,False
MR7005BEV10,0,0,1,old_only,0,0,[],[],"[""CATC""]",[],"[""540""]",[],"[""13.4""]",[],"[{""eleEquivalentFuelConsumption"": ""1.52"", ""powerConsumption"": ""13.4"", ""runingRange"": ""540"", ""workConditionType"": ""CATC""}]",True,[],False,False,False,[],[],[],old-66-Word97--0-12,原件/免征目录/mf_batch66.doc,05a5fce42de1c5412803fe6a7bb46d04c4d61cb71dc5d88a9b59a3e884350544,False,False,False,False
MR7005BEV17,1,1,1,both,1,0,[],"[""5""]","[""CATC""]","[""550""]","[""550""]","[""12.7""]","[""12.7""]","[""1905""]","[{""eleEquivalentFuelConsumption"": ""1.44"", ""powerConsumption"": ""12.7"", ""runingRange"": ""550"", ""workConditionType"": ""CATC""}]",True,[],False,False,False,"[""2024-05-31""]","[""2024-07-22""]","[""按新版能耗标准补充备案""]",old-70-Word97--0-19,原件/免征目录/mf_batch70.doc,29b9f5df62602e114f0ed01426c185fdb15a654022cdf16d4df624bb736ed813,False,False,False,False
MR7008BEV01,1,1,1,both,1,0,[],"[""5""]","[""CATC""]","[""668""]","[""668""]","[""14.1""]","[""14.1""]","[""2170""]","[{""eleEquivalentFuelConsumption"": ""1.59"", ""powerConsumption"": ""14.1"", ""runingRange"": ""668"", ""workConditionType"": ""CATC""}]",True,[],False,False,False,"[""2023-12-12""]","[""2024-08-06""]","[""按新版能耗标准补充备案""]",old-70-Word97--0-22,原件/免征目录/mf_batch70.doc,29b9f5df62602e114f0ed01426c185fdb15a654022cdf16d4df624bb736ed813,False,False,False,False
MR7008BEV02,1,1,1,both,1,0,[],"[""5""]","[""CATC""]","[""755""]","[""755""]","[""14.4""]","[""14.4""]","[""2225""]","[{""eleEquivalentFuelConsumption"": ""1.63"", ""powerConsumption"": ""14.4"", ""runingRange"": ""755"", ""workConditionType"": ""CATC""}]",True,[],False,False,False,"[""2023-12-12""]","[""2024-08-06""]","[""按新版能耗标准补充备案""]",old-70-Word97--0-20,原件/免征目录/mf_batch70.doc,29b9f5df62602e114f0ed01426c185fdb15a654022cdf16d4df624bb736ed813,False,False,False,False
MSP2LR,3,3,0,new_only,3,0,[],"[""5""]",[],"[""715""]",[],"[""15.4"", ""16.6""]",[],"[""2075"", ""2089""]",[],False,"[""multiple_new_consumption_raw_values"", ""multiple_new_curb_mass_raw_values""]",False,False,False,"[""2024-05-30"", ""2025-09-29""]","[""2024-06-27"", ""2024-06-28"", ""2025-11-21""]","[""实际生产滞后"", ""系统于2024-06-26开放""]",old-59-Word97--0-6,原件/免征目录/mf_batch59.doc,32738e2df847e0c74ff96d48b8a13e1dd9c31aee84b7c0a633e2d9c8a3e01f86,False,False,False,False
MSP2P,2,2,0,new_only,2,0,[],"[""5""]",[],"[""672""]",[],"[""17.4""]",[],"[""2183""]",[],False,[],False,False,False,"[""2024-05-30""]","[""2024-06-27"", ""2024-06-28""]","[""系统于2024-06-26开放""]",old-59-Word97--0-5,原件/免征目录/mf_batch59.doc,32738e2df847e0c74ff96d48b8a13e1dd9c31aee84b7c0a633e2d9c8a3e01f86,False,False,False,False
MXP2LR,3,3,0,new_only,3,0,[],"[""5""]",[],"[""700""]",[],"[""16.5""]",[],"[""2370"", ""2373""]",[],False,"[""multiple_new_curb_mass_raw_values""]",False,False,False,"[""2024-05-30"", ""2025-09-29""]","[""2024-06-27"", ""2024-06-28"", ""2025-11-21""]","[""实际生产滞后"", ""系统于2024-06-26开放""]",old-59-Word97--0-4,原件/免征目录/mf_batch59.doc,32738e2df847e0c74ff96d48b8a13e1dd9c31aee84b7c0a633e2d9c8a3e01f86,False,False,False,False
MXP2P,3,3,0,new_only,3,0,[],"[""5""]",[],"[""664""]",[],"[""17.4""]",[],"[""2462"", ""2468""]",[],False,"[""multiple_new_curb_mass_raw_values""]",False,False,False,"[""2024-05-30"", ""2026-08-13""]","[""2024-06-27"", ""2024-06-28"", ""2026-08-14""]","[""系统于2024-06-26开放""]",old-59-Word97--0-3,原件/免征目录/mf_batch59.doc,32738e2df847e0c74ff96d48b8a13e1dd9c31aee84b7c0a633e2d9c8a3e01f86,False,False,False,False
NEQ6440BEVS56A,4,4,2,both,4,0,[],"[""5""]","[""CATC""]","[""501""]","[""501""]","[""15.5""]","[""15.5""]","[""1775"", ""1788"", ""1800"", ""1813""]","[{""eleEquivalentFuelConsumption"": ""1.75"", ""powerConsumption"": ""15.5"", ""runingRange"": ""501"", ""workConditionType"": ""CATC""}]",True,"[""multiple_new_curb_mass_raw_values""]",False,False,False,"[""2024-02-04""]","[""2024-07-03""]","[""新版本能耗申报""]",old-68-Word97--0-43,原件/免征目录/mf_batch68.doc,58113d08377020d08de0aeb0e08ff63c4a4411dbe35ad69cfdd6f82fdf0fcc77,False,False,False,False
NEQ6440BEVS56B,3,3,2,both,3,0,[],"[""5""]","[""CATC""]","[""401""]","[""401""]","[""14.8""]","[""14.8""]","[""1679"", ""1692"", ""1695""]","[{""eleEquivalentFuelConsumption"": ""1.67"", ""powerConsumption"": ""14.8"", ""runingRange"": ""401"", ""workConditionType"": ""CATC""}]",True,"[""multiple_new_curb_mass_raw_values""]",False,False,False,"[""2024-02-04""]","[""2024-07-03""]","[""新版本能耗申报""]",old-70-Word97--0-44,原件/免征目录/mf_batch70.doc,29b9f5df62602e114f0ed01426c185fdb15a654022cdf16d4df624bb736ed813,False,False,False,False
NEQ6440BEVS56C,3,3,3,both,3,0,[],"[""5""]","[""CATC""]","[""501""]","[""501""]","[""16.5""]","[""16.5""]","[""1892"", ""1910"", ""1911""]","[{""eleEquivalentFuelConsumption"": ""1.87"", ""powerConsumption"": ""16.5"", ""runingRange"": ""501"", ""workConditionType"": ""CATC""}]",True,"[""multiple_new_curb_mass_raw_values""]",False,False,False,"[""2024-02-04""]","[""2024-07-03""]","[""新版本能耗申报""]",old-68-Word97--0-42,原件/免征目录/mf_batch68.doc,58113d08377020d08de0aeb0e08ff63c4a4411dbe35ad69cfdd6f82fdf0fcc77,False,False,False,False
NEQ6440BEVS56D,2,2,3,both,2,0,[],"[""5""]","[""CATC""]","[""472""]","[""472""]","[""16.0""]","[""16.0""]","[""1854"", ""1871""]","[{""eleEquivalentFuelConsumption"": ""1.81"", ""powerConsumption"": ""16.0"", ""runingRange"": ""472"", ""workConditionType"": ""CATC""}]",True,"[""multiple_new_curb_mass_raw_values""]",False,False,False,"[""2024-02-04""]","[""2024-07-03""]","[""新版本能耗申报""]",old-70-Word97--0-43,原件/免征目录/mf_batch70.doc,29b9f5df62602e114f0ed01426c185fdb15a654022cdf16d4df624bb736ed813,False,False,False,False
NEQ6460BEVS61A,0,0,4,old_only,0,0,[],[],"[""NEDC""]",[],"[""510""]",[],[null],[],"[{""eleEquivalentFuelConsumption"": ""1.70"", ""runingRange"": ""510"", ""workConditionType"": ""NEDC""}]",True,[],False,False,False,[],[],[],old-32-Word97--0-50,原件/免征目录/mf_batch32.doc,ad7c65b4831a05b7c70e1e73fe834aa9beed883c66f898e799fcbbeb43cc3d75,False,False,False,False
NEQ6460BEVS61B,0,0,4,old_only,0,0,[],[],"[""NEDC""]",[],"[""510""]",[],[null],[],"[{""eleEquivalentFuelConsumption"": ""1.70"", ""runingRange"": ""510"", ""workConditionType"": ""NEDC""}]",True,[],False,False,False,[],[],[],old-33-Word97--0-73,原件/免征目录/mf_batch33.doc,ff98fbb1708c47cdcfc1e79e7a1647e72a7ae6d4255dce3b250d661001340c09,False,False,False,False
NEQ6460BEVS61C,0,0,0,not_in_observed_filtered_views,0,0,[],[],[],[],[],[],[],[],[],False,[],False,False,False,[],[],[],old-35-Word97--0-18,原件/免征目录/mf_batch35.wps,e4a6abd0e50daa81d029f8b37584511354700e855dc89de210fcba782b0643f0,False,False,False,False
NEQ6460BEVS61D,0,0,8,old_only,0,0,[],[],"[""CATC"", ""NEDC""]",[],"[""510""]",[],"[""15.0"", null]",[],"[{""eleEquivalentFuelConsumption"": ""1.7"", ""runingRange"": ""510"", ""workConditionType"": ""NEDC""}, {""eleEquivalentFuelConsumption"": ""1.70"", ""powerConsumption"": ""15.0"", ""runingRange"": ""510"", ""workConditionType"": ""CATC""}]",True,"[""multiple_old_cycle_codes"", ""multiple_old_consumption_raw_values""]",False,False,True,[],[],[],old-36-Word97--0-30,原件/免征目录/mf_batch36.doc,05cfcfd9136685ad6d6e13b8228cd123cca109c26f43a4c71472016b5a610a9f,False,False,False,False
NEQ6460BEVS61E,0,0,10,old_only,0,0,[],[],"[""CATC"", ""NEDC""]",[],"[""510""]",[],"[""15 "", ""15.0"", null]",[],"[{""eleEquivalentFuelConsumption"": ""1.7"", ""runingRange"": ""510"", ""workConditionType"": ""NEDC""}, {""eleEquivalentFuelConsumption"": ""1.70 "", ""powerConsumption"": ""15 "", ""runingRange"": ""510"", ""workConditionType"": ""NEDC""}, {""eleEquivalentFuelConsumption"": ""1.70"", ""powerConsumption"": ""15.0"", ""runingRange"": ""510"", ""workConditionType"": ""CATC""}]",True,"[""multiple_old_cycle_codes"", ""multiple_old_consumption_raw_values""]",False,False,True,[],[],[],old-42-Word97--0-35,原件/免征目录/mf_batch42.doc,fef4fd8ea19d773d368642e51a4bdb24c148530251a2240be4ff1358d5d41fab,False,False,False,False
NEQ6460BEVS61F,0,0,2,old_only,0,0,[],[],"[""CATC""]",[],[null],[],[null],[],"[{""eleEquivalentFuelConsumption"": ""1.7"", ""workConditionType"": ""CATC""}]",True,[],False,False,False,[],[],[],old-46-Word97--0-37,原件/免征目录/mf_batch46.doc,a4b2048b3d5c29a8969f0348e9fd19a3293f0c23e6f37a48bf42a2ed70c7d37d,False,False,False,False
NEQ6470BEVS61,2,2,2,both,2,0,[],"[""5""]","[""CATC""]","[""512""]","[""512""]","[""14.8""]","[""14.8""]","[""1787"", ""1850""]","[{""eleEquivalentFuelConsumption"": ""1.67"", ""powerConsumption"": ""14.8"", ""runingRange"": ""512"", ""workConditionType"": ""CATC""}]",True,"[""multiple_new_curb_mass_raw_values""]",False,False,False,"[""2024-03-08""]","[""2024-07-05""]","[""新版本能耗申报""]",old-64-Word97--0-41,原件/免征目录/mf_batch64.doc,c4e238989e7e40ec2c3a6a899ead170b4a745bc72546ba6fd4a5731d8890c6cb,False,False,False,False
NEQ6470BEVS61A,2,2,2,both,2,0,[],"[""5""]","[""CATC""]","[""412""]","[""412""]","[""14.8""]","[""14.8""]","[""1718"", ""1771""]","[{""eleEquivalentFuelConsumption"": ""1.67"", ""powerConsumption"": ""14.8"", ""runingRange"": ""412"", ""workConditionType"": ""CATC""}]",True,"[""multiple_new_curb_mass_raw_values""]",False,False,False,"[""2024-03-08""]","[""2024-07-05""]","[""新版本能耗申报""]",old-71-Word97--0-57,原件/免征目录/mf_batch71.doc,b37b78b64b8ef7e12e6e95d6fd27a4a6e364c0c83ba403ffcf3bca82c60e3460,False,False,False,False
NEQ6470BEVS61B,2,2,2,both,2,0,[],"[""5""]","[""CATC""]","[""512""]","[""512""]","[""14.8""]","[""14.8""]","[""1769"", ""1816""]","[{""eleEquivalentFuelConsumption"": ""1.67"", ""powerConsumption"": ""14.8"", ""runingRange"": ""512"", ""workConditionType"": ""CATC""}]",True,"[""multiple_new_curb_mass_raw_values""]",False,False,False,"[""2024-05-31""]","[""2024-07-05""]","[""新版本能耗申报""]",old-70-Word97--0-42,原件/免征目录/mf_batch70.doc,29b9f5df62602e114f0ed01426c185fdb15a654022cdf16d4df624bb736ed813,False,False,False,False
NEQ7000BEVJ60,0,0,2,old_only,0,0,[],[],"[""NEDC""]",[],"[""401""]",[],[null],[],"[{""eleEquivalentFuelConsumption"": ""1.60"", ""runingRange"": ""401"", ""workConditionType"": ""NEDC""}]",True,[],False,False,False,[],[],[],old-23-Word97--0-43,原件/免征目录/mf_batch23.docx,87f838de0da3ba5887f77b2bf5c1dbf5b427e7cef896309a7084c11dd8f5efa0,False,False,False,False
NEQ7000BEVJ60A,0,0,2,old_only,0,0,[],[],"[""NEDC""]",[],"[""401""]",[],[null],[],"[{""eleEquivalentFuelConsumption"": ""1.60"", ""runingRange"": ""401"", ""workConditionType"": ""NEDC""}]",True,[],False,False,False,[],[],[],old-25-Word97--0-39,原件/免征目录/mf_batch25.wps,9d2abe319463522513fe9c90f98bb8d0a825b599267d0b3cc403cec9624b3297,False,False,False,False
NEQ7000BEVJ60C,0,0,2,old_only,0,0,[],[],"[""NEDC""]",[],"[""401""]",[],[null],[],"[{""eleEquivalentFuelConsumption"": ""1.6"", ""runingRange"": ""401"", ""workConditionType"": ""NEDC""}]",True,[],False,False,False,[],[],[],old-33-Word97--0-74,原件/免征目录/mf_batch33.doc,ff98fbb1708c47cdcfc1e79e7a1647e72a7ae6d4255dce3b250d661001340c09,False,False,False,False
NEQ7000BEVJ60D,0,0,0,not_in_observed_filtered_views,0,0,[],[],[],[],[],[],[],[],[],False,[],False,False,False,[],[],[],old-35-Word97--0-19,原件/免征目录/mf_batch35.wps,e4a6abd0e50daa81d029f8b37584511354700e855dc89de210fcba782b0643f0,False,False,False,False
NEQ7000BEVJ60E,0,0,1,old_only,0,0,[],[],"[""CATC""]",[],"[""401""]",[],"[""13.5""]",[],"[{""eleEquivalentFuelConsumption"": ""1.60"", ""powerConsumption"": ""13.5"", ""runingRange"": ""401"", ""workConditionType"": ""CATC""}]",True,[],False,False,False,[],[],[],old-50-Word97--0-33,原件/免征目录/mf_batch50.doc,3810672d92621612507384960254de602e629e75a308df22ee2291519445095e,False,False,False,False
NEQ7000BEVJ60F,0,0,2,old_only,0,0,[],[],"[""CATC""]",[],"[""401""]",[],"[""13.5""]",[],"[{""eleEquivalentFuelConsumption"": ""1.53"", ""powerConsumption"": ""13.5"", ""runingRange"": ""401"", ""workConditionType"": ""CATC""}]",True,[],False,False,False,[],[],[],old-55-Word97--0-13,原件/免征目录/mf_batch55.doc,0457d0430e9e7f114c91341a715405c3933dd4783762cd74b9871e4918ba887f,False,False,False,False
NEQ7000BEVJ60H,3,3,1,both,3,0,[],"[""5""]","[""CATC""]","[""405""]","[""405""]","[""12.7""]","[""12.7""]","[""1435"", ""1455""]","[{""eleEquivalentFuelConsumption"": ""1.44"", ""powerConsumption"": ""12.7"", ""runingRange"": ""405"", ""workConditionType"": ""CATC""}]",True,"[""multiple_new_curb_mass_raw_values""]",False,False,False,"[""2023-12-26"", ""2025-04-14""]","[""2024-06-30"", ""2024-07-15"", ""2025-04-27""]","[""新版本能耗申报""]",old-67-Word97--0-32,原件/免征目录/mf_batch67.doc,963a02fcc1f361414f4f003c6d63e00b178d0b962134ed2206c38978f3118101,False,False,False,False
NEQ7000BEVJ60J,3,3,1,both,3,0,[],"[""5""]","[""CATC""]","[""455""]","[""455""]","[""12.1"", ""12.7""]","[""12.7""]","[""1470""]","[{""eleEquivalentFuelConsumption"": ""1.44"", ""powerConsumption"": ""12.7"", ""runingRange"": ""455"", ""workConditionType"": ""CATC""}]",True,"[""multiple_new_consumption_raw_values"", ""new_old_consumption_raw_value_sets_differ_units_not_normalized""]",False,False,False,"[""2023-12-26"", ""2025-12-31""]","[""2024-06-30"", ""2024-07-15"", ""2026-01-12""]","[""新版本能耗申报""]",old-69-Word97--0-83,原件/免征目录/mf_batch69.doc,357d61a16c94488c9fdd761f393edb7029b05394ab06117abaebcba1a1e45546,False,False,False,False
NEQ7000BEVJ72,0,0,0,not_in_observed_filtered_views,0,0,[],[],[],[],[],[],[],[],[],False,[],False,False,False,[],[],[],old-23-Word97--0-44,原件/免征目录/mf_batch23.docx,87f838de0da3ba5887f77b2bf5c1dbf5b427e7cef896309a7084c11dd8f5efa0,False,False,False,False
NEQ7000BEVJ721,0,0,8,old_only,0,0,[],[],"[""CATC""]",[],"[""301""]",[],"[""9.4""]",[],"[{""eleEquivalentFuelConsumption"": ""1.1"", ""powerConsumption"": ""9.4"", ""runingRange"": ""301"", ""workConditionType"": ""CATC""}]",True,[],False,False,False,[],[],[],old-55-Word97--0-14,原件/免征目录/mf_batch55.doc,0457d0430e9e7f114c91341a715405c3933dd4783762cd74b9871e4918ba887f,False,False,False,False
NEQ7000BEVJ722,0,0,1,old_only,0,0,[],[],"[""CATC""]",[],"[""301""]",[],"[""9.7""]",[],"[{""eleEquivalentFuelConsumption"": ""1.1"", ""powerConsumption"": ""9.7"", ""runingRange"": ""301"", ""workConditionType"": ""CATC""}]",True,[],False,False,False,[],[],[],old-59-Word97--0-33,原件/免征目录/mf_batch59.doc,32738e2df847e0c74ff96d48b8a13e1dd9c31aee84b7c0a633e2d9c8a3e01f86,False,False,False,False
NEQ7000BEVJ723,0,0,18,old_only,0,0,[],[],"[""CATC""]",[],"[""301""]",[],"[""9.7""]",[],"[{""eleEquivalentFuelConsumption"": ""1.1"", ""powerConsumption"": ""9.7"", ""runingRange"": ""301"", ""workConditionType"": ""CATC""}]",True,[],False,False,False,[],[],[],old-55-Word97--0-11,原件/免征目录/mf_batch55.doc,0457d0430e9e7f114c91341a715405c3933dd4783762cd74b9871e4918ba887f,False,False,False,False
NEQ7000BEVJ724,0,0,18,old_only,0,0,[],[],"[""CATC""]",[],"[""408""]",[],"[""9.7""]",[],"[{""eleEquivalentFuelConsumption"": ""1.1"", ""powerConsumption"": ""9.7"", ""runingRange"": ""408"", ""workConditionType"": ""CATC""}]",True,[],False,False,False,[],[],[],old-55-Word97--0-7,原件/免征目录/mf_batch55.doc,0457d0430e9e7f114c91341a715405c3933dd4783762cd74b9871e4918ba887f,False,False,False,False
NEQ7000BEVJ725,0,0,8,old_only,0,0,[],[],"[""CATC""]",[],"[""301""]",[],"[""9.4""]",[],"[{""eleEquivalentFuelConsumption"": ""1.1"", ""powerConsumption"": ""9.4"", ""runingRange"": ""301"", ""workConditionType"": ""CATC""}]",True,[],False,False,False,[],[],[],old-55-Word97--0-9,原件/免征目录/mf_batch55.doc,0457d0430e9e7f114c91341a715405c3933dd4783762cd74b9871e4918ba887f,False,False,False,False
NEQ7000BEVJ726,0,0,1,old_only,0,0,[],[],"[""CATC""]",[],"[""408""]",[],"[""9.7""]",[],"[{""eleEquivalentFuelConsumption"": ""1.1"", ""powerConsumption"": ""9.7"", ""runingRange"": ""408"", ""workConditionType"": ""CATC""}]",True,[],False,False,False,[],[],[],old-58-Word97--0-7,原件/免征目录/mf_batch58.doc,b642358bb3078d2dde909a798935c0c1fc75d90f22b33f7c48aa87209acc100d,False,False,False,False
NEQ7000BEVJ727,0,0,1,old_only,0,0,[],[],"[""CATC""]",[],"[""301""]",[],"[""9.7""]",[],"[{""eleEquivalentFuelConsumption"": ""1.1"", ""powerConsumption"": ""9.7"", ""runingRange"": ""301"", ""workConditionType"": ""CATC""}]",True,[],False,False,False,[],[],[],old-59-Word97--0-32,原件/免征目录/mf_batch59.doc,32738e2df847e0c74ff96d48b8a13e1dd9c31aee84b7c0a633e2d9c8a3e01f86,False,False,False,False
NEQ7000BEVJ728,1,1,4,both,1,0,[],"[""5""]","[""CATC""]","[""251""]","[""251""]","[""9.4""]","[""9.4""]","[""920""]","[{""eleEquivalentFuelConsumption"": ""1.1"", ""powerConsumption"": ""9.4"", ""runingRange"": ""251"", ""workConditionType"": ""CATC""}]",True,[],False,False,False,"[""2023-12-12""]","[""2024-07-05""]","[""新版本能耗申报""]",old-61-Word97--0-13,原件/免征目录/mf_batch61.doc,d360a77695ccf20f3c17a354a1dd02fc846a7ae8bd18b41492515881a7240b72,False,False,False,False
NEQ7000BEVJ72A,0,0,0,not_in_observed_filtered_views,0,0,[],[],[],[],[],[],[],[],[],False,[],False,False,False,[],[],[],old-22-Word97--0-59,原件/免征目录/mf_batch22.doc,eaf3fc1e64742af85b3d4bc90388d0a93154a497fd6c1fb9bf73b857672e1212,False,False,False,False
NEQ7000BEVJ72B,0,0,4,old_only,0,0,[],[],"[""NEDC""]",[],"[""301""]",[],[null],[],"[{""eleEquivalentFuelConsumption"": ""1.1"", ""runingRange"": ""301"", ""workConditionType"": ""NEDC""}]",True,[],False,False,False,[],[],[],old-23-Word97--0-45,原件/免征目录/mf_batch23.docx,87f838de0da3ba5887f77b2bf5c1dbf5b427e7cef896309a7084c11dd8f5efa0,False,False,False,False
NEQ7000BEVJ72D,0,0,0,not_in_observed_filtered_views,0,0,[],[],[],[],[],[],[],[],[],False,[],False,False,False,[],[],[],old-26-DOCX--0-24,原件/免征目录/mf_batch26.docx,de0890335ef3a4f1302a8a0735ec8b6aed52e994e2635db481820060d62248b5,False,False,False,False
NEQ7000BEVJ72E,0,0,4,old_only,0,0,[],[],"[""NEDC""]",[],"[""301""]",[],[null],[],"[{""eleEquivalentFuelConsumption"": ""1.1"", ""runingRange"": ""301"", ""workConditionType"": ""NEDC""}]",True,[],False,False,False,[],[],[],old-26-DOCX--0-25,原件/免征目录/mf_batch26.docx,de0890335ef3a4f1302a8a0735ec8b6aed52e994e2635db481820060d62248b5,False,False,False,False
NEQ7000BEVJ72F,0,0,12,old_only,0,0,[],[],"[""NEDC""]",[],"[""301""]",[],[null],[],"[{""eleEquivalentFuelConsumption"": ""1.1"", ""runingRange"": ""301"", ""workConditionType"": ""NEDC""}, {""runingRange"": ""301"", ""workConditionType"": ""NEDC""}]",True,[],False,False,False,[],[],[],old-27-Word97--0-59,原件/免征目录/mf_batch27.doc,2bd67cf7e1efc03ae93942d0d340ffef87478709520383b6ee4d08baf843ead1,False,False,False,False
NEQ7000BEVJ72G,0,0,8,old_only,0,0,[],[],"[""NEDC""]",[],"[""301""]",[],[null],[],"[{""eleEquivalentFuelConsumption"": ""1.1"", ""runingRange"": ""301"", ""workConditionType"": ""NEDC""}, {""runingRange"": ""301"", ""workConditionType"": ""NEDC""}]",True,[],False,False,False,[],[],[],old-27-Word97--0-60,原件/免征目录/mf_batch27.doc,2bd67cf7e1efc03ae93942d0d340ffef87478709520383b6ee4d08baf843ead1,False,False,False,False
NEQ7000BEVJ72H,0,0,0,not_in_observed_filtered_views,0,0,[],[],[],[],[],[],[],[],[],False,[],False,False,False,[],[],[],old-31-Word97--0-25,原件/免征目录/mf_batch31.doc,e1ccec4a87ab96ca346e5756d6b14369eb9727ec2c2cfd03c1182a592ddd3bee,False,False,False,False
NEQ7000BEVJ72J,0,0,0,not_in_observed_filtered_views,0,0,[],[],[],[],[],[],[],[],[],False,[],False,False,False,[],[],[],old-30-Word97--0-35,原件/免征目录/mf_batch30.doc,e7fa3b47858ec2035b8055bc15be00b2b26920a5e8d3cad481058a80b92ead24,False,False,False,False
NEQ7000BEVJ72L,0,0,0,not_in_observed_filtered_views,0,0,[],[],[],[],[],[],[],[],[],False,[],False,False,False,[],[],[],old-31-Word97--0-26,原件/免征目录/mf_batch31.doc,e1ccec4a87ab96ca346e5756d6b14369eb9727ec2c2cfd03c1182a592ddd3bee,False,False,False,False
NEQ7000BEVJ72M,0,0,0,not_in_observed_filtered_views,0,0,[],[],[],[],[],[],[],[],[],False,[],False,False,False,[],[],[],old-31-Word97--0-27,原件/免征目录/mf_batch31.doc,e1ccec4a87ab96ca346e5756d6b14369eb9727ec2c2cfd03c1182a592ddd3bee,False,False,False,False
NEQ7000BEVJ72N,0,0,8,old_only,0,0,[],[],"[""NEDC""]",[],"[""408""]",[],[null],[],"[{""runingRange"": ""408"", ""workConditionType"": ""NEDC""}]",True,[],False,False,False,[],[],[],old-35-Word97--0-20,原件/免征目录/mf_batch35.wps,e4a6abd0e50daa81d029f8b37584511354700e855dc89de210fcba782b0643f0,False,False,False,False
NEQ7000BEVJ72P,0,0,16,old_only,0,0,[],[],"[""NEDC""]",[],"[""301""]",[],[null],[],"[{""eleEquivalentFuelConsumption"": ""1.1"", ""runingRange"": ""301"", ""workConditionType"": ""NEDC""}, {""runingRange"": ""301"", ""workConditionType"": ""NEDC""}]",True,[],False,False,False,[],[],[],old-35-Word97--0-21,原件/免征目录/mf_batch35.wps,e4a6abd0e50daa81d029f8b37584511354700e855dc89de210fcba782b0643f0,False,False,False,False
NEQ7000BEVJ72Q,0,0,28,old_only,0,0,[],[],"[""NEDC""]",[],"[""301""]",[],[null],[],"[{""eleEquivalentFuelConsumption"": ""1.1"", ""runingRange"": ""301"", ""workConditionType"": ""NEDC""}]",True,[],False,False,False,[],[],[],old-37-Word97--0-19,原件/免征目录/mf_batch37.doc,136057faede292d8070763e326c8dbdcddf3790653cc6879a13758f91556881f,False,False,False,False
NEQ7000BEVJ72R,0,0,8,old_only,0,0,[],[],"[""NEDC""]",[],"[""301""]",[],[null],[],"[{""eleEquivalentFuelConsumption"": ""1.1"", ""runingRange"": ""301"", ""workConditionType"": ""NEDC""}, {""runingRange"": ""301"", ""workConditionType"": ""NEDC""}]",True,[],False,False,False,[],[],[],old-37-Word97--0-20,原件/免征目录/mf_batch37.doc,136057faede292d8070763e326c8dbdcddf3790653cc6879a13758f91556881f,False,False,False,False
NEQ7000BEVJ72S,0,0,17,old_only,0,0,[],[],"[""NEDC""]",[],"[""408""]",[],"[""9.4"", null]",[],"[{""eleEquivalentFuelConsumption"": ""1.1"", ""runingRange"": ""408"", ""workConditionType"": ""NEDC""}, {""eleEquivalentFuelConsumption"": ""1.10"", ""powerConsumption"": ""9.4"", ""runingRange"": ""408"", ""workConditionType"": ""NEDC""}]",True,"[""multiple_old_consumption_raw_values""]",False,False,False,[],[],[],old-42-Word97--0-34,原件/免征目录/mf_batch42.doc,fef4fd8ea19d773d368642e51a4bdb24c148530251a2240be4ff1358d5d41fab,False,False,False,False
NEQ7000BEVJ72T,0,0,26,old_only,0,0,[],[],"[""NEDC""]",[],"[""408""]",[],"[""10 "", null]",[],"[{""eleEquivalentFuelConsumption"": ""1.1"", ""runingRange"": ""408"", ""workConditionType"": ""NEDC""}, {""eleEquivalentFuelConsumption"": ""1.10 "", ""powerConsumption"": ""10 "", ""runingRange"": ""408"", ""workConditionType"": ""NEDC""}, {""runingRange"": ""408"", ""workConditionType"": ""NEDC""}]",True,"[""multiple_old_consumption_raw_values""]",False,False,False,[],[],[],old-44-Word97--0-38,原件/免征目录/mf_batch44.doc,aea30846204f4e55c0d969450f1619e1649eb27f471d5b0a2636d0da77eb0611,False,False,False,False
NEQ7000BEVJ72U,0,0,10,old_only,0,0,[],[],"[""CATC""]",[],"[""301""]",[],"[""9.4""]",[],"[{""eleEquivalentFuelConsumption"": ""1.1"", ""powerConsumption"": ""9.4"", ""runingRange"": ""301"", ""workConditionType"": ""CATC""}]",True,[],False,False,False,[],[],[],old-49-Word97--0-17,原件/免征目录/mf_batch49.doc,c7a56509a4d9272982da0abc9d1ea213ee1fbea3d0f1edad124630c9b5e3474e,False,False,False,False
NEQ7000BEVJ72V,0,0,12,old_only,0,0,[],[],"[""CATC""]",[],"[""408""]",[],"[""9.7""]",[],"[{""eleEquivalentFuelConsumption"": ""1.1"", ""powerConsumption"": ""9.7"", ""runingRange"": ""408"", ""workConditionType"": ""CATC""}]",True,[],False,False,False,[],[],[],old-51-Word97--0-16,原件/免征目录/mf_batch51.doc,35411ca0ab3ef42915600b148fca6fe76bcb86f5dc3812f71d74f3ebda125ce6,False,False,False,False
NEQ7000BEVJ72W,0,0,6,old_only,0,0,[],[],"[""CATC""]",[],"[""301"", null]",[],"[""9.4"", null]",[],"[{""eleEquivalentFuelConsumption"": ""1.1"", ""powerConsumption"": ""9.4"", ""runingRange"": ""301"", ""workConditionType"": ""CATC""}, {""eleEquivalentFuelConsumption"": ""1.1"", ""workConditionType"": ""CATC""}]",True,"[""multiple_old_range_raw_values"", ""multiple_old_consumption_raw_values""]",False,False,False,[],[],[],old-55-Word97--0-12,原件/免征目录/mf_batch55.doc,0457d0430e9e7f114c91341a715405c3933dd4783762cd74b9871e4918ba887f,False,False,False,False
NEQ7000BEVJ72X,0,0,4,old_only,0,0,[],[],"[""CATC""]",[],[null],[],[null],[],"[{""eleEquivalentFuelConsumption"": ""1.1"", ""workConditionType"": ""CATC""}]",True,[],False,False,False,[],[],[],old-55-Word97--0-15,原件/免征目录/mf_batch55.doc,0457d0430e9e7f114c91341a715405c3933dd4783762cd74b9871e4918ba887f,False,False,False,False
NEQ7000BEVJ72Y,0,0,4,old_only,0,0,[],[],"[""CATC""]",[],[null],[],[null],[],"[{""eleEquivalentFuelConsumption"": ""1.1"", ""workConditionType"": ""CATC""}]",True,[],False,False,False,[],[],[],old-55-Word97--0-10,原件/免征目录/mf_batch55.doc,0457d0430e9e7f114c91341a715405c3933dd4783762cd74b9871e4918ba887f,False,False,False,False
NEQ7000BEVJ72Z,0,0,12,old_only,0,0,[],[],"[""CATC""]",[],"[""301""]",[],"[""9.4""]",[],"[{""eleEquivalentFuelConsumption"": ""1.1"", ""powerConsumption"": ""9.4"", ""runingRange"": ""301"", ""workConditionType"": ""CATC""}]",True,[],False,False,False,[],[],[],old-55-Word97--0-8,原件/免征目录/mf_batch55.doc,0457d0430e9e7f114c91341a715405c3933dd4783762cd74b9871e4918ba887f,False,False,False,False
NEQ7000BEVJH11A,0,0,3,old_only,0,0,[],[],"[""CATC"", ""NEDC""]",[],"[""170""]",[],"[""9.3"", null]",[],"[{""eleEquivalentFuelConsumption"": ""1.05"", ""powerConsumption"": ""9.3"", ""runingRange"": ""170"", ""workConditionType"": ""CATC""}, {""eleEquivalentFuelConsumption"": ""1.05"", ""runingRange"": ""170"", ""workConditionType"": ""NEDC""}]",True,"[""multiple_old_cycle_codes"", ""multiple_old_consumption_raw_values""]",False,False,True,[],[],[],old-46-Word97--0-34,原件/免征目录/mf_batch46.doc,a4b2048b3d5c29a8969f0348e9fd19a3293f0c23e6f37a48bf42a2ed70c7d37d,False,False,False,False
NEQ7000BEVJH11B,0,0,1,old_only,0,0,[],[],"[""NEDC""]",[],"[""170""]",[],[null],[],"[{""eleEquivalentFuelConsumption"": ""1.05"", ""runingRange"": ""170"", ""workConditionType"": ""NEDC""}]",True,[],False,False,False,[],[],[],old-46-Word97--0-33,原件/免征目录/mf_batch46.doc,a4b2048b3d5c29a8969f0348e9fd19a3293f0c23e6f37a48bf42a2ed70c7d37d,False,False,False,False
NEQ7000BEVJH11C,0,0,2,old_only,0,0,[],[],"[""CATC"", ""NEDC""]",[],"[""170""]",[],"[""9.3"", null]",[],"[{""eleEquivalentFuelConsumption"": ""1.05"", ""powerConsumption"": ""9.3"", ""runingRange"": ""170"", ""workConditionType"": ""CATC""}, {""eleEquivalentFuelConsumption"": ""1.05"", ""runingRange"": ""170"", ""workConditionType"": ""NEDC""}]",True,"[""multiple_old_cycle_codes"", ""multiple_old_consumption_raw_values""]",False,False,True,[],[],[],old-46-Word97--0-36,原件/免征目录/mf_batch46.doc,a4b2048b3d5c29a8969f0348e9fd19a3293f0c23e6f37a48bf42a2ed70c7d37d,False,False,False,False
NEQ7000BEVJH11D,4,4,6,both,4,0,[],"[""5""]","[""CATC"", ""NEDC""]","[""120""]","[""120""]","[""8.8""]","[""8.8"", null]","[""699"", ""715""]","[{""eleEquivalentFuelConsumption"": ""1.00"", ""powerConsumption"": ""8.8"", ""runingRange"": ""120"", ""workConditionType"": ""CATC""}, {""eleEquivalentFuelConsumption"": ""1.00"", ""runingRange"": ""120"", ""workConditionType"": ""NEDC""}]",True,"[""multiple_old_cycle_codes"", ""multiple_old_consumption_raw_values"", ""multiple_new_curb_mass_raw_values"", ""new_old_consumption_raw_value_sets_differ_units_not_normalized""]",False,False,True,"[""2024-05-20""]","[""2024-07-02""]","[""新版本能耗申报""]",old-46-Word97--0-35,原件/免征目录/mf_batch46.doc,a4b2048b3d5c29a8969f0348e9fd19a3293f0c23e6f37a48bf42a2ed70c7d37d,False,False,False,False
NEQ7000BEVJH11E,0,0,2,old_only,0,0,[],[],"[""NEDC""]",[],"[""120""]",[],[null],[],"[{""eleEquivalentFuelConsumption"": ""1.00"", ""runingRange"": ""120"", ""workConditionType"": ""NEDC""}]",True,[],False,False,False,[],[],[],old-47-Word97--0-31,原件/免征目录/mf_batch47.doc,fb4517fe8220b10bc435a77a5328df13c732c70b335942dfad0ae9394affe9b4,False,False,False,False
NEQ7000BEVJH11F,0,0,4,old_only,0,0,[],[],"[""CATC"", ""NEDC""]",[],"[""120""]",[],"[""8.8"", null]",[],"[{""eleEquivalentFuelConsumption"": ""1.00"", ""powerConsumption"": ""8.8"", ""runingRange"": ""120"", ""workConditionType"": ""CATC""}, {""eleEquivalentFuelConsumption"": ""1.00"", ""runingRange"": ""120"", ""workConditionType"": ""NEDC""}]",True,"[""multiple_old_cycle_codes"", ""multiple_old_consumption_raw_values""]",False,False,True,[],[],[],old-47-Word97--0-30,原件/免征目录/mf_batch47.doc,fb4517fe8220b10bc435a77a5328df13c732c70b335942dfad0ae9394affe9b4,False,False,False,False
NEQ7000BEVJH11G,0,0,1,old_only,0,0,[],[],"[""CATC""]",[],"[""170""]",[],"[""9.3""]",[],"[{""eleEquivalentFuelConsumption"": ""1.05"", ""powerConsumption"": ""9.3"", ""runingRange"": ""170"", ""workConditionType"": ""CATC""}]",True,[],False,False,False,[],[],[],old-56-Word97--0-18,原件/免征目录/mf_batch56.doc,cbffdc0819640e8f18c11a2a277b26b2e043c81406533457ff225f4df1c6c068,False,False,False,False
NEQ7000BEVJH11H,1,1,1,both,1,0,[],"[""5""]","[""CATC""]","[""170""]","[""170""]","[""9.3""]","[""9.3""]","[""743""]","[{""eleEquivalentFuelConsumption"": ""1.05"", ""powerConsumption"": ""9.3"", ""runingRange"": ""170"", ""workConditionType"": ""CATC""}]",True,[],False,False,False,"[""2023-12-12""]","[""2024-07-02""]","[""新版本能耗申报""]",old-61-Word97--0-15,原件/免征目录/mf_batch61.doc,d360a77695ccf20f3c17a354a1dd02fc846a7ae8bd18b41492515881a7240b72,False,False,False,False
NEQ7000BEVJH11J,2,2,2,both,2,0,[],"[""5""]","[""CATC""]","[""120""]","[""120""]","[""8.8""]","[""8.8""]","[""699"", ""715""]","[{""eleEquivalentFuelConsumption"": ""1.0"", ""powerConsumption"": ""8.8"", ""runingRange"": ""120"", ""workConditionType"": ""CATC""}]",True,"[""multiple_new_curb_mass_raw_values""]",False,False,False,"[""2024-05-20""]","[""2024-07-02""]","[""新版本能耗申报""]",old-61-Word97--0-14,原件/免征目录/mf_batch61.doc,d360a77695ccf20f3c17a354a1dd02fc846a7ae8bd18b41492515881a7240b72,False,False,False,False
NEQ7000BEVJH11K,0,0,2,old_only,0,0,[],[],"[""CATC""]",[],"[""205""]",[],"[""9.0""]",[],"[{""eleEquivalentFuelConsumption"": ""1.04"", ""powerConsumption"": ""9.0"", ""runingRange"": ""205"", ""workConditionType"": ""CATC""}]",True,[],False,False,False,[],[],[],old-67-Word97--0-33,原件/免征目录/mf_batch67.doc,963a02fcc1f361414f4f003c6d63e00b178d0b962134ed2206c38978f3118101,False,False,False,False
NEQ7000BEVJH11L,0,0,1,old_only,0,0,[],[],"[""CATC""]",[],"[""170""]",[],"[""9.3""]",[],"[{""eleEquivalentFuelConsumption"": ""1.05"", ""powerConsumption"": ""9.3"", ""runingRange"": ""170"", ""workConditionType"": ""CATC""}]",True,[],False,False,False,[],[],[],old-67-Word97--0-31,原件/免征目录/mf_batch67.doc,963a02fcc1f361414f4f003c6d63e00b178d0b962134ed2206c38978f3118101,False,False,False,False
NEQ7000BEVJH11M,0,0,3,old_only,0,0,[],[],"[""CATC""]",[],"[""170""]",[],"[""9.3""]",[],"[{""eleEquivalentFuelConsumption"": ""1.05"", ""powerConsumption"": ""9.3"", ""runingRange"": ""170"", ""workConditionType"": ""CATC""}]",True,[],False,False,False,[],[],[],old-68-Word97--0-41,原件/免征目录/mf_batch68.doc,58113d08377020d08de0aeb0e08ff63c4a4411dbe35ad69cfdd6f82fdf0fcc77,False,False,False,False
NEQ7000BEVJH11N,0,0,2,old_only,0,0,[],[],"[""CATC""]",[],"[""170""]",[],"[""9.3""]",[],"[{""eleEquivalentFuelConsumption"": ""1.05"", ""powerConsumption"": ""9.3"", ""runingRange"": ""170"", ""workConditionType"": ""CATC""}]",True,[],False,False,False,[],[],[],old-68-Word97--0-40,原件/免征目录/mf_batch68.doc,58113d08377020d08de0aeb0e08ff63c4a4411dbe35ad69cfdd6f82fdf0fcc77,False,False,False,False
NEQ7000BEVJH11P,2,2,6,both,2,0,[],"[""5""]","[""CATC""]","[""120""]","[""120""]","[""8.8""]","[""8.8""]","[""699"", ""715""]","[{""eleEquivalentFuelConsumption"": ""1.00"", ""powerConsumption"": ""8.8"", ""runingRange"": ""120"", ""workConditionType"": ""CATC""}, {""eleEquivalentFuelConsumption"": ""1.05"", ""powerConsumption"": ""8.8"", ""runingRange"": ""120"", ""workConditionType"": ""CATC""}]",True,"[""multiple_new_curb_mass_raw_values""]",False,False,False,"[""2024-05-20""]","[""2024-07-02"", ""2024-07-08""]","[""新版本能耗申报""]",old-69-Word97--0-84,原件/免征目录/mf_batch69.doc,357d61a16c94488c9fdd761f393edb7029b05394ab06117abaebcba1a1e45546,False,False,False,False
NEQ7000BEVQL01,0,0,1,old_only,0,0,[],[],"[""NEDC""]",[],"[""125""]",[],[null],[],"[{""eleEquivalentFuelConsumption"": ""1.02"", ""runingRange"": ""125"", ""workConditionType"": ""NEDC""}]",True,[],False,False,False,[],[],[],old-46-Word97--0-38,原件/免征目录/mf_batch46.doc,a4b2048b3d5c29a8969f0348e9fd19a3293f0c23e6f37a48bf42a2ed70c7d37d,False,False,False,False
NEQ7000BEVQL01A,0,0,1,old_only,0,0,[],[],"[""NEDC""]",[],"[""125""]",[],[null],[],"[{""eleEquivalentFuelConsumption"": ""1.03"", ""runingRange"": ""125"", ""workConditionType"": ""NEDC""}]",True,[],False,False,False,[],[],[],old-44-Word97--0-33,原件/免征目录/mf_batch44.doc,aea30846204f4e55c0d969450f1619e1649eb27f471d5b0a2636d0da77eb0611,False,False,False,False
NEQ7000BEVQL01B,0,0,1,old_only,0,0,[],[],"[""NEDC""]",[],"[""200""]",[],[null],[],"[{""eleEquivalentFuelConsumption"": ""1.04"", ""runingRange"": ""200"", ""workConditionType"": ""NEDC""}]",True,[],False,False,False,[],[],[],old-44-Word97--0-34,原件/免征目录/mf_batch44.doc,aea30846204f4e55c0d969450f1619e1649eb27f471d5b0a2636d0da77eb0611,False,False,False,False
NEQ7000BEVQL01C,0,0,1,old_only,0,0,[],[],"[""NEDC""]",[],"[""200""]",[],[null],[],"[{""eleEquivalentFuelConsumption"": ""1.04"", ""runingRange"": ""200"", ""workConditionType"": ""NEDC""}]",True,[],False,False,False,[],[],[],old-44-Word97--0-37,原件/免征目录/mf_batch44.doc,aea30846204f4e55c0d969450f1619e1649eb27f471d5b0a2636d0da77eb0611,False,False,False,False
NEQ7000BEVRT01,0,0,2,old_only,0,0,[],[],"[""NEDC""]",[],"[""560""]",[],[null],[],"[{""eleEquivalentFuelConsumption"": ""1.5"", ""runingRange"": ""560"", ""workConditionType"": ""NEDC""}]",True,[],False,False,False,[],[],[],old-44-Word97--0-35,原件/免征目录/mf_batch44.doc,aea30846204f4e55c0d969450f1619e1649eb27f471d5b0a2636d0da77eb0611,False,False,False,False
NEQ7000BEVSH61,0,0,1,old_only,0,0,[],[],"[""CATC""]",[],"[""201""]",[],"[""9.2""]",[],"[{""eleEquivalentFuelConsumption"": ""1.04"", ""powerConsumption"": ""9.2"", ""runingRange"": ""201"", ""workConditionType"": ""CATC""}]",True,[],False,False,False,[],[],[],old-65-Word97--0-48,原件/免征目录/mf_batch65.doc,06a6a578a9a60516a845bc92deac49954438a789e9e4a7cf3cd140f256d9b13d,False,False,False,False
NEQ7000SEVJ60,0,0,1,old_only,0,0,[],[],"[""NEDC""]",[],"[""401""]",[],[null],[],"[{""eleEquivalentFuelConsumption"": ""1.60"", ""runingRange"": ""401"", ""workConditionType"": ""NEDC""}]",True,[],False,False,False,[],[],[],old-44-Word97--0-36,原件/免征目录/mf_batch44.doc,aea30846204f4e55c0d969450f1619e1649eb27f471d5b0a2636d0da77eb0611,False,False,False,False
NEQ7001BEVJ72,2,2,4,both,2,0,[],"[""5""]","[""CATC""]","[""321""]","[""321""]","[""9.4""]","[""9.4""]","[""960""]","[{""eleEquivalentFuelConsumption"": ""1.1"", ""powerConsumption"": ""9.4"", ""runingRange"": ""321"", ""workConditionType"": ""CATC""}]",True,[],False,False,False,"[""2023-12-12""]","[""2024-07-05""]","[""新版本能耗申报""]",old-67-Word97--0-30,原件/免征目录/mf_batch67.doc,963a02fcc1f361414f4f003c6d63e00b178d0b962134ed2206c38978f3118101,False,False,False,False
NEQ7001BEVJ72A,1,1,4,both,1,0,[],"[""5""]","[""CATC""]","[""321""]","[""321""]","[""9.4""]","[""9.4""]","[""960""]","[{""eleEquivalentFuelConsumption"": ""1.1"", ""powerConsumption"": ""9.4"", ""runingRange"": ""321"", ""workConditionType"": ""CATC""}]",True,[],False,False,False,"[""2024-02-04""]","[""2024-07-05""]","[""新版本能耗申报""]",old-67-Word97--0-35,原件/免征目录/mf_batch67.doc,963a02fcc1f361414f4f003c6d63e00b178d0b962134ed2206c38978f3118101,False,False,False,False
NEQ7001BEVJ72B,0,0,4,old_only,0,0,[],[],"[""CATC""]",[],"[""271""]",[],"[""9.4""]",[],"[{""eleEquivalentFuelConsumption"": ""1.1"", ""powerConsumption"": ""9.4"", ""runingRange"": ""271"", ""workConditionType"": ""CATC""}]",True,[],False,False,False,[],[],[],old-67-Word97--0-34,原件/免征目录/mf_batch67.doc,963a02fcc1f361414f4f003c6d63e00b178d0b962134ed2206c38978f3118101,False,False,False,False
NEQ7001BEVJ72C,2,2,4,both,2,0,[],"[""5""]","[""CATC""]","[""251""]","[""251""]","[""10.7""]","[""10.7""]","[""920""]","[{""eleEquivalentFuelConsumption"": ""1.2"", ""powerConsumption"": ""10.7"", ""runingRange"": ""251"", ""workConditionType"": ""CATC""}]",True,[],False,False,False,"[""2024-03-08""]","[""2024-07-05""]","[""新版本能耗申报""]",old-71-Word97--0-59,原件/免征目录/mf_batch71.doc,b37b78b64b8ef7e12e6e95d6fd27a4a6e364c0c83ba403ffcf3bca82c60e3460,False,False,False,False
NEQ7001BEVJ72D,2,2,4,both,2,0,[],"[""5""]","[""CATC""]","[""321""]","[""321""]","[""9.4""]","[""9.4""]","[""920""]","[{""eleEquivalentFuelConsumption"": ""1.06"", ""powerConsumption"": ""9.4"", ""runingRange"": ""321"", ""workConditionType"": ""CATC""}]",True,[],False,False,False,"[""2024-02-04""]","[""2024-07-05""]","[""新版本能耗申报""]",old-71-Word97--0-58,原件/免征目录/mf_batch71.doc,b37b78b64b8ef7e12e6e95d6fd27a4a6e364c0c83ba403ffcf3bca82c60e3460,False,False,False,False
NHQ6490BEVGH,4,4,6,both,4,0,[],"[""5""]","[""CATC""]","[""702""]","[""702""]","[""15.2""]","[""15.2""]","[""2205"", ""2220"", ""2225"", ""2240""]","[{""eleEquivalentFuelConsumption"": ""1.72"", ""powerConsumption"": ""15.2"", ""runingRange"": ""702"", ""workConditionType"": ""CATC""}]",True,"[""multiple_new_curb_mass_raw_values""]",False,False,False,"[""2022-07-08"", ""2023-08-15""]","[""2024-07-08""]","[""信息录入""]",old-56-Word97--0-8,原件/免征目录/mf_batch56.doc,cbffdc0819640e8f18c11a2a277b26b2e043c81406533457ff225f4df1c6c068,False,False,False,False
NHQ6490BEVGK,2,2,4,both,2,0,[],"[""5""]","[""CATC""]","[""650""]","[""650""]","[""16.0""]","[""16.0""]","[""2335"", ""2355""]","[{""eleEquivalentFuelConsumption"": ""1.81"", ""powerConsumption"": ""16.0"", ""runingRange"": ""650"", ""workConditionType"": ""CATC""}]",True,"[""multiple_new_curb_mass_raw_values""]",False,False,False,"[""2022-07-08""]","[""2024-07-08""]","[""信息录入""]",old-56-Word97--0-9,原件/免征目录/mf_batch56.doc,cbffdc0819640e8f18c11a2a277b26b2e043c81406533457ff225f4df1c6c068,False,False,False,False
NHQ7000BEVDA,0,0,2,old_only,0,0,[],[],"[""CATC"", ""NEDC""]",[],"[""470"", ""490""]",[],"[""13.0"", ""13.2""]",[],"[{""eleEquivalentFuelConsumption"": ""1.47"", ""powerConsumption"": ""13.0"", ""runingRange"": ""490"", ""workConditionType"": ""CATC""}, {""eleEquivalentFuelConsumption"": ""1.5"", ""powerConsumption"": ""13.2"", ""runingRange"": ""470"", ""workConditionType"": ""NEDC""}]",True,"[""multiple_old_cycle_codes"", ""multiple_old_range_raw_values"", ""multiple_old_consumption_raw_values""]",False,False,True,[],[],[],old-44-Word97--0-43,原件/免征目录/mf_batch44.doc,aea30846204f4e55c0d969450f1619e1649eb27f471d5b0a2636d0da77eb0611,False,False,False,False
NHQ7000BEVDC,0,0,2,old_only,0,0,[],[],"[""CATC"", ""NEDC""]",[],"[""460"", ""480""]",[],"[""13.2"", ""13.4""]",[],"[{""eleEquivalentFuelConsumption"": ""1.49"", ""powerConsumption"": ""13.2"", ""runingRange"": ""480"", ""workConditionType"": ""CATC""}, {""eleEquivalentFuelConsumption"": ""1.5"", ""powerConsumption"": ""13.4"", ""runingRange"": ""460"", ""workConditionType"": ""NEDC""}]",True,"[""multiple_old_cycle_codes"", ""multiple_old_range_raw_values"", ""multiple_old_consumption_raw_values""]",False,False,True,[],[],[],old-47-Word97--0-34,原件/免征目录/mf_batch47.doc,fb4517fe8220b10bc435a77a5328df13c732c70b335942dfad0ae9394affe9b4,False,False,False,False
NHQ7000BEVDF,0,0,2,old_only,0,0,[],[],"[""CATC"", ""NEDC""]",[],"[""450"", ""470""]",[],"[""13.4"", ""13.6""]",[],"[{""eleEquivalentFuelConsumption"": ""1.5"", ""powerConsumption"": ""13.6"", ""runingRange"": ""450"", ""workConditionType"": ""NEDC""}, {""eleEquivalentFuelConsumption"": ""1.52"", ""powerConsumption"": ""13.4"", ""runingRange"": ""470"", ""workConditionType"": ""CATC""}]",True,"[""multiple_old_cycle_codes"", ""multiple_old_range_raw_values"", ""multiple_old_consumption_raw_values""]",False,False,True,[],[],[],old-46-Word97--0-42,原件/免征目录/mf_batch46.doc,a4b2048b3d5c29a8969f0348e9fd19a3293f0c23e6f37a48bf42a2ed70c7d37d,False,False,False,False
NHQ7000BEVDK,0,0,4,old_only,0,0,[],[],"[""CATC"", ""NEDC""]",[],"[""550"", ""570""]",[],"[""13.1"", ""13.3""]",[],"[{""eleEquivalentFuelConsumption"": ""1.48"", ""powerConsumption"": ""13.1"", ""runingRange"": ""570"", ""workConditionType"": ""CATC""}, {""eleEquivalentFuelConsumption"": ""1.5"", ""powerConsumption"": ""13.3"", ""runingRange"": ""550"", ""workConditionType"": ""NEDC""}]",True,"[""multiple_old_cycle_codes"", ""multiple_old_range_raw_values"", ""multiple_old_consumption_raw_values""]",False,False,True,[],[],[],old-46-Word97--0-43,原件/免征目录/mf_batch46.doc,a4b2048b3d5c29a8969f0348e9fd19a3293f0c23e6f37a48bf42a2ed70c7d37d,False,False,False,False
NHQ7000BEVDL,0,0,4,old_only,0,0,[],[],"[""CATC"", ""NEDC""]",[],"[""535"", ""555""]",[],"[""13.4"", ""13.6""]",[],"[{""eleEquivalentFuelConsumption"": ""1.5"", ""powerConsumption"": ""13.6"", ""runingRange"": ""535"", ""workConditionType"": ""NEDC""}, {""eleEquivalentFuelConsumption"": ""1.52"", ""powerConsumption"": ""13.4"", ""runingRange"": ""555"", ""workConditionType"": ""CATC""}]",True,"[""multiple_old_cycle_codes"", ""multiple_old_range_raw_values"", ""multiple_old_consumption_raw_values""]",False,False,True,[],[],[],old-46-Word97--0-44,原件/免征目录/mf_batch46.doc,a4b2048b3d5c29a8969f0348e9fd19a3293f0c23e6f37a48bf42a2ed70c7d37d,False,False,False,False
NHQ7000BEVDP,0,0,4,old_only,0,0,[],[],"[""CATC"", ""NEDC""]",[],"[""520""]",[],"[""13.6"", ""13.8""]",[],"[{""eleEquivalentFuelConsumption"": ""1.54"", ""powerConsumption"": ""13.6"", ""runingRange"": ""520"", ""workConditionType"": ""CATC""}, {""eleEquivalentFuelConsumption"": ""1.6"", ""powerConsumption"": ""13.8"", ""runingRange"": ""520"", ""workConditionType"": ""NEDC""}]",True,"[""multiple_old_cycle_codes"", ""multiple_old_consumption_raw_values""]",False,False,True,[],[],[],old-45-Word97--0-46,原件/免征目录/mf_batch45.doc,56f5e7c5fd36e990024f8121006a76da260361f4e4660846e78255d007126f7a,False,False,False,False
NHQ7000BEVDQ,0,0,2,old_only,0,0,[],[],"[""CATC"", ""NEDC""]",[],"[""520""]",[],"[""13.6"", ""13.8""]",[],"[{""eleEquivalentFuelConsumption"": ""1.54"", ""powerConsumption"": ""13.6"", ""runingRange"": ""520"", ""workConditionType"": ""CATC""}, {""eleEquivalentFuelConsumption"": ""1.6"", ""powerConsumption"": ""13.8"", ""runingRange"": ""520"", ""workConditionType"": ""NEDC""}]",True,"[""multiple_old_cycle_codes"", ""multiple_old_consumption_raw_values""]",False,False,True,[],[],[],old-45-Word97--0-51,原件/免征目录/mf_batch45.doc,56f5e7c5fd36e990024f8121006a76da260361f4e4660846e78255d007126f7a,False,False,False,False
NHQ7000BEVDR,0,0,4,old_only,0,0,[],[],"[""CATC"", ""NEDC""]",[],"[""460""]",[],"[""13.6"", ""13.8""]",[],"[{""eleEquivalentFuelConsumption"": ""1.54"", ""powerConsumption"": ""13.6"", ""runingRange"": ""460"", ""workConditionType"": ""CATC""}, {""eleEquivalentFuelConsumption"": ""1.6"", ""powerConsumption"": ""13.8"", ""runingRange"": ""460"", ""workConditionType"": ""NEDC""}]",True,"[""multiple_old_cycle_codes"", ""multiple_old_consumption_raw_values""]",False,False,True,[],[],[],old-45-Word97--0-50,原件/免征目录/mf_batch45.doc,56f5e7c5fd36e990024f8121006a76da260361f4e4660846e78255d007126f7a,False,False,False,False
NHQ7000BEVDS,0,0,4,old_only,0,0,[],[],"[""CATC"", ""NEDC""]",[],"[""460""]",[],"[""13.6"", ""13.8""]",[],"[{""eleEquivalentFuelConsumption"": ""1.54"", ""powerConsumption"": ""13.6"", ""runingRange"": ""460"", ""workConditionType"": ""CATC""}, {""eleEquivalentFuelConsumption"": ""1.6"", ""powerConsumption"": ""13.8"", ""runingRange"": ""460"", ""workConditionType"": ""NEDC""}]",True,"[""multiple_old_cycle_codes"", ""multiple_old_consumption_raw_values""]",False,False,True,[],[],[],old-46-Word97--0-46,原件/免征目录/mf_batch46.doc,a4b2048b3d5c29a8969f0348e9fd19a3293f0c23e6f37a48bf42a2ed70c7d37d,False,False,False,False
NHQ7000BEVDT,0,0,4,old_only,0,0,[],[],"[""CATC"", ""NEDC""]",[],"[""500""]",[],"[""13.8"", ""14.2""]",[],"[{""eleEquivalentFuelConsumption"": ""1.56"", ""powerConsumption"": ""13.8"", ""runingRange"": ""500"", ""workConditionType"": ""CATC""}, {""eleEquivalentFuelConsumption"": ""1.6"", ""powerConsumption"": ""14.2"", ""runingRange"": ""500"", ""workConditionType"": ""NEDC""}]",True,"[""multiple_old_cycle_codes"", ""multiple_old_consumption_raw_values""]",False,False,True,[],[],[],old-45-Word97--0-47,原件/免征目录/mf_batch45.doc,56f5e7c5fd36e990024f8121006a76da260361f4e4660846e78255d007126f7a,False,False,False,False
NHQ7000BEVDU,0,0,4,old_only,0,0,[],[],"[""CATC"", ""NEDC""]",[],"[""430""]",[],"[""13.8"", ""14.2""]",[],"[{""eleEquivalentFuelConsumption"": ""1.56"", ""powerConsumption"": ""13.8"", ""runingRange"": ""430"", ""workConditionType"": ""CATC""}, {""eleEquivalentFuelConsumption"": ""1.6"", ""powerConsumption"": ""14.2"", ""runingRange"": ""430"", ""workConditionType"": ""NEDC""}]",True,"[""multiple_old_cycle_codes"", ""multiple_old_consumption_raw_values""]",False,False,True,[],[],[],old-45-Word97--0-49,原件/免征目录/mf_batch45.doc,56f5e7c5fd36e990024f8121006a76da260361f4e4660846e78255d007126f7a,False,False,False,False
NHQ7000BEVDV,0,0,4,old_only,0,0,[],[],"[""CATC"", ""NEDC""]",[],"[""430""]",[],"[""13.8"", ""14.2""]",[],"[{""eleEquivalentFuelConsumption"": ""1.56"", ""powerConsumption"": ""13.8"", ""runingRange"": ""430"", ""workConditionType"": ""CATC""}, {""eleEquivalentFuelConsumption"": ""1.6"", ""powerConsumption"": ""14.2"", ""runingRange"": ""430"", ""workConditionType"": ""NEDC""}]",True,"[""multiple_old_cycle_codes"", ""multiple_old_consumption_raw_values""]",False,False,True,[],[],[],old-45-Word97--0-48,原件/免征目录/mf_batch45.doc,56f5e7c5fd36e990024f8121006a76da260361f4e4660846e78255d007126f7a,False,False,False,False
NHQ7000BEVEA,0,0,24,old_only,0,0,[],[],"[""CATC"", ""NEDC""]",[],"[""586"", null]",[],"[""13.0""]",[],"[{""eleEquivalentFuelConsumption"": ""1.47"", ""powerConsumption"": ""13.0"", ""runingRange"": ""586"", ""workConditionType"": ""CATC""}, {""eleEquivalentFuelConsumption"": ""1.5"", ""powerConsumption"": ""13.0"", ""runingRange"": ""586"", ""workConditionType"": ""NEDC""}, {""eleEquivalentFuelConsumption"": ""1.5"", ""powerConsumption"": ""13.0"", ""workConditionType"": ""NEDC""}]",True,"[""multiple_old_cycle_codes"", ""multiple_old_range_raw_values""]",False,False,True,[],[],[],old-33-Word97--0-62,原件/免征目录/mf_batch33.doc,ff98fbb1708c47cdcfc1e79e7a1647e72a7ae6d4255dce3b250d661001340c09,False,False,False,False
NHQ7000BEVEB,0,0,16,old_only,0,0,[],[],"[""CATC"", ""NEDC""]",[],"[""706""]",[],"[""12.5""]",[],"[{""eleEquivalentFuelConsumption"": ""1.4"", ""powerConsumption"": ""12.5"", ""runingRange"": ""706"", ""workConditionType"": ""NEDC""}, {""eleEquivalentFuelConsumption"": ""1.41"", ""powerConsumption"": ""12.5"", ""runingRange"": ""706"", ""workConditionType"": ""CATC""}]",True,"[""multiple_old_cycle_codes""]",False,False,True,[],[],[],old-33-Word97--0-63,原件/免征目录/mf_batch33.doc,ff98fbb1708c47cdcfc1e79e7a1647e72a7ae6d4255dce3b250d661001340c09,False,False,False,False
NHQ7000BEVEC,0,0,40,old_only,0,0,[],[],"[""CATC"", ""NEDC""]",[],"[""550"", ""670""]",[],"[""13.5""]",[],"[{""eleEquivalentFuelConsumption"": ""1.5"", ""powerConsumption"": ""13.5"", ""runingRange"": ""550"", ""workConditionType"": ""NEDC""}, {""eleEquivalentFuelConsumption"": ""1.5"", ""powerConsumption"": ""13.5"", ""runingRange"": ""670"", ""workConditionType"": ""NEDC""}, {""eleEquivalentFuelConsumption"": ""1.52"", ""powerConsumption"": ""13.5"", ""runingRange"": ""670"", ""workConditionType"": ""CATC""}]",True,"[""multiple_old_cycle_codes"", ""multiple_old_range_raw_values""]",False,False,True,[],[],[],old-33-Word97--0-64,原件/免征目录/mf_batch33.doc,ff98fbb1708c47cdcfc1e79e7a1647e72a7ae6d4255dce3b250d661001340c09,False,False,False,False
NHQ7000BEVED,0,0,5,old_only,0,0,[],[],"[""CATC"", ""NEDC""]",[],"[""562""]",[],"[""16.0""]",[],"[{""eleEquivalentFuelConsumption"": ""1.8"", ""powerConsumption"": ""16.0"", ""runingRange"": ""562"", ""workConditionType"": ""NEDC""}, {""eleEquivalentFuelConsumption"": ""1.81"", ""powerConsumption"": ""16.0"", ""runingRange"": ""562"", ""workConditionType"": ""CATC""}]",True,"[""multiple_old_cycle_codes""]",False,False,True,[],[],[],old-33-Word97--0-65,原件/免征目录/mf_batch33.doc,ff98fbb1708c47cdcfc1e79e7a1647e72a7ae6d4255dce3b250d661001340c09,False,False,False,False
NHQ7000BEVEE,0,0,24,old_only,0,0,[],[],"[""CATC"", ""NEDC""]",[],"[""480""]",[],"[""13.8""]",[],"[{""eleEquivalentFuelConsumption"": ""1.56"", ""powerConsumption"": ""13.8"", ""runingRange"": ""480"", ""workConditionType"": ""CATC""}, {""eleEquivalentFuelConsumption"": ""1.6"", ""powerConsumption"": ""13.8"", ""runingRange"": ""480"", ""workConditionType"": ""NEDC""}]",True,"[""multiple_old_cycle_codes""]",False,False,True,[],[],[],old-41-Word97--0-27,原件/免征目录/mf_batch41.doc,ba4634c0877ebf99f8e462013e4a07e40f57478a4aaf921801a6c85a49c42b7f,False,False,False,False
NHQ7000BEVEF,0,0,24,old_only,0,0,[],[],"[""CATC"", ""NEDC""]",[],"[""670""]",[],"[""13.5""]",[],"[{""eleEquivalentFuelConsumption"": ""1.5"", ""powerConsumption"": ""13.5"", ""runingRange"": ""670"", ""workConditionType"": ""NEDC""}, {""eleEquivalentFuelConsumption"": ""1.53"", ""powerConsumption"": ""13.5"", ""runingRange"": ""670"", ""workConditionType"": ""CATC""}]",True,"[""multiple_old_cycle_codes""]",False,False,True,[],[],[],old-47-Word97--0-33,原件/免征目录/mf_batch47.doc,fb4517fe8220b10bc435a77a5328df13c732c70b335942dfad0ae9394affe9b4,False,False,False,False
NHQ7000BEVEG,0,0,24,old_only,0,0,[],[],"[""CATC"", ""NEDC""]",[],"[""480""]",[],"[""13.8""]",[],"[{""eleEquivalentFuelConsumption"": ""1.56"", ""powerConsumption"": ""13.8"", ""runingRange"": ""480"", ""workConditionType"": ""CATC""}, {""eleEquivalentFuelConsumption"": ""1.6"", ""powerConsumption"": ""13.8"", ""runingRange"": ""480"", ""workConditionType"": ""NEDC""}]",True,"[""multiple_old_cycle_codes""]",False,False,True,[],[],[],old-46-Word97--0-45,原件/免征目录/mf_batch46.doc,a4b2048b3d5c29a8969f0348e9fd19a3293f0c23e6f37a48bf42a2ed70c7d37d,False,False,False,False
NHQ7000BEVEH,2,2,6,both,2,0,[],"[""5""]","[""CATC""]","[""625""]","[""625""]","[""13.3""]","[""13.3""]","[""1915"", ""1940""]","[{""eleEquivalentFuelConsumption"": ""1.50"", ""powerConsumption"": ""13.3"", ""runingRange"": ""625"", ""workConditionType"": ""CATC""}]",True,"[""multiple_new_curb_mass_raw_values""]",False,False,False,"[""2022-04-07""]","[""2024-07-08""]","[""信息录入""]",old-53-Word97--0-6,原件/免征目录/mf_batch53.doc,a1f426ff77c80bce4d153fbfb6d01a7b6c6c87539f52ac4643edb7b060e21d2a,False,False,False,False
NJL6420BEV4,0,0,0,not_in_observed_filtered_views,0,0,[],[],[],[],[],[],[],[],[],False,[],False,False,False,[],[],[],old-20-DOCX--0-37,原件/免征目录/mf_batch20.docx,374d3f87551d75d1c163e76abb38f350ea93f8a2b8cad6174568c307d1cc0130,False,False,False,False
NJL6420BEV5,0,0,0,not_in_observed_filtered_views,0,0,[],[],[],[],[],[],[],[],[],False,[],False,False,False,[],[],[],old-20-DOCX--0-38,原件/免征目录/mf_batch20.docx,374d3f87551d75d1c163e76abb38f350ea93f8a2b8cad6174568c307d1cc0130,False,False,False,False
NJL6420BEV8,0,0,0,not_in_observed_filtered_views,0,0,[],[],[],[],[],[],[],[],[],False,[],False,False,False,[],[],[],old-20-DOCX--0-40,原件/免征目录/mf_batch20.docx,374d3f87551d75d1c163e76abb38f350ea93f8a2b8cad6174568c307d1cc0130,False,False,False,False
NJL6420EV,0,0,0,not_in_observed_filtered_views,0,0,[],[],[],[],[],[],[],[],[],False,[],False,False,False,[],[],[],old-25-Word97--0-26,原件/免征目录/mf_batch25.wps,9d2abe319463522513fe9c90f98bb8d0a825b599267d0b3cc403cec9624b3297,False,False,False,False
NJL6420EV1,0,0,0,not_in_observed_filtered_views,0,0,[],[],[],[],[],[],[],[],[],False,[],False,False,False,[],[],[],old-25-Word97--0-27,原件/免征目录/mf_batch25.wps,9d2abe319463522513fe9c90f98bb8d0a825b599267d0b3cc403cec9624b3297,False,False,False,False
NJL6420EV9,0,0,0,not_in_observed_filtered_views,0,0,[],[],[],[],[],[],[],[],[],False,[],False,False,False,[],[],[],old-25-Word97--0-28,原件/免征目录/mf_batch25.wps,9d2abe319463522513fe9c90f98bb8d0a825b599267d0b3cc403cec9624b3297,False,False,False,False
NJL6450EV,0,0,0,not_in_observed_filtered_views,0,0,[],[],[],[],[],[],[],[],[],False,[],False,False,False,[],[],[],old-30-Word97--0-24,原件/免征目录/mf_batch30.doc,e7fa3b47858ec2035b8055bc15be00b2b26920a5e8d3cad481058a80b92ead24,False,False,False,False
NJL6470BEV400,0,0,0,not_in_observed_filtered_views,0,0,[],[],[],[],[],[],[],[],[],False,[],False,False,False,[],[],[],old-32-Word97--0-36,原件/免征目录/mf_batch32.doc,ad7c65b4831a05b7c70e1e73fe834aa9beed883c66f898e799fcbbeb43cc3d75,False,False,False,False
NJL6470BEV500,1,1,6,both,1,0,[],"[""6""]","[""NEDC""]","[""520""]","[""520""]","[""15.6""]","[""15.6"", null]","[""1920""]","[{""eleEquivalentFuelConsumption"": ""1.76"", ""powerConsumption"": ""15.6"", ""runingRange"": ""520"", ""workConditionType"": ""NEDC""}, {""eleEquivalentFuelConsumption"": ""1.76"", ""runingRange"": ""520"", ""workConditionType"": ""NEDC""}]",True,"[""multiple_old_consumption_raw_values"", ""new_old_consumption_raw_value_sets_differ_units_not_normalized""]",False,False,False,"[""2021-09-30""]","[""2024-08-09""]","[""标准变更""]",old-32-Word97--0-37,原件/免征目录/mf_batch32.doc,ad7c65b4831a05b7c70e1e73fe834aa9beed883c66f898e799fcbbeb43cc3d75,False,False,False,False
NJL6470BEV600,1,1,3,both,1,0,[],"[""5""]","[""CATC""]","[""620""]","[""620""]","[""15.4""]","[""15.4""]","[""1930""]","[{""eleEquivalentFuelConsumption"": ""1.74"", ""powerConsumption"": ""15.4"", ""runingRange"": ""620"", ""workConditionType"": ""CATC""}]",True,[],False,False,False,"[""2022-01-29""]","[""2024-08-09""]","[""标准变更""]",old-51-Word97--0-14,原件/免征目录/mf_batch51.doc,35411ca0ab3ef42915600b148fca6fe76bcb86f5dc3812f71d74f3ebda125ce6,False,False,False,False
NJL6471BEV400,1,1,6,both,1,0,[],"[""6""]","[""NEDC""]","[""404""]","[""404"", null]","[""15.0""]","[""15"", null]","[""1820""]","[{""eleEquivalentFuelConsumption"": ""1."", ""runingRange"": ""404"", ""workConditionType"": ""NEDC""}, {""eleEquivalentFuelConsumption"": ""1.7"", ""powerConsumption"": ""15"", ""runingRange"": ""404"", ""workConditionType"": ""NEDC""}, {""eleEquivalentFuelConsumption"": ""1.7"", ""runingRange"": ""404"", ""workConditionType"": ""NEDC""}, {""eleEquivalentFuelConsumption"": ""1.7"", ""workConditionType"": ""NEDC""}]",True,"[""multiple_old_range_raw_values"", ""multiple_old_consumption_raw_values"", ""new_old_range_raw_value_sets_differ"", ""new_old_consumption_raw_value_sets_differ_units_not_normalized""]",False,False,False,"[""2021-09-09""]","[""2024-08-09""]","[""标准变更""]",old-32-Word97--0-38,原件/免征目录/mf_batch32.doc,ad7c65b4831a05b7c70e1e73fe834aa9beed883c66f898e799fcbbeb43cc3d75,False,False,False,False
NJL6471BEV500,0,0,2,old_only,0,0,[],[],"[""CATC""]",[],"[""500""]",[],"[""14.2""]",[],"[{""eleEquivalentFuelConsumption"": ""1.61"", ""powerConsumption"": ""14.2"", ""runingRange"": ""500"", ""workConditionType"": ""CATC""}]",True,[],False,False,False,[],[],[],old-57-Word97--0-10,原件/免征目录/mf_batch57.doc,96d9708a19952b23d71fc40e9976a33ae30ca118226a032954a93ab36f355f21,False,False,False,False
NJL6472BEV400,1,1,2,both,1,0,[],"[""5""]","[""CATC""]","[""402""]","[""402""]","[""14.1""]","[""14.1""]","[""1870""]","[{""eleEquivalentFuelConsumption"": ""1.59"", ""powerConsumption"": ""14.1"", ""runingRange"": ""402"", ""workConditionType"": ""CATC""}]",True,[],False,False,False,"[""2022-09-15""]","[""2024-08-09""]","[""标准变更""]",old-58-Word97--0-5,原件/免征目录/mf_batch58.doc,b642358bb3078d2dde909a798935c0c1fc75d90f22b33f7c48aa87209acc100d,False,False,False,False
NJL6473BEV400,2,2,1,both,2,0,[],"[""5""]","[""CATC""]","[""430"", ""475""]","[""430""]","[""12.4"", ""14.5""]","[""14.5""]","[""1830""]","[{""eleEquivalentFuelConsumption"": ""1.64"", ""powerConsumption"": ""14.5"", ""runingRange"": ""430"", ""workConditionType"": ""CATC""}]",True,"[""multiple_new_range_raw_values"", ""multiple_new_consumption_raw_values"", ""new_old_range_raw_value_sets_differ"", ""new_old_consumption_raw_value_sets_differ_units_not_normalized""]",False,False,False,"[""2023-09-13""]","[""2024-08-09"", ""2026-01-08""]","[""标准变更""]",old-69-Word97--0-79,原件/免征目录/mf_batch69.doc,357d61a16c94488c9fdd761f393edb7029b05394ab06117abaebcba1a1e45546,False,False,False,False
QAC6461BEVAA,0,0,2,old_only,0,0,[],[],"[""NEDC""]",[],"[""530""]",[],[null],[],"[{""eleEquivalentFuelConsumption"": ""1.79"", ""runingRange"": ""530"", ""workConditionType"": ""NEDC""}]",True,[],False,False,False,[],[],[],mf29-t0-r21,原件/mf_batch29.doc,8d24a01958cc6d44fa7826ecbb6a76869b9a0f2c98b97597d57af02932f2afaf,False,False,False,False
QAC6461BEVAB,0,0,1,old_only,0,0,[],[],"[""CATC""]",[],"[""430""]",[],"[""14.2""]",[],"[{""eleEquivalentFuelConsumption"": ""1.61"", ""powerConsumption"": ""14.2"", ""runingRange"": ""430"", ""workConditionType"": ""CATC""}]",True,[],False,False,False,[],[],[],old-33-Word97--0-55,原件/免征目录/mf_batch33.doc,ff98fbb1708c47cdcfc1e79e7a1647e72a7ae6d4255dce3b250d661001340c09,False,False,False,False
QAC6461BEVAC,0,0,3,old_only,0,0,[],[],"[""CATC""]",[],"[""582""]",[],"[""15.5""]",[],"[{""eleEquivalentFuelConsumption"": ""1.75"", ""powerConsumption"": ""15.5"", ""runingRange"": ""582"", ""workConditionType"": ""CATC""}]",True,[],False,False,False,[],[],[],old-37-Word97--0-37,原件/免征目录/mf_batch37.doc,136057faede292d8070763e326c8dbdcddf3790653cc6879a13758f91556881f,False,False,False,False
QAL7000EAABEV,0,0,0,not_in_observed_filtered_views,0,0,[],[],[],[],[],[],[],[],[],False,[],False,False,False,[],[],[],old-22-Word97--0-51,原件/免征目录/mf_batch22.doc,eaf3fc1e64742af85b3d4bc90388d0a93154a497fd6c1fb9bf73b857672e1212,False,False,False,False
QAL70015A3BEV,0,0,1,old_only,0,0,[],[],"[""CATC""]",[],"[""170""]",[],"[""90""]",[],"[{""eleEquivalentFuelConsumption"": ""1.02"", ""powerConsumption"": ""90"", ""runingRange"": ""170"", ""workConditionType"": ""CATC""}]",True,[],False,False,False,[],[],[],old-61-Word97--0-7,原件/免征目录/mf_batch61.doc,d360a77695ccf20f3c17a354a1dd02fc846a7ae8bd18b41492515881a7240b72,False,False,False,False
QCJ6490SBEV,0,0,6,old_only,0,0,[],[],"[""NEDC""]",[],"[""520""]",[],"[""17.3""]",[],"[{""eleEquivalentFuelConsumption"": ""2.0"", ""powerConsumption"": ""17.3"", ""runingRange"": ""520"", ""workConditionType"": ""NEDC""}, {""eleEquivalentFuelConsumption"": ""2.00"", ""powerConsumption"": ""17.3"", ""runingRange"": ""520"", ""workConditionType"": ""NEDC""}]",True,[],False,False,False,[],[],[],old-27-Word97--0-28,原件/免征目录/mf_batch27.doc,2bd67cf7e1efc03ae93942d0d340ffef87478709520383b6ee4d08baf843ead1,False,False,False,False
QCJ6490SBEV1,0,0,6,old_only,0,0,[],[],"[""NEDC""]",[],"[""500""]",[],"[""17.9""]",[],"[{""eleEquivalentFuelConsumption"": ""2.0"", ""powerConsumption"": ""17.9"", ""runingRange"": ""500"", ""workConditionType"": ""NEDC""}, {""eleEquivalentFuelConsumption"": ""2.00"", ""powerConsumption"": ""17.9"", ""runingRange"": ""500"", ""workConditionType"": ""NEDC""}]",True,[],False,False,False,[],[],[],old-28-Word97--0-9,原件/免征目录/mf_batch28.doc,dfe1b301a5e8373e94e0e4a2fccee3d258c56bb662e4928764a71274142acd72,False,False,False,False
QCJ7006BEVF,0,0,0,not_in_observed_filtered_views,0,0,[],[],[],[],[],[],[],[],[],False,[],False,False,False,[],[],[],old-01-PDF-grid-1-0-7,原件/免征目录/mf_batch01.pdf,eac13628c37f01c4da157a2d1916d97acc81fdc295f18e1783549075ce7e5aa7,False,False,False,False
QCJ7007BEV,0,0,0,not_in_observed_filtered_views,0,0,[],[],[],[],[],[],[],[],[],False,[],False,False,False,[],[],[],old-01-PDF-grid-1-0-8,原件/免征目录/mf_batch01.pdf,eac13628c37f01c4da157a2d1916d97acc81fdc295f18e1783549075ce7e5aa7,False,False,False,False
QCJ7007BEV1,0,0,0,not_in_observed_filtered_views,0,0,[],[],[],[],[],[],[],[],[],False,[],False,False,False,[],[],[],old-09-PDF-grid-1-0-18,原件/免征目录/mf_batch09.pdf,7eea7200c04fefec34f6ae6db5a1bae77f82a534348f266e95575cae051c8c8c,False,False,False,False
QCJ7007BEV2,0,0,0,not_in_observed_filtered_views,0,0,[],[],[],[],[],[],[],[],[],False,[],False,False,False,[],[],[],old-09-PDF-grid-1-0-17,原件/免征目录/mf_batch09.pdf,7eea7200c04fefec34f6ae6db5a1bae77f82a534348f266e95575cae051c8c8c,False,False,False,False
QCJ7007BEV3,0,0,0,not_in_observed_filtered_views,0,0,[],[],[],[],[],[],[],[],[],False,[],False,False,False,[],[],[],old-17-PDF-grid-1-0-10,原件/免征目录/mf_batch17.pdf,577a4ba9c586fe08565f6a60e6de5474698031566d8dcef484cd44335879e334,False,False,False,False
QCJ7007BEV4,0,0,0,not_in_observed_filtered_views,0,0,[],[],[],[],[],[],[],[],[],False,[],False,False,False,[],[],[],old-18-Word97--0-26,原件/免征目录/mf_batch18.doc,43f5426f7f80996ee11a894710d7229c743abf7ad69ba239f61075e0a9ddd37a,False,False,False,False
QTE7000BEV02,0,0,1,old_only,0,0,[],[],"[""NEDC""]",[],"[""380""]",[],"[""19.9""]",[],"[{""eleEquivalentFuelConsumption"": ""2.25"", ""powerConsumption"": ""19.9"", ""runingRange"": ""380"", ""workConditionType"": ""NEDC""}]",True,[],False,False,False,[],[],[],old-19-DOCX--0-41,原件/免征目录/mf_batch19.docx,fafd1558aa0f21067847c19bdd0a95c79b919737be7b07b87c4538107fb2b8e3,False,False,False,False
RG3EV4WD,2,2,1,both,2,0,[],"[""5""]","[""CATC""]","[""625""]","[""625""]","[""16.3""]","[""16.3""]","[""2302""]","[{""eleEquivalentFuelConsumption"": ""1.87"", ""powerConsumption"": ""16.3"", ""runingRange"": ""625"", ""workConditionType"": ""CATC""}]",True,[],False,False,False,"[""2022-10-17""]","[""2024-06-26"", ""2024-07-03""]","[""按照新标准更新数据"", ""根据新标准要求更新数据""]",old-53-Word97--0-2,原件/免征目录/mf_batch53.doc,a1f426ff77c80bce4d153fbfb6d01a7b6c6c87539f52ac4643edb7b060e21d2a,False,False,False,False
RSETRONGTFWSBL1WQ6C0,0,0,0,not_in_observed_filtered_views,0,0,[],[],[],[],[],[],[],[],[],False,[],False,False,False,[],[],[],old-59-Word97--0-7,原件/免征目录/mf_batch59.doc,32738e2df847e0c74ff96d48b8a13e1dd9c31aee84b7c0a633e2d9c8a3e01f86,False,False,False,False
RX6490SEV01,0,0,1,old_only,0,0,[],[],"[""CATC""]",[],"[""320""]",[],"[""17.56""]",[],"[{""eleEquivalentFuelConsumption"": ""1.99"", ""powerConsumption"": ""17.56"", ""runingRange"": ""320"", ""workConditionType"": ""CATC""}]",True,[],False,False,False,[],[],[],old-46-Word97--0-47,原件/免征目录/mf_batch46.doc,a4b2048b3d5c29a8969f0348e9fd19a3293f0c23e6f37a48bf42a2ed70c7d37d,False,False,False,False
RX6490SEV02,0,0,6,old_only,0,0,[],[],"[""CATC""]",[],"[""415""]",[],"[""17.6""]",[],"[{""eleEquivalentFuelConsumption"": ""1.99"", ""powerConsumption"": ""17.6"", ""runingRange"": ""415"", ""workConditionType"": ""CATC""}]",True,[],False,False,False,[],[],[],old-48-Word97--0-37,原件/免征目录/mf_batch48.doc,ee5aa19736215cfcb3b76ffff90bcd0d9108c61758ccb756f7d4ad17e75a835c,False,False,False,False
S100D5,0,0,0,not_in_observed_filtered_views,0,0,[],[],[],[],[],[],[],[],[],False,[],False,False,False,[],[],[],old-26-DOCX--0-72,原件/免征目录/mf_batch26.docx,de0890335ef3a4f1302a8a0735ec8b6aed52e994e2635db481820060d62248b5,False,False,False,False
S75D5,0,0,0,not_in_observed_filtered_views,0,0,[],[],[],[],[],[],[],[],[],False,[],False,False,False,[],[],[],old-26-DOCX--0-73,原件/免征目录/mf_batch26.docx,de0890335ef3a4f1302a8a0735ec8b6aed52e994e2635db481820060d62248b5,False,False,False,False
SC6388AVBEV,0,0,0,not_in_observed_filtered_views,0,0,[],[],[],[],[],[],[],[],[],False,[],False,False,False,[],[],[],old-10-PDF-grid-3-0-10,原件/免征目录/mf_batch10.pdf,ac1b1ad2605b4f24762fb1f01cea64b685393577d01648618fa1882bb5700ac3,False,False,False,False
SC6388BVBEV,0,0,0,not_in_observed_filtered_views,0,0,[],[],[],[],[],[],[],[],[],False,[],False,False,False,[],[],[],old-10-PDF-grid-3-0-12,原件/免征目录/mf_batch10.pdf,ac1b1ad2605b4f24762fb1f01cea64b685393577d01648618fa1882bb5700ac3,False,False,False,False
SC6388CVBEV,0,0,0,not_in_observed_filtered_views,0,0,[],[],[],[],[],[],[],[],[],False,[],False,False,False,[],[],[],old-14-Word97--0-27,原件/免征目录/mf_batch14.docx,6a48764b5ccb7c4ffa6f54daa44d3a42095b8a981fc982e774ddaaded41e9921,False,False,False,False
SC6443NBEV,0,0,0,not_in_observed_filtered_views,0,0,[],[],[],[],[],[],[],[],[],False,[],False,False,False,[],[],[],old-17-PDF-grid-2-0-6,原件/免征目录/mf_batch17.pdf,577a4ba9c586fe08565f6a60e6de5474698031566d8dcef484cd44335879e334,False,False,False,False
SC6443PAABEV,0,0,2,old_only,0,0,[],[],"[""NEDC""]",[],"[""245""]",[],"[""13.5"", null]",[],"[{""eleEquivalentFuelConsumption"": ""1.53 "", ""runingRange"": ""245"", ""workConditionType"": ""NEDC""}, {""eleEquivalentFuelConsumption"": ""1.66"", ""powerConsumption"": ""13.5"", ""runingRange"": ""245"", ""workConditionType"": ""NEDC""}]",True,"[""multiple_old_consumption_raw_values""]",False,False,False,[],[],[],old-37-Word97--0-29,原件/免征目录/mf_batch37.doc,136057faede292d8070763e326c8dbdcddf3790653cc6879a13758f91556881f,False,False,False,False
SC6453BAABEV,6,6,13,both,6,0,[],"[""6""]","[""NEDC""]","[""220"", ""300""]","[""220"", ""300""]","[""14.4"", ""19.0""]","[""14.4"", ""19"", ""19.0"", null]","[""1700""]","[{""eleEquivalentFuelConsumption"": ""1.6"", ""powerConsumption"": ""14.4"", ""runingRange"": ""300"", ""workConditionType"": ""NEDC""}, {""eleEquivalentFuelConsumption"": ""1.629"", ""runingRange"": ""300"", ""workConditionType"": ""NEDC""}, {""eleEquivalentFuelConsumption"": ""1.63"", ""powerConsumption"": ""14.4"", ""runingRange"": ""300"", ""workConditionType"": ""NEDC""}, {""eleEquivalentFuelConsumption"": ""2.1"", ""powerConsumption"": ""19"", ""runingRange"": ""220"", ""workConditionType"": ""NEDC""}, {""eleEquivalentFuelConsumption"": ""2.1"", ""powerConsumption"": ""19.0"", ""runingRange"": ""220"", ""workConditionType"": ""NEDC""}, {""eleEquivalentFuelConsumption"": ""2.104"", ""runingRange"": ""220"", ""workConditionType"": ""NEDC""}, {""eleEquivalentFuelConsumption"": ""2.15"", ""powerConsumption"": ""19.0"", ""runingRange"": ""220"", ""workConditionType"": ""NEDC""}]",True,"[""multiple_new_range_raw_values"", ""multiple_old_range_raw_values"", ""multiple_new_consumption_raw_values"", ""multiple_old_consumption_raw_values"", ""new_old_consumption_raw_value_sets_differ_units_not_normalized""]",False,False,False,"[""2022-10-10"", ""2024-02-04""]","[""2024-08-28""]","[""新标准切换""]",old-28-Word97--0-6,原件/免征目录/mf_batch28.doc,dfe1b301a5e8373e94e0e4a2fccee3d258c56bb662e4928764a71274142acd72,False,False,False,False
SC6453BABBEV,2,2,2,both,2,0,[],"[""5""]","[""CATC""]","[""260""]","[""260""]","[""15.7""]","[""15.7""]","[""1590""]","[{""eleEquivalentFuelConsumption"": ""1.78"", ""powerConsumption"": ""15.7"", ""runingRange"": ""260"", ""workConditionType"": ""CATC""}]",True,[],False,False,False,"[""2022-10-10""]","[""2024-08-21""]","[""新标准切换""]",old-50-Word97--0-27,原件/免征目录/mf_batch50.doc,3810672d92621612507384960254de602e629e75a308df22ee2291519445095e,False,False,False,False
SC6453BBABEV,2,2,3,both,2,0,[],"[""5""]","[""CATC""]","[""260""]","[""260""]","[""15.4""]","[""15.4""]","[""1700""]","[{""eleEquivalentFuelConsumption"": ""1.74"", ""powerConsumption"": ""15.4"", ""runingRange"": ""260"", ""workConditionType"": ""CATC""}]",True,[],False,False,False,"[""2024-02-04""]","[""2024-08-28""]","[""新标准切换""]",old-55-Word97--0-19,原件/免征目录/mf_batch55.doc,0457d0430e9e7f114c91341a715405c3933dd4783762cd74b9871e4918ba887f,False,False,False,False
SC6453BBBBEV,2,2,5,both,2,0,[],"[""5""]","[""CATC""]","[""270""]","[""270""]","[""14.8""]","[""14.8""]","[""1560""]","[{""eleEquivalentFuelConsumption"": ""1.67"", ""powerConsumption"": ""14.8"", ""runingRange"": ""270"", ""workConditionType"": ""CATC""}]",True,[],False,False,False,"[""2024-02-04""]","[""2024-08-21""]","[""新标准切换""]",old-55-Word97--0-20,原件/免征目录/mf_batch55.doc,0457d0430e9e7f114c91341a715405c3933dd4783762cd74b9871e4918ba887f,False,False,False,False
SC6458ACBEV,0,0,0,not_in_observed_filtered_views,0,0,[],[],[],[],[],[],[],[],[],False,[],False,False,False,[],[],[],old-15-PDF-grid-2-0-3,原件/免征目录/mf_batch15.pdf,bbb3b1e38c535c13d6ef1bc1f4105509476c91a7e63723dc7a70e372904d90f4,False,False,False,False
SC6458AGBEV,0,0,0,not_in_observed_filtered_views,0,0,[],[],[],[],[],[],[],[],[],False,[],False,False,False,[],[],[],old-20-DOCX--0-85,原件/免征目录/mf_batch20.docx,374d3f87551d75d1c163e76abb38f350ea93f8a2b8cad6174568c307d1cc0130,False,False,False,False
SC6458AHBEV,0,0,8,old_only,0,0,[],[],"[""NEDC""]",[],"[""402""]",[],"[""14.4""]",[],"[{""eleEquivalentFuelConsumption"": ""1.63"", ""powerConsumption"": ""14.4"", ""runingRange"": ""402"", ""workConditionType"": ""NEDC""}]",True,[],False,False,False,[],[],[],old-22-Word97--0-43,原件/免征目录/mf_batch22.doc,eaf3fc1e64742af85b3d4bc90388d0a93154a497fd6c1fb9bf73b857672e1212,False,False,False,False
SC6458AJBEV,0,0,0,not_in_observed_filtered_views,0,0,[],[],[],[],[],[],[],[],[],False,[],False,False,False,[],[],[],old-23-Word97--0-67,原件/免征目录/mf_batch23.docx,87f838de0da3ba5887f77b2bf5c1dbf5b427e7cef896309a7084c11dd8f5efa0,False,False,False,False
SC6458FAABEV,0,0,0,not_in_observed_filtered_views,0,0,[],[],[],[],[],[],[],[],[],False,[],False,False,False,[],[],[],old-24-Word97--4-18,原件/免征目录/mf_batch24.wps,07775a0cb063fe0fce5880b9378dd1eb2522b725d645cabdee314d604779939d,False,False,False,False
SC6458FAEBEV,0,0,0,not_in_observed_filtered_views,0,0,[],[],[],[],[],[],[],[],[],False,[],False,False,False,[],[],[],old-46-Word97--0-10,原件/免征目录/mf_batch46.doc,a4b2048b3d5c29a8969f0348e9fd19a3293f0c23e6f37a48bf42a2ed70c7d37d,False,False,False,False
SC6459ABEV,0,0,0,not_in_observed_filtered_views,0,0,[],[],[],[],[],[],[],[],[],False,[],False,False,False,[],[],[],old-17-PDF-grid-2-0-7,原件/免征目录/mf_batch17.pdf,577a4ba9c586fe08565f6a60e6de5474698031566d8dcef484cd44335879e334,False,False,False,False
SC6471EAEBEV,1,1,3,both,1,0,[],"[""5""]","[""CATC""]","[""520""]","[""520""]","[""14.2""]","[""14.2""]","[""1950""]","[{""eleEquivalentFuelConsumption"": ""1.61"", ""powerConsumption"": ""14.2"", ""runingRange"": ""520"", ""workConditionType"": ""CATC""}]",True,[],False,False,False,"[""2023-04-17""]","[""2024-07-05""]","[""GB 22757.2-2023《轻型汽车能源消耗量标识 第2部分：可外接充电式混合动力电动汽车和纯电动汽车》标准实施，新能耗标识切换。""]",old-62-Word97--0-57,原件/免征目录/mf_batch62.doc,7694ac7207998b6af7c895cdd2c1d752421df436d4b28f83195261dd47f6509c,False,False,False,False
SC6478AABBEV,0,0,12,old_only,0,0,[],[],"[""CATC"", ""NEDC""]",[],"[""401"", ""405""]",[],"[""15.4"", ""16 ""]",[],"[{""eleEquivalentFuelConsumption"": ""1.74"", ""powerConsumption"": ""15.4"", ""runingRange"": ""401"", ""workConditionType"": ""CATC""}, {""eleEquivalentFuelConsumption"": ""1.80 "", ""powerConsumption"": ""16 "", ""runingRange"": ""405"", ""workConditionType"": ""NEDC""}]",True,"[""multiple_old_cycle_codes"", ""multiple_old_range_raw_values"", ""multiple_old_consumption_raw_values""]",False,False,True,[],[],[],old-27-Word97--0-36,原件/免征目录/mf_batch27.doc,2bd67cf7e1efc03ae93942d0d340ffef87478709520383b6ee4d08baf843ead1,False,False,False,False
SC6483AAABEV,2,2,3,both,2,0,[],"[""6""]","[""NEDC""]","[""260""]","[""260""]","[""15.9""]","[""15.9""]","[""1660""]","[{""eleEquivalentFuelConsumption"": ""1.8"", ""powerConsumption"": ""15.9"", ""runingRange"": ""260"", ""workConditionType"": ""NEDC""}, {""eleEquivalentFuelConsumption"": ""1.80"", ""powerConsumption"": ""15.9"", ""runingRange"": ""260"", ""workConditionType"": ""NEDC""}]",True,[],False,False,False,"[""2022-03-08""]","[""2024-08-22""]","[""新标准切换""]",old-45-Word97--0-17,原件/免征目录/mf_batch45.doc,56f5e7c5fd36e990024f8121006a76da260361f4e4660846e78255d007126f7a,False,False,False,False
SC6483ABABEV,2,2,5,both,2,0,[],"[""5""]","[""CATC""]","[""270""]","[""270""]","[""14.8""]","[""14.8""]","[""1610""]","[{""eleEquivalentFuelConsumption"": ""1.67"", ""powerConsumption"": ""14.8"", ""runingRange"": ""270"", ""workConditionType"": ""CATC""}]",True,[],False,False,False,"[""2023-05-09""]","[""2024-08-22""]","[""新标准切换""]",old-55-Word97--0-18,原件/免征目录/mf_batch55.doc,0457d0430e9e7f114c91341a715405c3933dd4783762cd74b9871e4918ba887f,False,False,False,False
SC6483ABBBEV,2,2,3,both,2,0,[],"[""5""]","[""CATC""]","[""260""]","[""260""]","[""15.4""]","[""15.4""]","[""1630""]","[{""eleEquivalentFuelConsumption"": ""1.74"", ""powerConsumption"": ""15.4"", ""runingRange"": ""260"", ""workConditionType"": ""CATC""}]",True,[],False,False,False,"[""2023-05-09""]","[""2024-08-28""]","[""新标准切换""]",old-55-Word97--0-17,原件/免征目录/mf_batch55.doc,0457d0430e9e7f114c91341a715405c3933dd4783762cd74b9871e4918ba887f,False,False,False,False
SC6484AAABEV,0,0,1,old_only,0,0,[],[],"[""NEDC""]",[],"[""401""]",[],"[""16 ""]",[],"[{""eleEquivalentFuelConsumption"": ""1.80 "", ""powerConsumption"": ""16 "", ""runingRange"": ""401"", ""workConditionType"": ""NEDC""}]",True,[],False,False,False,[],[],[],old-30-Word97--0-78,原件/免征目录/mf_batch30.doc,e7fa3b47858ec2035b8055bc15be00b2b26920a5e8d3cad481058a80b92ead24,False,False,False,False
SC6491EBABEV,0,0,8,old_only,0,0,[],[],"[""CATC""]",[],"[""600""]",[],"[""16.60""]",[],"[{""eleEquivalentFuelConsumption"": ""1.88"", ""powerConsumption"": ""16.60"", ""runingRange"": ""600"", ""workConditionType"": ""CATC""}]",True,[],False,False,False,[],[],[],old-53-Word97--0-33,原件/免征目录/mf_batch53.doc,a1f426ff77c80bce4d153fbfb6d01a7b6c6c87539f52ac4643edb7b060e21d2a,False,False,False,False
SC6491EBBBEV,0,0,16,old_only,0,0,[],[],"[""CATC""]",[],"[""730""]",[],"[""17.5""]",[],"[{""eleEquivalentFuelConsumption"": ""1.98"", ""powerConsumption"": ""17.5"", ""runingRange"": ""730"", ""workConditionType"": ""CATC""}]",True,[],False,False,False,[],[],[],old-56-Word97--0-44,原件/免征目录/mf_batch56.doc,cbffdc0819640e8f18c11a2a277b26b2e043c81406533457ff225f4df1c6c068,False,False,False,False
SC6491EBCBEV,0,0,16,old_only,0,0,[],[],"[""CATC""]",[],"[""555""]",[],"[""18.03""]",[],"[{""eleEquivalentFuelConsumption"": ""2.04"", ""powerConsumption"": ""18.03"", ""runingRange"": ""555"", ""workConditionType"": ""CATC""}]",True,[],False,False,False,[],[],[],old-56-Word97--0-43,原件/免征目录/mf_batch56.doc,cbffdc0819640e8f18c11a2a277b26b2e043c81406533457ff225f4df1c6c068,False,False,False,False
SC6491EBEBEV,0,0,16,old_only,0,0,[],[],"[""CATC""]",[],"[""680""]",[],"[""19.03""]",[],"[{""eleEquivalentFuelConsumption"": ""2.15"", ""powerConsumption"": ""19.03"", ""runingRange"": ""680"", ""workConditionType"": ""CATC""}]",True,[],False,False,False,[],[],[],old-57-Word97--0-43,原件/免征目录/mf_batch57.doc,96d9708a19952b23d71fc40e9976a33ae30ca118226a032954a93ab36f355f21,False,False,False,False
SC6491ECABEV,0,0,16,old_only,0,0,[],[],"[""CATC""]",[],"[""705""]",[],"[""18.35""]",[],"[{""eleEquivalentFuelConsumption"": ""2.08"", ""powerConsumption"": ""18.35"", ""runingRange"": ""705"", ""workConditionType"": ""CATC""}]",True,[],False,False,False,[],[],[],old-59-Word97--0-65,原件/免征目录/mf_batch59.doc,32738e2df847e0c74ff96d48b8a13e1dd9c31aee84b7c0a633e2d9c8a3e01f86,False,False,False,False
SC6491ECBBEV,0,0,4,old_only,0,0,[],[],"[""CATC""]",[],"[""600""]",[],"[""17.1""]",[],"[{""eleEquivalentFuelConsumption"": ""1.93"", ""powerConsumption"": ""17.1"", ""runingRange"": ""600"", ""workConditionType"": ""CATC""}]",True,[],False,False,False,[],[],[],old-61-Word97--0-55,原件/免征目录/mf_batch61.doc,d360a77695ccf20f3c17a354a1dd02fc846a7ae8bd18b41492515881a7240b72,False,False,False,False
SC6491ECFBEV,2,2,8,both,2,0,[],"[""5""]","[""CATC""]","[""630""]","[""630""]","[""16.7""]","[""16.7"", ""167""]","[""2160""]","[{""eleEquivalentFuelConsumption"": ""1.89"", ""powerConsumption"": ""16.7"", ""runingRange"": ""630"", ""workConditionType"": ""CATC""}, {""eleEquivalentFuelConsumption"": ""1.89"", ""powerConsumption"": ""167"", ""runingRange"": ""630"", ""workConditionType"": ""CATC""}]",True,"[""multiple_old_consumption_raw_values"", ""new_old_consumption_raw_value_sets_differ_units_not_normalized""]",False,False,False,"[""2023-12-12""]","[""2024-07-04""]","[""新标准切换""]",old-69-Word97--0-64,原件/免征目录/mf_batch69.doc,357d61a16c94488c9fdd761f393edb7029b05394ab06117abaebcba1a1e45546,False,False,False,False
SC6491ECGBEV,4,4,16,both,4,0,[],"[""5""]","[""CATC""]","[""580""]","[""580""]","[""17.6""]","[""17.6"", ""176""]","[""2280"", ""2346""]","[{""eleEquivalentFuelConsumption"": ""1.99"", ""powerConsumption"": ""17.6"", ""runingRange"": ""580"", ""workConditionType"": ""CATC""}, {""eleEquivalentFuelConsumption"": ""1.99"", ""powerConsumption"": ""176"", ""runingRange"": ""580"", ""workConditionType"": ""CATC""}]",True,"[""multiple_old_consumption_raw_values"", ""multiple_new_curb_mass_raw_values"", ""new_old_consumption_raw_value_sets_differ_units_not_normalized""]",False,False,False,"[""2023-12-12""]","[""2024-07-08""]","[""新标准切换""]",old-69-Word97--0-67,原件/免征目录/mf_batch69.doc,357d61a16c94488c9fdd761f393edb7029b05394ab06117abaebcba1a1e45546,False,False,False,False
SC6491ECHBEV,4,4,16,both,4,0,[],"[""5""]","[""CATC""]","[""730""]","[""730""]","[""17.9""]","[""17.9"", ""179""]","[""2240"", ""2280""]","[{""eleEquivalentFuelConsumption"": ""2.02"", ""powerConsumption"": ""17.9"", ""runingRange"": ""730"", ""workConditionType"": ""CATC""}, {""eleEquivalentFuelConsumption"": ""2.02"", ""powerConsumption"": ""179"", ""runingRange"": ""730"", ""workConditionType"": ""CATC""}]",True,"[""multiple_old_consumption_raw_values"", ""multiple_new_curb_mass_raw_values"", ""new_old_consumption_raw_value_sets_differ_units_not_normalized""]",False,False,False,"[""2023-12-12""]","[""2024-07-09""]","[""新标准切换""]",old-69-Word97--0-66,原件/免征目录/mf_batch69.doc,357d61a16c94488c9fdd761f393edb7029b05394ab06117abaebcba1a1e45546,False,False,False,False
SC6491ECJBEV,4,4,16,both,4,0,[],"[""5""]","[""CATC""]","[""700""]","[""700""]","[""18.5""]","[""18.5"", ""185""]","[""2365"", ""2425""]","[{""eleEquivalentFuelConsumption"": ""2.09"", ""powerConsumption"": ""18.5"", ""runingRange"": ""700"", ""workConditionType"": ""CATC""}, {""eleEquivalentFuelConsumption"": ""2.09"", ""powerConsumption"": ""185"", ""runingRange"": ""700"", ""workConditionType"": ""CATC""}]",True,"[""multiple_old_consumption_raw_values"", ""multiple_new_curb_mass_raw_values"", ""new_old_consumption_raw_value_sets_differ_units_not_normalized""]",False,False,False,"[""2023-12-12""]","[""2024-07-08""]","[""新标准切换""]",old-69-Word97--0-65,原件/免征目录/mf_batch69.doc,357d61a16c94488c9fdd761f393edb7029b05394ab06117abaebcba1a1e45546,False,False,False,False
SC7001AAABEV,0,0,6,old_only,0,0,[],[],"[""CATC"", ""NEDC""]",[],"[""310""]",[],"[""10.6"", ""11 ""]",[],"[{""eleEquivalentFuelConsumption"": ""1.20 "", ""powerConsumption"": ""11 "", ""runingRange"": ""310"", ""workConditionType"": ""NEDC""}, {""eleEquivalentFuelConsumption"": ""1.20"", ""powerConsumption"": ""10.6"", ""runingRange"": ""310"", ""workConditionType"": ""CATC""}, {""eleEquivalentFuelConsumption"": ""1.20"", ""powerConsumption"": ""10.6"", ""runingRange"": ""310"", ""workConditionType"": ""NEDC""}]",True,"[""multiple_old_cycle_codes"", ""multiple_old_consumption_raw_values""]",False,False,True,[],[],[],old-27-Word97--0-37,原件/免征目录/mf_batch27.doc,2bd67cf7e1efc03ae93942d0d340ffef87478709520383b6ee4d08baf843ead1,False,False,False,False
SC7001ABABEV,0,0,3,old_only,0,0,[],[],"[""CATC"", ""NEDC""]",[],"[""310""]",[],"[""10 "", ""10.5""]",[],"[{""eleEquivalentFuelConsumption"": ""1.19"", ""powerConsumption"": ""10.5"", ""runingRange"": ""310"", ""workConditionType"": ""CATC""}, {""eleEquivalentFuelConsumption"": ""1.20 "", ""powerConsumption"": ""10 "", ""runingRange"": ""310"", ""workConditionType"": ""NEDC""}]",True,"[""multiple_old_cycle_codes"", ""multiple_old_consumption_raw_values""]",False,False,True,[],[],[],old-37-Word97--0-38,原件/免征目录/mf_batch37.doc,136057faede292d8070763e326c8dbdcddf3790653cc6879a13758f91556881f,False,False,False,False
SC7001ABBBEV,0,0,1,old_only,0,0,[],[],"[""NEDC""]",[],"[""310""]",[],"[""10 ""]",[],"[{""eleEquivalentFuelConsumption"": ""1.20 "", ""powerConsumption"": ""10 "", ""runingRange"": ""310"", ""workConditionType"": ""NEDC""}]",True,[],False,False,False,[],[],[],old-38-Word97--0-21,原件/免征目录/mf_batch38.doc,7c9def45fe5c40e4c5ffb483a1d1efd383c12cb16a5c4ba021d4ce28384776de,False,False,False,False
SC7001ABCBEV,0,0,3,old_only,0,0,[],[],"[""CATC"", ""NEDC""]",[],"[""301""]",[],"[""11 "", ""11.3""]",[],"[{""eleEquivalentFuelConsumption"": ""1.28"", ""powerConsumption"": ""11.3"", ""runingRange"": ""301"", ""workConditionType"": ""CATC""}, {""eleEquivalentFuelConsumption"": ""1.30 "", ""powerConsumption"": ""11 "", ""runingRange"": ""301"", ""workConditionType"": ""NEDC""}]",True,"[""multiple_old_cycle_codes"", ""multiple_old_consumption_raw_values""]",False,False,True,[],[],[],old-38-Word97--0-3,原件/免征目录/mf_batch38.doc,7c9def45fe5c40e4c5ffb483a1d1efd383c12cb16a5c4ba021d4ce28384776de,False,False,False,False
SC7001ABDBEV,0,0,3,old_only,0,0,[],[],"[""CATC"", ""NEDC""]",[],"[""301""]",[],"[""11 "", ""11.3""]",[],"[{""eleEquivalentFuelConsumption"": ""1.28"", ""powerConsumption"": ""11.3"", ""runingRange"": ""301"", ""workConditionType"": ""CATC""}, {""eleEquivalentFuelConsumption"": ""1.30 "", ""powerConsumption"": ""11 "", ""runingRange"": ""301"", ""workConditionType"": ""NEDC""}]",True,"[""multiple_old_cycle_codes"", ""multiple_old_consumption_raw_values""]",False,False,True,[],[],[],old-38-Word97--0-5,原件/免征目录/mf_batch38.doc,7c9def45fe5c40e4c5ffb483a1d1efd383c12cb16a5c4ba021d4ce28384776de,False,False,False,False
SC7001ABEBEV,0,0,2,old_only,0,0,[],[],"[""NEDC""]",[],"[""150""]",[],"[""11 "", ""11.3""]",[],"[{""eleEquivalentFuelConsumption"": ""1.3"", ""powerConsumption"": ""11.3"", ""runingRange"": ""150"", ""workConditionType"": ""NEDC""}, {""eleEquivalentFuelConsumption"": ""1.30 "", ""powerConsumption"": ""11 "", ""runingRange"": ""150"", ""workConditionType"": ""NEDC""}]",True,"[""multiple_old_consumption_raw_values""]",False,False,False,[],[],[],old-41-Word97--0-5,原件/免征目录/mf_batch41.doc,ba4634c0877ebf99f8e462013e4a07e40f57478a4aaf921801a6c85a49c42b7f,False,False,False,False
SC7001ABFBEV,0,0,6,old_only,0,0,[],[],"[""CATC"", ""NEDC""]",[],"[""301""]",[],"[""11 "", ""11.3""]",[],"[{""eleEquivalentFuelConsumption"": ""1.28"", ""powerConsumption"": ""11.3"", ""runingRange"": ""301"", ""workConditionType"": ""CATC""}, {""eleEquivalentFuelConsumption"": ""1.30 "", ""powerConsumption"": ""11 "", ""runingRange"": ""301"", ""workConditionType"": ""NEDC""}]",True,"[""multiple_old_cycle_codes"", ""multiple_old_consumption_raw_values""]",False,False,True,[],[],[],old-42-Word97--0-9,原件/免征目录/mf_batch42.doc,fef4fd8ea19d773d368642e51a4bdb24c148530251a2240be4ff1358d5d41fab,False,False,False,False
SC7001ABGBEV,0,0,3,old_only,0,0,[],[],"[""CATC"", ""NEDC""]",[],"[""301""]",[],"[""11 "", ""11.3""]",[],"[{""eleEquivalentFuelConsumption"": ""1.28"", ""powerConsumption"": ""11.3"", ""runingRange"": ""301"", ""workConditionType"": ""CATC""}, {""eleEquivalentFuelConsumption"": ""1.30 "", ""powerConsumption"": ""11 "", ""runingRange"": ""301"", ""workConditionType"": ""NEDC""}]",True,"[""multiple_old_cycle_codes"", ""multiple_old_consumption_raw_values""]",False,False,True,[],[],[],old-41-Word97--0-6,原件/免征目录/mf_batch41.doc,ba4634c0877ebf99f8e462013e4a07e40f57478a4aaf921801a6c85a49c42b7f,False,False,False,False
SC7001ABHBEV,0,0,5,old_only,0,0,[],[],"[""CATC"", ""NEDC""]",[],"[""310""]",[],"[""10.5"", ""10.6"", ""11 ""]",[],"[{""eleEquivalentFuelConsumption"": ""1.19"", ""powerConsumption"": ""10.5"", ""runingRange"": ""310"", ""workConditionType"": ""CATC""}, {""eleEquivalentFuelConsumption"": ""1.20 "", ""powerConsumption"": ""11 "", ""runingRange"": ""310"", ""workConditionType"": ""NEDC""}, {""eleEquivalentFuelConsumption"": ""1.20"", ""powerConsumption"": ""10.6"", ""runingRange"": ""310"", ""workConditionType"": ""CATC""}]",True,"[""multiple_old_cycle_codes"", ""multiple_old_consumption_raw_values""]",False,False,True,[],[],[],old-42-Word97--0-12,原件/免征目录/mf_batch42.doc,fef4fd8ea19d773d368642e51a4bdb24c148530251a2240be4ff1358d5d41fab,False,False,False,False
SC7001ADBEV,0,0,0,not_in_observed_filtered_views,0,0,[],[],[],[],[],[],[],[],[],False,[],False,False,False,[],[],[],old-09-PDF-grid-3-0-23,原件/免征目录/mf_batch09.pdf,7eea7200c04fefec34f6ae6db5a1bae77f82a534348f266e95575cae051c8c8c,False,False,False,False
SC7001AEBEV,0,0,0,not_in_observed_filtered_views,0,0,[],[],[],[],[],[],[],[],[],False,[],False,False,False,[],[],[],old-09-PDF-grid-3-0-24,原件/免征目录/mf_batch09.pdf,7eea7200c04fefec34f6ae6db5a1bae77f82a534348f266e95575cae051c8c8c,False,False,False,False
SC7001AGBEV,0,0,0,not_in_observed_filtered_views,0,0,[],[],[],[],[],[],[],[],[],False,[],False,False,False,[],[],[],old-12-PDF-grid-2-0-27,原件/免征目录/mf_batch12.pdf,afbd7133ccf901dbdc065b2ff80768450dc901def8d216cf5bb87baa98f7a1e2,False,False,False,False
SC7001AKBEV,0,0,0,not_in_observed_filtered_views,0,0,[],[],[],[],[],[],[],[],[],False,[],False,False,False,[],[],[],old-12-PDF-grid-2-0-28,原件/免征目录/mf_batch12.pdf,afbd7133ccf901dbdc065b2ff80768450dc901def8d216cf5bb87baa98f7a1e2,False,False,False,False
SC7001ATBEV,0,0,0,not_in_observed_filtered_views,0,0,[],[],[],[],[],[],[],[],[],False,[],False,False,False,[],[],[],old-19-DOCX--0-61,原件/免征目录/mf_batch19.docx,fafd1558aa0f21067847c19bdd0a95c79b919737be7b07b87c4538107fb2b8e3,False,False,False,False
SC7001BABEV,0,0,2,old_only,0,0,[],[],"[""NEDC""]",[],"[""205""]",[],"[""9.8""]",[],"[{""eleEquivalentFuelConsumption"": ""1.11"", ""powerConsumption"": ""9.8"", ""runingRange"": ""205"", ""workConditionType"": ""NEDC""}]",True,[],False,False,False,[],[],[],old-19-DOCX--0-62,原件/免征目录/mf_batch19.docx,fafd1558aa0f21067847c19bdd0a95c79b919737be7b07b87c4538107fb2b8e3,False,False,False,False
SC7001CAABEV,0,0,0,not_in_observed_filtered_views,0,0,[],[],[],[],[],[],[],[],[],False,[],False,False,False,[],[],[],old-10-PDF-grid-3-0-11,原件/免征目录/mf_batch10.pdf,ac1b1ad2605b4f24762fb1f01cea64b685393577d01648618fa1882bb5700ac3,False,False,False,False
SC7001CABBEV,0,0,0,not_in_observed_filtered_views,0,0,[],[],[],[],[],[],[],[],[],False,[],False,False,False,[],[],[],old-10-PDF-grid-3-0-9,原件/免征目录/mf_batch10.pdf,ac1b1ad2605b4f24762fb1f01cea64b685393577d01648618fa1882bb5700ac3,False,False,False,False
SC7001FAABEV,0,0,2,old_only,0,0,[],[],"[""CATC""]",[],"[""155""]",[],"[""9.3""]",[],"[{""eleEquivalentFuelConsumption"": ""1.05"", ""powerConsumption"": ""9.3"", ""runingRange"": ""155"", ""workConditionType"": ""CATC""}]",True,[],False,False,False,[],[],[],old-53-Word97--0-35,原件/免征目录/mf_batch53.doc,a1f426ff77c80bce4d153fbfb6d01a7b6c6c87539f52ac4643edb7b060e21d2a,False,False,False,False
SC7001FACBEV,1,1,2,both,1,0,[],"[""5""]","[""CATC""]","[""210""]","[""210""]","[""9.7""]","[""9.7""]","[""840""]","[{""eleEquivalentFuelConsumption"": ""1.10"", ""powerConsumption"": ""9.7"", ""runingRange"": ""210"", ""workConditionType"": ""CATC""}]",True,[],False,False,False,[],"[""2024-09-11""]",[],old-53-Word97--0-34,原件/免征目录/mf_batch53.doc,a1f426ff77c80bce4d153fbfb6d01a7b6c6c87539f52ac4643edb7b060e21d2a,False,False,False,False
SC7001FADBEV,0,0,2,old_only,0,0,[],[],"[""CATC""]",[],"[""210""]",[],"[""9.7""]",[],"[{""eleEquivalentFuelConsumption"": ""1.10"", ""powerConsumption"": ""9.7"", ""runingRange"": ""210"", ""workConditionType"": ""CATC""}]",True,[],False,False,False,[],[],[],old-53-Word97--0-36,原件/免征目录/mf_batch53.doc,a1f426ff77c80bce4d153fbfb6d01a7b6c6c87539f52ac4643edb7b060e21d2a,False,False,False,False
SC7001FAEBEV,1,1,2,both,1,0,[],"[""5""]","[""CATC""]","[""210""]","[""210""]","[""9.7""]","[""9.7""]","[""840""]","[{""eleEquivalentFuelConsumption"": ""1.10"", ""powerConsumption"": ""9.7"", ""runingRange"": ""210"", ""workConditionType"": ""CATC""}]",True,[],False,False,False,[],"[""2024-09-11""]",[],old-54-Word97--0-54,原件/免征目录/mf_batch54.doc,e4ce106fc0fb21bc61cac40ff0de97e60dff2d18b5b7d24c494bb74873312fd7,False,False,False,False
SC7001FAKBEV,0,0,3,old_only,0,0,[],[],"[""CATC""]",[],"[""301""]",[],"[""10.7""]",[],"[{""eleEquivalentFuelConsumption"": ""1.10"", ""powerConsumption"": ""10.7"", ""runingRange"": ""301"", ""workConditionType"": ""CATC""}]",True,[],False,False,False,[],[],[],old-54-Word97--0-55,原件/免征目录/mf_batch54.doc,e4ce106fc0fb21bc61cac40ff0de97e60dff2d18b5b7d24c494bb74873312fd7,False,False,False,False
SC7001FALBEV,0,0,2,old_only,0,0,[],[],"[""CATC""]",[],"[""155""]",[],"[""9.3""]",[],"[{""eleEquivalentFuelConsumption"": ""1.05"", ""powerConsumption"": ""9.3"", ""runingRange"": ""155"", ""workConditionType"": ""CATC""}]",True,[],False,False,False,[],[],[],old-61-Word97--0-53,原件/免征目录/mf_batch61.doc,d360a77695ccf20f3c17a354a1dd02fc846a7ae8bd18b41492515881a7240b72,False,False,False,False
SC7001FAQBEV,4,4,2,both,4,0,[],"[""5""]","[""CATC""]","[""301""]","[""301""]","[""10.7""]","[""10.7""]","[""922""]","[{""eleEquivalentFuelConsumption"": ""1.21"", ""powerConsumption"": ""10.7"", ""runingRange"": ""301"", ""workConditionType"": ""CATC""}]",True,[],False,False,False,"[""2023-04-17""]","[""2024-09-02"", ""2024-09-27""]","[""新标准整改""]",old-61-Word97--0-54,原件/免征目录/mf_batch61.doc,d360a77695ccf20f3c17a354a1dd02fc846a7ae8bd18b41492515881a7240b72,False,False,False,False
SC7001FARBEV,0,0,2,old_only,0,0,[],[],"[""CATC""]",[],"[""205""]",[],"[""9.9"", ""99""]",[],"[{""eleEquivalentFuelConsumption"": ""1.12"", ""powerConsumption"": ""9.9"", ""runingRange"": ""205"", ""workConditionType"": ""CATC""}, {""eleEquivalentFuelConsumption"": ""1.12"", ""powerConsumption"": ""99"", ""runingRange"": ""205"", ""workConditionType"": ""CATC""}]",True,"[""multiple_old_consumption_raw_values""]",False,False,False,[],[],[],old-67-Word97--0-24,原件/免征目录/mf_batch67.doc,963a02fcc1f361414f4f003c6d63e00b178d0b962134ed2206c38978f3118101,False,False,False,False
SC7001FASBEV,1,1,2,both,1,0,[],"[""5""]","[""CATC""]","[""301""]","[""301""]","[""10.7""]","[""10.7"", ""107""]","[""930""]","[{""eleEquivalentFuelConsumption"": ""1.21"", ""powerConsumption"": ""10.7"", ""runingRange"": ""301"", ""workConditionType"": ""CATC""}, {""eleEquivalentFuelConsumption"": ""1.21"", ""powerConsumption"": ""107"", ""runingRange"": ""301"", ""workConditionType"": ""CATC""}]",True,"[""multiple_old_consumption_raw_values"", ""new_old_consumption_raw_value_sets_differ_units_not_normalized""]",False,False,False,"[""2023-09-13""]","[""2024-07-03""]","[""新标准切换""]",old-67-Word97--0-23,原件/免征目录/mf_batch67.doc,963a02fcc1f361414f4f003c6d63e00b178d0b962134ed2206c38978f3118101,False,False,False,False
SC7001FATBEV,0,0,2,old_only,0,0,[],[],"[""CATC""]",[],"[""205""]",[],"[""9.9"", ""99""]",[],"[{""eleEquivalentFuelConsumption"": ""1.12"", ""powerConsumption"": ""9.9"", ""runingRange"": ""205"", ""workConditionType"": ""CATC""}, {""eleEquivalentFuelConsumption"": ""1.12"", ""powerConsumption"": ""99"", ""runingRange"": ""205"", ""workConditionType"": ""CATC""}]",True,"[""multiple_old_consumption_raw_values""]",False,False,False,[],[],[],old-69-Word97--0-60,原件/免征目录/mf_batch69.doc,357d61a16c94488c9fdd761f393edb7029b05394ab06117abaebcba1a1e45546,False,False,False,False
SC7001FAUBEV,1,1,2,both,1,0,[],"[""5""]","[""CATC""]","[""301""]","[""301""]","[""10.7""]","[""10.7"", ""107""]","[""930""]","[{""eleEquivalentFuelConsumption"": ""1.21"", ""powerConsumption"": ""10.7"", ""runingRange"": ""301"", ""workConditionType"": ""CATC""}, {""eleEquivalentFuelConsumption"": ""1.21"", ""powerConsumption"": ""107"", ""runingRange"": ""301"", ""workConditionType"": ""CATC""}]",True,"[""multiple_old_consumption_raw_values"", ""new_old_consumption_raw_value_sets_differ_units_not_normalized""]",False,False,False,"[""2023-09-13""]","[""2024-09-24""]","[""新标准整改""]",old-69-Word97--0-61,原件/免征目录/mf_batch69.doc,357d61a16c94488c9fdd761f393edb7029b05394ab06117abaebcba1a1e45546,False,False,False,False
SC7001GAABEV,2,2,6,both,2,0,[],"[""5""]","[""CATC""]","[""650""]","[""650""]","[""16.0""]","[""16.0""]","[""2300"", ""2325""]","[{""eleEquivalentFuelConsumption"": ""1.81"", ""powerConsumption"": ""16.0"", ""runingRange"": ""650"", ""workConditionType"": ""CATC""}]",True,"[""multiple_new_curb_mass_raw_values""]",False,False,False,"[""2023-12-12""]","[""2024-07-08""]","[""新标准切换""]",old-68-Word97--0-28,原件/免征目录/mf_batch68.doc,58113d08377020d08de0aeb0e08ff63c4a4411dbe35ad69cfdd6f82fdf0fcc77,False,False,False,False
SC7001GBABEV,3,3,6,both,3,0,[],"[""5""]","[""CATC""]","[""700""]","[""700""]","[""15.0""]","[""15.0""]","[""2180"", ""2205""]","[{""eleEquivalentFuelConsumption"": ""1.70 "", ""powerConsumption"": ""15.0"", ""runingRange"": ""700"", ""workConditionType"": ""CATC""}, {""eleEquivalentFuelConsumption"": ""1.70"", ""powerConsumption"": ""15.0"", ""runingRange"": ""700"", ""workConditionType"": ""CATC""}]",True,"[""multiple_new_curb_mass_raw_values""]",False,False,False,"[""2023-12-12""]","[""2024-07-08"", ""2024-07-10""]","[""新标准切换""]",old-68-Word97--0-27,原件/免征目录/mf_batch68.doc,58113d08377020d08de0aeb0e08ff63c4a4411dbe35ad69cfdd6f82fdf0fcc77,False,False,False,False
SC7002AACBEV,0,0,0,not_in_observed_filtered_views,0,0,[],[],[],[],[],[],[],[],[],False,[],False,False,False,[],[],[],old-24-Word97--2-6,原件/免征目录/mf_batch24.wps,07775a0cb063fe0fce5880b9378dd1eb2522b725d645cabdee314d604779939d,False,False,False,False
SC7002BAABEV,0,0,0,not_in_observed_filtered_views,0,0,[],[],[],[],[],[],[],[],[],False,[],False,False,False,[],[],[],old-25-Word97--0-95,原件/免征目录/mf_batch25.wps,9d2abe319463522513fe9c90f98bb8d0a825b599267d0b3cc403cec9624b3297,False,False,False,False
SC7003AAABEV,0,0,0,not_in_observed_filtered_views,0,0,[],[],[],[],[],[],[],[],[],False,[],False,False,False,[],[],[],old-26-DOCX--0-65,原件/免征目录/mf_batch26.docx,de0890335ef3a4f1302a8a0735ec8b6aed52e994e2635db481820060d62248b5,False,False,False,False
SC7003AABBEV,0,0,8,old_only,0,0,[],[],"[""CATC"", ""NEDC""]",[],"[""405""]",[],"[""13 "", ""13.0""]",[],"[{""eleEquivalentFuelConsumption"": ""1.47 "", ""powerConsumption"": ""13 "", ""runingRange"": ""405"", ""workConditionType"": ""NEDC""}, {""eleEquivalentFuelConsumption"": ""1.47"", ""powerConsumption"": ""13.0"", ""runingRange"": ""405"", ""workConditionType"": ""CATC""}]",True,"[""multiple_old_cycle_codes"", ""multiple_old_consumption_raw_values""]",False,False,True,[],[],[],old-26-DOCX--0-66,原件/免征目录/mf_batch26.docx,de0890335ef3a4f1302a8a0735ec8b6aed52e994e2635db481820060d62248b5,False,False,False,False
SC7003AABEV,0,0,0,not_in_observed_filtered_views,0,0,[],[],[],[],[],[],[],[],[],False,[],False,False,False,[],[],[],old-06-PDF-grid-2-0-18,原件/免征目录/mf_batch06.pdf,df226dc3953484911afdd265072593abc08c9f66d52a1df7492e215ce15c9b54,False,False,False,False
SC7003AACBEV,0,0,8,old_only,0,0,[],[],"[""CATC"", ""NEDC""]",[],"[""405""]",[],"[""13"", ""13.0"", null]",[],"[{""eleEquivalentFuelConsumption"": ""1.47"", ""powerConsumption"": ""13.0"", ""runingRange"": ""405"", ""workConditionType"": ""CATC""}, {""eleEquivalentFuelConsumption"": ""1.5"", ""powerConsumption"": ""13"", ""runingRange"": ""405"", ""workConditionType"": ""NEDC""}, {""eleEquivalentFuelConsumption"": ""1.5"", ""powerConsumption"": ""13.0"", ""runingRange"": ""405"", ""workConditionType"": ""CATC""}, {""eleEquivalentFuelConsumption"": ""1.5"", ""runingRange"": ""405"", ""workConditionType"": ""NEDC""}]",True,"[""multiple_old_cycle_codes"", ""multiple_old_consumption_raw_values""]",False,False,True,[],[],[],old-33-Word97--0-46,原件/免征目录/mf_batch33.doc,ff98fbb1708c47cdcfc1e79e7a1647e72a7ae6d4255dce3b250d661001340c09,False,False,False,False
SC7003AAEBEV,0,0,0,not_in_observed_filtered_views,0,0,[],[],[],[],[],[],[],[],[],False,[],False,False,False,[],[],[],old-26-DOCX--0-67,原件/免征目录/mf_batch26.docx,de0890335ef3a4f1302a8a0735ec8b6aed52e994e2635db481820060d62248b5,False,False,False,False
SC7003AAFBEV,0,0,2,old_only,0,0,[],[],"[""NEDC""]",[],"[""405""]",[],"[""13""]",[],"[{""eleEquivalentFuelConsumption"": ""1.5"", ""powerConsumption"": ""13"", ""runingRange"": ""405"", ""workConditionType"": ""NEDC""}]",True,[],False,False,False,[],[],[],old-38-Word97--0-19,原件/免征目录/mf_batch38.doc,7c9def45fe5c40e4c5ffb483a1d1efd383c12cb16a5c4ba021d4ce28384776de,False,False,False,False
SC7003ABBEV,0,0,0,not_in_observed_filtered_views,0,0,[],[],[],[],[],[],[],[],[],False,[],False,False,False,[],[],[],old-09-PDF-grid-2-0-4,原件/免征目录/mf_batch09.pdf,7eea7200c04fefec34f6ae6db5a1bae77f82a534348f266e95575cae051c8c8c,False,False,False,False
SC7003ACBEV,0,0,0,not_in_observed_filtered_views,0,0,[],[],[],[],[],[],[],[],[],False,[],False,False,False,[],[],[],old-11-PDF-grid-2-0-11,原件/免征目录/mf_batch11.pdf,ec4f33e5e872841e6d1fa5d435793c285a15614ef2e64f39b9013389b5e51724,False,False,False,False
SC7003ADABEV,0,0,4,old_only,0,0,[],[],"[""NEDC""]",[],"[""425""]",[],"[""13 "", null]",[],"[{""eleEquivalentFuelConsumption"": ""1.5"", ""runingRange"": ""425"", ""workConditionType"": ""NEDC""}, {""eleEquivalentFuelConsumption"": ""1.50 "", ""powerConsumption"": ""13 "", ""runingRange"": ""425"", ""workConditionType"": ""NEDC""}]",True,"[""multiple_old_consumption_raw_values""]",False,False,False,[],[],[],old-28-Word97--0-14,原件/免征目录/mf_batch28.doc,dfe1b301a5e8373e94e0e4a2fccee3d258c56bb662e4928764a71274142acd72,False,False,False,False
SC7003AEBEV,0,0,8,old_only,0,0,[],[],"[""CATC"", ""NEDC""]",[],"[""405""]",[],"[""14 "", ""14.2""]",[],"[{""eleEquivalentFuelConsumption"": ""1.60"", ""powerConsumption"": ""14.2"", ""runingRange"": ""405"", ""workConditionType"": ""CATC""}, {""eleEquivalentFuelConsumption"": ""1.61 "", ""powerConsumption"": ""14 "", ""runingRange"": ""405"", ""workConditionType"": ""NEDC""}]",True,"[""multiple_old_cycle_codes"", ""multiple_old_consumption_raw_values""]",False,False,True,[],[],[],old-17-PDF-grid-3-0-4,原件/免征目录/mf_batch17.pdf,577a4ba9c586fe08565f6a60e6de5474698031566d8dcef484cd44335879e334,False,False,False,False
SC7003AEV,0,0,0,not_in_observed_filtered_views,0,0,[],[],[],[],[],[],[],[],[],False,[],False,False,False,[],[],[],old-03-PDF-grid-1-0-12,原件/免征目录/mf_batch03.pdf,1367fdf126160143cbeecaedf4a66b528d105bbfa58a06b2118487a2e05000a5,False,False,False,False
SC7003AGABEV,2,2,4,both,2,0,[],"[""5""]","[""CATC"", ""NEDC""]","[""401""]","[""401""]","[""13.0""]","[""13 "", ""13.0""]","[""1570"", ""1615""]","[{""eleEquivalentFuelConsumption"": ""1.47 "", ""powerConsumption"": ""13 "", ""runingRange"": ""401"", ""workConditionType"": ""NEDC""}, {""eleEquivalentFuelConsumption"": ""1.47"", ""powerConsumption"": ""13.0"", ""runingRange"": ""401"", ""workConditionType"": ""CATC""}]",True,"[""multiple_old_cycle_codes"", ""multiple_old_consumption_raw_values"", ""multiple_new_curb_mass_raw_values"", ""new_old_consumption_raw_value_sets_differ_units_not_normalized""]",False,False,True,"[""2023-08-15"", ""2024-09-18""]","[""2024-07-02"", ""2024-10-23""]","["" 新标准切换"", ""新标准切换""]",old-37-Word97--0-39,原件/免征目录/mf_batch37.doc,136057faede292d8070763e326c8dbdcddf3790653cc6879a13758f91556881f,False,False,False,False
SC7003AGBBEV,2,2,4,both,2,0,[],"[""5""]","[""CATC"", ""NEDC""]","[""365""]","[""365""]","[""12.3""]","[""12 "", ""12.3""]","[""1575"", ""1630""]","[{""eleEquivalentFuelConsumption"": ""1.39 "", ""powerConsumption"": ""12 "", ""runingRange"": ""365"", ""workConditionType"": ""NEDC""}, {""eleEquivalentFuelConsumption"": ""1.39"", ""powerConsumption"": ""12.3"", ""runingRange"": ""365"", ""workConditionType"": ""CATC""}]",True,"[""multiple_old_cycle_codes"", ""multiple_old_consumption_raw_values"", ""multiple_new_curb_mass_raw_values"", ""new_old_consumption_raw_value_sets_differ_units_not_normalized""]",False,False,True,"[""2023-08-15"", ""2024-09-18""]","[""2024-07-02"", ""2024-10-23""]","[""新标准切换"", ""新版本切换""]",old-38-Word97--0-4,原件/免征目录/mf_batch38.doc,7c9def45fe5c40e4c5ffb483a1d1efd383c12cb16a5c4ba021d4ce28384776de,False,False,False,False
SC7003AGCBEV,0,0,9,old_only,0,0,[],[],"[""CATC"", ""NEDC""]",[],"[""401""]",[],"[""13"", ""13.0"", null]",[],"[{""eleEquivalentFuelConsumption"": ""1.47"", ""powerConsumption"": ""13.0"", ""runingRange"": ""401"", ""workConditionType"": ""CATC""}, {""eleEquivalentFuelConsumption"": ""1.5"", ""powerConsumption"": ""13"", ""runingRange"": ""401"", ""workConditionType"": ""NEDC""}, {""eleEquivalentFuelConsumption"": ""1.5"", ""powerConsumption"": ""13.0"", ""runingRange"": ""401"", ""workConditionType"": ""CATC""}, {""eleEquivalentFuelConsumption"": ""1.5"", ""runingRange"": ""401"", ""workConditionType"": ""NEDC""}]",True,"[""multiple_old_cycle_codes"", ""multiple_old_consumption_raw_values""]",False,False,True,[],[],[],old-38-Word97--0-20,原件/免征目录/mf_batch38.doc,7c9def45fe5c40e4c5ffb483a1d1efd383c12cb16a5c4ba021d4ce28384776de,False,False,False,False
SC7003AGDBEV,0,0,9,old_only,0,0,[],[],"[""CATC"", ""NEDC""]",[],"[""365""]",[],"[""12.3"", null]",[],"[{""eleEquivalentFuelConsumption"": ""1.39"", ""powerConsumption"": ""12.3"", ""runingRange"": ""365"", ""workConditionType"": ""CATC""}, {""eleEquivalentFuelConsumption"": ""1.4"", ""powerConsumption"": ""12.3"", ""runingRange"": ""365"", ""workConditionType"": ""CATC""}, {""eleEquivalentFuelConsumption"": ""1.4"", ""powerConsumption"": ""12.3"", ""runingRange"": ""365"", ""workConditionType"": ""NEDC""}, {""eleEquivalentFuelConsumption"": ""1.4"", ""runingRange"": ""365"", ""workConditionType"": ""NEDC""}]",True,"[""multiple_old_cycle_codes"", ""multiple_old_consumption_raw_values""]",False,False,True,[],[],[],old-39-Word97--0-30,原件/免征目录/mf_batch39.doc,48158862f567d71b07ac0a7a60c2c3bc6d2bb44dd5a86290b0b809d757a9eb07,False,False,False,False
SC7003AGEBEV,1,1,7,both,1,0,[],"[""5""]","[""CATC"", ""NEDC""]","[""401""]","[""401""]","[""13.0""]","[""13 "", ""13.0"", ""130.0""]","[""1560""]","[{""eleEquivalentFuelConsumption"": ""1.47 "", ""powerConsumption"": ""13 "", ""runingRange"": ""401"", ""workConditionType"": ""NEDC""}, {""eleEquivalentFuelConsumption"": ""1.47"", ""powerConsumption"": ""13.0"", ""runingRange"": ""401"", ""workConditionType"": ""CATC""}, {""eleEquivalentFuelConsumption"": ""1.47"", ""powerConsumption"": ""130.0"", ""runingRange"": ""401"", ""workConditionType"": ""CATC""}]",True,"[""multiple_old_cycle_codes"", ""multiple_old_consumption_raw_values"", ""new_old_consumption_raw_value_sets_differ_units_not_normalized""]",False,False,True,"[""2023-08-15""]","[""2024-07-02""]","[""新标准切换""]",old-41-Word97--0-4,原件/免征目录/mf_batch41.doc,ba4634c0877ebf99f8e462013e4a07e40f57478a4aaf921801a6c85a49c42b7f,False,False,False,False
SC7003AGFBEV,0,0,9,old_only,0,0,[],[],"[""CATC"", ""NEDC""]",[],"[""401""]",[],"[""13"", ""13.0"", null]",[],"[{""eleEquivalentFuelConsumption"": ""1.47"", ""powerConsumption"": ""13.0"", ""runingRange"": ""401"", ""workConditionType"": ""CATC""}, {""eleEquivalentFuelConsumption"": ""1.5"", ""powerConsumption"": ""13"", ""runingRange"": ""401"", ""workConditionType"": ""NEDC""}, {""eleEquivalentFuelConsumption"": ""1.5"", ""powerConsumption"": ""13.0"", ""runingRange"": ""401"", ""workConditionType"": ""CATC""}, {""eleEquivalentFuelConsumption"": ""1.5"", ""runingRange"": ""401"", ""workConditionType"": ""NEDC""}]",True,"[""multiple_old_cycle_codes"", ""multiple_old_consumption_raw_values""]",False,False,True,[],[],[],old-41-Word97--0-25,原件/免征目录/mf_batch41.doc,ba4634c0877ebf99f8e462013e4a07e40f57478a4aaf921801a6c85a49c42b7f,False,False,False,False
SC7003AHBEV,0,0,0,not_in_observed_filtered_views,0,0,[],[],[],[],[],[],[],[],[],False,[],False,False,False,[],[],[],old-20-DOCX--0-86,原件/免征目录/mf_batch20.docx,374d3f87551d75d1c163e76abb38f350ea93f8a2b8cad6174568c307d1cc0130,False,False,False,False
SC7003ALBEV,0,0,0,not_in_observed_filtered_views,0,0,[],[],[],[],[],[],[],[],[],False,[],False,False,False,[],[],[],old-22-Word97--0-44,原件/免征目录/mf_batch22.doc,eaf3fc1e64742af85b3d4bc90388d0a93154a497fd6c1fb9bf73b857672e1212,False,False,False,False
SC7004CABEV,0,0,0,not_in_observed_filtered_views,0,0,[],[],[],[],[],[],[],[],[],False,[],False,False,False,[],[],[],old-12-PDF-grid-1-0-14,原件/免征目录/mf_batch12.pdf,afbd7133ccf901dbdc065b2ff80768450dc901def8d216cf5bb87baa98f7a1e2,False,False,False,False
SC7004CBBEV,0,0,0,not_in_observed_filtered_views,0,0,[],[],[],[],[],[],[],[],[],False,[],False,False,False,[],[],[],old-12-PDF-grid-2-0-29,原件/免征目录/mf_batch12.pdf,afbd7133ccf901dbdc065b2ff80768450dc901def8d216cf5bb87baa98f7a1e2,False,False,False,False
SC7004CCBEV,0,0,1,old_only,0,0,[],[],"[""NEDC""]",[],"[""401""]",[],"[""14 ""]",[],"[{""eleEquivalentFuelConsumption"": ""1.60 "", ""powerConsumption"": ""14 "", ""runingRange"": ""401"", ""workConditionType"": ""NEDC""}]",True,[],False,False,False,[],[],[],old-24-Word97--4-17,原件/免征目录/mf_batch24.wps,07775a0cb063fe0fce5880b9378dd1eb2522b725d645cabdee314d604779939d,False,False,False,False
SC7004DBBEV,0,0,0,not_in_observed_filtered_views,0,0,[],[],[],[],[],[],[],[],[],False,[],False,False,False,[],[],[],old-18-Word97--0-39,原件/免征目录/mf_batch18.doc,43f5426f7f80996ee11a894710d7229c743abf7ad69ba239f61075e0a9ddd37a,False,False,False,False
SC7005AABBEV,0,0,2,old_only,0,0,[],[],"[""NEDC""]",[],"[""605""]",[],"[""15 ""]",[],"[{""eleEquivalentFuelConsumption"": ""1.74 "", ""powerConsumption"": ""15 "", ""runingRange"": ""605"", ""workConditionType"": ""NEDC""}]",True,[],False,False,False,[],[],[],old-27-Word97--0-38,原件/免征目录/mf_batch27.doc,2bd67cf7e1efc03ae93942d0d340ffef87478709520383b6ee4d08baf843ead1,False,False,False,False
SC7005AACBEV,0,0,1,old_only,0,0,[],[],"[""NEDC""]",[],"[""403""]",[],"[""15 ""]",[],"[{""eleEquivalentFuelConsumption"": ""1.66 "", ""powerConsumption"": ""15 "", ""runingRange"": ""403"", ""workConditionType"": ""NEDC""}]",True,[],False,False,False,[],[],[],mf29-t0-r19,原件/mf_batch29.doc,8d24a01958cc6d44fa7826ecbb6a76869b9a0f2c98b97597d57af02932f2afaf,False,False,False,False
SC7005AADBEV,0,0,1,old_only,0,0,[],[],"[""NEDC""]",[],"[""403""]",[],"[""15 ""]",[],"[{""eleEquivalentFuelConsumption"": ""1.70 "", ""powerConsumption"": ""15 "", ""runingRange"": ""403"", ""workConditionType"": ""NEDC""}]",True,[],False,False,False,[],[],[],old-39-Word97--0-32,原件/免征目录/mf_batch39.doc,48158862f567d71b07ac0a7a60c2c3bc6d2bb44dd5a86290b0b809d757a9eb07,False,False,False,False
SC7005AAEBEV,0,0,1,old_only,0,0,[],[],"[""NEDC""]",[],"[""605""]",[],"[""15 ""]",[],"[{""eleEquivalentFuelConsumption"": ""1.70 "", ""powerConsumption"": ""15 "", ""runingRange"": ""605"", ""workConditionType"": ""NEDC""}]",True,[],False,False,False,[],[],[],old-39-Word97--0-31,原件/免征目录/mf_batch39.doc,48158862f567d71b07ac0a7a60c2c3bc6d2bb44dd5a86290b0b809d757a9eb07,False,False,False,False
SC7006AABBEV,5,5,18,both,5,0,[],"[""5""]","[""CATC""]","[""515""]","[""515""]","[""12.3""]","[""12.3""]","[""1725"", ""1750"", ""1790"", ""1810""]","[{""eleEquivalentFuelConsumption"": ""1.39"", ""powerConsumption"": ""12.3"", ""runingRange"": ""515"", ""workConditionType"": ""CATC""}]",True,"[""multiple_new_curb_mass_raw_values""]",False,False,False,"[""2024-05-31""]","[""2024-07-02"", ""2024-12-05""]","[""新版本切换""]",old-56-Word97--0-47,原件/免征目录/mf_batch56.doc,cbffdc0819640e8f18c11a2a277b26b2e043c81406533457ff225f4df1c6c068,False,False,False,False
SC7006AACBEV,5,5,6,both,5,0,[],"[""5""]","[""CATC""]","[""530""]","[""515""]","[""12.4"", ""12.8""]","[""12.9""]","[""1810"", ""1825"", ""1890""]","[{""eleEquivalentFuelConsumption"": ""1.46"", ""powerConsumption"": ""12.9"", ""runingRange"": ""515"", ""workConditionType"": ""CATC""}]",True,"[""multiple_new_consumption_raw_values"", ""multiple_new_curb_mass_raw_values"", ""new_old_range_raw_value_sets_differ"", ""new_old_consumption_raw_value_sets_differ_units_not_normalized""]",False,False,False,"[""2024-04-15"", ""2024-07-09""]","[""2024-07-02"", ""2024-08-07""]","[""新版本切换""]",old-56-Word97--0-45,原件/免征目录/mf_batch56.doc,cbffdc0819640e8f18c11a2a277b26b2e043c81406533457ff225f4df1c6c068,False,False,False,False
SC7006AAEBEV,4,4,16,both,4,0,[],"[""5""]","[""CATC""]","[""705""]","[""705""]","[""12.9""]","[""12.9""]","[""1870"", ""1895"", ""1935"", ""1955""]","[{""eleEquivalentFuelConsumption"": ""1.46"", ""powerConsumption"": ""12.9"", ""runingRange"": ""705"", ""workConditionType"": ""CATC""}]",True,"[""multiple_new_curb_mass_raw_values""]",False,False,False,"[""2024-04-15""]","[""2024-07-02""]","[""新版本切换""]",old-57-Word97--0-42,原件/免征目录/mf_batch57.doc,96d9708a19952b23d71fc40e9976a33ae30ca118226a032954a93ab36f355f21,False,False,False,False
SC7006AAFBEV,1,1,2,both,1,0,[],"[""5""]","[""CATC""]","[""515""]","[""515""]","[""12.3""]","[""12.3""]","[""1725""]","[{""eleEquivalentFuelConsumption"": ""1.39"", ""powerConsumption"": ""12.3"", ""runingRange"": ""515"", ""workConditionType"": ""CATC""}]",True,[],False,False,False,"[""2023-08-15""]","[""2024-07-02""]","[""新版本切换""]",old-56-Word97--0-46,原件/免征目录/mf_batch56.doc,cbffdc0819640e8f18c11a2a277b26b2e043c81406533457ff225f4df1c6c068,False,False,False,False
SC7006AAQBEV,2,2,4,both,2,0,[],"[""5""]","[""CATC""]","[""610""]","[""610""]","[""12.4""]","[""12.4""]","[""1830"", ""1850""]","[{""eleEquivalentFuelConsumption"": ""1.40"", ""powerConsumption"": ""12.4"", ""runingRange"": ""610"", ""workConditionType"": ""CATC""}]",True,"[""multiple_new_curb_mass_raw_values""]",False,False,False,"[""2024-04-15""]","[""2024-07-02""]","[""新版本切换""]",old-65-Word97--0-35,原件/免征目录/mf_batch65.doc,06a6a578a9a60516a845bc92deac49954438a789e9e4a7cf3cd140f256d9b13d,False,False,False,False
SC7007AAABEV,1,1,2,both,1,0,[],"[""5""]","[""CATC""]","[""515""]","[""515""]","[""12.3""]","[""12.3""]","[""1755""]","[{""eleEquivalentFuelConsumption"": ""1.39"", ""powerConsumption"": ""12.3"", ""runingRange"": ""515"", ""workConditionType"": ""CATC""}]",True,[],False,False,False,"[""2024-03-08""]","[""2024-07-02""]","[""新版本切换""]",old-65-Word97--0-32,原件/免征目录/mf_batch65.doc,06a6a578a9a60516a845bc92deac49954438a789e9e4a7cf3cd140f256d9b13d,False,False,False,False
SC7007AABBEV,1,1,2,both,1,0,[],"[""5""]","[""CATC""]","[""710""]","[""710""]","[""12.9""]","[""12.9""]","[""1900""]","[{""eleEquivalentFuelConsumption"": ""1.46"", ""powerConsumption"": ""12.9"", ""runingRange"": ""710"", ""workConditionType"": ""CATC""}]",True,[],False,False,False,"[""2024-03-08""]","[""2024-07-02""]","[""新版本切换""]",old-65-Word97--0-33,原件/免征目录/mf_batch65.doc,06a6a578a9a60516a845bc92deac49954438a789e9e4a7cf3cd140f256d9b13d,False,False,False,False
SCH6431BEV,0,0,0,not_in_observed_filtered_views,0,0,[],[],[],[],[],[],[],[],[],False,[],False,False,False,[],[],[],old-12-PDF-grid-2-0-12,原件/免征目录/mf_batch12.pdf,afbd7133ccf901dbdc065b2ff80768450dc901def8d216cf5bb87baa98f7a1e2,False,False,False,False
SCH6431BEV1,0,0,0,not_in_observed_filtered_views,0,0,[],[],[],[],[],[],[],[],[],False,[],False,False,False,[],[],[],old-19-DOCX--0-42,原件/免征目录/mf_batch19.docx,fafd1558aa0f21067847c19bdd0a95c79b919737be7b07b87c4538107fb2b8e3,False,False,False,False
SCH6450BEV,0,0,0,not_in_observed_filtered_views,0,0,[],[],[],[],[],[],[],[],[],False,[],False,False,False,[],[],[],old-32-Word97--0-34,原件/免征目录/mf_batch32.doc,ad7c65b4831a05b7c70e1e73fe834aa9beed883c66f898e799fcbbeb43cc3d75,False,False,False,False
SCH6450BEVC,0,0,0,not_in_observed_filtered_views,0,0,[],[],[],[],[],[],[],[],[],False,[],False,False,False,[],[],[],old-33-Word97--0-60,原件/免征目录/mf_batch33.doc,ff98fbb1708c47cdcfc1e79e7a1647e72a7ae6d4255dce3b250d661001340c09,False,False,False,False
SDE7001BCGBEV,0,0,0,not_in_observed_filtered_views,0,0,[],[],[],[],[],[],[],[],[],False,[],False,False,False,[],[],[],old-27-Word97--0-61,原件/免征目录/mf_batch27.doc,2bd67cf7e1efc03ae93942d0d340ffef87478709520383b6ee4d08baf843ead1,False,False,False,False
SDE7001DBCBEV,0,0,0,not_in_observed_filtered_views,0,0,[],[],[],[],[],[],[],[],[],False,[],False,False,False,[],[],[],old-34-Word97--0-53,原件/免征目录/mf_batch34.doc,d5c5bb03cc5fe0f16b284048e265ad35d62c12c0416f14aef0ce026a229aa831,False,False,False,False
SDE7001DCFBEV,0,0,0,not_in_observed_filtered_views,0,0,[],[],[],[],[],[],[],[],[],False,[],False,False,False,[],[],[],old-24-Word97--2-4,原件/免征目录/mf_batch24.wps,07775a0cb063fe0fce5880b9378dd1eb2522b725d645cabdee314d604779939d,False,False,False,False
SDE7001DCGBEV,0,0,0,not_in_observed_filtered_views,0,0,[],[],[],[],[],[],[],[],[],False,[],False,False,False,[],[],[],old-28-Word97--0-21,原件/免征目录/mf_batch28.doc,dfe1b301a5e8373e94e0e4a2fccee3d258c56bb662e4928764a71274142acd72,False,False,False,False
SDH6440BEVGL,0,0,0,not_in_observed_filtered_views,0,0,[],[],[],[],[],[],[],[],[],False,[],False,False,False,[],[],[],old-06-PDF-grid-2-0-4,原件/免征目录/mf_batch06.pdf,df226dc3953484911afdd265072593abc08c9f66d52a1df7492e215ce15c9b54,False,False,False,False
SDH6450BEVSL,0,0,0,not_in_observed_filtered_views,0,0,[],[],[],[],[],[],[],[],[],False,[],False,False,False,[],[],[],old-09-PDF-grid-2-0-28,原件/免征目录/mf_batch09.pdf,7eea7200c04fefec34f6ae6db5a1bae77f82a534348f266e95575cae051c8c8c,False,False,False,False
SDH6460BEVDL,0,0,0,not_in_observed_filtered_views,0,0,[],[],[],[],[],[],[],[],[],False,[],False,False,False,[],[],[],old-09-PDF-grid-2-0-29,原件/免征目录/mf_batch09.pdf,7eea7200c04fefec34f6ae6db5a1bae77f82a534348f266e95575cae051c8c8c,False,False,False,False
SDH7000BEVBL,0,0,0,not_in_observed_filtered_views,0,0,[],[],[],[],[],[],[],[],[],False,[],False,False,False,[],[],[],old-06-PDF-grid-2-0-3,原件/免征目录/mf_batch06.pdf,df226dc3953484911afdd265072593abc08c9f66d52a1df7492e215ce15c9b54,False,False,False,False
SDH7000BEVYL,0,0,0,not_in_observed_filtered_views,0,0,[],[],[],[],[],[],[],[],[],False,[],False,False,False,[],[],[],old-09-PDF-grid-3-0-2,原件/免征目录/mf_batch09.pdf,7eea7200c04fefec34f6ae6db5a1bae77f82a534348f266e95575cae051c8c8c,False,False,False,False
SDH7000BEVZL,0,0,0,not_in_observed_filtered_views,0,0,[],[],[],[],[],[],[],[],[],False,[],False,False,False,[],[],[],old-09-PDF-grid-3-0-3,原件/免征目录/mf_batch09.pdf,7eea7200c04fefec34f6ae6db5a1bae77f82a534348f266e95575cae051c8c8c,False,False,False,False
SGA6460BEV,0,0,0,not_in_observed_filtered_views,0,0,[],[],[],[],[],[],[],[],[],False,[],False,False,False,[],[],[],old-26-DOCX--0-29,原件/免征目录/mf_batch26.docx,de0890335ef3a4f1302a8a0735ec8b6aed52e994e2635db481820060d62248b5,False,False,False,False
SGA6470BEV,0,0,0,not_in_observed_filtered_views,0,0,[],[],[],[],[],[],[],[],[],False,[],False,False,False,[],[],[],old-50-Word97--0-14,原件/免征目录/mf_batch50.doc,3810672d92621612507384960254de602e629e75a308df22ee2291519445095e,False,False,False,False
SGA7000BEV,0,0,0,not_in_observed_filtered_views,0,0,[],[],[],[],[],[],[],[],[],False,[],False,False,False,[],[],[],old-50-Word97--0-12,原件/免征目录/mf_batch50.doc,3810672d92621612507384960254de602e629e75a308df22ee2291519445095e,False,False,False,False
SGA7000BEV1,1,1,0,new_only,1,0,[],"[""5""]",[],"[""401""]",[],"[""13.5""]",[],"[""1445""]",[],False,[],False,False,False,"[""2024-07-09""]","[""2024-08-23""]","[""已认证车型备案""]",old-50-Word97--0-13,原件/免征目录/mf_batch50.doc,3810672d92621612507384960254de602e629e75a308df22ee2291519445095e,False,False,False,False
SGA7000BEV2,0,0,0,not_in_observed_filtered_views,0,0,[],[],[],[],[],[],[],[],[],False,[],False,False,False,[],[],[],old-50-Word97--0-15,原件/免征目录/mf_batch50.doc,3810672d92621612507384960254de602e629e75a308df22ee2291519445095e,False,False,False,False
SGA7000BEV3,0,0,0,not_in_observed_filtered_views,0,0,[],[],[],[],[],[],[],[],[],False,[],False,False,False,[],[],[],old-50-Word97--0-11,原件/免征目录/mf_batch50.doc,3810672d92621612507384960254de602e629e75a308df22ee2291519445095e,False,False,False,False
SGM6483BABEV,1,1,1,both,1,0,[],"[""5""]","[""CATC""]","[""536""]","[""536""]","[""13.6""]","[""13.6""]","[""2130""]","[{""eleEquivalentFuelConsumption"": ""1.54"", ""powerConsumption"": ""13.6"", ""runingRange"": ""536"", ""workConditionType"": ""CATC""}]",True,[],False,False,False,"[""2023-09-13""]","[""2024-07-05""]","[""在产车""]",old-69-Word97--0-8,原件/免征目录/mf_batch69.doc,357d61a16c94488c9fdd761f393edb7029b05394ab06117abaebcba1a1e45546,False,False,False,False
SGM6483BBBEV,2,2,1,both,2,0,[],"[""5""]","[""CATC""]","[""600"", ""615""]","[""615""]","[""13.8"", ""14.1""]","[""13.8""]","[""2220"", ""2230""]","[{""eleEquivalentFuelConsumption"": ""1.56"", ""powerConsumption"": ""13.8"", ""runingRange"": ""615"", ""workConditionType"": ""CATC""}]",True,"[""multiple_new_range_raw_values"", ""multiple_new_consumption_raw_values"", ""multiple_new_curb_mass_raw_values"", ""new_old_range_raw_value_sets_differ"", ""new_old_consumption_raw_value_sets_differ_units_not_normalized""]",False,False,False,"[""2023-09-13"", ""2024-05-20""]","[""2024-07-05""]","[""在产车""]",old-69-Word97--0-9,原件/免征目录/mf_batch69.doc,357d61a16c94488c9fdd761f393edb7029b05394ab06117abaebcba1a1e45546,False,False,False,False
SGM6483BCBEV,1,1,1,both,1,0,[],"[""5""]","[""CATC""]","[""600""]","[""600""]","[""14.2""]","[""14.2""]","[""2300""]","[{""eleEquivalentFuelConsumption"": ""1.61"", ""powerConsumption"": ""14.2"", ""runingRange"": ""600"", ""workConditionType"": ""CATC""}]",True,[],False,False,False,"[""2023-09-13""]","[""2024-07-05""]","[""在产车""]",old-69-Word97--0-10,原件/免征目录/mf_batch69.doc,357d61a16c94488c9fdd761f393edb7029b05394ab06117abaebcba1a1e45546,False,False,False,False
SGM6484BABEV,1,1,1,both,1,0,[],"[""5""]","[""CATC""]","[""600""]","[""600""]","[""14.1""]","[""14.1""]","[""2260""]","[{""eleEquivalentFuelConsumption"": ""1.59"", ""powerConsumption"": ""14.1"", ""runingRange"": ""600"", ""workConditionType"": ""CATC""}]",True,[],False,False,False,"[""2023-10-18""]","[""2024-07-05""]","[""在产车""]",old-70-Word97--0-11,原件/免征目录/mf_batch70.doc,29b9f5df62602e114f0ed01426c185fdb15a654022cdf16d4df624bb736ed813,False,False,False,False
SGM6491BABEV,2,2,2,both,2,0,[],"[""5""]","[""CATC""]","[""545""]","[""545""]","[""13.5""]","[""13.5""]","[""2075"", ""2125""]","[{""eleEquivalentFuelConsumption"": ""1.53"", ""powerConsumption"": ""13.5"", ""runingRange"": ""545"", ""workConditionType"": ""CATC""}]",True,"[""multiple_new_curb_mass_raw_values""]",False,False,False,"[""2022-12-19""]","[""2024-07-05""]","[""在产车""]",old-61-Word97--0-38,原件/免征目录/mf_batch61.doc,d360a77695ccf20f3c17a354a1dd02fc846a7ae8bd18b41492515881a7240b72,False,False,False,False
SGM6491BBBEV,1,1,2,both,1,0,[],"[""5""]","[""CATC""]","[""620""]","[""620""]","[""13.5""]","[""13.5""]","[""2210""]","[{""eleEquivalentFuelConsumption"": ""1.53"", ""powerConsumption"": ""13.5"", ""runingRange"": ""620"", ""workConditionType"": ""CATC""}]",True,[],False,False,False,"[""2023-04-17""]","[""2024-07-05""]","[""在产车""]",old-64-Word97--0-9,原件/免征目录/mf_batch64.doc,c4e238989e7e40ec2c3a6a899ead170b4a745bc72546ba6fd4a5731d8890c6cb,False,False,False,False
SGM6500BABEV,1,1,2,both,1,0,[],"[""5""]","[""CATC""]","[""653""]","[""653""]","[""15.6""]","[""15.6""]","[""2535""]","[{""eleEquivalentFuelConsumption"": ""1.76"", ""powerConsumption"": ""15.6"", ""runingRange"": ""653"", ""workConditionType"": ""CATC""}]",True,[],False,False,False,"[""2022-04-07""]","[""2024-07-05""]","[""在产车""]",old-51-Word97--0-23,原件/免征目录/mf_batch51.doc,35411ca0ab3ef42915600b148fca6fe76bcb86f5dc3812f71d74f3ebda125ce6,False,False,False,False
SGM6500BBBEV,1,1,1,both,1,0,[],"[""5""]","[""CATC""]","[""608""]","[""608""]","[""16.7""]","[""16.7""]","[""2600""]","[{""eleEquivalentFuelConsumption"": ""1.90"", ""powerConsumption"": ""16.7"", ""runingRange"": ""608"", ""workConditionType"": ""CATC""}]",True,[],False,False,False,"[""2022-08-10""]","[""2024-07-05""]","[""在产车""]",old-57-Word97--0-37,原件/免征目录/mf_batch57.doc,96d9708a19952b23d71fc40e9976a33ae30ca118226a032954a93ab36f355f21,False,False,False,False
SGM6500BCBEV,1,1,1,both,1,0,[],"[""5""]","[""CATC""]","[""502""]","[""502""]","[""14.4""]","[""14.4""]","[""2320""]","[{""eleEquivalentFuelConsumption"": ""1.63"", ""powerConsumption"": ""14.4"", ""runingRange"": ""502"", ""workConditionType"": ""CATC""}]",True,[],False,False,False,"[""2023-02-20""]","[""2024-07-05""]","[""在产车""]",old-62-Word97--0-8,原件/免征目录/mf_batch62.doc,7694ac7207998b6af7c895cdd2c1d752421df436d4b28f83195261dd47f6509c,False,False,False,False
SGM6500BDBEV,1,1,1,both,1,0,[],"[""5""]","[""CATC""]","[""653""]","[""653""]","[""15.6""]","[""15.6""]","[""2535""]","[{""eleEquivalentFuelConsumption"": ""1.76"", ""powerConsumption"": ""15.6"", ""runingRange"": ""653"", ""workConditionType"": ""CATC""}]",True,[],False,False,False,"[""2023-02-20""]","[""2024-07-05""]","[""在产车""]",old-62-Word97--0-6,原件/免征目录/mf_batch62.doc,7694ac7207998b6af7c895cdd2c1d752421df436d4b28f83195261dd47f6509c,False,False,False,False
SGM6500BEBEV,1,1,1,both,1,0,[],"[""5""]","[""CATC""]","[""608""]","[""608""]","[""16.7""]","[""16.7""]","[""2620""]","[{""eleEquivalentFuelConsumption"": ""1.89"", ""powerConsumption"": ""16.7"", ""runingRange"": ""608"", ""workConditionType"": ""CATC""}]",True,[],False,False,False,"[""2023-02-20""]","[""2024-07-05""]","[""在产车""]",old-text-correction-64-SGM6500BEBEV,原件/免征目录/mf_batch64.doc,c4e238989e7e40ec2c3a6a899ead170b4a745bc72546ba6fd4a5731d8890c6cb,False,False,False,False
SGM7001EV,0,0,0,not_in_observed_filtered_views,0,0,[],[],[],[],[],[],[],[],[],False,[],False,False,False,[],[],[],old-01-PDF-grid-1-0-14,原件/免征目录/mf_batch01.pdf,eac13628c37f01c4da157a2d1916d97acc81fdc295f18e1783549075ce7e5aa7,False,False,False,False
SGM7002BABEV,1,1,1,both,1,0,[],"[""5""]","[""CATC""]","[""530""]","[""530""]","[""13.4""]","[""13.4""]","[""2150""]","[{""eleEquivalentFuelConsumption"": ""1.52"", ""powerConsumption"": ""13.4"", ""runingRange"": ""530"", ""workConditionType"": ""CATC""}]",True,[],False,False,False,"[""2023-02-20""]","[""2024-07-05""]","[""在产车""]",old-62-Word97--0-9,原件/免征目录/mf_batch62.doc,7694ac7207998b6af7c895cdd2c1d752421df436d4b28f83195261dd47f6509c,False,False,False,False
SGM7002BBBEV,1,1,1,both,1,0,[],"[""5""]","[""CATC""]","[""650""]","[""650""]","[""12.9""]","[""12.9""]","[""2140""]","[{""eleEquivalentFuelConsumption"": ""1.46"", ""powerConsumption"": ""12.9"", ""runingRange"": ""650"", ""workConditionType"": ""CATC""}]",True,[],False,False,False,"[""2023-05-09""]","[""2024-07-05""]","[""在产车""]",old-65-Word97--0-9,原件/免征目录/mf_batch65.doc,06a6a578a9a60516a845bc92deac49954438a789e9e4a7cf3cd140f256d9b13d,False,False,False,False
SGM7002BCBEV,1,1,1,both,1,0,[],"[""5""]","[""CATC""]","[""620""]","[""620""]","[""13.5""]","[""13.5""]","[""2240""]","[{""eleEquivalentFuelConsumption"": ""1.53"", ""powerConsumption"": ""13.5"", ""runingRange"": ""620"", ""workConditionType"": ""CATC""}]",True,[],False,False,False,"[""2023-05-09""]","[""2024-07-05""]","[""在产车""]",old-65-Word97--0-10,原件/免征目录/mf_batch65.doc,06a6a578a9a60516a845bc92deac49954438a789e9e4a7cf3cd140f256d9b13d,False,False,False,False
SGM7007LABEV,0,0,1,old_only,0,0,[],[],"[""NEDC""]",[],"[""410""]",[],"[""13.1""]",[],"[{""eleEquivalentFuelConsumption"": ""1.5"", ""powerConsumption"": ""13.1"", ""runingRange"": ""410"", ""workConditionType"": ""NEDC""}]",True,[],False,False,False,[],[],[],old-27-Word97--0-8,原件/免征目录/mf_batch27.doc,2bd67cf7e1efc03ae93942d0d340ffef87478709520383b6ee4d08baf843ead1,False,False,False,False
SGM7007LBBEV,2,2,2,both,2,0,[],"[""5""]","[""CATC""]","[""518""]","[""518""]","[""12.6""]","[""12.6""]","[""1620"", ""1660""]","[{""eleEquivalentFuelConsumption"": ""1.43"", ""powerConsumption"": ""12.6"", ""runingRange"": ""518"", ""workConditionType"": ""CATC""}]",True,"[""multiple_new_curb_mass_raw_values""]",False,False,False,"[""2021-08-10""]","[""2024-07-05""]","[""在产车""]",old-45-Word97--0-31,原件/免征目录/mf_batch45.doc,56f5e7c5fd36e990024f8121006a76da260361f4e4660846e78255d007126f7a,False,False,False,False
SGM7008GBBEV,0,0,0,not_in_observed_filtered_views,0,0,[],[],[],[],[],[],[],[],[],False,[],False,False,False,[],[],[],old-30-Word97--0-58,原件/免征目录/mf_batch30.doc,e7fa3b47858ec2035b8055bc15be00b2b26920a5e8d3cad481058a80b92ead24,False,False,False,False
SGM7008GCBEV,0,0,1,old_only,0,0,[],[],"[""NEDC""]",[],"[""500""]",[],"[""13.1""]",[],"[{""eleEquivalentFuelConsumption"": ""1.5"", ""powerConsumption"": ""13.1"", ""runingRange"": ""500"", ""workConditionType"": ""NEDC""}]",True,[],False,False,False,[],[],[],old-38-Word97--0-30,原件/免征目录/mf_batch38.doc,7c9def45fe5c40e4c5ffb483a1d1efd383c12cb16a5c4ba021d4ce28384776de,False,False,False,False
SGM7008LEBEV,0,0,0,not_in_observed_filtered_views,0,0,[],[],[],[],[],[],[],[],[],False,[],False,False,False,[],[],[],old-22-Word97--0-7,原件/免征目录/mf_batch22.doc,eaf3fc1e64742af85b3d4bc90388d0a93154a497fd6c1fb9bf73b857672e1212,False,False,False,False
SGM7008LFBEV,0,0,0,not_in_observed_filtered_views,0,0,[],[],[],[],[],[],[],[],[],False,[],False,False,False,[],[],[],old-23-Word97--0-47,原件/免征目录/mf_batch23.docx,87f838de0da3ba5887f77b2bf5c1dbf5b427e7cef896309a7084c11dd8f5efa0,False,False,False,False
SGM7008LHBEV,0,0,1,old_only,0,0,[],[],"[""NEDC""]",[],"[""410""]",[],"[""13.1""]",[],"[{""eleEquivalentFuelConsumption"": ""1.5"", ""powerConsumption"": ""13.1"", ""runingRange"": ""410"", ""workConditionType"": ""NEDC""}]",True,[],False,False,False,[],[],[],old-26-DOCX--0-43,原件/免征目录/mf_batch26.docx,de0890335ef3a4f1302a8a0735ec8b6aed52e994e2635db481820060d62248b5,False,False,False,False
SGM7008LKBEV,2,2,2,both,2,0,[],"[""5""]","[""CATC""]","[""518""]","[""518""]","[""12.6""]","[""12.6""]","[""1620"", ""1660""]","[{""eleEquivalentFuelConsumption"": ""1.43"", ""powerConsumption"": ""12.6"", ""runingRange"": ""518"", ""workConditionType"": ""CATC""}]",True,"[""multiple_new_curb_mass_raw_values""]",False,False,False,"[""2021-09-09""]","[""2024-07-05""]","[""在产车""]",old-46-Word97--0-53,原件/免征目录/mf_batch46.doc,a4b2048b3d5c29a8969f0348e9fd19a3293f0c23e6f37a48bf42a2ed70c7d37d,False,False,False,False
SGM7008LLBEV,3,3,1,both,3,0,[],"[""5""]","[""CATC""]","[""430"", ""450""]","[""430""]","[""12.5"", ""12.7""]","[""12.7""]","[""1620"", ""1640""]","[{""eleEquivalentFuelConsumption"": ""1.44"", ""powerConsumption"": ""12.7"", ""runingRange"": ""430"", ""workConditionType"": ""CATC""}]",True,"[""multiple_new_range_raw_values"", ""multiple_new_consumption_raw_values"", ""multiple_new_curb_mass_raw_values"", ""new_old_range_raw_value_sets_differ"", ""new_old_consumption_raw_value_sets_differ_units_not_normalized""]",False,False,False,"[""2023-07-17"", ""2024-03-08""]","[""2024-07-05""]","[""在产车""]",old-67-Word97--0-4,原件/免征目录/mf_batch67.doc,963a02fcc1f361414f4f003c6d63e00b178d0b962134ed2206c38978f3118101,False,False,False,False
SH6471P1BEV,0,0,3,old_only,0,0,[],[],"[""NEDC""]",[],"[""350""]",[],[null],[],"[{""eleEquivalentFuelConsumption"": ""1.8"", ""runingRange"": ""350"", ""workConditionType"": ""NEDC""}]",True,[],False,False,False,[],[],[],old-30-Word97--0-48,原件/免征目录/mf_batch30.doc,e7fa3b47858ec2035b8055bc15be00b2b26920a5e8d3cad481058a80b92ead24,False,False,False,False
SH6472P1BEV,0,0,10,old_only,0,0,[],[],"[""CATC"", ""NEDC""]",[],"[""510"", ""520""]",[],"[""14.4"", null]",[],"[{""eleEquivalentFuelConsumption"": ""1.5"", ""runingRange"": ""510"", ""workConditionType"": ""NEDC""}, {""eleEquivalentFuelConsumption"": ""1.63"", ""powerConsumption"": ""14.4"", ""runingRange"": ""520"", ""workConditionType"": ""CATC""}]",True,"[""multiple_old_cycle_codes"", ""multiple_old_range_raw_values"", ""multiple_old_consumption_raw_values""]",False,False,True,[],[],[],old-32-Word97--0-12,原件/免征目录/mf_batch32.doc,ad7c65b4831a05b7c70e1e73fe834aa9beed883c66f898e799fcbbeb43cc3d75,False,False,False,False
SH6473P1BEV-6,1,1,1,both,1,0,[],"[""5""]","[""CATC""]","[""410""]","[""410""]","[""17.1""]","[""17.1""]","[""1840;1870""]","[{""eleEquivalentFuelConsumption"": ""1.93"", ""powerConsumption"": ""17.1"", ""runingRange"": ""410"", ""workConditionType"": ""CATC""}]",True,[],False,False,False,"[""2023-03-10""]","[""2024-06-28""]","[""新系统重新备案""]",old-63-Word97--0-14,原件/免征目录/mf_batch63.doc,1d0f4bf9c7c1f67712e9efa3a5e3222c30d4e438653b9335aaff9714e65f8c05,False,False,False,False
SH6473P1BEV-7,1,1,1,both,1,0,[],"[""5""]","[""CATC""]","[""510""]","[""510""]","[""15.7""]","[""15.7""]","[""1870;1905""]","[{""eleEquivalentFuelConsumption"": ""1.78"", ""powerConsumption"": ""15.7"", ""runingRange"": ""510"", ""workConditionType"": ""CATC""}]",True,[],False,False,False,"[""2023-03-10""]","[""2024-06-28""]","[""新系统重新备案""]",old-63-Word97--0-12,原件/免征目录/mf_batch63.doc,1d0f4bf9c7c1f67712e9efa3a5e3222c30d4e438653b9335aaff9714e65f8c05,False,False,False,False
SH6480U1BEV-J51,15,15,2,both,15,0,[],"[""5""]","[""CATC""]","[""350"", ""360""]","[""350""]","[""13.4"", ""13.7"", ""13.8"", ""16.6""]","[""16.6""]","[""1690"", ""1750"", ""1750,1800"", ""1800""]","[{""eleEquivalentFuelConsumption"": ""1.87"", ""powerConsumption"": ""16.6"", ""runingRange"": ""350"", ""workConditionType"": ""CATC""}]",True,"[""multiple_new_range_raw_values"", ""multiple_new_consumption_raw_values"", ""multiple_new_curb_mass_raw_values"", ""new_old_range_raw_value_sets_differ"", ""new_old_consumption_raw_value_sets_differ_units_not_normalized""]",False,False,False,"[""2023-09-13"", ""2025-10-14"", ""2025-12-15"", ""2026-08-12""]","[""2024-06-28"", ""2025-03-10"", ""2025-11-04"", ""2025-12-22"", ""2026-08-28""]","[""新系统重新备案"", ""未造车""]",old-69-Word97--0-20,原件/免征目录/mf_batch69.doc,357d61a16c94488c9fdd761f393edb7029b05394ab06117abaebcba1a1e45546,False,False,False,False
SH6481N1BEV,0,0,6,old_only,0,0,[],[],"[""NEDC""]",[],"[""350""]",[],[null],[],"[{""eleEquivalentFuelConsumption"": ""1.8"", ""runingRange"": ""350"", ""workConditionType"": ""NEDC""}]",True,[],False,False,False,[],[],[],old-25-Word97--0-71,原件/免征目录/mf_batch25.wps,9d2abe319463522513fe9c90f98bb8d0a825b599267d0b3cc403cec9624b3297,False,False,False,False
SH6485N1BEV,1,1,45,both,1,0,[],"[""5""]","[""CATC"", ""NEDC""]","[""430""]","[""420"", ""430""]","[""15.1""]","[""15.1"", null]","[""1810;1870""]","[{""eleEquivalentFuelConsumption"": ""1.6"", ""runingRange"": ""420"", ""workConditionType"": ""NEDC""}, {""eleEquivalentFuelConsumption"": ""1.60 "", ""runingRange"": ""420"", ""workConditionType"": ""NEDC""}, {""eleEquivalentFuelConsumption"": ""1.71"", ""powerConsumption"": ""15.1"", ""runingRange"": ""430"", ""workConditionType"": ""CATC""}]",True,"[""multiple_old_cycle_codes"", ""multiple_old_range_raw_values"", ""multiple_old_consumption_raw_values"", ""new_old_range_raw_value_sets_differ"", ""new_old_consumption_raw_value_sets_differ_units_not_normalized""]",False,False,True,"[""2022-03-08""]","[""2024-06-28""]","[""新系统重新备案""]",old-33-Word97--0-21,原件/免征目录/mf_batch33.doc,ff98fbb1708c47cdcfc1e79e7a1647e72a7ae6d4255dce3b250d661001340c09,False,False,False,False
SH6485N1BEV-7,2,2,25,both,2,0,[],"[""5""]","[""CATC"", ""NEDC""]","[""520""]","[""510"", ""520""]","[""14.2""]","[""14.2"", null]","[""1800;1855"", ""1825;1880""]","[{""eleEquivalentFuelConsumption"": ""1.61"", ""powerConsumption"": ""14.2"", ""runingRange"": ""520"", ""workConditionType"": ""CATC""}, {""eleEquivalentFuelConsumption"": ""1.7"", ""runingRange"": ""510"", ""workConditionType"": ""NEDC""}]",True,"[""multiple_old_cycle_codes"", ""multiple_old_range_raw_values"", ""multiple_old_consumption_raw_values"", ""multiple_new_curb_mass_raw_values"", ""new_old_range_raw_value_sets_differ"", ""new_old_consumption_raw_value_sets_differ_units_not_normalized""]",False,False,True,"[""2022-03-08""]","[""2024-06-28""]","[""新系统重新备案""]",old-42-Word97--0-46,原件/免征目录/mf_batch42.doc,fef4fd8ea19d773d368642e51a4bdb24c148530251a2240be4ff1358d5d41fab,False,False,False,False
SH6486N1BEV-6,2,2,1,both,2,0,[],"[""5""]","[""CATC""]","[""410""]","[""410""]","[""17.1""]","[""17.1""]","[""1780"", ""1810""]","[{""eleEquivalentFuelConsumption"": ""1.93"", ""powerConsumption"": ""17.1"", ""runingRange"": ""410"", ""workConditionType"": ""CATC""}]",True,"[""multiple_new_curb_mass_raw_values""]",False,False,False,"[""2023-02-20""]","[""2024-06-28""]","[""新系统重新备案""]",old-63-Word97--0-11,原件/免征目录/mf_batch63.doc,1d0f4bf9c7c1f67712e9efa3a5e3222c30d4e438653b9335aaff9714e65f8c05,False,False,False,False
SH6486N1BEV-7,1,1,1,both,1,0,[],"[""5""]","[""CATC""]","[""510""]","[""510""]","[""15.7""]","[""15.7""]","[""1805;1835""]","[{""eleEquivalentFuelConsumption"": ""1.78"", ""powerConsumption"": ""15.7"", ""runingRange"": ""510"", ""workConditionType"": ""CATC""}]",True,[],False,False,False,"[""2023-03-10""]","[""2024-06-28""]","[""新系统重新备案""]",old-63-Word97--0-13,原件/免征目录/mf_batch63.doc,1d0f4bf9c7c1f67712e9efa3a5e3222c30d4e438653b9335aaff9714e65f8c05,False,False,False,False
SH6491N1BEV-6,1,1,1,both,1,0,[],"[""5""]","[""CATC""]","[""410""]","[""410""]","[""17.6""]","[""17.6""]","[""2160""]","[{""eleEquivalentFuelConsumption"": ""1.99"", ""powerConsumption"": ""17.6"", ""runingRange"": ""410"", ""workConditionType"": ""CATC""}]",True,[],False,False,False,"[""2023-05-09""]","[""2024-06-28""]","[""新系统重新备案""]",old-65-Word97--0-17,原件/免征目录/mf_batch65.doc,06a6a578a9a60516a845bc92deac49954438a789e9e4a7cf3cd140f256d9b13d,False,False,False,False
SH6491N1BEV-8,1,1,1,both,1,0,[],"[""5""]","[""CATC""]","[""527""]","[""527""]","[""15.7""]","[""15.7""]","[""2220;2160""]","[{""eleEquivalentFuelConsumption"": ""1.78"", ""powerConsumption"": ""15.7"", ""runingRange"": ""527"", ""workConditionType"": ""CATC""}]",True,[],False,False,False,"[""2023-05-09""]","[""2024-06-28""]","[""新系统重新备案""]",old-65-Word97--0-18,原件/免征目录/mf_batch65.doc,06a6a578a9a60516a845bc92deac49954438a789e9e4a7cf3cd140f256d9b13d,False,False,False,False
SH6491N1BEV-9,1,1,1,both,1,0,[],"[""5""]","[""CATC""]","[""605""]","[""605""]","[""15.9""]","[""15.9""]","[""2280;2220""]","[{""eleEquivalentFuelConsumption"": ""1.80"", ""powerConsumption"": ""15.9"", ""runingRange"": ""605"", ""workConditionType"": ""CATC""}]",True,[],False,False,False,"[""2023-05-09""]","[""2024-06-28""]","[""新系统重新备案""]",old-65-Word97--0-16,原件/免征目录/mf_batch65.doc,06a6a578a9a60516a845bc92deac49954438a789e9e4a7cf3cd140f256d9b13d,False,False,False,False
SH6521C1BEV,0,0,0,not_in_observed_filtered_views,0,0,[],[],[],[],[],[],[],[],[],False,[],False,False,False,[],[],[],old-06-PDF-grid-2-0-8,原件/免征目录/mf_batch06.pdf,df226dc3953484911afdd265072593abc08c9f66d52a1df7492e215ce15c9b54,False,False,False,False
SH6522C1BEV,0,0,0,not_in_observed_filtered_views,0,0,[],[],[],[],[],[],[],[],[],False,[],False,False,False,[],[],[],old-10-PDF-grid-3-0-8,原件/免征目录/mf_batch10.pdf,ac1b1ad2605b4f24762fb1f01cea64b685393577d01648618fa1882bb5700ac3,False,False,False,False
SH6523C1BEV,0,0,36,old_only,0,0,[],[],"[""CATC"", ""NEDC""]",[],"[""308""]",[],"[""2.1"", null]",[],"[{""eleEquivalentFuelConsumption"": ""2.4"", ""powerConsumption"": ""2.1"", ""runingRange"": ""308"", ""workConditionType"": ""CATC""}, {""eleEquivalentFuelConsumption"": ""2.4"", ""runingRange"": ""308"", ""workConditionType"": ""NEDC""}, {""eleEquivalentFuelConsumption"": ""2.40 "", ""runingRange"": ""308"", ""workConditionType"": ""NEDC""}]",True,"[""multiple_old_cycle_codes"", ""multiple_old_consumption_raw_values""]",False,False,True,[],[],[],old-19-DOCX--0-43,原件/免征目录/mf_batch19.docx,fafd1558aa0f21067847c19bdd0a95c79b919737be7b07b87c4538107fb2b8e3,False,False,False,False
SH6531T1BEV-8,3,3,1,both,3,0,[],"[""5""]","[""CATC""]","[""480""]","[""480""]","[""17.4""]","[""17.4""]","[""2265;2365"", ""2265;2460"", ""2365;2460""]","[{""eleEquivalentFuelConsumption"": ""1.97"", ""powerConsumption"": ""17.4"", ""runingRange"": ""480"", ""workConditionType"": ""CATC""}]",True,"[""multiple_new_curb_mass_raw_values""]",False,False,False,"[""2022-10-10""]","[""2024-06-28""]","[""新系统重新备案""]",old-60-Word97--0-23,原件/免征目录/mf_batch60.doc,aabd19e9a0955380873798454b18b3bb15c87937dffcbb0ccfab2eae3bf3551b,False,False,False,False
SH6531T1BEV-9,1,1,3,both,1,0,[],"[""5""]","[""CATC""]","[""540""]","[""540""]","[""17.8""]","[""17.8""]","[""2570""]","[{""eleEquivalentFuelConsumption"": ""2.01"", ""powerConsumption"": ""17.8"", ""runingRange"": ""540"", ""workConditionType"": ""CATC""}]",True,[],False,False,False,"[""2023-11-20""]","[""2024-06-28""]","[""新系统重新备案""]",old-50-Word97--0-51,原件/免征目录/mf_batch50.doc,3810672d92621612507384960254de602e629e75a308df22ee2291519445095e,False,False,False,False
SH6532T1BEV-9,1,1,4,both,1,0,[],"[""5""]","[""CATC""]","[""560""]","[""560""]","[""17.1""]","[""17.1""]","[""2410,2310""]","[{""eleEquivalentFuelConsumption"": ""1.93"", ""powerConsumption"": ""17.1"", ""runingRange"": ""560"", ""workConditionType"": ""CATC""}]",True,[],False,False,False,"[""2021-12-29""]","[""2024-06-28""]","[""新系统重新备案""]",old-50-Word97--0-52,原件/免征目录/mf_batch50.doc,3810672d92621612507384960254de602e629e75a308df22ee2291519445095e,False,False,False,False
SH6551J1BEV-1,3,3,5,both,3,0,[],"[""5""]","[""CATC"", ""NEDC""]","[""339""]","[""339""]","[""21.5""]","[""21.5"", null]","[""2820""]","[{""eleEquivalentFuelConsumption"": ""2.40 "", ""runingRange"": ""339"", ""workConditionType"": ""NEDC""}, {""eleEquivalentFuelConsumption"": ""2.43"", ""powerConsumption"": ""21.5"", ""runingRange"": ""339"", ""workConditionType"": ""CATC""}]",True,"[""multiple_old_cycle_codes"", ""multiple_old_consumption_raw_values"", ""new_old_consumption_raw_value_sets_differ_units_not_normalized""]",False,False,True,"[""2022-03-08""]","[""2024-06-28""]","[""新系统重新备案""]",old-38-Word97--0-31,原件/免征目录/mf_batch38.doc,7c9def45fe5c40e4c5ffb483a1d1efd383c12cb16a5c4ba021d4ce28384776de,False,False,False,False
SH6551J1BEV-3,3,3,5,both,3,0,[],"[""5""]","[""CATC"", ""NEDC""]","[""350""]","[""350""]","[""20.8""]","[""20.8"", null]","[""2670""]","[{""eleEquivalentFuelConsumption"": ""2.35"", ""powerConsumption"": ""20.8"", ""runingRange"": ""350"", ""workConditionType"": ""CATC""}, {""eleEquivalentFuelConsumption"": ""2.35"", ""powerConsumption"": ""20.8"", ""runingRange"": ""350"", ""workConditionType"": ""NEDC""}, {""eleEquivalentFuelConsumption"": ""2.4"", ""runingRange"": ""350"", ""workConditionType"": ""NEDC""}, {""eleEquivalentFuelConsumption"": ""2.40 "", ""runingRange"": ""350"", ""workConditionType"": ""NEDC""}]",True,"[""multiple_old_cycle_codes"", ""multiple_old_consumption_raw_values"", ""new_old_consumption_raw_value_sets_differ_units_not_normalized""]",False,False,True,"[""2022-03-08""]","[""2024-06-28""]","[""新系统重新备案""]",old-42-Word97--0-45,原件/免征目录/mf_batch42.doc,fef4fd8ea19d773d368642e51a4bdb24c148530251a2240be4ff1358d5d41fab,False,False,False,False
SH6591J1BEV-1,0,0,2,old_only,0,0,[],[],"[""CATC""]",[],"[""305""]",[],"[""25.2""]",[],"[{""eleEquivalentFuelConsumption"": ""2.8"", ""powerConsumption"": ""25.2"", ""runingRange"": ""305"", ""workConditionType"": ""CATC""}]",True,[],False,False,False,[],[],[],old-46-Word97--0-55,原件/免征目录/mf_batch46.doc,a4b2048b3d5c29a8969f0348e9fd19a3293f0c23e6f37a48bf42a2ed70c7d37d,False,False,False,False
SKE6470SBEVA1S,0,0,3,old_only,0,0,[],[],"[""NEDC""]",[],"[""500""]",[],[null],[],"[{""eleEquivalentFuelConsumption"": ""2.00"", ""runingRange"": ""500"", ""workConditionType"": ""NEDC""}]",True,[],False,False,False,[],[],[],old-38-Word97--0-28,原件/免征目录/mf_batch38.doc,7c9def45fe5c40e4c5ffb483a1d1efd383c12cb16a5c4ba021d4ce28384776de,False,False,False,False
SKE6470SBEVA3S,0,0,3,old_only,0,0,[],[],"[""NEDC""]",[],"[""510""]",[],[null],[],"[{""eleEquivalentFuelConsumption"": ""2.00"", ""runingRange"": ""510"", ""workConditionType"": ""NEDC""}]",True,[],False,False,False,[],[],[],old-41-Word97--0-28,原件/免征目录/mf_batch41.doc,ba4634c0877ebf99f8e462013e4a07e40f57478a4aaf921801a6c85a49c42b7f,False,False,False,False
SKE6470SBEVA4S,0,0,3,old_only,0,0,[],[],"[""NEDC""]",[],"[""510""]",[],[null],[],"[{""eleEquivalentFuelConsumption"": ""2.00"", ""runingRange"": ""510"", ""workConditionType"": ""NEDC""}]",True,[],False,False,False,[],[],[],old-41-Word97--0-29,原件/免征目录/mf_batch41.doc,ba4634c0877ebf99f8e462013e4a07e40f57478a4aaf921801a6c85a49c42b7f,False,False,False,False
SKE6470SBEVA5S,2,2,4,both,2,0,[],"[""5""]","[""CATC""]","[""520""]","[""520""]","[""17.3""]","[""17.3""]","[""2360""]","[{""eleEquivalentFuelConsumption"": ""1.96"", ""powerConsumption"": ""17.3"", ""runingRange"": ""520"", ""workConditionType"": ""CATC""}]",True,[],False,False,False,"[""2022-12-19""]","[""2024-07-23"", ""2024-07-25""]","[""公告生效日期新系统未开放""]",old-61-Word97--0-17,原件/免征目录/mf_batch61.doc,d360a77695ccf20f3c17a354a1dd02fc846a7ae8bd18b41492515881a7240b72,False,False,False,False
SKE6470SBEVA7S,2,2,2,both,2,0,[],"[""5""]","[""CATC""]","[""630""]","[""630""]","[""16.5""]","[""16.5""]","[""2360""]","[{""eleEquivalentFuelConsumption"": ""1.87"", ""powerConsumption"": ""16.5"", ""runingRange"": ""630"", ""workConditionType"": ""CATC""}]",True,[],False,False,False,"[""2023-05-09""]","[""2024-07-23"", ""2024-07-25""]","[""公告生效日期新系统未开放""]",old-65-Word97--0-49,原件/免征目录/mf_batch65.doc,06a6a578a9a60516a845bc92deac49954438a789e9e4a7cf3cd140f256d9b13d,False,False,False,False
SKE6470SBEVR1,0,0,0,not_in_observed_filtered_views,0,0,[],[],[],[],[],[],[],[],[],False,[],False,False,False,[],[],[],old-30-Word97--0-37,原件/免征目录/mf_batch30.doc,e7fa3b47858ec2035b8055bc15be00b2b26920a5e8d3cad481058a80b92ead24,False,False,False,False
SKE6470SBEVR2,2,2,4,both,2,0,[],"[""5""]","[""CATC""]","[""600""]","[""600""]","[""15.2""]","[""15.2""]","[""2220""]","[{""eleEquivalentFuelConsumption"": ""1.72"", ""powerConsumption"": ""15.2"", ""runingRange"": ""600"", ""workConditionType"": ""CATC""}]",True,[],False,False,False,"[""2022-12-19""]","[""2024-07-23"", ""2024-07-25""]","[""公告生效日期新系统未开放""]",old-61-Word97--0-16,原件/免征目录/mf_batch61.doc,d360a77695ccf20f3c17a354a1dd02fc846a7ae8bd18b41492515881a7240b72,False,False,False,False
SKE6470SBEVR3,2,2,2,both,2,0,[],"[""5""]","[""CATC""]","[""710""]","[""710""]","[""15.2""]","[""15.2""]","[""2220""]","[{""eleEquivalentFuelConsumption"": ""1.72"", ""powerConsumption"": ""15.2"", ""runingRange"": ""710"", ""workConditionType"": ""CATC""}]",True,[],False,False,False,"[""2023-05-09""]","[""2024-07-23"", ""2024-07-25""]","[""公告生效日期新系统未开放""]",old-65-Word97--0-50,原件/免征目录/mf_batch65.doc,06a6a578a9a60516a845bc92deac49954438a789e9e4a7cf3cd140f256d9b13d,False,False,False,False
SKE6480SBEVA1S,1,1,1,both,1,0,[],"[""5""]","[""CATC""]","[""534""]","[""534""]","[""17.4""]","[""17.4""]","[""2350""]","[{""eleEquivalentFuelConsumption"": ""1.97"", ""powerConsumption"": ""17.4"", ""runingRange"": ""534"", ""workConditionType"": ""CATC""}]",True,[],False,False,False,"[""2023-06-07""]","[""2024-07-22""]","[""公告生效日期新系统未开放""]",old-66-Word97--0-35,原件/免征目录/mf_batch66.doc,05a5fce42de1c5412803fe6a7bb46d04c4d61cb71dc5d88a9b59a3e884350544,False,False,False,False
SKE6480SBEVAS,1,1,8,both,1,0,[],"[""5""]","[""CATC""]","[""552""]","[""500"", ""552""]","[""16.9""]","[""16.9"", ""17.1""]","[""2350""]","[{""eleEquivalentFuelConsumption"": ""1.91"", ""powerConsumption"": ""16.9"", ""runingRange"": ""552"", ""workConditionType"": ""CATC""}, {""eleEquivalentFuelConsumption"": ""1.93"", ""powerConsumption"": ""17.1"", ""runingRange"": ""500"", ""workConditionType"": ""CATC""}]",True,"[""multiple_old_range_raw_values"", ""multiple_old_consumption_raw_values"", ""new_old_range_raw_value_sets_differ"", ""new_old_consumption_raw_value_sets_differ_units_not_normalized""]",False,False,False,"[""2023-05-09""]","[""2024-07-22""]","[""公告生效日期新系统未开放""]",old-56-Word97--0-19,原件/免征目录/mf_batch56.doc,cbffdc0819640e8f18c11a2a277b26b2e043c81406533457ff225f4df1c6c068,False,False,False,False
SKE6480SBEVR,1,1,8,both,1,0,[],"[""5""]","[""CATC""]","[""620""]","[""540"", ""620""]","[""15.1""]","[""15.1"", ""15.8""]","[""2235""]","[{""eleEquivalentFuelConsumption"": ""1.71"", ""powerConsumption"": ""15.1"", ""runingRange"": ""620"", ""workConditionType"": ""CATC""}, {""eleEquivalentFuelConsumption"": ""1.79"", ""powerConsumption"": ""15.8"", ""runingRange"": ""540"", ""workConditionType"": ""CATC""}]",True,"[""multiple_old_range_raw_values"", ""multiple_old_consumption_raw_values"", ""new_old_range_raw_value_sets_differ"", ""new_old_consumption_raw_value_sets_differ_units_not_normalized""]",False,False,False,"[""2023-05-09""]","[""2024-07-22""]","[""公告生效日期新系统未开放""]",old-56-Word97--0-20,原件/免征目录/mf_batch56.doc,cbffdc0819640e8f18c11a2a277b26b2e043c81406533457ff225f4df1c6c068,False,False,False,False
SKE6480SBEVR1,1,1,0,new_only,1,0,[],"[""5""]",[],"[""602""]",[],"[""15.5""]",[],"[""2235""]",[],False,[],False,False,False,"[""2024-05-31""]","[""2024-07-22""]","[""公告生效日期新系统未开放""]",old-66-Word97--0-36,原件/免征目录/mf_batch66.doc,05a5fce42de1c5412803fe6a7bb46d04c4d61cb71dc5d88a9b59a3e884350544,False,False,False,False
SKE6520SBEVA2S,1,1,1,both,1,0,[],"[""5""]","[""CATC""]","[""585""]","[""585""]","[""18.5""]","[""18.5""]","[""2560""]","[{""eleEquivalentFuelConsumption"": ""2.09"", ""powerConsumption"": ""18.5"", ""runingRange"": ""585"", ""workConditionType"": ""CATC""}]",True,[],False,False,False,"[""2024-04-15""]","[""2024-07-22""]","[""公告生效日期新系统未开放""]",old-71-Word97--0-60,原件/免征目录/mf_batch71.doc,b37b78b64b8ef7e12e6e95d6fd27a4a6e364c0c83ba403ffcf3bca82c60e3460,False,False,False,False
SKE6520SBEVAS,1,1,1,both,1,0,[],"[""5""]","[""CATC""]","[""630""]","[""630""]","[""17.4""]","[""17.4""]","[""2560""]","[{""eleEquivalentFuelConsumption"": ""1.97"", ""powerConsumption"": ""17.4"", ""runingRange"": ""630"", ""workConditionType"": ""CATC""}]",True,[],False,False,False,"[""2024-04-15""]","[""2024-07-22""]","[""公告生效日期新系统未开放""]",old-70-Word97--0-45,原件/免征目录/mf_batch70.doc,29b9f5df62602e114f0ed01426c185fdb15a654022cdf16d4df624bb736ed813,False,False,False,False
SKE7000BEVF8,0,0,0,not_in_observed_filtered_views,0,0,[],[],[],[],[],[],[],[],[],False,[],False,False,False,[],[],[],old-45-Word97--0-54,原件/免征目录/mf_batch45.doc,56f5e7c5fd36e990024f8121006a76da260361f4e4660846e78255d007126f7a,False,False,False,False
SMA7000BEV01,0,0,0,not_in_observed_filtered_views,0,0,[],[],[],[],[],[],[],[],[],False,[],False,False,False,[],[],[],old-04-PDF-grid-2-0-7,原件/免征目录/mf_batch04.pdf,7539cd299efb49a366656a4da32393075bcb03a5e10ea54e975f82f6099d9c81,False,False,False,False
SMA7000BEV02,0,0,0,not_in_observed_filtered_views,0,0,[],[],[],[],[],[],[],[],[],False,[],False,False,False,[],[],[],old-04-PDF-grid-2-0-2,原件/免征目录/mf_batch04.pdf,7539cd299efb49a366656a4da32393075bcb03a5e10ea54e975f82f6099d9c81,False,False,False,False
SMA7000BEV03,0,0,0,not_in_observed_filtered_views,0,0,[],[],[],[],[],[],[],[],[],False,[],False,False,False,[],[],[],old-04-PDF-grid-2-0-3,原件/免征目录/mf_batch04.pdf,7539cd299efb49a366656a4da32393075bcb03a5e10ea54e975f82f6099d9c81,False,False,False,False
SMA7000BEV05,0,0,0,not_in_observed_filtered_views,0,0,[],[],[],[],[],[],[],[],[],False,[],False,False,False,[],[],[],old-07-PDF-grid-2-0-2,原件/免征目录/mf_batch07.pdf,ad8e7f0576c7261a718e5a561358462b598d617361c6f02d7a14fb2038b758b0,False,False,False,False
SMA7000BEV06,0,0,0,not_in_observed_filtered_views,0,0,[],[],[],[],[],[],[],[],[],False,[],False,False,False,[],[],[],old-06-PDF-grid-2-0-13,原件/免征目录/mf_batch06.pdf,df226dc3953484911afdd265072593abc08c9f66d52a1df7492e215ce15c9b54,False,False,False,False
SMA7000BEV20,0,0,0,not_in_observed_filtered_views,0,0,[],[],[],[],[],[],[],[],[],False,[],False,False,False,[],[],[],old-14-Word97--0-22,原件/免征目录/mf_batch14.docx,6a48764b5ccb7c4ffa6f54daa44d3a42095b8a981fc982e774ddaaded41e9921,False,False,False,False
SMA7001BEV02,0,0,0,not_in_observed_filtered_views,0,0,[],[],[],[],[],[],[],[],[],False,[],False,False,False,[],[],[],old-04-PDF-grid-2-0-4,原件/免征目录/mf_batch04.pdf,7539cd299efb49a366656a4da32393075bcb03a5e10ea54e975f82f6099d9c81,False,False,False,False
SMA7001BEV03,0,0,0,not_in_observed_filtered_views,0,0,[],[],[],[],[],[],[],[],[],False,[],False,False,False,[],[],[],old-04-PDF-grid-2-0-5,原件/免征目录/mf_batch04.pdf,7539cd299efb49a366656a4da32393075bcb03a5e10ea54e975f82f6099d9c81,False,False,False,False
SMA7001BEV04,0,0,0,not_in_observed_filtered_views,0,0,[],[],[],[],[],[],[],[],[],False,[],False,False,False,[],[],[],old-05-PDF-grid-1-0-15,原件/免征目录/mf_batch05.pdf,658aa5fbf13859a9bbe1db6235da2f7e79fc325cc34e4c0ec1ffab7f8cc2ebca,False,False,False,False
SMA7001BEV05,0,0,0,not_in_observed_filtered_views,0,0,[],[],[],[],[],[],[],[],[],False,[],False,False,False,[],[],[],old-06-PDF-grid-2-0-12,原件/免征目录/mf_batch06.pdf,df226dc3953484911afdd265072593abc08c9f66d52a1df7492e215ce15c9b54,False,False,False,False
SMA7001BEV13,0,0,0,not_in_observed_filtered_views,0,0,[],[],[],[],[],[],[],[],[],False,[],False,False,False,[],[],[],old-04-PDF-grid-2-0-9,原件/免征目录/mf_batch04.pdf,7539cd299efb49a366656a4da32393075bcb03a5e10ea54e975f82f6099d9c81,False,False,False,False
SMA7001BEV18,0,0,0,not_in_observed_filtered_views,0,0,[],[],[],[],[],[],[],[],[],False,[],False,False,False,[],[],[],old-07-PDF-grid-2-0-4,原件/免征目录/mf_batch07.pdf,ad8e7f0576c7261a718e5a561358462b598d617361c6f02d7a14fb2038b758b0,False,False,False,False
SMA7001BEV19,0,0,0,not_in_observed_filtered_views,0,0,[],[],[],[],[],[],[],[],[],False,[],False,False,False,[],[],[],old-07-PDF-grid-2-0-5,原件/免征目录/mf_batch07.pdf,ad8e7f0576c7261a718e5a561358462b598d617361c6f02d7a14fb2038b758b0,False,False,False,False
SMA7001BEV22,0,0,0,not_in_observed_filtered_views,0,0,[],[],[],[],[],[],[],[],[],False,[],False,False,False,[],[],[],old-07-PDF-grid-2-0-6,原件/免征目录/mf_batch07.pdf,ad8e7f0576c7261a718e5a561358462b598d617361c6f02d7a14fb2038b758b0,False,False,False,False
SMA7001BEV23,0,0,0,not_in_observed_filtered_views,0,0,[],[],[],[],[],[],[],[],[],False,[],False,False,False,[],[],[],old-07-PDF-grid-2-0-7,原件/免征目录/mf_batch07.pdf,ad8e7f0576c7261a718e5a561358462b598d617361c6f02d7a14fb2038b758b0,False,False,False,False
SMA7001BEV25,0,0,0,not_in_observed_filtered_views,0,0,[],[],[],[],[],[],[],[],[],False,[],False,False,False,[],[],[],old-07-PDF-grid-2-0-8,原件/免征目录/mf_batch07.pdf,ad8e7f0576c7261a718e5a561358462b598d617361c6f02d7a14fb2038b758b0,False,False,False,False
SMA7001BEV40,0,0,0,not_in_observed_filtered_views,0,0,[],[],[],[],[],[],[],[],[],False,[],False,False,False,[],[],[],old-13-PDF-grid-2-0-24,原件/免征目录/mf_batch13.pdf,e82c4f41c448edbb5269c95f2ff35d0c577f7ff0d12ff30b2d4c307a1aa31a6b,False,False,False,False
SMA7001BEV41,0,0,0,not_in_observed_filtered_views,0,0,[],[],[],[],[],[],[],[],[],False,[],False,False,False,[],[],[],old-18-Word97--0-17,原件/免征目录/mf_batch18.doc,43f5426f7f80996ee11a894710d7229c743abf7ad69ba239f61075e0a9ddd37a,False,False,False,False
SMA7001BEV47,0,0,0,not_in_observed_filtered_views,0,0,[],[],[],[],[],[],[],[],[],False,[],False,False,False,[],[],[],old-20-DOCX--0-78,原件/免征目录/mf_batch20.docx,374d3f87551d75d1c163e76abb38f350ea93f8a2b8cad6174568c307d1cc0130,False,False,False,False
SMA7001BEV48,0,0,0,not_in_observed_filtered_views,0,0,[],[],[],[],[],[],[],[],[],False,[],False,False,False,[],[],[],old-19-DOCX--0-53,原件/免征目录/mf_batch19.docx,fafd1558aa0f21067847c19bdd0a95c79b919737be7b07b87c4538107fb2b8e3,False,False,False,False
SMA7001BEV49,0,0,0,not_in_observed_filtered_views,0,0,[],[],[],[],[],[],[],[],[],False,[],False,False,False,[],[],[],old-20-DOCX--0-79,原件/免征目录/mf_batch20.docx,374d3f87551d75d1c163e76abb38f350ea93f8a2b8cad6174568c307d1cc0130,False,False,False,False
SMA7001BEV60,0,0,0,not_in_observed_filtered_views,0,0,[],[],[],[],[],[],[],[],[],False,[],False,False,False,[],[],[],old-07-PDF-grid-2-0-9,原件/免征目录/mf_batch07.pdf,ad8e7f0576c7261a718e5a561358462b598d617361c6f02d7a14fb2038b758b0,False,False,False,False
SMA7001BEV61,0,0,0,not_in_observed_filtered_views,0,0,[],[],[],[],[],[],[],[],[],False,[],False,False,False,[],[],[],old-07-PDF-grid-2-0-10,原件/免征目录/mf_batch07.pdf,ad8e7f0576c7261a718e5a561358462b598d617361c6f02d7a14fb2038b758b0,False,False,False,False
SMA7001BEV63,0,0,0,not_in_observed_filtered_views,0,0,[],[],[],[],[],[],[],[],[],False,[],False,False,False,[],[],[],old-09-PDF-grid-3-0-15,原件/免征目录/mf_batch09.pdf,7eea7200c04fefec34f6ae6db5a1bae77f82a534348f266e95575cae051c8c8c,False,False,False,False
SMA7001BEV66,0,0,0,not_in_observed_filtered_views,0,0,[],[],[],[],[],[],[],[],[],False,[],False,False,False,[],[],[],old-09-PDF-grid-3-0-16,原件/免征目录/mf_batch09.pdf,7eea7200c04fefec34f6ae6db5a1bae77f82a534348f266e95575cae051c8c8c,False,False,False,False
SMA7001BEV69,0,0,0,not_in_observed_filtered_views,0,0,[],[],[],[],[],[],[],[],[],False,[],False,False,False,[],[],[],old-09-PDF-grid-3-0-14,原件/免征目录/mf_batch09.pdf,7eea7200c04fefec34f6ae6db5a1bae77f82a534348f266e95575cae051c8c8c,False,False,False,False
SMA7001BEV70,0,0,0,not_in_observed_filtered_views,0,0,[],[],[],[],[],[],[],[],[],False,[],False,False,False,[],[],[],old-09-PDF-grid-3-0-17,原件/免征目录/mf_batch09.pdf,7eea7200c04fefec34f6ae6db5a1bae77f82a534348f266e95575cae051c8c8c,False,False,False,False
SMA7001BEV72,0,0,0,not_in_observed_filtered_views,0,0,[],[],[],[],[],[],[],[],[],False,[],False,False,False,[],[],[],old-10-PDF-grid-3-0-2,原件/免征目录/mf_batch10.pdf,ac1b1ad2605b4f24762fb1f01cea64b685393577d01648618fa1882bb5700ac3,False,False,False,False
SMA7001BEV73,0,0,0,not_in_observed_filtered_views,0,0,[],[],[],[],[],[],[],[],[],False,[],False,False,False,[],[],[],old-09-PDF-grid-3-0-18,原件/免征目录/mf_batch09.pdf,7eea7200c04fefec34f6ae6db5a1bae77f82a534348f266e95575cae051c8c8c,False,False,False,False
SMA7001BEV75,0,0,0,not_in_observed_filtered_views,0,0,[],[],[],[],[],[],[],[],[],False,[],False,False,False,[],[],[],old-14-Word97--0-23,原件/免征目录/mf_batch14.docx,6a48764b5ccb7c4ffa6f54daa44d3a42095b8a981fc982e774ddaaded41e9921,False,False,False,False
SMA7001BEV76,0,0,0,not_in_observed_filtered_views,0,0,[],[],[],[],[],[],[],[],[],False,[],False,False,False,[],[],[],old-14-Word97--0-24,原件/免征目录/mf_batch14.docx,6a48764b5ccb7c4ffa6f54daa44d3a42095b8a981fc982e774ddaaded41e9921,False,False,False,False
SMA7002BEV05,0,0,0,not_in_observed_filtered_views,0,0,[],[],[],[],[],[],[],[],[],False,[],False,False,False,[],[],[],old-04-PDF-grid-2-0-6,原件/免征目录/mf_batch04.pdf,7539cd299efb49a366656a4da32393075bcb03a5e10ea54e975f82f6099d9c81,False,False,False,False
SP100D5,0,0,0,not_in_observed_filtered_views,0,0,[],[],[],[],[],[],[],[],[],False,[],False,False,False,[],[],[],old-26-DOCX--0-74,原件/免征目录/mf_batch26.docx,de0890335ef3a4f1302a8a0735ec8b6aed52e994e2635db481820060d62248b5,False,False,False,False
SQJ6420BEV,0,0,0,not_in_observed_filtered_views,0,0,[],[],[],[],[],[],[],[],[],False,[],False,False,False,[],[],[],old-06-PDF-grid-2-0-9,原件/免征目录/mf_batch06.pdf,df226dc3953484911afdd265072593abc08c9f66d52a1df7492e215ce15c9b54,False,False,False,False
SQJ6440C1BEV,0,0,3,old_only,0,0,[],[],"[""NEDC""]",[],"[""470""]",[],"[""13.3""]",[],"[{""powerConsumption"": ""13.3"", ""runingRange"": ""470"", ""workConditionType"": ""NEDC""}]",True,[],False,False,False,[],[],[],old-30-Word97--0-4,原件/免征目录/mf_batch30.doc,e7fa3b47858ec2035b8055bc15be00b2b26920a5e8d3cad481058a80b92ead24,False,False,False,False
SQJ6450C3BEV,0,0,0,not_in_observed_filtered_views,0,0,[],[],[],[],[],[],[],[],[],False,[],False,False,False,[],[],[],old-20-DOCX--0-65,原件/免征目录/mf_batch20.docx,374d3f87551d75d1c163e76abb38f350ea93f8a2b8cad6174568c307d1cc0130,False,False,False,False
SQJ6450C4BEV,0,0,0,not_in_observed_filtered_views,0,0,[],[],[],[],[],[],[],[],[],False,[],False,False,False,[],[],[],old-22-Word97--0-45,原件/免征目录/mf_batch22.doc,eaf3fc1e64742af85b3d4bc90388d0a93154a497fd6c1fb9bf73b857672e1212,False,False,False,False
SQJ6450C5BEV,0,0,6,old_only,0,0,[],[],"[""NEDC""]",[],"[""410""]",[],"[""13.5""]",[],"[{""powerConsumption"": ""13.5"", ""runingRange"": ""410"", ""workConditionType"": ""NEDC""}]",True,[],False,False,False,[],[],[],old-26-DOCX--0-5,原件/免征目录/mf_batch26.docx,de0890335ef3a4f1302a8a0735ec8b6aed52e994e2635db481820060d62248b5,False,False,False,False
SQJ6450C6BEV,0,0,3,old_only,0,0,[],[],"[""NEDC""]",[],"[""410""]",[],"[""13.5""]",[],"[{""powerConsumption"": ""13.5"", ""runingRange"": ""410"", ""workConditionType"": ""NEDC""}]",True,[],False,False,False,[],[],[],mf29-t0-r20,原件/mf_batch29.doc,8d24a01958cc6d44fa7826ecbb6a76869b9a0f2c98b97597d57af02932f2afaf,False,False,False,False
SQJ6460B1BEV,0,0,0,not_in_observed_filtered_views,0,0,[],[],[],[],[],[],[],[],[],False,[],False,False,False,[],[],[],old-09-PDF-grid-3-0-5,原件/免征目录/mf_batch09.pdf,7eea7200c04fefec34f6ae6db5a1bae77f82a534348f266e95575cae051c8c8c,False,False,False,False
SQJ6460B2BEV,0,0,0,not_in_observed_filtered_views,0,0,[],[],[],[],[],[],[],[],[],False,[],False,False,False,[],[],[],old-10-PDF-grid-2-0-19,原件/免征目录/mf_batch10.pdf,ac1b1ad2605b4f24762fb1f01cea64b685393577d01648618fa1882bb5700ac3,False,False,False,False
SQJ6460B3BEV,0,0,0,not_in_observed_filtered_views,0,0,[],[],[],[],[],[],[],[],[],False,[],False,False,False,[],[],[],old-11-PDF-grid-2-0-13,原件/免征目录/mf_batch11.pdf,ec4f33e5e872841e6d1fa5d435793c285a15614ef2e64f39b9013389b5e51724,False,False,False,False
SQJ6460B4BEV,0,0,0,not_in_observed_filtered_views,0,0,[],[],[],[],[],[],[],[],[],False,[],False,False,False,[],[],[],old-13-PDF-grid-2-0-16,原件/免征目录/mf_batch13.pdf,e82c4f41c448edbb5269c95f2ff35d0c577f7ff0d12ff30b2d4c307a1aa31a6b,False,False,False,False
SQJ6460B5BEV,0,0,0,not_in_observed_filtered_views,0,0,[],[],[],[],[],[],[],[],[],False,[],False,False,False,[],[],[],old-18-Word97--0-47,原件/免征目录/mf_batch18.doc,43f5426f7f80996ee11a894710d7229c743abf7ad69ba239f61075e0a9ddd37a,False,False,False,False
SQJ6460B7BEV,0,0,0,not_in_observed_filtered_views,0,0,[],[],[],[],[],[],[],[],[],False,[],False,False,False,[],[],[],old-18-Word97--0-48,原件/免征目录/mf_batch18.doc,43f5426f7f80996ee11a894710d7229c743abf7ad69ba239f61075e0a9ddd37a,False,False,False,False
SQJ6460B9BEV,0,0,0,not_in_observed_filtered_views,0,0,[],[],[],[],[],[],[],[],[],False,[],False,False,False,[],[],[],old-22-Word97--0-46,原件/免征目录/mf_batch22.doc,eaf3fc1e64742af85b3d4bc90388d0a93154a497fd6c1fb9bf73b857672e1212,False,False,False,False
SQJ6460BEV,0,0,0,not_in_observed_filtered_views,0,0,[],[],[],[],[],[],[],[],[],False,[],False,False,False,[],[],[],old-04-PDF-grid-1-0-16,原件/免征目录/mf_batch04.pdf,7539cd299efb49a366656a4da32393075bcb03a5e10ea54e975f82f6099d9c81,False,False,False,False
SQJ6460M1BEV,0,0,0,not_in_observed_filtered_views,0,0,[],[],[],[],[],[],[],[],[],False,[],False,False,False,[],[],[],old-10-PDF-grid-2-0-20,原件/免征目录/mf_batch10.pdf,ac1b1ad2605b4f24762fb1f01cea64b685393577d01648618fa1882bb5700ac3,False,False,False,False
SQJ6460M3BEV,0,0,0,not_in_observed_filtered_views,0,0,[],[],[],[],[],[],[],[],[],False,[],False,False,False,[],[],[],old-18-Word97--0-49,原件/免征目录/mf_batch18.doc,43f5426f7f80996ee11a894710d7229c743abf7ad69ba239f61075e0a9ddd37a,False,False,False,False
SQJ6460M5BEV,0,0,0,not_in_observed_filtered_views,0,0,[],[],[],[],[],[],[],[],[],False,[],False,False,False,[],[],[],old-20-DOCX--0-67,原件/免征目录/mf_batch20.docx,374d3f87551d75d1c163e76abb38f350ea93f8a2b8cad6174568c307d1cc0130,False,False,False,False
SQJ6460M7BEV,0,0,4,old_only,0,0,[],[],"[""NEDC""]",[],"[""350""]",[],"[""14.2"", null]",[],"[{""powerConsumption"": ""14.2"", ""runingRange"": ""350"", ""workConditionType"": ""NEDC""}, {""runingRange"": ""350"", ""workConditionType"": ""NEDC""}]",True,"[""multiple_old_consumption_raw_values""]",False,False,False,[],[],[],old-30-Word97--0-5,原件/免征目录/mf_batch30.doc,e7fa3b47858ec2035b8055bc15be00b2b26920a5e8d3cad481058a80b92ead24,False,False,False,False
SQJ7001A1BEV,0,0,2,old_only,0,0,[],[],"[""NEDC""]",[],"[""130""]",[],"[""9.5""]",[],"[{""powerConsumption"": ""9.5"", ""runingRange"": ""130"", ""workConditionType"": ""NEDC""}]",True,[],False,False,False,[],[],[],old-41-Word97--0-33,原件/免征目录/mf_batch41.doc,ba4634c0877ebf99f8e462013e4a07e40f57478a4aaf921801a6c85a49c42b7f,False,False,False,False
SQJ7001A2BEV,0,0,0,not_in_observed_filtered_views,0,0,[],[],[],[],[],[],[],[],[],False,[],False,False,False,[],[],[],old-42-Word97--0-44,原件/免征目录/mf_batch42.doc,fef4fd8ea19d773d368642e51a4bdb24c148530251a2240be4ff1358d5d41fab,False,False,False,False
SQJ7001A3BEV,0,0,1,old_only,0,0,[],[],"[""NEDC""]",[],"[""300""]",[],[null],[],"[{""eleEquivalentFuelConsumption"": ""1.31"", ""runingRange"": ""300"", ""workConditionType"": ""NEDC""}]",True,[],False,False,False,[],[],[],old-42-Word97--0-43,原件/免征目录/mf_batch42.doc,fef4fd8ea19d773d368642e51a4bdb24c148530251a2240be4ff1358d5d41fab,False,False,False,False
SQJ7001A4BEV,1,1,6,both,1,0,[],"[""5""]","[""CATC"", ""NEDC""]","[""130""]","[""130""]","[""9.5""]","[""9.5"", null]","[""820""]","[{""eleEquivalentFuelConsumption"": ""1.1"", ""powerConsumption"": ""9.5"", ""runingRange"": ""130"", ""workConditionType"": ""CATC""}, {""eleEquivalentFuelConsumption"": ""1.1"", ""runingRange"": ""130"", ""workConditionType"": ""NEDC""}, {""powerConsumption"": ""9.5"", ""runingRange"": ""130"", ""workConditionType"": ""NEDC""}]",True,"[""multiple_old_cycle_codes"", ""multiple_old_consumption_raw_values"", ""new_old_consumption_raw_value_sets_differ_units_not_normalized""]",False,False,True,"[""2022-06-01""]","[""2024-07-10""]","[""按新标准备案""]",old-42-Word97--0-41,原件/免征目录/mf_batch42.doc,fef4fd8ea19d773d368642e51a4bdb24c148530251a2240be4ff1358d5d41fab,False,False,False,False
SQJ7001A5BEV,1,1,16,both,1,0,[],"[""5""]","[""CATC"", ""NEDC""]","[""200""]","[""185"", ""200""]","[""9.3""]","[""9.3"", null]","[""860""]","[{""eleEquivalentFuelConsumption"": ""1.16"", ""powerConsumption"": ""9.3"", ""runingRange"": ""200"", ""workConditionType"": ""CATC""}, {""eleEquivalentFuelConsumption"": ""1.16"", ""runingRange"": ""185"", ""workConditionType"": ""NEDC""}, {""eleEquivalentFuelConsumption"": ""1.16"", ""runingRange"": ""200"", ""workConditionType"": ""NEDC""}, {""powerConsumption"": ""9.3"", ""runingRange"": ""200"", ""workConditionType"": ""NEDC""}]",True,"[""multiple_old_cycle_codes"", ""multiple_old_range_raw_values"", ""multiple_old_consumption_raw_values"", ""new_old_range_raw_value_sets_differ"", ""new_old_consumption_raw_value_sets_differ_units_not_normalized""]",False,False,True,"[""2022-06-01""]","[""2024-07-10""]","[""按新标准备案""]",old-42-Word97--0-39,原件/免征目录/mf_batch42.doc,fef4fd8ea19d773d368642e51a4bdb24c148530251a2240be4ff1358d5d41fab,False,False,False,False
SQJ7001A6BEV,0,0,2,old_only,0,0,[],[],"[""CATC"", ""NEDC""]",[],"[""300"", ""335""]",[],"[""9.3"", null]",[],"[{""eleEquivalentFuelConsumption"": ""1.0797"", ""powerConsumption"": ""9.3"", ""runingRange"": ""335"", ""workConditionType"": ""CATC""}, {""eleEquivalentFuelConsumption"": ""1.31"", ""runingRange"": ""300"", ""workConditionType"": ""NEDC""}]",True,"[""multiple_old_cycle_codes"", ""multiple_old_range_raw_values"", ""multiple_old_consumption_raw_values""]",False,False,True,[],[],[],old-42-Word97--0-37,原件/免征目录/mf_batch42.doc,fef4fd8ea19d773d368642e51a4bdb24c148530251a2240be4ff1358d5d41fab,False,False,False,False
SQJ7001A7BEV,0,0,12,old_only,0,0,[],[],"[""NEDC""]",[],"[""130""]",[],"[""9.5"", null]",[],"[{""eleEquivalentFuelConsumption"": ""1.1"", ""runingRange"": ""130"", ""workConditionType"": ""NEDC""}, {""powerConsumption"": ""9.5"", ""runingRange"": ""130"", ""workConditionType"": ""NEDC""}]",True,"[""multiple_old_consumption_raw_values""]",False,False,False,[],[],[],old-42-Word97--0-38,原件/免征目录/mf_batch42.doc,fef4fd8ea19d773d368642e51a4bdb24c148530251a2240be4ff1358d5d41fab,False,False,False,False
SQJ7001A8BEV,1,1,10,both,1,0,[],"[""5""]","[""NEDC""]","[""201""]","[""185"", ""200""]","[""9.9""]","[""9.3"", null]","[""860""]","[{""eleEquivalentFuelConsumption"": ""1.16"", ""runingRange"": ""185"", ""workConditionType"": ""NEDC""}, {""eleEquivalentFuelConsumption"": ""1.16"", ""runingRange"": ""200"", ""workConditionType"": ""NEDC""}, {""powerConsumption"": ""9.3"", ""runingRange"": ""200"", ""workConditionType"": ""NEDC""}]",True,"[""multiple_old_range_raw_values"", ""multiple_old_consumption_raw_values"", ""new_old_range_raw_value_sets_differ"", ""new_old_consumption_raw_value_sets_differ_units_not_normalized""]",False,False,False,"[""2024-09-18""]","[""2024-11-15""]","[""该车型CCC证书发布日期为2024年11月11日""]",old-42-Word97--0-40,原件/免征目录/mf_batch42.doc,fef4fd8ea19d773d368642e51a4bdb24c148530251a2240be4ff1358d5d41fab,False,False,False,False
SQJ7001A9BEV,0,0,1,old_only,0,0,[],[],"[""NEDC""]",[],"[""300""]",[],[null],[],"[{""eleEquivalentFuelConsumption"": ""1.31"", ""runingRange"": ""300"", ""workConditionType"": ""NEDC""}]",True,[],False,False,False,[],[],[],old-42-Word97--0-42,原件/免征目录/mf_batch42.doc,fef4fd8ea19d773d368642e51a4bdb24c148530251a2240be4ff1358d5d41fab,False,False,False,False
SQJ7001EK1BEV,0,0,0,not_in_observed_filtered_views,0,0,[],[],[],[],[],[],[],[],[],False,[],False,False,False,[],[],[],old-26-DOCX--0-6,原件/免征目录/mf_batch26.docx,de0890335ef3a4f1302a8a0735ec8b6aed52e994e2635db481820060d62248b5,False,False,False,False
SQJ7001SC1BEV,0,0,0,not_in_observed_filtered_views,0,0,[],[],[],[],[],[],[],[],[],False,[],False,False,False,[],[],[],old-26-DOCX--0-7,原件/免征目录/mf_batch26.docx,de0890335ef3a4f1302a8a0735ec8b6aed52e994e2635db481820060d62248b5,False,False,False,False
SQJ7001SC3BEV,0,0,0,not_in_observed_filtered_views,0,0,[],[],[],[],[],[],[],[],[],False,[],False,False,False,[],[],[],old-26-DOCX--0-8,原件/免征目录/mf_batch26.docx,de0890335ef3a4f1302a8a0735ec8b6aed52e994e2635db481820060d62248b5,False,False,False,False
SQJ7001SC5BEV,0,0,0,not_in_observed_filtered_views,0,0,[],[],[],[],[],[],[],[],[],False,[],False,False,False,[],[],[],old-30-Word97--0-6,原件/免征目录/mf_batch30.doc,e7fa3b47858ec2035b8055bc15be00b2b26920a5e8d3cad481058a80b92ead24,False,False,False,False
SQJ7001YAC1BEV,0,0,1,old_only,0,0,[],[],"[""CATC""]",[],"[""178""]",[],"[""10.1""]",[],"[{""eleEquivalentFuelConsumption"": ""1.14"", ""powerConsumption"": ""10.1"", ""runingRange"": ""178"", ""workConditionType"": ""CATC""}]",True,[],False,False,False,[],[],[],old-54-Word97--0-8,原件/免征目录/mf_batch54.doc,e4ce106fc0fb21bc61cac40ff0de97e60dff2d18b5b7d24c494bb74873312fd7,False,False,False,False
SQJ7001YAC2BEV,0,0,1,old_only,0,0,[],[],"[""CATC""]",[],"[""205""]",[],"[""9.2""]",[],"[{""eleEquivalentFuelConsumption"": ""1.04"", ""powerConsumption"": ""9.2"", ""runingRange"": ""205"", ""workConditionType"": ""CATC""}]",True,[],False,False,False,[],[],[],old-55-Word97--0-2,原件/免征目录/mf_batch55.doc,0457d0430e9e7f114c91341a715405c3933dd4783762cd74b9871e4918ba887f,False,False,False,False
SQJ7002YAC1BEV,1,1,2,both,1,0,[],"[""5""]","[""CATC""]","[""210""]","[""210""]","[""9.3""]","[""9.3""]","[""830""]","[{""eleEquivalentFuelConsumption"": ""1.05"", ""powerConsumption"": ""9.3"", ""runingRange"": ""210"", ""workConditionType"": ""CATC""}]",True,[],False,False,False,"[""2022-12-19""]","[""2024-07-10""]","[""按新标准备案""]",old-54-Word97--0-9,原件/免征目录/mf_batch54.doc,e4ce106fc0fb21bc61cac40ff0de97e60dff2d18b5b7d24c494bb74873312fd7,False,False,False,False
SQJ7002YAC2BEV,0,0,1,old_only,0,0,[],[],"[""CATC""]",[],"[""150""]",[],"[""8.8""]",[],"[{""eleEquivalentFuelConsumption"": ""1.00"", ""powerConsumption"": ""8.8"", ""runingRange"": ""150"", ""workConditionType"": ""CATC""}]",True,[],False,False,False,[],[],[],old-57-Word97--0-4,原件/免征目录/mf_batch57.doc,96d9708a19952b23d71fc40e9976a33ae30ca118226a032954a93ab36f355f21,False,False,False,False
SQJ7002YAC3BEV,0,0,1,old_only,0,0,[],[],"[""CATC""]",[],"[""210""]",[],"[""9.3""]",[],"[{""eleEquivalentFuelConsumption"": ""1.05"", ""powerConsumption"": ""9.3"", ""runingRange"": ""210"", ""workConditionType"": ""CATC""}]",True,[],False,False,False,[],[],[],old-57-Word97--0-3,原件/免征目录/mf_batch57.doc,96d9708a19952b23d71fc40e9976a33ae30ca118226a032954a93ab36f355f21,False,False,False,False
SQJ7002YAC4BEV,0,0,1,old_only,0,0,[],[],"[""CATC""]",[],"[""210""]",[],"[""9.3""]",[],"[{""eleEquivalentFuelConsumption"": ""1.05"", ""powerConsumption"": ""9.3"", ""runingRange"": ""210"", ""workConditionType"": ""CATC""}]",True,[],False,False,False,[],[],[],old-57-Word97--0-2,原件/免征目录/mf_batch57.doc,96d9708a19952b23d71fc40e9976a33ae30ca118226a032954a93ab36f355f21,False,False,False,False
SQJ7002YACBEV,1,1,2,both,1,0,[],"[""5""]","[""CATC""]","[""150""]","[""150""]","[""8.8""]","[""8.8""]","[""805""]","[{""eleEquivalentFuelConsumption"": ""1.00"", ""powerConsumption"": ""8.8"", ""runingRange"": ""150"", ""workConditionType"": ""CATC""}]",True,[],False,False,False,"[""2022-12-19""]","[""2024-07-10""]","[""按新标准备案""]",old-54-Word97--0-7,原件/免征目录/mf_batch54.doc,e4ce106fc0fb21bc61cac40ff0de97e60dff2d18b5b7d24c494bb74873312fd7,False,False,False,False
SQR6440BEVK06,0,0,0,not_in_observed_filtered_views,0,0,[],[],[],[],[],[],[],[],[],False,[],False,False,False,[],[],[],old-07-PDF-grid-1-0-19,原件/免征目录/mf_batch07.pdf,ad8e7f0576c7261a718e5a561358462b598d617361c6f02d7a14fb2038b758b0,False,False,False,False
SQR6440BEVK08,0,0,0,not_in_observed_filtered_views,0,0,[],[],[],[],[],[],[],[],[],False,[],False,False,False,[],[],[],old-08-PDF-grid-2-0-5,原件/免征目录/mf_batch08.pdf,39b242717c026063c908426a890cd361f1165aa5729988d56303b2f8d5fb3b42,False,False,False,False
SQR6440BEVK081,0,0,0,not_in_observed_filtered_views,0,0,[],[],[],[],[],[],[],[],[],False,[],False,False,False,[],[],[],old-16-Word97--0-41,原件/免征目录/mf_batch16.docx,9db5ace6c1c59bd9636d48636f94fa77d2b6e0aa27b109421690ce6a8c4a3967,False,False,False,False
SQR6460BEVK09,0,0,0,not_in_observed_filtered_views,0,0,[],[],[],[],[],[],[],[],[],False,[],False,False,False,[],[],[],old-16-Word97--0-40,原件/免征目录/mf_batch16.docx,9db5ace6c1c59bd9636d48636f94fa77d2b6e0aa27b109421690ce6a8c4a3967,False,False,False,False
SQR6461BEVK09,0,0,0,not_in_observed_filtered_views,0,0,[],[],[],[],[],[],[],[],[],False,[],False,False,False,[],[],[],old-20-DOCX--0-43,原件/免征目录/mf_batch20.docx,374d3f87551d75d1c163e76abb38f350ea93f8a2b8cad6174568c307d1cc0130,False,False,False,False
SQR6461BEVK091,0,0,0,not_in_observed_filtered_views,0,0,[],[],[],[],[],[],[],[],[],False,[],False,False,False,[],[],[],old-20-DOCX--0-44,原件/免征目录/mf_batch20.docx,374d3f87551d75d1c163e76abb38f350ea93f8a2b8cad6174568c307d1cc0130,False,False,False,False
SQR6480BEVF11,0,0,4,old_only,0,0,[],[],"[""CATC"", ""NEDC""]",[],"[""350"", ""401""]",[],"[""17.1"", null]",[],"[{""eleEquivalentFuelConsumption"": ""1.69"", ""runingRange"": ""401"", ""workConditionType"": ""NEDC""}, {""eleEquivalentFuelConsumption"": ""1.93"", ""powerConsumption"": ""17.1"", ""runingRange"": ""350"", ""workConditionType"": ""CATC""}]",True,"[""multiple_old_cycle_codes"", ""multiple_old_range_raw_values"", ""multiple_old_consumption_raw_values""]",False,False,True,[],[],[],old-24-Word97--1-3,原件/免征目录/mf_batch24.wps,07775a0cb063fe0fce5880b9378dd1eb2522b725d645cabdee314d604779939d,False,False,False,False
SQR6481BEVF11,0,0,2,old_only,0,0,[],[],"[""CATC"", ""NEDC""]",[],"[""401""]",[],"[""15.9"", null]",[],"[{""eleEquivalentFuelConsumption"": ""1.80"", ""powerConsumption"": ""15.9"", ""runingRange"": ""401"", ""workConditionType"": ""CATC""}, {""runingRange"": ""401"", ""workConditionType"": ""NEDC""}]",True,"[""multiple_old_cycle_codes"", ""multiple_old_consumption_raw_values""]",False,False,True,[],[],[],old-48-Word97--0-31,原件/免征目录/mf_batch48.doc,ee5aa19736215cfcb3b76ffff90bcd0d9108c61758ccb756f7d4ad17e75a835c,False,False,False,False
SQR6500BEVE0Y,1,1,3,both,1,0,[],"[""5""]","[""CATC""]","[""550""]","[""550""]","[""13.6""]","[""13.6""]","[""2070""]","[{""eleEquivalentFuelConsumption"": ""1.54"", ""powerConsumption"": ""13.6"", ""runingRange"": ""550"", ""workConditionType"": ""CATC""}]",True,[],False,False,False,"[""2024-04-15""]","[""2024-07-01""]","[""新版本能耗申报""]",old-71-Word97--0-46,原件/免征目录/mf_batch71.doc,b37b78b64b8ef7e12e6e95d6fd27a4a6e364c0c83ba403ffcf3bca82c60e3460,False,False,False,False
SQR6500BEVE0Y1,1,1,3,both,1,0,[],"[""5""]","[""CATC""]","[""650""]","[""650""]","[""13.1""]","[""13.1""]","[""2135""]","[{""eleEquivalentFuelConsumption"": ""1.48"", ""powerConsumption"": ""13.1"", ""runingRange"": ""650"", ""workConditionType"": ""CATC""}]",True,[],False,False,False,"[""2024-05-20""]","[""2024-07-01""]","[""新版本能耗申报""]",old-71-Word97--0-47,原件/免征目录/mf_batch71.doc,b37b78b64b8ef7e12e6e95d6fd27a4a6e364c0c83ba403ffcf3bca82c60e3460,False,False,False,False
SQR6500BEVE0Y2,1,1,3,both,1,0,[],"[""5""]","[""CATC""]","[""550""]","[""550""]","[""15.3""]","[""15.3""]","[""2259""]","[{""eleEquivalentFuelConsumption"": ""1.73"", ""powerConsumption"": ""15.3"", ""runingRange"": ""550"", ""workConditionType"": ""CATC""}]",True,[],False,False,False,"[""2024-05-20""]","[""2024-07-01""]","[""新版本能耗申报""]",old-71-Word97--0-50,原件/免征目录/mf_batch71.doc,b37b78b64b8ef7e12e6e95d6fd27a4a6e364c0c83ba403ffcf3bca82c60e3460,False,False,False,False
SQR6500BEVE0Y3,1,1,3,both,1,0,[],"[""5""]","[""CATC""]","[""760""]","[""760""]","[""12.7""]","[""12.7""]","[""2165""]","[{""eleEquivalentFuelConsumption"": ""1.44"", ""powerConsumption"": ""12.7"", ""runingRange"": ""760"", ""workConditionType"": ""CATC""}]",True,[],False,False,False,"[""2024-05-20""]","[""2024-07-01""]","[""新版本能耗申报""]",old-71-Word97--0-45,原件/免征目录/mf_batch71.doc,b37b78b64b8ef7e12e6e95d6fd27a4a6e364c0c83ba403ffcf3bca82c60e3460,False,False,False,False
SQR6500BEVE0Y4,1,1,3,both,1,0,[],"[""5""]","[""CATC""]","[""655""]","[""655""]","[""15.9""]","[""15.9""]","[""2340""]","[{""eleEquivalentFuelConsumption"": ""1.80"", ""powerConsumption"": ""15.9"", ""runingRange"": ""655"", ""workConditionType"": ""CATC""}]",True,[],False,False,False,"[""2024-05-20""]","[""2024-07-01""]","[""新版本能耗申报""]",old-71-Word97--0-49,原件/免征目录/mf_batch71.doc,b37b78b64b8ef7e12e6e95d6fd27a4a6e364c0c83ba403ffcf3bca82c60e3460,False,False,False,False
SQR7000BEVE03,1,1,3,both,1,0,[],"[""5""]","[""CATC""]","[""550""]","[""550""]","[""12.3""]","[""12.3""]","[""1870""]","[{""eleEquivalentFuelConsumption"": ""1.39"", ""powerConsumption"": ""12.3"", ""runingRange"": ""550"", ""workConditionType"": ""CATC""}]",True,[],False,False,False,"[""2024-05-20""]","[""2024-07-01""]","[""新版本能耗申报""]",old-69-Word97--0-73,原件/免征目录/mf_batch69.doc,357d61a16c94488c9fdd761f393edb7029b05394ab06117abaebcba1a1e45546,False,False,False,False
SQR7000BEVE031,1,1,3,both,1,0,[],"[""5""]","[""CATC""]","[""650""]","[""650""]","[""13.8""]","[""13.8""]","[""2100""]","[{""eleEquivalentFuelConsumption"": ""1.56"", ""powerConsumption"": ""13.8"", ""runingRange"": ""650"", ""workConditionType"": ""CATC""}]",True,[],False,False,False,"[""2024-05-20""]","[""2024-07-01""]","[""新版本能耗申报""]",old-69-Word97--0-75,原件/免征目录/mf_batch69.doc,357d61a16c94488c9fdd761f393edb7029b05394ab06117abaebcba1a1e45546,False,False,False,False
SQR7000BEVE032,1,1,3,both,1,0,[],"[""5""]","[""CATC""]","[""720""]","[""720""]","[""11.7""]","[""11.7""]","[""1960""]","[{""eleEquivalentFuelConsumption"": ""1.32"", ""powerConsumption"": ""11.7"", ""runingRange"": ""720"", ""workConditionType"": ""CATC""}]",True,[],False,False,False,"[""2024-05-20""]","[""2024-07-01""]","[""新版本能耗申报""]",old-69-Word97--0-76,原件/免征目录/mf_batch69.doc,357d61a16c94488c9fdd761f393edb7029b05394ab06117abaebcba1a1e45546,False,False,False,False
SQR7000BEVE033,1,1,3,both,1,0,[],"[""5""]","[""CATC""]","[""570""]","[""570""]","[""11.8""]","[""11.8""]","[""1930""]","[{""eleEquivalentFuelConsumption"": ""1.33"", ""powerConsumption"": ""11.8"", ""runingRange"": ""570"", ""workConditionType"": ""CATC""}]",True,[],False,False,False,"[""2024-05-20""]","[""2024-07-01""]","[""新版本能耗申报""]",old-69-Word97--0-74,原件/免征目录/mf_batch69.doc,357d61a16c94488c9fdd761f393edb7029b05394ab06117abaebcba1a1e45546,False,False,False,False
SQR7000BEVE035,1,1,3,both,1,0,[],"[""5""]","[""CATC""]","[""905""]","[""905""]","[""11.9""]","[""11.9""]","[""2040""]","[{""eleEquivalentFuelConsumption"": ""1.35"", ""powerConsumption"": ""11.9"", ""runingRange"": ""905"", ""workConditionType"": ""CATC""}]",True,[],False,False,False,"[""2024-05-20""]","[""2024-07-01""]","[""新版本能耗申报""]",old-71-Word97--0-48,原件/免征目录/mf_batch71.doc,b37b78b64b8ef7e12e6e95d6fd27a4a6e364c0c83ba403ffcf3bca82c60e3460,False,False,False,False
SQR7000BEVEH3,2,2,3,both,2,0,[],"[""5""]","[""CATC""]","[""550""]","[""550""]","[""12.6""]","[""12.6""]","[""1975"", ""1995""]","[{""eleEquivalentFuelConsumption"": ""1.43"", ""powerConsumption"": ""12.6"", ""runingRange"": ""550"", ""workConditionType"": ""CATC""}]",True,"[""multiple_new_curb_mass_raw_values""]",False,False,False,"[""2024-05-31"", ""2024-10-18""]","[""2024-07-06"", ""2024-10-31""]","[""新版本能耗申报""]",old-69-Word97--0-71,原件/免征目录/mf_batch69.doc,357d61a16c94488c9fdd761f393edb7029b05394ab06117abaebcba1a1e45546,False,False,False,False
SQR7000BEVEH31,2,2,3,both,2,0,[],"[""5""]","[""CATC""]","[""705""]","[""705""]","[""12.4""]","[""12.4""]","[""2010"", ""2034""]","[{""eleEquivalentFuelConsumption"": ""1.40"", ""powerConsumption"": ""12.4"", ""runingRange"": ""705"", ""workConditionType"": ""CATC""}]",True,"[""multiple_new_curb_mass_raw_values""]",False,False,False,"[""2024-05-31"", ""2024-10-18""]","[""2024-07-06"", ""2024-10-31""]","[""新版本能耗申报""]",old-69-Word97--0-70,原件/免征目录/mf_batch69.doc,357d61a16c94488c9fdd761f393edb7029b05394ab06117abaebcba1a1e45546,False,False,False,False
SQR7000BEVEH32,3,3,3,both,3,0,[],"[""5""]","[""CATC""]","[""630"", ""661""]","[""630""]","[""13.4"", ""14.2""]","[""14.2""]","[""2170"", ""2190""]","[{""eleEquivalentFuelConsumption"": ""1.61"", ""powerConsumption"": ""14.2"", ""runingRange"": ""630"", ""workConditionType"": ""CATC""}]",True,"[""multiple_new_range_raw_values"", ""multiple_new_consumption_raw_values"", ""multiple_new_curb_mass_raw_values"", ""new_old_range_raw_value_sets_differ"", ""new_old_consumption_raw_value_sets_differ_units_not_normalized""]",False,False,False,"[""2024-05-31"", ""2024-10-18""]","[""2024-07-06"", ""2024-10-31"", ""2024-11-05""]","[""新版本能耗申报""]",old-69-Word97--0-72,原件/免征目录/mf_batch69.doc,357d61a16c94488c9fdd761f393edb7029b05394ab06117abaebcba1a1e45546,False,False,False,False
SQR7000BEVJ00,0,0,0,not_in_observed_filtered_views,0,0,[],[],[],[],[],[],[],[],[],False,[],False,False,False,[],[],[],old-01-PDF-grid-1-0-12,原件/免征目录/mf_batch01.pdf,eac13628c37f01c4da157a2d1916d97acc81fdc295f18e1783549075ce7e5aa7,False,False,False,False
SQR7000BEVJ001,0,0,0,not_in_observed_filtered_views,0,0,[],[],[],[],[],[],[],[],[],False,[],False,False,False,[],[],[],old-08-PDF-grid-2-0-2,原件/免征目录/mf_batch08.pdf,39b242717c026063c908426a890cd361f1165aa5729988d56303b2f8d5fb3b42,False,False,False,False
SQR7000BEVJ002,0,0,0,not_in_observed_filtered_views,0,0,[],[],[],[],[],[],[],[],[],False,[],False,False,False,[],[],[],old-16-Word97--0-38,原件/免征目录/mf_batch16.docx,9db5ace6c1c59bd9636d48636f94fa77d2b6e0aa27b109421690ce6a8c4a3967,False,False,False,False
SQR7000BEVJ50,0,0,0,not_in_observed_filtered_views,0,0,[],[],[],[],[],[],[],[],[],False,[],False,False,False,[],[],[],old-09-PDF-grid-2-0-26,原件/免征目录/mf_batch09.pdf,7eea7200c04fefec34f6ae6db5a1bae77f82a534348f266e95575cae051c8c8c,False,False,False,False
SQR7000BEVJ60,0,0,0,not_in_observed_filtered_views,0,0,[],[],[],[],[],[],[],[],[],False,[],False,False,False,[],[],[],old-09-PDF-grid-2-0-25,原件/免征目录/mf_batch09.pdf,7eea7200c04fefec34f6ae6db5a1bae77f82a534348f266e95575cae051c8c8c,False,False,False,False
SQR7000BEVJ601,0,0,0,not_in_observed_filtered_views,0,0,[],[],[],[],[],[],[],[],[],False,[],False,False,False,[],[],[],old-10-PDF-grid-2-0-12,原件/免征目录/mf_batch10.pdf,ac1b1ad2605b4f24762fb1f01cea64b685393577d01648618fa1882bb5700ac3,False,False,False,False
SQR7000BEVJ602,0,0,0,not_in_observed_filtered_views,0,0,[],[],[],[],[],[],[],[],[],False,[],False,False,False,[],[],[],old-17-PDF-grid-2-0-12,原件/免征目录/mf_batch17.pdf,577a4ba9c586fe08565f6a60e6de5474698031566d8dcef484cd44335879e334,False,False,False,False
SQR7000BEVJ604,0,0,0,not_in_observed_filtered_views,0,0,[],[],[],[],[],[],[],[],[],False,[],False,False,False,[],[],[],old-19-DOCX--0-37,原件/免征目录/mf_batch19.docx,fafd1558aa0f21067847c19bdd0a95c79b919737be7b07b87c4538107fb2b8e3,False,False,False,False
SQR7000BEVJ605,0,0,0,not_in_observed_filtered_views,0,0,[],[],[],[],[],[],[],[],[],False,[],False,False,False,[],[],[],old-20-DOCX--0-41,原件/免征目录/mf_batch20.docx,374d3f87551d75d1c163e76abb38f350ea93f8a2b8cad6174568c307d1cc0130,False,False,False,False
SQR7000BEVJ606,0,0,0,not_in_observed_filtered_views,0,0,[],[],[],[],[],[],[],[],[],False,[],False,False,False,[],[],[],old-32-Word97--0-31,原件/免征目录/mf_batch32.doc,ad7c65b4831a05b7c70e1e73fe834aa9beed883c66f898e799fcbbeb43cc3d75,False,False,False,False
SQR7000BEVJ607,0,0,0,not_in_observed_filtered_views,0,0,[],[],[],[],[],[],[],[],[],False,[],False,False,False,[],[],[],old-36-Word97--0-28,原件/免征目录/mf_batch36.doc,05cfcfd9136685ad6d6e13b8228cd123cca109c26f43a4c71472016b5a610a9f,False,False,False,False
SQR7000BEVJ69,0,0,0,not_in_observed_filtered_views,0,0,[],[],[],[],[],[],[],[],[],False,[],False,False,False,[],[],[],old-10-PDF-grid-2-0-14,原件/免征目录/mf_batch10.pdf,ac1b1ad2605b4f24762fb1f01cea64b685393577d01648618fa1882bb5700ac3,False,False,False,False
SQR7000BEVJ691,0,0,0,not_in_observed_filtered_views,0,0,[],[],[],[],[],[],[],[],[],False,[],False,False,False,[],[],[],old-10-PDF-grid-2-0-13,原件/免征目录/mf_batch10.pdf,ac1b1ad2605b4f24762fb1f01cea64b685393577d01648618fa1882bb5700ac3,False,False,False,False
SQR7000BEVJ692,0,0,0,not_in_observed_filtered_views,0,0,[],[],[],[],[],[],[],[],[],False,[],False,False,False,[],[],[],old-18-Word97--0-55,原件/免征目录/mf_batch18.doc,43f5426f7f80996ee11a894710d7229c743abf7ad69ba239f61075e0a9ddd37a,False,False,False,False
SQR7000BEVJ694,0,0,0,not_in_observed_filtered_views,0,0,[],[],[],[],[],[],[],[],[],False,[],False,False,False,[],[],[],old-18-Word97--0-56,原件/免征目录/mf_batch18.doc,43f5426f7f80996ee11a894710d7229c743abf7ad69ba239f61075e0a9ddd37a,False,False,False,False
SQR7000BEVJ696,0,0,0,not_in_observed_filtered_views,0,0,[],[],[],[],[],[],[],[],[],False,[],False,False,False,[],[],[],old-23-Word97--0-50,原件/免征目录/mf_batch23.docx,87f838de0da3ba5887f77b2bf5c1dbf5b427e7cef896309a7084c11dd8f5efa0,False,False,False,False
SQR7000BEVJ721,0,0,0,not_in_observed_filtered_views,0,0,[],[],[],[],[],[],[],[],[],False,[],False,False,False,[],[],[],old-12-PDF-grid-2-0-10,原件/免征目录/mf_batch12.pdf,afbd7133ccf901dbdc065b2ff80768450dc901def8d216cf5bb87baa98f7a1e2,False,False,False,False
SQR7000BEVJ725,0,0,0,not_in_observed_filtered_views,0,0,[],[],[],[],[],[],[],[],[],False,[],False,False,False,[],[],[],old-16-Word97--0-39,原件/免征目录/mf_batch16.docx,9db5ace6c1c59bd9636d48636f94fa77d2b6e0aa27b109421690ce6a8c4a3967,False,False,False,False
SQR7000BEVJ726,0,0,0,not_in_observed_filtered_views,0,0,[],[],[],[],[],[],[],[],[],False,[],False,False,False,[],[],[],old-17-PDF-grid-2-0-13,原件/免征目录/mf_batch17.pdf,577a4ba9c586fe08565f6a60e6de5474698031566d8dcef484cd44335879e334,False,False,False,False
SQR7000BEVJ727,0,0,0,not_in_observed_filtered_views,0,0,[],[],[],[],[],[],[],[],[],False,[],False,False,False,[],[],[],old-19-DOCX--0-38,原件/免征目录/mf_batch19.docx,fafd1558aa0f21067847c19bdd0a95c79b919737be7b07b87c4538107fb2b8e3,False,False,False,False
SQR7000BEVJ728,0,0,0,not_in_observed_filtered_views,0,0,[],[],[],[],[],[],[],[],[],False,[],False,False,False,[],[],[],old-19-DOCX--0-39,原件/免征目录/mf_batch19.docx,fafd1558aa0f21067847c19bdd0a95c79b919737be7b07b87c4538107fb2b8e3,False,False,False,False
SQR7000BEVJ729,0,0,0,not_in_observed_filtered_views,0,0,[],[],[],[],[],[],[],[],[],False,[],False,False,False,[],[],[],old-19-DOCX--0-40,原件/免征目录/mf_batch19.docx,fafd1558aa0f21067847c19bdd0a95c79b919737be7b07b87c4538107fb2b8e3,False,False,False,False
SQR7000BEVS184,0,0,0,not_in_observed_filtered_views,0,0,[],[],[],[],[],[],[],[],[],False,[],False,False,False,[],[],[],old-01-PDF-grid-1-0-11,原件/免征目录/mf_batch01.pdf,eac13628c37f01c4da157a2d1916d97acc81fdc295f18e1783549075ce7e5aa7,False,False,False,False
SQR7000BEVT19,0,0,0,not_in_observed_filtered_views,0,0,[],[],[],[],[],[],[],[],[],False,[],False,False,False,[],[],[],old-23-Word97--0-51,原件/免征目录/mf_batch23.docx,87f838de0da3ba5887f77b2bf5c1dbf5b427e7cef896309a7084c11dd8f5efa0,False,False,False,False
SQR7000BEVT191,0,0,0,not_in_observed_filtered_views,0,0,[],[],[],[],[],[],[],[],[],False,[],False,False,False,[],[],[],old-23-Word97--0-52,原件/免征目录/mf_batch23.docx,87f838de0da3ba5887f77b2bf5c1dbf5b427e7cef896309a7084c11dd8f5efa0,False,False,False,False
SQR7000BEVT192,0,0,0,not_in_observed_filtered_views,0,0,[],[],[],[],[],[],[],[],[],False,[],False,False,False,[],[],[],old-33-Word97--0-56,原件/免征目录/mf_batch33.doc,ff98fbb1708c47cdcfc1e79e7a1647e72a7ae6d4255dce3b250d661001340c09,False,False,False,False
SQR7000BEVT193,0,0,2,old_only,0,0,[],[],"[""NEDC""]",[],"[""451""]",[],"[""14.3""]",[],"[{""eleEquivalentFuelConsumption"": ""1.62"", ""powerConsumption"": ""14.3"", ""runingRange"": ""451"", ""workConditionType"": ""NEDC""}]",True,[],False,False,False,[],[],[],old-38-Word97--0-18,原件/免征目录/mf_batch38.doc,7c9def45fe5c40e4c5ffb483a1d1efd383c12cb16a5c4ba021d4ce28384776de,False,False,False,False
SQR7000BEVT194,0,0,0,not_in_observed_filtered_views,0,0,[],[],[],[],[],[],[],[],[],False,[],False,False,False,[],[],[],old-37-Word97--0-21,原件/免征目录/mf_batch37.doc,136057faede292d8070763e326c8dbdcddf3790653cc6879a13758f91556881f,False,False,False,False
SQR7000BEVT195,0,0,1,old_only,0,0,[],[],"[""NEDC""]",[],"[""401""]",[],[null],[],"[{""eleEquivalentFuelConsumption"": ""1.62"", ""runingRange"": ""401"", ""workConditionType"": ""NEDC""}]",True,[],False,False,False,[],[],[],old-37-Word97--0-22,原件/免征目录/mf_batch37.doc,136057faede292d8070763e326c8dbdcddf3790653cc6879a13758f91556881f,False,False,False,False
SQR7001BEVJ51,0,0,0,not_in_observed_filtered_views,0,0,[],[],[],[],[],[],[],[],[],False,[],False,False,False,[],[],[],old-09-PDF-grid-2-0-27,原件/免征目录/mf_batch09.pdf,7eea7200c04fefec34f6ae6db5a1bae77f82a534348f266e95575cae051c8c8c,False,False,False,False
SQR7001BEVJ693,0,0,0,not_in_observed_filtered_views,0,0,[],[],[],[],[],[],[],[],[],False,[],False,False,False,[],[],[],old-25-Word97--0-17,原件/免征目录/mf_batch25.wps,9d2abe319463522513fe9c90f98bb8d0a825b599267d0b3cc403cec9624b3297,False,False,False,False
SQR7001BEVJ72,0,0,0,not_in_observed_filtered_views,0,0,[],[],[],[],[],[],[],[],[],False,[],False,False,False,[],[],[],old-24-Word97--1-4,原件/免征目录/mf_batch24.wps,07775a0cb063fe0fce5880b9378dd1eb2522b725d645cabdee314d604779939d,False,False,False,False
SQR7003BEVJ51,0,0,0,not_in_observed_filtered_views,0,0,[],[],[],[],[],[],[],[],[],False,[],False,False,False,[],[],[],old-18-Word97--0-57,原件/免征目录/mf_batch18.doc,43f5426f7f80996ee11a894710d7229c743abf7ad69ba239f61075e0a9ddd37a,False,False,False,False
STJ6402EV,0,0,0,not_in_observed_filtered_views,0,0,[],[],[],[],[],[],[],[],[],False,[],False,False,False,[],[],[],old-04-PDF-grid-1-0-14,原件/免征目录/mf_batch04.pdf,7539cd299efb49a366656a4da32393075bcb03a5e10ea54e975f82f6099d9c81,False,False,False,False
STJ6407EV,0,0,0,not_in_observed_filtered_views,0,0,[],[],[],[],[],[],[],[],[],False,[],False,False,False,[],[],[],old-09-PDF-grid-3-0-4,原件/免征目录/mf_batch09.pdf,7eea7200c04fefec34f6ae6db5a1bae77f82a534348f266e95575cae051c8c8c,False,False,False,False
STJ6408EV,0,0,0,not_in_observed_filtered_views,0,0,[],[],[],[],[],[],[],[],[],False,[],False,False,False,[],[],[],old-20-DOCX--0-50,原件/免征目录/mf_batch20.docx,374d3f87551d75d1c163e76abb38f350ea93f8a2b8cad6174568c307d1cc0130,False,False,False,False
STJ6460EV1,0,0,0,not_in_observed_filtered_views,0,0,[],[],[],[],[],[],[],[],[],False,[],False,False,False,[],[],[],old-11-PDF-grid-2-0-3,原件/免征目录/mf_batch11.pdf,ec4f33e5e872841e6d1fa5d435793c285a15614ef2e64f39b9013389b5e51724,False,False,False,False
STJ6460EV5,0,0,0,not_in_observed_filtered_views,0,0,[],[],[],[],[],[],[],[],[],False,[],False,False,False,[],[],[],old-17-PDF-grid-2-0-14,原件/免征目录/mf_batch17.pdf,577a4ba9c586fe08565f6a60e6de5474698031566d8dcef484cd44335879e334,False,False,False,False
SVW6451AEV,0,0,2,old_only,0,0,[],[],"[""NEDC""]",[],"[""315""]",[],[null],[],"[{""eleEquivalentFuelConsumption"": ""1.6"", ""runingRange"": ""315"", ""workConditionType"": ""NEDC""}]",True,[],False,False,False,[],[],[],old-30-Word97--0-50,原件/免征目录/mf_batch30.doc,e7fa3b47858ec2035b8055bc15be00b2b26920a5e8d3cad481058a80b92ead24,False,False,False,False
SVW6461AEV,0,0,1,old_only,0,0,[],[],"[""NEDC""]",[],"[""402""]",[],[null],[],"[{""eleEquivalentFuelConsumption"": ""1.7"", ""runingRange"": ""402"", ""workConditionType"": ""NEDC""}]",True,[],False,False,False,[],[],[],old-40-Word97--0-24,原件/免征目录/mf_batch40.doc,93047c8e87a1f45948933ee36d00160788032370ecf11b551624e0ca45ecc1d1,False,False,False,False
SVW6461BEV,0,0,9,old_only,0,0,[],[],"[""NEDC""]",[],"[""555""]",[],[null],[],"[{""eleEquivalentFuelConsumption"": ""1.8"", ""runingRange"": ""555"", ""workConditionType"": ""NEDC""}]",True,[],False,False,False,[],[],[],old-33-Word97--0-7,原件/免征目录/mf_batch33.doc,ff98fbb1708c47cdcfc1e79e7a1647e72a7ae6d4255dce3b250d661001340c09,False,False,False,False
SVW6461CEV,0,0,7,old_only,0,0,[],[],"[""NEDC""]",[],"[""520""]",[],[null],[],"[{""eleEquivalentFuelConsumption"": ""1.9"", ""runingRange"": ""520"", ""workConditionType"": ""NEDC""}]",True,[],False,False,False,[],[],[],old-40-Word97--0-23,原件/免征目录/mf_batch40.doc,93047c8e87a1f45948933ee36d00160788032370ecf11b551624e0ca45ecc1d1,False,False,False,False
SVW6461DEV,1,1,1,both,1,0,[],"[""5""]","[""CATC""]","[""425""]","[""425""]","[""14.0""]","[""14.0""]","[""1960""]","[{""eleEquivalentFuelConsumption"": ""1.58"", ""powerConsumption"": ""14.0"", ""runingRange"": ""425"", ""workConditionType"": ""CATC""}]",True,[],False,False,False,"[""2023-11-20""]","[""2024-06-28""]","[""新版油耗数据备案""]",old-56-Word97--0-29,原件/免征目录/mf_batch56.doc,cbffdc0819640e8f18c11a2a277b26b2e043c81406533457ff225f4df1c6c068,False,False,False,False
SVW6461EEV,0,0,2,old_only,0,0,[],[],"[""CATC""]",[],"[""561""]",[],"[""15.8""]",[],"[{""eleEquivalentFuelConsumption"": ""1.79"", ""powerConsumption"": ""15.8"", ""runingRange"": ""561"", ""workConditionType"": ""CATC""}]",True,[],False,False,False,[],[],[],old-56-Word97--0-28,原件/免征目录/mf_batch56.doc,cbffdc0819640e8f18c11a2a277b26b2e043c81406533457ff225f4df1c6c068,False,False,False,False
SVW6461FEV,1,1,1,both,1,0,[],"[""5""]","[""CATC""]","[""601""]","[""601""]","[""14.5""]","[""14.5 ""]","[""2120""]","[{""eleEquivalentFuelConsumption"": ""1.64"", ""powerConsumption"": ""14.5 "", ""runingRange"": ""601"", ""workConditionType"": ""CATC""}]",True,"[""new_old_consumption_raw_value_sets_differ_units_not_normalized""]",False,False,False,"[""2023-11-20""]","[""2024-06-28""]","[""新版油耗数据备案""]",old-71-Word97--0-23,原件/免征目录/mf_batch71.doc,b37b78b64b8ef7e12e6e95d6fd27a4a6e364c0c83ba403ffcf3bca82c60e3460,False,False,False,False
SVW6461GEV,1,1,1,both,1,0,[],"[""5""]","[""CATC""]","[""555""]","[""555""]","[""15.8""]","[""15.8 ""]","[""2250""]","[{""eleEquivalentFuelConsumption"": ""1.79"", ""powerConsumption"": ""15.8 "", ""runingRange"": ""555"", ""workConditionType"": ""CATC""}]",True,"[""new_old_consumption_raw_value_sets_differ_units_not_normalized""]",False,False,False,"[""2023-11-20""]","[""2024-06-28""]","[""新版油耗数据备案""]",old-71-Word97--0-24,原件/免征目录/mf_batch71.doc,b37b78b64b8ef7e12e6e95d6fd27a4a6e364c0c83ba403ffcf3bca82c60e3460,False,False,False,False
SVW6492AEV,0,0,2,old_only,0,0,[],[],"[""NEDC""]",[],"[""436"", null]",[],[null],[],"[{""eleEquivalentFuelConsumption"": ""1.7"", ""runingRange"": ""436"", ""workConditionType"": ""NEDC""}, {""eleEquivalentFuelConsumption"": ""1.7"", ""workConditionType"": ""NEDC""}]",True,"[""multiple_old_range_raw_values""]",False,False,False,[],[],[],old-42-Word97--0-48,原件/免征目录/mf_batch42.doc,fef4fd8ea19d773d368642e51a4bdb24c148530251a2240be4ff1358d5d41fab,False,False,False,False
SVW6492BEV,1,1,3,both,1,0,[],"[""5""]","[""NEDC""]","[""617""]","[""588""]","[""14.6""]",[null],"[""2280""]","[{""eleEquivalentFuelConsumption"": ""1.8"", ""runingRange"": ""588"", ""workConditionType"": ""NEDC""}]",True,"[""new_old_range_raw_value_sets_differ"", ""new_old_consumption_raw_value_sets_differ_units_not_normalized""]",False,False,False,"[""2023-08-15""]","[""2024-06-28""]","[""新版油耗数据备案""]",old-40-Word97--0-22,原件/免征目录/mf_batch40.doc,93047c8e87a1f45948933ee36d00160788032370ecf11b551624e0ca45ecc1d1,False,False,False,False
SVW6492CEV,0,0,5,old_only,0,0,[],[],"[""NEDC""]",[],"[""510"", null]",[],[null],[],"[{""eleEquivalentFuelConsumption"": ""2.0"", ""runingRange"": ""510"", ""workConditionType"": ""NEDC""}, {""eleEquivalentFuelConsumption"": ""2.0"", ""workConditionType"": ""NEDC""}]",True,"[""multiple_old_range_raw_values""]",False,False,False,[],[],[],old-42-Word97--0-47,原件/免征目录/mf_batch42.doc,fef4fd8ea19d773d368642e51a4bdb24c148530251a2240be4ff1358d5d41fab,False,False,False,False
SVW6492DEV,1,1,3,both,1,0,[],"[""5""]","[""CATC""]","[""617""]","[""617""]","[""14.6""]","[""14.6""]","[""2280""]","[{""eleEquivalentFuelConsumption"": ""1.65"", ""powerConsumption"": ""14.6"", ""runingRange"": ""617"", ""workConditionType"": ""CATC""}]",True,[],False,False,False,"[""2023-08-15""]","[""2024-06-28""]","[""新版油耗数据备案""]",old-56-Word97--0-26,原件/免征目录/mf_batch56.doc,cbffdc0819640e8f18c11a2a277b26b2e043c81406533457ff225f4df1c6c068,False,False,False,False
SVW6492EEV,0,0,2,old_only,0,0,[],[],"[""CATC""]",[],"[""555""]",[],"[""16.0""]",[],"[{""eleEquivalentFuelConsumption"": ""1.81"", ""powerConsumption"": ""16.0"", ""runingRange"": ""555"", ""workConditionType"": ""CATC""}]",True,[],False,False,False,[],[],[],old-56-Word97--0-30,原件/免征目录/mf_batch56.doc,cbffdc0819640e8f18c11a2a277b26b2e043c81406533457ff225f4df1c6c068,False,False,False,False
SVW6492FEV,1,1,1,both,1,0,[],"[""5""]","[""CATC""]","[""601""]","[""601""]","[""14.5""]","[""14.5 ""]","[""2280""]","[{""eleEquivalentFuelConsumption"": ""1.64"", ""powerConsumption"": ""14.5 "", ""runingRange"": ""601"", ""workConditionType"": ""CATC""}]",True,"[""new_old_consumption_raw_value_sets_differ_units_not_normalized""]",False,False,False,"[""2023-11-20""]","[""2024-06-28""]","[""新版油耗数据备案""]",old-71-Word97--0-22,原件/免征目录/mf_batch71.doc,b37b78b64b8ef7e12e6e95d6fd27a4a6e364c0c83ba403ffcf3bca82c60e3460,False,False,False,False
SVW6492GEV,1,1,1,both,1,0,[],"[""5""]","[""CATC""]","[""601""]","[""601""]","[""14.5""]","[""14.5 ""]","[""2280""]","[{""eleEquivalentFuelConsumption"": ""1.64"", ""powerConsumption"": ""14.5 "", ""runingRange"": ""601"", ""workConditionType"": ""CATC""}]",True,"[""new_old_consumption_raw_value_sets_differ_units_not_normalized""]",False,False,False,"[""2023-11-20""]","[""2024-06-28""]","[""新版油耗数据备案""]",old-71-Word97--0-20,原件/免征目录/mf_batch71.doc,b37b78b64b8ef7e12e6e95d6fd27a4a6e364c0c83ba403ffcf3bca82c60e3460,False,False,False,False
SVW6492HEV,1,1,1,both,1,0,[],"[""5""]","[""CATC""]","[""550""]","[""550""]","[""16.0""]","[""16.0 ""]","[""2395""]","[{""eleEquivalentFuelConsumption"": ""1.81"", ""powerConsumption"": ""16.0 "", ""runingRange"": ""550"", ""workConditionType"": ""CATC""}]",True,"[""new_old_consumption_raw_value_sets_differ_units_not_normalized""]",False,False,False,"[""2023-11-20""]","[""2024-06-28""]","[""新版油耗数据备案""]",old-71-Word97--0-21,原件/免征目录/mf_batch71.doc,b37b78b64b8ef7e12e6e95d6fd27a4a6e364c0c83ba403ffcf3bca82c60e3460,False,False,False,False
SVW6493AEV,0,0,3,old_only,0,0,[],[],"[""CATC""]",[],"[""420""]",[],"[""15.9""]",[],"[{""eleEquivalentFuelConsumption"": ""1.80"", ""powerConsumption"": ""15.9"", ""runingRange"": ""420"", ""workConditionType"": ""CATC""}]",True,[],False,False,False,[],[],[],old-46-Word97--0-61,原件/免征目录/mf_batch46.doc,a4b2048b3d5c29a8969f0348e9fd19a3293f0c23e6f37a48bf42a2ed70c7d37d,False,False,False,False
SVW6493BEV,0,0,3,old_only,0,0,[],[],"[""CATC""]",[],"[""420""]",[],"[""15.9""]",[],"[{""eleEquivalentFuelConsumption"": ""1.80"", ""powerConsumption"": ""15.9"", ""runingRange"": ""420"", ""workConditionType"": ""CATC""}]",True,[],False,False,False,[],[],[],old-46-Word97--0-57,原件/免征目录/mf_batch46.doc,a4b2048b3d5c29a8969f0348e9fd19a3293f0c23e6f37a48bf42a2ed70c7d37d,False,False,False,False
SVW6493CEV,1,1,3,both,1,0,[],"[""5""]","[""CATC""]","[""560""]","[""560""]","[""15.9""]","[""15.9""]","[""2325""]","[{""eleEquivalentFuelConsumption"": ""1.80"", ""powerConsumption"": ""15.9"", ""runingRange"": ""560"", ""workConditionType"": ""CATC""}]",True,[],False,False,False,"[""2023-08-15""]","[""2024-06-28""]","[""新版油耗数据备案""]",old-46-Word97--0-59,原件/免征目录/mf_batch46.doc,a4b2048b3d5c29a8969f0348e9fd19a3293f0c23e6f37a48bf42a2ed70c7d37d,False,False,False,False
SVW6493DEV,1,1,3,both,1,0,[],"[""5""]","[""CATC""]","[""560""]","[""560""]","[""15.9""]","[""15.9""]","[""2325""]","[{""eleEquivalentFuelConsumption"": ""1.80"", ""powerConsumption"": ""15.9"", ""runingRange"": ""560"", ""workConditionType"": ""CATC""}]",True,[],False,False,False,"[""2023-08-15""]","[""2024-06-28""]","[""新版油耗数据备案""]",old-46-Word97--0-60,原件/免征目录/mf_batch46.doc,a4b2048b3d5c29a8969f0348e9fd19a3293f0c23e6f37a48bf42a2ed70c7d37d,False,False,False,False
SVW6493EEV,0,0,2,old_only,0,0,[],[],"[""CATC""]",[],"[""520""]",[],"[""17.0""]",[],"[{""eleEquivalentFuelConsumption"": ""1.92"", ""powerConsumption"": ""17.0"", ""runingRange"": ""520"", ""workConditionType"": ""CATC""}]",True,[],False,False,False,[],[],[],old-46-Word97--0-58,原件/免征目录/mf_batch46.doc,a4b2048b3d5c29a8969f0348e9fd19a3293f0c23e6f37a48bf42a2ed70c7d37d,False,False,False,False
SVW6493FEV,1,1,2,both,1,0,[],"[""5""]","[""CATC""]","[""550""]","[""550""]","[""16.2""]","[""16.2""]","[""2410""]","[{""eleEquivalentFuelConsumption"": ""1.83"", ""powerConsumption"": ""16.2"", ""runingRange"": ""550"", ""workConditionType"": ""CATC""}]",True,[],False,False,False,"[""2023-08-15""]","[""2024-06-28""]","[""新版油耗数据备案""]",old-57-Word97--0-23,原件/免征目录/mf_batch57.doc,96d9708a19952b23d71fc40e9976a33ae30ca118226a032954a93ab36f355f21,False,False,False,False
SVW6493GEV,1,1,1,both,1,0,[],"[""5""]","[""CATC""]","[""582""]","[""582""]","[""15.0""]","[""15.0 ""]","[""2325""]","[{""eleEquivalentFuelConsumption"": ""1.70"", ""powerConsumption"": ""15.0 "", ""runingRange"": ""582"", ""workConditionType"": ""CATC""}]",True,"[""new_old_consumption_raw_value_sets_differ_units_not_normalized""]",False,False,False,"[""2023-11-20""]","[""2024-06-28""]","[""新版油耗数据备案""]",old-71-Word97--0-25,原件/免征目录/mf_batch71.doc,b37b78b64b8ef7e12e6e95d6fd27a4a6e364c0c83ba403ffcf3bca82c60e3460,False,False,False,False
SVW6493HEV,1,1,1,both,1,0,[],"[""5""]","[""CATC""]","[""582""]","[""582""]","[""15.0""]","[""15.0 ""]","[""2325""]","[{""eleEquivalentFuelConsumption"": ""1.70"", ""powerConsumption"": ""15.0 "", ""runingRange"": ""582"", ""workConditionType"": ""CATC""}]",True,"[""new_old_consumption_raw_value_sets_differ_units_not_normalized""]",False,False,False,"[""2023-11-20""]","[""2024-06-28""]","[""新版油耗数据备案""]",old-71-Word97--0-26,原件/免征目录/mf_batch71.doc,b37b78b64b8ef7e12e6e95d6fd27a4a6e364c0c83ba403ffcf3bca82c60e3460,False,False,False,False
SVW6493JEV,1,1,1,both,1,0,[],"[""5""]","[""CATC""]","[""546""]","[""546""]","[""16.2""]","[""16.2 ""]","[""2410""]","[{""eleEquivalentFuelConsumption"": ""1.83"", ""powerConsumption"": ""16.2 "", ""runingRange"": ""546"", ""workConditionType"": ""CATC""}]",True,"[""new_old_consumption_raw_value_sets_differ_units_not_normalized""]",False,False,False,"[""2023-11-20""]","[""2024-06-28""]","[""新版油耗数据备案""]",old-71-Word97--0-27,原件/免征目录/mf_batch71.doc,b37b78b64b8ef7e12e6e95d6fd27a4a6e364c0c83ba403ffcf3bca82c60e3460,False,False,False,False
SVW7000AEV,0,0,6,old_only,0,0,[],[],"[""NEDC""]",[],"[""430""]",[],[null],[],"[{""eleEquivalentFuelConsumption"": ""1.6"", ""runingRange"": ""430"", ""workConditionType"": ""NEDC""}]",True,[],False,False,False,[],[],[],old-44-Word97--0-51,原件/免征目录/mf_batch44.doc,aea30846204f4e55c0d969450f1619e1649eb27f471d5b0a2636d0da77eb0611,False,False,False,False
SVW7000BEV,1,1,2,both,1,0,[],"[""5""]","[""CATC""]","[""450""]","[""450""]","[""13.1""]","[""13.1""]","[""1760""]","[{""eleEquivalentFuelConsumption"": ""1.48"", ""powerConsumption"": ""13.1"", ""runingRange"": ""450"", ""workConditionType"": ""CATC""}]",True,[],False,False,False,"[""2023-11-20""]","[""2024-06-28""]","[""新版油耗数据备案""]",old-56-Word97--0-27,原件/免征目录/mf_batch56.doc,cbffdc0819640e8f18c11a2a277b26b2e043c81406533457ff225f4df1c6c068,False,False,False,False
SVW7001AEV,0,0,0,not_in_observed_filtered_views,0,0,[],[],[],[],[],[],[],[],[],False,[],False,False,False,[],[],[],old-22-Word97--0-6,原件/免征目录/mf_batch22.doc,eaf3fc1e64742af85b3d4bc90388d0a93154a497fd6c1fb9bf73b857672e1212,False,False,False,False
SVW7002AEV,0,0,0,not_in_observed_filtered_views,0,0,[],[],[],[],[],[],[],[],[],False,[],False,False,False,[],[],[],old-23-Word97--0-54,原件/免征目录/mf_batch23.docx,87f838de0da3ba5887f77b2bf5c1dbf5b427e7cef896309a7084c11dd8f5efa0,False,False,False,False
SVW7003AEV,0,0,4,old_only,0,0,[],[],"[""NEDC""]",[],"[""278""]",[],[null],[],"[{""eleEquivalentFuelConsumption"": ""1.5"", ""runingRange"": ""278"", ""workConditionType"": ""NEDC""}]",True,[],False,False,False,[],[],[],old-26-DOCX--0-39,原件/免征目录/mf_batch26.docx,de0890335ef3a4f1302a8a0735ec8b6aed52e994e2635db481820060d62248b5,False,False,False,False
SVW7005AEV,0,0,3,old_only,0,0,[],[],"[""CATC""]",[],"[""346""]",[],"[""13.2""]",[],"[{""eleEquivalentFuelConsumption"": ""1.5"", ""powerConsumption"": ""13.2"", ""runingRange"": ""346"", ""workConditionType"": ""CATC""}]",True,[],False,False,False,[],[],[],old-30-Word97--0-51,原件/免征目录/mf_batch30.doc,e7fa3b47858ec2035b8055bc15be00b2b26920a5e8d3cad481058a80b92ead24,False,False,False,False
SY6470BEVD1AL,0,0,0,not_in_observed_filtered_views,0,0,[],[],[],[],[],[],[],[],[],False,[],False,False,False,[],[],[],old-24-Word97--0-3,原件/免征目录/mf_batch24.wps,07775a0cb063fe0fce5880b9378dd1eb2522b725d645cabdee314d604779939d,False,False,False,False
SY7000BEVDAC,0,0,0,not_in_observed_filtered_views,0,0,[],[],[],[],[],[],[],[],[],False,[],False,False,False,[],[],[],old-27-Word97--0-16,原件/免征目录/mf_batch27.doc,2bd67cf7e1efc03ae93942d0d340ffef87478709520383b6ee4d08baf843ead1,False,False,False,False
SY7000BEVDAE1,0,0,0,not_in_observed_filtered_views,0,0,[],[],[],[],[],[],[],[],[],False,[],False,False,False,[],[],[],old-04-PDF-grid-1-0-11,原件/免征目录/mf_batch04.pdf,7539cd299efb49a366656a4da32393075bcb03a5e10ea54e975f82f6099d9c81,False,False,False,False
SY7001BEVDXAA,0,0,0,not_in_observed_filtered_views,0,0,[],[],[],[],[],[],[],[],[],False,[],False,False,False,[],[],[],old-37-Word97--0-18,原件/免征目录/mf_batch37.doc,136057faede292d8070763e326c8dbdcddf3790653cc6879a13758f91556881f,False,False,False,False
SY7001BEVDXAA1,0,0,0,not_in_observed_filtered_views,0,0,[],[],[],[],[],[],[],[],[],False,[],False,False,False,[],[],[],old-42-Word97--0-31,原件/免征目录/mf_batch42.doc,fef4fd8ea19d773d368642e51a4bdb24c148530251a2240be4ff1358d5d41fab,False,False,False,False
SZS6460A05BEV,0,0,4,old_only,0,0,[],[],"[""NEDC""]",[],"[""403"", ""520""]",[],"[""14.10 "", ""14.70 ""]",[],"[{""eleEquivalentFuelConsumption"": ""1.60 "", ""powerConsumption"": ""14.10 "", ""runingRange"": ""520"", ""workConditionType"": ""NEDC""}, {""eleEquivalentFuelConsumption"": ""1.70 "", ""powerConsumption"": ""14.70 "", ""runingRange"": ""403"", ""workConditionType"": ""NEDC""}]",True,"[""multiple_old_range_raw_values"", ""multiple_old_consumption_raw_values""]",False,False,False,[],[],[],old-19-DOCX--0-46,原件/免征目录/mf_batch19.docx,fafd1558aa0f21067847c19bdd0a95c79b919737be7b07b87c4538107fb2b8e3,False,False,False,False
SZS6460A06BEV,0,0,2,old_only,0,0,[],[],"[""NEDC""]",[],"[""303""]",[],"[""16.50 ""]",[],"[{""eleEquivalentFuelConsumption"": ""1.90 "", ""powerConsumption"": ""16.50 "", ""runingRange"": ""303"", ""workConditionType"": ""NEDC""}]",True,[],False,False,False,[],[],[],old-19-DOCX--0-47,原件/免征目录/mf_batch19.docx,fafd1558aa0f21067847c19bdd0a95c79b919737be7b07b87c4538107fb2b8e3,False,False,False,False
SZS6460A07BEV,0,0,4,old_only,0,0,[],[],"[""NEDC""]",[],"[""460"", ""520""]",[],"[""13.80 "", ""14.10 ""]",[],"[{""eleEquivalentFuelConsumption"": ""1.60 "", ""powerConsumption"": ""13.80 "", ""runingRange"": ""460"", ""workConditionType"": ""NEDC""}, {""eleEquivalentFuelConsumption"": ""1.60 "", ""powerConsumption"": ""14.10 "", ""runingRange"": ""520"", ""workConditionType"": ""NEDC""}]",True,"[""multiple_old_range_raw_values"", ""multiple_old_consumption_raw_values""]",False,False,False,[],[],[],old-20-DOCX--0-68,原件/免征目录/mf_batch20.docx,374d3f87551d75d1c163e76abb38f350ea93f8a2b8cad6174568c307d1cc0130,False,False,False,False
SZS6460A11BEV,0,0,2,old_only,0,0,[],[],"[""NEDC""]",[],"[""460""]",[],"[""14.20 ""]",[],"[{""eleEquivalentFuelConsumption"": ""1.60 "", ""powerConsumption"": ""14.20 "", ""runingRange"": ""460"", ""workConditionType"": ""NEDC""}]",True,[],False,False,False,[],[],[],old-21-DOCX--0-21,原件/免征目录/mf_batch21.docx,cd981cecffd781db646c194ab2c853b0466cc86eea0f616e95300b88932b8d9b,False,False,False,False
SZS6460A12BEV,0,0,2,old_only,0,0,[],[],"[""NEDC""]",[],"[""403""]",[],"[""15 ""]",[],"[{""eleEquivalentFuelConsumption"": ""1.70 "", ""powerConsumption"": ""15 "", ""runingRange"": ""403"", ""workConditionType"": ""NEDC""}]",True,[],False,False,False,[],[],[],old-20-DOCX--0-70,原件/免征目录/mf_batch20.docx,374d3f87551d75d1c163e76abb38f350ea93f8a2b8cad6174568c307d1cc0130,False,False,False,False
SZS6460A13BEV,0,0,2,old_only,0,0,[],[],"[""NEDC""]",[],"[""303""]",[],"[""16.30 ""]",[],"[{""eleEquivalentFuelConsumption"": ""1.80 "", ""powerConsumption"": ""16.30 "", ""runingRange"": ""303"", ""workConditionType"": ""NEDC""}]",True,[],False,False,False,[],[],[],old-20-DOCX--0-71,原件/免征目录/mf_batch20.docx,374d3f87551d75d1c163e76abb38f350ea93f8a2b8cad6174568c307d1cc0130,False,False,False,False
SZS6460A14BEV,0,0,1,old_only,0,0,[],[],"[""NEDC""]",[],"[""460""]",[],"[""14 ""]",[],"[{""eleEquivalentFuelConsumption"": ""1.60 "", ""powerConsumption"": ""14 "", ""runingRange"": ""460"", ""workConditionType"": ""NEDC""}]",True,[],False,False,False,[],[],[],old-21-DOCX--0-22,原件/免征目录/mf_batch21.docx,cd981cecffd781db646c194ab2c853b0466cc86eea0f616e95300b88932b8d9b,False,False,False,False
SZS6460A20BEV,0,0,4,old_only,0,0,[],[],"[""NEDC""]",[],"[""403""]",[],"[""14.10 "", ""14.70 ""]",[],"[{""eleEquivalentFuelConsumption"": ""1.60 "", ""powerConsumption"": ""14.10 "", ""runingRange"": ""403"", ""workConditionType"": ""NEDC""}, {""eleEquivalentFuelConsumption"": ""1.70 "", ""powerConsumption"": ""14.70 "", ""runingRange"": ""403"", ""workConditionType"": ""NEDC""}]",True,"[""multiple_old_consumption_raw_values""]",False,False,False,[],[],[],old-24-Word97--2-19,原件/免征目录/mf_batch24.wps,07775a0cb063fe0fce5880b9378dd1eb2522b725d645cabdee314d604779939d,False,False,False,False
SZS6460A21BEV,0,0,0,not_in_observed_filtered_views,0,0,[],[],[],[],[],[],[],[],[],False,[],False,False,False,[],[],[],old-24-Word97--2-20,原件/免征目录/mf_batch24.wps,07775a0cb063fe0fce5880b9378dd1eb2522b725d645cabdee314d604779939d,False,False,False,False
SZS6460A25BEV,0,0,0,not_in_observed_filtered_views,0,0,[],[],[],[],[],[],[],[],[],False,[],False,False,False,[],[],[],old-24-Word97--3-3,原件/免征目录/mf_batch24.wps,07775a0cb063fe0fce5880b9378dd1eb2522b725d645cabdee314d604779939d,False,False,False,False
SZS6460A27BEV,0,0,2,old_only,0,0,[],[],"[""NEDC""]",[],"[""520""]",[],"[""14 ""]",[],"[{""eleEquivalentFuelConsumption"": ""1.60 "", ""powerConsumption"": ""14 "", ""runingRange"": ""520"", ""workConditionType"": ""NEDC""}]",True,[],False,False,False,[],[],[],old-31-Word97--0-6,原件/免征目录/mf_batch31.doc,e1ccec4a87ab96ca346e5756d6b14369eb9727ec2c2cfd03c1182a592ddd3bee,False,False,False,False
SZS6460A28BEV,0,0,2,old_only,0,0,[],[],"[""NEDC""]",[],"[""403""]",[],"[""15 ""]",[],"[{""eleEquivalentFuelConsumption"": ""1.70 "", ""powerConsumption"": ""15 "", ""runingRange"": ""403"", ""workConditionType"": ""NEDC""}]",True,[],False,False,False,[],[],[],old-28-Word97--0-7,原件/免征目录/mf_batch28.doc,dfe1b301a5e8373e94e0e4a2fccee3d258c56bb662e4928764a71274142acd72,False,False,False,False
SZS6460A29BEV,0,0,0,not_in_observed_filtered_views,0,0,[],[],[],[],[],[],[],[],[],False,[],False,False,False,[],[],[],old-37-Word97--0-23,原件/免征目录/mf_batch37.doc,136057faede292d8070763e326c8dbdcddf3790653cc6879a13758f91556881f,False,False,False,False
SZS6460A30BEV,0,0,2,old_only,0,0,[],[],"[""NEDC""]",[],"[""520""]",[],"[""14 ""]",[],"[{""eleEquivalentFuelConsumption"": ""1.60 "", ""powerConsumption"": ""14 "", ""runingRange"": ""520"", ""workConditionType"": ""NEDC""}]",True,[],False,False,False,[],[],[],old-25-Word97--0-68,原件/免征目录/mf_batch25.wps,9d2abe319463522513fe9c90f98bb8d0a825b599267d0b3cc403cec9624b3297,False,False,False,False
SZS6460A33BEV,0,0,2,old_only,0,0,[],[],"[""NEDC""]",[],"[""520""]",[],"[""14 ""]",[],"[{""eleEquivalentFuelConsumption"": ""1.60 "", ""powerConsumption"": ""14 "", ""runingRange"": ""520"", ""workConditionType"": ""NEDC""}]",True,[],False,False,False,[],[],[],old-31-Word97--0-7,原件/免征目录/mf_batch31.doc,e1ccec4a87ab96ca346e5756d6b14369eb9727ec2c2cfd03c1182a592ddd3bee,False,False,False,False
SZS6460A35BEV,0,0,4,old_only,0,0,[],[],"[""NEDC""]",[],"[""475"", ""520""]",[],"[""14 ""]",[],"[{""eleEquivalentFuelConsumption"": ""1.50 "", ""powerConsumption"": ""14 "", ""runingRange"": ""475"", ""workConditionType"": ""NEDC""}, {""eleEquivalentFuelConsumption"": ""1.60 "", ""powerConsumption"": ""14 "", ""runingRange"": ""520"", ""workConditionType"": ""NEDC""}]",True,"[""multiple_old_range_raw_values""]",False,False,False,[],[],[],old-30-Word97--0-45,原件/免征目录/mf_batch30.doc,e7fa3b47858ec2035b8055bc15be00b2b26920a5e8d3cad481058a80b92ead24,False,False,False,False
SZS6460A36BEV,0,0,6,old_only,0,0,[],[],"[""NEDC""]",[],"[""403""]",[],"[""15 ""]",[],"[{""eleEquivalentFuelConsumption"": ""1.70 "", ""powerConsumption"": ""15 "", ""runingRange"": ""403"", ""workConditionType"": ""NEDC""}]",True,[],False,False,False,[],[],[],mf29-t0-r7,原件/mf_batch29.doc,8d24a01958cc6d44fa7826ecbb6a76869b9a0f2c98b97597d57af02932f2afaf,False,False,False,False
SZS6460A37BEV,0,0,0,not_in_observed_filtered_views,0,0,[],[],[],[],[],[],[],[],[],False,[],False,False,False,[],[],[],old-34-Word97--0-21,原件/免征目录/mf_batch34.doc,d5c5bb03cc5fe0f16b284048e265ad35d62c12c0416f14aef0ce026a229aa831,False,False,False,False
SZS6460A38BEV,0,0,4,old_only,0,0,[],[],"[""NEDC""]",[],"[""403""]",[],"[""14 "", ""15 ""]",[],"[{""eleEquivalentFuelConsumption"": ""1.60 "", ""powerConsumption"": ""14 "", ""runingRange"": ""403"", ""workConditionType"": ""NEDC""}, {""eleEquivalentFuelConsumption"": ""1.70 "", ""powerConsumption"": ""15 "", ""runingRange"": ""403"", ""workConditionType"": ""NEDC""}]",True,"[""multiple_old_consumption_raw_values""]",False,False,False,[],[],[],mf29-t0-r8,原件/mf_batch29.doc,8d24a01958cc6d44fa7826ecbb6a76869b9a0f2c98b97597d57af02932f2afaf,False,False,False,False
SZS6460A39BEV,0,0,2,old_only,0,0,[],[],"[""NEDC""]",[],"[""520""]",[],"[""14 ""]",[],"[{""eleEquivalentFuelConsumption"": ""1.60 "", ""powerConsumption"": ""14 "", ""runingRange"": ""520"", ""workConditionType"": ""NEDC""}]",True,[],False,False,False,[],[],[],mf29-t0-r9,原件/mf_batch29.doc,8d24a01958cc6d44fa7826ecbb6a76869b9a0f2c98b97597d57af02932f2afaf,False,False,False,False
SZS6460A50BEV,0,0,0,not_in_observed_filtered_views,0,0,[],[],[],[],[],[],[],[],[],False,[],False,False,False,[],[],[],old-34-Word97--0-22,原件/免征目录/mf_batch34.doc,d5c5bb03cc5fe0f16b284048e265ad35d62c12c0416f14aef0ce026a229aa831,False,False,False,False
SZS6460A51BEV,0,0,0,not_in_observed_filtered_views,0,0,[],[],[],[],[],[],[],[],[],False,[],False,False,False,[],[],[],old-34-Word97--0-23,原件/免征目录/mf_batch34.doc,d5c5bb03cc5fe0f16b284048e265ad35d62c12c0416f14aef0ce026a229aa831,False,False,False,False
SZS6460A52BEV,0,0,0,not_in_observed_filtered_views,0,0,[],[],[],[],[],[],[],[],[],False,[],False,False,False,[],[],[],old-35-Word97--0-22,原件/免征目录/mf_batch35.wps,e4a6abd0e50daa81d029f8b37584511354700e855dc89de210fcba782b0643f0,False,False,False,False
SZS6460A53BEV,0,0,2,old_only,0,0,[],[],"[""NEDC""]",[],"[""403""]",[],"[""14 ""]",[],"[{""eleEquivalentFuelConsumption"": ""1.60 "", ""powerConsumption"": ""14 "", ""runingRange"": ""403"", ""workConditionType"": ""NEDC""}]",True,[],False,False,False,[],[],[],old-35-Word97--0-23,原件/免征目录/mf_batch35.wps,e4a6abd0e50daa81d029f8b37584511354700e855dc89de210fcba782b0643f0,False,False,False,False
SZS6460A54BEV,0,0,0,not_in_observed_filtered_views,0,0,[],[],[],[],[],[],[],[],[],False,[],False,False,False,[],[],[],old-37-Word97--0-24,原件/免征目录/mf_batch37.doc,136057faede292d8070763e326c8dbdcddf3790653cc6879a13758f91556881f,False,False,False,False
SZS6460A55BEV,0,0,2,old_only,0,0,[],[],"[""NEDC""]",[],"[""403""]",[],"[""14 ""]",[],"[{""eleEquivalentFuelConsumption"": ""1.60 "", ""powerConsumption"": ""14 "", ""runingRange"": ""403"", ""workConditionType"": ""NEDC""}]",True,[],False,False,False,[],[],[],old-38-Word97--0-11,原件/免征目录/mf_batch38.doc,7c9def45fe5c40e4c5ffb483a1d1efd383c12cb16a5c4ba021d4ce28384776de,False,False,False,False
SZS6460A56BEV,0,0,2,old_only,0,0,[],[],"[""NEDC""]",[],"[""403""]",[],"[""14 ""]",[],"[{""eleEquivalentFuelConsumption"": ""1.60 "", ""powerConsumption"": ""14 "", ""runingRange"": ""403"", ""workConditionType"": ""NEDC""}]",True,[],False,False,False,[],[],[],old-39-Word97--0-16,原件/免征目录/mf_batch39.doc,48158862f567d71b07ac0a7a60c2c3bc6d2bb44dd5a86290b0b809d757a9eb07,False,False,False,False
SZS6460A57BEV,0,0,0,not_in_observed_filtered_views,0,0,[],[],[],[],[],[],[],[],[],False,[],False,False,False,[],[],[],old-39-Word97--0-15,原件/免征目录/mf_batch39.doc,48158862f567d71b07ac0a7a60c2c3bc6d2bb44dd5a86290b0b809d757a9eb07,False,False,False,False
SZS6460A58BEV,0,0,2,old_only,0,0,[],[],"[""NEDC""]",[],"[""403""]",[],"[""14 ""]",[],"[{""eleEquivalentFuelConsumption"": ""1.60 "", ""powerConsumption"": ""14 "", ""runingRange"": ""403"", ""workConditionType"": ""NEDC""}]",True,[],False,False,False,[],[],[],old-42-Word97--0-28,原件/免征目录/mf_batch42.doc,fef4fd8ea19d773d368642e51a4bdb24c148530251a2240be4ff1358d5d41fab,False,False,False,False
SZS6460A59BEV,0,0,4,old_only,0,0,[],[],"[""NEDC""]",[],"[""403""]",[],"[""14 "", ""14.1""]",[],"[{""eleEquivalentFuelConsumption"": ""1.6"", ""powerConsumption"": ""14.1"", ""runingRange"": ""403"", ""workConditionType"": ""NEDC""}, {""eleEquivalentFuelConsumption"": ""1.60 "", ""powerConsumption"": ""14 "", ""runingRange"": ""403"", ""workConditionType"": ""NEDC""}]",True,"[""multiple_old_consumption_raw_values""]",False,False,False,[],[],[],old-42-Word97--0-29,原件/免征目录/mf_batch42.doc,fef4fd8ea19d773d368642e51a4bdb24c148530251a2240be4ff1358d5d41fab,False,False,False,False
SZS6480A01BEV,0,0,2,old_only,0,0,[],[],"[""NEDC""]",[],"[""503""]",[],"[""14 ""]",[],"[{""eleEquivalentFuelConsumption"": ""1.60 "", ""powerConsumption"": ""14 "", ""runingRange"": ""503"", ""workConditionType"": ""NEDC""}]",True,[],False,False,False,[],[],[],old-25-Word97--0-69,原件/免征目录/mf_batch25.wps,9d2abe319463522513fe9c90f98bb8d0a825b599267d0b3cc403cec9624b3297,False,False,False,False
SZS6480A03BEV,0,0,2,old_only,0,0,[],[],"[""NEDC""]",[],"[""408""]",[],"[""14 ""]",[],"[{""eleEquivalentFuelConsumption"": ""1.60 "", ""powerConsumption"": ""14 "", ""runingRange"": ""408"", ""workConditionType"": ""NEDC""}]",True,[],False,False,False,[],[],[],old-26-DOCX--0-38,原件/免征目录/mf_batch26.docx,de0890335ef3a4f1302a8a0735ec8b6aed52e994e2635db481820060d62248b5,False,False,False,False
SZS6480A04BEV,0,0,2,old_only,0,0,[],[],"[""NEDC""]",[],"[""408""]",[],"[""15 ""]",[],"[{""eleEquivalentFuelConsumption"": ""1.70 "", ""powerConsumption"": ""15 "", ""runingRange"": ""408"", ""workConditionType"": ""NEDC""}]",True,[],False,False,False,[],[],[],mf29-t0-r10,原件/mf_batch29.doc,8d24a01958cc6d44fa7826ecbb6a76869b9a0f2c98b97597d57af02932f2afaf,False,False,False,False
SZS6480A07BEV,0,0,0,not_in_observed_filtered_views,0,0,[],[],[],[],[],[],[],[],[],False,[],False,False,False,[],[],[],old-31-Word97--0-8,原件/免征目录/mf_batch31.doc,e1ccec4a87ab96ca346e5756d6b14369eb9727ec2c2cfd03c1182a592ddd3bee,False,False,False,False
SZS6480A08BEV,0,0,2,old_only,0,0,[],[],"[""NEDC""]",[],"[""503""]",[],"[""14 ""]",[],"[{""eleEquivalentFuelConsumption"": ""1.60 "", ""powerConsumption"": ""14 "", ""runingRange"": ""503"", ""workConditionType"": ""NEDC""}]",True,[],False,False,False,[],[],[],old-31-Word97--0-9,原件/免征目录/mf_batch31.doc,e1ccec4a87ab96ca346e5756d6b14369eb9727ec2c2cfd03c1182a592ddd3bee,False,False,False,False
SZS7000A01BEV,0,0,2,old_only,0,0,[],[],"[""NEDC""]",[],"[""505""]",[],"[""13.1""]",[],"[{""eleEquivalentFuelConsumption"": ""1.5"", ""powerConsumption"": ""13.1"", ""runingRange"": ""505"", ""workConditionType"": ""NEDC""}]",True,[],False,False,False,[],[],[],old-44-Word97--0-24,原件/免征目录/mf_batch44.doc,aea30846204f4e55c0d969450f1619e1649eb27f471d5b0a2636d0da77eb0611,False,False,False,False
SZS7000A02BEV,0,0,0,not_in_observed_filtered_views,0,0,[],[],[],[],[],[],[],[],[],False,[],False,False,False,[],[],[],old-44-Word97--0-26,原件/免征目录/mf_batch44.doc,aea30846204f4e55c0d969450f1619e1649eb27f471d5b0a2636d0da77eb0611,False,False,False,False
SZS7000A03BEV,0,0,0,not_in_observed_filtered_views,0,0,[],[],[],[],[],[],[],[],[],False,[],False,False,False,[],[],[],old-44-Word97--0-25,原件/免征目录/mf_batch44.doc,aea30846204f4e55c0d969450f1619e1649eb27f471d5b0a2636d0da77eb0611,False,False,False,False
SZS7000A04BEV,0,0,2,old_only,0,0,[],[],"[""NEDC""]",[],"[""505""]",[],"[""13.1""]",[],"[{""eleEquivalentFuelConsumption"": ""1.5"", ""powerConsumption"": ""13.1"", ""runingRange"": ""505"", ""workConditionType"": ""NEDC""}]",True,[],False,False,False,[],[],[],old-45-Word97--0-19,原件/免征目录/mf_batch45.doc,56f5e7c5fd36e990024f8121006a76da260361f4e4660846e78255d007126f7a,False,False,False,False
SZS7000A05BEV,0,0,2,old_only,0,0,[],[],"[""NEDC""]",[],"[""410""]",[],"[""13.0""]",[],"[{""eleEquivalentFuelConsumption"": ""1.5"", ""powerConsumption"": ""13.0"", ""runingRange"": ""410"", ""workConditionType"": ""NEDC""}]",True,[],False,False,False,[],[],[],old-47-Word97--0-21,原件/免征目录/mf_batch47.doc,fb4517fe8220b10bc435a77a5328df13c732c70b335942dfad0ae9394affe9b4,False,False,False,False
SZS7000A20BEV,0,0,0,not_in_observed_filtered_views,0,0,[],[],[],[],[],[],[],[],[],False,[],False,False,False,[],[],[],old-49-Word97--0-16,原件/免征目录/mf_batch49.doc,c7a56509a4d9272982da0abc9d1ea213ee1fbea3d0f1edad124630c9b5e3474e,False,False,False,False
TAYCAN4D112,0,0,0,not_in_observed_filtered_views,0,0,[],[],[],[],[],[],[],[],[],False,[],False,False,False,[],[],[],old-60-Word97--0-7,原件/免征目录/mf_batch60.doc,aabd19e9a0955380873798454b18b3bb15c87937dffcbb0ccfab2eae3bf3551b,False,False,False,False
TAYCAN4SC111,0,0,0,not_in_observed_filtered_views,0,0,[],[],[],[],[],[],[],[],[],False,[],False,False,False,[],[],[],old-39-Word97--0-36,原件/免征目录/mf_batch39.doc,48158862f567d71b07ac0a7a60c2c3bc6d2bb44dd5a86290b0b809d757a9eb07,False,False,False,False
TAYCAN4SD111,0,0,0,not_in_observed_filtered_views,0,0,[],[],[],[],[],[],[],[],[],False,[],False,False,False,[],[],[],old-60-Word97--0-6,原件/免征目录/mf_batch60.doc,aabd19e9a0955380873798454b18b3bb15c87937dffcbb0ccfab2eae3bf3551b,False,False,False,False
TAYCAN4SD112,0,0,0,not_in_observed_filtered_views,0,0,[],[],[],[],[],[],[],[],[],False,[],False,False,False,[],[],[],old-60-Word97--0-5,原件/免征目录/mf_batch60.doc,aabd19e9a0955380873798454b18b3bb15c87937dffcbb0ccfab2eae3bf3551b,False,False,False,False
TAYCANC111,0,0,0,not_in_observed_filtered_views,0,0,[],[],[],[],[],[],[],[],[],False,[],False,False,False,[],[],[],old-46-Word97--0-8,原件/免征目录/mf_batch46.doc,a4b2048b3d5c29a8969f0348e9fd19a3293f0c23e6f37a48bf42a2ed70c7d37d,False,False,False,False
TAYCAND111,0,0,0,not_in_observed_filtered_views,0,0,[],[],[],[],[],[],[],[],[],False,[],False,False,False,[],[],[],old-46-Word97--0-7,原件/免征目录/mf_batch46.doc,a4b2048b3d5c29a8969f0348e9fd19a3293f0c23e6f37a48bf42a2ed70c7d37d,False,False,False,False
TAYCANGTSD111,0,0,0,not_in_observed_filtered_views,0,0,[],[],[],[],[],[],[],[],[],False,[],False,False,False,[],[],[],old-58-Word97--0-2,原件/免征目录/mf_batch58.doc,b642358bb3078d2dde909a798935c0c1fc75d90f22b33f7c48aa87209acc100d,False,False,False,False
THZ6450BEVS303,0,0,3,old_only,0,0,[],[],"[""NEDC""]",[],"[""401""]",[],"[""13.2"", ""13.20 ""]",[],"[{""eleEquivalentFuelConsumption"": ""1.5"", ""powerConsumption"": ""13.2"", ""runingRange"": ""401"", ""workConditionType"": ""NEDC""}, {""eleEquivalentFuelConsumption"": ""1.50 "", ""powerConsumption"": ""13.20 "", ""runingRange"": ""401"", ""workConditionType"": ""NEDC""}]",True,"[""multiple_old_consumption_raw_values""]",False,False,False,[],[],[],old-32-Word97--0-42,原件/免征目录/mf_batch32.doc,ad7c65b4831a05b7c70e1e73fe834aa9beed883c66f898e799fcbbeb43cc3d75,False,False,False,False
THZ6450BEVS304,0,0,3,old_only,0,0,[],[],"[""NEDC""]",[],"[""501""]",[],"[""14.6""]",[],"[{""eleEquivalentFuelConsumption"": ""1.7"", ""powerConsumption"": ""14.6"", ""runingRange"": ""501"", ""workConditionType"": ""NEDC""}]",True,[],False,False,False,[],[],[],old-28-Word97--0-20,原件/免征目录/mf_batch28.doc,dfe1b301a5e8373e94e0e4a2fccee3d258c56bb662e4928764a71274142acd72,False,False,False,False
THZ6450BEVS305,0,0,3,old_only,0,0,[],[],"[""NEDC""]",[],"[""401""]",[],"[""14.50 ""]",[],"[{""eleEquivalentFuelConsumption"": ""1.60 "", ""powerConsumption"": ""14.50 "", ""runingRange"": ""401"", ""workConditionType"": ""NEDC""}]",True,[],False,False,False,[],[],[],mf29-t0-r24,原件/mf_batch29.doc,8d24a01958cc6d44fa7826ecbb6a76869b9a0f2c98b97597d57af02932f2afaf,False,False,False,False
THZ6450BEVS307,0,0,3,old_only,0,0,[],[],"[""NEDC""]",[],"[""501""]",[],"[""13.50 ""]",[],"[{""eleEquivalentFuelConsumption"": ""1.50 "", ""powerConsumption"": ""13.50 "", ""runingRange"": ""501"", ""workConditionType"": ""NEDC""}]",True,[],False,False,False,[],[],[],old-32-Word97--0-43,原件/免征目录/mf_batch32.doc,ad7c65b4831a05b7c70e1e73fe834aa9beed883c66f898e799fcbbeb43cc3d75,False,False,False,False
THZ6450BEVS308,0,0,3,old_only,0,0,[],[],"[""NEDC""]",[],"[""401""]",[],"[""13.2"", ""13.20 ""]",[],"[{""eleEquivalentFuelConsumption"": ""1.5"", ""powerConsumption"": ""13.2"", ""runingRange"": ""401"", ""workConditionType"": ""NEDC""}, {""eleEquivalentFuelConsumption"": ""1.50 "", ""powerConsumption"": ""13.20 "", ""runingRange"": ""401"", ""workConditionType"": ""NEDC""}]",True,"[""multiple_old_consumption_raw_values""]",False,False,False,[],[],[],old-32-Word97--0-44,原件/免征目录/mf_batch32.doc,ad7c65b4831a05b7c70e1e73fe834aa9beed883c66f898e799fcbbeb43cc3d75,False,False,False,False
THZ6450BEVS309,0,0,5,old_only,0,0,[],[],"[""CATC"", ""NEDC""]",[],"[""401""]",[],"[""13.2"", ""13.20 ""]",[],"[{""eleEquivalentFuelConsumption"": ""1.49"", ""powerConsumption"": ""13.2"", ""runingRange"": ""401"", ""workConditionType"": ""CATC""}, {""eleEquivalentFuelConsumption"": ""1.5"", ""powerConsumption"": ""13.2"", ""runingRange"": ""401"", ""workConditionType"": ""NEDC""}, {""eleEquivalentFuelConsumption"": ""1.50 "", ""powerConsumption"": ""13.20 "", ""runingRange"": ""401"", ""workConditionType"": ""NEDC""}]",True,"[""multiple_old_cycle_codes"", ""multiple_old_consumption_raw_values""]",False,False,True,[],[],[],old-32-Word97--0-45,原件/免征目录/mf_batch32.doc,ad7c65b4831a05b7c70e1e73fe834aa9beed883c66f898e799fcbbeb43cc3d75,False,False,False,False
THZ6450BEVS30A,0,0,6,old_only,0,0,[],[],"[""NEDC""]",[],"[""610""]",[],"[""14.5"", null]",[],"[{""eleEquivalentFuelConsumption"": ""1.6"", ""powerConsumption"": ""14.5"", ""runingRange"": ""610"", ""workConditionType"": ""NEDC""}, {""eleEquivalentFuelConsumption"": ""1.6"", ""runingRange"": ""610"", ""workConditionType"": ""NEDC""}]",True,"[""multiple_old_consumption_raw_values""]",False,False,False,[],[],[],old-39-Word97--0-5,原件/免征目录/mf_batch39.doc,48158862f567d71b07ac0a7a60c2c3bc6d2bb44dd5a86290b0b809d757a9eb07,False,False,False,False
THZ6450BEVS30B,0,0,6,old_only,0,0,[],[],"[""NEDC""]",[],"[""401""]",[],"[""13.2"", ""13.20 "", null]",[],"[{""eleEquivalentFuelConsumption"": ""1.5"", ""powerConsumption"": ""13.2"", ""runingRange"": ""401"", ""workConditionType"": ""NEDC""}, {""eleEquivalentFuelConsumption"": ""1.5"", ""runingRange"": ""401"", ""workConditionType"": ""NEDC""}, {""eleEquivalentFuelConsumption"": ""1.50 "", ""powerConsumption"": ""13.20 "", ""runingRange"": ""401"", ""workConditionType"": ""NEDC""}]",True,"[""multiple_old_consumption_raw_values""]",False,False,False,[],[],[],old-38-Word97--0-16,原件/免征目录/mf_batch38.doc,7c9def45fe5c40e4c5ffb483a1d1efd383c12cb16a5c4ba021d4ce28384776de,False,False,False,False
THZ6450BEVS30C,0,0,13,old_only,0,0,[],[],"[""CATC"", ""NEDC""]",[],"[""501""]",[],"[""13.5"", ""14.5"", null]",[],"[{""eleEquivalentFuelConsumption"": ""1.5"", ""powerConsumption"": ""13.5"", ""runingRange"": ""501"", ""workConditionType"": ""NEDC""}, {""eleEquivalentFuelConsumption"": ""1.5"", ""runingRange"": ""501"", ""workConditionType"": ""NEDC""}, {""eleEquivalentFuelConsumption"": ""1.53"", ""powerConsumption"": ""13.5"", ""runingRange"": ""501"", ""workConditionType"": ""CATC""}, {""eleEquivalentFuelConsumption"": ""1.64"", ""powerConsumption"": ""14.5"", ""runingRange"": ""501"", ""workConditionType"": ""CATC""}]",True,"[""multiple_old_cycle_codes"", ""multiple_old_consumption_raw_values""]",False,False,True,[],[],[],old-39-Word97--0-6,原件/免征目录/mf_batch39.doc,48158862f567d71b07ac0a7a60c2c3bc6d2bb44dd5a86290b0b809d757a9eb07,False,False,False,False
THZ6450BEVS30D,1,1,10,both,1,0,[],"[""5""]","[""CATC"", ""NEDC""]","[""501""]","[""501""]","[""14.5""]","[""14.5"", null]","[""1765""]","[{""eleEquivalentFuelConsumption"": ""1.6"", ""runingRange"": ""501"", ""workConditionType"": ""NEDC""}, {""eleEquivalentFuelConsumption"": ""1.64"", ""powerConsumption"": ""14.5"", ""runingRange"": ""501"", ""workConditionType"": ""CATC""}]",True,"[""multiple_old_cycle_codes"", ""multiple_old_consumption_raw_values"", ""new_old_consumption_raw_value_sets_differ_units_not_normalized""]",False,False,True,"[""2023-11-20""]","[""2024-07-03""]","[""新版重新申报""]",old-46-Word97--0-5,原件/免征目录/mf_batch46.doc,a4b2048b3d5c29a8969f0348e9fd19a3293f0c23e6f37a48bf42a2ed70c7d37d,False,False,False,False
THZ6450BEVS30E,0,0,2,old_only,0,0,[],[],"[""NEDC""]",[],"[""401""]",[],[null],[],"[{""eleEquivalentFuelConsumption"": ""1.6"", ""runingRange"": ""401"", ""workConditionType"": ""NEDC""}]",True,[],False,False,False,[],[],[],old-46-Word97--0-2,原件/免征目录/mf_batch46.doc,a4b2048b3d5c29a8969f0348e9fd19a3293f0c23e6f37a48bf42a2ed70c7d37d,False,False,False,False
THZ6450BEVS30F,0,0,8,old_only,0,0,[],[],"[""CATC""]",[],"[""401""]",[],"[""14.5""]",[],"[{""eleEquivalentFuelConsumption"": ""1.64"", ""powerConsumption"": ""14.5"", ""runingRange"": ""401"", ""workConditionType"": ""CATC""}]",True,[],False,False,False,[],[],[],old-48-Word97--0-6,原件/免征目录/mf_batch48.doc,ee5aa19736215cfcb3b76ffff90bcd0d9108c61758ccb756f7d4ad17e75a835c,False,False,False,False
THZ6450BEVS30G,1,1,5,both,1,0,[],"[""5""]","[""CATC""]","[""401""]","[""401""]","[""14.5""]","[""14.5""]","[""1660""]","[{""eleEquivalentFuelConsumption"": ""1.64"", ""powerConsumption"": ""14.5"", ""runingRange"": ""401"", ""workConditionType"": ""CATC""}]",True,[],False,False,False,"[""2023-11-20""]","[""2024-07-03""]","[""新版重新申报""]",old-48-Word97--0-9,原件/免征目录/mf_batch48.doc,ee5aa19736215cfcb3b76ffff90bcd0d9108c61758ccb756f7d4ad17e75a835c,False,False,False,False
THZ6450BEVS30H,0,0,8,old_only,0,0,[],[],"[""CATC""]",[],"[""610""]",[],"[""14.5""]",[],"[{""eleEquivalentFuelConsumption"": ""1.64"", ""powerConsumption"": ""14.5"", ""runingRange"": ""610"", ""workConditionType"": ""CATC""}]",True,[],False,False,False,[],[],[],old-50-Word97--0-8,原件/免征目录/mf_batch50.doc,3810672d92621612507384960254de602e629e75a308df22ee2291519445095e,False,False,False,False
THZ6450BEVS30J,1,1,4,both,1,0,[],"[""5""]","[""CATC""]","[""401""]","[""401""]","[""14.5""]","[""14.5""]","[""1675""]","[{""eleEquivalentFuelConsumption"": ""1.64"", ""powerConsumption"": ""14.5"", ""runingRange"": ""401"", ""workConditionType"": ""CATC""}]",True,[],False,False,False,"[""2023-11-20""]","[""2024-07-03""]","[""新版重新申报""]",old-50-Word97--0-5,原件/免征目录/mf_batch50.doc,3810672d92621612507384960254de602e629e75a308df22ee2291519445095e,False,False,False,False
THZ6450SEVS301,0,0,3,old_only,0,0,[],[],"[""NEDC""]",[],"[""420""]",[],"[""14.5"", null]",[],"[{""eleEquivalentFuelConsumption"": ""1.6"", ""powerConsumption"": ""14.5"", ""runingRange"": ""420"", ""workConditionType"": ""NEDC""}, {""eleEquivalentFuelConsumption"": ""1.6"", ""runingRange"": ""420"", ""workConditionType"": ""NEDC""}]",True,"[""multiple_old_consumption_raw_values""]",False,False,False,[],[],[],old-44-Word97--0-5,原件/免征目录/mf_batch44.doc,aea30846204f4e55c0d969450f1619e1649eb27f471d5b0a2636d0da77eb0611,False,False,False,False
THZ6450SEVS302,0,0,3,old_only,0,0,[],[],"[""CATC"", ""NEDC""]",[],"[""420""]",[],"[""14.5"", null]",[],"[{""eleEquivalentFuelConsumption"": ""1.6"", ""runingRange"": ""420"", ""workConditionType"": ""NEDC""}, {""eleEquivalentFuelConsumption"": ""1.64"", ""powerConsumption"": ""14.5"", ""runingRange"": ""420"", ""workConditionType"": ""CATC""}]",True,"[""multiple_old_cycle_codes"", ""multiple_old_consumption_raw_values""]",False,False,True,[],[],[],old-46-Word97--0-6,原件/免征目录/mf_batch46.doc,a4b2048b3d5c29a8969f0348e9fd19a3293f0c23e6f37a48bf42a2ed70c7d37d,False,False,False,False
THZ6450SEVS30M,1,1,1,both,1,0,[],"[""5""]","[""CATC""]","[""420""]","[""420""]","[""14.5""]","[""14.5""]","[""1630""]","[{""eleEquivalentFuelConsumption"": ""1.64"", ""powerConsumption"": ""14.5"", ""runingRange"": ""420"", ""workConditionType"": ""CATC""}]",True,[],False,False,False,"[""2023-11-20""]","[""2024-07-03""]","[""新版重新申报""]",old-65-Word97--0-46,原件/免征目录/mf_batch65.doc,06a6a578a9a60516a845bc92deac49954438a789e9e4a7cf3cd140f256d9b13d,False,False,False,False
THZ6451BEVS307,0,0,6,old_only,0,0,[],[],"[""NEDC""]",[],"[""501""]",[],[null],[],"[{""eleEquivalentFuelConsumption"": ""1.5"", ""runingRange"": ""501"", ""workConditionType"": ""NEDC""}, {""eleEquivalentFuelConsumption"": ""1.53"", ""runingRange"": ""501"", ""workConditionType"": ""NEDC""}]",True,[],False,False,False,[],[],[],old-44-Word97--0-8,原件/免征目录/mf_batch44.doc,aea30846204f4e55c0d969450f1619e1649eb27f471d5b0a2636d0da77eb0611,False,False,False,False
THZ6451BEVS30A,0,0,2,old_only,0,0,[],[],"[""CATC""]",[],"[""610""]",[],"[""14.5""]",[],"[{""eleEquivalentFuelConsumption"": ""1.64"", ""powerConsumption"": ""14.5"", ""runingRange"": ""610"", ""workConditionType"": ""CATC""}]",True,[],False,False,False,[],[],[],old-56-Word97--0-16,原件/免征目录/mf_batch56.doc,cbffdc0819640e8f18c11a2a277b26b2e043c81406533457ff225f4df1c6c068,False,False,False,False
THZ6451BEVS30J,1,1,6,both,1,0,[],"[""5""]","[""CATC""]","[""501""]","[""501""]","[""14.5""]","[""14.5""]","[""1779""]","[{""eleEquivalentFuelConsumption"": ""1.64"", ""powerConsumption"": ""14.5"", ""runingRange"": ""501"", ""workConditionType"": ""CATC""}]",True,[],False,False,False,"[""2023-11-20""]","[""2024-07-03""]","[""新版重新申报""]",old-50-Word97--0-7,原件/免征目录/mf_batch50.doc,3810672d92621612507384960254de602e629e75a308df22ee2291519445095e,False,False,False,False
THZ6452BEVS307,0,0,6,old_only,0,0,[],[],"[""CATC"", ""NEDC""]",[],"[""501""]",[],"[""14.5"", null]",[],"[{""eleEquivalentFuelConsumption"": ""1.5"", ""runingRange"": ""501"", ""workConditionType"": ""NEDC""}, {""eleEquivalentFuelConsumption"": ""1.64"", ""powerConsumption"": ""14.5"", ""runingRange"": ""501"", ""workConditionType"": ""CATC""}]",True,"[""multiple_old_cycle_codes"", ""multiple_old_consumption_raw_values""]",False,False,True,[],[],[],old-46-Word97--0-3,原件/免征目录/mf_batch46.doc,a4b2048b3d5c29a8969f0348e9fd19a3293f0c23e6f37a48bf42a2ed70c7d37d,False,False,False,False
THZ6460BEVS301,1,1,7,both,1,0,[],"[""5""]","[""CATC""]","[""401""]","[""401""]","[""14.5""]","[""14.5""]","[""1589""]","[{""eleEquivalentFuelConsumption"": ""1.64"", ""powerConsumption"": ""14.5"", ""runingRange"": ""401"", ""workConditionType"": ""CATC""}]",True,[],False,False,False,"[""2023-10-18""]","[""2024-07-03""]","[""新版重新申报""]",old-48-Word97--0-7,原件/免征目录/mf_batch48.doc,ee5aa19736215cfcb3b76ffff90bcd0d9108c61758ccb756f7d4ad17e75a835c,False,False,False,False
THZ6460BEVS302,0,0,6,old_only,0,0,[],[],"[""CATC""]",[],"[""501""]",[],"[""14.5""]",[],"[{""eleEquivalentFuelConsumption"": ""1.64"", ""powerConsumption"": ""14.5"", ""runingRange"": ""501"", ""workConditionType"": ""CATC""}]",True,[],False,False,False,[],[],[],old-48-Word97--0-8,原件/免征目录/mf_batch48.doc,ee5aa19736215cfcb3b76ffff90bcd0d9108c61758ccb756f7d4ad17e75a835c,False,False,False,False
THZ6460BEVS30K,1,1,1,both,1,0,[],"[""5""]","[""CATC""]","[""401""]","[""401""]","[""14.5""]","[""14.5""]","[""1675""]","[{""eleEquivalentFuelConsumption"": ""1.64"", ""powerConsumption"": ""14.5"", ""runingRange"": ""401"", ""workConditionType"": ""CATC""}]",True,[],False,False,False,"[""2023-11-20""]","[""2024-07-03""]","[""新版重新申报""]",old-64-Word97--0-40,原件/免征目录/mf_batch64.doc,c4e238989e7e40ec2c3a6a899ead170b4a745bc72546ba6fd4a5731d8890c6cb,False,False,False,False
THZ6460BEVS37A,1,1,3,both,1,0,[],"[""5""]","[""CATC""]","[""401""]","[""401""]","[""13.9""]","[""13.9""]","[""1670""]","[{""eleEquivalentFuelConsumption"": ""1.57"", ""powerConsumption"": ""13.9"", ""runingRange"": ""401"", ""workConditionType"": ""CATC""}]",True,[],False,False,False,"[""2024-05-20""]","[""2024-07-03""]","[""新版重新申报""]",old-69-Word97--0-81,原件/免征目录/mf_batch69.doc,357d61a16c94488c9fdd761f393edb7029b05394ab06117abaebcba1a1e45546,False,False,False,False
THZ6460BEVS37C,1,1,3,both,1,0,[],"[""5""]","[""CATC""]","[""501""]","[""501""]","[""13.9""]","[""13.9""]","[""1740""]","[{""eleEquivalentFuelConsumption"": ""1.57"", ""powerConsumption"": ""13.9"", ""runingRange"": ""501"", ""workConditionType"": ""CATC""}]",True,[],False,False,False,"[""2023-09-13""]","[""2024-07-03""]","[""新版重新申报""]",old-69-Word97--0-82,原件/免征目录/mf_batch69.doc,357d61a16c94488c9fdd761f393edb7029b05394ab06117abaebcba1a1e45546,False,False,False,False
THZ6460BEVS37P,1,1,3,both,1,0,[],"[""5""]","[""CATC""]","[""401""]","[""401""]","[""13.9""]","[""13.9""]","[""1670""]","[{""eleEquivalentFuelConsumption"": ""1.57"", ""powerConsumption"": ""13.9"", ""runingRange"": ""401"", ""workConditionType"": ""CATC""}]",True,[],False,False,False,"[""2023-10-18""]","[""2024-07-03""]","[""新版重新申报""]",old-71-Word97--0-56,原件/免征目录/mf_batch71.doc,b37b78b64b8ef7e12e6e95d6fd27a4a6e364c0c83ba403ffcf3bca82c60e3460,False,False,False,False
THZ7000BEVS003,0,0,0,not_in_observed_filtered_views,0,0,[],[],[],[],[],[],[],[],[],False,[],False,False,False,[],[],[],old-19-DOCX--0-50,原件/免征目录/mf_batch19.docx,fafd1558aa0f21067847c19bdd0a95c79b919737be7b07b87c4538107fb2b8e3,False,False,False,False
THZ7000BEVS004,0,0,3,old_only,0,0,[],[],"[""NEDC""]",[],"[""301""]",[],"[""14"", null]",[],"[{""eleEquivalentFuelConsumption"": ""1.6"", ""powerConsumption"": ""14"", ""runingRange"": ""301"", ""workConditionType"": ""NEDC""}, {""eleEquivalentFuelConsumption"": ""1.6"", ""runingRange"": ""301"", ""workConditionType"": ""NEDC""}]",True,"[""multiple_old_consumption_raw_values""]",False,False,False,[],[],[],old-19-DOCX--0-51,原件/免征目录/mf_batch19.docx,fafd1558aa0f21067847c19bdd0a95c79b919737be7b07b87c4538107fb2b8e3,False,False,False,False
THZ7000BEVS005,0,0,3,old_only,0,0,[],[],"[""NEDC""]",[],"[""301""]",[],"[""14"", null]",[],"[{""eleEquivalentFuelConsumption"": ""1.6"", ""powerConsumption"": ""14"", ""runingRange"": ""301"", ""workConditionType"": ""NEDC""}, {""eleEquivalentFuelConsumption"": ""1.6"", ""runingRange"": ""301"", ""workConditionType"": ""NEDC""}]",True,"[""multiple_old_consumption_raw_values""]",False,False,False,[],[],[],old-19-DOCX--0-52,原件/免征目录/mf_batch19.docx,fafd1558aa0f21067847c19bdd0a95c79b919737be7b07b87c4538107fb2b8e3,False,False,False,False
THZ7000BEVS008,0,0,0,not_in_observed_filtered_views,0,0,[],[],[],[],[],[],[],[],[],False,[],False,False,False,[],[],[],old-25-Word97--0-36,原件/免征目录/mf_batch25.wps,9d2abe319463522513fe9c90f98bb8d0a825b599267d0b3cc403cec9624b3297,False,False,False,False
THZ7000BEVS009,0,0,0,not_in_observed_filtered_views,0,0,[],[],[],[],[],[],[],[],[],False,[],False,False,False,[],[],[],old-24-Word97--1-18,原件/免征目录/mf_batch24.wps,07775a0cb063fe0fce5880b9378dd1eb2522b725d645cabdee314d604779939d,False,False,False,False
THZ7000BEVS00A,0,0,0,not_in_observed_filtered_views,0,0,[],[],[],[],[],[],[],[],[],False,[],False,False,False,[],[],[],old-24-Word97--1-19,原件/免征目录/mf_batch24.wps,07775a0cb063fe0fce5880b9378dd1eb2522b725d645cabdee314d604779939d,False,False,False,False
THZ7000BEVS00B,0,0,0,not_in_observed_filtered_views,0,0,[],[],[],[],[],[],[],[],[],False,[],False,False,False,[],[],[],old-25-Word97--0-37,原件/免征目录/mf_batch25.wps,9d2abe319463522513fe9c90f98bb8d0a825b599267d0b3cc403cec9624b3297,False,False,False,False
THZ7000BEVS00D,0,0,0,not_in_observed_filtered_views,0,0,[],[],[],[],[],[],[],[],[],False,[],False,False,False,[],[],[],old-27-Word97--0-55,原件/免征目录/mf_batch27.doc,2bd67cf7e1efc03ae93942d0d340ffef87478709520383b6ee4d08baf843ead1,False,False,False,False
THZ7000BEVS11E,1,1,2,both,1,0,[],"[""5""]","[""CATC""]","[""401""]","[""401""]","[""11.8""]","[""11.8""]","[""1194""]","[{""eleEquivalentFuelConsumption"": ""1.33"", ""powerConsumption"": ""11.8"", ""runingRange"": ""401"", ""workConditionType"": ""CATC""}]",True,[],False,False,False,"[""2023-09-13""]","[""2024-07-03""]","[""新版重新申报""]",old-55-Word97--0-6,原件/免征目录/mf_batch55.doc,0457d0430e9e7f114c91341a715405c3933dd4783762cd74b9871e4918ba887f,False,False,False,False
THZ7000BEVS11Q,1,1,2,both,1,0,[],"[""5""]","[""CATC""]","[""401""]","[""401""]","[""10.8""]","[""10.8""]","[""1151""]","[{""eleEquivalentFuelConsumption"": ""1.22"", ""powerConsumption"": ""10.8"", ""runingRange"": ""401"", ""workConditionType"": ""CATC""}]",True,[],False,False,False,"[""2023-10-18""]","[""2024-07-03""]","[""新版重新申报""]",old-68-Word97--0-36,原件/免征目录/mf_batch68.doc,58113d08377020d08de0aeb0e08ff63c4a4411dbe35ad69cfdd6f82fdf0fcc77,False,False,False,False
THZ7000BEVS11R,1,1,1,both,1,0,[],"[""5""]","[""CATC""]","[""401""]","[""401""]","[""10.8""]","[""10.8""]","[""1151""]","[{""eleEquivalentFuelConsumption"": ""1.22"", ""powerConsumption"": ""10.8"", ""runingRange"": ""401"", ""workConditionType"": ""CATC""}]",True,[],False,False,False,"[""2023-10-18""]","[""2024-07-03""]","[""新版重新申报""]",old-68-Word97--0-39,原件/免征目录/mf_batch68.doc,58113d08377020d08de0aeb0e08ff63c4a4411dbe35ad69cfdd6f82fdf0fcc77,False,False,False,False
THZ7000BEVS361,1,1,4,both,1,0,[],"[""5""]","[""CATC""]","[""560""]","[""560""]","[""13.3""]","[""13.3""]","[""1850""]","[{""eleEquivalentFuelConsumption"": ""1.50"", ""powerConsumption"": ""13.3"", ""runingRange"": ""560"", ""workConditionType"": ""CATC""}]",True,[],False,False,False,"[""2024-02-04""]","[""2024-07-03""]","[""新版重新申报""]",old-62-Word97--0-74,原件/免征目录/mf_batch62.doc,7694ac7207998b6af7c895cdd2c1d752421df436d4b28f83195261dd47f6509c,False,False,False,False
THZ7000BEVS365,1,1,2,both,1,0,[],"[""5""]","[""CATC""]","[""560""]","[""560""]","[""13.0""]","[""13.0""]","[""1850""]","[{""eleEquivalentFuelConsumption"": ""1.47"", ""powerConsumption"": ""13.0"", ""runingRange"": ""560"", ""workConditionType"": ""CATC""}]",True,[],False,False,False,"[""2024-02-04""]","[""2024-07-03""]","[""新版重新申报""]",old-65-Word97--0-47,原件/免征目录/mf_batch65.doc,06a6a578a9a60516a845bc92deac49954438a789e9e4a7cf3cd140f256d9b13d,False,False,False,False
THZ7000BEVS366,1,1,3,both,1,0,[],"[""5""]","[""CATC""]","[""560""]","[""560""]","[""13.0""]","[""13.0""]","[""1850""]","[{""eleEquivalentFuelConsumption"": ""1.47"", ""powerConsumption"": ""13.0"", ""runingRange"": ""560"", ""workConditionType"": ""CATC""}]",True,[],False,False,False,"[""2024-02-04""]","[""2024-07-03""]","[""新版重新申报""]",old-66-Word97--0-31,原件/免征目录/mf_batch66.doc,05a5fce42de1c5412803fe6a7bb46d04c4d61cb71dc5d88a9b59a3e884350544,False,False,False,False
THZ7000BEVS404,1,1,2,both,1,0,[],"[""5""]","[""CATC""]","[""520""]","[""520""]","[""13.5""]","[""13.5""]","[""1940""]","[{""eleEquivalentFuelConsumption"": ""1.53"", ""powerConsumption"": ""13.5"", ""runingRange"": ""520"", ""workConditionType"": ""CATC""}]",True,[],False,False,False,"[""2023-12-12""]","[""2024-07-03""]","[""新版重新申报""]",old-64-Word97--0-38,原件/免征目录/mf_batch64.doc,c4e238989e7e40ec2c3a6a899ead170b4a745bc72546ba6fd4a5731d8890c6cb,False,False,False,False
THZ7000BEVS405,1,1,1,both,1,0,[],"[""5""]","[""CATC""]","[""520""]","[""520""]","[""13.5""]","[""13.5""]","[""1940""]","[{""eleEquivalentFuelConsumption"": ""1.53"", ""powerConsumption"": ""13.5"", ""runingRange"": ""520"", ""workConditionType"": ""CATC""}]",True,[],False,False,False,"[""2023-12-12""]","[""2024-07-03""]","[""新版重新申报""]",old-64-Word97--0-37,原件/免征目录/mf_batch64.doc,c4e238989e7e40ec2c3a6a899ead170b4a745bc72546ba6fd4a5731d8890c6cb,False,False,False,False
THZ7000BEVS406,0,0,1,old_only,0,0,[],[],"[""CATC""]",[],"[""1075""]",[],"[""11.8""]",[],"[{""eleEquivalentFuelConsumption"": ""1.33"", ""powerConsumption"": ""11.8"", ""runingRange"": ""1075"", ""workConditionType"": ""CATC""}]",True,[],False,False,False,[],[],[],old-66-Word97--0-32,原件/免征目录/mf_batch66.doc,05a5fce42de1c5412803fe6a7bb46d04c4d61cb71dc5d88a9b59a3e884350544,False,False,False,False
THZ7001BEVS001,0,0,0,not_in_observed_filtered_views,0,0,[],[],[],[],[],[],[],[],[],False,[],False,False,False,[],[],[],old-23-Word97--0-55,原件/免征目录/mf_batch23.docx,87f838de0da3ba5887f77b2bf5c1dbf5b427e7cef896309a7084c11dd8f5efa0,False,False,False,False
THZ7001BEVS004,0,0,0,not_in_observed_filtered_views,0,0,[],[],[],[],[],[],[],[],[],False,[],False,False,False,[],[],[],old-23-Word97--0-56,原件/免征目录/mf_batch23.docx,87f838de0da3ba5887f77b2bf5c1dbf5b427e7cef896309a7084c11dd8f5efa0,False,False,False,False
THZ7001BEVS005,0,0,0,not_in_observed_filtered_views,0,0,[],[],[],[],[],[],[],[],[],False,[],False,False,False,[],[],[],old-23-Word97--0-57,原件/免征目录/mf_batch23.docx,87f838de0da3ba5887f77b2bf5c1dbf5b427e7cef896309a7084c11dd8f5efa0,False,False,False,False
THZ7001BEVS008,0,0,0,not_in_observed_filtered_views,0,0,[],[],[],[],[],[],[],[],[],False,[],False,False,False,[],[],[],old-27-Word97--0-56,原件/免征目录/mf_batch27.doc,2bd67cf7e1efc03ae93942d0d340ffef87478709520383b6ee4d08baf843ead1,False,False,False,False
THZ7001BEVS009,0,0,0,not_in_observed_filtered_views,0,0,[],[],[],[],[],[],[],[],[],False,[],False,False,False,[],[],[],old-31-Word97--0-24,原件/免征目录/mf_batch31.doc,e1ccec4a87ab96ca346e5756d6b14369eb9727ec2c2cfd03c1182a592ddd3bee,False,False,False,False
THZ7001BEVS00B,0,0,0,not_in_observed_filtered_views,0,0,[],[],[],[],[],[],[],[],[],False,[],False,False,False,[],[],[],old-27-Word97--0-57,原件/免征目录/mf_batch27.doc,2bd67cf7e1efc03ae93942d0d340ffef87478709520383b6ee4d08baf843ead1,False,False,False,False
THZ7001BEVS00F,0,0,0,not_in_observed_filtered_views,0,0,[],[],[],[],[],[],[],[],[],False,[],False,False,False,[],[],[],old-32-Word97--0-46,原件/免征目录/mf_batch32.doc,ad7c65b4831a05b7c70e1e73fe834aa9beed883c66f898e799fcbbeb43cc3d75,False,False,False,False
THZ7001BEVS00H,0,0,0,not_in_observed_filtered_views,0,0,[],[],[],[],[],[],[],[],[],False,[],False,False,False,[],[],[],old-32-Word97--0-47,原件/免征目录/mf_batch32.doc,ad7c65b4831a05b7c70e1e73fe834aa9beed883c66f898e799fcbbeb43cc3d75,False,False,False,False
THZ7001BEVS00J,0,0,0,not_in_observed_filtered_views,0,0,[],[],[],[],[],[],[],[],[],False,[],False,False,False,[],[],[],old-32-Word97--0-48,原件/免征目录/mf_batch32.doc,ad7c65b4831a05b7c70e1e73fe834aa9beed883c66f898e799fcbbeb43cc3d75,False,False,False,False
THZ7002BEVS008,0,0,0,not_in_observed_filtered_views,0,0,[],[],[],[],[],[],[],[],[],False,[],False,False,False,[],[],[],old-33-Word97--0-71,原件/免征目录/mf_batch33.doc,ff98fbb1708c47cdcfc1e79e7a1647e72a7ae6d4255dce3b250d661001340c09,False,False,False,False
THZ7003BEVS008,0,0,0,not_in_observed_filtered_views,0,0,[],[],[],[],[],[],[],[],[],False,[],False,False,False,[],[],[],old-33-Word97--0-72,原件/免征目录/mf_batch33.doc,ff98fbb1708c47cdcfc1e79e7a1647e72a7ae6d4255dce3b250d661001340c09,False,False,False,False
THZ7003BEVS009,0,0,0,not_in_observed_filtered_views,0,0,[],[],[],[],[],[],[],[],[],False,[],False,False,False,[],[],[],old-32-Word97--0-49,原件/免征目录/mf_batch32.doc,ad7c65b4831a05b7c70e1e73fe834aa9beed883c66f898e799fcbbeb43cc3d75,False,False,False,False
TSL6480BEVAR0,2,2,6,both,2,0,[],"[""5""]","[""CATC"", ""NEDC""]","[""532"", ""554""]","[""525"", ""532"", ""545"", ""554""]","[""12.5"", ""13.0""]","[""12.5"", ""12.7"", ""13"", ""13.0""]","[""1911""]","[{""eleEquivalentFuelConsumption"": ""1.41"", ""powerConsumption"": ""12.5"", ""runingRange"": ""554"", ""workConditionType"": ""CATC""}, {""eleEquivalentFuelConsumption"": ""1.44"", ""powerConsumption"": ""12.7"", ""runingRange"": ""545"", ""workConditionType"": ""CATC""}, {""eleEquivalentFuelConsumption"": ""1.47"", ""powerConsumption"": ""13"", ""runingRange"": ""532"", ""workConditionType"": ""CATC""}, {""eleEquivalentFuelConsumption"": ""1.47"", ""powerConsumption"": ""13.0"", ""runingRange"": ""525"", ""workConditionType"": ""NEDC""}]",True,"[""multiple_old_cycle_codes"", ""multiple_new_range_raw_values"", ""multiple_old_range_raw_values"", ""multiple_new_consumption_raw_values"", ""multiple_old_consumption_raw_values"", ""new_old_range_raw_value_sets_differ"", ""new_old_consumption_raw_value_sets_differ_units_not_normalized""]",False,False,True,[],"[""2024-06-26""]","[""系统上线延迟""]",old-45-Word97--0-6,原件/免征目录/mf_batch45.doc,56f5e7c5fd36e990024f8121006a76da260361f4e4660846e78255d007126f7a,False,False,False,False
TSL6480BEVAR1,0,0,2,old_only,0,0,[],[],"[""CATC""]",[],"[""545""]",[],"[""12.7""]",[],"[{""eleEquivalentFuelConsumption"": ""1.44"", ""powerConsumption"": ""12.7"", ""runingRange"": ""545"", ""workConditionType"": ""CATC""}]",True,[],False,False,False,[],[],[],old-45-Word97--0-4,原件/免征目录/mf_batch45.doc,56f5e7c5fd36e990024f8121006a76da260361f4e4660846e78255d007126f7a,False,False,False,False
TSL6480BEVAR2,0,0,4,old_only,0,0,[],[],"[""CATC""]",[],"[""545""]",[],"[""12.7""]",[],"[{""eleEquivalentFuelConsumption"": ""1.44"", ""powerConsumption"": ""12.7"", ""runingRange"": ""545"", ""workConditionType"": ""CATC""}]",True,[],False,False,False,[],[],[],old-50-Word97--0-2,原件/免征目录/mf_batch50.doc,3810672d92621612507384960254de602e629e75a308df22ee2291519445095e,False,False,False,False
TSL6480BEVBA0,0,0,2,old_only,0,0,[],[],"[""NEDC""]",[],"[""594""]",[],[null],[],"[{""eleEquivalentFuelConsumption"": ""1.57"", ""runingRange"": ""594"", ""workConditionType"": ""NEDC""}]",True,[],False,False,False,[],[],[],old-37-Word97--0-33,原件/免征目录/mf_batch37.doc,136057faede292d8070763e326c8dbdcddf3790653cc6879a13758f91556881f,False,False,False,False
TSL6480BEVBA1,0,0,2,old_only,0,0,[],[],"[""NEDC""]",[],"[""594""]",[],[null],[],"[{""eleEquivalentFuelConsumption"": ""1.54"", ""runingRange"": ""594"", ""workConditionType"": ""NEDC""}]",True,[],False,False,False,[],[],[],old-39-Word97--0-2,原件/免征目录/mf_batch39.doc,48158862f567d71b07ac0a7a60c2c3bc6d2bb44dd5a86290b0b809d757a9eb07,False,False,False,False
TSL6480BEVBA2,0,0,1,old_only,0,0,[],[],"[""NEDC""]",[],"[""540""]",[],[null],[],"[{""eleEquivalentFuelConsumption"": ""1.73 "", ""runingRange"": ""540"", ""workConditionType"": ""NEDC""}]",True,[],False,False,False,[],[],[],old-41-Word97--0-3,原件/免征目录/mf_batch41.doc,ba4634c0877ebf99f8e462013e4a07e40f57478a4aaf921801a6c85a49c42b7f,False,False,False,False
TSL6480BEVBA3,0,0,0,not_in_observed_filtered_views,0,0,[],[],[],[],[],[],[],[],[],False,[],False,False,False,[],[],[],old-45-Word97--0-5,原件/免征目录/mf_batch45.doc,56f5e7c5fd36e990024f8121006a76da260361f4e4660846e78255d007126f7a,False,False,False,False
TSL6480BEVBA4,1,1,5,both,1,0,[],"[""5""]","[""CATC"", ""NEDC""]","[""615""]","[""566"", ""615""]","[""14.4""]","[""14.4"", ""15.6""]","[""1998""]","[{""eleEquivalentFuelConsumption"": ""1.63"", ""powerConsumption"": ""14.4"", ""runingRange"": ""615"", ""workConditionType"": ""CATC""}, {""eleEquivalentFuelConsumption"": ""1.76"", ""powerConsumption"": ""15.6"", ""runingRange"": ""566"", ""workConditionType"": ""NEDC""}]",True,"[""multiple_old_cycle_codes"", ""multiple_old_range_raw_values"", ""multiple_old_consumption_raw_values"", ""new_old_range_raw_value_sets_differ"", ""new_old_consumption_raw_value_sets_differ_units_not_normalized""]",False,False,True,[],"[""2024-06-26""]","[""系统上线延迟""]",old-45-Word97--0-3,原件/免征目录/mf_batch45.doc,56f5e7c5fd36e990024f8121006a76da260361f4e4660846e78255d007126f7a,False,False,False,False
TSL6480BEVBA5,2,2,8,both,2,0,[],"[""5""]","[""CATC"", ""NEDC""]","[""631"", ""688""]","[""631"", ""640"", ""660"", ""688""]","[""13.0"", ""14.1""]","[""13.0"", ""13.4"", ""13.6"", ""14.1""]","[""1981""]","[{""eleEquivalentFuelConsumption"": ""1.47"", ""powerConsumption"": ""13.0"", ""runingRange"": ""688"", ""workConditionType"": ""CATC""}, {""eleEquivalentFuelConsumption"": ""1.52"", ""powerConsumption"": ""13.4"", ""runingRange"": ""660"", ""workConditionType"": ""CATC""}, {""eleEquivalentFuelConsumption"": ""1.54"", ""powerConsumption"": ""13.6"", ""runingRange"": ""640"", ""workConditionType"": ""NEDC""}, {""eleEquivalentFuelConsumption"": ""1.59"", ""powerConsumption"": ""14.1"", ""runingRange"": ""631"", ""workConditionType"": ""CATC""}]",True,"[""multiple_old_cycle_codes"", ""multiple_new_range_raw_values"", ""multiple_old_range_raw_values"", ""multiple_new_consumption_raw_values"", ""multiple_old_consumption_raw_values"", ""new_old_range_raw_value_sets_differ"", ""new_old_consumption_raw_value_sets_differ_units_not_normalized""]",False,False,True,[],"[""2024-06-26""]","[""系统上线延迟""]",old-45-Word97--0-2,原件/免征目录/mf_batch45.doc,56f5e7c5fd36e990024f8121006a76da260361f4e4660846e78255d007126f7a,False,False,False,False
TSL7000BEVAR1,0,0,3,old_only,0,0,[],[],"[""NEDC""]",[],"[""468""]",[],"[""12.6""]",[],"[{""eleEquivalentFuelConsumption"": ""1.43"", ""powerConsumption"": ""12.6"", ""runingRange"": ""468"", ""workConditionType"": ""NEDC""}]",True,[],False,False,False,[],[],[],old-33-Word97--0-77,原件/免征目录/mf_batch33.doc,ff98fbb1708c47cdcfc1e79e7a1647e72a7ae6d4255dce3b250d661001340c09,False,False,False,False
TSL7000BEVAR2,0,0,3,old_only,0,0,[],[],"[""NEDC""]",[],"[""468""]",[],"[""12.6""]",[],"[{""eleEquivalentFuelConsumption"": ""1.43"", ""powerConsumption"": ""12.6"", ""runingRange"": ""468"", ""workConditionType"": ""NEDC""}]",True,[],False,False,False,[],[],[],old-40-Word97--0-2,原件/免征目录/mf_batch40.doc,93047c8e87a1f45948933ee36d00160788032370ecf11b551624e0ca45ecc1d1,False,False,False,False
TSL7000BEVAR5,0,0,3,old_only,0,0,[],[],"[""CATC""]",[],"[""556""]",[],"[""12.5""]",[],"[{""eleEquivalentFuelConsumption"": ""1.41"", ""powerConsumption"": ""12.5"", ""runingRange"": ""556"", ""workConditionType"": ""CATC""}]",True,[],False,False,False,[],[],[],old-50-Word97--0-3,原件/免征目录/mf_batch50.doc,3810672d92621612507384960254de602e629e75a308df22ee2291519445095e,False,False,False,False
TSL7000BEVAR6,0,0,5,old_only,0,0,[],[],"[""CATC""]",[],"[""556""]",[],"[""12.5""]",[],"[{""eleEquivalentFuelConsumption"": ""1.41"", ""powerConsumption"": ""12.5"", ""runingRange"": ""556"", ""workConditionType"": ""CATC""}]",True,[],False,False,False,[],[],[],old-50-Word97--0-4,原件/免征目录/mf_batch50.doc,3810672d92621612507384960254de602e629e75a308df22ee2291519445095e,False,False,False,False
TSL7000BEVBA0,0,0,0,not_in_observed_filtered_views,0,0,[],[],[],[],[],[],[],[],[],False,[],False,False,False,[],[],[],old-33-Word97--0-78,原件/免征目录/mf_batch33.doc,ff98fbb1708c47cdcfc1e79e7a1647e72a7ae6d4255dce3b250d661001340c09,False,False,False,False
TSL7000BEVBA1,0,0,1,old_only,0,0,[],[],"[""NEDC""]",[],"[""605""]",[],"[""14 ""]",[],"[{""eleEquivalentFuelConsumption"": ""1.53 "", ""powerConsumption"": ""14 "", ""runingRange"": ""605"", ""workConditionType"": ""NEDC""}]",True,[],False,False,False,[],[],[],old-33-Word97--0-79,原件/免征目录/mf_batch33.doc,ff98fbb1708c47cdcfc1e79e7a1647e72a7ae6d4255dce3b250d661001340c09,False,False,False,False
TSL7000BEVBA2,0,0,1,old_only,0,0,[],[],"[""NEDC""]",[],"[""605""]",[],"[""14 ""]",[],"[{""eleEquivalentFuelConsumption"": ""1.54 "", ""powerConsumption"": ""14 "", ""runingRange"": ""605"", ""workConditionType"": ""NEDC""}]",True,[],False,False,False,[],[],[],old-41-Word97--0-2,原件/免征目录/mf_batch41.doc,ba4634c0877ebf99f8e462013e4a07e40f57478a4aaf921801a6c85a49c42b7f,False,False,False,False
TSL7000BEVBA3,0,0,3,old_only,0,0,[],[],"[""CATC"", ""NEDC""]",[],"[""640"", ""675""]",[],"[""13.2"", ""13.6""]",[],"[{""eleEquivalentFuelConsumption"": ""1.49"", ""powerConsumption"": ""13.2"", ""runingRange"": ""675"", ""workConditionType"": ""CATC""}, {""eleEquivalentFuelConsumption"": ""1.54"", ""powerConsumption"": ""13.6"", ""runingRange"": ""640"", ""workConditionType"": ""NEDC""}]",True,"[""multiple_old_cycle_codes"", ""multiple_old_range_raw_values"", ""multiple_old_consumption_raw_values""]",False,False,True,[],[],[],old-47-Word97--0-2,原件/免征目录/mf_batch47.doc,fb4517fe8220b10bc435a77a5328df13c732c70b335942dfad0ae9394affe9b4,False,False,False,False
TSL7000BEVBR0,0,0,2,old_only,0,0,[],[],"[""NEDC""]",[],"[""668""]",[],"[""12.8""]",[],"[{""eleEquivalentFuelConsumption"": ""1.45"", ""powerConsumption"": ""12.8"", ""runingRange"": ""668"", ""workConditionType"": ""NEDC""}]",True,[],False,False,False,[],[],[],old-30-Word97--0-40,原件/免征目录/mf_batch30.doc,e7fa3b47858ec2035b8055bc15be00b2b26920a5e8d3cad481058a80b92ead24,False,False,False,False
TV7001BEV,0,0,2,old_only,0,0,[],[],"[""NEDC""]",[],"[""400""]",[],"[""13 "", ""13.1""]",[],"[{""eleEquivalentFuelConsumption"": ""1.5"", ""powerConsumption"": ""13.1"", ""runingRange"": ""400"", ""workConditionType"": ""NEDC""}, {""eleEquivalentFuelConsumption"": ""1.50 "", ""powerConsumption"": ""13 "", ""runingRange"": ""400"", ""workConditionType"": ""NEDC""}]",True,"[""multiple_old_consumption_raw_values""]",False,False,False,[],[],[],old-30-Word97--0-38,原件/免征目录/mf_batch30.doc,e7fa3b47858ec2035b8055bc15be00b2b26920a5e8d3cad481058a80b92ead24,False,False,False,False
UJZKX,0,0,0,not_in_observed_filtered_views,0,0,[],[],[],[],[],[],[],[],[],False,[],False,False,False,[],[],[],old-46-Word97--0-12,原件/免征目录/mf_batch46.doc,a4b2048b3d5c29a8969f0348e9fd19a3293f0c23e6f37a48bf42a2ed70c7d37d,False,False,False,False
VCC7002F01VBEV,0,0,2,old_only,0,0,[],[],"[""NEDC""]",[],"[""450""]",[],"[""17.5"", ""18 ""]",[],"[{""eleEquivalentFuelConsumption"": ""2.0"", ""powerConsumption"": ""17.5"", ""runingRange"": ""450"", ""workConditionType"": ""NEDC""}, {""eleEquivalentFuelConsumption"": ""2.00 "", ""powerConsumption"": ""18 "", ""runingRange"": ""450"", ""workConditionType"": ""NEDC""}]",True,"[""multiple_old_consumption_raw_values""]",False,False,False,[],[],[],old-32-Word97--0-15,原件/免征目录/mf_batch32.doc,ad7c65b4831a05b7c70e1e73fe834aa9beed883c66f898e799fcbbeb43cc3d75,False,False,False,False
VCC7002F02VBEV,0,0,1,old_only,0,0,[],[],"[""NEDC""]",[],"[""485""]",[],"[""14.7""]",[],"[{""eleEquivalentFuelConsumption"": ""1.7"", ""powerConsumption"": ""14.7"", ""runingRange"": ""485"", ""workConditionType"": ""NEDC""}]",True,[],False,False,False,[],[],[],old-43-Word97--0-10,原件/免征目录/mf_batch43.doc,5d5202dfe31364ec0884640d8bba22b0f640154d0bcc6154272890e604cfc01c,False,False,False,False
VCC7002F03VBEV,0,0,1,old_only,0,0,[],[],"[""NEDC""]",[],"[""565""]",[],"[""14.9""]",[],"[{""eleEquivalentFuelConsumption"": ""1.7"", ""powerConsumption"": ""14.9"", ""runingRange"": ""565"", ""workConditionType"": ""NEDC""}]",True,[],False,False,False,[],[],[],old-43-Word97--0-13,原件/免征目录/mf_batch43.doc,5d5202dfe31364ec0884640d8bba22b0f640154d0bcc6154272890e604cfc01c,False,False,False,False
VCC7002F04VBEV,0,0,2,old_only,0,0,[],[],"[""CATC"", ""NEDC""]",[],"[""512"", ""555""]",[],"[""15.7"", ""16.5""]",[],"[{""eleEquivalentFuelConsumption"": ""1.78"", ""powerConsumption"": ""15.7"", ""runingRange"": ""555"", ""workConditionType"": ""CATC""}, {""eleEquivalentFuelConsumption"": ""1.9"", ""powerConsumption"": ""16.5"", ""runingRange"": ""512"", ""workConditionType"": ""NEDC""}]",True,"[""multiple_old_cycle_codes"", ""multiple_old_range_raw_values"", ""multiple_old_consumption_raw_values""]",False,False,True,[],[],[],old-43-Word97--0-14,原件/免征目录/mf_batch43.doc,5d5202dfe31364ec0884640d8bba22b0f640154d0bcc6154272890e604cfc01c,False,False,False,False
VCC7002F05VBEV,0,0,2,old_only,0,0,[],[],"[""CATC"", ""NEDC""]",[],"[""460"", ""535""]",[],"[""16.3"", ""18.2""]",[],"[{""eleEquivalentFuelConsumption"": ""1.84"", ""powerConsumption"": ""16.3"", ""runingRange"": ""535"", ""workConditionType"": ""CATC""}, {""eleEquivalentFuelConsumption"": ""2.1"", ""powerConsumption"": ""18.2"", ""runingRange"": ""460"", ""workConditionType"": ""NEDC""}]",True,"[""multiple_old_cycle_codes"", ""multiple_old_range_raw_values"", ""multiple_old_consumption_raw_values""]",False,False,True,[],[],[],old-43-Word97--0-11,原件/免征目录/mf_batch43.doc,5d5202dfe31364ec0884640d8bba22b0f640154d0bcc6154272890e604cfc01c,False,False,False,False
VCC7002F07VBEV,0,0,1,old_only,0,0,[],[],"[""NEDC""]",[],"[""540""]",[],"[""15.9""]",[],"[{""eleEquivalentFuelConsumption"": ""1.8"", ""powerConsumption"": ""15.9"", ""runingRange"": ""540"", ""workConditionType"": ""NEDC""}]",True,[],False,False,False,[],[],[],old-43-Word97--0-8,原件/免征目录/mf_batch43.doc,5d5202dfe31364ec0884640d8bba22b0f640154d0bcc6154272890e604cfc01c,False,False,False,False
VCC7002F08VBEV,0,0,1,old_only,0,0,[],[],"[""NEDC""]",[],"[""460""]",[],"[""15.7""]",[],"[{""eleEquivalentFuelConsumption"": ""1.8"", ""powerConsumption"": ""15.7"", ""runingRange"": ""460"", ""workConditionType"": ""NEDC""}]",True,[],False,False,False,[],[],[],old-43-Word97--0-12,原件/免征目录/mf_batch43.doc,5d5202dfe31364ec0884640d8bba22b0f640154d0bcc6154272890e604cfc01c,False,False,False,False
VCC7002F09VBEV,0,0,1,old_only,0,0,[],[],"[""CATC""]",[],"[""570""]",[],"[""13.8""]",[],"[{""eleEquivalentFuelConsumption"": ""1.56"", ""powerConsumption"": ""13.8"", ""runingRange"": ""570"", ""workConditionType"": ""CATC""}]",True,[],False,False,False,[],[],[],old-47-Word97--0-23,原件/免征目录/mf_batch47.doc,fb4517fe8220b10bc435a77a5328df13c732c70b335942dfad0ae9394affe9b4,False,False,False,False
VCC7002F10VBEV,0,0,1,old_only,0,0,[],[],"[""CATC""]",[],"[""532""]",[],"[""14.5""]",[],"[{""eleEquivalentFuelConsumption"": ""1.64"", ""powerConsumption"": ""14.5"", ""runingRange"": ""532"", ""workConditionType"": ""CATC""}]",True,[],False,False,False,[],[],[],old-47-Word97--0-24,原件/免征目录/mf_batch47.doc,fb4517fe8220b10bc435a77a5328df13c732c70b335942dfad0ae9394affe9b4,False,False,False,False
VCC7002F11VBEV,0,0,1,old_only,0,0,[],[],"[""CATC""]",[],"[""640""]",[],"[""13.4""]",[],"[{""eleEquivalentFuelConsumption"": ""1.52"", ""powerConsumption"": ""13.4"", ""runingRange"": ""640"", ""workConditionType"": ""CATC""}]",True,[],False,False,False,[],[],[],old-53-Word97--0-22,原件/免征目录/mf_batch53.doc,a1f426ff77c80bce4d153fbfb6d01a7b6c6c87539f52ac4643edb7b060e21d2a,False,False,False,False
VCC7002F12VBEV,0,0,1,old_only,0,0,[],[],"[""CATC""]",[],"[""610""]",[],"[""14.1""]",[],"[{""eleEquivalentFuelConsumption"": ""1.59"", ""powerConsumption"": ""14.1"", ""runingRange"": ""610"", ""workConditionType"": ""CATC""}]",True,[],False,False,False,[],[],[],old-53-Word97--0-21,原件/免征目录/mf_batch53.doc,a1f426ff77c80bce4d153fbfb6d01a7b6c6c87539f52ac4643edb7b060e21d2a,False,False,False,False
VCC7002F21VBEV,2,2,1,both,2,0,[],"[""5""]","[""CATC""]","[""650""]","[""650""]","[""13.5""]","[""13.5""]","[""2132""]","[{""eleEquivalentFuelConsumption"": ""1.53"", ""powerConsumption"": ""13.5"", ""runingRange"": ""650"", ""workConditionType"": ""CATC""}]",True,[],False,False,False,"[""2024-04-15""]","[""2024-06-27"", ""2024-06-28""]","[""历史车型补录""]",old-64-Word97--0-17,原件/免征目录/mf_batch64.doc,c4e238989e7e40ec2c3a6a899ead170b4a745bc72546ba6fd4a5731d8890c6cb,False,False,False,False
VCC7002F22VBEV,1,1,1,both,1,0,[],"[""5""]","[""CATC""]","[""610""]","[""610""]","[""14.5""]","[""14.5""]","[""2134""]","[{""eleEquivalentFuelConsumption"": ""1.64"", ""powerConsumption"": ""14.5"", ""runingRange"": ""610"", ""workConditionType"": ""CATC""}]",True,[],False,False,False,"[""2024-04-15""]","[""2024-06-28""]","[""历史车型补录""]",old-64-Word97--0-16,原件/免征目录/mf_batch64.doc,c4e238989e7e40ec2c3a6a899ead170b4a745bc72546ba6fd4a5731d8890c6cb,False,False,False,False
VCC7002F23VBEV,0,0,1,old_only,0,0,[],[],"[""CATC""]",[],"[""780""]",[],"[""11.9""]",[],"[{""eleEquivalentFuelConsumption"": ""1.35"", ""powerConsumption"": ""11.9"", ""runingRange"": ""780"", ""workConditionType"": ""CATC""}]",True,[],False,False,False,[],[],[],old-64-Word97--0-15,原件/免征目录/mf_batch64.doc,c4e238989e7e40ec2c3a6a899ead170b4a745bc72546ba6fd4a5731d8890c6cb,False,False,False,False
VCC7002F24VBEV,0,0,1,old_only,0,0,[],[],"[""CATC""]",[],"[""740""]",[],"[""12.7""]",[],"[{""eleEquivalentFuelConsumption"": ""1.44"", ""powerConsumption"": ""12.7"", ""runingRange"": ""740"", ""workConditionType"": ""CATC""}]",True,[],False,False,False,[],[],[],old-64-Word97--0-18,原件/免征目录/mf_batch64.doc,c4e238989e7e40ec2c3a6a899ead170b4a745bc72546ba6fd4a5731d8890c6cb,False,False,False,False
VCC7002F25VBEV,0,0,1,old_only,0,0,[],[],"[""CATC""]",[],"[""670""]",[],"[""11.7""]",[],"[{""eleEquivalentFuelConsumption"": ""1.32"", ""powerConsumption"": ""11.7"", ""runingRange"": ""670"", ""workConditionType"": ""CATC""}]",True,[],False,False,False,[],[],[],old-67-Word97--0-13,原件/免征目录/mf_batch67.doc,963a02fcc1f361414f4f003c6d63e00b178d0b962134ed2206c38978f3118101,False,False,False,False
VCC7002F26VBEV,0,0,1,old_only,0,0,[],[],"[""CATC""]",[],"[""640""]",[],"[""12.4""]",[],"[{""eleEquivalentFuelConsumption"": ""1.40"", ""powerConsumption"": ""12.4"", ""runingRange"": ""640"", ""workConditionType"": ""CATC""}]",True,[],False,False,False,[],[],[],old-67-Word97--0-12,原件/免征目录/mf_batch67.doc,963a02fcc1f361414f4f003c6d63e00b178d0b962134ed2206c38978f3118101,False,False,False,False
VCC7003F01XBEV,0,0,1,old_only,0,0,[],[],"[""NEDC""]",[],"[""420""]",[],"[""18.9""]",[],"[{""eleEquivalentFuelConsumption"": ""2.1"", ""powerConsumption"": ""18.9"", ""runingRange"": ""420"", ""workConditionType"": ""NEDC""}]",True,[],False,False,False,[],[],[],old-36-Word97--0-7,原件/免征目录/mf_batch36.doc,05cfcfd9136685ad6d6e13b8228cd123cca109c26f43a4c71472016b5a610a9f,False,False,False,False
VCC7003F02XBEV,0,0,2,old_only,0,0,[],[],"[""CATC""]",[],"[""500""]",[],"[""17.2""]",[],"[{""eleEquivalentFuelConsumption"": ""1.95"", ""powerConsumption"": ""17.2"", ""runingRange"": ""500"", ""workConditionType"": ""CATC""}]",True,[],False,False,False,[],[],[],old-53-Word97--0-23,原件/免征目录/mf_batch53.doc,a1f426ff77c80bce4d153fbfb6d01a7b6c6c87539f52ac4643edb7b060e21d2a,False,False,False,False
VCC7003F03XBEV,0,0,2,old_only,0,0,[],[],"[""CATC""]",[],"[""529""]",[],"[""14.8""]",[],"[{""eleEquivalentFuelConsumption"": ""1.67"", ""powerConsumption"": ""14.8"", ""runingRange"": ""529"", ""workConditionType"": ""CATC""}]",True,[],False,False,False,[],[],[],old-47-Word97--0-22,原件/免征目录/mf_batch47.doc,fb4517fe8220b10bc435a77a5328df13c732c70b335942dfad0ae9394affe9b4,False,False,False,False
VCC7003F04XBEV,0,0,1,old_only,0,0,[],[],"[""NEDC""]",[],"[""420""]",[],"[""18.7""]",[],"[{""eleEquivalentFuelConsumption"": ""2.1"", ""powerConsumption"": ""18.7"", ""runingRange"": ""420"", ""workConditionType"": ""NEDC""}]",True,[],False,False,False,[],[],[],old-42-Word97--0-32,原件/免征目录/mf_batch42.doc,fef4fd8ea19d773d368642e51a4bdb24c148530251a2240be4ff1358d5d41fab,False,False,False,False
VCC7003F05XBEV,0,0,2,old_only,0,0,[],[],"[""CATC""]",[],"[""630""]",[],"[""14.6""]",[],"[{""eleEquivalentFuelConsumption"": ""1.65"", ""powerConsumption"": ""14.6"", ""runingRange"": ""630"", ""workConditionType"": ""CATC""}]",True,[],False,False,False,[],[],[],old-63-Word97--0-19,原件/免征目录/mf_batch63.doc,1d0f4bf9c7c1f67712e9efa3a5e3222c30d4e438653b9335aaff9714e65f8c05,False,False,False,False
VCC7003F06XBEV,0,0,2,old_only,0,0,[],[],"[""CATC""]",[],"[""660""]",[],"[""12.4""]",[],"[{""eleEquivalentFuelConsumption"": ""1.40"", ""powerConsumption"": ""12.4"", ""runingRange"": ""660"", ""workConditionType"": ""CATC""}]",True,[],False,False,False,[],[],[],old-64-Word97--0-22,原件/免征目录/mf_batch64.doc,c4e238989e7e40ec2c3a6a899ead170b4a745bc72546ba6fd4a5731d8890c6cb,False,False,False,False
VCC7003F07XBEV,0,0,2,old_only,0,0,[],[],"[""CATC""]",[],"[""640""]",[],"[""13.3""]",[],"[{""eleEquivalentFuelConsumption"": ""1.50"", ""powerConsumption"": ""13.3"", ""runingRange"": ""640"", ""workConditionType"": ""CATC""}]",True,[],False,False,False,[],[],[],old-64-Word97--0-19,原件/免征目录/mf_batch64.doc,c4e238989e7e40ec2c3a6a899ead170b4a745bc72546ba6fd4a5731d8890c6cb,False,False,False,False
VCC7003F41XBEV,0,0,2,old_only,0,0,[],[],"[""CATC""]",[],"[""530""]",[],"[""16.2""]",[],"[{""eleEquivalentFuelConsumption"": ""1.83"", ""powerConsumption"": ""16.2"", ""runingRange"": ""530"", ""workConditionType"": ""CATC""}]",True,[],False,False,False,[],[],[],old-53-Word97--0-20,原件/免征目录/mf_batch53.doc,a1f426ff77c80bce4d153fbfb6d01a7b6c6c87539f52ac4643edb7b060e21d2a,False,False,False,False
VCC7003F42XBEV,0,0,2,old_only,0,0,[],[],"[""CATC""]",[],"[""550""]",[],"[""13.8""]",[],"[{""eleEquivalentFuelConsumption"": ""1.56"", ""powerConsumption"": ""13.8"", ""runingRange"": ""550"", ""workConditionType"": ""CATC""}]",True,[],False,False,False,[],[],[],old-53-Word97--0-19,原件/免征目录/mf_batch53.doc,a1f426ff77c80bce4d153fbfb6d01a7b6c6c87539f52ac4643edb7b060e21d2a,False,False,False,False
VCC7003F43XBEV,0,0,2,old_only,0,0,[],[],"[""CATC""]",[],"[""670""]",[],"[""13.7""]",[],"[{""eleEquivalentFuelConsumption"": ""1.55"", ""powerConsumption"": ""13.7"", ""runingRange"": ""670"", ""workConditionType"": ""CATC""}]",True,[],False,False,False,[],[],[],old-63-Word97--0-20,原件/免征目录/mf_batch63.doc,1d0f4bf9c7c1f67712e9efa3a5e3222c30d4e438653b9335aaff9714e65f8c05,False,False,False,False
VCC7003F44XBEV,0,0,2,old_only,0,0,[],[],"[""CATC""]",[],"[""685""]",[],"[""11.9""]",[],"[{""eleEquivalentFuelConsumption"": ""1.35"", ""powerConsumption"": ""11.9"", ""runingRange"": ""685"", ""workConditionType"": ""CATC""}]",True,[],False,False,False,[],[],[],old-64-Word97--0-20,原件/免征目录/mf_batch64.doc,c4e238989e7e40ec2c3a6a899ead170b4a745bc72546ba6fd4a5731d8890c6cb,False,False,False,False
VCC7003F45XBEV,0,0,2,old_only,0,0,[],[],"[""CATC""]",[],"[""660""]",[],"[""12.6""]",[],"[{""eleEquivalentFuelConsumption"": ""1.43"", ""powerConsumption"": ""12.6"", ""runingRange"": ""660"", ""workConditionType"": ""CATC""}]",True,[],False,False,False,[],[],[],old-64-Word97--0-21,原件/免征目录/mf_batch64.doc,c4e238989e7e40ec2c3a6a899ead170b4a745bc72546ba6fd4a5731d8890c6cb,False,False,False,False
VCC7006F012BEV,1,1,1,both,1,0,[],"[""5""]","[""CATC""]","[""410""]","[""410""]","[""13.1""]","[""13.1""]","[""1757""]","[{""eleEquivalentFuelConsumption"": ""1.48"", ""powerConsumption"": ""13.1"", ""runingRange"": ""410"", ""workConditionType"": ""CATC""}]",True,[],False,False,False,"[""2024-05-31""]","[""2024-07-24""]","[""按新版能耗标准补充备案""]",old-70-Word97--0-18,原件/免征目录/mf_batch70.doc,29b9f5df62602e114f0ed01426c185fdb15a654022cdf16d4df624bb736ed813,False,False,False,False
VCC7006F022BEV,1,1,1,both,1,0,[],"[""5""]","[""CATC""]","[""590""]","[""590""]","[""12.7""]","[""12.7""]","[""1770""]","[{""eleEquivalentFuelConsumption"": ""1.44"", ""powerConsumption"": ""12.7"", ""runingRange"": ""590"", ""workConditionType"": ""CATC""}]",True,[],False,False,False,"[""2024-05-31""]","[""2024-07-24""]","[""按新版能耗标准补充备案""]",old-70-Word97--0-16,原件/免征目录/mf_batch70.doc,29b9f5df62602e114f0ed01426c185fdb15a654022cdf16d4df624bb736ed813,False,False,False,False
VCC7006F032BEV,2,2,1,both,2,0,[],"[""5""]","[""CATC""]","[""530"", ""540""]","[""540""]","[""13.3"", ""13.6""]","[""13.3""]","[""1885""]","[{""eleEquivalentFuelConsumption"": ""1.50"", ""powerConsumption"": ""13.3"", ""runingRange"": ""540"", ""workConditionType"": ""CATC""}]",True,"[""multiple_new_range_raw_values"", ""multiple_new_consumption_raw_values"", ""new_old_range_raw_value_sets_differ"", ""new_old_consumption_raw_value_sets_differ_units_not_normalized""]",False,False,False,"[""2024-05-31"", ""2025-06-19""]","[""2024-07-24"", ""2025-06-28""]","[""按新版能耗标准补充备案""]",old-70-Word97--0-17,原件/免征目录/mf_batch70.doc,29b9f5df62602e114f0ed01426c185fdb15a654022cdf16d4df624bb736ed813,False,False,False,False
WHJ7000BEVHH112,1,1,1,both,1,0,[],"[""5""]","[""CATC""]","[""301""]","[""301""]","[""9.4""]","[""9.4""]","[""1040""]","[{""eleEquivalentFuelConsumption"": ""1.09"", ""powerConsumption"": ""9.4"", ""runingRange"": ""301"", ""workConditionType"": ""CATC""}]",True,[],False,False,False,"[""2024-05-20""]","[""2024-07-01""]","[""新版本能耗申报""]",old-70-Word97--0-38,原件/免征目录/mf_batch70.doc,29b9f5df62602e114f0ed01426c185fdb15a654022cdf16d4df624bb736ed813,False,False,False,False
WHJ7001BEVFX11,1,1,8,both,1,0,[],"[""5""]","[""CATC"", ""NEDC""]","[""401""]","[""401""]","[""14.6""]","[""14.6"", null]","[""1620""]","[{""eleEquivalentFuelConsumption"": ""1.65"", ""powerConsumption"": ""14.6"", ""runingRange"": ""401"", ""workConditionType"": ""CATC""}, {""eleEquivalentFuelConsumption"": ""1.82"", ""runingRange"": ""401"", ""workConditionType"": ""NEDC""}]",True,"[""multiple_old_cycle_codes"", ""multiple_old_consumption_raw_values"", ""new_old_consumption_raw_value_sets_differ_units_not_normalized""]",False,False,True,"[""2022-07-20""]","[""2024-07-02""]","[""新版本能耗申报""]",old-46-Word97--0-32,原件/免征目录/mf_batch46.doc,a4b2048b3d5c29a8969f0348e9fd19a3293f0c23e6f37a48bf42a2ed70c7d37d,False,False,False,False
X100D5,0,0,0,not_in_observed_filtered_views,0,0,[],[],[],[],[],[],[],[],[],False,[],False,False,False,[],[],[],old-26-DOCX--0-75,原件/免征目录/mf_batch26.docx,de0890335ef3a4f1302a8a0735ec8b6aed52e994e2635db481820060d62248b5,False,False,False,False
X100D6,0,0,0,not_in_observed_filtered_views,0,0,[],[],[],[],[],[],[],[],[],False,[],False,False,False,[],[],[],old-26-DOCX--0-76,原件/免征目录/mf_batch26.docx,de0890335ef3a4f1302a8a0735ec8b6aed52e994e2635db481820060d62248b5,False,False,False,False
X100D7,0,0,0,not_in_observed_filtered_views,0,0,[],[],[],[],[],[],[],[],[],False,[],False,False,False,[],[],[],old-26-DOCX--0-77,原件/免征目录/mf_batch26.docx,de0890335ef3a4f1302a8a0735ec8b6aed52e994e2635db481820060d62248b5,False,False,False,False
X75D5,0,0,0,not_in_observed_filtered_views,0,0,[],[],[],[],[],[],[],[],[],False,[],False,False,False,[],[],[],old-26-DOCX--0-78,原件/免征目录/mf_batch26.docx,de0890335ef3a4f1302a8a0735ec8b6aed52e994e2635db481820060d62248b5,False,False,False,False
X75D6,0,0,0,not_in_observed_filtered_views,0,0,[],[],[],[],[],[],[],[],[],False,[],False,False,False,[],[],[],old-26-DOCX--0-79,原件/免征目录/mf_batch26.docx,de0890335ef3a4f1302a8a0735ec8b6aed52e994e2635db481820060d62248b5,False,False,False,False
X75D7,0,0,0,not_in_observed_filtered_views,0,0,[],[],[],[],[],[],[],[],[],False,[],False,False,False,[],[],[],old-26-DOCX--0-80,原件/免征目录/mf_batch26.docx,de0890335ef3a4f1302a8a0735ec8b6aed52e994e2635db481820060d62248b5,False,False,False,False
XEBM10L-AWDBSC2,0,0,1,old_only,0,0,[],[],"[""CATC""]",[],"[""614""]",[],"[""11.7""]",[],"[{""eleEquivalentFuelConsumption"": ""1.3"", ""powerConsumption"": ""11.7"", ""runingRange"": ""614"", ""workConditionType"": ""CATC""}]",True,[],False,False,False,[],[],[],old-70-Word97--0-3,原件/免征目录/mf_batch70.doc,29b9f5df62602e114f0ed01426c185fdb15a654022cdf16d4df624bb736ed813,False,False,False,False
XEBM15L-AWDBSC2,0,0,1,old_only,0,0,[],[],"[""CATC""]",[],"[""520""]",[],"[""13.3""]",[],"[{""eleEquivalentFuelConsumption"": ""1.5"", ""powerConsumption"": ""13.3"", ""runingRange"": ""520"", ""workConditionType"": ""CATC""}]",True,[],False,False,False,[],[],[],old-63-Word97--0-2,原件/免征目录/mf_batch63.doc,1d0f4bf9c7c1f67712e9efa3a5e3222c30d4e438653b9335aaff9714e65f8c05,False,False,False,False
XEBM15L-AWDLSC2,0,0,1,old_only,0,0,[],[],"[""CATC""]",[],"[""455""]",[],"[""15.2""]",[],"[{""eleEquivalentFuelConsumption"": ""1.7"", ""powerConsumption"": ""15.2"", ""runingRange"": ""455"", ""workConditionType"": ""CATC""}]",True,[],False,False,False,[],[],[],old-63-Word97--0-4,原件/免征目录/mf_batch63.doc,1d0f4bf9c7c1f67712e9efa3a5e3222c30d4e438653b9335aaff9714e65f8c05,False,False,False,False
XP100D5,0,0,0,not_in_observed_filtered_views,0,0,[],[],[],[],[],[],[],[],[],False,[],False,False,False,[],[],[],old-26-DOCX--0-81,原件/免征目录/mf_batch26.docx,de0890335ef3a4f1302a8a0735ec8b6aed52e994e2635db481820060d62248b5,False,False,False,False
XP100D6,0,0,0,not_in_observed_filtered_views,0,0,[],[],[],[],[],[],[],[],[],False,[],False,False,False,[],[],[],old-26-DOCX--0-82,原件/免征目录/mf_batch26.docx,de0890335ef3a4f1302a8a0735ec8b6aed52e994e2635db481820060d62248b5,False,False,False,False
XP100D7,0,0,0,not_in_observed_filtered_views,0,0,[],[],[],[],[],[],[],[],[],False,[],False,False,False,[],[],[],old-26-DOCX--0-83,原件/免征目录/mf_batch26.docx,de0890335ef3a4f1302a8a0735ec8b6aed52e994e2635db481820060d62248b5,False,False,False,False
YDE7000BEV1B,0,0,0,not_in_observed_filtered_views,0,0,[],[],[],[],[],[],[],[],[],False,[],False,False,False,[],[],[],old-12-PDF-grid-1-0-12,原件/免征目录/mf_batch12.pdf,afbd7133ccf901dbdc065b2ff80768450dc901def8d216cf5bb87baa98f7a1e2,False,False,False,False
YDE7000BEV1C,0,0,0,not_in_observed_filtered_views,0,0,[],[],[],[],[],[],[],[],[],False,[],False,False,False,[],[],[],old-12-PDF-grid-1-0-13,原件/免征目录/mf_batch12.pdf,afbd7133ccf901dbdc065b2ff80768450dc901def8d216cf5bb87baa98f7a1e2,False,False,False,False
YDE7000BEV1D,0,0,0,not_in_observed_filtered_views,0,0,[],[],[],[],[],[],[],[],[],False,[],False,False,False,[],[],[],old-13-PDF-grid-1-0-13,原件/免征目录/mf_batch13.pdf,e82c4f41c448edbb5269c95f2ff35d0c577f7ff0d12ff30b2d4c307a1aa31a6b,False,False,False,False
YDE7000BEV1F1,0,0,0,not_in_observed_filtered_views,0,0,[],[],[],[],[],[],[],[],[],False,[],False,False,False,[],[],[],old-19-DOCX--0-22,原件/免征目录/mf_batch19.docx,fafd1558aa0f21067847c19bdd0a95c79b919737be7b07b87c4538107fb2b8e3,False,False,False,False
YDE7000BEV1H,0,0,0,not_in_observed_filtered_views,0,0,[],[],[],[],[],[],[],[],[],False,[],False,False,False,[],[],[],old-18-Word97--0-21,原件/免征目录/mf_batch18.doc,43f5426f7f80996ee11a894710d7229c743abf7ad69ba239f61075e0a9ddd37a,False,False,False,False
YDE7000BEV1L,0,0,0,not_in_observed_filtered_views,0,0,[],[],[],[],[],[],[],[],[],False,[],False,False,False,[],[],[],old-22-Word97--0-30,原件/免征目录/mf_batch22.doc,eaf3fc1e64742af85b3d4bc90388d0a93154a497fd6c1fb9bf73b857672e1212,False,False,False,False
YDE7000BEV1M,0,0,0,not_in_observed_filtered_views,0,0,[],[],[],[],[],[],[],[],[],False,[],False,False,False,[],[],[],old-23-Word97--0-58,原件/免征目录/mf_batch23.docx,87f838de0da3ba5887f77b2bf5c1dbf5b427e7cef896309a7084c11dd8f5efa0,False,False,False,False
YDE7000BEV1N,0,0,0,not_in_observed_filtered_views,0,0,[],[],[],[],[],[],[],[],[],False,[],False,False,False,[],[],[],old-25-Word97--0-80,原件/免征目录/mf_batch25.wps,9d2abe319463522513fe9c90f98bb8d0a825b599267d0b3cc403cec9624b3297,False,False,False,False
YDE7000BEV1P,0,0,1,old_only,0,0,[],[],"[""NEDC""]",[],"[""430""]",[],[null],[],"[{""eleEquivalentFuelConsumption"": ""1.45 "", ""runingRange"": ""430"", ""workConditionType"": ""NEDC""}]",True,[],False,False,False,[],[],[],old-38-Word97--0-23,原件/免征目录/mf_batch38.doc,7c9def45fe5c40e4c5ffb483a1d1efd383c12cb16a5c4ba021d4ce28384776de,False,False,False,False
YDE7000BEV1Q,0,0,1,old_only,0,0,[],[],"[""NEDC""]",[],"[""351""]",[],[null],[],"[{""eleEquivalentFuelConsumption"": ""1.46 "", ""runingRange"": ""351"", ""workConditionType"": ""NEDC""}]",True,[],False,False,False,[],[],[],old-40-Word97--0-16,原件/免征目录/mf_batch40.doc,93047c8e87a1f45948933ee36d00160788032370ecf11b551624e0ca45ecc1d1,False,False,False,False
YDE7000BEV1R,0,0,0,not_in_observed_filtered_views,0,0,[],[],[],[],[],[],[],[],[],False,[],False,False,False,[],[],[],old-46-Word97--0-39,原件/免征目录/mf_batch46.doc,a4b2048b3d5c29a8969f0348e9fd19a3293f0c23e6f37a48bf42a2ed70c7d37d,False,False,False,False
YDE7000BEV1S,1,1,0,new_only,1,0,[],"[""5""]",[],"[""320""]",[],"[""11.3""]",[],"[""1230""]",[],False,[],False,False,False,"[""2023-02-20""]","[""2024-08-01""]","[""历史车型补录""]",old-62-Word97--0-41,原件/免征目录/mf_batch62.doc,7694ac7207998b6af7c895cdd2c1d752421df436d4b28f83195261dd47f6509c,False,False,False,False
YDE7000BEV1T,1,1,0,new_only,1,0,[],"[""5""]",[],"[""415""]",[],"[""11.8""]",[],"[""1310""]",[],False,[],False,False,False,"[""2023-02-20""]","[""2024-08-01""]","[""历史车型补录""]",old-62-Word97--0-40,原件/免征目录/mf_batch62.doc,7694ac7207998b6af7c895cdd2c1d752421df436d4b28f83195261dd47f6509c,False,False,False,False
YDE7000BEV1U,1,1,0,new_only,1,0,[],"[""5""]",[],"[""320""]",[],"[""11.3""]",[],"[""1215""]",[],False,[],False,False,False,"[""2023-08-15""]","[""2024-08-01""]","[""历史车型补录""]",old-68-Word97--0-17,原件/免征目录/mf_batch68.doc,58113d08377020d08de0aeb0e08ff63c4a4411dbe35ad69cfdd6f82fdf0fcc77,False,False,False,False
YDE7000BEV1V,1,1,0,new_only,1,0,[],"[""5""]",[],"[""280""]",[],"[""11.0""]",[],"[""1210""]",[],False,[],False,False,False,"[""2023-10-18""]","[""2024-08-01""]","[""历史车型补录""]",old-70-Word97--0-28,原件/免征目录/mf_batch70.doc,29b9f5df62602e114f0ed01426c185fdb15a654022cdf16d4df624bb736ed813,False,False,False,False
YDE7000BEV2A,0,0,0,not_in_observed_filtered_views,0,0,[],[],[],[],[],[],[],[],[],False,[],False,False,False,[],[],[],old-13-PDF-grid-1-0-14,原件/免征目录/mf_batch13.pdf,e82c4f41c448edbb5269c95f2ff35d0c577f7ff0d12ff30b2d4c307a1aa31a6b,False,False,False,False
YDE7000BEV2B,0,0,0,not_in_observed_filtered_views,0,0,[],[],[],[],[],[],[],[],[],False,[],False,False,False,[],[],[],old-13-PDF-grid-1-0-12,原件/免征目录/mf_batch13.pdf,e82c4f41c448edbb5269c95f2ff35d0c577f7ff0d12ff30b2d4c307a1aa31a6b,False,False,False,False
YDE7000BEV2C,0,0,0,not_in_observed_filtered_views,0,0,[],[],[],[],[],[],[],[],[],False,[],False,False,False,[],[],[],old-16-Word97--0-18,原件/免征目录/mf_batch16.docx,9db5ace6c1c59bd9636d48636f94fa77d2b6e0aa27b109421690ce6a8c4a3967,False,False,False,False
YDE7000BEV2D,0,0,0,not_in_observed_filtered_views,0,0,[],[],[],[],[],[],[],[],[],False,[],False,False,False,[],[],[],old-16-Word97--0-17,原件/免征目录/mf_batch16.docx,9db5ace6c1c59bd9636d48636f94fa77d2b6e0aa27b109421690ce6a8c4a3967,False,False,False,False
YDE7000BEV2H,0,0,0,not_in_observed_filtered_views,0,0,[],[],[],[],[],[],[],[],[],False,[],False,False,False,[],[],[],old-18-Word97--0-22,原件/免征目录/mf_batch18.doc,43f5426f7f80996ee11a894710d7229c743abf7ad69ba239f61075e0a9ddd37a,False,False,False,False
YDE7000BEV2L,0,0,0,not_in_observed_filtered_views,0,0,[],[],[],[],[],[],[],[],[],False,[],False,False,False,[],[],[],old-22-Word97--0-31,原件/免征目录/mf_batch22.doc,eaf3fc1e64742af85b3d4bc90388d0a93154a497fd6c1fb9bf73b857672e1212,False,False,False,False
YDE7000BEV2N,0,0,0,not_in_observed_filtered_views,0,0,[],[],[],[],[],[],[],[],[],False,[],False,False,False,[],[],[],old-26-DOCX--0-42,原件/免征目录/mf_batch26.docx,de0890335ef3a4f1302a8a0735ec8b6aed52e994e2635db481820060d62248b5,False,False,False,False
YDE7000BEV2P,0,0,0,not_in_observed_filtered_views,0,0,[],[],[],[],[],[],[],[],[],False,[],False,False,False,[],[],[],old-34-Word97--0-31,原件/免征目录/mf_batch34.doc,d5c5bb03cc5fe0f16b284048e265ad35d62c12c0416f14aef0ce026a229aa831,False,False,False,False
YDE7000BEV2Q,0,0,1,old_only,0,0,[],[],"[""NEDC""]",[],"[""401""]",[],[null],[],"[{""eleEquivalentFuelConsumption"": ""1.53 "", ""runingRange"": ""401"", ""workConditionType"": ""NEDC""}]",True,[],False,False,False,[],[],[],old-38-Word97--0-24,原件/免征目录/mf_batch38.doc,7c9def45fe5c40e4c5ffb483a1d1efd383c12cb16a5c4ba021d4ce28384776de,False,False,False,False
YDE7000BEV3A,0,0,0,not_in_observed_filtered_views,0,0,[],[],[],[],[],[],[],[],[],False,[],False,False,False,[],[],[],old-18-Word97--0-23,原件/免征目录/mf_batch18.doc,43f5426f7f80996ee11a894710d7229c743abf7ad69ba239f61075e0a9ddd37a,False,False,False,False
YEAM15L-SWDHSC2,0,0,4,old_only,0,0,[],[],"[""CATC""]",[],"[""500""]",[],"[""14.7""]",[],"[{""eleEquivalentFuelConsumption"": ""1.7"", ""powerConsumption"": ""14.7"", ""runingRange"": ""500"", ""workConditionType"": ""CATC""}]",True,[],False,False,False,[],[],[],old-71-Word97--0-2,原件/免征目录/mf_batch71.doc,b37b78b64b8ef7e12e6e95d6fd27a4a6e364c0c83ba403ffcf3bca82c60e3460,False,False,False,False
YGM6351BEV,0,0,0,not_in_observed_filtered_views,0,0,[],[],[],[],[],[],[],[],[],False,[],False,False,False,[],[],[],old-12-PDF-grid-1-0-17,原件/免征目录/mf_batch12.pdf,afbd7133ccf901dbdc065b2ff80768450dc901def8d216cf5bb87baa98f7a1e2,False,False,False,False
YGM6352BEV,0,0,0,not_in_observed_filtered_views,0,0,[],[],[],[],[],[],[],[],[],False,[],False,False,False,[],[],[],old-12-PDF-grid-1-0-19,原件/免征目录/mf_batch12.pdf,afbd7133ccf901dbdc065b2ff80768450dc901def8d216cf5bb87baa98f7a1e2,False,False,False,False
YGM6371BEV,0,0,0,not_in_observed_filtered_views,0,0,[],[],[],[],[],[],[],[],[],False,[],False,False,False,[],[],[],old-12-PDF-grid-1-0-16,原件/免征目录/mf_batch12.pdf,afbd7133ccf901dbdc065b2ff80768450dc901def8d216cf5bb87baa98f7a1e2,False,False,False,False
YGM6372BEV,0,0,0,not_in_observed_filtered_views,0,0,[],[],[],[],[],[],[],[],[],False,[],False,False,False,[],[],[],old-12-PDF-grid-1-0-18,原件/免征目录/mf_batch12.pdf,afbd7133ccf901dbdc065b2ff80768450dc901def8d216cf5bb87baa98f7a1e2,False,False,False,False
YGM7000BEV,0,0,0,not_in_observed_filtered_views,0,0,[],[],[],[],[],[],[],[],[],False,[],False,False,False,[],[],[],old-13-PDF-grid-1-0-16,原件/免征目录/mf_batch13.pdf,e82c4f41c448edbb5269c95f2ff35d0c577f7ff0d12ff30b2d4c307a1aa31a6b,False,False,False,False
YGM7000BEVA0,0,0,0,not_in_observed_filtered_views,0,0,[],[],[],[],[],[],[],[],[],False,[],False,False,False,[],[],[],old-14-Word97--0-16,原件/免征目录/mf_batch14.docx,6a48764b5ccb7c4ffa6f54daa44d3a42095b8a981fc982e774ddaaded41e9921,False,False,False,False
YGM7000BEVA4,0,0,0,not_in_observed_filtered_views,0,0,[],[],[],[],[],[],[],[],[],False,[],False,False,False,[],[],[],old-18-Word97--0-63,原件/免征目录/mf_batch18.doc,43f5426f7f80996ee11a894710d7229c743abf7ad69ba239f61075e0a9ddd37a,False,False,False,False
YGM7001BEVB,0,0,0,not_in_observed_filtered_views,0,0,[],[],[],[],[],[],[],[],[],False,[],False,False,False,[],[],[],old-20-DOCX--0-35,原件/免征目录/mf_batch20.docx,374d3f87551d75d1c163e76abb38f350ea93f8a2b8cad6174568c307d1cc0130,False,False,False,False
YGM7001BEVB1,0,0,0,not_in_observed_filtered_views,0,0,[],[],[],[],[],[],[],[],[],False,[],False,False,False,[],[],[],old-20-DOCX--0-36,原件/免征目录/mf_batch20.docx,374d3f87551d75d1c163e76abb38f350ea93f8a2b8cad6174568c307d1cc0130,False,False,False,False
YGM7002BEVB,0,0,0,not_in_observed_filtered_views,0,0,[],[],[],[],[],[],[],[],[],False,[],False,False,False,[],[],[],old-47-Word97--0-20,原件/免征目录/mf_batch47.doc,fb4517fe8220b10bc435a77a5328df13c732c70b335942dfad0ae9394affe9b4,False,False,False,False
YGM7002BEVB1,0,0,0,not_in_observed_filtered_views,0,0,[],[],[],[],[],[],[],[],[],False,[],False,False,False,[],[],[],old-47-Word97--0-19,原件/免征目录/mf_batch47.doc,fb4517fe8220b10bc435a77a5328df13c732c70b335942dfad0ae9394affe9b4,False,False,False,False
YGM7002BEVB2,0,0,0,not_in_observed_filtered_views,0,0,[],[],[],[],[],[],[],[],[],False,[],False,False,False,[],[],[],old-54-Word97--0-16,原件/免征目录/mf_batch54.doc,e4ce106fc0fb21bc61cac40ff0de97e60dff2d18b5b7d24c494bb74873312fd7,False,False,False,False
YGM7002BEVB3,0,0,0,not_in_observed_filtered_views,0,0,[],[],[],[],[],[],[],[],[],False,[],False,False,False,[],[],[],old-51-Word97--0-8,原件/免征目录/mf_batch51.doc,35411ca0ab3ef42915600b148fca6fe76bcb86f5dc3812f71d74f3ebda125ce6,False,False,False,False
YGM7002BEVB5,0,0,0,not_in_observed_filtered_views,0,0,[],[],[],[],[],[],[],[],[],False,[],False,False,False,[],[],[],old-52-Word97--0-6,原件/免征目录/mf_batch52.doc,650a1430fd7c9a9139970f857a0382498bfd368fe64a95f24c17ca3f49dfa3cc,False,False,False,False
YGM7002BEVB6,0,0,0,not_in_observed_filtered_views,0,0,[],[],[],[],[],[],[],[],[],False,[],False,False,False,[],[],[],old-51-Word97--0-13,原件/免征目录/mf_batch51.doc,35411ca0ab3ef42915600b148fca6fe76bcb86f5dc3812f71d74f3ebda125ce6,False,False,False,False
YGM7002BEVB7,0,0,0,not_in_observed_filtered_views,0,0,[],[],[],[],[],[],[],[],[],False,[],False,False,False,[],[],[],old-51-Word97--0-12,原件/免征目录/mf_batch51.doc,35411ca0ab3ef42915600b148fca6fe76bcb86f5dc3812f71d74f3ebda125ce6,False,False,False,False
YGM7003BEV,0,0,0,not_in_observed_filtered_views,0,0,[],[],[],[],[],[],[],[],[],False,[],False,False,False,[],[],[],old-13-PDF-grid-1-0-17,原件/免征目录/mf_batch13.pdf,e82c4f41c448edbb5269c95f2ff35d0c577f7ff0d12ff30b2d4c307a1aa31a6b,False,False,False,False
YGM7003BEVA1,0,0,0,not_in_observed_filtered_views,0,0,[],[],[],[],[],[],[],[],[],False,[],False,False,False,[],[],[],old-17-PDF-grid-2-0-4,原件/免征目录/mf_batch17.pdf,577a4ba9c586fe08565f6a60e6de5474698031566d8dcef484cd44335879e334,False,False,False,False
YGM7003BEVA2,0,0,0,not_in_observed_filtered_views,0,0,[],[],[],[],[],[],[],[],[],False,[],False,False,False,[],[],[],old-17-PDF-grid-2-0-5,原件/免征目录/mf_batch17.pdf,577a4ba9c586fe08565f6a60e6de5474698031566d8dcef484cd44335879e334,False,False,False,False
YGM7007BEVA1,0,0,0,not_in_observed_filtered_views,0,0,[],[],[],[],[],[],[],[],[],False,[],False,False,False,[],[],[],old-40-Word97--0-11,原件/免征目录/mf_batch40.doc,93047c8e87a1f45948933ee36d00160788032370ecf11b551624e0ca45ecc1d1,False,False,False,False
YGM7007BEVA2,0,0,0,not_in_observed_filtered_views,0,0,[],[],[],[],[],[],[],[],[],False,[],False,False,False,[],[],[],old-44-Word97--0-23,原件/免征目录/mf_batch44.doc,aea30846204f4e55c0d969450f1619e1649eb27f471d5b0a2636d0da77eb0611,False,False,False,False
YGM7007BEVA3,0,0,0,not_in_observed_filtered_views,0,0,[],[],[],[],[],[],[],[],[],False,[],False,False,False,[],[],[],old-47-Word97--0-18,原件/免征目录/mf_batch47.doc,fb4517fe8220b10bc435a77a5328df13c732c70b335942dfad0ae9394affe9b4,False,False,False,False
YGM7007BEVA4,0,0,0,not_in_observed_filtered_views,0,0,[],[],[],[],[],[],[],[],[],False,[],False,False,False,[],[],[],old-52-Word97--0-5,原件/免征目录/mf_batch52.doc,650a1430fd7c9a9139970f857a0382498bfd368fe64a95f24c17ca3f49dfa3cc,False,False,False,False
YGM7008BEVA,0,0,0,not_in_observed_filtered_views,0,0,[],[],[],[],[],[],[],[],[],False,[],False,False,False,[],[],[],old-44-Word97--0-22,原件/免征目录/mf_batch44.doc,aea30846204f4e55c0d969450f1619e1649eb27f471d5b0a2636d0da77eb0611,False,False,False,False
YGM7008BEVA1,0,0,0,not_in_observed_filtered_views,0,0,[],[],[],[],[],[],[],[],[],False,[],False,False,False,[],[],[],old-46-Word97--0-29,原件/免征目录/mf_batch46.doc,a4b2048b3d5c29a8969f0348e9fd19a3293f0c23e6f37a48bf42a2ed70c7d37d,False,False,False,False
YGM7008BEVA2,0,0,0,not_in_observed_filtered_views,0,0,[],[],[],[],[],[],[],[],[],False,[],False,False,False,[],[],[],old-51-Word97--0-9,原件/免征目录/mf_batch51.doc,35411ca0ab3ef42915600b148fca6fe76bcb86f5dc3812f71d74f3ebda125ce6,False,False,False,False
YGM7008BEVA3,0,0,0,not_in_observed_filtered_views,0,0,[],[],[],[],[],[],[],[],[],False,[],False,False,False,[],[],[],old-51-Word97--0-10,原件/免征目录/mf_batch51.doc,35411ca0ab3ef42915600b148fca6fe76bcb86f5dc3812f71d74f3ebda125ce6,False,False,False,False
YGM7009BEVBA2,0,0,1,old_only,0,0,[],[],"[""CATC""]",[],"[""335""]",[],"[""10.3""]",[],"[{""eleEquivalentFuelConsumption"": ""1.16"", ""powerConsumption"": ""10.3"", ""runingRange"": ""335"", ""workConditionType"": ""CATC""}]",True,[],False,False,False,[],[],[],old-71-Word97--0-52,原件/免征目录/mf_batch71.doc,b37b78b64b8ef7e12e6e95d6fd27a4a6e364c0c83ba403ffcf3bca82c60e3460,False,False,False,False
YQZ6420BEV,0,0,0,not_in_observed_filtered_views,0,0,[],[],[],[],[],[],[],[],[],False,[],False,False,False,[],[],[],old-20-DOCX--0-17,原件/免征目录/mf_batch20.docx,374d3f87551d75d1c163e76abb38f350ea93f8a2b8cad6174568c307d1cc0130,False,False,False,False
YQZ6490BEVY,0,0,2,old_only,0,0,[],[],"[""CATC""]",[],"[""765""]",[],"[""16.4""]",[],"[{""eleEquivalentFuelConsumption"": ""1.85"", ""powerConsumption"": ""16.4"", ""runingRange"": ""765"", ""workConditionType"": ""CATC""}]",True,[],False,False,False,[],[],[],old-63-Word97--0-17,原件/免征目录/mf_batch63.doc,1d0f4bf9c7c1f67712e9efa3a5e3222c30d4e438653b9335aaff9714e65f8c05,False,False,False,False
YQZ6491BEVY,0,0,4,old_only,0,0,[],[],"[""CATC""]",[],"[""810""]",[],"[""15.5""]",[],"[{""eleEquivalentFuelConsumption"": ""1.75"", ""powerConsumption"": ""15.5"", ""runingRange"": ""810"", ""workConditionType"": ""CATC""}]",True,[],False,False,False,[],[],[],old-63-Word97--0-16,原件/免征目录/mf_batch63.doc,1d0f4bf9c7c1f67712e9efa3a5e3222c30d4e438653b9335aaff9714e65f8c05,False,False,False,False
YQZ6492BEVY,0,0,2,old_only,0,0,[],[],"[""CATC""]",[],"[""560""]",[],"[""15.6""]",[],"[{""eleEquivalentFuelConsumption"": ""1.76"", ""powerConsumption"": ""15.6"", ""runingRange"": ""560"", ""workConditionType"": ""CATC""}]",True,[],False,False,False,[],[],[],old-63-Word97--0-15,原件/免征目录/mf_batch63.doc,1d0f4bf9c7c1f67712e9efa3a5e3222c30d4e438653b9335aaff9714e65f8c05,False,False,False,False
YQZ6520BEVHIPHI1A,0,0,20,old_only,0,0,[],[],"[""CATC"", ""NEDC""]",[],"[""550"", ""560"", ""690""]",[],"[""17.7"", ""17.8"", ""18.2""]",[],"[{""eleEquivalentFuelConsumption"": ""2.00"", ""powerConsumption"": ""17.7"", ""runingRange"": ""560"", ""workConditionType"": ""CATC""}, {""eleEquivalentFuelConsumption"": ""2.01"", ""powerConsumption"": ""17.8"", ""runingRange"": ""550"", ""workConditionType"": ""NEDC""}, {""eleEquivalentFuelConsumption"": ""2.0114"", ""powerConsumption"": ""17.8"", ""runingRange"": ""550"", ""workConditionType"": ""NEDC""}, {""eleEquivalentFuelConsumption"": ""2.06"", ""powerConsumption"": ""18.2"", ""runingRange"": ""690"", ""workConditionType"": ""CATC""}]",True,"[""multiple_old_cycle_codes"", ""multiple_old_range_raw_values"", ""multiple_old_consumption_raw_values""]",False,False,True,[],[],[],old-35-Word97--0-10,原件/免征目录/mf_batch35.wps,e4a6abd0e50daa81d029f8b37584511354700e855dc89de210fcba782b0643f0,False,False,False,False
YQZ6520BEVHIPHI1B,0,0,4,old_only,0,0,[],[],"[""NEDC""]",[],"[""610""]",[],"[""16.1""]",[],"[{""eleEquivalentFuelConsumption"": ""1.82"", ""powerConsumption"": ""16.1"", ""runingRange"": ""610"", ""workConditionType"": ""NEDC""}]",True,[],False,False,False,[],[],[],old-35-Word97--0-11,原件/免征目录/mf_batch35.wps,e4a6abd0e50daa81d029f8b37584511354700e855dc89de210fcba782b0643f0,False,False,False,False
YQZ6520BEVHIPHI1C,0,0,4,old_only,0,0,[],[],"[""NEDC""]",[],"[""520""]",[],"[""16""]",[],"[{""eleEquivalentFuelConsumption"": ""1.81 "", ""powerConsumption"": ""16"", ""runingRange"": ""520"", ""workConditionType"": ""NEDC""}, {""eleEquivalentFuelConsumption"": ""1.81"", ""powerConsumption"": ""16"", ""runingRange"": ""520"", ""workConditionType"": ""NEDC""}]",True,[],False,False,False,[],[],[],old-35-Word97--0-12,原件/免征目录/mf_batch35.wps,e4a6abd0e50daa81d029f8b37584511354700e855dc89de210fcba782b0643f0,False,False,False,False
YQZ6520BEVHIPHI1D,0,0,17,old_only,0,0,[],[],"[""CATC"", ""NEDC""]",[],"[""630"", ""650"", ""800""]",[],"[""15.5"", ""15.7"", ""16"", ""16.0""]",[],"[{""eleEquivalentFuelConsumption"": ""1.75"", ""powerConsumption"": ""15.5"", ""runingRange"": ""650"", ""workConditionType"": ""CATC""}, {""eleEquivalentFuelConsumption"": ""1.78"", ""powerConsumption"": ""15.7"", ""runingRange"": ""800"", ""workConditionType"": ""CATC""}, {""eleEquivalentFuelConsumption"": ""1.8193"", ""powerConsumption"": ""16.0"", ""runingRange"": ""630"", ""workConditionType"": ""NEDC""}, {""eleEquivalentFuelConsumption"": ""1.82"", ""powerConsumption"": ""16"", ""runingRange"": ""630"", ""workConditionType"": ""NEDC""}]",True,"[""multiple_old_cycle_codes"", ""multiple_old_range_raw_values"", ""multiple_old_consumption_raw_values""]",False,False,True,[],[],[],old-37-Word97--0-7,原件/免征目录/mf_batch37.doc,136057faede292d8070763e326c8dbdcddf3790653cc6879a13758f91556881f,False,False,False,False
YQZ6520BEVX,0,0,2,old_only,0,0,[],[],"[""CATC""]",[],"[""690""]",[],"[""18.2""]",[],"[{""eleEquivalentFuelConsumption"": ""2.06"", ""powerConsumption"": ""18.2"", ""runingRange"": ""690"", ""workConditionType"": ""CATC""}]",True,[],False,False,False,[],[],[],old-67-Word97--0-9,原件/免征目录/mf_batch67.doc,963a02fcc1f361414f4f003c6d63e00b178d0b962134ed2206c38978f3118101,False,False,False,False
YQZ6521BEVX,0,0,1,old_only,0,0,[],[],"[""CATC""]",[],"[""800""]",[],"[""15.7""]",[],"[{""eleEquivalentFuelConsumption"": ""1.78"", ""powerConsumption"": ""15.7"", ""runingRange"": ""800"", ""workConditionType"": ""CATC""}]",True,[],False,False,False,[],[],[],old-67-Word97--0-8,原件/免征目录/mf_batch67.doc,963a02fcc1f361414f4f003c6d63e00b178d0b962134ed2206c38978f3118101,False,False,False,False
YQZ6522BEVX,0,0,1,old_only,0,0,[],[],"[""CATC""]",[],"[""620""]",[],"[""15.6""]",[],"[{""eleEquivalentFuelConsumption"": ""1.76"", ""powerConsumption"": ""15.6"", ""runingRange"": ""620"", ""workConditionType"": ""CATC""}]",True,[],False,False,False,[],[],[],old-67-Word97--0-10,原件/免征目录/mf_batch67.doc,963a02fcc1f361414f4f003c6d63e00b178d0b962134ed2206c38978f3118101,False,False,False,False
YQZ7000BEVHIPHIZ,0,0,0,not_in_observed_filtered_views,0,0,[],[],[],[],[],[],[],[],[],False,[],False,False,False,[],[],[],old-57-Word97--0-20,原件/免征目录/mf_batch57.doc,96d9708a19952b23d71fc40e9976a33ae30ca118226a032954a93ab36f355f21,False,False,False,False
YQZ7000BEVZ,0,0,2,old_only,0,0,[],[],"[""CATC""]",[],"[""705""]",[],"[""17.7""]",[],"[{""eleEquivalentFuelConsumption"": ""2.00"", ""powerConsumption"": ""17.7"", ""runingRange"": ""705"", ""workConditionType"": ""CATC""}]",True,[],False,False,False,[],[],[],old-59-Word97--0-44,原件/免征目录/mf_batch59.doc,32738e2df847e0c74ff96d48b8a13e1dd9c31aee84b7c0a633e2d9c8a3e01f86,False,False,False,False
YQZ7001BEV,0,0,0,not_in_observed_filtered_views,0,0,[],[],[],[],[],[],[],[],[],False,[],False,False,False,[],[],[],old-02-PDF-grid-1-0-15,原件/免征目录/mf_batch02.pdf,0b13b4fd2de6c4de3ab0f8add88bb8d24354d05ca6af46904fe1065c53c9c519,False,False,False,False
YQZ7001BEVHIPHIZ,0,0,0,not_in_observed_filtered_views,0,0,[],[],[],[],[],[],[],[],[],False,[],False,False,False,[],[],[],old-57-Word97--0-21,原件/免征目录/mf_batch57.doc,96d9708a19952b23d71fc40e9976a33ae30ca118226a032954a93ab36f355f21,False,False,False,False
YQZ7001BEVZ,0,0,2,old_only,0,0,[],[],"[""CATC""]",[],"[""655""]",[],"[""19.1""]",[],"[{""eleEquivalentFuelConsumption"": ""2.16"", ""powerConsumption"": ""19.1"", ""runingRange"": ""655"", ""workConditionType"": ""CATC""}]",True,[],False,False,False,[],[],[],old-59-Word97--0-45,原件/免征目录/mf_batch59.doc,32738e2df847e0c74ff96d48b8a13e1dd9c31aee84b7c0a633e2d9c8a3e01f86,False,False,False,False
YQZ7002BEV,0,0,0,not_in_observed_filtered_views,0,0,[],[],[],[],[],[],[],[],[],False,[],False,False,False,[],[],[],old-10-PDF-grid-1-0-22,原件/免征目录/mf_batch10.pdf,ac1b1ad2605b4f24762fb1f01cea64b685393577d01648618fa1882bb5700ac3,False,False,False,False
YQZ7002BEVHIPHIZ,0,0,0,not_in_observed_filtered_views,0,0,[],[],[],[],[],[],[],[],[],False,[],False,False,False,[],[],[],old-57-Word97--0-22,原件/免征目录/mf_batch57.doc,96d9708a19952b23d71fc40e9976a33ae30ca118226a032954a93ab36f355f21,False,False,False,False
YQZ7002BEVZ,0,0,2,old_only,0,0,[],[],"[""CATC""]",[],"[""560""]",[],"[""17.7""]",[],"[{""eleEquivalentFuelConsumption"": ""2.00"", ""powerConsumption"": ""17.7"", ""runingRange"": ""560"", ""workConditionType"": ""CATC""}]",True,[],False,False,False,[],[],[],old-59-Word97--0-46,原件/免征目录/mf_batch59.doc,32738e2df847e0c74ff96d48b8a13e1dd9c31aee84b7c0a633e2d9c8a3e01f86,False,False,False,False
YQZ7003BEV,0,0,0,not_in_observed_filtered_views,0,0,[],[],[],[],[],[],[],[],[],False,[],False,False,False,[],[],[],old-18-Word97--0-13,原件/免征目录/mf_batch18.doc,43f5426f7f80996ee11a894710d7229c743abf7ad69ba239f61075e0a9ddd37a,False,False,False,False
YQZ7004BEV,0,0,2,old_only,0,0,[],[],"[""NEDC""]",[],"[""490""]",[],"[""12.9""]",[],"[{""eleEquivalentFuelConsumption"": ""1.46"", ""powerConsumption"": ""12.9"", ""runingRange"": ""490"", ""workConditionType"": ""NEDC""}]",True,[],False,False,False,[],[],[],old-30-Word97--0-49,原件/免征目录/mf_batch30.doc,e7fa3b47858ec2035b8055bc15be00b2b26920a5e8d3cad481058a80b92ead24,False,False,False,False
YQZ7005BEVZ,0,0,1,old_only,0,0,[],[],"[""CATC""]",[],"[""535""]",[],"[""17.7""]",[],"[{""eleEquivalentFuelConsumption"": ""2.00"", ""powerConsumption"": ""17.7"", ""runingRange"": ""535"", ""workConditionType"": ""CATC""}]",True,[],False,False,False,[],[],[],old-67-Word97--0-11,原件/免征目录/mf_batch67.doc,963a02fcc1f361414f4f003c6d63e00b178d0b962134ed2206c38978f3118101,False,False,False,False
YZ6320BEV,0,0,0,not_in_observed_filtered_views,0,0,[],[],[],[],[],[],[],[],[],False,[],False,False,False,[],[],[],old-16-Word97--0-48,原件/免征目录/mf_batch16.docx,9db5ace6c1c59bd9636d48636f94fa77d2b6e0aa27b109421690ce6a8c4a3967,False,False,False,False
YZ6450BEV,0,0,0,not_in_observed_filtered_views,0,0,[],[],[],[],[],[],[],[],[],False,[],False,False,False,[],[],[],old-16-Word97--0-47,原件/免征目录/mf_batch16.docx,9db5ace6c1c59bd9636d48636f94fa77d2b6e0aa27b109421690ce6a8c4a3967,False,False,False,False
YZ6451BEV,0,0,0,not_in_observed_filtered_views,0,0,[],[],[],[],[],[],[],[],[],False,[],False,False,False,[],[],[],old-24-Word97--0-5,原件/免征目录/mf_batch24.wps,07775a0cb063fe0fce5880b9378dd1eb2522b725d645cabdee314d604779939d,False,False,False,False
YZ6460BEV,0,0,3,old_only,0,0,[],[],"[""NEDC""]",[],"[""301""]",[],"[""15.1"", null]",[],"[{""eleEquivalentFuelConsumption"": ""1.70"", ""powerConsumption"": ""15.1"", ""runingRange"": ""301"", ""workConditionType"": ""NEDC""}, {""eleEquivalentFuelConsumption"": ""1.75"", ""runingRange"": ""301"", ""workConditionType"": ""NEDC""}]",True,"[""multiple_old_consumption_raw_values""]",False,False,False,[],[],[],old-45-Word97--0-53,原件/免征目录/mf_batch45.doc,56f5e7c5fd36e990024f8121006a76da260361f4e4660846e78255d007126f7a,False,False,False,False
YZ7001BEV,0,0,4,old_only,0,0,[],[],"[""NEDC""]",[],"[""402""]",[],[null],[],"[{""eleEquivalentFuelConsumption"": ""1.2"", ""runingRange"": ""402"", ""workConditionType"": ""NEDC""}]",True,[],False,False,False,[],[],[],old-45-Word97--0-52,原件/免征目录/mf_batch45.doc,56f5e7c5fd36e990024f8121006a76da260361f4e4660846e78255d007126f7a,False,False,False,False
YZ7001BEV1,0,0,5,old_only,0,0,[],[],"[""CATC"", ""NEDC""]",[],"[""402"", ""408""]",[],"[""10.3"", ""10.6""]",[],"[{""eleEquivalentFuelConsumption"": ""1.2"", ""powerConsumption"": ""10.3"", ""runingRange"": ""402"", ""workConditionType"": ""NEDC""}, {""eleEquivalentFuelConsumption"": ""1.20"", ""powerConsumption"": ""10.6"", ""runingRange"": ""408"", ""workConditionType"": ""CATC""}]",True,"[""multiple_old_cycle_codes"", ""multiple_old_range_raw_values"", ""multiple_old_consumption_raw_values""]",False,False,True,[],[],[],old-47-Word97--0-37,原件/免征目录/mf_batch47.doc,fb4517fe8220b10bc435a77a5328df13c732c70b335942dfad0ae9394affe9b4,False,False,False,False
YZ7001BEV2,0,0,3,old_only,0,0,[],[],"[""CATC""]",[],"[""305""]",[],"[""10.9""]",[],"[{""eleEquivalentFuelConsumption"": ""1.23"", ""powerConsumption"": ""10.9"", ""runingRange"": ""305"", ""workConditionType"": ""CATC""}]",True,[],False,False,False,[],[],[],old-54-Word97--0-10,原件/免征目录/mf_batch54.doc,e4ce106fc0fb21bc61cac40ff0de97e60dff2d18b5b7d24c494bb74873312fd7,False,False,False,False
YZ7001BEV4,0,0,1,old_only,0,0,[],[],"[""CATC""]",[],"[""302""]",[],"[""10.8""]",[],"[{""eleEquivalentFuelConsumption"": ""1.22"", ""powerConsumption"": ""10.8"", ""runingRange"": ""302"", ""workConditionType"": ""CATC""}]",True,[],False,False,False,[],[],[],old-56-Word97--0-4,原件/免征目录/mf_batch56.doc,cbffdc0819640e8f18c11a2a277b26b2e043c81406533457ff225f4df1c6c068,False,False,False,False
ZHT7000KB00EV,0,0,2,old_only,0,0,[],[],"[""NEDC""]",[],"[""368""]",[],"[""9.8""]",[],"[{""eleEquivalentFuelConsumption"": ""1.107"", ""powerConsumption"": ""9.8"", ""runingRange"": ""368"", ""workConditionType"": ""NEDC""}]",True,[],False,False,False,[],[],[],old-27-Word97--0-45,原件/免征目录/mf_batch27.doc,2bd67cf7e1efc03ae93942d0d340ffef87478709520383b6ee4d08baf843ead1,False,False,False,False
ZHT7000KD00EV,0,0,0,not_in_observed_filtered_views,0,0,[],[],[],[],[],[],[],[],[],False,[],False,False,False,[],[],[],old-27-Word97--0-46,原件/免征目录/mf_batch27.doc,2bd67cf7e1efc03ae93942d0d340ffef87478709520383b6ee4d08baf843ead1,False,False,False,False
ZHT7000KD01EV,0,0,0,not_in_observed_filtered_views,0,0,[],[],[],[],[],[],[],[],[],False,[],False,False,False,[],[],[],old-27-Word97--0-47,原件/免征目录/mf_batch27.doc,2bd67cf7e1efc03ae93942d0d340ffef87478709520383b6ee4d08baf843ead1,False,False,False,False
ZHT7000KD02EV,0,0,0,not_in_observed_filtered_views,0,0,[],[],[],[],[],[],[],[],[],False,[],False,False,False,[],[],[],old-28-Word97--0-19,原件/免征目录/mf_batch28.doc,dfe1b301a5e8373e94e0e4a2fccee3d258c56bb662e4928764a71274142acd72,False,False,False,False
ZHT7000KD06EV,0,0,0,not_in_observed_filtered_views,0,0,[],[],[],[],[],[],[],[],[],False,[],False,False,False,[],[],[],old-34-Word97--0-50,原件/免征目录/mf_batch34.doc,d5c5bb03cc5fe0f16b284048e265ad35d62c12c0416f14aef0ce026a229aa831,False,False,False,False
ZHT7000SU00EV,0,0,0,not_in_observed_filtered_views,0,0,[],[],[],[],[],[],[],[],[],False,[],False,False,False,[],[],[],old-27-Word97--0-48,原件/免征目录/mf_batch27.doc,2bd67cf7e1efc03ae93942d0d340ffef87478709520383b6ee4d08baf843ead1,False,False,False,False
ZHT7000SU02EV,0,0,0,not_in_observed_filtered_views,0,0,[],[],[],[],[],[],[],[],[],False,[],False,False,False,[],[],[],mf29-t0-r22,原件/mf_batch29.doc,8d24a01958cc6d44fa7826ecbb6a76869b9a0f2c98b97597d57af02932f2afaf,False,False,False,False
ZHT7000SU03EV,0,0,0,not_in_observed_filtered_views,0,0,[],[],[],[],[],[],[],[],[],False,[],False,False,False,[],[],[],old-35-Word97--0-14,原件/免征目录/mf_batch35.wps,e4a6abd0e50daa81d029f8b37584511354700e855dc89de210fcba782b0643f0,False,False,False,False
ZN6441V1YBEV,0,0,0,not_in_observed_filtered_views,0,0,[],[],[],[],[],[],[],[],[],False,[],False,False,False,[],[],[],old-04-PDF-grid-2-0-10,原件/免征目录/mf_batch04.pdf,7539cd299efb49a366656a4da32393075bcb03a5e10ea54e975f82f6099d9c81,False,False,False,False
ZN6450V1YBEV,0,0,0,not_in_observed_filtered_views,0,0,[],[],[],[],[],[],[],[],[],False,[],False,False,False,[],[],[],old-09-PDF-grid-3-0-19,原件/免征目录/mf_batch09.pdf,7eea7200c04fefec34f6ae6db5a1bae77f82a534348f266e95575cae051c8c8c,False,False,False,False
ZN6451V1YBEV,0,0,0,not_in_observed_filtered_views,0,0,[],[],[],[],[],[],[],[],[],False,[],False,False,False,[],[],[],old-12-PDF-grid-2-0-25,原件/免征目录/mf_batch12.pdf,afbd7133ccf901dbdc065b2ff80768450dc901def8d216cf5bb87baa98f7a1e2,False,False,False,False
ZN6452V1YBEV,0,0,0,not_in_observed_filtered_views,0,0,[],[],[],[],[],[],[],[],[],False,[],False,False,False,[],[],[],old-17-PDF-grid-2-0-22,原件/免征目录/mf_batch17.pdf,577a4ba9c586fe08565f6a60e6de5474698031566d8dcef484cd44335879e334,False,False,False,False
ZN6453V1YBEV,0,0,0,not_in_observed_filtered_views,0,0,[],[],[],[],[],[],[],[],[],False,[],False,False,False,[],[],[],old-21-DOCX--0-28,原件/免征目录/mf_batch21.docx,cd981cecffd781db646c194ab2c853b0466cc86eea0f616e95300b88932b8d9b,False,False,False,False
ZN6454V1YBEV,0,0,0,not_in_observed_filtered_views,0,0,[],[],[],[],[],[],[],[],[],False,[],False,False,False,[],[],[],old-25-Word97--0-84,原件/免征目录/mf_batch25.wps,9d2abe319463522513fe9c90f98bb8d0a825b599267d0b3cc403cec9624b3297,False,False,False,False
ZN6456V1YBEV,0,0,0,not_in_observed_filtered_views,0,0,[],[],[],[],[],[],[],[],[],False,[],False,False,False,[],[],[],old-27-Word97--0-26,原件/免征目录/mf_batch27.doc,2bd67cf7e1efc03ae93942d0d340ffef87478709520383b6ee4d08baf843ead1,False,False,False,False
ZN6493H2YBEV,0,0,0,not_in_observed_filtered_views,0,0,[],[],[],[],[],[],[],[],[],False,[],False,False,False,[],[],[],old-02-PDF-grid-2-0-4,原件/免征目录/mf_batch02.pdf,0b13b4fd2de6c4de3ab0f8add88bb8d24354d05ca6af46904fe1065c53c9c519,False,False,False,False
ZN6494H2YBEV,0,0,0,not_in_observed_filtered_views,0,0,[],[],[],[],[],[],[],[],[],False,[],False,False,False,[],[],[],old-02-PDF-grid-2-0-5,原件/免征目录/mf_batch02.pdf,0b13b4fd2de6c4de3ab0f8add88bb8d24354d05ca6af46904fe1065c53c9c519,False,False,False,False
ZN6495H2YBEV,0,0,0,not_in_observed_filtered_views,0,0,[],[],[],[],[],[],[],[],[],False,[],False,False,False,[],[],[],old-14-Word97--0-26,原件/免征目录/mf_batch14.docx,6a48764b5ccb7c4ffa6f54daa44d3a42095b8a981fc982e774ddaaded41e9921,False,False,False,False
ZN6496H2YBEV,0,0,0,not_in_observed_filtered_views,0,0,[],[],[],[],[],[],[],[],[],False,[],False,False,False,[],[],[],old-21-DOCX--0-29,原件/免征目录/mf_batch21.docx,cd981cecffd781db646c194ab2c853b0466cc86eea0f616e95300b88932b8d9b,False,False,False,False
ZN6532H5PBEV,0,0,1,old_only,0,0,[],[],"[""CATC""]",[],"[""429""]",[],"[""17.9""]",[],"[{""eleEquivalentFuelConsumption"": ""2.02"", ""powerConsumption"": ""17.9"", ""runingRange"": ""429"", ""workConditionType"": ""CATC""}]",True,[],False,False,False,[],[],[],old-63-Word97--0-27,原件/免征目录/mf_batch63.doc,1d0f4bf9c7c1f67712e9efa3a5e3222c30d4e438653b9335aaff9714e65f8c05,False,False,False,False
ZQ6420DP1BEV,0,0,0,not_in_observed_filtered_views,0,0,[],[],[],[],[],[],[],[],[],False,[],False,False,False,[],[],[],old-22-Word97--0-35,原件/免征目录/mf_batch22.doc,eaf3fc1e64742af85b3d4bc90388d0a93154a497fd6c1fb9bf73b857672e1212,False,False,False,False
